n,moyenne,ecart_type,min,P10,P25,mediane,P75,P90,P95,max
10951,5.755362569628344,3.880215678436003,-0.0,0.7806,2.5017,4.6492,8.6034,12.0996,13.2,13.6845
