n,moyenne,ecart_type,min,P10,P25,mediane,P75,P90,P95,max
11084,5.168255674846626,3.615642540556784,-0.0,0.7806,2.3092,4.7671,7.7639,10.5146,12.0996,13.6845
