n,moyenne,ecart_type,min,P10,P25,mediane,P75,P90,P95,max
581,5.296756110154905,3.661863941598221,-0.0,0.7806,2.3092,4.7671,7.9253,10.5713,12.5103,13.6845
