n,moyenne,ecart_type,min,P10,P25,mediane,P75,P90,P95,max
11122,5.14052404243841,3.597817839653319,-0.0,0.7806,2.3058,4.7671,7.73645,10.5118,11.6845,13.6845
