fichier,phrase_id,position,mot,onset,offset,POS,surprise_llm,freq_zipf,n_phones
audio01.TextGrid,1,1,he,0.760,0.880,PRP,13.2074,6.69,2
audio01.TextGrid,1,2,was,0.880,1.040,VBD,4.9565,6.82,3
audio01.TextGrid,1,3,an,1.040,1.120,DT,7.5471,6.53,2
audio01.TextGrid,1,4,old,1.120,1.410,JJ,6.4913,5.75,3
audio01.TextGrid,1,5,man,1.410,1.790,NN,2.5968,5.82,3
audio01.TextGrid,1,6,who,1.870,2.080,WP,4.6415,6.34,2
audio01.TextGrid,1,7,fished,2.080,2.410,VBD,15.6346,3.08,4
audio01.TextGrid,1,8,alone,2.410,2.770,RB,12.1740,5.16,4
audio01.TextGrid,1,9,in,2.770,2.880,IN,4.7592,7.27,2
audio01.TextGrid,1,10,a,2.880,2.950,DT,3.2375,7.36,1
audio01.TextGrid,1,11,skiff,2.950,3.410,NN,24.5083,2.63,4
audio01.TextGrid,1,12,in,3.410,3.490,IN,6.1134,7.27,2
audio01.TextGrid,1,13,the,3.490,3.590,DT,2.3474,7.73,2
audio01.TextGrid,1,14,gulf,3.590,3.900,NN,11.5035,4.28,4
audio01.TextGrid,1,15,stream,3.900,4.370,NN,14.8237,4.62,5
audio01.TextGrid,1,16,and,4.500,4.650,CC,5.6323,7.41,3
audio01.TextGrid,1,17,he,4.650,4.710,PRP,4.7981,6.69,2
audio01.TextGrid,1,18,had,4.710,4.820,VBD,5.5311,6.33,3
audio01.TextGrid,1,19,gone,4.820,5.080,VBN,9.5654,5.17,3
audio01.TextGrid,1,20,eighty,5.080,5.370,RB,15.3234,3.75,3
audio01.TextGrid,1,21,four,5.370,5.590,CD,9.2898,5.53,3
audio01.TextGrid,1,22,days,5.590,6.010,NNS,4.5151,5.61,3
audio01.TextGrid,1,23,now,6.010,6.250,RB,9.4382,6.18,2
audio01.TextGrid,1,24,without,6.250,6.550,IN,9.2522,5.69,5
audio01.TextGrid,1,25,taking,6.550,6.950,VBG,8.7509,5.39,5
audio01.TextGrid,1,26,a,6.950,7.000,DT,1.9939,7.36,1
audio01.TextGrid,1,27,fish,7.000,7.420,NN,8.2776,4.9,3
audio01.TextGrid,2,1,in,7.420,7.480,IN,10.8415,7.27,2
audio01.TextGrid,2,2,the,8.580,8.770,DT,3.0877,7.73,2
audio01.TextGrid,2,3,first,8.770,9.090,JJ,7.6241,6.11,4
audio01.TextGrid,2,4,forty,9.090,9.390,NN,17.9164,4.2,5
audio01.TextGrid,2,5,days,9.390,9.770,NNS,4.9768,5.61,3
audio01.TextGrid,2,6,a,9.770,9.820,DT,6.0290,7.36,1
audio01.TextGrid,2,7,boy,9.820,10.140,NN,10.0878,5.17,2
audio01.TextGrid,2,8,had,10.140,10.310,VBD,7.1821,6.33,3
audio01.TextGrid,2,9,been,10.310,10.450,VBN,4.0108,6.27,3
audio01.TextGrid,2,10,with,10.450,10.650,IN,7.8262,6.85,3
audio01.TextGrid,2,11,him,10.650,10.900,PRP,4.4187,6.11,3
audio01.TextGrid,2,12,but,11.200,11.340,CC,8.9272,6.63,3
audio01.TextGrid,2,13,after,11.340,11.590,IN,8.1910,6.11,4
audio01.TextGrid,2,14,forty,11.590,11.910,JJ,11.3143,4.2,5
audio01.TextGrid,2,15,days,11.910,12.270,NNS,0.9048,5.61,3
audio01.TextGrid,2,16,without,12.270,12.560,IN,10.7410,5.69,5
audio01.TextGrid,2,17,a,12.560,12.600,DT,3.8790,7.36,1
audio01.TextGrid,2,18,fish,12.600,13.030,NN,12.1274,4.9,3
audio01.TextGrid,2,19,the,13.030,13.140,DT,6.6378,7.73,2
audio01.TextGrid,2,20,boy,13.140,13.360,NN,3.9874,5.17,2
audio01.TextGrid,2,21,s,13.360,13.430,NN,5.4797,5.86,1
audio01.TextGrid,2,22,parents,13.430,13.860,NNS,26.5255,5.21,7
audio01.TextGrid,2,23,had,13.860,14.030,VBD,5.5762,6.33,3
audio01.TextGrid,2,24,told,14.030,14.280,VBN,9.0691,5.54,4
audio01.TextGrid,2,25,him,14.280,14.460,PRP,0.7918,6.11,2
audio01.TextGrid,2,26,that,14.460,14.590,IN,3.0640,7.01,3
audio01.TextGrid,2,27,the,14.590,14.720,DT,4.2157,7.73,2
audio01.TextGrid,2,28,old,14.720,14.930,JJ,8.7304,5.75,3
audio01.TextGrid,2,29,man,14.930,15.160,NN,1.8268,5.82,3
audio01.TextGrid,2,30,was,15.160,15.330,VBD,1.7621,6.82,3
audio01.TextGrid,2,31,now,15.330,15.510,RB,9.8630,6.18,2
audio01.TextGrid,2,32,definitely,15.510,16.240,RB,14.1593,4.96,9
audio01.TextGrid,2,33,and,16.240,16.390,CC,9.8732,7.41,3
audio01.TextGrid,2,34,finally,16.390,16.900,RB,6.3572,5.17,6
audio01.TextGrid,2,35,salao,16.900,17.510,VB,34.1060,0.0,5
audio01.TextGrid,2,36,which,17.890,18.080,WDT,12.4530,6.3,3
audio01.TextGrid,2,37,is,18.080,18.200,VBZ,3.5722,7.07,2
audio01.TextGrid,2,38,the,18.200,18.290,DT,3.5718,7.73,2
audio01.TextGrid,2,39,worst,18.290,18.660,JJS,5.7112,4.93,4
audio01.TextGrid,2,40,form,18.660,18.970,NN,9.6624,5.31,4
audio01.TextGrid,2,41,of,18.970,19.080,IN,0.2629,7.4,2
audio01.TextGrid,2,42,unlucky,19.080,19.670,JJ,20.0184,3.63,6
audio01.TextGrid,3,1,and,20.430,20.510,CC,13.4350,7.41,2
audio01.TextGrid,3,2,the,20.510,20.590,DT,6.4323,7.73,2
audio01.TextGrid,3,3,boy,20.590,20.890,NN,9.0131,5.17,2
audio01.TextGrid,3,4,had,20.890,21.050,VBD,7.8431,6.33,3
audio01.TextGrid,3,5,gone,21.050,21.310,VBN,8.3950,5.17,3
audio01.TextGrid,3,6,at,21.310,21.380,IN,7.6731,6.7,2
audio01.TextGrid,3,7,their,21.380,21.570,PRP$,9.8287,6.33,3
audio01.TextGrid,3,8,orders,21.570,22.040,NNS,15.9246,4.73,5
audio01.TextGrid,3,9,in,22.040,22.150,IN,5.1078,7.27,2
audio01.TextGrid,3,10,another,22.150,22.470,DT,8.8846,5.74,5
audio01.TextGrid,3,11,boat,22.470,22.840,NN,19.8132,4.71,3
audio01.TextGrid,3,12,which,22.840,23.040,WDT,9.2785,6.3,3
audio01.TextGrid,3,13,caught,23.040,23.300,VBD,12.8087,4.9,3
audio01.TextGrid,3,14,three,23.300,23.650,CD,8.7487,5.78,3
audio01.TextGrid,3,15,good,23.650,24.010,JJ,10.1426,6.12,3
audio01.TextGrid,3,16,fish,24.010,24.330,VB,10.1535,4.9,3
audio01.TextGrid,3,17,the,24.330,24.450,DT,9.2591,7.73,2
audio01.TextGrid,3,18,first,24.450,24.870,JJ,4.9882,6.11,4
audio01.TextGrid,3,19,week,24.870,25.210,NN,7.7879,5.56,3
audio01.TextGrid,4,1,it,26.510,26.640,PRP,11.0007,6.95,2
audio01.TextGrid,4,2,made,26.640,26.830,VBD,12.3673,5.92,3
audio01.TextGrid,4,3,the,26.830,26.900,DT,4.7124,7.73,2
audio01.TextGrid,4,4,boy,26.900,27.130,JJ,10.2097,5.17,2
audio01.TextGrid,4,5,sad,27.130,27.560,NN,12.0571,4.84,3
audio01.TextGrid,4,6,to,27.560,27.650,TO,2.8566,7.43,2
audio01.TextGrid,4,7,see,27.650,27.820,VB,2.0758,6.1,2
audio01.TextGrid,4,8,the,27.820,27.960,DT,3.3663,7.73,2
audio01.TextGrid,4,9,old,27.960,28.170,JJ,9.0917,5.75,3
audio01.TextGrid,4,10,man,28.170,28.400,NN,3.1679,5.82,3
audio01.TextGrid,4,11,come,28.400,28.660,VBN,5.5298,5.78,3
audio01.TextGrid,4,12,in,28.660,28.780,IN,4.8242,7.27,2
audio01.TextGrid,4,13,each,28.780,29.040,DT,11.9237,5.69,2
audio01.TextGrid,4,14,day,29.040,29.270,NN,5.8064,5.95,2
audio01.TextGrid,4,15,with,29.270,29.470,IN,5.2332,6.85,3
audio01.TextGrid,4,16,his,29.470,29.660,PRP$,1.7487,6.51,3
audio01.TextGrid,4,17,skiff,29.660,30.000,NN,20.7087,2.63,4
audio01.TextGrid,4,18,empty,30.000,30.310,NN,16.2380,4.59,4
audio01.TextGrid,4,19,and,30.620,30.730,CC,6.4847,7.41,2
audio01.TextGrid,4,20,he,30.730,30.820,PRP,3.9283,6.69,2
audio01.TextGrid,4,21,always,30.820,31.060,RB,8.1386,5.76,5
audio01.TextGrid,4,22,went,31.060,31.220,VBD,6.7949,5.5,4
audio01.TextGrid,4,23,down,31.220,31.490,RB,6.2022,5.88,3
audio01.TextGrid,4,24,to,31.490,31.630,TO,1.8024,7.43,2
audio01.TextGrid,4,25,help,31.630,31.830,VB,9.2751,5.75,4
audio01.TextGrid,4,26,him,31.830,31.980,PRP,2.9144,6.11,2
audio01.TextGrid,4,27,carry,31.980,32.450,VB,10.8966,4.89,4
audio01.TextGrid,4,28,either,32.450,32.770,CC,14.9374,5.33,3
audio01.TextGrid,4,29,the,32.770,32.870,DT,6.0593,7.73,2
audio01.TextGrid,4,30,coiled,32.870,33.340,JJ,21.7006,2.9,4
audio01.TextGrid,4,31,lines,33.340,33.920,NNS,10.7576,4.95,4
audio01.TextGrid,4,32,or,33.920,34.020,CC,5.5452,6.54,1
audio01.TextGrid,4,33,the,34.020,34.130,DT,1.0642,7.73,2
audio01.TextGrid,4,34,gaff,34.130,34.490,NN,19.2703,2.68,3
audio01.TextGrid,4,35,and,34.490,34.660,CC,8.4419,7.41,3
audio01.TextGrid,4,36,harpoon,34.660,35.270,NN,23.2370,2.83,6
audio01.TextGrid,4,37,and,35.610,35.700,CC,5.2093,7.41,2
audio01.TextGrid,4,38,the,35.700,35.800,DT,4.8154,7.73,2
audio01.TextGrid,4,39,sail,35.800,36.150,NN,10.9854,4.01,3
audio01.TextGrid,4,40,that,36.150,36.340,WDT,8.1629,7.01,3
audio01.TextGrid,4,41,was,36.340,36.520,VBD,3.9259,6.82,3
audio01.TextGrid,4,42,furled,36.520,36.960,VBN,28.5947,1.74,4
audio01.TextGrid,4,43,around,36.960,37.110,IN,8.2107,5.77,4
audio01.TextGrid,4,44,the,37.110,37.190,DT,1.8600,7.73,2
audio01.TextGrid,4,45,mast,37.190,37.760,NN,12.5173,3.52,4
audio01.TextGrid,5,1,the,38.590,38.670,DT,11.8924,7.73,2
audio01.TextGrid,5,2,sail,38.670,39.060,NN,14.7425,4.01,3
audio01.TextGrid,5,3,was,39.060,39.300,VBD,12.0448,6.82,3
audio01.TextGrid,5,4,patched,39.300,39.740,VBN,15.1813,3.19,4
audio01.TextGrid,5,5,with,39.740,39.890,IN,3.0209,6.85,3
audio01.TextGrid,5,6,flour,39.930,40.260,JJ,14.2521,4.0,4
audio01.TextGrid,5,7,sacks,40.260,40.790,NNS,17.8773,3.59,4
audio01.TextGrid,5,8,and,40.790,41.030,CC,2.9107,7.41,3
audio01.TextGrid,5,9,furled,41.330,41.910,VBD,28.1667,1.74,4
audio01.TextGrid,5,10,it,41.910,42.130,PRP,6.7622,6.95,2
audio01.TextGrid,5,11,looked,42.130,42.370,VBD,12.8999,5.11,4
audio01.TextGrid,5,12,like,42.370,42.590,IN,1.2850,6.41,3
audio01.TextGrid,5,13,the,42.630,42.730,DT,4.3275,7.73,2
audio01.TextGrid,5,14,flag,42.780,43.180,NN,11.9886,4.58,4
audio01.TextGrid,5,15,of,43.180,43.280,IN,4.4413,7.4,2
audio01.TextGrid,5,16,permanent,43.340,43.790,JJ,19.1949,4.57,8
audio01.TextGrid,5,17,defeat,43.790,44.350,NN,16.3659,4.51,5
audio01.TextGrid,6,1,the,45.910,46.010,DT,11.8924,7.73,2
audio01.TextGrid,6,2,old,46.010,46.220,JJ,9.2031,5.75,3
audio01.TextGrid,6,3,man,46.220,46.460,NN,4.4194,5.82,3
audio01.TextGrid,6,4,was,46.460,46.690,VBD,6.5310,6.82,3
audio01.TextGrid,6,5,thin,46.710,47.000,JJ,15.3757,4.47,3
audio01.TextGrid,6,6,and,47.000,47.150,CC,2.8796,7.41,3
audio01.TextGrid,6,7,gaunt,47.150,47.650,NN,17.8407,2.9,4
audio01.TextGrid,6,8,with,47.650,47.800,IN,4.5910,6.85,3
audio01.TextGrid,6,9,deep,47.800,48.110,JJ,11.9732,5.05,3
audio01.TextGrid,6,10,wrinkles,48.110,48.570,NNS,21.7656,3.31,7
audio01.TextGrid,6,11,in,48.570,48.650,IN,5.0676,7.27,2
audio01.TextGrid,6,12,the,48.650,48.730,DT,1.7506,7.73,2
audio01.TextGrid,6,13,back,48.730,49.000,NN,5.3862,6.04,3
audio01.TextGrid,6,14,of,49.000,49.090,IN,1.1117,7.4,2
audio01.TextGrid,6,15,his,49.090,49.270,PRP$,0.4551,6.51,3
audio01.TextGrid,6,16,neck,49.270,49.630,NN,8.0620,4.63,3
audio01.TextGrid,7,1,the,50.470,50.550,DT,11.8924,7.73,2
audio01.TextGrid,7,2,brown,50.550,50.840,JJ,13.5928,5.01,4
audio01.TextGrid,7,3,blotches,50.840,51.470,NNS,30.0537,2.45,7
audio01.TextGrid,7,4,of,51.470,51.570,IN,3.2003,7.4,2
audio01.TextGrid,7,5,the,51.570,51.660,DT,2.7213,7.73,2
audio01.TextGrid,7,6,benevolent,51.660,52.170,NN,23.6954,3.34,10
audio01.TextGrid,7,7,skin,52.170,52.510,NN,13.9977,4.91,4
audio01.TextGrid,7,8,cancer,52.510,52.990,NN,14.1059,4.93,5
audio01.TextGrid,7,9,the,52.990,53.100,DT,7.4910,7.73,2
audio01.TextGrid,7,10,sun,53.100,53.390,JJ,8.0752,4.97,3
audio01.TextGrid,7,11,brings,53.390,53.800,NNS,16.9240,4.61,5
audio01.TextGrid,7,12,from,53.800,53.980,IN,9.5377,6.63,4
audio01.TextGrid,7,13,its,53.980,54.170,PRP$,6.7182,6.14,3
audio01.TextGrid,7,14,reflection,54.170,54.640,NN,14.3588,4.17,9
audio01.TextGrid,7,15,on,54.640,54.780,IN,4.7786,6.91,2
audio01.TextGrid,7,16,the,54.780,54.860,DT,1.1293,7.73,2
audio01.TextGrid,7,17,tropic,54.860,55.280,NN,19.8581,2.83,6
audio01.TextGrid,7,18,sea,55.280,55.650,NN,9.4452,5.06,2
audio01.TextGrid,7,19,were,55.650,55.820,VBD,13.5574,6.34,2
audio01.TextGrid,7,20,on,55.820,55.980,IN,5.8738,6.91,2
audio01.TextGrid,7,21,his,55.980,56.160,PRP$,7.1745,6.51,3
audio01.TextGrid,7,22,cheeks,56.160,56.630,NN,18.9864,3.82,4
audio01.TextGrid,8,1,the,57.690,57.760,DT,11.8924,7.73,2
audio01.TextGrid,8,2,blotches,57.760,58.200,NNS,31.2767,2.45,7
audio01.TextGrid,8,3,ran,58.200,58.380,VBD,15.8855,4.87,3
audio01.TextGrid,8,4,well,58.380,58.610,RB,9.1855,6.03,3
audio01.TextGrid,8,5,down,58.610,58.890,IN,8.4775,5.88,3
audio01.TextGrid,8,6,the,58.890,58.980,DT,2.2364,7.73,2
audio01.TextGrid,8,7,sides,58.980,59.290,NNS,10.4613,4.73,4
audio01.TextGrid,8,8,of,59.290,59.400,IN,0.4998,7.4,2
audio01.TextGrid,8,9,his,59.400,59.600,PRP$,8.0638,6.51,3
audio01.TextGrid,8,10,face,59.600,60.070,NN,5.4184,5.45,3
audio01.TextGrid,8,11,and,60.070,60.220,CC,4.3448,7.41,3
audio01.TextGrid,8,12,his,60.220,60.410,PRP$,6.2018,6.51,3
audio01.TextGrid,8,13,hands,60.410,60.870,NNS,7.6666,5.16,4
audio01.TextGrid,8,14,had,60.870,61.020,VBD,9.7138,6.33,3
audio01.TextGrid,8,15,the,61.020,61.090,DT,5.2988,7.73,2
audio01.TextGrid,8,16,deep,61.090,61.370,JJ,10.1695,5.05,3
audio01.TextGrid,8,17,creased,61.370,61.820,JJ,24.0151,2.46,5
audio01.TextGrid,8,18,scars,61.820,62.350,NNS,14.8141,3.76,5
audio01.TextGrid,8,19,from,62.350,62.520,IN,6.7315,6.63,3
audio01.TextGrid,8,20,handling,62.520,62.900,VBG,15.8594,4.39,7
audio01.TextGrid,8,21,heavy,62.900,63.190,JJ,16.6937,4.96,4
audio01.TextGrid,8,22,fish,63.190,63.470,NN,10.1096,4.9,3
audio01.TextGrid,8,23,on,63.470,63.590,IN,4.2319,6.91,2
audio01.TextGrid,8,24,the,63.590,63.680,DT,3.4795,7.73,2
audio01.TextGrid,8,25,cords,63.680,64.240,NNS,19.2142,3.35,5
audio01.TextGrid,9,1,but,64.840,65.070,CC,16.1685,6.63,3
audio01.TextGrid,9,2,none,65.070,65.290,NN,14.8439,4.93,3
audio01.TextGrid,9,3,of,65.290,65.390,IN,0.8210,7.4,2
audio01.TextGrid,9,4,these,65.390,65.580,DT,2.9349,6.04,3
audio01.TextGrid,9,5,scars,65.580,66.030,NNS,16.5497,3.76,5
audio01.TextGrid,9,6,were,66.030,66.100,VBD,7.0865,6.34,2
audio01.TextGrid,9,7,fresh,66.100,66.570,JJ,11.5162,4.83,4
audio01.TextGrid,10,1,they,67.230,67.350,PRP,20.3883,6.5,2
audio01.TextGrid,10,2,were,67.350,67.580,VBD,5.8725,6.34,2
audio01.TextGrid,10,3,as,67.580,67.690,RB,9.0625,6.77,2
audio01.TextGrid,10,4,old,67.690,68.040,JJ,9.7550,5.75,3
audio01.TextGrid,10,5,as,68.040,68.160,IN,0.3318,6.77,2
audio01.TextGrid,10,6,erosions,68.160,68.830,NNS,25.3925,1.72,7
audio01.TextGrid,10,7,in,68.830,68.920,IN,5.2174,7.27,2
audio01.TextGrid,10,8,a,68.920,68.980,DT,4.8893,7.36,1
audio01.TextGrid,10,9,fishless,68.980,69.530,NN,27.6546,1.32,6
audio01.TextGrid,10,10,desert,69.550,70.050,NN,12.2209,4.4,5
audio01.TextGrid,11,1,everything,71.720,72.090,NN,16.6066,5.54,7
audio01.TextGrid,11,2,about,72.090,72.400,IN,5.0029,6.4,4
audio01.TextGrid,11,3,him,72.400,72.500,PRP,7.9674,6.11,2
audio01.TextGrid,11,4,was,72.500,72.650,VBD,3.7139,6.82,3
audio01.TextGrid,11,5,old,72.650,72.980,JJ,11.2942,5.75,3
audio01.TextGrid,11,6,except,72.980,73.300,IN,14.1197,5.02,6
audio01.TextGrid,11,7,his,73.300,73.450,PRP$,4.6390,6.51,3
audio01.TextGrid,11,8,eyes,73.450,73.940,NNS,6.8114,5.21,2
audio01.TextGrid,11,9,and,74.100,74.200,CC,3.4366,7.41,2
audio01.TextGrid,11,10,they,74.200,74.290,PRP,8.8802,6.5,2
audio01.TextGrid,11,11,were,74.290,74.420,VBD,2.8419,6.34,2
audio01.TextGrid,11,12,the,74.420,74.510,DT,5.3326,7.73,2
audio01.TextGrid,11,13,same,74.510,74.820,JJ,6.1653,5.8,3
audio01.TextGrid,11,14,color,74.820,75.160,NN,9.9349,4.91,4
audio01.TextGrid,11,15,as,75.160,75.290,IN,4.1034,6.77,2
audio01.TextGrid,11,16,the,75.290,75.390,DT,1.9065,7.73,2
audio01.TextGrid,11,17,sea,75.390,75.750,NN,11.5397,5.06,2
audio01.TextGrid,11,18,and,75.910,76.040,CC,5.1411,7.41,2
audio01.TextGrid,11,19,were,76.040,76.180,VBD,10.0146,6.34,2
audio01.TextGrid,11,20,cheerful,76.180,76.740,JJ,17.4471,3.6,6
audio01.TextGrid,11,21,and,76.740,76.900,CC,2.2234,7.41,3
audio01.TextGrid,11,22,undefeated,76.900,77.660,JJ,16.7761,3.62,9
audio01.TextGrid,12,1,santiago,79.390,80.080,RB,18.0153,3.66,8
audio01.TextGrid,12,2,the,80.330,80.400,DT,11.0761,7.73,2
audio01.TextGrid,12,3,boy,80.400,80.630,NN,11.6105,5.17,2
audio01.TextGrid,12,4,said,80.630,80.900,VBD,11.0614,6.01,3
audio01.TextGrid,12,5,to,80.900,81.000,TO,5.4964,7.43,2
audio01.TextGrid,12,6,him,81.000,81.130,PRP,6.2933,6.11,2
audio01.TextGrid,12,7,as,81.130,81.260,IN,8.0603,6.77,2
audio01.TextGrid,12,8,they,81.260,81.350,PRP,5.6186,6.5,2
audio01.TextGrid,12,9,climbed,81.350,81.700,VBD,11.7418,3.85,5
audio01.TextGrid,12,10,the,81.700,81.770,DT,3.6284,7.73,2
audio01.TextGrid,12,11,bank,81.770,82.110,NN,9.8874,5.16,4
audio01.TextGrid,12,12,from,82.110,82.240,IN,8.1954,6.63,3
audio01.TextGrid,12,13,where,82.240,82.360,WRB,9.8675,6.0,3
audio01.TextGrid,12,14,the,82.360,82.460,DT,2.8420,7.73,2
audio01.TextGrid,12,15,skiff,82.460,82.770,NN,20.5098,2.63,4
audio01.TextGrid,12,16,was,82.770,82.910,VBD,2.6167,6.82,3
audio01.TextGrid,12,17,hauled,82.910,83.140,VBN,21.4037,3.43,4
audio01.TextGrid,12,18,up,83.140,83.360,RP,7.1747,6.39,2
audio01.TextGrid,13,1,i,84.080,84.170,NN,5.7704,7.09,1
audio01.TextGrid,13,2,could,84.170,84.340,MD,14.7898,6.06,3
audio01.TextGrid,13,3,go,84.340,84.480,VB,7.9948,6.03,2
audio01.TextGrid,13,4,with,84.480,84.640,IN,5.4940,6.85,3
audio01.TextGrid,13,5,you,84.640,84.780,PRP,4.3857,6.98,2
audio01.TextGrid,13,6,again,84.780,85.140,RB,7.9949,5.7,4
audio01.TextGrid,13,7,we,85.330,85.420,PRP,11.4798,6.54,2
audio01.TextGrid,13,8,ve,85.420,85.480,VBP,16.6497,4.56,2
audio01.TextGrid,13,9,made,85.480,85.670,VBD,17.1400,5.92,3
audio01.TextGrid,13,10,some,85.670,85.840,DT,6.8829,6.2,3
audio01.TextGrid,13,11,money,85.840,86.220,NN,7.2303,5.64,4
audio01.TextGrid,14,1,the,87.640,87.740,DT,11.8924,7.73,2
audio01.TextGrid,14,2,old,87.740,87.970,JJ,9.2031,5.75,3
audio01.TextGrid,14,3,man,87.970,88.170,NN,4.4194,5.82,3
audio01.TextGrid,14,4,had,88.170,88.330,VBD,8.1385,6.33,3
audio01.TextGrid,14,5,taught,88.330,88.480,VBN,15.5612,4.68,3
audio01.TextGrid,14,6,the,88.480,88.590,DT,4.0171,7.73,2
audio01.TextGrid,14,7,boy,88.590,88.760,NN,8.5446,5.17,2
audio01.TextGrid,14,8,to,88.760,88.870,TO,4.2484,7.43,2
audio01.TextGrid,14,9,fish,88.870,89.240,VB,12.2185,4.9,3
audio01.TextGrid,14,10,and,89.240,89.330,CC,4.3504,7.41,2
audio01.TextGrid,14,11,the,89.330,89.400,DT,6.1009,7.73,2
audio01.TextGrid,14,12,boy,89.400,89.600,NN,2.8701,5.17,2
audio01.TextGrid,14,13,loved,89.600,89.910,VBD,7.3786,5.0,4
audio01.TextGrid,14,14,him,89.910,90.060,PRP,1.3695,6.11,2
audio01.TextGrid,15,1,no,90.830,91.140,DT,13.1520,6.35,2
audio01.TextGrid,15,2,the,91.480,91.600,DT,11.3323,7.73,2
audio01.TextGrid,15,3,old,91.600,91.790,JJ,9.7752,5.75,3
audio01.TextGrid,15,4,man,91.790,92.010,NN,4.6783,5.82,3
audio01.TextGrid,15,5,said,92.010,92.360,VBD,8.6296,6.01,3
audio01.TextGrid,16,1,you,92.900,93.040,PRP,14.0194,6.98,2
audio01.TextGrid,16,2,re,93.040,93.100,VBP,9.7938,5.23,2
audio01.TextGrid,16,3,with,93.100,93.280,IN,16.1735,6.85,3
audio01.TextGrid,16,4,a,93.280,93.360,DT,7.1527,7.36,1
audio01.TextGrid,16,5,lucky,93.360,93.670,JJ,13.3082,4.77,4
audio01.TextGrid,16,6,boat,93.670,94.070,NN,13.7541,4.71,3
audio01.TextGrid,16,7,stay,94.220,94.450,NN,14.4758,5.33,3
audio01.TextGrid,16,8,with,94.450,94.710,IN,6.1721,6.85,3
audio01.TextGrid,16,9,them,94.710,94.930,PRP,7.7133,6.19,3
audio01.TextGrid,17,1,but,96.070,96.240,CC,16.1685,6.63,3
audio01.TextGrid,17,2,remember,96.240,96.600,VB,13.2074,5.38,7
audio01.TextGrid,17,3,how,96.600,96.720,WRB,6.7699,6.24,2
audio01.TextGrid,17,4,you,96.720,96.880,PRP,4.5177,6.98,2
audio01.TextGrid,17,5,went,96.880,97.040,VBD,8.7683,5.5,4
audio01.TextGrid,17,6,eighty,97.040,97.280,VB,18.8764,3.75,3
audio01.TextGrid,17,7,seven,97.280,97.550,CD,7.9934,5.08,5
audio01.TextGrid,17,8,days,97.550,97.820,NNS,5.7178,5.61,3
audio01.TextGrid,17,9,without,97.820,98.090,IN,9.1917,5.69,5
audio01.TextGrid,17,10,fish,98.090,98.370,JJ,16.1471,4.9,3
audio01.TextGrid,17,11,and,98.630,98.710,CC,3.4340,7.41,2
audio01.TextGrid,17,12,then,98.710,98.870,RB,5.5702,6.07,3
audio01.TextGrid,17,13,we,98.870,98.960,PRP,6.0740,6.54,2
audio01.TextGrid,17,14,caught,98.960,99.170,VBD,12.2512,4.9,3
audio01.TextGrid,17,15,big,99.170,99.420,JJ,10.4399,5.67,3
audio01.TextGrid,17,16,ones,99.420,99.670,NNS,14.7519,5.07,4
audio01.TextGrid,17,17,every,99.670,99.870,DT,7.2567,5.79,4
audio01.TextGrid,17,18,day,99.870,100.040,NN,2.3561,5.95,2
audio01.TextGrid,17,19,for,100.040,100.160,IN,4.2919,7.01,2
audio01.TextGrid,17,20,three,100.160,100.390,CD,2.7009,5.78,3
audio01.TextGrid,17,21,weeks,100.390,100.780,NNS,5.6880,5.19,4
audio01.TextGrid,18,1,i,102.110,102.220,JJ,5.7704,7.09,1
audio01.TextGrid,18,2,remember,102.220,102.740,VBP,15.9334,5.38,7
audio01.TextGrid,18,3,the,102.930,103.060,DT,3.1971,7.73,2
audio01.TextGrid,18,4,old,103.060,103.240,JJ,9.8194,5.75,3
audio01.TextGrid,18,5,man,103.240,103.490,NN,5.2978,5.82,3
audio01.TextGrid,18,6,said,103.490,103.820,VBD,11.3141,6.01,3
audio01.TextGrid,19,1,i,104.350,104.480,NN,5.7704,7.09,1
audio01.TextGrid,19,2,know,104.480,104.650,VBP,13.4773,6.1,2
audio01.TextGrid,19,3,you,104.650,104.760,PRP,4.2094,6.98,2
audio01.TextGrid,19,4,did,104.760,104.950,VBD,6.2933,5.96,3
audio01.TextGrid,19,5,not,104.950,105.180,RB,4.1856,6.69,3
audio01.TextGrid,19,6,leave,105.180,105.370,VB,6.9064,5.34,3
audio01.TextGrid,19,7,me,105.370,105.480,PRP,2.4126,6.48,2
audio01.TextGrid,19,8,because,105.480,105.840,IN,8.6351,6.03,5
audio01.TextGrid,19,9,you,105.840,105.940,PRP,2.0095,6.98,2
audio01.TextGrid,19,10,doubted,105.940,106.480,VBD,12.8202,3.44,5
audio01.TextGrid,20,1,it,107.590,107.740,PRP,11.0007,6.95,2
audio01.TextGrid,20,2,was,107.740,107.930,VBD,3.5299,6.82,3
audio01.TextGrid,20,3,papa,107.930,108.250,VBN,22.3920,3.91,4
audio01.TextGrid,20,4,made,108.250,108.560,VBN,13.7723,5.92,3
audio01.TextGrid,20,5,me,108.560,108.650,PRP,9.1166,6.48,2
audio01.TextGrid,20,6,leave,108.650,109.060,VBP,10.2356,5.34,3
audio01.TextGrid,20,7,i,109.300,109.410,JJ,8.3488,7.09,1
audio01.TextGrid,20,8,am,109.410,109.510,VBP,5.3322,5.78,2
audio01.TextGrid,20,9,a,109.510,109.560,DT,3.5002,7.36,1
audio01.TextGrid,20,10,boy,109.560,109.840,NN,8.9842,5.17,2
audio01.TextGrid,20,11,and,109.840,110.030,CC,3.4964,7.41,3
audio01.TextGrid,20,12,i,110.030,110.120,NN,2.0152,7.09,1
audio01.TextGrid,20,13,must,110.120,110.360,MD,7.7419,5.68,4
audio01.TextGrid,20,14,obey,110.360,110.660,VB,12.6942,3.83,3
audio01.TextGrid,20,15,him,110.660,110.850,PRP,10.9682,6.11,3
audio01.TextGrid,21,1,i,111.730,111.850,NN,5.7704,7.09,1
audio01.TextGrid,21,2,know,111.850,112.130,VBP,13.4773,6.1,2
audio01.TextGrid,21,3,the,112.430,112.550,DT,5.1566,7.73,2
audio01.TextGrid,21,4,old,112.550,112.720,JJ,8.4256,5.75,3
audio01.TextGrid,21,5,man,112.720,112.950,NN,4.2880,5.82,3
audio01.TextGrid,21,6,said,112.950,113.310,VBD,8.7371,6.01,3
audio01.TextGrid,22,1,it,113.760,113.890,PRP,11.0007,6.95,2
audio01.TextGrid,22,2,is,113.890,114.040,VBZ,3.1662,7.07,2
audio01.TextGrid,22,3,quite,114.040,114.370,RB,13.9615,5.29,4
audio01.TextGrid,22,4,normal,114.370,114.780,JJ,9.0344,5.01,6
audio01.TextGrid,23,1,he,115.950,116.100,PRP,13.2074,6.69,2
audio01.TextGrid,23,2,hasn't,116.100,116.360,RB,17.2201,4.71,6
audio01.TextGrid,23,3,much,116.360,116.600,RB,10.1861,6.0,3
audio01.TextGrid,23,4,faith,116.600,116.980,NN,12.3187,4.82,3
audio01.TextGrid,24,1,no,117.670,118.080,DT,13.1520,6.35,2
audio01.TextGrid,24,2,the,118.360,118.470,DT,11.3323,7.73,2
audio01.TextGrid,24,3,old,118.470,118.670,JJ,9.7752,5.75,3
audio01.TextGrid,24,4,man,118.670,118.910,NN,4.6783,5.82,3
audio01.TextGrid,24,5,said,118.910,119.240,VBD,8.6296,6.01,3
audio01.TextGrid,25,1,but,119.970,120.130,CC,16.1685,6.63,3
audio01.TextGrid,25,2,we,120.130,120.350,PRP,8.1387,6.54,2
audio01.TextGrid,25,3,have,120.350,120.650,VBP,4.0517,6.71,3
audio01.TextGrid,25,4,haven,120.910,121.180,VBN,12.2595,4.13,5
audio01.TextGrid,25,5,t,121.180,121.220,NNS,5.0646,5.43,1
audio01.TextGrid,26,1,we,121.220,121.440,PRP,12.9441,6.54,2
audio01.TextGrid,26,2,yes,122.440,122.880,VBP,17.4336,5.5,3
audio01.TextGrid,26,3,the,123.010,123.090,DT,7.7519,7.73,2
audio01.TextGrid,26,4,boy,123.090,123.300,NN,10.2413,5.17,2
audio01.TextGrid,26,5,said,123.300,123.660,VBD,9.7326,6.01,3
audio01.TextGrid,27,1,can,124.250,124.450,MD,15.2669,6.46,3
audio01.TextGrid,27,2,i,124.450,124.560,VB,6.5767,7.09,1
audio01.TextGrid,27,3,offer,124.560,124.830,NN,8.8083,5.05,3
audio01.TextGrid,27,4,you,124.830,124.990,PRP,4.5675,6.98,2
audio01.TextGrid,27,5,a,124.990,125.030,DT,1.9291,7.36,1
audio01.TextGrid,27,6,beer,125.030,125.300,NN,10.7481,4.7,3
audio01.TextGrid,27,7,on,125.300,125.400,IN,7.4280,6.91,2
audio01.TextGrid,27,8,the,125.400,125.480,DT,2.9023,7.73,2
audio01.TextGrid,27,9,terrace,125.480,125.940,NN,15.8429,3.88,5
audio01.TextGrid,27,10,and,125.940,126.060,CC,4.6583,7.41,2
audio01.TextGrid,27,11,then,126.060,126.220,RB,7.9134,6.07,3
audio01.TextGrid,27,12,we,126.220,126.290,PRP,6.7711,6.54,2
audio01.TextGrid,27,13,ll,126.290,126.320,VBP,17.3355,4.66,1
audio01.TextGrid,27,14,take,126.320,126.550,VB,11.3830,5.92,3
audio01.TextGrid,27,15,the,126.550,126.610,DT,3.6853,7.73,2
audio01.TextGrid,27,16,stuff,126.610,126.890,NN,10.3205,5.14,4
audio01.TextGrid,27,17,home,126.890,127.230,NN,9.5124,5.81,3
audio01.TextGrid,28,1,why,128.170,128.360,WRB,14.8943,5.93,2
audio01.TextGrid,28,2,not,128.360,128.740,RB,6.6348,6.69,3
audio01.TextGrid,28,3,the,129.010,129.120,DT,6.1187,7.73,2
audio01.TextGrid,28,4,old,129.120,129.300,JJ,8.6096,5.75,3
audio01.TextGrid,28,5,man,129.300,129.520,NN,6.0252,5.82,3
audio01.TextGrid,28,6,said,129.520,129.890,VBD,10.4094,6.01,3
audio01.TextGrid,29,1,between,130.510,130.890,IN,18.0886,5.77,6
audio01.TextGrid,29,2,fishermen,130.890,131.500,NNS,24.6496,3.65,7
audio01.TextGrid,29,3,they,133.810,133.940,PRP,11.8922,6.5,2
audio01.TextGrid,29,4,sat,133.940,134.150,VBD,14.1468,4.64,3
audio01.TextGrid,29,5,on,134.150,134.270,IN,8.4930,6.91,2
audio01.TextGrid,29,6,the,134.270,134.360,DT,1.8945,7.73,2
audio01.TextGrid,29,7,terrace,134.360,134.820,NN,15.3211,3.88,5
audio01.TextGrid,29,8,and,134.820,135.040,CC,4.5974,7.41,3
audio01.TextGrid,29,9,many,135.040,135.290,JJ,11.4595,5.91,4
audio01.TextGrid,29,10,of,135.290,135.350,IN,3.3067,7.4,2
audio01.TextGrid,29,11,the,135.350,135.460,DT,1.7935,7.73,2
audio01.TextGrid,29,12,fishermen,135.460,135.860,NNS,8.0363,3.65,7
audio01.TextGrid,29,13,made,135.860,136.130,VBD,7.2361,5.92,3
audio01.TextGrid,29,14,fun,136.130,136.300,NN,8.2148,5.3,3
audio01.TextGrid,29,15,of,136.300,136.390,IN,1.7424,7.4,2
audio01.TextGrid,29,16,the,136.390,136.530,DT,2.8519,7.73,2
audio01.TextGrid,29,17,old,136.530,136.750,JJ,11.5575,5.75,3
audio01.TextGrid,29,18,man,136.750,137.160,NN,5.1083,5.82,3
audio01.TextGrid,29,19,and,137.280,137.450,CC,4.2647,7.41,3
audio01.TextGrid,29,20,he,137.450,137.560,PRP,5.6873,6.69,2
audio01.TextGrid,29,21,was,137.560,137.760,VBD,2.9786,6.82,3
audio01.TextGrid,29,22,not,137.760,137.950,RB,4.7647,6.69,3
audio01.TextGrid,29,23,angry,137.950,138.400,JJ,14.9412,4.66,5
audio01.TextGrid,30,1,others,138.910,139.320,NNS,17.7072,5.42,4
audio01.TextGrid,30,2,of,139.320,139.390,IN,5.9865,7.4,2
audio01.TextGrid,30,3,the,139.390,139.520,DT,0.8783,7.73,2
audio01.TextGrid,30,4,older,139.520,139.740,JJR,15.2777,4.92,4
audio01.TextGrid,30,5,fishermen,139.740,140.260,NNS,21.6059,3.65,7
audio01.TextGrid,30,6,looked,140.320,140.550,VBD,17.0870,5.11,4
audio01.TextGrid,30,7,at,140.550,140.640,IN,4.8601,6.7,2
audio01.TextGrid,30,8,him,140.640,140.790,PRP,5.3689,6.11,2
audio01.TextGrid,30,9,and,140.790,140.900,CC,4.0979,7.41,3
audio01.TextGrid,30,10,were,140.900,141.010,VBD,6.4375,6.34,2
audio01.TextGrid,30,11,sad,141.010,141.500,VBN,10.6464,4.84,3
audio01.TextGrid,30,12,but,141.850,141.980,CC,7.7251,6.63,3
audio01.TextGrid,30,13,they,141.980,142.110,PRP,4.2646,6.5,2
audio01.TextGrid,30,14,did,142.110,142.250,VBD,3.1596,5.96,3
audio01.TextGrid,30,15,not,142.250,142.430,RB,0.7722,6.69,3
audio01.TextGrid,30,16,show,142.430,142.690,VB,9.6361,5.68,2
audio01.TextGrid,30,17,it,142.690,142.830,PRP,3.7918,6.95,2
audio01.TextGrid,30,18,and,142.830,142.940,CC,5.6129,7.41,2
audio01.TextGrid,30,19,they,142.940,143.070,PRP,3.3698,6.5,2
audio01.TextGrid,30,20,spoke,143.070,143.330,VBD,12.6317,4.61,4
audio01.TextGrid,30,21,politely,143.340,143.800,RB,18.6041,3.47,7
audio01.TextGrid,30,22,about,143.800,143.990,IN,5.5522,6.4,4
audio01.TextGrid,30,23,the,143.990,144.100,DT,3.8623,7.73,2
audio01.TextGrid,30,24,current,144.100,144.590,JJ,11.2240,5.27,5
audio01.TextGrid,30,25,and,144.590,144.710,CC,7.7417,7.41,2
audio01.TextGrid,30,26,the,144.710,144.800,DT,3.4889,7.73,2
audio01.TextGrid,30,27,depths,144.800,145.190,NNS,15.4020,3.78,5
audio01.TextGrid,30,28,they,145.190,145.330,PRP,5.0356,6.5,2
audio01.TextGrid,30,29,had,145.330,145.450,VBD,3.9823,6.33,3
audio01.TextGrid,30,30,drifted,145.450,145.780,VBN,17.5464,3.41,7
audio01.TextGrid,30,31,their,145.780,145.930,PRP$,6.0007,6.33,3
audio01.TextGrid,30,32,lines,145.930,146.290,NNS,11.2057,4.95,4
audio01.TextGrid,30,33,at,146.290,146.530,IN,6.8934,6.7,2
audio01.TextGrid,30,34,and,146.920,147.000,CC,4.7137,7.41,2
audio01.TextGrid,30,35,the,147.000,147.100,DT,4.1079,7.73,2
audio01.TextGrid,30,36,steady,147.100,147.400,JJ,18.0134,4.31,5
audio01.TextGrid,30,37,good,147.400,147.600,JJ,10.8752,6.12,3
audio01.TextGrid,30,38,weather,147.600,147.980,NN,13.6837,4.87,4
audio01.TextGrid,30,39,and,148.130,148.250,CC,4.3080,7.41,2
audio01.TextGrid,30,40,of,148.250,148.360,IN,9.3389,7.4,2
audio01.TextGrid,30,41,what,148.360,148.530,WP,5.4352,6.38,3
audio01.TextGrid,30,42,they,148.530,148.630,PRP,1.8426,6.5,2
audio01.TextGrid,30,43,had,148.630,148.770,VBD,4.0038,6.33,3
audio01.TextGrid,30,44,seen,148.770,149.220,VBN,6.7737,5.52,3
audio01.TextGrid,31,1,the,150.140,150.230,DT,11.8924,7.73,2
audio01.TextGrid,31,2,successful,150.230,150.860,JJ,14.4449,4.94,9
audio01.TextGrid,31,3,fishermen,150.860,151.340,NNS,24.3971,3.65,7
audio01.TextGrid,31,4,of,151.340,151.430,IN,2.5552,7.4,2
audio01.TextGrid,31,5,that,151.430,151.640,DT,9.5791,7.01,3
audio01.TextGrid,31,6,day,151.640,151.880,NN,5.3605,5.95,2
audio01.TextGrid,31,7,were,151.880,152.070,VBD,8.3426,6.34,2
audio01.TextGrid,31,8,already,152.070,152.550,RB,10.1600,5.55,6
audio01.TextGrid,31,9,in,152.550,152.750,IN,4.4585,7.27,2
audio01.TextGrid,31,10,and,152.750,152.920,CC,9.7537,7.41,3
audio01.TextGrid,31,11,had,152.970,153.210,VBD,10.1781,6.33,3
audio01.TextGrid,31,12,butchered,153.210,153.650,VBN,21.7066,3.01,5
audio01.TextGrid,31,13,their,153.650,153.820,PRP$,7.8738,6.33,3
audio01.TextGrid,31,14,marlin,153.820,154.250,NN,18.4634,3.01,6
audio01.TextGrid,31,15,out,154.250,154.570,IN,10.1573,6.38,2
audio01.TextGrid,31,16,and,154.570,154.710,CC,4.8072,7.41,2
audio01.TextGrid,31,17,carried,154.710,155.100,VBD,11.6178,4.77,5
audio01.TextGrid,31,18,them,155.100,155.360,PRP,5.2710,6.19,3
audio01.TextGrid,31,19,laid,155.360,155.680,JJS,19.2343,4.56,3
audio01.TextGrid,31,20,full,155.680,155.900,JJ,11.8851,5.54,3
audio01.TextGrid,31,21,length,155.900,156.270,NN,14.4002,4.77,4
audio01.TextGrid,31,22,across,156.270,156.630,IN,13.5899,5.25,5
audio01.TextGrid,31,23,two,156.630,156.750,CD,10.1753,6.1,2
audio01.TextGrid,31,24,planks,156.750,157.460,NNS,18.8325,3.13,6
audio01.TextGrid,31,25,with,157.510,157.630,IN,6.2382,6.85,3
audio01.TextGrid,31,26,two,157.630,157.860,CD,7.1232,6.1,2
audio01.TextGrid,31,27,men,157.860,158.130,NNS,7.2439,5.51,3
audio01.TextGrid,31,28,staggering,158.130,158.780,VBG,17.1616,3.5,7
audio01.TextGrid,31,29,at,158.780,158.840,IN,4.6343,6.7,2
audio01.TextGrid,31,30,the,158.840,159.010,DT,2.4564,7.73,2
audio01.TextGrid,31,31,end,159.010,159.120,NN,4.3521,5.68,3
audio01.TextGrid,31,32,of,159.120,159.210,IN,1.5952,7.4,2
audio01.TextGrid,31,33,each,159.210,159.420,DT,11.7096,5.69,2
audio01.TextGrid,31,34,plank,159.420,159.800,NN,4.1388,3.46,5
audio01.TextGrid,32,1,to,160.210,160.320,TO,12.1719,7.43,2
audio01.TextGrid,32,2,the,160.320,160.420,DT,5.9437,7.73,2
audio01.TextGrid,32,3,fish,160.420,160.670,NN,14.0035,4.9,3
audio01.TextGrid,32,4,house,160.670,161.020,NN,10.3949,5.71,3
audio01.TextGrid,32,5,where,161.020,161.120,WRB,9.4163,6.0,3
audio01.TextGrid,32,6,they,161.120,161.200,PRP,4.5905,6.5,2
audio01.TextGrid,32,7,waited,161.200,161.490,VBD,13.9973,4.26,5
audio01.TextGrid,32,8,for,161.490,161.590,IN,2.4570,7.01,2
audio01.TextGrid,32,9,the,161.590,161.740,DT,2.5768,7.73,2
audio01.TextGrid,32,10,ice,161.740,161.970,JJ,12.0479,5.0,2
audio01.TextGrid,32,11,truck,161.970,162.170,NN,10.4528,4.64,4
audio01.TextGrid,32,12,to,162.170,162.290,TO,2.9576,7.43,2
audio01.TextGrid,32,13,carry,162.290,162.560,VB,8.1977,4.89,4
audio01.TextGrid,32,14,them,162.560,162.710,PRP,0.7886,6.19,3
audio01.TextGrid,32,15,to,162.710,162.840,TO,3.2480,7.43,2
audio01.TextGrid,32,16,the,162.840,162.930,DT,2.4908,7.73,2
audio01.TextGrid,32,17,market,162.930,163.320,NN,11.0389,5.29,6
audio01.TextGrid,32,18,in,163.320,163.440,IN,5.7238,7.27,2
audio01.TextGrid,32,19,havana,163.440,163.900,NN,15.6546,3.53,6
audio01.TextGrid,33,1,those,165.050,165.310,DT,17.8522,5.9,3
audio01.TextGrid,33,2,who,165.310,165.380,WP,3.0328,6.34,2
audio01.TextGrid,33,3,had,165.380,165.480,VBD,6.8260,6.33,3
audio01.TextGrid,33,4,caught,165.480,165.760,VBN,12.2269,4.9,3
audio01.TextGrid,33,5,sharks,165.760,166.180,NNS,16.1966,3.96,5
audio01.TextGrid,33,6,had,166.180,166.350,VBD,8.5972,6.33,3
audio01.TextGrid,33,7,taken,166.350,166.610,VBN,12.1093,5.33,5
audio01.TextGrid,33,8,them,166.610,166.730,PRP,4.7034,6.19,3
audio01.TextGrid,33,9,to,166.730,166.830,TO,3.2564,7.43,2
audio01.TextGrid,33,10,the,166.830,166.930,DT,2.7896,7.73,2
audio01.TextGrid,33,11,shark,166.930,167.240,NN,7.6706,4.1,4
audio01.TextGrid,33,12,factory,167.240,167.710,NN,14.5639,4.55,6
audio01.TextGrid,33,13,on,167.710,167.800,IN,7.1523,6.91,2
audio01.TextGrid,33,14,the,167.800,167.930,DT,2.0818,7.73,2
audio01.TextGrid,33,15,other,167.930,168.100,JJ,6.4989,6.16,3
audio01.TextGrid,33,16,side,168.100,168.340,NN,5.4560,5.5,3
audio01.TextGrid,33,17,of,168.340,168.410,IN,1.0988,7.4,2
audio01.TextGrid,33,18,the,168.410,168.490,DT,0.3917,7.73,2
audio01.TextGrid,33,19,cove,168.490,168.980,NN,14.6343,3.64,3
audio01.TextGrid,33,20,where,168.980,169.120,WRB,5.9863,6.0,4
audio01.TextGrid,33,21,they,169.120,169.200,PRP,0.9349,6.5,2
audio01.TextGrid,33,22,were,169.200,169.370,VBD,2.9384,6.34,2
audio01.TextGrid,33,23,hoisted,169.370,169.750,VBN,20.9040,2.98,6
audio01.TextGrid,33,24,on,169.750,169.870,IN,3.4027,6.91,2
audio01.TextGrid,33,25,a,169.870,169.920,DT,4.5296,7.36,1
audio01.TextGrid,33,26,block,169.920,170.220,NN,8.9369,4.88,4
audio01.TextGrid,33,27,and,170.220,170.370,CC,3.6232,7.41,3
audio01.TextGrid,33,28,tackle,170.370,170.760,VB,12.9043,4.15,5
audio01.TextGrid,33,29,their,171.110,171.270,PRP$,5.2052,6.33,3
audio01.TextGrid,33,30,livers,171.270,171.610,NNS,18.3260,2.78,5
audio01.TextGrid,33,31,removed,171.610,172.110,VBD,16.1053,4.79,6
audio01.TextGrid,33,32,their,172.430,172.580,PRP$,8.7255,6.33,3
audio01.TextGrid,33,33,fins,172.580,173.020,NNS,15.0895,3.36,4
audio01.TextGrid,33,34,cut,173.020,173.210,VBN,10.8477,5.24,3
audio01.TextGrid,33,35,off,173.210,173.530,RB,2.2696,5.93,2
audio01.TextGrid,33,36,and,173.530,173.600,CC,4.1102,7.41,2
audio01.TextGrid,33,37,their,173.600,173.790,PRP$,6.0998,6.33,3
audio01.TextGrid,33,38,hides,173.790,174.190,NNS,12.7663,3.69,4
audio01.TextGrid,33,39,skinned,174.190,174.590,VBN,20.8533,3.54,5
audio01.TextGrid,33,40,out,174.590,174.920,RP,5.0996,6.38,2
audio01.TextGrid,33,41,and,174.920,175.000,CC,3.8219,7.41,2
audio01.TextGrid,33,42,their,175.000,175.170,PRP$,4.3558,6.33,3
audio01.TextGrid,33,43,flesh,175.170,175.570,JJ,12.3174,4.2,4
audio01.TextGrid,33,44,cut,175.570,175.780,VBN,6.3230,5.24,3
audio01.TextGrid,33,45,into,175.780,175.980,IN,5.6210,6.11,4
audio01.TextGrid,33,46,strips,175.980,176.370,NNS,19.4530,3.86,6
audio01.TextGrid,33,47,for,176.370,176.480,IN,7.0216,7.01,2
audio01.TextGrid,33,48,salting,176.480,177.010,VBG,23.0351,2.46,6
audio02.TextGrid,1,1,when,1.170,1.310,WRB,14.5784,6.37,4
audio02.TextGrid,1,2,the,1.310,1.370,DT,6.8679,7.73,2
audio02.TextGrid,1,3,wind,1.370,1.610,NN,12.0874,4.84,4
audio02.TextGrid,1,4,was,1.610,1.770,VBD,9.6287,6.82,3
audio02.TextGrid,1,5,in,1.770,1.870,IN,6.6648,7.27,2
audio02.TextGrid,1,6,the,1.870,1.990,DT,2.7806,7.73,2
audio02.TextGrid,1,7,east,1.990,2.360,NN,8.8039,5.16,3
audio02.TextGrid,1,8,a,2.360,2.420,DT,5.5952,7.36,1
audio02.TextGrid,1,9,smell,2.420,2.710,NN,17.9159,4.49,4
audio02.TextGrid,1,10,came,2.710,2.960,VBD,12.6147,5.5,3
audio02.TextGrid,1,11,across,2.960,3.300,IN,10.5521,5.25,5
audio02.TextGrid,1,12,the,3.300,3.390,DT,1.0724,7.73,2
audio02.TextGrid,1,13,harbour,3.390,3.680,NN,13.1240,3.98,5
audio02.TextGrid,1,14,from,3.680,3.830,IN,7.9638,6.63,3
audio02.TextGrid,1,15,the,3.830,3.910,DT,1.8522,7.73,2
audio02.TextGrid,1,16,shark,3.910,4.220,NN,12.8194,4.1,4
audio02.TextGrid,1,17,factory,4.230,4.760,NN,13.6839,4.55,6
audio02.TextGrid,2,1,but,5.250,5.370,CC,16.1685,6.63,3
audio02.TextGrid,2,2,today,5.370,5.660,NN,12.5780,5.55,4
audio02.TextGrid,2,3,there,5.660,5.770,RB,7.6184,6.31,3
audio02.TextGrid,2,4,was,5.770,5.920,VBD,3.7814,6.82,3
audio02.TextGrid,2,5,only,5.920,6.150,RB,8.7182,6.12,4
audio02.TextGrid,2,6,the,6.150,6.240,DT,6.2653,7.73,2
audio02.TextGrid,2,7,faint,6.240,6.570,NN,15.7511,3.78,4
audio02.TextGrid,2,8,edge,6.570,6.760,NN,18.2201,4.74,2
audio02.TextGrid,2,9,of,6.760,6.830,IN,1.4802,7.4,2
audio02.TextGrid,2,10,the,6.830,7.020,DT,2.4669,7.73,2
audio02.TextGrid,2,11,odour,7.020,7.260,NN,26.9560,2.96,4
audio02.TextGrid,2,12,because,7.260,7.740,IN,13.9515,6.03,5
audio02.TextGrid,2,13,the,7.760,7.850,DT,3.3011,7.73,2
audio02.TextGrid,2,14,wind,7.850,8.120,NN,9.5362,4.84,4
audio02.TextGrid,2,15,had,8.120,8.250,VBD,13.6404,6.33,3
audio02.TextGrid,2,16,backed,8.250,8.530,VBN,15.1924,4.26,4
audio02.TextGrid,2,17,into,8.530,8.680,IN,5.3799,6.11,4
audio02.TextGrid,2,18,the,8.680,8.790,DT,1.6428,7.73,2
audio02.TextGrid,2,19,north,8.790,9.170,NN,9.3409,5.34,4
audio02.TextGrid,2,20,and,9.170,9.280,CC,5.2012,7.41,2
audio02.TextGrid,2,21,then,9.280,9.500,RB,5.7421,6.07,3
audio02.TextGrid,2,22,dropped,9.500,9.810,VBD,12.3098,4.73,5
audio02.TextGrid,2,23,off,9.810,10.120,IN,3.7162,5.93,2
audio02.TextGrid,2,24,and,10.230,10.360,CC,4.8434,7.41,3
audio02.TextGrid,2,25,it,10.360,10.470,PRP,5.8930,6.95,2
audio02.TextGrid,2,26,was,10.470,10.590,VBD,1.3251,6.82,3
audio02.TextGrid,2,27,pleasant,10.590,11.000,JJ,16.2561,4.22,7
audio02.TextGrid,2,28,and,11.000,11.130,CC,2.7291,7.41,3
audio02.TextGrid,2,29,sunny,11.130,11.480,JJ,14.6357,4.07,4
audio02.TextGrid,2,30,on,11.480,11.600,IN,7.9401,6.91,2
audio02.TextGrid,2,31,the,11.600,11.690,DT,1.1146,7.73,2
audio02.TextGrid,2,32,terrace,11.690,12.190,NN,16.6429,3.88,5
audio02.TextGrid,2,33,santiago,13.870,14.470,VBD,24.1850,3.66,8
audio02.TextGrid,2,34,the,14.590,14.700,DT,5.8960,7.73,2
audio02.TextGrid,2,35,boy,14.700,14.900,NN,11.0560,5.17,2
audio02.TextGrid,2,36,said,14.900,15.270,VBD,8.0951,6.01,3
audio02.TextGrid,3,1,yes,16.000,16.470,RB,15.5535,5.5,3
audio02.TextGrid,3,2,the,16.640,16.740,DT,8.4574,7.73,2
audio02.TextGrid,3,3,old,16.740,16.910,JJ,9.1376,5.75,3
audio02.TextGrid,3,4,man,16.910,17.130,NN,3.9891,5.82,3
audio02.TextGrid,3,5,said,17.130,17.450,VBD,8.4821,6.01,3
audio02.TextGrid,4,1,he,17.960,18.040,PRP,13.2074,6.69,2
audio02.TextGrid,4,2,was,18.040,18.170,VBD,4.9565,6.82,3
audio02.TextGrid,4,3,holding,18.170,18.450,VBG,12.6648,4.89,6
audio02.TextGrid,4,4,his,18.450,18.590,PRP$,3.6826,6.51,3
audio02.TextGrid,4,5,glass,18.590,19.060,NN,9.7868,4.85,4
audio02.TextGrid,4,6,and,19.060,19.200,CC,4.4426,7.41,3
audio02.TextGrid,4,7,thinking,19.200,19.510,NN,10.5741,5.24,6
audio02.TextGrid,4,8,of,19.510,19.630,IN,2.9553,7.4,2
audio02.TextGrid,4,9,many,19.630,19.830,JJ,11.9973,5.91,4
audio02.TextGrid,4,10,years,19.830,20.150,NNS,7.2016,5.96,3
audio02.TextGrid,4,11,ago,20.150,20.490,RB,5.6965,5.42,3
audio02.TextGrid,5,1,can,22.130,22.260,MD,15.2669,6.46,3
audio02.TextGrid,5,2,i,22.260,22.340,VB,6.5767,7.09,1
audio02.TextGrid,5,3,go,22.340,22.510,VB,6.1579,6.03,2
audio02.TextGrid,5,4,out,22.510,22.630,RP,4.5155,6.38,2
audio02.TextGrid,5,5,to,22.630,22.700,TO,2.8222,7.43,2
audio02.TextGrid,5,6,get,22.700,22.890,VB,7.7876,6.28,3
audio02.TextGrid,5,7,sardines,22.890,23.370,NNS,24.9216,2.93,7
audio02.TextGrid,5,8,for,23.370,23.470,IN,5.5896,7.01,2
audio02.TextGrid,5,9,you,23.470,23.540,PRP,6.4277,6.98,2
audio02.TextGrid,5,10,for,23.540,23.610,IN,7.7741,7.01,2
audio02.TextGrid,5,11,tomorrow,23.610,24.040,NN,11.6791,5.02,6
audio02.TextGrid,6,1,no,24.830,25.090,DT,13.1520,6.35,2
audio02.TextGrid,6,2,go,25.870,26.060,NN,9.3103,6.03,2
audio02.TextGrid,6,3,and,26.060,26.120,CC,9.1223,7.41,2
audio02.TextGrid,6,4,play,26.120,26.340,VB,9.1399,5.61,3
audio02.TextGrid,6,5,baseball,26.340,27.010,NN,13.3797,4.54,6
audio02.TextGrid,6,6,i,27.240,27.360,NN,9.2421,7.09,1
audio02.TextGrid,6,7,can,27.360,27.540,MD,6.9410,6.46,3
audio02.TextGrid,6,8,still,27.540,27.930,RB,8.2456,5.92,4
audio02.TextGrid,6,9,row,27.930,28.280,VB,14.8297,4.6,2
audio02.TextGrid,6,10,and,28.280,28.640,CC,5.7745,7.41,3
audio02.TextGrid,6,11,rogelio,28.640,29.170,VB,37.6997,2.4,7
audio02.TextGrid,6,12,will,29.170,29.340,MD,8.3438,6.45,3
audio02.TextGrid,6,13,throw,29.340,29.550,VB,10.5804,4.83,3
audio02.TextGrid,6,14,the,29.550,29.650,DT,4.0132,7.73,2
audio02.TextGrid,6,15,net,29.650,29.940,JJ,11.5021,4.76,3
audio02.TextGrid,7,1,i,31.340,31.450,NN,5.7704,7.09,1
audio02.TextGrid,7,2,would,31.450,31.580,MD,14.5284,6.27,3
audio02.TextGrid,7,3,like,31.580,31.750,VB,1.4958,6.41,3
audio02.TextGrid,7,4,to,31.750,31.840,TO,0.4252,7.43,2
audio02.TextGrid,7,5,go,31.840,32.170,VB,6.8462,6.03,2
audio02.TextGrid,7,6,if,32.450,32.580,IN,10.0889,6.47,2
audio02.TextGrid,7,7,i,32.580,32.660,JJ,1.7611,7.09,1
audio02.TextGrid,7,8,cannot,32.660,33.010,VBP,12.6099,5.11,5
audio02.TextGrid,7,9,fish,33.010,33.270,JJ,15.1080,4.9,3
audio02.TextGrid,7,10,with,33.270,33.410,IN,4.9822,6.85,3
audio02.TextGrid,7,11,you,33.410,33.620,PRP,2.9519,6.98,2
audio02.TextGrid,7,12,i,33.620,33.670,VBP,7.9473,7.09,1
audio02.TextGrid,7,13,would,33.670,33.840,MD,1.9261,6.27,3
audio02.TextGrid,7,14,like,33.840,33.970,VB,0.0652,6.41,3
audio02.TextGrid,7,15,to,33.970,34.040,TO,0.0171,7.43,2
audio02.TextGrid,7,16,serve,34.040,34.320,VB,15.3629,4.85,3
audio02.TextGrid,7,17,in,34.320,34.430,IN,6.9589,7.27,2
audio02.TextGrid,7,18,some,34.430,34.700,DT,6.1288,6.2,3
audio02.TextGrid,7,19,way,34.700,34.970,NN,2.3463,6.01,2
audio02.TextGrid,8,1,you,35.990,36.120,PRP,14.0194,6.98,2
audio02.TextGrid,8,2,bought,36.120,36.390,VBD,11.7779,4.91,3
audio02.TextGrid,8,3,me,36.390,36.540,PRP,3.7860,6.48,2
audio02.TextGrid,8,4,a,36.540,36.580,DT,3.6922,7.36,1
audio02.TextGrid,8,5,beer,36.580,37.020,NN,10.2106,4.7,3
audio02.TextGrid,8,6,the,37.210,37.330,DT,9.3398,7.73,2
audio02.TextGrid,8,7,old,37.330,37.510,JJ,9.2837,5.75,3
audio02.TextGrid,8,8,man,37.510,37.730,NN,3.0982,5.82,3
audio02.TextGrid,8,9,said,37.730,38.090,VBD,6.9361,6.01,3
audio02.TextGrid,9,1,you,38.720,38.930,PRP,14.0194,6.98,2
audio02.TextGrid,9,2,are,38.930,39.080,VBP,4.3146,6.74,2
audio02.TextGrid,9,3,already,39.080,39.530,RB,6.8281,5.55,6
audio02.TextGrid,9,4,a,39.530,39.570,DT,3.6027,7.36,1
audio02.TextGrid,9,5,man,39.570,40.050,NN,5.6684,5.82,3
audio02.TextGrid,10,1,how,41.460,41.590,WRB,14.0279,6.24,2
audio02.TextGrid,10,2,old,41.590,41.810,JJ,9.9976,5.75,3
audio02.TextGrid,10,3,was,41.810,41.970,VBD,6.7534,6.82,3
audio02.TextGrid,10,4,i,41.970,42.110,RB,6.7644,7.09,1
audio02.TextGrid,10,5,when,42.110,42.290,WRB,3.3951,6.37,3
audio02.TextGrid,10,6,you,42.290,42.410,PRP,6.0922,6.98,2
audio02.TextGrid,10,7,first,42.410,42.690,RB,6.7418,6.11,4
audio02.TextGrid,10,8,took,42.690,42.870,VBD,12.9105,5.51,3
audio02.TextGrid,10,9,me,42.870,42.990,PRP,1.5719,6.48,2
audio02.TextGrid,10,10,in,42.990,43.050,IN,4.9156,7.27,2
audio02.TextGrid,10,11,a,43.050,43.090,DT,5.5325,7.36,1
audio02.TextGrid,10,12,boat,43.090,43.520,NN,8.4206,4.71,3
audio02.TextGrid,11,1,five,44.460,44.960,CD,15.9997,5.45,3
audio02.TextGrid,11,2,and,45.020,45.170,CC,8.6727,7.41,2
audio02.TextGrid,11,3,you,45.170,45.330,PRP,8.5212,6.98,2
audio02.TextGrid,11,4,nearly,45.330,45.680,RB,16.7462,5.0,5
audio02.TextGrid,11,5,were,45.680,45.810,VBD,6.4537,6.34,2
audio02.TextGrid,11,6,killed,45.810,46.260,VBN,9.3074,5.22,4
audio02.TextGrid,11,7,when,46.260,46.370,WRB,8.7367,6.37,3
audio02.TextGrid,11,8,i,46.370,46.470,NN,5.5330,7.09,1
audio02.TextGrid,11,9,brought,46.470,46.730,VBD,10.3278,5.16,4
audio02.TextGrid,11,10,the,46.730,46.840,DT,3.8099,7.73,2
audio02.TextGrid,11,11,fish,46.840,47.120,NN,12.6955,4.9,3
audio02.TextGrid,11,12,in,47.120,47.250,IN,5.0826,7.27,2
audio02.TextGrid,11,13,too,47.250,47.410,RB,11.5677,5.95,2
audio02.TextGrid,11,14,green,47.410,47.880,JJ,11.7709,5.13,4
audio02.TextGrid,11,15,and,48.060,48.200,CC,4.7174,7.41,3
audio02.TextGrid,11,16,he,48.200,48.300,PRP,6.6529,6.69,2
audio02.TextGrid,11,17,nearly,48.300,48.610,RB,11.6137,5.0,5
audio02.TextGrid,11,18,tore,48.610,48.820,VBD,20.1408,3.71,3
audio02.TextGrid,11,19,the,48.820,48.920,DT,4.1002,7.73,2
audio02.TextGrid,11,20,boat,48.920,49.130,NN,11.8977,4.71,3
audio02.TextGrid,11,21,to,49.130,49.230,TO,3.8508,7.43,2
audio02.TextGrid,11,22,pieces,49.230,49.790,NNS,13.0487,4.72,5
audio02.TextGrid,12,1,can,50.310,50.460,MD,15.2669,6.46,3
audio02.TextGrid,12,2,you,50.460,50.620,PRP,4.5087,6.98,2
audio02.TextGrid,12,3,remember,50.620,51.160,VB,8.2009,5.38,7
audio02.TextGrid,12,4,i,52.710,52.800,NNS,9.4598,7.09,1
audio02.TextGrid,12,5,can,52.800,53.030,MD,5.8288,6.46,3
audio02.TextGrid,12,6,remember,53.030,53.380,VB,5.4983,5.38,7
audio02.TextGrid,12,7,the,53.380,53.500,DT,4.7610,7.73,2
audio02.TextGrid,12,8,tail,53.500,53.890,NN,15.8449,4.34,3
audio02.TextGrid,12,9,slapping,53.890,54.470,NN,17.3767,3.36,6
audio02.TextGrid,12,10,and,54.470,54.560,CC,5.3982,7.41,2
audio02.TextGrid,12,11,banging,54.560,55.080,NN,11.2320,3.68,5
audio02.TextGrid,12,12,and,55.080,55.170,CC,5.6353,7.41,2
audio02.TextGrid,12,13,the,55.170,55.290,DT,2.5023,7.73,2
audio02.TextGrid,12,14,thwart,55.290,55.540,NN,22.2401,3.06,5
audio02.TextGrid,12,15,breaking,55.540,56.040,NN,14.5203,4.74,6
audio02.TextGrid,12,16,and,56.040,56.140,CC,3.4048,7.41,2
audio02.TextGrid,12,17,the,56.140,56.220,DT,0.7315,7.73,2
audio02.TextGrid,12,18,of,56.510,56.580,IN,10.1914,7.4,2
audio02.TextGrid,12,19,the,56.580,56.660,DT,3.5516,7.73,2
audio02.TextGrid,12,20,clubbing,56.660,57.120,NN,20.8082,2.99,6
audio02.TextGrid,13,1,i,57.570,57.600,NN,5.7704,7.09,1
audio02.TextGrid,13,2,can,57.750,58.010,MD,13.1783,6.46,3
audio02.TextGrid,13,3,remember,58.010,58.360,VB,10.1177,5.38,7
audio02.TextGrid,13,4,you,58.360,58.510,PRP,7.0247,6.98,2
audio02.TextGrid,13,5,throwing,58.510,58.890,VBG,16.6523,4.4,5
audio02.TextGrid,13,6,me,58.890,59.030,PRP,2.5758,6.48,2
audio02.TextGrid,13,7,into,59.030,59.150,IN,4.6899,6.11,4
audio02.TextGrid,13,8,the,59.150,59.250,DT,1.8345,7.73,2
audio02.TextGrid,13,9,bow,59.250,59.560,NN,12.2627,4.3,2
audio02.TextGrid,13,10,where,59.560,59.720,WRB,12.8760,6.0,3
audio02.TextGrid,13,11,the,59.720,59.780,DT,3.7612,7.73,2
audio02.TextGrid,13,12,wet,59.780,59.980,NN,13.6303,4.54,3
audio02.TextGrid,13,13,coiled,59.980,60.340,VBD,23.5690,2.9,4
audio02.TextGrid,13,14,lines,60.340,60.730,NNS,10.0889,4.95,4
audio02.TextGrid,13,15,were,60.730,60.940,VBD,3.8439,6.34,2
audio02.TextGrid,13,16,and,61.250,61.340,CC,7.1571,7.41,2
audio02.TextGrid,13,17,feeling,61.340,61.710,VBG,10.7917,5.13,5
audio02.TextGrid,13,18,the,61.710,61.810,DT,4.3089,7.73,2
audio02.TextGrid,13,19,whole,61.810,62.000,JJ,8.0417,5.46,3
audio02.TextGrid,13,20,boat,62.000,62.330,NN,11.6054,4.71,3
audio02.TextGrid,13,21,shiver,62.330,62.800,NN,14.0471,3.05,4
audio02.TextGrid,13,22,and,62.800,62.870,CC,5.2084,7.41,2
audio02.TextGrid,13,23,the,62.870,62.960,DT,3.5154,7.73,2
audio02.TextGrid,13,24,of,63.310,63.430,IN,9.6891,7.4,2
audio02.TextGrid,13,25,you,63.430,63.580,PRP,9.1018,6.98,2
audio02.TextGrid,13,26,clubbing,63.580,64.080,VBG,21.9874,2.99,6
audio02.TextGrid,13,27,him,64.080,64.220,PRP,7.6722,6.11,2
audio02.TextGrid,13,28,like,64.220,64.420,IN,6.3273,6.41,3
audio02.TextGrid,13,29,chopping,64.420,64.820,VBG,18.9783,3.37,5
audio02.TextGrid,13,30,a,64.820,64.870,DT,2.4497,7.36,1
audio02.TextGrid,13,31,tree,64.870,65.140,JJ,8.3069,4.85,3
audio02.TextGrid,13,32,down,65.140,65.470,NN,6.4831,5.88,3
audio02.TextGrid,13,33,and,65.890,65.980,CC,3.7974,7.41,2
audio02.TextGrid,13,34,the,65.980,66.090,DT,4.7326,7.73,2
audio02.TextGrid,13,35,sweet,66.090,66.400,JJ,9.1569,4.91,4
audio02.TextGrid,13,36,blood,66.400,66.680,NN,8.1969,5.1,4
audio02.TextGrid,13,37,smell,66.680,67.000,NN,14.2120,4.49,4
audio02.TextGrid,13,38,all,67.000,67.160,DT,10.1731,6.52,2
audio02.TextGrid,13,39,over,67.160,67.380,IN,0.4253,6.08,3
audio02.TextGrid,13,40,me,67.380,67.600,PRP,4.9991,6.48,2
audio02.TextGrid,14,1,can,69.270,69.420,MD,15.2669,6.46,3
audio02.TextGrid,14,2,you,69.420,69.800,PRP,4.5087,6.98,2
audio02.TextGrid,14,3,really,69.800,70.020,RB,6.7420,5.97,4
audio02.TextGrid,14,4,remember,70.020,70.470,VB,9.3488,5.38,7
audio02.TextGrid,14,5,that,70.470,70.720,IN,3.7706,7.01,3
audio02.TextGrid,14,6,or,70.720,70.780,CC,10.1921,6.54,1
audio02.TextGrid,14,7,did,70.780,70.940,VBD,6.7247,5.96,3
audio02.TextGrid,14,8,i,70.940,71.050,VB,6.9695,7.09,1
audio02.TextGrid,14,9,just,71.050,71.260,RB,0.8000,6.43,3
audio02.TextGrid,14,10,tell,71.260,71.480,VB,6.9539,5.53,3
audio02.TextGrid,14,11,it,71.480,71.630,PRP,7.5834,6.95,2
audio02.TextGrid,14,12,to,71.630,71.710,TO,2.0756,7.43,2
audio02.TextGrid,14,13,you,71.710,71.900,PRP,0.1547,6.98,2
audio02.TextGrid,15,1,i,73.100,73.210,JJ,5.7704,7.09,1
audio02.TextGrid,15,2,remember,73.210,73.610,VBP,15.9334,5.38,7
audio02.TextGrid,15,3,everything,73.610,74.090,NN,8.4974,5.54,7
audio02.TextGrid,15,4,from,74.090,74.270,IN,7.3109,6.63,3
audio02.TextGrid,15,5,when,74.270,74.370,WRB,6.9864,6.37,3
audio02.TextGrid,15,6,we,74.370,74.530,PRP,4.2792,6.54,2
audio02.TextGrid,15,7,first,74.530,74.830,RB,6.2103,6.11,4
audio02.TextGrid,15,8,went,74.830,74.980,VBD,7.3574,5.5,4
audio02.TextGrid,15,9,together,74.980,75.370,RB,10.5060,5.46,6
audio02.TextGrid,16,1,the,77.590,77.700,DT,11.8924,7.73,2
audio02.TextGrid,16,2,old,77.700,77.920,JJ,9.2031,5.75,3
audio02.TextGrid,16,3,man,77.920,78.180,NN,4.4194,5.82,3
audio02.TextGrid,16,4,looked,78.180,78.380,VBD,15.4499,5.11,4
audio02.TextGrid,16,5,at,78.380,78.450,IN,5.1096,6.7,2
audio02.TextGrid,16,6,him,78.450,78.640,PRP,3.4641,6.11,3
audio02.TextGrid,16,7,with,78.640,78.780,IN,4.1084,6.85,3
audio02.TextGrid,16,8,his,78.780,78.950,PRP$,5.5808,6.51,3
audio02.TextGrid,16,9,sun,78.950,79.190,NN,10.5240,4.97,3
audio02.TextGrid,16,10,burned,79.190,79.630,VBD,15.1273,4.31,4
audio02.TextGrid,16,11,confident,79.630,80.260,JJ,20.1442,4.43,9
audio02.TextGrid,16,12,loving,80.260,80.580,VBG,17.3982,4.47,5
audio02.TextGrid,16,13,eyes,80.580,81.010,NNS,11.2489,5.21,2
audio02.TextGrid,17,1,if,82.630,82.760,IN,13.0425,6.47,2
audio02.TextGrid,17,2,you,82.760,82.910,PRP,1.6357,6.98,2
audio02.TextGrid,17,3,were,82.910,83.010,VBD,6.1381,6.34,2
audio02.TextGrid,17,4,my,83.010,83.250,PRP$,11.5860,6.57,2
audio02.TextGrid,17,5,boy,83.250,83.550,NN,7.8810,5.17,2
audio02.TextGrid,17,6,i,83.550,83.640,NN,4.7677,7.09,1
audio02.TextGrid,17,7,d,83.640,83.750,VBP,7.3967,5.46,2
audio02.TextGrid,17,8,take,83.750,83.940,VB,19.8140,5.92,3
audio02.TextGrid,17,9,you,83.940,84.090,PRP,2.7519,6.98,2
audio02.TextGrid,17,10,out,84.090,84.210,RP,4.2905,6.38,2
audio02.TextGrid,17,11,and,84.210,84.330,CC,4.1992,7.41,2
audio02.TextGrid,17,12,gamble,84.330,84.800,VB,19.5793,3.79,6
audio02.TextGrid,17,13,he,85.080,85.210,PRP,10.4340,6.69,2
audio02.TextGrid,17,14,said,85.210,85.560,VBD,6.6674,6.01,3
audio02.TextGrid,18,1,but,85.990,86.150,CC,16.1685,6.63,3
audio02.TextGrid,18,2,you,86.150,86.320,PRP,7.2748,6.98,2
audio02.TextGrid,18,3,are,86.320,86.440,VBP,4.9907,6.74,2
audio02.TextGrid,18,4,your,86.440,86.600,PRP$,10.1203,6.53,3
audio02.TextGrid,18,5,father,86.600,86.950,NN,7.5039,5.26,4
audio02.TextGrid,18,6,s,86.950,87.020,NN,9.7915,5.86,1
audio02.TextGrid,18,7,and,87.020,87.140,CC,15.2494,7.41,2
audio02.TextGrid,18,8,your,87.140,87.270,PRP$,3.7237,6.53,3
audio02.TextGrid,18,9,mother,87.270,87.620,NN,5.4889,5.24,4
audio02.TextGrid,18,10,s,87.620,87.760,NN,2.3712,5.86,1
audio02.TextGrid,18,11,and,87.760,87.890,CC,3.2420,7.41,2
audio02.TextGrid,18,12,you,87.890,88.110,PRP,1.9378,6.98,2
audio02.TextGrid,18,13,are,88.110,88.260,VBP,1.9747,6.74,2
audio02.TextGrid,18,14,in,88.260,88.340,IN,6.3782,7.27,2
audio02.TextGrid,18,15,a,88.340,88.400,DT,3.2713,7.36,1
audio02.TextGrid,18,16,lucky,88.400,88.690,JJ,11.6956,4.77,4
audio02.TextGrid,18,17,boat,88.690,89.120,NN,14.2813,4.71,3
audio02.TextGrid,19,1,may,90.940,91.080,MD,15.4415,5.98,2
audio02.TextGrid,19,2,i,91.080,91.180,VB,12.5907,7.09,1
audio02.TextGrid,19,3,get,91.180,91.320,VB,5.7919,6.28,3
audio02.TextGrid,19,4,the,91.320,91.430,DT,4.1668,7.73,2
audio02.TextGrid,19,5,sardines,91.430,92.050,NNS,25.2092,2.93,7
audio02.TextGrid,19,6,i,92.290,92.390,NN,5.3043,7.09,1
audio02.TextGrid,19,7,know,92.390,92.530,VBP,7.1395,6.1,2
audio02.TextGrid,19,8,where,92.530,92.670,WRB,6.2281,6.0,3
audio02.TextGrid,19,9,i,92.670,92.730,NN,2.3688,7.09,1
audio02.TextGrid,19,10,can,92.730,92.880,MD,4.0397,6.46,3
audio02.TextGrid,19,11,get,92.880,93.060,VB,2.0055,6.28,3
audio02.TextGrid,19,12,four,93.090,93.280,CD,13.9299,5.53,3
audio02.TextGrid,19,13,baits,93.280,93.660,NNS,19.0950,2.65,4
audio02.TextGrid,19,14,too,93.660,93.980,RB,12.3302,5.95,2
audio02.TextGrid,19,15,i,95.500,95.630,RB,5.8049,7.09,1
audio02.TextGrid,19,16,have,95.630,95.870,VBP,4.2981,6.71,3
audio02.TextGrid,19,17,mine,95.870,96.150,NN,12.3989,5.04,3
audio02.TextGrid,19,18,left,96.150,96.390,VBN,11.8596,5.62,4
audio02.TextGrid,19,19,from,96.390,96.540,IN,7.6687,6.63,3
audio02.TextGrid,19,20,today,96.540,97.030,NN,9.2187,5.55,4
audio02.TextGrid,19,21,i,97.200,97.320,NN,3.8100,7.09,1
audio02.TextGrid,19,22,put,97.320,97.560,VBD,10.8662,5.66,3
audio02.TextGrid,19,23,them,97.560,97.700,PRP,3.8563,6.19,3
audio02.TextGrid,19,24,in,97.700,97.800,IN,1.8855,7.27,2
audio02.TextGrid,19,25,salt,97.800,98.140,NN,14.5800,4.6,4
audio02.TextGrid,19,26,in,98.140,98.210,IN,6.9216,7.27,2
audio02.TextGrid,19,27,the,98.210,98.300,DT,2.7179,7.73,2
audio02.TextGrid,19,28,box,98.300,98.810,NN,7.2797,5.04,4
audio02.TextGrid,20,1,let,99.830,100.000,VB,16.5579,5.6,3
audio02.TextGrid,20,2,me,100.000,100.090,PRP,4.7337,6.48,2
audio02.TextGrid,20,3,get,100.090,100.290,VB,4.2656,6.28,3
audio02.TextGrid,20,4,four,100.290,100.490,CD,12.8150,5.53,3
audio02.TextGrid,20,5,fresh,100.490,100.810,JJ,12.4072,4.83,4
audio02.TextGrid,20,6,ones,100.810,101.240,NNS,14.3354,5.07,4
audio02.TextGrid,21,1,one,102.180,102.580,CD,14.3090,6.47,3
audio02.TextGrid,21,2,the,102.890,103.010,DT,9.4297,7.73,2
audio02.TextGrid,21,3,old,103.010,103.210,JJ,8.4431,5.75,3
audio02.TextGrid,21,4,man,103.210,103.440,NN,5.6939,5.82,3
audio02.TextGrid,21,5,said,103.440,103.830,VBD,9.6658,6.01,3
audio02.TextGrid,22,1,his,105.070,105.240,PRP$,16.5981,6.51,3
audio02.TextGrid,22,2,hope,105.240,105.530,NN,13.5071,5.44,3
audio02.TextGrid,22,3,and,105.530,105.710,CC,6.0961,7.41,3
audio02.TextGrid,22,4,his,105.710,105.880,PRP$,5.9074,6.51,3
audio02.TextGrid,22,5,confidence,105.880,106.430,NN,11.7639,4.65,9
audio02.TextGrid,22,6,had,106.430,106.560,VBD,10.6834,6.33,3
audio02.TextGrid,22,7,never,106.560,106.780,RB,6.7111,5.91,4
audio02.TextGrid,22,8,gone,106.780,107.190,VBN,9.1443,5.17,3
audio02.TextGrid,22,9,but,107.430,107.630,CC,8.5777,6.63,3
audio02.TextGrid,22,10,now,107.630,107.850,RB,6.6183,6.18,2
audio02.TextGrid,22,11,they,107.850,107.910,PRP,4.1195,6.5,2
audio02.TextGrid,22,12,were,107.910,107.970,VBD,4.8378,6.34,2
audio02.TextGrid,22,13,freshening,107.970,108.530,VBG,25.0159,2.25,7
audio02.TextGrid,22,14,as,108.530,108.690,IN,6.9080,6.77,2
audio02.TextGrid,22,15,when,108.690,108.820,WRB,10.8237,6.37,3
audio02.TextGrid,22,16,the,108.820,108.890,DT,3.9475,7.73,2
audio02.TextGrid,22,17,breeze,108.890,109.300,NN,17.5516,3.86,4
audio02.TextGrid,22,18,rises,109.300,109.900,NNS,13.8988,4.07,5
audio02.TextGrid,23,1,two,111.180,111.460,CD,15.7969,6.1,2
audio02.TextGrid,23,2,the,111.760,111.840,DT,9.4969,7.73,2
audio02.TextGrid,23,3,boy,111.840,112.060,NN,11.4207,5.17,2
audio02.TextGrid,23,4,said,112.060,112.440,VBD,10.8225,6.01,3
audio02.TextGrid,24,1,two,113.630,114.050,CD,15.7969,6.1,2
audio02.TextGrid,24,2,the,114.290,114.400,DT,9.4968,7.73,2
audio02.TextGrid,24,3,old,114.400,114.590,JJ,9.3969,5.75,3
audio02.TextGrid,24,4,man,114.590,114.780,NN,6.0984,5.82,3
audio02.TextGrid,24,5,agreed,114.780,115.250,VBD,13.1154,4.84,5
audio02.TextGrid,25,1,you,115.980,116.090,PRP,14.0194,6.98,2
audio02.TextGrid,25,2,didn't,116.090,116.400,VBP,9.6494,5.68,5
audio02.TextGrid,25,3,steal,116.400,116.690,VB,11.0900,4.41,4
audio02.TextGrid,25,4,them,116.690,116.910,PRP,7.2671,6.19,3
audio02.TextGrid,26,1,i,118.030,118.140,NN,5.7704,7.09,1
audio02.TextGrid,26,2,would,118.140,118.550,MD,14.5284,6.27,3
audio02.TextGrid,26,3,the,118.740,118.820,DT,11.6363,7.73,2
audio02.TextGrid,26,4,boy,118.820,119.030,NN,9.2577,5.17,2
audio02.TextGrid,26,5,said,119.030,119.280,VBD,11.6612,6.01,3
audio02.TextGrid,26,6,but,119.280,119.440,CC,9.5424,6.63,3
audio02.TextGrid,26,7,i,119.440,119.530,JJ,2.7280,7.09,1
audio02.TextGrid,26,8,bought,119.530,119.840,VBD,11.0895,4.91,3
audio02.TextGrid,27,1,these,119.840,120.190,DT,16.1816,6.04,3
audio02.TextGrid,27,2,thank,121.910,122.220,NN,12.5647,5.48,4
audio02.TextGrid,27,3,you,122.220,122.760,PRP,1.9092,6.98,2
audio02.TextGrid,27,4,the,122.760,122.900,DT,9.2251,7.73,2
audio02.TextGrid,27,5,old,122.900,123.100,JJ,8.8993,5.75,3
audio02.TextGrid,27,6,man,123.100,123.340,NN,4.5205,5.82,3
audio02.TextGrid,27,7,said,123.340,123.730,VBD,11.2919,6.01,3
audio02.TextGrid,28,1,he,124.860,124.970,PRP,13.2074,6.69,2
audio02.TextGrid,28,2,was,124.970,125.180,VBD,4.9565,6.82,3
audio02.TextGrid,28,3,too,125.180,125.330,RB,10.7593,5.95,2
audio02.TextGrid,28,4,simple,125.330,125.670,JJ,10.1637,5.08,6
audio02.TextGrid,28,5,to,125.670,125.770,TO,5.7433,7.43,2
audio02.TextGrid,28,6,wonder,125.770,126.060,VB,13.2907,4.93,5
audio02.TextGrid,28,7,when,126.060,126.340,WRB,6.5314,6.37,3
audio02.TextGrid,28,8,he,126.340,126.580,PRP,2.7285,6.69,2
audio02.TextGrid,28,9,had,126.580,126.720,VBD,4.7888,6.33,3
audio02.TextGrid,28,10,attained,126.720,127.110,VBN,19.4637,3.57,5
audio02.TextGrid,28,11,humility,127.110,127.710,NN,23.7113,3.59,9
audio02.TextGrid,28,12,but,127.970,128.130,CC,8.1165,6.63,3
audio02.TextGrid,28,13,he,128.130,128.220,PRP,3.3246,6.69,2
audio02.TextGrid,28,14,knew,128.220,128.440,VBD,7.9648,5.2,3
audio02.TextGrid,28,15,he,128.440,128.620,PRP,2.9351,6.69,2
audio02.TextGrid,28,16,had,128.620,128.760,VBD,4.8345,6.33,3
audio02.TextGrid,28,17,attained,128.760,129.170,VBN,9.9797,3.57,5
audio02.TextGrid,28,18,it,129.170,129.420,PRP,5.9954,6.95,2
audio02.TextGrid,28,19,and,129.420,129.590,CC,4.0357,7.41,3
audio02.TextGrid,28,20,he,129.590,129.730,PRP,1.4053,6.69,2
audio02.TextGrid,28,21,knew,129.730,129.970,VBD,4.3600,5.2,3
audio02.TextGrid,28,22,it,129.970,130.080,PRP,2.5735,6.95,2
audio02.TextGrid,28,23,was,130.080,130.220,VBD,2.2685,6.82,3
audio02.TextGrid,28,24,not,130.220,130.360,RB,3.6645,6.69,3
audio02.TextGrid,28,25,disgraceful,130.360,131.080,JJ,18.7363,3.33,10
audio02.TextGrid,28,26,and,131.150,131.290,CC,3.3166,7.41,2
audio02.TextGrid,28,27,it,131.290,131.410,PRP,4.9985,6.95,2
audio02.TextGrid,28,28,carried,131.410,131.760,VBD,14.1119,4.77,5
audio02.TextGrid,28,29,no,131.760,131.990,DT,11.4981,6.35,2
audio02.TextGrid,28,30,loss,131.990,132.330,NN,10.2308,5.07,3
audio02.TextGrid,28,31,of,132.330,132.400,IN,2.9857,7.4,2
audio02.TextGrid,28,32,true,132.400,132.650,JJ,10.9345,5.4,3
audio02.TextGrid,28,33,pride,132.650,133.220,NN,13.0452,4.49,4
audio02.TextGrid,29,1,tomorrow,135.440,135.900,NN,20.3921,5.02,6
audio02.TextGrid,29,2,is,135.900,135.990,VBZ,9.9852,7.07,2
audio02.TextGrid,29,3,going,135.990,136.210,VBG,10.6166,5.94,4
audio02.TextGrid,29,4,to,136.210,136.300,TO,0.9872,7.43,2
audio02.TextGrid,29,5,be,136.300,136.470,VB,2.4643,6.79,2
audio02.TextGrid,29,6,a,136.470,136.510,DT,2.7236,7.36,1
audio02.TextGrid,29,7,good,136.510,136.760,JJ,5.9449,6.12,3
audio02.TextGrid,29,8,day,136.760,136.990,NN,3.7345,5.95,2
audio02.TextGrid,29,9,with,136.990,137.230,IN,7.2905,6.85,3
audio02.TextGrid,29,10,this,137.230,137.400,DT,4.6963,6.82,3
audio02.TextGrid,29,11,current,137.400,137.900,JJ,11.5242,5.27,6
audio02.TextGrid,29,12,he,138.090,138.220,PRP,9.3668,6.69,2
audio02.TextGrid,29,13,said,138.220,138.570,VBD,17.3163,6.01,3
audio02.TextGrid,30,1,where,139.910,140.110,WRB,15.8817,6.0,3
audio02.TextGrid,30,2,are,140.110,140.140,VBP,3.5542,6.74,1
audio02.TextGrid,30,3,you,140.140,140.240,PRP,2.2373,6.98,2
audio02.TextGrid,30,4,going,140.240,140.720,VBG,5.8041,5.94,4
audio02.TextGrid,30,5,the,140.930,141.000,DT,9.5503,7.73,2
audio02.TextGrid,30,6,boy,141.000,141.300,NN,9.9443,5.17,2
audio02.TextGrid,30,7,asked,141.300,141.690,VBD,17.2889,5.3,3
audio02.TextGrid,31,1,far,142.860,143.210,RB,16.8107,5.5,3
audio02.TextGrid,31,2,out,143.210,143.430,RB,14.3421,6.38,2
audio02.TextGrid,31,3,to,143.470,143.550,TO,9.1621,7.43,2
audio02.TextGrid,31,4,come,143.550,143.790,VB,9.0687,5.78,3
audio02.TextGrid,31,5,in,143.790,143.950,IN,4.3673,7.27,2
audio02.TextGrid,31,6,when,143.950,144.110,WRB,9.9380,6.37,3
audio02.TextGrid,31,7,the,144.110,144.170,DT,2.6985,7.73,2
audio02.TextGrid,31,8,wind,144.170,144.460,NN,10.7022,4.84,4
audio02.TextGrid,31,9,shifts,144.460,145.010,NNS,17.1953,4.01,5
audio02.TextGrid,31,10,i,145.280,145.380,VBP,9.9366,7.09,1
audio02.TextGrid,31,11,want,145.380,145.530,VBP,4.3082,6.04,4
audio02.TextGrid,31,12,to,145.530,145.620,TO,1.3612,7.43,2
audio02.TextGrid,31,13,be,145.620,145.800,VB,4.7580,6.79,2
audio02.TextGrid,31,14,out,145.800,145.940,RP,7.3850,6.38,2
audio02.TextGrid,31,15,before,145.940,146.360,IN,11.2576,5.93,5
audio02.TextGrid,31,16,it,146.360,146.440,PRP,5.1195,6.95,2
audio02.TextGrid,31,17,is,146.440,146.580,VBZ,3.3765,7.07,2
audio02.TextGrid,31,18,light,146.580,146.930,JJ,10.3348,5.33,3
audio02.TextGrid,32,1,i,146.930,146.960,NN,5.7704,7.09,1
audio02.TextGrid,32,2,ll,148.660,148.790,VBP,21.2778,4.66,2
audio02.TextGrid,32,3,try,148.790,149.020,NN,14.8719,5.5,3
audio02.TextGrid,32,4,to,149.020,149.110,TO,2.0789,7.43,2
audio02.TextGrid,32,5,get,149.110,149.280,VB,5.1035,6.28,3
audio02.TextGrid,32,6,him,149.280,149.400,PRP,8.0761,6.11,3
audio02.TextGrid,32,7,to,149.400,149.490,TO,2.7902,7.43,2
audio02.TextGrid,32,8,work,149.490,149.760,VB,6.7738,5.96,3
audio02.TextGrid,32,9,far,149.760,150.020,RB,13.1301,5.5,3
audio02.TextGrid,32,10,out,150.020,150.320,RP,4.7629,6.38,2
audio02.TextGrid,32,11,the,150.480,150.550,DT,6.0017,7.73,2
audio02.TextGrid,32,12,boy,150.550,150.760,NN,11.1576,5.17,2
audio02.TextGrid,32,13,said,150.760,151.070,VBD,14.5905,6.01,3
audio02.TextGrid,32,14,then,151.240,151.420,RB,10.5346,6.07,3
audio02.TextGrid,32,15,if,151.420,151.530,IN,6.9162,6.47,2
audio02.TextGrid,32,16,you,151.530,151.660,PRP,3.5593,6.98,2
audio02.TextGrid,32,17,hook,151.660,151.810,VBP,15.2271,4.37,3
audio02.TextGrid,32,18,something,151.810,152.120,NN,10.7238,5.81,6
audio02.TextGrid,32,19,truly,152.120,152.410,RB,17.1534,4.87,5
audio02.TextGrid,32,20,big,152.410,152.650,JJ,8.2470,5.67,3
audio02.TextGrid,32,21,we,152.650,152.730,PRP,8.4001,6.54,2
audio02.TextGrid,32,22,can,152.730,152.880,MD,4.2696,6.46,3
audio02.TextGrid,32,23,come,152.880,153.080,VB,8.3105,5.78,3
audio02.TextGrid,32,24,to,153.080,153.160,TO,3.0797,7.43,2
audio02.TextGrid,32,25,your,153.160,153.350,PRP$,5.7315,6.53,3
audio02.TextGrid,32,26,aid,153.350,153.670,NN,11.0940,4.75,2
audio02.TextGrid,33,1,he,154.920,155.030,PRP,13.2074,6.69,2
audio02.TextGrid,33,2,does,155.030,155.210,VBZ,10.2816,5.74,3
audio02.TextGrid,33,3,not,155.210,155.420,RB,1.2546,6.69,3
audio02.TextGrid,33,4,like,155.420,155.620,VB,4.9108,6.41,3
audio02.TextGrid,33,5,to,155.620,155.680,TO,3.4093,7.43,2
audio02.TextGrid,33,6,work,155.680,155.900,VB,6.8895,5.96,3
audio02.TextGrid,33,7,too,155.900,156.090,RB,8.2783,5.95,2
audio02.TextGrid,33,8,far,156.090,156.400,RB,5.6715,5.5,3
audio02.TextGrid,34,1,out,156.400,156.690,IN,15.1391,6.38,2
audio02.TextGrid,34,2,no,157.580,157.940,DT,11.6899,6.35,2
audio02.TextGrid,34,3,the,157.940,158.220,DT,12.2635,7.73,2
audio02.TextGrid,34,4,boy,158.220,158.430,NN,10.8131,5.17,2
audio02.TextGrid,34,5,said,158.430,158.780,VBD,11.3604,6.01,3
audio02.TextGrid,35,1,but,159.250,159.380,CC,16.1685,6.63,3
audio02.TextGrid,35,2,i,159.380,159.540,NN,5.9299,7.09,1
audio02.TextGrid,35,3,will,159.540,159.690,MD,7.0245,6.45,3
audio02.TextGrid,35,4,see,159.690,159.850,VB,8.4497,6.1,2
audio02.TextGrid,35,5,something,159.850,160.180,NN,8.7645,5.81,6
audio02.TextGrid,35,6,that,160.180,160.300,IN,4.7374,7.01,3
audio02.TextGrid,35,7,he,160.300,160.420,PRP,8.0370,6.69,2
audio02.TextGrid,35,8,cannot,160.420,160.780,VB,7.3056,5.11,5
audio02.TextGrid,35,9,see,160.780,161.050,VB,2.5378,6.1,2
audio02.TextGrid,35,10,such,161.050,161.290,JJ,12.8914,5.84,3
audio02.TextGrid,35,11,as,161.290,161.360,IN,2.0811,6.77,2
audio02.TextGrid,35,12,a,161.360,161.420,DT,3.0846,7.36,1
audio02.TextGrid,35,13,bird,161.420,161.790,NN,11.1119,4.63,3
audio02.TextGrid,35,14,working,161.790,162.150,VBG,13.2211,5.45,5
audio02.TextGrid,35,15,and,162.540,162.630,CC,5.3138,7.41,2
audio02.TextGrid,35,16,get,162.630,162.790,VB,8.0370,6.28,3
audio02.TextGrid,35,17,him,162.790,162.880,PRP,5.7020,6.11,2
audio02.TextGrid,35,18,to,162.880,162.970,TO,1.3352,7.43,2
audio02.TextGrid,35,19,come,162.970,163.150,VB,7.8448,5.78,3
audio02.TextGrid,35,20,out,163.150,163.310,RP,3.3153,6.38,2
audio02.TextGrid,35,21,after,163.310,163.540,IN,9.0431,6.11,4
audio02.TextGrid,35,22,dolphin,163.540,164.020,NN,21.2208,3.67,6
audio02.TextGrid,36,1,are,165.630,165.750,VBP,15.4863,6.74,2
audio02.TextGrid,36,2,his,165.750,165.950,PRP$,14.2104,6.51,3
audio02.TextGrid,36,3,eyes,165.950,166.270,NNS,7.1446,5.21,2
audio02.TextGrid,36,4,that,166.270,166.470,IN,6.8929,7.01,3
audio02.TextGrid,36,5,bad,166.490,166.910,JJ,6.8391,5.53,3
audio02.TextGrid,37,1,he,167.720,167.860,PRP,13.2074,6.69,2
audio02.TextGrid,37,2,is,167.860,167.940,VBZ,6.8645,7.07,2
audio02.TextGrid,37,3,almost,167.940,168.300,RB,9.6336,5.39,6
audio02.TextGrid,37,4,blind,168.300,168.810,IN,13.4491,4.52,5
audio02.TextGrid,37,5,it,169.660,169.770,PRP,11.5432,6.95,2
audio02.TextGrid,37,6,is,169.770,169.880,VBZ,3.4675,7.07,2
audio02.TextGrid,37,7,strange,169.880,170.460,JJ,13.8349,4.64,6
audio02.TextGrid,37,8,the,170.740,170.850,DT,7.8258,7.73,2
audio02.TextGrid,37,9,old,170.850,171.030,JJ,8.4820,5.75,3
audio02.TextGrid,37,10,man,171.030,171.250,NN,3.4516,5.82,3
audio02.TextGrid,37,11,said,171.250,171.610,VBD,8.9639,6.01,3
audio02.TextGrid,38,1,he,172.210,172.310,PRP,13.2074,6.69,2
audio02.TextGrid,38,2,never,172.310,172.550,RB,12.2124,5.91,4
audio02.TextGrid,38,3,went,172.550,172.760,VBD,7.0590,5.5,4
audio02.TextGrid,38,4,turtle,172.760,173.180,JJ,19.9821,3.91,5
audio02.TextGrid,38,5,ing,173.180,173.350,NN,22.1115,3.95,2
audio02.TextGrid,38,6,that,173.650,173.850,WDT,7.4020,7.01,3
audio02.TextGrid,38,7,is,173.850,173.990,VBZ,7.9782,7.07,2
audio02.TextGrid,38,8,what,173.990,174.150,WP,6.7778,6.38,3
audio02.TextGrid,38,9,kills,174.150,174.510,VBZ,9.2352,4.34,4
audio02.TextGrid,38,10,the,174.510,174.650,DT,3.4589,7.73,2
audio02.TextGrid,38,11,eyes,174.650,175.050,NNS,9.6518,5.21,2
audio02.TextGrid,39,1,but,176.840,176.990,CC,16.1685,6.63,3
audio02.TextGrid,39,2,you,176.990,177.100,PRP,7.2748,6.98,2
audio02.TextGrid,39,3,went,177.100,177.330,VBD,11.7597,5.5,4
audio02.TextGrid,39,4,turtle,177.330,177.610,JJ,20.8833,3.91,5
audio02.TextGrid,39,5,ing,177.610,177.730,NN,23.1980,3.95,2
audio02.TextGrid,39,6,for,177.730,177.850,IN,7.5371,7.01,2
audio02.TextGrid,39,7,years,177.850,178.210,NNS,11.8045,5.96,3
audio02.TextGrid,39,8,off,178.210,178.340,IN,8.8707,5.93,2
audio02.TextGrid,39,9,the,178.340,178.430,DT,3.4417,7.73,2
audio02.TextGrid,39,10,mosquito,178.430,178.890,NN,20.1292,3.61,7
audio02.TextGrid,39,11,coast,178.890,179.260,NN,11.4618,4.87,4
audio02.TextGrid,39,12,and,179.260,179.350,CC,3.5089,7.41,2
audio02.TextGrid,39,13,your,179.350,179.560,PRP$,6.3308,6.53,3
audio02.TextGrid,39,14,eyes,179.560,179.770,NNS,8.5186,5.21,2
audio02.TextGrid,39,15,are,179.770,179.830,VBP,4.3031,6.74,1
audio02.TextGrid,39,16,good,179.830,180.160,JJ,10.3105,6.12,3
audio03.TextGrid,1,1,i,0.590,0.790,NN,5.7704,7.09,1
audio03.TextGrid,1,2,am,0.790,0.930,VBP,11.2222,5.78,2
audio03.TextGrid,1,3,a,0.930,0.990,DT,3.3328,7.36,1
audio03.TextGrid,1,4,strange,0.990,1.520,JJ,11.0349,4.64,6
audio03.TextGrid,1,5,old,1.520,1.800,JJ,9.6499,5.75,3
audio03.TextGrid,1,6,man,1.800,2.220,NN,1.6878,5.82,3
audio03.TextGrid,2,1,but,3.350,3.590,CC,16.1685,6.63,3
audio03.TextGrid,2,2,are,3.590,3.700,VBP,11.7085,6.74,2
audio03.TextGrid,2,3,you,3.700,3.850,PRP,1.7553,6.98,2
audio03.TextGrid,2,4,strong,3.850,4.200,JJ,11.1728,5.22,5
audio03.TextGrid,2,5,enough,4.200,4.470,RB,7.4606,5.54,4
audio03.TextGrid,2,6,now,4.470,4.710,RB,8.5629,6.18,2
audio03.TextGrid,2,7,for,4.710,4.880,IN,7.5135,7.01,2
audio03.TextGrid,2,8,a,4.880,4.940,DT,3.5150,7.36,1
audio03.TextGrid,2,9,truly,4.940,5.270,RB,14.5047,4.87,5
audio03.TextGrid,2,10,big,5.270,5.510,JJ,5.8872,5.67,3
audio03.TextGrid,2,11,fish,5.510,5.830,NN,12.9156,4.9,3
audio03.TextGrid,3,1,i,6.750,6.860,NN,5.7704,7.09,1
audio03.TextGrid,3,2,think,6.860,7.140,VBP,13.1226,6.08,4
audio03.TextGrid,3,3,so,7.140,7.430,RB,7.2830,6.52,2
audio03.TextGrid,3,4,and,7.820,7.950,CC,7.8289,7.41,2
audio03.TextGrid,3,5,there,7.950,8.150,EX,6.9946,6.31,3
audio03.TextGrid,3,6,are,8.150,8.240,VBP,2.3433,6.74,2
audio03.TextGrid,3,7,many,8.240,8.520,JJ,4.0923,5.91,4
audio03.TextGrid,3,8,tricks,8.520,9.020,NNS,11.0951,4.15,5
audio03.TextGrid,4,1,let,10.180,10.350,VB,16.5579,5.6,3
audio03.TextGrid,4,2,us,10.350,10.510,PRP,6.3293,6.04,2
audio03.TextGrid,4,3,take,10.510,10.730,VB,6.0726,5.92,3
audio03.TextGrid,4,4,the,10.730,10.800,DT,5.1944,7.73,2
audio03.TextGrid,4,5,stuff,10.800,11.080,NN,12.0673,5.14,4
audio03.TextGrid,4,6,home,11.080,11.410,NN,9.6029,5.81,3
audio03.TextGrid,4,7,the,11.560,11.640,DT,8.6093,7.73,2
audio03.TextGrid,4,8,boy,11.640,11.850,NN,11.1422,5.17,2
audio03.TextGrid,4,9,said,11.850,12.220,VBD,9.7014,6.01,3
audio03.TextGrid,4,10,so,12.390,12.560,RB,7.0159,6.52,2
audio03.TextGrid,4,11,i,12.560,12.640,JJ,6.2650,7.09,1
audio03.TextGrid,4,12,can,12.640,12.810,MD,3.0327,6.46,3
audio03.TextGrid,4,13,get,12.810,12.930,VB,3.3171,6.28,3
audio03.TextGrid,4,14,the,12.930,13.050,DT,3.4721,7.73,2
audio03.TextGrid,4,15,cast,13.050,13.440,NN,14.2200,4.79,4
audio03.TextGrid,4,16,net,13.440,13.680,NN,15.0223,4.76,3
audio03.TextGrid,4,17,and,13.680,13.750,CC,6.3273,7.41,2
audio03.TextGrid,4,18,go,13.750,13.970,VB,7.1368,6.03,2
audio03.TextGrid,4,19,after,13.970,14.150,IN,9.8819,6.11,4
audio03.TextGrid,4,20,the,14.150,14.230,DT,1.5432,7.73,2
audio03.TextGrid,4,21,sardines,14.230,14.850,NNS,21.6198,2.93,7
audio03.TextGrid,5,1,they,16.750,16.860,PRP,20.3883,6.5,2
audio03.TextGrid,5,2,picked,16.860,17.120,VBD,14.5895,4.72,4
audio03.TextGrid,5,3,up,17.120,17.230,RP,2.7929,6.39,2
audio03.TextGrid,5,4,the,17.230,17.310,DT,3.0561,7.73,2
audio03.TextGrid,5,5,gear,17.310,17.610,NN,10.6482,4.46,3
audio03.TextGrid,5,6,from,17.610,17.780,IN,4.1811,6.63,3
audio03.TextGrid,5,7,the,17.780,17.850,DT,1.4587,7.73,2
audio03.TextGrid,5,8,boat,17.850,18.260,NN,11.4718,4.71,3
audio03.TextGrid,6,1,the,19.200,19.340,DT,11.8924,7.73,2
audio03.TextGrid,6,2,old,19.340,19.550,JJ,9.2031,5.75,3
audio03.TextGrid,6,3,man,19.550,19.800,NN,4.4194,5.82,3
audio03.TextGrid,6,4,carried,19.800,20.120,VBD,15.5209,4.77,5
audio03.TextGrid,6,5,the,20.120,20.200,DT,4.1677,7.73,2
audio03.TextGrid,6,6,mast,20.200,20.620,NN,12.2827,3.52,4
audio03.TextGrid,6,7,on,20.620,20.740,IN,11.9293,6.91,2
audio03.TextGrid,6,8,his,20.740,20.910,PRP$,3.1698,6.51,3
audio03.TextGrid,6,9,shoulder,20.910,21.380,NN,10.7821,4.5,5
audio03.TextGrid,6,10,and,21.530,21.630,CC,3.6770,7.41,2
audio03.TextGrid,6,11,the,21.630,21.720,DT,5.0486,7.73,2
audio03.TextGrid,6,12,boy,21.720,22.000,NN,9.3603,5.17,2
audio03.TextGrid,6,13,carried,22.000,22.350,VBD,6.9438,4.77,5
audio03.TextGrid,6,14,the,22.350,22.440,DT,1.3991,7.73,2
audio03.TextGrid,6,15,wooden,22.440,22.770,JJ,13.6121,4.33,5
audio03.TextGrid,6,16,boat,22.770,23.280,NN,12.5729,4.71,3
audio03.TextGrid,6,17,with,23.280,23.410,IN,5.2191,6.85,3
audio03.TextGrid,6,18,the,23.410,23.480,DT,3.6957,7.73,2
audio03.TextGrid,6,19,coiled,23.480,24.020,JJ,20.9067,2.9,4
audio03.TextGrid,6,20,hard,24.020,24.280,NN,13.1593,5.53,4
audio03.TextGrid,6,21,braided,24.280,24.580,VBD,24.9344,3.08,6
audio03.TextGrid,6,22,brown,24.580,24.900,JJ,9.1274,5.01,4
audio03.TextGrid,6,23,lines,24.900,25.440,NNS,10.6201,4.95,4
audio03.TextGrid,6,24,the,25.920,26.000,DT,9.1482,7.73,2
audio03.TextGrid,6,25,gaff,26.000,26.610,NN,21.3208,2.68,3
audio03.TextGrid,6,26,and,26.610,26.720,CC,8.4461,7.41,2
audio03.TextGrid,6,27,the,26.720,26.820,DT,1.5221,7.73,2
audio03.TextGrid,6,28,harpoon,26.820,27.390,NN,19.6442,2.83,6
audio03.TextGrid,6,29,with,27.390,27.580,IN,6.1069,6.85,3
audio03.TextGrid,6,30,its,27.580,27.740,PRP$,8.3227,6.14,3
audio03.TextGrid,6,31,shaft,27.740,28.280,NN,13.5431,3.9,4
audio03.TextGrid,7,1,the,29.120,29.210,DT,11.8924,7.73,2
audio03.TextGrid,7,2,box,29.210,29.560,NN,12.0683,5.04,4
audio03.TextGrid,7,3,with,29.560,29.680,IN,7.7724,6.85,3
audio03.TextGrid,7,4,the,29.680,29.760,DT,2.4689,7.73,2
audio03.TextGrid,7,5,baits,29.760,30.260,NNS,19.4714,2.65,4
audio03.TextGrid,7,6,was,30.260,30.460,VBD,7.1828,6.82,3
audio03.TextGrid,7,7,under,30.460,30.690,IN,10.2907,5.73,4
audio03.TextGrid,7,8,the,30.690,30.820,DT,3.1213,7.73,2
audio03.TextGrid,7,9,stern,30.820,31.260,NN,15.7386,3.9,4
audio03.TextGrid,7,10,of,31.260,31.360,IN,4.7015,7.4,2
audio03.TextGrid,7,11,the,31.360,31.460,DT,1.0271,7.73,2
audio03.TextGrid,7,12,skiff,31.460,31.860,NN,20.9223,2.63,4
audio03.TextGrid,7,13,along,32.000,32.350,IN,14.5611,5.38,4
audio03.TextGrid,7,14,with,32.350,32.470,IN,2.4995,6.85,3
audio03.TextGrid,7,15,the,32.470,32.550,DT,0.6379,7.73,2
audio03.TextGrid,7,16,club,32.550,32.890,NN,11.7444,5.2,4
audio03.TextGrid,7,17,that,32.890,33.060,WDT,6.5774,7.01,3
audio03.TextGrid,7,18,was,33.060,33.200,VBD,3.8915,6.82,3
audio03.TextGrid,7,19,used,33.200,33.470,VBN,12.1667,5.8,4
audio03.TextGrid,7,20,to,33.470,33.590,TO,1.1689,7.43,2
audio03.TextGrid,7,21,subdue,33.590,33.970,VB,23.6446,3.06,5
audio03.TextGrid,7,22,the,33.970,34.070,DT,3.2037,7.73,2
audio03.TextGrid,7,23,big,34.070,34.390,JJ,8.9961,5.67,3
audio03.TextGrid,7,24,fish,34.390,34.650,NN,11.9813,4.9,3
audio03.TextGrid,7,25,when,34.650,34.810,WRB,10.2195,6.37,4
audio03.TextGrid,7,26,they,34.810,34.880,PRP,3.4088,6.5,2
audio03.TextGrid,7,27,were,34.880,35.010,VBD,3.3400,6.34,2
audio03.TextGrid,7,28,brought,35.010,35.240,VBN,9.5969,5.16,4
audio03.TextGrid,7,29,alongside,35.240,35.970,RB,23.5463,4.45,7
audio03.TextGrid,8,1,no,36.990,37.120,DT,13.1520,6.35,2
audio03.TextGrid,8,2,one,37.120,37.300,NN,5.9820,6.47,3
audio03.TextGrid,8,3,would,37.300,37.440,MD,7.5155,6.27,3
audio03.TextGrid,8,4,steal,37.440,37.770,VB,11.0669,4.41,4
audio03.TextGrid,8,5,from,37.770,37.950,IN,7.6243,6.63,4
audio03.TextGrid,8,6,the,37.950,38.050,DT,3.0092,7.73,2
audio03.TextGrid,8,7,old,38.050,38.250,JJ,10.4772,5.75,3
audio03.TextGrid,8,8,man,38.250,38.550,NN,4.8667,5.82,3
audio03.TextGrid,8,9,but,38.550,38.710,CC,8.7846,6.63,3
audio03.TextGrid,8,10,it,38.710,38.800,PRP,5.4201,6.95,2
audio03.TextGrid,8,11,was,38.800,38.940,VBD,2.1401,6.82,3
audio03.TextGrid,8,12,better,38.940,39.220,RBR,8.0341,5.76,4
audio03.TextGrid,8,13,to,39.220,39.310,TO,1.7882,7.43,2
audio03.TextGrid,8,14,take,39.310,39.560,VB,5.1241,5.92,3
audio03.TextGrid,8,15,the,39.560,39.640,DT,3.3303,7.73,2
audio03.TextGrid,8,16,sail,39.640,40.010,NN,13.1169,4.01,3
audio03.TextGrid,8,17,and,40.010,40.090,CC,3.2410,7.41,2
audio03.TextGrid,8,18,the,40.090,40.170,DT,5.8876,7.73,2
audio03.TextGrid,8,19,heavy,40.170,40.430,JJ,12.6195,4.96,4
audio03.TextGrid,8,20,lines,40.430,40.810,NNS,11.7695,4.95,4
audio03.TextGrid,8,21,home,40.810,41.100,NN,9.6590,5.81,3
audio03.TextGrid,8,22,as,41.100,41.250,IN,7.9159,6.77,2
audio03.TextGrid,8,23,the,41.250,41.340,DT,4.3491,7.73,2
audio03.TextGrid,8,24,dew,41.340,41.520,NN,13.4171,3.52,2
audio03.TextGrid,8,25,was,41.520,41.720,VBD,5.1413,6.82,3
audio03.TextGrid,8,26,bad,41.720,42.000,JJ,12.1445,5.53,3
audio03.TextGrid,8,27,for,42.000,42.110,IN,3.9843,7.01,2
audio03.TextGrid,8,28,them,42.110,42.390,PRP,5.0261,6.19,3
audio03.TextGrid,9,1,and,43.130,43.430,CC,13.4350,7.41,3
audio03.TextGrid,9,2,though,43.540,43.720,IN,15.1076,5.5,2
audio03.TextGrid,9,3,he,43.720,43.800,PRP,6.1886,6.69,2
audio03.TextGrid,9,4,was,43.800,43.970,VBD,2.6168,6.82,3
audio03.TextGrid,9,5,quite,43.970,44.240,RB,9.7224,5.29,4
audio03.TextGrid,9,6,sure,44.240,44.500,JJ,8.1853,5.67,3
audio03.TextGrid,9,7,no,44.500,44.660,DT,11.3165,6.35,2
audio03.TextGrid,9,8,local,44.660,45.010,JJ,12.9310,5.43,5
audio03.TextGrid,9,9,people,45.010,45.380,NNS,6.5976,6.25,5
audio03.TextGrid,9,10,would,45.380,45.560,MD,5.1528,6.27,3
audio03.TextGrid,9,11,steal,45.560,45.850,VB,12.0509,4.41,4
audio03.TextGrid,9,12,from,45.850,46.080,IN,4.9523,6.63,4
audio03.TextGrid,9,13,him,46.080,46.230,PRP,1.8363,6.11,3
audio03.TextGrid,9,14,the,46.550,46.660,DT,6.6557,7.73,2
audio03.TextGrid,9,15,old,46.660,46.840,JJ,10.3981,5.75,3
audio03.TextGrid,9,16,man,46.840,47.080,NN,4.3666,5.82,3
audio03.TextGrid,9,17,thought,47.080,47.290,VBD,9.9851,5.59,3
audio03.TextGrid,9,18,that,47.290,47.460,IN,3.6043,7.01,3
audio03.TextGrid,9,19,a,47.460,47.500,DT,5.9391,7.36,1
audio03.TextGrid,9,20,gaff,47.500,47.910,NN,19.0215,2.68,3
audio03.TextGrid,9,21,and,47.910,48.050,CC,8.2513,7.41,3
audio03.TextGrid,9,22,a,48.050,48.090,DT,2.3911,7.36,1
audio03.TextGrid,9,23,harpoon,48.090,48.670,NN,19.5045,2.83,6
audio03.TextGrid,9,24,were,48.670,48.790,VBD,3.5939,6.34,2
audio03.TextGrid,9,25,needless,48.790,49.190,JJ,18.2632,3.66,6
audio03.TextGrid,9,26,temptations,49.190,49.900,NNS,20.8915,3.16,9
audio03.TextGrid,9,27,to,49.900,50.020,TO,4.3200,7.43,2
audio03.TextGrid,9,28,leave,50.020,50.220,VB,8.0930,5.34,3
audio03.TextGrid,9,29,in,50.220,50.300,IN,6.6536,7.27,2
audio03.TextGrid,9,30,a,50.300,50.350,DT,4.2689,7.36,1
audio03.TextGrid,9,31,boat,50.350,50.800,NN,10.5462,4.71,3
audio03.TextGrid,10,1,they,52.500,52.600,PRP,20.3883,6.5,2
audio03.TextGrid,10,2,walked,52.600,52.880,VBD,12.1097,4.67,4
audio03.TextGrid,10,3,up,52.880,52.990,RP,4.4622,6.39,2
audio03.TextGrid,10,4,the,52.990,53.070,DT,5.3966,7.73,2
audio03.TextGrid,10,5,road,53.070,53.370,NN,5.3058,5.24,3
audio03.TextGrid,10,6,together,53.370,53.700,RB,12.5507,5.46,6
audio03.TextGrid,10,7,to,53.700,53.800,TO,5.9809,7.43,2
audio03.TextGrid,10,8,the,53.800,53.920,DT,2.8495,7.73,2
audio03.TextGrid,10,9,old,53.920,54.200,JJ,9.9966,5.75,3
audio03.TextGrid,10,10,man,54.200,54.350,NN,5.0061,5.82,3
audio03.TextGrid,10,11,s,54.350,54.380,VBZ,7.7329,5.86,1
audio03.TextGrid,10,12,shack,54.380,54.790,NN,26.0429,3.43,3
audio03.TextGrid,10,13,and,54.790,54.930,CC,4.2413,7.41,3
audio03.TextGrid,10,14,went,54.930,55.130,VBD,8.0480,5.5,4
audio03.TextGrid,10,15,in,55.130,55.280,IN,5.1737,7.27,2
audio03.TextGrid,10,16,through,55.280,55.470,IN,8.4608,5.87,3
audio03.TextGrid,10,17,its,55.470,55.610,PRP$,9.4529,6.14,3
audio03.TextGrid,10,18,open,55.610,55.890,JJ,5.8346,5.48,4
audio03.TextGrid,10,19,door,55.890,56.260,NN,6.9020,5.08,3
audio03.TextGrid,11,1,the,56.900,57.040,DT,11.8924,7.73,2
audio03.TextGrid,11,2,old,57.040,57.210,JJ,9.2031,5.75,3
audio03.TextGrid,11,3,man,57.210,57.450,NN,4.4194,5.82,3
audio03.TextGrid,11,4,leaned,57.450,57.690,VBD,22.4393,3.41,4
audio03.TextGrid,11,5,the,57.690,57.760,DT,4.4907,7.73,2
audio03.TextGrid,11,6,mast,57.760,58.170,NN,13.0771,3.52,4
audio03.TextGrid,11,7,with,58.170,58.280,IN,9.5443,6.85,3
audio03.TextGrid,11,8,its,58.280,58.480,PRP$,9.1878,6.14,3
audio03.TextGrid,11,9,wrapped,58.480,58.790,JJ,15.5491,4.15,4
audio03.TextGrid,11,10,sail,58.790,59.130,NN,12.8657,4.01,3
audio03.TextGrid,11,11,against,59.130,59.420,IN,10.2360,5.68,6
audio03.TextGrid,11,12,the,59.420,59.510,DT,1.4282,7.73,2
audio03.TextGrid,11,13,wall,59.510,59.890,NN,8.6383,5.04,3
audio03.TextGrid,12,1,and,60.550,60.630,CC,13.4350,7.41,2
audio03.TextGrid,12,2,the,60.630,60.700,DT,6.4323,7.73,2
audio03.TextGrid,12,3,boy,60.700,60.910,NN,9.0131,5.17,2
audio03.TextGrid,12,4,put,60.910,61.090,VBD,11.6931,5.66,3
audio03.TextGrid,12,5,the,61.090,61.170,DT,4.3355,7.73,2
audio03.TextGrid,12,6,box,61.170,61.560,NN,9.0731,5.04,4
audio03.TextGrid,12,7,and,61.560,61.630,CC,5.9915,7.41,2
audio03.TextGrid,12,8,the,61.630,61.800,DT,3.3258,7.73,2
audio03.TextGrid,12,9,other,61.800,61.950,JJ,8.1447,6.16,3
audio03.TextGrid,12,10,gear,61.950,62.200,JJ,11.6582,4.46,3
audio03.TextGrid,12,11,beside,62.200,62.650,IN,19.8693,4.19,5
audio03.TextGrid,12,12,it,62.650,62.800,PRP,3.6976,6.95,2
audio03.TextGrid,13,1,the,63.550,63.630,DT,11.8924,7.73,2
audio03.TextGrid,13,2,mast,63.630,63.980,NN,12.7927,3.52,4
audio03.TextGrid,13,3,was,63.980,64.160,VBD,16.4198,6.82,3
audio03.TextGrid,13,4,nearly,64.160,64.450,RB,12.2783,5.0,5
audio03.TextGrid,13,5,as,64.450,64.590,RB,7.1492,6.77,2
audio03.TextGrid,13,6,long,64.590,64.860,RB,7.7295,5.81,3
audio03.TextGrid,13,7,as,64.860,65.000,IN,0.7547,6.77,2
audio03.TextGrid,13,8,the,65.000,65.060,DT,2.3016,7.73,2
audio03.TextGrid,13,9,one,65.060,65.310,CD,8.5825,6.47,3
audio03.TextGrid,13,10,room,65.310,65.540,NN,9.2598,5.39,3
audio03.TextGrid,13,11,of,65.540,65.610,IN,5.2447,7.4,2
audio03.TextGrid,13,12,the,65.610,65.720,DT,1.2375,7.73,2
audio03.TextGrid,13,13,shack,65.720,66.180,NN,14.2853,3.43,3
audio03.TextGrid,14,1,the,66.890,66.970,DT,11.8924,7.73,2
audio03.TextGrid,14,2,shack,66.970,67.260,NN,16.0045,3.43,3
audio03.TextGrid,14,3,was,67.260,67.430,VBD,9.6927,6.82,3
audio03.TextGrid,14,4,made,67.430,67.680,VBN,7.8117,5.92,3
audio03.TextGrid,14,5,of,67.680,67.760,IN,5.1921,7.4,2
audio03.TextGrid,14,6,the,67.760,67.850,DT,5.8511,7.73,2
audio03.TextGrid,14,7,tough,67.850,68.160,JJ,11.7864,4.77,3
audio03.TextGrid,14,8,budshields,68.160,68.900,NNS,43.7183,0.0,8
audio03.TextGrid,14,9,of,68.900,68.970,IN,2.0623,7.4,2
audio03.TextGrid,14,10,the,68.970,69.090,DT,2.6811,7.73,2
audio03.TextGrid,14,11,royal,69.090,69.430,NN,10.8260,4.85,4
audio03.TextGrid,14,12,palm,69.430,69.950,NN,13.0499,4.23,3
audio03.TextGrid,14,13,which,69.950,70.180,WDT,7.6842,6.3,3
audio03.TextGrid,14,14,are,70.180,70.320,VBP,5.8618,6.74,2
audio03.TextGrid,14,15,called,70.320,70.690,VBN,10.0330,5.59,4
audio03.TextGrid,14,16,guano,70.690,71.280,NN,24.0827,2.61,5
audio03.TextGrid,14,17,and,71.610,71.950,CC,9.8226,7.41,3
audio03.TextGrid,14,18,in,71.950,72.010,IN,7.4643,7.27,2
audio03.TextGrid,14,19,it,72.010,72.200,PRP,7.6869,6.95,2
audio03.TextGrid,14,20,there,72.200,72.380,EX,5.6417,6.31,3
audio03.TextGrid,14,21,was,72.380,72.550,VBD,6.8244,6.82,3
audio03.TextGrid,14,22,a,72.550,72.590,DT,1.6464,7.36,1
audio03.TextGrid,14,23,bed,72.590,73.020,NN,10.4230,5.07,3
audio03.TextGrid,14,24,a,73.400,73.480,DT,8.8229,7.36,1
audio03.TextGrid,14,25,table,73.480,73.990,JJ,12.1309,5.05,5
audio03.TextGrid,14,26,one,74.140,74.400,CD,10.1956,6.47,3
audio03.TextGrid,14,27,chair,74.400,74.810,NN,13.8194,4.69,3
audio03.TextGrid,15,1,and,75.190,75.290,CC,13.4350,7.41,2
audio03.TextGrid,15,2,a,75.290,75.340,DT,7.0721,7.36,1
audio03.TextGrid,15,3,place,75.340,75.690,NN,11.9939,5.71,4
audio03.TextGrid,15,4,on,75.690,75.820,IN,6.5291,6.91,2
audio03.TextGrid,15,5,the,75.820,75.900,DT,1.1792,7.73,2
audio03.TextGrid,15,6,dirt,75.900,76.210,NN,13.0036,4.24,3
audio03.TextGrid,15,7,floor,76.210,76.560,NN,8.4135,4.94,4
audio03.TextGrid,15,8,to,76.560,76.680,TO,5.2950,7.43,2
audio03.TextGrid,15,9,cook,76.680,76.930,VB,11.8664,4.65,3
audio03.TextGrid,15,10,with,76.930,77.070,IN,4.9104,6.85,3
audio03.TextGrid,15,11,charcoal,77.070,77.690,NN,21.2579,3.58,6
audio03.TextGrid,16,1,on,78.400,78.510,IN,12.4180,6.91,2
audio03.TextGrid,16,2,the,78.510,78.580,DT,2.4765,7.73,2
audio03.TextGrid,16,3,brown,78.580,78.880,JJ,14.7915,5.01,4
audio03.TextGrid,16,4,walls,78.880,79.300,NNS,12.9551,4.62,4
audio03.TextGrid,16,5,of,79.300,79.380,IN,2.2702,7.4,2
audio03.TextGrid,16,6,the,79.380,79.480,DT,2.4383,7.73,2
audio03.TextGrid,16,7,flattened,79.480,79.950,JJ,28.1031,3.36,7
audio03.TextGrid,16,8,overlapping,79.950,80.510,VBG,22.9844,3.56,8
audio03.TextGrid,16,9,leaves,80.510,80.940,NNS,14.1585,4.79,4
audio03.TextGrid,16,10,of,80.940,81.020,IN,5.2079,7.4,2
audio03.TextGrid,16,11,the,81.020,81.130,DT,2.8207,7.73,2
audio03.TextGrid,16,12,sturdy,81.130,81.540,NN,18.3069,3.44,5
audio03.TextGrid,16,13,fibered,81.540,82.030,VBD,23.8556,1.51,5
audio03.TextGrid,16,14,guano,82.030,82.510,NN,26.2430,2.61,5
audio03.TextGrid,16,15,there,82.510,82.630,RB,12.9977,6.31,3
audio03.TextGrid,17,1,was,83.050,83.260,VBD,15.4838,6.82,3
audio03.TextGrid,17,2,a,83.260,83.320,DT,6.7224,7.36,1
audio03.TextGrid,17,3,picture,83.320,83.750,NN,10.1649,5.13,5
audio03.TextGrid,17,4,in,83.750,83.900,IN,7.7124,7.27,2
audio03.TextGrid,17,5,color,83.900,84.290,NN,11.4824,4.91,4
audio03.TextGrid,17,6,of,84.290,84.380,IN,4.4727,7.4,2
audio03.TextGrid,17,7,the,84.380,84.480,DT,2.0873,7.73,2
audio03.TextGrid,17,8,sacred,84.480,84.860,JJ,11.9951,4.24,6
audio03.TextGrid,17,9,heart,84.860,85.050,NN,9.2663,5.31,4
audio03.TextGrid,17,10,of,85.050,85.120,IN,1.4313,7.4,2
audio03.TextGrid,17,11,jesus,85.120,85.660,NN,10.2632,4.99,5
audio03.TextGrid,17,12,and,85.960,86.070,CC,5.1330,7.41,3
audio03.TextGrid,17,13,another,86.070,86.460,DT,7.6221,5.74,5
audio03.TextGrid,17,14,of,86.460,86.530,IN,7.1927,7.4,2
audio03.TextGrid,17,15,the,86.530,86.630,DT,1.5144,7.73,2
audio03.TextGrid,17,16,virgin,86.630,86.980,NN,9.2512,4.35,5
audio03.TextGrid,17,17,of,86.980,87.050,IN,5.3111,7.4,2
audio03.TextGrid,17,18,cobre,87.050,87.600,NN,21.9857,1.78,5
audio03.TextGrid,18,1,these,88.540,88.770,DT,16.1816,6.04,3
audio03.TextGrid,18,2,were,88.770,88.920,VBD,8.1897,6.34,2
audio03.TextGrid,18,3,relics,88.920,89.260,NNS,21.3094,3.46,6
audio03.TextGrid,18,4,of,89.260,89.370,IN,3.0350,7.4,2
audio03.TextGrid,18,5,his,89.370,89.560,PRP$,7.3092,6.51,3
audio03.TextGrid,18,6,wife,89.560,89.930,NN,8.3027,5.23,3
audio03.TextGrid,19,1,once,90.460,90.830,RB,17.4681,5.53,4
audio03.TextGrid,19,2,there,90.830,91.020,EX,8.6227,6.31,3
audio03.TextGrid,19,3,had,91.020,91.160,VBD,6.6802,6.33,3
audio03.TextGrid,19,4,been,91.160,91.310,VBN,1.3433,6.27,3
audio03.TextGrid,19,5,a,91.310,91.380,DT,2.4254,7.36,1
audio03.TextGrid,19,6,tinted,91.380,91.730,JJ,22.8213,3.27,6
audio03.TextGrid,19,7,photograph,91.730,92.240,NN,13.8017,4.23,8
audio03.TextGrid,19,8,of,92.240,92.340,IN,1.3843,7.4,2
audio03.TextGrid,19,9,his,92.340,92.500,PRP$,5.5932,6.51,3
audio03.TextGrid,19,10,wife,92.500,92.780,NN,7.2814,5.23,3
audio03.TextGrid,19,11,on,92.780,92.900,IN,6.5782,6.91,2
audio03.TextGrid,19,12,the,92.900,92.960,DT,1.1678,7.73,2
audio03.TextGrid,19,13,wall,92.960,93.310,NN,9.4639,5.04,3
audio03.TextGrid,19,14,but,93.310,93.480,CC,12.8819,6.63,3
audio03.TextGrid,19,15,he,93.480,93.560,PRP,4.3444,6.69,2
audio03.TextGrid,19,16,had,93.560,93.710,VBD,5.7985,6.33,3
audio03.TextGrid,19,17,taken,93.710,93.990,VBN,10.5950,5.33,5
audio03.TextGrid,19,18,it,93.990,94.100,PRP,3.3595,6.95,2
audio03.TextGrid,19,19,down,94.100,94.460,RP,5.0197,5.88,3
audio03.TextGrid,19,20,because,94.460,94.780,IN,10.7204,6.03,5
audio03.TextGrid,19,21,it,94.780,94.890,PRP,3.1065,6.95,2
audio03.TextGrid,19,22,made,94.890,95.090,VBD,7.0434,5.92,3
audio03.TextGrid,19,23,him,95.090,95.180,PRP,0.7997,6.11,2
audio03.TextGrid,19,24,too,95.180,95.420,RB,13.2145,5.95,2
audio03.TextGrid,19,25,lonely,95.420,95.770,RB,14.2199,4.25,5
audio03.TextGrid,19,26,to,95.770,95.900,TO,1.2177,7.43,2
audio03.TextGrid,19,27,see,95.900,96.120,VB,3.6381,6.1,2
audio03.TextGrid,19,28,it,96.120,96.260,PRP,4.1232,6.95,2
audio03.TextGrid,20,1,and,96.740,96.830,CC,13.4350,7.41,2
audio03.TextGrid,20,2,it,96.830,96.900,PRP,5.5950,6.95,2
audio03.TextGrid,20,3,was,96.900,97.020,VBD,3.4879,6.82,3
audio03.TextGrid,20,4,on,97.020,97.150,IN,6.0995,6.91,2
audio03.TextGrid,20,5,the,97.150,97.230,DT,2.3968,7.73,2
audio03.TextGrid,20,6,shelf,97.230,97.510,NN,15.9583,4.02,4
audio03.TextGrid,20,7,in,97.510,97.600,IN,5.6885,7.27,2
audio03.TextGrid,20,8,the,97.600,97.660,DT,1.2290,7.73,2
audio03.TextGrid,20,9,corner,97.660,98.120,NN,8.8782,4.75,5
audio03.TextGrid,20,10,under,98.120,98.340,IN,12.5932,5.73,4
audio03.TextGrid,20,11,his,98.340,98.480,PRP$,6.5448,6.51,3
audio03.TextGrid,20,12,clean,98.480,98.820,JJ,12.4347,4.97,4
audio03.TextGrid,20,13,shirt,98.820,99.270,NN,9.8252,4.63,3
audio03.TextGrid,21,1,what,100.590,100.790,WP,13.9100,6.38,3
audio03.TextGrid,21,2,do,100.790,100.850,VBP,5.4937,6.35,2
audio03.TextGrid,21,3,you,100.850,100.980,PRP,1.0650,6.98,2
audio03.TextGrid,21,4,have,100.980,101.120,VB,5.4869,6.71,3
audio03.TextGrid,21,5,to,101.120,101.270,TO,1.4344,7.43,2
audio03.TextGrid,21,6,eat,101.270,101.650,VB,10.0686,5.13,2
audio03.TextGrid,21,7,the,101.840,101.920,DT,8.4278,7.73,2
audio03.TextGrid,21,8,boy,101.920,102.220,NN,10.9369,5.17,2
audio03.TextGrid,21,9,asked,102.220,102.630,VBD,20.2031,5.3,3
audio03.TextGrid,22,1,a,103.420,103.510,DT,5.6876,7.36,1
audio03.TextGrid,22,2,pot,103.510,103.760,NN,17.4212,4.4,3
audio03.TextGrid,22,3,of,103.760,103.870,IN,9.1097,7.4,2
audio03.TextGrid,22,4,yellow,103.870,104.160,JJ,11.5693,4.69,4
audio03.TextGrid,22,5,rice,104.160,104.520,NN,11.5327,4.55,3
audio03.TextGrid,22,6,with,104.520,104.650,IN,6.8303,6.85,3
audio03.TextGrid,22,7,fish,104.690,105.040,JJ,10.5732,4.9,3
audio03.TextGrid,22,8,do,105.040,105.120,VBP,10.5022,6.35,2
audio03.TextGrid,22,9,you,105.320,105.430,PRP,7.5303,6.98,2
audio03.TextGrid,22,10,want,105.430,105.730,VB,3.7579,6.04,4
audio03.TextGrid,23,1,some,105.730,106.060,DT,14.6912,6.2,3
audio03.TextGrid,23,2,no,106.880,107.250,DT,10.7798,6.35,2
audio03.TextGrid,23,3,i,107.500,107.640,NN,8.5790,7.09,1
audio03.TextGrid,23,4,will,107.640,107.820,MD,8.1699,6.45,3
audio03.TextGrid,23,5,eat,107.820,107.950,VB,10.8931,5.13,2
audio03.TextGrid,23,6,at,107.950,108.050,IN,8.5372,6.7,2
audio03.TextGrid,23,7,home,108.050,108.220,NN,4.9535,5.81,3
audio03.TextGrid,23,8,do,108.220,108.370,VBP,9.4620,6.35,2
audio03.TextGrid,23,9,you,108.910,109.010,PRP,2.9236,6.98,2
audio03.TextGrid,23,10,want,109.010,109.240,VB,5.1033,6.04,4
audio03.TextGrid,23,11,me,109.240,109.360,PRP,2.1859,6.48,2
audio03.TextGrid,23,12,to,109.360,109.430,TO,0.3093,7.43,2
audio03.TextGrid,23,13,make,109.430,109.600,VB,6.6250,6.08,3
audio03.TextGrid,23,14,the,109.600,109.680,DT,5.2252,7.73,2
audio03.TextGrid,23,15,fire,109.680,110.120,NN,8.3644,5.3,3
audio03.TextGrid,24,1,no,110.870,111.120,DT,13.1520,6.35,2
audio03.TextGrid,24,2,i,111.120,111.150,NN,7.6280,7.09,1
audio03.TextGrid,24,3,will,111.150,111.530,MD,6.5571,6.45,3
audio03.TextGrid,24,4,make,111.530,111.760,VB,9.6006,6.08,3
audio03.TextGrid,24,5,it,111.760,111.870,PRP,3.5460,6.95,2
audio03.TextGrid,24,6,later,111.870,112.150,RB,14.3226,5.49,4
audio03.TextGrid,24,7,on,112.150,112.410,IN,8.2221,6.91,2
audio03.TextGrid,25,1,or,112.960,113.220,CC,11.8275,6.54,2
audio03.TextGrid,25,2,i,113.220,113.340,NN,13.9655,7.09,1
audio03.TextGrid,25,3,may,113.340,113.480,MD,9.7658,5.98,2
audio03.TextGrid,25,4,eat,113.480,113.730,VB,10.6904,5.13,2
audio03.TextGrid,25,5,the,113.730,113.850,DT,3.9018,7.73,2
audio03.TextGrid,25,6,rice,113.850,114.160,NN,10.2797,4.55,3
audio03.TextGrid,25,7,cold,114.160,114.700,NN,10.6295,5.02,4
audio03.TextGrid,26,1,may,115.910,116.070,MD,15.4415,5.98,2
audio03.TextGrid,26,2,i,116.070,116.220,VB,12.5907,7.09,1
audio03.TextGrid,26,3,take,116.220,116.460,VB,9.4126,5.92,3
audio03.TextGrid,26,4,the,116.460,116.540,DT,3.9923,7.73,2
audio03.TextGrid,26,5,cast,116.540,116.930,JJ,14.4511,4.79,4
audio03.TextGrid,26,6,net,116.930,117.210,NN,17.2402,4.76,3
audio03.TextGrid,26,7,of,118.050,118.170,IN,7.8029,7.4,2
audio03.TextGrid,26,8,course,118.170,118.760,NN,11.0661,5.44,4
audio03.TextGrid,27,1,there,120.650,120.800,EX,14.3662,6.31,3
audio03.TextGrid,27,2,was,120.800,121.070,VBD,4.4608,6.82,3
audio03.TextGrid,27,3,no,121.070,121.260,DT,4.4489,6.35,2
audio03.TextGrid,27,4,cast,121.260,121.690,JJ,13.9779,4.79,4
audio03.TextGrid,27,5,net,121.690,121.930,NN,18.7733,4.76,3
audio03.TextGrid,27,6,and,121.930,122.000,CC,7.2007,7.41,2
audio03.TextGrid,27,7,the,122.000,122.070,DT,5.0679,7.73,2
audio03.TextGrid,27,8,boy,122.070,122.260,NN,11.3783,5.17,2
audio03.TextGrid,27,9,remembered,122.260,122.740,VBD,13.3605,4.33,8
audio03.TextGrid,27,10,when,122.740,122.910,WRB,8.2698,6.37,3
audio03.TextGrid,27,11,they,122.910,123.010,PRP,3.7392,6.5,2
audio03.TextGrid,27,12,had,123.010,123.170,VBD,4.2318,6.33,3
audio03.TextGrid,27,13,sold,123.170,123.500,VBN,9.3652,4.97,4
audio03.TextGrid,27,14,it,123.500,123.700,PRP,5.5097,6.95,2
audio03.TextGrid,28,1,but,124.270,124.400,CC,16.1685,6.63,3
audio03.TextGrid,28,2,they,124.400,124.500,PRP,9.2305,6.5,2
audio03.TextGrid,28,3,went,124.500,124.760,VBD,8.8731,5.5,4
audio03.TextGrid,28,4,through,124.760,124.890,IN,5.7575,5.87,3
audio03.TextGrid,28,5,this,124.890,125.120,DT,6.1392,6.82,3
audio03.TextGrid,28,6,fiction,125.120,125.480,NN,12.4259,4.44,6
audio03.TextGrid,28,7,every,125.480,125.690,DT,10.6457,5.79,4
audio03.TextGrid,28,8,day,125.690,126.100,NN,2.4269,5.95,2
audio03.TextGrid,29,1,there,126.590,126.710,EX,14.3662,6.31,3
audio03.TextGrid,29,2,was,126.710,126.850,VBD,4.4608,6.82,3
audio03.TextGrid,29,3,no,126.850,127.030,DT,4.4489,6.35,2
audio03.TextGrid,29,4,pot,127.030,127.290,NN,11.4358,4.4,3
audio03.TextGrid,29,5,of,127.290,127.400,IN,8.0086,7.4,2
audio03.TextGrid,29,6,yellow,127.400,127.700,JJ,12.2918,4.69,4
audio03.TextGrid,29,7,rice,127.700,127.970,NN,10.9237,4.55,3
audio03.TextGrid,29,8,and,127.970,128.100,CC,4.5754,7.41,3
audio03.TextGrid,29,9,fish,128.120,128.480,NN,11.4954,4.9,3
audio03.TextGrid,30,1,and,129.000,129.110,CC,13.4350,7.41,2
audio03.TextGrid,30,2,the,129.110,129.190,DT,6.4323,7.73,2
audio03.TextGrid,30,3,boy,129.190,129.410,NN,9.0131,5.17,2
audio03.TextGrid,30,4,knew,129.410,129.640,VBD,10.7318,5.2,3
audio03.TextGrid,30,5,this,129.640,129.970,DT,5.5204,6.82,3
audio03.TextGrid,30,6,too,129.970,130.390,RB,10.4557,5.95,2
audio03.TextGrid,30,7,eighty,131.850,132.200,JJ,19.2901,3.75,3
audio03.TextGrid,30,8,five,132.200,132.600,CD,9.3479,5.45,3
audio03.TextGrid,30,9,is,132.600,132.720,VBZ,9.2153,7.07,2
audio03.TextGrid,30,10,a,132.720,132.800,DT,2.7796,7.36,1
audio03.TextGrid,30,11,lucky,132.800,133.100,JJ,13.2672,4.77,4
audio03.TextGrid,30,12,number,133.100,133.620,NN,10.5081,5.62,5
audio03.TextGrid,30,13,the,133.860,133.990,DT,10.6510,7.73,2
audio03.TextGrid,30,14,old,133.990,134.170,JJ,7.8407,5.75,3
audio03.TextGrid,30,15,man,134.170,134.430,NN,3.1957,5.82,3
audio03.TextGrid,30,16,said,134.430,134.810,VBD,6.5372,6.01,3
audio03.TextGrid,31,1,how,135.500,135.650,WRB,14.0279,6.24,2
audio03.TextGrid,31,2,would,135.650,135.780,MD,9.1381,6.27,3
audio03.TextGrid,31,3,you,135.780,135.870,PRP,1.4656,6.98,2
audio03.TextGrid,31,4,like,135.870,136.080,VB,1.6812,6.41,3
audio03.TextGrid,31,5,to,136.080,136.160,TO,0.5047,7.43,2
audio03.TextGrid,31,6,see,136.160,136.330,VB,5.5587,6.1,2
audio03.TextGrid,31,7,me,136.330,136.470,PRP,5.9174,6.48,2
audio03.TextGrid,31,8,bring,136.470,136.680,VBG,10.1129,5.27,4
audio03.TextGrid,31,9,one,136.680,136.920,CD,10.4382,6.47,3
audio03.TextGrid,31,10,in,136.920,137.100,IN,6.5848,7.27,2
audio03.TextGrid,31,11,that,137.100,137.310,DT,8.9395,7.01,3
audio03.TextGrid,31,12,dressed,137.310,137.610,VBD,17.8039,4.42,5
audio03.TextGrid,31,13,out,137.610,137.830,RP,7.4467,6.38,2
audio03.TextGrid,31,14,over,137.830,138.070,IN,11.1047,6.08,3
audio03.TextGrid,31,15,a,138.070,138.130,DT,3.9151,7.36,1
audio03.TextGrid,31,16,thousand,138.130,138.630,CD,10.6137,4.64,6
audio03.TextGrid,31,17,pounds,138.630,139.170,NNS,11.1150,4.53,5
audio03.TextGrid,32,1,i,139.170,139.210,NN,5.7704,7.09,1
audio03.TextGrid,32,2,ll,141.000,141.170,VBP,21.2778,4.66,2
audio03.TextGrid,32,3,get,141.170,141.300,VB,13.7107,6.28,3
audio03.TextGrid,32,4,the,141.300,141.400,DT,3.7437,7.73,2
audio03.TextGrid,32,5,cast,141.400,141.780,NN,12.7566,4.79,4
audio03.TextGrid,32,6,net,141.780,141.910,NN,15.9215,4.76,3
audio03.TextGrid,32,7,and,141.910,142.030,CC,6.6474,7.41,2
audio03.TextGrid,32,8,go,142.030,142.190,VB,7.5876,6.03,2
audio03.TextGrid,32,9,for,142.190,142.330,IN,4.7466,7.01,2
audio03.TextGrid,32,10,sardines,142.330,143.020,NNS,26.4150,2.93,7
audio03.TextGrid,32,11,will,143.340,143.480,MD,11.3863,6.45,3
audio03.TextGrid,32,12,you,143.480,143.610,PRP,4.3069,6.98,2
audio03.TextGrid,32,13,sit,143.610,143.800,VB,14.0893,4.9,3
audio03.TextGrid,32,14,in,143.800,143.880,IN,3.8948,7.27,2
audio03.TextGrid,32,15,the,143.880,143.960,DT,2.1711,7.73,2
audio03.TextGrid,32,16,sun,143.960,144.250,NN,7.7989,4.97,3
audio03.TextGrid,32,17,in,144.250,144.330,IN,6.4915,7.27,2
audio03.TextGrid,32,18,the,144.330,144.400,DT,1.8352,7.73,2
audio03.TextGrid,32,19,doorway,144.400,144.840,NN,15.9221,3.51,5
audio03.TextGrid,33,1,yes,145.950,146.370,RB,15.5535,5.5,3
audio03.TextGrid,33,2,i,146.800,146.960,NN,6.4679,7.09,1
audio03.TextGrid,33,3,have,146.960,147.120,VBP,4.4730,6.71,3
audio03.TextGrid,33,4,yesterday,147.120,147.530,NN,19.8568,4.91,7
audio03.TextGrid,33,5,s,147.530,147.570,VBN,6.0742,5.86,1
audio03.TextGrid,33,6,paper,147.570,148.080,NN,20.8390,5.07,4
audio03.TextGrid,33,7,and,148.220,148.370,CC,5.0344,7.41,2
audio03.TextGrid,33,8,i,148.370,148.460,NN,3.0814,7.09,1
audio03.TextGrid,33,9,will,148.460,148.650,MD,4.2301,6.45,3
audio03.TextGrid,33,10,read,148.650,148.820,VB,7.3523,5.54,3
audio03.TextGrid,33,11,the,148.820,148.900,DT,3.1363,7.73,2
audio03.TextGrid,33,12,baseball,148.900,149.530,NN,17.7293,4.54,6
audio03.TextGrid,34,1,the,150.980,151.070,DT,11.8924,7.73,2
audio03.TextGrid,34,2,boy,151.070,151.260,NN,11.2449,5.17,2
audio03.TextGrid,34,3,did,151.260,151.450,VBD,10.9349,5.96,3
audio03.TextGrid,34,4,not,151.450,151.660,RB,2.5820,6.69,3
audio03.TextGrid,34,5,know,151.660,151.830,VB,4.8219,6.1,2
audio03.TextGrid,34,6,whether,151.830,152.110,IN,13.3868,5.32,4
audio03.TextGrid,34,7,yesterday,152.110,152.620,NN,14.3455,4.91,7
audio03.TextGrid,34,8,s,152.620,152.670,VBP,6.4955,5.86,1
audio03.TextGrid,34,9,paper,152.670,152.990,NN,20.4124,5.07,4
audio03.TextGrid,34,10,was,152.990,153.160,VBD,3.3984,6.82,3
audio03.TextGrid,34,11,a,153.160,153.230,DT,2.6901,7.36,1
audio03.TextGrid,34,12,fiction,153.230,153.620,NN,11.3863,4.44,6
audio03.TextGrid,34,13,too,153.620,154.070,RB,13.7408,5.95,2
audio03.TextGrid,34,14,but,154.410,154.520,CC,7.3585,6.63,3
audio03.TextGrid,34,15,the,154.520,154.630,DT,4.0379,7.73,2
audio03.TextGrid,34,16,old,154.630,154.820,JJ,9.4706,5.75,3
audio03.TextGrid,34,17,man,154.820,155.070,NN,3.0327,5.82,3
audio03.TextGrid,34,18,brought,155.070,155.290,VBD,10.8851,5.16,4
audio03.TextGrid,34,19,it,155.290,155.390,PRP,1.6988,6.95,2
audio03.TextGrid,34,20,out,155.390,155.590,RP,5.3334,6.38,2
audio03.TextGrid,34,21,from,155.590,155.730,IN,8.0836,6.63,3
audio03.TextGrid,34,22,under,155.730,155.910,IN,5.3964,5.73,4
audio03.TextGrid,34,23,the,155.910,156.010,DT,1.5986,7.73,2
audio03.TextGrid,34,24,bed,156.010,156.410,NN,7.3871,5.07,3
audio03.TextGrid,35,1,perico,157.540,157.990,NNS,26.7424,1.53,6
audio03.TextGrid,35,2,gave,157.990,158.200,VBD,17.2568,5.25,3
audio03.TextGrid,35,3,it,158.200,158.310,PRP,8.0567,6.95,2
audio03.TextGrid,35,4,to,158.310,158.380,TO,2.6340,7.43,2
audio03.TextGrid,35,5,me,158.380,158.540,PRP,5.2257,6.48,2
audio03.TextGrid,35,6,at,158.540,158.610,IN,7.6597,6.7,2
audio03.TextGrid,35,7,the,158.610,158.700,DT,2.4506,7.73,2
audio03.TextGrid,35,8,bodega,158.700,159.270,NN,26.8873,2.74,6
audio03.TextGrid,36,1,he,159.440,159.570,PRP,13.2074,6.69,2
audio03.TextGrid,36,2,explained,159.570,160.190,VBD,18.8194,4.59,8
audio03.TextGrid,36,3,i,161.180,161.210,JJ,9.1237,7.09,1
audio03.TextGrid,36,4,ll,161.730,161.860,NN,14.4060,4.66,2
audio03.TextGrid,36,5,be,161.860,162.000,VB,7.9376,6.79,2
audio03.TextGrid,36,6,back,162.000,162.250,RB,10.4888,6.04,3
audio03.TextGrid,36,7,when,162.250,162.350,WRB,7.4824,6.37,3
audio03.TextGrid,36,8,i,162.350,162.450,NN,1.7884,7.09,1
audio03.TextGrid,36,9,have,162.450,162.590,VBP,6.4099,6.71,3
audio03.TextGrid,36,10,the,162.590,162.660,DT,5.1739,7.73,2
audio03.TextGrid,36,11,sardines,162.660,163.340,NNS,25.8783,2.93,7
audio03.TextGrid,36,12,i,163.680,163.770,VBP,4.2692,7.09,1
audio03.TextGrid,36,13,ll,163.770,163.820,VBP,9.6829,4.66,1
audio03.TextGrid,36,14,keep,163.820,164.070,VB,11.0694,5.66,3
audio03.TextGrid,36,15,yours,164.070,164.410,NNS,11.2005,4.75,4
audio03.TextGrid,36,16,and,164.410,164.620,CC,6.4714,7.41,3
audio03.TextGrid,36,17,mine,164.620,164.880,VB,13.2188,5.04,3
audio03.TextGrid,36,18,together,164.880,165.250,RB,7.8993,5.46,6
audio03.TextGrid,36,19,on,165.250,165.420,IN,7.0326,6.91,2
audio03.TextGrid,36,20,ice,165.420,165.750,NN,13.0047,5.0,2
audio03.TextGrid,36,21,and,165.750,165.820,CC,3.0379,7.41,2
audio03.TextGrid,36,22,we,165.820,165.960,PRP,6.3594,6.54,2
audio03.TextGrid,36,23,can,165.960,166.110,MD,4.4669,6.46,3
audio03.TextGrid,36,24,share,166.110,166.360,NN,11.4346,5.2,3
audio03.TextGrid,36,25,them,166.360,166.520,PRP,7.0372,6.19,3
audio03.TextGrid,36,26,in,166.520,166.590,IN,4.2926,7.27,2
audio03.TextGrid,36,27,the,166.590,166.650,DT,2.2806,7.73,2
audio03.TextGrid,36,28,morning,166.650,167.050,NN,9.8788,5.33,6
audio03.TextGrid,37,1,when,167.500,167.630,WRB,14.5784,6.37,3
audio03.TextGrid,37,2,i,167.630,167.720,NN,3.8695,7.09,1
audio03.TextGrid,37,3,come,167.720,167.900,VBP,10.3594,5.78,3
audio03.TextGrid,37,4,back,167.900,168.230,RB,2.5652,6.04,3
audio03.TextGrid,37,5,you,168.230,168.310,PRP,9.8247,6.98,2
audio03.TextGrid,37,6,can,168.310,168.460,MD,5.0527,6.46,3
audio03.TextGrid,37,7,tell,168.460,168.610,VB,5.9665,5.53,3
audio03.TextGrid,37,8,me,168.610,168.750,PRP,0.3886,6.48,2
audio03.TextGrid,37,9,about,168.750,168.940,IN,4.5729,6.4,4
audio03.TextGrid,37,10,the,168.940,169.040,DT,1.9427,7.73,2
audio03.TextGrid,37,11,baseball,169.040,169.620,NN,13.9055,4.54,6
audio03.TextGrid,38,1,the,171.090,171.160,DT,11.8924,7.73,2
audio03.TextGrid,38,2,yankees,171.160,171.670,NNS,15.9951,3.93,6
audio03.TextGrid,38,3,cannot,171.670,172.070,VBP,13.4760,5.11,5
audio03.TextGrid,38,4,lose,172.070,172.500,VB,9.8395,5.08,3
audio03.TextGrid,39,1,but,173.390,173.520,CC,16.1685,6.63,3
audio03.TextGrid,39,2,i,173.520,173.640,JJ,5.9299,7.09,1
audio03.TextGrid,39,3,fear,173.640,173.910,VBP,13.6813,4.95,3
audio03.TextGrid,39,4,the,173.910,174.080,DT,3.5709,7.73,2
audio03.TextGrid,39,5,indians,174.080,174.460,NNS,14.8777,4.25,7
audio03.TextGrid,39,6,of,174.460,174.550,IN,5.6550,7.4,2
audio03.TextGrid,39,7,cleveland,174.550,175.130,NN,13.2294,4.27,8
audio03.TextGrid,40,1,have,175.840,176.080,VB,18.2224,6.71,3
audio03.TextGrid,40,2,faith,176.080,176.470,VBN,21.1006,4.82,3
audio03.TextGrid,40,3,in,176.470,176.600,IN,5.6918,7.27,2
audio03.TextGrid,40,4,the,176.600,176.700,DT,3.0793,7.73,2
audio03.TextGrid,40,5,yankees,176.700,177.190,NNS,20.2428,3.93,6
audio03.TextGrid,40,6,my,177.190,177.390,PRP$,12.4524,6.57,2
audio03.TextGrid,40,7,son,177.390,177.760,NN,7.8187,5.28,3
audio03.TextGrid,40,8,think,178.250,178.460,NN,12.5556,6.08,4
audio03.TextGrid,40,9,of,178.460,178.560,IN,5.0574,7.4,2
audio03.TextGrid,40,10,the,178.560,178.660,DT,3.7883,7.73,2
audio03.TextGrid,40,11,great,178.660,178.880,JJ,6.0834,5.88,4
audio03.TextGrid,40,12,dimaggio,178.880,179.600,NN,33.2429,2.53,7
audio04.TextGrid,1,1,i,0.880,1.000,NN,5.7704,7.09,1
audio04.TextGrid,1,2,fear,1.000,1.240,VBP,20.4094,4.95,3
audio04.TextGrid,1,3,both,1.240,1.490,DT,12.0053,5.79,3
audio04.TextGrid,1,4,the,1.490,1.590,DT,4.1801,7.73,2
audio04.TextGrid,1,5,tigers,1.590,2.120,NNS,15.6471,4.15,5
audio04.TextGrid,1,6,of,2.120,2.200,IN,4.3516,7.4,2
audio04.TextGrid,1,7,detroit,2.200,2.750,NN,13.4131,4.35,6
audio04.TextGrid,1,8,and,2.750,2.910,CC,0.9458,7.41,2
audio04.TextGrid,1,9,the,2.910,3.080,DT,2.0041,7.73,2
audio04.TextGrid,1,10,indians,3.080,3.460,NNS,13.5883,4.25,7
audio04.TextGrid,1,11,of,3.460,3.580,IN,1.4828,7.4,2
audio04.TextGrid,1,12,cleveland,3.580,4.130,NN,8.8597,4.27,8
audio04.TextGrid,2,1,be,5.350,5.450,VB,11.7710,6.79,2
audio04.TextGrid,2,2,careful,5.450,5.950,JJ,10.8561,4.59,6
audio04.TextGrid,2,3,or,6.060,6.210,CC,9.5422,6.54,2
audio04.TextGrid,2,4,you,6.210,6.300,PRP,1.3662,6.98,2
audio04.TextGrid,2,5,will,6.300,6.500,MD,0.6700,6.45,3
audio04.TextGrid,2,6,fear,6.500,6.820,VB,11.4070,4.95,3
audio04.TextGrid,2,7,even,6.820,7.050,RB,10.5298,5.99,4
audio04.TextGrid,2,8,the,7.050,7.140,DT,2.2910,7.73,2
audio04.TextGrid,2,9,reds,7.140,7.420,NNS,16.5262,3.91,4
audio04.TextGrid,2,10,of,7.420,7.510,IN,3.6155,7.4,2
audio04.TextGrid,2,11,cincinnati,7.510,8.220,NN,14.4375,3.96,9
audio04.TextGrid,2,12,and,8.220,8.320,CC,5.2841,7.41,2
audio04.TextGrid,2,13,the,8.320,8.400,DT,2.9437,7.73,2
audio04.TextGrid,2,14,white,8.400,8.690,JJ,5.9755,5.51,3
audio04.TextGrid,2,15,sax,8.690,9.030,NN,17.6664,3.15,4
audio04.TextGrid,2,16,of,9.030,9.120,IN,5.3553,7.4,2
audio04.TextGrid,2,17,chicago,9.120,9.760,NN,7.6049,4.83,6
audio04.TextGrid,3,1,you,11.120,11.280,PRP,14.0194,6.98,2
audio04.TextGrid,3,2,study,11.280,11.670,VBP,16.5917,5.26,5
audio04.TextGrid,3,3,it,11.670,11.780,PRP,5.3920,6.95,2
audio04.TextGrid,3,4,and,11.780,11.870,CC,5.1615,7.41,2
audio04.TextGrid,3,5,tell,11.870,12.090,VB,7.3673,5.53,3
audio04.TextGrid,3,6,me,12.090,12.230,PRP,1.0378,6.48,2
audio04.TextGrid,3,7,when,12.230,12.370,WRB,7.4972,6.37,3
audio04.TextGrid,3,8,i,12.370,12.480,NN,3.0043,7.09,1
audio04.TextGrid,3,9,come,12.480,12.670,VBP,5.8509,5.78,3
audio04.TextGrid,3,10,back,12.670,13.010,RB,3.0385,6.04,3
audio04.TextGrid,3,11,do,13.010,13.080,VBP,11.0960,6.35,2
audio04.TextGrid,3,12,you,14.530,14.740,PRP,0.4853,6.98,2
audio04.TextGrid,3,13,think,14.740,14.950,VB,4.5098,6.08,4
audio04.TextGrid,3,14,we,14.950,15.030,PRP,5.2084,6.54,2
audio04.TextGrid,3,15,should,15.030,15.210,MD,2.6926,5.99,3
audio04.TextGrid,3,16,buy,15.210,15.430,VB,6.5166,5.32,2
audio04.TextGrid,3,17,a,15.430,15.470,DT,3.6556,7.36,1
audio04.TextGrid,3,18,terminal,15.470,15.950,NN,18.9928,4.31,7
audio04.TextGrid,3,19,of,15.950,16.020,IN,6.6687,7.4,2
audio04.TextGrid,3,20,the,16.020,16.100,DT,2.8708,7.73,2
audio04.TextGrid,3,21,lottery,16.100,16.520,NN,13.4032,4.0,5
audio04.TextGrid,3,22,with,16.520,16.700,IN,7.4370,6.85,3
audio04.TextGrid,3,23,an,16.700,16.800,DT,6.4707,6.53,2
audio04.TextGrid,3,24,eighty,16.800,17.040,NN,15.4144,3.75,3
audio04.TextGrid,3,25,five,17.040,17.450,CD,10.5531,5.45,3
audio04.TextGrid,4,1,tomorrow,18.010,18.480,NN,20.3921,5.02,6
audio04.TextGrid,4,2,is,18.480,18.610,VBZ,9.9852,7.07,2
audio04.TextGrid,4,3,the,18.610,18.820,DT,5.2725,7.73,2
audio04.TextGrid,4,4,eighty,18.820,19.030,JJ,18.0021,3.75,3
audio04.TextGrid,4,5,fifth,19.030,19.240,JJ,11.6546,4.78,3
audio04.TextGrid,4,6,day,19.330,19.750,NN,6.3538,5.95,2
audio04.TextGrid,5,1,we,21.200,21.320,PRP,12.9441,6.54,2
audio04.TextGrid,5,2,can,21.320,21.490,MD,6.0245,6.46,3
audio04.TextGrid,5,3,do,21.490,21.660,VB,5.0464,6.35,2
audio04.TextGrid,5,4,that,21.660,22.010,IN,5.2577,7.01,3
audio04.TextGrid,5,5,the,22.110,22.190,DT,9.0036,7.73,2
audio04.TextGrid,5,6,boy,22.190,22.400,NN,11.2478,5.17,2
audio04.TextGrid,5,7,said,22.400,22.810,VBD,10.0059,6.01,3
audio04.TextGrid,5,8,but,23.370,23.540,CC,9.9290,6.63,3
audio04.TextGrid,5,9,what,23.540,23.680,WP,6.6361,6.38,3
audio04.TextGrid,5,10,about,23.680,23.890,IN,2.9750,6.4,4
audio04.TextGrid,5,11,the,23.890,24.040,DT,1.2269,7.73,2
audio04.TextGrid,5,12,eighty,24.040,24.270,JJ,14.0842,3.75,3
audio04.TextGrid,5,13,seven,24.270,24.590,CD,12.3952,5.08,5
audio04.TextGrid,5,14,of,24.590,24.680,IN,6.2901,7.4,2
audio04.TextGrid,5,15,your,24.680,24.830,PRP$,6.4451,6.53,3
audio04.TextGrid,5,16,great,24.830,25.090,JJ,9.5357,5.88,4
audio04.TextGrid,5,17,record,25.090,25.520,NN,14.5527,5.21,5
audio04.TextGrid,6,1,it,26.440,26.580,PRP,11.0007,6.95,2
audio04.TextGrid,6,2,could,26.580,26.830,MD,8.6438,6.06,3
audio04.TextGrid,6,3,not,26.830,27.020,RB,4.2651,6.69,3
audio04.TextGrid,6,4,happen,27.020,27.320,VB,6.2445,5.19,5
audio04.TextGrid,6,5,twice,27.320,27.810,RB,12.0453,4.84,4
audio04.TextGrid,6,6,do,28.150,28.260,VBP,13.3431,6.35,2
audio04.TextGrid,6,7,you,28.260,28.390,PRP,2.9652,6.98,2
audio04.TextGrid,6,8,think,28.390,28.620,VB,4.0317,6.08,4
audio04.TextGrid,6,9,you,28.620,28.710,PRP,4.5641,6.98,2
audio04.TextGrid,6,10,can,28.710,28.880,MD,4.4944,6.46,3
audio04.TextGrid,6,11,find,28.880,29.170,VB,7.9921,5.76,4
audio04.TextGrid,6,12,an,29.170,29.270,DT,5.8104,6.53,2
audio04.TextGrid,6,13,eighty,29.270,29.490,NN,14.4580,3.75,3
audio04.TextGrid,6,14,five,29.490,29.880,CD,10.9707,5.45,3
audio04.TextGrid,7,1,i,30.900,31.020,NN,5.7704,7.09,1
audio04.TextGrid,7,2,can,31.020,31.180,MD,13.1783,6.46,3
audio04.TextGrid,7,3,order,31.180,31.410,NN,14.0361,5.49,4
audio04.TextGrid,7,4,one,31.410,31.710,CD,6.0373,6.47,3
audio04.TextGrid,8,1,one,32.340,32.600,CD,14.3090,6.47,3
audio04.TextGrid,8,2,sheet,32.600,33.020,NN,15.1102,4.4,3
audio04.TextGrid,8,3,that,33.230,33.440,WDT,7.5717,7.01,3
audio04.TextGrid,8,4,s,33.440,33.510,VBD,6.4516,5.86,1
audio04.TextGrid,8,5,two,33.510,33.640,CD,22.1680,6.1,2
audio04.TextGrid,8,6,dollars,33.640,34.030,NNS,14.1912,4.78,5
audio04.TextGrid,8,7,and,34.030,34.150,CC,4.8690,7.41,2
audio04.TextGrid,8,8,a,34.150,34.190,DT,4.0473,7.36,1
audio04.TextGrid,8,9,half,34.190,34.510,NN,8.1307,5.41,3
audio04.TextGrid,9,1,who,35.100,35.210,WP,15.0819,6.34,2
audio04.TextGrid,9,2,can,35.210,35.410,MD,7.0019,6.46,3
audio04.TextGrid,9,3,we,35.410,35.520,PRP,4.0746,6.54,2
audio04.TextGrid,9,4,borrow,35.520,35.850,VB,16.0254,4.0,4
audio04.TextGrid,9,5,that,35.850,36.050,IN,8.5809,7.01,3
audio04.TextGrid,10,1,from,36.050,36.410,IN,16.4720,6.63,4
audio04.TextGrid,10,2,that,37.320,37.550,DT,9.5395,7.01,3
audio04.TextGrid,10,3,s,37.550,37.630,JJ,5.7220,5.86,1
audio04.TextGrid,10,4,easy,37.630,38.010,JJ,22.2017,5.29,3
audio04.TextGrid,10,5,i,38.010,38.110,NN,8.3157,7.09,1
audio04.TextGrid,10,6,can,38.110,38.250,MD,7.6775,6.46,3
audio04.TextGrid,10,7,always,38.250,38.560,RB,10.2222,5.76,5
audio04.TextGrid,10,8,borrow,38.560,38.860,VB,17.1062,4.0,4
audio04.TextGrid,10,9,two,38.860,39.000,CD,10.6849,6.1,2
audio04.TextGrid,10,10,dollars,39.000,39.350,NNS,9.4224,4.78,5
audio04.TextGrid,10,11,and,39.350,39.450,CC,4.6275,7.41,2
audio04.TextGrid,10,12,a,39.450,39.510,DT,3.4459,7.36,1
audio04.TextGrid,10,13,half,39.510,39.840,NN,7.6825,5.41,3
audio04.TextGrid,11,1,i,41.040,41.150,NN,5.7704,7.09,1
audio04.TextGrid,11,2,think,41.150,41.340,VBP,13.1226,6.08,4
audio04.TextGrid,11,3,perhaps,41.340,41.730,RB,16.2607,5.09,6
audio04.TextGrid,11,4,i,41.730,41.860,NNS,5.4884,7.09,1
audio04.TextGrid,11,5,can,41.860,42.150,MD,4.7126,6.46,3
audio04.TextGrid,11,6,too,42.150,42.550,RB,12.5579,5.95,2
audio04.TextGrid,11,7,but,42.770,42.900,CC,9.6005,6.63,3
audio04.TextGrid,11,8,i,42.900,43.000,JJ,2.2162,7.09,1
audio04.TextGrid,11,9,try,43.000,43.250,NN,9.5730,5.5,3
audio04.TextGrid,11,10,not,43.250,43.450,RB,2.8863,6.69,3
audio04.TextGrid,11,11,to,43.450,43.550,TO,0.2977,7.43,2
audio04.TextGrid,11,12,borrow,43.550,44.060,VB,17.5348,4.0,4
audio04.TextGrid,12,1,first,44.690,45.010,RB,16.2211,6.11,4
audio04.TextGrid,12,2,you,45.010,45.100,PRP,10.3852,6.98,2
audio04.TextGrid,12,3,borrow,45.100,45.540,VBP,15.8230,4.0,4
audio04.TextGrid,12,4,then,45.780,45.940,RB,10.7354,6.07,3
audio04.TextGrid,12,5,you,45.940,46.100,PRP,2.5968,6.98,2
audio04.TextGrid,12,6,beg,46.100,46.560,VBP,11.8707,4.05,3
audio04.TextGrid,13,1,keep,47.970,48.230,VB,15.3550,5.66,3
audio04.TextGrid,13,2,warm,48.230,48.530,JJ,15.7062,4.71,4
audio04.TextGrid,13,3,old,48.530,48.730,JJ,12.5668,5.75,3
audio04.TextGrid,13,4,man,48.730,49.060,NN,8.3693,5.82,3
audio04.TextGrid,13,5,the,49.240,49.330,DT,8.3557,7.73,2
audio04.TextGrid,13,6,boy,49.330,49.560,NN,9.0960,5.17,2
audio04.TextGrid,13,7,said,49.560,49.890,VBD,12.1425,6.01,3
audio04.TextGrid,14,1,remember,50.430,50.810,NN,16.7570,5.38,7
audio04.TextGrid,14,2,we,50.810,50.980,PRP,8.6488,6.54,2
audio04.TextGrid,14,3,are,50.980,51.110,VBP,2.7758,6.74,2
audio04.TextGrid,14,4,in,51.110,51.230,IN,5.6532,7.27,2
audio04.TextGrid,14,5,september,51.230,51.810,NN,9.0746,5.15,8
audio04.TextGrid,15,1,the,53.150,53.240,DT,11.8924,7.73,2
audio04.TextGrid,15,2,month,53.240,53.590,NN,12.1315,5.25,4
audio04.TextGrid,15,3,when,53.590,53.780,WRB,10.8488,6.37,4
audio04.TextGrid,15,4,the,53.780,53.870,DT,3.2241,7.73,2
audio04.TextGrid,15,5,great,53.870,54.220,JJ,7.2399,5.88,4
audio04.TextGrid,15,6,fish,54.220,54.520,JJ,12.2867,4.9,3
audio04.TextGrid,15,7,come,54.520,54.960,VBP,10.1784,5.78,3
audio04.TextGrid,15,8,the,55.280,55.400,DT,8.8788,7.73,2
audio04.TextGrid,15,9,old,55.400,55.600,JJ,7.5283,5.75,3
audio04.TextGrid,15,10,man,55.600,55.850,NN,6.0901,5.82,3
audio04.TextGrid,15,11,said,55.850,56.230,VBD,11.2871,6.01,3
audio04.TextGrid,16,1,anyone,56.930,57.320,NN,19.8465,5.38,6
audio04.TextGrid,16,2,can,57.320,57.510,MD,6.3734,6.46,3
audio04.TextGrid,16,3,be,57.510,57.660,VB,5.4553,6.79,2
audio04.TextGrid,16,4,a,57.660,57.720,DT,2.2477,7.36,1
audio04.TextGrid,16,5,fisherman,57.720,58.190,NN,20.0298,3.49,7
audio04.TextGrid,16,6,in,58.190,58.310,IN,5.1341,7.27,2
audio04.TextGrid,17,1,may,58.310,58.690,MD,15.4415,5.98,2
audio04.TextGrid,17,2,i,60.450,60.590,VB,12.5907,7.09,1
audio04.TextGrid,17,3,go,60.590,60.790,VB,7.7624,6.03,2
audio04.TextGrid,17,4,now,60.790,61.000,RB,9.9755,6.18,2
audio04.TextGrid,17,5,for,61.000,61.130,IN,7.1287,7.01,2
audio04.TextGrid,17,6,the,61.130,61.240,DT,3.2230,7.73,2
audio04.TextGrid,17,7,sardines,61.240,61.800,NNS,23.2511,2.93,7
audio04.TextGrid,17,8,the,62.160,62.230,DT,9.6514,7.73,2
audio04.TextGrid,17,9,boy,62.230,62.440,NN,10.9297,5.17,2
audio04.TextGrid,17,10,said,62.440,62.920,VBD,8.0455,6.01,3
audio04.TextGrid,18,1,when,65.380,65.500,WRB,14.5784,6.37,3
audio04.TextGrid,18,2,the,65.500,65.560,DT,6.8679,7.73,2
audio04.TextGrid,18,3,boy,65.560,65.770,NN,10.3653,5.17,2
audio04.TextGrid,18,4,came,65.770,66.060,VBD,9.2663,5.5,3
audio04.TextGrid,18,5,back,66.060,66.370,RB,5.1598,6.04,3
audio04.TextGrid,18,6,the,66.370,66.490,DT,9.0306,7.73,2
audio04.TextGrid,18,7,old,66.490,66.700,JJ,9.0833,5.75,3
audio04.TextGrid,18,8,man,66.700,66.980,NN,3.9272,5.82,3
audio04.TextGrid,18,9,was,66.980,67.130,VBD,4.1246,6.82,3
audio04.TextGrid,18,10,asleep,67.130,67.500,RB,16.4317,4.36,5
audio04.TextGrid,18,11,in,67.500,67.580,IN,8.6326,7.27,2
audio04.TextGrid,18,12,the,67.580,67.670,DT,1.4090,7.73,2
audio04.TextGrid,18,13,chair,67.670,68.090,NN,11.8620,4.69,3
audio04.TextGrid,18,14,and,68.090,68.170,CC,4.6036,7.41,2
audio04.TextGrid,18,15,the,68.170,68.250,DT,4.0754,7.73,2
audio04.TextGrid,18,16,sun,68.250,68.500,NN,9.0037,4.97,3
audio04.TextGrid,18,17,was,68.500,68.720,VBD,4.2304,6.82,3
audio04.TextGrid,18,18,down,68.720,69.120,IN,8.0079,5.88,3
audio04.TextGrid,18,19,the,69.680,69.770,DT,4.8872,7.73,2
audio04.TextGrid,18,20,boy,69.770,70.010,NN,8.0257,5.17,2
audio04.TextGrid,18,21,took,70.010,70.230,VBD,17.0593,5.51,3
audio04.TextGrid,18,22,the,70.230,70.380,DT,3.1453,7.73,2
audio04.TextGrid,18,23,old,70.380,70.610,JJ,5.3386,5.75,3
audio04.TextGrid,18,24,army,70.610,70.910,NN,13.5660,5.06,4
audio04.TextGrid,18,25,blanket,70.910,71.300,NN,17.1008,4.07,7
audio04.TextGrid,18,26,off,71.300,71.460,IN,7.8262,5.93,2
audio04.TextGrid,18,27,the,71.460,71.550,DT,1.6885,7.73,2
audio04.TextGrid,18,28,bed,71.550,71.900,NN,10.2047,5.07,3
audio04.TextGrid,18,29,and,71.900,72.070,CC,2.6003,7.41,2
audio04.TextGrid,18,30,spread,72.070,72.400,NN,13.6853,4.81,5
audio04.TextGrid,18,31,it,72.400,72.500,PRP,5.8931,6.95,2
audio04.TextGrid,18,32,over,72.500,72.680,IN,6.3926,6.08,3
audio04.TextGrid,18,33,the,72.680,72.770,DT,1.7607,7.73,2
audio04.TextGrid,18,34,back,72.770,73.020,NN,7.3874,6.04,3
audio04.TextGrid,18,35,of,73.020,73.100,IN,1.0795,7.4,2
audio04.TextGrid,18,36,the,73.100,73.200,DT,1.4603,7.73,2
audio04.TextGrid,18,37,chair,73.200,73.650,NN,5.5005,4.69,3
audio04.TextGrid,18,38,and,73.650,73.800,CC,2.3031,7.41,3
audio04.TextGrid,18,39,over,73.800,73.980,IN,6.2942,6.08,3
audio04.TextGrid,18,40,the,73.980,74.120,DT,0.3416,7.73,2
audio04.TextGrid,18,41,old,74.120,74.330,JJ,5.7098,5.75,3
audio04.TextGrid,18,42,man,74.330,74.570,NN,5.2106,5.82,3
audio04.TextGrid,18,43,s,74.570,74.610,VBZ,8.0775,5.86,1
audio04.TextGrid,18,44,shoulders,74.610,75.210,NNS,26.9575,4.18,6
audio04.TextGrid,19,1,they,76.070,76.170,PRP,20.3883,6.5,2
audio04.TextGrid,19,2,were,76.170,76.300,VBD,5.8725,6.34,2
audio04.TextGrid,19,3,strange,76.300,76.850,JJ,13.6852,4.64,6
audio04.TextGrid,19,4,shoulders,76.850,77.380,NNS,16.7972,4.18,6
audio04.TextGrid,20,1,still,77.920,78.150,RB,17.2863,5.92,4
audio04.TextGrid,20,2,powerful,78.150,78.790,JJ,12.5918,4.85,6
audio04.TextGrid,20,3,although,78.790,79.090,IN,18.5706,5.3,4
audio04.TextGrid,20,4,very,79.090,79.400,RB,10.8254,6.0,4
audio04.TextGrid,20,5,old,79.400,79.860,JJ,9.8157,5.75,3
audio04.TextGrid,20,6,and,80.100,80.200,CC,5.7400,7.41,2
audio04.TextGrid,20,7,the,80.200,80.290,DT,7.0062,7.73,2
audio04.TextGrid,20,8,neck,80.290,80.580,NN,13.2435,4.63,3
audio04.TextGrid,20,9,was,80.580,80.720,VBD,6.9626,6.82,3
audio04.TextGrid,20,10,still,80.720,80.980,RB,5.4384,5.92,4
audio04.TextGrid,20,11,strong,80.980,81.400,JJ,6.5347,5.22,5
audio04.TextGrid,20,12,too,81.400,81.760,RB,9.6087,5.95,2
audio04.TextGrid,20,13,and,81.760,81.870,CC,7.4654,7.41,2
audio04.TextGrid,20,14,the,81.870,81.960,DT,3.1836,7.73,2
audio04.TextGrid,20,15,creases,81.960,82.420,NNS,24.9148,2.71,6
audio04.TextGrid,20,16,did,82.420,82.600,VBD,4.7928,5.96,3
audio04.TextGrid,20,17,not,82.600,82.830,RB,1.2908,6.69,3
audio04.TextGrid,20,18,show,82.830,83.090,VB,7.3502,5.68,2
audio04.TextGrid,20,19,so,83.090,83.270,RB,7.1161,6.52,2
audio04.TextGrid,20,20,much,83.270,83.550,JJ,1.8354,6.0,3
audio04.TextGrid,20,21,when,83.550,83.670,WRB,11.8267,6.37,3
audio04.TextGrid,20,22,the,83.670,83.760,DT,3.3837,7.73,2
audio04.TextGrid,20,23,old,83.760,83.960,JJ,8.6762,5.75,3
audio04.TextGrid,20,24,man,83.960,84.190,NN,4.8076,5.82,3
audio04.TextGrid,20,25,was,84.190,84.330,VBD,2.1759,6.82,3
audio04.TextGrid,20,26,asleep,84.330,84.770,JJ,16.2306,4.36,5
audio04.TextGrid,20,27,and,85.090,85.180,CC,7.2307,7.41,2
audio04.TextGrid,20,28,his,85.180,85.330,PRP$,6.0879,6.51,3
audio04.TextGrid,20,29,head,85.330,85.590,NN,4.4779,5.51,3
audio04.TextGrid,20,30,fallen,85.590,85.930,VBN,18.8023,4.39,5
audio04.TextGrid,20,31,forward,85.930,86.490,RB,13.3015,5.12,6
audio04.TextGrid,21,1,his,87.510,87.650,PRP$,16.5981,6.51,3
audio04.TextGrid,21,2,shirt,87.650,87.970,NN,14.5043,4.63,3
audio04.TextGrid,21,3,had,87.970,88.090,VBD,14.8007,6.33,3
audio04.TextGrid,21,4,been,88.090,88.270,VBN,3.3214,6.27,3
audio04.TextGrid,21,5,patched,88.270,88.790,VBN,10.9880,3.19,4
audio04.TextGrid,21,6,so,88.790,88.960,RB,7.2920,6.52,2
audio04.TextGrid,21,7,many,88.960,89.190,JJ,3.9128,5.91,4
audio04.TextGrid,21,8,times,89.190,89.750,NNS,1.5537,5.56,4
audio04.TextGrid,21,9,that,89.750,89.860,IN,7.1338,7.01,3
audio04.TextGrid,21,10,it,89.860,89.920,PRP,2.1076,6.95,2
audio04.TextGrid,21,11,was,89.920,90.090,VBD,3.0674,6.82,3
audio04.TextGrid,21,12,like,90.090,90.310,IN,7.2152,6.41,3
audio04.TextGrid,21,13,the,90.310,90.380,DT,4.0997,7.73,2
audio04.TextGrid,21,14,sail,90.380,90.840,NN,11.8141,4.01,3
audio04.TextGrid,22,1,and,91.300,91.390,CC,13.4350,7.41,2
audio04.TextGrid,22,2,the,91.390,91.480,DT,6.4323,7.73,2
audio04.TextGrid,22,3,patches,91.480,91.930,NNS,17.8921,3.86,5
audio04.TextGrid,22,4,were,91.930,92.070,VBD,8.2523,6.34,2
audio04.TextGrid,22,5,faded,92.070,92.470,VBN,16.6565,3.73,5
audio04.TextGrid,22,6,to,92.470,92.540,TO,4.0071,7.43,2
audio04.TextGrid,22,7,many,92.540,92.780,JJ,10.4479,5.91,4
audio04.TextGrid,22,8,different,92.780,93.110,JJ,9.4497,5.59,7
audio04.TextGrid,22,9,shades,93.110,93.540,NNS,14.8974,4.0,4
audio04.TextGrid,22,10,by,93.540,93.730,IN,7.1688,6.66,2
audio04.TextGrid,22,11,the,93.730,93.830,DT,2.0193,7.73,2
audio04.TextGrid,22,12,sun,93.830,94.260,NN,10.2361,4.97,3
audio04.TextGrid,23,1,the,95.130,95.230,DT,11.8924,7.73,2
audio04.TextGrid,23,2,old,95.230,95.480,JJ,9.2031,5.75,3
audio04.TextGrid,23,3,man,95.480,95.720,NN,4.4194,5.82,3
audio04.TextGrid,23,4,s,95.720,95.810,VBZ,7.8540,5.86,1
audio04.TextGrid,23,5,head,95.810,96.070,NN,19.1184,5.51,3
audio04.TextGrid,23,6,was,96.070,96.230,VBD,10.4403,6.82,3
audio04.TextGrid,23,7,very,96.230,96.560,RB,8.3281,6.0,4
audio04.TextGrid,23,8,old,96.560,96.800,JJ,7.7322,5.75,3
audio04.TextGrid,23,9,though,96.800,97.140,IN,12.5624,5.5,2
audio04.TextGrid,23,10,and,97.320,97.450,CC,3.8881,7.41,3
audio04.TextGrid,23,11,with,97.450,97.610,IN,8.3886,6.85,3
audio04.TextGrid,23,12,his,97.610,97.740,PRP$,3.2542,6.51,3
audio04.TextGrid,23,13,eyes,97.740,98.050,NNS,6.8597,5.21,2
audio04.TextGrid,23,14,closed,98.050,98.550,VBD,8.4973,4.9,5
audio04.TextGrid,23,15,there,98.550,98.660,EX,6.2906,6.31,3
audio04.TextGrid,23,16,was,98.660,98.830,VBD,0.9405,6.82,3
audio04.TextGrid,23,17,no,98.830,99.000,DT,0.9439,6.35,2
audio04.TextGrid,23,18,life,99.000,99.350,NN,10.2113,5.89,3
audio04.TextGrid,23,19,in,99.350,99.450,IN,3.0663,7.27,2
audio04.TextGrid,23,20,his,99.450,99.670,PRP$,1.9352,6.51,3
audio04.TextGrid,23,21,face,99.670,100.160,NN,3.6930,5.45,3
audio04.TextGrid,24,1,the,100.870,100.960,DT,11.8924,7.73,2
audio04.TextGrid,24,2,newspaper,100.960,101.540,NN,15.1715,4.6,7
audio04.TextGrid,24,3,lay,101.540,101.710,VBD,14.6814,4.64,2
audio04.TextGrid,24,4,across,101.710,102.050,IN,14.5163,5.25,5
audio04.TextGrid,24,5,his,102.050,102.230,PRP$,8.7796,6.51,3
audio04.TextGrid,24,6,knees,102.230,102.640,NNS,12.9797,4.18,3
audio04.TextGrid,24,7,and,103.030,103.120,CC,4.5937,7.41,2
audio04.TextGrid,24,8,the,103.120,103.190,DT,4.8083,7.73,2
audio04.TextGrid,24,9,weight,103.190,103.400,NN,13.0698,5.02,3
audio04.TextGrid,24,10,of,103.400,103.470,IN,1.2286,7.4,2
audio04.TextGrid,24,11,his,103.470,103.630,PRP$,2.2176,6.51,3
audio04.TextGrid,24,12,arm,103.630,103.940,NN,7.9573,4.73,3
audio04.TextGrid,24,13,held,103.940,104.160,VBD,11.2262,5.24,4
audio04.TextGrid,24,14,it,104.160,104.220,PRP,5.7138,6.95,2
audio04.TextGrid,24,15,there,104.220,104.500,RB,6.6938,6.31,3
audio04.TextGrid,24,16,in,104.500,104.580,IN,4.8226,7.27,2
audio04.TextGrid,24,17,the,104.580,104.690,DT,2.2273,7.73,2
audio04.TextGrid,24,18,evening,104.690,104.990,NN,10.3342,4.86,5
audio04.TextGrid,24,19,breeze,104.990,105.580,NN,20.2136,3.86,4
audio04.TextGrid,25,1,he,106.220,106.300,PRP,13.2074,6.69,2
audio04.TextGrid,25,2,was,106.300,106.820,VBD,4.9565,6.82,3
audio04.TextGrid,25,3,barefooted,106.820,107.370,VBN,29.6745,2.11,8
audio04.TextGrid,25,4,the,108.690,108.760,DT,8.2360,7.73,2
audio04.TextGrid,25,5,boy,108.760,108.990,NN,10.6413,5.17,2
audio04.TextGrid,25,6,left,108.990,109.250,VBD,11.7829,5.62,4
audio04.TextGrid,25,7,him,109.250,109.360,PRP,6.3767,6.11,2
audio04.TextGrid,25,8,there,109.360,109.650,RB,7.8392,6.31,3
audio04.TextGrid,25,9,and,109.650,109.780,CC,3.7553,7.41,3
audio04.TextGrid,25,10,when,109.780,109.890,WRB,7.2663,6.37,3
audio04.TextGrid,25,11,he,109.890,110.010,PRP,1.7922,6.69,2
audio04.TextGrid,25,12,came,110.010,110.230,VBD,6.4912,5.5,3
audio04.TextGrid,25,13,back,110.230,110.470,RP,2.3396,6.04,3
audio04.TextGrid,25,14,the,110.470,110.600,DT,5.1024,7.73,2
audio04.TextGrid,25,15,old,110.600,110.790,JJ,8.4862,5.75,3
audio04.TextGrid,25,16,man,110.790,111.000,NN,1.7198,5.82,3
audio04.TextGrid,25,17,was,111.000,111.130,VBD,3.1451,6.82,3
audio04.TextGrid,25,18,still,111.130,111.360,RB,6.3629,5.92,4
audio04.TextGrid,25,19,asleep,111.360,111.800,JJ,16.5579,4.36,5
audio04.TextGrid,26,1,wake,113.380,113.580,VB,20.2344,4.76,3
audio04.TextGrid,26,2,up,113.580,113.760,RP,0.5040,6.39,2
audio04.TextGrid,26,3,old,113.760,113.950,JJ,14.1521,5.75,3
audio04.TextGrid,26,4,man,113.950,114.260,NN,6.5652,5.82,3
audio04.TextGrid,26,5,the,114.500,114.600,DT,8.2130,7.73,2
audio04.TextGrid,26,6,boy,114.600,114.820,NN,9.5104,5.17,2
audio04.TextGrid,26,7,said,114.820,115.180,VBD,9.3031,6.01,3
audio04.TextGrid,26,8,and,115.180,115.300,CC,7.4038,7.41,2
audio04.TextGrid,26,9,put,115.300,115.490,VBD,10.2353,5.66,3
audio04.TextGrid,26,10,his,115.490,115.610,PRP$,2.9945,6.51,3
audio04.TextGrid,26,11,hand,115.610,115.880,NN,7.4491,5.41,4
audio04.TextGrid,26,12,on,115.880,116.020,IN,1.2479,6.91,2
audio04.TextGrid,26,13,one,116.020,116.160,CD,9.9394,6.47,3
audio04.TextGrid,26,14,of,116.160,116.250,IN,0.5028,7.4,2
audio04.TextGrid,26,15,the,116.250,116.350,DT,1.6016,7.73,2
audio04.TextGrid,26,16,old,116.350,116.550,JJ,8.1701,5.75,3
audio04.TextGrid,26,17,man,116.550,116.790,NN,0.8785,5.82,3
audio04.TextGrid,26,18,s,116.790,116.880,NN,6.9230,5.86,1
audio04.TextGrid,26,19,knees,116.880,117.390,NNS,22.7366,4.18,3
audio04.TextGrid,27,1,the,118.440,118.540,DT,11.8924,7.73,2
audio04.TextGrid,27,2,old,118.540,118.720,JJ,9.2031,5.75,3
audio04.TextGrid,27,3,man,118.720,118.940,NN,4.4194,5.82,3
audio04.TextGrid,27,4,opened,118.940,119.260,VBD,15.6338,4.85,5
audio04.TextGrid,27,5,his,119.260,119.420,PRP$,2.6927,6.51,3
audio04.TextGrid,27,6,eyes,119.420,119.970,NNS,7.0934,5.21,2
audio04.TextGrid,27,7,and,120.050,120.180,CC,3.3699,7.41,2
audio04.TextGrid,27,8,for,120.180,120.320,IN,9.2847,7.01,2
audio04.TextGrid,27,9,a,120.320,120.370,DT,6.3339,7.36,1
audio04.TextGrid,27,10,moment,120.370,120.740,NN,8.0663,5.24,6
audio04.TextGrid,27,11,he,120.740,120.820,PRP,2.1637,6.69,2
audio04.TextGrid,27,12,was,120.820,120.970,VBD,4.4803,6.82,3
audio04.TextGrid,27,13,coming,120.970,121.310,VBG,8.5380,5.4,5
audio04.TextGrid,27,14,back,121.310,121.560,RB,3.5701,6.04,3
audio04.TextGrid,27,15,from,121.560,121.740,IN,3.5125,6.63,4
audio04.TextGrid,27,16,a,121.740,121.770,DT,2.9544,7.36,1
audio04.TextGrid,27,17,long,121.770,122.170,JJ,4.8322,5.81,3
audio04.TextGrid,27,18,way,122.170,122.360,NN,9.0278,6.01,2
audio04.TextGrid,27,19,away,122.360,122.840,RB,4.3983,5.62,3
audio04.TextGrid,28,1,then,123.770,123.950,RB,17.9329,6.07,3
audio04.TextGrid,28,2,he,123.950,124.080,PRP,9.1670,6.69,2
audio04.TextGrid,28,3,smiled,124.080,124.670,VBD,18.5232,3.86,5
audio04.TextGrid,28,4,what,126.040,126.170,WP,10.1344,6.38,3
audio04.TextGrid,28,5,have,126.170,126.270,VBP,9.3467,6.71,3
audio04.TextGrid,28,6,you,126.270,126.390,PRP,2.9355,6.98,2
audio04.TextGrid,28,7,got,126.390,126.910,VBD,6.1095,5.91,3
audio04.TextGrid,28,8,he,126.970,127.140,PRP,7.8793,6.69,2
audio04.TextGrid,28,9,asked,127.140,127.590,VBD,9.7749,5.3,3
audio04.TextGrid,29,1,supper,128.350,128.750,NN,22.5078,3.74,4
audio04.TextGrid,29,2,said,128.940,129.130,VBD,17.1499,6.01,3
audio04.TextGrid,29,3,the,129.130,129.200,DT,6.4365,7.73,2
audio04.TextGrid,29,4,boy,129.200,129.480,NN,10.2402,5.17,2
audio04.TextGrid,29,5,we,129.480,129.540,PRP,9.7313,6.54,2
audio04.TextGrid,29,6,re,129.860,129.940,VBP,8.2326,5.23,2
audio04.TextGrid,29,7,going,129.940,130.170,VBG,18.7465,5.94,4
audio04.TextGrid,29,8,to,130.170,130.310,TO,1.5115,7.43,2
audio04.TextGrid,29,9,have,130.310,130.450,VB,5.5219,6.71,3
audio04.TextGrid,29,10,supper,130.450,130.840,NN,12.2636,3.74,4
audio04.TextGrid,30,1,i,132.000,132.070,NNS,5.7704,7.09,1
audio04.TextGrid,30,2,m,132.070,132.140,VBP,14.1015,5.39,2
audio04.TextGrid,30,3,not,132.140,132.370,RB,14.1720,6.69,3
audio04.TextGrid,30,4,very,132.370,132.590,RB,9.6809,6.0,4
audio04.TextGrid,30,5,hungry,132.590,133.060,JJ,14.1630,4.45,6
audio04.TextGrid,31,1,come,133.830,133.990,VBN,18.2244,5.78,3
audio04.TextGrid,31,2,on,133.990,134.180,IN,1.2720,6.91,2
audio04.TextGrid,31,3,and,134.180,134.330,CC,5.7196,7.41,3
audio04.TextGrid,31,4,eat,134.330,134.610,VB,10.4506,5.13,2
audio04.TextGrid,31,5,you,134.610,134.670,PRP,8.1907,6.98,2
audio04.TextGrid,31,6,can,134.670,134.910,MD,9.9811,6.46,3
audio04.TextGrid,31,7,t,134.910,134.940,VB,7.2497,5.43,1
audio04.TextGrid,31,8,fish,134.940,135.230,JJ,19.0331,4.9,3
audio04.TextGrid,31,9,and,135.230,135.440,CC,4.3539,7.41,3
audio04.TextGrid,31,10,not,135.440,135.680,RB,7.5083,6.69,3
audio04.TextGrid,31,11,eat,135.680,135.980,VB,6.1731,5.13,2
audio04.TextGrid,32,1,i,136.980,137.160,NNS,5.7704,7.09,1
audio04.TextGrid,32,2,have,137.160,137.540,VBP,11.5572,6.71,3
audio04.TextGrid,32,3,the,137.940,138.050,DT,5.9906,7.73,2
audio04.TextGrid,32,4,old,138.050,138.240,JJ,8.8642,5.75,3
audio04.TextGrid,32,5,man,138.240,138.470,NN,6.4819,5.82,3
audio04.TextGrid,32,6,said,138.470,138.840,VBD,10.7193,6.01,3
audio04.TextGrid,32,7,getting,138.840,139.120,VBG,12.6054,5.57,5
audio04.TextGrid,32,8,up,139.120,139.290,RB,6.1105,6.39,2
audio04.TextGrid,32,9,and,139.370,139.560,CC,3.0640,7.41,3
audio04.TextGrid,32,10,taking,139.560,139.870,VBG,9.8294,5.39,5
audio04.TextGrid,32,11,the,139.870,139.940,DT,3.7408,7.73,2
audio04.TextGrid,32,12,newspaper,139.940,140.490,NN,21.9747,4.6,7
audio04.TextGrid,32,13,and,140.490,140.600,CC,4.5966,7.41,3
audio04.TextGrid,32,14,folding,140.600,140.950,VBG,13.0524,3.7,6
audio04.TextGrid,32,15,it,140.950,141.100,PRP,2.2360,6.95,2
audio04.TextGrid,33,1,then,141.930,142.110,RB,17.9329,6.07,3
audio04.TextGrid,33,2,he,142.110,142.240,PRP,9.1670,6.69,2
audio04.TextGrid,33,3,started,142.240,142.600,VBD,10.2474,5.39,7
audio04.TextGrid,33,4,to,142.600,142.670,TO,3.5605,7.43,2
audio04.TextGrid,33,5,fold,142.670,142.910,VB,14.6912,4.08,4
audio04.TextGrid,33,6,the,142.910,142.970,DT,2.7489,7.73,2
audio04.TextGrid,33,7,blanket,142.970,143.470,NN,15.0471,4.07,7
audio04.TextGrid,34,1,keep,144.910,145.110,VB,15.3550,5.66,3
audio04.TextGrid,34,2,the,145.110,145.190,DT,4.2817,7.73,2
audio04.TextGrid,34,3,blanket,145.190,145.540,NN,15.7451,4.07,7
audio04.TextGrid,34,4,around,145.540,145.870,IN,9.2407,5.77,4
audio04.TextGrid,34,5,you,145.870,146.050,PRP,3.7264,6.98,2
audio04.TextGrid,34,6,the,146.220,146.300,DT,7.9809,7.73,2
audio04.TextGrid,34,7,boy,146.300,146.540,NN,10.8936,5.17,2
audio04.TextGrid,34,8,said,146.540,146.920,VBD,12.6840,6.01,3
audio04.TextGrid,35,1,you,147.340,147.470,PRP,14.0194,6.98,2
audio04.TextGrid,35,2,ll,147.470,147.500,VBP,15.8788,4.66,1
audio04.TextGrid,35,3,not,147.500,147.700,RB,12.0161,6.69,3
audio04.TextGrid,35,4,fish,147.700,147.930,VB,14.9106,4.9,3
audio04.TextGrid,35,5,without,147.930,148.240,IN,9.7998,5.69,5
audio04.TextGrid,35,6,eating,148.240,148.440,VBG,11.5483,4.85,4
audio04.TextGrid,35,7,while,148.440,148.620,IN,10.3723,5.86,3
audio04.TextGrid,35,8,i,148.620,148.700,JJ,7.8026,7.09,1
audio04.TextGrid,35,9,m,148.700,148.800,VBP,6.9801,5.39,2
audio04.TextGrid,35,10,alive,148.800,149.260,JJ,20.9746,4.76,4
audio04.TextGrid,36,1,then,150.720,150.900,RB,17.9329,6.07,3
audio04.TextGrid,36,2,live,150.900,151.080,VB,12.8444,5.54,3
audio04.TextGrid,36,3,a,151.080,151.140,DT,4.8825,7.36,1
audio04.TextGrid,36,4,long,151.140,151.430,JJ,8.0239,5.81,3
audio04.TextGrid,36,5,time,151.430,151.800,NN,2.7032,6.29,3
audio04.TextGrid,36,6,and,151.800,151.970,CC,5.8400,7.41,3
audio04.TextGrid,36,7,take,151.970,152.180,VB,8.3575,5.92,3
audio04.TextGrid,36,8,care,152.180,152.320,NN,6.6911,5.56,3
audio04.TextGrid,36,9,of,152.320,152.420,IN,0.6744,7.4,2
audio04.TextGrid,36,10,yourself,152.420,153.040,PRP,6.0765,5.31,6
audio04.TextGrid,36,11,the,153.300,153.420,DT,7.9473,7.73,2
audio04.TextGrid,36,12,old,153.420,153.610,JJ,8.9955,5.75,3
audio04.TextGrid,36,13,man,153.610,153.870,NN,4.0041,5.82,3
audio04.TextGrid,36,14,said,153.870,154.260,VBD,9.3221,6.01,3
audio04.TextGrid,37,1,what,155.100,155.270,WDT,13.9100,6.38,3
audio04.TextGrid,37,2,are,155.270,155.300,VBP,4.3765,6.74,1
audio04.TextGrid,37,3,we,155.300,155.490,PRP,3.6982,6.54,2
audio04.TextGrid,37,4,eating,155.490,155.920,VBG,12.7191,4.85,4
audio04.TextGrid,38,1,black,157.040,157.250,JJ,15.0260,5.46,4
audio04.TextGrid,38,2,beans,157.250,157.570,NNS,11.0590,4.14,4
audio04.TextGrid,38,3,and,157.570,157.720,CC,5.0222,7.41,3
audio04.TextGrid,38,4,rice,157.720,158.120,NN,12.0878,4.55,3
audio04.TextGrid,38,5,fried,158.120,158.410,VBN,14.1201,4.06,4
audio04.TextGrid,38,6,bananas,158.410,158.850,NNS,22.3156,3.7,7
audio04.TextGrid,38,7,and,158.850,158.970,CC,5.4837,7.41,3
audio04.TextGrid,38,8,some,158.970,159.110,DT,8.5843,6.2,3
audio04.TextGrid,38,9,stew,159.110,161.140,VBP,11.3077,3.48,3
audio04.TextGrid,38,10,the,161.250,161.330,DT,9.6485,7.73,2
audio04.TextGrid,38,11,boy,161.330,161.570,NN,11.0457,5.17,2
audio04.TextGrid,38,12,had,161.570,161.710,VBD,12.0070,6.33,3
audio04.TextGrid,38,13,brought,161.710,161.950,VBN,13.2520,5.16,4
audio04.TextGrid,38,14,them,161.950,162.160,PRP,2.9147,6.19,3
audio04.TextGrid,38,15,in,162.160,162.260,IN,4.3079,7.27,2
audio04.TextGrid,38,16,a,162.260,162.320,DT,4.0683,7.36,1
audio04.TextGrid,38,17,two,162.320,162.520,CD,10.4500,6.1,2
audio04.TextGrid,38,18,decker,162.520,162.900,NN,19.9548,3.42,4
audio04.TextGrid,38,19,metal,162.900,163.210,NN,14.2464,4.82,5
audio04.TextGrid,38,20,container,163.210,163.760,NN,11.9826,4.03,7
audio04.TextGrid,38,21,from,163.760,163.950,IN,7.0844,6.63,4
audio04.TextGrid,38,22,the,163.950,164.020,DT,2.1304,7.73,2
audio04.TextGrid,38,23,terrace,164.020,164.630,NN,15.1369,3.88,5
audio04.TextGrid,39,1,the,165.290,165.380,DT,11.8924,7.73,2
audio04.TextGrid,39,2,two,165.380,165.570,CD,11.4138,6.1,2
audio04.TextGrid,39,3,sets,165.570,165.840,NNS,12.9505,4.69,4
audio04.TextGrid,39,4,of,165.840,165.970,IN,1.5838,7.4,2
audio04.TextGrid,39,5,knives,165.970,166.320,NNS,15.3374,3.84,4
audio04.TextGrid,39,6,and,166.320,166.480,CC,5.7737,7.41,3
audio04.TextGrid,39,7,forks,166.480,166.760,NNS,16.1467,3.45,5
audio04.TextGrid,39,8,and,166.760,166.850,CC,5.6667,7.41,3
audio04.TextGrid,39,9,spoons,166.850,167.420,NNS,16.5995,3.28,5
audio04.TextGrid,39,10,were,167.420,167.540,VBD,8.3480,6.34,2
audio04.TextGrid,39,11,in,167.540,167.640,IN,4.3660,7.27,2
audio04.TextGrid,39,12,his,167.640,167.800,PRP$,8.6229,6.51,3
audio04.TextGrid,39,13,pocket,167.800,168.290,NN,10.9606,4.48,5
audio04.TextGrid,39,14,with,168.290,168.400,IN,5.9641,6.85,3
audio04.TextGrid,39,15,a,168.400,168.450,DT,2.9524,7.36,1
audio04.TextGrid,39,16,paper,168.450,168.770,NN,10.8055,5.07,4
audio04.TextGrid,39,17,napkin,168.770,169.250,NN,25.5685,3.16,6
audio04.TextGrid,39,18,wrapped,169.250,169.510,VBD,16.7126,4.15,4
audio04.TextGrid,39,19,around,169.510,169.870,IN,7.1684,5.77,4
audio04.TextGrid,39,20,each,169.870,170.050,DT,13.4934,5.69,2
audio04.TextGrid,39,21,set,170.050,170.460,NN,8.0328,5.59,3
audio04.TextGrid,40,1,who,171.800,171.910,WP,15.0819,6.34,2
audio04.TextGrid,40,2,gave,171.910,172.130,VBD,14.2791,5.25,3
audio04.TextGrid,40,3,this,172.130,172.350,DT,4.8222,6.82,3
audio04.TextGrid,40,4,to,172.350,172.460,TO,5.7111,7.43,2
audio04.TextGrid,40,5,you,172.460,172.830,PRP,2.5123,6.98,2
audio04.TextGrid,41,1,martin,173.910,174.470,VB,16.2705,4.74,6
audio04.TextGrid,41,2,the,174.470,174.700,DT,9.8105,7.73,2
audio04.TextGrid,41,3,owner,174.700,175.000,NN,12.3052,4.83,3
audio04.TextGrid,41,4,i,175.870,175.950,NN,9.0601,7.09,1
audio04.TextGrid,41,5,must,175.950,176.170,MD,10.3397,5.68,4
audio04.TextGrid,41,6,thank,176.170,176.430,VB,8.2922,5.48,4
audio04.TextGrid,41,7,him,176.430,176.630,PRP,5.8909,6.11,3
audio04.TextGrid,42,1,i,177.480,177.600,NN,5.7704,7.09,1
audio04.TextGrid,42,2,thanked,177.600,177.880,VBD,26.3145,3.64,5
audio04.TextGrid,42,3,him,177.880,177.980,PRP,5.6460,6.11,2
audio04.TextGrid,42,4,already,177.980,178.420,RB,13.4910,5.55,6
audio04.TextGrid,42,5,the,178.600,178.680,DT,8.9991,7.73,2
audio04.TextGrid,42,6,boy,178.680,178.880,NN,10.4405,5.17,2
audio04.TextGrid,42,7,said,178.880,179.240,VBD,10.6919,6.01,3
audio04.TextGrid,42,8,you,179.610,179.720,PRP,7.0560,6.98,2
audio04.TextGrid,42,9,don,179.720,179.920,VBP,7.3460,4.6,3
audio04.TextGrid,42,10,t,179.920,179.950,JJ,8.8360,5.43,1
audio04.TextGrid,42,11,need,179.950,180.060,NN,9.8602,5.97,3
audio04.TextGrid,42,12,to,180.060,180.140,TO,1.7211,7.43,2
audio04.TextGrid,42,13,thank,180.140,180.430,VB,8.9354,5.48,4
audio04.TextGrid,42,14,him,180.430,180.590,PRP,1.0820,6.11,3
audio05.TextGrid,1,1,i,0.950,1.030,NN,5.7704,7.09,1
audio05.TextGrid,1,2,ll,1.030,1.080,VBP,21.2778,4.66,1
audio05.TextGrid,1,3,give,1.080,1.320,VB,15.2661,5.71,3
audio05.TextGrid,1,4,him,1.320,1.480,PRP,7.4528,6.11,2
audio05.TextGrid,1,5,the,1.480,1.560,DT,3.6140,7.73,2
audio05.TextGrid,1,6,belly,1.560,1.980,RB,18.3324,4.1,4
audio05.TextGrid,1,7,meat,1.980,2.190,NN,9.7518,4.63,3
audio05.TextGrid,1,8,of,2.190,2.280,IN,5.3283,7.4,2
audio05.TextGrid,1,9,a,2.280,2.340,DT,4.4450,7.36,1
audio05.TextGrid,1,10,big,2.340,2.610,JJ,8.2220,5.67,3
audio05.TextGrid,1,11,fish,2.610,3.030,NN,9.5145,4.9,3
audio05.TextGrid,1,12,the,3.410,3.540,DT,9.2125,7.73,2
audio05.TextGrid,1,13,old,3.540,3.730,JJ,9.3023,5.75,3
audio05.TextGrid,1,14,man,3.730,3.970,NN,2.7232,5.82,3
audio05.TextGrid,1,15,said,3.970,4.370,VBD,7.9958,6.01,3
audio05.TextGrid,2,1,has,5.300,5.460,VBZ,16.3812,6.37,3
audio05.TextGrid,2,2,he,5.460,5.560,PRP,7.9287,6.69,2
audio05.TextGrid,2,3,done,5.560,5.790,VBN,7.2780,5.58,3
audio05.TextGrid,2,4,this,5.790,5.950,DT,3.2423,6.82,3
audio05.TextGrid,2,5,for,5.950,6.130,IN,6.9002,7.01,3
audio05.TextGrid,2,6,us,6.130,6.270,PRP,7.0035,6.04,2
audio05.TextGrid,2,7,more,6.270,6.490,JJR,10.9936,6.36,3
audio05.TextGrid,2,8,than,6.490,6.640,IN,0.8436,6.13,3
audio05.TextGrid,2,9,once,6.640,7.150,RB,11.6358,5.53,4
audio05.TextGrid,3,1,i,8.260,8.350,NN,5.7704,7.09,1
audio05.TextGrid,3,2,think,8.350,8.590,VBP,13.1226,6.08,4
audio05.TextGrid,3,3,so,8.590,8.900,IN,7.2830,6.52,2
audio05.TextGrid,3,4,i,10.040,10.130,JJ,8.3966,7.09,1
audio05.TextGrid,3,5,must,10.130,10.380,MD,8.6101,5.68,4
audio05.TextGrid,3,6,give,10.380,10.550,VB,8.0040,5.71,3
audio05.TextGrid,3,7,him,10.550,10.670,PRP,6.1178,6.11,2
audio05.TextGrid,3,8,something,10.670,11.060,NN,6.2219,5.81,6
audio05.TextGrid,3,9,more,11.060,11.340,JJR,4.4062,6.36,3
audio05.TextGrid,3,10,than,11.340,11.490,IN,3.5879,6.13,3
audio05.TextGrid,3,11,the,11.490,11.560,DT,3.6956,7.73,2
audio05.TextGrid,3,12,belly,11.560,11.860,RB,19.0151,4.1,4
audio05.TextGrid,3,13,meat,11.860,12.080,NN,11.7637,4.63,3
audio05.TextGrid,3,14,then,12.080,12.440,RB,13.1645,6.07,3
audio05.TextGrid,4,1,he,13.070,13.190,PRP,13.2074,6.69,2
audio05.TextGrid,4,2,is,13.190,13.320,VBZ,6.8645,7.07,2
audio05.TextGrid,4,3,very,13.320,13.610,RB,8.2446,6.0,4
audio05.TextGrid,4,4,thoughtful,13.610,14.060,JJ,14.7525,3.83,6
audio05.TextGrid,4,5,for,14.060,14.330,IN,4.4181,7.01,3
audio05.TextGrid,4,6,us,14.330,14.530,PRP,6.5709,6.04,2
audio05.TextGrid,5,1,he,16.090,16.200,PRP,13.2074,6.69,2
audio05.TextGrid,5,2,sent,16.200,16.520,VBD,16.8842,5.16,4
audio05.TextGrid,5,3,two,16.520,16.630,CD,10.1606,6.1,2
audio05.TextGrid,5,4,beers,16.630,17.170,NNS,10.4778,3.9,4
audio05.TextGrid,6,1,i,18.190,18.290,NN,5.7704,7.09,1
audio05.TextGrid,6,2,like,18.290,18.490,IN,15.1317,6.41,3
audio05.TextGrid,6,3,the,18.490,18.550,DT,4.1476,7.73,2
audio05.TextGrid,6,4,beer,18.550,18.810,NN,12.5082,4.7,3
audio05.TextGrid,6,5,in,18.810,18.970,IN,5.9922,7.27,2
audio05.TextGrid,6,6,cans,18.970,19.390,NNS,16.3960,3.8,4
audio05.TextGrid,6,7,best,19.390,19.840,RB,14.7202,5.84,4
audio05.TextGrid,7,1,i,20.620,20.770,NN,5.7704,7.09,1
audio05.TextGrid,7,2,know,20.770,21.030,VBP,13.4773,6.1,2
audio05.TextGrid,7,3,but,21.030,21.230,CC,9.4426,6.63,3
audio05.TextGrid,7,4,this,21.230,21.430,DT,5.4858,6.82,3
audio05.TextGrid,7,5,is,21.430,21.550,VBZ,1.1248,7.07,2
audio05.TextGrid,7,6,in,21.550,21.660,IN,7.2691,7.27,2
audio05.TextGrid,7,7,bottles,21.660,22.100,NNS,21.2202,4.19,6
audio05.TextGrid,7,8,hatuey,22.100,22.610,VBP,41.2513,0.0,6
audio05.TextGrid,7,9,beer,22.610,22.940,NN,16.2098,4.7,3
audio05.TextGrid,7,10,and,23.280,23.410,CC,3.8553,7.41,2
audio05.TextGrid,7,11,i,23.410,23.510,NNS,3.0213,7.09,1
audio05.TextGrid,7,12,take,23.510,23.750,VBP,8.9467,5.92,3
audio05.TextGrid,7,13,back,23.750,23.990,RP,8.2872,6.04,3
audio05.TextGrid,7,14,the,23.990,24.070,DT,2.5831,7.73,2
audio05.TextGrid,7,15,bottles,24.070,24.580,NNS,5.9230,4.19,6
audio05.TextGrid,8,1,that,25.840,26.050,DT,16.1379,7.01,3
audio05.TextGrid,8,2,s,26.050,26.110,VBZ,6.6583,5.86,1
audio05.TextGrid,8,3,very,26.110,26.320,RB,20.4148,6.0,4
audio05.TextGrid,8,4,kind,26.320,26.670,NN,8.6199,5.45,4
audio05.TextGrid,8,5,of,26.670,26.760,IN,0.3096,7.4,2
audio05.TextGrid,8,6,you,26.760,26.990,PRP,8.4083,6.98,2
audio05.TextGrid,8,7,the,27.320,27.420,DT,8.9163,7.73,2
audio05.TextGrid,8,8,old,27.420,27.600,JJ,8.9878,5.75,3
audio05.TextGrid,8,9,man,27.600,27.830,NN,4.4835,5.82,3
audio05.TextGrid,8,10,said,27.830,28.170,VBD,9.4889,6.01,3
audio05.TextGrid,9,1,should,29.050,29.200,MD,18.2009,5.99,3
audio05.TextGrid,9,2,we,29.200,29.450,PRP,7.1971,6.54,2
audio05.TextGrid,9,3,eat,29.450,29.690,VB,8.6286,5.13,2
audio05.TextGrid,9,4,i,30.800,30.870,JJ,12.6861,7.09,1
audio05.TextGrid,9,5,ve,30.870,30.930,NNS,19.5988,4.56,2
audio05.TextGrid,9,6,been,30.930,31.100,VBN,14.7538,6.27,3
audio05.TextGrid,9,7,asking,31.100,31.470,VBG,10.8487,4.96,5
audio05.TextGrid,9,8,you,31.470,31.590,PRP,3.2269,6.98,2
audio05.TextGrid,9,9,to,31.590,31.940,TO,1.5329,7.43,2
audio05.TextGrid,9,10,the,32.150,32.240,DT,8.4791,7.73,2
audio05.TextGrid,9,11,boy,32.240,32.450,NN,11.8545,5.17,2
audio05.TextGrid,9,12,told,32.450,32.750,VBD,13.3619,5.54,4
audio05.TextGrid,9,13,him,32.750,32.860,PRP,6.0841,6.11,2
audio05.TextGrid,9,14,gently,32.860,33.360,RB,18.7559,4.08,6
audio05.TextGrid,10,1,i,34.350,34.410,NNS,5.7704,7.09,1
audio05.TextGrid,10,2,have,34.410,34.530,VBP,11.5572,6.71,3
audio05.TextGrid,10,3,not,34.530,34.750,RB,4.5501,6.69,3
audio05.TextGrid,10,4,wished,34.750,34.970,VBN,9.4794,4.0,4
audio05.TextGrid,10,5,to,34.970,35.060,TO,1.6096,7.43,2
audio05.TextGrid,10,6,open,35.060,35.260,VB,8.5129,5.48,4
audio05.TextGrid,10,7,the,35.260,35.330,DT,2.7846,7.73,2
audio05.TextGrid,10,8,container,35.330,35.810,NN,14.5953,4.03,7
audio05.TextGrid,10,9,until,35.810,36.070,IN,9.4324,5.61,5
audio05.TextGrid,10,10,you,36.070,36.180,PRP,5.6302,6.98,2
audio05.TextGrid,10,11,were,36.180,36.350,VBD,7.7804,6.34,2
audio05.TextGrid,10,12,ready,36.350,36.710,JJ,7.8986,5.28,4
audio05.TextGrid,11,1,i,38.310,38.390,JJ,5.7704,7.09,1
audio05.TextGrid,11,2,m,38.390,38.510,VBP,14.1015,5.39,2
audio05.TextGrid,11,3,ready,38.510,38.730,JJ,18.6680,5.28,4
audio05.TextGrid,11,4,now,38.730,39.070,RB,9.3838,6.18,2
audio05.TextGrid,12,1,the,39.520,39.620,DT,11.8924,7.73,2
audio05.TextGrid,12,2,old,39.620,39.810,JJ,9.2031,5.75,3
audio05.TextGrid,12,3,man,39.810,40.020,NN,4.4194,5.82,3
audio05.TextGrid,12,4,said,40.020,40.330,VBD,10.1133,6.01,3
audio05.TextGrid,13,1,i,41.190,41.360,NN,5.7704,7.09,1
audio05.TextGrid,13,2,only,41.360,41.610,RB,17.8202,6.12,4
audio05.TextGrid,13,3,needed,41.610,41.940,VBD,12.2637,5.18,5
audio05.TextGrid,13,4,time,41.940,42.170,NN,10.1165,6.29,3
audio05.TextGrid,13,5,to,42.170,42.270,TO,0.8465,7.43,2
audio05.TextGrid,13,6,wash,42.270,42.710,VB,13.2818,4.46,3
audio05.TextGrid,14,1,where,44.540,44.770,WRB,15.8817,6.0,3
audio05.TextGrid,14,2,did,44.770,44.930,VBD,5.8779,5.96,3
audio05.TextGrid,14,3,you,44.930,45.100,PRP,3.1666,6.98,2
audio05.TextGrid,14,4,wash,45.100,45.630,VB,13.0984,4.46,3
audio05.TextGrid,14,5,the,45.630,45.740,DT,4.0938,7.73,2
audio05.TextGrid,14,6,boy,45.740,45.960,NN,11.2771,5.17,2
audio05.TextGrid,14,7,thought,45.960,46.420,VBD,14.3452,5.59,3
audio05.TextGrid,15,1,the,46.970,47.060,DT,11.8924,7.73,2
audio05.TextGrid,15,2,village,47.060,47.390,NN,10.5764,4.82,5
audio05.TextGrid,15,3,water,47.390,47.700,NN,11.6744,5.52,4
audio05.TextGrid,15,4,supply,47.700,48.140,NN,7.5748,4.81,5
audio05.TextGrid,15,5,was,48.140,48.390,VBD,10.3950,6.82,3
audio05.TextGrid,15,6,two,48.390,48.570,CD,13.1528,6.1,2
audio05.TextGrid,15,7,streets,48.570,48.950,NNS,10.9301,4.66,6
audio05.TextGrid,15,8,down,48.950,49.210,IN,5.3340,5.88,3
audio05.TextGrid,15,9,the,49.210,49.290,DT,4.9873,7.73,2
audio05.TextGrid,15,10,road,49.290,49.730,NN,3.9881,5.24,3
audio05.TextGrid,16,1,i,50.550,50.630,NN,5.7704,7.09,1
audio05.TextGrid,16,2,must,50.630,50.850,MD,15.4189,5.68,4
audio05.TextGrid,16,3,have,50.850,51.030,VB,2.8201,6.71,3
audio05.TextGrid,16,4,water,51.030,51.370,NN,10.6108,5.52,4
audio05.TextGrid,16,5,here,51.370,51.540,RB,8.3482,5.97,3
audio05.TextGrid,16,6,for,51.540,51.790,IN,5.5066,7.01,3
audio05.TextGrid,16,7,him,51.790,51.980,PRP,9.5703,6.11,3
audio05.TextGrid,16,8,the,52.150,52.220,DT,9.2786,7.73,2
audio05.TextGrid,16,9,boy,52.220,52.420,NN,10.1084,5.17,2
audio05.TextGrid,16,10,thought,52.420,52.790,NN,10.5848,5.59,3
audio05.TextGrid,16,11,and,53.290,53.420,CC,7.7591,7.41,3
audio05.TextGrid,16,12,soap,53.420,53.830,NN,20.0829,4.18,3
audio05.TextGrid,16,13,and,53.830,53.940,CC,5.3297,7.41,3
audio05.TextGrid,16,14,a,53.940,53.980,DT,6.3737,7.36,1
audio05.TextGrid,16,15,good,53.980,54.220,JJ,7.7194,6.12,3
audio05.TextGrid,16,16,towel,54.220,54.610,NN,12.9958,3.94,3
audio05.TextGrid,17,1,why,55.230,55.420,WRB,14.8943,5.93,2
audio05.TextGrid,17,2,am,55.420,55.520,VBP,9.2689,5.78,2
audio05.TextGrid,17,3,i,55.520,55.630,RB,0.6882,7.09,1
audio05.TextGrid,17,4,so,55.630,55.830,RB,4.8299,6.52,2
audio05.TextGrid,17,5,thoughtless,55.830,56.470,JJ,21.4145,2.9,6
audio05.TextGrid,18,1,i,57.150,57.220,NN,5.7704,7.09,1
audio05.TextGrid,18,2,must,57.220,57.470,MD,15.4189,5.68,4
audio05.TextGrid,18,3,get,57.470,57.650,VB,6.4114,6.28,3
audio05.TextGrid,18,4,him,57.650,57.750,PRP,7.9265,6.11,2
audio05.TextGrid,18,5,another,57.750,58.010,DT,12.3438,5.74,5
audio05.TextGrid,18,6,shirt,58.010,58.400,NN,11.3382,4.63,3
audio05.TextGrid,18,7,and,58.400,58.510,CC,5.1836,7.41,3
audio05.TextGrid,18,8,a,58.510,58.560,DT,3.2822,7.36,1
audio05.TextGrid,18,9,jacket,58.560,58.950,NN,6.6936,4.32,5
audio05.TextGrid,18,10,for,58.950,59.060,IN,5.3831,7.01,2
audio05.TextGrid,18,11,the,59.060,59.140,DT,2.8821,7.73,2
audio05.TextGrid,18,12,winter,59.140,59.520,NN,10.4512,4.89,5
audio05.TextGrid,18,13,and,59.960,60.060,CC,5.7048,7.41,3
audio05.TextGrid,18,14,some,60.060,60.230,DT,8.6525,6.2,3
audio05.TextGrid,18,15,sort,60.230,60.440,NN,12.5556,5.0,4
audio05.TextGrid,18,16,of,60.440,60.540,IN,0.1374,7.4,2
audio05.TextGrid,18,17,shoes,60.540,61.260,NNS,9.6308,4.67,3
audio05.TextGrid,18,18,and,61.420,61.550,CC,3.8635,7.41,2
audio05.TextGrid,18,19,another,61.550,61.830,DT,8.4686,5.74,5
audio05.TextGrid,18,20,blanket,61.830,62.370,NN,14.9066,4.07,7
audio05.TextGrid,19,1,your,64.420,64.610,PRP$,14.6457,6.53,3
audio05.TextGrid,19,2,stew,64.610,65.030,NN,14.9813,3.48,3
audio05.TextGrid,19,3,is,65.030,65.200,VBZ,7.5066,7.07,2
audio05.TextGrid,19,4,excellent,65.200,65.940,JJ,11.4378,4.73,8
audio05.TextGrid,19,5,the,66.320,66.440,DT,9.0672,7.73,2
audio05.TextGrid,19,6,old,66.440,66.660,JJ,9.4076,5.75,3
audio05.TextGrid,19,7,man,66.660,66.900,NN,5.2429,5.82,3
audio05.TextGrid,19,8,said,66.900,67.340,VBD,9.3224,6.01,3
audio05.TextGrid,20,1,tell,68.820,68.980,VB,18.7729,5.53,3
audio05.TextGrid,20,2,me,68.980,69.130,PRP,4.8985,6.48,2
audio05.TextGrid,20,3,about,69.130,69.330,IN,3.7944,6.4,4
audio05.TextGrid,20,4,the,69.330,69.420,DT,2.0054,7.73,2
audio05.TextGrid,20,5,baseball,69.420,69.950,NN,12.4224,4.54,6
audio05.TextGrid,20,6,the,70.180,70.250,DT,7.8939,7.73,2
audio05.TextGrid,20,7,boy,70.250,70.540,NN,17.7130,5.17,2
audio05.TextGrid,20,8,asked,70.540,70.810,VBD,16.5886,5.3,3
audio05.TextGrid,20,9,him,70.810,70.990,PRP,10.9582,6.11,2
audio05.TextGrid,21,1,in,72.830,72.950,IN,10.8415,7.27,2
audio05.TextGrid,21,2,the,72.950,73.080,DT,3.0877,7.73,2
audio05.TextGrid,21,3,american,73.080,73.610,JJ,11.1368,5.49,8
audio05.TextGrid,21,4,league,73.610,73.920,NN,7.9645,5.13,3
audio05.TextGrid,21,5,it,73.920,74.030,PRP,10.9396,6.95,2
audio05.TextGrid,21,6,is,74.030,74.210,VBZ,1.8574,7.07,2
audio05.TextGrid,21,7,the,74.210,74.360,DT,4.2221,7.73,2
audio05.TextGrid,21,8,yankees,74.360,74.880,NNS,18.3368,3.93,6
audio05.TextGrid,21,9,as,74.880,75.000,IN,9.5054,6.77,2
audio05.TextGrid,21,10,i,75.000,75.130,NN,7.5237,7.09,1
audio05.TextGrid,21,11,said,75.130,75.620,VBD,8.9955,6.01,3
audio05.TextGrid,22,1,the,76.220,76.310,DT,11.8924,7.73,2
audio05.TextGrid,22,2,old,76.310,76.500,JJ,9.2031,5.75,3
audio05.TextGrid,22,3,man,76.500,76.720,NN,4.4194,5.82,3
audio05.TextGrid,22,4,said,76.720,76.930,VBD,10.1133,6.01,3
audio05.TextGrid,22,5,happily,76.930,77.410,RB,20.8116,4.11,6
audio05.TextGrid,23,1,they,78.600,78.740,PRP,20.3883,6.5,2
audio05.TextGrid,23,2,lost,78.740,79.020,VBD,9.9063,5.39,4
audio05.TextGrid,23,3,today,79.020,79.480,NN,12.2063,5.55,4
audio05.TextGrid,23,4,the,79.740,79.820,DT,5.3252,7.73,2
audio05.TextGrid,23,5,boy,79.820,80.020,NN,11.1523,5.17,2
audio05.TextGrid,23,6,told,80.020,80.310,VBD,9.7356,5.54,4
audio05.TextGrid,23,7,him,80.310,80.460,PRP,3.0679,6.11,2
audio05.TextGrid,24,1,that,81.300,81.540,DT,16.1379,7.01,3
audio05.TextGrid,24,2,means,81.540,81.890,VBZ,8.9848,5.44,4
audio05.TextGrid,24,3,nothing,81.890,82.270,NN,9.7211,5.55,5
audio05.TextGrid,24,4,the,82.500,82.640,DT,9.6336,7.73,2
audio05.TextGrid,24,5,great,82.640,82.870,JJ,9.1846,5.88,4
audio05.TextGrid,24,6,dimaggio,82.870,83.510,NN,35.7614,2.53,7
audio05.TextGrid,24,7,is,83.510,83.600,VBZ,4.4809,7.07,2
audio05.TextGrid,24,8,himself,83.600,84.020,PRP,18.3056,5.25,7
audio05.TextGrid,24,9,again,84.020,84.410,RB,8.4221,5.7,4
audio05.TextGrid,25,1,they,85.860,85.990,PRP,20.3883,6.5,2
audio05.TextGrid,25,2,have,85.990,86.140,VBP,4.4635,6.71,3
audio05.TextGrid,25,3,other,86.140,86.330,JJ,10.1827,6.16,3
audio05.TextGrid,25,4,men,86.330,86.510,NNS,9.5507,5.51,3
audio05.TextGrid,25,5,on,86.510,86.640,IN,7.5070,6.91,2
audio05.TextGrid,25,6,the,86.640,86.730,DT,2.7088,7.73,2
audio05.TextGrid,25,7,team,86.730,87.170,NN,6.8221,5.67,3
audio05.TextGrid,26,1,naturally,87.850,88.550,RB,25.8910,4.48,7
audio05.TextGrid,26,2,but,88.620,88.780,CC,12.2341,6.63,3
audio05.TextGrid,26,3,he,88.780,88.910,PRP,7.6227,6.69,2
audio05.TextGrid,26,4,makes,88.910,89.230,VBZ,9.8785,5.46,4
audio05.TextGrid,26,5,the,89.230,89.300,DT,3.9874,7.73,2
audio05.TextGrid,26,6,difference,89.300,89.880,NN,11.3603,5.01,7
audio05.TextGrid,27,1,in,90.430,90.560,IN,10.8415,7.27,2
audio05.TextGrid,27,2,the,90.560,90.700,DT,3.0877,7.73,2
audio05.TextGrid,27,3,other,90.700,90.900,JJ,10.6984,6.16,3
audio05.TextGrid,27,4,league,90.900,91.160,NN,11.6302,5.13,3
audio05.TextGrid,27,5,between,91.160,91.500,IN,12.2430,5.77,6
audio05.TextGrid,27,6,brooklyn,91.500,91.870,NN,13.3147,4.25,7
audio05.TextGrid,27,7,and,91.870,91.990,CC,0.9947,7.41,3
audio05.TextGrid,27,8,philadelphia,91.990,92.660,NN,8.3611,4.42,10
audio05.TextGrid,27,9,i,92.840,92.980,NN,10.3838,7.09,1
audio05.TextGrid,27,10,must,92.980,93.200,MD,9.6307,5.68,4
audio05.TextGrid,27,11,take,93.200,93.400,VB,5.9585,5.92,3
audio05.TextGrid,27,12,brooklyn,93.400,93.900,NN,10.3504,4.25,7
audio05.TextGrid,28,1,but,94.770,94.890,CC,16.1685,6.63,3
audio05.TextGrid,28,2,then,94.890,95.100,RB,9.0560,6.07,3
audio05.TextGrid,28,3,i,95.100,95.230,JJ,4.5001,7.09,1
audio05.TextGrid,28,4,think,95.230,95.490,VBP,8.1180,6.08,4
audio05.TextGrid,28,5,of,95.490,95.590,IN,4.3595,7.4,2
audio05.TextGrid,28,6,dick,95.590,95.810,NN,11.0103,4.7,3
audio05.TextGrid,28,7,sisler,95.810,96.280,NN,22.9307,1.55,5
audio05.TextGrid,28,8,and,96.280,96.350,CC,2.9213,7.41,2
audio05.TextGrid,28,9,those,96.350,96.550,DT,8.7691,5.9,3
audio05.TextGrid,28,10,great,96.550,96.770,JJ,6.5977,5.88,4
audio05.TextGrid,28,11,drives,96.770,97.310,NNS,15.0280,4.28,5
audio05.TextGrid,28,12,in,97.310,97.390,IN,4.4783,7.27,2
audio05.TextGrid,28,13,the,97.390,97.510,DT,1.4954,7.73,2
audio05.TextGrid,28,14,old,97.510,97.770,JJ,8.8203,5.75,3
audio05.TextGrid,28,15,park,97.770,98.160,NN,13.1841,5.16,4
audio05.TextGrid,29,1,there,99.220,99.340,EX,14.3662,6.31,3
audio05.TextGrid,29,2,was,99.340,99.510,VBD,4.4608,6.82,3
audio05.TextGrid,29,3,nothing,99.510,99.910,NN,8.0299,5.55,5
audio05.TextGrid,29,4,ever,99.910,100.140,RB,13.3074,5.66,3
audio05.TextGrid,29,5,like,100.140,100.410,IN,4.8543,6.41,3
audio05.TextGrid,29,6,them,100.410,100.740,PRP,9.5045,6.19,3
audio05.TextGrid,29,7,he,101.050,101.190,PRP,10.2264,6.69,2
audio05.TextGrid,29,8,hits,101.190,101.420,VBZ,20.2252,4.65,4
audio05.TextGrid,29,9,the,101.420,101.490,DT,2.5579,7.73,2
audio05.TextGrid,29,10,longest,101.490,102.070,JJS,13.4788,4.22,7
audio05.TextGrid,29,11,ball,102.070,102.430,NN,11.5894,5.04,3
audio05.TextGrid,29,12,i,102.430,102.480,NN,8.5560,7.09,1
audio05.TextGrid,29,13,have,102.480,102.620,VBP,3.0002,6.71,3
audio05.TextGrid,29,14,ever,102.620,102.810,RB,0.1958,5.66,3
audio05.TextGrid,29,15,seen,102.810,103.290,VBN,2.5341,5.52,3
audio05.TextGrid,30,1,do,104.560,104.660,VB,13.5223,6.35,2
audio05.TextGrid,30,2,you,104.660,104.850,PRP,2.6938,6.98,2
audio05.TextGrid,30,3,remember,104.850,105.280,VB,8.8051,5.38,7
audio05.TextGrid,30,4,when,105.280,105.490,WRB,4.2111,6.37,3
audio05.TextGrid,30,5,he,105.490,105.630,PRP,6.4515,6.69,2
audio05.TextGrid,30,6,used,105.630,105.810,VBD,10.4704,5.8,4
audio05.TextGrid,30,7,to,105.810,105.890,TO,2.1676,7.43,2
audio05.TextGrid,30,8,come,105.890,106.080,VB,7.7892,5.78,3
audio05.TextGrid,30,9,to,106.080,106.170,TO,2.1155,7.43,2
audio05.TextGrid,30,10,the,106.170,106.280,DT,2.1085,7.73,2
audio05.TextGrid,30,11,terrace,106.280,106.860,NN,15.7901,3.88,5
audio05.TextGrid,31,1,i,107.290,107.410,RB,5.7704,7.09,1
audio05.TextGrid,31,2,wanted,107.410,107.750,VBD,15.2280,5.36,5
audio05.TextGrid,31,3,to,107.750,107.810,TO,1.1246,7.43,2
audio05.TextGrid,31,4,take,107.810,108.030,VB,6.1204,5.92,3
audio05.TextGrid,31,5,him,108.030,108.130,PRP,9.3557,6.11,2
audio05.TextGrid,31,6,fishing,108.130,108.640,VBG,20.2215,4.47,5
audio05.TextGrid,31,7,but,108.640,108.800,CC,5.4845,6.63,3
audio05.TextGrid,31,8,i,108.800,108.920,NN,2.1300,7.09,1
audio05.TextGrid,31,9,was,108.920,109.120,VBD,3.6054,6.82,3
audio05.TextGrid,31,10,too,109.120,109.250,RB,8.5443,5.95,2
audio05.TextGrid,31,11,timid,109.250,109.650,JJ,23.8387,3.25,5
audio05.TextGrid,31,12,to,109.650,109.760,TO,2.6891,7.43,2
audio05.TextGrid,31,13,ask,109.760,110.030,VB,7.7571,5.34,3
audio05.TextGrid,31,14,him,110.030,110.210,PRP,1.6005,6.11,3
audio05.TextGrid,32,1,then,110.810,110.970,RB,17.9329,6.07,3
audio05.TextGrid,32,2,i,110.970,111.110,VB,5.4267,7.09,1
audio05.TextGrid,32,3,asked,111.110,111.410,VBD,11.6191,5.3,3
audio05.TextGrid,32,4,you,111.410,111.580,PRP,3.6108,6.98,2
audio05.TextGrid,32,5,to,111.580,111.820,TO,3.1221,7.43,2
audio05.TextGrid,32,6,ask,111.820,112.030,VB,7.2459,5.34,3
audio05.TextGrid,32,7,him,112.030,112.250,PRP,7.2809,6.11,3
audio05.TextGrid,32,8,and,112.250,112.470,CC,6.0522,7.41,3
audio05.TextGrid,32,9,you,112.470,112.610,PRP,3.8541,6.98,2
audio05.TextGrid,32,10,were,112.610,112.730,VBD,6.5015,6.34,2
audio05.TextGrid,32,11,too,112.730,112.900,RB,11.5399,5.95,2
audio05.TextGrid,32,12,timid,112.900,113.410,JJ,20.4729,3.25,5
audio05.TextGrid,33,1,i,114.260,114.400,NN,5.7704,7.09,1
audio05.TextGrid,33,2,know,114.400,114.730,VBP,13.4773,6.1,2
audio05.TextGrid,33,3,it,114.950,115.130,PRP,4.8176,6.95,2
audio05.TextGrid,33,4,was,115.130,115.240,VBD,4.5616,6.82,3
audio05.TextGrid,33,5,a,115.240,115.300,DT,2.2015,7.36,1
audio05.TextGrid,33,6,great,115.300,115.580,JJ,4.9692,5.88,4
audio05.TextGrid,33,7,mistake,115.580,116.100,NN,8.9391,4.67,6
audio05.TextGrid,33,8,he,116.300,116.410,PRP,12.1098,6.69,2
audio05.TextGrid,33,9,might,116.410,116.570,MD,11.4792,5.66,3
audio05.TextGrid,33,10,have,116.570,116.670,VB,0.9750,6.71,3
audio05.TextGrid,33,11,gone,116.670,116.880,VBN,8.9581,5.17,3
audio05.TextGrid,33,12,with,116.880,117.090,IN,4.0366,6.85,3
audio05.TextGrid,33,13,us,117.090,117.430,PRP,6.8295,6.04,2
audio05.TextGrid,34,1,then,117.880,118.120,RB,17.9329,6.07,3
audio05.TextGrid,34,2,we,118.120,118.210,PRP,8.8836,6.54,2
audio05.TextGrid,34,3,would,118.210,118.390,MD,9.1457,6.27,3
audio05.TextGrid,34,4,have,118.390,118.500,VB,3.4000,6.71,3
audio05.TextGrid,34,5,that,118.500,118.840,DT,10.1198,7.01,3
audio05.TextGrid,34,6,for,118.840,119.000,IN,8.0852,7.01,3
audio05.TextGrid,34,7,all,119.000,119.220,DT,5.4062,6.52,2
audio05.TextGrid,34,8,of,119.220,119.310,IN,1.3959,7.4,2
audio05.TextGrid,34,9,our,119.310,119.440,PRP$,2.8208,6.14,2
audio05.TextGrid,34,10,lives,119.440,120.040,NNS,7.4931,5.14,4
audio05.TextGrid,35,1,i,121.570,121.720,NN,5.7704,7.09,1
audio05.TextGrid,35,2,would,121.720,121.940,MD,14.5284,6.27,3
audio05.TextGrid,35,3,like,121.940,122.190,VB,1.4958,6.41,3
audio05.TextGrid,35,4,to,122.190,122.270,TO,0.4252,7.43,2
audio05.TextGrid,35,5,take,122.270,122.500,VB,6.3167,5.92,3
audio05.TextGrid,35,6,the,122.510,122.620,DT,4.3494,7.73,2
audio05.TextGrid,35,7,great,122.620,122.860,JJ,8.0352,5.88,4
audio05.TextGrid,35,8,dimaggio,122.860,123.480,NN,36.7849,2.53,7
audio05.TextGrid,35,9,fishing,123.480,123.900,VBG,14.4805,4.47,5
audio05.TextGrid,35,10,the,124.230,124.360,DT,7.8671,7.73,2
audio05.TextGrid,35,11,old,124.360,124.570,JJ,9.3952,5.75,3
audio05.TextGrid,35,12,man,124.570,124.790,NN,5.4246,5.82,3
audio05.TextGrid,35,13,said,124.790,125.150,VBD,10.4757,6.01,3
audio05.TextGrid,36,1,they,125.950,126.070,PRP,20.3883,6.5,2
audio05.TextGrid,36,2,say,126.070,126.310,VBP,5.1612,5.89,2
audio05.TextGrid,36,3,his,126.310,126.490,PRP$,11.1419,6.51,3
audio05.TextGrid,36,4,father,126.490,126.790,NN,7.9672,5.26,4
audio05.TextGrid,36,5,was,126.790,126.990,VBD,3.5630,6.82,3
audio05.TextGrid,36,6,a,126.990,127.040,DT,2.9785,7.36,1
audio05.TextGrid,36,7,fisherman,127.040,127.630,NN,17.5647,3.49,7
audio05.TextGrid,37,1,maybe,128.130,128.460,RB,19.7770,5.45,4
audio05.TextGrid,37,2,he,128.460,128.550,PRP,8.6512,6.69,2
audio05.TextGrid,37,3,was,128.550,128.780,VBD,5.7578,6.82,3
audio05.TextGrid,37,4,as,128.780,128.910,RB,8.3827,6.77,2
audio05.TextGrid,37,5,poor,128.910,129.250,JJ,13.3169,5.09,3
audio05.TextGrid,37,6,as,129.250,129.350,IN,1.8432,6.77,2
audio05.TextGrid,37,7,we,129.350,129.590,PRP,6.7348,6.54,2
audio05.TextGrid,37,8,are,129.590,129.830,VBP,6.8860,6.74,2
audio05.TextGrid,37,9,and,129.830,129.990,CC,6.5790,7.41,3
audio05.TextGrid,37,10,would,129.990,130.110,MD,6.8725,6.27,3
audio05.TextGrid,37,11,understand,130.110,130.860,VB,10.6118,5.37,9
audio05.TextGrid,38,1,the,132.500,132.590,DT,11.8924,7.73,2
audio05.TextGrid,38,2,great,132.590,132.850,JJ,8.9093,5.88,4
audio05.TextGrid,38,3,sisler,132.850,133.250,NN,24.6807,1.55,6
audio05.TextGrid,38,4,s,133.250,133.350,NN,7.9881,5.86,1
audio05.TextGrid,38,5,father,133.350,133.620,NN,21.1338,5.26,4
audio05.TextGrid,38,6,was,133.620,133.800,VBD,6.8693,6.82,3
audio05.TextGrid,38,7,never,133.800,134.000,RB,7.6504,5.91,4
audio05.TextGrid,38,8,poor,134.000,134.370,JJ,15.1441,5.09,3
audio05.TextGrid,38,9,and,134.370,134.490,CC,4.6263,7.41,3
audio05.TextGrid,38,10,he,134.490,134.760,PRP,4.3406,6.69,2
audio05.TextGrid,38,11,the,134.760,134.880,DT,10.7367,7.73,2
audio05.TextGrid,38,12,father,134.880,135.240,NN,4.9132,5.26,4
audio05.TextGrid,38,13,was,135.240,135.410,VBD,3.5386,6.82,3
audio05.TextGrid,38,14,playing,135.410,135.710,VBG,12.6205,5.37,5
audio05.TextGrid,38,15,in,135.710,135.780,IN,5.0030,7.27,2
audio05.TextGrid,38,16,the,135.780,135.840,DT,1.7121,7.73,2
audio05.TextGrid,38,17,big,135.840,136.090,JJ,7.9728,5.67,3
audio05.TextGrid,38,18,leagues,136.090,136.370,NNS,14.6345,3.9,4
audio05.TextGrid,38,19,when,136.370,136.490,WRB,6.6853,6.37,3
audio05.TextGrid,38,20,he,136.490,136.600,PRP,2.2227,6.69,2
audio05.TextGrid,38,21,was,136.600,136.740,VBD,2.2611,6.82,3
audio05.TextGrid,38,22,my,136.740,137.000,PRP$,8.6337,6.57,2
audio05.TextGrid,38,23,age,137.000,137.320,NN,11.2691,5.32,2
audio05.TextGrid,39,1,when,138.800,138.920,WRB,14.5784,6.37,3
audio05.TextGrid,39,2,i,138.920,139.090,NN,3.8695,7.09,1
audio05.TextGrid,39,3,was,139.090,139.310,VBD,4.2507,6.82,3
audio05.TextGrid,39,4,your,139.310,139.600,PRP$,11.6690,6.53,3
audio05.TextGrid,39,5,age,139.600,139.800,NN,13.4123,5.32,2
audio05.TextGrid,39,6,i,139.800,139.960,NN,8.7301,7.09,1
audio05.TextGrid,39,7,was,139.960,140.220,VBD,2.2458,6.82,3
audio05.TextGrid,39,8,before,140.220,140.690,IN,14.7186,5.93,5
audio05.TextGrid,39,9,the,140.690,140.770,DT,4.1986,7.73,2
audio05.TextGrid,39,10,mast,140.770,141.140,NN,12.0991,3.52,4
audio05.TextGrid,39,11,on,141.140,141.280,IN,11.6162,6.91,2
audio05.TextGrid,39,12,a,141.280,141.350,DT,5.7255,7.36,1
audio05.TextGrid,39,13,square,141.350,141.890,NN,11.7424,4.84,5
audio05.TextGrid,39,14,rigged,141.890,142.230,VBN,21.9881,3.63,4
audio05.TextGrid,39,15,ship,142.230,142.570,NN,12.7705,4.93,3
audio05.TextGrid,39,16,that,142.570,142.740,WDT,5.4780,7.01,3
audio05.TextGrid,39,17,ran,142.740,143.010,VBD,11.7073,4.87,3
audio05.TextGrid,39,18,to,143.010,143.180,TO,5.1981,7.43,2
audio05.TextGrid,39,19,africa,143.180,143.710,VB,14.4072,4.92,6
audio05.TextGrid,39,20,and,143.840,143.990,CC,3.0452,7.41,3
audio05.TextGrid,39,21,i,143.990,144.170,VB,3.1141,7.09,1
audio05.TextGrid,39,22,have,144.170,144.300,VBP,6.3583,6.71,3
audio05.TextGrid,39,23,seen,144.300,144.570,VBN,6.9119,5.52,3
audio05.TextGrid,39,24,lions,144.570,145.100,NNS,16.3196,4.18,5
audio05.TextGrid,39,25,on,145.100,145.260,IN,5.7041,6.91,2
audio05.TextGrid,39,26,the,145.260,145.330,DT,3.0032,7.73,2
audio05.TextGrid,39,27,beaches,145.330,145.850,NNS,15.0744,3.96,5
audio05.TextGrid,39,28,in,145.850,145.920,IN,4.2450,7.27,2
audio05.TextGrid,39,29,the,145.920,146.050,DT,1.9218,7.73,2
audio05.TextGrid,39,30,evening,146.050,146.580,NN,11.5826,4.86,5
audio05.TextGrid,40,1,i,148.130,148.250,NN,5.7704,7.09,1
audio05.TextGrid,40,2,know,148.250,148.500,VBP,13.4773,6.1,2
audio05.TextGrid,40,3,you,148.700,148.790,PRP,4.2095,6.98,2
audio05.TextGrid,40,4,told,148.790,149.150,VBD,8.4895,5.54,4
audio05.TextGrid,40,5,me,149.150,149.350,PRP,0.1596,6.48,2
audio05.TextGrid,41,1,should,151.210,151.350,MD,18.2009,5.99,3
audio05.TextGrid,41,2,we,151.350,151.500,PRP,7.1971,6.54,2
audio05.TextGrid,41,3,talk,151.500,151.790,VB,7.8778,5.42,3
audio05.TextGrid,41,4,about,151.790,152.070,IN,0.1896,6.4,4
audio05.TextGrid,41,5,africa,152.070,152.620,NN,15.6421,4.92,6
audio05.TextGrid,41,6,or,152.620,152.840,CC,7.7373,6.54,2
audio05.TextGrid,41,7,about,152.840,153.070,IN,7.1979,6.4,4
audio05.TextGrid,41,8,baseball,153.070,153.740,NN,13.9883,4.54,6
audio05.TextGrid,42,1,baseball,154.930,155.520,NN,21.0160,4.54,6
audio05.TextGrid,42,2,i,155.520,155.570,NN,9.5028,7.09,1
audio05.TextGrid,42,3,think,155.570,155.970,VBP,8.7982,6.08,4
audio05.TextGrid,42,4,the,156.120,156.200,DT,4.3659,7.73,2
audio05.TextGrid,42,5,boy,156.200,156.410,NN,9.7452,5.17,2
audio05.TextGrid,42,6,said,156.410,156.800,VBD,9.0604,6.01,3
audio05.TextGrid,42,7,tell,157.210,157.370,IN,12.5033,5.53,3
audio05.TextGrid,42,8,me,157.370,157.500,PRP,2.8828,6.48,2
audio05.TextGrid,42,9,about,157.500,157.700,IN,4.8757,6.4,4
audio05.TextGrid,42,10,the,157.700,157.820,DT,2.4714,7.73,2
audio05.TextGrid,42,11,great,157.820,158.220,JJ,6.9843,5.88,4
audio05.TextGrid,42,12,john,158.220,158.840,NN,11.7573,5.38,3
audio05.TextGrid,42,13,j,158.840,158.980,NN,5.5081,5.0,2
audio05.TextGrid,42,14,mcgraw,158.980,159.610,NN,27.2756,3.37,5
audio05.TextGrid,43,1,he,160.530,160.660,PRP,13.2074,6.69,2
audio05.TextGrid,43,2,said,160.660,160.930,VBD,10.3483,6.01,3
audio05.TextGrid,43,3,jota,160.930,161.330,NN,21.7566,2.16,4
audio05.TextGrid,43,4,for,161.330,161.520,IN,8.2635,7.01,3
audio05.TextGrid,43,5,j,161.520,161.950,NN,7.0948,5.0,2
audio05.TextGrid,44,1,he,163.850,164.040,PRP,13.2074,6.69,2
audio05.TextGrid,44,2,used,164.040,164.250,VBD,14.0918,5.8,4
audio05.TextGrid,44,3,to,164.250,164.320,TO,1.8946,7.43,2
audio05.TextGrid,44,4,come,164.320,164.500,VB,7.3131,5.78,3
audio05.TextGrid,44,5,to,164.500,164.600,TO,2.6981,7.43,2
audio05.TextGrid,44,6,the,164.600,164.730,DT,2.0279,7.73,2
audio05.TextGrid,44,7,terrace,164.730,165.080,NN,14.7986,3.88,5
audio05.TextGrid,44,8,sometimes,165.080,165.600,RB,14.6071,5.28,7
audio05.TextGrid,44,9,too,165.600,165.820,RB,13.4871,5.95,2
audio05.TextGrid,44,10,in,165.820,165.920,IN,7.1062,7.27,2
audio05.TextGrid,44,11,the,165.920,166.040,DT,1.8720,7.73,2
audio05.TextGrid,44,12,older,166.040,166.310,JJR,13.1731,4.92,4
audio05.TextGrid,44,13,days,166.310,166.720,NNS,5.2299,5.61,3
audio05.TextGrid,44,14,but,167.020,167.180,CC,9.1110,6.63,3
audio05.TextGrid,44,15,he,167.180,167.290,PRP,3.5599,6.69,2
audio05.TextGrid,44,16,was,167.290,167.500,VBD,2.2287,6.82,3
audio05.TextGrid,44,17,rough,167.500,167.880,JJ,16.1066,4.49,3
audio05.TextGrid,44,18,and,167.880,167.990,CC,3.1454,7.41,2
audio05.TextGrid,44,19,harsh,167.990,168.270,JJ,18.6117,4.14,4
audio05.TextGrid,44,20,spoken,168.270,168.800,NN,17.8940,4.45,6
audio05.TextGrid,44,21,and,168.800,168.910,CC,3.7784,7.41,2
audio05.TextGrid,44,22,difficult,168.910,169.500,JJ,13.0000,5.07,8
audio05.TextGrid,44,23,when,169.500,169.610,WRB,6.2897,6.37,3
audio05.TextGrid,44,24,he,169.610,169.720,PRP,1.3198,6.69,2
audio05.TextGrid,44,25,was,169.720,169.870,VBD,2.8882,6.82,3
audio05.TextGrid,44,26,drinking,169.870,170.410,VBG,13.8037,4.71,7
audio05.TextGrid,45,1,his,170.960,171.130,PRP$,16.5981,6.51,3
audio05.TextGrid,45,2,mind,171.130,171.420,NN,15.4946,5.41,4
audio05.TextGrid,45,3,was,171.420,171.590,VBD,12.5954,6.82,3
audio05.TextGrid,45,4,on,171.590,171.770,IN,6.3975,6.91,2
audio05.TextGrid,45,5,horses,171.770,172.230,NNS,17.7890,4.45,6
audio05.TextGrid,45,6,as,172.230,172.350,RB,8.6967,6.77,2
audio05.TextGrid,45,7,well,172.350,172.560,RB,5.2952,6.03,3
audio05.TextGrid,45,8,as,172.560,172.680,IN,0.6354,6.77,2
audio05.TextGrid,45,9,baseball,172.680,173.240,NN,12.3243,4.54,6
audio05.TextGrid,46,1,at,173.830,173.980,IN,11.5665,6.7,2
audio05.TextGrid,46,2,least,173.980,174.270,JJS,7.0790,5.44,4
audio05.TextGrid,46,3,he,174.270,174.380,PRP,10.3353,6.69,2
audio05.TextGrid,46,4,carried,174.380,174.820,VBD,12.8431,4.77,5
audio05.TextGrid,46,5,lists,174.820,175.150,NNS,16.7977,4.38,5
audio05.TextGrid,46,6,of,175.150,175.280,IN,3.9541,7.4,2
audio05.TextGrid,46,7,horses,175.280,175.710,NNS,15.3656,4.45,6
audio05.TextGrid,46,8,at,175.710,175.830,IN,6.0937,6.7,2
audio05.TextGrid,46,9,all,175.830,175.990,DT,4.1978,6.52,2
audio05.TextGrid,46,10,times,175.990,176.410,NNS,3.3648,5.56,4
audio05.TextGrid,46,11,in,176.410,176.490,IN,4.6953,7.27,2
audio05.TextGrid,46,12,his,176.490,176.630,PRP$,3.8873,6.51,3
audio05.TextGrid,46,13,pocket,176.630,177.060,NN,11.6225,4.48,5
audio05.TextGrid,46,14,and,177.450,177.580,CC,4.0895,7.41,2
audio05.TextGrid,46,15,frequently,177.580,178.120,RB,16.0266,4.56,10
audio05.TextGrid,46,16,spoke,178.120,178.460,VBD,12.5180,4.61,4
audio05.TextGrid,46,17,the,178.460,178.550,DT,4.3218,7.73,2
audio05.TextGrid,46,18,names,178.550,178.840,NNS,12.0617,4.91,4
audio05.TextGrid,46,19,of,178.840,178.960,IN,1.0513,7.4,2
audio05.TextGrid,46,20,horses,178.960,179.330,NNS,7.8672,4.45,6
audio05.TextGrid,46,21,on,179.330,179.450,IN,5.2036,6.91,2
audio05.TextGrid,46,22,the,179.450,179.550,DT,2.5795,7.73,2
audio05.TextGrid,46,23,telephone,179.550,180.200,NN,10.8098,4.41,7
audio06.TextGrid,1,1,he,0.890,1.000,PRP,13.2074,6.69,2
audio06.TextGrid,1,2,was,1.000,1.160,VBD,4.9565,6.82,3
audio06.TextGrid,1,3,a,1.160,1.220,DT,4.8194,7.36,1
audio06.TextGrid,1,4,great,1.220,1.540,JJ,5.8365,5.88,4
audio06.TextGrid,1,5,manager,1.540,2.010,NN,16.4191,4.97,6
audio06.TextGrid,1,6,the,2.160,2.230,DT,9.7314,7.73,2
audio06.TextGrid,1,7,boy,2.230,2.450,NN,10.6401,5.17,2
audio06.TextGrid,1,8,said,2.450,2.800,VBD,9.4700,6.01,3
audio06.TextGrid,2,1,my,3.440,3.570,PRP$,14.3643,6.57,2
audio06.TextGrid,2,2,father,3.570,3.910,NN,9.8206,5.26,4
audio06.TextGrid,2,3,thinks,3.910,4.170,VBZ,9.1109,4.78,5
audio06.TextGrid,2,4,he,4.170,4.250,PRP,5.0835,6.69,2
audio06.TextGrid,2,5,was,4.250,4.460,VBD,4.2108,6.82,3
audio06.TextGrid,2,6,the,4.480,4.570,DT,5.4052,7.73,2
audio06.TextGrid,2,7,greatest,4.570,5.150,JJS,6.3933,4.79,7
audio06.TextGrid,3,1,because,6.250,6.600,IN,18.2301,6.03,5
audio06.TextGrid,3,2,he,6.600,6.710,PRP,5.2790,6.69,2
audio06.TextGrid,3,3,came,6.710,6.960,VBD,8.4339,5.5,3
audio06.TextGrid,3,4,here,6.960,7.190,RB,6.2627,5.97,3
audio06.TextGrid,3,5,the,7.190,7.290,DT,7.4176,7.73,2
audio06.TextGrid,3,6,most,7.290,7.550,RBS,7.2384,6.0,3
audio06.TextGrid,3,7,times,7.550,8.110,NNS,11.6974,5.56,4
audio06.TextGrid,3,8,the,8.410,8.520,DT,7.9028,7.73,2
audio06.TextGrid,3,9,old,8.520,8.720,JJ,8.4491,5.75,3
audio06.TextGrid,3,10,man,8.720,8.960,NN,3.2393,5.82,3
audio06.TextGrid,3,11,said,8.960,9.320,VBD,8.4791,6.01,3
audio06.TextGrid,4,1,if,9.850,9.970,IN,13.0425,6.47,2
audio06.TextGrid,4,2,durocher,9.970,10.500,NN,48.4553,1.86,7
audio06.TextGrid,4,3,had,10.500,10.630,VBD,9.6608,6.33,3
audio06.TextGrid,4,4,continued,10.630,11.100,VBN,12.3919,4.96,9
audio06.TextGrid,4,5,to,11.100,11.170,TO,1.2011,7.43,2
audio06.TextGrid,4,6,come,11.170,11.420,VB,7.8289,5.78,3
audio06.TextGrid,4,7,here,11.420,11.650,RB,7.8375,5.97,3
audio06.TextGrid,4,8,each,11.650,11.890,DT,12.7120,5.69,2
audio06.TextGrid,4,9,year,11.890,12.060,NN,4.4901,5.96,3
audio06.TextGrid,4,10,your,12.060,12.240,PRP$,13.7363,6.53,3
audio06.TextGrid,4,11,father,12.240,12.520,NN,8.1087,5.26,4
audio06.TextGrid,4,12,would,12.520,12.710,MD,4.0713,6.27,3
audio06.TextGrid,4,13,think,12.710,12.950,VB,7.7445,6.08,4
audio06.TextGrid,4,14,him,12.950,13.120,PRP,7.2574,6.11,3
audio06.TextGrid,4,15,the,13.120,13.210,DT,7.6067,7.73,2
audio06.TextGrid,4,16,greatest,13.210,13.650,JJS,7.2111,4.79,7
audio06.TextGrid,4,17,manager,13.650,14.160,NN,16.1581,4.97,6
audio06.TextGrid,5,1,who,15.780,15.960,WP,15.0819,6.34,2
audio06.TextGrid,5,2,is,15.960,16.080,VBZ,2.9475,7.07,2
audio06.TextGrid,5,3,the,16.080,16.160,DT,3.9134,7.73,2
audio06.TextGrid,5,4,greatest,16.160,16.580,JJS,10.2902,4.79,7
audio06.TextGrid,5,5,manager,16.580,17.050,NN,11.1329,4.97,6
audio06.TextGrid,5,6,really,17.050,17.410,RB,12.7867,5.97,4
audio06.TextGrid,5,7,luque,17.780,18.020,VBZ,31.6654,1.8,3
audio06.TextGrid,5,8,or,18.020,18.270,CC,7.9144,6.54,1
audio06.TextGrid,5,9,mike,18.270,18.450,VB,11.8030,4.8,3
audio06.TextGrid,5,10,gonzalez,18.450,19.120,NN,13.1934,3.48,8
audio06.TextGrid,6,1,i,20.070,20.140,NN,5.7704,7.09,1
audio06.TextGrid,6,2,think,20.140,20.370,VBP,13.1226,6.08,4
audio06.TextGrid,6,3,they,20.370,20.520,PRP,6.3756,6.5,2
audio06.TextGrid,6,4,are,20.520,20.700,VBP,3.1325,6.74,2
audio06.TextGrid,6,5,equal,20.700,21.160,JJ,11.3939,4.65,5
audio06.TextGrid,7,1,and,22.330,22.430,CC,13.4350,7.41,2
audio06.TextGrid,7,2,the,22.430,22.510,DT,6.4323,7.73,2
audio06.TextGrid,7,3,best,22.510,22.810,JJS,7.1931,5.84,4
audio06.TextGrid,7,4,fisherman,22.810,23.230,NN,21.7420,3.49,7
audio06.TextGrid,7,5,is,23.230,23.370,VBZ,6.7059,7.07,2
audio06.TextGrid,7,6,you,23.370,23.670,PRP,7.9039,6.98,2
audio06.TextGrid,8,1,no,24.420,25.030,DT,13.1520,6.35,2
audio06.TextGrid,8,2,i,25.170,25.350,NN,7.6280,7.09,1
audio06.TextGrid,8,3,know,25.350,25.580,VBP,8.6200,6.1,2
audio06.TextGrid,8,4,others,25.580,25.880,NNS,14.1028,5.42,4
audio06.TextGrid,8,5,better,25.880,26.270,RBR,12.7887,5.76,4
audio06.TextGrid,9,1,que,27.150,27.340,NN,17.0121,3.84,3
audio06.TextGrid,9,2,va,27.340,27.770,VBZ,20.5767,4.26,2
audio06.TextGrid,9,3,the,27.880,27.960,DT,16.3859,7.73,2
audio06.TextGrid,9,4,boy,27.960,28.200,NN,12.3817,5.17,2
audio06.TextGrid,9,5,said,28.200,28.540,VBD,10.4285,6.01,3
audio06.TextGrid,9,6,there,28.800,28.940,EX,6.5016,6.31,3
audio06.TextGrid,9,7,are,28.940,29.080,VBP,3.3440,6.74,2
audio06.TextGrid,9,8,many,29.080,29.330,JJ,4.6268,5.91,4
audio06.TextGrid,9,9,good,29.330,29.560,JJ,6.3632,6.12,3
audio06.TextGrid,9,10,fishermen,29.560,30.020,NNS,24.8027,3.65,7
audio06.TextGrid,9,11,and,30.020,30.150,CC,4.4570,7.41,2
audio06.TextGrid,9,12,some,30.150,30.340,DT,5.8716,6.2,3
audio06.TextGrid,9,13,great,30.340,30.670,JJ,6.8207,5.88,4
audio06.TextGrid,9,14,ones,30.670,31.020,NNS,12.1720,5.07,4
audio06.TextGrid,9,15,but,31.330,31.500,CC,5.6743,6.63,3
audio06.TextGrid,9,16,there,31.500,31.640,EX,3.8122,6.31,3
audio06.TextGrid,9,17,is,31.640,31.760,VBZ,1.8129,7.07,2
audio06.TextGrid,9,18,only,31.760,32.100,RB,6.4125,6.12,4
audio06.TextGrid,9,19,you,32.100,32.390,PRP,9.6207,6.98,2
audio06.TextGrid,10,1,thank,33.610,33.920,NN,14.8963,5.48,4
audio06.TextGrid,10,2,you,33.920,34.120,PRP,0.2390,6.98,2
audio06.TextGrid,10,3,you,34.280,34.380,PRP,8.2276,6.98,2
audio06.TextGrid,10,4,make,34.380,34.580,VBP,12.0102,6.08,3
audio06.TextGrid,10,5,me,34.580,34.770,PRP,4.1747,6.48,2
audio06.TextGrid,10,6,happy,34.770,35.230,JJ,7.0558,5.35,4
audio06.TextGrid,11,1,i,36.040,36.140,NNS,5.7704,7.09,1
audio06.TextGrid,11,2,hope,36.140,36.410,VBP,14.2666,5.44,3
audio06.TextGrid,11,3,no,36.410,36.580,DT,8.5399,6.35,2
audio06.TextGrid,11,4,fish,36.580,36.860,NN,15.2836,4.9,3
audio06.TextGrid,11,5,will,36.860,36.970,MD,5.5170,6.45,3
audio06.TextGrid,11,6,come,36.970,37.190,VB,5.5456,5.78,3
audio06.TextGrid,11,7,along,37.190,37.510,RB,9.1136,5.38,4
audio06.TextGrid,11,8,so,37.510,37.730,RB,7.2701,6.52,2
audio06.TextGrid,11,9,great,37.730,37.960,JJ,11.2498,5.88,4
audio06.TextGrid,11,10,that,37.960,38.120,IN,6.1588,7.01,3
audio06.TextGrid,11,11,he,38.120,38.200,PRP,5.7677,6.69,2
audio06.TextGrid,11,12,will,38.200,38.350,MD,2.0112,6.45,3
audio06.TextGrid,11,13,prove,38.350,38.610,VB,10.0158,4.77,4
audio06.TextGrid,11,14,us,38.610,38.820,PRP,9.1286,6.04,2
audio06.TextGrid,11,15,wrong,38.820,39.270,JJ,9.7835,5.39,3
audio06.TextGrid,12,1,there,40.830,41.030,EX,14.3662,6.31,3
audio06.TextGrid,12,2,is,41.030,41.210,VBZ,2.9819,7.07,2
audio06.TextGrid,12,3,no,41.210,41.370,DT,1.9765,6.35,2
audio06.TextGrid,12,4,such,41.370,41.650,JJ,7.8788,5.84,3
audio06.TextGrid,12,5,fish,41.650,41.910,NN,14.3015,4.9,3
audio06.TextGrid,12,6,if,41.910,42.020,IN,12.6846,6.47,2
audio06.TextGrid,12,7,you,42.020,42.200,PRP,1.5817,6.98,2
audio06.TextGrid,12,8,are,42.200,42.230,VBP,2.3236,6.74,1
audio06.TextGrid,12,9,still,42.230,42.500,RB,7.7168,5.92,4
audio06.TextGrid,12,10,strong,42.500,42.860,JJ,10.5579,5.22,5
audio06.TextGrid,12,11,as,42.860,42.970,IN,8.1059,6.77,2
audio06.TextGrid,12,12,you,42.970,43.070,PRP,6.0308,6.98,2
audio06.TextGrid,12,13,say,43.070,43.470,VBP,7.7891,5.89,2
audio06.TextGrid,13,1,i,44.620,44.740,NN,5.7704,7.09,1
audio06.TextGrid,13,2,may,44.740,44.880,MD,17.3809,5.98,2
audio06.TextGrid,13,3,not,44.880,45.000,RB,3.9892,6.69,3
audio06.TextGrid,13,4,be,45.000,45.230,VB,3.0516,6.79,2
audio06.TextGrid,13,5,as,45.230,45.320,RB,5.7638,6.77,2
audio06.TextGrid,13,6,strong,45.320,45.650,JJ,8.8597,5.22,5
audio06.TextGrid,13,7,as,45.650,45.770,IN,0.5568,6.77,2
audio06.TextGrid,13,8,i,45.770,45.900,NN,1.8216,7.09,1
audio06.TextGrid,13,9,think,45.900,46.250,VBP,2.6915,6.08,4
audio06.TextGrid,14,1,the,46.740,46.850,DT,11.8924,7.73,2
audio06.TextGrid,14,2,old,46.850,47.060,JJ,9.2031,5.75,3
audio06.TextGrid,14,3,man,47.060,47.280,NN,4.4194,5.82,3
audio06.TextGrid,14,4,said,47.280,47.600,VBD,10.1133,6.01,3
audio06.TextGrid,14,5,but,47.890,48.030,CC,13.1745,6.63,3
audio06.TextGrid,14,6,i,48.030,48.170,VBD,3.8644,7.09,1
audio06.TextGrid,14,7,know,48.170,48.340,VBP,6.0294,6.1,2
audio06.TextGrid,14,8,many,48.340,48.620,JJ,11.2666,5.91,4
audio06.TextGrid,14,9,tricks,48.620,49.270,NNS,13.0074,4.15,5
audio06.TextGrid,14,10,and,49.470,49.590,CC,4.6816,7.41,2
audio06.TextGrid,14,11,i,49.590,49.720,NNS,3.6593,7.09,1
audio06.TextGrid,14,12,have,49.720,49.890,VBP,4.0180,6.71,3
audio06.TextGrid,14,13,resolution,49.890,50.510,NN,21.3266,4.59,9
audio06.TextGrid,15,1,you,52.370,52.550,PRP,14.0194,6.98,2
audio06.TextGrid,15,2,ought,52.550,52.630,MD,15.2285,4.35,2
audio06.TextGrid,15,3,to,52.630,52.700,TO,1.6983,7.43,2
audio06.TextGrid,15,4,go,52.700,52.830,VB,6.8726,6.03,2
audio06.TextGrid,15,5,to,52.830,52.900,TO,2.1506,7.43,2
audio06.TextGrid,15,6,bed,52.900,53.140,RB,14.1616,5.07,3
audio06.TextGrid,15,7,now,53.140,53.390,RB,12.7324,6.18,2
audio06.TextGrid,15,8,so,53.390,53.540,RB,8.6446,6.52,2
audio06.TextGrid,15,9,that,53.540,53.700,IN,3.5150,7.01,3
audio06.TextGrid,15,10,you,53.700,53.790,PRP,1.0782,6.98,2
audio06.TextGrid,15,11,will,53.790,53.900,MD,5.5895,6.45,3
audio06.TextGrid,15,12,be,53.900,54.050,VB,2.6374,6.79,2
audio06.TextGrid,15,13,fresh,54.050,54.340,JJ,11.6970,4.83,4
audio06.TextGrid,15,14,in,54.340,54.410,IN,4.8084,7.27,2
audio06.TextGrid,15,15,the,54.410,54.490,DT,2.0903,7.73,2
audio06.TextGrid,15,16,morning,54.490,54.890,NN,7.5474,5.33,6
audio06.TextGrid,16,1,i,55.550,55.640,NN,5.7704,7.09,1
audio06.TextGrid,16,2,will,55.640,55.770,MD,14.1387,6.45,3
audio06.TextGrid,16,3,take,55.770,55.990,VB,6.1867,5.92,3
audio06.TextGrid,16,4,the,55.990,56.070,DT,4.0101,7.73,2
audio06.TextGrid,16,5,things,56.070,56.400,NNS,13.1656,5.74,4
audio06.TextGrid,16,6,back,56.400,56.600,RB,5.5705,6.04,3
audio06.TextGrid,16,7,to,56.600,56.710,TO,2.0394,7.43,2
audio06.TextGrid,16,8,the,56.710,56.800,DT,2.2724,7.73,2
audio06.TextGrid,16,9,terrace,56.800,57.330,NN,17.8987,3.88,5
audio06.TextGrid,17,1,good,58.690,58.910,JJ,15.4616,6.12,3
audio06.TextGrid,17,2,night,58.910,59.040,NN,10.3006,5.61,3
audio06.TextGrid,17,3,then,59.040,59.370,RB,14.4352,6.07,3
audio06.TextGrid,17,4,i,59.400,59.450,VB,4.5578,7.09,1
audio06.TextGrid,17,5,will,59.880,60.030,MD,3.7831,6.45,3
audio06.TextGrid,17,6,wake,60.030,60.400,VB,14.4741,4.76,3
audio06.TextGrid,17,7,you,60.400,60.510,PRP,2.7103,6.98,2
audio06.TextGrid,17,8,in,60.510,60.570,IN,4.4840,7.27,2
audio06.TextGrid,17,9,the,60.570,60.650,DT,2.1797,7.73,2
audio06.TextGrid,17,10,morning,60.650,61.110,NN,6.3192,5.33,6
audio06.TextGrid,18,1,you,62.260,62.380,PRP,14.0194,6.98,2
audio06.TextGrid,18,2,re,62.380,62.440,VBP,9.7938,5.23,2
audio06.TextGrid,18,3,my,62.440,62.650,PRP$,12.2539,6.57,2
audio06.TextGrid,18,4,alarm,62.650,62.970,NN,14.7107,4.28,5
audio06.TextGrid,18,5,clock,62.970,63.320,NN,14.5641,4.43,4
audio06.TextGrid,18,6,the,63.440,63.540,DT,8.5892,7.73,2
audio06.TextGrid,18,7,boy,63.540,63.760,NN,10.2059,5.17,2
audio06.TextGrid,18,8,said,63.760,64.130,VBD,10.0455,6.01,3
audio06.TextGrid,19,1,age,64.960,65.410,NN,15.9893,5.32,2
audio06.TextGrid,19,2,is,65.410,65.550,VBZ,10.3474,7.07,2
audio06.TextGrid,19,3,my,65.550,65.790,PRP$,9.7039,6.57,2
audio06.TextGrid,19,4,alarm,65.790,66.080,NN,14.8772,4.28,5
audio06.TextGrid,19,5,clock,66.080,66.450,NN,15.2960,4.43,4
audio06.TextGrid,19,6,the,66.750,66.870,DT,8.3875,7.73,2
audio06.TextGrid,19,7,old,66.870,67.060,JJ,9.0674,5.75,3
audio06.TextGrid,19,8,man,67.060,67.290,NN,4.2526,5.82,3
audio06.TextGrid,19,9,said,67.290,67.670,VBD,7.9324,6.01,3
audio06.TextGrid,20,1,why,68.300,68.500,WRB,14.8943,5.93,2
audio06.TextGrid,20,2,do,68.500,68.690,VBP,4.7001,6.35,2
audio06.TextGrid,20,3,old,68.690,68.920,JJ,10.7592,5.75,3
audio06.TextGrid,20,4,men,68.920,69.100,NNS,5.3736,5.51,3
audio06.TextGrid,20,5,wake,69.100,69.390,VBP,12.8170,4.76,3
audio06.TextGrid,20,6,so,69.390,69.680,RB,7.4604,6.52,2
audio06.TextGrid,20,7,early,69.680,70.040,JJ,10.5048,5.43,3
audio06.TextGrid,21,1,is,70.620,70.760,VBZ,11.7199,7.07,2
audio06.TextGrid,21,2,it,70.760,70.920,PRP,8.0294,6.95,2
audio06.TextGrid,21,3,to,70.920,71.000,TO,8.0029,7.43,2
audio06.TextGrid,21,4,have,71.000,71.210,VB,7.2086,6.71,3
audio06.TextGrid,21,5,one,71.210,71.510,CD,10.6230,6.47,3
audio06.TextGrid,21,6,longer,71.510,71.990,JJR,12.1674,5.16,5
audio06.TextGrid,21,7,day,71.990,72.430,NN,11.3002,5.95,2
audio06.TextGrid,22,1,i,73.870,74.000,JJ,5.7704,7.09,1
audio06.TextGrid,22,2,don,74.000,74.170,VBP,12.7461,4.6,3
audio06.TextGrid,22,3,t,74.170,74.200,NN,8.0327,5.43,1
audio06.TextGrid,22,4,know,74.200,74.500,VBP,4.7444,6.1,2
audio06.TextGrid,22,5,the,74.660,74.770,DT,4.9962,7.73,2
audio06.TextGrid,22,6,boy,74.770,74.990,NN,11.5800,5.17,2
audio06.TextGrid,22,7,said,74.990,75.350,VBD,12.0043,6.01,3
audio06.TextGrid,23,1,all,75.910,76.140,DT,13.3183,6.52,2
audio06.TextGrid,23,2,i,76.140,76.270,NN,7.6886,7.09,1
audio06.TextGrid,23,3,know,76.270,76.490,VBP,5.0965,6.1,2
audio06.TextGrid,23,4,is,76.490,76.630,VBZ,3.4584,7.07,2
audio06.TextGrid,23,5,that,76.630,76.820,IN,2.0299,7.01,3
audio06.TextGrid,23,6,young,76.820,77.040,JJ,14.7253,5.43,3
audio06.TextGrid,23,7,boys,77.040,77.430,NNS,8.2996,5.03,3
audio06.TextGrid,23,8,sleep,77.430,77.770,JJ,13.5938,5.05,4
audio06.TextGrid,23,9,late,77.770,78.010,JJ,14.8606,5.34,3
audio06.TextGrid,23,10,and,78.010,78.150,CC,3.0950,7.41,3
audio06.TextGrid,23,11,hard,78.150,78.630,JJ,9.6794,5.53,4
audio06.TextGrid,24,1,i,79.990,80.110,NN,5.7704,7.09,1
audio06.TextGrid,24,2,can,80.110,80.340,MD,13.1783,6.46,3
audio06.TextGrid,24,3,remember,80.340,80.890,VB,10.1177,5.38,7
audio06.TextGrid,24,4,it,80.890,81.090,PRP,5.4719,6.95,2
audio06.TextGrid,24,5,the,81.470,81.570,DT,8.2738,7.73,2
audio06.TextGrid,24,6,old,81.570,81.780,JJ,10.1596,5.75,3
audio06.TextGrid,24,7,man,81.780,82.050,NN,6.0140,5.82,3
audio06.TextGrid,24,8,said,82.050,82.460,VBD,9.0181,6.01,3
audio06.TextGrid,25,1,i,83.390,83.490,NN,5.7704,7.09,1
audio06.TextGrid,25,2,ll,83.490,83.570,VBP,21.2778,4.66,1
audio06.TextGrid,25,3,waken,83.570,83.860,VBN,23.9559,2.29,5
audio06.TextGrid,25,4,you,83.860,84.020,PRP,6.2573,6.98,2
audio06.TextGrid,25,5,in,84.020,84.130,IN,5.7606,7.27,2
audio06.TextGrid,25,6,time,84.130,84.570,NN,8.2865,6.29,3
audio06.TextGrid,26,1,i,85.970,86.040,NNS,5.7704,7.09,1
audio06.TextGrid,26,2,do,86.040,86.130,VBP,13.3300,6.35,2
audio06.TextGrid,26,3,not,86.130,86.350,RB,0.7450,6.69,3
audio06.TextGrid,26,4,like,86.350,86.520,VB,5.7660,6.41,3
audio06.TextGrid,26,5,for,86.520,86.670,IN,8.7193,7.01,2
audio06.TextGrid,26,6,him,86.670,86.800,PRP,12.0432,6.11,3
audio06.TextGrid,26,7,to,86.800,86.900,TO,0.5368,7.43,2
audio06.TextGrid,26,8,waken,86.900,87.230,VB,20.2811,2.29,5
audio06.TextGrid,26,9,me,87.230,87.440,PRP,2.4015,6.48,2
audio06.TextGrid,26,10,it,87.730,87.860,PRP,9.9910,6.95,2
audio06.TextGrid,26,11,is,87.860,87.990,VBZ,2.5543,7.07,2
audio06.TextGrid,26,12,as,87.990,88.120,IN,8.7372,6.77,2
audio06.TextGrid,26,13,though,88.120,88.280,IN,14.9394,5.5,2
audio06.TextGrid,26,14,i,88.280,88.370,NN,1.8372,7.09,1
audio06.TextGrid,26,15,were,88.370,88.570,VBD,8.9425,6.34,2
audio06.TextGrid,26,16,inferior,88.570,89.180,JJ,17.3418,3.81,7
audio06.TextGrid,27,1,i,90.210,90.340,NN,5.7704,7.09,1
audio06.TextGrid,27,2,know,90.340,90.620,VBP,13.4773,6.1,2
audio06.TextGrid,27,3,sleep,92.040,92.340,RB,16.0160,5.05,4
audio06.TextGrid,27,4,well,92.340,92.530,RB,12.8403,6.03,3
audio06.TextGrid,27,5,old,92.530,92.740,JJ,10.9498,5.75,3
audio06.TextGrid,27,6,man,92.740,93.030,NN,5.2145,5.82,3
audio06.TextGrid,28,1,the,95.230,95.320,DT,11.8924,7.73,2
audio06.TextGrid,28,2,boy,95.320,95.570,NN,11.2449,5.17,2
audio06.TextGrid,28,3,went,95.570,95.780,VBD,12.4843,5.5,4
audio06.TextGrid,28,4,out,95.780,96.110,IN,4.5696,6.38,2
audio06.TextGrid,28,5,they,96.580,96.730,PRP,14.6798,6.5,2
audio06.TextGrid,28,6,had,96.730,96.840,VBD,5.3587,6.33,3
audio06.TextGrid,28,7,eaten,96.840,97.220,VBN,20.8302,4.13,4
audio06.TextGrid,28,8,with,97.220,97.390,IN,6.4971,6.85,3
audio06.TextGrid,28,9,no,97.390,97.570,DT,7.7221,6.35,2
audio06.TextGrid,28,10,light,97.570,97.810,NN,10.9023,5.33,3
audio06.TextGrid,28,11,on,97.810,97.920,IN,4.6812,6.91,2
audio06.TextGrid,28,12,the,97.920,98.010,DT,2.4189,7.73,2
audio06.TextGrid,28,13,table,98.010,98.430,NN,7.1144,5.05,5
audio06.TextGrid,28,14,and,98.660,98.760,CC,3.7843,7.41,2
audio06.TextGrid,28,15,the,98.760,98.850,DT,5.5135,7.73,2
audio06.TextGrid,28,16,old,98.850,99.070,JJ,7.9646,5.75,3
audio06.TextGrid,28,17,man,99.070,99.290,NN,2.3327,5.82,3
audio06.TextGrid,28,18,took,99.290,99.500,VBD,12.6976,5.51,3
audio06.TextGrid,28,19,off,99.500,99.670,RP,9.2912,5.93,2
audio06.TextGrid,28,20,his,99.670,99.850,PRP$,2.4187,6.51,3
audio06.TextGrid,28,21,trousers,99.850,100.400,NNS,18.1027,3.7,6
audio06.TextGrid,28,22,and,100.400,100.590,CC,2.7539,7.41,3
audio06.TextGrid,28,23,went,100.590,100.740,VBD,7.8225,5.5,4
audio06.TextGrid,28,24,to,100.740,100.840,TO,2.8484,7.43,2
audio06.TextGrid,28,25,bed,100.840,101.110,NN,12.3894,5.07,3
audio06.TextGrid,28,26,in,101.110,101.190,IN,5.8579,7.27,2
audio06.TextGrid,28,27,the,101.190,101.290,DT,2.3929,7.73,2
audio06.TextGrid,28,28,dark,101.290,101.710,NN,5.6645,5.04,4
audio06.TextGrid,29,1,he,102.400,102.470,PRP,13.2074,6.69,2
audio06.TextGrid,29,2,rolled,102.470,102.810,VBD,17.3167,4.21,4
audio06.TextGrid,29,3,his,102.810,103.030,PRP$,5.3414,6.51,3
audio06.TextGrid,29,4,trousers,103.030,103.460,NNS,20.0741,3.7,6
audio06.TextGrid,29,5,up,103.460,103.640,VBP,5.2141,6.39,2
audio06.TextGrid,29,6,to,103.640,103.710,TO,2.9502,7.43,2
audio06.TextGrid,29,7,make,103.710,103.870,VB,10.0626,6.08,3
audio06.TextGrid,29,8,a,103.870,103.920,DT,2.7871,7.36,1
audio06.TextGrid,29,9,pillow,103.920,104.370,NN,15.5508,3.96,4
audio06.TextGrid,29,10,putting,104.570,104.900,VBG,17.5684,4.86,5
audio06.TextGrid,29,11,the,104.900,105.010,DT,3.0759,7.73,2
audio06.TextGrid,29,12,newspaper,105.010,105.460,NN,17.0387,4.6,7
audio06.TextGrid,29,13,inside,105.460,105.870,IN,7.8987,5.19,5
audio06.TextGrid,29,14,them,105.870,106.100,PRP,7.1154,6.19,3
audio06.TextGrid,30,1,he,107.170,107.280,PRP,13.2074,6.69,2
audio06.TextGrid,30,2,rolled,107.280,107.530,VBD,17.3167,4.21,4
audio06.TextGrid,30,3,himself,107.530,107.920,PRP,10.1195,5.25,7
audio06.TextGrid,30,4,in,107.920,107.990,IN,3.9602,7.27,2
audio06.TextGrid,30,5,the,107.990,108.060,DT,1.5091,7.73,2
audio06.TextGrid,30,6,blanket,108.060,108.590,NN,17.8422,4.07,7
audio06.TextGrid,30,7,and,108.590,108.690,CC,4.6365,7.41,2
audio06.TextGrid,30,8,slept,108.690,108.990,NN,20.5426,4.18,5
audio06.TextGrid,30,9,on,108.990,109.100,IN,3.3422,6.91,2
audio06.TextGrid,30,10,the,109.100,109.230,DT,1.3973,7.73,2
audio06.TextGrid,30,11,other,109.230,109.450,JJ,7.5762,6.16,3
audio06.TextGrid,30,12,old,109.450,109.690,JJ,13.1394,5.75,3
audio06.TextGrid,30,13,newspapers,109.690,110.350,NNS,21.7343,4.25,8
audio06.TextGrid,30,14,that,110.350,110.520,WDT,5.3927,7.01,3
audio06.TextGrid,30,15,covered,110.520,110.820,VBD,12.3106,4.83,5
audio06.TextGrid,30,16,the,110.820,110.930,DT,1.8918,7.73,2
audio06.TextGrid,30,17,springs,110.930,111.390,NNS,14.1478,4.24,6
audio06.TextGrid,30,18,of,111.390,111.460,IN,4.1351,7.4,2
audio06.TextGrid,30,19,the,111.460,111.550,DT,3.9381,7.73,2
audio06.TextGrid,30,20,bed,111.550,111.960,NN,12.0187,5.07,3
audio06.TextGrid,31,1,he,113.760,113.850,PRP,13.2074,6.69,2
audio06.TextGrid,31,2,was,113.850,114.020,VBD,4.9565,6.82,3
audio06.TextGrid,31,3,asleep,114.020,114.430,RB,16.5605,4.36,5
audio06.TextGrid,31,4,in,114.430,114.520,IN,7.0096,7.27,2
audio06.TextGrid,31,5,a,114.520,114.590,DT,3.1611,7.36,1
audio06.TextGrid,31,6,short,114.590,114.900,JJ,8.3024,5.33,4
audio06.TextGrid,31,7,time,114.930,115.410,NN,2.5473,6.29,3
audio06.TextGrid,31,8,and,115.690,115.820,CC,4.1112,7.41,3
audio06.TextGrid,31,9,he,115.820,115.910,PRP,3.8737,6.69,2
audio06.TextGrid,31,10,dreamed,115.910,116.320,VBD,12.0833,3.75,5
audio06.TextGrid,31,11,of,116.320,116.430,IN,2.4735,7.4,2
audio06.TextGrid,31,12,africa,116.430,116.830,NN,15.8585,4.92,6
audio06.TextGrid,31,13,when,116.830,117.170,WRB,8.2926,6.37,4
audio06.TextGrid,31,14,he,117.170,117.260,PRP,1.6338,6.69,2
audio06.TextGrid,31,15,was,117.260,117.430,VBD,2.0711,6.82,3
audio06.TextGrid,31,16,a,117.430,117.490,DT,2.6564,7.36,1
audio06.TextGrid,31,17,boy,117.490,117.930,NN,7.7556,5.17,2
audio06.TextGrid,31,18,and,118.250,118.370,CC,3.3456,7.41,2
audio06.TextGrid,31,19,the,118.370,118.440,DT,5.6592,7.73,2
audio06.TextGrid,31,20,long,118.440,118.800,JJ,9.9108,5.81,3
audio06.TextGrid,31,21,golden,118.800,119.220,JJ,14.4196,4.67,6
audio06.TextGrid,31,22,beaches,119.220,119.860,NNS,17.2233,3.96,5
audio06.TextGrid,31,23,and,119.860,119.960,CC,6.1051,7.41,2
audio06.TextGrid,31,24,the,119.960,120.040,DT,2.1274,7.73,2
audio06.TextGrid,31,25,white,120.040,120.340,JJ,6.8686,5.51,3
audio06.TextGrid,31,26,beaches,120.380,121.040,NNS,4.7452,3.96,5
audio06.TextGrid,31,27,so,121.350,121.510,RB,9.3578,6.52,2
audio06.TextGrid,31,28,white,121.510,121.780,JJ,10.7588,5.51,3
audio06.TextGrid,31,29,they,121.780,122.040,PRP,5.1714,6.5,2
audio06.TextGrid,31,30,hurt,122.040,122.270,VBP,9.7821,4.94,3
audio06.TextGrid,31,31,your,122.270,122.420,PRP$,7.5705,6.53,3
audio06.TextGrid,31,32,eyes,122.420,122.910,NNS,6.0827,5.21,2
audio06.TextGrid,31,33,and,123.220,123.340,CC,2.5427,7.41,2
audio06.TextGrid,31,34,the,123.340,123.450,DT,4.7589,7.73,2
audio06.TextGrid,31,35,high,123.450,123.680,JJ,8.8872,5.75,2
audio06.TextGrid,31,36,capes,123.680,124.290,NNS,14.3091,3.0,4
audio06.TextGrid,31,37,and,124.290,124.400,CC,1.8704,7.41,2
audio06.TextGrid,31,38,the,124.400,124.490,DT,1.3644,7.73,2
audio06.TextGrid,31,39,great,124.490,124.770,JJ,7.0394,5.88,4
audio06.TextGrid,31,40,brown,124.810,125.110,NN,12.1652,5.01,4
audio06.TextGrid,31,41,mountains,125.110,125.820,NNS,10.5451,4.5,7
audio06.TextGrid,32,1,he,126.800,126.940,PRP,13.2074,6.69,2
audio06.TextGrid,32,2,lived,126.940,127.130,VBD,16.2081,4.88,4
audio06.TextGrid,32,3,along,127.130,127.430,RP,11.6728,5.38,4
audio06.TextGrid,32,4,that,127.430,127.620,IN,5.8466,7.01,3
audio06.TextGrid,32,5,coast,127.620,128.030,NN,14.6412,4.87,4
audio06.TextGrid,32,6,now,128.030,128.320,RB,11.9611,6.18,2
audio06.TextGrid,32,7,every,128.320,128.540,DT,11.8527,5.79,4
audio06.TextGrid,32,8,night,128.540,128.910,NN,5.3963,5.61,3
audio06.TextGrid,32,9,and,129.180,129.370,CC,4.5669,7.41,3
audio06.TextGrid,32,10,in,129.370,129.490,IN,7.0064,7.27,2
audio06.TextGrid,32,11,his,129.490,129.670,PRP$,4.0691,6.51,3
audio06.TextGrid,32,12,dreams,129.670,130.210,NN,8.5662,4.59,5
audio06.TextGrid,32,13,he,130.210,130.340,PRP,3.5291,6.69,2
audio06.TextGrid,32,14,heard,130.340,130.540,VBD,14.7527,5.27,3
audio06.TextGrid,32,15,the,130.540,130.630,DT,2.6461,7.73,2
audio06.TextGrid,32,16,surf,130.630,131.050,NN,13.8935,3.86,3
audio06.TextGrid,32,17,roar,131.050,131.460,NN,17.5224,3.7,3
audio06.TextGrid,32,18,and,131.460,131.620,CC,3.2723,7.41,3
audio06.TextGrid,32,19,saw,131.620,131.820,VBD,10.4010,5.34,2
audio06.TextGrid,32,20,the,131.820,131.920,DT,1.3513,7.73,2
audio06.TextGrid,32,21,native,131.920,132.170,JJ,18.2954,4.69,5
audio06.TextGrid,32,22,boats,132.170,132.560,NNS,14.7152,4.25,4
audio06.TextGrid,32,23,come,132.560,132.790,VBP,12.8792,5.78,3
audio06.TextGrid,32,24,riding,132.790,133.180,VBG,14.1107,4.49,5
audio06.TextGrid,32,25,through,133.180,133.460,IN,3.8928,5.87,3
audio06.TextGrid,32,26,it,133.460,133.630,PRP,5.1003,6.95,2
audio06.TextGrid,33,1,he,134.140,134.260,PRP,13.2074,6.69,2
audio06.TextGrid,33,2,smelled,134.260,134.590,VBD,21.2994,3.5,5
audio06.TextGrid,33,3,the,134.590,134.670,DT,3.3331,7.73,2
audio06.TextGrid,33,4,tar,134.670,135.100,NN,12.1141,3.63,3
audio06.TextGrid,33,5,and,135.100,135.310,CC,12.7200,7.41,3
audio06.TextGrid,33,6,oakum,135.310,135.600,NN,25.4558,1.51,4
audio06.TextGrid,33,7,of,135.600,135.680,IN,6.3112,7.4,2
audio06.TextGrid,33,8,the,135.680,135.790,DT,1.7503,7.73,2
audio06.TextGrid,33,9,deck,135.790,136.190,NN,12.3278,4.41,3
audio06.TextGrid,33,10,as,136.190,136.350,IN,7.3013,6.77,2
audio06.TextGrid,33,11,he,136.350,136.450,PRP,2.2332,6.69,2
audio06.TextGrid,33,12,slept,136.450,136.900,VBD,18.9428,4.18,5
audio06.TextGrid,34,1,and,137.470,137.560,CC,13.4350,7.41,2
audio06.TextGrid,34,2,he,137.560,137.670,PRP,9.2683,6.69,2
audio06.TextGrid,34,3,smelled,137.670,138.140,VBD,15.8762,3.5,5
audio06.TextGrid,34,4,the,138.140,138.260,DT,3.4148,7.73,2
audio06.TextGrid,34,5,smell,138.260,138.580,NN,11.1234,4.49,4
audio06.TextGrid,34,6,of,138.580,138.680,IN,2.6004,7.4,2
audio06.TextGrid,34,7,africa,138.680,139.050,NN,16.6138,4.92,6
audio06.TextGrid,34,8,that,139.050,139.290,IN,6.7398,7.01,3
audio06.TextGrid,34,9,the,139.400,139.630,DT,5.7660,7.73,2
audio06.TextGrid,34,10,land,139.630,140.060,NN,10.5503,5.22,4
audio06.TextGrid,34,11,breeze,140.060,140.560,NN,17.9196,3.86,4
audio06.TextGrid,34,12,brought,140.560,140.850,VBD,9.3946,5.16,4
audio06.TextGrid,34,13,at,140.850,141.000,IN,8.8226,6.7,2
audio06.TextGrid,34,14,morning,141.000,141.450,NN,10.9765,5.33,6
audio06.TextGrid,35,1,usually,143.490,144.030,RB,31.4881,5.15,6
audio06.TextGrid,35,2,when,144.030,144.190,WRB,10.5819,6.37,3
audio06.TextGrid,35,3,he,144.190,144.330,PRP,5.7607,6.69,2
audio06.TextGrid,35,4,smelled,144.330,144.680,VBD,16.2623,3.5,5
audio06.TextGrid,35,5,the,144.680,144.750,DT,2.8206,7.73,2
audio06.TextGrid,35,6,land,144.750,145.060,NN,11.6054,5.22,4
audio06.TextGrid,35,7,breeze,145.060,145.620,NN,18.0183,3.86,4
audio06.TextGrid,35,8,he,145.620,145.710,PRP,5.4413,6.69,2
audio06.TextGrid,35,9,woke,145.710,145.980,VBD,13.6744,4.22,3
audio06.TextGrid,35,10,up,145.980,146.250,RB,2.4601,6.39,2
audio06.TextGrid,35,11,and,146.250,146.370,CC,2.9505,7.41,2
audio06.TextGrid,35,12,dressed,146.370,146.710,VBD,12.7673,4.42,5
audio06.TextGrid,35,13,to,146.710,146.780,TO,7.4526,7.43,2
audio06.TextGrid,35,14,go,146.780,146.970,VB,7.8759,6.03,2
audio06.TextGrid,35,15,and,146.970,147.070,CC,6.8747,7.41,3
audio06.TextGrid,35,16,wake,147.070,147.300,VB,12.7312,4.76,3
audio06.TextGrid,35,17,the,147.300,147.380,DT,4.6837,7.73,2
audio06.TextGrid,35,18,boy,147.380,147.760,NN,8.9446,5.17,2
audio06.TextGrid,36,1,but,147.760,147.920,CC,16.1685,6.63,3
audio06.TextGrid,36,2,tonight,148.770,149.280,VBD,12.4717,5.03,5
audio06.TextGrid,36,3,the,149.280,149.390,DT,5.1975,7.73,2
audio06.TextGrid,36,4,smell,149.390,149.690,NN,15.4319,4.49,4
audio06.TextGrid,36,5,of,149.690,149.750,IN,2.3754,7.4,2
audio06.TextGrid,36,6,the,149.750,149.840,DT,3.6557,7.73,2
audio06.TextGrid,36,7,land,149.840,150.110,NN,10.2168,5.22,4
audio06.TextGrid,36,8,breeze,150.110,150.490,NN,17.5847,3.86,4
audio06.TextGrid,36,9,came,150.490,150.740,VBD,10.4732,5.5,3
audio06.TextGrid,36,10,very,150.740,151.060,RB,11.4919,6.0,4
audio06.TextGrid,36,11,early,151.060,151.530,RB,7.0765,5.43,3
audio06.TextGrid,36,12,and,151.800,151.900,CC,3.3499,7.41,3
audio06.TextGrid,36,13,he,151.900,152.030,PRP,6.8916,6.69,2
audio06.TextGrid,36,14,knew,152.030,152.240,VBD,7.4315,5.2,3
audio06.TextGrid,36,15,it,152.240,152.370,PRP,2.6292,6.95,2
audio06.TextGrid,36,16,was,152.370,152.540,VBD,1.3000,6.82,3
audio06.TextGrid,36,17,too,152.540,152.830,RB,9.0140,5.95,2
audio06.TextGrid,36,18,early,152.830,153.080,JJ,5.3293,5.43,3
audio06.TextGrid,36,19,in,153.080,153.180,IN,7.2850,7.27,2
audio06.TextGrid,36,20,his,153.180,153.370,PRP$,4.2214,6.51,3
audio06.TextGrid,36,21,dream,153.370,153.840,NN,6.7422,4.91,4
audio06.TextGrid,36,22,and,153.900,154.070,CC,5.0044,7.41,3
audio06.TextGrid,36,23,went,154.070,154.290,VBD,10.1299,5.5,4
audio06.TextGrid,36,24,on,154.290,154.530,IN,4.8840,6.91,2
audio06.TextGrid,36,25,dreaming,154.530,155.070,VBG,14.8690,3.94,6
audio06.TextGrid,36,26,to,155.070,155.240,TO,3.8504,7.43,2
audio06.TextGrid,36,27,see,155.240,155.400,VB,6.6537,6.1,2
audio06.TextGrid,36,28,the,155.400,155.490,DT,2.0950,7.73,2
audio06.TextGrid,36,29,white,155.490,155.710,JJ,7.4148,5.51,3
audio06.TextGrid,36,30,peaks,155.710,156.090,NNS,14.0873,3.87,4
audio06.TextGrid,36,31,of,156.090,156.160,IN,2.8899,7.4,2
audio06.TextGrid,36,32,the,156.160,156.330,DT,2.1529,7.73,2
audio06.TextGrid,36,33,islands,156.330,156.790,NNS,13.0973,4.5,6
audio06.TextGrid,36,34,rising,156.790,157.290,VBG,14.7062,4.52,5
audio06.TextGrid,36,35,from,157.290,157.460,IN,4.6352,6.63,3
audio06.TextGrid,36,36,the,157.460,157.540,DT,1.2007,7.73,2
audio06.TextGrid,36,37,sea,157.540,157.940,NN,6.0270,5.06,2
audio06.TextGrid,37,1,and,158.600,158.700,CC,13.4350,7.41,2
audio06.TextGrid,37,2,then,158.700,158.830,RB,7.3825,6.07,3
audio06.TextGrid,37,3,he,158.830,158.950,PRP,5.7029,6.69,2
audio06.TextGrid,37,4,dreamed,158.950,159.270,VBD,13.7166,3.75,5
audio06.TextGrid,37,5,of,159.270,159.340,IN,2.7794,7.4,2
audio06.TextGrid,37,6,the,159.340,159.450,DT,3.0684,7.73,2
audio06.TextGrid,37,7,different,159.450,159.770,JJ,11.3569,5.59,7
audio06.TextGrid,37,8,harbours,159.770,160.250,NNS,23.8235,2.93,9
audio06.TextGrid,37,9,and,160.250,160.390,CC,5.1676,7.41,3
audio06.TextGrid,37,10,roadsteads,160.390,161.150,NNS,31.7807,0.0,8
audio06.TextGrid,37,11,of,161.150,161.210,IN,2.1519,7.4,2
audio06.TextGrid,37,12,the,161.210,161.310,DT,2.3199,7.73,2
audio06.TextGrid,37,13,canary,161.310,161.740,JJ,14.8328,3.44,6
audio06.TextGrid,37,14,islands,161.740,162.300,NNS,12.5879,4.5,6
audio06.TextGrid,38,1,he,163.980,164.060,PRP,13.2074,6.69,2
audio06.TextGrid,38,2,no,164.060,164.220,RB,15.4845,6.35,2
audio06.TextGrid,38,3,longer,164.220,164.550,RBR,2.1001,5.16,5
audio06.TextGrid,38,4,dreamed,164.550,164.890,VBN,12.2337,3.75,5
audio06.TextGrid,38,5,of,164.890,164.990,IN,2.3768,7.4,2
audio06.TextGrid,38,6,storms,164.990,165.840,NNS,17.2411,3.94,6
audio06.TextGrid,38,7,nor,165.880,166.090,CC,10.0971,4.78,3
audio06.TextGrid,38,8,of,166.090,166.220,IN,5.5582,7.4,2
audio06.TextGrid,38,9,women,166.220,166.650,NNS,10.2795,5.57,5
audio06.TextGrid,38,10,nor,166.860,167.080,CC,8.4296,4.78,3
audio06.TextGrid,38,11,of,167.080,167.180,IN,0.2607,7.4,2
audio06.TextGrid,38,12,great,167.180,167.470,JJ,10.6288,5.88,4
audio06.TextGrid,38,13,occurrences,167.470,168.410,NNS,16.3894,3.26,8
audio06.TextGrid,38,14,nor,168.530,168.740,CC,5.2134,4.78,3
audio06.TextGrid,38,15,of,168.740,168.800,IN,0.0730,7.4,2
audio06.TextGrid,38,16,great,168.800,169.130,JJ,6.0321,5.88,4
audio06.TextGrid,38,17,fish,169.130,169.570,JJ,14.0465,4.9,3
audio06.TextGrid,38,18,nor,169.960,170.150,CC,3.0765,4.78,3
audio06.TextGrid,38,19,fights,170.150,170.750,NNS,23.5982,4.19,4
audio06.TextGrid,38,20,nor,170.750,170.890,CC,1.5202,4.78,3
audio06.TextGrid,38,21,contests,170.890,171.590,NNS,24.3889,3.7,6
audio06.TextGrid,38,22,of,171.590,171.670,IN,1.2103,7.4,2
audio06.TextGrid,38,23,strength,171.670,172.100,NN,11.4206,4.8,6
audio06.TextGrid,38,24,nor,172.640,172.850,CC,3.3015,4.78,3
audio06.TextGrid,38,25,of,172.850,172.950,IN,0.7468,7.4,2
audio06.TextGrid,38,26,his,172.950,173.150,PRP$,11.0836,6.51,3
audio06.TextGrid,38,27,wife,173.150,173.470,NN,8.0894,5.23,3
audio06.TextGrid,39,1,he,174.450,174.580,PRP,13.2074,6.69,2
audio06.TextGrid,39,2,only,174.580,174.800,RB,13.6282,6.12,4
audio06.TextGrid,39,3,dreamed,174.800,175.130,VBD,14.4760,3.75,5
audio06.TextGrid,39,4,of,175.130,175.210,IN,2.4032,7.4,2
audio06.TextGrid,39,5,places,175.210,175.810,NNS,16.9723,5.03,6
audio06.TextGrid,39,6,now,175.810,176.160,RB,11.1752,6.18,2
audio06.TextGrid,39,7,and,176.360,176.490,CC,5.0181,7.41,2
audio06.TextGrid,39,8,of,176.490,176.570,IN,8.7137,7.4,2
audio06.TextGrid,39,9,the,176.570,176.660,DT,3.4616,7.73,2
audio06.TextGrid,39,10,lions,176.660,177.130,NNS,12.8187,4.18,5
audio06.TextGrid,39,11,on,177.130,177.270,IN,6.9993,6.91,2
audio06.TextGrid,39,12,the,177.270,177.350,DT,0.9782,7.73,2
audio06.TextGrid,39,13,beach,177.350,177.860,NN,8.2992,4.92,3
audio06.TextGrid,40,1,they,178.350,178.450,PRP,20.3883,6.5,2
audio06.TextGrid,40,2,played,178.450,178.890,VBP,12.2977,5.23,4
audio06.TextGrid,40,3,like,178.890,179.120,IN,6.3599,6.41,3
audio06.TextGrid,40,4,young,179.120,179.390,JJ,13.3694,5.43,3
audio06.TextGrid,40,5,cats,179.390,179.820,NNS,11.6675,4.46,4
audio06.TextGrid,40,6,in,179.820,179.910,IN,5.5366,7.27,2
audio06.TextGrid,40,7,the,179.910,179.990,DT,1.9085,7.73,2
audio06.TextGrid,40,8,dusk,179.990,180.460,NN,16.5533,3.44,4
audio06.TextGrid,41,1,and,180.930,181.040,CC,13.4350,7.41,2
audio06.TextGrid,41,2,he,181.040,181.150,PRP,9.2683,6.69,2
audio06.TextGrid,41,3,loved,181.150,181.400,VBD,10.4252,5.0,4
audio06.TextGrid,41,4,them,181.400,181.660,PRP,6.2330,6.19,3
audio06.TextGrid,41,5,as,181.660,181.760,IN,6.2665,6.77,2
audio06.TextGrid,41,6,he,181.760,181.850,PRP,4.2636,6.69,2
audio06.TextGrid,41,7,loved,181.850,182.040,VBD,3.3714,5.0,4
audio06.TextGrid,41,8,the,182.040,182.120,DT,4.5953,7.73,2
audio06.TextGrid,41,9,boy,182.120,182.510,NN,10.2761,5.17,2
audio06.TextGrid,42,1,he,183.390,183.490,PRP,13.2074,6.69,2
audio06.TextGrid,42,2,never,183.490,183.690,RB,12.2124,5.91,4
audio06.TextGrid,42,3,dreamed,183.690,184.020,VBD,11.2538,3.75,5
audio06.TextGrid,42,4,about,184.020,184.240,IN,4.7626,6.4,4
audio06.TextGrid,42,5,the,184.240,184.350,DT,3.3739,7.73,2
audio06.TextGrid,42,6,boy,184.350,184.720,NN,11.0887,5.17,2
audio06.TextGrid,43,1,he,185.820,185.930,PRP,13.2074,6.69,2
audio06.TextGrid,43,2,simply,185.930,186.250,RB,15.1412,5.08,6
audio06.TextGrid,43,3,woke,186.250,186.720,VBD,16.1906,4.22,3
audio06.TextGrid,43,4,looked,186.850,187.400,VBD,13.7946,5.11,4
audio06.TextGrid,43,5,out,187.400,187.600,RP,5.4277,6.38,2
audio06.TextGrid,43,6,the,187.600,187.730,DT,4.4332,7.73,2
audio06.TextGrid,43,7,open,187.730,188.430,JJ,6.5570,5.48,4
audio06.TextGrid,44,1,door,188.430,188.750,NN,18.1779,5.08,3
audio06.TextGrid,44,2,at,188.750,188.980,IN,9.3447,6.7,2
audio06.TextGrid,44,3,the,188.980,189.340,DT,1.4497,7.73,2
audio06.TextGrid,44,4,moon,189.340,189.590,NN,12.3366,4.7,3
audio06.TextGrid,44,5,and,189.620,189.950,CC,6.6097,7.41,3
audio06.TextGrid,44,6,unrolled,189.950,190.460,VBD,24.8762,2.21,6
audio06.TextGrid,45,1,his,191.090,191.420,PRP$,16.5981,6.51,3
audio06.TextGrid,45,2,trousers,191.420,192.310,NNS,24.5010,3.7,6
audio06.TextGrid,45,3,and,192.310,192.600,CC,5.2395,7.41,3
audio06.TextGrid,45,4,put,193.110,193.910,VB,12.6106,5.66,3
audio06.TextGrid,45,5,them,193.910,194.440,PRP,5.8764,6.19,3
audio06.TextGrid,45,6,on,194.440,194.720,IN,3.8883,6.91,2
audio06.TextGrid,46,1,he,194.720,194.790,PRP,13.2074,6.69,2
audio06.TextGrid,46,2,urinated,195.480,196.010,VBD,25.9375,2.31,9
audio06.TextGrid,46,3,outside,196.010,196.250,IN,13.0388,5.25,5
audio06.TextGrid,46,4,the,196.250,196.400,DT,1.5485,7.73,2
audio06.TextGrid,46,5,shack,196.400,196.610,NN,13.5985,3.43,3
audio06.TextGrid,46,6,and,196.610,196.840,CC,3.9097,7.41,3
audio06.TextGrid,46,7,then,196.840,196.930,RB,6.0675,6.07,3
audio06.TextGrid,46,8,went,196.930,197.270,VBD,7.1615,5.5,4
audio06.TextGrid,47,1,up,197.270,197.340,IN,14.0184,6.39,2
audio06.TextGrid,47,2,the,197.770,197.870,DT,7.2872,7.73,2
audio06.TextGrid,47,3,road,197.870,197.970,NN,6.2849,5.24,3
audio06.TextGrid,47,4,to,197.970,198.030,TO,4.5805,7.43,2
audio06.TextGrid,47,5,wake,198.030,198.130,VB,12.6579,4.76,3
audio06.TextGrid,47,6,the,198.130,198.190,DT,6.2133,7.73,2
audio06.TextGrid,47,7,boy,198.190,198.260,NN,10.5956,5.17,2
audio06.TextGrid,47,8,he,198.260,198.360,PRP,10.0721,6.69,2
audio06.TextGrid,47,9,was,198.360,198.520,VBD,7.5483,6.82,3
audio06.TextGrid,47,10,shivering,198.520,198.820,VBG,19.4153,3.14,6
audio06.TextGrid,47,11,with,198.820,198.980,IN,5.1128,6.85,3
audio06.TextGrid,47,12,the,198.980,199.050,DT,4.0764,7.73,2
audio06.TextGrid,47,13,morning,199.050,199.230,NN,10.0359,5.33,6
audio06.TextGrid,47,14,cold,199.230,199.560,NN,10.5923,5.02,4
audio06.TextGrid,47,15,but,199.560,199.720,CC,8.4657,6.63,3
audio06.TextGrid,47,16,he,199.790,199.850,PRP,4.4810,6.69,2
audio06.TextGrid,47,17,knew,200.040,200.100,VBD,7.2572,5.2,2
audio06.TextGrid,47,18,he,200.100,200.160,PRP,2.9928,6.69,2
audio06.TextGrid,47,19,would,200.160,200.300,MD,3.1948,6.27,3
audio06.TextGrid,47,20,shiver,200.300,200.430,VB,12.9504,3.05,4
audio06.TextGrid,47,21,himself,200.430,200.640,PRP,10.5572,5.25,7
audio06.TextGrid,47,22,warm,200.640,200.780,JJ,16.7674,4.71,4
audio06.TextGrid,47,23,and,200.780,200.870,CC,3.8692,7.41,2
audio06.TextGrid,47,24,that,200.870,201.000,DT,4.9551,7.01,3
audio06.TextGrid,47,25,soon,201.000,201.170,RB,10.4956,5.32,3
audio06.TextGrid,47,26,he,201.170,201.230,PRP,2.5390,6.69,2
audio06.TextGrid,47,27,would,201.230,201.350,MD,3.2401,6.27,3
audio06.TextGrid,47,28,be,201.350,201.430,VB,3.5619,6.79,2
audio06.TextGrid,47,29,rowing,201.430,201.550,VBG,17.7107,3.39,4
audio07.TextGrid,1,1,the,1.220,1.310,DT,11.8924,7.73,2
audio07.TextGrid,1,2,door,1.310,1.550,NN,12.4866,5.08,3
audio07.TextGrid,1,3,of,1.550,1.620,IN,1.6219,7.4,2
audio07.TextGrid,1,4,the,1.620,1.740,DT,1.6598,7.73,2
audio07.TextGrid,1,5,house,1.740,2.020,NN,5.7091,5.71,3
audio07.TextGrid,1,6,where,2.020,2.170,WRB,9.8909,6.0,4
audio07.TextGrid,1,7,the,2.170,2.240,DT,2.1962,7.73,2
audio07.TextGrid,1,8,boy,2.240,2.500,NN,9.9543,5.17,2
audio07.TextGrid,1,9,lived,2.500,2.830,VBD,11.3309,4.88,4
audio07.TextGrid,1,10,was,2.830,2.980,VBD,9.1498,6.82,3
audio07.TextGrid,1,11,unlocked,2.980,3.590,JJ,18.8528,3.76,6
audio07.TextGrid,1,12,and,3.890,4.000,CC,3.7503,7.41,2
audio07.TextGrid,1,13,he,4.000,4.130,PRP,4.8288,6.69,2
audio07.TextGrid,1,14,opened,4.130,4.450,VBD,9.2730,4.85,5
audio07.TextGrid,1,15,it,4.450,4.670,PRP,4.7145,6.95,2
audio07.TextGrid,1,16,and,4.670,4.820,CC,4.3282,7.41,3
audio07.TextGrid,1,17,walked,4.820,5.120,VBD,10.6149,4.67,4
audio07.TextGrid,1,18,in,5.120,5.300,IN,3.3160,7.27,2
audio07.TextGrid,1,19,quietly,5.300,5.800,RB,22.8799,4.15,7
audio07.TextGrid,1,20,with,5.800,5.960,IN,3.2497,6.85,3
audio07.TextGrid,1,21,his,5.960,6.110,PRP$,2.5087,6.51,3
audio07.TextGrid,1,22,bare,6.110,6.380,NN,14.4082,4.18,3
audio07.TextGrid,1,23,feet,6.440,6.810,NNS,10.2753,4.99,3
audio07.TextGrid,2,1,the,7.340,7.430,DT,11.8924,7.73,2
audio07.TextGrid,2,2,boy,7.430,7.650,NN,11.2449,5.17,2
audio07.TextGrid,2,3,was,7.650,7.820,VBD,9.2429,6.82,3
audio07.TextGrid,2,4,asleep,7.820,8.190,RB,14.5870,4.36,5
audio07.TextGrid,2,5,on,8.190,8.310,IN,10.4317,6.91,2
audio07.TextGrid,2,6,a,8.310,8.360,DT,3.4597,7.36,1
audio07.TextGrid,2,7,cot,8.360,8.760,NN,13.9845,3.21,3
audio07.TextGrid,2,8,in,8.760,8.830,IN,8.5258,7.27,2
audio07.TextGrid,2,9,the,8.830,8.920,DT,2.0082,7.73,2
audio07.TextGrid,2,10,first,8.920,9.280,JJ,8.1386,6.11,4
audio07.TextGrid,2,11,room,9.280,9.580,NN,8.6132,5.39,3
audio07.TextGrid,3,1,and,10.060,10.150,CC,13.4350,7.41,2
audio07.TextGrid,3,2,the,10.150,10.260,DT,6.4323,7.73,2
audio07.TextGrid,3,3,old,10.260,10.440,JJ,8.8206,5.75,3
audio07.TextGrid,3,4,man,10.440,10.660,NN,4.4290,5.82,3
audio07.TextGrid,3,5,could,10.660,10.810,MD,10.0168,6.06,3
audio07.TextGrid,3,6,see,10.810,11.050,VB,7.0741,6.1,2
audio07.TextGrid,3,7,him,11.050,11.140,PRP,4.8545,6.11,2
audio07.TextGrid,3,8,clearly,11.140,11.630,RB,11.3533,4.92,6
audio07.TextGrid,3,9,with,11.630,11.780,IN,7.1710,6.85,3
audio07.TextGrid,3,10,the,11.780,11.880,DT,2.8814,7.73,2
audio07.TextGrid,3,11,light,11.880,12.090,NN,7.9279,5.33,3
audio07.TextGrid,3,12,that,12.090,12.260,WDT,6.8667,7.01,3
audio07.TextGrid,3,13,came,12.260,12.510,VBD,10.2233,5.5,3
audio07.TextGrid,3,14,in,12.510,12.670,IN,4.3833,7.27,2
audio07.TextGrid,3,15,from,12.670,12.860,IN,7.0930,6.63,3
audio07.TextGrid,3,16,the,12.860,12.930,DT,1.1062,7.73,2
audio07.TextGrid,3,17,dying,12.930,13.240,VBG,14.1097,4.63,4
audio07.TextGrid,3,18,moon,13.240,13.740,NN,9.1328,4.7,3
audio07.TextGrid,4,1,he,14.590,14.680,PRP,13.2074,6.69,2
audio07.TextGrid,4,2,took,14.680,14.900,VBD,12.9173,5.51,3
audio07.TextGrid,4,3,hold,14.900,15.120,NN,12.5813,5.19,4
audio07.TextGrid,4,4,of,15.120,15.240,IN,3.5326,7.4,2
audio07.TextGrid,4,5,one,15.240,15.460,CD,8.6273,6.47,3
audio07.TextGrid,4,6,foot,15.460,15.790,NN,9.7206,4.87,3
audio07.TextGrid,4,7,gently,15.790,16.310,RB,20.4246,4.08,6
audio07.TextGrid,4,8,and,16.310,16.470,CC,5.0288,7.41,3
audio07.TextGrid,4,9,held,16.470,16.730,VBD,11.0855,5.24,4
audio07.TextGrid,4,10,it,16.730,16.900,PRP,2.6477,6.95,2
audio07.TextGrid,4,11,until,16.900,17.130,IN,11.7379,5.61,5
audio07.TextGrid,4,12,the,17.130,17.210,DT,2.6793,7.73,2
audio07.TextGrid,4,13,boy,17.210,17.450,NN,9.9205,5.17,2
audio07.TextGrid,4,14,woke,17.450,17.850,NN,10.4661,4.22,3
audio07.TextGrid,4,15,and,17.850,18.000,CC,5.5511,7.41,3
audio07.TextGrid,4,16,turned,18.000,18.330,VBD,9.3442,5.09,4
audio07.TextGrid,4,17,and,18.330,18.500,CC,7.9065,7.41,3
audio07.TextGrid,4,18,looked,18.500,18.750,VBD,7.7735,5.11,4
audio07.TextGrid,4,19,at,18.750,18.930,IN,2.4907,6.7,2
audio07.TextGrid,4,20,him,18.930,19.020,PRP,1.8397,6.11,2
audio07.TextGrid,5,1,the,19.680,19.780,DT,11.8924,7.73,2
audio07.TextGrid,5,2,old,19.780,19.990,JJ,9.2031,5.75,3
audio07.TextGrid,5,3,man,19.990,20.240,NN,4.4194,5.82,3
audio07.TextGrid,5,4,nodded,20.240,20.690,VBD,20.7589,3.41,5
audio07.TextGrid,5,5,and,20.890,21.030,CC,6.7520,7.41,2
audio07.TextGrid,5,6,the,21.030,21.110,DT,4.1037,7.73,2
audio07.TextGrid,5,7,boy,21.110,21.350,NN,8.7963,5.17,2
audio07.TextGrid,5,8,took,21.350,21.600,VBD,12.2233,5.51,3
audio07.TextGrid,5,9,his,21.600,21.760,PRP$,2.8767,6.51,3
audio07.TextGrid,5,10,trousers,21.760,22.290,NNS,17.8955,3.7,6
audio07.TextGrid,5,11,from,22.290,22.450,IN,7.1629,6.63,4
audio07.TextGrid,5,12,the,22.450,22.520,DT,1.6460,7.73,2
audio07.TextGrid,5,13,chair,22.520,22.790,NN,11.3694,4.69,3
audio07.TextGrid,5,14,by,22.790,22.960,IN,7.7391,6.66,2
audio07.TextGrid,5,15,the,22.960,23.060,DT,3.4439,7.73,2
audio07.TextGrid,5,16,bed,23.060,23.460,NN,10.2119,5.07,3
audio07.TextGrid,6,1,and,23.980,24.260,CC,13.4350,7.41,3
audio07.TextGrid,6,2,sitting,24.260,24.570,VBG,18.6816,4.86,5
audio07.TextGrid,6,3,on,24.570,24.690,IN,3.9350,6.91,2
audio07.TextGrid,6,4,the,24.690,24.760,DT,1.7963,7.73,2
audio07.TextGrid,6,5,bed,24.760,25.120,NN,9.9895,5.07,3
audio07.TextGrid,6,6,pulled,25.150,25.360,VBD,19.9283,4.67,4
audio07.TextGrid,6,7,them,25.360,25.510,PRP,12.4911,6.19,3
audio07.TextGrid,7,1,on,25.510,25.840,IN,12.4180,6.91,2
audio07.TextGrid,7,2,the,26.930,27.040,DT,2.4765,7.73,2
audio07.TextGrid,7,3,old,27.040,27.220,JJ,10.9577,5.75,3
audio07.TextGrid,7,4,man,27.220,27.450,NN,8.6274,5.82,3
audio07.TextGrid,7,5,went,27.450,27.630,VBD,15.3413,5.5,4
audio07.TextGrid,7,6,out,27.630,27.750,IN,3.9015,6.38,2
audio07.TextGrid,7,7,the,27.750,27.880,DT,5.7929,7.73,2
audio07.TextGrid,7,8,door,27.880,28.220,NN,6.5393,5.08,3
audio07.TextGrid,7,9,and,28.220,28.320,CC,4.6686,7.41,2
audio07.TextGrid,7,10,the,28.320,28.380,DT,5.4380,7.73,2
audio07.TextGrid,7,11,boy,28.380,28.580,NN,9.8985,5.17,2
audio07.TextGrid,7,12,came,28.580,28.820,VBD,7.0138,5.5,3
audio07.TextGrid,7,13,after,28.820,29.130,IN,10.3573,6.11,4
audio07.TextGrid,7,14,him,29.130,29.410,PRP,1.2931,6.11,3
audio07.TextGrid,8,1,he,30.040,30.130,PRP,13.2074,6.69,2
audio07.TextGrid,8,2,was,30.130,30.270,VBD,4.9565,6.82,3
audio07.TextGrid,8,3,sleepy,30.270,30.800,JJ,17.2623,3.68,5
audio07.TextGrid,8,4,and,31.240,31.340,CC,3.4923,7.41,2
audio07.TextGrid,8,5,the,31.340,31.440,DT,7.2723,7.73,2
audio07.TextGrid,8,6,old,31.440,31.610,JJ,8.4975,5.75,3
audio07.TextGrid,8,7,man,31.610,31.810,NN,3.2663,5.82,3
audio07.TextGrid,8,8,put,31.810,31.970,VBD,10.1486,5.66,3
audio07.TextGrid,8,9,his,31.970,32.090,PRP$,2.6716,6.51,3
audio07.TextGrid,8,10,arm,32.090,32.310,NN,8.3833,4.73,3
audio07.TextGrid,8,11,across,32.310,32.640,IN,12.3792,5.25,5
audio07.TextGrid,8,12,his,32.640,32.760,PRP$,1.4563,6.51,3
audio07.TextGrid,8,13,shoulders,32.760,33.360,NNS,9.8450,4.18,6
audio07.TextGrid,8,14,and,33.360,33.510,CC,2.0316,7.41,3
audio07.TextGrid,8,15,said,33.510,34.040,VBD,7.0937,6.01,3
audio07.TextGrid,9,1,i,34.040,34.150,NN,5.7704,7.09,1
audio07.TextGrid,9,2,am,34.150,34.280,VBP,11.2222,5.78,2
audio07.TextGrid,9,3,sorry,34.280,34.790,JJ,8.7071,5.18,4
audio07.TextGrid,9,4,qua,35.830,36.310,NN,21.1191,2.84,3
audio07.TextGrid,9,5,va,36.310,36.400,IN,14.9384,4.26,2
audio07.TextGrid,9,6,the,36.630,36.710,DT,8.8720,7.73,2
audio07.TextGrid,9,7,boy,36.710,36.940,NN,9.5505,5.17,2
audio07.TextGrid,9,8,said,36.940,37.310,VBD,9.9253,6.01,3
audio07.TextGrid,10,1,it,37.830,37.970,PRP,11.0007,6.95,2
audio07.TextGrid,10,2,is,37.970,38.070,VBZ,3.1661,7.07,2
audio07.TextGrid,10,3,what,38.070,38.220,WP,10.2585,6.38,3
audio07.TextGrid,10,4,a,38.220,38.270,DT,5.1500,7.36,1
audio07.TextGrid,10,5,man,38.270,38.540,NN,5.2787,5.82,3
audio07.TextGrid,10,6,must,38.540,38.840,MD,7.9835,5.68,4
audio07.TextGrid,10,7,do,38.840,39.060,VB,1.3942,6.35,2
audio07.TextGrid,10,8,they,41.500,41.610,PRP,13.3442,6.5,2
audio07.TextGrid,10,9,walked,41.610,41.890,VBD,13.1459,4.67,4
audio07.TextGrid,10,10,down,41.890,42.050,IN,5.8493,5.88,3
audio07.TextGrid,10,11,the,42.050,42.120,DT,1.5299,7.73,2
audio07.TextGrid,10,12,road,42.120,42.370,NN,4.9034,5.24,3
audio07.TextGrid,10,13,to,42.370,42.430,TO,2.2787,7.43,2
audio07.TextGrid,10,14,the,42.430,42.570,DT,2.7197,7.73,2
audio07.TextGrid,10,15,old,42.570,42.770,JJ,9.6855,5.75,3
audio07.TextGrid,10,16,man,42.770,43.010,NN,3.8794,5.82,3
audio07.TextGrid,10,17,s,43.010,43.040,VBZ,7.7305,5.86,1
audio07.TextGrid,10,18,shack,43.040,43.530,NN,26.1748,3.43,3
audio07.TextGrid,10,19,and,43.530,43.650,CC,3.9711,7.41,2
audio07.TextGrid,10,20,all,43.650,43.830,DT,7.6235,6.52,2
audio07.TextGrid,10,21,along,43.830,44.110,IN,12.9266,5.38,4
audio07.TextGrid,10,22,the,44.110,44.170,DT,4.3262,7.73,2
audio07.TextGrid,10,23,road,44.170,44.540,NN,3.4772,5.24,3
audio07.TextGrid,10,24,in,44.540,44.620,IN,7.4415,7.27,2
audio07.TextGrid,10,25,the,44.620,44.710,DT,2.1630,7.73,2
audio07.TextGrid,10,26,dark,44.710,45.150,JJ,7.5976,5.04,4
audio07.TextGrid,10,27,barefoot,45.220,45.690,NN,30.5123,3.39,6
audio07.TextGrid,10,28,men,45.690,45.890,NNS,10.5379,5.51,3
audio07.TextGrid,10,29,were,45.890,46.020,VBD,7.9403,6.34,2
audio07.TextGrid,10,30,moving,46.020,46.560,VBG,8.7609,5.02,5
audio07.TextGrid,10,31,carrying,46.770,47.210,VBG,13.9966,4.61,6
audio07.TextGrid,10,32,the,47.210,47.290,DT,4.8541,7.73,2
audio07.TextGrid,10,33,masts,47.290,47.770,NNS,20.6254,2.89,5
audio07.TextGrid,10,34,of,47.770,47.850,IN,3.8905,7.4,2
audio07.TextGrid,10,35,their,47.850,47.990,PRP$,4.1287,6.33,3
audio07.TextGrid,10,36,boats,47.990,48.520,NNS,13.6193,4.25,4
audio07.TextGrid,11,1,when,49.640,49.770,WRB,14.5784,6.37,3
audio07.TextGrid,11,2,they,49.770,49.850,PRP,9.7838,6.5,2
audio07.TextGrid,11,3,reached,49.850,50.150,VBD,17.7684,4.85,4
audio07.TextGrid,11,4,the,50.150,50.280,DT,2.4291,7.73,2
audio07.TextGrid,11,5,old,50.280,50.470,JJ,9.5161,5.75,3
audio07.TextGrid,11,6,man,50.470,50.700,NN,6.6342,5.82,3
audio07.TextGrid,11,7,s,50.700,50.730,VBZ,8.4721,5.86,1
audio07.TextGrid,11,8,shack,50.730,51.120,VBP,24.3130,3.43,3
audio07.TextGrid,11,9,the,51.170,51.250,DT,6.6152,7.73,2
audio07.TextGrid,11,10,boy,51.250,51.450,NN,9.5613,5.17,2
audio07.TextGrid,11,11,took,51.450,51.660,VBD,13.9270,5.51,3
audio07.TextGrid,11,12,the,51.660,51.760,DT,2.7113,7.73,2
audio07.TextGrid,11,13,rolls,51.760,52.050,NNS,15.1384,4.23,4
audio07.TextGrid,11,14,of,52.050,52.180,IN,1.8639,7.4,2
audio07.TextGrid,11,15,line,52.180,52.510,NN,13.5691,5.49,3
audio07.TextGrid,11,16,in,52.510,52.600,IN,6.8199,7.27,2
audio07.TextGrid,11,17,the,52.600,52.670,DT,1.9527,7.73,2
audio07.TextGrid,11,18,basket,52.670,53.190,NN,12.8670,4.07,6
audio07.TextGrid,11,19,and,53.270,53.410,CC,5.6759,7.41,2
audio07.TextGrid,11,20,the,53.410,53.500,DT,4.8120,7.73,2
audio07.TextGrid,11,21,harpoon,53.500,53.980,NN,21.1925,2.83,6
audio07.TextGrid,11,22,and,53.980,54.110,CC,5.7649,7.41,3
audio07.TextGrid,11,23,gaff,54.110,54.580,NN,18.2437,2.68,3
audio07.TextGrid,11,24,and,54.850,54.960,CC,8.6476,7.41,2
audio07.TextGrid,11,25,the,54.960,55.070,DT,2.8949,7.73,2
audio07.TextGrid,11,26,old,55.070,55.270,JJ,7.3235,5.75,3
audio07.TextGrid,11,27,man,55.270,55.530,NN,0.2173,5.82,3
audio07.TextGrid,11,28,carried,55.530,55.850,VBD,12.6742,4.77,5
audio07.TextGrid,11,29,the,55.850,55.930,DT,1.7407,7.73,2
audio07.TextGrid,11,30,mast,55.930,56.370,NN,13.5335,3.52,4
audio07.TextGrid,11,31,with,56.370,56.470,IN,11.0937,6.85,3
audio07.TextGrid,11,32,the,56.470,56.550,DT,2.6347,7.73,2
audio07.TextGrid,11,33,furled,56.550,56.900,JJ,29.9469,1.74,4
audio07.TextGrid,11,34,sail,56.900,57.350,NN,11.6774,4.01,3
audio07.TextGrid,11,35,on,57.350,57.470,IN,5.5706,6.91,2
audio07.TextGrid,11,36,his,57.470,57.610,PRP$,1.6953,6.51,3
audio07.TextGrid,11,37,shoulder,57.610,58.100,NN,7.5421,4.5,5
audio07.TextGrid,12,1,do,59.660,59.760,VBP,13.5223,6.35,2
audio07.TextGrid,12,2,you,59.760,59.870,PRP,2.6938,6.98,2
audio07.TextGrid,12,3,want,59.870,60.050,VB,3.0354,6.04,4
audio07.TextGrid,12,4,coffee,60.050,60.520,NN,14.1397,4.86,4
audio07.TextGrid,12,5,the,60.710,60.790,DT,10.6308,7.73,2
audio07.TextGrid,12,6,boy,60.790,61.050,NN,10.9620,5.17,2
audio07.TextGrid,12,7,asked,61.050,61.480,VBD,17.7337,5.3,3
audio07.TextGrid,13,1,we,62.660,62.770,PRP,12.9441,6.54,2
audio07.TextGrid,13,2,ll,62.770,62.800,VBP,15.7014,4.66,1
audio07.TextGrid,13,3,put,62.800,63.010,VBD,13.0075,5.66,3
audio07.TextGrid,13,4,the,63.010,63.110,DT,3.2446,7.73,2
audio07.TextGrid,13,5,gear,63.110,63.380,NN,10.8629,4.46,3
audio07.TextGrid,13,6,in,63.380,63.480,IN,2.9156,7.27,2
audio07.TextGrid,13,7,the,63.480,63.550,DT,1.3007,7.73,2
audio07.TextGrid,13,8,boat,63.550,63.900,NN,11.7484,4.71,3
audio07.TextGrid,13,9,and,63.900,64.010,CC,4.5407,7.41,2
audio07.TextGrid,13,10,then,64.010,64.190,RB,5.1358,6.07,3
audio07.TextGrid,13,11,get,64.190,64.420,VB,5.8112,6.28,3
audio07.TextGrid,14,1,some,64.420,64.770,DT,14.6912,6.2,3
audio07.TextGrid,14,2,they,66.290,66.410,PRP,15.0681,6.5,2
audio07.TextGrid,14,3,had,66.410,66.580,VBD,5.2629,6.33,3
audio07.TextGrid,14,4,coffee,66.580,66.980,NN,14.7800,4.86,4
audio07.TextGrid,14,5,from,66.980,67.170,IN,5.9634,6.63,4
audio07.TextGrid,14,6,condensed,67.170,67.690,VBN,21.0256,3.4,8
audio07.TextGrid,14,7,milk,67.690,67.990,NN,11.7584,4.66,4
audio07.TextGrid,14,8,cans,67.990,68.400,NNS,14.3967,3.8,4
audio07.TextGrid,14,9,at,68.400,68.510,IN,7.0964,6.7,2
audio07.TextGrid,14,10,an,68.510,68.610,DT,7.3905,6.53,2
audio07.TextGrid,14,11,early,68.610,68.820,JJ,9.5138,5.43,3
audio07.TextGrid,14,12,morning,68.820,69.150,NN,6.4481,5.33,6
audio07.TextGrid,14,13,place,69.150,69.540,NN,8.3866,5.71,4
audio07.TextGrid,14,14,that,69.540,69.680,WDT,6.9479,7.01,3
audio07.TextGrid,14,15,served,69.680,69.980,VBD,9.6252,4.81,4
audio07.TextGrid,14,16,fishermen,69.980,70.480,NNS,28.5306,3.65,7
audio07.TextGrid,15,1,how,71.860,71.980,WRB,14.0279,6.24,2
audio07.TextGrid,15,2,did,71.980,72.120,VBD,6.2239,5.96,3
audio07.TextGrid,15,3,you,72.120,72.210,PRP,2.9818,6.98,2
audio07.TextGrid,15,4,sleep,72.210,72.520,VB,12.3656,5.05,4
audio07.TextGrid,15,5,old,72.520,72.710,JJ,10.7798,5.75,3
audio07.TextGrid,15,6,man,72.710,72.960,NN,6.6321,5.82,3
audio07.TextGrid,15,7,the,73.210,73.290,DT,8.2801,7.73,2
audio07.TextGrid,15,8,boy,73.290,73.550,NN,8.6394,5.17,2
audio07.TextGrid,15,9,asked,73.550,73.970,VBD,14.3728,5.3,3
audio07.TextGrid,16,1,he,74.690,74.790,PRP,13.2074,6.69,2
audio07.TextGrid,16,2,was,74.790,74.940,VBD,4.9565,6.82,3
audio07.TextGrid,16,3,waking,74.940,75.250,VBG,15.0805,3.95,5
audio07.TextGrid,16,4,up,75.250,75.430,RB,1.9146,6.39,2
audio07.TextGrid,16,5,now,75.430,75.760,RB,8.5356,6.18,2
audio07.TextGrid,16,6,although,75.880,76.140,IN,17.6159,5.3,4
audio07.TextGrid,16,7,it,76.140,76.250,PRP,4.9798,6.95,2
audio07.TextGrid,16,8,was,76.250,76.350,VBD,0.6307,6.82,3
audio07.TextGrid,16,9,still,76.350,76.590,RB,5.4155,5.92,4
audio07.TextGrid,16,10,hard,76.590,76.820,JJ,7.5257,5.53,4
audio07.TextGrid,16,11,for,76.820,76.950,IN,3.7839,7.01,2
audio07.TextGrid,16,12,him,76.950,77.020,PRP,1.6754,6.11,2
audio07.TextGrid,16,13,to,77.020,77.170,TO,0.4857,7.43,2
audio07.TextGrid,16,14,leave,77.170,77.410,VB,7.2450,5.34,3
audio07.TextGrid,16,15,his,77.410,77.560,PRP$,3.7058,6.51,3
audio07.TextGrid,16,16,sleep,77.560,77.970,NN,11.7124,5.05,4
audio07.TextGrid,17,1,very,79.620,79.840,RB,16.3499,6.0,4
audio07.TextGrid,17,2,well,79.840,80.080,RB,11.9705,6.03,3
audio07.TextGrid,17,3,manolin,80.080,80.600,VB,27.3309,0.0,7
audio07.TextGrid,17,4,the,80.810,80.990,DT,8.7919,7.73,2
audio07.TextGrid,17,5,old,80.990,81.190,JJ,8.4479,5.75,3
audio07.TextGrid,17,6,man,81.190,81.410,NN,4.9340,5.82,3
audio07.TextGrid,17,7,said,81.410,81.790,VBD,11.5437,6.01,3
audio07.TextGrid,18,1,i,82.650,82.770,NN,5.7704,7.09,1
audio07.TextGrid,18,2,feel,82.770,82.980,VBP,16.3826,5.67,3
audio07.TextGrid,18,3,confident,82.980,83.570,JJ,11.4737,4.43,9
audio07.TextGrid,18,4,today,83.570,83.940,NN,10.8198,5.55,4
audio07.TextGrid,19,1,so,85.500,85.740,RB,13.7280,6.52,2
audio07.TextGrid,19,2,do,85.740,85.800,VB,9.8206,6.35,2
audio07.TextGrid,19,3,i,85.800,86.090,VB,2.4376,7.09,1
audio07.TextGrid,19,4,the,86.390,86.490,DT,10.1597,7.73,2
audio07.TextGrid,19,5,boy,86.490,86.730,NN,10.3589,5.17,2
audio07.TextGrid,19,6,said,86.730,87.100,VBD,12.4054,6.01,3
audio07.TextGrid,20,1,now,87.770,87.980,RB,13.6820,6.18,2
audio07.TextGrid,20,2,i,87.980,88.060,VBZ,7.2716,7.09,1
audio07.TextGrid,20,3,must,88.060,88.280,MD,8.4546,5.68,4
audio07.TextGrid,20,4,get,88.280,88.500,VB,4.6656,6.28,3
audio07.TextGrid,20,5,your,88.500,88.620,PRP$,6.8028,6.53,3
audio07.TextGrid,20,6,sardines,88.620,89.230,NNS,22.1275,2.93,7
audio07.TextGrid,20,7,and,89.230,89.420,CC,4.0605,7.41,3
audio07.TextGrid,20,8,mine,89.450,89.850,NN,11.4146,5.04,3
audio07.TextGrid,20,9,and,89.850,89.960,CC,4.8651,7.41,3
audio07.TextGrid,20,10,your,89.960,90.130,PRP$,6.9625,6.53,3
audio07.TextGrid,20,11,fresh,90.130,90.400,JJ,9.1427,4.83,4
audio07.TextGrid,20,12,baits,90.400,90.890,NNS,19.4551,2.65,4
audio07.TextGrid,21,1,he,91.320,91.440,PRP,13.2074,6.69,2
audio07.TextGrid,21,2,brings,91.440,91.730,VBZ,14.1892,4.61,5
audio07.TextGrid,21,3,our,91.730,91.850,PRP$,7.5672,6.14,2
audio07.TextGrid,21,4,gear,91.850,92.120,NN,12.8125,4.46,3
audio07.TextGrid,21,5,himself,92.120,92.670,PRP,15.9060,5.25,7
audio07.TextGrid,21,6,he,92.900,92.990,PRP,10.5045,6.69,2
audio07.TextGrid,21,7,never,92.990,93.200,RB,9.3289,5.91,4
audio07.TextGrid,21,8,wants,93.200,93.450,VBZ,6.6545,5.24,5
audio07.TextGrid,21,9,anyone,93.450,93.750,NN,8.8436,5.38,6
audio07.TextGrid,21,10,to,93.750,93.840,TO,1.3664,7.43,2
audio07.TextGrid,21,11,carry,93.840,94.210,VB,8.1948,4.89,4
audio07.TextGrid,21,12,anything,94.210,94.670,NN,4.9990,5.55,6
audio07.TextGrid,22,1,we,96.270,96.390,PRP,12.9441,6.54,2
audio07.TextGrid,22,2,re,96.390,96.450,VBP,7.8940,5.23,2
audio07.TextGrid,22,3,different,96.450,97.050,JJ,21.2019,5.59,7
audio07.TextGrid,22,4,the,97.230,97.350,DT,8.1744,7.73,2
audio07.TextGrid,22,5,old,97.350,97.540,JJ,10.4611,5.75,3
audio07.TextGrid,22,6,man,97.540,97.770,NN,6.5283,5.82,3
audio07.TextGrid,22,7,said,97.770,98.160,VBD,11.2742,6.01,3
audio07.TextGrid,22,8,i,98.460,98.590,JJ,7.4374,7.09,1
audio07.TextGrid,22,9,let,98.590,98.790,NN,11.2398,5.6,3
audio07.TextGrid,22,10,you,98.790,98.870,PRP,3.7374,6.98,2
audio07.TextGrid,22,11,carry,98.870,99.180,VBP,10.9660,4.89,4
audio07.TextGrid,22,12,things,99.180,99.480,NNS,11.6265,5.74,4
audio07.TextGrid,22,13,when,99.480,99.610,WRB,6.5948,6.37,3
audio07.TextGrid,22,14,you,99.610,99.700,PRP,1.2871,6.98,2
audio07.TextGrid,22,15,were,99.700,99.800,VBD,3.9212,6.34,2
audio07.TextGrid,22,16,five,99.800,100.090,CD,11.8655,5.45,3
audio07.TextGrid,22,17,years,100.090,100.310,NNS,2.8051,5.96,3
audio07.TextGrid,22,18,old,100.310,100.750,JJ,2.4709,5.75,3
audio07.TextGrid,23,1,i,101.570,101.680,NN,5.7704,7.09,1
audio07.TextGrid,23,2,know,101.680,101.900,VBP,13.4773,6.1,2
audio07.TextGrid,23,3,it,101.900,102.090,PRP,4.8176,6.95,2
audio07.TextGrid,23,4,the,102.250,102.310,DT,10.9620,7.73,2
audio07.TextGrid,23,5,boy,102.310,102.530,NN,10.7729,5.17,2
audio07.TextGrid,23,6,said,102.530,102.940,VBD,9.9481,6.01,3
audio07.TextGrid,24,1,i,102.940,102.970,NN,5.7704,7.09,1
audio07.TextGrid,24,2,ll,103.440,103.550,VBP,21.2778,4.66,2
audio07.TextGrid,24,3,be,103.550,103.690,VB,12.4300,6.79,2
audio07.TextGrid,24,4,right,103.690,103.860,JJ,9.9366,5.96,3
audio07.TextGrid,24,5,back,103.860,104.220,RB,6.2639,6.04,3
audio07.TextGrid,24,6,have,104.430,104.590,VBP,15.2749,6.71,3
audio07.TextGrid,24,7,another,104.590,104.820,DT,10.5661,5.74,5
audio07.TextGrid,24,8,coffee,104.820,105.290,NN,13.4607,4.86,4
audio07.TextGrid,24,9,we,105.410,105.530,PRP,9.3145,6.54,2
audio07.TextGrid,24,10,have,105.530,105.670,VBP,5.8566,6.71,3
audio07.TextGrid,24,11,credit,105.670,106.020,NN,13.7963,5.0,6
audio07.TextGrid,24,12,here,106.020,106.270,RB,10.9297,5.97,3
audio07.TextGrid,25,1,he,107.810,107.900,PRP,13.2074,6.69,2
audio07.TextGrid,25,2,walked,107.900,108.200,VBD,15.3025,4.67,4
audio07.TextGrid,25,3,off,108.200,108.590,RP,5.5096,5.93,2
audio07.TextGrid,25,4,bare,108.590,108.840,NN,18.6466,4.18,3
audio07.TextGrid,25,5,footed,108.840,109.140,VBN,16.9425,3.3,5
audio07.TextGrid,25,6,on,109.140,109.250,IN,6.6396,6.91,2
audio07.TextGrid,25,7,the,109.250,109.320,DT,2.0291,7.73,2
audio07.TextGrid,25,8,coral,109.320,109.710,JJ,16.1117,3.86,5
audio07.TextGrid,25,9,rocks,109.710,110.110,NNS,13.8719,4.38,4
audio07.TextGrid,25,10,to,110.110,110.220,TO,5.7428,7.43,2
audio07.TextGrid,25,11,the,110.220,110.350,DT,3.7030,7.73,2
audio07.TextGrid,25,12,ice,110.350,110.580,NN,11.2769,5.0,2
audio07.TextGrid,25,13,house,110.580,110.940,NN,7.6823,5.71,3
audio07.TextGrid,25,14,where,110.940,111.050,WRB,6.9668,6.0,3
audio07.TextGrid,25,15,the,111.050,111.120,DT,3.4308,7.73,2
audio07.TextGrid,25,16,baits,111.120,111.460,NNS,18.7718,2.65,4
audio07.TextGrid,25,17,were,111.460,111.550,VBD,4.2385,6.34,2
audio07.TextGrid,25,18,stored,111.550,112.080,VBN,11.1154,4.18,5
audio07.TextGrid,26,1,the,113.370,113.500,DT,11.8924,7.73,2
audio07.TextGrid,26,2,old,113.500,113.710,JJ,9.2031,5.75,3
audio07.TextGrid,26,3,man,113.710,113.960,NN,4.4194,5.82,3
audio07.TextGrid,26,4,drank,113.960,114.250,VBD,21.0485,3.95,5
audio07.TextGrid,26,5,his,114.250,114.410,PRP$,10.0802,6.51,3
audio07.TextGrid,26,6,coffee,114.410,114.850,NN,11.0845,4.86,4
audio07.TextGrid,26,7,slowly,114.850,115.400,RB,13.2827,4.63,5
audio07.TextGrid,27,1,it,115.930,116.040,PRP,11.0007,6.95,2
audio07.TextGrid,27,2,was,116.040,116.160,VBD,3.5299,6.82,3
audio07.TextGrid,27,3,all,116.160,116.360,DT,10.7262,6.52,2
audio07.TextGrid,27,4,he,116.360,116.450,PRP,10.0423,6.69,2
audio07.TextGrid,27,5,would,116.450,116.610,MD,6.9931,6.27,3
audio07.TextGrid,27,6,have,116.610,116.840,VB,2.7578,6.71,3
audio07.TextGrid,27,7,all,116.840,117.010,DT,10.1878,6.52,2
audio07.TextGrid,27,8,day,117.010,117.460,NN,6.4551,5.95,2
audio07.TextGrid,27,9,and,117.460,117.600,CC,6.7647,7.41,3
audio07.TextGrid,27,10,he,117.600,117.750,PRP,3.4899,6.69,2
audio07.TextGrid,27,11,knew,117.750,117.980,VBD,8.0607,5.2,3
audio07.TextGrid,27,12,that,117.980,118.110,IN,3.9703,7.01,3
audio07.TextGrid,27,13,he,118.110,118.230,PRP,3.4674,6.69,2
audio07.TextGrid,27,14,should,118.230,118.470,MD,7.4624,5.99,3
audio07.TextGrid,27,15,take,118.470,118.730,VB,6.1040,5.92,3
audio07.TextGrid,27,16,it,118.730,118.920,PRP,3.5778,6.95,2
audio07.TextGrid,28,1,for,119.850,119.940,IN,14.2057,7.01,2
audio07.TextGrid,28,2,a,119.940,119.970,DT,6.5497,7.36,1
audio07.TextGrid,28,3,long,119.970,120.230,JJ,6.1252,5.81,3
audio07.TextGrid,28,4,time,120.230,120.510,NN,0.6857,6.29,3
audio07.TextGrid,28,5,now,120.510,120.760,RB,7.0885,6.18,2
audio07.TextGrid,28,6,eating,120.760,121.080,VBG,20.2166,4.85,4
audio07.TextGrid,28,7,had,121.080,121.200,VBD,14.5783,6.33,3
audio07.TextGrid,28,8,bored,121.200,121.610,VBN,16.2433,4.2,4
audio07.TextGrid,28,9,him,121.660,121.930,PRP,11.9385,6.11,2
audio07.TextGrid,28,10,and,122.170,122.300,CC,4.8851,7.41,3
audio07.TextGrid,28,11,he,122.300,122.380,PRP,3.9435,6.69,2
audio07.TextGrid,28,12,never,122.380,122.590,RB,5.7651,5.91,4
audio07.TextGrid,28,13,carried,122.590,122.930,VBD,8.5455,4.77,5
audio07.TextGrid,28,14,a,122.930,123.000,DT,3.5539,7.36,1
audio07.TextGrid,28,15,lunch,123.000,123.450,NN,12.6335,4.66,4
audio07.TextGrid,29,1,he,124.010,124.120,PRP,13.2074,6.69,2
audio07.TextGrid,29,2,had,124.120,124.260,VBD,11.3330,6.33,3
audio07.TextGrid,29,3,a,124.260,124.300,DT,4.3402,7.36,1
audio07.TextGrid,29,4,bottle,124.300,124.580,NN,12.1087,4.57,5
audio07.TextGrid,29,5,of,124.580,124.700,IN,1.4094,7.4,2
audio07.TextGrid,29,6,water,124.700,125.060,NN,10.3520,5.52,4
audio07.TextGrid,29,7,in,125.060,125.150,IN,3.1994,7.27,2
audio07.TextGrid,29,8,the,125.150,125.210,DT,2.6073,7.73,2
audio07.TextGrid,29,9,bow,125.210,125.540,NN,11.3855,4.3,2
audio07.TextGrid,29,10,of,125.540,125.610,IN,8.1521,7.4,2
audio07.TextGrid,29,11,the,125.610,125.730,DT,1.9617,7.73,2
audio07.TextGrid,29,12,skiff,125.730,126.170,NN,20.8211,2.63,4
audio07.TextGrid,30,1,and,126.750,126.840,CC,13.4350,7.41,2
audio07.TextGrid,30,2,that,126.840,127.000,DT,7.6018,7.01,3
audio07.TextGrid,30,3,was,127.000,127.110,VBD,5.5554,6.82,3
audio07.TextGrid,30,4,all,127.110,127.290,DT,6.1888,6.52,2
audio07.TextGrid,30,5,he,127.290,127.410,PRP,7.8386,6.69,2
audio07.TextGrid,30,6,needed,127.410,127.750,VBD,5.8183,5.18,5
audio07.TextGrid,30,7,for,127.750,127.900,IN,4.0262,7.01,2
audio07.TextGrid,30,8,the,127.900,128.000,DT,2.5412,7.73,2
audio07.TextGrid,30,9,day,128.000,128.360,NN,5.6716,5.95,2
audio07.TextGrid,31,1,the,129.870,129.960,DT,11.8924,7.73,2
audio07.TextGrid,31,2,boy,129.960,130.210,NN,11.2449,5.17,2
audio07.TextGrid,31,3,was,130.210,130.390,VBD,9.2429,6.82,3
audio07.TextGrid,31,4,back,130.390,130.670,RB,6.9844,6.04,3
audio07.TextGrid,31,5,now,130.670,130.970,RB,11.5572,6.18,2
audio07.TextGrid,31,6,with,130.970,131.130,IN,6.2972,6.85,3
audio07.TextGrid,31,7,the,131.130,131.230,DT,3.0545,7.73,2
audio07.TextGrid,31,8,sardines,131.230,131.890,NNS,22.6026,2.93,7
audio07.TextGrid,31,9,and,131.890,131.990,CC,4.6601,7.41,2
audio07.TextGrid,31,10,the,131.990,132.080,DT,3.0464,7.73,2
audio07.TextGrid,31,11,two,132.080,132.270,CD,9.0453,6.1,2
audio07.TextGrid,31,12,baits,132.270,132.670,NNS,19.0462,2.65,4
audio07.TextGrid,31,13,wrapped,132.670,132.920,VBD,18.1191,4.15,4
audio07.TextGrid,31,14,in,132.920,133.010,IN,3.7932,7.27,2
audio07.TextGrid,31,15,a,133.010,133.060,DT,3.9719,7.36,1
audio07.TextGrid,31,16,newspaper,133.060,133.740,NN,16.6363,4.6,7
audio07.TextGrid,31,17,and,134.010,134.130,CC,6.0905,7.41,2
audio07.TextGrid,31,18,they,134.130,134.230,PRP,5.0549,6.5,2
audio07.TextGrid,31,19,went,134.230,134.420,VBD,6.2822,5.5,4
audio07.TextGrid,31,20,down,134.420,134.650,IN,6.6818,5.88,3
audio07.TextGrid,31,21,the,134.650,134.730,DT,3.6428,7.73,2
audio07.TextGrid,31,22,trail,134.730,135.100,NN,9.5102,4.45,4
audio07.TextGrid,31,23,to,135.100,135.230,TO,2.5777,7.43,2
audio07.TextGrid,31,24,the,135.230,135.340,DT,2.4627,7.73,2
audio07.TextGrid,31,25,skiff,135.340,135.830,NN,23.4839,2.63,4
audio07.TextGrid,31,26,feeling,136.120,136.450,VBG,17.5982,5.13,5
audio07.TextGrid,31,27,the,136.450,136.510,DT,4.5871,7.73,2
audio07.TextGrid,31,28,pebbled,136.510,136.970,JJ,21.3154,2.02,6
audio07.TextGrid,31,29,sand,136.970,137.400,NN,9.4107,4.44,4
audio07.TextGrid,31,30,under,137.400,137.630,IN,9.4579,5.73,4
audio07.TextGrid,31,31,their,137.630,137.810,PRP$,4.2301,6.33,3
audio07.TextGrid,31,32,feet,137.810,138.190,NNS,9.4577,4.99,3
audio07.TextGrid,31,33,and,138.490,138.660,CC,3.6212,7.41,3
audio07.TextGrid,31,34,lifted,138.660,138.930,VBD,12.8569,4.1,6
audio07.TextGrid,31,35,the,138.930,139.020,DT,3.6780,7.73,2
audio07.TextGrid,31,36,skiff,139.020,139.450,NN,8.6805,2.63,4
audio07.TextGrid,31,37,and,139.450,139.620,CC,5.4776,7.41,3
audio07.TextGrid,31,38,slid,139.620,139.840,VB,13.1023,3.55,4
audio07.TextGrid,31,39,her,139.840,139.940,PRP$,6.8493,6.3,2
audio07.TextGrid,31,40,into,139.940,140.090,IN,8.0368,6.11,4
audio07.TextGrid,31,41,the,140.090,140.170,DT,1.0858,7.73,2
audio07.TextGrid,31,42,water,140.170,140.630,NN,9.4849,5.52,4
audio07.TextGrid,31,43,good,142.190,142.350,JJ,15.6850,6.12,3
audio07.TextGrid,31,44,luck,142.350,142.540,NN,11.6958,4.91,3
audio07.TextGrid,31,45,old,142.540,142.710,JJ,14.4089,5.75,3
audio07.TextGrid,31,46,man,142.710,143.090,NN,5.4207,5.82,3
audio07.TextGrid,32,1,good,144.040,144.230,JJ,15.4616,6.12,3
audio07.TextGrid,32,2,luck,144.230,144.540,NN,7.9773,4.91,3
audio07.TextGrid,32,3,the,144.800,144.970,DT,7.9053,7.73,2
audio07.TextGrid,32,4,old,144.970,145.150,JJ,8.0642,5.75,3
audio07.TextGrid,32,5,man,145.150,145.400,NN,3.9624,5.82,3
audio07.TextGrid,32,6,said,145.400,145.840,VBD,9.0448,6.01,3
audio07.TextGrid,33,1,he,146.810,146.930,PRP,13.2074,6.69,2
audio07.TextGrid,33,2,fitted,146.930,147.210,VBD,20.4894,4.13,5
audio07.TextGrid,33,3,the,147.210,147.280,DT,3.9806,7.73,2
audio07.TextGrid,33,4,rope,147.280,147.550,NN,13.2588,4.06,3
audio07.TextGrid,33,5,lashings,147.550,148.040,NNS,26.8262,2.26,6
audio07.TextGrid,33,6,of,148.040,148.110,IN,4.1940,7.4,2
audio07.TextGrid,33,7,the,148.110,148.270,DT,1.8208,7.73,2
audio07.TextGrid,33,8,oars,148.270,148.660,NNS,19.4816,3.01,3
audio07.TextGrid,33,9,onto,148.660,148.890,IN,13.4035,4.77,4
audio07.TextGrid,33,10,the,148.890,149.010,DT,1.8695,7.73,2
audio07.TextGrid,33,11,thole,149.010,149.300,JJ,20.4698,1.96,3
audio07.TextGrid,33,12,pins,149.300,149.890,NNS,16.9249,3.8,4
audio07.TextGrid,33,13,and,150.100,150.450,CC,3.5369,7.41,3
audio07.TextGrid,33,14,leaning,150.450,150.820,VBG,17.0774,3.89,5
audio07.TextGrid,33,15,forward,150.820,151.240,RB,10.7446,5.12,6
audio07.TextGrid,33,16,against,151.240,151.570,IN,8.8234,5.68,6
audio07.TextGrid,33,17,the,151.570,151.680,DT,1.0312,7.73,2
audio07.TextGrid,33,18,thrust,151.680,152.020,NN,15.8717,3.86,5
audio07.TextGrid,33,19,of,152.020,152.090,IN,2.5769,7.4,2
audio07.TextGrid,33,20,the,152.090,152.190,DT,0.8238,7.73,2
audio07.TextGrid,33,21,blades,152.190,152.560,NNS,14.3441,3.87,5
audio07.TextGrid,33,22,in,152.560,152.650,IN,4.7720,7.27,2
audio07.TextGrid,33,23,the,152.650,152.720,DT,1.1374,7.73,2
audio07.TextGrid,33,24,water,152.720,153.090,NN,10.0084,5.52,4
audio07.TextGrid,34,1,he,153.590,153.670,PRP,13.2074,6.69,2
audio07.TextGrid,34,2,began,153.670,153.970,VBD,16.4346,5.07,5
audio07.TextGrid,34,3,to,153.970,154.060,TO,5.6508,7.43,2
audio07.TextGrid,34,4,row,154.060,154.390,VB,15.1978,4.6,2
audio07.TextGrid,34,5,out,154.390,154.500,IN,6.5183,6.38,2
audio07.TextGrid,34,6,of,154.500,154.570,IN,2.6608,7.4,2
audio07.TextGrid,34,7,the,154.570,154.690,DT,2.0047,7.73,2
audio07.TextGrid,34,8,harbour,154.690,155.070,NN,14.7703,3.98,5
audio07.TextGrid,34,9,in,155.070,155.140,IN,5.6589,7.27,2
audio07.TextGrid,34,10,the,155.140,155.240,DT,2.3503,7.73,2
audio07.TextGrid,34,11,dark,155.240,155.640,NN,6.5691,5.04,4
audio07.TextGrid,35,1,there,156.620,156.740,EX,14.3662,6.31,3
audio07.TextGrid,35,2,were,156.740,156.880,VBD,8.8796,6.34,2
audio07.TextGrid,35,3,other,156.880,157.090,JJ,9.3093,6.16,3
audio07.TextGrid,35,4,boats,157.090,157.480,NNS,13.8776,4.25,4
audio07.TextGrid,35,5,from,157.480,157.620,IN,6.4920,6.63,4
audio07.TextGrid,35,6,the,157.620,157.770,DT,2.1805,7.73,2
audio07.TextGrid,35,7,other,157.770,157.930,JJ,7.6936,6.16,3
audio07.TextGrid,35,8,beaches,157.930,158.490,NNS,16.1327,3.96,5
audio07.TextGrid,35,9,going,158.490,158.780,VBG,10.4749,5.94,4
audio07.TextGrid,35,10,out,158.780,158.980,IN,3.7016,6.38,2
audio07.TextGrid,35,11,to,158.980,159.050,TO,3.2950,7.43,2
audio07.TextGrid,35,12,sea,159.050,159.460,VB,8.1474,5.06,2
audio07.TextGrid,35,13,and,159.670,159.780,CC,3.9525,7.41,2
audio07.TextGrid,35,14,the,159.780,159.880,DT,4.1828,7.73,2
audio07.TextGrid,35,15,old,159.880,160.100,JJ,9.8907,5.75,3
audio07.TextGrid,35,16,man,160.100,160.340,NN,5.9342,5.82,3
audio07.TextGrid,35,17,heard,160.340,160.520,VBD,15.9132,5.27,3
audio07.TextGrid,35,18,the,160.520,160.620,DT,3.0025,7.73,2
audio07.TextGrid,35,19,dip,160.620,160.920,NN,13.0562,4.05,3
audio07.TextGrid,35,20,and,160.920,161.040,CC,7.6266,7.41,2
audio07.TextGrid,35,21,push,161.040,161.370,NN,11.3189,4.82,3
audio07.TextGrid,35,22,of,161.370,161.440,IN,7.9237,7.4,2
audio07.TextGrid,35,23,their,161.440,161.740,PRP$,7.7996,6.33,3
audio07.TextGrid,35,24,oars,161.740,162.240,NNS,17.8002,3.01,3
audio07.TextGrid,35,25,even,162.240,162.520,RB,9.9877,5.99,4
audio07.TextGrid,35,26,though,162.520,162.690,IN,4.7104,5.5,2
audio07.TextGrid,35,27,he,162.690,162.760,PRP,2.8078,6.69,2
audio07.TextGrid,35,28,could,162.760,162.930,MD,6.6825,6.06,3
audio07.TextGrid,35,29,not,162.930,163.120,RB,2.9295,6.69,3
audio07.TextGrid,35,30,see,163.120,163.330,VB,3.3940,6.1,2
audio07.TextGrid,35,31,them,163.330,163.560,PRP,2.4889,6.19,3
audio07.TextGrid,35,32,now,163.560,163.750,RB,11.2180,6.18,2
audio07.TextGrid,35,33,the,163.750,163.830,DT,9.1472,7.73,2
audio07.TextGrid,35,34,moon,163.830,164.100,NN,12.2706,4.7,3
audio07.TextGrid,35,35,was,164.100,164.270,VBD,3.2955,6.82,3
audio07.TextGrid,35,36,below,164.270,164.540,IN,10.6767,5.05,4
audio07.TextGrid,35,37,the,164.540,164.650,DT,1.7573,7.73,2
audio07.TextGrid,35,38,hills,164.650,165.150,NNS,10.1996,4.46,4
audio08.TextGrid,1,1,sometimes,1.200,1.740,RB,19.8534,5.28,7
audio08.TextGrid,1,2,someone,1.740,1.990,NN,13.7594,5.63,6
audio08.TextGrid,1,3,would,1.990,2.160,MD,6.2834,6.27,3
audio08.TextGrid,1,4,speak,2.160,2.550,VB,10.2264,5.03,4
audio08.TextGrid,1,5,in,2.550,2.650,IN,5.3287,7.27,2
audio08.TextGrid,1,6,a,2.650,2.700,DT,4.0171,7.36,1
audio08.TextGrid,1,7,boat,2.700,3.100,NN,11.5063,4.71,3
audio08.TextGrid,1,8,but,3.410,3.600,CC,7.9428,6.63,3
audio08.TextGrid,1,9,most,3.600,3.840,JJS,9.9428,6.0,4
audio08.TextGrid,1,10,of,3.840,3.910,IN,1.6841,7.4,2
audio08.TextGrid,1,11,the,3.910,3.990,DT,1.3610,7.73,2
audio08.TextGrid,1,12,boats,3.990,4.280,NNS,7.8992,4.25,4
audio08.TextGrid,1,13,were,4.280,4.360,VBD,3.0771,6.34,2
audio08.TextGrid,1,14,silent,4.360,4.930,JJ,12.9628,4.45,6
audio08.TextGrid,1,15,except,4.930,5.250,IN,11.8376,5.02,6
audio08.TextGrid,1,16,for,5.250,5.320,IN,1.2350,7.01,2
audio08.TextGrid,1,17,the,5.320,5.420,DT,1.9832,7.73,2
audio08.TextGrid,1,18,dip,5.420,5.660,NN,14.5299,4.05,3
audio08.TextGrid,1,19,of,5.660,5.750,IN,7.0425,7.4,2
audio08.TextGrid,1,20,the,5.750,5.890,DT,2.4755,7.73,2
audio08.TextGrid,1,21,oars,5.890,6.340,NNS,17.8026,3.01,3
audio08.TextGrid,2,1,they,6.910,7.050,PRP,20.3883,6.5,2
audio08.TextGrid,2,2,spread,7.050,7.340,VBP,13.1141,4.81,5
audio08.TextGrid,2,3,apart,7.340,7.840,RB,13.4423,4.78,5
audio08.TextGrid,2,4,after,7.840,8.120,IN,10.3379,6.11,4
audio08.TextGrid,2,5,they,8.120,8.250,PRP,5.9263,6.5,2
audio08.TextGrid,2,6,were,8.250,8.420,VBD,4.8688,6.34,2
audio08.TextGrid,2,7,out,8.420,8.580,IN,7.2673,6.38,2
audio08.TextGrid,2,8,of,8.580,8.650,IN,2.5444,7.4,2
audio08.TextGrid,2,9,the,8.650,8.740,DT,3.3369,7.73,2
audio08.TextGrid,2,10,mouth,8.740,9.030,NN,10.3331,4.83,3
audio08.TextGrid,2,11,of,9.030,9.100,IN,1.9039,7.4,2
audio08.TextGrid,2,12,the,9.100,9.220,DT,1.6127,7.73,2
audio08.TextGrid,2,13,harbour,9.220,9.590,NN,15.1272,3.98,5
audio08.TextGrid,3,1,and,10.200,10.300,CC,13.4350,7.41,2
audio08.TextGrid,3,2,each,10.300,10.530,DT,14.6836,5.69,2
audio08.TextGrid,3,3,one,10.530,10.760,CD,5.3107,6.47,3
audio08.TextGrid,3,4,headed,10.760,11.060,VBN,14.3780,4.55,5
audio08.TextGrid,3,5,for,11.060,11.150,IN,3.4389,7.01,2
audio08.TextGrid,3,6,the,11.150,11.250,DT,3.0245,7.73,2
audio08.TextGrid,3,7,part,11.250,11.530,NN,8.6867,5.78,4
audio08.TextGrid,3,8,of,11.530,11.600,IN,1.8617,7.4,2
audio08.TextGrid,3,9,the,11.600,11.770,DT,1.2431,7.73,2
audio08.TextGrid,3,10,ocean,11.770,12.100,NN,12.6106,4.7,4
audio08.TextGrid,3,11,where,12.100,12.350,WRB,8.8372,6.0,4
audio08.TextGrid,3,12,he,12.350,12.480,PRP,3.5494,6.69,2
audio08.TextGrid,3,13,hoped,12.480,12.700,VBD,21.8657,4.28,4
audio08.TextGrid,3,14,to,12.700,12.800,TO,5.7099,7.43,2
audio08.TextGrid,3,15,find,12.800,13.140,VB,7.4985,5.76,4
audio08.TextGrid,3,16,fish,13.140,13.570,JJ,14.3038,4.9,3
audio08.TextGrid,4,1,the,14.590,14.710,DT,11.8924,7.73,2
audio08.TextGrid,4,2,old,14.710,14.900,JJ,9.2031,5.75,3
audio08.TextGrid,4,3,man,14.900,15.130,NN,4.4194,5.82,3
audio08.TextGrid,4,4,knew,15.130,15.390,VBD,11.4634,5.2,3
audio08.TextGrid,4,5,he,15.390,15.510,PRP,4.1263,6.69,2
audio08.TextGrid,4,6,was,15.510,15.690,VBD,0.9606,6.82,3
audio08.TextGrid,4,7,going,15.690,16.010,VBG,6.1847,5.94,4
audio08.TextGrid,4,8,far,16.010,16.360,RB,13.1793,5.5,3
audio08.TextGrid,4,9,out,16.360,16.730,RB,5.8567,6.38,2
audio08.TextGrid,4,10,and,17.030,17.120,CC,6.5401,7.41,2
audio08.TextGrid,4,11,he,17.120,17.250,PRP,3.3136,6.69,2
audio08.TextGrid,4,12,left,17.250,17.450,VBD,10.5819,5.62,4
audio08.TextGrid,4,13,the,17.450,17.570,DT,3.1995,7.73,2
audio08.TextGrid,4,14,smell,17.570,17.860,NN,16.8297,4.49,4
audio08.TextGrid,4,15,of,17.860,17.920,IN,2.7430,7.4,2
audio08.TextGrid,4,16,the,17.920,18.000,DT,2.9807,7.73,2
audio08.TextGrid,4,17,land,18.000,18.270,NN,9.3160,5.22,4
audio08.TextGrid,4,18,behind,18.270,18.850,IN,10.3243,5.29,6
audio08.TextGrid,4,19,and,18.850,19.020,CC,9.0006,7.41,3
audio08.TextGrid,4,20,rowed,19.020,19.290,VBD,14.9279,2.78,3
audio08.TextGrid,4,21,out,19.290,19.550,RP,5.3086,6.38,2
audio08.TextGrid,4,22,into,19.550,19.700,IN,3.5566,6.11,4
audio08.TextGrid,4,23,the,19.700,19.810,DT,0.4956,7.73,2
audio08.TextGrid,4,24,clean,19.810,20.170,JJ,12.9061,4.97,4
audio08.TextGrid,4,25,early,20.170,20.390,JJ,16.0923,5.43,3
audio08.TextGrid,4,26,morning,20.390,20.750,NN,5.0496,5.33,6
audio08.TextGrid,4,27,smell,20.750,21.030,NN,16.3571,4.49,4
audio08.TextGrid,4,28,of,21.030,21.110,IN,1.0451,7.4,2
audio08.TextGrid,4,29,the,21.110,21.250,DT,1.1338,7.73,2
audio08.TextGrid,4,30,ocean,21.250,21.580,NN,11.1404,4.7,4
audio08.TextGrid,5,1,he,22.450,22.560,PRP,13.2074,6.69,2
audio08.TextGrid,5,2,saw,22.560,22.770,VBD,13.7506,5.34,2
audio08.TextGrid,5,3,the,22.770,22.850,DT,3.2202,7.73,2
audio08.TextGrid,5,4,phosphorescence,22.850,23.700,NN,49.4230,1.88,10
audio08.TextGrid,5,5,of,23.700,23.780,IN,0.8460,7.4,2
audio08.TextGrid,5,6,the,23.780,23.880,DT,1.6513,7.73,2
audio08.TextGrid,5,7,gulf,23.880,24.270,NN,14.1334,4.28,4
audio08.TextGrid,5,8,weed,24.270,24.590,NN,17.6816,4.27,3
audio08.TextGrid,5,9,in,24.590,24.670,IN,4.5895,7.27,2
audio08.TextGrid,5,10,the,24.670,24.740,DT,1.7058,7.73,2
audio08.TextGrid,5,11,water,24.740,25.220,NN,7.5336,5.52,4
audio08.TextGrid,5,12,as,25.220,25.370,IN,8.9319,6.77,2
audio08.TextGrid,5,13,he,25.370,25.480,PRP,3.9143,6.69,2
audio08.TextGrid,5,14,rowed,25.480,25.770,VBD,15.2551,2.78,3
audio08.TextGrid,5,15,over,25.770,25.950,IN,5.8676,6.08,3
audio08.TextGrid,5,16,the,25.950,26.030,DT,1.2137,7.73,2
audio08.TextGrid,5,17,part,26.030,26.290,NN,10.8591,5.78,4
audio08.TextGrid,5,18,of,26.290,26.360,IN,2.4447,7.4,2
audio08.TextGrid,5,19,the,26.360,26.500,DT,0.6053,7.73,2
audio08.TextGrid,5,20,ocean,26.500,26.830,NN,9.7683,4.7,4
audio08.TextGrid,5,21,that,26.830,26.940,IN,6.7670,7.01,3
audio08.TextGrid,5,22,the,26.940,27.050,DT,6.3433,7.73,2
audio08.TextGrid,5,23,fishermen,27.050,27.460,NNS,22.9094,3.65,7
audio08.TextGrid,5,24,called,27.460,27.790,VBD,8.8628,5.59,4
audio08.TextGrid,5,25,the,27.790,27.900,DT,2.0058,7.73,2
audio08.TextGrid,5,26,great,27.900,28.270,JJ,8.4687,5.88,4
audio08.TextGrid,5,27,well,28.270,28.680,NN,13.8688,6.03,3
audio08.TextGrid,6,1,because,29.130,29.500,IN,18.2301,6.03,5
audio08.TextGrid,6,2,there,29.500,29.600,EX,6.3258,6.31,3
audio08.TextGrid,6,3,was,29.600,29.750,VBD,3.6469,6.82,3
audio08.TextGrid,6,4,a,29.750,29.820,DT,1.9696,7.36,1
audio08.TextGrid,6,5,sudden,29.820,30.160,JJ,13.5354,4.4,5
audio08.TextGrid,6,6,deep,30.160,30.580,NN,12.3919,5.05,3
audio08.TextGrid,6,7,of,30.580,30.720,IN,6.6902,7.4,2
audio08.TextGrid,6,8,seven,30.720,31.030,CD,13.8720,5.08,5
audio08.TextGrid,6,9,hundred,31.030,31.310,VBD,6.3627,4.71,7
audio08.TextGrid,6,10,fathoms,31.310,31.850,NNS,23.4813,2.49,6
audio08.TextGrid,6,11,where,32.210,32.350,WRB,8.8638,6.0,3
audio08.TextGrid,6,12,all,32.350,32.510,DT,6.8302,6.52,2
audio08.TextGrid,6,13,sorts,32.510,32.820,NNS,12.5178,4.21,5
audio08.TextGrid,6,14,of,32.820,32.920,IN,0.4079,7.4,2
audio08.TextGrid,6,15,fish,32.920,33.170,NN,12.1666,4.9,3
audio08.TextGrid,6,16,congregated,33.170,33.900,VBN,18.7328,2.45,11
audio08.TextGrid,6,17,because,33.900,34.220,IN,11.6772,6.03,5
audio08.TextGrid,6,18,of,34.220,34.310,IN,2.5626,7.4,2
audio08.TextGrid,6,19,the,34.310,34.400,DT,1.7535,7.73,2
audio08.TextGrid,6,20,swirl,34.400,34.830,NN,18.5402,3.16,4
audio08.TextGrid,6,21,the,34.830,34.920,DT,7.9335,7.73,2
audio08.TextGrid,6,22,current,34.920,35.290,JJ,13.2492,5.27,6
audio08.TextGrid,6,23,made,35.290,35.540,VBN,13.2920,5.92,3
audio08.TextGrid,6,24,against,35.540,35.840,IN,11.8529,5.68,6
audio08.TextGrid,6,25,the,35.840,35.940,DT,1.5151,7.73,2
audio08.TextGrid,6,26,steep,35.940,36.230,JJ,14.4777,3.99,4
audio08.TextGrid,6,27,walls,36.230,36.560,NNS,13.8289,4.62,4
audio08.TextGrid,6,28,of,36.560,36.630,IN,2.1061,7.4,2
audio08.TextGrid,6,29,the,36.630,36.740,DT,1.9936,7.73,2
audio08.TextGrid,6,30,floor,36.740,37.010,NN,9.6630,4.94,4
audio08.TextGrid,6,31,of,37.010,37.070,IN,4.0354,7.4,2
audio08.TextGrid,6,32,the,37.070,37.240,DT,1.2098,7.73,2
audio08.TextGrid,6,33,ocean,37.240,37.650,NN,9.4543,4.7,4
audio08.TextGrid,7,1,here,38.650,38.890,RB,14.8086,5.97,3
audio08.TextGrid,7,2,there,38.890,39.010,EX,10.3231,6.31,3
audio08.TextGrid,7,3,were,39.010,39.140,VBD,6.7578,6.34,2
audio08.TextGrid,7,4,concentrations,39.140,40.050,NNS,16.2906,3.76,13
audio08.TextGrid,7,5,of,40.050,40.170,IN,2.0860,7.4,2
audio08.TextGrid,7,6,shrimp,40.170,40.640,NN,23.3387,3.79,5
audio08.TextGrid,7,7,and,40.640,40.790,CC,4.0054,7.41,3
audio08.TextGrid,7,8,bait,40.790,41.080,NN,15.2843,3.85,3
audio08.TextGrid,7,9,fish,41.080,41.490,NN,14.0390,4.9,3
audio08.TextGrid,7,10,and,41.490,41.610,CC,4.5570,7.41,3
audio08.TextGrid,7,11,sometimes,41.610,42.100,RB,13.4400,5.28,7
audio08.TextGrid,7,12,schools,42.100,42.560,NNS,15.5525,5.05,5
audio08.TextGrid,7,13,of,42.560,42.660,IN,3.7860,7.4,2
audio08.TextGrid,7,14,squid,42.660,43.190,NN,17.8294,3.44,5
audio08.TextGrid,7,15,in,43.190,43.290,IN,6.5487,7.27,2
audio08.TextGrid,7,16,the,43.290,43.370,DT,2.3654,7.73,2
audio08.TextGrid,7,17,deepest,43.370,43.810,NN,17.5224,3.77,6
audio08.TextGrid,7,18,holes,43.810,44.260,NNS,15.3414,4.35,4
audio08.TextGrid,7,19,and,44.440,44.570,CC,3.5458,7.41,2
audio08.TextGrid,7,20,these,44.570,44.890,DT,9.8806,6.04,3
audio08.TextGrid,7,21,rose,44.890,45.280,VBD,12.8301,4.82,3
audio08.TextGrid,7,22,close,45.280,45.580,RB,13.6785,5.36,4
audio08.TextGrid,7,23,to,45.580,45.680,TO,3.0659,7.43,2
audio08.TextGrid,7,24,the,45.680,45.800,DT,1.1138,7.73,2
audio08.TextGrid,7,25,surface,45.800,46.290,NN,10.3685,4.83,5
audio08.TextGrid,7,26,at,46.290,46.430,IN,8.7681,6.7,2
audio08.TextGrid,7,27,night,46.430,46.850,NN,4.1958,5.61,3
audio08.TextGrid,7,28,where,46.850,46.980,WRB,9.6029,6.0,3
audio08.TextGrid,7,29,all,46.980,47.110,PDT,6.6243,6.52,2
audio08.TextGrid,7,30,the,47.110,47.190,DT,1.3995,7.73,2
audio08.TextGrid,7,31,wandering,47.190,47.790,VBG,20.4419,3.8,7
audio08.TextGrid,7,32,fish,47.790,48.120,JJ,4.5587,4.9,3
audio08.TextGrid,7,33,fed,48.120,48.350,VBN,12.9874,4.51,3
audio08.TextGrid,7,34,on,48.350,48.520,IN,8.3646,6.91,2
audio08.TextGrid,7,35,them,48.520,48.730,PRP,6.1970,6.19,3
audio08.TextGrid,8,1,in,50.540,50.660,IN,10.8415,7.27,2
audio08.TextGrid,8,2,the,50.660,50.730,DT,3.0877,7.73,2
audio08.TextGrid,8,3,dark,50.730,51.160,NN,8.0370,5.04,4
audio08.TextGrid,8,4,the,51.160,51.280,DT,9.0404,7.73,2
audio08.TextGrid,8,5,old,51.280,51.480,JJ,8.5225,5.75,3
audio08.TextGrid,8,6,man,51.480,51.710,NN,3.3631,5.82,3
audio08.TextGrid,8,7,could,51.710,51.920,MD,9.2881,6.06,3
audio08.TextGrid,8,8,feel,51.920,52.170,VB,8.7131,5.67,3
audio08.TextGrid,8,9,the,52.170,52.270,DT,3.6582,7.73,2
audio08.TextGrid,8,10,morning,52.270,52.690,NN,8.2013,5.33,6
audio08.TextGrid,8,11,coming,52.690,53.160,VBG,9.1467,5.4,5
audio08.TextGrid,8,12,and,53.430,53.560,CC,5.6494,7.41,2
audio08.TextGrid,8,13,as,53.560,53.730,IN,8.2718,6.77,2
audio08.TextGrid,8,14,he,53.730,53.850,PRP,3.3707,6.69,2
audio08.TextGrid,8,15,rowed,53.850,54.320,VBD,17.8848,2.78,3
audio08.TextGrid,8,16,he,54.320,54.480,PRP,6.1027,6.69,2
audio08.TextGrid,8,17,heard,54.480,54.660,VBD,15.9460,5.27,3
audio08.TextGrid,8,18,the,54.660,54.770,DT,1.4685,7.73,2
audio08.TextGrid,8,19,trembling,54.770,55.320,VBG,25.1842,3.27,8
audio08.TextGrid,8,20,sound,55.320,55.820,NN,7.4263,5.15,4
audio08.TextGrid,8,21,as,55.820,56.020,IN,8.6543,6.77,2
audio08.TextGrid,8,22,flying,56.020,56.410,VBG,11.2527,4.71,5
audio08.TextGrid,8,23,fish,56.410,56.790,JJ,10.6914,4.9,3
audio08.TextGrid,8,24,left,56.790,56.970,VBD,12.6975,5.62,4
audio08.TextGrid,8,25,the,56.970,57.040,DT,4.2568,7.73,2
audio08.TextGrid,8,26,water,57.040,57.510,NN,9.0401,5.52,4
audio08.TextGrid,8,27,and,57.630,57.730,CC,3.9064,7.41,2
audio08.TextGrid,8,28,the,57.730,57.850,DT,3.9026,7.73,2
audio08.TextGrid,8,29,hissing,57.850,58.260,NN,15.3119,2.88,5
audio08.TextGrid,8,30,that,58.260,58.430,IN,8.6816,7.01,3
audio08.TextGrid,8,31,their,58.430,58.520,PRP$,12.3194,6.33,3
audio08.TextGrid,8,32,stiff,58.520,58.840,JJ,18.6318,3.9,4
audio08.TextGrid,8,33,set,58.840,59.180,VBN,11.0599,5.59,3
audio08.TextGrid,8,34,wings,59.180,59.530,NNS,19.4994,4.44,4
audio08.TextGrid,8,35,made,59.530,59.840,VBN,8.9827,5.92,3
audio08.TextGrid,8,36,as,59.840,59.950,IN,9.1797,6.77,2
audio08.TextGrid,8,37,they,59.950,60.100,PRP,2.2549,6.5,2
audio08.TextGrid,8,38,soared,60.100,60.470,VBD,14.8294,3.06,4
audio08.TextGrid,8,39,away,60.470,60.750,RB,8.2751,5.62,3
audio08.TextGrid,8,40,in,60.750,60.820,IN,4.9957,7.27,2
audio08.TextGrid,8,41,the,60.820,60.910,DT,0.6731,7.73,2
audio08.TextGrid,8,42,darkness,60.910,61.580,NN,9.5121,4.3,7
audio08.TextGrid,9,1,he,62.750,62.840,PRP,13.2074,6.69,2
audio08.TextGrid,9,2,was,62.840,62.980,VBD,4.9565,6.82,3
audio08.TextGrid,9,3,very,62.980,63.210,RB,9.3797,6.0,4
audio08.TextGrid,9,4,fond,63.210,63.540,JJ,14.0869,3.89,4
audio08.TextGrid,9,5,of,63.540,63.640,IN,2.7461,7.4,2
audio08.TextGrid,9,6,flying,63.640,64.010,VBG,14.5716,4.71,5
audio08.TextGrid,9,7,fish,64.010,64.420,JJ,11.1369,4.9,3
audio08.TextGrid,9,8,as,64.420,64.520,IN,8.5302,6.77,2
audio08.TextGrid,9,9,they,64.520,64.650,PRP,5.0843,6.5,2
audio08.TextGrid,9,10,were,64.650,64.800,VBD,3.2557,6.34,2
audio08.TextGrid,9,11,his,64.800,64.940,PRP$,11.0671,6.51,3
audio08.TextGrid,9,12,principal,64.940,65.400,JJ,13.3986,4.52,9
audio08.TextGrid,9,13,friends,65.400,65.810,NNS,8.3807,5.43,5
audio08.TextGrid,9,14,on,65.810,65.940,IN,7.5582,6.91,2
audio08.TextGrid,9,15,the,65.940,66.080,DT,1.5827,7.73,2
audio08.TextGrid,9,16,ocean,66.080,66.470,NN,9.4220,4.7,4
audio08.TextGrid,10,1,he,67.360,67.470,PRP,13.2074,6.69,2
audio08.TextGrid,10,2,was,67.470,67.600,VBD,4.9565,6.82,3
audio08.TextGrid,10,3,sorry,67.600,67.880,NN,10.4579,5.18,4
audio08.TextGrid,10,4,for,67.880,68.010,IN,3.8888,7.01,2
audio08.TextGrid,10,5,the,68.010,68.100,DT,3.4684,7.73,2
audio08.TextGrid,10,6,birds,68.100,68.800,NNS,14.4950,4.6,4
audio08.TextGrid,10,7,especially,68.920,69.460,RB,17.8617,5.21,7
audio08.TextGrid,10,8,the,69.460,69.560,DT,4.1275,7.73,2
audio08.TextGrid,10,9,small,69.560,69.910,JJ,10.9656,5.51,4
audio08.TextGrid,10,10,delicate,69.910,70.380,NN,22.6085,4.01,7
audio08.TextGrid,10,11,dark,70.380,70.630,NN,11.2664,5.04,4
audio08.TextGrid,10,12,terns,70.670,71.210,NNS,21.5228,2.51,4
audio08.TextGrid,10,13,that,71.210,71.360,WDT,3.5917,7.01,3
audio08.TextGrid,10,14,were,71.360,71.460,VBD,4.9900,6.34,2
audio08.TextGrid,10,15,always,71.460,71.830,RB,5.5166,5.76,5
audio08.TextGrid,10,16,flying,71.830,72.290,VBG,13.3337,4.71,5
audio08.TextGrid,10,17,and,72.290,72.430,CC,6.6432,7.41,3
audio08.TextGrid,10,18,looking,72.430,72.820,VBG,8.2540,5.57,5
audio08.TextGrid,10,19,and,72.820,72.960,CC,8.1925,7.41,3
audio08.TextGrid,10,20,almost,72.960,73.330,RB,10.3018,5.39,6
audio08.TextGrid,10,21,never,73.330,73.550,RB,6.8782,5.91,4
audio08.TextGrid,10,22,finding,73.550,74.100,VBG,12.7308,4.85,6
audio08.TextGrid,11,1,and,74.870,74.970,CC,13.4350,7.41,2
audio08.TextGrid,11,2,he,74.970,75.080,PRP,9.2683,6.69,2
audio08.TextGrid,11,3,thought,75.080,75.390,VBD,11.1083,5.59,3
audio08.TextGrid,11,4,the,75.430,75.540,DT,4.1763,7.73,2
audio08.TextGrid,11,5,birds,75.540,75.830,NNS,13.3675,4.6,4
audio08.TextGrid,11,6,have,75.830,75.980,VBP,8.8987,6.71,3
audio08.TextGrid,11,7,a,75.980,76.010,DT,3.6810,7.36,1
audio08.TextGrid,11,8,harder,76.010,76.310,JJR,15.3387,4.57,5
audio08.TextGrid,11,9,life,76.310,76.560,NN,5.0388,5.89,3
audio08.TextGrid,11,10,than,76.560,76.680,IN,3.3525,6.13,3
audio08.TextGrid,11,11,we,76.680,76.880,PRP,5.3156,6.54,2
audio08.TextGrid,11,12,do,76.880,77.190,VBP,3.3838,6.35,2
audio08.TextGrid,11,13,except,77.190,77.510,IN,16.0635,5.02,6
audio08.TextGrid,11,14,for,77.510,77.580,IN,2.3802,7.01,2
audio08.TextGrid,11,15,the,77.580,77.710,DT,2.4611,7.73,2
audio08.TextGrid,11,16,robber,77.710,78.030,NN,16.9975,3.39,4
audio08.TextGrid,11,17,birds,78.030,78.540,NNS,8.8041,4.6,4
audio08.TextGrid,11,18,and,78.540,78.640,CC,3.3905,7.41,2
audio08.TextGrid,11,19,the,78.640,78.730,DT,2.3541,7.73,2
audio08.TextGrid,11,20,heavy,78.730,78.990,JJ,10.9770,4.96,4
audio08.TextGrid,11,21,strong,78.990,79.430,JJ,12.5097,5.22,5
audio08.TextGrid,11,22,ones,79.430,79.790,NNS,10.5810,5.07,4
audio08.TextGrid,12,1,why,80.750,80.920,WRB,14.8943,5.93,2
audio08.TextGrid,12,2,did,80.920,81.040,VBD,4.5732,5.96,3
audio08.TextGrid,12,3,they,81.040,81.140,PRP,4.3563,6.5,2
audio08.TextGrid,12,4,make,81.140,81.350,VBP,4.6757,6.08,3
audio08.TextGrid,12,5,birds,81.350,81.650,NNS,16.6629,4.6,4
audio08.TextGrid,12,6,so,81.650,81.790,RB,8.2198,6.52,2
audio08.TextGrid,12,7,delicate,81.790,82.350,JJ,14.9995,4.01,7
audio08.TextGrid,12,8,and,82.350,82.500,CC,3.0520,7.41,3
audio08.TextGrid,12,9,fine,82.550,82.920,JJ,10.7993,5.23,3
audio08.TextGrid,12,10,as,82.920,83.090,IN,7.8831,6.77,2
audio08.TextGrid,12,11,those,83.090,83.300,DT,9.2557,5.9,3
audio08.TextGrid,12,12,sea,83.300,83.580,NN,14.7393,5.06,2
audio08.TextGrid,12,13,swallows,83.580,84.180,VBZ,16.2136,3.21,6
audio08.TextGrid,12,14,when,84.180,84.310,WRB,8.9229,6.37,3
audio08.TextGrid,12,15,the,84.310,84.460,DT,3.7882,7.73,2
audio08.TextGrid,12,16,ocean,84.460,84.760,NN,12.8190,4.7,4
audio08.TextGrid,12,17,can,84.760,84.950,MD,6.9028,6.46,3
audio08.TextGrid,12,18,be,84.950,85.140,VB,4.7678,6.79,2
audio08.TextGrid,12,19,so,85.140,85.330,RB,5.4757,6.52,2
audio08.TextGrid,12,20,cruel,85.330,85.820,JJ,11.8174,4.12,4
audio08.TextGrid,13,1,she,86.740,86.880,PRP,17.0866,6.26,2
audio08.TextGrid,13,2,is,86.880,87.000,VBZ,4.2275,7.07,2
audio08.TextGrid,13,3,kind,87.000,87.510,NN,13.1307,5.45,4
audio08.TextGrid,13,4,and,87.510,87.700,CC,7.6854,7.41,3
audio08.TextGrid,13,5,very,87.700,87.900,RB,7.4077,6.0,4
audio08.TextGrid,13,6,beautiful,87.900,88.500,JJ,8.2246,5.22,8
audio08.TextGrid,13,7,but,88.890,89.030,CC,7.1009,6.63,3
audio08.TextGrid,13,8,she,89.030,89.130,PRP,5.1114,6.26,2
audio08.TextGrid,13,9,can,89.130,89.280,MD,4.0589,6.46,3
audio08.TextGrid,13,10,be,89.280,89.430,VB,3.2002,6.79,2
audio08.TextGrid,13,11,so,89.430,89.650,RB,4.5417,6.52,2
audio08.TextGrid,13,12,cruel,89.650,90.170,JJ,12.4901,4.12,4
audio08.TextGrid,13,13,and,90.390,90.510,CC,3.0007,7.41,3
audio08.TextGrid,13,14,it,90.510,90.620,PRP,7.5331,6.95,2
audio08.TextGrid,13,15,comes,90.620,90.930,VBZ,8.1787,5.36,4
audio08.TextGrid,13,16,so,90.930,91.120,RB,2.7383,6.52,2
audio08.TextGrid,13,17,suddenly,91.120,91.800,RB,12.8367,4.69,7
audio08.TextGrid,13,18,and,91.930,92.080,CC,9.1133,7.41,3
audio08.TextGrid,13,19,such,92.080,92.300,JJ,10.8354,5.84,3
audio08.TextGrid,13,20,birds,92.300,92.680,NNS,21.6988,4.6,4
audio08.TextGrid,13,21,that,92.680,92.900,WDT,4.3064,7.01,3
audio08.TextGrid,13,22,fly,92.900,93.320,VBP,15.3691,4.75,3
audio08.TextGrid,13,23,dipping,93.320,93.760,VBG,18.9566,3.48,5
audio08.TextGrid,13,24,and,93.760,93.910,CC,4.5457,7.41,3
audio08.TextGrid,13,25,hunting,93.910,94.300,VBG,14.0470,4.42,6
audio08.TextGrid,13,26,with,94.590,94.720,IN,5.7116,6.85,3
audio08.TextGrid,13,27,their,94.720,94.810,PRP$,7.7370,6.33,3
audio08.TextGrid,13,28,small,94.810,95.190,JJ,10.6612,5.51,4
audio08.TextGrid,13,29,sad,95.190,95.550,JJ,12.7512,4.84,3
audio08.TextGrid,13,30,voices,95.550,96.050,NNS,11.2727,4.35,5
audio08.TextGrid,13,31,are,96.410,96.490,VBP,5.7641,6.74,2
audio08.TextGrid,13,32,made,96.490,96.740,VBN,7.4624,5.92,3
audio08.TextGrid,13,33,too,96.740,96.840,RB,9.7115,5.95,2
audio08.TextGrid,13,34,delicately,96.840,97.530,RB,19.5122,3.05,9
audio08.TextGrid,13,35,for,97.530,97.690,IN,5.8279,7.01,2
audio08.TextGrid,13,36,the,97.690,97.810,DT,3.2728,7.73,2
audio08.TextGrid,13,37,sea,97.810,98.220,NN,12.4539,5.06,2
audio08.TextGrid,14,1,he,99.890,100.010,PRP,13.2074,6.69,2
audio08.TextGrid,14,2,always,100.010,100.300,RB,13.5560,5.76,5
audio08.TextGrid,14,3,thought,100.300,100.480,VBD,9.5274,5.59,3
audio08.TextGrid,14,4,of,100.480,100.550,IN,4.7469,7.4,2
audio08.TextGrid,14,5,the,100.550,100.640,DT,2.8884,7.73,2
audio08.TextGrid,14,6,sea,100.640,100.890,NN,8.8603,5.06,2
audio08.TextGrid,14,7,as,100.890,101.090,IN,9.2813,6.77,2
audio08.TextGrid,14,8,la,101.090,101.270,NN,10.2306,5.05,2
audio08.TextGrid,14,9,mar,101.270,101.740,NN,11.2370,4.19,3
audio08.TextGrid,15,1,which,102.210,102.370,WDT,19.7898,6.3,3
audio08.TextGrid,15,2,is,102.370,102.470,VBZ,3.5168,7.07,2
audio08.TextGrid,15,3,what,102.470,102.630,WP,6.8831,6.38,3
audio08.TextGrid,15,4,people,102.630,102.920,NNS,7.2286,6.25,5
audio08.TextGrid,15,5,call,102.920,103.250,VBP,4.0967,5.51,3
audio08.TextGrid,15,6,her,103.250,103.360,PRP$,7.6034,6.3,2
audio08.TextGrid,15,7,in,103.360,103.480,IN,6.7079,7.27,2
audio08.TextGrid,15,8,spanish,103.480,103.920,JJ,14.1101,4.73,6
audio08.TextGrid,15,9,when,103.920,104.070,WRB,11.2412,6.37,4
audio08.TextGrid,15,10,they,104.070,104.220,PRP,4.1229,6.5,2
audio08.TextGrid,15,11,love,104.220,104.450,VBP,9.3512,5.82,3
audio08.TextGrid,16,1,her,104.450,104.650,PRP$,14.4865,6.3,2
audio08.TextGrid,16,2,sometimes,105.390,105.920,NNS,21.1538,5.28,7
audio08.TextGrid,16,3,those,105.920,106.200,DT,13.5131,5.9,3
audio08.TextGrid,16,4,who,106.200,106.300,WP,3.0555,6.34,2
audio08.TextGrid,16,5,love,106.300,106.490,VBP,7.5037,5.82,3
audio08.TextGrid,16,6,her,106.490,106.610,PRP$,5.3954,6.3,2
audio08.TextGrid,16,7,say,106.610,106.790,JJ,8.1849,5.89,2
audio08.TextGrid,16,8,bad,106.790,107.100,JJ,9.2279,5.53,3
audio08.TextGrid,16,9,things,107.100,107.400,NNS,3.4151,5.74,4
audio08.TextGrid,16,10,of,107.400,107.530,IN,8.2130,7.4,2
audio08.TextGrid,16,11,her,107.530,107.710,PRP$,3.0075,6.3,2
audio08.TextGrid,16,12,but,108.070,108.240,CC,9.0034,6.63,3
audio08.TextGrid,16,13,they,108.240,108.320,PRP,4.0612,6.5,2
audio08.TextGrid,16,14,are,108.320,108.360,VBP,2.1908,6.74,1
audio08.TextGrid,16,15,always,108.360,108.820,RB,6.8871,5.76,5
audio08.TextGrid,16,16,said,108.820,109.140,VBD,10.5042,6.01,3
audio08.TextGrid,16,17,as,109.140,109.320,IN,6.3441,6.77,2
audio08.TextGrid,16,18,though,109.320,109.450,IN,13.2143,5.5,2
audio08.TextGrid,16,19,she,109.450,109.610,PRP,3.6534,6.26,2
audio08.TextGrid,16,20,were,109.610,109.790,VBD,8.5496,6.34,2
audio08.TextGrid,16,21,a,109.790,109.820,DT,2.7041,7.36,1
audio08.TextGrid,16,22,woman,109.820,110.210,NN,5.0957,5.35,5
audio08.TextGrid,17,1,some,111.350,111.540,DT,14.6912,6.2,3
audio08.TextGrid,17,2,of,111.540,111.610,IN,3.5813,7.4,2
audio08.TextGrid,17,3,the,111.610,111.720,DT,2.8400,7.73,2
audio08.TextGrid,17,4,younger,111.720,112.050,JJR,17.8181,4.69,5
audio08.TextGrid,17,5,fishermen,112.050,112.550,NNS,21.6240,3.65,7
audio08.TextGrid,17,6,those,112.720,113.000,DT,14.4117,5.9,3
audio08.TextGrid,17,7,who,113.000,113.060,WP,1.9414,6.34,2
audio08.TextGrid,17,8,used,113.060,113.410,VBD,11.9770,5.8,4
audio08.TextGrid,17,9,buoys,113.410,113.880,NNS,28.0620,2.77,4
audio08.TextGrid,17,10,as,113.880,114.050,IN,4.4059,6.77,2
audio08.TextGrid,17,11,floats,114.050,114.370,NNS,19.0191,3.46,5
audio08.TextGrid,17,12,for,114.370,114.470,IN,4.4306,7.01,2
audio08.TextGrid,17,13,their,114.470,114.630,PRP$,3.8823,6.33,3
audio08.TextGrid,17,14,lines,114.630,115.210,NNS,12.8262,4.95,4
audio08.TextGrid,17,15,and,115.210,115.360,CC,3.4782,7.41,3
audio08.TextGrid,17,16,had,115.360,115.560,VBD,12.9974,6.33,3
audio08.TextGrid,17,17,motorboats,115.560,116.260,NNS,29.9186,2.03,8
audio08.TextGrid,18,1,bought,116.670,116.960,VBD,20.7511,4.91,3
audio08.TextGrid,18,2,when,116.960,117.090,WRB,10.8685,6.37,3
audio08.TextGrid,18,3,the,117.090,117.150,DT,4.3318,7.73,2
audio08.TextGrid,18,4,shark,117.150,117.510,NN,12.8019,4.1,4
audio08.TextGrid,18,5,livers,117.510,117.900,NNS,21.0309,2.78,5
audio08.TextGrid,18,6,had,117.900,118.010,VBD,6.8290,6.33,3
audio08.TextGrid,18,7,brought,118.010,118.280,VBN,10.8035,5.16,4
audio08.TextGrid,18,8,much,118.280,118.510,JJ,12.7170,6.0,3
audio08.TextGrid,18,9,money,118.510,118.840,NN,7.6884,5.64,4
audio08.TextGrid,18,10,spoke,119.240,119.520,NN,19.8203,4.61,4
audio08.TextGrid,18,11,of,119.520,119.620,IN,7.4935,7.4,2
audio08.TextGrid,18,12,her,119.620,119.750,PRP,7.8746,6.3,2
audio08.TextGrid,18,13,as,119.750,119.940,IN,8.8880,6.77,2
audio08.TextGrid,18,14,el,120.030,120.230,NN,11.0474,4.56,2
audio08.TextGrid,18,15,mar,120.230,120.620,NN,13.6527,4.19,3
audio08.TextGrid,18,16,which,120.940,121.110,WDT,18.0996,6.3,3
audio08.TextGrid,18,17,is,121.110,121.210,VBZ,3.5182,7.07,2
audio08.TextGrid,18,18,masculine,121.210,121.860,NN,21.3061,3.71,9
audio08.TextGrid,19,1,they,122.460,122.600,PRP,20.3883,6.5,2
audio08.TextGrid,19,2,spoke,122.600,122.910,VBD,15.3406,4.61,4
audio08.TextGrid,19,3,of,122.910,123.010,IN,8.2880,7.4,2
audio08.TextGrid,19,4,her,123.010,123.190,PRP,8.8339,6.3,2
audio08.TextGrid,19,5,as,123.190,123.310,IN,8.4609,6.77,2
audio08.TextGrid,19,6,a,123.310,123.350,DT,5.2050,7.36,1
audio08.TextGrid,19,7,contestant,123.350,124.160,NN,20.5107,3.48,10
audio08.TextGrid,19,8,or,124.160,124.320,CC,8.4000,6.54,2
audio08.TextGrid,19,9,a,124.320,124.360,DT,3.5157,7.36,1
audio08.TextGrid,19,10,place,124.360,124.910,NN,8.5686,5.71,4
audio08.TextGrid,19,11,or,124.910,125.080,CC,11.5381,6.54,2
audio08.TextGrid,19,12,even,125.080,125.310,RB,5.5281,5.99,4
audio08.TextGrid,19,13,an,125.310,125.410,DT,4.9368,6.53,2
audio08.TextGrid,19,14,enemy,125.410,125.840,NN,8.8972,4.7,5
audio08.TextGrid,20,1,but,126.950,127.070,CC,16.1685,6.63,3
audio08.TextGrid,20,2,the,127.070,127.180,DT,5.7763,7.73,2
audio08.TextGrid,20,3,old,127.180,127.400,JJ,9.3434,5.75,3
audio08.TextGrid,20,4,man,127.400,127.630,NN,3.7488,5.82,3
audio08.TextGrid,20,5,always,127.630,128.000,RB,8.5595,5.76,5
audio08.TextGrid,20,6,thought,128.000,128.210,VBD,8.9254,5.59,3
audio08.TextGrid,20,7,of,128.210,128.310,IN,4.3472,7.4,2
audio08.TextGrid,20,8,her,128.310,128.480,PRP,5.7310,6.3,2
audio08.TextGrid,20,9,as,128.480,128.650,IN,6.6567,6.77,2
audio08.TextGrid,20,10,feminine,128.650,129.160,NN,17.9031,3.91,7
audio08.TextGrid,20,11,and,129.390,129.510,CC,3.3378,7.41,3
audio08.TextGrid,20,12,as,129.510,129.600,IN,6.6482,6.77,2
audio08.TextGrid,20,13,something,129.600,130.030,NN,10.8236,5.81,6
audio08.TextGrid,20,14,that,130.030,130.200,WDT,2.5459,7.01,3
audio08.TextGrid,20,15,gave,130.230,130.650,VBD,9.9856,5.25,3
audio08.TextGrid,20,16,or,130.650,130.800,CC,11.7698,6.54,2
audio08.TextGrid,20,17,withheld,130.800,131.430,JJ,18.9132,3.36,7
audio08.TextGrid,20,18,great,131.430,131.820,JJ,10.7499,5.88,4
audio08.TextGrid,20,19,favours,131.820,132.320,NNS,26.3197,3.32,5
audio08.TextGrid,21,1,and,133.090,133.200,CC,13.4350,7.41,3
audio08.TextGrid,21,2,if,133.200,133.300,IN,10.9356,6.47,2
audio08.TextGrid,21,3,she,133.300,133.470,PRP,8.2223,6.26,2
audio08.TextGrid,21,4,did,133.470,133.640,VBD,4.6822,5.96,3
audio08.TextGrid,21,5,wild,133.640,134.030,VB,14.5056,4.8,4
audio08.TextGrid,21,6,or,134.030,134.140,CC,7.9283,6.54,2
audio08.TextGrid,21,7,wicked,134.140,134.500,JJ,14.1092,3.99,5
audio08.TextGrid,21,8,things,134.500,134.920,NNS,9.2760,5.74,4
audio08.TextGrid,21,9,it,134.920,135.000,PRP,6.0931,6.95,2
audio08.TextGrid,21,10,was,135.000,135.140,VBD,2.0638,6.82,3
audio08.TextGrid,21,11,because,135.140,135.490,IN,8.4484,6.03,5
audio08.TextGrid,21,12,she,135.490,135.620,PRP,1.1159,6.26,2
audio08.TextGrid,21,13,could,135.620,135.800,MD,6.0444,6.06,3
audio08.TextGrid,21,14,not,135.800,136.020,RB,4.0320,6.69,3
audio08.TextGrid,21,15,help,136.020,136.220,VB,6.4466,5.75,4
audio08.TextGrid,21,16,them,136.270,136.570,PRP,3.6433,6.19,3
audio08.TextGrid,22,1,the,137.140,137.240,DT,11.8924,7.73,2
audio08.TextGrid,22,2,moon,137.240,137.640,NN,10.1206,4.7,3
audio08.TextGrid,22,3,affects,137.640,138.060,VBZ,20.7422,4.16,6
audio08.TextGrid,22,4,her,138.060,138.320,PRP,8.4128,6.3,2
audio08.TextGrid,22,5,as,138.320,138.460,IN,7.4941,6.77,2
audio08.TextGrid,22,6,it,138.460,138.520,PRP,7.2573,6.95,2
audio08.TextGrid,22,7,does,138.520,138.740,VBZ,6.2583,5.74,3
audio08.TextGrid,22,8,a,138.740,138.790,DT,5.1144,7.36,1
audio08.TextGrid,22,9,woman,138.790,139.260,NN,7.0626,5.35,5
audio08.TextGrid,22,10,he,139.440,139.560,PRP,9.9848,6.69,2
audio08.TextGrid,22,11,thought,139.560,139.980,VBD,13.1341,5.59,3
audio08.TextGrid,23,1,he,142.190,142.310,PRP,13.2074,6.69,2
audio08.TextGrid,23,2,was,142.310,142.470,VBD,4.9565,6.82,3
audio08.TextGrid,23,3,rowing,142.470,142.810,VBG,19.6132,3.39,4
audio08.TextGrid,23,4,steadily,142.810,143.410,RB,18.3339,3.84,7
audio08.TextGrid,23,5,and,143.410,143.500,CC,6.3246,7.41,2
audio08.TextGrid,23,6,it,143.500,143.640,PRP,5.8745,6.95,2
audio08.TextGrid,23,7,was,143.640,143.770,VBD,1.0095,6.82,3
audio08.TextGrid,23,8,no,143.770,143.990,DT,7.4587,6.35,2
audio08.TextGrid,23,9,effort,143.990,144.290,NN,11.5974,4.92,4
audio08.TextGrid,23,10,for,144.290,144.530,IN,5.1389,7.01,3
audio08.TextGrid,23,11,him,144.530,144.770,PRP,2.1026,6.11,3
audio08.TextGrid,23,12,since,144.770,145.030,IN,13.9478,5.75,4
audio08.TextGrid,23,13,he,145.030,145.140,PRP,2.8036,6.69,2
audio08.TextGrid,23,14,kept,145.140,145.430,VBD,12.3973,5.0,4
audio08.TextGrid,23,15,well,145.430,145.650,RB,11.7391,6.03,3
audio08.TextGrid,23,16,within,145.650,145.990,IN,13.8032,5.44,5
audio08.TextGrid,23,17,his,145.990,146.180,PRP$,2.3716,6.51,3
audio08.TextGrid,23,18,speed,146.180,146.730,NN,11.6065,5.0,4
audio08.TextGrid,23,19,and,146.880,146.980,CC,4.0291,7.41,2
audio08.TextGrid,23,20,the,146.980,147.080,DT,4.9861,7.73,2
audio08.TextGrid,23,21,surface,147.080,147.460,NN,12.4130,4.83,5
audio08.TextGrid,23,22,of,147.460,147.530,IN,1.6193,7.4,2
audio08.TextGrid,23,23,the,147.530,147.690,DT,0.7679,7.73,2
audio08.TextGrid,23,24,ocean,147.690,147.980,NN,11.0451,4.7,4
audio08.TextGrid,23,25,was,147.980,148.140,VBD,5.3502,6.82,3
audio08.TextGrid,23,26,flat,148.140,148.560,JJ,11.4383,4.72,4
audio08.TextGrid,23,27,except,148.560,148.880,IN,15.7573,5.02,6
audio08.TextGrid,23,28,for,148.880,148.950,IN,1.0533,7.01,2
audio08.TextGrid,23,29,the,148.950,149.140,DT,1.5721,7.73,2
audio08.TextGrid,23,30,occasional,149.140,149.640,JJ,21.5739,4.12,8
audio08.TextGrid,23,31,swirls,149.640,150.100,NN,20.7751,2.71,5
audio08.TextGrid,23,32,of,150.100,150.170,IN,2.0006,7.4,2
audio08.TextGrid,23,33,the,150.170,150.270,DT,2.7503,7.73,2
audio08.TextGrid,23,34,current,150.270,150.760,JJ,12.6809,5.27,4
audio08.TextGrid,24,1,he,151.750,151.850,PRP,13.2074,6.69,2
audio08.TextGrid,24,2,was,151.850,152.020,VBD,4.9565,6.82,3
audio08.TextGrid,24,3,letting,152.020,152.260,VBG,16.7125,4.53,5
audio08.TextGrid,24,4,the,152.260,152.350,DT,3.8154,7.73,2
audio08.TextGrid,24,5,current,152.350,152.770,JJ,13.2362,5.27,6
audio08.TextGrid,24,6,do,152.770,152.860,VBP,9.1538,6.35,2
audio08.TextGrid,24,7,a,152.860,152.900,DT,13.0353,7.36,1
audio08.TextGrid,24,8,third,152.900,153.170,NN,12.1419,5.32,3
audio08.TextGrid,24,9,of,153.170,153.250,IN,3.7350,7.4,2
audio08.TextGrid,24,10,the,153.250,153.320,DT,1.3367,7.73,2
audio08.TextGrid,24,11,work,153.320,153.630,NN,4.6232,5.96,3
audio08.TextGrid,25,1,and,154.170,154.290,CC,13.4350,7.41,3
audio08.TextGrid,25,2,as,154.290,154.400,IN,9.9919,6.77,2
audio08.TextGrid,25,3,it,154.400,154.540,PRP,4.7094,6.95,2
audio08.TextGrid,25,4,started,154.540,154.890,VBD,10.2053,5.39,7
audio08.TextGrid,25,5,to,154.890,154.950,TO,3.0182,7.43,2
audio08.TextGrid,25,6,be,154.950,155.100,VB,4.2048,6.79,2
audio08.TextGrid,25,7,light,155.100,155.420,JJ,13.0569,5.33,3
audio08.TextGrid,25,8,he,155.420,155.520,PRP,9.9218,6.69,2
audio08.TextGrid,25,9,saw,155.520,155.770,VBD,8.2627,5.34,2
audio08.TextGrid,25,10,he,155.770,155.860,PRP,7.0098,6.69,2
audio08.TextGrid,25,11,was,155.860,156.010,VBD,2.7847,6.82,3
audio08.TextGrid,25,12,already,156.010,156.420,RB,8.5793,5.55,6
audio08.TextGrid,25,13,further,156.420,156.770,RB,13.1581,5.31,4
audio08.TextGrid,25,14,out,156.770,156.980,RB,7.7000,6.38,2
audio08.TextGrid,25,15,than,156.980,157.140,IN,9.6593,6.13,3
audio08.TextGrid,25,16,he,157.140,157.210,PRP,4.3631,6.69,2
audio08.TextGrid,25,17,had,157.210,157.340,VBD,3.6866,6.33,3
audio08.TextGrid,25,18,hoped,157.340,157.540,VBN,13.3453,4.28,4
audio08.TextGrid,25,19,to,157.540,157.620,TO,5.3835,7.43,2
audio08.TextGrid,25,20,be,157.620,157.830,VB,3.0254,6.79,2
audio08.TextGrid,25,21,at,157.830,157.890,IN,6.9364,6.7,2
audio08.TextGrid,25,22,this,157.890,158.160,DT,5.1124,6.82,3
audio08.TextGrid,25,23,hour,158.160,158.480,NN,7.9337,5.18,2
audio08.TextGrid,26,1,i,160.560,160.690,NN,5.7704,7.09,1
audio08.TextGrid,26,2,worked,160.690,160.970,VBD,21.2410,5.16,4
audio08.TextGrid,26,3,the,160.970,161.070,DT,7.2563,7.73,2
audio08.TextGrid,26,4,deep,161.070,161.400,JJ,11.5377,5.05,3
audio08.TextGrid,26,5,wells,161.400,161.770,NNS,16.1050,4.25,4
audio08.TextGrid,26,6,for,161.770,161.920,IN,5.5605,7.01,3
audio08.TextGrid,26,7,a,161.920,161.950,DT,3.6332,7.36,1
audio08.TextGrid,26,8,week,161.950,162.290,NN,6.1104,5.56,3
audio08.TextGrid,26,9,and,162.290,162.370,CC,3.5476,7.41,2
audio08.TextGrid,26,10,did,162.370,162.560,VBD,6.6197,5.96,3
audio08.TextGrid,26,11,nothing,162.560,162.970,NN,11.3088,5.55,5
audio08.TextGrid,26,12,he,163.210,163.330,PRP,10.8622,6.69,2
audio08.TextGrid,26,13,thought,163.330,163.690,VBD,10.4608,5.59,3
audio08.TextGrid,27,1,today,164.290,164.710,NN,14.3715,5.55,4
audio08.TextGrid,27,2,i,164.850,164.910,VB,6.3684,7.09,1
audio08.TextGrid,27,3,ll,164.910,164.940,JJ,16.0025,4.66,1
audio08.TextGrid,27,4,work,164.940,165.220,NN,15.5605,5.96,3
audio08.TextGrid,27,5,out,165.220,165.440,RB,6.2748,6.38,2
audio08.TextGrid,27,6,where,165.440,165.570,WRB,8.4601,6.0,3
audio08.TextGrid,27,7,the,165.570,165.670,DT,3.4701,7.73,2
audio08.TextGrid,27,8,schools,165.670,166.240,NNS,12.8640,5.05,5
audio08.TextGrid,27,9,of,166.240,166.320,IN,7.0531,7.4,2
audio08.TextGrid,27,10,bonito,166.320,166.780,NN,27.2781,2.5,6
audio08.TextGrid,27,11,and,166.780,166.870,CC,4.6418,7.41,2
audio08.TextGrid,27,12,albacore,166.870,167.500,NN,16.7355,2.23,7
audio08.TextGrid,27,13,are,167.500,167.800,VBP,0.9862,6.74,2
audio08.TextGrid,27,14,and,168.280,168.430,CC,5.9613,7.41,3
audio08.TextGrid,27,15,maybe,168.430,168.740,RB,11.4724,5.45,4
audio08.TextGrid,27,16,there,168.740,168.870,EX,4.7172,6.31,3
audio08.TextGrid,27,17,will,168.870,169.010,MD,2.3083,6.45,3
audio08.TextGrid,27,18,be,169.010,169.190,VB,0.1698,6.79,2
audio08.TextGrid,27,19,a,169.190,169.230,DT,1.9485,7.36,1
audio08.TextGrid,27,20,big,169.230,169.500,JJ,5.7728,5.67,3
audio08.TextGrid,27,21,one,169.500,169.740,NN,7.8554,6.47,3
audio08.TextGrid,27,22,with,169.740,169.950,IN,6.7247,6.85,3
audio08.TextGrid,27,23,them,170.010,170.150,PRP,7.8909,6.19,3
audio09.TextGrid,1,1,before,1.070,1.460,IN,18.2342,5.93,5
audio09.TextGrid,1,2,it,1.460,1.560,PRP,7.2400,6.95,2
audio09.TextGrid,1,3,was,1.560,1.720,VBD,2.6125,6.82,3
audio09.TextGrid,1,4,really,1.720,2.010,RB,9.9597,5.97,4
audio09.TextGrid,1,5,light,2.010,2.330,JJ,10.7313,5.33,3
audio09.TextGrid,1,6,he,2.330,2.440,PRP,9.0756,6.69,2
audio09.TextGrid,1,7,had,2.440,2.640,VBD,6.5692,6.33,3
audio09.TextGrid,1,8,his,2.640,2.780,PRP$,8.1775,6.51,3
audio09.TextGrid,1,9,baits,2.780,3.140,NNS,18.6873,2.65,4
audio09.TextGrid,1,10,out,3.140,3.480,RP,5.5198,6.38,2
audio09.TextGrid,1,11,and,3.480,3.610,CC,3.8809,7.41,3
audio09.TextGrid,1,12,was,3.610,3.800,VBD,6.1896,6.82,3
audio09.TextGrid,1,13,drifting,3.800,4.180,VBG,16.9466,3.55,7
audio09.TextGrid,1,14,with,4.180,4.300,IN,5.4809,6.85,3
audio09.TextGrid,1,15,the,4.300,4.380,DT,3.2348,7.73,2
audio09.TextGrid,1,16,current,4.380,4.890,JJ,11.7804,5.27,5
audio09.TextGrid,2,1,one,5.870,6.060,CD,14.3090,6.47,3
audio09.TextGrid,2,2,bait,6.060,6.340,NN,17.5479,3.85,3
audio09.TextGrid,2,3,was,6.340,6.510,VBD,7.9839,6.82,3
audio09.TextGrid,2,4,down,6.510,6.800,RB,9.3475,5.88,3
audio09.TextGrid,2,5,forty,6.800,7.140,RB,17.4961,4.2,5
audio09.TextGrid,2,6,fathoms,7.140,7.780,VBZ,29.8072,2.49,6
audio09.TextGrid,2,7,the,8.040,8.130,DT,8.1165,7.73,2
audio09.TextGrid,2,8,second,8.130,8.460,NN,6.6087,5.63,6
audio09.TextGrid,2,9,was,8.460,8.640,VBD,11.1812,6.82,3
audio09.TextGrid,2,10,at,8.640,8.750,IN,7.3243,6.7,2
audio09.TextGrid,2,11,seventy,8.750,9.110,JJ,20.6408,3.78,6
audio09.TextGrid,2,12,five,9.110,9.630,CD,3.8812,5.45,3
audio09.TextGrid,2,13,and,9.630,9.740,CC,5.5076,7.41,2
audio09.TextGrid,2,14,the,9.740,9.840,DT,1.9061,7.73,2
audio09.TextGrid,2,15,third,9.840,10.110,JJ,4.6166,5.32,3
audio09.TextGrid,2,16,and,10.110,10.250,CC,9.0766,7.41,3
audio09.TextGrid,2,17,fourth,10.250,10.620,JJ,8.8164,4.83,4
audio09.TextGrid,2,18,were,10.620,10.730,VBD,4.5273,6.34,2
audio09.TextGrid,2,19,down,10.730,11.140,RB,5.9295,5.88,3
audio09.TextGrid,2,20,in,11.140,11.220,IN,6.2485,7.27,2
audio09.TextGrid,2,21,the,11.220,11.290,DT,3.1941,7.73,2
audio09.TextGrid,2,22,blue,11.290,11.470,JJ,10.4713,5.13,3
audio09.TextGrid,2,23,water,11.470,11.940,NN,11.4550,5.52,4
audio09.TextGrid,2,24,at,11.940,12.080,IN,8.0875,6.7,2
audio09.TextGrid,2,25,one,12.080,12.300,CD,5.7445,6.47,3
audio09.TextGrid,2,26,hundred,12.300,12.680,CD,6.7093,4.71,6
audio09.TextGrid,2,27,and,12.680,12.920,CC,4.0877,7.41,3
audio09.TextGrid,2,28,one,12.920,13.100,CD,1.6315,6.47,3
audio09.TextGrid,2,29,hundred,13.100,13.390,CD,3.9687,4.71,7
audio09.TextGrid,2,30,and,13.390,13.530,CC,2.8657,7.41,3
audio09.TextGrid,2,31,twenty,13.530,13.770,VB,7.2156,4.65,5
audio09.TextGrid,2,32,five,13.770,14.070,CD,1.5901,5.45,3
audio09.TextGrid,2,33,fathoms,14.070,14.620,NNS,6.1725,2.49,6
audio09.TextGrid,3,1,each,15.750,15.970,DT,18.9023,5.69,2
audio09.TextGrid,3,2,bait,15.970,16.260,NN,17.2583,3.85,3
audio09.TextGrid,3,3,hung,16.260,16.490,NN,16.2274,4.21,3
audio09.TextGrid,3,4,head,16.490,16.730,VBP,14.7664,5.51,3
audio09.TextGrid,3,5,down,16.730,17.110,IN,9.9831,5.88,3
audio09.TextGrid,3,6,with,17.110,17.300,IN,4.9521,6.85,3
audio09.TextGrid,3,7,the,17.300,17.390,DT,3.1094,7.73,2
audio09.TextGrid,3,8,shank,17.390,17.730,NN,14.1412,3.07,4
audio09.TextGrid,3,9,of,17.730,17.820,IN,3.9754,7.4,2
audio09.TextGrid,3,10,the,17.820,17.940,DT,1.7615,7.73,2
audio09.TextGrid,3,11,hook,17.940,18.210,NN,12.1461,4.37,3
audio09.TextGrid,3,12,inside,18.210,18.650,IN,11.7343,5.19,5
audio09.TextGrid,3,13,the,18.650,18.720,DT,1.5760,7.73,2
audio09.TextGrid,3,14,bait,18.720,18.980,NN,10.0762,3.85,3
audio09.TextGrid,3,15,fish,18.980,19.290,NN,13.1630,4.9,3
audio09.TextGrid,4,1,tied,19.740,20.180,VBN,21.1604,4.47,3
audio09.TextGrid,4,2,and,20.180,20.360,CC,7.8834,7.41,3
audio09.TextGrid,4,3,sewed,20.360,20.680,VBN,14.8212,2.89,3
audio09.TextGrid,4,4,solid,20.680,21.210,JJ,16.0069,4.73,5
audio09.TextGrid,4,5,and,21.210,21.370,CC,7.3539,7.41,3
audio09.TextGrid,4,6,all,21.370,21.580,PDT,8.5452,6.52,2
audio09.TextGrid,4,7,the,21.580,21.660,DT,4.2141,7.73,2
audio09.TextGrid,4,8,projecting,21.660,22.240,VBG,16.7032,3.58,9
audio09.TextGrid,4,9,part,22.240,22.510,NN,7.9811,5.78,4
audio09.TextGrid,4,10,of,22.510,22.580,IN,6.8811,7.4,2
audio09.TextGrid,4,11,the,22.580,22.710,DT,2.0882,7.73,2
audio09.TextGrid,4,12,hook,22.710,22.950,NN,14.0126,4.37,3
audio09.TextGrid,4,13,the,23.190,23.300,DT,8.5699,7.73,2
audio09.TextGrid,4,14,curve,23.300,23.650,NN,15.0138,4.14,3
audio09.TextGrid,4,15,and,23.650,23.760,CC,5.9508,7.41,2
audio09.TextGrid,4,16,the,23.760,23.820,DT,2.3514,7.73,2
audio09.TextGrid,4,17,point,23.820,24.310,NN,8.8377,5.54,4
audio09.TextGrid,4,18,was,24.310,24.460,VBD,6.4924,6.82,3
audio09.TextGrid,4,19,covered,24.460,24.780,VBN,10.7083,4.83,5
audio09.TextGrid,4,20,with,24.780,24.920,IN,2.7689,6.85,3
audio09.TextGrid,4,21,fresh,24.950,25.180,JJ,11.7531,4.83,4
audio09.TextGrid,4,22,sardines,25.180,25.950,NNS,25.9276,2.93,7
audio09.TextGrid,5,1,each,26.670,26.870,DT,18.9023,5.69,2
audio09.TextGrid,5,2,sardine,26.870,27.420,NN,24.1824,2.66,6
audio09.TextGrid,5,3,was,27.420,27.610,VBD,8.6696,6.82,3
audio09.TextGrid,5,4,hooked,27.610,27.820,VBN,15.8898,3.92,4
audio09.TextGrid,5,5,through,27.820,28.000,IN,8.3790,5.87,3
audio09.TextGrid,5,6,both,28.000,28.310,DT,10.8083,5.79,3
audio09.TextGrid,5,7,eyes,28.310,28.740,NNS,9.9790,5.21,2
audio09.TextGrid,6,1,so,29.190,29.320,RB,13.7280,6.52,2
audio09.TextGrid,6,2,that,29.320,29.510,IN,9.0599,7.01,3
audio09.TextGrid,6,3,they,29.510,29.580,PRP,5.7246,6.5,2
audio09.TextGrid,6,4,made,29.580,29.790,VBD,11.3597,5.92,3
audio09.TextGrid,6,5,a,29.790,29.850,DT,2.6193,7.36,1
audio09.TextGrid,6,6,half,29.850,30.090,JJ,10.5384,5.41,3
audio09.TextGrid,6,7,garland,30.110,30.620,NN,19.7547,3.46,7
audio09.TextGrid,6,8,on,30.620,30.730,IN,6.7315,6.91,2
audio09.TextGrid,6,9,the,30.730,30.800,DT,2.2316,7.73,2
audio09.TextGrid,6,10,projecting,30.800,31.320,NN,17.3429,3.58,9
audio09.TextGrid,6,11,steel,31.320,31.790,NN,9.9605,4.71,4
audio09.TextGrid,7,1,there,32.340,32.470,EX,14.3662,6.31,3
audio09.TextGrid,7,2,was,32.470,32.610,VBD,4.4608,6.82,3
audio09.TextGrid,7,3,no,32.610,32.780,DT,4.4489,6.35,2
audio09.TextGrid,7,4,part,32.780,33.030,NN,8.7521,5.78,4
audio09.TextGrid,7,5,of,33.030,33.110,IN,3.6035,7.4,2
audio09.TextGrid,7,6,the,33.110,33.220,DT,2.5236,7.73,2
audio09.TextGrid,7,7,hook,33.220,33.480,NN,15.3348,4.37,3
audio09.TextGrid,7,8,that,33.480,33.600,IN,4.6303,7.01,3
audio09.TextGrid,7,9,a,33.600,33.650,DT,5.7686,7.36,1
audio09.TextGrid,7,10,great,33.650,34.010,JJ,8.1902,5.88,4
audio09.TextGrid,7,11,fish,34.010,34.250,NN,10.0241,4.9,3
audio09.TextGrid,7,12,could,34.250,34.470,MD,6.0881,6.06,3
audio09.TextGrid,7,13,feel,34.470,34.830,VB,7.9088,5.67,3
audio09.TextGrid,7,14,which,34.830,35.050,WDT,10.5003,6.3,3
audio09.TextGrid,7,15,was,35.050,35.180,VBD,3.2334,6.82,3
audio09.TextGrid,7,16,not,35.180,35.400,RB,4.3150,6.69,3
audio09.TextGrid,7,17,sweet,35.400,35.740,JJ,12.1633,4.91,4
audio09.TextGrid,7,18,smelling,35.740,36.190,NN,18.3374,3.58,6
audio09.TextGrid,7,19,and,36.190,36.310,CC,5.0990,7.41,3
audio09.TextGrid,7,20,good,36.310,36.570,JJ,8.7849,6.12,3
audio09.TextGrid,7,21,tasting,36.590,37.120,NN,13.4966,3.65,6
audio09.TextGrid,8,1,the,38.490,38.580,DT,11.8924,7.73,2
audio09.TextGrid,8,2,boy,38.580,38.840,NN,11.2449,5.17,2
audio09.TextGrid,8,3,had,38.840,39.000,VBD,9.6350,6.33,3
audio09.TextGrid,8,4,given,39.000,39.300,VBN,9.7520,5.41,5
audio09.TextGrid,8,5,him,39.300,39.390,PRP,5.9904,6.11,2
audio09.TextGrid,8,6,two,39.390,39.610,CD,5.7003,6.1,2
audio09.TextGrid,8,7,fresh,39.610,39.950,JJ,12.4793,4.83,4
audio09.TextGrid,8,8,small,39.950,40.240,JJ,11.7507,5.51,4
audio09.TextGrid,8,9,tunas,40.240,40.900,NNS,25.3793,2.06,5
audio09.TextGrid,8,10,or,40.900,41.060,CC,8.2484,6.54,2
audio09.TextGrid,8,11,albacores,41.060,41.870,NNS,34.4060,0.0,8
audio09.TextGrid,8,12,which,41.870,42.080,WDT,8.5962,6.3,3
audio09.TextGrid,8,13,hung,42.080,42.270,VBP,15.1278,4.21,3
audio09.TextGrid,8,14,on,42.270,42.390,IN,9.4187,6.91,2
audio09.TextGrid,8,15,the,42.390,42.460,DT,2.2248,7.73,2
audio09.TextGrid,8,16,two,42.460,42.640,CD,9.0485,6.1,2
audio09.TextGrid,8,17,deepest,42.640,43.150,JJS,20.2925,3.77,6
audio09.TextGrid,8,18,lines,43.150,43.530,NNS,8.4718,4.95,4
audio09.TextGrid,8,19,like,43.530,43.720,IN,8.4944,6.41,3
audio09.TextGrid,8,20,plummets,43.720,44.340,NNS,27.0193,2.42,7
audio09.TextGrid,8,21,and,44.660,44.920,CC,3.5837,7.41,3
audio09.TextGrid,8,22,on,44.920,45.050,IN,8.0426,6.91,2
audio09.TextGrid,8,23,the,45.050,45.200,DT,0.6633,7.73,2
audio09.TextGrid,8,24,others,45.200,45.540,NNS,11.6538,5.42,4
audio09.TextGrid,8,25,he,45.850,45.950,PRP,6.6388,6.69,2
audio09.TextGrid,8,26,had,45.950,46.070,VBD,4.2743,6.33,3
audio09.TextGrid,8,27,a,46.070,46.110,DT,3.1972,7.36,1
audio09.TextGrid,8,28,big,46.110,46.390,JJ,6.6170,5.67,3
audio09.TextGrid,8,29,blue,46.390,46.650,NN,8.4834,5.13,3
audio09.TextGrid,8,30,runner,46.650,47.010,NN,16.5826,4.18,4
audio09.TextGrid,8,31,and,47.010,47.150,CC,3.6080,7.41,3
audio09.TextGrid,8,32,a,47.150,47.180,DT,3.1816,7.36,1
audio09.TextGrid,8,33,yellow,47.180,47.550,JJ,8.5131,4.69,4
audio09.TextGrid,8,34,jack,47.550,47.890,NN,9.8883,4.82,3
audio09.TextGrid,8,35,that,47.890,48.030,WDT,10.6572,7.01,3
audio09.TextGrid,8,36,had,48.030,48.150,VBD,4.2228,6.33,3
audio09.TextGrid,8,37,been,48.150,48.280,VBN,5.5982,6.27,3
audio09.TextGrid,8,38,used,48.280,48.580,VBN,8.0009,5.8,4
audio09.TextGrid,8,39,before,48.580,49.150,IN,8.1546,5.93,5
audio09.TextGrid,8,40,but,49.530,49.650,CC,6.1440,6.63,3
audio09.TextGrid,8,41,they,49.650,49.780,PRP,7.7709,6.5,2
audio09.TextGrid,8,42,were,49.780,49.950,VBD,4.2262,6.34,2
audio09.TextGrid,8,43,in,49.950,50.060,IN,5.2007,7.27,2
audio09.TextGrid,8,44,good,50.060,50.270,JJ,7.1245,6.12,3
audio09.TextGrid,8,45,condition,50.270,50.810,NN,10.4350,4.86,8
audio09.TextGrid,8,46,still,50.810,51.240,RB,11.3651,5.92,4
audio09.TextGrid,8,47,and,51.630,51.750,CC,3.2535,7.41,2
audio09.TextGrid,8,48,had,51.750,51.900,VBD,5.8056,6.33,3
audio09.TextGrid,8,49,the,51.900,52.040,DT,5.1567,7.73,2
audio09.TextGrid,8,50,excellent,52.040,52.500,JJ,10.5473,4.73,8
audio09.TextGrid,8,51,sardines,52.500,53.340,NNS,23.2131,2.93,7
audio09.TextGrid,8,52,to,53.340,53.440,TO,3.7791,7.43,2
audio09.TextGrid,8,53,give,53.440,53.610,VB,6.7975,5.71,3
audio09.TextGrid,8,54,them,53.610,53.790,PRP,3.1837,6.19,3
audio09.TextGrid,8,55,scent,53.790,54.200,NN,19.7762,3.82,4
audio09.TextGrid,8,56,and,54.200,54.330,CC,4.1835,7.41,3
audio09.TextGrid,8,57,attractiveness,54.330,55.190,NN,32.0388,3.25,11
audio09.TextGrid,9,1,each,56.000,56.260,DT,18.9023,5.69,2
audio09.TextGrid,9,2,line,56.260,56.710,NN,9.5919,5.49,3
audio09.TextGrid,9,3,as,56.880,57.070,IN,9.5762,6.77,2
audio09.TextGrid,9,4,thick,57.070,57.240,NN,14.0656,4.46,3
audio09.TextGrid,9,5,around,57.240,57.610,IN,10.7512,5.77,4
audio09.TextGrid,9,6,as,57.610,57.720,IN,8.2758,6.77,2
audio09.TextGrid,9,7,a,57.720,57.780,DT,2.9969,7.36,1
audio09.TextGrid,9,8,big,57.780,58.000,JJ,10.7239,5.67,3
audio09.TextGrid,9,9,pencil,58.000,58.520,NN,16.2335,3.95,6
audio09.TextGrid,9,10,was,58.900,59.060,VBD,7.1129,6.82,3
audio09.TextGrid,9,11,looped,59.060,59.380,VBN,14.7184,2.95,4
audio09.TextGrid,9,12,onto,59.380,59.700,IN,12.3616,4.77,4
audio09.TextGrid,9,13,a,59.700,59.740,DT,2.9067,7.36,1
audio09.TextGrid,9,14,green,59.740,60.120,JJ,10.6642,5.13,4
audio09.TextGrid,9,15,sapped,60.120,60.500,VBN,23.2151,2.36,4
audio09.TextGrid,9,16,stick,60.500,60.900,NN,9.5691,4.76,4
audio09.TextGrid,9,17,so,61.050,61.210,RB,9.5207,6.52,2
audio09.TextGrid,9,18,that,61.210,61.370,IN,2.9330,7.01,3
audio09.TextGrid,9,19,any,61.370,61.550,DT,7.5573,6.07,3
audio09.TextGrid,9,20,pull,61.550,61.960,NN,16.7986,4.82,3
audio09.TextGrid,9,21,or,61.960,62.120,CC,6.6030,6.54,2
audio09.TextGrid,9,22,touch,62.120,62.480,NN,10.3371,4.91,3
audio09.TextGrid,9,23,on,62.480,62.600,IN,3.6146,6.91,2
audio09.TextGrid,9,24,the,62.600,62.690,DT,1.5471,7.73,2
audio09.TextGrid,9,25,bait,62.690,63.070,NN,21.7276,3.85,3
audio09.TextGrid,9,26,would,63.070,63.230,MD,7.3143,6.27,3
audio09.TextGrid,9,27,make,63.230,63.450,VB,6.0844,6.08,3
audio09.TextGrid,9,28,the,63.450,63.540,DT,3.1638,7.73,2
audio09.TextGrid,9,29,stick,63.540,63.860,NN,5.5268,4.76,4
audio09.TextGrid,9,30,dip,63.860,64.170,NN,14.7776,4.05,3
audio09.TextGrid,9,31,and,64.520,64.650,CC,6.7001,7.41,3
audio09.TextGrid,9,32,each,64.650,64.890,DT,11.6649,5.69,2
audio09.TextGrid,9,33,line,64.890,65.160,NN,5.0510,5.49,3
audio09.TextGrid,9,34,had,65.160,65.330,VBD,11.0357,6.33,3
audio09.TextGrid,9,35,two,65.330,65.390,CD,9.5774,6.1,2
audio09.TextGrid,9,36,forty,65.390,65.830,JJ,16.8998,4.2,5
audio09.TextGrid,9,37,fathom,65.830,66.190,NN,24.9201,3.25,5
audio09.TextGrid,9,38,coils,66.190,66.800,NNS,15.4366,3.36,4
audio09.TextGrid,9,39,which,66.800,66.950,WDT,7.7922,6.3,3
audio09.TextGrid,9,40,could,66.950,67.120,MD,6.6306,6.06,3
audio09.TextGrid,9,41,be,67.120,67.250,VB,2.2801,6.79,2
audio09.TextGrid,9,42,made,67.250,67.520,VBN,7.9020,5.92,3
audio09.TextGrid,9,43,fast,67.520,67.810,RB,8.6147,5.13,4
audio09.TextGrid,9,44,to,67.810,67.910,TO,2.4735,7.43,2
audio09.TextGrid,9,45,the,67.910,68.060,DT,4.6855,7.73,2
audio09.TextGrid,9,46,other,68.060,68.260,JJ,6.2371,6.16,3
audio09.TextGrid,9,47,spare,68.260,68.580,NN,17.8409,4.28,4
audio09.TextGrid,9,48,coils,68.580,69.150,NNS,7.3967,3.36,4
audio09.TextGrid,9,49,so,69.150,69.410,RB,6.2750,6.52,2
audio09.TextGrid,10,1,that,69.410,69.610,IN,16.1379,7.01,3
audio09.TextGrid,10,2,if,70.020,70.160,IN,11.1197,6.47,2
audio09.TextGrid,10,3,it,70.160,70.270,PRP,5.3132,6.95,2
audio09.TextGrid,10,4,were,70.270,70.390,VBD,8.0969,6.34,2
audio09.TextGrid,10,5,necessary,70.390,71.040,JJ,9.6556,4.91,8
audio09.TextGrid,10,6,a,71.340,71.430,DT,7.1872,7.36,1
audio09.TextGrid,10,7,fish,71.430,71.690,NN,11.8197,4.9,3
audio09.TextGrid,10,8,could,71.690,71.960,MD,7.1659,6.06,3
audio09.TextGrid,10,9,take,71.960,72.210,VB,6.6681,5.92,3
audio09.TextGrid,10,10,out,72.210,72.480,RP,6.9233,6.38,2
audio09.TextGrid,10,11,over,72.480,72.700,IN,11.0228,6.08,3
audio09.TextGrid,10,12,three,72.700,73.020,CD,6.7777,5.78,3
audio09.TextGrid,10,13,hundred,73.020,73.360,VBD,4.4280,4.71,7
audio09.TextGrid,10,14,fathoms,73.360,73.820,NNS,27.7099,2.49,6
audio09.TextGrid,10,15,of,73.820,73.940,IN,3.5531,7.4,2
audio09.TextGrid,10,16,line,73.940,74.380,NN,14.2474,5.49,3
audio09.TextGrid,11,1,now,75.920,76.290,RB,13.6820,6.18,2
audio09.TextGrid,11,2,the,76.290,76.490,DT,6.4555,7.73,2
audio09.TextGrid,11,3,man,76.490,76.740,NN,9.4870,5.82,3
audio09.TextGrid,11,4,watched,76.740,77.170,VBD,16.7717,4.72,4
audio09.TextGrid,11,5,the,77.170,77.250,DT,10.9865,7.73,2
audio09.TextGrid,11,6,dip,77.250,77.650,NN,14.8146,4.05,3
audio09.TextGrid,11,7,of,77.650,77.750,IN,8.5056,7.4,2
audio09.TextGrid,11,8,the,77.750,77.880,DT,1.6929,7.73,2
audio09.TextGrid,11,9,three,77.880,78.140,CD,10.3204,5.78,3
audio09.TextGrid,11,10,sticks,78.140,78.540,NNS,13.9216,4.14,5
audio09.TextGrid,11,11,over,78.540,78.700,IN,9.4940,6.08,3
audio09.TextGrid,11,12,the,78.700,78.810,DT,1.9595,7.73,2
audio09.TextGrid,11,13,side,78.810,79.130,NN,6.8868,5.5,3
audio09.TextGrid,11,14,of,79.130,79.210,IN,0.6428,7.4,2
audio09.TextGrid,11,15,the,79.210,79.300,DT,1.1008,7.73,2
audio09.TextGrid,11,16,skiff,79.300,79.810,NN,21.5461,2.63,4
audio09.TextGrid,11,17,and,79.810,79.920,CC,7.2362,7.41,2
audio09.TextGrid,11,18,rowed,79.920,80.200,VBD,19.7896,2.78,3
audio09.TextGrid,11,19,gently,80.200,80.610,RB,19.4024,4.08,6
audio09.TextGrid,11,20,to,80.610,80.700,TO,6.2686,7.43,2
audio09.TextGrid,11,21,keep,80.700,80.930,VB,8.0016,5.66,3
audio09.TextGrid,11,22,the,80.930,81.030,DT,1.8367,7.73,2
audio09.TextGrid,11,23,lines,81.030,81.400,NNS,10.7879,4.95,4
audio09.TextGrid,11,24,straight,81.400,81.730,VBD,10.8654,5.04,5
audio09.TextGrid,11,25,up,81.730,81.870,RB,6.4881,6.39,2
audio09.TextGrid,11,26,and,81.870,81.970,CC,3.9687,7.41,2
audio09.TextGrid,11,27,down,81.970,82.370,RB,4.8660,5.88,3
audio09.TextGrid,11,28,and,82.370,82.470,CC,5.9375,7.41,3
audio09.TextGrid,11,29,at,82.470,82.530,IN,9.2812,6.7,2
audio09.TextGrid,11,30,their,82.530,82.690,PRP$,4.6684,6.33,3
audio09.TextGrid,11,31,proper,82.690,83.040,JJ,12.8327,4.72,5
audio09.TextGrid,11,32,depths,83.040,83.600,NNS,12.8220,3.78,5
audio09.TextGrid,12,1,it,84.410,84.540,PRP,11.0007,6.95,2
audio09.TextGrid,12,2,was,84.540,84.730,VBD,3.5299,6.82,3
audio09.TextGrid,12,3,quite,84.730,85.020,RB,15.3314,5.29,4
audio09.TextGrid,12,4,light,85.020,85.470,JJ,12.5996,5.33,3
audio09.TextGrid,12,5,and,85.470,85.740,CC,4.3221,7.41,3
audio09.TextGrid,12,6,any,85.740,85.900,DT,11.6265,6.07,3
audio09.TextGrid,12,7,moment,85.900,86.280,NN,11.6373,5.24,6
audio09.TextGrid,12,8,now,86.280,86.520,RB,12.1194,6.18,2
audio09.TextGrid,12,9,the,86.520,86.630,DT,8.1214,7.73,2
audio09.TextGrid,12,10,sun,86.630,86.930,NN,8.7821,4.97,3
audio09.TextGrid,12,11,would,86.930,87.100,MD,7.0316,6.27,3
audio09.TextGrid,12,12,rise,87.100,87.570,VB,10.4366,4.81,3
audio09.TextGrid,13,1,the,88.850,88.940,DT,11.8924,7.73,2
audio09.TextGrid,13,2,sun,88.940,89.220,NN,8.7749,4.97,3
audio09.TextGrid,13,3,rose,89.220,89.670,VBD,16.2999,4.82,3
audio09.TextGrid,13,4,thinly,89.670,90.120,RB,20.9921,3.27,5
audio09.TextGrid,13,5,from,90.120,90.340,IN,8.7004,6.63,3
audio09.TextGrid,13,6,the,90.340,90.420,DT,1.6985,7.73,2
audio09.TextGrid,13,7,sea,90.420,90.830,NN,7.4108,5.06,2
audio09.TextGrid,13,8,and,91.010,91.120,CC,5.0891,7.41,2
audio09.TextGrid,13,9,the,91.120,91.240,DT,3.3576,7.73,2
audio09.TextGrid,13,10,old,91.240,91.460,JJ,10.7409,5.75,3
audio09.TextGrid,13,11,man,91.460,91.690,NN,5.8440,5.82,3
audio09.TextGrid,13,12,could,91.690,91.870,MD,9.8933,6.06,3
audio09.TextGrid,13,13,see,91.870,92.060,VB,5.9640,6.1,2
audio09.TextGrid,13,14,the,92.060,92.240,DT,1.9888,7.73,2
audio09.TextGrid,13,15,other,92.240,92.400,JJ,9.0424,6.16,3
audio09.TextGrid,13,16,boats,92.400,93.060,NNS,14.2523,4.25,4
audio09.TextGrid,13,17,low,93.060,93.320,JJ,13.5067,5.33,2
audio09.TextGrid,13,18,on,93.320,93.450,IN,3.7427,6.91,2
audio09.TextGrid,13,19,the,93.450,93.530,DT,1.8916,7.73,2
audio09.TextGrid,13,20,water,93.530,93.940,NN,8.1454,5.52,4
audio09.TextGrid,13,21,and,93.940,94.060,CC,4.0188,7.41,3
audio09.TextGrid,13,22,well,94.060,94.330,RB,9.2771,6.03,3
audio09.TextGrid,13,23,in,94.330,94.480,IN,4.8401,7.27,2
audio09.TextGrid,13,24,toward,94.480,94.750,IN,13.3084,4.72,6
audio09.TextGrid,13,25,the,94.750,94.830,DT,0.6208,7.73,2
audio09.TextGrid,13,26,shore,94.830,95.270,NN,10.7186,4.33,3
audio09.TextGrid,13,27,spread,95.640,95.910,NN,12.7328,4.81,5
audio09.TextGrid,13,28,out,95.910,96.120,IN,7.5206,6.38,2
audio09.TextGrid,13,29,across,96.120,96.450,IN,12.7768,5.25,5
audio09.TextGrid,13,30,the,96.450,96.550,DT,0.4222,7.73,2
audio09.TextGrid,13,31,current,96.550,97.040,JJ,14.0509,5.27,5
audio09.TextGrid,14,1,then,98.090,98.360,RB,17.9329,6.07,3
audio09.TextGrid,14,2,the,98.360,98.440,DT,6.3167,7.73,2
audio09.TextGrid,14,3,sun,98.440,98.670,NN,8.0635,4.97,3
audio09.TextGrid,14,4,was,98.670,98.830,VBD,7.4133,6.82,3
audio09.TextGrid,14,5,brighter,98.830,99.340,NN,15.8171,3.73,5
audio09.TextGrid,14,6,and,99.610,99.710,CC,4.9823,7.41,2
audio09.TextGrid,14,7,the,99.710,99.820,DT,2.3602,7.73,2
audio09.TextGrid,14,8,glare,99.820,100.170,NN,17.6907,3.36,4
audio09.TextGrid,14,9,came,100.170,100.460,VBD,10.5845,5.5,3
audio09.TextGrid,14,10,on,100.460,100.580,IN,4.0311,6.91,2
audio09.TextGrid,14,11,the,100.580,100.640,DT,2.0810,7.73,2
audio09.TextGrid,14,12,water,100.640,101.100,NN,8.5947,5.52,4
audio09.TextGrid,14,13,and,101.490,101.610,CC,4.5917,7.41,2
audio09.TextGrid,14,14,then,101.610,101.880,RB,6.3145,6.07,3
audio09.TextGrid,14,15,as,101.880,102.010,IN,8.6200,6.77,2
audio09.TextGrid,14,16,it,102.010,102.150,PRP,4.4907,6.95,2
audio09.TextGrid,14,17,rose,102.150,102.520,VBD,13.6630,4.82,3
audio09.TextGrid,14,18,clear,102.520,102.970,JJ,11.7988,5.25,4
audio09.TextGrid,14,19,the,103.300,103.400,DT,4.1954,7.73,2
audio09.TextGrid,14,20,flat,103.400,103.710,JJ,10.8872,4.72,4
audio09.TextGrid,14,21,sea,103.710,104.080,NN,8.6098,5.06,2
audio09.TextGrid,14,22,sent,104.080,104.350,VBD,13.8339,5.16,4
audio09.TextGrid,14,23,it,104.350,104.460,PRP,7.6366,6.95,2
audio09.TextGrid,14,24,back,104.500,104.780,RP,4.7968,6.04,3
audio09.TextGrid,14,25,at,104.780,104.860,IN,6.4527,6.7,2
audio09.TextGrid,14,26,his,104.860,105.010,PRP$,6.9743,6.51,3
audio09.TextGrid,14,27,eyes,105.010,105.580,NNS,6.0631,5.21,2
audio09.TextGrid,14,28,so,105.640,105.800,IN,7.9698,6.52,2
audio09.TextGrid,14,29,that,105.800,105.960,IN,3.2218,7.01,3
audio09.TextGrid,14,30,it,105.960,106.040,PRP,2.7919,6.95,2
audio09.TextGrid,14,31,hurt,106.040,106.310,VBD,9.8495,4.94,3
audio09.TextGrid,14,32,sharply,106.310,106.920,RB,26.0197,3.89,6
audio09.TextGrid,15,1,and,107.330,107.390,CC,13.4350,7.41,2
audio09.TextGrid,15,2,he,107.390,107.510,PRP,9.2683,6.69,2
audio09.TextGrid,15,3,rowed,107.510,107.820,VBD,19.5991,2.78,3
audio09.TextGrid,15,4,without,107.820,108.210,IN,10.0313,5.69,5
audio09.TextGrid,15,5,looking,108.210,108.490,VBG,10.5029,5.57,5
audio09.TextGrid,15,6,into,108.490,108.780,IN,5.8802,6.11,4
audio09.TextGrid,15,7,it,108.780,108.980,PRP,4.2589,6.95,2
audio09.TextGrid,16,1,he,110.180,110.290,PRP,13.2074,6.69,2
audio09.TextGrid,16,2,looked,110.290,110.490,VBD,14.4311,5.11,4
audio09.TextGrid,16,3,down,110.490,110.720,RB,7.0391,5.88,3
audio09.TextGrid,16,4,into,110.720,110.860,IN,7.7999,6.11,4
audio09.TextGrid,16,5,the,110.860,110.940,DT,1.0902,7.73,2
audio09.TextGrid,16,6,water,110.940,111.360,NN,9.3366,5.52,4
audio09.TextGrid,16,7,and,111.360,111.440,CC,4.0376,7.41,2
audio09.TextGrid,16,8,watched,111.440,111.840,VBD,11.1878,4.72,4
audio09.TextGrid,16,9,the,111.840,111.950,DT,3.0147,7.73,2
audio09.TextGrid,16,10,lines,111.950,112.440,NNS,12.2391,4.95,4
audio09.TextGrid,16,11,that,112.440,112.600,WDT,4.6136,7.01,3
audio09.TextGrid,16,12,went,112.600,112.790,VBD,8.4547,5.5,4
audio09.TextGrid,16,13,straight,112.790,113.160,RB,10.7293,5.04,5
audio09.TextGrid,16,14,down,113.160,113.440,RB,4.0567,5.88,3
audio09.TextGrid,16,15,into,113.440,113.590,IN,3.4053,6.11,4
audio09.TextGrid,16,16,the,113.590,113.710,DT,1.0754,7.73,2
audio09.TextGrid,16,17,dark,113.710,114.010,NN,6.8966,5.04,4
audio09.TextGrid,16,18,of,114.010,114.120,IN,6.8686,7.4,2
audio09.TextGrid,16,19,the,114.120,114.180,DT,0.4485,7.73,2
audio09.TextGrid,16,20,water,114.180,114.620,NN,4.9086,5.52,4
audio09.TextGrid,17,1,he,115.160,115.260,PRP,13.2074,6.69,2
audio09.TextGrid,17,2,kept,115.260,115.490,VBD,17.0720,5.0,4
audio09.TextGrid,17,3,them,115.490,115.640,PRP,10.7166,6.19,3
audio09.TextGrid,17,4,straighter,115.640,116.060,JJR,30.9557,2.68,6
audio09.TextGrid,17,5,than,116.060,116.200,IN,5.6598,6.13,3
audio09.TextGrid,17,6,anyone,116.200,116.570,NN,8.4341,5.38,6
audio09.TextGrid,17,7,did,116.570,116.820,VBD,9.0590,5.96,3
audio09.TextGrid,17,8,so,117.280,117.420,RB,9.5456,6.52,2
audio09.TextGrid,17,9,that,117.420,117.580,IN,5.5296,7.01,3
audio09.TextGrid,17,10,at,117.580,117.670,IN,10.0744,6.7,2
audio09.TextGrid,17,11,each,117.670,117.930,DT,9.6286,5.69,2
audio09.TextGrid,17,12,level,117.930,118.220,NN,6.8509,5.41,5
audio09.TextGrid,17,13,in,118.220,118.300,IN,6.2512,7.27,2
audio09.TextGrid,17,14,the,118.300,118.370,DT,1.4433,7.73,2
audio09.TextGrid,17,15,darkness,118.370,118.850,NN,12.2815,4.3,7
audio09.TextGrid,17,16,of,118.850,118.930,IN,2.6449,7.4,2
audio09.TextGrid,17,17,the,118.930,119.020,DT,1.1291,7.73,2
audio09.TextGrid,17,18,stream,119.020,119.490,NN,10.8150,4.62,5
audio09.TextGrid,17,19,there,119.710,119.860,EX,5.6821,6.31,3
audio09.TextGrid,17,20,would,119.860,119.970,MD,3.9997,6.27,3
audio09.TextGrid,17,21,be,119.970,120.120,VB,0.3417,6.79,2
audio09.TextGrid,17,22,a,120.120,120.160,DT,2.7225,7.36,1
audio09.TextGrid,17,23,bait,120.160,120.580,NN,14.4134,3.85,3
audio09.TextGrid,17,24,waiting,120.580,120.900,VBG,13.3155,5.06,5
audio09.TextGrid,17,25,exactly,120.900,121.500,RB,12.9240,5.15,8
audio09.TextGrid,17,26,where,121.500,121.740,WRB,7.5542,6.0,3
audio09.TextGrid,17,27,he,121.740,121.850,PRP,4.5479,6.69,2
audio09.TextGrid,17,28,wished,121.850,122.180,VBD,10.7377,4.0,4
audio09.TextGrid,17,29,it,122.180,122.280,PRP,2.6129,6.95,2
audio09.TextGrid,17,30,to,122.280,122.360,TO,1.9005,7.43,2
audio09.TextGrid,17,31,be,122.360,122.640,VB,1.9827,6.79,2
audio09.TextGrid,17,32,for,122.640,122.890,IN,8.4045,7.01,3
audio09.TextGrid,17,33,any,122.890,123.080,DT,5.8826,6.07,3
audio09.TextGrid,17,34,fish,123.080,123.400,NN,16.9560,4.9,3
audio09.TextGrid,17,35,that,123.400,123.590,IN,5.3521,7.01,3
audio09.TextGrid,17,36,swam,123.590,124.000,NN,12.7437,3.34,4
audio09.TextGrid,18,1,there,124.000,124.260,EX,14.3662,6.31,3
audio09.TextGrid,18,2,others,125.000,125.350,NNS,15.4591,5.42,4
audio09.TextGrid,18,3,let,125.350,125.470,VB,12.2639,5.6,3
audio09.TextGrid,18,4,them,125.470,125.610,PRP,5.5066,6.19,3
audio09.TextGrid,18,5,drift,125.610,125.930,VB,15.7190,3.82,5
audio09.TextGrid,18,6,with,125.930,126.020,IN,5.9928,6.85,3
audio09.TextGrid,18,7,the,126.020,126.110,DT,3.2619,7.73,2
audio09.TextGrid,18,8,current,126.110,126.560,JJ,12.3561,5.27,6
audio09.TextGrid,19,1,and,127.020,127.110,CC,13.4350,7.41,2
audio09.TextGrid,19,2,sometimes,127.110,127.600,RB,16.0534,5.28,7
audio09.TextGrid,19,3,they,127.600,127.740,PRP,5.8291,6.5,2
audio09.TextGrid,19,4,were,127.740,127.880,VBD,5.1908,6.34,2
audio09.TextGrid,19,5,at,127.880,127.980,IN,8.4025,6.7,2
audio09.TextGrid,19,6,sixty,127.980,128.370,NN,19.4574,3.93,6
audio09.TextGrid,19,7,fathoms,128.370,128.900,NNS,22.2322,2.49,6
audio09.TextGrid,19,8,when,128.900,129.020,WRB,7.4956,6.37,3
audio09.TextGrid,19,9,the,129.020,129.090,DT,2.6678,7.73,2
audio09.TextGrid,19,10,fishermen,129.090,129.530,NNS,24.9947,3.65,7
audio09.TextGrid,19,11,thought,129.530,129.710,VBD,8.5819,5.59,3
audio09.TextGrid,19,12,they,129.710,129.870,PRP,1.6095,6.5,2
audio09.TextGrid,19,13,were,129.870,130.050,VBD,1.5739,6.34,2
audio09.TextGrid,19,14,at,130.050,130.150,IN,5.0270,6.7,2
audio09.TextGrid,19,15,a,130.150,130.230,DT,4.9348,7.36,1
audio09.TextGrid,19,16,hundred,130.230,130.700,JJ,7.9212,4.71,7
audio09.TextGrid,20,1,but,131.760,132.150,CC,16.1685,6.63,3
audio09.TextGrid,20,2,he,132.260,132.380,PRP,7.1638,6.69,2
audio09.TextGrid,20,3,thought,132.380,132.740,VBD,10.2722,5.59,3
audio09.TextGrid,20,4,i,133.420,133.510,RB,6.7982,7.09,1
audio09.TextGrid,20,5,keep,133.510,133.780,VB,16.2098,5.66,3
audio09.TextGrid,20,6,them,133.780,133.980,PRP,7.3282,6.19,3
audio09.TextGrid,20,7,with,133.980,134.120,IN,7.2984,6.85,3
audio09.TextGrid,20,8,precision,134.120,134.710,NN,17.1460,4.01,8
audio09.TextGrid,21,1,only,135.600,135.910,RB,17.7843,6.12,4
audio09.TextGrid,21,2,i,135.910,136.050,NN,8.3441,7.09,1
audio09.TextGrid,21,3,have,136.050,136.250,VBP,4.8080,6.71,3
audio09.TextGrid,21,4,no,136.250,136.400,DT,6.3514,6.35,2
audio09.TextGrid,21,5,luck,136.400,136.610,NN,11.9155,4.91,3
audio09.TextGrid,21,6,any,136.610,136.780,DT,10.5359,6.07,3
audio09.TextGrid,21,7,more,136.780,137.090,JJR,1.9213,6.36,3
audio09.TextGrid,22,1,but,138.070,138.200,CC,16.1685,6.63,3
audio09.TextGrid,22,2,who,138.200,138.360,WP,10.2609,6.34,2
audio09.TextGrid,22,3,knows,138.360,139.020,VBZ,7.0898,5.07,3
audio09.TextGrid,22,4,maybe,139.100,139.350,RB,14.1424,5.45,4
audio09.TextGrid,22,5,today,139.350,139.610,NN,11.9697,5.55,4
audio09.TextGrid,23,1,every,139.610,139.910,DT,14.6783,5.79,4
audio09.TextGrid,23,2,day,140.640,141.200,NN,5.2782,5.95,2
audio09.TextGrid,23,3,is,141.200,141.330,VBZ,5.3291,7.07,2
audio09.TextGrid,23,4,a,141.330,141.390,DT,1.9776,7.36,1
audio09.TextGrid,23,5,new,141.390,141.560,JJ,6.1378,6.25,3
audio09.TextGrid,23,6,day,141.560,141.930,NN,1.8524,5.95,2
audio09.TextGrid,24,1,it,142.390,142.520,PRP,11.0007,6.95,2
audio09.TextGrid,24,2,is,142.520,142.650,VBZ,3.1661,7.07,2
audio09.TextGrid,24,3,better,142.650,142.900,RBR,11.2536,5.76,4
audio09.TextGrid,24,4,to,142.900,143.000,TO,1.3261,7.43,2
audio09.TextGrid,24,5,be,143.000,143.140,VB,2.5780,6.79,2
audio09.TextGrid,24,6,lucky,143.140,143.580,JJ,9.8873,4.77,4
audio09.TextGrid,25,1,but,144.020,144.140,CC,16.1685,6.63,3
audio09.TextGrid,25,2,i,144.140,144.260,NN,5.9299,7.09,1
audio09.TextGrid,25,3,would,144.260,144.460,MD,6.1296,6.27,3
audio09.TextGrid,25,4,rather,144.460,144.670,RB,11.3288,5.32,4
audio09.TextGrid,25,5,be,144.670,144.870,VB,3.6126,6.79,2
audio09.TextGrid,25,6,exact,144.870,145.470,JJ,15.3598,4.51,6
audio09.TextGrid,26,1,then,145.820,146.220,RB,17.9329,6.07,3
audio09.TextGrid,26,2,when,146.410,146.580,WRB,10.3771,6.37,3
audio09.TextGrid,26,3,luck,146.580,146.840,NN,15.4674,4.91,3
audio09.TextGrid,26,4,comes,146.840,147.410,VBZ,13.2536,5.36,4
audio09.TextGrid,26,5,you,147.410,147.560,PRP,6.7949,6.98,2
audio09.TextGrid,26,6,are,147.560,147.680,VBP,4.6025,6.74,2
audio09.TextGrid,26,7,ready,147.680,148.050,JJ,8.9025,5.28,4
audio09.TextGrid,27,1,the,150.270,150.360,DT,11.8924,7.73,2
audio09.TextGrid,27,2,sun,150.360,150.660,NN,8.7749,4.97,3
audio09.TextGrid,27,3,was,150.660,150.830,VBD,9.7753,6.82,3
audio09.TextGrid,27,4,two,150.830,151.040,CD,12.2493,6.1,2
audio09.TextGrid,27,5,hours,151.040,151.350,NNS,4.0964,5.4,3
audio09.TextGrid,27,6,higher,151.350,151.660,RBR,14.7119,5.18,3
audio09.TextGrid,27,7,now,151.660,152.010,RB,9.5507,6.18,2
audio09.TextGrid,27,8,and,152.010,152.150,CC,3.6867,7.41,3
audio09.TextGrid,27,9,it,152.150,152.210,PRP,4.2624,6.95,2
audio09.TextGrid,27,10,did,152.210,152.410,VBD,7.6001,5.96,3
audio09.TextGrid,27,11,not,152.410,152.610,RB,1.6305,6.69,3
audio09.TextGrid,27,12,hurt,152.610,152.760,VB,4.8856,4.94,3
audio09.TextGrid,27,13,his,152.760,152.910,PRP$,5.5321,6.51,3
audio09.TextGrid,27,14,eyes,152.910,153.200,NNS,6.3060,5.21,2
audio09.TextGrid,27,15,so,153.200,153.350,RB,7.4020,6.52,2
audio09.TextGrid,27,16,much,153.350,153.590,JJ,2.4202,6.0,3
audio09.TextGrid,27,17,to,153.590,153.700,TO,6.7839,7.43,2
audio09.TextGrid,27,18,look,153.700,153.890,VB,4.4229,5.81,3
audio09.TextGrid,27,19,into,153.890,154.060,IN,5.3180,6.11,4
audio09.TextGrid,27,20,the,154.060,154.220,DT,1.4543,7.73,2
audio09.TextGrid,27,21,east,154.220,154.640,NN,13.0763,5.16,3
audio09.TextGrid,28,1,there,155.700,155.820,EX,14.3662,6.31,3
audio09.TextGrid,28,2,were,155.820,155.940,VBD,8.8796,6.34,2
audio09.TextGrid,28,3,only,155.940,156.180,RB,10.4729,6.12,4
audio09.TextGrid,28,4,three,156.180,156.470,CD,3.7071,5.78,3
audio09.TextGrid,28,5,boats,156.470,156.810,NNS,14.7310,4.25,4
audio09.TextGrid,28,6,in,156.810,156.930,IN,4.3524,7.27,2
audio09.TextGrid,28,7,sight,156.930,157.280,NN,15.1426,4.54,3
audio09.TextGrid,28,8,now,157.280,157.600,RB,10.8380,6.18,2
audio09.TextGrid,28,9,and,157.810,157.920,CC,4.4934,7.41,2
audio09.TextGrid,28,10,they,157.920,158.070,PRP,4.2520,6.5,2
audio09.TextGrid,28,11,showed,158.070,158.420,VBD,11.3962,4.86,3
audio09.TextGrid,28,12,very,158.420,158.730,RB,9.7298,6.0,4
audio09.TextGrid,28,13,low,158.730,159.110,JJ,7.0993,5.33,2
audio09.TextGrid,28,14,and,159.110,159.240,CC,9.2390,7.41,3
audio09.TextGrid,28,15,far,159.240,159.570,RB,8.5496,5.5,3
audio09.TextGrid,28,16,inshore,159.570,160.150,NN,25.5195,2.7,5
audio09.TextGrid,29,1,all,161.830,162.020,DT,13.3183,6.52,2
audio09.TextGrid,29,2,my,162.020,162.230,PRP$,9.4228,6.57,2
audio09.TextGrid,29,3,life,162.230,162.540,NN,5.6210,5.89,3
audio09.TextGrid,29,4,the,162.610,162.760,DT,7.6310,7.73,2
audio09.TextGrid,29,5,early,162.760,163.010,JJ,12.5895,5.43,3
audio09.TextGrid,29,6,sun,163.010,163.250,NN,8.5266,4.97,3
audio09.TextGrid,29,7,has,163.250,163.440,VBZ,6.2252,6.37,3
audio09.TextGrid,29,8,hurt,163.440,163.660,VBN,11.7734,4.94,3
audio09.TextGrid,29,9,my,163.660,163.850,PRP$,3.4538,6.57,2
audio09.TextGrid,29,10,eyes,163.850,164.280,NNS,6.3648,5.21,2
audio09.TextGrid,29,11,he,164.490,164.610,PRP,8.6665,6.69,2
audio09.TextGrid,29,12,thought,164.610,165.020,VBD,12.5308,5.59,3
audio09.TextGrid,30,1,yet,165.520,165.700,RB,18.7649,5.54,3
audio09.TextGrid,30,2,they,165.700,165.840,PRP,6.8914,6.5,2
audio09.TextGrid,30,3,are,165.840,165.950,VBP,2.9022,6.74,1
audio09.TextGrid,30,4,still,165.950,166.290,RB,6.7495,5.92,4
audio09.TextGrid,30,5,good,166.290,166.730,JJ,8.9716,6.12,3
audio09.TextGrid,31,1,in,167.280,167.380,IN,10.8415,7.27,2
audio09.TextGrid,31,2,the,167.380,167.470,DT,3.0877,7.73,2
audio09.TextGrid,31,3,evening,167.470,167.920,NN,10.7572,4.86,5
audio09.TextGrid,31,4,i,167.920,168.010,NN,6.4363,7.09,1
audio09.TextGrid,31,5,can,168.010,168.190,MD,12.2453,6.46,3
audio09.TextGrid,31,6,look,168.190,168.350,VB,7.7473,5.81,3
audio09.TextGrid,31,7,straight,168.350,168.700,RB,15.7130,5.04,5
audio09.TextGrid,31,8,into,168.700,168.960,IN,2.1491,6.11,4
audio09.TextGrid,31,9,it,168.960,169.080,PRP,7.7574,6.95,2
audio09.TextGrid,31,10,without,169.080,169.320,IN,8.6071,5.69,5
audio09.TextGrid,31,11,getting,169.320,169.640,VBG,9.4514,5.57,5
audio09.TextGrid,31,12,the,169.640,169.710,DT,5.4615,7.73,2
audio09.TextGrid,31,13,blackness,169.710,170.330,NN,16.6065,3.09,7
audio09.TextGrid,32,1,it,171.020,171.110,PRP,11.0007,6.95,2
audio09.TextGrid,32,2,has,171.110,171.290,VBZ,4.6064,6.37,3
audio09.TextGrid,32,3,more,171.290,171.510,JJR,13.0164,6.36,3
audio09.TextGrid,32,4,force,171.510,171.860,NN,13.9476,5.23,4
audio09.TextGrid,32,5,in,171.860,171.960,IN,4.5632,7.27,2
audio09.TextGrid,32,6,the,171.960,172.040,DT,1.5663,7.73,2
audio09.TextGrid,32,7,evening,172.040,172.410,NN,13.6776,4.86,5
audio09.TextGrid,32,8,too,172.410,172.790,RB,12.9497,5.95,2
audio09.TextGrid,32,9,but,173.530,173.660,CC,9.0578,6.63,3
audio09.TextGrid,32,10,in,173.660,173.750,IN,6.7660,7.27,2
audio09.TextGrid,32,11,the,173.750,173.820,DT,1.5665,7.73,2
audio09.TextGrid,32,12,morning,173.820,174.290,NN,5.1132,5.33,6
audio09.TextGrid,32,13,it,174.290,174.380,PRP,5.9833,6.95,2
audio09.TextGrid,32,14,is,174.380,174.490,VBZ,2.5588,7.07,2
audio09.TextGrid,32,15,painful,174.490,175.060,JJ,17.7128,4.32,6
audio10.TextGrid,1,1,just,1.130,1.380,RB,14.7002,6.43,3
audio10.TextGrid,1,2,then,1.380,1.650,RB,13.4896,6.07,3
audio10.TextGrid,1,3,he,1.650,1.770,PRP,7.8428,6.69,2
audio10.TextGrid,1,4,saw,1.770,2.020,VBD,7.3797,5.34,2
audio10.TextGrid,1,5,a,2.020,2.050,DT,2.6602,7.36,1
audio10.TextGrid,1,6,man,2.050,2.280,NN,4.4932,5.82,3
audio10.TextGrid,1,7,of,2.280,2.420,IN,7.2153,7.4,2
audio10.TextGrid,1,8,war,2.420,2.640,NN,8.0428,5.46,3
audio10.TextGrid,1,9,bird,2.640,3.040,NN,16.3617,4.63,3
audio10.TextGrid,1,10,with,3.040,3.200,IN,5.2008,6.85,3
audio10.TextGrid,1,11,his,3.200,3.360,PRP$,2.3530,6.51,3
audio10.TextGrid,1,12,long,3.360,3.660,JJ,10.2320,5.81,3
audio10.TextGrid,1,13,black,3.660,3.970,JJ,6.6309,5.46,4
audio10.TextGrid,1,14,wings,3.970,4.490,NNS,11.3186,4.44,4
audio10.TextGrid,1,15,circling,4.600,5.100,VBG,21.4024,3.33,6
audio10.TextGrid,1,16,in,5.100,5.190,IN,4.1860,7.27,2
audio10.TextGrid,1,17,the,5.190,5.270,DT,1.3560,7.73,2
audio10.TextGrid,1,18,sky,5.270,5.710,NN,6.6822,4.72,3
audio10.TextGrid,1,19,ahead,5.710,5.890,RB,11.2399,5.01,4
audio10.TextGrid,1,20,of,5.890,6.000,IN,2.4579,7.4,2
audio10.TextGrid,1,21,him,6.000,6.280,PRP,1.2787,6.11,3
audio10.TextGrid,2,1,he,7.030,7.130,PRP,13.2074,6.69,2
audio10.TextGrid,2,2,made,7.130,7.340,VBD,11.9056,5.92,3
audio10.TextGrid,2,3,a,7.340,7.380,DT,3.3325,7.36,1
audio10.TextGrid,2,4,quick,7.380,7.640,JJ,10.8893,4.98,4
audio10.TextGrid,2,5,drop,7.650,8.050,NN,12.6622,4.99,4
audio10.TextGrid,2,6,slanting,8.190,8.680,VBG,29.2480,2.25,7
audio10.TextGrid,2,7,down,8.680,9.030,RP,7.0668,5.88,3
audio10.TextGrid,2,8,on,9.030,9.160,IN,4.7631,6.91,2
audio10.TextGrid,2,9,his,9.160,9.390,PRP$,3.2174,6.51,3
audio10.TextGrid,2,10,back,9.390,9.660,NN,5.3700,6.04,3
audio10.TextGrid,2,11,swept,9.660,9.950,NN,20.5810,3.94,5
audio10.TextGrid,2,12,wings,9.950,10.360,NNS,12.0797,4.44,4
audio10.TextGrid,2,13,and,10.690,10.780,CC,3.3895,7.41,2
audio10.TextGrid,2,14,then,10.780,10.980,RB,4.8254,6.07,3
audio10.TextGrid,2,15,circled,10.980,11.370,VBD,22.8723,3.17,6
audio10.TextGrid,2,16,again,11.370,11.780,RB,9.1548,5.7,4
audio10.TextGrid,3,1,he,13.310,13.460,PRP,13.2074,6.69,2
audio10.TextGrid,3,2,s,13.460,13.520,VBZ,11.6978,5.86,1
audio10.TextGrid,3,3,got,13.520,13.780,VBD,16.6817,5.91,3
audio10.TextGrid,3,4,something,13.780,14.270,NN,8.8856,5.81,6
audio10.TextGrid,3,5,the,14.460,14.590,DT,9.6484,7.73,2
audio10.TextGrid,3,6,old,14.590,14.790,JJ,8.5517,5.75,3
audio10.TextGrid,3,7,man,14.790,15.010,NN,3.4184,5.82,3
audio10.TextGrid,3,8,said,15.010,15.210,VBD,6.5416,6.01,3
audio10.TextGrid,4,1,aloud,15.210,15.660,NN,23.2573,3.51,4
audio10.TextGrid,4,2,he,16.250,16.360,PRP,9.6248,6.69,2
audio10.TextGrid,4,3,s,16.360,16.430,VBZ,10.4613,5.86,1
audio10.TextGrid,4,4,not,16.430,16.640,RB,18.3815,6.69,3
audio10.TextGrid,4,5,just,16.640,16.870,RB,6.7832,6.43,4
audio10.TextGrid,4,6,looking,16.870,17.260,VBG,10.7052,5.57,5
audio10.TextGrid,5,1,he,18.790,18.890,PRP,13.2074,6.69,2
audio10.TextGrid,5,2,rowed,18.890,19.200,VBD,22.0282,2.78,3
audio10.TextGrid,5,3,slowly,19.200,19.680,RB,15.7551,4.63,5
audio10.TextGrid,5,4,and,19.680,19.800,CC,5.8682,7.41,3
audio10.TextGrid,5,5,steadily,19.800,20.310,RB,12.5418,3.84,7
audio10.TextGrid,5,6,toward,20.310,20.730,IN,12.8269,4.72,6
audio10.TextGrid,5,7,where,20.730,20.870,WRB,12.1715,6.0,3
audio10.TextGrid,5,8,the,20.870,20.960,DT,2.4412,7.73,2
audio10.TextGrid,5,9,bird,20.960,21.260,NN,12.0835,4.63,3
audio10.TextGrid,5,10,was,21.260,21.370,VBD,3.7424,6.82,3
audio10.TextGrid,5,11,circling,21.370,21.980,VBG,18.2312,3.33,6
audio10.TextGrid,6,1,he,22.460,22.570,PRP,13.2074,6.69,2
audio10.TextGrid,6,2,did,22.570,22.710,VBD,8.8372,5.96,3
audio10.TextGrid,6,3,not,22.710,22.930,RB,1.9436,6.69,3
audio10.TextGrid,6,4,hurry,22.930,23.300,VB,14.8800,4.14,3
audio10.TextGrid,6,5,and,23.300,23.410,CC,7.4156,7.41,3
audio10.TextGrid,6,6,he,23.410,23.500,PRP,4.0099,6.69,2
audio10.TextGrid,6,7,kept,23.500,23.790,VBD,13.8646,5.0,4
audio10.TextGrid,6,8,his,23.790,23.930,PRP$,4.8499,6.51,3
audio10.TextGrid,6,9,lines,23.930,24.350,NNS,12.0422,4.95,4
audio10.TextGrid,6,10,straight,24.350,24.730,VBD,12.5382,5.04,5
audio10.TextGrid,6,11,up,24.730,24.870,RB,6.6466,6.39,2
audio10.TextGrid,6,12,and,24.870,24.970,CC,3.1513,7.41,2
audio10.TextGrid,6,13,down,24.970,25.350,RB,5.2807,5.88,3
audio10.TextGrid,7,1,but,25.960,26.090,CC,16.1685,6.63,3
audio10.TextGrid,7,2,he,26.090,26.200,PRP,7.1638,6.69,2
audio10.TextGrid,7,3,crowded,26.200,26.620,VBD,18.2681,3.98,6
audio10.TextGrid,7,4,the,26.620,26.690,DT,4.7826,7.73,2
audio10.TextGrid,7,5,current,26.690,27.030,JJ,14.5030,5.27,5
audio10.TextGrid,7,6,a,27.030,27.080,DT,7.7256,7.36,1
audio10.TextGrid,7,7,little,27.080,27.380,JJ,10.9836,5.75,5
audio10.TextGrid,7,8,so,27.380,27.530,RB,9.8112,6.52,2
audio10.TextGrid,7,9,that,27.530,27.660,IN,3.9928,7.01,3
audio10.TextGrid,7,10,he,27.660,27.720,PRP,3.1988,6.69,2
audio10.TextGrid,7,11,was,27.720,27.850,VBD,3.1364,6.82,3
audio10.TextGrid,7,12,still,27.850,28.090,RB,6.4905,5.92,4
audio10.TextGrid,7,13,fishing,28.090,28.420,VBG,14.3696,4.47,5
audio10.TextGrid,7,14,correctly,28.420,28.970,RB,17.3551,4.21,7
audio10.TextGrid,7,15,though,29.150,29.350,IN,11.9650,5.5,2
audio10.TextGrid,7,16,faster,29.350,29.860,JJR,16.7996,4.64,5
audio10.TextGrid,7,17,than,29.860,29.990,IN,2.4895,6.13,3
audio10.TextGrid,7,18,he,29.990,30.050,PRP,3.5745,6.69,2
audio10.TextGrid,7,19,would,30.050,30.200,MD,3.6918,6.27,3
audio10.TextGrid,7,20,have,30.200,30.290,VB,1.3673,6.71,3
audio10.TextGrid,7,21,fished,30.290,30.620,VBN,9.7131,3.08,4
audio10.TextGrid,7,22,if,30.620,30.710,IN,6.4312,6.47,2
audio10.TextGrid,7,23,he,30.710,30.800,PRP,0.9344,6.69,2
audio10.TextGrid,7,24,was,30.800,30.960,VBD,3.3854,6.82,3
audio10.TextGrid,7,25,not,30.960,31.180,RB,5.7845,6.69,3
audio10.TextGrid,7,26,trying,31.180,31.410,VBG,7.5328,5.47,4
audio10.TextGrid,7,27,to,31.410,31.510,TO,0.1592,7.43,2
audio10.TextGrid,7,28,use,31.510,31.800,VB,7.1849,5.81,3
audio10.TextGrid,7,29,the,31.800,31.870,DT,2.7561,7.73,2
audio10.TextGrid,7,30,bird,31.870,32.320,NN,11.6041,4.63,3
audio10.TextGrid,8,1,the,33.610,33.690,DT,11.8924,7.73,2
audio10.TextGrid,8,2,bird,33.690,33.930,NN,13.1626,4.63,3
audio10.TextGrid,8,3,went,33.930,34.160,VBD,15.5824,5.5,4
audio10.TextGrid,8,4,higher,34.160,34.450,JJR,13.7474,5.18,3
audio10.TextGrid,8,5,in,34.450,34.550,IN,4.0149,7.27,2
audio10.TextGrid,8,6,the,34.550,34.790,DT,2.0514,7.73,2
audio10.TextGrid,8,7,air,34.790,34.980,NN,8.7763,5.37,2
audio10.TextGrid,8,8,and,34.980,35.110,CC,5.2761,7.41,3
audio10.TextGrid,8,9,circled,35.110,35.460,VBD,19.7260,3.17,6
audio10.TextGrid,8,10,again,35.460,35.880,RB,9.6441,5.7,4
audio10.TextGrid,8,11,his,35.990,36.160,PRP$,9.9173,6.51,3
audio10.TextGrid,8,12,wings,36.160,36.530,NNS,9.9785,4.44,4
audio10.TextGrid,8,13,motionless,36.530,37.240,NN,27.3937,2.97,8
audio10.TextGrid,9,1,then,38.090,38.260,RB,17.9329,6.07,3
audio10.TextGrid,9,2,he,38.260,38.410,PRP,9.1670,6.69,2
audio10.TextGrid,9,3,dove,38.410,38.740,VB,20.8400,3.67,3
audio10.TextGrid,9,4,suddenly,38.740,39.230,RB,13.5878,4.69,7
audio10.TextGrid,9,5,and,39.230,39.310,CC,8.2772,7.41,2
audio10.TextGrid,9,6,the,39.310,39.410,DT,5.4458,7.73,2
audio10.TextGrid,9,7,old,39.410,39.590,JJ,9.0669,5.75,3
audio10.TextGrid,9,8,man,39.590,39.830,NN,3.1091,5.82,3
audio10.TextGrid,9,9,saw,39.830,40.080,VBD,9.0334,5.34,2
audio10.TextGrid,9,10,flying,40.080,40.520,VBG,14.4418,4.71,5
audio10.TextGrid,9,11,fish,40.520,40.830,JJ,10.8391,4.9,3
audio10.TextGrid,9,12,spurt,40.830,41.190,VBN,24.5740,2.84,4
audio10.TextGrid,9,13,out,41.190,41.320,IN,5.4021,6.38,2
audio10.TextGrid,9,14,of,41.320,41.410,IN,1.9150,7.4,2
audio10.TextGrid,9,15,the,41.410,41.470,DT,2.3207,7.73,2
audio10.TextGrid,9,16,water,41.470,41.880,NN,7.9922,5.52,4
audio10.TextGrid,9,17,and,41.880,41.990,CC,3.8096,7.41,3
audio10.TextGrid,9,18,sail,41.990,42.250,NN,14.6056,4.01,3
audio10.TextGrid,9,19,desperately,42.250,42.890,RB,18.9200,3.98,9
audio10.TextGrid,9,20,over,42.890,43.080,IN,7.3852,6.08,3
audio10.TextGrid,9,21,the,43.080,43.180,DT,1.3321,7.73,2
audio10.TextGrid,9,22,surface,43.180,43.780,NN,8.0776,4.83,5
audio10.TextGrid,9,23,dolphin,44.700,45.330,VBZ,23.2799,3.67,6
audio10.TextGrid,9,24,the,45.700,45.810,DT,6.5156,7.73,2
audio10.TextGrid,9,25,old,45.810,46.030,JJ,5.1243,5.75,3
audio10.TextGrid,9,26,man,46.030,46.280,NN,0.1380,5.82,3
audio10.TextGrid,9,27,said,46.280,46.510,VBD,6.0938,6.01,3
audio10.TextGrid,9,28,aloud,46.510,46.960,JJ,21.5263,3.51,4
audio10.TextGrid,10,1,big,47.570,47.800,JJ,14.4302,5.67,3
audio10.TextGrid,10,2,dolphin,47.800,48.310,NN,17.4034,3.67,6
audio10.TextGrid,10,3,he,49.810,49.940,PRP,9.6127,6.69,2
audio10.TextGrid,10,4,shipped,49.940,50.200,VBD,24.8203,4.03,4
audio10.TextGrid,10,5,his,50.200,50.380,PRP$,5.1948,6.51,3
audio10.TextGrid,10,6,oars,50.380,50.830,NNS,19.5816,3.01,3
audio10.TextGrid,10,7,and,50.830,50.950,CC,5.0957,7.41,2
audio10.TextGrid,10,8,brought,50.950,51.170,VBD,12.1334,5.16,4
audio10.TextGrid,10,9,a,51.170,51.240,DT,4.7202,7.36,1
audio10.TextGrid,10,10,small,51.240,51.660,JJ,8.3275,5.51,4
audio10.TextGrid,10,11,line,51.660,51.930,NN,11.2483,5.49,3
audio10.TextGrid,10,12,from,51.930,52.100,IN,6.8085,6.63,3
audio10.TextGrid,10,13,under,52.100,52.270,IN,9.8670,5.73,4
audio10.TextGrid,10,14,the,52.270,52.360,DT,1.3580,7.73,2
audio10.TextGrid,10,15,bow,52.360,52.800,NN,10.2693,4.3,2
audio10.TextGrid,11,1,it,53.470,53.560,PRP,11.0007,6.95,2
audio10.TextGrid,11,2,had,53.560,53.690,VBD,11.1959,6.33,3
audio10.TextGrid,11,3,a,53.690,53.720,DT,4.6490,7.36,1
audio10.TextGrid,11,4,wire,53.720,54.150,NN,15.1531,4.43,3
audio10.TextGrid,11,5,leader,54.150,54.540,NN,13.6631,4.95,4
audio10.TextGrid,11,6,and,54.540,54.700,CC,6.1170,7.41,3
audio10.TextGrid,11,7,a,54.700,54.740,DT,3.2767,7.36,1
audio10.TextGrid,11,8,medium,54.740,55.150,NN,13.6527,4.61,6
audio10.TextGrid,11,9,sized,55.150,55.610,VBN,15.7368,4.27,4
audio10.TextGrid,11,10,hook,55.610,55.890,NN,12.9942,4.37,3
audio10.TextGrid,12,1,and,56.380,56.510,CC,13.4350,7.41,2
audio10.TextGrid,12,2,he,56.510,56.630,PRP,9.2683,6.69,2
audio10.TextGrid,12,3,baited,56.630,57.020,VBD,20.3809,2.78,5
audio10.TextGrid,12,4,it,57.020,57.170,PRP,5.3783,6.95,2
audio10.TextGrid,12,5,with,57.170,57.310,IN,5.6893,6.85,3
audio10.TextGrid,12,6,one,57.310,57.470,CD,7.2983,6.47,4
audio10.TextGrid,12,7,of,57.470,57.550,IN,3.3325,7.4,2
audio10.TextGrid,12,8,the,57.550,57.640,DT,1.6587,7.73,2
audio10.TextGrid,12,9,sardines,57.640,58.470,NNS,21.3667,2.93,7
audio10.TextGrid,13,1,he,59.290,59.400,PRP,13.2074,6.69,2
audio10.TextGrid,13,2,let,59.400,59.550,VB,13.4353,5.6,3
audio10.TextGrid,13,3,it,59.550,59.630,PRP,4.5269,6.95,2
audio10.TextGrid,13,4,go,59.630,59.810,VB,3.1773,6.03,2
audio10.TextGrid,13,5,over,59.810,60.060,IN,9.8456,6.08,3
audio10.TextGrid,13,6,the,60.060,60.170,DT,2.1869,7.73,2
audio10.TextGrid,13,7,side,60.170,60.640,NN,7.8674,5.5,3
audio10.TextGrid,13,8,and,60.640,60.780,CC,4.0098,7.41,2
audio10.TextGrid,13,9,then,60.780,60.960,RB,4.8483,6.07,3
audio10.TextGrid,13,10,made,60.960,61.120,VBD,8.7900,5.92,3
audio10.TextGrid,13,11,it,61.120,61.230,PRP,1.8267,6.95,2
audio10.TextGrid,13,12,fast,61.230,61.630,VBZ,9.4938,5.13,4
audio10.TextGrid,13,13,to,61.630,61.720,TO,4.1351,7.43,2
audio10.TextGrid,13,14,a,61.720,61.800,DT,6.2087,7.36,1
audio10.TextGrid,13,15,ring,61.800,62.030,NN,12.4550,4.81,3
audio10.TextGrid,13,16,bolt,62.030,62.340,NN,14.4939,4.04,4
audio10.TextGrid,13,17,in,62.340,62.430,IN,5.1004,7.27,2
audio10.TextGrid,13,18,the,62.430,62.530,DT,0.9162,7.73,2
audio10.TextGrid,13,19,stern,62.530,63.070,NN,14.8700,3.9,4
audio10.TextGrid,14,1,then,64.120,64.380,RB,17.9329,6.07,3
audio10.TextGrid,14,2,he,64.380,64.560,PRP,9.1670,6.69,2
audio10.TextGrid,14,3,baited,64.560,64.950,VBD,20.4098,2.78,5
audio10.TextGrid,14,4,another,64.950,65.270,DT,11.3443,5.74,5
audio10.TextGrid,14,5,line,65.270,65.650,NN,8.1177,5.49,3
audio10.TextGrid,14,6,and,65.650,65.890,CC,6.0867,7.41,3
audio10.TextGrid,14,7,left,65.890,66.190,VBD,7.6629,5.62,4
audio10.TextGrid,14,8,it,66.190,66.330,PRP,5.1547,6.95,2
audio10.TextGrid,14,9,coiled,66.330,66.790,VBD,25.3077,2.9,4
audio10.TextGrid,14,10,in,66.790,66.880,IN,3.5372,7.27,2
audio10.TextGrid,14,11,the,66.880,66.960,DT,1.6508,7.73,2
audio10.TextGrid,14,12,shade,66.960,67.250,NN,11.4164,4.16,3
audio10.TextGrid,14,13,of,67.250,67.340,IN,1.9098,7.4,2
audio10.TextGrid,14,14,the,67.340,67.410,DT,1.6240,7.73,2
audio10.TextGrid,14,15,bow,67.410,67.810,NN,11.5903,4.3,2
audio10.TextGrid,15,1,he,68.630,68.730,PRP,13.2074,6.69,2
audio10.TextGrid,15,2,went,68.730,68.920,VBD,11.7622,5.5,4
audio10.TextGrid,15,3,back,68.920,69.130,RB,5.1239,6.04,3
audio10.TextGrid,15,4,to,69.130,69.240,TO,1.1517,7.43,2
audio10.TextGrid,15,5,rowing,69.240,69.740,NN,20.4655,3.39,4
audio10.TextGrid,15,6,and,69.810,69.960,CC,5.2513,7.41,2
audio10.TextGrid,15,7,to,69.960,70.050,TO,5.8983,7.43,2
audio10.TextGrid,15,8,watching,70.050,70.500,VBG,18.6171,5.02,5
audio10.TextGrid,15,9,the,70.500,70.560,DT,2.6897,7.73,2
audio10.TextGrid,15,10,long,70.560,70.900,JJ,10.7199,5.81,3
audio10.TextGrid,15,11,winged,70.900,71.240,JJ,17.6701,3.44,4
audio10.TextGrid,15,12,black,71.240,71.580,JJ,11.4034,5.46,4
audio10.TextGrid,15,13,bird,71.580,72.040,NN,10.2427,4.63,3
audio10.TextGrid,15,14,who,72.040,72.100,WP,8.3450,6.34,2
audio10.TextGrid,15,15,was,72.100,72.370,VBD,2.7409,6.82,3
audio10.TextGrid,15,16,working,72.370,72.810,VBG,9.4244,5.45,5
audio10.TextGrid,15,17,now,72.810,73.170,RB,11.2531,6.18,2
audio10.TextGrid,15,18,low,73.320,73.600,JJ,12.6492,5.33,2
audio10.TextGrid,15,19,over,73.600,73.810,IN,7.3039,6.08,3
audio10.TextGrid,15,20,the,73.810,73.890,DT,1.5101,7.73,2
audio10.TextGrid,15,21,water,73.890,74.400,NN,7.0294,5.52,4
audio10.TextGrid,16,1,as,75.540,75.670,IN,11.5576,6.77,2
audio10.TextGrid,16,2,he,75.670,75.750,PRP,11.0223,6.69,2
audio10.TextGrid,16,3,watched,75.750,76.300,VBD,12.7946,4.72,4
audio10.TextGrid,16,4,the,76.300,76.470,DT,7.9245,7.73,2
audio10.TextGrid,16,5,bird,76.470,76.760,NN,12.9489,4.63,3
audio10.TextGrid,16,6,dipped,76.760,77.010,VBD,21.6396,3.54,4
audio10.TextGrid,16,7,again,77.010,77.480,RB,11.0051,5.7,4
audio10.TextGrid,16,8,slanting,77.480,77.980,VBG,25.2954,2.25,7
audio10.TextGrid,16,9,his,77.980,78.160,PRP$,4.3423,6.51,3
audio10.TextGrid,16,10,wings,78.160,78.470,NNS,10.0210,4.44,4
audio10.TextGrid,16,11,for,78.470,78.600,IN,6.2350,7.01,2
audio10.TextGrid,16,12,the,78.600,78.700,DT,2.2054,7.73,2
audio10.TextGrid,16,13,dive,78.700,79.160,NN,15.1765,4.12,3
audio10.TextGrid,16,14,and,79.160,79.270,CC,6.8395,7.41,2
audio10.TextGrid,16,15,then,79.270,79.490,RB,5.2019,6.07,3
audio10.TextGrid,16,16,swinging,79.490,79.920,VBG,13.4757,3.79,6
audio10.TextGrid,16,17,them,79.920,80.090,PRP,5.9114,6.19,3
audio10.TextGrid,16,18,wildly,80.090,80.630,RB,13.7908,3.71,6
audio10.TextGrid,16,19,and,80.630,80.770,CC,6.6236,7.41,3
audio10.TextGrid,16,20,ineffectually,80.770,81.550,RB,25.4837,1.72,12
audio10.TextGrid,16,21,as,81.550,81.670,IN,5.5740,6.77,2
audio10.TextGrid,16,22,he,81.670,81.800,PRP,1.8358,6.69,2
audio10.TextGrid,16,23,followed,81.800,82.130,VBD,9.8385,5.05,5
audio10.TextGrid,16,24,the,82.130,82.210,DT,2.5120,7.73,2
audio10.TextGrid,16,25,flying,82.210,82.600,VBG,8.0317,4.71,5
audio10.TextGrid,16,26,fish,82.600,83.000,NN,9.1070,4.9,3
audio10.TextGrid,17,1,the,84.110,84.220,DT,11.8924,7.73,2
audio10.TextGrid,17,2,old,84.220,84.400,JJ,9.2031,5.75,3
audio10.TextGrid,17,3,man,84.400,84.640,NN,4.4194,5.82,3
audio10.TextGrid,17,4,could,84.640,84.820,MD,10.5237,6.06,3
audio10.TextGrid,17,5,see,84.820,84.960,VB,7.1665,6.1,2
audio10.TextGrid,17,6,the,84.960,85.060,DT,2.3167,7.73,2
audio10.TextGrid,17,7,slight,85.060,85.410,JJ,14.1851,4.22,4
audio10.TextGrid,17,8,bulge,85.410,85.760,NN,19.4761,3.24,4
audio10.TextGrid,17,9,in,85.760,85.840,IN,5.1107,7.27,2
audio10.TextGrid,17,10,the,85.840,85.920,DT,1.7230,7.73,2
audio10.TextGrid,17,11,water,85.920,86.320,NN,9.9060,5.52,4
audio10.TextGrid,17,12,that,86.320,86.460,IN,7.9907,7.01,3
audio10.TextGrid,17,13,the,86.460,86.540,DT,6.5546,7.73,2
audio10.TextGrid,17,14,big,86.540,86.780,JJ,8.6169,5.67,3
audio10.TextGrid,17,15,dolphin,86.780,87.180,NN,17.3694,3.67,6
audio10.TextGrid,17,16,raised,87.180,87.680,VBD,12.2350,4.84,4
audio10.TextGrid,17,17,as,87.680,87.790,IN,7.7768,6.77,2
audio10.TextGrid,17,18,they,87.790,87.950,PRP,6.1326,6.5,2
audio10.TextGrid,17,19,followed,87.950,88.310,VBD,10.6368,5.05,5
audio10.TextGrid,17,20,the,88.310,88.440,DT,2.7730,7.73,2
audio10.TextGrid,17,21,escaping,88.440,88.940,VBG,17.7431,3.73,7
audio10.TextGrid,17,22,fish,88.940,89.340,NN,10.2908,4.9,3
audio10.TextGrid,18,1,the,90.160,90.240,DT,11.8924,7.73,2
audio10.TextGrid,18,2,dolphin,90.240,90.630,NN,16.8287,3.67,6
audio10.TextGrid,18,3,were,90.630,90.760,VBD,15.1413,6.34,2
audio10.TextGrid,18,4,cutting,90.760,91.130,VBG,14.1071,4.61,5
audio10.TextGrid,18,5,through,91.130,91.290,IN,7.1830,5.87,3
audio10.TextGrid,18,6,the,91.290,91.350,DT,1.4899,7.73,2
audio10.TextGrid,18,7,water,91.350,91.700,NN,8.7623,5.52,4
audio10.TextGrid,18,8,below,91.700,92.060,IN,8.8628,5.05,4
audio10.TextGrid,18,9,the,92.060,92.160,DT,2.0932,7.73,2
audio10.TextGrid,18,10,flight,92.160,92.450,NN,12.6503,4.86,4
audio10.TextGrid,18,11,of,92.450,92.520,IN,3.0651,7.4,2
audio10.TextGrid,18,12,the,92.520,92.610,DT,2.0132,7.73,2
audio10.TextGrid,18,13,fish,92.610,92.920,NN,9.9592,4.9,3
audio10.TextGrid,18,14,and,93.320,93.410,CC,4.3286,7.41,2
audio10.TextGrid,18,15,would,93.410,93.570,MD,7.6573,6.27,3
audio10.TextGrid,18,16,be,93.570,93.750,VB,2.1709,6.79,2
audio10.TextGrid,18,17,in,93.750,93.840,IN,4.6089,7.27,2
audio10.TextGrid,18,18,the,93.840,93.900,DT,3.0721,7.73,2
audio10.TextGrid,18,19,water,93.900,94.300,NN,4.7661,5.52,4
audio10.TextGrid,18,20,driving,94.670,95.090,NN,14.6494,4.9,6
audio10.TextGrid,18,21,at,95.090,95.200,IN,6.8241,6.7,2
audio10.TextGrid,18,22,speed,95.200,95.650,NN,10.9016,5.0,4
audio10.TextGrid,18,23,when,95.650,95.810,WRB,8.9532,6.37,3
audio10.TextGrid,18,24,the,95.810,95.870,DT,1.8082,7.73,2
audio10.TextGrid,18,25,fish,95.870,96.160,NN,4.1864,4.9,3
audio10.TextGrid,18,26,dropped,96.160,96.680,VBD,10.7969,4.73,5
audio10.TextGrid,19,1,it,97.780,97.900,PRP,11.0007,6.95,2
audio10.TextGrid,19,2,is,97.900,98.010,VBZ,3.1661,7.07,2
audio10.TextGrid,19,3,a,98.010,98.070,DT,4.7873,7.36,1
audio10.TextGrid,19,4,big,98.070,98.340,JJ,5.8878,5.67,3
audio10.TextGrid,19,5,school,98.340,98.630,NN,10.8780,5.71,4
audio10.TextGrid,19,6,of,98.630,98.710,IN,5.1844,7.4,2
audio10.TextGrid,19,7,dolphin,98.710,99.140,NN,18.1138,3.67,6
audio10.TextGrid,19,8,he,99.390,99.500,PRP,10.1701,6.69,2
audio10.TextGrid,19,9,thought,99.500,99.910,VBD,17.8512,5.59,3
audio10.TextGrid,20,1,they,100.440,100.570,PRP,20.3883,6.5,2
audio10.TextGrid,20,2,are,100.570,100.730,VBP,3.2684,6.74,2
audio10.TextGrid,20,3,widespread,100.730,101.580,JJ,19.4487,4.19,8
audio10.TextGrid,20,4,and,101.940,102.030,CC,6.0274,7.41,2
audio10.TextGrid,20,5,the,102.030,102.120,DT,4.7644,7.73,2
audio10.TextGrid,20,6,flying,102.120,102.520,VBG,13.1097,4.71,5
audio10.TextGrid,20,7,fish,102.520,102.790,NN,9.3734,4.9,3
audio10.TextGrid,20,8,have,102.790,102.960,VBP,4.6940,6.71,3
audio10.TextGrid,20,9,little,102.960,103.210,JJ,8.7468,5.75,5
audio10.TextGrid,20,10,chance,103.210,103.840,NN,11.5004,5.26,4
audio10.TextGrid,21,1,the,104.520,104.620,DT,11.8924,7.73,2
audio10.TextGrid,21,2,bird,104.620,104.940,NN,13.1626,4.63,3
audio10.TextGrid,21,3,has,104.940,105.120,VBZ,8.6957,6.37,3
audio10.TextGrid,21,4,no,105.120,105.320,DT,6.2200,6.35,2
audio10.TextGrid,21,5,chance,105.320,105.890,NN,9.1232,5.26,4
audio10.TextGrid,21,6,the,106.280,106.370,DT,9.6508,7.73,2
audio10.TextGrid,21,7,flying,106.370,106.700,VBG,11.0578,4.71,5
audio10.TextGrid,21,8,fish,106.700,106.960,NN,8.0688,4.9,3
audio10.TextGrid,21,9,are,106.960,107.040,VBP,5.6670,6.74,1
audio10.TextGrid,21,10,too,107.040,107.220,RB,12.0481,5.95,2
audio10.TextGrid,21,11,big,107.220,107.500,JJ,5.5798,5.67,3
audio10.TextGrid,21,12,for,107.500,107.680,IN,6.4417,7.01,3
audio10.TextGrid,21,13,him,107.680,107.930,PRP,8.6491,6.11,3
audio10.TextGrid,21,14,and,108.280,108.390,CC,4.7043,7.41,2
audio10.TextGrid,21,15,they,108.390,108.510,PRP,4.7781,6.5,2
audio10.TextGrid,21,16,go,108.510,108.720,VBP,7.8540,6.03,2
audio10.TextGrid,21,17,too,108.720,108.880,RB,10.5774,5.95,2
audio10.TextGrid,21,18,fast,108.880,109.560,RB,8.2135,5.13,4
audio10.TextGrid,22,1,he,111.110,111.210,PRP,13.2074,6.69,2
audio10.TextGrid,22,2,watched,111.210,111.530,VBD,13.9137,4.72,4
audio10.TextGrid,22,3,the,111.530,111.640,DT,9.7794,7.73,2
audio10.TextGrid,22,4,flying,111.640,112.000,VBG,13.7559,4.71,5
audio10.TextGrid,22,5,fish,112.000,112.250,JJ,9.7362,4.9,3
audio10.TextGrid,22,6,burst,112.250,112.600,NN,14.0431,4.15,4
audio10.TextGrid,22,7,out,112.600,112.760,RB,7.9070,6.38,2
audio10.TextGrid,22,8,again,112.760,113.150,RB,9.9740,5.7,4
audio10.TextGrid,22,9,and,113.150,113.290,CC,9.4000,7.41,3
audio10.TextGrid,22,10,again,113.290,113.740,RB,10.5737,5.7,4
audio10.TextGrid,22,11,and,113.850,113.970,CC,6.0735,7.41,2
audio10.TextGrid,22,12,the,113.970,114.110,DT,6.6489,7.73,2
audio10.TextGrid,22,13,ineffectual,114.110,114.650,JJ,29.0776,2.83,10
audio10.TextGrid,22,14,movements,114.650,115.120,NNS,13.0622,4.35,8
audio10.TextGrid,22,15,of,115.120,115.190,IN,1.6026,7.4,2
audio10.TextGrid,22,16,the,115.190,115.290,DT,2.1092,7.73,2
audio10.TextGrid,22,17,bird,115.290,115.760,NN,9.3564,4.63,3
audio10.TextGrid,23,1,that,116.900,117.120,DT,16.1379,7.01,3
audio10.TextGrid,23,2,school,117.120,117.570,NN,10.6465,5.71,4
audio10.TextGrid,23,3,has,117.570,117.680,VBZ,3.7366,6.37,3
audio10.TextGrid,23,4,gotten,117.680,117.990,VBN,11.0938,4.47,5
audio10.TextGrid,23,5,away,117.990,118.240,RP,7.4128,5.62,3
audio10.TextGrid,23,6,from,118.240,118.450,IN,2.2013,6.63,3
audio10.TextGrid,23,7,me,118.450,118.680,PRP,4.7009,6.48,2
audio10.TextGrid,23,8,he,118.820,118.940,PRP,9.2782,6.69,2
audio10.TextGrid,23,9,thought,118.940,119.300,VBD,9.9745,5.59,3
audio10.TextGrid,24,1,they,119.950,120.080,PRP,20.3883,6.5,2
audio10.TextGrid,24,2,are,120.080,120.170,VBP,3.2684,6.74,2
audio10.TextGrid,24,3,moving,120.170,120.500,VBG,9.2908,5.02,5
audio10.TextGrid,24,4,out,120.500,120.650,RP,4.1987,6.38,2
audio10.TextGrid,24,5,too,120.650,120.910,RB,15.0332,5.95,2
audio10.TextGrid,24,6,fast,120.910,121.360,RB,6.6737,5.13,4
audio10.TextGrid,24,7,and,121.360,121.550,CC,4.0147,7.41,3
audio10.TextGrid,24,8,too,121.550,121.630,RB,7.4641,5.95,2
audio10.TextGrid,24,9,far,121.630,122.080,RB,6.3707,5.5,3
audio10.TextGrid,25,1,but,122.980,123.120,CC,16.1685,6.63,3
audio10.TextGrid,25,2,perhaps,123.120,123.510,RB,17.1658,5.09,6
audio10.TextGrid,25,3,i,123.510,123.590,VB,5.3531,7.09,1
audio10.TextGrid,25,4,will,123.590,123.750,MD,5.9686,6.45,3
audio10.TextGrid,25,5,pick,123.750,123.940,VB,10.3589,5.08,3
audio10.TextGrid,25,6,up,123.940,124.070,RP,2.1487,6.39,2
audio10.TextGrid,25,7,a,124.070,124.120,DT,3.7348,7.36,1
audio10.TextGrid,25,8,stray,124.120,124.660,NN,15.2887,3.74,4
audio10.TextGrid,25,9,and,124.880,124.970,CC,5.7194,7.41,2
audio10.TextGrid,25,10,perhaps,124.970,125.370,RB,10.2448,5.09,6
audio10.TextGrid,25,11,my,125.370,125.560,PRP$,5.4836,6.57,2
audio10.TextGrid,25,12,big,125.560,125.840,JJ,9.6255,5.67,3
audio10.TextGrid,25,13,fish,125.840,126.070,NN,14.0344,4.9,3
audio10.TextGrid,25,14,is,126.070,126.190,VBZ,3.7010,7.07,2
audio10.TextGrid,25,15,around,126.190,126.530,IN,10.1192,5.77,4
audio10.TextGrid,25,16,them,126.530,126.840,PRP,7.6605,6.19,3
audio10.TextGrid,26,1,my,127.640,127.830,PRP$,14.3643,6.57,2
audio10.TextGrid,26,2,big,127.830,128.140,JJ,10.7981,5.67,3
audio10.TextGrid,26,3,fish,128.140,128.460,NN,16.4518,4.9,3
audio10.TextGrid,26,4,must,128.460,128.700,MD,10.7791,5.68,4
audio10.TextGrid,26,5,be,128.750,128.900,VB,0.9991,6.79,2
audio10.TextGrid,26,6,somewhere,128.900,129.450,RB,13.0146,4.74,6
audio10.TextGrid,27,1,the,132.020,132.090,DT,11.8924,7.73,2
audio10.TextGrid,27,2,clouds,132.090,132.540,NN,14.8386,4.16,5
audio10.TextGrid,27,3,over,132.540,132.710,IN,11.6731,6.08,3
audio10.TextGrid,27,4,the,132.710,132.810,DT,2.6431,7.73,2
audio10.TextGrid,27,5,land,132.810,133.290,NN,9.7097,5.22,4
audio10.TextGrid,27,6,now,133.290,133.620,RB,10.0921,6.18,2
audio10.TextGrid,27,7,rose,133.620,134.010,VBD,14.8294,4.82,3
audio10.TextGrid,27,8,like,134.010,134.240,IN,8.4643,6.41,3
audio10.TextGrid,27,9,mountains,134.240,135.030,NNS,15.8735,4.5,7
audio10.TextGrid,27,10,and,135.170,135.260,CC,4.6264,7.41,2
audio10.TextGrid,27,11,the,135.260,135.340,DT,4.3693,7.73,2
audio10.TextGrid,27,12,coast,135.340,135.780,NN,10.6514,4.87,4
audio10.TextGrid,27,13,was,135.780,135.910,VBD,8.5878,6.82,3
audio10.TextGrid,27,14,only,135.910,136.190,RB,11.1842,6.12,4
audio10.TextGrid,27,15,a,136.190,136.260,DT,2.8722,7.36,1
audio10.TextGrid,27,16,long,136.260,136.590,JJ,6.5149,5.81,3
audio10.TextGrid,27,17,green,136.590,136.940,JJ,11.9442,5.13,4
audio10.TextGrid,27,18,line,136.940,137.340,NN,5.3190,5.49,3
audio10.TextGrid,27,19,with,137.340,137.480,IN,5.5707,6.85,3
audio10.TextGrid,27,20,the,137.480,137.570,DT,3.8880,7.73,2
audio10.TextGrid,27,21,gray,137.570,137.820,JJ,12.8568,4.45,3
audio10.TextGrid,27,22,blue,137.820,138.160,NN,9.6332,5.13,3
audio10.TextGrid,27,23,hills,138.160,138.460,NNS,11.4618,4.46,4
audio10.TextGrid,27,24,behind,138.460,138.890,IN,12.0128,5.29,6
audio10.TextGrid,27,25,it,138.890,139.090,PRP,3.1726,6.95,2
audio10.TextGrid,28,1,the,139.760,139.820,DT,11.8924,7.73,2
audio10.TextGrid,28,2,water,139.820,140.200,NN,10.5074,5.52,4
audio10.TextGrid,28,3,was,140.200,140.390,VBD,11.3427,6.82,3
audio10.TextGrid,28,4,a,140.390,140.450,DT,4.8658,7.36,1
audio10.TextGrid,28,5,dark,140.450,140.780,JJ,8.5093,5.04,4
audio10.TextGrid,28,6,blue,140.780,141.130,NN,7.1948,5.13,3
audio10.TextGrid,28,7,now,141.130,141.440,RB,11.9761,6.18,2
audio10.TextGrid,29,1,so,141.970,142.150,RB,13.7280,6.52,2
audio10.TextGrid,29,2,dark,142.150,142.480,JJ,13.8556,5.04,4
audio10.TextGrid,29,3,that,142.480,142.610,IN,6.4723,7.01,3
audio10.TextGrid,29,4,it,142.610,142.680,PRP,3.6543,6.95,2
audio10.TextGrid,29,5,was,142.680,142.800,VBD,3.8349,6.82,3
audio10.TextGrid,29,6,almost,142.800,143.160,RB,11.3823,5.39,6
audio10.TextGrid,29,7,purple,143.190,143.620,JJ,13.9280,4.32,5
audio10.TextGrid,30,1,as,144.410,144.550,IN,11.5576,6.77,2
audio10.TextGrid,30,2,he,144.550,144.660,PRP,11.0223,6.69,2
audio10.TextGrid,30,3,looked,144.660,144.850,VBD,11.5167,5.11,4
audio10.TextGrid,30,4,down,144.850,145.180,RB,6.2281,5.88,3
audio10.TextGrid,30,5,into,145.180,145.430,IN,7.6069,6.11,4
audio10.TextGrid,30,6,it,145.430,145.640,PRP,7.3385,6.95,2
audio10.TextGrid,30,7,he,145.640,145.750,PRP,5.9371,6.69,2
audio10.TextGrid,30,8,saw,145.750,145.950,VBD,6.9548,5.34,2
audio10.TextGrid,30,9,the,145.950,146.070,DT,2.6645,7.73,2
audio10.TextGrid,30,10,red,146.070,146.330,JJ,8.2210,5.32,3
audio10.TextGrid,30,11,sifting,146.330,146.740,NN,24.4595,2.87,6
audio10.TextGrid,30,12,of,146.740,146.830,IN,2.4304,7.4,2
audio10.TextGrid,30,13,the,146.830,146.910,DT,1.8785,7.73,2
audio10.TextGrid,30,14,plankton,146.910,147.430,NN,23.8762,3.05,8
audio10.TextGrid,30,15,in,147.430,147.510,IN,4.7754,7.27,2
audio10.TextGrid,30,16,the,147.510,147.600,DT,1.8314,7.73,2
audio10.TextGrid,30,17,dark,147.600,147.910,JJ,4.3827,5.04,4
audio10.TextGrid,30,18,water,147.910,148.250,NN,12.1253,5.52,4
audio10.TextGrid,30,19,and,148.610,148.700,CC,5.3836,7.41,2
audio10.TextGrid,30,20,the,148.700,148.790,DT,3.4643,7.73,2
audio10.TextGrid,30,21,strange,148.790,149.300,JJ,11.7821,4.64,6
audio10.TextGrid,30,22,light,149.300,149.530,VBD,6.9767,5.33,3
audio10.TextGrid,30,23,the,149.530,149.620,DT,8.0073,7.73,2
audio10.TextGrid,30,24,sun,149.620,149.870,NN,8.1114,4.97,3
audio10.TextGrid,30,25,made,149.870,150.210,VBD,8.7875,5.92,3
audio10.TextGrid,30,26,now,150.210,150.510,RB,14.4824,6.18,2
audio10.TextGrid,31,1,he,151.480,151.580,PRP,13.2074,6.69,2
audio10.TextGrid,31,2,watched,151.580,151.930,VBD,13.9137,4.72,4
audio10.TextGrid,31,3,his,151.930,152.110,PRP$,13.7827,6.51,3
audio10.TextGrid,31,4,lines,152.110,152.630,NNS,14.7075,4.95,4
audio10.TextGrid,31,5,to,152.630,152.750,TO,6.2557,7.43,2
audio10.TextGrid,31,6,see,152.750,152.900,VB,8.8174,6.1,2
audio10.TextGrid,31,7,them,152.900,153.040,PRP,8.6882,6.19,3
audio10.TextGrid,31,8,go,153.040,153.250,VB,9.3704,6.03,2
audio10.TextGrid,31,9,straight,153.250,153.550,RB,11.0880,5.04,5
audio10.TextGrid,31,10,down,153.550,153.940,RB,5.7343,5.88,3
audio10.TextGrid,31,11,out,153.940,154.070,IN,8.7823,6.38,2
audio10.TextGrid,31,12,of,154.070,154.160,IN,0.9164,7.4,2
audio10.TextGrid,31,13,sight,154.160,154.540,NN,12.1014,4.54,3
audio10.TextGrid,31,14,into,154.540,154.700,IN,6.8351,6.11,4
audio10.TextGrid,31,15,the,154.700,154.780,DT,1.2189,7.73,2
audio10.TextGrid,31,16,water,154.780,155.210,NN,8.8598,5.52,4
audio10.TextGrid,31,17,and,155.510,155.640,CC,6.9776,7.41,3
audio10.TextGrid,31,18,he,155.640,155.740,PRP,5.4345,6.69,2
audio10.TextGrid,31,19,was,155.740,155.880,VBD,5.1933,6.82,3
audio10.TextGrid,31,20,happy,155.880,156.210,JJ,8.8492,5.35,4
audio10.TextGrid,31,21,to,156.210,156.330,TO,2.3051,7.43,2
audio10.TextGrid,31,22,see,156.330,156.510,VB,0.3914,6.1,2
audio10.TextGrid,31,23,so,156.510,156.690,RB,8.7299,6.52,2
audio10.TextGrid,31,24,much,156.690,156.890,JJ,0.9964,6.0,3
audio10.TextGrid,31,25,plankton,156.890,157.410,NN,26.1841,3.05,8
audio10.TextGrid,31,26,because,157.410,157.850,IN,11.5720,6.03,5
audio10.TextGrid,31,27,it,157.850,157.970,PRP,3.7560,6.95,2
audio10.TextGrid,31,28,meant,157.970,158.170,VBD,11.0553,4.94,4
audio10.TextGrid,31,29,fish,158.170,158.550,JJ,13.3536,4.9,3
audio10.TextGrid,32,1,the,159.430,159.500,DT,11.8924,7.73,2
audio10.TextGrid,32,2,strange,159.500,160.010,JJ,13.5638,4.64,6
audio10.TextGrid,32,3,light,160.010,160.220,VBD,9.9384,5.33,3
audio10.TextGrid,32,4,the,160.220,160.380,DT,8.0689,7.73,2
audio10.TextGrid,32,5,sun,160.380,160.590,NN,8.9072,4.97,3
audio10.TextGrid,32,6,made,160.590,160.810,VBD,10.7284,5.92,3
audio10.TextGrid,32,7,in,160.810,160.910,IN,5.8709,7.27,2
audio10.TextGrid,32,8,the,160.910,160.970,DT,2.2247,7.73,2
audio10.TextGrid,32,9,water,160.970,161.370,NN,7.7318,5.52,4
audio10.TextGrid,32,10,now,161.750,161.900,RB,12.2573,6.18,2
audio10.TextGrid,32,11,that,161.900,162.020,IN,5.3082,7.01,3
audio10.TextGrid,32,12,the,162.020,162.120,DT,3.0029,7.73,2
audio10.TextGrid,32,13,sun,162.120,162.340,NN,4.7200,4.97,3
audio10.TextGrid,32,14,was,162.340,162.520,VBD,6.6916,6.82,3
audio10.TextGrid,32,15,higher,162.520,162.880,RBR,11.2071,5.18,3
audio10.TextGrid,32,16,meant,163.200,163.380,JJ,17.0306,4.94,4
audio10.TextGrid,32,17,good,163.380,163.590,JJ,14.7474,6.12,3
audio10.TextGrid,32,18,weather,163.590,164.020,NN,11.5902,4.87,4
audio10.TextGrid,32,19,and,164.220,164.380,CC,3.2301,7.41,3
audio10.TextGrid,32,20,so,164.380,164.570,RB,7.2628,6.52,2
audio10.TextGrid,32,21,did,164.570,164.720,VBD,8.8719,5.96,3
audio10.TextGrid,32,22,the,164.720,164.800,DT,1.6994,7.73,2
audio10.TextGrid,32,23,shape,164.800,165.040,NN,12.4202,4.72,3
audio10.TextGrid,32,24,of,165.040,165.130,IN,1.6231,7.4,2
audio10.TextGrid,32,25,the,165.130,165.220,DT,0.6306,7.73,2
audio10.TextGrid,32,26,clouds,165.220,165.710,NN,16.1244,4.16,5
audio10.TextGrid,32,27,over,165.710,165.880,IN,10.8659,6.08,3
audio10.TextGrid,32,28,the,165.880,165.980,DT,1.1368,7.73,2
audio10.TextGrid,32,29,land,165.980,166.350,NN,7.2126,5.22,4
audio10.TextGrid,33,1,but,166.350,166.490,CC,16.1685,6.63,3
audio10.TextGrid,33,2,the,167.790,167.980,DT,5.7763,7.73,2
audio10.TextGrid,33,3,bird,167.980,168.280,NN,12.4066,4.63,3
audio10.TextGrid,33,4,was,168.280,168.430,VBD,6.3040,6.82,3
audio10.TextGrid,33,5,almost,168.430,168.790,RB,9.8883,5.39,6
audio10.TextGrid,33,6,out,168.790,168.920,IN,5.7447,6.38,2
audio10.TextGrid,33,7,of,168.920,169.030,IN,1.5058,7.4,2
audio10.TextGrid,33,8,sight,169.030,169.370,NN,13.0287,4.54,3
audio10.TextGrid,33,9,now,169.370,169.660,RB,8.5354,6.18,2
audio10.TextGrid,33,10,and,169.860,170.090,CC,5.0901,7.41,3
audio10.TextGrid,33,11,nothing,170.090,170.430,NN,12.1151,5.55,5
audio10.TextGrid,33,12,showed,170.430,170.800,VBD,9.6924,4.86,3
audio10.TextGrid,33,13,on,170.800,170.930,IN,5.3001,6.91,2
audio10.TextGrid,33,14,the,170.930,171.020,DT,1.4653,7.73,2
audio10.TextGrid,33,15,surface,171.020,171.400,NN,8.8654,4.83,5
audio10.TextGrid,33,16,of,171.400,171.470,IN,2.1301,7.4,2
audio10.TextGrid,33,17,the,171.470,171.550,DT,0.9612,7.73,2
audio10.TextGrid,33,18,water,171.550,171.920,NN,7.8695,5.52,4
audio10.TextGrid,33,19,but,171.920,172.110,CC,8.4869,6.63,3
audio10.TextGrid,33,20,some,172.110,172.240,DT,7.4452,6.2,3
audio10.TextGrid,33,21,patches,172.240,172.640,NNS,18.8081,3.86,5
audio10.TextGrid,33,22,of,172.640,172.750,IN,2.8158,7.4,2
audio10.TextGrid,33,23,yellow,172.750,173.200,JJ,10.2336,4.69,4
audio10.TextGrid,33,24,sun,173.200,173.470,NN,11.6121,4.97,3
audio10.TextGrid,33,25,bleached,173.470,173.880,VBD,21.1835,3.03,5
audio10.TextGrid,33,26,sargasso,173.940,174.550,NNS,43.5285,2.06,7
audio10.TextGrid,33,27,weed,174.550,174.970,VB,15.2585,4.27,3
audio10.TextGrid,34,1,and,175.420,175.510,CC,13.4350,7.41,2
audio10.TextGrid,34,2,the,175.510,175.590,DT,6.4323,7.73,2
audio10.TextGrid,34,3,purple,175.590,176.090,JJ,16.0740,4.32,5
audio10.TextGrid,34,4,formalized,176.090,177.180,JJ,27.6859,2.84,9
audio10.TextGrid,34,5,iridescent,177.180,177.860,NN,33.0363,2.8,9
audio10.TextGrid,34,6,gelatinous,177.860,178.550,JJ,27.1659,2.53,9
audio10.TextGrid,34,7,bladder,178.550,179.030,NN,21.5480,3.62,5
audio10.TextGrid,34,8,of,179.030,179.150,IN,5.8315,7.4,2
audio10.TextGrid,34,9,a,179.150,179.220,DT,3.8163,7.36,1
audio10.TextGrid,34,10,portuguese,179.220,179.880,JJ,20.8799,4.03,8
audio10.TextGrid,34,11,man,179.880,180.120,NN,5.0693,5.82,3
audio10.TextGrid,34,12,of,180.120,180.260,IN,5.3606,7.4,2
audio10.TextGrid,34,13,war,180.260,180.690,NN,8.8340,5.46,3
audio10.TextGrid,34,14,floating,180.690,181.080,VBG,18.1547,4.18,6
audio10.TextGrid,34,15,dose,181.080,181.390,JJ,16.8020,4.2,3
audio10.TextGrid,34,16,beside,181.390,181.780,IN,21.0580,4.19,5
audio10.TextGrid,34,17,the,181.780,181.850,DT,2.4820,7.73,2
audio10.TextGrid,34,18,boat,181.850,182.220,NN,11.8031,4.71,3
audio10.TextGrid,34,19,it,182.220,182.290,PRP,9.3758,6.95,2
audio10.TextGrid,35,1,turned,183.340,183.720,VBN,20.9934,5.09,4
audio10.TextGrid,35,2,on,183.720,183.850,IN,2.0160,6.91,2
audio10.TextGrid,35,3,its,183.850,184.000,PRP$,8.3947,6.14,3
audio10.TextGrid,35,4,side,184.000,184.410,NN,7.4160,5.5,3
audio10.TextGrid,35,5,and,184.410,184.550,CC,4.5132,7.41,2
audio10.TextGrid,35,6,then,184.550,184.720,RB,7.1005,6.07,3
audio10.TextGrid,35,7,righted,184.720,185.050,VBD,13.1498,2.37,5
audio10.TextGrid,35,8,itself,185.050,185.490,PRP,15.0294,5.1,6
audio10.TextGrid,36,1,it,186.470,186.580,PRP,11.0007,6.95,2
audio10.TextGrid,36,2,floated,186.580,186.960,VBD,25.7634,3.41,6
audio10.TextGrid,36,3,cheerfully,186.960,187.410,RB,30.9609,2.98,6
audio10.TextGrid,36,4,as,187.410,187.510,IN,7.0810,6.77,2
audio10.TextGrid,36,5,a,187.510,187.570,DT,4.2160,7.36,1
audio10.TextGrid,36,6,bubble,187.570,187.980,JJ,14.0386,4.16,5
audio10.TextGrid,36,7,with,187.980,188.140,IN,6.6529,6.85,3
audio10.TextGrid,36,8,its,188.140,188.330,PRP$,7.1661,6.14,3
audio10.TextGrid,36,9,long,188.330,188.640,JJ,8.9189,5.81,3
audio10.TextGrid,36,10,deadly,188.640,188.970,RB,14.9490,4.16,5
audio10.TextGrid,36,11,purple,188.970,189.330,JJ,12.6352,4.32,5
audio10.TextGrid,36,12,filaments,189.330,189.870,NNS,25.4384,2.95,9
audio10.TextGrid,36,13,trailing,189.870,190.250,VBG,17.4801,3.55,6
audio10.TextGrid,36,14,a,190.250,190.330,DT,6.0931,7.36,1
audio10.TextGrid,36,15,yard,190.330,190.620,NN,14.4432,4.57,4
audio10.TextGrid,36,16,behind,190.620,191.010,IN,10.3225,5.29,6
audio10.TextGrid,36,17,it,191.010,191.120,PRP,3.1160,6.95,2
audio10.TextGrid,36,18,in,191.120,191.200,IN,5.1183,7.27,2
audio10.TextGrid,36,19,the,191.200,191.280,DT,2.3400,7.73,2
audio10.TextGrid,36,20,water,191.280,191.710,NN,8.9813,5.52,4
audio11.TextGrid,1,1,agua,0.480,0.830,NN,21.7894,2.76,4
audio11.TextGrid,1,2,mala,0.830,1.300,VBZ,15.2154,2.87,4
audio11.TextGrid,1,3,the,1.610,1.690,DT,11.6127,7.73,2
audio11.TextGrid,1,4,man,1.690,1.950,NN,8.8670,5.82,3
audio11.TextGrid,1,5,said,1.950,2.290,VBD,12.0208,6.01,3
audio11.TextGrid,1,6,you,2.670,2.920,PRP,7.5483,6.98,2
audio11.TextGrid,1,7,whore,2.920,3.360,VBP,15.7006,3.86,3
audio11.TextGrid,2,1,from,4.710,4.880,IN,16.4720,6.63,4
audio11.TextGrid,2,2,where,4.880,5.040,WRB,12.7301,6.0,3
audio11.TextGrid,2,3,he,5.040,5.160,PRP,7.1791,6.69,2
audio11.TextGrid,2,4,swung,5.160,5.440,VBZ,28.8572,3.47,4
audio11.TextGrid,2,5,lightly,5.440,5.830,RB,16.9248,3.96,5
audio11.TextGrid,2,6,against,5.830,6.180,IN,10.6716,5.68,6
audio11.TextGrid,2,7,his,6.180,6.310,PRP$,5.2236,6.51,3
audio11.TextGrid,2,8,oars,6.310,6.740,NNS,20.3377,3.01,3
audio11.TextGrid,2,9,he,6.740,6.840,PRP,6.2849,6.69,2
audio11.TextGrid,2,10,looked,6.840,7.030,VBD,7.8260,5.11,4
audio11.TextGrid,2,11,down,7.030,7.330,RB,4.7725,5.88,3
audio11.TextGrid,2,12,into,7.330,7.500,IN,7.0011,6.11,4
audio11.TextGrid,2,13,the,7.500,7.590,DT,1.0245,7.73,2
audio11.TextGrid,2,14,water,7.590,8.030,NN,9.1633,5.52,4
audio11.TextGrid,2,15,and,8.030,8.160,CC,2.3602,7.41,3
audio11.TextGrid,2,16,saw,8.160,8.320,VBD,7.5400,5.34,2
audio11.TextGrid,2,17,the,8.320,8.420,DT,3.0772,7.73,2
audio11.TextGrid,2,18,tiny,8.420,8.790,JJ,10.4593,4.62,4
audio11.TextGrid,2,19,fish,8.790,9.060,NN,9.5033,4.9,3
audio11.TextGrid,2,20,that,9.060,9.220,WDT,5.4938,7.01,3
audio11.TextGrid,2,21,were,9.220,9.300,VBD,4.9004,6.34,2
audio11.TextGrid,2,22,coloured,9.300,9.660,VBN,18.8384,3.92,5
audio11.TextGrid,2,23,like,9.660,9.830,IN,4.5253,6.41,3
audio11.TextGrid,2,24,the,9.830,9.920,DT,4.7225,7.73,2
audio11.TextGrid,2,25,trailing,9.920,10.330,NN,15.8051,3.55,6
audio11.TextGrid,2,26,filaments,10.330,10.920,NNS,24.7685,2.95,9
audio11.TextGrid,2,27,and,10.920,11.050,CC,5.0101,7.41,3
audio11.TextGrid,2,28,swam,11.050,11.370,NN,17.0539,3.34,4
audio11.TextGrid,2,29,between,11.370,11.800,IN,9.6505,5.77,6
audio11.TextGrid,2,30,them,11.800,12.040,PRP,2.0962,6.19,3
audio11.TextGrid,2,31,and,12.040,12.260,CC,2.2304,7.41,3
audio11.TextGrid,2,32,under,12.260,12.460,IN,9.8736,5.73,4
audio11.TextGrid,2,33,the,12.460,12.570,DT,2.4694,7.73,2
audio11.TextGrid,2,34,small,12.570,12.930,JJ,10.3052,5.51,4
audio11.TextGrid,2,35,shade,12.930,13.300,VBD,10.1130,4.16,3
audio11.TextGrid,2,36,the,13.300,13.410,DT,6.3628,7.73,2
audio11.TextGrid,2,37,bubble,13.410,13.750,JJ,15.9956,4.16,5
audio11.TextGrid,2,38,made,13.750,14.040,VBN,10.9849,5.92,3
audio11.TextGrid,2,39,as,14.040,14.170,IN,9.2017,6.77,2
audio11.TextGrid,2,40,it,14.170,14.240,PRP,4.4364,6.95,2
audio11.TextGrid,2,41,drifted,14.240,14.750,VBD,16.2616,3.41,7
audio11.TextGrid,3,1,they,15.650,15.820,PRP,20.3883,6.5,2
audio11.TextGrid,3,2,were,15.820,16.010,VBD,5.8725,6.34,2
audio11.TextGrid,3,3,immune,16.010,16.410,JJ,15.0981,4.14,5
audio11.TextGrid,3,4,to,16.410,16.580,TO,3.0774,7.43,2
audio11.TextGrid,3,5,its,16.580,16.700,PRP$,10.4613,6.14,3
audio11.TextGrid,3,6,poison,16.700,17.220,NN,12.8498,4.08,5
audio11.TextGrid,4,1,but,17.790,17.980,CC,16.1685,6.63,3
audio11.TextGrid,4,2,men,17.980,18.260,NNS,14.4732,5.51,3
audio11.TextGrid,4,3,were,18.260,18.400,VBD,7.8245,6.34,2
audio11.TextGrid,4,4,not,18.400,18.790,RB,4.1771,6.69,3
audio11.TextGrid,5,1,and,19.330,19.430,CC,13.4350,7.41,2
audio11.TextGrid,5,2,when,19.430,19.640,WRB,9.8008,6.37,3
audio11.TextGrid,5,3,same,19.640,19.870,JJ,15.2547,5.8,3
audio11.TextGrid,5,4,of,19.870,19.940,IN,8.5084,7.4,2
audio11.TextGrid,5,5,the,19.940,20.050,DT,2.4169,7.73,2
audio11.TextGrid,5,6,filaments,20.050,20.490,NNS,22.1015,2.95,9
audio11.TextGrid,5,7,would,20.490,20.600,MD,9.6116,6.27,3
audio11.TextGrid,5,8,catch,20.600,20.910,VB,10.4323,4.87,3
audio11.TextGrid,5,9,on,20.910,21.040,IN,5.2555,6.91,2
audio11.TextGrid,5,10,a,21.040,21.110,DT,5.1051,7.36,1
audio11.TextGrid,5,11,line,21.110,21.480,NN,7.8635,5.49,3
audio11.TextGrid,5,12,and,21.480,21.650,CC,3.9410,7.41,3
audio11.TextGrid,5,13,rest,21.650,21.940,NN,11.4139,5.23,4
audio11.TextGrid,5,14,there,21.940,22.200,RB,6.8944,6.31,3
audio11.TextGrid,5,15,slimy,22.200,22.700,JJ,26.8227,3.08,5
audio11.TextGrid,5,16,and,22.700,22.800,CC,4.2420,7.41,2
audio11.TextGrid,5,17,purple,22.800,23.290,JJ,15.4183,4.32,5
audio11.TextGrid,5,18,while,23.290,23.490,IN,9.4198,5.86,3
audio11.TextGrid,5,19,the,23.490,23.600,DT,3.2728,7.73,2
audio11.TextGrid,5,20,old,23.600,23.810,JJ,10.0219,5.75,3
audio11.TextGrid,5,21,man,23.810,24.020,NN,4.4330,5.82,3
audio11.TextGrid,5,22,was,24.020,24.170,VBD,3.6280,6.82,3
audio11.TextGrid,5,23,working,24.170,24.510,VBG,7.6830,5.45,5
audio11.TextGrid,5,24,a,24.510,24.570,DT,5.6189,7.36,1
audio11.TextGrid,5,25,fish,24.570,24.880,NN,10.2930,4.9,3
audio11.TextGrid,6,1,he,25.420,25.510,PRP,13.2074,6.69,2
audio11.TextGrid,6,2,would,25.510,25.630,MD,10.3536,6.27,3
audio11.TextGrid,6,3,have,25.630,25.780,VB,3.3906,6.71,3
audio11.TextGrid,6,4,welts,25.780,26.120,NNS,21.6186,2.27,5
audio11.TextGrid,6,5,and,26.120,26.230,CC,6.7087,7.41,2
audio11.TextGrid,6,6,sores,26.230,26.660,NNS,19.2749,3.03,4
audio11.TextGrid,6,7,on,26.660,26.800,IN,6.6115,6.91,2
audio11.TextGrid,6,8,his,26.800,26.950,PRP$,3.0439,6.51,3
audio11.TextGrid,6,9,arms,26.950,27.390,NNS,8.6531,4.82,4
audio11.TextGrid,6,10,and,27.390,27.530,CC,3.5444,7.41,3
audio11.TextGrid,6,11,hands,27.530,28.020,NNS,8.3613,5.16,4
audio11.TextGrid,6,12,of,28.020,28.120,IN,6.5491,7.4,2
audio11.TextGrid,6,13,the,28.120,28.230,DT,5.9813,7.73,2
audio11.TextGrid,6,14,sort,28.230,28.470,NN,15.4133,5.0,4
audio11.TextGrid,6,15,that,28.470,28.670,IN,7.2759,7.01,3
audio11.TextGrid,6,16,poison,28.670,29.060,NN,14.7225,4.08,5
audio11.TextGrid,6,17,ivy,29.060,29.410,NN,18.3448,3.83,3
audio11.TextGrid,6,18,or,29.410,29.510,CC,8.7043,6.54,2
audio11.TextGrid,6,19,poison,29.510,29.940,NN,9.6999,4.08,5
audio11.TextGrid,6,20,oak,29.940,30.110,NNS,13.9513,4.18,2
audio11.TextGrid,6,21,can,30.110,30.280,MD,8.2387,6.46,3
audio11.TextGrid,6,22,give,30.280,30.530,VB,6.8738,5.71,3
audio11.TextGrid,7,1,but,30.530,30.710,CC,16.1685,6.63,3
audio11.TextGrid,7,2,these,31.650,32.050,DT,11.3036,6.04,3
audio11.TextGrid,7,3,poisonings,32.050,32.690,NNS,22.0081,2.31,8
audio11.TextGrid,7,4,from,32.690,32.880,IN,9.1332,6.63,4
audio11.TextGrid,7,5,the,32.880,33.000,DT,1.6284,7.73,2
audio11.TextGrid,7,6,agua,33.000,33.280,NN,19.8357,2.76,4
audio11.TextGrid,7,7,mala,33.280,33.570,NN,17.3808,2.87,4
audio11.TextGrid,7,8,came,33.570,33.810,VBD,13.8075,5.5,3
audio11.TextGrid,7,9,quickly,33.810,34.350,RB,13.0762,5.0,6
audio11.TextGrid,7,10,and,34.350,34.480,CC,3.9584,7.41,3
audio11.TextGrid,7,11,struck,34.480,34.810,VBP,16.0360,4.42,5
audio11.TextGrid,7,12,like,34.810,34.980,IN,7.9217,6.41,3
audio11.TextGrid,7,13,a,34.980,35.010,DT,1.8909,7.36,1
audio11.TextGrid,7,14,whiplash,35.010,35.670,NN,26.9731,3.06,6
audio11.TextGrid,8,1,the,37.920,38.100,DT,11.8924,7.73,2
audio11.TextGrid,8,2,iridescent,38.100,38.540,NN,28.9667,2.8,9
audio11.TextGrid,8,3,bubbles,38.540,38.990,NNS,18.7976,3.79,6
audio11.TextGrid,8,4,were,38.990,39.060,VBD,9.0759,6.34,2
audio11.TextGrid,8,5,beautiful,39.060,39.570,JJ,11.9945,5.22,8
audio11.TextGrid,9,1,but,40.040,40.150,CC,16.1685,6.63,3
audio11.TextGrid,9,2,they,40.150,40.260,PRP,9.2305,6.5,2
audio11.TextGrid,9,3,were,40.260,40.390,VBD,5.1763,6.34,2
audio11.TextGrid,9,4,the,40.390,40.480,DT,6.0669,7.73,2
audio11.TextGrid,9,5,falsest,40.480,41.010,JJS,22.7549,0.0,7
audio11.TextGrid,9,6,thing,41.010,41.290,NN,7.1616,5.72,3
audio11.TextGrid,9,7,in,41.290,41.400,IN,2.5009,7.27,2
audio11.TextGrid,9,8,the,41.400,41.470,DT,1.2138,7.73,2
audio11.TextGrid,9,9,sea,41.470,41.920,NN,10.1351,5.06,2
audio11.TextGrid,10,1,and,42.320,42.420,CC,13.4350,7.41,2
audio11.TextGrid,10,2,the,42.420,42.530,DT,6.4323,7.73,2
audio11.TextGrid,10,3,old,42.530,42.770,JJ,8.8206,5.75,3
audio11.TextGrid,10,4,man,42.770,43.030,NN,4.4290,5.82,3
audio11.TextGrid,10,5,loved,43.030,43.340,VBD,11.4858,5.0,4
audio11.TextGrid,10,6,to,43.340,43.410,TO,4.2776,7.43,2
audio11.TextGrid,10,7,see,43.410,43.600,VB,5.3231,6.1,2
audio11.TextGrid,10,8,the,43.600,43.690,DT,2.4660,7.73,2
audio11.TextGrid,10,9,big,43.690,43.960,JJ,7.6576,5.67,3
audio11.TextGrid,10,10,sea,43.960,44.180,NN,11.5537,5.06,2
audio11.TextGrid,10,11,turtles,44.180,44.720,NNS,14.3816,3.72,6
audio11.TextGrid,10,12,eating,44.760,45.100,VBG,13.9935,4.85,4
audio11.TextGrid,10,13,them,45.100,45.380,PRP,6.0042,6.19,3
audio11.TextGrid,11,1,the,46.130,46.230,DT,11.8924,7.73,2
audio11.TextGrid,11,2,turtles,46.230,46.630,NNS,18.7294,3.72,6
audio11.TextGrid,11,3,saw,46.630,46.930,VBD,15.5167,5.34,2
audio11.TextGrid,11,4,them,46.930,47.200,PRP,9.0734,6.19,3
audio11.TextGrid,11,5,approached,47.380,47.780,VBD,18.5158,4.16,6
audio11.TextGrid,11,6,them,47.780,47.920,PRP,12.7238,6.19,3
audio11.TextGrid,11,7,from,47.920,48.100,IN,4.7239,6.63,4
audio11.TextGrid,11,8,the,48.100,48.170,DT,1.6635,7.73,2
audio11.TextGrid,11,9,front,48.170,48.530,NN,7.7035,5.28,5
audio11.TextGrid,12,1,then,48.950,49.160,RB,17.9329,6.07,3
audio11.TextGrid,12,2,shut,49.160,49.450,VB,15.6190,4.78,3
audio11.TextGrid,12,3,their,49.450,49.670,PRP$,7.9420,6.33,3
audio11.TextGrid,12,4,eyes,49.670,50.040,NNS,8.5534,5.21,2
audio11.TextGrid,12,5,so,50.040,50.170,IN,8.9948,6.52,2
audio11.TextGrid,12,6,they,50.170,50.260,PRP,2.7178,6.5,2
audio11.TextGrid,12,7,were,50.260,50.380,VBD,7.0399,6.34,2
audio11.TextGrid,12,8,completely,50.380,50.960,RB,9.4367,5.0,9
audio11.TextGrid,12,9,carapaced,50.960,51.680,VBN,33.0361,0.0,8
audio11.TextGrid,12,10,and,51.680,51.950,CC,4.0592,7.41,3
audio11.TextGrid,12,11,ate,51.950,52.100,VB,20.8096,4.34,2
audio11.TextGrid,12,12,them,52.120,52.400,PRP,6.1567,6.19,3
audio11.TextGrid,12,13,filaments,52.400,52.880,NNS,30.3364,2.95,9
audio11.TextGrid,12,14,and,52.880,52.990,CC,4.7412,7.41,3
audio11.TextGrid,13,1,all,52.990,53.330,PDT,13.3183,6.52,2
audio11.TextGrid,13,2,the,54.210,54.320,DT,5.7051,7.73,2
audio11.TextGrid,13,3,old,54.320,54.500,JJ,8.9509,5.75,3
audio11.TextGrid,13,4,man,54.500,54.720,NN,6.9902,5.82,3
audio11.TextGrid,13,5,loved,54.720,54.920,VBD,13.8771,5.0,4
audio11.TextGrid,13,6,to,54.920,54.990,TO,5.0788,7.43,2
audio11.TextGrid,13,7,see,54.990,55.140,VB,4.8895,6.1,2
audio11.TextGrid,13,8,the,55.140,55.240,DT,2.4466,7.73,2
audio11.TextGrid,13,9,turtles,55.240,55.620,NNS,16.4138,3.72,6
audio11.TextGrid,13,10,eat,55.620,55.840,VBP,13.7342,5.13,2
audio11.TextGrid,13,11,them,55.840,56.060,PRP,7.2302,6.19,3
audio11.TextGrid,13,12,and,56.310,56.410,CC,3.8360,7.41,2
audio11.TextGrid,13,13,he,56.410,56.500,PRP,4.2787,6.69,2
audio11.TextGrid,13,14,loved,56.500,56.700,VBD,5.4844,5.0,4
audio11.TextGrid,13,15,to,56.700,56.760,TO,1.4136,7.43,2
audio11.TextGrid,13,16,walk,56.760,57.090,VB,9.1625,5.08,3
audio11.TextGrid,13,17,on,57.090,57.230,IN,4.0448,6.91,2
audio11.TextGrid,13,18,them,57.230,57.360,PRP,1.6549,6.19,3
audio11.TextGrid,13,19,on,57.360,57.470,IN,7.4938,6.91,2
audio11.TextGrid,13,20,the,57.470,57.530,DT,1.8630,7.73,2
audio11.TextGrid,13,21,beach,57.530,57.880,NN,9.2340,4.92,3
audio11.TextGrid,13,22,after,57.880,58.160,IN,9.9594,6.11,4
audio11.TextGrid,13,23,a,58.160,58.200,DT,7.6651,7.36,1
audio11.TextGrid,13,24,storm,58.200,58.720,NN,10.0325,4.66,5
audio11.TextGrid,13,25,and,58.720,58.860,CC,4.0164,7.41,3
audio11.TextGrid,13,26,hear,58.860,59.010,VB,15.0873,5.23,3
audio11.TextGrid,13,27,them,59.010,59.160,PRP,2.9568,6.19,3
audio11.TextGrid,13,28,pop,59.160,59.480,RB,9.2965,4.87,3
audio11.TextGrid,13,29,when,59.590,59.740,WRB,11.1249,6.37,3
audio11.TextGrid,13,30,he,59.740,59.860,PRP,1.8743,6.69,2
audio11.TextGrid,13,31,stepped,59.860,60.200,VBD,16.0801,4.2,5
audio11.TextGrid,13,32,on,60.200,60.340,IN,1.4797,6.91,2
audio11.TextGrid,13,33,them,60.340,60.530,PRP,0.7422,6.19,3
audio11.TextGrid,13,34,with,60.530,60.630,IN,5.1207,6.85,3
audio11.TextGrid,13,35,the,60.630,60.740,DT,3.6854,7.73,2
audio11.TextGrid,13,36,horny,60.740,61.070,NN,16.4627,3.79,5
audio11.TextGrid,13,37,soles,61.070,61.510,NNS,15.6467,3.18,4
audio11.TextGrid,13,38,of,61.510,61.620,IN,3.2926,7.4,2
audio11.TextGrid,13,39,his,61.620,61.810,PRP$,2.8239,6.51,3
audio11.TextGrid,13,40,feet,61.810,62.160,NNS,11.0372,4.99,3
audio11.TextGrid,14,1,he,63.930,64.050,PRP,13.2074,6.69,2
audio11.TextGrid,14,2,loved,64.050,64.290,VBD,13.1638,5.0,4
audio11.TextGrid,14,3,green,64.290,64.650,JJ,10.8587,5.13,4
audio11.TextGrid,14,4,turtles,64.650,65.240,NNS,14.5533,3.72,6
audio11.TextGrid,14,5,and,65.240,65.370,CC,3.3061,7.41,2
audio11.TextGrid,14,6,hawk,65.370,65.600,NN,15.7586,3.81,3
audio11.TextGrid,14,7,bills,65.660,66.180,NNS,17.0657,4.52,4
audio11.TextGrid,14,8,with,66.180,66.320,IN,6.8947,6.85,3
audio11.TextGrid,14,9,their,66.320,66.520,PRP$,6.1755,6.33,3
audio11.TextGrid,14,10,elegance,66.520,66.990,NN,24.5638,3.42,7
audio11.TextGrid,14,11,and,66.990,67.110,CC,3.1574,7.41,3
audio11.TextGrid,14,12,speed,67.110,67.630,NN,10.2878,5.0,4
audio11.TextGrid,14,13,and,67.630,67.740,CC,4.9677,7.41,2
audio11.TextGrid,14,14,their,67.740,67.890,PRP$,5.8358,6.33,3
audio11.TextGrid,14,15,great,67.890,68.210,JJ,8.2584,5.88,4
audio11.TextGrid,14,16,value,68.210,68.660,NN,9.0580,5.15,5
audio11.TextGrid,15,1,and,69.320,69.420,CC,13.4350,7.41,2
audio11.TextGrid,15,2,he,69.420,69.500,PRP,9.2683,6.69,2
audio11.TextGrid,15,3,had,69.500,69.630,VBD,6.4736,6.33,3
audio11.TextGrid,15,4,a,69.630,69.680,DT,3.4726,7.36,1
audio11.TextGrid,15,5,friendly,69.680,70.020,JJ,13.3346,4.64,6
audio11.TextGrid,15,6,contempt,70.020,70.530,NN,16.8116,3.74,8
audio11.TextGrid,15,7,for,70.530,70.620,IN,4.2833,7.01,2
audio11.TextGrid,15,8,the,70.620,70.770,DT,3.3196,7.73,2
audio11.TextGrid,15,9,huge,70.770,71.110,JJ,13.7760,5.06,3
audio11.TextGrid,15,10,stupid,71.110,71.530,JJ,12.1254,4.94,6
audio11.TextGrid,15,11,loggerheads,71.530,72.340,NNS,36.1042,2.26,8
audio11.TextGrid,15,12,yellow,72.690,73.180,VBP,18.7911,4.69,4
audio11.TextGrid,15,13,in,73.180,73.250,IN,6.3865,7.27,2
audio11.TextGrid,15,14,their,73.250,73.420,PRP$,5.5739,6.33,3
audio11.TextGrid,15,15,armour,73.420,73.690,NN,15.9424,3.75,4
audio11.TextGrid,15,16,plating,73.690,74.190,VBG,19.1621,3.14,6
audio11.TextGrid,15,17,strange,74.310,74.920,NN,18.7046,4.64,6
audio11.TextGrid,15,18,in,74.920,75.010,IN,5.1803,7.27,2
audio11.TextGrid,15,19,their,75.010,75.130,PRP$,3.7808,6.33,3
audio11.TextGrid,15,20,love,75.130,75.350,NN,10.9065,5.82,3
audio11.TextGrid,15,21,making,75.350,75.810,NN,12.8104,5.54,5
audio11.TextGrid,16,1,and,76.250,76.390,CC,13.4350,7.41,2
audio11.TextGrid,16,2,happily,76.390,76.850,RB,18.7834,4.11,6
audio11.TextGrid,16,3,eating,76.850,77.140,VBG,16.8324,4.85,4
audio11.TextGrid,16,4,the,77.140,77.220,DT,4.1534,7.73,2
audio11.TextGrid,16,5,portuguese,77.220,77.860,JJ,18.3496,4.03,8
audio11.TextGrid,16,6,men,77.860,78.060,NNS,9.5815,5.51,3
audio11.TextGrid,16,7,of,78.060,78.200,IN,8.4121,7.4,2
audio11.TextGrid,16,8,war,78.200,78.510,NN,9.1495,5.46,3
audio11.TextGrid,16,9,with,78.510,78.670,IN,6.5909,6.85,3
audio11.TextGrid,16,10,their,78.670,78.890,PRP$,4.1918,6.33,3
audio11.TextGrid,16,11,eyes,78.890,79.210,NNS,8.4248,5.21,2
audio11.TextGrid,16,12,shut,79.210,79.610,VBP,13.2396,4.78,3
audio11.TextGrid,17,1,he,80.880,81.020,PRP,13.2074,6.69,2
audio11.TextGrid,17,2,had,81.020,81.190,VBD,11.3330,6.33,3
audio11.TextGrid,17,3,no,81.190,81.340,DT,5.7598,6.35,2
audio11.TextGrid,17,4,mysticism,81.340,82.010,NN,26.9373,3.07,10
audio11.TextGrid,17,5,about,82.010,82.340,IN,6.3955,6.4,4
audio11.TextGrid,17,6,turtles,82.340,82.890,NNS,16.9336,3.72,6
audio11.TextGrid,17,7,although,82.950,83.190,IN,20.0319,5.3,4
audio11.TextGrid,17,8,he,83.190,83.250,PRP,3.6368,6.69,2
audio11.TextGrid,17,9,had,83.250,83.370,VBD,3.4047,6.33,3
audio11.TextGrid,17,10,gone,83.370,83.640,VBN,9.9445,5.17,3
audio11.TextGrid,17,11,in,83.640,83.740,IN,4.7738,7.27,2
audio11.TextGrid,17,12,turtle,83.740,84.060,NN,14.4568,3.91,5
audio11.TextGrid,17,13,boats,84.060,84.360,NNS,16.4099,4.25,4
audio11.TextGrid,17,14,for,84.360,84.480,IN,6.1889,7.01,2
audio11.TextGrid,17,15,many,84.480,84.700,JJ,9.4533,5.91,4
audio11.TextGrid,17,16,years,84.700,85.220,NNS,0.7046,5.96,3
audio11.TextGrid,18,1,he,85.880,85.980,PRP,13.2074,6.69,2
audio11.TextGrid,18,2,was,85.980,86.130,VBD,4.9565,6.82,3
audio11.TextGrid,18,3,sorry,86.130,86.470,NN,10.4579,5.18,4
audio11.TextGrid,18,4,for,86.470,86.640,IN,3.8888,7.01,3
audio11.TextGrid,18,5,them,86.640,86.800,PRP,9.8858,6.19,3
audio11.TextGrid,18,6,all,86.800,87.100,DT,5.6580,6.52,2
audio11.TextGrid,18,7,even,87.380,87.630,RB,12.5312,5.99,4
audio11.TextGrid,18,8,the,87.630,87.700,DT,6.1436,7.73,2
audio11.TextGrid,18,9,great,87.700,88.020,JJ,7.1985,5.88,4
audio11.TextGrid,18,10,trunk,88.020,88.260,NN,18.6251,4.03,5
audio11.TextGrid,18,11,backs,88.280,88.680,NNS,20.2248,4.1,4
audio11.TextGrid,18,12,that,88.680,88.820,WDT,8.1342,7.01,3
audio11.TextGrid,18,13,were,88.820,88.950,VBD,4.9987,6.34,2
audio11.TextGrid,18,14,as,88.950,89.080,RB,8.9301,6.77,2
audio11.TextGrid,18,15,long,89.080,89.360,RB,7.0048,5.81,3
audio11.TextGrid,18,16,as,89.360,89.510,IN,0.4677,6.77,2
audio11.TextGrid,18,17,the,89.510,89.620,DT,3.8885,7.73,2
audio11.TextGrid,18,18,skiff,89.620,90.050,NN,22.5177,2.63,4
audio11.TextGrid,18,19,and,90.050,90.190,CC,5.1470,7.41,3
audio11.TextGrid,18,20,weighed,90.190,90.400,VBD,20.9311,3.81,3
audio11.TextGrid,18,21,a,90.400,90.460,DT,5.8784,7.36,1
audio11.TextGrid,18,22,ton,90.460,90.910,NN,8.3263,4.29,3
audio11.TextGrid,19,1,most,91.550,91.780,JJS,15.4712,6.0,3
audio11.TextGrid,19,2,people,91.780,92.130,NNS,4.9651,6.25,5
audio11.TextGrid,19,3,are,92.130,92.190,VBP,4.9622,6.74,1
audio11.TextGrid,19,4,heartless,92.190,92.600,JJ,14.9293,3.33,7
audio11.TextGrid,19,5,about,92.600,92.860,IN,5.4762,6.4,4
audio11.TextGrid,19,6,turtles,92.860,93.290,NNS,18.7906,3.72,6
audio11.TextGrid,20,1,because,93.720,94.020,IN,18.2301,6.03,5
audio11.TextGrid,20,2,a,94.020,94.080,DT,7.1852,7.36,1
audio11.TextGrid,20,3,turtle,94.080,94.440,JJ,17.3185,3.91,5
audio11.TextGrid,20,4,s,94.440,94.490,JJ,9.3688,5.86,1
audio11.TextGrid,20,5,heart,94.490,94.750,NN,22.7420,5.31,4
audio11.TextGrid,20,6,will,94.750,94.870,MD,7.8109,6.45,3
audio11.TextGrid,20,7,beat,94.870,95.100,VB,13.9202,5.01,3
audio11.TextGrid,20,8,for,95.100,95.290,IN,7.3306,7.01,3
audio11.TextGrid,20,9,hours,95.290,95.650,NNS,7.0149,5.4,3
audio11.TextGrid,20,10,after,95.650,95.910,IN,5.2139,6.11,4
audio11.TextGrid,20,11,he,95.910,96.030,PRP,5.3725,6.69,2
audio11.TextGrid,20,12,has,96.030,96.170,VBZ,4.1750,6.37,3
audio11.TextGrid,20,13,been,96.170,96.340,VBN,2.5645,6.27,3
audio11.TextGrid,20,14,cut,96.340,96.560,VBN,8.2316,5.24,3
audio11.TextGrid,20,15,up,96.560,96.740,RP,5.5883,6.39,2
audio11.TextGrid,20,16,and,96.740,96.810,CC,2.9028,7.41,2
audio11.TextGrid,20,17,butchered,96.810,97.300,VBD,21.2264,3.01,5
audio11.TextGrid,21,1,but,98.230,98.400,CC,16.1685,6.63,3
audio11.TextGrid,21,2,the,98.420,98.560,DT,5.7763,7.73,2
audio11.TextGrid,21,3,old,98.560,98.770,JJ,9.3434,5.75,3
audio11.TextGrid,21,4,man,98.770,98.990,NN,3.7488,5.82,3
audio11.TextGrid,21,5,thought,98.990,99.350,VBD,11.0083,5.59,3
audio11.TextGrid,22,1,i,99.830,100.030,NNS,5.7704,7.09,1
audio11.TextGrid,22,2,have,100.030,100.180,VBP,11.5572,6.71,3
audio11.TextGrid,22,3,such,100.180,100.410,PDT,11.1457,5.84,3
audio11.TextGrid,22,4,a,100.410,100.470,DT,1.3978,7.36,1
audio11.TextGrid,22,5,heart,100.470,100.690,NN,9.3248,5.31,4
audio11.TextGrid,22,6,too,100.710,101.020,RB,14.2593,5.95,2
audio11.TextGrid,22,7,and,101.020,101.190,CC,8.0526,7.41,3
audio11.TextGrid,22,8,my,101.220,101.420,PRP$,5.9997,6.57,2
audio11.TextGrid,22,9,feet,101.420,101.680,NNS,9.6194,4.99,3
audio11.TextGrid,22,10,and,101.680,101.810,CC,6.4776,7.41,2
audio11.TextGrid,22,11,hands,101.810,102.180,NNS,9.4356,5.16,4
audio11.TextGrid,22,12,are,102.180,102.260,VBP,1.5723,6.74,1
audio11.TextGrid,22,13,like,102.260,102.510,IN,7.7976,6.41,3
audio11.TextGrid,23,1,theirs,102.510,103.010,NN,31.5119,3.96,4
audio11.TextGrid,23,2,he,103.920,104.080,PRP,10.7566,6.69,2
audio11.TextGrid,23,3,ate,104.080,104.200,VBD,20.2427,4.34,2
audio11.TextGrid,23,4,the,104.200,104.330,DT,3.2039,7.73,2
audio11.TextGrid,23,5,white,104.330,104.620,JJ,8.7017,5.51,3
audio11.TextGrid,23,6,eggs,104.620,104.960,NNS,16.2934,4.5,3
audio11.TextGrid,23,7,to,104.960,105.060,TO,5.9823,7.43,2
audio11.TextGrid,23,8,give,105.060,105.230,VB,7.2750,5.71,3
audio11.TextGrid,23,9,himself,105.230,105.600,PRP,10.0577,5.25,7
audio11.TextGrid,23,10,strength,105.600,105.990,NN,11.9715,4.8,7
audio11.TextGrid,24,1,he,106.530,106.690,PRP,13.2074,6.69,2
audio11.TextGrid,24,2,ate,106.690,106.790,VB,18.5371,4.34,2
audio11.TextGrid,24,3,them,106.790,106.950,PRP,7.4951,6.19,3
audio11.TextGrid,24,4,all,106.950,107.120,DT,5.5286,6.52,2
audio11.TextGrid,24,5,through,107.120,107.350,IN,8.9572,5.87,3
audio11.TextGrid,24,6,may,107.350,107.640,MD,12.1983,5.98,2
audio11.TextGrid,24,7,to,107.640,107.750,TO,10.5247,7.43,2
audio11.TextGrid,24,8,be,107.750,107.910,VB,5.3177,6.79,2
audio11.TextGrid,24,9,strong,107.910,108.340,JJ,10.2388,5.22,5
audio11.TextGrid,24,10,in,108.340,108.490,IN,5.4929,7.27,2
audio11.TextGrid,24,11,september,108.490,109.050,NN,11.1405,5.15,8
audio11.TextGrid,24,12,and,109.050,109.160,CC,3.6992,7.41,3
audio11.TextGrid,24,13,october,109.160,109.780,NN,7.2421,5.11,6
audio11.TextGrid,24,14,for,109.780,109.920,IN,8.2812,7.01,2
audio11.TextGrid,24,15,the,109.920,110.030,DT,2.2337,7.73,2
audio11.TextGrid,24,16,truly,110.030,110.400,NN,16.4629,4.87,5
audio11.TextGrid,24,17,big,110.400,110.700,JJ,6.4943,5.67,3
audio11.TextGrid,24,18,fish,110.700,111.010,NN,14.0050,4.9,3
audio11.TextGrid,25,1,he,112.940,113.050,PRP,13.2074,6.69,2
audio11.TextGrid,25,2,also,113.050,113.290,RB,10.1166,6.19,4
audio11.TextGrid,25,3,drank,113.290,113.610,VBD,16.9934,3.95,5
audio11.TextGrid,25,4,a,113.610,113.670,DT,5.8907,7.36,1
audio11.TextGrid,25,5,cup,113.670,113.930,NN,11.6445,5.11,3
audio11.TextGrid,25,6,of,113.930,114.050,IN,1.9093,7.4,2
audio11.TextGrid,25,7,shark,114.050,114.430,NN,12.4569,4.1,4
audio11.TextGrid,25,8,liver,114.430,114.690,NN,14.9526,4.18,4
audio11.TextGrid,25,9,oil,114.690,115.070,NN,9.5262,5.1,2
audio11.TextGrid,25,10,each,115.070,115.310,DT,15.7326,5.69,2
audio11.TextGrid,25,11,day,115.310,115.570,NN,2.2149,5.95,2
audio11.TextGrid,25,12,from,115.570,115.770,IN,6.5731,6.63,4
audio11.TextGrid,25,13,the,115.770,115.830,DT,2.6162,7.73,2
audio11.TextGrid,25,14,big,115.830,116.050,JJ,8.2994,5.67,3
audio11.TextGrid,25,15,drum,116.050,116.350,NN,13.7639,4.11,4
audio11.TextGrid,25,16,in,116.350,116.440,IN,6.3666,7.27,2
audio11.TextGrid,25,17,the,116.440,116.500,DT,1.3950,7.73,2
audio11.TextGrid,25,18,shack,116.500,116.910,NN,12.3002,3.43,3
audio11.TextGrid,25,19,where,116.910,117.030,WRB,7.4044,6.0,3
audio11.TextGrid,25,20,many,117.030,117.270,JJ,11.6074,5.91,4
audio11.TextGrid,25,21,of,117.270,117.340,IN,3.0350,7.4,2
audio11.TextGrid,25,22,the,117.340,117.430,DT,1.5070,7.73,2
audio11.TextGrid,25,23,fishermen,117.430,117.820,NNS,22.5934,3.65,7
audio11.TextGrid,25,24,kept,117.820,118.090,VBD,12.8365,5.0,4
audio11.TextGrid,25,25,their,118.090,118.200,PRP$,5.0648,6.33,3
audio11.TextGrid,25,26,gear,118.200,118.610,NN,12.1729,4.46,3
audio11.TextGrid,26,1,it,119.300,119.430,PRP,11.0007,6.95,2
audio11.TextGrid,26,2,was,119.430,119.640,VBD,3.5299,6.82,3
audio11.TextGrid,26,3,there,119.640,119.830,RB,10.4220,6.31,3
audio11.TextGrid,26,4,for,119.830,120.040,IN,5.1259,7.01,3
audio11.TextGrid,26,5,all,120.040,120.210,DT,6.2253,6.52,2
audio11.TextGrid,26,6,fishermen,120.210,120.650,NNS,29.0508,3.65,7
audio11.TextGrid,26,7,who,120.650,120.720,WP,5.8484,6.34,2
audio11.TextGrid,26,8,wanted,120.720,121.130,VBD,5.5025,5.36,6
audio11.TextGrid,26,9,it,121.130,121.300,PRP,3.4633,6.95,2
audio11.TextGrid,27,1,most,121.940,122.200,JJS,15.4712,6.0,4
audio11.TextGrid,27,2,fishermen,122.200,122.640,NNS,28.6100,3.65,7
audio11.TextGrid,27,3,hated,122.640,122.910,VBD,14.4746,4.2,5
audio11.TextGrid,27,4,the,122.910,123.000,DT,5.3669,7.73,2
audio11.TextGrid,27,5,taste,123.000,123.500,NN,14.7733,4.73,4
audio11.TextGrid,28,1,but,124.130,124.250,CC,16.1685,6.63,3
audio11.TextGrid,28,2,it,124.250,124.310,PRP,5.1562,6.95,2
audio11.TextGrid,28,3,was,124.310,124.430,VBD,2.5381,6.82,3
audio11.TextGrid,28,4,no,124.430,124.580,DT,7.7726,6.35,2
audio11.TextGrid,28,5,worse,124.580,124.830,JJR,11.7054,4.89,3
audio11.TextGrid,28,6,than,124.830,125.010,IN,1.5869,6.13,3
audio11.TextGrid,28,7,getting,125.010,125.270,VBG,11.4492,5.57,5
audio11.TextGrid,28,8,up,125.270,125.410,RP,5.9281,6.39,2
audio11.TextGrid,28,9,at,125.410,125.470,IN,6.9924,6.7,2
audio11.TextGrid,28,10,the,125.470,125.630,DT,1.7530,7.73,2
audio11.TextGrid,28,11,hours,125.630,125.980,NNS,13.9751,5.4,3
audio11.TextGrid,28,12,that,125.980,126.130,IN,5.9894,7.01,3
audio11.TextGrid,28,13,they,126.130,126.260,PRP,4.6820,6.5,2
audio11.TextGrid,28,14,rose,126.260,126.810,VBD,15.1454,4.82,3
audio11.TextGrid,28,15,and,126.810,126.900,CC,5.1589,7.41,3
audio11.TextGrid,28,16,it,126.900,126.960,PRP,7.3995,6.95,2
audio11.TextGrid,28,17,was,126.960,127.140,VBD,0.9016,6.82,3
audio11.TextGrid,28,18,very,127.140,127.390,RB,7.1487,6.0,4
audio11.TextGrid,28,19,good,127.390,127.590,JJ,6.2113,6.12,3
audio11.TextGrid,28,20,against,127.590,127.930,IN,13.8787,5.68,6
audio11.TextGrid,28,21,all,127.930,128.110,DT,5.1191,6.52,2
audio11.TextGrid,28,22,colds,128.110,128.570,NNS,23.5647,2.97,5
audio11.TextGrid,28,23,and,128.570,128.710,CC,3.1250,7.41,3
audio11.TextGrid,28,24,grippes,128.710,129.140,NNS,22.9191,0.0,5
audio11.TextGrid,29,1,and,129.690,129.820,CC,13.4350,7.41,2
audio11.TextGrid,29,2,it,129.820,129.930,PRP,5.5950,6.95,2
audio11.TextGrid,29,3,was,129.930,130.050,VBD,3.4879,6.82,3
audio11.TextGrid,29,4,good,130.050,130.240,JJ,7.7157,6.12,3
audio11.TextGrid,29,5,for,130.240,130.360,IN,4.8852,7.01,2
audio11.TextGrid,29,6,the,130.360,130.530,DT,3.1073,7.73,2
audio11.TextGrid,29,7,eyes,130.530,130.990,NNS,11.1900,5.21,2
audio11.TextGrid,30,1,now,132.320,132.550,RB,13.6820,6.18,2
audio11.TextGrid,30,2,the,132.550,132.670,DT,6.4555,7.73,2
audio11.TextGrid,30,3,old,132.670,132.890,JJ,9.4384,5.75,3
audio11.TextGrid,30,4,man,132.890,133.090,NN,4.9157,5.82,3
audio11.TextGrid,30,5,looked,133.090,133.330,VBD,14.4042,5.11,4
audio11.TextGrid,30,6,up,133.330,133.570,RB,5.1971,6.39,2
audio11.TextGrid,30,7,and,133.570,133.690,CC,4.8843,7.41,3
audio11.TextGrid,30,8,saw,133.690,133.870,VBD,8.8819,5.34,2
audio11.TextGrid,30,9,that,133.870,134.000,IN,5.0755,7.01,3
audio11.TextGrid,30,10,the,134.000,134.080,DT,5.0531,7.73,2
audio11.TextGrid,30,11,bird,134.080,134.380,NN,11.5620,4.63,3
audio11.TextGrid,30,12,was,134.380,134.470,VBD,2.9270,6.82,3
audio11.TextGrid,30,13,circling,134.470,134.890,VBG,17.1008,3.33,6
audio11.TextGrid,30,14,again,134.890,135.230,RB,9.3564,5.7,4
audio11.TextGrid,31,1,he,136.890,137.030,PRP,13.2074,6.69,2
audio11.TextGrid,31,2,s,137.030,137.100,VBZ,11.6978,5.86,1
audio11.TextGrid,31,3,found,137.100,137.430,VBD,18.2933,5.68,4
audio11.TextGrid,31,4,fish,137.430,137.850,NN,14.3979,4.9,3
audio11.TextGrid,31,5,he,138.110,138.240,PRP,10.7895,6.69,2
audio11.TextGrid,31,6,said,138.240,138.440,VBD,6.0230,6.01,3
audio11.TextGrid,31,7,aloud,138.440,138.890,NN,21.9254,3.51,4
audio11.TextGrid,32,1,no,139.730,139.910,DT,13.1520,6.35,2
audio11.TextGrid,32,2,flying,139.910,140.370,VBG,14.3975,4.71,5
audio11.TextGrid,32,3,fish,140.370,140.660,JJ,9.6175,4.9,3
audio11.TextGrid,32,4,broke,140.660,140.960,VBD,14.7973,4.85,4
audio11.TextGrid,32,5,the,140.960,141.040,DT,8.7513,7.73,2
audio11.TextGrid,32,6,surface,141.040,141.550,NN,11.2141,4.83,5
audio11.TextGrid,32,7,and,141.550,141.650,CC,5.6927,7.41,2
audio11.TextGrid,32,8,there,141.650,141.760,EX,7.0028,6.31,3
audio11.TextGrid,32,9,was,141.760,141.910,VBD,5.4628,6.82,3
audio11.TextGrid,32,10,no,141.910,142.060,DT,0.9705,6.35,2
audio11.TextGrid,32,11,scattering,142.060,142.530,NN,18.1719,3.4,7
audio11.TextGrid,32,12,of,142.530,142.600,IN,4.2185,7.4,2
audio11.TextGrid,32,13,bait,142.600,142.890,NN,15.4673,3.85,3
audio11.TextGrid,32,14,fish,142.890,143.190,NN,8.5243,4.9,3
audio11.TextGrid,33,1,but,143.850,143.970,CC,16.1685,6.63,3
audio11.TextGrid,33,2,as,143.970,144.140,IN,9.3233,6.77,2
audio11.TextGrid,33,3,the,144.140,144.240,DT,4.1782,7.73,2
audio11.TextGrid,33,4,old,144.240,144.490,JJ,9.9075,5.75,3
audio11.TextGrid,33,5,man,144.490,144.730,NN,3.9319,5.82,3
audio11.TextGrid,33,6,watched,144.730,145.180,VBD,12.5986,4.72,4
audio11.TextGrid,33,7,a,145.520,145.600,DT,6.8257,7.36,1
audio11.TextGrid,33,8,small,145.600,145.900,JJ,10.9386,5.51,4
audio11.TextGrid,33,9,tuna,145.900,146.320,NN,17.3170,3.64,4
audio11.TextGrid,33,10,rose,146.320,146.650,VBD,14.7047,4.82,3
audio11.TextGrid,33,11,in,146.650,146.740,IN,4.5734,7.27,2
audio11.TextGrid,33,12,the,146.740,146.950,DT,2.1238,7.73,2
audio11.TextGrid,33,13,air,146.950,147.200,NN,6.5314,5.37,2
audio11.TextGrid,33,14,turned,147.200,147.790,VBD,14.0426,5.09,4
audio11.TextGrid,33,15,and,147.790,147.940,CC,7.0613,7.41,2
audio11.TextGrid,33,16,dropped,147.940,148.240,VBD,10.5549,4.73,5
audio11.TextGrid,33,17,head,148.240,148.430,NN,10.5612,5.51,3
audio11.TextGrid,33,18,first,148.430,148.750,RB,8.0380,6.11,4
audio11.TextGrid,33,19,into,148.750,148.910,IN,3.0434,6.11,4
audio11.TextGrid,33,20,the,148.910,148.980,DT,0.7630,7.73,2
audio11.TextGrid,33,21,water,148.980,149.440,NN,9.7714,5.52,4
audio11.TextGrid,33,22,the,150.130,150.220,DT,6.0062,7.73,2
audio11.TextGrid,33,23,tuna,150.220,150.500,NN,5.8166,3.64,4
audio11.TextGrid,33,24,shone,150.500,150.830,NN,18.4584,3.23,3
audio11.TextGrid,33,25,silver,150.830,151.280,NN,14.8957,4.81,5
audio11.TextGrid,33,26,in,151.280,151.360,IN,5.9355,7.27,2
audio11.TextGrid,33,27,the,151.360,151.440,DT,1.1329,7.73,2
audio11.TextGrid,33,28,sun,151.440,151.880,NN,8.7700,4.97,3
audio11.TextGrid,34,1,and,152.360,152.500,CC,13.4350,7.41,3
audio11.TextGrid,34,2,after,152.500,152.770,IN,12.4012,6.11,4
audio11.TextGrid,34,3,he,152.770,152.830,PRP,6.4991,6.69,2
audio11.TextGrid,34,4,had,152.830,152.940,VBD,7.0970,6.33,3
audio11.TextGrid,34,5,dropped,152.940,153.220,VBN,12.1914,4.73,5
audio11.TextGrid,34,6,back,153.220,153.430,RB,7.9637,6.04,3
audio11.TextGrid,34,7,into,153.430,153.600,IN,3.6012,6.11,4
audio11.TextGrid,34,8,the,153.600,153.680,DT,1.6950,7.73,2
audio11.TextGrid,34,9,water,153.680,154.040,NN,9.1955,5.52,4
audio11.TextGrid,34,10,another,154.040,154.440,DT,10.0747,5.74,5
audio11.TextGrid,34,11,and,154.440,154.590,CC,8.8836,7.41,3
audio11.TextGrid,34,12,another,154.590,154.980,DT,5.7878,5.74,5
audio11.TextGrid,34,13,rose,154.980,155.370,VBD,14.0852,4.82,3
audio11.TextGrid,34,14,and,155.710,155.790,CC,4.2067,7.41,2
audio11.TextGrid,34,15,they,155.790,155.870,PRP,8.1924,6.5,2
audio11.TextGrid,34,16,were,155.870,156.000,VBD,3.9244,6.34,2
audio11.TextGrid,34,17,jumping,156.000,156.390,VBG,11.9777,4.23,6
audio11.TextGrid,34,18,in,156.390,156.470,IN,4.1460,7.27,2
audio11.TextGrid,34,19,all,156.470,156.620,DT,7.1602,6.52,2
audio11.TextGrid,34,20,directions,156.620,157.400,NNS,13.0278,4.23,9
audio11.TextGrid,34,21,churning,157.400,157.820,VBG,23.6175,3.12,5
audio11.TextGrid,34,22,the,157.820,157.880,DT,4.1561,7.73,2
audio11.TextGrid,34,23,water,157.880,158.280,NN,3.6752,5.52,4
audio11.TextGrid,34,24,and,158.280,158.430,CC,4.9519,7.41,3
audio11.TextGrid,34,25,leaping,158.430,158.770,NN,15.3042,3.23,5
audio11.TextGrid,34,26,in,158.770,158.850,IN,4.4459,7.27,2
audio11.TextGrid,34,27,long,158.850,159.190,JJ,8.5624,5.81,3
audio11.TextGrid,34,28,jumps,159.190,159.560,NNS,11.2090,3.86,5
audio11.TextGrid,34,29,after,159.560,159.790,IN,11.1458,6.11,4
audio11.TextGrid,34,30,the,159.790,159.880,DT,3.1657,7.73,2
audio11.TextGrid,34,31,bait,159.880,160.230,NN,16.3367,3.85,3
audio11.TextGrid,35,1,they,161.040,161.130,PRP,20.3883,6.5,2
audio11.TextGrid,35,2,were,161.130,161.280,VBD,5.8725,6.34,2
audio11.TextGrid,35,3,circling,161.280,161.750,VBG,18.0762,3.33,6
audio11.TextGrid,35,4,it,161.750,161.930,PRP,7.6450,6.95,2
audio11.TextGrid,35,5,and,161.930,162.040,CC,7.2711,7.41,2
audio11.TextGrid,35,6,driving,162.040,162.490,VBG,11.8946,4.9,6
audio11.TextGrid,35,7,it,162.490,162.660,PRP,1.1466,6.95,2
audio11.TextGrid,36,1,if,164.270,164.390,IN,13.0425,6.47,2
audio11.TextGrid,36,2,they,164.390,164.500,PRP,7.1023,6.5,2
audio11.TextGrid,36,3,don,164.500,164.680,VBP,4.8232,4.6,3
audio11.TextGrid,36,4,t,164.680,164.740,JJ,10.1113,5.43,1
audio11.TextGrid,36,5,travel,164.740,165.000,NN,22.4337,5.0,6
audio11.TextGrid,36,6,too,165.000,165.220,RB,12.5203,5.95,2
audio11.TextGrid,36,7,fast,165.220,165.690,JJ,7.9098,5.13,4
audio11.TextGrid,36,8,i,165.690,165.790,NN,6.7768,7.09,1
audio11.TextGrid,36,9,will,165.790,165.940,MD,3.5227,6.45,3
audio11.TextGrid,36,10,get,165.940,166.140,VB,5.5180,6.28,3
audio11.TextGrid,36,11,into,166.140,166.340,IN,7.6105,6.11,4
audio11.TextGrid,36,12,them,166.340,166.550,PRP,3.7676,6.19,3
audio11.TextGrid,36,13,the,166.550,166.650,DT,8.2449,7.73,2
audio11.TextGrid,36,14,old,166.650,166.870,JJ,9.0888,5.75,3
audio11.TextGrid,36,15,man,166.870,167.100,NN,4.7286,5.82,3
audio11.TextGrid,36,16,thought,167.100,167.440,VBD,11.8615,5.59,3
audio11.TextGrid,37,1,and,167.960,168.050,CC,13.4350,7.41,2
audio11.TextGrid,37,2,he,168.050,168.120,PRP,9.2683,6.69,2
audio11.TextGrid,37,3,watched,168.120,168.510,VBD,10.1282,4.72,4
audio11.TextGrid,37,4,the,168.510,168.610,DT,5.9321,7.73,2
audio11.TextGrid,37,5,school,168.610,169.020,NN,11.0881,5.71,4
audio11.TextGrid,37,6,working,169.020,169.410,VBG,11.1223,5.45,5
audio11.TextGrid,37,7,the,169.410,169.470,DT,6.9843,7.73,2
audio11.TextGrid,37,8,water,169.470,169.790,NN,10.6478,5.52,4
audio11.TextGrid,37,9,white,169.790,170.220,JJ,11.9840,5.51,3
audio11.TextGrid,37,10,and,170.590,170.660,CC,6.4423,7.41,2
audio11.TextGrid,37,11,the,170.660,170.750,DT,3.9689,7.73,2
audio11.TextGrid,37,12,bird,170.750,171.140,NN,10.6218,4.63,3
audio11.TextGrid,37,13,now,171.140,171.360,RB,12.1280,6.18,2
audio11.TextGrid,37,14,dropping,171.360,171.840,VBG,18.1760,4.33,6
audio11.TextGrid,37,15,and,171.840,171.920,CC,6.9977,7.41,2
audio11.TextGrid,37,16,dipping,171.920,172.340,VBG,10.9419,3.48,5
audio11.TextGrid,37,17,into,172.340,172.490,IN,6.2951,6.11,4
audio11.TextGrid,37,18,the,172.490,172.580,DT,1.2466,7.73,2
audio11.TextGrid,37,19,bait,172.580,172.840,NN,16.5775,3.85,3
audio11.TextGrid,37,20,fish,172.840,173.090,NN,11.8563,4.9,3
audio11.TextGrid,37,21,that,173.090,173.250,WDT,7.8773,7.01,3
audio11.TextGrid,37,22,were,173.250,173.340,VBD,5.2311,6.34,2
audio11.TextGrid,37,23,forced,173.340,173.650,VBN,13.5539,4.83,5
audio11.TextGrid,37,24,to,173.650,173.740,TO,2.2536,7.43,2
audio11.TextGrid,37,25,the,173.740,173.850,DT,5.7693,7.73,2
audio11.TextGrid,37,26,surface,173.850,174.260,NN,11.2256,4.83,5
audio11.TextGrid,37,27,in,174.260,174.350,IN,5.8270,7.27,2
audio11.TextGrid,37,28,their,174.350,174.480,PRP$,5.1593,6.33,3
audio11.TextGrid,37,29,panic,174.480,174.990,NN,16.9211,4.26,5
audio12.TextGrid,1,1,the,1.220,1.310,DT,11.8924,7.73,2
audio12.TextGrid,1,2,bird,1.310,1.630,NN,13.1626,4.63,3
audio12.TextGrid,1,3,is,1.630,1.730,VBZ,5.5831,7.07,2
audio12.TextGrid,1,4,a,1.730,1.800,DT,4.3132,7.36,1
audio12.TextGrid,1,5,great,1.800,2.100,JJ,6.9385,5.88,4
audio12.TextGrid,1,6,help,2.100,2.460,NN,12.7304,5.75,4
audio12.TextGrid,1,7,the,2.790,2.920,DT,11.0775,7.73,2
audio12.TextGrid,1,8,old,2.920,3.120,JJ,8.7452,5.75,3
audio12.TextGrid,1,9,man,3.120,3.390,NN,2.9296,5.82,3
audio12.TextGrid,1,10,said,3.390,3.750,VBD,7.9950,6.01,3
audio12.TextGrid,2,1,just,4.710,4.930,RB,14.7002,6.43,3
audio12.TextGrid,2,2,then,4.930,5.180,RB,13.4896,6.07,3
audio12.TextGrid,2,3,the,5.180,5.300,DT,4.3880,7.73,2
audio12.TextGrid,2,4,stern,5.300,5.670,JJ,15.0930,3.9,4
audio12.TextGrid,2,5,line,5.670,5.930,NN,13.7012,5.49,3
audio12.TextGrid,2,6,came,5.930,6.200,VBD,9.5750,5.5,3
audio12.TextGrid,2,7,taut,6.200,6.550,JJ,23.5138,2.91,3
audio12.TextGrid,2,8,under,6.550,6.760,IN,18.1448,5.73,4
audio12.TextGrid,2,9,his,6.760,6.950,PRP$,5.1378,6.51,3
audio12.TextGrid,2,10,foot,6.950,7.250,NN,7.7420,4.87,3
audio12.TextGrid,2,11,where,7.480,7.720,WRB,13.2937,6.0,4
audio12.TextGrid,2,12,he,7.720,7.850,PRP,2.5952,6.69,2
audio12.TextGrid,2,13,had,7.850,7.970,VBD,5.3708,6.33,3
audio12.TextGrid,2,14,kept,7.970,8.130,VBN,11.9565,5.0,4
audio12.TextGrid,2,15,a,8.130,8.180,DT,6.9272,7.36,1
audio12.TextGrid,2,16,loop,8.180,8.400,NN,10.3664,4.29,3
audio12.TextGrid,2,17,of,8.400,8.480,IN,1.7034,7.4,2
audio12.TextGrid,2,18,the,8.480,8.570,DT,5.7172,7.73,2
audio12.TextGrid,2,19,line,8.570,8.990,NN,9.2874,5.49,3
audio12.TextGrid,2,20,and,9.240,9.360,CC,4.1797,7.41,2
audio12.TextGrid,2,21,he,9.360,9.450,PRP,4.5086,6.69,2
audio12.TextGrid,2,22,dropped,9.450,9.740,VBD,11.5657,4.73,5
audio12.TextGrid,2,23,his,9.740,9.880,PRP$,4.4857,6.51,3
audio12.TextGrid,2,24,oars,9.880,10.260,NNS,16.7482,3.01,3
audio12.TextGrid,2,25,and,10.260,10.410,CC,4.1276,7.41,3
audio12.TextGrid,2,26,felt,10.410,10.650,VBD,10.8081,5.13,4
audio12.TextGrid,2,27,tile,10.650,10.750,JJ,23.3248,3.72,3
audio12.TextGrid,2,28,weight,10.750,10.970,NN,15.0222,5.02,3
audio12.TextGrid,2,29,of,10.970,11.060,IN,4.6553,7.4,2
audio12.TextGrid,2,30,the,11.060,11.150,DT,2.6191,7.73,2
audio12.TextGrid,2,31,small,11.150,11.480,JJ,11.6139,5.51,4
audio12.TextGrid,2,32,tuna,11.480,11.830,NN,16.7893,3.64,4
audio12.TextGrid,2,33,s,11.830,11.880,NN,7.8249,5.86,1
audio12.TextGrid,2,34,shivering,11.880,12.350,VBG,33.4125,3.14,6
audio12.TextGrid,2,35,pull,12.350,12.800,NN,11.7640,4.82,3
audio12.TextGrid,2,36,as,12.800,12.890,IN,10.3093,6.77,2
audio12.TextGrid,2,37,he,12.890,13.010,PRP,1.9781,6.69,2
audio12.TextGrid,2,38,held,13.010,13.200,VBD,9.2691,5.24,4
audio12.TextGrid,2,39,the,13.200,13.280,DT,2.2754,7.73,2
audio12.TextGrid,2,40,line,13.280,13.570,NN,3.5721,5.49,3
audio12.TextGrid,2,41,firm,13.570,13.950,NN,17.0567,4.79,3
audio12.TextGrid,2,42,and,13.950,14.070,CC,4.3919,7.41,3
audio12.TextGrid,2,43,commenced,14.070,14.460,VBD,18.4028,3.78,7
audio12.TextGrid,2,44,to,14.460,14.560,TO,2.7475,7.43,2
audio12.TextGrid,2,45,haul,14.560,14.790,VB,15.6088,3.88,3
audio12.TextGrid,2,46,it,14.790,14.870,PRP,7.6620,6.95,2
audio12.TextGrid,3,1,in,14.870,15.170,IN,10.8415,7.27,2
audio12.TextGrid,3,2,the,16.480,16.580,DT,3.0877,7.73,2
audio12.TextGrid,3,3,shivering,16.580,16.990,NN,21.6045,3.14,6
audio12.TextGrid,3,4,increased,16.990,17.460,VBD,17.8239,4.91,7
audio12.TextGrid,3,5,as,17.460,17.580,IN,10.4428,6.77,2
audio12.TextGrid,3,6,he,17.580,17.670,PRP,8.1202,6.69,2
audio12.TextGrid,3,7,pulled,17.670,18.030,VBD,13.5492,4.67,4
audio12.TextGrid,3,8,in,18.030,18.190,IN,5.6921,7.27,2
audio12.TextGrid,3,9,and,18.190,18.310,CC,5.3986,7.41,3
audio12.TextGrid,3,10,he,18.620,18.750,PRP,6.9311,6.69,2
audio12.TextGrid,3,11,could,18.750,18.910,MD,6.7160,6.06,3
audio12.TextGrid,3,12,see,18.910,19.090,VB,5.4604,6.1,2
audio12.TextGrid,3,13,the,19.090,19.190,DT,2.0407,7.73,2
audio12.TextGrid,3,14,blue,19.190,19.460,JJ,9.6569,5.13,3
audio12.TextGrid,3,15,back,19.460,19.760,NN,9.5013,6.04,3
audio12.TextGrid,3,16,of,19.760,19.840,IN,2.2161,7.4,2
audio12.TextGrid,3,17,the,19.840,19.950,DT,2.3397,7.73,2
audio12.TextGrid,3,18,fish,19.950,20.200,NN,12.6928,4.9,3
audio12.TextGrid,3,19,in,20.200,20.280,IN,5.3526,7.27,2
audio12.TextGrid,3,20,the,20.280,20.340,DT,1.4729,7.73,2
audio12.TextGrid,3,21,water,20.340,20.770,NN,7.6437,5.52,4
audio12.TextGrid,3,22,and,20.770,20.860,CC,5.3823,7.41,2
audio12.TextGrid,3,23,the,20.860,20.940,DT,3.6704,7.73,2
audio12.TextGrid,3,24,gold,20.940,21.300,NN,9.3029,5.17,4
audio12.TextGrid,3,25,of,21.300,21.410,IN,6.0797,7.4,2
audio12.TextGrid,3,26,his,21.410,21.560,PRP$,4.3915,6.51,3
audio12.TextGrid,3,27,sides,21.560,22.090,NNS,10.5887,4.73,4
audio12.TextGrid,3,28,before,22.090,22.430,IN,10.8577,5.93,5
audio12.TextGrid,3,29,he,22.430,22.550,PRP,1.6982,6.69,2
audio12.TextGrid,3,30,swung,22.550,22.910,VBD,22.7150,3.47,4
audio12.TextGrid,3,31,him,22.910,23.020,PRP,8.2873,6.11,2
audio12.TextGrid,3,32,over,23.020,23.200,IN,7.0105,6.08,3
audio12.TextGrid,3,33,the,23.200,23.300,DT,2.1420,7.73,2
audio12.TextGrid,3,34,side,23.300,23.700,NN,6.8870,5.5,3
audio12.TextGrid,3,35,and,23.700,23.870,CC,3.5888,7.41,3
audio12.TextGrid,3,36,into,23.870,24.090,IN,6.4434,6.11,4
audio12.TextGrid,3,37,the,24.090,24.170,DT,0.3053,7.73,2
audio12.TextGrid,3,38,boat,24.170,24.590,NN,11.8372,4.71,3
audio12.TextGrid,4,1,he,25.380,25.500,PRP,13.2074,6.69,2
audio12.TextGrid,4,2,lay,25.500,25.670,VBD,17.8209,4.64,2
audio12.TextGrid,4,3,in,25.670,25.800,IN,4.5641,7.27,2
audio12.TextGrid,4,4,the,25.800,25.880,DT,2.1572,7.73,2
audio12.TextGrid,4,5,stern,25.880,26.320,NN,16.0356,3.9,4
audio12.TextGrid,4,6,in,26.320,26.440,IN,6.5079,7.27,2
audio12.TextGrid,4,7,the,26.440,26.520,DT,2.0720,7.73,2
audio12.TextGrid,4,8,sun,26.520,26.890,NN,7.9076,4.97,3
audio12.TextGrid,4,9,compact,27.120,27.670,NN,19.6079,4.06,7
audio12.TextGrid,4,10,and,27.670,27.750,CC,5.4426,7.41,2
audio12.TextGrid,4,11,bullet,27.750,28.140,NN,14.2863,4.24,5
audio12.TextGrid,4,12,shaped,28.140,28.580,VBD,15.8629,4.38,4
audio12.TextGrid,4,13,his,28.890,29.070,PRP$,3.3755,6.51,3
audio12.TextGrid,4,14,big,29.070,29.390,JJ,9.1704,5.67,3
audio12.TextGrid,4,15,unintelligent,29.390,30.090,JJ,27.2892,2.49,12
audio12.TextGrid,4,16,eyes,30.090,30.450,NNS,8.3583,5.21,2
audio12.TextGrid,4,17,staring,30.450,30.970,VBG,21.5102,4.14,6
audio12.TextGrid,4,18,as,30.970,31.120,IN,5.5383,6.77,2
audio12.TextGrid,4,19,he,31.120,31.240,PRP,2.9791,6.69,2
audio12.TextGrid,4,20,thumped,31.240,31.570,VBD,18.6763,2.42,5
audio12.TextGrid,4,21,his,31.570,31.730,PRP$,4.9428,6.51,3
audio12.TextGrid,4,22,life,31.730,32.000,NN,11.1000,5.89,3
audio12.TextGrid,4,23,out,32.000,32.190,RP,2.9322,6.38,2
audio12.TextGrid,4,24,against,32.190,32.480,IN,11.2832,5.68,6
audio12.TextGrid,4,25,the,32.480,32.570,DT,0.5280,7.73,2
audio12.TextGrid,4,26,planking,32.570,33.000,NN,19.7354,2.5,7
audio12.TextGrid,4,27,of,33.000,33.080,IN,6.8439,7.4,2
audio12.TextGrid,4,28,the,33.080,33.170,DT,1.1255,7.73,2
audio12.TextGrid,4,29,boat,33.170,33.530,NN,11.2577,4.71,3
audio12.TextGrid,4,30,with,33.530,33.670,IN,6.3367,6.85,3
audio12.TextGrid,4,31,the,33.670,33.740,DT,2.8627,7.73,2
audio12.TextGrid,4,32,quick,33.740,34.010,JJ,10.9670,4.98,4
audio12.TextGrid,4,33,shivering,34.010,34.430,NN,18.5169,3.14,6
audio12.TextGrid,4,34,strokes,34.430,34.840,NNS,16.6157,3.75,6
audio12.TextGrid,4,35,of,34.840,34.930,IN,3.1928,7.4,2
audio12.TextGrid,4,36,his,34.930,35.130,PRP$,2.2533,6.51,3
audio12.TextGrid,4,37,neat,35.130,35.390,NN,15.2742,3.99,3
audio12.TextGrid,4,38,fast,35.390,35.720,RB,11.8887,5.13,4
audio12.TextGrid,4,39,moving,35.720,36.070,VBG,10.1316,5.02,5
audio12.TextGrid,4,40,tail,36.070,36.490,NN,11.2545,4.34,3
audio12.TextGrid,5,1,the,37.660,37.770,DT,11.8924,7.73,2
audio12.TextGrid,5,2,old,37.770,37.950,JJ,9.2031,5.75,3
audio12.TextGrid,5,3,man,37.950,38.200,NN,4.4194,5.82,3
audio12.TextGrid,5,4,hit,38.200,38.360,VBD,13.3140,5.37,3
audio12.TextGrid,5,5,him,38.360,38.450,PRP,5.9801,6.11,2
audio12.TextGrid,5,6,on,38.450,38.550,IN,5.0832,6.91,2
audio12.TextGrid,5,7,the,38.550,38.650,DT,0.5317,7.73,2
audio12.TextGrid,5,8,head,38.650,38.890,NN,2.0757,5.51,3
audio12.TextGrid,5,9,for,38.890,38.980,IN,6.5996,7.01,2
audio12.TextGrid,5,10,kindness,38.980,39.590,NN,19.7296,4.0,7
audio12.TextGrid,5,11,and,39.910,40.000,CC,3.9516,7.41,2
audio12.TextGrid,5,12,kicked,40.000,40.330,VBD,15.0748,4.38,4
audio12.TextGrid,5,13,him,40.330,40.570,PRP,0.2647,6.11,3
audio12.TextGrid,5,14,his,40.970,41.150,PRP$,10.1439,6.51,3
audio12.TextGrid,5,15,body,41.150,41.500,NN,7.7885,5.4,4
audio12.TextGrid,5,16,still,41.500,41.780,RB,12.0783,5.92,4
audio12.TextGrid,5,17,shuddering,41.780,42.330,VBG,25.3786,2.62,6
audio12.TextGrid,5,18,under,42.510,42.710,IN,10.1759,5.73,4
audio12.TextGrid,5,19,the,42.710,42.810,DT,2.5180,7.73,2
audio12.TextGrid,5,20,shade,42.810,43.100,NN,12.6797,4.16,3
audio12.TextGrid,5,21,of,43.100,43.180,IN,2.0024,7.4,2
audio12.TextGrid,5,22,the,43.180,43.270,DT,1.5559,7.73,2
audio12.TextGrid,5,23,stern,43.270,43.780,NN,16.8843,3.9,4
audio12.TextGrid,6,1,albacore,45.520,46.200,NN,27.3548,2.23,7
audio12.TextGrid,6,2,he,46.520,46.640,PRP,12.3459,6.69,2
audio12.TextGrid,6,3,said,46.640,46.830,VBD,16.4160,6.01,3
audio12.TextGrid,6,4,aloud,46.830,47.210,NN,21.6476,3.51,4
audio12.TextGrid,7,1,he,47.210,47.270,PRP,13.2074,6.69,2
audio12.TextGrid,7,2,ll,47.820,47.930,VBD,16.9619,4.66,2
audio12.TextGrid,7,3,make,47.930,48.130,VB,17.1173,6.08,3
audio12.TextGrid,7,4,a,48.130,48.180,DT,3.3202,7.36,1
audio12.TextGrid,7,5,beautiful,48.180,48.610,JJ,10.4243,5.22,8
audio12.TextGrid,7,6,bait,48.610,49.020,NN,14.3541,3.85,3
audio12.TextGrid,8,1,he,49.480,49.570,PRP,13.2074,6.69,2
audio12.TextGrid,8,2,ll,49.570,49.600,VBZ,16.9619,4.66,1
audio12.TextGrid,8,3,weigh,49.600,49.810,JJ,16.3953,3.99,2
audio12.TextGrid,8,4,ten,49.810,50.100,CD,11.5244,5.05,3
audio12.TextGrid,8,5,pounds,50.100,50.720,NNS,9.9573,4.53,5
audio12.TextGrid,9,1,he,53.260,53.380,PRP,13.2074,6.69,2
audio12.TextGrid,9,2,did,53.380,53.500,VBD,8.8372,5.96,3
audio12.TextGrid,9,3,not,53.500,53.700,RB,1.9436,6.69,3
audio12.TextGrid,9,4,remember,53.700,54.060,VB,8.5841,5.38,7
audio12.TextGrid,9,5,when,54.060,54.420,WRB,6.4879,6.37,3
audio12.TextGrid,9,6,he,54.420,54.580,PRP,2.4883,6.69,2
audio12.TextGrid,9,7,had,54.580,54.750,VBD,5.1930,6.33,3
audio12.TextGrid,9,8,first,54.750,55.150,RB,10.4533,6.11,4
audio12.TextGrid,9,9,started,55.150,55.560,VBN,6.4165,5.39,7
audio12.TextGrid,9,10,to,55.560,55.640,TO,4.7079,7.43,2
audio12.TextGrid,9,11,talk,55.640,55.920,VB,6.9965,5.42,3
audio12.TextGrid,9,12,aloud,55.920,56.430,NN,22.8009,3.51,4
audio12.TextGrid,9,13,when,56.430,56.580,WRB,7.4244,6.37,3
audio12.TextGrid,9,14,he,56.580,56.670,PRP,1.1906,6.69,2
audio12.TextGrid,9,15,was,56.670,56.830,VBD,2.6297,6.82,3
audio12.TextGrid,9,16,by,56.830,57.040,IN,10.1223,6.66,2
audio12.TextGrid,9,17,himself,57.040,57.540,PRP,5.7550,5.25,7
audio12.TextGrid,10,1,he,58.260,58.380,PRP,13.2074,6.69,2
audio12.TextGrid,10,2,had,58.380,58.520,VBD,11.3330,6.33,3
audio12.TextGrid,10,3,sung,58.520,58.890,NN,18.8245,3.91,3
audio12.TextGrid,10,4,when,58.890,59.030,WRB,11.7546,6.37,3
audio12.TextGrid,10,5,he,59.030,59.120,PRP,2.5123,6.69,2
audio12.TextGrid,10,6,was,59.120,59.270,VBD,3.0279,6.82,3
audio12.TextGrid,10,7,by,59.270,59.470,IN,9.6533,6.66,2
audio12.TextGrid,10,8,himself,59.470,59.900,PRP,7.7001,5.25,7
audio12.TextGrid,10,9,in,59.900,59.970,IN,5.2359,7.27,2
audio12.TextGrid,10,10,the,59.970,60.090,DT,1.7256,7.73,2
audio12.TextGrid,10,11,old,60.090,60.280,JJ,8.3882,5.75,3
audio12.TextGrid,10,12,days,60.280,60.690,NNS,7.4571,5.61,3
audio12.TextGrid,10,13,and,60.690,60.800,CC,6.5337,7.41,2
audio12.TextGrid,10,14,he,60.800,60.880,PRP,2.4529,6.69,2
audio12.TextGrid,10,15,had,60.880,61.010,VBD,2.1307,6.33,3
audio12.TextGrid,10,16,sung,61.010,61.250,VBN,4.0662,3.91,3
audio12.TextGrid,10,17,at,61.250,61.400,IN,6.4056,6.7,2
audio12.TextGrid,10,18,night,61.400,61.660,NN,4.2049,5.61,3
audio12.TextGrid,10,19,sometimes,61.660,62.300,RB,12.5206,5.28,7
audio12.TextGrid,10,20,when,62.300,62.410,WRB,3.5011,6.37,3
audio12.TextGrid,10,21,he,62.410,62.500,PRP,0.4133,6.69,2
audio12.TextGrid,10,22,was,62.500,62.650,VBD,1.1740,6.82,3
audio12.TextGrid,10,23,alone,62.650,63.060,RB,8.0193,5.16,4
audio12.TextGrid,10,24,steering,63.060,63.540,VBG,23.3562,3.93,6
audio12.TextGrid,10,25,on,63.540,63.700,IN,4.1399,6.91,2
audio12.TextGrid,10,26,his,63.700,63.920,PRP$,3.8105,6.51,3
audio12.TextGrid,10,27,watch,63.920,64.300,NN,10.2765,5.34,3
audio12.TextGrid,10,28,in,64.300,64.370,IN,5.6042,7.27,2
audio12.TextGrid,10,29,the,64.370,64.470,DT,1.0405,7.73,2
audio12.TextGrid,10,30,smacks,64.470,65.000,NNS,25.4671,3.03,5
audio12.TextGrid,10,31,or,65.000,65.120,CC,7.3948,6.54,2
audio12.TextGrid,10,32,in,65.120,65.180,IN,4.4490,7.27,2
audio12.TextGrid,10,33,the,65.180,65.270,DT,0.5858,7.73,2
audio12.TextGrid,10,34,turtle,65.270,65.560,NN,17.5067,3.91,5
audio12.TextGrid,10,35,boats,65.560,66.000,NNS,16.8985,4.25,4
audio12.TextGrid,11,1,he,67.340,67.420,PRP,13.2074,6.69,2
audio12.TextGrid,11,2,had,67.420,67.540,VBD,11.3330,6.33,3
audio12.TextGrid,11,3,probably,67.540,68.010,RB,14.6221,5.37,8
audio12.TextGrid,11,4,started,68.010,68.380,VBN,11.1977,5.39,7
audio12.TextGrid,11,5,to,68.380,68.460,TO,4.6588,7.43,2
audio12.TextGrid,11,6,talk,68.460,68.800,VB,7.3809,5.42,3
audio12.TextGrid,11,7,aloud,68.800,69.290,JJ,20.7365,3.51,4
audio12.TextGrid,11,8,when,69.290,69.400,WRB,7.5216,6.37,3
audio12.TextGrid,11,9,alone,69.400,69.790,RB,14.4124,5.16,4
audio12.TextGrid,11,10,when,69.830,69.980,WRB,7.4289,6.37,3
audio12.TextGrid,11,11,the,69.980,70.050,DT,4.6798,7.73,2
audio12.TextGrid,11,12,boy,70.050,70.320,NN,9.2206,5.17,2
audio12.TextGrid,11,13,had,70.320,70.490,VBD,4.0559,6.33,3
audio12.TextGrid,11,14,left,70.490,70.880,VBN,7.6938,5.62,4
audio12.TextGrid,12,1,but,71.500,71.630,CC,16.1685,6.63,3
audio12.TextGrid,12,2,he,71.630,71.720,PRP,7.1638,6.69,2
audio12.TextGrid,12,3,did,71.720,71.870,VBD,4.4848,5.96,3
audio12.TextGrid,12,4,not,71.870,72.080,RB,2.2416,6.69,3
audio12.TextGrid,12,5,remember,72.080,72.590,VB,8.0665,5.38,7
audio12.TextGrid,13,1,when,73.340,73.480,WRB,14.5784,6.37,3
audio12.TextGrid,13,2,he,73.480,73.660,PRP,8.1418,6.69,2
audio12.TextGrid,13,3,and,73.660,73.740,CC,7.5769,7.41,2
audio12.TextGrid,13,4,the,73.740,73.810,DT,2.7516,7.73,2
audio12.TextGrid,13,5,boy,73.810,74.080,NN,9.7615,5.17,2
audio12.TextGrid,13,6,fished,74.080,74.360,VBN,15.2894,3.08,4
audio12.TextGrid,13,7,together,74.360,74.770,RB,8.0205,5.46,6
audio12.TextGrid,13,8,they,74.770,74.900,PRP,7.2635,6.5,2
audio12.TextGrid,13,9,usually,74.900,75.440,RB,16.3448,5.15,6
audio12.TextGrid,13,10,spoke,75.440,75.790,VBD,13.2886,4.61,4
audio12.TextGrid,13,11,only,75.790,76.030,RB,12.4210,6.12,4
audio12.TextGrid,13,12,when,76.030,76.190,WRB,5.2558,6.37,3
audio12.TextGrid,13,13,it,76.190,76.310,PRP,5.7105,6.95,2
audio12.TextGrid,13,14,was,76.310,76.450,VBD,1.9411,6.82,3
audio12.TextGrid,13,15,necessary,76.450,77.120,JJ,6.8401,4.91,8
audio12.TextGrid,14,1,they,78.160,78.270,PRP,20.3883,6.5,2
audio12.TextGrid,14,2,talked,78.270,78.590,VBD,10.8032,4.62,4
audio12.TextGrid,14,3,at,78.590,78.720,IN,6.7279,6.7,2
audio12.TextGrid,14,4,night,78.720,79.130,NN,8.5071,5.61,3
audio12.TextGrid,14,5,or,79.130,79.240,CC,9.4766,6.54,2
audio12.TextGrid,14,6,when,79.240,79.400,WRB,6.7360,6.37,3
audio12.TextGrid,14,7,they,79.400,79.480,PRP,1.5859,6.5,2
audio12.TextGrid,14,8,were,79.480,79.610,VBD,2.4709,6.34,2
audio12.TextGrid,14,9,storm,79.610,80.000,VBN,14.2070,4.66,5
audio12.TextGrid,14,10,bound,80.000,80.350,VBN,13.3214,4.46,4
audio12.TextGrid,14,11,by,80.350,80.540,IN,2.1781,6.66,2
audio12.TextGrid,14,12,bad,80.540,80.820,JJ,10.8356,5.53,3
audio12.TextGrid,14,13,weather,80.820,81.190,NN,11.8759,4.87,4
audio12.TextGrid,15,1,it,81.820,81.920,PRP,11.0007,6.95,2
audio12.TextGrid,15,2,was,81.920,82.090,VBD,3.5299,6.82,3
audio12.TextGrid,15,3,considered,82.090,82.550,VBN,15.2175,5.08,8
audio12.TextGrid,15,4,a,82.550,82.600,DT,4.9731,7.36,1
audio12.TextGrid,15,5,virtue,82.600,83.180,NN,14.6798,3.94,4
audio12.TextGrid,15,6,not,83.180,83.400,RB,11.8897,6.69,3
audio12.TextGrid,15,7,to,83.400,83.480,TO,2.0749,7.43,2
audio12.TextGrid,15,8,talk,83.480,83.800,VB,9.5729,5.42,3
audio12.TextGrid,15,9,unnecessarily,83.800,84.620,RB,24.9140,3.42,12
audio12.TextGrid,15,10,at,84.620,84.730,IN,7.3341,6.7,2
audio12.TextGrid,15,11,sea,84.730,85.080,NN,9.6500,5.06,2
audio12.TextGrid,16,1,and,85.660,85.740,CC,13.4350,7.41,2
audio12.TextGrid,16,2,the,85.740,85.840,DT,6.4323,7.73,2
audio12.TextGrid,16,3,old,85.840,86.030,JJ,8.8206,5.75,3
audio12.TextGrid,16,4,man,86.030,86.200,NN,4.4290,5.82,3
audio12.TextGrid,16,5,had,86.200,86.290,VBD,7.4574,6.33,3
audio12.TextGrid,16,6,always,86.290,86.590,RB,8.1827,5.76,5
audio12.TextGrid,16,7,considered,86.590,87.070,VBN,14.2164,5.08,8
audio12.TextGrid,16,8,it,87.070,87.180,PRP,6.6210,6.95,2
audio12.TextGrid,16,9,so,87.180,87.420,RB,6.9786,6.52,2
audio12.TextGrid,16,10,and,87.420,87.530,CC,8.5650,7.41,3
audio12.TextGrid,16,11,respected,87.530,88.000,VBD,17.9750,4.11,9
audio12.TextGrid,16,12,it,88.000,88.210,PRP,1.7944,6.95,2
audio12.TextGrid,17,1,but,88.850,89.020,CC,16.1685,6.63,3
audio12.TextGrid,17,2,now,89.020,89.420,RB,7.8851,6.18,2
audio12.TextGrid,17,3,he,89.540,89.660,PRP,7.2133,6.69,2
audio12.TextGrid,17,4,said,89.660,89.850,VBD,7.5949,6.01,3
audio12.TextGrid,17,5,his,89.850,90.010,PRP$,6.2209,6.51,3
audio12.TextGrid,17,6,thoughts,90.010,90.310,NNS,6.1051,4.75,4
audio12.TextGrid,17,7,aloud,90.310,90.740,VBP,22.0322,3.51,4
audio12.TextGrid,17,8,many,90.740,90.960,JJ,13.5753,5.91,4
audio12.TextGrid,17,9,times,90.960,91.500,NNS,1.9037,5.56,4
audio12.TextGrid,18,1,since,91.940,92.240,IN,16.2736,5.75,4
audio12.TextGrid,18,2,there,92.240,92.340,EX,9.6587,6.31,3
audio12.TextGrid,18,3,was,92.340,92.540,VBD,2.0834,6.82,3
audio12.TextGrid,18,4,no,92.540,92.700,DT,4.6721,6.35,2
audio12.TextGrid,18,5,one,92.700,92.930,NN,6.3860,6.47,3
audio12.TextGrid,18,6,that,92.930,93.040,IN,7.8566,7.01,3
audio12.TextGrid,18,7,they,93.040,93.160,PRP,8.4246,6.5,2
audio12.TextGrid,18,8,could,93.160,93.340,MD,5.9406,6.06,3
audio12.TextGrid,18,9,annoy,93.340,93.730,VB,19.2938,3.46,3
audio12.TextGrid,19,1,if,96.180,96.340,IN,13.0425,6.47,2
audio12.TextGrid,19,2,the,96.340,96.470,DT,5.0502,7.73,2
audio12.TextGrid,19,3,others,96.470,96.790,NNS,12.4308,5.42,4
audio12.TextGrid,19,4,heard,96.790,97.010,VBD,9.8051,5.27,3
audio12.TextGrid,19,5,me,97.010,97.120,PRP,6.7738,6.48,2
audio12.TextGrid,19,6,talking,97.120,97.520,VBG,8.3819,5.29,5
audio12.TextGrid,19,7,out,97.520,97.740,RP,7.8379,6.38,2
audio12.TextGrid,19,8,loud,97.740,97.980,NN,15.1637,4.53,3
audio12.TextGrid,19,9,they,97.980,98.060,PRP,8.3621,6.5,2
audio12.TextGrid,19,10,would,98.060,98.220,MD,2.6482,6.27,3
audio12.TextGrid,19,11,think,98.220,98.410,VB,7.0031,6.08,4
audio12.TextGrid,19,12,that,98.410,98.550,IN,3.7050,7.01,3
audio12.TextGrid,19,13,i,98.550,98.690,NN,2.4388,7.09,1
audio12.TextGrid,19,14,am,98.690,98.780,VBP,4.4077,5.78,2
audio12.TextGrid,19,15,crazy,98.780,99.340,NN,8.5328,5.07,5
audio12.TextGrid,19,16,he,99.730,99.850,PRP,9.5565,6.69,2
audio12.TextGrid,19,17,said,99.850,100.040,VBD,7.2639,6.01,3
audio12.TextGrid,19,18,aloud,100.040,100.470,NN,23.1206,3.51,4
audio12.TextGrid,20,1,but,101.120,101.270,CC,16.1685,6.63,3
audio12.TextGrid,20,2,since,101.270,101.540,IN,13.7330,5.75,4
audio12.TextGrid,20,3,i,101.540,101.660,NN,4.7329,7.09,1
audio12.TextGrid,20,4,am,101.660,101.770,VBP,6.7955,5.78,2
audio12.TextGrid,20,5,not,101.770,101.960,RB,6.9601,6.69,3
audio12.TextGrid,20,6,crazy,101.960,102.510,JJ,10.8086,5.07,5
audio12.TextGrid,20,7,i,102.570,102.690,NNS,4.3242,7.09,1
audio12.TextGrid,20,8,do,102.690,102.800,VBP,4.5348,6.35,2
audio12.TextGrid,20,9,not,102.800,103.020,RB,0.3837,6.69,3
audio12.TextGrid,20,10,care,103.020,103.410,VB,4.9022,5.56,3
audio12.TextGrid,21,1,and,104.120,104.230,CC,13.4350,7.41,2
audio12.TextGrid,21,2,the,104.230,104.320,DT,6.4323,7.73,2
audio12.TextGrid,21,3,rich,104.320,104.560,JJ,11.0393,4.91,3
audio12.TextGrid,21,4,have,104.560,104.740,VBP,11.6156,6.71,3
audio12.TextGrid,21,5,radios,104.740,105.290,VBN,22.1745,3.41,6
audio12.TextGrid,21,6,to,105.290,105.400,TO,6.0790,7.43,2
audio12.TextGrid,21,7,talk,105.400,105.680,VB,6.2424,5.42,3
audio12.TextGrid,21,8,to,105.680,105.800,TO,3.0903,7.43,2
audio12.TextGrid,21,9,them,105.800,105.980,PRP,7.4189,6.19,3
audio12.TextGrid,21,10,in,105.980,106.050,IN,5.6088,7.27,2
audio12.TextGrid,21,11,their,106.050,106.200,PRP$,4.2389,6.33,3
audio12.TextGrid,21,12,boats,106.200,106.600,NNS,14.9918,4.25,4
audio12.TextGrid,21,13,and,106.600,106.710,CC,4.5752,7.41,3
audio12.TextGrid,21,14,to,106.710,106.780,TO,6.2710,7.43,2
audio12.TextGrid,21,15,bring,106.780,106.980,VB,6.8229,5.27,4
audio12.TextGrid,21,16,them,106.980,107.100,PRP,1.2668,6.19,3
audio12.TextGrid,21,17,the,107.100,107.170,DT,5.8345,7.73,2
audio12.TextGrid,21,18,baseball,107.170,107.830,NN,13.4758,4.54,6
audio12.TextGrid,22,1,now,109.740,110.070,RB,13.6820,6.18,2
audio12.TextGrid,22,2,is,110.070,110.230,VBZ,8.0590,7.07,2
audio12.TextGrid,22,3,no,110.230,110.420,DT,9.8389,6.35,2
audio12.TextGrid,22,4,time,110.420,110.700,NN,4.9855,6.29,3
audio12.TextGrid,22,5,to,110.700,110.790,TO,1.9968,7.43,2
audio12.TextGrid,22,6,think,110.790,110.970,VB,7.9536,6.08,4
audio12.TextGrid,22,7,of,110.970,111.040,IN,3.3511,7.4,2
audio12.TextGrid,22,8,baseball,111.040,111.600,NN,13.9358,4.54,6
audio12.TextGrid,22,9,he,111.600,111.740,PRP,12.2105,6.69,2
audio12.TextGrid,22,10,thought,111.740,112.090,VBD,16.8603,5.59,3
audio12.TextGrid,23,1,now,112.570,112.840,RB,13.6820,6.18,2
audio12.TextGrid,23,2,is,112.840,112.970,VBZ,8.0590,7.07,2
audio12.TextGrid,23,3,the,112.970,113.070,DT,0.8236,7.73,2
audio12.TextGrid,23,4,time,113.070,113.340,NN,1.4517,6.29,3
audio12.TextGrid,23,5,to,113.340,113.460,TO,1.5044,7.43,2
audio12.TextGrid,23,6,think,113.460,113.640,VB,8.2473,6.08,4
audio12.TextGrid,23,7,of,113.640,113.730,IN,3.7228,7.4,2
audio12.TextGrid,23,8,only,113.730,113.970,RB,11.4190,6.12,4
audio12.TextGrid,23,9,one,113.970,114.220,CD,2.8164,6.47,3
audio12.TextGrid,23,10,thing,114.220,114.620,NN,3.9327,5.72,3
audio12.TextGrid,24,1,that,115.250,115.510,IN,16.1379,7.01,3
audio12.TextGrid,24,2,which,115.510,115.670,WDT,11.9187,6.3,3
audio12.TextGrid,24,3,i,115.670,115.760,NN,4.7985,7.09,1
audio12.TextGrid,24,4,was,115.760,115.910,VBD,5.7802,6.82,3
audio12.TextGrid,24,5,born,115.910,116.230,VBN,8.3224,5.09,4
audio12.TextGrid,25,1,for,116.230,116.580,IN,14.2057,7.01,3
audio12.TextGrid,25,2,there,117.190,117.320,EX,15.2860,6.31,3
audio12.TextGrid,25,3,might,117.320,117.480,MD,10.3585,5.66,3
audio12.TextGrid,25,4,be,117.480,117.660,VB,0.9288,6.79,2
audio12.TextGrid,25,5,a,117.660,117.710,DT,2.1262,7.36,1
audio12.TextGrid,25,6,big,117.710,117.910,JJ,6.4331,5.67,3
audio12.TextGrid,25,7,one,117.910,118.070,CD,7.4060,6.47,3
audio12.TextGrid,25,8,around,118.070,118.370,IN,11.1351,5.77,4
audio12.TextGrid,25,9,that,118.370,118.550,DT,6.6449,7.01,3
audio12.TextGrid,25,10,school,118.550,118.990,NN,10.3842,5.71,4
audio12.TextGrid,25,11,he,118.990,119.110,PRP,9.5212,6.69,2
audio12.TextGrid,25,12,thought,119.110,119.490,VBD,14.7107,5.59,3
audio12.TextGrid,26,1,i,120.040,120.170,NN,5.7704,7.09,1
audio12.TextGrid,26,2,picked,120.170,120.410,VBD,23.1495,4.72,4
audio12.TextGrid,26,3,up,120.410,120.520,RP,2.9585,6.39,2
audio12.TextGrid,26,4,only,120.520,120.760,RB,11.1106,6.12,4
audio12.TextGrid,26,5,a,120.760,120.800,DT,4.2374,7.36,1
audio12.TextGrid,26,6,straggler,120.800,121.310,NN,35.0304,1.96,7
audio12.TextGrid,26,7,from,121.310,121.480,IN,5.8880,6.63,4
audio12.TextGrid,26,8,the,121.480,121.590,DT,2.1190,7.73,2
audio12.TextGrid,26,9,albacore,121.590,122.090,NN,22.5286,2.23,7
audio12.TextGrid,26,10,that,122.090,122.280,WDT,8.8638,7.01,3
audio12.TextGrid,26,11,were,122.280,122.370,VBD,7.7309,6.34,2
audio12.TextGrid,26,12,feeding,122.370,122.800,VBG,12.6594,4.28,5
audio12.TextGrid,27,1,but,123.470,123.630,CC,16.1685,6.63,3
audio12.TextGrid,27,2,they,123.630,123.710,PRP,9.2305,6.5,2
audio12.TextGrid,27,3,are,123.710,123.810,VBP,2.9370,6.74,2
audio12.TextGrid,27,4,working,123.810,124.200,VBG,8.8661,5.45,5
audio12.TextGrid,27,5,far,124.200,124.530,RB,10.8842,5.5,3
audio12.TextGrid,27,6,out,124.530,124.760,RB,5.2502,6.38,2
audio12.TextGrid,27,7,and,124.760,124.890,CC,6.7546,7.41,3
audio12.TextGrid,27,8,fast,124.890,125.450,RB,9.3032,5.13,4
audio12.TextGrid,28,1,everything,126.640,127.090,NN,16.6066,5.54,7
audio12.TextGrid,28,2,that,127.090,127.220,WDT,6.4103,7.01,3
audio12.TextGrid,28,3,shows,127.220,127.480,VBZ,10.7191,5.23,3
audio12.TextGrid,28,4,on,127.480,127.600,IN,6.5653,6.91,2
audio12.TextGrid,28,5,the,127.600,127.690,DT,1.9650,7.73,2
audio12.TextGrid,28,6,surface,127.690,128.040,NN,7.0990,4.83,5
audio12.TextGrid,28,7,today,128.040,128.260,NN,10.7072,5.55,4
audio12.TextGrid,28,8,travels,128.260,128.690,VBZ,16.9571,4.05,7
audio12.TextGrid,28,9,very,128.690,128.960,RB,7.6851,6.0,4
audio12.TextGrid,28,10,fast,128.960,129.420,RB,9.7230,5.13,4
audio12.TextGrid,28,11,and,129.420,129.530,CC,3.1366,7.41,3
audio12.TextGrid,28,12,to,129.530,129.630,TO,8.3794,7.43,2
audio12.TextGrid,28,13,the,129.630,129.720,DT,1.7015,7.73,2
audio12.TextGrid,28,14,north,129.720,129.970,JJ,8.0867,5.34,4
audio12.TextGrid,28,15,east,129.970,130.370,NN,8.3979,5.16,3
audio12.TextGrid,29,1,can,131.110,131.240,MD,15.2669,6.46,3
audio12.TextGrid,29,2,that,131.240,131.350,WDT,11.2015,7.01,3
audio12.TextGrid,29,3,be,131.350,131.530,VB,2.2589,6.79,2
audio12.TextGrid,29,4,the,131.530,131.650,DT,3.4786,7.73,2
audio12.TextGrid,29,5,time,131.650,131.930,NN,7.1036,6.29,3
audio12.TextGrid,29,6,of,131.930,132.000,IN,2.6701,7.4,2
audio12.TextGrid,29,7,day,132.000,132.350,NN,5.8567,5.95,2
audio12.TextGrid,30,1,or,132.800,132.930,CC,11.8275,6.54,2
audio12.TextGrid,30,2,is,132.930,133.050,VBZ,12.7896,7.07,2
audio12.TextGrid,30,3,it,133.050,133.170,PRP,2.2402,6.95,2
audio12.TextGrid,30,4,some,133.170,133.330,DT,10.8257,6.2,3
audio12.TextGrid,30,5,sign,133.330,133.600,NN,14.5121,5.08,3
audio12.TextGrid,30,6,of,133.600,133.740,IN,1.8249,7.4,2
audio12.TextGrid,30,7,weather,133.740,134.090,NN,13.9527,4.87,4
audio12.TextGrid,30,8,that,134.090,134.230,IN,3.9294,7.01,3
audio12.TextGrid,30,9,i,134.230,134.340,NN,6.9418,7.09,1
audio12.TextGrid,30,10,do,134.340,134.450,VBP,6.4224,6.35,2
audio12.TextGrid,30,11,not,134.450,134.650,RB,1.1990,6.69,3
audio12.TextGrid,30,12,know,134.700,135.040,VB,2.4056,6.1,2
audio12.TextGrid,31,1,he,136.760,136.860,PRP,13.2074,6.69,2
audio12.TextGrid,31,2,could,136.860,136.990,MD,13.1592,6.06,3
audio12.TextGrid,31,3,not,136.990,137.160,RB,3.4531,6.69,3
audio12.TextGrid,31,4,see,137.160,137.340,VB,7.5674,6.1,2
audio12.TextGrid,31,5,the,137.340,137.440,DT,2.6350,7.73,2
audio12.TextGrid,31,6,green,137.440,137.740,NN,9.0878,5.13,4
audio12.TextGrid,31,7,of,137.740,137.830,IN,6.5606,7.4,2
audio12.TextGrid,31,8,the,137.830,137.920,DT,1.7056,7.73,2
audio12.TextGrid,31,9,shore,137.920,138.240,NN,13.8723,4.33,3
audio12.TextGrid,31,10,now,138.240,138.570,RB,11.8894,6.18,2
audio12.TextGrid,31,11,but,138.570,138.730,CC,7.6450,6.63,3
audio12.TextGrid,31,12,only,138.730,138.950,RB,8.6264,6.12,4
audio12.TextGrid,31,13,the,138.950,139.060,DT,3.0645,7.73,2
audio12.TextGrid,31,14,tops,139.060,139.440,NNS,17.9353,4.07,4
audio12.TextGrid,31,15,of,139.440,139.510,IN,1.7479,7.4,2
audio12.TextGrid,31,16,the,139.510,139.600,DT,0.6383,7.73,2
audio12.TextGrid,31,17,blue,139.600,139.920,NN,7.8931,5.13,3
audio12.TextGrid,31,18,hills,139.920,140.300,VBZ,12.9094,4.46,4
audio12.TextGrid,31,19,that,140.300,140.430,IN,5.9587,7.01,3
audio12.TextGrid,31,20,showed,140.430,140.750,VBD,10.1812,4.86,3
audio12.TextGrid,31,21,white,140.750,141.160,JJ,8.7450,5.51,3
audio12.TextGrid,31,22,as,141.160,141.300,IN,6.7950,6.77,2
audio12.TextGrid,31,23,though,141.300,141.440,IN,18.9377,5.5,2
audio12.TextGrid,31,24,they,141.440,141.530,PRP,2.3645,6.5,2
audio12.TextGrid,31,25,were,141.530,141.650,VBD,3.1003,6.34,2
audio12.TextGrid,31,26,snow,141.650,141.950,VBN,11.1218,4.66,3
audio12.TextGrid,31,27,capped,141.950,142.400,VBN,26.0110,3.67,4
audio12.TextGrid,31,28,and,142.760,142.850,CC,4.5832,7.41,2
audio12.TextGrid,31,29,the,142.850,142.930,DT,4.2427,7.73,2
audio12.TextGrid,31,30,clouds,142.930,143.450,NN,14.6256,4.16,5
audio12.TextGrid,31,31,that,143.450,143.630,WDT,6.2183,7.01,3
audio12.TextGrid,31,32,looked,143.630,143.790,VBD,10.3464,5.11,4
audio12.TextGrid,31,33,like,143.790,144.020,IN,1.0799,6.41,3
audio12.TextGrid,31,34,high,144.020,144.250,JJ,10.4388,5.75,2
audio12.TextGrid,31,35,snow,144.250,144.600,NN,9.9558,4.66,3
audio12.TextGrid,31,36,mountains,144.600,145.090,NNS,12.8775,4.5,7
audio12.TextGrid,31,37,above,145.090,145.410,IN,9.8544,5.2,4
audio12.TextGrid,31,38,them,145.410,145.680,PRP,4.2330,6.19,3
audio12.TextGrid,32,1,the,146.680,146.790,DT,11.8924,7.73,2
audio12.TextGrid,32,2,sea,146.790,147.010,NN,11.6680,5.06,2
audio12.TextGrid,32,3,was,147.010,147.230,VBD,8.2344,6.82,3
audio12.TextGrid,32,4,very,147.230,147.490,RB,9.1490,6.0,4
audio12.TextGrid,32,5,dark,147.490,147.900,JJ,9.1848,5.04,4
audio12.TextGrid,32,6,and,147.900,148.010,CC,3.7005,7.41,2
audio12.TextGrid,32,7,the,148.010,148.100,DT,4.4424,7.73,2
audio12.TextGrid,32,8,light,148.100,148.370,NN,6.7523,5.33,3
audio12.TextGrid,32,9,made,148.370,148.600,VBD,9.8452,5.92,3
audio12.TextGrid,32,10,prisms,148.600,149.110,NNS,27.9937,2.61,7
audio12.TextGrid,32,11,in,149.110,149.190,IN,5.8026,7.27,2
audio12.TextGrid,32,12,the,149.190,149.260,DT,1.5385,7.73,2
audio12.TextGrid,32,13,water,149.260,149.700,NN,7.8261,5.52,4
audio12.TextGrid,33,1,the,150.490,150.560,DT,11.8924,7.73,2
audio12.TextGrid,33,2,myriad,150.560,150.990,NN,22.3901,3.49,6
audio12.TextGrid,33,3,flecks,150.990,151.310,NNS,30.2923,2.53,5
audio12.TextGrid,33,4,of,151.310,151.390,IN,4.7153,7.4,2
audio12.TextGrid,33,5,the,151.390,151.470,DT,2.3898,7.73,2
audio12.TextGrid,33,6,plankton,151.470,152.000,NN,23.0881,3.05,8
audio12.TextGrid,33,7,were,152.000,152.160,VBD,13.1806,6.34,2
audio12.TextGrid,33,8,annulled,152.160,152.570,VBN,31.7994,2.95,5
audio12.TextGrid,33,9,now,152.570,152.820,RB,12.7137,6.18,2
audio12.TextGrid,33,10,by,152.820,153.000,IN,7.3697,6.66,2
audio12.TextGrid,33,11,the,153.000,153.110,DT,1.4868,7.73,2
audio12.TextGrid,33,12,high,153.110,153.320,JJ,10.1169,5.75,2
audio12.TextGrid,33,13,sun,153.320,153.710,NN,13.4259,4.97,3
audio12.TextGrid,33,14,and,154.000,154.140,CC,5.1193,7.41,3
audio12.TextGrid,33,15,it,154.140,154.200,PRP,7.1612,6.95,2
audio12.TextGrid,33,16,was,154.200,154.360,VBD,1.5522,6.82,3
audio12.TextGrid,33,17,only,154.360,154.590,RB,7.1702,6.12,4
audio12.TextGrid,33,18,the,154.590,154.680,DT,3.8591,7.73,2
audio12.TextGrid,33,19,great,154.680,154.960,JJ,6.2177,5.88,4
audio12.TextGrid,33,20,deep,154.980,155.180,JJ,11.9541,5.05,3
audio12.TextGrid,33,21,prisms,155.210,155.700,NN,23.3377,2.61,7
audio12.TextGrid,33,22,in,155.700,155.790,IN,5.4248,7.27,2
audio12.TextGrid,33,23,the,155.790,155.860,DT,0.8618,7.73,2
audio12.TextGrid,33,24,blue,155.860,156.030,JJ,10.4421,5.13,3
audio12.TextGrid,33,25,water,156.030,156.550,NN,9.0398,5.52,4
audio12.TextGrid,33,26,that,156.550,156.710,IN,2.1570,7.01,3
audio12.TextGrid,33,27,the,156.710,156.790,DT,6.4390,7.73,2
audio12.TextGrid,33,28,old,156.790,157.010,JJ,8.9751,5.75,3
audio12.TextGrid,33,29,man,157.010,157.250,NN,4.4934,5.82,3
audio12.TextGrid,33,30,saw,157.250,157.520,VBD,6.1615,5.34,2
audio12.TextGrid,33,31,now,157.520,157.880,RB,10.5156,6.18,2
audio12.TextGrid,33,32,with,158.020,158.150,IN,7.3664,6.85,3
audio12.TextGrid,33,33,his,158.150,158.320,PRP$,3.6960,6.51,3
audio12.TextGrid,33,34,lines,158.320,158.800,NNS,11.5147,4.95,4
audio12.TextGrid,33,35,going,158.800,159.100,VBG,9.2265,5.94,4
audio12.TextGrid,33,36,straight,159.100,159.440,RB,11.2312,5.04,5
audio12.TextGrid,33,37,down,159.480,159.840,RB,4.9394,5.88,3
audio12.TextGrid,33,38,into,159.840,160.000,IN,5.6954,6.11,4
audio12.TextGrid,33,39,the,160.000,160.090,DT,0.4336,7.73,2
audio12.TextGrid,33,40,water,160.090,160.440,NN,5.2191,5.52,4
audio12.TextGrid,33,41,that,160.440,160.630,WDT,6.7314,7.01,3
audio12.TextGrid,33,42,was,160.630,160.770,VBD,5.7581,6.82,3
audio12.TextGrid,33,43,a,160.770,160.820,DT,4.9278,7.36,1
audio12.TextGrid,33,44,mile,160.820,161.200,JJ,13.1407,4.59,3
audio12.TextGrid,33,45,deep,161.200,161.530,NN,11.7820,5.05,3
audio12.TextGrid,34,1,the,163.700,163.790,DT,11.8924,7.73,2
audio12.TextGrid,34,2,tuna,163.790,164.230,NN,16.8817,3.64,4
audio12.TextGrid,34,3,the,164.460,164.550,DT,11.7426,7.73,2
audio12.TextGrid,34,4,fishermen,164.550,164.940,NNS,22.2161,3.65,7
audio12.TextGrid,34,5,called,164.940,165.210,VBD,13.6250,5.59,4
audio12.TextGrid,34,6,all,165.210,165.350,PDT,8.3695,6.52,2
audio12.TextGrid,34,7,the,165.350,165.430,DT,2.4773,7.73,2
audio12.TextGrid,34,8,fish,165.430,165.670,NN,9.1725,4.9,3
audio12.TextGrid,34,9,of,165.670,165.730,IN,5.0778,7.4,2
audio12.TextGrid,34,10,that,165.730,165.900,DT,9.4885,7.01,3
audio12.TextGrid,34,11,species,165.900,166.450,NNS,11.3281,4.85,6
audio12.TextGrid,34,12,tuna,166.450,166.740,NN,11.6683,3.64,5
audio12.TextGrid,34,13,and,166.740,167.000,CC,5.4128,7.41,3
audio12.TextGrid,34,14,only,167.000,167.200,RB,10.3013,6.12,4
audio12.TextGrid,34,15,distinguished,167.200,167.760,VBD,22.2986,4.2,11
audio12.TextGrid,34,16,among,167.760,168.030,IN,13.9561,5.31,4
audio12.TextGrid,34,17,them,168.030,168.150,PRP,2.5747,6.19,3
audio12.TextGrid,34,18,by,168.150,168.310,IN,7.3747,6.66,2
audio12.TextGrid,34,19,their,168.310,168.430,PRP$,3.4813,6.33,3
audio12.TextGrid,34,20,proper,168.430,168.770,JJ,11.3221,4.72,5
audio12.TextGrid,34,21,names,168.770,169.160,NNS,8.8360,4.91,4
audio12.TextGrid,34,22,when,169.160,169.270,WRB,9.6062,6.37,3
audio12.TextGrid,34,23,they,169.270,169.340,PRP,1.2887,6.5,2
audio12.TextGrid,34,24,came,169.340,169.570,VBD,5.9052,5.5,3
audio12.TextGrid,34,25,to,169.570,169.670,TO,1.7543,7.43,2
audio12.TextGrid,34,26,sell,169.670,169.970,VB,10.5452,4.98,3
audio12.TextGrid,34,27,them,169.970,170.150,PRP,2.7212,6.19,3
audio12.TextGrid,34,28,or,170.150,170.240,CC,8.0464,6.54,1
audio12.TextGrid,34,29,to,170.240,170.350,TO,4.0639,7.43,2
audio12.TextGrid,34,30,trade,170.350,170.580,VB,9.6368,5.12,4
audio12.TextGrid,34,31,them,170.580,170.710,PRP,0.6130,6.19,3
audio12.TextGrid,34,32,for,170.710,170.820,IN,2.4429,7.01,2
audio12.TextGrid,34,33,baits,170.820,171.220,NNS,18.4323,2.65,4
audio12.TextGrid,34,34,were,171.920,172.010,VBD,11.5714,6.34,2
audio12.TextGrid,34,35,down,172.010,172.240,RB,12.1172,5.88,3
audio12.TextGrid,34,36,again,172.240,172.630,RB,9.6458,5.7,4
audio12.TextGrid,35,1,the,173.360,173.460,DT,11.8924,7.73,2
audio12.TextGrid,35,2,sun,173.460,173.680,NN,8.7749,4.97,3
audio12.TextGrid,35,3,was,173.680,173.880,VBD,9.7753,6.82,3
audio12.TextGrid,35,4,hot,173.880,174.070,JJ,7.8450,5.16,3
audio12.TextGrid,35,5,now,174.120,174.420,RB,9.7136,6.18,2
audio12.TextGrid,35,6,and,174.670,174.750,CC,3.5687,7.41,2
audio12.TextGrid,35,7,the,174.750,174.850,DT,2.8135,7.73,2
audio12.TextGrid,35,8,old,174.850,175.070,JJ,10.3775,5.75,3
audio12.TextGrid,35,9,man,175.070,175.360,NN,3.6052,5.82,3
audio12.TextGrid,35,10,felt,175.360,175.590,VBD,11.3100,5.13,4
audio12.TextGrid,35,11,it,175.590,175.680,PRP,4.8212,6.95,2
audio12.TextGrid,35,12,on,175.680,175.780,IN,5.0736,6.91,2
audio12.TextGrid,35,13,the,175.780,175.850,DT,2.0141,7.73,2
audio12.TextGrid,35,14,back,175.850,176.100,NN,6.3951,6.04,3
audio12.TextGrid,35,15,of,176.100,176.180,IN,0.9023,7.4,2
audio12.TextGrid,35,16,his,176.180,176.340,PRP$,0.7497,6.51,3
audio12.TextGrid,35,17,neck,176.340,176.590,NN,7.9305,4.63,3
audio12.TextGrid,36,1,and,177.010,177.090,CC,13.4350,7.41,2
audio12.TextGrid,36,2,felt,177.090,177.270,VBD,19.6618,5.13,4
audio12.TextGrid,36,3,the,177.270,177.380,DT,4.9810,7.73,2
audio12.TextGrid,36,4,sweat,177.380,177.690,NN,13.7006,4.14,4
audio12.TextGrid,36,5,trickle,177.720,178.010,VBD,22.3041,3.25,6
audio12.TextGrid,36,6,down,178.010,178.230,IN,8.3684,5.88,3
audio12.TextGrid,36,7,his,178.230,178.410,PRP$,8.8349,6.51,3
audio12.TextGrid,36,8,back,178.410,178.750,NN,5.2648,6.04,3
audio12.TextGrid,36,9,as,178.750,178.860,IN,6.7138,6.77,2
audio12.TextGrid,36,10,he,178.860,178.950,PRP,1.9615,6.69,2
audio12.TextGrid,36,11,rowed,178.950,179.420,VBD,17.7479,2.78,3
audio13.TextGrid,1,1,i,1.240,1.340,NN,5.7704,7.09,1
audio13.TextGrid,1,2,could,1.340,1.510,MD,14.7898,6.06,3
audio13.TextGrid,1,3,just,1.510,1.820,RB,8.2278,6.43,4
audio13.TextGrid,1,4,drift,1.820,2.230,VB,18.4120,3.82,5
audio13.TextGrid,1,5,he,2.230,2.330,PRP,12.6740,6.69,2
audio13.TextGrid,1,6,thought,2.330,2.730,VBD,17.3838,5.59,3
audio13.TextGrid,1,7,and,2.950,3.070,CC,6.1780,7.41,2
audio13.TextGrid,1,8,sleep,3.070,3.560,JJ,10.5817,5.05,4
audio13.TextGrid,1,9,and,3.560,3.680,CC,4.5766,7.41,2
audio13.TextGrid,1,10,put,3.680,3.890,VBD,8.7508,5.66,3
audio13.TextGrid,1,11,a,3.890,3.930,DT,3.6468,7.36,1
audio13.TextGrid,1,12,bight,3.930,4.200,NN,17.3996,2.67,3
audio13.TextGrid,1,13,of,4.200,4.300,IN,3.6304,7.4,2
audio13.TextGrid,1,14,line,4.300,4.530,NN,14.0828,5.49,3
audio13.TextGrid,1,15,around,4.530,4.820,IN,9.7394,5.77,4
audio13.TextGrid,1,16,my,4.820,4.980,PRP$,3.6208,6.57,2
audio13.TextGrid,1,17,toe,4.980,5.250,NN,10.0430,4.07,2
audio13.TextGrid,1,18,to,5.250,5.310,TO,5.4180,7.43,2
audio13.TextGrid,1,19,wake,5.310,5.570,VB,12.8347,4.76,3
audio13.TextGrid,1,20,me,5.580,5.790,PRP,3.2443,6.48,2
audio13.TextGrid,2,1,but,6.830,6.990,CC,16.1685,6.63,3
audio13.TextGrid,2,2,today,6.990,7.260,NN,12.5780,5.55,4
audio13.TextGrid,2,3,is,7.260,7.390,VBZ,8.0124,7.07,2
audio13.TextGrid,2,4,eighty,7.390,7.670,JJ,13.2887,3.75,3
audio13.TextGrid,2,5,five,7.670,7.930,CD,9.6802,5.45,3
audio13.TextGrid,2,6,days,7.930,8.410,NNS,3.4437,5.61,3
audio13.TextGrid,3,1,and,8.820,8.950,CC,13.4350,7.41,3
audio13.TextGrid,3,2,i,8.950,9.050,NN,8.4071,7.09,1
audio13.TextGrid,3,3,should,9.050,9.290,MD,9.6743,5.99,3
audio13.TextGrid,3,4,fish,9.310,9.560,VB,17.9274,4.9,3
audio13.TextGrid,3,5,the,9.560,9.680,DT,5.1915,7.73,2
audio13.TextGrid,3,6,day,9.680,9.880,NN,8.9089,5.95,2
audio13.TextGrid,3,7,well,9.880,10.350,RB,16.2518,6.03,3
audio13.TextGrid,4,1,just,12.160,12.390,RB,14.7002,6.43,3
audio13.TextGrid,4,2,then,12.390,12.700,RB,13.4896,6.07,3
audio13.TextGrid,4,3,watching,13.080,13.460,VBG,19.8452,5.02,5
audio13.TextGrid,4,4,his,13.460,13.630,PRP$,7.2878,6.51,3
audio13.TextGrid,4,5,lines,13.630,14.140,NNS,12.5581,4.95,4
audio13.TextGrid,5,1,he,14.590,14.680,PRP,13.2074,6.69,2
audio13.TextGrid,5,2,saw,14.680,14.890,VBD,13.7506,5.34,2
audio13.TextGrid,5,3,one,14.890,15.080,CD,7.7147,6.47,3
audio13.TextGrid,5,4,of,15.080,15.150,IN,1.7480,7.4,2
audio13.TextGrid,5,5,the,15.150,15.220,DT,1.1269,7.73,2
audio13.TextGrid,5,6,projecting,15.220,15.740,VBG,18.0051,3.58,9
audio13.TextGrid,5,7,green,15.740,16.080,JJ,11.7461,5.13,4
audio13.TextGrid,5,8,sticks,16.080,16.670,NNS,14.7482,4.14,5
audio13.TextGrid,5,9,dip,16.810,17.090,VBP,16.7736,4.05,3
audio13.TextGrid,5,10,sharply,17.090,17.660,RB,30.3057,3.89,6
audio13.TextGrid,6,1,yes,18.810,19.270,RB,15.5535,5.5,3
audio13.TextGrid,6,2,he,19.610,19.730,PRP,8.8335,6.69,2
audio13.TextGrid,6,3,said,19.730,20.030,VBD,5.4302,6.01,3
audio13.TextGrid,6,4,yes,20.410,20.860,UH,7.4514,5.5,3
audio13.TextGrid,7,1,and,21.680,21.790,CC,13.4350,7.41,2
audio13.TextGrid,7,2,shipped,21.790,22.060,VBD,23.5681,4.03,4
audio13.TextGrid,7,3,his,22.060,22.200,PRP$,12.5969,6.51,3
audio13.TextGrid,7,4,oars,22.200,22.570,NNS,19.1340,3.01,3
audio13.TextGrid,7,5,without,22.570,22.810,IN,8.5909,5.69,5
audio13.TextGrid,7,6,bumping,22.810,23.180,VBG,15.8824,3.29,6
audio13.TextGrid,7,7,the,23.180,23.250,DT,3.4892,7.73,2
audio13.TextGrid,7,8,boat,23.250,23.630,NN,10.2941,4.71,3
audio13.TextGrid,8,1,he,24.800,24.900,PRP,13.2074,6.69,2
audio13.TextGrid,8,2,reached,24.900,25.210,VBD,17.4063,4.85,4
audio13.TextGrid,8,3,out,25.210,25.390,RP,3.8861,6.38,2
audio13.TextGrid,8,4,for,25.390,25.480,IN,5.7664,7.01,2
audio13.TextGrid,8,5,the,25.480,25.580,DT,3.1529,7.73,2
audio13.TextGrid,8,6,line,25.580,25.980,NN,10.5032,5.49,3
audio13.TextGrid,8,7,and,25.980,26.140,CC,5.6964,7.41,3
audio13.TextGrid,8,8,held,26.140,26.330,VBD,11.5917,5.24,4
audio13.TextGrid,8,9,it,26.330,26.440,PRP,3.1427,6.95,2
audio13.TextGrid,8,10,softly,26.440,26.900,RB,20.3761,3.77,6
audio13.TextGrid,8,11,between,26.900,27.240,IN,10.3453,5.77,6
audio13.TextGrid,8,12,the,27.240,27.330,DT,2.0870,7.73,2
audio13.TextGrid,8,13,thumb,27.330,27.590,NN,14.0571,4.01,3
audio13.TextGrid,8,14,and,27.590,27.700,CC,3.5866,7.41,3
audio13.TextGrid,8,15,forefinger,27.700,28.280,NN,32.6204,2.38,8
audio13.TextGrid,8,16,of,28.280,28.370,IN,4.9831,7.4,2
audio13.TextGrid,8,17,his,28.370,28.540,PRP$,2.3768,6.51,3
audio13.TextGrid,8,18,right,28.540,28.770,JJ,9.2909,5.96,3
audio13.TextGrid,8,19,hand,28.770,29.190,NN,6.6752,5.41,4
audio13.TextGrid,9,1,he,30.220,30.330,PRP,13.2074,6.69,2
audio13.TextGrid,9,2,felt,30.330,30.570,VBD,15.0409,5.13,4
audio13.TextGrid,9,3,no,30.570,30.740,DT,10.5349,6.35,2
audio13.TextGrid,9,4,strain,30.740,31.230,NN,15.4745,4.15,5
audio13.TextGrid,9,5,nor,31.230,31.400,CC,11.8606,4.78,3
audio13.TextGrid,9,6,weight,31.400,31.790,NN,11.0492,5.02,3
audio13.TextGrid,10,1,and,32.440,32.530,CC,13.4350,7.41,2
audio13.TextGrid,10,2,he,32.530,32.630,PRP,9.2683,6.69,2
audio13.TextGrid,10,3,held,32.630,32.820,VBD,14.0227,5.24,4
audio13.TextGrid,10,4,the,32.820,32.900,DT,3.5842,7.73,2
audio13.TextGrid,10,5,line,32.900,33.180,NN,10.7654,5.49,3
audio13.TextGrid,10,6,lightly,33.180,33.700,RB,20.4434,3.96,5
audio13.TextGrid,11,1,then,34.530,34.690,RB,17.9329,6.07,3
audio13.TextGrid,11,2,it,34.690,34.770,PRP,8.4189,6.95,2
audio13.TextGrid,11,3,came,34.770,35.000,VBD,9.5707,5.5,3
audio13.TextGrid,11,4,again,35.000,35.400,RB,10.5318,5.7,4
audio13.TextGrid,12,1,this,36.270,36.480,DT,14.7183,6.82,3
audio13.TextGrid,12,2,time,36.480,36.820,NN,8.4194,6.29,3
audio13.TextGrid,12,3,it,36.820,36.930,PRP,5.5148,6.95,2
audio13.TextGrid,12,4,was,36.930,37.040,VBD,3.8795,6.82,3
audio13.TextGrid,12,5,a,37.040,37.110,DT,3.1861,7.36,1
audio13.TextGrid,12,6,tentative,37.110,37.510,JJ,16.5449,3.45,7
audio13.TextGrid,12,7,pull,37.510,37.900,NN,13.5410,4.82,3
audio13.TextGrid,12,8,not,38.050,38.240,RB,11.0542,6.69,3
audio13.TextGrid,12,9,solid,38.240,38.640,JJ,14.5859,4.73,5
audio13.TextGrid,12,10,nor,38.640,38.820,CC,10.7749,4.78,3
audio13.TextGrid,12,11,heavy,38.820,39.200,JJ,12.2994,4.96,4
audio13.TextGrid,12,12,and,39.480,39.600,CC,5.4583,7.41,2
audio13.TextGrid,12,13,he,39.600,39.700,PRP,5.7196,6.69,2
audio13.TextGrid,12,14,knew,39.700,39.880,VBD,7.8201,5.2,3
audio13.TextGrid,12,15,exactly,39.880,40.390,RB,10.2095,5.15,8
audio13.TextGrid,12,16,what,40.390,40.540,WP,0.7944,6.38,3
audio13.TextGrid,12,17,it,40.540,40.680,PRP,2.9799,6.95,2
audio13.TextGrid,12,18,was,40.680,41.070,VBD,1.2211,6.82,3
audio13.TextGrid,12,19,one,42.070,42.250,CD,11.0380,6.47,3
audio13.TextGrid,12,20,hundred,42.250,42.570,NN,7.6839,4.71,7
audio13.TextGrid,12,21,fathoms,42.570,42.990,NNS,25.8616,2.49,6
audio13.TextGrid,12,22,down,42.990,43.380,RP,8.8318,5.88,3
audio13.TextGrid,12,23,a,43.380,43.450,DT,6.5124,7.36,1
audio13.TextGrid,12,24,marlin,43.450,43.980,NN,18.1115,3.01,6
audio13.TextGrid,12,25,was,43.980,44.230,VBD,8.8525,6.82,3
audio13.TextGrid,12,26,eating,44.230,44.510,VBG,11.5773,4.85,4
audio13.TextGrid,12,27,the,44.510,44.600,DT,6.7459,7.73,2
audio13.TextGrid,12,28,sardines,44.600,45.340,NNS,21.8808,2.93,7
audio13.TextGrid,12,29,that,45.340,45.480,WDT,4.5589,7.01,3
audio13.TextGrid,12,30,covered,45.480,45.780,VBD,11.5297,4.83,5
audio13.TextGrid,12,31,the,45.780,45.860,DT,2.0312,7.73,2
audio13.TextGrid,12,32,point,45.860,46.300,NN,10.7458,5.54,4
audio13.TextGrid,12,33,and,46.300,46.390,CC,4.7884,7.41,2
audio13.TextGrid,12,34,the,46.390,46.490,DT,3.7490,7.73,2
audio13.TextGrid,12,35,shank,46.490,46.880,NN,14.6076,3.07,4
audio13.TextGrid,12,36,of,46.880,46.970,IN,2.7570,7.4,2
audio13.TextGrid,12,37,the,46.970,47.070,DT,1.3572,7.73,2
audio13.TextGrid,12,38,hook,47.070,47.420,NN,11.9773,4.37,3
audio13.TextGrid,12,39,where,47.420,47.520,WRB,9.3445,6.0,3
audio13.TextGrid,12,40,the,47.520,47.580,DT,1.8051,7.73,2
audio13.TextGrid,12,41,hand,47.580,47.900,NN,9.9176,5.41,4
audio13.TextGrid,12,42,forged,47.900,48.340,VBD,18.2411,3.72,5
audio13.TextGrid,12,43,hook,48.340,48.500,NN,11.9793,4.37,3
audio13.TextGrid,12,44,projected,48.530,49.030,VBN,16.8160,3.99,9
audio13.TextGrid,12,45,from,49.030,49.200,IN,6.4869,6.63,3
audio13.TextGrid,12,46,the,49.200,49.270,DT,3.1520,7.73,2
audio13.TextGrid,12,47,head,49.270,49.550,NN,5.1323,5.51,3
audio13.TextGrid,12,48,of,49.550,49.630,IN,2.8970,7.4,2
audio13.TextGrid,12,49,the,49.630,49.730,DT,0.7739,7.73,2
audio13.TextGrid,12,50,small,49.730,50.060,JJ,9.9255,5.51,4
audio13.TextGrid,12,51,tuna,50.060,50.410,NN,15.9601,3.64,4
audio13.TextGrid,13,1,the,52.100,52.220,DT,11.8924,7.73,2
audio13.TextGrid,13,2,old,52.220,52.420,JJ,9.2031,5.75,3
audio13.TextGrid,13,3,man,52.420,52.660,NN,4.4194,5.82,3
audio13.TextGrid,13,4,held,52.660,52.890,VBD,10.9075,5.24,4
audio13.TextGrid,13,5,the,52.890,52.970,DT,2.8754,7.73,2
audio13.TextGrid,13,6,line,52.970,53.260,NN,10.1513,5.49,3
audio13.TextGrid,13,7,delicately,53.260,53.980,RB,24.6871,3.05,9
audio13.TextGrid,13,8,and,54.290,54.470,CC,5.2189,7.41,3
audio13.TextGrid,13,9,softly,54.470,55.060,RB,18.2424,3.77,6
audio13.TextGrid,13,10,with,55.060,55.230,IN,4.9937,6.85,3
audio13.TextGrid,13,11,his,55.230,55.390,PRP$,2.5414,6.51,3
audio13.TextGrid,13,12,left,55.390,55.640,JJ,8.4284,5.62,4
audio13.TextGrid,13,13,hand,55.640,56.030,NN,5.5331,5.41,4
audio13.TextGrid,13,14,unleashed,56.030,56.490,VBD,19.2690,3.47,6
audio13.TextGrid,13,15,it,56.490,56.600,PRP,9.1894,6.95,2
audio13.TextGrid,13,16,from,56.600,56.770,IN,6.9208,6.63,4
audio13.TextGrid,13,17,the,56.770,56.830,DT,1.9657,7.73,2
audio13.TextGrid,13,18,stick,56.830,57.230,NN,11.4384,4.76,4
audio13.TextGrid,14,1,now,58.170,58.440,RB,13.6820,6.18,2
audio13.TextGrid,14,2,he,58.440,58.540,PRP,9.4990,6.69,2
audio13.TextGrid,14,3,could,58.540,58.690,MD,9.7335,6.06,3
audio13.TextGrid,14,4,let,58.690,58.840,VB,10.2594,5.6,3
audio13.TextGrid,14,5,it,58.840,58.970,PRP,4.2479,6.95,2
audio13.TextGrid,14,6,run,58.970,59.190,VB,6.9232,5.49,3
audio13.TextGrid,14,7,through,59.190,59.360,IN,5.1566,5.87,3
audio13.TextGrid,14,8,his,59.360,59.550,PRP$,1.9048,6.51,3
audio13.TextGrid,14,9,fingers,59.550,60.100,NNS,8.1386,4.5,6
audio13.TextGrid,14,10,without,60.100,60.330,IN,7.2994,5.69,5
audio13.TextGrid,14,11,the,60.330,60.450,DT,4.7843,7.73,2
audio13.TextGrid,14,12,fish,60.450,60.770,JJ,11.8057,4.9,3
audio13.TextGrid,14,13,feeling,60.770,61.100,NN,10.4148,5.13,5
audio13.TextGrid,14,14,any,61.100,61.270,DT,8.2706,6.07,3
audio13.TextGrid,14,15,tension,61.270,61.840,NN,15.7129,4.22,6
audio13.TextGrid,15,1,this,63.250,63.470,DT,14.7183,6.82,3
audio13.TextGrid,15,2,far,63.470,63.730,RB,13.1488,5.5,3
audio13.TextGrid,15,3,out,63.730,64.070,IN,5.8223,6.38,2
audio13.TextGrid,15,4,he,64.260,64.350,PRP,10.6145,6.69,2
audio13.TextGrid,15,5,must,64.350,64.550,MD,8.6216,5.68,4
audio13.TextGrid,15,6,be,64.550,64.730,VB,1.8078,6.79,2
audio13.TextGrid,15,7,huge,64.730,65.310,JJ,11.9335,5.06,4
audio13.TextGrid,15,8,in,65.310,65.410,IN,6.0074,7.27,2
audio13.TextGrid,15,9,this,65.410,65.600,DT,5.9041,6.82,3
audio13.TextGrid,15,10,month,65.600,65.910,NN,9.5767,5.25,4
audio13.TextGrid,15,11,he,65.980,66.130,PRP,8.3601,6.69,2
audio13.TextGrid,15,12,thought,66.130,66.530,VBD,11.4152,5.59,3
audio13.TextGrid,16,1,eat,67.290,67.450,VB,18.2090,5.13,2
audio13.TextGrid,16,2,them,67.450,67.720,PRP,8.1332,6.19,3
audio13.TextGrid,16,3,fish,67.720,68.100,JJ,13.8576,4.9,3
audio13.TextGrid,16,4,eat,68.520,68.650,VB,8.8185,5.13,2
audio13.TextGrid,16,5,them,68.650,68.950,PRP,0.3383,6.19,3
audio13.TextGrid,17,1,please,69.470,70.020,VB,14.3748,5.66,4
audio13.TextGrid,17,2,eat,70.020,70.350,VB,14.8539,5.13,2
audio13.TextGrid,17,3,them,70.350,70.560,PRP,7.9282,6.19,3
audio13.TextGrid,17,4,how,71.490,71.610,WRB,11.9769,6.24,2
audio13.TextGrid,17,5,fresh,71.610,72.060,JJ,18.6679,4.83,4
audio13.TextGrid,17,6,they,72.090,72.270,PRP,2.5503,6.5,2
audio13.TextGrid,17,7,are,72.270,72.580,VBP,0.5289,6.74,2
audio13.TextGrid,17,8,and,72.950,73.070,CC,4.4611,7.41,3
audio13.TextGrid,17,9,you,73.070,73.300,PRP,6.4460,6.98,2
audio13.TextGrid,17,10,down,73.300,73.690,RP,13.8444,5.88,3
audio13.TextGrid,17,11,there,73.690,73.900,RB,13.2582,6.31,3
audio13.TextGrid,17,12,six,73.900,74.170,CD,14.7107,5.29,4
audio13.TextGrid,17,13,hundred,74.170,74.500,VBD,6.8772,4.71,7
audio13.TextGrid,17,14,feet,74.550,74.770,NNS,7.4799,4.99,3
audio13.TextGrid,17,15,in,74.770,74.860,IN,6.0053,7.27,2
audio13.TextGrid,17,16,that,74.860,75.010,DT,8.6002,7.01,3
audio13.TextGrid,17,17,cold,75.010,75.350,JJ,9.9688,5.02,4
audio13.TextGrid,17,18,water,75.350,75.660,NN,7.8892,5.52,4
audio13.TextGrid,17,19,in,75.660,75.750,IN,6.3072,7.27,2
audio13.TextGrid,17,20,the,75.750,75.830,DT,1.9442,7.73,2
audio13.TextGrid,17,21,dark,75.830,76.270,NN,7.3517,5.04,4
audio13.TextGrid,18,1,make,76.830,77.040,VB,17.2095,6.08,3
audio13.TextGrid,18,2,another,77.040,77.330,DT,9.6754,5.74,5
audio13.TextGrid,18,3,turn,77.330,77.660,NN,9.4059,5.32,3
audio13.TextGrid,18,4,in,77.660,77.760,IN,6.3367,7.27,2
audio13.TextGrid,18,5,the,77.760,77.830,DT,1.7369,7.73,2
audio13.TextGrid,18,6,dark,77.830,78.210,NN,8.1745,5.04,4
audio13.TextGrid,18,7,and,78.210,78.290,CC,5.9819,7.41,2
audio13.TextGrid,18,8,come,78.290,78.540,VB,8.0694,5.78,3
audio13.TextGrid,18,9,back,78.540,78.810,RB,2.6367,6.04,3
audio13.TextGrid,18,10,and,78.920,79.220,CC,5.9974,7.41,3
audio13.TextGrid,18,11,eat,79.220,79.370,VB,9.8038,5.13,2
audio13.TextGrid,18,12,them,79.410,79.710,PRP,6.7826,6.19,3
audio13.TextGrid,19,1,he,81.490,81.600,PRP,13.2074,6.69,2
audio13.TextGrid,19,2,felt,81.600,81.790,VBD,15.0409,5.13,4
audio13.TextGrid,19,3,the,81.790,81.900,DT,4.9260,7.73,2
audio13.TextGrid,19,4,light,81.900,82.100,JJ,9.6432,5.33,3
audio13.TextGrid,19,5,delicate,82.100,82.560,NN,22.7916,4.01,7
audio13.TextGrid,19,6,pulling,82.560,82.980,NN,17.3361,4.35,5
audio13.TextGrid,19,7,and,83.120,83.240,CC,6.6096,7.41,2
audio13.TextGrid,19,8,then,83.240,83.370,RB,5.8176,6.07,3
audio13.TextGrid,19,9,a,83.370,83.400,DT,6.6911,7.36,1
audio13.TextGrid,19,10,harder,83.400,83.780,NN,15.4226,4.57,5
audio13.TextGrid,19,11,pull,83.780,84.140,NN,5.7075,4.82,3
audio13.TextGrid,19,12,when,84.140,84.280,WRB,7.9134,6.37,3
audio13.TextGrid,19,13,a,84.280,84.340,DT,6.1180,7.36,1
audio13.TextGrid,19,14,sardine,84.340,84.830,NN,23.5617,2.66,6
audio13.TextGrid,19,15,s,84.830,84.920,JJ,4.7751,5.86,1
audio13.TextGrid,19,16,head,84.920,85.160,NN,18.9896,5.51,3
audio13.TextGrid,19,17,must,85.160,85.330,MD,10.6855,5.68,4
audio13.TextGrid,19,18,have,85.330,85.420,VB,2.8985,6.71,3
audio13.TextGrid,19,19,been,85.420,85.580,VBN,2.5377,6.27,3
audio13.TextGrid,19,20,more,85.580,85.750,RBR,8.3690,6.36,3
audio13.TextGrid,19,21,difficult,85.750,86.230,JJ,9.4866,5.07,8
audio13.TextGrid,19,22,to,86.230,86.300,TO,3.4381,7.43,2
audio13.TextGrid,19,23,break,86.300,86.570,VB,7.4133,5.18,4
audio13.TextGrid,19,24,from,86.570,86.760,IN,7.5124,6.63,3
audio13.TextGrid,19,25,the,86.760,86.860,DT,1.4460,7.73,2
audio13.TextGrid,19,26,hook,86.860,87.220,NN,12.2064,4.37,3
audio13.TextGrid,20,1,then,88.080,88.240,RB,17.9329,6.07,3
audio13.TextGrid,20,2,there,88.240,88.330,EX,9.5202,6.31,3
audio13.TextGrid,20,3,was,88.330,88.520,VBD,2.4965,6.82,3
audio13.TextGrid,20,4,nothing,88.520,88.900,NN,6.7419,5.55,5
audio13.TextGrid,21,1,come,90.370,90.570,VBN,18.2244,5.78,3
audio13.TextGrid,21,2,on,90.570,90.930,IN,1.2720,6.91,2
audio13.TextGrid,21,3,the,91.210,91.340,DT,7.7544,7.73,2
audio13.TextGrid,21,4,old,91.340,91.540,JJ,9.9258,5.75,3
audio13.TextGrid,21,5,man,91.540,91.770,NN,5.7336,5.82,3
audio13.TextGrid,21,6,said,91.770,91.970,VBD,12.3447,6.01,3
audio13.TextGrid,21,7,aloud,91.970,92.400,JJ,21.5046,3.51,4
audio13.TextGrid,22,1,make,93.060,93.280,VB,17.2095,6.08,3
audio13.TextGrid,22,2,another,93.280,93.570,DT,9.6754,5.74,5
audio13.TextGrid,22,3,turn,93.570,94.090,NN,9.4059,5.32,3
audio13.TextGrid,22,4,just,94.790,95.210,RB,11.3515,6.43,4
audio13.TextGrid,22,5,smell,95.210,95.700,VB,17.0320,4.49,4
audio13.TextGrid,22,6,them,95.700,96.000,PRP,7.7833,6.19,3
audio13.TextGrid,22,7,aren,96.740,96.990,RP,16.6966,2.81,4
audio13.TextGrid,23,1,t,96.990,97.090,NN,7.2320,5.43,1
audio13.TextGrid,23,2,they,97.090,97.210,PRP,21.6658,6.5,2
audio13.TextGrid,23,3,lovely,97.210,97.780,RB,20.0543,4.74,5
audio13.TextGrid,23,4,eat,98.500,98.670,VBP,8.5222,5.13,2
audio13.TextGrid,23,5,them,98.670,98.890,PRP,6.0289,6.19,3
audio13.TextGrid,23,6,good,98.890,99.180,JJ,10.9108,6.12,3
audio13.TextGrid,23,7,now,99.180,99.530,RB,10.1088,6.18,2
audio13.TextGrid,24,1,and,99.940,100.020,CC,13.4350,7.41,2
audio13.TextGrid,24,2,then,100.020,100.350,RB,7.3825,6.07,3
audio13.TextGrid,24,3,there,100.350,100.490,EX,2.2818,6.31,3
audio13.TextGrid,24,4,is,100.490,100.630,VBZ,2.9010,7.07,2
audio13.TextGrid,24,5,the,100.630,100.730,DT,2.0277,7.73,2
audio13.TextGrid,24,6,tuna,100.730,101.210,JJ,17.4877,3.64,4
audio13.TextGrid,24,7,hard,101.740,102.280,NN,12.7491,5.53,4
audio13.TextGrid,24,8,and,102.280,102.430,CC,8.1227,7.41,2
audio13.TextGrid,24,9,cold,102.430,102.880,NN,10.1423,5.02,4
audio13.TextGrid,24,10,and,102.880,103.010,CC,7.4607,7.41,2
audio13.TextGrid,24,11,lovely,103.010,103.560,RB,13.0433,4.74,5
audio13.TextGrid,25,1,don,104.320,104.520,NN,14.9136,4.6,3
audio13.TextGrid,25,2,t,104.520,104.570,NN,9.2491,5.43,1
audio13.TextGrid,25,3,be,104.570,104.700,VB,14.2609,6.79,2
audio13.TextGrid,25,4,shy,104.700,105.050,JJ,16.2283,4.16,2
audio13.TextGrid,25,5,fish,105.050,105.430,NN,17.3006,4.9,3
audio13.TextGrid,26,1,eat,105.910,106.030,VB,18.2090,5.13,2
audio13.TextGrid,26,2,them,106.030,106.370,PRP,8.1332,6.19,3
audio13.TextGrid,26,3,he,109.040,109.150,PRP,7.6040,6.69,2
audio13.TextGrid,26,4,waited,109.150,109.480,VBD,16.8000,4.26,5
audio13.TextGrid,26,5,with,109.480,109.600,IN,8.1570,6.85,3
audio13.TextGrid,26,6,the,109.600,109.690,DT,3.9627,7.73,2
audio13.TextGrid,26,7,line,109.690,109.980,NN,10.4367,5.49,3
audio13.TextGrid,26,8,between,109.980,110.280,IN,9.4058,5.77,6
audio13.TextGrid,26,9,his,110.280,110.440,PRP$,5.6749,6.51,3
audio13.TextGrid,26,10,thumb,110.440,110.700,NN,12.4858,4.01,3
audio13.TextGrid,26,11,and,110.700,110.820,CC,2.3919,7.41,3
audio13.TextGrid,26,12,his,110.820,111.000,PRP$,1.3871,6.51,3
audio13.TextGrid,26,13,finger,111.000,111.390,NN,9.4842,4.48,5
audio13.TextGrid,26,14,watching,111.590,111.970,VBG,19.3729,5.02,5
audio13.TextGrid,26,15,it,111.970,112.200,PRP,6.9133,6.95,2
audio13.TextGrid,26,16,and,112.200,112.290,CC,5.4323,7.41,2
audio13.TextGrid,26,17,the,112.290,112.420,DT,3.3465,7.73,2
audio13.TextGrid,26,18,other,112.420,112.600,JJ,6.0970,6.16,3
audio13.TextGrid,26,19,lines,112.600,112.930,NNS,10.1140,4.95,4
audio13.TextGrid,26,20,at,112.930,112.990,IN,6.1839,6.7,2
audio13.TextGrid,26,21,the,112.990,113.080,DT,1.3650,7.73,2
audio13.TextGrid,26,22,same,113.080,113.340,JJ,5.5997,5.8,3
audio13.TextGrid,26,23,time,113.340,113.790,NN,0.1706,6.29,3
audio13.TextGrid,26,24,for,113.790,113.930,IN,7.6416,7.01,2
audio13.TextGrid,26,25,the,113.930,114.030,DT,2.3560,7.73,2
audio13.TextGrid,26,26,fish,114.030,114.270,NN,10.9492,4.9,3
audio13.TextGrid,26,27,might,114.270,114.430,MD,12.6239,5.66,3
audio13.TextGrid,26,28,have,114.430,114.550,VB,2.5964,6.71,3
audio13.TextGrid,26,29,swum,114.550,114.840,VBN,21.4078,2.43,4
audio13.TextGrid,26,30,up,114.840,115.010,RP,7.6723,6.39,2
audio13.TextGrid,26,31,or,115.010,115.110,CC,7.2877,6.54,2
audio13.TextGrid,26,32,down,115.110,115.580,IN,2.4252,5.88,3
audio13.TextGrid,27,1,then,116.500,116.760,RB,17.9329,6.07,3
audio13.TextGrid,27,2,came,116.760,117.070,VBD,13.5447,5.5,3
audio13.TextGrid,27,3,the,117.070,117.140,DT,3.3059,7.73,2
audio13.TextGrid,27,4,same,117.140,117.570,JJ,8.6324,5.8,3
audio13.TextGrid,27,5,delicate,117.570,118.090,NN,20.8592,4.01,7
audio13.TextGrid,27,6,pulling,118.130,118.480,VBG,17.1868,4.35,5
audio13.TextGrid,27,7,touch,118.480,118.810,NN,13.0628,4.91,3
audio13.TextGrid,27,8,again,118.810,119.130,RB,11.5513,5.7,4
audio13.TextGrid,28,1,he,119.130,119.210,PRP,13.2074,6.69,2
audio13.TextGrid,28,2,ll,121.090,121.220,MD,16.9619,4.66,2
audio13.TextGrid,28,3,take,121.220,121.510,VB,15.4258,5.92,3
audio13.TextGrid,28,4,it,121.510,121.780,PRP,5.6046,6.95,2
audio13.TextGrid,28,5,the,122.070,122.170,DT,7.6672,7.73,2
audio13.TextGrid,28,6,old,122.170,122.360,JJ,9.0470,5.75,3
audio13.TextGrid,28,7,man,122.360,122.580,NN,5.0670,5.82,3
audio13.TextGrid,28,8,said,122.580,122.770,VBD,8.6737,6.01,3
audio13.TextGrid,28,9,aloud,122.770,123.170,JJ,21.6624,3.51,4
audio13.TextGrid,29,1,god,124.040,124.390,NN,15.9446,5.57,3
audio13.TextGrid,29,2,help,124.390,124.650,VBZ,8.9283,5.75,4
audio13.TextGrid,29,3,him,124.650,124.760,PRP,9.1623,6.11,2
audio13.TextGrid,29,4,to,124.760,124.890,TO,6.2493,7.43,2
audio13.TextGrid,29,5,take,124.890,125.160,VB,6.5035,5.92,3
audio13.TextGrid,29,6,it,125.160,125.370,PRP,4.2343,6.95,2
audio13.TextGrid,30,1,he,126.930,127.070,PRP,13.2074,6.69,2
audio13.TextGrid,30,2,did,127.070,127.210,VBD,8.8372,5.96,3
audio13.TextGrid,30,3,not,127.210,127.460,RB,1.9435,6.69,3
audio13.TextGrid,30,4,take,127.460,127.600,VB,7.1285,5.92,3
audio13.TextGrid,30,5,it,127.600,127.690,PRP,5.5451,6.95,2
audio13.TextGrid,31,1,though,127.690,127.940,IN,18.7749,5.5,2
audio13.TextGrid,31,2,he,128.340,128.450,PRP,9.4425,6.69,2
audio13.TextGrid,31,3,was,128.450,128.630,VBD,2.0875,6.82,3
audio13.TextGrid,31,4,gone,128.630,129.050,VBN,10.1222,5.17,3
audio13.TextGrid,31,5,and,129.290,129.400,CC,6.7290,7.41,2
audio13.TextGrid,31,6,the,129.400,129.500,DT,4.8825,7.73,2
audio13.TextGrid,31,7,old,129.500,129.690,JJ,9.4338,5.75,3
audio13.TextGrid,31,8,man,129.690,129.900,NN,2.1191,5.82,3
audio13.TextGrid,31,9,felt,129.900,130.160,VBD,11.5518,5.13,4
audio13.TextGrid,31,10,nothing,130.160,130.610,NN,13.0710,5.55,5
audio13.TextGrid,32,1,he,132.080,132.180,PRP,13.2074,6.69,2
audio13.TextGrid,32,2,can,132.180,132.400,MD,11.4288,6.46,3
audio13.TextGrid,32,3,t,132.400,132.430,VB,7.6157,5.43,1
audio13.TextGrid,32,4,have,132.430,132.530,VB,17.2398,6.71,3
audio13.TextGrid,32,5,gone,132.530,132.900,VBN,11.3480,5.17,3
audio13.TextGrid,32,6,he,133.230,133.360,PRP,9.6770,6.69,2
audio13.TextGrid,32,7,said,133.360,133.670,VBD,9.5933,6.01,3
audio13.TextGrid,33,1,christ,134.180,134.660,NN,17.0108,4.79,5
audio13.TextGrid,33,2,knows,134.660,135.040,VBZ,22.2335,5.07,3
audio13.TextGrid,33,3,he,135.040,135.120,PRP,4.4794,6.69,2
audio13.TextGrid,33,4,can,135.120,135.330,MD,3.9860,6.46,3
audio13.TextGrid,33,5,t,135.330,135.360,VB,7.2832,5.43,1
audio13.TextGrid,33,6,have,135.360,135.450,VB,20.7799,6.71,3
audio13.TextGrid,33,7,gone,135.450,135.820,VBN,11.2301,5.17,3
audio13.TextGrid,34,1,he,136.430,136.550,PRP,13.2074,6.69,2
audio13.TextGrid,34,2,s,136.550,136.590,VBD,11.6978,5.86,1
audio13.TextGrid,34,3,making,136.590,136.900,VBG,20.1497,5.54,5
audio13.TextGrid,34,4,a,136.900,136.960,DT,3.1893,7.36,1
audio13.TextGrid,34,5,turn,136.960,137.500,NN,11.1450,5.32,3
audio13.TextGrid,35,1,maybe,138.330,138.650,RB,19.7770,5.45,4
audio13.TextGrid,35,2,he,138.650,138.780,PRP,8.6512,6.69,2
audio13.TextGrid,35,3,has,138.780,138.930,VBZ,6.8711,6.37,3
audio13.TextGrid,35,4,been,138.930,139.100,VBN,3.9906,6.27,3
audio13.TextGrid,35,5,hooked,139.100,139.320,VBN,13.7227,3.92,4
audio13.TextGrid,35,6,before,139.320,139.800,IN,8.2876,5.93,5
audio13.TextGrid,35,7,and,139.800,139.900,CC,5.4538,7.41,3
audio13.TextGrid,35,8,he,139.900,140.010,PRP,3.5130,6.69,2
audio13.TextGrid,35,9,remembers,140.010,140.580,VBZ,18.0656,3.93,8
audio13.TextGrid,35,10,something,140.580,140.960,NN,9.0778,5.81,6
audio13.TextGrid,35,11,of,140.960,141.090,IN,7.8837,7.4,2
audio13.TextGrid,35,12,it,141.090,141.260,PRP,5.6722,6.95,2
audio13.TextGrid,36,1,then,143.500,143.730,RB,17.9329,6.07,3
audio13.TextGrid,36,2,he,143.730,143.850,PRP,9.1670,6.69,2
audio13.TextGrid,36,3,felt,143.850,144.030,VBD,11.6559,5.13,4
audio13.TextGrid,36,4,the,144.030,144.140,DT,4.0321,7.73,2
audio13.TextGrid,36,5,gentle,144.140,144.450,JJ,12.5537,4.17,6
audio13.TextGrid,36,6,touch,144.450,144.750,NN,19.2432,4.91,3
audio13.TextGrid,36,7,on,144.750,144.850,IN,4.8031,6.91,2
audio13.TextGrid,36,8,the,144.850,144.920,DT,2.2070,7.73,2
audio13.TextGrid,36,9,line,144.920,145.340,NN,10.0121,5.49,3
audio13.TextGrid,36,10,and,145.610,145.720,CC,4.3092,7.41,2
audio13.TextGrid,36,11,he,145.720,145.810,PRP,4.6843,6.69,2
audio13.TextGrid,36,12,was,145.810,145.960,VBD,4.7354,6.82,3
audio13.TextGrid,36,13,happy,145.960,146.440,JJ,8.3161,5.35,4
audio13.TextGrid,37,1,it,147.410,147.560,PRP,11.0007,6.95,2
audio13.TextGrid,37,2,was,147.560,147.670,VBD,3.5299,6.82,3
audio13.TextGrid,37,3,only,147.670,147.910,RB,10.3264,6.12,4
audio13.TextGrid,37,4,his,147.910,148.110,PRP$,11.4114,6.51,3
audio13.TextGrid,37,5,turn,148.110,148.590,NN,11.3133,5.32,3
audio13.TextGrid,37,6,he,148.850,148.970,PRP,12.4436,6.69,2
audio13.TextGrid,37,7,said,148.970,149.310,VBD,6.8728,6.01,3
audio13.TextGrid,37,8,he,149.310,149.390,PRP,5.0737,6.69,2
audio13.TextGrid,37,9,ll,149.770,149.880,MD,17.5915,4.66,2
audio13.TextGrid,37,10,take,149.880,150.190,VB,17.5236,5.92,3
audio13.TextGrid,37,11,it,150.190,150.390,PRP,4.3773,6.95,2
audio13.TextGrid,38,1,he,152.250,152.360,PRP,13.2074,6.69,2
audio13.TextGrid,38,2,was,152.360,152.500,VBD,4.9565,6.82,3
audio13.TextGrid,38,3,happy,152.500,152.880,JJ,10.8838,5.35,4
audio13.TextGrid,38,4,feeling,152.880,153.220,VBG,11.5849,5.13,5
audio13.TextGrid,38,5,the,153.220,153.280,DT,4.1852,7.73,2
audio13.TextGrid,38,6,gentle,153.280,153.590,JJ,12.7923,4.17,6
audio13.TextGrid,38,7,pulling,153.590,154.040,NN,21.6282,4.35,5
audio13.TextGrid,38,8,and,154.380,154.470,CC,6.8818,7.41,2
audio13.TextGrid,38,9,then,154.470,154.620,RB,6.2913,6.07,3
audio13.TextGrid,38,10,he,154.620,154.740,PRP,2.0566,6.69,2
audio13.TextGrid,38,11,felt,154.740,154.950,VBD,8.1708,5.13,4
audio13.TextGrid,38,12,something,154.950,155.270,NN,10.1953,5.81,6
audio13.TextGrid,38,13,hard,155.270,155.750,JJ,9.5526,5.53,4
audio13.TextGrid,38,14,and,155.750,156.000,CC,4.1917,7.41,3
audio13.TextGrid,38,15,unbelievably,156.000,156.740,RB,20.9018,3.42,11
audio13.TextGrid,38,16,heavy,156.740,157.120,JJ,20.1771,4.96,4
audio13.TextGrid,39,1,it,158.120,158.230,PRP,11.0007,6.95,2
audio13.TextGrid,39,2,was,158.230,158.480,VBD,3.5299,6.82,3
audio13.TextGrid,39,3,the,158.480,158.550,DT,5.1326,7.73,2
audio13.TextGrid,39,4,weight,158.550,158.830,NN,14.4859,5.02,3
audio13.TextGrid,39,5,of,158.830,158.910,IN,0.8500,7.4,2
audio13.TextGrid,39,6,the,158.910,159.010,DT,2.7224,7.73,2
audio13.TextGrid,39,7,fish,159.010,159.420,NN,12.3362,4.9,3
audio13.TextGrid,39,8,and,159.680,159.810,CC,4.8361,7.41,2
audio13.TextGrid,39,9,he,159.810,159.890,PRP,6.8778,6.69,2
audio13.TextGrid,39,10,let,159.890,160.050,VB,11.0814,5.6,3
audio13.TextGrid,39,11,the,160.050,160.140,DT,3.6410,7.73,2
audio13.TextGrid,39,12,line,160.140,160.410,NN,11.8715,5.49,3
audio13.TextGrid,39,13,slip,160.410,160.710,VBP,14.9235,4.28,4
audio13.TextGrid,39,14,down,160.730,161.340,RP,4.7855,5.88,3
audio13.TextGrid,39,15,down,161.450,161.960,RB,9.7946,5.88,3
audio13.TextGrid,40,1,down,162.410,162.900,RB,15.5827,5.88,3
audio13.TextGrid,40,2,unrolling,163.240,163.910,VBG,28.1128,1.94,7
audio13.TextGrid,40,3,off,163.910,164.130,RP,9.0045,5.93,2
audio13.TextGrid,40,4,the,164.130,164.270,DT,3.5457,7.73,2
audio13.TextGrid,40,5,first,164.270,164.590,JJ,8.6206,6.11,4
audio13.TextGrid,40,6,of,164.590,164.660,IN,6.1993,7.4,2
audio13.TextGrid,40,7,the,164.660,164.750,DT,3.2251,7.73,2
audio13.TextGrid,40,8,two,164.750,164.890,CD,5.1602,6.1,2
audio13.TextGrid,40,9,reserve,164.890,165.320,NN,16.6641,4.6,5
audio13.TextGrid,41,1,coils,165.320,165.820,NNS,24.5504,3.36,4
audio13.TextGrid,41,2,as,165.820,165.880,IN,10.1015,6.77,2
audio13.TextGrid,41,3,it,167.000,167.170,PRP,6.9846,6.95,2
audio13.TextGrid,41,4,went,167.170,167.400,VBD,9.3432,5.5,4
audio13.TextGrid,41,5,down,167.400,167.860,RB,5.2646,5.88,3
audio13.TextGrid,41,6,slipping,167.860,168.280,VBG,23.5648,3.69,6
audio13.TextGrid,41,7,lightly,168.280,168.700,RB,14.5943,3.96,5
audio13.TextGrid,41,8,through,168.700,168.860,IN,6.9807,5.87,3
audio13.TextGrid,41,9,the,168.860,169.000,DT,1.5424,7.73,2
audio13.TextGrid,41,10,old,169.000,169.180,JJ,11.7679,5.75,3
audio13.TextGrid,41,11,man,169.180,169.400,NN,6.4113,5.82,3
audio13.TextGrid,41,12,s,169.400,169.490,VBZ,8.0173,5.86,1
audio13.TextGrid,41,13,fingers,169.490,169.920,NNS,23.1247,4.5,6
audio13.TextGrid,42,1,he,169.990,170.050,PRP,13.2074,6.69,2
audio13.TextGrid,42,2,still,170.470,170.690,RB,11.8160,5.92,4
audio13.TextGrid,42,3,could,170.690,171.070,MD,7.3678,6.06,3
audio13.TextGrid,42,4,feel,171.070,171.310,VB,9.3340,5.67,3
audio13.TextGrid,42,5,the,171.310,171.410,DT,4.5495,7.73,2
audio13.TextGrid,42,6,great,171.410,171.800,JJ,7.6911,5.88,4
audio13.TextGrid,42,7,weight,171.800,172.160,NN,15.0147,5.02,3
audio13.TextGrid,43,1,though,172.610,172.750,IN,18.7749,5.5,2
audio13.TextGrid,43,2,the,172.750,172.840,DT,3.2649,7.73,2
audio13.TextGrid,43,3,pressure,172.840,173.210,NN,13.4594,5.01,5
audio13.TextGrid,43,4,of,173.210,173.300,IN,1.6026,7.4,2
audio13.TextGrid,43,5,his,173.300,173.450,PRP$,8.6950,6.51,3
audio13.TextGrid,43,6,thumb,173.450,173.660,NN,14.9368,4.01,3
audio13.TextGrid,43,7,and,173.660,173.780,CC,5.4770,7.41,3
audio13.TextGrid,43,8,finger,173.780,174.100,NN,11.8538,4.48,5
audio13.TextGrid,43,9,were,174.100,174.320,VBD,16.4560,6.34,2
audio13.TextGrid,43,10,almost,174.320,174.720,RB,9.9864,5.39,6
audio13.TextGrid,43,11,imperceptible,174.720,175.530,JJ,26.7710,2.49,12
audio13.TextGrid,44,1,what,177.000,177.160,WP,13.9100,6.38,3
audio13.TextGrid,44,2,a,177.160,177.220,DT,6.2495,7.36,1
audio13.TextGrid,44,3,fish,177.220,177.740,NN,13.4426,4.9,3
audio13.TextGrid,44,4,he,177.990,178.110,PRP,11.2696,6.69,2
audio13.TextGrid,44,5,said,178.110,178.490,VBD,7.9049,6.01,3
audio13.TextGrid,45,1,he,179.080,179.190,PRP,13.2074,6.69,2
audio13.TextGrid,45,2,has,179.190,179.380,VBZ,8.5912,6.37,3
audio13.TextGrid,45,3,it,179.380,179.500,PRP,8.3311,6.95,2
audio13.TextGrid,45,4,sideways,179.500,180.060,VBZ,24.5525,3.54,6
audio13.TextGrid,45,5,in,180.060,180.160,IN,6.1723,7.27,2
audio13.TextGrid,45,6,his,180.160,180.310,PRP$,3.5587,6.51,3
audio13.TextGrid,45,7,mouth,180.310,180.670,NN,7.9502,4.83,3
audio13.TextGrid,45,8,now,180.670,180.980,RB,8.4286,6.18,2
audio13.TextGrid,46,1,and,181.430,181.530,CC,13.4350,7.41,2
audio13.TextGrid,46,2,he,181.530,181.630,PRP,9.2683,6.69,2
audio13.TextGrid,46,3,is,181.630,181.730,VBZ,4.6596,7.07,2
audio13.TextGrid,46,4,moving,181.730,182.010,VBG,10.3015,5.02,5
audio13.TextGrid,46,5,off,182.010,182.260,RP,6.3352,5.93,2
audio13.TextGrid,46,6,with,182.260,182.380,IN,5.4742,6.85,3
audio13.TextGrid,46,7,it,182.380,182.620,PRP,4.9991,6.95,2
audio14.TextGrid,1,1,then,1.320,1.530,RB,17.9329,6.07,3
audio14.TextGrid,1,2,he,1.530,1.630,PRP,9.1670,6.69,2
audio14.TextGrid,1,3,will,1.630,1.790,MD,8.9504,6.45,3
audio14.TextGrid,1,4,turn,1.790,2.180,VB,8.5927,5.32,3
audio14.TextGrid,1,5,and,2.180,2.290,CC,8.4993,7.41,2
audio14.TextGrid,1,6,swallow,2.290,2.730,VB,13.7539,3.87,5
audio14.TextGrid,1,7,it,2.730,2.900,PRP,7.0484,6.95,2
audio14.TextGrid,1,8,he,2.990,3.110,PRP,8.6856,6.69,2
audio14.TextGrid,1,9,thought,3.110,3.470,VBD,10.2619,5.59,3
audio14.TextGrid,2,1,he,4.380,4.490,PRP,13.2074,6.69,2
audio14.TextGrid,2,2,did,4.490,4.620,VBD,8.8372,5.96,3
audio14.TextGrid,2,3,not,4.620,4.810,RB,1.9436,6.69,3
audio14.TextGrid,2,4,say,4.810,5.070,VB,5.7882,5.89,2
audio14.TextGrid,2,5,that,5.070,5.240,IN,4.0143,7.01,3
audio14.TextGrid,2,6,because,5.240,5.660,IN,10.3820,6.03,5
audio14.TextGrid,2,7,he,5.660,5.790,PRP,1.8959,6.69,2
audio14.TextGrid,2,8,knew,5.790,6.030,VBD,7.1557,5.2,3
audio14.TextGrid,2,9,that,6.030,6.180,IN,2.7188,7.01,3
audio14.TextGrid,2,10,if,6.180,6.290,IN,7.3207,6.47,2
audio14.TextGrid,2,11,you,6.290,6.390,PRP,2.6269,6.98,2
audio14.TextGrid,2,12,said,6.390,6.610,VBD,7.3243,6.01,3
audio14.TextGrid,2,13,a,6.610,6.660,DT,6.4282,7.36,1
audio14.TextGrid,2,14,good,6.660,6.940,JJ,4.7261,6.12,3
audio14.TextGrid,2,15,thing,6.940,7.240,NN,3.1932,5.72,3
audio14.TextGrid,2,16,it,7.240,7.380,PRP,4.2677,6.95,2
audio14.TextGrid,2,17,might,7.380,7.630,MD,6.0925,5.66,3
audio14.TextGrid,2,18,not,7.630,7.810,RB,4.0134,6.69,3
audio14.TextGrid,2,19,happen,7.810,8.240,VB,4.8848,5.19,5
audio14.TextGrid,3,1,he,9.000,9.120,PRP,13.2074,6.69,2
audio14.TextGrid,3,2,knew,9.120,9.290,VBD,13.6237,5.2,3
audio14.TextGrid,3,3,what,9.290,9.600,WP,4.8584,6.38,3
audio14.TextGrid,3,4,a,9.600,9.630,DT,5.6161,7.36,1
audio14.TextGrid,3,5,huge,9.630,10.020,JJ,8.0105,5.06,3
audio14.TextGrid,3,6,fish,10.020,10.320,NN,12.7596,4.9,3
audio14.TextGrid,3,7,this,10.320,10.590,DT,8.3499,6.82,3
audio14.TextGrid,3,8,was,10.590,11.010,VBD,3.5157,6.82,3
audio14.TextGrid,3,9,and,11.150,11.280,CC,5.7417,7.41,3
audio14.TextGrid,3,10,he,11.280,11.350,PRP,2.9110,6.69,2
audio14.TextGrid,3,11,thought,11.350,11.580,VBD,7.1336,5.59,3
audio14.TextGrid,3,12,of,11.580,11.710,IN,8.6154,7.4,2
audio14.TextGrid,3,13,him,11.710,11.900,PRP,5.6305,6.11,2
audio14.TextGrid,3,14,moving,11.900,12.210,VBG,11.7195,5.02,5
audio14.TextGrid,3,15,away,12.210,12.520,RB,6.0495,5.62,3
audio14.TextGrid,3,16,in,12.520,12.620,IN,5.1736,7.27,2
audio14.TextGrid,3,17,the,12.620,12.690,DT,1.7176,7.73,2
audio14.TextGrid,3,18,darkness,12.690,13.250,NN,9.6324,4.3,7
audio14.TextGrid,3,19,with,13.250,13.380,IN,5.5585,6.85,3
audio14.TextGrid,3,20,the,13.380,13.440,DT,3.0658,7.73,2
audio14.TextGrid,3,21,tuna,13.440,13.730,NN,17.4039,3.64,4
audio14.TextGrid,3,22,held,13.730,14.030,VBD,17.1899,5.24,4
audio14.TextGrid,3,23,crosswise,14.030,14.640,NN,40.2157,2.21,7
audio14.TextGrid,3,24,in,14.640,14.750,IN,3.6065,7.27,2
audio14.TextGrid,3,25,his,14.750,14.890,PRP$,0.6235,6.51,3
audio14.TextGrid,3,26,mouth,14.890,15.260,NN,5.1425,4.83,3
audio14.TextGrid,4,1,at,15.260,15.330,IN,11.5665,6.7,2
audio14.TextGrid,4,2,that,16.370,16.670,DT,12.3225,7.01,3
audio14.TextGrid,4,3,moment,16.670,17.030,NN,7.1534,5.24,6
audio14.TextGrid,4,4,he,17.030,17.120,PRP,9.5055,6.69,2
audio14.TextGrid,4,5,felt,17.120,17.320,VBD,10.0138,5.13,4
audio14.TextGrid,4,6,him,17.320,17.430,PRP,5.8697,6.11,2
audio14.TextGrid,4,7,stop,17.430,17.730,VB,13.1319,5.52,4
audio14.TextGrid,4,8,moving,17.770,18.150,VBG,8.5209,5.02,5
audio14.TextGrid,4,9,but,18.510,18.620,CC,8.8132,6.63,3
audio14.TextGrid,4,10,the,18.620,18.690,DT,4.9033,7.73,2
audio14.TextGrid,4,11,weight,18.690,18.960,NN,13.0551,5.02,3
audio14.TextGrid,4,12,was,18.960,19.060,VBD,5.1065,6.82,3
audio14.TextGrid,4,13,still,19.060,19.400,RB,5.7547,5.92,4
audio14.TextGrid,4,14,there,19.400,19.690,EX,5.4280,6.31,3
audio14.TextGrid,5,1,then,20.510,20.680,RB,17.9329,6.07,3
audio14.TextGrid,5,2,the,20.680,20.750,DT,6.3167,7.73,2
audio14.TextGrid,5,3,weight,20.750,20.970,NN,13.4611,5.02,3
audio14.TextGrid,5,4,increased,20.970,21.630,VBD,13.9948,4.91,7
audio14.TextGrid,5,5,and,21.630,21.730,CC,6.0280,7.41,2
audio14.TextGrid,5,6,he,21.730,21.830,PRP,7.0032,6.69,2
audio14.TextGrid,5,7,gave,21.830,22.120,VBD,15.7500,5.25,3
audio14.TextGrid,5,8,more,22.120,22.530,JJR,3.3047,6.36,3
audio14.TextGrid,5,9,line,22.530,22.720,NN,11.6574,5.49,3
audio14.TextGrid,6,1,he,23.420,23.510,PRP,13.2074,6.69,2
audio14.TextGrid,6,2,tightened,23.510,23.890,VBD,17.7305,3.29,6
audio14.TextGrid,6,3,the,23.890,23.960,DT,2.4382,7.73,2
audio14.TextGrid,6,4,pressure,23.960,24.380,NN,11.6316,5.01,5
audio14.TextGrid,6,5,of,24.380,24.460,IN,3.0255,7.4,2
audio14.TextGrid,6,6,his,24.460,24.620,PRP$,4.7648,6.51,3
audio14.TextGrid,6,7,thumb,24.620,24.820,NN,13.5137,4.01,3
audio14.TextGrid,6,8,and,24.820,24.930,CC,5.1806,7.41,3
audio14.TextGrid,6,9,finger,24.930,25.250,NN,14.1527,4.48,5
audio14.TextGrid,6,10,for,25.250,25.390,IN,6.6919,7.01,2
audio14.TextGrid,6,11,a,25.390,25.440,DT,4.1136,7.36,1
audio14.TextGrid,6,12,moment,25.440,25.810,NN,9.0671,5.24,6
audio14.TextGrid,6,13,and,25.960,26.050,CC,5.6564,7.41,2
audio14.TextGrid,6,14,the,26.050,26.110,DT,5.0836,7.73,2
audio14.TextGrid,6,15,weight,26.110,26.330,NN,11.9881,5.02,3
audio14.TextGrid,6,16,increased,26.330,26.900,VBD,11.4284,4.91,7
audio14.TextGrid,6,17,and,26.900,27.010,CC,5.5536,7.41,2
audio14.TextGrid,6,18,was,27.010,27.180,VBD,8.5564,6.82,3
audio14.TextGrid,6,19,going,27.180,27.500,VBG,8.7042,5.94,4
audio14.TextGrid,6,20,straight,27.500,27.850,RB,14.1022,5.04,5
audio14.TextGrid,6,21,down,27.890,28.350,RP,6.8375,5.88,3
audio14.TextGrid,7,1,he,29.660,29.780,PRP,13.2074,6.69,2
audio14.TextGrid,7,2,s,29.780,29.870,VBZ,11.6978,5.86,1
audio14.TextGrid,7,3,taken,29.870,30.200,VBN,24.1730,5.33,5
audio14.TextGrid,7,4,it,30.200,30.420,PRP,5.4644,6.95,2
audio14.TextGrid,7,5,he,30.570,30.670,PRP,9.1098,6.69,2
audio14.TextGrid,7,6,said,30.670,30.990,VBD,6.2187,6.01,3
audio14.TextGrid,8,1,now,31.670,31.830,RB,13.6820,6.18,2
audio14.TextGrid,8,2,i,31.830,31.860,VBZ,7.2716,7.09,1
audio14.TextGrid,8,3,ll,31.860,32.010,VBP,17.1278,4.66,1
audio14.TextGrid,8,4,let,32.010,32.410,VB,14.3413,5.6,3
audio14.TextGrid,8,5,him,32.410,32.560,PRP,5.7704,6.11,2
audio14.TextGrid,8,6,eat,32.610,32.780,VB,8.9466,5.13,2
audio14.TextGrid,8,7,it,32.780,32.950,PRP,5.3885,6.95,2
audio14.TextGrid,8,8,well,32.950,33.370,RB,10.7113,6.03,3
audio14.TextGrid,9,1,he,34.760,34.870,PRP,13.2074,6.69,2
audio14.TextGrid,9,2,let,34.870,35.010,VBD,13.4353,5.6,3
audio14.TextGrid,9,3,the,35.010,35.130,DT,3.6241,7.73,2
audio14.TextGrid,9,4,line,35.130,35.420,NN,11.1585,5.49,3
audio14.TextGrid,9,5,slip,35.420,35.690,NN,16.0178,4.28,4
audio14.TextGrid,9,6,through,35.690,35.880,IN,5.3381,5.87,3
audio14.TextGrid,9,7,his,35.880,36.020,PRP$,2.8212,6.51,3
audio14.TextGrid,9,8,fingers,36.020,36.560,NNS,9.0141,4.5,6
audio14.TextGrid,9,9,while,36.560,36.740,IN,8.5598,5.86,3
audio14.TextGrid,9,10,he,36.740,36.850,PRP,3.4955,6.69,2
audio14.TextGrid,9,11,reached,36.850,37.200,VBD,9.7731,4.85,4
audio14.TextGrid,9,12,down,37.200,37.470,RP,7.0697,5.88,3
audio14.TextGrid,9,13,with,37.470,37.600,IN,5.8116,6.85,3
audio14.TextGrid,9,14,his,37.600,37.770,PRP$,2.0283,6.51,3
audio14.TextGrid,9,15,left,37.770,38.030,JJ,6.0942,5.62,4
audio14.TextGrid,9,16,hand,38.030,38.420,NN,5.0137,5.41,4
audio14.TextGrid,9,17,and,38.690,38.890,CC,3.6365,7.41,3
audio14.TextGrid,9,18,made,38.890,39.210,VBD,7.9117,5.92,3
audio14.TextGrid,9,19,fast,39.210,39.590,VB,11.9723,5.13,4
audio14.TextGrid,9,20,the,39.590,39.700,DT,8.7642,7.73,2
audio14.TextGrid,9,21,free,39.700,40.060,JJ,13.4661,5.63,3
audio14.TextGrid,9,22,end,40.060,40.310,NN,7.1847,5.68,3
audio14.TextGrid,9,23,of,40.310,40.410,IN,1.6470,7.4,2
audio14.TextGrid,9,24,the,40.410,40.510,DT,1.1463,7.73,2
audio14.TextGrid,9,25,two,40.510,40.680,CD,10.8492,6.1,2
audio14.TextGrid,9,26,reserve,40.680,41.090,NN,18.1891,4.6,5
audio14.TextGrid,9,27,coils,41.090,41.640,NNS,13.2789,3.36,4
audio14.TextGrid,9,28,to,41.640,41.740,TO,5.8464,7.43,2
audio14.TextGrid,9,29,the,41.740,41.840,DT,2.9882,7.73,2
audio14.TextGrid,9,30,loop,41.840,42.080,NN,11.9611,4.29,3
audio14.TextGrid,9,31,of,42.080,42.150,IN,3.5010,7.4,2
audio14.TextGrid,9,32,the,42.150,42.270,DT,2.3711,7.73,2
audio14.TextGrid,9,33,two,42.270,42.460,CD,7.2540,6.1,2
audio14.TextGrid,9,34,reserve,42.460,42.850,NN,6.3152,4.6,5
audio14.TextGrid,9,35,coils,42.850,43.280,NNS,1.5157,3.36,4
audio14.TextGrid,9,36,of,43.280,43.360,IN,6.8033,7.4,2
audio14.TextGrid,9,37,the,43.360,43.460,DT,1.5482,7.73,2
audio14.TextGrid,9,38,next,43.460,43.780,JJ,10.5819,5.7,5
audio14.TextGrid,9,39,line,43.780,44.150,NN,6.3367,5.49,3
audio14.TextGrid,10,1,now,44.890,45.130,RB,13.6820,6.18,2
audio14.TextGrid,10,2,he,45.130,45.250,PRP,9.4990,6.69,2
audio14.TextGrid,10,3,was,45.250,45.410,VBD,7.0333,6.82,3
audio14.TextGrid,10,4,ready,45.410,45.760,JJ,9.1168,5.28,4
audio14.TextGrid,11,1,he,46.460,46.600,PRP,13.2074,6.69,2
audio14.TextGrid,11,2,had,46.600,46.860,VBD,11.3330,6.33,3
audio14.TextGrid,11,3,three,46.860,47.160,CD,9.3895,5.78,3
audio14.TextGrid,11,4,forty,47.160,47.530,NN,15.3033,4.2,5
audio14.TextGrid,11,5,fathom,47.530,47.820,NN,24.1211,3.25,5
audio14.TextGrid,11,6,coils,47.820,48.260,NNS,15.9832,3.36,4
audio14.TextGrid,11,7,of,48.260,48.370,IN,4.7261,7.4,2
audio14.TextGrid,11,8,line,48.370,48.660,NN,13.3559,5.49,3
audio14.TextGrid,11,9,in,48.660,48.750,IN,6.1820,7.27,2
audio14.TextGrid,11,10,reserve,48.750,49.110,NN,19.7817,4.6,5
audio14.TextGrid,11,11,now,49.160,49.420,RB,11.6288,6.18,2
audio14.TextGrid,12,1,as,49.950,50.050,RB,11.5576,6.77,2
audio14.TextGrid,12,2,well,50.050,50.240,RB,12.3437,6.03,3
audio14.TextGrid,12,3,as,50.240,50.350,IN,0.9670,6.77,2
audio14.TextGrid,12,4,the,50.350,50.430,DT,3.5668,7.73,2
audio14.TextGrid,12,5,coil,50.430,50.790,NN,16.7446,3.73,3
audio14.TextGrid,12,6,he,50.790,50.880,PRP,10.5612,6.69,2
audio14.TextGrid,12,7,was,50.880,51.040,VBD,10.9379,6.82,3
audio14.TextGrid,12,8,using,51.040,51.440,VBG,9.4870,5.47,5
audio14.TextGrid,13,1,eat,53.050,53.230,NN,18.2090,5.13,2
audio14.TextGrid,13,2,it,53.230,53.340,PRP,7.3165,6.95,2
audio14.TextGrid,13,3,a,53.340,53.390,DT,8.6366,7.36,1
audio14.TextGrid,13,4,little,53.390,53.860,RB,7.1203,5.75,5
audio14.TextGrid,13,5,more,53.860,54.020,RBR,3.9203,6.36,3
audio14.TextGrid,13,6,he,54.330,54.450,PRP,10.5530,6.69,2
audio14.TextGrid,13,7,said,54.450,54.800,VBD,8.9259,6.01,3
audio14.TextGrid,14,1,eat,55.460,55.600,NN,18.2090,5.13,2
audio14.TextGrid,14,2,it,55.600,55.760,PRP,7.3165,6.95,2
audio14.TextGrid,14,3,well,55.760,56.160,RB,11.8726,6.03,3
audio14.TextGrid,14,4,eat,57.890,58.040,VB,8.9814,5.13,2
audio14.TextGrid,14,5,it,58.040,58.170,PRP,0.1312,6.95,2
audio14.TextGrid,14,6,so,58.170,58.330,RB,7.8478,6.52,2
audio14.TextGrid,14,7,that,58.330,58.470,IN,5.3483,7.01,3
audio14.TextGrid,14,8,the,58.470,58.540,DT,5.0557,7.73,2
audio14.TextGrid,14,9,point,58.540,58.810,NN,9.7103,5.54,4
audio14.TextGrid,14,10,of,58.810,58.890,IN,2.1215,7.4,2
audio14.TextGrid,14,11,the,58.890,58.980,DT,3.0665,7.73,2
audio14.TextGrid,14,12,hook,58.980,59.140,NN,12.9986,4.37,3
audio14.TextGrid,14,13,goes,59.140,59.350,VBZ,10.1006,5.22,3
audio14.TextGrid,14,14,into,59.350,59.530,IN,5.0141,6.11,4
audio14.TextGrid,14,15,your,59.530,59.710,PRP$,4.0437,6.53,3
audio14.TextGrid,14,16,heart,59.710,60.000,NN,7.2515,5.31,4
audio14.TextGrid,14,17,and,60.000,60.090,CC,3.3433,7.41,2
audio14.TextGrid,14,18,kills,60.090,60.520,NNS,9.6844,4.34,4
audio14.TextGrid,14,19,you,60.520,60.710,PRP,1.5164,6.98,2
audio14.TextGrid,14,20,he,60.920,61.030,PRP,8.1692,6.69,2
audio14.TextGrid,14,21,thought,61.030,61.400,VBD,13.9353,5.59,3
audio14.TextGrid,15,1,come,61.850,62.030,VB,18.2244,5.78,3
audio14.TextGrid,15,2,up,62.030,62.270,RP,7.4984,6.39,2
audio14.TextGrid,15,3,easy,62.270,62.710,JJ,13.5883,5.29,3
audio14.TextGrid,15,4,and,62.710,62.850,CC,4.8755,7.41,3
audio14.TextGrid,15,5,let,62.850,63.050,VB,7.9841,5.6,3
audio14.TextGrid,15,6,me,63.050,63.160,PRP,1.5654,6.48,2
audio14.TextGrid,15,7,put,63.160,63.340,VB,7.5570,5.66,3
audio14.TextGrid,15,8,the,63.340,63.450,DT,4.4445,7.73,2
audio14.TextGrid,15,9,harpoon,63.450,63.890,NN,21.5216,2.83,6
audio14.TextGrid,15,10,into,63.890,64.090,IN,4.4847,6.11,4
audio14.TextGrid,15,11,you,64.090,64.380,PRP,3.8163,6.98,2
audio14.TextGrid,16,1,all,65.190,65.320,DT,13.3183,6.52,2
audio14.TextGrid,16,2,right,65.320,65.690,NN,8.4597,5.96,3
audio14.TextGrid,16,3,are,66.230,66.330,VBP,14.1171,6.74,2
audio14.TextGrid,16,4,you,66.330,66.480,PRP,1.0689,6.98,2
audio14.TextGrid,16,5,ready,66.480,66.830,JJ,6.6719,5.28,4
audio14.TextGrid,17,1,have,67.730,67.880,VBP,18.2224,6.71,3
audio14.TextGrid,17,2,you,67.880,68.000,PRP,0.5445,6.98,2
audio14.TextGrid,17,3,been,68.000,68.230,VBN,5.0139,6.27,3
audio14.TextGrid,17,4,long,68.230,68.640,RB,14.8537,5.81,3
audio14.TextGrid,17,5,enough,68.640,68.970,RB,9.4310,5.54,4
audio14.TextGrid,17,6,at,68.970,69.120,IN,6.9748,6.7,2
audio14.TextGrid,17,7,table,69.130,69.530,NN,11.9984,5.05,5
audio14.TextGrid,18,1,now,71.090,71.760,RB,13.6820,6.18,2
audio14.TextGrid,18,2,he,71.980,72.100,PRP,9.4990,6.69,2
audio14.TextGrid,18,3,said,72.100,72.300,VBD,8.1962,6.01,3
audio14.TextGrid,18,4,aloud,72.300,72.780,NN,21.9468,3.51,4
audio14.TextGrid,19,1,and,73.190,73.330,CC,13.4350,7.41,3
audio14.TextGrid,19,2,struck,73.330,73.710,VB,19.8877,4.42,5
audio14.TextGrid,19,3,hard,73.710,73.990,JJ,14.4984,5.53,4
audio14.TextGrid,19,4,with,73.990,74.190,IN,7.5347,6.85,3
audio14.TextGrid,19,5,both,74.240,74.510,DT,10.2989,5.79,3
audio14.TextGrid,19,6,hands,74.510,75.010,NNS,11.2140,5.16,4
audio14.TextGrid,19,7,gained,75.260,75.570,VBD,20.7398,4.49,4
audio14.TextGrid,19,8,a,75.570,75.600,DT,6.2685,7.36,1
audio14.TextGrid,19,9,yard,75.600,75.940,NN,13.1067,4.57,4
audio14.TextGrid,19,10,of,75.940,76.050,IN,2.1079,7.4,2
audio14.TextGrid,19,11,line,76.050,76.420,NN,12.2481,5.49,3
audio14.TextGrid,19,12,and,76.420,76.500,CC,6.2449,7.41,2
audio14.TextGrid,19,13,then,76.500,76.710,RB,6.2446,6.07,3
audio14.TextGrid,19,14,struck,76.710,77.070,VB,9.8349,4.42,5
audio14.TextGrid,19,15,again,77.070,77.620,RB,9.9127,5.7,4
audio14.TextGrid,19,16,and,77.630,77.780,CC,4.6530,7.41,3
audio14.TextGrid,19,17,again,77.780,78.290,RB,8.1180,5.7,4
audio14.TextGrid,20,1,swinging,78.740,79.210,VBG,22.3917,3.79,6
audio14.TextGrid,20,2,with,79.210,79.360,IN,6.1084,6.85,3
audio14.TextGrid,20,3,each,79.360,79.590,DT,10.9800,5.69,2
audio14.TextGrid,20,4,arm,79.590,79.880,NN,10.4609,4.73,3
audio14.TextGrid,20,5,alternately,79.880,80.500,RB,24.9860,3.22,9
audio14.TextGrid,20,6,on,80.500,80.600,IN,6.2356,6.91,2
audio14.TextGrid,20,7,the,80.600,80.660,DT,2.0116,7.73,2
audio14.TextGrid,20,8,cord,80.660,81.030,NN,13.7079,3.98,4
audio14.TextGrid,20,9,with,81.030,81.290,IN,6.3994,6.85,3
audio14.TextGrid,20,10,all,81.290,81.550,PDT,5.6240,6.52,2
audio14.TextGrid,20,11,the,81.550,81.650,DT,2.3244,7.73,2
audio14.TextGrid,20,12,strength,81.650,82.050,NN,9.5119,4.8,6
audio14.TextGrid,20,13,of,82.050,82.190,IN,1.3489,7.4,2
audio14.TextGrid,20,14,his,82.190,82.290,PRP$,7.2767,6.51,3
audio14.TextGrid,20,15,arms,82.290,82.720,NNS,6.9703,4.82,4
audio14.TextGrid,20,16,and,82.720,82.820,CC,3.1683,7.41,2
audio14.TextGrid,20,17,the,82.820,82.900,DT,2.7209,7.73,2
audio14.TextGrid,20,18,pivoted,82.900,83.380,JJ,26.6143,2.53,7
audio14.TextGrid,20,19,weight,83.380,83.630,NN,10.8527,5.02,3
audio14.TextGrid,20,20,of,83.630,83.720,IN,0.4530,7.4,2
audio14.TextGrid,20,21,his,83.720,83.890,PRP$,1.0163,6.51,3
audio14.TextGrid,20,22,body,83.890,84.340,NN,6.6505,5.4,4
audio14.TextGrid,21,1,nothing,85.910,86.220,NN,18.3491,5.55,5
audio14.TextGrid,21,2,happened,86.220,86.700,VBD,9.0384,5.2,6
audio14.TextGrid,21,3,the,87.610,87.690,DT,7.0493,7.73,2
audio14.TextGrid,21,4,fish,87.690,87.980,NN,17.3381,4.9,3
audio14.TextGrid,21,5,just,87.980,88.310,RB,11.0922,6.43,4
audio14.TextGrid,21,6,moved,88.310,88.600,VBN,11.4742,5.01,4
audio14.TextGrid,21,7,away,88.600,88.860,RP,6.0177,5.62,3
audio14.TextGrid,21,8,slowly,88.860,89.390,RB,14.2291,4.63,5
audio14.TextGrid,22,1,and,89.790,89.870,CC,13.4350,7.41,2
audio14.TextGrid,22,2,the,89.870,89.960,DT,6.4323,7.73,2
audio14.TextGrid,22,3,old,89.960,90.170,JJ,8.8206,5.75,3
audio14.TextGrid,22,4,man,90.170,90.390,NN,4.4290,5.82,3
audio14.TextGrid,22,5,could,90.390,90.580,MD,10.0168,6.06,3
audio14.TextGrid,22,6,not,90.580,90.820,RB,3.5118,6.69,3
audio14.TextGrid,22,7,raise,90.820,91.090,VB,13.7293,4.75,3
audio14.TextGrid,22,8,him,91.090,91.200,PRP,6.2763,6.11,2
audio14.TextGrid,22,9,an,91.200,91.300,DT,9.9958,6.53,2
audio14.TextGrid,22,10,inch,91.300,91.670,NN,10.4193,4.49,3
audio14.TextGrid,23,1,his,92.600,92.770,PRP$,16.5981,6.51,3
audio14.TextGrid,23,2,line,92.770,93.020,NN,13.5083,5.49,3
audio14.TextGrid,23,3,was,93.020,93.170,VBD,10.3452,6.82,3
audio14.TextGrid,23,4,strong,93.170,93.710,JJ,10.5055,5.22,5
audio14.TextGrid,23,5,and,93.710,93.900,CC,3.9744,7.41,3
audio14.TextGrid,23,6,made,93.900,94.210,VBN,9.4770,5.92,3
audio14.TextGrid,23,7,for,94.210,94.350,IN,4.2049,7.01,2
audio14.TextGrid,23,8,heavy,94.350,94.600,JJ,9.7460,4.96,4
audio14.TextGrid,23,9,fish,94.600,94.990,NN,9.5690,4.9,3
audio14.TextGrid,23,10,and,94.990,95.100,CC,4.0473,7.41,2
audio14.TextGrid,23,11,he,95.100,95.270,PRP,5.5898,6.69,2
audio14.TextGrid,23,12,held,95.270,95.480,VBD,13.7636,5.24,4
audio14.TextGrid,23,13,it,95.480,95.570,PRP,4.4224,6.95,2
audio14.TextGrid,23,14,against,95.570,95.900,IN,11.5304,5.68,6
audio14.TextGrid,23,15,his,95.900,96.070,PRP$,4.3616,6.51,3
audio14.TextGrid,23,16,hack,96.100,96.410,NN,14.6624,4.05,3
audio14.TextGrid,23,17,until,96.410,96.670,IN,15.7006,5.61,5
audio14.TextGrid,23,18,it,96.670,96.770,PRP,3.3544,6.95,2
audio14.TextGrid,23,19,was,96.770,96.880,VBD,2.3688,6.82,3
audio14.TextGrid,23,20,so,96.880,97.070,RB,6.6975,6.52,2
audio14.TextGrid,23,21,taut,97.070,97.390,JJ,22.5319,2.91,3
audio14.TextGrid,23,22,that,97.390,97.570,IN,16.1042,7.01,3
audio14.TextGrid,23,23,beads,97.610,97.890,NNS,20.6151,3.69,4
audio14.TextGrid,23,24,of,97.890,98.040,IN,1.0170,7.4,2
audio14.TextGrid,23,25,water,98.040,98.410,NN,6.7134,5.52,4
audio14.TextGrid,23,26,were,98.410,98.540,VBD,3.1870,6.34,2
audio14.TextGrid,23,27,jumping,98.540,98.920,VBG,10.9875,4.23,6
audio14.TextGrid,23,28,from,98.920,99.150,IN,5.3928,6.63,4
audio14.TextGrid,23,29,it,99.150,99.300,PRP,5.4174,6.95,2
audio14.TextGrid,24,1,then,100.280,100.440,RB,17.9329,6.07,3
audio14.TextGrid,24,2,it,100.440,100.570,PRP,8.4189,6.95,2
audio14.TextGrid,24,3,began,100.570,100.890,VBD,11.1695,5.07,5
audio14.TextGrid,24,4,to,100.890,100.980,TO,5.0370,7.43,2
audio14.TextGrid,24,5,make,100.980,101.140,VB,5.5266,6.08,3
audio14.TextGrid,24,6,a,101.140,101.190,DT,2.8340,7.36,1
audio14.TextGrid,24,7,slow,101.190,101.550,JJ,13.9590,4.85,3
audio14.TextGrid,24,8,hissing,101.550,101.920,NN,18.5054,2.88,5
audio14.TextGrid,24,9,sound,101.920,102.330,NN,9.3397,5.15,4
audio14.TextGrid,24,10,in,102.330,102.420,IN,5.9031,7.27,2
audio14.TextGrid,24,11,the,102.420,102.480,DT,1.8056,7.73,2
audio14.TextGrid,24,12,water,102.480,102.880,NN,8.1957,5.52,4
audio14.TextGrid,24,13,and,103.270,103.380,CC,5.1139,7.41,2
audio14.TextGrid,24,14,he,103.380,103.500,PRP,5.9483,6.69,2
audio14.TextGrid,24,15,still,103.500,103.860,RB,6.5402,5.92,4
audio14.TextGrid,24,16,held,103.860,104.100,VBD,10.9330,5.24,4
audio14.TextGrid,24,17,it,104.100,104.300,PRP,1.6775,6.95,2
audio14.TextGrid,24,18,bracing,104.470,104.860,VBG,25.4298,3.12,6
audio14.TextGrid,24,19,himself,104.860,105.290,PRP,11.8286,5.25,7
audio14.TextGrid,24,20,against,105.290,105.670,IN,11.4417,5.68,6
audio14.TextGrid,24,21,the,105.670,105.740,DT,0.5570,7.73,2
audio14.TextGrid,24,22,thwart,105.740,106.140,NN,22.5280,3.06,5
audio14.TextGrid,24,23,and,106.140,106.310,CC,5.2306,7.41,3
audio14.TextGrid,24,24,leaning,106.310,106.670,VBG,14.1937,3.89,5
audio14.TextGrid,24,25,back,106.670,106.920,RB,10.8395,6.04,3
audio14.TextGrid,24,26,against,106.920,107.260,IN,7.4287,5.68,6
audio14.TextGrid,24,27,the,107.260,107.350,DT,0.9058,7.73,2
audio14.TextGrid,24,28,pull,107.350,107.760,NN,14.2140,4.82,3
audio14.TextGrid,25,1,the,108.740,108.810,DT,11.8924,7.73,2
audio14.TextGrid,25,2,boat,108.810,109.000,NN,13.4023,4.71,3
audio14.TextGrid,25,3,began,109.000,109.380,VBD,16.6550,5.07,5
audio14.TextGrid,25,4,to,109.380,109.460,TO,6.5988,7.43,2
audio14.TextGrid,25,5,move,109.460,109.800,VB,8.7126,5.35,3
audio14.TextGrid,25,6,slowly,109.800,110.210,RB,12.7879,4.63,5
audio14.TextGrid,25,7,off,110.210,110.470,RB,6.3083,5.93,2
audio14.TextGrid,25,8,toward,110.470,110.790,IN,15.0906,4.72,6
audio14.TextGrid,25,9,the,110.790,110.870,DT,1.5499,7.73,2
audio14.TextGrid,25,10,north,110.870,111.160,JJ,8.7931,5.34,4
audio14.TextGrid,25,11,west,111.160,111.620,NN,4.8500,5.29,4
audio14.TextGrid,26,1,the,113.140,113.220,DT,11.8924,7.73,2
audio14.TextGrid,26,2,fish,113.220,113.530,JJ,12.2426,4.9,3
audio14.TextGrid,26,3,moved,113.530,113.840,VBN,16.3701,5.01,4
audio14.TextGrid,26,4,steadily,113.840,114.410,RB,27.0677,3.84,7
audio14.TextGrid,26,5,and,114.410,114.500,CC,5.7588,7.41,2
audio14.TextGrid,26,6,they,114.500,114.620,PRP,5.9340,6.5,2
audio14.TextGrid,26,7,travelled,114.620,115.080,VBD,23.6669,3.98,7
audio14.TextGrid,26,8,slowly,115.080,115.540,RB,10.4419,4.63,5
audio14.TextGrid,26,9,on,115.540,115.660,IN,5.2092,6.91,2
audio14.TextGrid,26,10,the,115.660,115.720,DT,1.9588,7.73,2
audio14.TextGrid,26,11,calm,115.720,116.010,JJ,12.4723,4.54,3
audio14.TextGrid,26,12,water,116.010,116.470,NN,8.2788,5.52,4
audio14.TextGrid,27,1,the,117.100,117.220,DT,11.8924,7.73,2
audio14.TextGrid,27,2,other,117.220,117.370,JJ,9.3632,6.16,3
audio14.TextGrid,27,3,baits,117.370,117.740,NNS,20.0164,2.65,4
audio14.TextGrid,27,4,were,117.740,117.810,VBD,9.5094,6.34,2
audio14.TextGrid,27,5,still,117.810,118.050,RB,6.4881,5.92,4
audio14.TextGrid,27,6,in,118.050,118.120,IN,3.5269,7.27,2
audio14.TextGrid,27,7,the,118.120,118.190,DT,2.3736,7.73,2
audio14.TextGrid,27,8,water,118.190,118.580,NN,8.9857,5.52,4
audio14.TextGrid,27,9,but,118.580,118.680,CC,9.8226,6.63,3
audio14.TextGrid,27,10,there,118.860,119.040,EX,5.0161,6.31,3
audio14.TextGrid,27,11,was,119.040,119.190,VBD,0.5103,6.82,3
audio14.TextGrid,27,12,nothing,119.190,119.460,NN,7.1742,5.55,5
audio14.TextGrid,27,13,to,119.460,119.520,TO,2.7311,7.43,2
audio14.TextGrid,27,14,be,119.520,119.620,VB,3.2740,6.79,2
audio14.TextGrid,27,15,done,119.620,119.990,VBN,5.7532,5.58,3
audio14.TextGrid,28,1,i,121.520,121.620,JJ,5.7704,7.09,1
audio14.TextGrid,28,2,wish,121.620,121.830,NN,15.6467,5.18,3
audio14.TextGrid,28,3,i,121.830,121.980,NN,1.5954,7.09,1
audio14.TextGrid,28,4,had,121.980,122.130,VBD,4.2127,6.33,3
audio14.TextGrid,28,5,the,122.130,122.210,DT,4.2549,7.73,2
audio14.TextGrid,28,6,boy,122.210,122.610,NN,9.5070,5.17,2
audio14.TextGrid,28,7,the,122.610,122.910,DT,7.4937,7.73,2
audio14.TextGrid,28,8,old,122.910,123.100,JJ,9.1908,5.75,3
audio14.TextGrid,28,9,man,123.100,123.310,NN,4.3235,5.82,3
audio14.TextGrid,28,10,said,123.310,123.520,VBD,9.2946,6.01,3
audio14.TextGrid,28,11,aloud,123.520,123.920,JJ,22.6110,3.51,4
audio14.TextGrid,29,1,i,125.040,125.110,NN,5.7704,7.09,1
audio14.TextGrid,29,2,m,125.110,125.190,VBP,14.1015,5.39,2
audio14.TextGrid,29,3,being,125.190,125.520,VBG,13.3060,5.95,4
audio14.TextGrid,29,4,towed,125.520,125.850,VBN,18.7721,3.38,3
audio14.TextGrid,29,5,by,125.850,126.080,IN,3.1542,6.66,2
audio14.TextGrid,29,6,a,126.080,126.140,DT,3.1296,7.36,1
audio14.TextGrid,29,7,fish,126.140,126.460,JJ,11.9025,4.9,3
audio14.TextGrid,29,8,and,126.460,126.610,CC,4.5025,7.41,3
audio14.TextGrid,29,9,i,126.610,126.700,JJ,2.5082,7.09,1
audio14.TextGrid,29,10,m,126.700,126.810,VBP,3.6977,5.39,2
audio14.TextGrid,29,11,the,126.810,126.900,DT,8.8875,7.73,2
audio14.TextGrid,29,12,towing,126.900,127.300,NN,11.1522,3.32,4
audio14.TextGrid,29,13,bitt,127.300,127.560,NN,17.3520,1.63,3
audio14.TextGrid,30,1,i,127.560,127.590,NN,5.7704,7.09,1
audio14.TextGrid,30,2,could,128.320,128.530,MD,14.7898,6.06,3
audio14.TextGrid,30,3,make,128.530,128.750,VB,9.0198,6.08,3
audio14.TextGrid,30,4,the,128.750,128.840,DT,4.4532,7.73,2
audio14.TextGrid,30,5,line,128.840,129.160,NN,9.5978,5.49,3
audio14.TextGrid,30,6,fast,129.160,129.710,RB,12.6369,5.13,4
audio14.TextGrid,30,7,but,129.980,130.110,CC,6.5995,6.63,3
audio14.TextGrid,30,8,then,130.110,130.270,RB,7.0812,6.07,3
audio14.TextGrid,30,9,he,130.270,130.360,PRP,6.7074,6.69,2
audio14.TextGrid,30,10,could,130.360,130.520,MD,5.1662,6.06,3
audio14.TextGrid,30,11,break,130.520,130.780,VB,8.9364,5.18,4
audio14.TextGrid,30,12,it,130.780,130.970,PRP,2.2884,6.95,2
audio14.TextGrid,31,1,i,131.700,131.800,NN,5.7704,7.09,1
audio14.TextGrid,31,2,must,131.800,132.040,MD,15.4189,5.68,4
audio14.TextGrid,31,3,hold,132.040,132.240,VB,8.2458,5.19,4
audio14.TextGrid,31,4,him,132.240,132.350,PRP,6.5579,6.11,2
audio14.TextGrid,31,5,all,132.350,132.540,DT,7.1361,6.52,2
audio14.TextGrid,31,6,i,132.540,132.630,NN,7.6175,7.09,1
audio14.TextGrid,31,7,can,132.630,132.980,MD,3.5891,6.46,3
audio14.TextGrid,31,8,and,132.980,133.110,CC,7.3792,7.41,3
audio14.TextGrid,31,9,give,133.110,133.310,VB,7.7410,5.71,3
audio14.TextGrid,31,10,him,133.310,133.470,PRP,0.4865,6.11,2
audio14.TextGrid,31,11,line,133.470,133.760,NN,15.9672,5.49,3
audio14.TextGrid,31,12,when,133.760,133.880,WRB,9.9800,6.37,3
audio14.TextGrid,31,13,he,133.880,133.970,PRP,2.5252,6.69,2
audio14.TextGrid,31,14,must,133.970,134.200,MD,9.4875,5.68,4
audio14.TextGrid,31,15,have,134.200,134.370,VB,3.8964,6.71,3
audio14.TextGrid,31,16,it,134.370,134.570,PRP,3.9157,6.95,2
audio14.TextGrid,32,1,thank,135.360,135.570,NN,14.8963,5.48,4
audio14.TextGrid,32,2,god,135.570,135.900,NN,7.6548,5.57,3
audio14.TextGrid,32,3,he,135.900,135.990,PRP,6.5422,6.69,2
audio14.TextGrid,32,4,is,135.990,136.150,VBZ,3.8133,7.07,2
audio14.TextGrid,32,5,travelling,136.150,136.680,VBG,18.7127,4.16,8
audio14.TextGrid,32,6,and,136.680,136.840,CC,6.2274,7.41,3
audio14.TextGrid,32,7,not,136.880,137.080,RB,6.2009,6.69,3
audio14.TextGrid,32,8,going,137.080,137.370,VBG,6.0983,5.94,4
audio14.TextGrid,33,1,down,137.370,137.790,IN,15.5827,5.88,3
audio14.TextGrid,33,2,what,139.270,139.420,WP,17.2708,6.38,3
audio14.TextGrid,33,3,i,139.420,139.530,NN,6.3846,7.09,1
audio14.TextGrid,33,4,will,139.530,139.750,MD,9.0089,6.45,3
audio14.TextGrid,33,5,do,139.750,140.110,VB,2.0621,6.35,2
audio14.TextGrid,33,6,if,140.110,140.200,IN,4.3250,6.47,2
audio14.TextGrid,33,7,he,140.200,140.320,PRP,6.8705,6.69,2
audio14.TextGrid,33,8,decides,140.320,140.830,VBZ,8.5835,4.16,6
audio14.TextGrid,33,9,to,140.830,140.900,TO,0.4264,7.43,2
audio14.TextGrid,33,10,go,140.900,141.070,VB,4.7068,6.03,2
audio14.TextGrid,33,11,down,141.070,141.440,RP,5.5751,5.88,3
audio14.TextGrid,33,12,i,141.440,141.560,RB,6.9972,7.09,1
audio14.TextGrid,33,13,don,141.560,141.790,VBP,5.1396,4.6,3
audio14.TextGrid,33,14,t,141.790,141.850,NNS,9.2181,5.43,1
audio14.TextGrid,33,15,know,141.850,142.230,VBP,4.9679,6.1,2
audio14.TextGrid,34,1,what,142.990,143.140,WP,13.9100,6.38,3
audio14.TextGrid,34,2,i,143.140,143.220,NN,6.7640,7.09,1
audio14.TextGrid,34,3,ll,143.220,143.300,VBP,17.0376,4.66,1
audio14.TextGrid,34,4,do,143.300,143.520,VBP,10.8579,6.35,2
audio14.TextGrid,34,5,if,143.520,143.600,IN,6.6193,6.47,2
audio14.TextGrid,34,6,he,143.600,143.720,PRP,7.2858,6.69,2
audio14.TextGrid,34,7,sounds,143.720,144.220,VBZ,9.6477,4.97,4
audio14.TextGrid,34,8,and,144.220,144.340,CC,11.2167,7.41,2
audio14.TextGrid,34,9,dies,144.340,144.900,VBZ,9.2969,4.41,3
audio14.TextGrid,34,10,i,144.900,145.020,JJ,6.3485,7.09,1
audio14.TextGrid,34,11,don,145.020,145.200,VBP,4.2016,4.6,3
audio14.TextGrid,34,12,t,145.200,145.230,NN,7.3500,5.43,1
audio14.TextGrid,34,13,know,145.230,145.560,VBP,5.3487,6.1,2
audio14.TextGrid,35,1,but,146.450,146.560,CC,16.1685,6.63,3
audio14.TextGrid,35,2,i,146.560,146.600,JJ,5.9299,7.09,1
audio14.TextGrid,35,3,ll,146.600,146.680,NNS,16.3393,4.66,1
audio14.TextGrid,35,4,do,146.680,146.850,VBP,10.9275,6.35,2
audio14.TextGrid,35,5,something,146.850,147.410,NN,6.2040,5.81,6
audio14.TextGrid,36,1,there,148.120,148.250,EX,14.3662,6.31,3
audio14.TextGrid,36,2,are,148.250,148.350,VBP,2.7399,6.74,1
audio14.TextGrid,36,3,plenty,148.350,148.720,NN,11.7794,4.72,6
audio14.TextGrid,36,4,of,148.720,148.800,IN,0.7059,7.4,2
audio14.TextGrid,36,5,things,148.800,149.120,NNS,6.6963,5.74,4
audio14.TextGrid,36,6,i,149.120,149.230,NNS,3.3373,7.09,1
audio14.TextGrid,36,7,can,149.230,149.410,MD,3.8613,6.46,3
audio14.TextGrid,36,8,do,149.410,151.430,VB,2.9737,6.35,2
audio14.TextGrid,36,9,he,151.430,151.560,PRP,12.2114,6.69,2
audio14.TextGrid,36,10,held,151.560,151.770,VB,19.4622,5.24,4
audio14.TextGrid,36,11,the,151.770,151.840,DT,6.7584,7.73,2
audio14.TextGrid,36,12,line,151.840,152.120,NN,11.5000,5.49,3
audio14.TextGrid,36,13,against,152.120,152.470,IN,7.7009,5.68,6
audio14.TextGrid,36,14,his,152.470,152.620,PRP$,9.9330,6.51,3
audio14.TextGrid,36,15,back,152.620,152.960,NN,9.2943,6.04,3
audio14.TextGrid,36,16,and,153.040,153.200,CC,4.6974,7.41,2
audio14.TextGrid,36,17,watched,153.200,153.600,VBD,14.8679,4.72,4
audio14.TextGrid,36,18,its,153.600,153.770,PRP$,11.0369,6.14,3
audio14.TextGrid,36,19,slant,153.770,154.160,NN,18.0590,3.18,5
audio14.TextGrid,36,20,in,154.160,154.240,IN,3.6807,7.27,2
audio14.TextGrid,36,21,the,154.240,154.310,DT,1.8768,7.73,2
audio14.TextGrid,36,22,water,154.310,154.780,NN,11.3148,5.52,4
audio14.TextGrid,36,23,and,155.000,155.090,CC,4.7037,7.41,2
audio14.TextGrid,36,24,the,155.090,155.200,DT,3.6623,7.73,2
audio14.TextGrid,36,25,skiff,155.200,155.640,NN,20.0923,2.63,4
audio14.TextGrid,36,26,moving,155.720,156.130,VBG,12.2678,5.02,5
audio14.TextGrid,36,27,steadily,156.130,156.660,RB,19.6909,3.84,7
audio14.TextGrid,36,28,to,156.660,156.820,TO,4.4338,7.43,2
audio14.TextGrid,36,29,the,156.820,156.920,DT,1.7285,7.73,2
audio14.TextGrid,36,30,north,156.920,157.230,JJ,9.0909,5.34,4
audio14.TextGrid,36,31,west,157.230,157.710,NN,5.3847,5.29,4
audio14.TextGrid,37,1,this,159.010,159.240,DT,14.7183,6.82,3
audio14.TextGrid,37,2,will,159.240,159.380,MD,8.5766,6.45,3
audio14.TextGrid,37,3,kill,159.380,159.660,VB,8.5677,5.09,3
audio14.TextGrid,37,4,him,159.660,159.940,PRP,8.1297,6.11,3
audio14.TextGrid,37,5,the,160.170,160.300,DT,8.1438,7.73,2
audio14.TextGrid,37,6,old,160.300,160.500,JJ,9.9477,5.75,3
audio14.TextGrid,37,7,man,160.500,160.730,NN,4.7759,5.82,3
audio14.TextGrid,37,8,thought,160.730,161.100,VBD,14.0614,5.59,3
audio14.TextGrid,38,1,he,161.580,161.670,PRP,13.2074,6.69,2
audio14.TextGrid,38,2,can,161.670,161.870,MD,11.4288,6.46,3
audio14.TextGrid,38,3,t,161.870,161.900,VB,7.6157,5.43,1
audio14.TextGrid,38,4,do,161.900,162.070,VB,15.5922,6.35,2
audio14.TextGrid,38,5,this,162.070,162.260,DT,2.7865,6.82,3
audio14.TextGrid,38,6,forever,162.260,162.760,NN,13.3760,4.74,5
audio14.TextGrid,39,1,but,163.730,163.880,CC,16.1685,6.63,3
audio14.TextGrid,39,2,four,163.880,164.150,CD,12.4691,5.53,3
audio14.TextGrid,39,3,hours,164.150,164.440,NNS,5.6647,5.4,3
audio14.TextGrid,39,4,later,164.440,164.750,RB,5.1611,5.49,4
audio14.TextGrid,39,5,the,164.750,164.870,DT,4.9559,7.73,2
audio14.TextGrid,39,6,fish,164.870,165.170,NN,11.5328,4.9,3
audio14.TextGrid,39,7,was,165.170,165.300,VBD,8.0633,6.82,3
audio14.TextGrid,39,8,still,165.300,165.540,RB,5.5773,5.92,4
audio14.TextGrid,39,9,swimming,165.540,165.940,VBG,16.0699,4.43,6
audio14.TextGrid,39,10,steadily,165.940,166.390,RB,23.6733,3.84,7
audio14.TextGrid,39,11,out,166.390,166.530,IN,4.5900,6.38,2
audio14.TextGrid,39,12,to,166.530,166.660,TO,4.8197,7.43,2
audio14.TextGrid,39,13,sea,166.660,167.070,VB,5.3564,5.06,2
audio14.TextGrid,39,14,towing,167.070,167.610,VBG,22.1776,3.32,4
audio14.TextGrid,39,15,the,167.610,167.670,DT,3.6508,7.73,2
audio14.TextGrid,39,16,skiff,167.670,168.140,NN,20.6405,2.63,4
audio14.TextGrid,40,1,and,168.770,168.880,CC,13.4350,7.41,2
audio14.TextGrid,40,2,the,168.880,168.990,DT,6.4323,7.73,2
audio14.TextGrid,40,3,old,168.990,169.190,JJ,8.8206,5.75,3
audio14.TextGrid,40,4,man,169.190,169.450,NN,4.4290,5.82,3
audio14.TextGrid,40,5,was,169.450,169.610,VBD,5.1019,6.82,3
audio14.TextGrid,40,6,still,169.610,169.880,RB,6.4689,5.92,4
audio14.TextGrid,40,7,braced,169.880,170.360,VBN,17.6111,3.03,5
audio14.TextGrid,40,8,solidly,170.360,170.890,RB,21.9308,3.15,7
audio14.TextGrid,40,9,with,170.890,171.050,IN,4.2986,6.85,3
audio14.TextGrid,40,10,the,171.050,171.140,DT,2.0858,7.73,2
audio14.TextGrid,40,11,line,171.140,171.420,NN,11.9487,5.49,3
audio14.TextGrid,40,12,across,171.420,171.750,IN,12.5066,5.25,5
audio14.TextGrid,40,13,his,171.750,171.910,PRP$,1.7955,6.51,3
audio14.TextGrid,40,14,back,171.910,172.300,NN,5.5425,6.04,3
audio14.TextGrid,41,1,it,173.680,173.810,PRP,11.0007,6.95,2
audio14.TextGrid,41,2,was,173.810,174.000,VBD,3.5299,6.82,3
audio14.TextGrid,41,3,noon,174.000,174.440,RB,19.0776,4.11,3
audio14.TextGrid,41,4,when,174.440,174.540,WRB,9.2313,6.37,3
audio14.TextGrid,41,5,i,174.540,174.710,NN,2.1174,7.09,1
audio14.TextGrid,41,6,hooked,174.710,175.030,VBD,20.8357,3.92,4
audio14.TextGrid,41,7,him,175.030,175.260,PRP,9.1126,6.11,2
audio14.TextGrid,41,8,he,175.560,175.680,PRP,12.2856,6.69,2
audio14.TextGrid,41,9,said,175.680,176.040,VBD,8.5902,6.01,3
audio14.TextGrid,42,1,and,176.480,176.610,CC,13.4350,7.41,3
audio14.TextGrid,42,2,i,176.610,176.750,NN,8.4071,7.09,1
audio14.TextGrid,42,3,have,176.750,176.920,VBP,4.2335,6.71,3
audio14.TextGrid,42,4,never,176.920,177.130,RB,5.6654,5.91,4
audio14.TextGrid,42,5,seen,177.130,177.480,VBN,3.7404,5.52,3
audio14.TextGrid,42,6,him,177.480,177.760,PRP,5.9773,6.11,3
audio15.TextGrid,1,1,he,1.180,1.310,PRP,13.2074,6.69,2
audio15.TextGrid,1,2,had,1.310,1.450,VBD,11.3330,6.33,3
audio15.TextGrid,1,3,pushed,1.450,1.770,VBN,14.1528,4.43,4
audio15.TextGrid,1,4,his,1.770,1.900,PRP$,3.7875,6.51,3
audio15.TextGrid,1,5,straw,1.900,2.330,NN,14.9134,3.99,4
audio15.TextGrid,1,6,hat,2.330,2.590,RB,14.7317,4.53,3
audio15.TextGrid,1,7,hard,2.590,3.000,RB,13.1224,5.53,4
audio15.TextGrid,1,8,down,3.000,3.270,RP,9.2086,5.88,3
audio15.TextGrid,1,9,on,3.270,3.400,IN,6.0546,6.91,2
audio15.TextGrid,1,10,his,3.400,3.640,PRP$,2.0089,6.51,3
audio15.TextGrid,1,11,head,3.640,3.920,NN,3.4306,5.51,3
audio15.TextGrid,1,12,before,3.920,4.290,IN,6.7659,5.93,5
audio15.TextGrid,1,13,he,4.290,4.440,PRP,2.5216,6.69,2
audio15.TextGrid,1,14,hooked,4.440,4.630,VBD,15.0321,3.92,4
audio15.TextGrid,1,15,the,4.630,4.760,DT,4.9334,7.73,2
audio15.TextGrid,1,16,fish,4.760,5.090,NN,11.8057,4.9,3
audio15.TextGrid,2,1,and,5.630,5.720,CC,13.4350,7.41,2
audio15.TextGrid,2,2,it,5.720,5.780,PRP,5.5950,6.95,2
audio15.TextGrid,2,3,was,5.780,5.930,VBD,3.4879,6.82,3
audio15.TextGrid,2,4,cutting,5.930,6.280,VBG,17.2982,4.61,5
audio15.TextGrid,2,5,his,6.280,6.450,PRP$,11.7246,6.51,3
audio15.TextGrid,2,6,forehead,6.450,6.980,NN,17.4595,3.87,6
audio15.TextGrid,3,1,he,7.790,7.890,PRP,13.2074,6.69,2
audio15.TextGrid,3,2,was,7.890,8.090,VBD,4.9565,6.82,3
audio15.TextGrid,3,3,thirsty,8.090,8.500,JJ,23.1398,3.74,5
audio15.TextGrid,3,4,too,8.500,8.870,RB,12.4977,5.95,2
audio15.TextGrid,3,5,and,8.870,9.030,CC,9.4166,7.41,3
audio15.TextGrid,3,6,he,9.540,9.680,PRP,4.0266,6.69,2
audio15.TextGrid,3,7,got,9.680,9.870,VBD,7.3391,5.91,3
audio15.TextGrid,3,8,down,9.870,10.130,RB,7.1283,5.88,3
audio15.TextGrid,3,9,on,10.130,10.260,IN,1.9396,6.91,2
audio15.TextGrid,3,10,his,10.260,10.450,PRP$,1.7919,6.51,3
audio15.TextGrid,3,11,knees,10.450,10.910,NNS,8.9995,4.18,3
audio15.TextGrid,3,12,and,10.910,11.120,CC,2.4108,7.41,3
audio15.TextGrid,3,13,being,11.180,11.500,VBG,12.9881,5.95,4
audio15.TextGrid,3,14,careful,11.500,11.880,JJ,11.5336,4.59,6
audio15.TextGrid,3,15,not,11.880,12.080,RB,7.0844,6.69,3
audio15.TextGrid,3,16,to,12.080,12.150,TO,0.0587,7.43,2
audio15.TextGrid,3,17,jerk,12.150,12.440,VB,14.5233,4.0,3
audio15.TextGrid,3,18,on,12.440,12.570,IN,5.3360,6.91,2
audio15.TextGrid,3,19,the,12.570,12.650,DT,3.5452,7.73,2
audio15.TextGrid,3,20,line,12.650,13.060,NN,9.5041,5.49,3
audio15.TextGrid,3,21,moved,13.190,13.520,VBD,20.2627,5.01,4
audio15.TextGrid,3,22,as,13.520,13.690,IN,6.3947,6.77,2
audio15.TextGrid,3,23,far,13.690,14.000,RB,5.3142,5.5,3
audio15.TextGrid,3,24,into,14.000,14.160,IN,5.8788,6.11,4
audio15.TextGrid,3,25,the,14.160,14.250,DT,0.7908,7.73,2
audio15.TextGrid,3,26,bow,14.250,14.560,NN,11.9905,4.3,2
audio15.TextGrid,3,27,as,14.560,14.660,IN,12.3415,6.77,2
audio15.TextGrid,3,28,he,14.660,14.740,PRP,1.6749,6.69,2
audio15.TextGrid,3,29,could,14.740,14.920,MD,5.7466,6.06,3
audio15.TextGrid,3,30,get,14.920,15.230,VB,4.8070,6.28,3
audio15.TextGrid,4,1,and,15.630,15.780,CC,13.4350,7.41,3
audio15.TextGrid,4,2,reached,15.780,16.020,VBD,17.8504,4.85,4
audio15.TextGrid,4,3,the,16.020,16.110,DT,2.5466,7.73,2
audio15.TextGrid,4,4,water,16.110,16.420,NN,12.0381,5.52,4
audio15.TextGrid,4,5,bottle,16.420,16.740,NN,16.6323,4.57,5
audio15.TextGrid,4,6,with,16.740,16.920,IN,5.4132,6.85,3
audio15.TextGrid,4,7,one,16.920,17.090,CD,6.7842,6.47,3
audio15.TextGrid,4,8,hand,17.090,17.570,NN,7.0935,5.41,4
audio15.TextGrid,5,1,he,18.160,18.310,PRP,13.2074,6.69,2
audio15.TextGrid,5,2,opened,18.310,18.620,VBD,16.6823,4.85,5
audio15.TextGrid,5,3,it,18.620,18.840,PRP,7.3568,6.95,2
audio15.TextGrid,5,4,and,18.840,18.960,CC,5.4076,7.41,2
audio15.TextGrid,5,5,drank,18.960,19.270,VB,18.3072,3.95,5
audio15.TextGrid,5,6,a,19.270,19.300,DT,5.6028,7.36,1
audio15.TextGrid,5,7,little,19.300,19.640,JJ,6.5656,5.75,5
audio15.TextGrid,6,1,then,20.350,20.610,RB,17.9329,6.07,3
audio15.TextGrid,6,2,he,20.610,20.760,PRP,9.1670,6.69,2
audio15.TextGrid,6,3,rested,20.760,21.130,VBD,18.2447,3.59,6
audio15.TextGrid,6,4,against,21.130,21.420,IN,10.6082,5.68,6
audio15.TextGrid,6,5,the,21.420,21.510,DT,2.1063,7.73,2
audio15.TextGrid,6,6,bow,21.510,21.910,NN,13.5426,4.3,2
audio15.TextGrid,7,1,he,22.780,22.900,PRP,13.2074,6.69,2
audio15.TextGrid,7,2,rested,22.900,23.420,VBD,22.4041,3.59,6
audio15.TextGrid,7,3,sitting,23.420,23.720,VBG,13.9030,4.86,5
audio15.TextGrid,7,4,on,23.720,23.860,IN,2.8795,6.91,2
audio15.TextGrid,7,5,the,23.860,23.990,DT,1.4200,7.73,2
audio15.TextGrid,7,6,un,23.990,24.140,NN,8.4951,4.62,2
audio15.TextGrid,7,7,stepped,24.140,24.510,VBD,22.8354,4.2,5
audio15.TextGrid,7,8,mast,24.510,24.860,NN,15.1765,3.52,4
audio15.TextGrid,7,9,and,24.860,24.960,CC,8.2169,7.41,2
audio15.TextGrid,7,10,sail,24.960,25.410,NN,15.6686,4.01,3
audio15.TextGrid,7,11,and,25.630,25.770,CC,6.0104,7.41,3
audio15.TextGrid,7,12,tried,25.770,26.130,VBD,10.3949,5.16,4
audio15.TextGrid,7,13,not,26.130,26.330,RB,6.4048,6.69,3
audio15.TextGrid,7,14,to,26.330,26.420,TO,0.2899,7.43,2
audio15.TextGrid,7,15,think,26.420,26.880,VB,6.6256,6.08,4
audio15.TextGrid,7,16,but,26.950,27.090,CC,10.2636,6.63,3
audio15.TextGrid,7,17,only,27.090,27.360,RB,9.3500,6.12,4
audio15.TextGrid,7,18,to,27.360,27.540,TO,2.1869,7.43,2
audio15.TextGrid,7,19,endure,27.540,28.070,VB,14.2717,3.82,6
audio15.TextGrid,8,1,then,29.580,29.880,RB,17.9329,6.07,3
audio15.TextGrid,8,2,he,29.880,30.020,PRP,9.1670,6.69,2
audio15.TextGrid,8,3,looked,30.020,30.230,VBD,9.6455,5.11,4
audio15.TextGrid,8,4,behind,30.230,30.670,IN,9.7697,5.29,6
audio15.TextGrid,8,5,him,30.670,30.920,PRP,4.2319,6.11,3
audio15.TextGrid,8,6,and,30.920,31.070,CC,5.9637,7.41,3
audio15.TextGrid,8,7,saw,31.070,31.300,VBD,7.2354,5.34,2
audio15.TextGrid,8,8,that,31.300,31.470,IN,5.5413,7.01,3
audio15.TextGrid,8,9,no,31.470,31.640,DT,8.0570,6.35,2
audio15.TextGrid,8,10,land,31.640,31.950,NN,13.2067,5.22,4
audio15.TextGrid,8,11,was,31.950,32.150,VBD,3.1772,6.82,3
audio15.TextGrid,8,12,visible,32.150,32.660,JJ,11.7835,4.39,7
audio15.TextGrid,9,1,that,33.340,33.530,DT,16.1379,7.01,3
audio15.TextGrid,9,2,makes,33.530,33.800,VBZ,9.1278,5.46,4
audio15.TextGrid,9,3,no,33.800,33.920,DT,5.4143,6.35,2
audio15.TextGrid,9,4,difference,33.920,34.430,NN,8.7452,5.01,7
audio15.TextGrid,9,5,he,34.430,34.540,PRP,12.3284,6.69,2
audio15.TextGrid,9,6,thought,34.540,34.940,VBD,12.5647,5.59,3
audio15.TextGrid,10,1,i,35.370,35.450,NN,5.7704,7.09,1
audio15.TextGrid,10,2,can,35.450,35.590,MD,13.1783,6.46,3
audio15.TextGrid,10,3,always,35.590,35.930,RB,10.2582,5.76,5
audio15.TextGrid,10,4,come,35.930,36.130,VB,8.5046,5.78,3
audio15.TextGrid,10,5,in,36.130,36.290,IN,4.7623,7.27,2
audio15.TextGrid,10,6,on,36.290,36.400,IN,6.1657,6.91,2
audio15.TextGrid,10,7,the,36.400,36.470,DT,2.7532,7.73,2
audio15.TextGrid,10,8,glow,36.470,36.740,NN,13.2594,3.91,3
audio15.TextGrid,10,9,from,36.740,36.950,IN,7.2544,6.63,4
audio15.TextGrid,10,10,havana,36.950,37.320,NN,21.6445,3.53,6
audio15.TextGrid,11,1,there,38.460,38.590,EX,14.3662,6.31,3
audio15.TextGrid,11,2,are,38.590,38.710,VBP,2.7399,6.74,2
audio15.TextGrid,11,3,two,38.710,38.940,CD,4.9252,6.1,2
audio15.TextGrid,11,4,more,38.940,39.200,JJR,9.1424,6.36,3
audio15.TextGrid,11,5,hours,39.200,39.580,NNS,9.7561,5.4,3
audio15.TextGrid,11,6,before,39.580,39.880,IN,8.7449,5.93,5
audio15.TextGrid,11,7,the,39.880,39.980,DT,5.2953,7.73,2
audio15.TextGrid,11,8,sun,39.980,40.260,NN,7.5319,4.97,3
audio15.TextGrid,11,9,sets,40.260,40.680,NNS,9.7163,4.69,4
audio15.TextGrid,11,10,and,40.680,40.920,CC,4.9083,7.41,3
audio15.TextGrid,11,11,maybe,40.920,41.230,RB,8.7688,5.45,4
audio15.TextGrid,11,12,he,41.230,41.330,PRP,7.2476,6.69,2
audio15.TextGrid,11,13,will,41.330,41.500,MD,6.5257,6.45,3
audio15.TextGrid,11,14,come,41.500,41.690,VB,7.9315,5.78,3
audio15.TextGrid,11,15,up,41.690,41.820,RP,6.9903,6.39,2
audio15.TextGrid,11,16,before,41.830,42.170,IN,7.1569,5.93,5
audio15.TextGrid,12,1,that,42.170,42.540,IN,16.1379,7.01,3
audio15.TextGrid,12,2,if,43.140,43.260,IN,11.1197,6.47,2
audio15.TextGrid,12,3,he,43.260,43.340,PRP,5.6961,6.69,2
audio15.TextGrid,12,4,doesn't,43.340,43.790,VBZ,6.1238,5.53,6
audio15.TextGrid,12,5,maybe,43.790,44.050,RB,14.6521,5.45,4
audio15.TextGrid,12,6,he,44.050,44.120,PRP,3.9028,6.69,2
audio15.TextGrid,12,7,will,44.120,44.260,MD,3.4800,6.45,3
audio15.TextGrid,12,8,come,44.260,44.440,VB,8.2275,5.78,3
audio15.TextGrid,12,9,up,44.440,44.600,RP,6.0510,6.39,2
audio15.TextGrid,12,10,with,44.600,44.730,IN,2.2522,6.85,3
audio15.TextGrid,12,11,the,44.730,44.790,DT,3.5107,7.73,2
audio15.TextGrid,12,12,moon,44.790,45.260,NN,10.2923,4.7,3
audio15.TextGrid,13,1,if,45.940,46.060,IN,13.0425,6.47,2
audio15.TextGrid,13,2,he,46.060,46.140,PRP,7.8389,6.69,2
audio15.TextGrid,13,3,does,46.140,46.320,VBZ,5.4608,5.74,3
audio15.TextGrid,13,4,not,46.320,46.570,RB,2.0714,6.69,3
audio15.TextGrid,13,5,do,46.570,46.650,VB,6.4404,6.35,2
audio15.TextGrid,13,6,that,46.650,46.920,DT,3.2112,7.01,3
audio15.TextGrid,13,7,maybe,46.990,47.280,RB,14.4457,5.45,4
audio15.TextGrid,13,8,he,47.280,47.360,PRP,3.0532,6.69,2
audio15.TextGrid,13,9,will,47.360,47.500,MD,1.8467,6.45,3
audio15.TextGrid,13,10,come,47.500,47.660,VB,9.2460,5.78,3
audio15.TextGrid,13,11,up,47.660,47.840,RP,6.8493,6.39,2
audio15.TextGrid,13,12,with,47.840,47.940,IN,1.9738,6.85,3
audio15.TextGrid,13,13,the,47.940,48.020,DT,3.0748,7.73,2
audio15.TextGrid,13,14,sunrise,48.020,48.690,NN,18.5765,3.82,6
audio15.TextGrid,14,1,i,49.400,49.510,NNS,5.7704,7.09,1
audio15.TextGrid,14,2,have,49.510,49.690,VBP,11.5572,6.71,3
audio15.TextGrid,14,3,no,49.690,49.810,DT,4.4239,6.35,2
audio15.TextGrid,14,4,cramps,49.810,50.450,NNS,21.1975,3.32,6
audio15.TextGrid,14,5,and,50.450,50.580,CC,5.7625,7.41,3
audio15.TextGrid,14,6,i,50.580,50.680,JJ,2.4676,7.09,1
audio15.TextGrid,14,7,feel,50.680,50.930,NN,7.7723,5.67,3
audio15.TextGrid,14,8,strong,50.930,51.520,JJ,8.5241,5.22,5
audio15.TextGrid,15,1,it,52.010,52.140,PRP,11.0007,6.95,2
audio15.TextGrid,15,2,is,52.140,52.310,VBZ,3.1661,7.07,2
audio15.TextGrid,15,3,he,52.310,52.580,PRP,11.1242,6.69,2
audio15.TextGrid,15,4,that,52.580,52.740,WDT,14.1917,7.01,3
audio15.TextGrid,15,5,has,52.740,52.950,VBZ,4.9461,6.37,3
audio15.TextGrid,15,6,the,52.950,53.060,DT,4.7686,7.73,2
audio15.TextGrid,15,7,hook,53.060,53.260,NN,15.4103,4.37,3
audio15.TextGrid,15,8,in,53.260,53.370,IN,6.2170,7.27,2
audio15.TextGrid,15,9,his,53.370,53.560,PRP$,1.8246,6.51,3
audio15.TextGrid,15,10,mouth,53.560,53.950,NN,4.8481,4.83,3
audio15.TextGrid,16,1,but,54.950,55.130,CC,16.1685,6.63,3
audio15.TextGrid,16,2,what,55.130,55.270,WP,7.3927,6.38,3
audio15.TextGrid,16,3,a,55.270,55.330,DT,6.7054,7.36,1
audio15.TextGrid,16,4,fish,55.330,55.640,NN,12.7173,4.9,3
audio15.TextGrid,16,5,to,55.640,55.750,TO,8.1817,7.43,2
audio15.TextGrid,16,6,pull,55.750,56.140,VB,11.1981,4.82,3
audio15.TextGrid,16,7,like,56.140,56.340,IN,9.7346,6.41,3
audio15.TextGrid,17,1,that,56.340,56.650,IN,16.1379,7.01,3
audio15.TextGrid,17,2,he,57.300,57.410,PRP,7.6178,6.69,2
audio15.TextGrid,17,3,must,57.410,57.620,MD,8.4184,5.68,4
audio15.TextGrid,17,4,have,57.620,57.750,VB,1.8551,6.71,3
audio15.TextGrid,17,5,his,57.750,57.920,PRP$,10.1805,6.51,3
audio15.TextGrid,17,6,mouth,57.920,58.200,NN,8.9600,4.83,3
audio15.TextGrid,17,7,shut,58.200,58.440,VBD,13.7009,4.78,3
audio15.TextGrid,17,8,tight,58.470,58.710,VBN,11.9194,4.57,3
audio15.TextGrid,17,9,on,58.710,58.830,IN,5.9063,6.91,2
audio15.TextGrid,17,10,the,58.830,58.890,DT,3.0150,7.73,2
audio15.TextGrid,17,11,wire,58.890,59.300,NN,12.1354,4.43,3
audio15.TextGrid,18,1,i,59.300,59.330,JJ,5.7704,7.09,1
audio15.TextGrid,18,2,wish,60.140,60.430,VBP,15.6467,5.18,3
audio15.TextGrid,18,3,i,60.430,60.520,NN,1.5954,7.09,1
audio15.TextGrid,18,4,could,60.520,60.690,MD,5.6324,6.06,3
audio15.TextGrid,18,5,see,60.690,61.010,VB,5.9868,6.1,2
audio15.TextGrid,18,6,him,61.010,61.210,PRP,6.5789,6.11,2
audio15.TextGrid,19,1,i,61.960,62.040,JJ,5.7704,7.09,1
audio15.TextGrid,19,2,wish,62.040,62.260,VBP,15.6467,5.18,3
audio15.TextGrid,19,3,i,62.260,62.360,NN,1.5954,7.09,1
audio15.TextGrid,19,4,could,62.360,62.510,MD,5.6324,6.06,3
audio15.TextGrid,19,5,see,62.510,62.740,VB,5.9869,6.1,2
audio15.TextGrid,19,6,him,62.740,62.840,PRP,6.5789,6.11,2
audio15.TextGrid,19,7,only,62.840,63.060,RB,12.4101,6.12,4
audio15.TextGrid,19,8,once,63.060,63.420,RB,9.1804,5.53,4
audio15.TextGrid,19,9,to,63.420,63.590,TO,7.5226,7.43,2
audio15.TextGrid,19,10,know,63.590,63.760,VB,6.7337,6.1,2
audio15.TextGrid,19,11,what,63.760,63.950,WP,2.9369,6.38,3
audio15.TextGrid,19,12,i,63.950,64.040,NN,3.4411,7.09,1
audio15.TextGrid,19,13,have,64.040,64.230,VBP,6.2185,6.71,3
audio15.TextGrid,19,14,against,64.230,64.670,IN,13.0720,5.68,6
audio15.TextGrid,19,15,me,64.670,64.940,PRP,4.8018,6.48,2
audio15.TextGrid,20,1,the,67.290,67.390,DT,11.8924,7.73,2
audio15.TextGrid,20,2,fish,67.390,67.720,JJ,12.2426,4.9,3
audio15.TextGrid,20,3,never,67.720,68.010,RB,12.2087,5.91,4
audio15.TextGrid,20,4,changed,68.010,68.470,VBN,11.1066,5.07,5
audio15.TextGrid,20,5,his,68.470,68.640,PRP$,9.0574,6.51,3
audio15.TextGrid,20,6,course,68.640,69.130,NN,11.8548,5.44,4
audio15.TextGrid,20,7,nor,69.130,69.360,CC,11.1362,4.78,3
audio15.TextGrid,20,8,his,69.360,69.540,PRP$,5.7999,6.51,3
audio15.TextGrid,20,9,direction,69.540,70.120,NN,12.6466,4.93,8
audio15.TextGrid,20,10,all,70.120,70.380,DT,10.9927,6.52,2
audio15.TextGrid,20,11,that,70.380,70.670,WDT,3.1606,7.01,3
audio15.TextGrid,20,12,night,70.670,70.980,NN,9.8014,5.61,3
audio15.TextGrid,20,13,as,70.980,71.130,RB,8.5422,6.77,2
audio15.TextGrid,20,14,far,71.130,71.310,RB,8.2626,5.5,3
audio15.TextGrid,20,15,as,71.310,71.420,IN,0.1798,6.77,2
audio15.TextGrid,20,16,the,71.420,71.500,DT,3.3361,7.73,2
audio15.TextGrid,20,17,man,71.500,71.740,NN,8.4967,5.82,3
audio15.TextGrid,20,18,could,71.740,71.940,MD,9.3297,6.06,3
audio15.TextGrid,20,19,tell,71.940,72.210,VB,6.3823,5.53,3
audio15.TextGrid,20,20,from,72.210,72.380,IN,9.4003,6.63,3
audio15.TextGrid,20,21,watching,72.380,72.740,VBG,14.0866,5.02,5
audio15.TextGrid,20,22,the,72.740,72.820,DT,2.5122,7.73,2
audio15.TextGrid,20,23,stars,72.820,73.410,NNS,10.5964,4.86,5
audio15.TextGrid,21,1,it,74.130,74.270,PRP,11.0007,6.95,2
audio15.TextGrid,21,2,was,74.270,74.410,VBD,3.5299,6.82,3
audio15.TextGrid,21,3,cold,74.410,74.850,VBN,12.4573,5.02,4
audio15.TextGrid,21,4,after,74.850,75.060,IN,6.1917,6.11,4
audio15.TextGrid,21,5,the,75.060,75.160,DT,3.1583,7.73,2
audio15.TextGrid,21,6,sun,75.160,75.400,NN,8.9927,4.97,3
audio15.TextGrid,21,7,went,75.400,75.630,VBD,8.0173,5.5,4
audio15.TextGrid,21,8,down,75.630,76.000,RB,2.1698,5.88,3
audio15.TextGrid,22,1,and,76.460,76.560,CC,13.4350,7.41,2
audio15.TextGrid,22,2,the,76.560,76.680,DT,6.4323,7.73,2
audio15.TextGrid,22,3,old,76.680,76.960,JJ,8.8206,5.75,3
audio15.TextGrid,22,4,man,76.960,77.200,NN,4.4290,5.82,3
audio15.TextGrid,22,5,s,77.200,77.250,VBZ,7.0829,5.86,1
audio15.TextGrid,22,6,sweat,77.250,77.620,NN,24.1717,4.14,4
audio15.TextGrid,22,7,dried,77.620,77.890,VBD,16.0404,4.04,4
audio15.TextGrid,22,8,cold,77.890,78.230,NN,13.0280,5.02,4
audio15.TextGrid,22,9,on,78.230,78.370,IN,7.0919,6.91,2
audio15.TextGrid,22,10,his,78.370,78.540,PRP$,1.9447,6.51,3
audio15.TextGrid,22,11,back,78.540,78.960,NN,5.5265,6.04,3
audio15.TextGrid,22,12,and,78.960,79.070,CC,3.8758,7.41,2
audio15.TextGrid,22,13,his,79.070,79.230,PRP$,5.2720,6.51,3
audio15.TextGrid,22,14,arms,79.230,79.670,NNS,8.6294,4.82,4
audio15.TextGrid,22,15,and,79.670,79.800,CC,4.6483,7.41,3
audio15.TextGrid,22,16,his,79.800,79.950,PRP$,3.9321,6.51,3
audio15.TextGrid,22,17,old,79.950,80.220,JJ,7.8733,5.75,3
audio15.TextGrid,22,18,legs,80.220,80.680,NN,10.6754,4.67,4
audio15.TextGrid,23,1,during,81.440,81.720,IN,18.2300,5.72,5
audio15.TextGrid,23,2,the,81.720,81.790,DT,1.6391,7.73,2
audio15.TextGrid,23,3,day,81.790,82.080,NN,5.1050,5.95,2
audio15.TextGrid,23,4,he,82.080,82.160,PRP,8.9377,6.69,2
audio15.TextGrid,23,5,had,82.160,82.340,VBD,5.1912,6.33,3
audio15.TextGrid,23,6,taken,82.340,82.620,VBN,10.9720,5.33,5
audio15.TextGrid,23,7,the,82.620,82.680,DT,2.2693,7.73,2
audio15.TextGrid,23,8,sack,82.680,83.030,NN,15.4053,3.91,3
audio15.TextGrid,23,9,that,83.030,83.190,WDT,7.7168,7.01,3
audio15.TextGrid,23,10,covered,83.190,83.500,VBD,10.7585,4.83,5
audio15.TextGrid,23,11,the,83.500,83.560,DT,2.2098,7.73,2
audio15.TextGrid,23,12,bait,83.560,83.830,NN,16.2141,3.85,3
audio15.TextGrid,23,13,box,83.830,84.190,NN,10.4363,5.04,4
audio15.TextGrid,23,14,and,84.190,84.350,CC,4.4084,7.41,3
audio15.TextGrid,23,15,spread,84.350,84.640,NN,13.4971,4.81,5
audio15.TextGrid,23,16,it,84.640,84.740,PRP,6.2977,6.95,2
audio15.TextGrid,23,17,in,84.740,84.830,IN,3.7243,7.27,2
audio15.TextGrid,23,18,the,84.830,84.910,DT,1.7565,7.73,2
audio15.TextGrid,23,19,sun,84.910,85.170,NN,9.3549,4.97,3
audio15.TextGrid,23,20,to,85.170,85.270,TO,6.9298,7.43,2
audio15.TextGrid,23,21,dry,85.270,85.710,VB,12.7984,4.74,3
audio15.TextGrid,24,1,after,86.650,86.920,IN,14.4768,6.11,4
audio15.TextGrid,24,2,the,86.920,87.020,DT,4.9960,7.73,2
audio15.TextGrid,24,3,sun,87.020,87.280,NN,9.7979,4.97,3
audio15.TextGrid,24,4,went,87.280,87.460,VBD,11.6735,5.5,4
audio15.TextGrid,24,5,down,87.460,87.890,IN,2.9800,5.88,3
audio15.TextGrid,24,6,he,87.890,88.050,PRP,10.2349,6.69,2
audio15.TextGrid,24,7,tied,88.050,88.370,VBD,13.2766,4.47,3
audio15.TextGrid,24,8,it,88.370,88.470,PRP,5.0916,6.95,2
audio15.TextGrid,24,9,around,88.470,88.750,IN,8.5939,5.77,4
audio15.TextGrid,24,10,his,88.750,88.940,PRP$,3.2878,6.51,3
audio15.TextGrid,24,11,neck,88.940,89.240,NN,7.8888,4.63,3
audio15.TextGrid,24,12,so,89.240,89.380,IN,7.1577,6.52,2
audio15.TextGrid,24,13,that,89.380,89.530,IN,3.4775,7.01,3
audio15.TextGrid,24,14,it,89.530,89.650,PRP,2.3779,6.95,2
audio15.TextGrid,24,15,hung,89.650,89.850,VBD,16.9007,4.21,3
audio15.TextGrid,24,16,down,89.850,90.100,RP,9.9062,5.88,3
audio15.TextGrid,24,17,over,90.100,90.320,IN,8.0808,6.08,3
audio15.TextGrid,24,18,his,90.320,90.490,PRP$,0.5978,6.51,3
audio15.TextGrid,24,19,back,90.490,90.890,NN,5.9051,6.04,3
audio15.TextGrid,25,1,and,91.400,91.480,CC,13.4350,7.41,2
audio15.TextGrid,25,2,he,91.480,91.560,PRP,9.2683,6.69,2
audio15.TextGrid,25,3,cautiously,91.560,92.150,RB,28.2093,3.32,7
audio15.TextGrid,25,4,worked,92.150,92.410,VBD,9.1368,5.16,4
audio15.TextGrid,25,5,it,92.410,92.470,PRP,7.3208,6.95,2
audio15.TextGrid,25,6,down,92.470,92.920,RP,6.9438,5.88,3
audio15.TextGrid,25,7,under,92.920,93.120,IN,8.6875,5.73,4
audio15.TextGrid,25,8,the,93.120,93.230,DT,2.2246,7.73,2
audio15.TextGrid,25,9,line,93.230,93.640,NN,8.0154,5.49,3
audio15.TextGrid,25,10,that,93.640,93.800,WDT,6.0593,7.01,3
audio15.TextGrid,25,11,was,93.800,93.970,VBD,7.2082,6.82,3
audio15.TextGrid,25,12,across,93.970,94.320,IN,12.3091,5.25,5
audio15.TextGrid,25,13,his,94.320,94.450,PRP$,4.0127,6.51,3
audio15.TextGrid,25,14,shoulders,94.450,94.940,NNS,11.1212,4.18,6
audio15.TextGrid,25,15,now,94.940,95.320,RB,11.8334,6.18,2
audio15.TextGrid,26,1,the,96.010,96.100,DT,11.8924,7.73,2
audio15.TextGrid,26,2,sack,96.100,96.390,NN,14.7559,3.91,3
audio15.TextGrid,26,3,cushioned,96.390,96.780,VBD,26.3870,2.62,6
audio15.TextGrid,26,4,the,96.780,96.860,DT,4.9253,7.73,2
audio15.TextGrid,26,5,line,96.860,97.250,NN,11.0591,5.49,3
audio15.TextGrid,26,6,and,97.250,97.390,CC,6.2587,7.41,3
audio15.TextGrid,26,7,he,97.390,97.480,PRP,6.7656,6.69,2
audio15.TextGrid,26,8,had,97.480,97.610,VBD,7.5558,6.33,3
audio15.TextGrid,26,9,found,97.610,97.860,VBN,10.0051,5.68,4
audio15.TextGrid,26,10,a,97.860,97.890,DT,3.1046,7.36,1
audio15.TextGrid,26,11,way,97.890,98.090,NN,5.7386,6.01,2
audio15.TextGrid,26,12,of,98.090,98.230,IN,4.2816,7.4,2
audio15.TextGrid,26,13,leaning,98.230,98.590,VBG,14.3034,3.89,5
audio15.TextGrid,26,14,forward,98.590,99.040,RB,10.7881,5.12,6
audio15.TextGrid,26,15,against,99.040,99.330,IN,8.3589,5.68,6
audio15.TextGrid,26,16,the,99.330,99.430,DT,1.3073,7.73,2
audio15.TextGrid,26,17,bow,99.430,99.870,NN,12.8418,4.3,2
audio15.TextGrid,26,18,so,99.870,100.020,RB,12.3844,6.52,2
audio15.TextGrid,26,19,that,100.020,100.170,IN,2.8503,7.01,3
audio15.TextGrid,26,20,he,100.170,100.230,PRP,2.6198,6.69,2
audio15.TextGrid,26,21,was,100.230,100.380,VBD,3.1467,6.82,3
audio15.TextGrid,26,22,almost,100.380,100.740,RB,9.5014,5.39,6
audio15.TextGrid,26,23,comfortable,100.740,101.310,JJ,10.3909,4.66,10
audio15.TextGrid,27,1,the,102.310,102.380,DT,11.8924,7.73,2
audio15.TextGrid,27,2,position,102.380,102.840,NN,13.4781,5.21,7
audio15.TextGrid,27,3,actually,102.840,103.370,RB,18.8603,5.49,5
audio15.TextGrid,27,4,was,103.370,103.560,VBD,5.1517,6.82,3
audio15.TextGrid,27,5,only,103.560,103.810,JJ,8.9293,6.12,4
audio15.TextGrid,27,6,somewhat,103.810,104.260,RB,16.2990,4.55,6
audio15.TextGrid,27,7,less,104.260,104.530,RBR,9.2978,5.49,3
audio15.TextGrid,27,8,intolerable,104.530,105.280,JJ,25.6744,3.17,10
audio15.TextGrid,28,1,but,106.040,106.200,CC,16.1685,6.63,3
audio15.TextGrid,28,2,he,106.200,106.310,PRP,7.1638,6.69,2
audio15.TextGrid,28,3,thought,106.310,106.540,VBD,10.2722,5.59,3
audio15.TextGrid,28,4,of,106.540,106.640,IN,4.8743,7.4,2
audio15.TextGrid,28,5,it,106.640,106.740,PRP,3.0884,6.95,2
audio15.TextGrid,28,6,as,106.740,106.840,IN,7.3165,6.77,2
audio15.TextGrid,28,7,almost,106.840,107.210,RB,12.2740,5.39,6
audio15.TextGrid,28,8,comfortable,107.210,107.750,JJ,13.4159,4.66,10
audio15.TextGrid,29,1,i,109.400,109.540,NN,5.7704,7.09,1
audio15.TextGrid,29,2,can,109.540,109.710,MD,13.1783,6.46,3
audio15.TextGrid,29,3,do,109.710,109.850,VB,6.1112,6.35,2
audio15.TextGrid,29,4,nothing,109.850,110.190,NN,8.7193,5.55,5
audio15.TextGrid,29,5,with,110.190,110.340,IN,3.9909,6.85,3
audio15.TextGrid,29,6,him,110.340,110.600,PRP,9.0304,6.11,3
audio15.TextGrid,29,7,and,110.600,110.750,CC,5.8990,7.41,3
audio15.TextGrid,29,8,he,110.750,110.850,PRP,5.1543,6.69,2
audio15.TextGrid,29,9,can,110.850,111.030,MD,4.2201,6.46,3
audio15.TextGrid,29,10,do,111.030,111.140,VB,3.3981,6.35,2
audio15.TextGrid,29,11,nothing,111.140,111.480,NN,1.9427,5.55,5
audio15.TextGrid,29,12,with,111.480,111.630,IN,0.4733,6.85,3
audio15.TextGrid,29,13,me,111.630,111.960,PRP,1.1196,6.48,2
audio15.TextGrid,29,14,he,112.150,112.260,PRP,10.1989,6.69,2
audio15.TextGrid,29,15,thought,112.260,112.670,VBD,12.5382,5.59,3
audio15.TextGrid,30,1,not,113.210,113.420,RB,13.5815,6.69,3
audio15.TextGrid,30,2,as,113.420,113.540,RB,8.9960,6.77,2
audio15.TextGrid,30,3,long,113.540,113.770,RB,6.8820,5.81,3
audio15.TextGrid,30,4,as,113.770,113.870,IN,0.4144,6.77,2
audio15.TextGrid,30,5,he,113.870,113.970,PRP,6.5097,6.69,2
audio15.TextGrid,30,6,keeps,113.970,114.330,VBZ,8.9019,4.67,4
audio15.TextGrid,30,7,this,114.330,114.560,DT,8.5672,6.82,3
audio15.TextGrid,30,8,up,114.560,114.850,RP,9.8758,6.39,2
audio15.TextGrid,31,1,once,116.920,117.200,RB,17.4681,5.53,4
audio15.TextGrid,31,2,he,117.200,117.330,PRP,7.4902,6.69,2
audio15.TextGrid,31,3,stood,117.330,120.310,VBD,9.8558,4.57,4
audio15.TextGrid,31,4,up,120.310,120.670,RP,4.7333,6.39,2
audio15.TextGrid,32,1,and,120.670,121.580,CC,13.4350,7.41,3
audio15.TextGrid,32,2,urinated,122.640,123.250,VBN,26.5391,2.31,9
audio15.TextGrid,32,3,over,123.250,123.430,IN,9.1001,6.08,3
audio15.TextGrid,32,4,the,123.430,123.540,DT,2.7052,7.73,2
audio15.TextGrid,32,5,side,123.540,123.690,NN,10.3419,5.5,3
audio15.TextGrid,32,6,of,123.690,123.780,IN,1.2534,7.4,2
audio15.TextGrid,32,7,the,123.780,123.980,DT,0.9793,7.73,2
audio15.TextGrid,32,8,skiff,123.980,124.140,NN,21.5225,2.63,4
audio15.TextGrid,32,9,and,124.140,124.200,CC,5.0695,7.41,2
audio15.TextGrid,32,10,looked,124.200,124.320,VBD,11.4367,5.11,4
audio15.TextGrid,32,11,at,124.320,124.380,IN,2.8929,6.7,2
audio15.TextGrid,32,12,the,124.380,124.450,DT,1.6503,7.73,2
audio15.TextGrid,32,13,stars,124.450,124.750,NNS,13.3081,4.86,5
audio15.TextGrid,32,14,and,124.750,124.890,CC,2.6393,7.41,3
audio15.TextGrid,32,15,checked,124.890,125.030,VBD,11.9229,4.54,4
audio15.TextGrid,32,16,his,125.030,125.120,PRP$,9.4448,6.51,3
audio15.TextGrid,32,17,course,125.120,125.600,NN,12.1268,5.44,4
audio15.TextGrid,32,18,the,125.600,125.660,DT,9.4289,7.73,2
audio15.TextGrid,32,19,line,125.660,125.750,NN,10.5556,5.49,3
audio15.TextGrid,32,20,showed,125.750,126.060,VBD,11.4873,4.86,3
audio15.TextGrid,32,21,like,126.060,126.160,IN,7.9398,6.41,3
audio15.TextGrid,32,22,a,126.160,126.190,DT,2.1736,7.36,1
audio15.TextGrid,32,23,phosphorescent,126.190,126.890,NN,46.0390,2.22,11
audio15.TextGrid,33,1,streak,127.680,127.990,NN,23.5369,4.06,5
audio15.TextGrid,33,2,in,127.990,128.090,IN,7.7544,7.27,2
audio15.TextGrid,33,3,the,128.090,128.290,DT,1.9939,7.73,2
audio15.TextGrid,33,4,water,128.290,128.540,NN,9.9152,5.52,4
audio15.TextGrid,33,5,straight,128.540,129.020,VBD,13.3621,5.04,5
audio15.TextGrid,33,6,out,129.020,129.360,RP,6.0841,6.38,2
audio15.TextGrid,33,7,from,129.460,129.600,IN,6.0684,6.63,4
audio15.TextGrid,33,8,his,129.600,129.770,PRP$,8.6325,6.51,3
audio15.TextGrid,33,9,shoulders,129.770,130.190,NNS,13.8703,4.18,6
audio15.TextGrid,33,10,they,130.190,130.350,PRP,11.8009,6.5,2
audio15.TextGrid,33,11,were,130.350,130.620,VBD,4.6475,6.34,2
audio15.TextGrid,33,12,moving,130.620,130.890,VBG,8.2779,5.02,5
audio15.TextGrid,33,13,more,130.890,130.980,RBR,11.9097,6.36,3
audio15.TextGrid,33,14,slowly,130.980,131.470,RB,10.3381,4.63,5
audio15.TextGrid,33,15,now,131.470,131.580,RB,9.5229,6.18,2
audio15.TextGrid,33,16,and,131.780,131.980,CC,3.3255,7.41,2
audio15.TextGrid,33,17,the,131.980,132.060,DT,4.1912,7.73,2
audio15.TextGrid,33,18,glow,132.060,132.180,NN,11.3869,3.91,3
audio15.TextGrid,33,19,of,132.180,132.270,IN,3.1040,7.4,2
audio15.TextGrid,33,20,havana,132.270,132.530,NN,22.9098,3.53,6
audio15.TextGrid,33,21,was,132.530,132.660,VBD,3.6022,6.82,3
audio15.TextGrid,33,22,not,132.660,133.000,RB,6.2632,6.69,3
audio15.TextGrid,33,23,so,133.000,133.060,RB,7.1210,6.52,2
audio15.TextGrid,33,24,strong,133.060,133.840,JJ,9.0112,5.22,5
audio15.TextGrid,33,25,so,133.840,133.940,RB,8.7519,6.52,2
audio15.TextGrid,33,26,that,133.940,134.080,IN,5.1570,7.01,3
audio15.TextGrid,33,27,he,134.080,134.280,PRP,3.2467,6.69,2
audio15.TextGrid,33,28,knew,134.280,134.660,VBD,6.1027,5.2,3
audio15.TextGrid,34,1,the,134.660,134.790,DT,11.8924,7.73,2
audio15.TextGrid,34,2,current,135.850,136.200,JJ,11.6789,5.27,6
audio15.TextGrid,34,3,must,136.200,136.530,MD,14.8963,5.68,4
audio15.TextGrid,34,4,be,136.530,136.630,VB,6.5432,6.79,2
audio15.TextGrid,34,5,carrying,136.630,136.880,VBG,17.2953,4.61,6
audio15.TextGrid,34,6,them,136.880,136.970,PRP,10.2109,6.19,3
audio15.TextGrid,34,7,to,136.970,137.030,TO,3.9054,7.43,2
audio15.TextGrid,34,8,the,137.030,137.230,DT,1.9293,7.73,2
audio15.TextGrid,34,9,eastward,137.230,137.530,NN,21.6976,3.24,6
audio15.TextGrid,34,10,if,137.530,137.590,IN,11.5785,6.47,2
audio15.TextGrid,34,11,i,137.590,137.620,JJ,7.8947,7.09,1
audio15.TextGrid,34,12,lose,137.620,137.730,VBP,9.2737,5.08,3
audio15.TextGrid,34,13,the,137.730,137.910,DT,3.0688,7.73,2
audio15.TextGrid,34,14,glare,137.910,138.110,NN,19.0925,3.36,4
audio15.TextGrid,34,15,of,138.110,138.170,IN,2.2410,7.4,2
audio15.TextGrid,34,16,havana,138.170,138.530,NN,18.2982,3.53,6
audio15.TextGrid,35,1,we,138.530,138.760,PRP,12.9441,6.54,2
audio15.TextGrid,35,2,must,138.760,138.920,MD,6.8817,5.68,4
audio15.TextGrid,35,3,be,138.920,139.070,VB,3.7656,6.79,2
audio15.TextGrid,35,4,going,139.070,139.300,VBG,7.6975,5.94,4
audio15.TextGrid,35,5,more,139.350,139.490,JJR,9.3787,6.36,3
audio15.TextGrid,35,6,to,139.490,139.550,TO,6.8668,7.43,2
audio15.TextGrid,36,1,the,139.550,139.650,DT,11.8924,7.73,2
audio15.TextGrid,36,2,eastward,140.250,140.570,NN,22.6520,3.24,6
audio15.TextGrid,36,3,he,140.570,140.650,PRP,8.8831,6.69,2
audio15.TextGrid,36,4,thought,140.650,140.830,VBD,21.0265,5.59,3
audio15.TextGrid,36,5,for,140.830,140.930,IN,7.2976,7.01,2
audio15.TextGrid,36,6,if,140.930,141.000,IN,12.1343,6.47,2
audio15.TextGrid,36,7,the,141.000,141.240,DT,4.1985,7.73,2
audio15.TextGrid,36,8,fish,141.240,141.410,JJ,12.9470,4.9,3
audio15.TextGrid,36,9,s,141.410,141.440,NN,7.2473,5.86,1
audio15.TextGrid,36,10,course,141.440,141.760,NN,19.7197,5.44,4
audio15.TextGrid,36,11,held,141.760,141.940,VBD,12.4621,5.24,4
audio15.TextGrid,36,12,true,142.260,142.350,JJ,10.0613,5.4,3
audio15.TextGrid,36,13,i,142.350,142.380,NN,8.6247,7.09,1
audio15.TextGrid,36,14,must,142.380,142.660,MD,6.7493,5.68,4
audio15.TextGrid,36,15,see,142.660,142.830,VB,6.3354,6.1,2
audio15.TextGrid,36,16,it,142.830,142.920,PRP,3.5504,6.95,2
audio15.TextGrid,36,17,for,142.920,143.030,IN,5.0328,7.01,2
audio15.TextGrid,36,18,many,143.030,143.260,JJ,11.2015,5.91,4
audio15.TextGrid,36,19,more,143.260,143.490,JJR,5.9706,6.36,3
audio15.TextGrid,36,20,hours,143.490,143.940,NNS,5.5459,5.4,3
audio15.TextGrid,37,1,i,145.230,145.310,NN,5.7704,7.09,1
audio15.TextGrid,37,2,wonder,145.310,145.580,VBP,17.6836,4.93,5
audio15.TextGrid,37,3,how,145.580,145.700,WRB,4.3987,6.24,2
audio15.TextGrid,37,4,the,145.700,145.790,DT,5.1339,7.73,2
audio15.TextGrid,37,5,baseball,145.790,146.290,NN,13.9671,4.54,6
audio15.TextGrid,37,6,came,146.290,146.550,VBD,13.4729,5.5,3
audio15.TextGrid,37,7,out,146.550,146.740,RP,2.9739,6.38,2
audio15.TextGrid,37,8,in,146.740,146.830,IN,5.7748,7.27,2
audio15.TextGrid,37,9,the,146.830,146.890,DT,1.2161,7.73,2
audio15.TextGrid,37,10,grand,146.890,147.210,JJ,10.5637,4.91,5
audio15.TextGrid,37,11,leagues,147.210,147.560,NNS,19.4405,3.9,4
audio15.TextGrid,37,12,today,147.560,148.000,NN,9.3590,5.55,4
audio15.TextGrid,37,13,he,148.140,148.260,PRP,11.2981,6.69,2
audio15.TextGrid,37,14,thought,148.260,148.600,VBD,9.3544,5.59,3
audio15.TextGrid,38,1,it,149.270,149.400,PRP,11.0007,6.95,2
audio15.TextGrid,38,2,would,149.400,149.500,MD,8.7915,6.27,3
audio15.TextGrid,38,3,be,149.500,149.610,VB,3.7543,6.79,2
audio15.TextGrid,38,4,wonderful,149.610,150.060,JJ,10.7158,4.85,8
audio15.TextGrid,38,5,to,150.060,150.150,TO,1.9729,7.43,2
audio15.TextGrid,38,6,do,150.150,150.300,VB,8.8470,6.35,2
audio15.TextGrid,38,7,this,150.300,150.520,DT,2.5142,6.82,3
audio15.TextGrid,38,8,with,150.520,150.630,IN,5.0365,6.85,3
audio15.TextGrid,38,9,a,150.630,150.680,DT,3.2108,7.36,1
audio15.TextGrid,38,10,radio,150.680,151.160,NN,11.7491,5.01,5
audio15.TextGrid,39,1,then,152.190,152.370,RB,17.9329,6.07,3
audio15.TextGrid,39,2,he,152.370,152.520,PRP,9.1670,6.69,2
audio15.TextGrid,39,3,thought,152.520,152.820,VBD,10.8708,5.59,3
audio15.TextGrid,39,4,think,153.330,153.540,NN,13.1545,6.08,4
audio15.TextGrid,39,5,of,153.540,153.640,IN,8.1229,7.4,2
audio15.TextGrid,39,6,it,153.640,153.810,PRP,5.2671,6.95,2
audio15.TextGrid,39,7,always,153.810,154.440,RB,13.8733,5.76,5
audio15.TextGrid,39,8,think,154.710,155.010,VBP,8.7976,6.08,4
audio15.TextGrid,39,9,of,155.010,155.130,IN,0.4898,7.4,2
audio15.TextGrid,39,10,what,155.130,155.300,WP,7.2744,6.38,3
audio15.TextGrid,39,11,you,155.300,155.400,PRP,4.1630,6.98,2
audio15.TextGrid,39,12,are,155.400,155.440,VBP,4.2116,6.74,1
audio15.TextGrid,39,13,doing,155.440,155.850,VBG,3.5135,5.6,4
audio15.TextGrid,40,1,you,156.380,156.490,PRP,14.0194,6.98,2
audio15.TextGrid,40,2,must,156.490,156.790,MD,4.7367,5.68,4
audio15.TextGrid,40,3,do,156.790,156.940,VB,7.6854,6.35,2
audio15.TextGrid,40,4,nothing,156.940,157.280,NN,9.6225,5.55,5
audio15.TextGrid,40,5,stupid,157.280,157.830,VB,11.3713,4.94,6
audio15.TextGrid,41,1,then,159.800,159.980,RB,17.9329,6.07,3
audio15.TextGrid,41,2,he,159.980,160.200,PRP,9.1670,6.69,2
audio15.TextGrid,41,3,said,160.200,160.400,VBD,7.5858,6.01,3
audio15.TextGrid,41,4,aloud,160.400,160.840,NN,21.9299,3.51,4
audio15.TextGrid,42,1,i,161.380,161.500,JJ,5.7704,7.09,1
audio15.TextGrid,42,2,wish,161.500,161.720,NN,15.6467,5.18,3
audio15.TextGrid,42,3,i,161.720,161.900,NN,1.5954,7.09,1
audio15.TextGrid,42,4,had,161.900,162.050,VBD,4.2127,6.33,3
audio15.TextGrid,42,5,the,162.050,162.150,DT,4.2549,7.73,2
audio15.TextGrid,42,6,boy,162.150,162.590,NN,9.5070,5.17,2
audio15.TextGrid,43,1,to,163.030,163.190,TO,12.1719,7.43,2
audio15.TextGrid,43,2,help,163.190,163.440,VB,12.4595,5.75,4
audio15.TextGrid,43,3,me,163.440,163.710,PRP,5.8982,6.48,2
audio15.TextGrid,43,4,and,163.930,164.040,CC,7.8388,7.41,2
audio15.TextGrid,43,5,to,164.040,164.160,TO,6.5367,7.43,2
audio15.TextGrid,43,6,see,164.160,164.440,VB,7.2729,6.1,2
audio15.TextGrid,44,1,this,164.440,164.880,DT,14.7183,6.82,3
audio15.TextGrid,44,2,no,166.620,166.790,DT,11.3394,6.35,2
audio15.TextGrid,44,3,one,166.790,166.990,NN,8.1910,6.47,3
audio15.TextGrid,44,4,should,166.990,167.170,MD,6.2262,5.99,3
audio15.TextGrid,44,5,be,167.170,167.300,VB,3.3106,6.79,2
audio15.TextGrid,44,6,alone,167.300,167.650,RB,10.6018,5.16,4
audio15.TextGrid,44,7,in,167.650,167.750,IN,4.4975,7.27,2
audio15.TextGrid,44,8,their,167.750,167.920,PRP$,5.3871,6.33,3
audio15.TextGrid,44,9,old,167.920,168.120,JJ,8.9081,5.75,3
audio15.TextGrid,44,10,age,168.120,168.540,NN,9.4794,5.32,2
audio15.TextGrid,44,11,he,168.540,168.630,PRP,12.7695,6.69,2
audio15.TextGrid,44,12,thought,168.630,169.040,VBD,14.0708,5.59,3
audio15.TextGrid,45,1,but,169.550,169.790,CC,16.1685,6.63,3
audio15.TextGrid,45,2,it,169.790,169.920,PRP,5.1562,6.95,2
audio15.TextGrid,45,3,is,169.920,170.070,VBZ,2.2441,7.07,2
audio15.TextGrid,45,4,unavoidable,170.070,170.770,JJ,30.2150,3.35,10
audio15.TextGrid,46,1,i,171.780,171.860,NN,5.7704,7.09,1
audio15.TextGrid,46,2,must,171.860,172.140,MD,15.4189,5.68,4
audio15.TextGrid,46,3,remember,172.140,172.520,VB,7.2531,5.38,7
audio15.TextGrid,46,4,to,172.520,172.670,TO,3.8930,7.43,2
audio15.TextGrid,46,5,eat,172.670,172.760,VB,8.8198,5.13,2
audio15.TextGrid,46,6,the,172.760,172.870,DT,4.0291,7.73,2
audio15.TextGrid,46,7,tuna,172.870,173.180,NN,16.3788,3.64,4
audio15.TextGrid,46,8,before,173.180,173.520,IN,9.9717,5.93,5
audio15.TextGrid,46,9,he,173.520,173.630,PRP,6.9561,6.69,2
audio15.TextGrid,46,10,spoils,173.630,174.290,VBZ,15.0470,3.33,5
audio15.TextGrid,46,11,in,174.290,174.400,IN,4.5258,7.27,2
audio15.TextGrid,46,12,order,174.400,174.640,NN,9.9545,5.49,4
audio15.TextGrid,46,13,to,174.640,174.730,TO,0.1399,7.43,2
audio15.TextGrid,46,14,keep,174.730,174.980,VB,6.9876,5.66,3
audio15.TextGrid,46,15,strong,174.980,175.480,JJ,13.2539,5.22,5
audio15.TextGrid,47,1,remember,176.200,176.640,VB,16.7570,5.38,7
audio15.TextGrid,47,2,no,177.040,177.140,DT,9.6608,6.35,2
audio15.TextGrid,47,3,matter,177.140,177.380,NN,6.0116,5.38,4
audio15.TextGrid,47,4,how,177.380,177.580,WRB,2.1365,6.24,2
audio15.TextGrid,47,5,little,177.580,177.860,JJ,7.5269,5.75,5
audio15.TextGrid,47,6,you,177.860,177.960,PRP,1.6898,6.98,2
audio15.TextGrid,47,7,want,177.960,178.340,VBP,6.3479,6.04,4
audio15.TextGrid,47,8,to,178.340,178.520,TO,1.4655,7.43,2
audio15.TextGrid,47,9,that,178.520,178.690,DT,14.3083,7.01,3
audio15.TextGrid,47,10,you,178.690,178.750,PRP,4.9689,6.98,2
audio15.TextGrid,47,11,must,178.750,179.030,MD,5.7728,5.68,4
audio15.TextGrid,47,12,eat,179.030,179.200,VB,9.2814,5.13,2
audio15.TextGrid,47,13,him,179.200,179.310,PRP,8.4256,6.11,2
audio15.TextGrid,47,14,in,179.310,179.380,IN,5.2314,7.27,2
audio15.TextGrid,47,15,the,179.380,179.440,DT,2.2689,7.73,2
audio15.TextGrid,47,16,morning,179.440,179.860,NN,7.8975,5.33,6
audio15.TextGrid,48,1,remember,180.610,181.260,VB,16.7570,5.38,7
audio15.TextGrid,48,2,he,181.600,181.730,PRP,8.9558,6.69,2
audio15.TextGrid,48,3,said,181.730,181.990,VBD,6.2231,6.01,3
audio15.TextGrid,48,4,to,181.990,182.130,TO,4.5087,7.43,2
audio15.TextGrid,48,5,himself,182.130,182.630,PRP,10.4061,5.25,7
audio16.TextGrid,1,1,during,1.480,1.800,IN,18.2300,5.72,5
audio16.TextGrid,1,2,the,1.800,1.880,DT,1.6391,7.73,2
audio16.TextGrid,1,3,night,1.880,2.180,NN,8.3060,5.61,3
audio16.TextGrid,1,4,two,2.210,2.400,CD,12.4845,6.1,2
audio16.TextGrid,1,5,porpoises,2.400,3.050,NNS,33.3031,2.38,8
audio16.TextGrid,1,6,came,3.050,3.350,VBD,8.7758,5.5,3
audio16.TextGrid,1,7,around,3.350,3.620,IN,7.6146,5.77,4
audio16.TextGrid,1,8,the,3.620,3.680,DT,2.7294,7.73,2
audio16.TextGrid,1,9,boat,3.680,4.100,NN,11.9346,4.71,3
audio16.TextGrid,1,10,and,4.100,4.240,CC,5.0023,7.41,3
audio16.TextGrid,1,11,he,4.240,4.350,PRP,5.5776,6.69,2
audio16.TextGrid,1,12,could,4.350,4.520,MD,8.5955,6.06,3
audio16.TextGrid,1,13,hear,4.520,4.670,VB,8.7585,5.23,3
audio16.TextGrid,1,14,them,4.670,4.880,PRP,2.8391,6.19,3
audio16.TextGrid,1,15,rolling,4.880,5.270,VBG,10.6871,4.47,5
audio16.TextGrid,1,16,and,5.270,5.350,CC,7.0607,7.41,2
audio16.TextGrid,1,17,blowing,5.350,6.000,VBG,9.3348,4.2,5
audio16.TextGrid,2,1,he,6.410,6.520,PRP,13.2074,6.69,2
audio16.TextGrid,2,2,could,6.520,6.700,MD,13.1592,6.06,3
audio16.TextGrid,2,3,tell,6.700,6.870,VB,10.5925,5.53,3
audio16.TextGrid,2,4,the,6.870,6.950,DT,4.0515,7.73,2
audio16.TextGrid,2,5,difference,6.950,7.420,NN,12.9374,5.01,7
audio16.TextGrid,2,6,between,7.420,7.790,IN,1.2793,5.77,6
audio16.TextGrid,2,7,the,7.790,7.860,DT,1.9747,7.73,2
audio16.TextGrid,2,8,blowing,7.860,8.280,VBG,17.6393,4.2,5
audio16.TextGrid,2,9,the,8.660,8.730,DT,7.2426,7.73,2
audio16.TextGrid,2,10,male,8.730,9.000,NN,15.0018,4.89,3
audio16.TextGrid,2,11,made,9.000,9.410,VBD,13.4310,5.92,3
audio16.TextGrid,2,12,and,9.790,9.900,CC,5.9817,7.41,2
audio16.TextGrid,2,13,the,9.900,10.000,DT,0.2057,7.73,2
audio16.TextGrid,2,14,sighing,10.000,10.470,VBG,21.3086,2.87,4
audio16.TextGrid,2,15,blow,10.470,10.880,NN,10.0535,4.59,3
audio16.TextGrid,2,16,of,10.880,10.940,IN,7.6945,7.4,2
audio16.TextGrid,2,17,the,10.940,11.050,DT,0.2966,7.73,2
audio16.TextGrid,2,18,female,11.050,11.650,NN,7.1194,5.0,5
audio16.TextGrid,3,1,they,13.030,13.200,PRP,20.3883,6.5,2
audio16.TextGrid,3,2,are,13.200,13.310,VBP,3.2684,6.74,2
audio16.TextGrid,3,3,good,13.310,13.890,JJ,8.3337,6.12,3
audio16.TextGrid,3,4,he,14.140,14.270,PRP,9.4102,6.69,2
audio16.TextGrid,3,5,said,14.270,14.670,VBD,14.8234,6.01,3
audio16.TextGrid,3,6,they,15.030,15.160,PRP,5.1865,6.5,2
audio16.TextGrid,3,7,play,15.160,15.570,VBP,9.6839,5.61,3
audio16.TextGrid,3,8,and,15.570,15.770,CC,8.1810,7.41,3
audio16.TextGrid,3,9,make,15.770,16.030,VBP,7.3773,6.08,3
audio16.TextGrid,3,10,jokes,16.030,16.430,NNS,14.0849,4.33,4
audio16.TextGrid,3,11,and,16.430,16.570,CC,4.7214,7.41,2
audio16.TextGrid,3,12,love,16.570,16.830,VB,7.8957,5.82,3
audio16.TextGrid,3,13,one,16.830,16.990,CD,8.1662,6.47,3
audio16.TextGrid,4,1,another,16.990,17.410,DT,17.5018,5.74,5
audio16.TextGrid,4,2,they,17.850,18.030,PRP,15.4111,6.5,2
audio16.TextGrid,4,3,are,18.030,18.260,VBP,3.3890,6.74,2
audio16.TextGrid,4,4,our,18.260,18.400,PRP$,9.0877,6.14,2
audio16.TextGrid,4,5,brothers,18.400,19.020,NNS,10.9533,4.69,6
audio16.TextGrid,4,6,like,19.020,19.210,IN,11.0746,6.41,3
audio16.TextGrid,4,7,the,19.210,19.290,DT,3.8599,7.73,2
audio16.TextGrid,4,8,flying,19.290,19.740,VBG,13.8648,4.71,5
audio16.TextGrid,4,9,fish,19.740,20.170,NN,8.4747,4.9,3
audio16.TextGrid,5,1,then,22.340,22.520,RB,17.9329,6.07,3
audio16.TextGrid,5,2,he,22.520,22.670,PRP,9.1670,6.69,2
audio16.TextGrid,5,3,began,22.670,22.950,VBD,14.0213,5.07,5
audio16.TextGrid,5,4,to,22.950,23.050,TO,5.7085,7.43,2
audio16.TextGrid,5,5,pity,23.050,23.400,VB,18.0925,3.98,4
audio16.TextGrid,5,6,the,23.400,23.500,DT,2.2487,7.73,2
audio16.TextGrid,5,7,great,23.500,23.810,JJ,7.7191,5.88,4
audio16.TextGrid,5,8,fish,23.810,24.140,NN,12.9439,4.9,3
audio16.TextGrid,5,9,that,24.140,24.300,IN,5.7253,7.01,3
audio16.TextGrid,5,10,he,24.300,24.380,PRP,4.9158,6.69,2
audio16.TextGrid,5,11,had,24.380,24.520,VBD,4.8604,6.33,3
audio16.TextGrid,5,12,hooked,24.520,24.920,VBN,16.9232,3.92,4
audio16.TextGrid,6,1,he,25.340,25.500,PRP,13.2074,6.69,2
audio16.TextGrid,6,2,is,25.500,25.610,VBZ,6.8645,7.07,2
audio16.TextGrid,6,3,wonderful,25.610,26.220,JJ,12.8904,4.85,8
audio16.TextGrid,6,4,and,26.220,26.350,CC,5.3312,7.41,3
audio16.TextGrid,6,5,strange,26.350,26.990,JJ,11.1422,4.64,6
audio16.TextGrid,6,6,and,26.990,27.090,CC,3.9496,7.41,2
audio16.TextGrid,6,7,who,27.090,27.230,WP,8.2583,6.34,2
audio16.TextGrid,6,8,knows,27.230,27.530,VBZ,5.2883,5.07,3
audio16.TextGrid,6,9,how,27.530,27.630,WRB,2.3627,6.24,2
audio16.TextGrid,6,10,old,27.630,27.940,JJ,10.6868,5.75,3
audio16.TextGrid,6,11,he,27.940,28.180,PRP,2.9933,6.69,2
audio16.TextGrid,6,12,is,28.180,28.450,VBZ,1.1479,7.07,2
audio16.TextGrid,6,13,he,28.450,28.560,PRP,6.3753,6.69,2
audio16.TextGrid,6,14,thought,28.560,28.940,VBD,13.7394,5.59,3
audio16.TextGrid,7,1,never,29.710,29.980,RB,15.4883,5.91,4
audio16.TextGrid,7,2,have,29.980,30.120,VBP,7.8679,6.71,3
audio16.TextGrid,7,3,i,30.120,30.230,VBN,3.0132,7.09,1
audio16.TextGrid,7,4,had,30.230,30.530,VBD,6.8380,6.33,3
audio16.TextGrid,7,5,such,30.530,30.770,JJ,10.8445,5.84,3
audio16.TextGrid,7,6,a,30.770,30.830,DT,1.6207,7.36,1
audio16.TextGrid,7,7,strong,30.830,31.390,JJ,9.5752,5.22,5
audio16.TextGrid,7,8,fish,31.390,31.740,NN,12.5029,4.9,3
audio16.TextGrid,7,9,nor,32.120,32.280,CC,11.1926,4.78,3
audio16.TextGrid,7,10,one,32.280,32.510,CD,12.0844,6.47,3
audio16.TextGrid,7,11,who,32.510,32.710,WP,3.4503,6.34,2
audio16.TextGrid,7,12,acted,32.710,33.000,VBD,13.6596,4.28,5
audio16.TextGrid,7,13,so,33.000,33.190,RB,4.3864,6.52,2
audio16.TextGrid,7,14,strangely,33.190,33.950,RB,9.7817,3.67,8
audio16.TextGrid,8,1,perhaps,34.600,34.950,RB,20.5530,5.09,6
audio16.TextGrid,8,2,he,34.950,35.070,PRP,9.0628,6.69,2
audio16.TextGrid,8,3,is,35.070,35.190,VBZ,4.7282,7.07,2
audio16.TextGrid,8,4,too,35.190,35.320,RB,9.5232,5.95,2
audio16.TextGrid,8,5,wise,35.320,35.810,JJ,13.8601,4.51,3
audio16.TextGrid,8,6,to,35.810,35.920,TO,2.4759,7.43,2
audio16.TextGrid,8,7,jump,35.920,36.340,VB,11.5873,4.69,4
audio16.TextGrid,9,1,he,37.030,37.150,PRP,13.2074,6.69,2
audio16.TextGrid,9,2,could,37.150,37.340,MD,13.1592,6.06,3
audio16.TextGrid,9,3,ruin,37.340,37.640,VB,13.9862,4.31,4
audio16.TextGrid,9,4,me,37.640,37.820,PRP,6.5336,6.48,2
audio16.TextGrid,9,5,by,37.820,38.020,IN,7.7618,6.66,2
audio16.TextGrid,9,6,jumping,38.020,38.570,VBG,11.7161,4.23,6
audio16.TextGrid,9,7,or,38.570,38.720,CC,9.2276,6.54,2
audio16.TextGrid,9,8,by,38.720,38.940,IN,5.8676,6.66,2
audio16.TextGrid,9,9,a,38.940,38.980,DT,6.9325,7.36,1
audio16.TextGrid,9,10,wild,38.980,39.450,JJ,12.0726,4.8,4
audio16.TextGrid,9,11,rush,39.450,39.790,NN,10.2869,4.48,3
audio16.TextGrid,10,1,but,40.830,41.030,CC,16.1685,6.63,3
audio16.TextGrid,10,2,perhaps,41.030,41.390,RB,17.1658,5.09,6
audio16.TextGrid,10,3,he,41.390,41.520,PRP,6.6888,6.69,2
audio16.TextGrid,10,4,has,41.520,41.650,VBZ,4.3046,6.37,3
audio16.TextGrid,10,5,been,41.650,41.820,VBN,4.0026,6.27,3
audio16.TextGrid,10,6,hooked,41.820,42.060,VBN,13.9558,3.92,4
audio16.TextGrid,10,7,many,42.060,42.300,JJ,10.7551,5.91,4
audio16.TextGrid,10,8,times,42.300,42.700,NNS,1.5177,5.56,4
audio16.TextGrid,10,9,before,42.700,43.230,RB,6.4728,5.93,5
audio16.TextGrid,10,10,and,43.230,43.330,CC,5.2562,7.41,3
audio16.TextGrid,10,11,he,43.330,43.440,PRP,3.6771,6.69,2
audio16.TextGrid,10,12,knows,43.440,43.760,VBZ,6.4674,5.07,3
audio16.TextGrid,10,13,that,43.760,43.920,IN,2.3944,7.01,3
audio16.TextGrid,10,14,this,43.920,44.110,DT,4.5734,6.82,3
audio16.TextGrid,10,15,is,44.110,44.220,VBZ,1.5073,7.07,2
audio16.TextGrid,10,16,how,44.220,44.420,WRB,6.8591,6.24,2
audio16.TextGrid,10,17,he,44.420,44.530,PRP,3.6723,6.69,2
audio16.TextGrid,10,18,should,44.530,44.740,MD,3.2917,5.99,3
audio16.TextGrid,10,19,make,44.740,44.950,VB,7.1354,6.08,3
audio16.TextGrid,10,20,his,44.950,45.160,PRP$,3.4969,6.51,3
audio16.TextGrid,10,21,fight,45.160,45.530,NN,9.9203,5.23,3
audio16.TextGrid,11,1,he,46.320,46.440,PRP,13.2074,6.69,2
audio16.TextGrid,11,2,cannot,46.440,46.910,VBZ,15.1544,5.11,5
audio16.TextGrid,11,3,know,46.910,47.150,VB,9.2434,6.1,2
audio16.TextGrid,11,4,that,47.150,47.330,IN,4.9917,7.01,3
audio16.TextGrid,11,5,it,47.330,47.420,PRP,5.6599,6.95,2
audio16.TextGrid,11,6,is,47.420,47.540,VBZ,1.6337,7.07,2
audio16.TextGrid,11,7,only,47.540,47.800,RB,7.6736,6.12,4
audio16.TextGrid,11,8,one,47.800,48.080,CD,4.6128,6.47,3
audio16.TextGrid,11,9,man,48.080,48.370,NN,7.4661,5.82,3
audio16.TextGrid,11,10,against,48.370,48.820,IN,12.9170,5.68,6
audio16.TextGrid,11,11,him,48.820,48.990,PRP,5.0358,6.11,2
audio16.TextGrid,11,12,nor,49.490,49.750,CC,14.0881,4.78,3
audio16.TextGrid,11,13,that,49.750,50.010,IN,3.8359,7.01,3
audio16.TextGrid,11,14,it,50.010,50.130,PRP,1.7616,6.95,2
audio16.TextGrid,11,15,is,50.130,50.260,VBZ,0.6596,7.07,2
audio16.TextGrid,11,16,an,50.260,50.360,DT,6.9778,6.53,2
audio16.TextGrid,11,17,old,50.360,50.640,JJ,7.7662,5.75,3
audio16.TextGrid,11,18,man,50.640,50.980,NN,1.1223,5.82,3
audio16.TextGrid,12,1,but,51.610,51.760,CC,16.1685,6.63,3
audio16.TextGrid,12,2,what,51.760,51.920,WP,7.3927,6.38,3
audio16.TextGrid,12,3,a,51.920,51.980,DT,6.7054,7.36,1
audio16.TextGrid,12,4,great,51.980,52.360,JJ,4.8324,5.88,4
audio16.TextGrid,12,5,fish,52.360,52.630,NN,11.5605,4.9,3
audio16.TextGrid,12,6,he,52.630,52.840,PRP,10.2003,6.69,2
audio16.TextGrid,12,7,is,52.840,53.060,VBZ,4.9934,7.07,2
audio16.TextGrid,12,8,and,53.500,53.660,CC,5.1680,7.41,3
audio16.TextGrid,12,9,what,53.660,53.790,WP,2.7335,6.38,3
audio16.TextGrid,12,10,will,53.790,53.910,MD,8.0299,6.45,3
audio16.TextGrid,12,11,he,53.910,54.000,PRP,3.5983,6.69,2
audio16.TextGrid,12,12,bring,54.000,54.240,VB,8.7069,5.27,4
audio16.TextGrid,12,13,in,54.240,54.320,IN,5.8426,7.27,2
audio16.TextGrid,12,14,the,54.320,54.390,DT,1.2729,7.73,2
audio16.TextGrid,12,15,market,54.390,54.800,NN,12.5211,5.29,6
audio16.TextGrid,12,16,if,54.800,54.900,IN,7.4327,6.47,2
audio16.TextGrid,12,17,the,54.900,54.990,DT,4.5929,7.73,2
audio16.TextGrid,12,18,flesh,54.990,55.330,NN,13.0618,4.2,4
audio16.TextGrid,12,19,is,55.330,55.490,VBZ,1.9275,7.07,2
audio16.TextGrid,12,20,good,55.490,55.890,JJ,6.7408,6.12,3
audio16.TextGrid,13,1,he,56.700,56.810,PRP,13.2074,6.69,2
audio16.TextGrid,13,2,took,56.810,57.100,VBD,12.9173,5.51,3
audio16.TextGrid,13,3,the,57.100,57.180,DT,1.8007,7.73,2
audio16.TextGrid,13,4,bait,57.180,57.480,NN,14.4322,3.85,3
audio16.TextGrid,13,5,like,57.480,57.680,IN,10.2737,6.41,3
audio16.TextGrid,13,6,a,57.680,57.720,DT,2.4889,7.36,1
audio16.TextGrid,13,7,male,57.720,58.180,NN,8.3991,4.89,3
audio16.TextGrid,13,8,and,58.180,58.290,CC,5.1391,7.41,3
audio16.TextGrid,13,9,he,58.290,58.390,PRP,5.4615,6.69,2
audio16.TextGrid,13,10,pulls,58.390,58.860,VBZ,11.3363,4.01,4
audio16.TextGrid,13,11,like,58.860,59.060,IN,9.6515,6.41,3
audio16.TextGrid,13,12,a,59.060,59.100,DT,0.1708,7.36,1
audio16.TextGrid,13,13,male,59.100,59.480,NN,2.6716,4.89,3
audio16.TextGrid,13,14,and,59.480,59.610,CC,2.5596,7.41,3
audio16.TextGrid,13,15,his,59.610,59.830,PRP$,5.4673,6.51,3
audio16.TextGrid,13,16,fight,59.830,60.080,NN,10.7482,5.23,3
audio16.TextGrid,13,17,has,60.080,60.280,VBZ,6.9678,6.37,3
audio16.TextGrid,13,18,no,60.280,60.410,DT,4.6928,6.35,2
audio16.TextGrid,13,19,panic,60.410,60.870,NN,19.5703,4.26,5
audio16.TextGrid,13,20,in,60.870,60.990,IN,6.3350,7.27,2
audio16.TextGrid,13,21,it,60.990,61.180,PRP,1.2725,6.95,2
audio16.TextGrid,14,1,i,62.150,62.220,JJ,5.7704,7.09,1
audio16.TextGrid,14,2,wonder,62.220,62.500,VBP,17.6836,4.93,5
audio16.TextGrid,14,3,if,62.500,62.620,IN,4.6567,6.47,2
audio16.TextGrid,14,4,he,62.620,62.770,PRP,5.0428,6.69,2
audio16.TextGrid,14,5,has,62.770,62.970,VBZ,5.7219,6.37,3
audio16.TextGrid,14,6,any,62.970,63.140,DT,3.8517,6.07,3
audio16.TextGrid,14,7,plans,63.140,63.770,NNS,11.4791,5.01,5
audio16.TextGrid,15,1,or,64.300,64.440,CC,11.8275,6.54,2
audio16.TextGrid,15,2,if,64.440,64.560,IN,15.3461,6.47,2
audio16.TextGrid,15,3,he,64.560,64.740,PRP,7.0790,6.69,2
audio16.TextGrid,15,4,is,64.740,64.870,VBZ,3.4357,7.07,2
audio16.TextGrid,15,5,just,64.870,65.170,RB,6.7365,6.43,4
audio16.TextGrid,15,6,as,65.170,65.330,RB,5.7184,6.77,2
audio16.TextGrid,15,7,desperate,65.330,65.850,JJ,11.9066,4.32,7
audio16.TextGrid,15,8,as,65.850,65.980,IN,1.8427,6.77,2
audio16.TextGrid,15,9,i,65.980,66.190,NN,4.5855,7.09,1
audio16.TextGrid,15,10,am,66.190,66.550,VBP,1.1955,5.78,3
audio16.TextGrid,15,11,he,68.660,68.770,PRP,6.0666,6.69,2
audio16.TextGrid,15,12,remembered,68.770,69.190,VBD,18.8325,4.33,8
audio16.TextGrid,15,13,the,69.190,69.270,DT,4.1420,7.73,2
audio16.TextGrid,15,14,time,69.270,69.580,NN,6.4223,6.29,3
audio16.TextGrid,15,15,he,69.580,69.700,PRP,2.3065,6.69,2
audio16.TextGrid,15,16,had,69.700,69.840,VBD,4.9555,6.33,3
audio16.TextGrid,15,17,hooked,69.840,70.070,VBN,15.5634,3.92,4
audio16.TextGrid,15,18,one,70.070,70.270,CD,9.7272,6.47,3
audio16.TextGrid,15,19,of,70.270,70.360,IN,0.8374,7.4,2
audio16.TextGrid,15,20,a,70.360,70.420,DT,7.4306,7.36,1
audio16.TextGrid,15,21,pair,70.420,70.790,NN,13.6411,4.72,3
audio16.TextGrid,15,22,of,70.790,70.900,IN,3.4651,7.4,2
audio16.TextGrid,15,23,marlin,70.900,71.430,NN,18.0271,3.01,6
audio16.TextGrid,16,1,the,72.230,72.320,DT,11.8924,7.73,2
audio16.TextGrid,16,2,male,72.320,72.610,JJ,12.4763,4.89,3
audio16.TextGrid,16,3,fish,72.610,72.930,NN,11.6515,4.9,3
audio16.TextGrid,16,4,always,72.930,73.330,RB,13.9824,5.76,5
audio16.TextGrid,16,5,let,73.330,73.480,VB,10.0679,5.6,3
audio16.TextGrid,16,6,the,73.480,73.590,DT,3.1055,7.73,2
audio16.TextGrid,16,7,female,73.590,74.030,JJ,10.8450,5.0,5
audio16.TextGrid,16,8,fish,74.030,74.300,NN,1.3146,4.9,3
audio16.TextGrid,16,9,feed,74.300,74.590,NN,10.8475,4.67,3
audio16.TextGrid,16,10,first,74.590,75.100,RB,10.2198,6.11,4
audio16.TextGrid,17,1,and,75.600,75.730,CC,13.4350,7.41,2
audio16.TextGrid,17,2,the,75.730,75.860,DT,6.4323,7.73,2
audio16.TextGrid,17,3,hooked,75.860,76.120,JJ,18.3363,3.92,4
audio16.TextGrid,17,4,fish,76.120,76.590,NN,9.4648,4.9,3
audio16.TextGrid,17,5,the,76.640,76.720,DT,8.1977,7.73,2
audio16.TextGrid,17,6,female,76.720,77.340,NN,14.4882,5.0,5
audio16.TextGrid,17,7,made,77.510,77.670,VBD,12.7564,5.92,3
audio16.TextGrid,17,8,a,77.670,77.710,DT,4.6303,7.36,1
audio16.TextGrid,17,9,wild,77.710,78.290,JJ,9.4024,4.8,4
audio16.TextGrid,17,10,panic,78.320,78.700,NN,12.2206,4.26,5
audio16.TextGrid,17,11,stricken,78.700,79.140,NN,23.3319,3.52,7
audio16.TextGrid,17,12,despairing,79.140,79.910,VBG,22.5568,2.63,8
audio16.TextGrid,17,13,fight,79.960,80.280,NN,14.5161,5.23,3
audio16.TextGrid,17,14,that,80.300,80.480,WDT,7.8763,7.01,3
audio16.TextGrid,17,15,soon,80.480,80.730,RB,12.1506,5.32,3
audio16.TextGrid,17,16,exhausted,80.730,81.370,VBD,14.9185,4.08,8
audio16.TextGrid,17,17,her,81.370,81.610,PRP,4.1584,6.3,2
audio16.TextGrid,18,1,and,82.210,82.330,CC,13.4350,7.41,3
audio16.TextGrid,18,2,all,82.330,82.520,PDT,10.5921,6.52,2
audio16.TextGrid,18,3,the,82.520,82.620,DT,3.1306,7.73,2
audio16.TextGrid,18,4,time,82.620,83.020,NN,6.4205,6.29,3
audio16.TextGrid,18,5,the,83.020,83.080,DT,5.6946,7.73,2
audio16.TextGrid,18,6,male,83.080,83.440,NN,13.4865,4.89,3
audio16.TextGrid,18,7,had,83.440,83.580,VBD,8.9514,6.33,3
audio16.TextGrid,18,8,stayed,83.580,83.870,VBN,14.8634,4.53,4
audio16.TextGrid,18,9,with,83.870,84.110,IN,4.1858,6.85,3
audio16.TextGrid,18,10,her,84.110,84.390,PRP,3.2557,6.3,2
audio16.TextGrid,18,11,crossing,84.540,84.990,VBG,15.3173,4.33,6
audio16.TextGrid,18,12,the,84.990,85.080,DT,3.1839,7.73,2
audio16.TextGrid,18,13,line,85.080,85.450,NN,8.7794,5.49,3
audio16.TextGrid,18,14,and,85.450,85.590,CC,3.9624,7.41,3
audio16.TextGrid,18,15,circling,85.590,86.040,VBG,16.4442,3.33,6
audio16.TextGrid,18,16,with,86.040,86.180,IN,5.3324,6.85,3
audio16.TextGrid,18,17,her,86.180,86.360,PRP,1.3687,6.3,2
audio16.TextGrid,18,18,on,86.360,86.470,IN,8.0947,6.91,2
audio16.TextGrid,18,19,the,86.470,86.570,DT,1.0879,7.73,2
audio16.TextGrid,18,20,surface,86.570,87.160,NN,9.3896,4.83,5
audio16.TextGrid,19,1,he,88.150,88.230,PRP,13.2074,6.69,2
audio16.TextGrid,19,2,had,88.230,88.370,VBD,11.3330,6.33,3
audio16.TextGrid,19,3,stayed,88.370,88.690,VBN,15.9767,4.53,4
audio16.TextGrid,19,4,so,88.690,88.930,RB,8.5946,6.52,2
audio16.TextGrid,19,5,close,88.930,89.370,JJ,11.7657,5.36,4
audio16.TextGrid,19,6,that,89.370,89.510,IN,5.7066,7.01,3
audio16.TextGrid,19,7,the,89.510,89.650,DT,4.1639,7.73,2
audio16.TextGrid,19,8,old,89.650,89.890,JJ,9.8746,5.75,3
audio16.TextGrid,19,9,man,89.890,90.140,NN,3.4512,5.82,3
audio16.TextGrid,19,10,was,90.140,90.310,VBD,3.8792,6.82,3
audio16.TextGrid,19,11,afraid,90.310,90.700,JJ,9.4257,4.7,5
audio16.TextGrid,19,12,he,90.700,90.770,PRP,7.5827,6.69,2
audio16.TextGrid,19,13,would,90.770,90.960,MD,4.1835,6.27,3
audio16.TextGrid,19,14,cut,90.960,91.210,VB,9.7062,5.24,3
audio16.TextGrid,19,15,the,91.210,91.310,DT,3.1551,7.73,2
audio16.TextGrid,19,16,line,91.310,91.590,NN,8.4784,5.49,3
audio16.TextGrid,19,17,with,91.610,91.760,IN,5.5578,6.85,3
audio16.TextGrid,19,18,his,91.760,91.960,PRP$,3.4002,6.51,3
audio16.TextGrid,19,19,tail,91.960,92.470,NN,8.4060,4.34,3
audio16.TextGrid,20,1,which,92.970,93.180,WDT,19.7898,6.3,3
audio16.TextGrid,20,2,was,93.180,93.290,VBD,7.2976,6.82,3
audio16.TextGrid,20,3,sharp,93.290,93.690,JJ,15.8904,4.48,4
audio16.TextGrid,20,4,as,93.690,93.800,IN,5.6265,6.77,2
audio16.TextGrid,20,5,a,93.800,93.890,DT,3.1334,7.36,1
audio16.TextGrid,20,6,scythe,93.890,94.430,NN,17.2662,2.78,3
audio16.TextGrid,20,7,and,94.430,94.620,CC,4.7599,7.41,3
audio16.TextGrid,20,8,almost,94.620,95.060,RB,13.6622,5.39,6
audio16.TextGrid,20,9,of,95.060,95.130,IN,5.9603,7.4,2
audio16.TextGrid,20,10,that,95.130,95.370,DT,8.3594,7.01,3
audio16.TextGrid,20,11,size,95.370,95.800,NN,11.1950,5.13,3
audio16.TextGrid,20,12,and,95.800,95.950,CC,5.8801,7.41,3
audio16.TextGrid,20,13,shape,95.950,96.310,NN,9.9227,4.72,3
audio16.TextGrid,21,1,when,97.380,97.530,WRB,14.5784,6.37,4
audio16.TextGrid,21,2,the,97.530,97.630,DT,6.8679,7.73,2
audio16.TextGrid,21,3,old,97.630,97.830,JJ,9.5337,5.75,3
audio16.TextGrid,21,4,man,97.830,98.030,NN,5.2563,5.82,3
audio16.TextGrid,21,5,had,98.030,98.180,VBD,6.3928,6.33,3
audio16.TextGrid,21,6,gaffed,98.180,98.560,VBN,24.0040,1.25,4
audio16.TextGrid,21,7,her,98.560,98.710,PRP$,6.3217,6.3,2
audio16.TextGrid,21,8,and,98.710,98.860,CC,6.9072,7.41,3
audio16.TextGrid,21,9,clubbed,98.860,99.190,VBD,22.2231,2.54,5
audio16.TextGrid,21,10,her,99.190,99.380,PRP,2.1194,6.3,2
audio16.TextGrid,21,11,holding,99.670,100.080,VBG,16.8954,4.89,6
audio16.TextGrid,21,12,the,100.080,100.190,DT,4.2821,7.73,2
audio16.TextGrid,21,13,rapier,100.190,100.620,JJR,20.6625,2.58,5
audio16.TextGrid,21,14,bill,100.620,101.050,NN,12.9908,5.15,3
audio16.TextGrid,21,15,with,101.050,101.200,IN,6.4481,6.85,3
audio16.TextGrid,21,16,its,101.200,101.350,PRP$,9.5797,6.14,3
audio16.TextGrid,21,17,sandpaper,101.350,102.050,NN,30.5069,2.73,8
audio16.TextGrid,21,18,edge,102.050,102.390,NN,13.6508,4.74,2
audio16.TextGrid,21,19,and,102.390,102.510,CC,4.0734,7.41,2
audio16.TextGrid,21,20,dubbing,102.510,102.980,VBG,21.0457,2.77,5
audio16.TextGrid,21,21,her,102.980,103.140,PRP$,1.3357,6.3,2
audio16.TextGrid,21,22,across,103.140,103.530,IN,12.6748,5.25,5
audio16.TextGrid,21,23,the,103.530,103.640,DT,0.7905,7.73,2
audio16.TextGrid,21,24,top,103.640,103.920,NN,9.2200,5.57,3
audio16.TextGrid,21,25,of,103.920,104.030,IN,0.6129,7.4,2
audio16.TextGrid,21,26,her,104.030,104.170,PRP$,3.4621,6.3,2
audio16.TextGrid,21,27,head,104.170,104.420,NN,4.1620,5.51,3
audio16.TextGrid,21,28,until,104.420,104.750,IN,11.9923,5.61,5
audio16.TextGrid,21,29,her,104.750,104.840,PRP$,2.7132,6.3,2
audio16.TextGrid,21,30,colour,104.840,105.200,NNS,13.9086,4.49,4
audio16.TextGrid,21,31,turned,105.200,105.570,VBD,7.5360,5.09,4
audio16.TextGrid,21,32,to,105.570,105.670,TO,2.9414,7.43,2
audio16.TextGrid,21,33,a,105.670,105.700,DT,5.1791,7.36,1
audio16.TextGrid,21,34,colour,105.700,106.070,NN,8.3275,4.49,4
audio16.TextGrid,21,35,almost,106.070,106.500,RB,11.9208,5.39,6
audio16.TextGrid,21,36,like,106.500,106.670,IN,4.1259,6.41,3
audio16.TextGrid,21,37,the,106.680,106.760,DT,3.2269,7.73,2
audio16.TextGrid,21,38,backing,106.760,107.200,NN,17.8504,4.23,5
audio16.TextGrid,21,39,of,107.200,107.320,IN,1.3591,7.4,2
audio16.TextGrid,21,40,mirrors,107.340,107.880,NNS,16.9632,3.81,5
audio16.TextGrid,22,1,and,108.670,108.790,CC,13.4350,7.41,2
audio16.TextGrid,22,2,then,108.790,109.090,RB,7.3825,6.07,3
audio16.TextGrid,22,3,with,109.090,109.220,IN,8.6676,6.85,3
audio16.TextGrid,22,4,the,109.220,109.290,DT,2.6717,7.73,2
audio16.TextGrid,22,5,boy,109.290,109.590,NN,10.8300,5.17,2
audio16.TextGrid,22,6,s,109.590,109.680,NN,8.3504,5.86,1
audio16.TextGrid,22,7,aid,109.680,110.050,NN,22.9594,4.75,2
audio16.TextGrid,22,8,hoisted,110.050,110.420,VBD,26.7985,2.98,6
audio16.TextGrid,22,9,her,110.420,110.540,PRP$,7.2962,6.3,2
audio16.TextGrid,23,1,aboard,110.540,111.060,IN,17.6123,4.14,5
audio16.TextGrid,23,2,the,111.690,111.780,DT,1.5356,7.73,2
audio16.TextGrid,23,3,male,111.780,112.070,JJ,13.1014,4.89,3
audio16.TextGrid,23,4,fish,112.070,112.310,NN,12.2106,4.9,3
audio16.TextGrid,23,5,had,112.310,112.470,VBD,13.8426,6.33,3
audio16.TextGrid,23,6,stayed,112.470,112.790,VBN,14.4270,4.53,4
audio16.TextGrid,23,7,by,112.790,112.950,IN,6.5850,6.66,2
audio16.TextGrid,23,8,the,112.950,113.050,DT,1.8881,7.73,2
audio16.TextGrid,23,9,side,113.050,113.340,NN,11.4878,5.5,3
audio16.TextGrid,23,10,of,113.340,113.400,IN,0.9251,7.4,2
audio16.TextGrid,23,11,the,113.400,113.490,DT,0.8979,7.73,2
audio16.TextGrid,23,12,boat,113.490,113.910,NN,10.7541,4.71,3
audio16.TextGrid,24,1,then,114.700,115.100,RB,17.9329,6.07,3
audio16.TextGrid,24,2,while,115.220,115.400,IN,15.0621,5.86,3
audio16.TextGrid,24,3,the,115.400,115.510,DT,5.8598,7.73,2
audio16.TextGrid,24,4,old,115.510,115.720,JJ,9.3468,5.75,3
audio16.TextGrid,24,5,man,115.720,115.970,NN,4.5938,5.82,3
audio16.TextGrid,24,6,was,115.970,116.140,VBD,2.8224,6.82,3
audio16.TextGrid,24,7,clearing,116.140,116.520,VBG,17.3540,4.04,6
audio16.TextGrid,24,8,the,116.520,116.590,DT,1.8306,7.73,2
audio16.TextGrid,24,9,lines,116.590,117.040,NNS,10.5692,4.95,4
audio16.TextGrid,24,10,and,117.040,117.140,CC,5.0928,7.41,2
audio16.TextGrid,24,11,preparing,117.140,117.640,VBG,11.6783,4.33,7
audio16.TextGrid,24,12,the,117.640,117.740,DT,2.0460,7.73,2
audio16.TextGrid,24,13,harpoon,117.740,118.340,NN,19.9428,2.83,6
audio16.TextGrid,25,1,the,118.790,118.870,DT,11.8924,7.73,2
audio16.TextGrid,25,2,male,118.870,119.140,JJ,12.4763,4.89,3
audio16.TextGrid,25,3,fish,119.140,119.420,NN,11.6515,4.9,3
audio16.TextGrid,25,4,jumped,119.420,119.790,VBD,22.0945,4.25,5
audio16.TextGrid,25,5,high,119.790,120.040,JJ,9.0218,5.75,2
audio16.TextGrid,25,6,into,120.040,120.240,IN,3.4588,6.11,4
audio16.TextGrid,25,7,the,120.240,120.430,DT,0.7928,7.73,2
audio16.TextGrid,25,8,air,120.430,120.620,NN,5.8533,5.37,2
audio16.TextGrid,25,9,beside,120.620,121.090,IN,20.2398,4.19,5
audio16.TextGrid,25,10,the,121.090,121.170,DT,1.8601,7.73,2
audio16.TextGrid,25,11,boat,121.170,121.530,NN,10.0274,4.71,3
audio16.TextGrid,25,12,to,121.530,121.650,TO,5.9417,7.43,2
audio16.TextGrid,25,13,see,121.650,121.830,VB,4.9712,6.1,2
audio16.TextGrid,25,14,where,121.830,122.030,WRB,6.7923,6.0,3
audio16.TextGrid,25,15,the,122.030,122.130,DT,1.6159,7.73,2
audio16.TextGrid,25,16,female,122.130,122.520,NN,14.3472,5.0,5
audio16.TextGrid,25,17,was,122.520,123.020,VBD,7.3394,6.82,3
audio16.TextGrid,25,18,and,123.530,123.640,CC,6.2464,7.41,2
audio16.TextGrid,25,19,then,123.640,123.860,RB,5.1579,6.07,3
audio16.TextGrid,25,20,went,123.860,124.090,VBD,7.8747,5.5,4
audio16.TextGrid,25,21,down,124.090,124.450,RB,3.7541,5.88,3
audio16.TextGrid,25,22,deep,124.450,124.870,JJ,13.2820,5.05,3
audio16.TextGrid,25,23,his,125.260,125.460,PRP$,13.7524,6.51,3
audio16.TextGrid,25,24,lavender,125.460,125.870,NN,15.6918,3.44,7
audio16.TextGrid,25,25,wings,125.870,126.410,NNS,17.2433,4.44,4
audio16.TextGrid,25,26,that,126.410,126.600,WDT,8.6549,7.01,3
audio16.TextGrid,25,27,were,126.600,126.710,VBD,3.2828,6.34,2
audio16.TextGrid,25,28,his,126.710,126.870,PRP$,9.1300,6.51,3
audio16.TextGrid,25,29,pectoral,126.870,127.350,JJ,27.9759,2.91,7
audio16.TextGrid,25,30,fins,127.350,127.850,NNS,14.4107,3.36,4
audio16.TextGrid,25,31,spread,128.080,128.430,VBD,16.5148,4.81,5
audio16.TextGrid,25,32,wide,128.430,128.930,JJ,14.7463,4.96,3
audio16.TextGrid,25,33,and,128.930,129.070,CC,4.9782,7.41,3
audio16.TextGrid,25,34,all,129.070,129.320,DT,7.8041,6.52,2
audio16.TextGrid,25,35,his,129.320,129.500,PRP$,4.5993,6.51,3
audio16.TextGrid,25,36,wide,129.500,129.890,JJ,14.3263,4.96,3
audio16.TextGrid,25,37,lavender,129.890,130.340,NN,10.0628,3.44,7
audio16.TextGrid,25,38,stripes,130.340,130.790,NNS,14.6352,3.76,6
audio16.TextGrid,25,39,showing,130.790,131.240,VBG,10.6534,4.88,4
audio16.TextGrid,26,1,he,132.230,132.340,PRP,13.2074,6.69,2
audio16.TextGrid,26,2,was,132.340,132.510,VBD,4.9565,6.82,3
audio16.TextGrid,26,3,beautiful,132.510,133.050,JJ,12.6869,5.22,8
audio16.TextGrid,26,4,the,133.240,133.360,DT,7.8603,7.73,2
audio16.TextGrid,26,5,old,133.360,133.550,JJ,8.6818,5.75,3
audio16.TextGrid,26,6,man,133.550,133.750,NN,3.3015,5.82,3
audio16.TextGrid,26,7,remembered,133.750,134.250,VBD,18.7565,4.33,8
audio16.TextGrid,27,1,and,134.730,134.890,CC,13.4350,7.41,3
audio16.TextGrid,27,2,he,134.890,134.980,PRP,9.2683,6.69,2
audio16.TextGrid,27,3,had,134.980,135.120,VBD,6.4736,6.33,3
audio16.TextGrid,27,4,stayed,135.120,135.740,VBN,14.4849,4.53,4
audio16.TextGrid,28,1,that,137.540,137.740,DT,16.1379,7.01,3
audio16.TextGrid,28,2,was,137.740,137.990,VBD,5.0015,6.82,3
audio16.TextGrid,28,3,the,137.990,138.070,DT,2.1496,7.73,2
audio16.TextGrid,28,4,saddest,138.070,138.530,JJS,18.8219,3.24,6
audio16.TextGrid,28,5,thing,138.530,138.780,NN,4.7518,5.72,3
audio16.TextGrid,28,6,i,138.780,138.950,NN,2.5012,7.09,1
audio16.TextGrid,28,7,ever,138.950,139.150,RB,2.4530,5.66,3
audio16.TextGrid,28,8,saw,139.150,139.390,VBD,6.3565,5.34,2
audio16.TextGrid,28,9,with,139.390,139.610,IN,8.2326,6.85,3
audio16.TextGrid,28,10,them,139.610,139.920,PRP,8.6745,6.19,3
audio16.TextGrid,28,11,the,140.130,140.270,DT,8.3650,7.73,2
audio16.TextGrid,28,12,old,140.270,140.460,JJ,10.7616,5.75,3
audio16.TextGrid,28,13,man,140.460,140.710,NN,4.9668,5.82,3
audio16.TextGrid,28,14,thought,140.710,141.100,VBD,12.3802,5.59,3
audio16.TextGrid,29,1,the,141.710,141.800,DT,11.8924,7.73,2
audio16.TextGrid,29,2,boy,141.800,142.070,NN,11.2449,5.17,2
audio16.TextGrid,29,3,was,142.070,142.270,VBD,9.2429,6.82,3
audio16.TextGrid,29,4,sad,142.270,142.670,JJ,12.0391,4.84,3
audio16.TextGrid,29,5,too,142.670,142.980,RB,9.9873,5.95,2
audio16.TextGrid,29,6,and,142.980,143.190,CC,7.1936,7.41,3
audio16.TextGrid,29,7,we,143.190,143.290,PRP,6.0891,6.54,2
audio16.TextGrid,29,8,begged,143.290,143.600,VBD,14.0915,3.58,4
audio16.TextGrid,29,9,her,143.600,143.720,PRP,5.9927,6.3,2
audio16.TextGrid,29,10,pardon,143.720,144.250,NN,17.5010,3.82,6
audio16.TextGrid,30,1,and,144.690,144.790,CC,13.4350,7.41,2
audio16.TextGrid,30,2,butchered,144.790,145.240,VBD,30.0785,3.01,5
audio16.TextGrid,30,3,her,145.240,145.340,PRP,8.5104,6.3,2
audio16.TextGrid,30,4,promptly,145.340,146.020,RB,23.1829,3.84,7
audio16.TextGrid,31,1,i,147.410,147.550,JJ,5.7704,7.09,1
audio16.TextGrid,31,2,wish,147.550,147.840,VBP,15.6467,5.18,3
audio16.TextGrid,31,3,the,147.840,147.950,DT,6.1935,7.73,2
audio16.TextGrid,31,4,boy,147.950,148.220,NN,8.1751,5.17,2
audio16.TextGrid,31,5,was,148.220,148.490,VBD,6.7111,6.82,3
audio16.TextGrid,31,6,here,148.490,148.770,RB,6.9962,5.97,3
audio16.TextGrid,31,7,he,149.120,149.230,PRP,9.6260,6.69,2
audio16.TextGrid,31,8,said,149.230,149.440,VBD,7.3319,6.01,3
audio16.TextGrid,31,9,aloud,149.440,149.930,JJ,21.8414,3.51,4
audio16.TextGrid,31,10,and,150.230,150.400,CC,5.6309,7.41,3
audio16.TextGrid,31,11,settled,150.400,150.770,VBD,20.3377,4.44,6
audio16.TextGrid,31,12,himself,150.770,151.130,PRP,8.4444,5.25,7
audio16.TextGrid,31,13,against,151.130,151.460,IN,9.4828,5.68,6
audio16.TextGrid,31,14,the,151.460,151.570,DT,1.2429,7.73,2
audio16.TextGrid,31,15,rounded,151.570,151.960,JJ,20.2780,3.98,6
audio16.TextGrid,31,16,planks,151.960,152.330,NNS,16.9557,3.13,6
audio16.TextGrid,31,17,of,152.330,152.410,IN,2.1159,7.4,2
audio16.TextGrid,31,18,the,152.410,152.490,DT,2.8789,7.73,2
audio16.TextGrid,31,19,bow,152.490,152.880,NN,12.4694,4.3,2
audio16.TextGrid,31,20,and,153.110,153.260,CC,7.3253,7.41,3
audio16.TextGrid,31,21,felt,153.260,153.470,VBD,11.9470,5.13,4
audio16.TextGrid,31,22,the,153.470,153.580,DT,6.2995,7.73,2
audio16.TextGrid,31,23,strength,153.580,154.100,NN,12.6121,4.8,6
audio16.TextGrid,31,24,of,154.100,154.180,IN,0.3617,7.4,2
audio16.TextGrid,31,25,the,154.200,154.290,DT,0.7862,7.73,2
audio16.TextGrid,31,26,great,154.290,154.580,JJ,8.7728,5.88,4
audio16.TextGrid,31,27,fish,154.600,154.950,NN,11.1625,4.9,3
audio16.TextGrid,31,28,through,154.950,155.100,IN,10.3441,5.87,3
audio16.TextGrid,31,29,the,155.100,155.200,DT,1.3641,7.73,2
audio16.TextGrid,31,30,line,155.200,155.500,NN,9.5059,5.49,3
audio16.TextGrid,31,31,he,155.500,155.640,PRP,10.4031,6.69,2
audio16.TextGrid,31,32,held,155.640,155.830,VBD,11.8899,5.24,4
audio16.TextGrid,31,33,across,155.830,156.170,IN,12.7054,5.25,5
audio16.TextGrid,31,34,his,156.170,156.300,PRP$,3.7237,6.51,3
audio16.TextGrid,31,35,shoulders,156.300,156.840,NNS,8.8022,4.18,6
audio16.TextGrid,32,1,moving,157.330,157.690,VBG,19.2105,5.02,5
audio16.TextGrid,32,2,steadily,157.690,158.180,RB,24.0317,3.84,7
audio16.TextGrid,32,3,toward,158.180,158.620,IN,14.0199,4.72,6
audio16.TextGrid,32,4,whatever,158.620,158.960,WDT,14.3119,5.14,6
audio16.TextGrid,32,5,he,158.960,159.060,PRP,6.7656,6.69,2
audio16.TextGrid,32,6,had,159.060,159.240,VBD,6.1805,6.33,3
audio16.TextGrid,32,7,chosen,159.240,159.680,VBN,14.4275,4.61,5
audio16.TextGrid,33,1,when,160.890,161.070,WRB,14.5784,6.37,3
audio16.TextGrid,33,2,once,161.070,161.560,RB,13.6289,5.53,4
audio16.TextGrid,33,3,through,161.560,161.720,IN,11.7917,5.87,3
audio16.TextGrid,33,4,my,161.720,161.950,PRP$,7.8032,6.57,2
audio16.TextGrid,33,5,treachery,161.950,162.560,NN,31.6707,3.13,6
audio16.TextGrid,33,6,it,162.560,162.640,PRP,8.1999,6.95,2
audio16.TextGrid,33,7,had,162.640,162.770,VBD,6.1102,6.33,3
audio16.TextGrid,33,8,been,162.770,162.890,VBN,2.0363,6.27,3
audio16.TextGrid,33,9,necessary,162.890,163.460,JJ,12.3064,4.91,8
audio16.TextGrid,33,10,to,163.460,163.610,TO,0.7953,7.43,2
audio16.TextGrid,33,11,him,163.610,163.740,PRP,14.7482,6.11,2
audio16.TextGrid,33,12,to,163.740,163.840,TO,2.1043,7.43,2
audio16.TextGrid,33,13,make,163.840,164.040,VB,5.5177,6.08,3
audio16.TextGrid,33,14,a,164.040,164.090,DT,2.3226,7.36,1
audio16.TextGrid,33,15,choice,164.090,164.610,NN,6.6911,5.08,3
audio16.TextGrid,33,16,the,164.690,164.830,DT,9.3821,7.73,2
audio16.TextGrid,33,17,old,164.830,165.050,JJ,8.8032,5.75,3
audio16.TextGrid,33,18,man,165.050,165.310,NN,2.7308,5.82,3
audio16.TextGrid,33,19,thought,165.310,165.700,VBD,8.2315,5.59,3
audio16.TextGrid,34,1,his,167.120,167.350,PRP$,16.5981,6.51,3
audio16.TextGrid,34,2,choice,167.350,167.640,NN,12.4256,5.08,3
audio16.TextGrid,34,3,had,167.640,167.760,VBD,14.7807,6.33,3
audio16.TextGrid,34,4,been,167.760,167.890,VBN,3.8569,6.27,3
audio16.TextGrid,34,5,to,167.890,167.990,TO,6.5113,7.43,2
audio16.TextGrid,34,6,stay,167.990,168.250,VB,10.3589,5.33,3
audio16.TextGrid,34,7,in,168.250,168.320,IN,2.8791,7.27,2
audio16.TextGrid,34,8,the,168.320,168.420,DT,2.4394,7.73,2
audio16.TextGrid,34,9,deep,168.420,168.680,JJ,11.9413,5.05,3
audio16.TextGrid,34,10,dark,168.680,169.000,NN,8.4622,5.04,4
audio16.TextGrid,34,11,water,169.000,169.340,NN,9.9906,5.52,4
audio16.TextGrid,34,12,far,169.340,169.660,RB,12.5032,5.5,3
audio16.TextGrid,34,13,out,169.660,169.760,RP,6.2446,6.38,2
audio16.TextGrid,34,14,beyond,169.760,170.180,IN,14.4960,4.98,5
audio16.TextGrid,34,15,all,170.180,170.380,DT,7.2575,6.52,2
audio16.TextGrid,34,16,snares,170.380,170.910,NNS,25.2531,2.67,5
audio16.TextGrid,34,17,and,170.910,171.110,CC,4.1789,7.41,3
audio16.TextGrid,34,18,traps,171.110,171.430,NNS,13.6053,3.76,5
audio16.TextGrid,34,19,and,171.430,171.590,CC,4.4664,7.41,3
audio16.TextGrid,34,20,treacheries,171.590,172.190,NNS,31.0020,1.21,7
audio16.TextGrid,35,1,my,173.180,173.360,PRP$,14.3643,6.57,2
audio16.TextGrid,35,2,choice,173.360,173.860,NN,11.0182,5.08,3
audio16.TextGrid,35,3,was,173.860,174.040,VBD,5.8659,6.82,3
audio16.TextGrid,35,4,to,174.040,174.130,TO,2.4416,7.43,2
audio16.TextGrid,35,5,go,174.130,174.360,VB,5.2670,6.03,2
audio16.TextGrid,35,6,there,174.360,174.550,RB,8.5399,6.31,3
audio16.TextGrid,35,7,to,174.550,174.690,TO,5.2548,7.43,2
audio16.TextGrid,35,8,find,174.690,175.060,VB,6.5124,5.76,4
audio16.TextGrid,35,9,him,175.060,175.240,PRP,7.2019,6.11,3
audio16.TextGrid,35,10,beyond,175.240,175.650,IN,13.8093,4.98,5
audio16.TextGrid,35,11,all,175.650,175.810,DT,7.3452,6.52,2
audio16.TextGrid,35,12,people,175.810,176.290,NNS,12.1753,6.25,5
audio16.TextGrid,35,13,beyond,176.760,177.100,IN,9.9956,4.98,5
audio16.TextGrid,35,14,all,177.100,177.290,DT,6.5382,6.52,2
audio16.TextGrid,35,15,people,177.290,177.700,NNS,2.9065,6.25,5
audio16.TextGrid,35,16,in,177.700,177.770,IN,6.2577,7.27,2
audio16.TextGrid,35,17,the,177.770,177.840,DT,2.3342,7.73,2
audio16.TextGrid,35,18,world,177.840,178.370,NN,2.1511,5.89,4
audio16.TextGrid,36,1,now,179.110,179.350,RB,13.6820,6.18,2
audio16.TextGrid,36,2,we,179.350,179.520,PRP,6.8608,6.54,2
audio16.TextGrid,36,3,are,179.520,179.630,VBP,4.0396,6.74,2
audio16.TextGrid,36,4,joined,179.630,180.030,VBN,15.3296,4.73,4
audio16.TextGrid,36,5,together,180.030,180.490,RB,11.1810,5.46,6
audio16.TextGrid,36,6,and,180.490,180.610,CC,4.6750,7.41,3
audio16.TextGrid,36,7,have,180.610,180.780,VBP,6.2934,6.71,3
audio16.TextGrid,36,8,been,180.780,181.040,VBN,4.9862,6.27,3
audio16.TextGrid,36,9,since,181.040,181.380,IN,10.9173,5.75,4
audio16.TextGrid,36,10,noon,181.380,181.790,NN,14.8566,4.11,3
audio16.TextGrid,37,1,and,182.590,182.800,CC,13.4350,7.41,3
audio16.TextGrid,37,2,no,182.800,182.970,DT,11.9130,6.35,2
audio16.TextGrid,37,3,one,182.970,183.170,NN,4.2263,6.47,3
audio16.TextGrid,37,4,to,183.170,183.330,TO,8.3444,7.43,2
audio16.TextGrid,37,5,help,183.330,183.690,VB,8.9120,5.75,4
audio16.TextGrid,37,6,either,183.690,183.930,DT,14.3831,5.33,3
audio16.TextGrid,37,7,one,183.930,184.180,CD,9.4763,6.47,3
audio16.TextGrid,37,8,of,184.180,184.310,IN,2.4484,7.4,2
audio16.TextGrid,37,9,us,184.310,184.610,PRP,6.2088,6.04,2
audio17.TextGrid,1,1,perhaps,0.910,1.320,RB,20.5530,5.09,6
audio17.TextGrid,1,2,i,1.320,1.420,NN,7.1860,7.09,1
audio17.TextGrid,1,3,should,1.420,1.660,MD,9.4969,5.99,3
audio17.TextGrid,1,4,not,1.660,1.820,RB,4.2284,6.69,3
audio17.TextGrid,1,5,have,1.820,1.910,VB,2.5592,6.71,3
audio17.TextGrid,1,6,been,1.910,2.100,VBN,3.5528,6.27,3
audio17.TextGrid,1,7,a,2.100,2.160,DT,4.2554,7.36,1
audio17.TextGrid,1,8,fisherman,2.160,2.720,NN,21.2907,3.49,7
audio17.TextGrid,1,9,he,2.970,3.090,PRP,12.6068,6.69,2
audio17.TextGrid,1,10,thought,3.090,3.480,VBD,10.3550,5.59,3
audio17.TextGrid,2,1,but,4.220,4.320,CC,16.1685,6.63,3
audio17.TextGrid,2,2,that,4.320,4.590,DT,8.0654,7.01,3
audio17.TextGrid,2,3,was,4.590,4.810,VBD,4.6684,6.82,3
audio17.TextGrid,2,4,the,4.810,4.920,DT,3.7096,7.73,2
audio17.TextGrid,2,5,thing,4.920,5.220,NN,8.3067,5.72,3
audio17.TextGrid,2,6,that,5.220,5.340,IN,2.0171,7.01,3
audio17.TextGrid,2,7,i,5.340,5.460,NN,5.1995,7.09,1
audio17.TextGrid,2,8,was,5.460,5.660,VBD,4.2038,6.82,3
audio17.TextGrid,2,9,born,5.660,6.030,VBN,10.1342,5.09,4
audio17.TextGrid,3,1,for,6.030,6.360,IN,14.2057,7.01,3
audio17.TextGrid,3,2,i,7.510,7.600,NN,10.1846,7.09,1
audio17.TextGrid,3,3,must,7.600,7.910,MD,13.3099,5.68,4
audio17.TextGrid,3,4,surely,7.910,8.370,RB,17.2419,4.55,5
audio17.TextGrid,3,5,remember,8.370,8.790,VB,7.3811,5.38,7
audio17.TextGrid,3,6,to,8.790,8.980,TO,4.4154,7.43,2
audio17.TextGrid,3,7,eat,8.980,9.100,VB,9.2665,5.13,2
audio17.TextGrid,3,8,the,9.100,9.220,DT,3.8765,7.73,2
audio17.TextGrid,3,9,tuna,9.220,9.510,NN,16.7915,3.64,4
audio17.TextGrid,3,10,after,9.510,9.940,IN,10.5994,6.11,4
audio17.TextGrid,3,11,it,9.940,10.060,PRP,7.0603,6.95,2
audio17.TextGrid,3,12,gets,10.060,10.350,VBZ,7.6404,5.25,4
audio17.TextGrid,3,13,light,10.350,10.820,JJ,12.1293,5.33,3
audio17.TextGrid,4,1,some,13.790,14.020,DT,14.6912,6.2,3
audio17.TextGrid,4,2,time,14.020,14.300,NN,6.9906,6.29,3
audio17.TextGrid,4,3,before,14.300,14.620,IN,9.6395,5.93,5
audio17.TextGrid,4,4,daylight,14.620,15.170,JJ,18.7902,3.84,5
audio17.TextGrid,4,5,something,15.170,15.540,NN,13.1361,5.81,6
audio17.TextGrid,4,6,took,15.540,15.790,VBD,13.1395,5.51,3
audio17.TextGrid,4,7,one,15.790,15.920,CD,9.4057,6.47,3
audio17.TextGrid,4,8,of,15.920,16.000,IN,1.7362,7.4,2
audio17.TextGrid,4,9,the,16.000,16.080,DT,1.6710,7.73,2
audio17.TextGrid,4,10,baits,16.080,16.470,NNS,14.5837,2.65,4
audio17.TextGrid,4,11,that,16.470,16.670,WDT,4.1304,7.01,3
audio17.TextGrid,4,12,were,16.670,16.740,VBD,6.8563,6.34,2
audio17.TextGrid,4,13,behind,16.740,17.210,IN,12.1794,5.29,6
audio17.TextGrid,4,14,him,17.210,17.390,PRP,7.1545,6.11,3
audio17.TextGrid,5,1,he,18.060,18.180,PRP,13.2074,6.69,2
audio17.TextGrid,5,2,heard,18.180,18.350,VBD,15.4867,5.27,3
audio17.TextGrid,5,3,the,18.350,18.440,DT,4.2462,7.73,2
audio17.TextGrid,5,4,stick,18.440,18.740,JJ,14.1165,4.76,4
audio17.TextGrid,5,5,break,18.820,19.160,NN,14.3491,5.18,4
audio17.TextGrid,5,6,and,19.160,19.260,CC,6.2294,7.41,2
audio17.TextGrid,5,7,the,19.260,19.340,DT,4.0827,7.73,2
audio17.TextGrid,5,8,line,19.340,19.650,NN,10.0900,5.49,3
audio17.TextGrid,5,9,begin,19.650,19.920,NN,14.2671,4.84,5
audio17.TextGrid,5,10,to,19.920,20.050,TO,2.0499,7.43,2
audio17.TextGrid,5,11,rush,20.050,20.320,VB,11.3891,4.48,3
audio17.TextGrid,5,12,out,20.320,20.500,RP,4.2223,6.38,2
audio17.TextGrid,5,13,over,20.500,20.670,IN,8.0374,6.08,3
audio17.TextGrid,5,14,the,20.670,20.770,DT,1.1411,7.73,2
audio17.TextGrid,5,15,gunwale,20.770,21.120,NN,26.7306,1.65,6
audio17.TextGrid,5,16,of,21.120,21.190,IN,6.6134,7.4,2
audio17.TextGrid,5,17,the,21.190,21.300,DT,1.6814,7.73,2
audio17.TextGrid,5,18,skiff,21.300,21.630,NN,19.7884,2.63,4
audio17.TextGrid,6,1,in,22.630,22.760,IN,10.8415,7.27,2
audio17.TextGrid,6,2,the,22.760,22.830,DT,3.0877,7.73,2
audio17.TextGrid,6,3,darkness,22.830,23.410,NN,10.0343,4.3,7
audio17.TextGrid,6,4,he,23.410,23.550,PRP,10.9372,6.69,2
audio17.TextGrid,6,5,loosened,23.550,24.010,VBD,28.6960,2.98,6
audio17.TextGrid,6,6,his,24.010,24.170,PRP$,4.7750,6.51,3
audio17.TextGrid,6,7,sheath,24.170,24.550,NN,14.9676,3.16,3
audio17.TextGrid,6,8,knife,24.550,24.950,NN,13.2486,4.41,3
audio17.TextGrid,6,9,and,24.950,25.150,CC,4.3285,7.41,3
audio17.TextGrid,6,10,taking,25.150,25.470,VBG,11.7448,5.39,5
audio17.TextGrid,6,11,all,25.470,25.680,PDT,7.9228,6.52,2
audio17.TextGrid,6,12,the,25.680,25.790,DT,1.1407,7.73,2
audio17.TextGrid,6,13,strain,25.790,26.170,NN,13.9563,4.15,5
audio17.TextGrid,6,14,of,26.170,26.260,IN,3.5131,7.4,2
audio17.TextGrid,6,15,the,26.260,26.360,DT,1.6025,7.73,2
audio17.TextGrid,6,16,fish,26.360,26.640,NN,12.4032,4.9,3
audio17.TextGrid,6,17,on,26.640,26.760,IN,5.7429,6.91,2
audio17.TextGrid,6,18,his,26.760,26.940,PRP$,0.9272,6.51,3
audio17.TextGrid,6,19,left,26.940,27.190,JJ,5.9069,5.62,4
audio17.TextGrid,6,20,shoulder,27.190,27.580,NN,9.8716,4.5,5
audio17.TextGrid,6,21,he,27.960,28.080,PRP,8.5722,6.69,2
audio17.TextGrid,6,22,leaned,28.080,28.370,VBD,17.4762,3.41,4
audio17.TextGrid,6,23,back,28.370,28.760,RB,8.4025,6.04,3
audio17.TextGrid,6,24,and,28.760,28.940,CC,4.9650,7.41,3
audio17.TextGrid,6,25,cut,28.940,29.130,VBD,7.7550,5.24,3
audio17.TextGrid,6,26,the,29.130,29.260,DT,3.2288,7.73,2
audio17.TextGrid,6,27,line,29.260,29.540,NN,9.1993,5.49,3
audio17.TextGrid,6,28,against,29.540,29.850,IN,8.8368,5.68,6
audio17.TextGrid,6,29,the,29.850,29.920,DT,1.2197,7.73,2
audio17.TextGrid,6,30,wood,29.920,30.130,NN,8.1737,4.78,3
audio17.TextGrid,6,31,of,30.130,30.210,IN,7.0187,7.4,2
audio17.TextGrid,6,32,the,30.210,30.310,DT,0.8862,7.73,2
audio17.TextGrid,6,33,gunwale,30.310,30.710,NN,25.5470,1.65,6
audio17.TextGrid,7,1,then,31.420,31.600,RB,17.9329,6.07,3
audio17.TextGrid,7,2,he,31.600,31.770,PRP,9.1670,6.69,2
audio17.TextGrid,7,3,cut,31.770,31.990,VBD,13.4617,5.24,3
audio17.TextGrid,7,4,the,31.990,32.160,DT,4.4020,7.73,2
audio17.TextGrid,7,5,other,32.160,32.330,JJ,9.7126,6.16,3
audio17.TextGrid,7,6,line,32.330,32.630,NN,7.5364,5.49,3
audio17.TextGrid,7,7,closest,32.630,33.090,JJS,18.9393,4.21,7
audio17.TextGrid,7,8,to,33.090,33.340,TO,0.6326,7.43,2
audio17.TextGrid,7,9,him,33.340,33.490,PRP,4.5443,6.11,2
audio17.TextGrid,7,10,and,33.890,34.020,CC,3.5072,7.41,3
audio17.TextGrid,7,11,in,34.020,34.100,IN,7.3703,7.27,2
audio17.TextGrid,7,12,the,34.100,34.190,DT,3.1464,7.73,2
audio17.TextGrid,7,13,dark,34.190,34.550,NN,6.4015,5.04,4
audio17.TextGrid,7,14,made,34.550,34.800,VBD,14.1650,5.92,3
audio17.TextGrid,7,15,the,34.800,34.890,DT,3.2520,7.73,2
audio17.TextGrid,7,16,loose,34.890,35.210,JJ,13.5045,4.46,3
audio17.TextGrid,7,17,ends,35.210,35.530,NNS,11.3297,4.75,4
audio17.TextGrid,7,18,of,35.530,35.600,IN,3.8602,7.4,2
audio17.TextGrid,7,19,the,35.600,35.700,DT,1.8350,7.73,2
audio17.TextGrid,7,20,reserve,35.700,36.140,NN,17.4272,4.6,5
audio17.TextGrid,7,21,coils,36.140,36.640,VBZ,15.0688,3.36,4
audio17.TextGrid,7,22,fast,36.640,37.200,RB,13.9592,5.13,4
audio17.TextGrid,8,1,he,37.880,37.970,PRP,13.2074,6.69,2
audio17.TextGrid,8,2,worked,37.970,38.260,VBD,13.3287,5.16,4
audio17.TextGrid,8,3,skillfully,38.260,38.940,RB,27.1981,2.84,8
audio17.TextGrid,8,4,with,38.940,39.110,IN,5.5594,6.85,3
audio17.TextGrid,8,5,the,39.110,39.190,DT,2.6395,7.73,2
audio17.TextGrid,8,6,one,39.190,39.490,CD,8.5714,6.47,3
audio17.TextGrid,8,7,hand,39.490,39.880,NN,9.3784,5.41,4
audio17.TextGrid,9,1,and,40.310,40.380,CC,13.4350,7.41,2
audio17.TextGrid,9,2,put,40.380,40.600,VB,15.1166,5.66,3
audio17.TextGrid,9,3,his,40.600,40.780,PRP$,7.2571,6.51,3
audio17.TextGrid,9,4,foot,40.780,40.950,NN,8.4589,4.87,3
audio17.TextGrid,9,5,on,40.950,41.080,IN,2.5425,6.91,2
audio17.TextGrid,9,6,the,41.080,41.140,DT,1.4011,7.73,2
audio17.TextGrid,9,7,coils,41.140,41.650,NNS,13.8976,3.36,4
audio17.TextGrid,9,8,to,41.650,41.760,TO,6.3845,7.43,2
audio17.TextGrid,9,9,hold,41.760,41.990,VB,8.6503,5.19,4
audio17.TextGrid,9,10,them,41.990,42.140,PRP,4.7408,6.19,3
audio17.TextGrid,9,11,as,42.140,42.250,IN,6.7555,6.77,2
audio17.TextGrid,9,12,he,42.250,42.340,PRP,3.3972,6.69,2
audio17.TextGrid,9,13,drew,42.340,42.520,VBD,15.8780,4.46,3
audio17.TextGrid,9,14,his,42.520,42.750,PRP$,4.0241,6.51,3
audio17.TextGrid,9,15,knots,42.750,43.100,NNS,15.9319,3.63,4
audio17.TextGrid,9,16,tight,43.100,43.480,VBD,14.3647,4.57,3
audio17.TextGrid,10,1,now,44.700,45.040,RB,13.6820,6.18,2
audio17.TextGrid,10,2,he,45.040,45.180,PRP,9.4990,6.69,2
audio17.TextGrid,10,3,had,45.180,45.360,VBD,9.6837,6.33,3
audio17.TextGrid,10,4,six,45.360,45.770,CD,10.9250,5.29,4
audio17.TextGrid,10,5,reserve,45.770,46.180,NN,17.5386,4.6,5
audio17.TextGrid,10,6,coils,46.180,46.680,NNS,13.1228,3.36,4
audio17.TextGrid,10,7,of,46.680,46.800,IN,4.3677,7.4,2
audio17.TextGrid,10,8,line,46.800,47.260,NN,13.5798,5.49,3
audio17.TextGrid,11,1,there,47.980,48.100,EX,14.3662,6.31,3
audio17.TextGrid,11,2,were,48.100,48.220,VBD,8.8796,6.34,2
audio17.TextGrid,11,3,two,48.220,48.570,CD,5.9241,6.1,2
audio17.TextGrid,11,4,from,48.570,48.800,IN,13.2158,6.63,3
audio17.TextGrid,11,5,each,48.800,49.120,DT,11.8247,5.69,2
audio17.TextGrid,11,6,bait,49.140,49.400,NN,17.1254,3.85,3
audio17.TextGrid,11,7,he,49.400,49.490,PRP,10.4942,6.69,2
audio17.TextGrid,11,8,had,49.490,49.640,VBD,8.3840,6.33,3
audio17.TextGrid,11,9,severed,49.640,50.080,VBN,14.7766,3.53,5
audio17.TextGrid,11,10,and,50.080,50.200,CC,6.4880,7.41,2
audio17.TextGrid,11,11,the,50.200,50.290,DT,4.4365,7.73,2
audio17.TextGrid,11,12,two,50.290,50.530,CD,5.6877,6.1,2
audio17.TextGrid,11,13,from,50.530,50.740,IN,3.9403,6.63,4
audio17.TextGrid,11,14,the,50.740,50.810,DT,2.8675,7.73,2
audio17.TextGrid,11,15,bait,50.810,51.070,NN,8.9317,3.85,3
audio17.TextGrid,11,16,the,51.070,51.180,DT,6.6729,7.73,2
audio17.TextGrid,11,17,fish,51.180,51.400,NN,12.3666,4.9,3
audio17.TextGrid,11,18,had,51.400,51.570,VBD,7.0548,6.33,3
audio17.TextGrid,11,19,taken,51.570,51.900,VBN,9.8313,5.33,5
audio17.TextGrid,12,1,and,52.500,52.600,CC,13.4350,7.41,2
audio17.TextGrid,12,2,they,52.600,52.700,PRP,10.3537,6.5,2
audio17.TextGrid,12,3,were,52.700,52.830,VBD,4.8385,6.34,2
audio17.TextGrid,12,4,all,52.830,53.020,DT,5.4082,6.52,2
audio17.TextGrid,12,5,connected,53.020,53.700,VBN,11.5878,4.68,8
audio17.TextGrid,13,1,after,54.990,55.330,IN,14.4768,6.11,4
audio17.TextGrid,13,2,it,55.330,55.420,PRP,8.9647,6.95,2
audio17.TextGrid,13,3,is,55.420,55.580,VBZ,5.5066,7.07,2
audio17.TextGrid,13,4,light,55.580,55.950,JJ,13.4631,5.33,3
audio17.TextGrid,13,5,he,55.950,56.050,PRP,9.9351,6.69,2
audio17.TextGrid,13,6,thought,56.050,56.590,VBD,14.0336,5.59,3
audio17.TextGrid,13,7,i,56.590,56.660,NN,4.9099,7.09,1
audio17.TextGrid,13,8,will,56.660,56.850,MD,4.8104,6.45,3
audio17.TextGrid,13,9,work,56.850,57.080,VB,9.3527,5.96,3
audio17.TextGrid,13,10,back,57.080,57.330,RB,8.0353,6.04,3
audio17.TextGrid,13,11,to,57.350,57.450,TO,3.7585,7.43,2
audio17.TextGrid,13,12,the,57.450,57.550,DT,4.2164,7.73,2
audio17.TextGrid,13,13,forty,57.550,57.900,NN,15.6930,4.2,5
audio17.TextGrid,13,14,fathom,57.900,58.260,NN,25.8096,3.25,5
audio17.TextGrid,13,15,bait,58.260,58.590,NN,16.6091,3.85,3
audio17.TextGrid,13,16,and,58.590,58.700,CC,6.2311,7.41,2
audio17.TextGrid,13,17,cut,58.700,58.950,VB,10.8855,5.24,3
audio17.TextGrid,13,18,it,58.950,59.050,PRP,4.0138,6.95,2
audio17.TextGrid,13,19,away,59.050,59.290,RB,6.8505,5.62,3
audio17.TextGrid,13,20,too,59.290,59.630,RB,12.4408,5.95,2
audio17.TextGrid,13,21,and,59.630,59.810,CC,7.9173,7.41,3
audio17.TextGrid,13,22,link,59.810,60.010,VB,14.8816,4.99,4
audio17.TextGrid,13,23,up,60.010,60.110,RP,5.2379,6.39,2
audio17.TextGrid,13,24,the,60.110,60.220,DT,3.6908,7.73,2
audio17.TextGrid,13,25,reserve,60.220,60.590,NN,16.1216,4.6,5
audio17.TextGrid,13,26,coils,60.590,61.140,NNS,17.2627,3.36,4
audio17.TextGrid,14,1,i,61.140,61.170,NN,5.7704,7.09,1
audio17.TextGrid,14,2,will,62.360,62.570,MD,14.1387,6.45,3
audio17.TextGrid,14,3,have,62.570,62.700,VB,6.9193,6.71,3
audio17.TextGrid,14,4,lost,62.700,62.960,VBN,10.3773,5.39,4
audio17.TextGrid,14,5,two,62.960,63.110,CD,6.2371,6.1,2
audio17.TextGrid,14,6,hundred,63.110,63.400,JJ,6.4953,4.71,5
audio17.TextGrid,14,7,fathoms,63.400,63.810,NNS,23.0310,2.49,6
audio17.TextGrid,14,8,of,63.810,63.930,IN,3.3988,7.4,2
audio17.TextGrid,14,9,good,63.930,64.260,JJ,8.0241,6.12,3
audio17.TextGrid,14,10,catalan,64.260,64.730,NN,22.7851,3.42,7
audio17.TextGrid,14,11,cardel,64.730,65.460,NN,32.6460,0.0,6
audio17.TextGrid,14,12,and,65.760,65.880,CC,5.2757,7.41,2
audio17.TextGrid,14,13,the,65.880,65.990,DT,5.2425,7.73,2
audio17.TextGrid,14,14,hooks,65.990,66.280,NNS,16.2344,3.65,4
audio17.TextGrid,14,15,and,66.280,66.430,CC,5.2257,7.41,3
audio17.TextGrid,14,16,leaders,66.430,66.980,NNS,13.8306,4.81,5
audio17.TextGrid,15,1,that,67.550,67.710,DT,16.1379,7.01,3
audio17.TextGrid,15,2,can,67.710,67.850,MD,8.8179,6.46,3
audio17.TextGrid,15,3,be,67.850,68.010,VB,2.6107,6.79,2
audio17.TextGrid,15,4,replaced,68.010,68.630,VBN,13.3425,4.55,7
audio17.TextGrid,16,1,but,69.240,69.430,CC,16.1685,6.63,3
audio17.TextGrid,16,2,who,69.430,69.570,WP,10.2609,6.34,2
audio17.TextGrid,16,3,replaces,69.570,70.190,VBZ,16.7094,3.63,8
audio17.TextGrid,16,4,this,70.190,70.450,DT,5.3391,6.82,3
audio17.TextGrid,16,5,fish,70.450,70.780,JJ,13.8513,4.9,3
audio17.TextGrid,16,6,if,70.780,70.910,IN,9.6946,6.47,2
audio17.TextGrid,16,7,i,70.910,71.040,JJ,6.6303,7.09,1
audio17.TextGrid,16,8,hook,71.040,71.250,VBP,14.8572,4.37,3
audio17.TextGrid,16,9,some,71.250,71.480,DT,9.8900,6.2,3
audio17.TextGrid,16,10,fish,71.480,71.780,NN,4.8038,4.9,3
audio17.TextGrid,16,11,and,71.780,71.910,CC,3.3040,7.41,3
audio17.TextGrid,16,12,it,71.910,72.010,PRP,5.4095,6.95,2
audio17.TextGrid,16,13,cuts,72.010,72.270,VBZ,11.4643,4.42,4
audio17.TextGrid,16,14,him,72.270,72.400,PRP,8.6342,6.11,2
audio17.TextGrid,16,15,off,72.400,72.750,RP,3.0607,5.93,2
audio17.TextGrid,17,1,i,73.520,73.620,JJ,5.7704,7.09,1
audio17.TextGrid,17,2,don,73.620,73.780,VBP,12.7461,4.6,3
audio17.TextGrid,17,3,t,73.780,73.810,NN,8.0327,5.43,1
audio17.TextGrid,17,4,know,73.810,73.940,VBP,4.7444,6.1,2
audio17.TextGrid,17,5,what,73.940,74.100,WP,2.1435,6.38,3
audio17.TextGrid,17,6,that,74.100,74.330,IN,6.6059,7.01,3
audio17.TextGrid,17,7,fish,74.330,74.570,NN,13.9906,4.9,3
audio17.TextGrid,17,8,was,74.570,74.860,VBD,6.7272,6.82,3
audio17.TextGrid,17,9,that,74.860,75.050,IN,5.7928,7.01,3
audio17.TextGrid,17,10,took,75.050,75.160,VBD,14.1568,5.51,3
audio17.TextGrid,17,11,the,75.160,75.270,DT,5.2303,7.73,2
audio17.TextGrid,17,12,bait,75.270,75.520,NN,15.2504,3.85,3
audio17.TextGrid,17,13,just,75.520,75.770,RB,10.4439,6.43,4
audio17.TextGrid,17,14,now,75.770,76.080,RB,5.6927,6.18,2
audio17.TextGrid,17,15,it,76.080,76.140,PRP,9.5448,6.95,2
audio17.TextGrid,18,1,could,76.540,76.720,MD,17.3956,6.06,3
audio17.TextGrid,18,2,have,76.720,76.850,VB,9.1163,6.71,3
audio17.TextGrid,18,3,been,76.850,77.010,VBN,2.5795,6.27,3
audio17.TextGrid,18,4,a,77.010,77.050,DT,3.1505,7.36,1
audio17.TextGrid,18,5,marlin,77.050,77.540,NN,19.2096,3.01,6
audio17.TextGrid,18,6,or,77.540,77.660,CC,7.3332,6.54,2
audio17.TextGrid,18,7,a,77.660,77.710,DT,3.3824,7.36,1
audio17.TextGrid,18,8,broadbill,77.710,78.360,NN,26.7651,1.17,7
audio17.TextGrid,18,9,or,78.360,78.500,CC,5.5003,6.54,2
audio17.TextGrid,18,10,a,78.500,78.530,DT,1.6940,7.36,1
audio17.TextGrid,18,11,shark,78.530,79.000,NN,11.3722,4.1,4
audio17.TextGrid,19,1,i,79.580,79.690,NN,5.7704,7.09,1
audio17.TextGrid,19,2,never,79.690,79.940,RB,15.0158,5.91,4
audio17.TextGrid,19,3,felt,79.940,80.270,VBD,11.5350,5.13,4
audio17.TextGrid,19,4,him,80.270,80.460,PRP,9.2570,6.11,2
audio17.TextGrid,20,1,i,81.230,81.350,NN,5.7704,7.09,1
audio17.TextGrid,20,2,had,81.350,81.480,VBD,14.4559,6.33,3
audio17.TextGrid,20,3,to,81.480,81.540,TO,2.2215,7.43,2
audio17.TextGrid,20,4,get,81.540,81.720,VB,4.2704,6.28,3
audio17.TextGrid,20,5,rid,81.720,81.840,JJ,11.0786,4.5,3
audio17.TextGrid,20,6,of,81.840,81.930,IN,0.1677,7.4,2
audio17.TextGrid,20,7,him,81.930,82.060,PRP,6.2271,6.11,2
audio17.TextGrid,20,8,too,82.060,82.250,RB,9.9400,5.95,2
audio17.TextGrid,20,9,fast,82.250,82.840,RB,9.9936,5.13,4
audio17.TextGrid,21,1,aloud,83.910,84.360,NN,23.2573,3.51,4
audio17.TextGrid,21,2,he,84.360,84.490,PRP,9.6248,6.69,2
audio17.TextGrid,21,3,said,84.490,84.760,VBD,11.1298,6.01,3
audio17.TextGrid,21,4,i,85.400,85.510,JJ,6.9523,7.09,1
audio17.TextGrid,21,5,wish,85.510,85.790,JJ,9.7975,5.18,3
audio17.TextGrid,21,6,i,85.790,85.950,NN,1.5299,7.09,1
audio17.TextGrid,21,7,had,85.950,86.160,VBD,3.8483,6.33,3
audio17.TextGrid,21,8,the,86.160,86.250,DT,4.1636,7.73,2
audio17.TextGrid,21,9,boy,86.250,86.630,NN,9.8290,5.17,2
audio17.TextGrid,22,1,but,88.230,88.410,CC,16.1685,6.63,3
audio17.TextGrid,22,2,you,88.410,88.500,PRP,7.2748,6.98,2
audio17.TextGrid,22,3,haven,88.500,88.710,VBP,8.2317,4.13,5
audio17.TextGrid,22,4,t,88.710,88.740,NNS,7.7053,5.43,1
audio17.TextGrid,22,5,got,88.740,88.970,VBD,19.6577,5.91,3
audio17.TextGrid,22,6,the,88.970,89.060,DT,3.5070,7.73,2
audio17.TextGrid,22,7,boy,89.060,89.390,NN,9.5458,5.17,2
audio17.TextGrid,22,8,he,89.600,89.720,PRP,9.2516,6.69,2
audio17.TextGrid,22,9,thought,89.720,90.100,VBD,11.1055,5.59,3
audio17.TextGrid,22,10,you,90.450,90.590,PRP,2.6273,6.98,2
audio17.TextGrid,22,11,have,90.590,90.760,VBP,8.3844,6.71,3
audio17.TextGrid,22,12,only,90.760,90.990,RB,9.3678,6.12,4
audio17.TextGrid,22,13,yourself,90.990,91.580,PRP,10.1575,5.31,6
audio17.TextGrid,22,14,and,91.580,91.710,CC,4.8108,7.41,3
audio17.TextGrid,22,15,you,91.710,91.810,PRP,2.7874,6.98,2
audio17.TextGrid,22,16,had,91.810,91.930,VBD,8.6822,6.33,3
audio17.TextGrid,22,17,better,91.930,92.140,JJR,7.2016,5.76,4
audio17.TextGrid,22,18,work,92.140,92.400,NN,7.8041,5.96,3
audio17.TextGrid,22,19,back,92.400,92.640,RB,10.4034,6.04,3
audio17.TextGrid,22,20,to,92.640,92.740,TO,3.0128,7.43,2
audio17.TextGrid,22,21,the,92.740,92.820,DT,5.2950,7.73,2
audio17.TextGrid,22,22,last,92.820,93.180,JJ,9.4303,5.86,4
audio17.TextGrid,22,23,line,93.180,93.430,NN,9.1061,5.49,3
audio17.TextGrid,22,24,now,93.430,93.760,RB,9.8822,6.18,2
audio17.TextGrid,22,25,in,93.970,94.100,IN,7.9344,7.27,2
audio17.TextGrid,22,26,the,94.100,94.240,DT,2.6952,7.73,2
audio17.TextGrid,22,27,dark,94.240,94.580,NN,7.2467,5.04,4
audio17.TextGrid,22,28,or,94.580,94.680,CC,7.9972,6.54,2
audio17.TextGrid,22,29,not,94.680,94.890,RB,7.5748,6.69,3
audio17.TextGrid,22,30,in,94.890,95.000,IN,6.5754,7.27,2
audio17.TextGrid,22,31,the,95.000,95.070,DT,0.5814,7.73,2
audio17.TextGrid,22,32,dark,95.070,95.420,NN,0.8948,5.04,4
audio17.TextGrid,23,1,and,95.920,96.050,CC,13.4350,7.41,2
audio17.TextGrid,23,2,cut,96.050,96.290,VB,15.2878,5.24,3
audio17.TextGrid,23,3,it,96.290,96.390,PRP,6.4720,6.95,2
audio17.TextGrid,23,4,away,96.390,96.770,RB,8.3403,5.62,3
audio17.TextGrid,23,5,and,96.770,96.920,CC,6.0550,7.41,2
audio17.TextGrid,23,6,hook,96.920,97.120,VB,11.4276,4.37,3
audio17.TextGrid,23,7,up,97.120,97.220,RP,2.7288,6.39,2
audio17.TextGrid,23,8,the,97.220,97.310,DT,2.0125,7.73,2
audio17.TextGrid,23,9,two,97.310,97.470,CD,9.9662,6.1,2
audio17.TextGrid,23,10,reserve,97.470,97.880,NN,16.7528,4.6,5
audio17.TextGrid,23,11,coils,97.880,98.480,NNS,13.2979,3.36,4
audio17.TextGrid,24,1,so,100.120,100.390,RB,13.7280,6.52,2
audio17.TextGrid,24,2,he,100.390,100.500,PRP,9.4536,6.69,2
audio17.TextGrid,24,3,did,100.500,100.700,VBD,4.1502,5.96,3
audio17.TextGrid,24,4,it,100.700,100.910,PRP,2.5821,6.95,2
audio17.TextGrid,25,1,it,101.510,101.670,PRP,11.0007,6.95,2
audio17.TextGrid,25,2,was,101.670,101.810,VBD,3.5299,6.82,3
audio17.TextGrid,25,3,difficult,101.810,102.340,JJ,15.3084,5.07,8
audio17.TextGrid,25,4,in,102.340,102.430,IN,7.3661,7.27,2
audio17.TextGrid,25,5,the,102.430,102.540,DT,2.0907,7.73,2
audio17.TextGrid,25,6,dark,102.540,103.020,NN,7.2661,5.04,4
audio17.TextGrid,25,7,and,103.020,103.140,CC,5.6001,7.41,2
audio17.TextGrid,25,8,once,103.140,103.470,RB,12.3505,5.53,4
audio17.TextGrid,25,9,the,103.470,103.570,DT,3.5249,7.73,2
audio17.TextGrid,25,10,fish,103.570,103.850,NN,12.7535,4.9,3
audio17.TextGrid,25,11,made,103.850,104.040,VBD,9.0180,5.92,3
audio17.TextGrid,25,12,a,104.040,104.090,DT,4.1134,7.36,1
audio17.TextGrid,25,13,surge,104.090,104.560,NN,13.5764,3.82,3
audio17.TextGrid,25,14,that,104.560,104.730,WDT,8.4072,7.01,3
audio17.TextGrid,25,15,pulled,104.770,105.000,VBD,11.1113,4.67,4
audio17.TextGrid,25,16,him,105.000,105.120,PRP,6.4949,6.11,2
audio17.TextGrid,25,17,down,105.120,105.340,RP,4.6103,5.88,3
audio17.TextGrid,25,18,on,105.340,105.460,IN,6.1611,6.91,2
audio17.TextGrid,25,19,his,105.460,105.650,PRP$,2.2319,6.51,3
audio17.TextGrid,25,20,face,105.650,105.970,NN,4.1495,5.45,3
audio17.TextGrid,25,21,and,105.970,106.170,CC,3.1832,7.41,3
audio17.TextGrid,25,22,made,106.170,106.360,VBD,7.2723,5.92,3
audio17.TextGrid,25,23,a,106.360,106.400,DT,3.9123,7.36,1
audio17.TextGrid,25,24,cut,106.400,106.690,NN,8.4948,5.24,3
audio17.TextGrid,25,25,below,106.710,107.010,IN,13.5127,5.05,4
audio17.TextGrid,25,26,his,107.010,107.180,PRP$,1.6598,6.51,3
audio17.TextGrid,25,27,eye,107.180,107.470,NN,9.6054,5.02,1
audio17.TextGrid,26,1,the,108.130,108.210,DT,11.8924,7.73,2
audio17.TextGrid,26,2,blood,108.210,108.490,NN,10.2315,5.1,4
audio17.TextGrid,26,3,ran,108.490,108.680,VBD,13.1950,4.87,3
audio17.TextGrid,26,4,down,108.680,108.930,RP,13.4372,5.88,3
audio17.TextGrid,26,5,his,108.930,109.130,PRP$,9.0786,6.51,3
audio17.TextGrid,26,6,cheek,109.130,109.400,NN,13.9157,3.96,3
audio17.TextGrid,26,7,a,109.400,109.450,DT,7.9057,7.36,1
audio17.TextGrid,26,8,little,109.450,109.700,JJ,8.0286,5.75,5
audio17.TextGrid,26,9,way,109.700,109.970,NN,5.2664,6.01,2
audio17.TextGrid,27,1,but,110.850,111.000,CC,16.1685,6.63,3
audio17.TextGrid,27,2,it,111.000,111.100,PRP,5.1562,6.95,2
audio17.TextGrid,27,3,coagulated,111.100,111.840,VBD,23.1437,2.08,11
audio17.TextGrid,27,4,and,111.840,111.970,CC,6.1229,7.41,2
audio17.TextGrid,27,5,dried,111.970,112.350,VBD,14.1346,4.04,4
audio17.TextGrid,27,6,before,112.350,112.670,IN,7.9784,5.93,5
audio17.TextGrid,27,7,it,112.670,112.800,PRP,4.6253,6.95,2
audio17.TextGrid,27,8,reached,112.800,113.090,VBD,10.1481,4.85,4
audio17.TextGrid,27,9,his,113.090,113.240,PRP$,6.3776,6.51,3
audio17.TextGrid,27,10,chin,113.240,113.650,NN,13.1357,4.0,3
audio17.TextGrid,28,1,and,114.290,114.370,CC,13.4350,7.41,2
audio17.TextGrid,28,2,he,114.370,114.440,PRP,9.2683,6.69,2
audio17.TextGrid,28,3,worked,114.440,114.690,VBD,11.9071,5.16,4
audio17.TextGrid,28,4,his,114.690,114.830,PRP$,7.7775,6.51,3
audio17.TextGrid,28,5,way,114.830,114.990,NN,1.6842,6.01,2
audio17.TextGrid,28,6,back,114.990,115.250,RB,4.8336,6.04,3
audio17.TextGrid,28,7,to,115.250,115.320,TO,1.7034,7.43,2
audio17.TextGrid,28,8,the,115.320,115.410,DT,2.5618,7.73,2
audio17.TextGrid,28,9,bow,115.410,115.770,NN,12.8116,4.3,2
audio17.TextGrid,28,10,and,115.770,115.900,CC,7.9926,7.41,3
audio17.TextGrid,28,11,rested,115.900,116.250,VBN,14.8274,3.59,6
audio17.TextGrid,28,12,against,116.250,116.550,IN,10.1170,5.68,6
audio17.TextGrid,28,13,the,116.550,116.630,DT,1.2303,7.73,2
audio17.TextGrid,28,14,wood,116.630,117.030,NN,8.3161,4.78,3
audio17.TextGrid,29,1,he,117.830,117.970,PRP,13.2074,6.69,2
audio17.TextGrid,29,2,adjusted,117.970,118.370,VBD,20.6993,4.11,7
audio17.TextGrid,29,3,the,118.370,118.460,DT,3.5064,7.73,2
audio17.TextGrid,29,4,sack,118.460,118.930,NN,16.3583,3.91,3
audio17.TextGrid,29,5,and,118.930,119.070,CC,5.8441,7.41,3
audio17.TextGrid,29,6,carefully,119.070,119.550,RB,12.3571,4.46,7
audio17.TextGrid,29,7,worked,119.550,119.820,VBD,8.8098,5.16,4
audio17.TextGrid,29,8,the,119.820,119.930,DT,5.4885,7.73,2
audio17.TextGrid,29,9,line,119.930,120.290,NN,10.6432,5.49,3
audio17.TextGrid,29,10,so,120.290,120.440,IN,8.8997,6.52,2
audio17.TextGrid,29,11,that,120.440,120.590,IN,2.5446,7.01,3
audio17.TextGrid,29,12,it,120.590,120.740,PRP,2.8624,6.95,2
audio17.TextGrid,29,13,came,120.740,120.940,VBD,7.9285,5.5,3
audio17.TextGrid,29,14,across,120.940,121.310,IN,10.3103,5.25,5
audio17.TextGrid,29,15,a,121.310,121.350,DT,5.8947,7.36,1
audio17.TextGrid,29,16,new,121.350,121.610,JJ,7.5691,6.25,3
audio17.TextGrid,29,17,part,121.610,121.900,NN,8.3384,5.78,4
audio17.TextGrid,29,18,of,121.900,122.000,IN,1.8110,7.4,2
audio17.TextGrid,29,19,his,122.000,122.140,PRP$,2.7863,6.51,3
audio17.TextGrid,29,20,shoulders,122.140,122.700,NNS,13.7103,4.18,6
audio17.TextGrid,30,1,and,123.410,123.730,CC,13.4350,7.41,3
audio17.TextGrid,30,2,holding,123.880,124.270,VBG,17.9302,4.89,6
audio17.TextGrid,30,3,it,124.270,124.370,PRP,6.9725,6.95,2
audio17.TextGrid,30,4,anchored,124.370,124.770,VBD,29.1784,3.46,5
audio17.TextGrid,30,5,with,124.770,124.910,IN,5.4043,6.85,3
audio17.TextGrid,30,6,his,124.910,125.040,PRP$,6.6359,6.51,3
audio17.TextGrid,30,7,shoulders,125.040,125.510,NNS,11.9361,4.18,6
audio17.TextGrid,31,1,he,125.920,126.010,PRP,13.2074,6.69,2
audio17.TextGrid,31,2,carefully,126.010,126.510,RB,17.8302,4.46,7
audio17.TextGrid,31,3,felt,126.510,126.770,VBD,11.5552,5.13,4
audio17.TextGrid,31,4,the,126.770,126.870,DT,4.4132,7.73,2
audio17.TextGrid,31,5,pull,126.870,127.210,NN,12.9974,4.82,3
audio17.TextGrid,31,6,of,127.210,127.270,IN,2.8768,7.4,2
audio17.TextGrid,31,7,the,127.270,127.390,DT,2.3991,7.73,2
audio17.TextGrid,31,8,fish,127.390,127.860,NN,12.2988,4.9,3
audio17.TextGrid,31,9,and,128.020,128.100,CC,4.2179,7.41,2
audio17.TextGrid,31,10,then,128.100,128.360,RB,5.9320,6.07,3
audio17.TextGrid,31,11,felt,128.360,128.620,VBD,7.2958,5.13,4
audio17.TextGrid,31,12,with,128.620,128.730,IN,6.2680,6.85,3
audio17.TextGrid,31,13,his,128.730,128.890,PRP$,2.6059,6.51,3
audio17.TextGrid,31,14,hand,128.890,129.280,NN,7.7682,5.41,4
audio17.TextGrid,31,15,the,129.280,129.380,DT,6.7273,7.73,2
audio17.TextGrid,31,16,progress,129.380,129.950,NN,15.8684,4.78,7
audio17.TextGrid,31,17,of,129.950,130.020,IN,1.0532,7.4,2
audio17.TextGrid,31,18,the,130.020,130.130,DT,1.4455,7.73,2
audio17.TextGrid,31,19,skiff,130.130,130.470,NN,21.6900,2.63,4
audio17.TextGrid,31,20,through,130.560,130.730,IN,9.0241,5.87,3
audio17.TextGrid,31,21,the,130.730,130.820,DT,1.3056,7.73,2
audio17.TextGrid,31,22,water,130.820,131.270,NN,9.1127,5.52,4
audio17.TextGrid,32,1,i,133.530,133.630,JJ,5.7704,7.09,1
audio17.TextGrid,32,2,wonder,133.630,133.870,VBP,17.6836,4.93,5
audio17.TextGrid,32,3,what,133.870,134.020,WP,2.1316,6.38,3
audio17.TextGrid,32,4,he,134.020,134.110,PRP,6.3321,6.69,2
audio17.TextGrid,32,5,made,134.110,134.290,VBD,8.4150,5.92,3
audio17.TextGrid,32,6,that,134.290,134.490,IN,7.0632,7.01,3
audio17.TextGrid,32,7,lurch,134.490,134.800,NN,26.6535,2.79,3
audio17.TextGrid,32,8,for,134.800,135.130,IN,5.5235,7.01,3
audio17.TextGrid,32,9,he,135.360,135.470,PRP,9.3315,6.69,2
audio17.TextGrid,32,10,thought,135.470,135.850,VBD,11.4506,5.59,3
audio17.TextGrid,33,1,the,136.620,136.690,DT,11.8924,7.73,2
audio17.TextGrid,33,2,wire,136.690,137.040,NN,14.6292,4.43,3
audio17.TextGrid,33,3,must,137.040,137.280,MD,10.6613,5.68,4
audio17.TextGrid,33,4,have,137.280,137.370,VB,3.8553,6.71,3
audio17.TextGrid,33,5,slipped,137.370,137.820,VBN,13.7683,3.99,5
audio17.TextGrid,33,6,on,137.820,137.940,IN,5.1791,6.91,2
audio17.TextGrid,33,7,the,137.940,138.000,DT,2.3777,7.73,2
audio17.TextGrid,33,8,great,138.000,138.300,JJ,8.8890,5.88,4
audio17.TextGrid,33,9,hill,138.300,138.450,NN,10.2809,4.82,3
audio17.TextGrid,33,10,of,138.450,138.560,IN,2.3807,7.4,2
audio17.TextGrid,33,11,his,138.560,138.730,PRP$,8.9039,6.51,3
audio17.TextGrid,33,12,back,138.730,139.220,NN,8.4248,6.04,3
audio17.TextGrid,33,13,certainly,139.570,140.020,RB,20.6424,5.0,7
audio17.TextGrid,33,14,his,140.020,140.150,PRP$,11.8968,6.51,3
audio17.TextGrid,33,15,back,140.150,140.410,NN,6.6280,6.04,3
audio17.TextGrid,33,16,cannot,140.410,140.770,NN,16.9114,5.11,5
audio17.TextGrid,33,17,feel,140.770,141.040,NN,6.8515,5.67,3
audio17.TextGrid,33,18,as,141.040,141.120,RB,6.7421,6.77,2
audio17.TextGrid,33,19,badly,141.120,141.540,RB,13.9232,4.44,5
audio17.TextGrid,33,20,as,141.540,141.640,IN,4.4883,6.77,2
audio17.TextGrid,33,21,mine,141.640,141.950,NN,13.8977,5.04,3
audio17.TextGrid,33,22,does,141.950,142.300,VBZ,8.0088,5.74,3
audio17.TextGrid,33,23,but,142.870,143.010,CC,7.5371,6.63,3
audio17.TextGrid,33,24,he,143.010,143.090,PRP,3.6349,6.69,2
audio17.TextGrid,33,25,cannot,143.090,143.430,VBZ,8.5602,5.11,5
audio17.TextGrid,33,26,pull,143.430,143.720,VB,9.9256,4.82,3
audio17.TextGrid,33,27,this,143.720,143.920,DT,7.6192,6.82,3
audio17.TextGrid,33,28,skiff,143.920,144.150,NN,20.7036,2.63,4
audio17.TextGrid,33,29,forever,144.170,144.660,NN,12.2832,4.74,5
audio17.TextGrid,34,1,no,145.110,145.230,DT,13.1520,6.35,2
audio17.TextGrid,34,2,matter,145.230,145.520,NN,7.0274,5.38,4
audio17.TextGrid,34,3,how,145.520,145.700,WRB,1.6757,6.24,2
audio17.TextGrid,34,4,great,145.700,145.970,JJ,6.8514,5.88,4
audio17.TextGrid,34,5,he,145.970,146.120,PRP,7.0582,6.69,2
audio17.TextGrid,34,6,is,146.120,146.440,VBZ,2.2070,7.07,2
audio17.TextGrid,34,7,now,147.140,147.440,RB,10.3246,6.18,2
audio17.TextGrid,34,8,everything,147.440,147.840,NN,14.8808,5.54,7
audio17.TextGrid,34,9,is,147.840,147.950,VBZ,2.3148,7.07,2
audio17.TextGrid,34,10,cleared,147.950,148.310,VBN,12.2702,4.2,5
audio17.TextGrid,34,11,away,148.310,148.580,RP,8.8610,5.62,3
audio17.TextGrid,34,12,that,148.580,148.770,IN,8.6430,7.01,3
audio17.TextGrid,34,13,might,148.770,149.010,MD,9.1080,5.66,3
audio17.TextGrid,34,14,make,149.010,149.250,VB,4.7562,6.08,3
audio17.TextGrid,34,15,trouble,149.250,149.570,NN,15.9054,4.79,6
audio17.TextGrid,35,1,and,149.980,150.080,CC,13.4350,7.41,2
audio17.TextGrid,35,2,i,150.080,150.170,NNS,8.4071,7.09,1
audio17.TextGrid,35,3,have,150.170,150.300,VBP,4.2335,6.71,3
audio17.TextGrid,35,4,a,150.300,150.350,DT,3.2247,7.36,1
audio17.TextGrid,35,5,big,150.350,150.600,JJ,5.8886,5.67,3
audio17.TextGrid,35,6,reserve,150.600,150.910,NN,18.0435,4.6,5
audio17.TextGrid,35,7,of,150.910,151.080,IN,2.8989,7.4,2
audio17.TextGrid,35,8,line,151.080,151.520,NN,13.8301,5.49,3
audio17.TextGrid,35,9,all,151.910,152.150,PDT,10.1037,6.52,2
audio17.TextGrid,35,10,that,152.150,152.280,IN,7.7729,7.01,3
audio17.TextGrid,35,11,a,152.280,152.330,DT,7.9567,7.36,1
audio17.TextGrid,35,12,man,152.330,152.580,NN,7.4532,5.82,3
audio17.TextGrid,35,13,can,152.580,152.760,MD,2.5218,6.46,3
audio17.TextGrid,35,14,ask,152.760,153.240,VB,10.8568,5.34,3
audio17.TextGrid,36,1,fish,154.750,155.220,NN,18.2432,4.9,3
audio17.TextGrid,36,2,he,155.530,155.630,PRP,11.9319,6.69,2
audio17.TextGrid,36,3,said,155.630,155.890,VBD,11.0298,6.01,3
audio17.TextGrid,36,4,softly,155.890,156.500,RB,17.3129,3.77,6
audio17.TextGrid,37,1,aloud,156.600,157.070,NN,23.2573,3.51,4
audio17.TextGrid,37,2,i,157.780,157.860,NN,8.9720,7.09,1
audio17.TextGrid,37,3,ll,157.860,157.940,VBP,15.0629,4.66,1
audio17.TextGrid,37,4,stay,157.940,158.270,NN,15.1258,5.33,3
audio17.TextGrid,37,5,with,158.270,158.540,IN,5.3471,6.85,3
audio17.TextGrid,37,6,you,158.540,158.720,PRP,3.0909,6.98,2
audio17.TextGrid,37,7,until,158.720,159.090,IN,9.8628,5.61,5
audio17.TextGrid,37,8,i,159.090,159.230,JJ,3.0800,7.09,1
audio17.TextGrid,37,9,am,159.230,159.350,VBP,4.4144,5.78,3
audio17.TextGrid,37,10,dead,159.350,159.900,JJ,5.3681,5.19,3
audio17.TextGrid,38,1,he,162.500,162.600,PRP,13.2074,6.69,2
audio17.TextGrid,38,2,ll,162.600,162.710,VBZ,16.9619,4.66,2
audio17.TextGrid,38,3,stay,162.710,162.970,NN,14.7062,5.33,3
audio17.TextGrid,38,4,with,162.970,163.200,IN,7.2348,6.85,3
audio17.TextGrid,38,5,me,163.200,163.450,PRP,2.2338,6.48,2
audio17.TextGrid,38,6,too,163.450,163.770,RB,11.9168,5.95,2
audio17.TextGrid,38,7,i,163.770,163.930,VBP,7.1867,7.09,1
audio17.TextGrid,38,8,suppose,163.930,164.560,VBP,13.8473,4.56,5
audio17.TextGrid,38,9,the,164.790,164.890,DT,5.9798,7.73,2
audio17.TextGrid,38,10,old,164.890,165.120,JJ,8.6085,5.75,3
audio17.TextGrid,38,11,man,165.120,165.370,NN,4.2033,5.82,3
audio17.TextGrid,38,12,thought,165.370,165.750,VBD,10.9555,5.59,3
audio17.TextGrid,39,1,and,166.680,166.760,CC,13.4350,7.41,2
audio17.TextGrid,39,2,he,166.760,166.880,PRP,9.2683,6.69,2
audio17.TextGrid,39,3,waited,166.880,167.230,VBD,13.3074,4.26,5
audio17.TextGrid,39,4,for,167.230,167.390,IN,2.3770,7.01,3
audio17.TextGrid,39,5,it,167.390,167.490,PRP,2.9198,6.95,2
audio17.TextGrid,39,6,to,167.490,167.560,TO,3.5932,7.43,2
audio17.TextGrid,39,7,be,167.560,167.720,VB,2.1789,6.79,2
audio17.TextGrid,39,8,light,167.720,168.150,JJ,11.6681,5.33,3
audio17.TextGrid,40,1,it,169.570,169.690,PRP,11.0007,6.95,2
audio17.TextGrid,40,2,was,169.690,169.870,VBD,3.5299,6.82,3
audio17.TextGrid,40,3,cold,169.870,170.270,VBN,12.4573,5.02,4
audio17.TextGrid,40,4,now,170.270,170.560,RB,11.8669,6.18,2
audio17.TextGrid,40,5,in,170.560,170.620,IN,7.4211,7.27,2
audio17.TextGrid,40,6,the,170.620,170.690,DT,2.1741,7.73,2
audio17.TextGrid,40,7,time,170.690,171.030,NN,9.6362,6.29,3
audio17.TextGrid,40,8,before,171.030,171.370,IN,6.7737,5.93,5
audio17.TextGrid,40,9,daylight,171.370,171.980,NN,18.0089,3.84,5
audio17.TextGrid,40,10,and,172.220,172.340,CC,5.0079,7.41,2
audio17.TextGrid,40,11,he,172.340,172.420,PRP,5.9474,6.69,2
audio17.TextGrid,40,12,pushed,172.420,172.740,VBD,13.5917,4.43,4
audio17.TextGrid,40,13,against,172.740,173.040,IN,9.3136,5.68,6
audio17.TextGrid,40,14,the,173.040,173.120,DT,0.9598,7.73,2
audio17.TextGrid,40,15,wood,173.120,173.400,NN,7.4383,4.78,3
audio17.TextGrid,40,16,to,173.400,173.460,TO,9.9727,7.43,2
audio17.TextGrid,40,17,be,173.460,173.600,VB,6.7919,6.79,2
audio17.TextGrid,40,18,warm,173.600,174.120,JJ,13.6383,4.71,4
audio17.TextGrid,41,1,i,174.910,175.020,NN,5.7704,7.09,1
audio17.TextGrid,41,2,can,175.020,175.200,MD,13.1783,6.46,3
audio17.TextGrid,41,3,do,175.200,175.400,VB,6.1112,6.35,2
audio17.TextGrid,41,4,it,175.400,175.500,PRP,1.1927,6.95,2
audio17.TextGrid,41,5,as,175.500,175.610,RB,9.0068,6.77,2
audio17.TextGrid,41,6,long,175.610,175.830,RB,4.3496,5.81,3
audio17.TextGrid,41,7,as,175.830,175.960,IN,0.0939,6.77,2
audio17.TextGrid,41,8,he,175.960,176.080,PRP,6.4502,6.69,2
audio17.TextGrid,41,9,can,176.080,176.530,MD,4.0349,6.46,3
audio17.TextGrid,41,10,he,176.680,176.820,PRP,10.1962,6.69,2
audio17.TextGrid,41,11,thought,176.820,177.240,VB,15.0983,5.59,3
audio17.TextGrid,42,1,and,177.980,178.100,CC,13.4350,7.41,2
audio17.TextGrid,42,2,in,178.100,178.180,IN,8.8504,7.27,2
audio17.TextGrid,42,3,the,178.180,178.260,DT,2.4075,7.73,2
audio17.TextGrid,42,4,first,178.260,178.640,JJ,7.0190,6.11,4
audio17.TextGrid,42,5,light,178.640,178.830,VBD,10.6978,5.33,3
audio17.TextGrid,42,6,the,178.830,178.970,DT,6.4522,7.73,2
audio17.TextGrid,42,7,line,178.970,179.230,NN,11.2686,5.49,3
audio17.TextGrid,42,8,extended,179.230,179.710,VBN,14.3405,4.64,9
audio17.TextGrid,42,9,out,179.710,179.970,IN,6.6213,6.38,2
audio17.TextGrid,42,10,and,179.970,180.080,CC,5.3797,7.41,2
audio17.TextGrid,42,11,down,180.080,180.410,RB,6.4553,5.88,3
audio17.TextGrid,42,12,into,180.410,180.560,IN,5.6120,6.11,4
audio17.TextGrid,42,13,the,180.560,180.630,DT,0.7718,7.73,2
audio17.TextGrid,42,14,water,180.630,181.070,NN,9.6836,5.52,4
audio17.TextGrid,43,1,the,181.830,181.910,DT,11.8924,7.73,2
audio17.TextGrid,43,2,boat,181.910,182.230,NN,13.4023,4.71,3
audio17.TextGrid,43,3,moved,182.230,182.530,VBD,15.8962,5.01,4
audio17.TextGrid,43,4,steadily,182.530,183.100,RB,23.4709,3.84,7
audio17.TextGrid,43,5,and,183.290,183.420,CC,6.5672,7.41,2
audio17.TextGrid,43,6,when,183.420,183.590,WRB,9.3477,6.37,3
audio17.TextGrid,43,7,the,183.590,183.660,DT,2.3752,7.73,2
audio17.TextGrid,43,8,first,183.660,184.010,JJ,7.3554,6.11,4
audio17.TextGrid,43,9,edge,184.010,184.230,NN,14.2880,4.74,2
audio17.TextGrid,43,10,of,184.230,184.300,IN,2.0275,7.4,2
audio17.TextGrid,43,11,the,184.300,184.390,DT,1.3017,7.73,2
audio17.TextGrid,43,12,sun,184.390,184.690,NN,7.8820,4.97,3
audio17.TextGrid,43,13,rose,184.690,185.080,VBD,15.0499,4.82,3
audio17.TextGrid,43,14,it,185.080,185.210,PRP,6.3385,6.95,2
audio17.TextGrid,43,15,was,185.210,185.340,VBD,2.5069,6.82,3
audio17.TextGrid,43,16,on,185.340,185.480,IN,5.5539,6.91,2
audio17.TextGrid,43,17,the,185.480,185.590,DT,2.2093,7.73,2
audio17.TextGrid,43,18,old,185.590,185.780,JJ,11.8453,5.75,3
audio17.TextGrid,43,19,man,185.780,185.970,NN,6.2557,5.82,3
audio17.TextGrid,43,20,s,185.970,186.030,NN,8.1732,5.86,1
audio17.TextGrid,43,21,right,186.030,186.310,JJ,17.1364,5.96,3
audio17.TextGrid,43,22,shoulder,186.310,186.820,NN,13.4952,4.5,5
audio18.TextGrid,1,1,he,0.710,0.820,PRP,13.2074,6.69,2
audio18.TextGrid,1,2,s,0.820,0.890,VBZ,11.6978,5.86,1
audio18.TextGrid,1,3,headed,0.890,1.160,VBD,20.8703,4.55,5
audio18.TextGrid,1,4,north,1.160,1.590,RB,10.7791,5.34,4
audio18.TextGrid,1,5,the,1.880,2.000,DT,7.4871,7.73,2
audio18.TextGrid,1,6,old,2.000,2.190,JJ,8.7039,5.75,3
audio18.TextGrid,1,7,man,2.190,2.430,NN,6.3927,5.82,3
audio18.TextGrid,1,8,said,2.430,2.780,VBD,10.4850,6.01,3
audio18.TextGrid,2,1,the,3.770,3.870,DT,11.8924,7.73,2
audio18.TextGrid,2,2,current,3.870,4.340,JJ,11.6789,5.27,6
audio18.TextGrid,2,3,will,4.340,4.450,MD,12.7095,6.45,3
audio18.TextGrid,2,4,have,4.450,4.570,VB,7.0050,6.71,3
audio18.TextGrid,2,5,set,4.570,4.780,VBN,11.7822,5.59,3
audio18.TextGrid,2,6,us,4.780,4.940,PRP,8.9834,6.04,2
audio18.TextGrid,2,7,far,4.940,5.120,RB,10.7892,5.5,3
audio18.TextGrid,2,8,to,5.120,5.230,TO,7.2077,7.43,2
audio18.TextGrid,2,9,the,5.230,5.380,DT,1.8739,7.73,2
audio18.TextGrid,2,10,eastward,5.380,5.890,NN,17.6842,3.24,6
audio18.TextGrid,2,11,he,5.890,6.010,PRP,10.7526,6.69,2
audio18.TextGrid,2,12,thought,6.010,6.390,VBD,17.5758,5.59,3
audio18.TextGrid,3,1,i,7.230,7.300,JJ,5.7704,7.09,1
audio18.TextGrid,3,2,wish,7.300,7.550,NN,15.6467,5.18,3
audio18.TextGrid,3,3,he,7.550,7.610,PRP,8.3583,6.69,2
audio18.TextGrid,3,4,would,7.610,7.800,MD,4.2980,6.27,3
audio18.TextGrid,3,5,turn,7.800,8.080,VB,10.5126,5.32,3
audio18.TextGrid,3,6,with,8.080,8.270,IN,8.3451,6.85,3
audio18.TextGrid,3,7,the,8.270,8.340,DT,3.9013,7.73,2
audio18.TextGrid,3,8,current,8.340,8.890,JJ,11.4446,5.27,5
audio18.TextGrid,3,9,that,9.140,9.330,WDT,11.0051,7.01,3
audio18.TextGrid,3,10,would,9.330,9.510,MD,7.4201,6.27,3
audio18.TextGrid,3,11,show,9.510,9.810,VB,7.5138,5.68,2
audio18.TextGrid,3,12,that,9.810,9.960,IN,4.1468,7.01,3
audio18.TextGrid,3,13,he,9.960,10.040,PRP,2.3817,6.69,2
audio18.TextGrid,3,14,was,10.040,10.230,VBD,2.7574,6.82,3
audio18.TextGrid,3,15,tiring,10.230,10.810,VBG,17.6719,3.37,5
audio18.TextGrid,4,1,when,12.780,12.910,WRB,14.5784,6.37,3
audio18.TextGrid,4,2,the,12.910,12.980,DT,6.8679,7.73,2
audio18.TextGrid,4,3,sun,12.980,13.270,NN,8.2908,4.97,3
audio18.TextGrid,4,4,had,13.270,13.440,VBD,8.9442,6.33,3
audio18.TextGrid,4,5,risen,13.440,13.720,VBN,11.6113,3.86,5
audio18.TextGrid,4,6,further,13.720,14.280,RB,14.3503,5.31,4
audio18.TextGrid,4,7,the,14.500,14.610,DT,6.0972,7.73,2
audio18.TextGrid,4,8,old,14.610,14.840,JJ,10.0364,5.75,3
audio18.TextGrid,4,9,man,14.840,15.080,NN,4.8882,5.82,3
audio18.TextGrid,4,10,realized,15.080,15.590,VBD,16.8601,4.59,7
audio18.TextGrid,4,11,that,15.590,15.700,IN,3.3540,7.01,3
audio18.TextGrid,4,12,the,15.700,15.800,DT,3.0390,7.73,2
audio18.TextGrid,4,13,fish,15.800,16.080,NN,13.5227,4.9,3
audio18.TextGrid,4,14,was,16.080,16.240,VBD,5.4716,6.82,3
audio18.TextGrid,4,15,not,16.240,16.430,RB,3.6902,6.69,3
audio18.TextGrid,4,16,tiring,16.460,17.000,VBG,18.8952,3.37,5
audio18.TextGrid,5,1,there,17.640,17.760,EX,14.3662,6.31,3
audio18.TextGrid,5,2,was,17.760,17.880,VBD,4.4608,6.82,3
audio18.TextGrid,5,3,only,17.880,18.110,RB,9.7192,6.12,4
audio18.TextGrid,5,4,one,18.110,18.400,CD,0.4403,6.47,3
audio18.TextGrid,5,5,favorable,18.400,18.990,JJ,17.2040,3.85,8
audio18.TextGrid,5,6,sign,18.990,19.490,NN,12.4714,5.08,3
audio18.TextGrid,6,1,the,19.960,20.050,DT,11.8924,7.73,2
audio18.TextGrid,6,2,slant,20.050,20.430,NN,18.2594,3.18,5
audio18.TextGrid,6,3,of,20.430,20.500,IN,4.5817,7.4,2
audio18.TextGrid,6,4,the,20.500,20.600,DT,2.6574,7.73,2
audio18.TextGrid,6,5,line,20.600,20.990,NN,10.0582,5.49,3
audio18.TextGrid,6,6,showed,20.990,21.280,VBD,18.6438,4.86,3
audio18.TextGrid,6,7,he,21.280,21.360,PRP,8.7270,6.69,2
audio18.TextGrid,6,8,was,21.360,21.510,VBD,4.3214,6.82,3
audio18.TextGrid,6,9,swimming,21.510,21.900,VBG,17.2461,4.43,6
audio18.TextGrid,6,10,at,21.900,22.000,IN,6.2640,6.7,2
audio18.TextGrid,6,11,a,22.000,22.060,DT,3.6232,7.36,1
audio18.TextGrid,6,12,lesser,22.060,22.350,JJR,18.5980,4.13,4
audio18.TextGrid,6,13,depth,22.350,22.730,NN,9.7715,4.55,4
audio18.TextGrid,7,1,that,23.730,23.850,DT,16.1379,7.01,3
audio18.TextGrid,7,2,did,23.850,24.040,VBD,10.1545,5.96,3
audio18.TextGrid,7,3,not,24.040,24.260,RB,3.3696,6.69,3
audio18.TextGrid,7,4,necessarily,24.260,24.850,RB,14.9261,4.48,10
audio18.TextGrid,7,5,mean,24.850,25.070,VB,5.0708,5.53,3
audio18.TextGrid,7,6,that,25.070,25.190,IN,2.4768,7.01,3
audio18.TextGrid,7,7,he,25.190,25.250,PRP,5.3548,6.69,2
audio18.TextGrid,7,8,would,25.250,25.440,MD,4.1700,6.27,3
audio18.TextGrid,7,9,jump,25.440,25.780,VB,12.9458,4.69,4
audio18.TextGrid,8,1,but,26.360,26.490,CC,16.1685,6.63,3
audio18.TextGrid,8,2,he,26.490,26.590,PRP,7.1638,6.69,2
audio18.TextGrid,8,3,might,26.590,26.970,MD,9.5971,5.66,3
audio18.TextGrid,8,4,god,28.600,28.910,VB,13.7278,5.57,3
audio18.TextGrid,8,5,let,28.910,29.070,VB,9.5766,5.6,3
audio18.TextGrid,8,6,him,29.070,29.180,PRP,0.9491,6.11,2
audio18.TextGrid,8,7,jump,29.180,29.630,VB,12.8401,4.69,4
audio18.TextGrid,8,8,the,29.930,30.040,DT,5.3411,7.73,2
audio18.TextGrid,8,9,old,30.040,30.250,JJ,9.6626,5.75,3
audio18.TextGrid,8,10,man,30.250,30.470,NN,3.9725,5.82,3
audio18.TextGrid,8,11,said,30.470,30.860,VBD,13.6050,6.01,3
audio18.TextGrid,9,1,i,31.470,31.610,NNS,5.7704,7.09,1
audio18.TextGrid,9,2,have,31.610,31.770,VBP,11.5572,6.71,3
audio18.TextGrid,9,3,enough,31.770,32.000,JJ,9.5299,5.54,4
audio18.TextGrid,9,4,line,32.000,32.300,NN,15.8590,5.49,3
audio18.TextGrid,9,5,to,32.300,32.440,TO,6.0870,7.43,2
audio18.TextGrid,9,6,handle,32.440,32.780,VB,10.6297,4.79,6
audio18.TextGrid,9,7,him,32.780,33.010,PRP,9.0990,6.11,2
audio18.TextGrid,10,1,maybe,35.210,35.510,RB,19.7770,5.45,4
audio18.TextGrid,10,2,if,35.510,35.630,IN,11.2733,6.47,2
audio18.TextGrid,10,3,i,35.630,35.740,NNS,4.3583,7.09,1
audio18.TextGrid,10,4,can,35.740,35.910,MD,4.6994,6.46,3
audio18.TextGrid,10,5,increase,35.910,36.390,VB,12.8980,5.08,6
audio18.TextGrid,10,6,the,36.390,36.510,DT,1.6288,7.73,2
audio18.TextGrid,10,7,tension,36.510,37.040,NN,13.1223,4.22,6
audio18.TextGrid,10,8,just,37.040,37.340,RB,10.7258,6.43,4
audio18.TextGrid,10,9,a,37.340,37.410,DT,4.3703,7.36,1
audio18.TextGrid,10,10,little,37.410,37.800,JJ,7.1543,5.75,5
audio18.TextGrid,10,11,it,37.800,37.940,PRP,8.7016,6.95,2
audio18.TextGrid,10,12,will,37.940,38.110,MD,2.1600,6.45,3
audio18.TextGrid,10,13,hurt,38.110,38.350,VB,9.0658,4.94,3
audio18.TextGrid,10,14,him,38.350,38.480,PRP,8.6346,6.11,2
audio18.TextGrid,10,15,and,38.480,38.620,CC,5.5965,7.41,3
audio18.TextGrid,10,16,he,38.620,38.690,PRP,4.3814,6.69,2
audio18.TextGrid,10,17,will,38.690,38.880,MD,0.8275,6.45,3
audio18.TextGrid,10,18,jump,38.880,39.270,VB,11.5113,4.69,4
audio18.TextGrid,10,19,he,39.490,39.620,PRP,9.0207,6.69,2
audio18.TextGrid,10,20,thought,39.620,40.030,VBD,12.9701,5.59,3
audio18.TextGrid,11,1,now,40.910,41.120,RB,13.6820,6.18,2
audio18.TextGrid,11,2,that,41.120,41.280,IN,3.6748,7.01,3
audio18.TextGrid,11,3,it,41.280,41.380,PRP,4.9738,6.95,2
audio18.TextGrid,11,4,is,41.380,41.510,VBZ,1.9260,7.07,2
audio18.TextGrid,11,5,daylight,41.510,42.080,JJ,17.1184,3.84,5
audio18.TextGrid,11,6,let,42.080,42.230,NN,13.4880,5.6,3
audio18.TextGrid,11,7,him,42.230,42.380,PRP,8.5361,6.11,3
audio18.TextGrid,11,8,jump,42.380,42.740,VB,10.4523,4.69,4
audio18.TextGrid,11,9,so,42.740,42.870,RB,7.9107,6.52,2
audio18.TextGrid,11,10,that,42.870,43.010,IN,3.4146,7.01,3
audio18.TextGrid,11,11,he,43.010,43.070,PRP,1.7210,6.69,2
audio18.TextGrid,11,12,ll,43.070,43.160,VBZ,17.2651,4.66,2
audio18.TextGrid,11,13,fill,43.160,43.460,VB,18.1958,4.64,3
audio18.TextGrid,11,14,the,43.460,43.550,DT,2.5217,7.73,2
audio18.TextGrid,11,15,sacks,43.550,43.920,NNS,15.8498,3.59,4
audio18.TextGrid,11,16,along,43.920,44.210,IN,10.4804,5.38,4
audio18.TextGrid,11,17,his,44.210,44.370,PRP$,3.5385,6.51,3
audio18.TextGrid,11,18,backbone,44.370,44.860,NN,14.6974,3.53,6
audio18.TextGrid,11,19,with,44.860,45.030,IN,5.5821,6.85,3
audio18.TextGrid,11,20,air,45.030,45.330,NN,11.5598,5.37,2
audio18.TextGrid,12,1,and,45.870,45.960,CC,13.4350,7.41,2
audio18.TextGrid,12,2,then,45.960,46.150,RB,7.3825,6.07,3
audio18.TextGrid,12,3,he,46.150,46.290,PRP,5.7029,6.69,2
audio18.TextGrid,12,4,cannot,46.290,46.670,VBZ,15.6181,5.11,5
audio18.TextGrid,12,5,go,46.670,46.870,VB,7.2104,6.03,2
audio18.TextGrid,12,6,deep,46.870,47.180,JJ,12.2371,5.05,3
audio18.TextGrid,12,7,to,47.230,47.330,TO,5.1072,7.43,2
audio18.TextGrid,12,8,die,47.330,47.640,VB,10.8564,5.07,2
audio18.TextGrid,13,1,he,47.640,47.830,PRP,13.2074,6.69,2
audio18.TextGrid,13,2,tried,49.510,50.000,VBD,13.2852,5.16,4
audio18.TextGrid,13,3,to,50.000,50.070,TO,1.8560,7.43,2
audio18.TextGrid,13,4,increase,50.070,50.560,VB,11.1285,5.08,6
audio18.TextGrid,13,5,the,50.560,50.630,DT,1.7285,7.73,2
audio18.TextGrid,13,6,tension,50.630,51.210,NN,13.2140,4.22,6
audio18.TextGrid,13,7,but,51.210,51.420,CC,8.2507,6.63,3
audio18.TextGrid,13,8,the,51.420,51.520,DT,4.5344,7.73,2
audio18.TextGrid,13,9,line,51.520,51.840,NN,10.3684,5.49,3
audio18.TextGrid,13,10,had,51.840,51.980,VBD,11.1539,6.33,3
audio18.TextGrid,13,11,been,51.980,52.170,VBN,4.0477,6.27,3
audio18.TextGrid,13,12,taut,52.170,52.570,VBN,19.8612,2.91,3
audio18.TextGrid,13,13,up,52.570,52.670,RP,15.3072,6.39,2
audio18.TextGrid,13,14,to,52.670,52.750,TO,3.9405,7.43,2
audio18.TextGrid,13,15,the,52.750,52.860,DT,3.6794,7.73,2
audio18.TextGrid,13,16,very,52.860,53.220,RB,7.1186,6.0,4
audio18.TextGrid,13,17,edge,53.220,53.370,NN,11.1357,4.74,2
audio18.TextGrid,13,18,of,53.370,53.450,IN,1.1716,7.4,2
audio18.TextGrid,13,19,the,53.450,53.520,DT,1.3316,7.73,2
audio18.TextGrid,13,20,breaking,53.520,53.950,NN,14.7201,4.74,6
audio18.TextGrid,13,21,point,53.950,54.340,NN,4.7352,5.54,4
audio18.TextGrid,13,22,since,54.340,54.560,IN,15.3292,5.75,4
audio18.TextGrid,13,23,he,54.560,54.630,PRP,4.7087,6.69,2
audio18.TextGrid,13,24,had,54.630,54.760,VBD,4.8840,6.33,3
audio18.TextGrid,13,25,hooked,54.760,54.940,VBN,13.9741,3.92,4
audio18.TextGrid,13,26,the,54.940,55.040,DT,3.8123,7.73,2
audio18.TextGrid,13,27,fish,55.040,55.480,NN,14.3141,4.9,3
audio18.TextGrid,13,28,and,55.870,55.970,CC,4.0144,7.41,2
audio18.TextGrid,13,29,he,55.970,56.070,PRP,3.4100,6.69,2
audio18.TextGrid,13,30,felt,56.070,56.290,VBD,8.6787,5.13,4
audio18.TextGrid,13,31,the,56.290,56.410,DT,4.2829,7.73,2
audio18.TextGrid,13,32,harshness,56.410,57.010,NN,26.6462,2.65,7
audio18.TextGrid,13,33,as,57.010,57.110,IN,6.8411,6.77,2
audio18.TextGrid,13,34,he,57.110,57.230,PRP,2.2189,6.69,2
audio18.TextGrid,13,35,leaned,57.230,57.550,VBD,13.4595,3.41,4
audio18.TextGrid,13,36,back,57.550,57.800,RB,7.2887,6.04,3
audio18.TextGrid,13,37,to,57.800,57.940,TO,0.8431,7.43,2
audio18.TextGrid,13,38,pull,57.940,58.460,VB,14.6040,4.82,3
audio18.TextGrid,13,39,and,58.460,58.630,CC,6.6147,7.41,3
audio18.TextGrid,13,40,knew,58.700,58.850,VB,9.0456,5.2,3
audio18.TextGrid,13,41,he,58.850,58.910,PRP,2.6973,6.69,2
audio18.TextGrid,13,42,could,58.910,59.280,MD,6.6119,6.06,3
audio18.TextGrid,13,43,put,59.280,59.560,VB,10.4372,5.66,3
audio18.TextGrid,13,44,no,59.560,59.750,DT,10.7953,6.35,2
audio18.TextGrid,13,45,more,59.750,59.970,JJR,4.6205,6.36,3
audio18.TextGrid,13,46,strain,59.970,60.420,NN,14.3720,4.15,5
audio18.TextGrid,13,47,on,60.420,60.590,IN,4.3949,6.91,2
audio18.TextGrid,13,48,it,60.590,60.790,PRP,3.5449,6.95,2
audio18.TextGrid,14,1,i,62.200,62.270,NN,5.7704,7.09,1
audio18.TextGrid,14,2,must,62.270,62.510,MD,15.4189,5.68,4
audio18.TextGrid,14,3,not,62.510,62.760,RB,5.8295,6.69,3
audio18.TextGrid,14,4,jerk,62.760,63.110,VB,15.8157,4.0,3
audio18.TextGrid,14,5,it,63.110,63.310,PRP,5.8843,6.95,2
audio18.TextGrid,14,6,ever,63.310,63.670,RB,10.0949,5.66,3
audio18.TextGrid,14,7,he,63.860,63.960,PRP,10.3566,6.69,2
audio18.TextGrid,14,8,thought,63.960,64.350,VBD,23.3915,5.59,3
audio18.TextGrid,15,1,each,65.030,65.370,DT,18.9023,5.69,2
audio18.TextGrid,15,2,jerk,65.370,65.740,NN,16.6539,4.0,3
audio18.TextGrid,15,3,widens,65.740,66.350,VBZ,21.2841,2.84,6
audio18.TextGrid,15,4,the,66.350,66.450,DT,7.0878,7.73,2
audio18.TextGrid,15,5,cut,66.450,66.710,NN,10.7149,5.24,3
audio18.TextGrid,15,6,the,66.710,66.830,DT,8.2977,7.73,2
audio18.TextGrid,15,7,hook,66.830,67.020,NN,10.3496,4.37,3
audio18.TextGrid,15,8,makes,67.020,67.550,VBZ,14.8530,5.46,4
audio18.TextGrid,15,9,and,67.550,67.760,CC,8.2574,7.41,2
audio18.TextGrid,15,10,then,67.760,67.950,RB,4.4749,6.07,3
audio18.TextGrid,15,11,when,67.950,68.120,WRB,8.9443,6.37,3
audio18.TextGrid,15,12,he,68.120,68.230,PRP,3.3498,6.69,2
audio18.TextGrid,15,13,does,68.230,68.590,VBZ,5.0043,5.74,3
audio18.TextGrid,15,14,jump,68.590,68.950,VB,15.1855,4.69,4
audio18.TextGrid,15,15,he,68.950,69.040,PRP,5.7233,6.69,2
audio18.TextGrid,15,16,might,69.040,69.320,MD,8.2114,5.66,3
audio18.TextGrid,15,17,throw,69.320,69.570,VB,9.7913,4.83,3
audio18.TextGrid,15,18,it,69.570,69.740,PRP,2.1779,6.95,2
audio18.TextGrid,16,1,anyway,71.050,71.410,RB,20.4069,4.91,5
audio18.TextGrid,16,2,i,71.410,71.540,JJ,6.2709,7.09,1
audio18.TextGrid,16,3,feel,71.540,71.780,VBP,9.2894,5.67,3
audio18.TextGrid,16,4,better,71.780,72.040,RB,6.2014,5.76,4
audio18.TextGrid,16,5,with,72.040,72.230,IN,4.9068,6.85,3
audio18.TextGrid,16,6,the,72.230,72.320,DT,3.2802,7.73,2
audio18.TextGrid,16,7,sun,72.320,72.720,NN,10.9348,4.97,3
audio18.TextGrid,16,8,and,73.070,73.180,CC,5.3850,7.41,2
audio18.TextGrid,16,9,for,73.180,73.300,IN,7.8233,7.01,2
audio18.TextGrid,16,10,once,73.300,73.740,RB,11.0049,5.53,4
audio18.TextGrid,16,11,i,73.740,73.830,JJ,2.8285,7.09,1
audio18.TextGrid,16,12,do,73.830,73.990,VBP,7.4994,6.35,2
audio18.TextGrid,16,13,not,73.990,74.190,RB,2.9743,6.69,3
audio18.TextGrid,16,14,have,74.190,74.330,VB,3.0379,6.71,3
audio18.TextGrid,16,15,to,74.330,74.450,TO,2.2085,7.43,2
audio18.TextGrid,16,16,look,74.450,74.640,VB,6.6872,5.81,3
audio18.TextGrid,16,17,into,74.640,74.950,IN,5.9910,6.11,4
audio18.TextGrid,16,18,it,74.950,75.140,PRP,4.0787,6.95,2
audio18.TextGrid,17,1,there,77.450,77.590,EX,14.3662,6.31,3
audio18.TextGrid,17,2,was,77.590,77.770,VBD,4.4608,6.82,3
audio18.TextGrid,17,3,yellow,77.770,78.050,JJ,17.3871,4.69,4
audio18.TextGrid,17,4,weed,78.050,78.460,NN,15.9636,4.27,3
audio18.TextGrid,17,5,on,78.460,78.600,IN,5.6199,6.91,2
audio18.TextGrid,17,6,the,78.600,78.680,DT,1.7040,7.73,2
audio18.TextGrid,17,7,line,78.680,79.120,NN,8.7911,5.49,3
audio18.TextGrid,17,8,but,79.120,79.250,CC,10.8109,6.63,3
audio18.TextGrid,17,9,the,79.250,79.380,DT,4.3024,7.73,2
audio18.TextGrid,17,10,old,79.380,79.580,JJ,9.7893,5.75,3
audio18.TextGrid,17,11,man,79.580,79.830,NN,2.9827,5.82,3
audio18.TextGrid,17,12,knew,79.830,80.180,VBD,8.3539,5.2,3
audio18.TextGrid,17,13,that,80.180,80.400,IN,4.3388,7.01,3
audio18.TextGrid,17,14,only,80.400,80.660,RB,10.7790,6.12,4
audio18.TextGrid,17,15,made,80.660,80.910,VBD,12.5346,5.92,3
audio18.TextGrid,17,16,an,80.910,81.080,DT,6.3504,6.53,2
audio18.TextGrid,17,17,added,81.080,81.390,JJ,14.3482,5.16,4
audio18.TextGrid,17,18,drag,81.390,81.970,NN,12.7033,4.29,4
audio18.TextGrid,17,19,and,81.970,82.110,CC,7.5583,7.41,3
audio18.TextGrid,17,20,he,82.110,82.200,PRP,6.4284,6.69,2
audio18.TextGrid,17,21,was,82.200,82.380,VBD,2.7549,6.82,3
audio18.TextGrid,17,22,pleased,82.380,83.060,JJ,14.8472,4.44,5
audio18.TextGrid,18,1,it,83.560,83.700,PRP,11.0007,6.95,2
audio18.TextGrid,18,2,was,83.700,83.900,VBD,3.5299,6.82,3
audio18.TextGrid,18,3,the,83.900,83.960,DT,5.1326,7.73,2
audio18.TextGrid,18,4,yellow,83.960,84.310,JJ,12.5618,4.69,4
audio18.TextGrid,18,5,gulf,84.310,84.710,NN,15.9012,4.28,4
audio18.TextGrid,18,6,weed,84.710,85.040,VBD,16.9908,4.27,3
audio18.TextGrid,18,7,that,85.040,85.310,IN,4.2201,7.01,3
audio18.TextGrid,18,8,had,85.310,85.480,VBD,5.9567,6.33,3
audio18.TextGrid,18,9,made,85.480,85.770,VBN,7.2810,5.92,3
audio18.TextGrid,18,10,so,85.770,85.930,RB,8.6498,6.52,2
audio18.TextGrid,18,11,much,85.930,86.150,JJ,3.9029,6.0,3
audio18.TextGrid,18,12,phosphorescence,86.150,86.970,NN,46.4277,1.88,10
audio18.TextGrid,18,13,in,86.970,87.060,IN,3.8386,7.27,2
audio18.TextGrid,18,14,the,87.060,87.150,DT,1.5530,7.73,2
audio18.TextGrid,18,15,night,87.150,87.530,NN,5.6910,5.61,3
audio18.TextGrid,19,1,fish,89.430,89.870,NN,18.2432,4.9,3
audio18.TextGrid,19,2,he,90.080,90.200,PRP,11.9319,6.69,2
audio18.TextGrid,19,3,said,90.200,90.820,VBD,11.0298,6.01,3
audio18.TextGrid,19,4,i,90.820,90.960,JJ,7.6886,7.09,1
audio18.TextGrid,19,5,love,90.960,91.270,VBP,6.3758,5.82,3
audio18.TextGrid,19,6,you,91.270,91.440,PRP,3.6192,6.98,2
audio18.TextGrid,19,7,and,91.440,91.610,CC,4.7811,7.41,3
audio18.TextGrid,19,8,respect,91.610,92.100,VB,13.6140,5.03,7
audio18.TextGrid,19,9,you,92.100,92.260,PRP,1.3665,6.98,2
audio18.TextGrid,19,10,very,92.260,92.570,RB,7.8325,6.0,4
audio18.TextGrid,19,11,much,92.570,93.050,RB,0.1356,6.0,3
audio18.TextGrid,19,12,but,93.440,93.640,CC,6.3005,6.63,3
audio18.TextGrid,19,13,i,93.640,93.790,RB,2.5414,7.09,1
audio18.TextGrid,19,14,will,93.790,93.980,MD,5.1957,6.45,3
audio18.TextGrid,19,15,kill,93.980,94.260,VB,6.6661,5.09,3
audio18.TextGrid,19,16,you,94.260,94.420,PRP,0.4560,6.98,2
audio18.TextGrid,19,17,dead,94.420,94.710,JJ,11.0484,5.19,3
audio18.TextGrid,19,18,before,94.770,95.120,IN,7.9236,5.93,5
audio18.TextGrid,19,19,this,95.120,95.330,DT,7.6744,6.82,3
audio18.TextGrid,19,20,day,95.330,95.590,NN,7.1263,5.95,2
audio18.TextGrid,19,21,ends,95.590,96.010,VBZ,11.3588,4.75,4
audio18.TextGrid,20,1,let,97.860,98.020,VB,16.5579,5.6,3
audio18.TextGrid,20,2,us,98.020,98.170,PRP,6.3293,6.04,2
audio18.TextGrid,20,3,hope,98.170,98.390,VB,10.9224,5.44,3
audio18.TextGrid,20,4,so,98.390,98.700,IN,8.9858,6.52,2
audio18.TextGrid,20,5,he,98.940,99.070,PRP,6.8615,6.69,2
audio18.TextGrid,20,6,thought,99.070,99.520,VBD,14.6819,5.59,3
audio18.TextGrid,21,1,a,101.300,101.380,DT,5.6876,7.36,1
audio18.TextGrid,21,2,small,101.380,101.690,JJ,15.5006,5.51,4
audio18.TextGrid,21,3,bird,101.690,102.100,NN,11.0723,4.63,3
audio18.TextGrid,21,4,came,102.100,102.290,VBD,14.6350,5.5,3
audio18.TextGrid,21,5,toward,102.290,102.560,IN,13.3023,4.72,4
audio18.TextGrid,21,6,the,102.560,102.650,DT,1.8869,7.73,2
audio18.TextGrid,21,7,skiff,102.650,102.970,NN,20.4099,2.63,4
audio18.TextGrid,21,8,from,102.970,103.220,IN,8.4106,6.63,4
audio18.TextGrid,21,9,the,103.220,103.280,DT,1.5302,7.73,2
audio18.TextGrid,21,10,north,103.280,103.640,NN,8.8935,5.34,4
audio18.TextGrid,22,1,he,104.100,104.200,PRP,13.2074,6.69,2
audio18.TextGrid,22,2,was,104.200,104.350,VBD,4.9565,6.82,3
audio18.TextGrid,22,3,a,104.350,104.380,DT,4.8194,7.36,1
audio18.TextGrid,22,4,warbler,104.380,105.020,NN,19.2870,2.77,6
audio18.TextGrid,22,5,and,105.020,105.110,CC,5.2515,7.41,2
audio18.TextGrid,22,6,flying,105.110,105.500,VBG,15.9138,4.71,5
audio18.TextGrid,22,7,very,105.500,105.810,RB,12.1242,6.0,4
audio18.TextGrid,22,8,low,105.810,106.150,JJ,6.7124,5.33,2
audio18.TextGrid,22,9,over,106.150,106.340,IN,7.3487,6.08,3
audio18.TextGrid,22,10,the,106.340,106.420,DT,0.9683,7.73,2
audio18.TextGrid,22,11,water,106.420,106.920,NN,8.4151,5.52,4
audio18.TextGrid,23,1,the,107.530,107.630,DT,11.8924,7.73,2
audio18.TextGrid,23,2,old,107.630,107.880,JJ,9.2031,5.75,3
audio18.TextGrid,23,3,man,107.880,108.030,NN,4.4194,5.82,3
audio18.TextGrid,23,4,could,108.030,108.220,MD,10.5237,6.06,3
audio18.TextGrid,23,5,see,108.220,108.490,VB,7.1665,6.1,2
audio18.TextGrid,23,6,that,108.490,108.620,IN,4.5041,7.01,3
audio18.TextGrid,23,7,he,108.620,108.690,PRP,4.2042,6.69,2
audio18.TextGrid,23,8,was,108.690,108.880,VBD,1.4878,6.82,3
audio18.TextGrid,23,9,very,108.880,109.070,RB,8.0685,6.0,4
audio18.TextGrid,23,10,tired,109.070,109.630,JJ,7.2362,4.71,4
audio18.TextGrid,24,1,the,111.050,111.120,DT,11.8924,7.73,2
audio18.TextGrid,24,2,bird,111.120,111.390,NN,13.1626,4.63,3
audio18.TextGrid,24,3,made,111.390,111.590,VBD,14.0039,5.92,3
audio18.TextGrid,24,4,the,111.590,111.660,DT,4.8852,7.73,2
audio18.TextGrid,24,5,stern,111.660,112.020,NN,16.9331,3.9,4
audio18.TextGrid,24,6,of,112.020,112.090,IN,5.7628,7.4,2
audio18.TextGrid,24,7,the,112.090,112.190,DT,1.6226,7.73,2
audio18.TextGrid,24,8,boat,112.190,112.550,NN,13.8363,4.71,3
audio18.TextGrid,24,9,and,112.550,112.700,CC,5.4423,7.41,3
audio18.TextGrid,24,10,rested,112.700,113.120,VBD,16.9021,3.59,6
audio18.TextGrid,24,11,there,113.120,113.370,EX,5.4166,6.31,3
audio18.TextGrid,25,1,then,113.810,114.010,RB,17.9329,6.07,3
audio18.TextGrid,25,2,he,114.010,114.180,PRP,9.1670,6.69,2
audio18.TextGrid,25,3,flew,114.180,114.550,VBD,16.4339,4.16,3
audio18.TextGrid,25,4,around,114.550,114.690,IN,8.9541,5.77,4
audio18.TextGrid,25,5,the,114.690,114.770,DT,1.6077,7.73,2
audio18.TextGrid,25,6,old,114.770,114.950,JJ,9.3606,5.75,3
audio18.TextGrid,25,7,man,114.950,115.170,NN,4.7867,5.82,3
audio18.TextGrid,25,8,s,115.170,115.230,VBZ,7.9549,5.86,1
audio18.TextGrid,25,9,head,115.230,115.490,NN,19.0339,5.51,3
audio18.TextGrid,25,10,and,115.490,115.640,CC,4.5257,7.41,3
audio18.TextGrid,25,11,rested,115.640,115.970,VBN,15.4960,3.59,6
audio18.TextGrid,25,12,on,115.970,116.090,IN,2.0567,6.91,2
audio18.TextGrid,25,13,the,116.090,116.160,DT,1.3295,7.73,2
audio18.TextGrid,25,14,line,116.160,116.540,NN,10.7761,5.49,3
audio18.TextGrid,25,15,where,116.540,116.710,WRB,9.4945,6.0,3
audio18.TextGrid,25,16,he,116.710,116.800,PRP,2.1587,6.69,2
audio18.TextGrid,25,17,was,116.800,116.940,VBD,2.7905,6.82,3
audio18.TextGrid,25,18,more,116.940,117.090,RBR,10.9444,6.36,3
audio18.TextGrid,25,19,comfortable,117.090,117.610,JJ,8.8299,4.66,10
audio18.TextGrid,26,1,how,119.310,119.410,WRB,14.0279,6.24,2
audio18.TextGrid,26,2,old,119.410,119.660,JJ,9.9976,5.75,3
audio18.TextGrid,26,3,are,119.660,119.700,VBP,3.9291,6.74,1
audio18.TextGrid,26,4,you,119.700,120.250,PRP,1.8666,6.98,2
audio18.TextGrid,26,5,the,120.520,120.630,DT,9.8896,7.73,2
audio18.TextGrid,26,6,old,120.630,120.840,JJ,6.3715,5.75,3
audio18.TextGrid,26,7,man,120.840,121.060,NN,2.8662,5.82,3
audio18.TextGrid,26,8,asked,121.060,121.340,VBD,16.7112,5.3,3
audio18.TextGrid,26,9,the,121.340,121.400,DT,5.1726,7.73,2
audio18.TextGrid,26,10,bird,121.400,121.770,NN,13.1107,4.63,3
audio18.TextGrid,26,11,is,122.520,122.680,VBZ,7.2661,7.07,2
audio18.TextGrid,26,12,this,122.680,122.860,DT,3.9872,6.82,3
audio18.TextGrid,26,13,your,122.860,122.980,PRP$,9.8474,6.53,3
audio18.TextGrid,26,14,first,122.980,123.290,JJ,5.5123,6.11,4
audio18.TextGrid,26,15,trip,123.290,123.610,NN,11.3143,4.9,4
audio18.TextGrid,27,1,the,125.110,125.190,DT,11.8924,7.73,2
audio18.TextGrid,27,2,bird,125.190,125.460,NN,13.1626,4.63,3
audio18.TextGrid,27,3,looked,125.460,125.680,VBD,16.7029,5.11,4
audio18.TextGrid,27,4,at,125.680,125.830,IN,5.2897,6.7,2
audio18.TextGrid,27,5,him,125.830,125.970,PRP,7.0166,6.11,2
audio18.TextGrid,27,6,when,125.970,126.090,WRB,8.5030,6.37,3
audio18.TextGrid,27,7,he,126.090,126.180,PRP,2.3793,6.69,2
audio18.TextGrid,27,8,spoke,126.180,126.650,VBD,12.8062,4.61,4
audio18.TextGrid,28,1,he,127.510,127.610,PRP,13.2074,6.69,2
audio18.TextGrid,28,2,was,127.610,127.760,VBD,4.9565,6.82,3
audio18.TextGrid,28,3,too,127.760,127.890,RB,10.7593,5.95,2
audio18.TextGrid,28,4,tired,127.890,128.300,JJ,9.2756,4.71,4
audio18.TextGrid,28,5,even,128.300,128.520,RB,13.4509,5.99,4
audio18.TextGrid,28,6,to,128.520,128.660,TO,4.7571,7.43,2
audio18.TextGrid,28,7,examine,128.660,129.060,VB,13.6693,4.18,7
audio18.TextGrid,28,8,the,129.060,129.130,DT,2.5573,7.73,2
audio18.TextGrid,28,9,line,129.130,129.470,NN,10.8484,5.49,3
audio18.TextGrid,28,10,and,129.470,129.590,CC,6.7716,7.41,3
audio18.TextGrid,28,11,he,129.590,129.720,PRP,3.8943,6.69,2
audio18.TextGrid,28,12,teetered,129.720,130.170,VBD,34.1650,1.9,5
audio18.TextGrid,28,13,on,130.170,130.350,IN,5.5102,6.91,2
audio18.TextGrid,28,14,it,130.350,130.550,PRP,2.7058,6.95,2
audio18.TextGrid,28,15,as,130.550,130.690,IN,6.3106,6.77,2
audio18.TextGrid,28,16,his,130.690,130.870,PRP$,5.7354,6.51,3
audio18.TextGrid,28,17,delicate,130.870,131.270,JJ,20.6669,4.01,7
audio18.TextGrid,28,18,feet,131.290,131.520,NNS,9.9543,4.99,3
audio18.TextGrid,28,19,gripped,131.520,131.810,VBD,20.5466,3.14,5
audio18.TextGrid,28,20,it,131.810,131.930,PRP,4.0260,6.95,2
audio18.TextGrid,28,21,fast,131.950,132.480,VBD,11.9966,5.13,4
audio18.TextGrid,29,1,it,134.460,134.610,PRP,11.0007,6.95,2
audio18.TextGrid,29,2,s,134.610,134.640,VBD,9.9207,5.86,1
audio18.TextGrid,29,3,steady,134.640,135.200,JJ,28.1130,4.31,5
audio18.TextGrid,29,4,the,135.470,135.570,DT,6.6705,7.73,2
audio18.TextGrid,29,5,old,135.570,135.780,JJ,8.1289,5.75,3
audio18.TextGrid,29,6,man,135.780,135.980,NN,4.0414,5.82,3
audio18.TextGrid,29,7,told,135.980,136.240,VBD,9.3478,5.54,4
audio18.TextGrid,29,8,him,136.240,136.390,PRP,2.5798,6.11,2
audio18.TextGrid,30,1,it,137.110,137.250,PRP,11.0007,6.95,2
audio18.TextGrid,30,2,s,137.250,137.320,VBD,9.9207,5.86,1
audio18.TextGrid,30,3,too,137.320,137.490,RB,18.0899,5.95,2
audio18.TextGrid,30,4,steady,137.490,138.020,JJ,19.5815,4.31,5
audio18.TextGrid,31,1,you,138.700,138.830,PRP,14.0194,6.98,2
audio18.TextGrid,31,2,shouldn't,138.830,139.110,VBP,12.7160,4.82,6
audio18.TextGrid,31,3,be,139.110,139.230,VB,2.7034,6.79,2
audio18.TextGrid,31,4,that,139.230,139.480,IN,6.0409,7.01,3
audio18.TextGrid,31,5,tired,139.480,139.820,JJ,7.6350,4.71,4
audio18.TextGrid,31,6,after,139.820,140.070,IN,10.2243,6.11,4
audio18.TextGrid,31,7,a,140.070,140.100,DT,4.0612,7.36,1
audio18.TextGrid,31,8,windless,140.100,140.590,NN,19.1246,1.83,7
audio18.TextGrid,31,9,night,140.590,140.990,NN,3.4413,5.61,3
audio18.TextGrid,32,1,what,141.530,141.720,WDT,13.9100,6.38,4
audio18.TextGrid,32,2,are,141.720,141.820,VBP,4.3765,6.74,1
audio18.TextGrid,32,3,birds,141.820,142.230,NNS,13.5323,4.6,4
audio18.TextGrid,32,4,coming,142.230,142.650,VBG,12.0843,5.4,5
audio18.TextGrid,33,1,to,142.650,143.120,TO,12.1719,7.43,2
audio18.TextGrid,33,2,the,145.570,145.670,DT,5.9437,7.73,2
audio18.TextGrid,33,3,hawks,145.670,146.050,NN,18.3813,3.89,4
audio18.TextGrid,33,4,he,146.050,146.160,PRP,12.2747,6.69,2
audio18.TextGrid,33,5,thought,146.160,146.410,VBD,11.4456,5.59,3
audio18.TextGrid,33,6,that,146.410,146.570,IN,4.9142,7.01,3
audio18.TextGrid,33,7,come,146.570,146.740,VB,12.5604,5.78,3
audio18.TextGrid,33,8,out,146.740,146.830,IN,5.3692,6.38,2
audio18.TextGrid,33,9,to,146.830,146.960,TO,3.6009,7.43,2
audio18.TextGrid,33,10,sea,146.960,147.140,VB,10.2505,5.06,2
audio18.TextGrid,33,11,to,147.140,147.240,TO,3.1019,7.43,2
audio18.TextGrid,33,12,meet,147.240,147.490,VB,9.1471,5.27,3
audio18.TextGrid,33,13,them,147.490,147.700,PRP,7.1999,6.19,3
audio18.TextGrid,34,1,but,148.390,148.520,CC,16.1685,6.63,3
audio18.TextGrid,34,2,he,148.520,148.610,PRP,7.1638,6.69,2
audio18.TextGrid,34,3,said,148.610,148.800,VBD,6.0327,6.01,3
audio18.TextGrid,34,4,nothing,148.800,149.090,NN,7.7245,5.55,5
audio18.TextGrid,34,5,of,149.090,149.160,IN,7.1039,7.4,2
audio18.TextGrid,34,6,this,149.160,149.330,DT,5.1307,6.82,3
audio18.TextGrid,34,7,to,149.330,149.430,TO,6.8643,7.43,2
audio18.TextGrid,34,8,the,149.430,149.520,DT,2.8162,7.73,2
audio18.TextGrid,34,9,bird,149.520,149.840,NN,12.3068,4.63,3
audio18.TextGrid,34,10,who,149.840,149.900,WP,6.2485,6.34,2
audio18.TextGrid,34,11,could,149.900,150.100,MD,7.9959,6.06,3
audio18.TextGrid,34,12,not,150.100,150.270,RB,4.2302,6.69,3
audio18.TextGrid,34,13,understand,150.270,150.740,VB,7.3117,5.37,9
audio18.TextGrid,34,14,him,150.740,150.840,PRP,5.9732,6.11,2
audio18.TextGrid,34,15,anyway,150.840,151.270,RB,15.7433,4.91,5
audio18.TextGrid,34,16,and,151.620,151.730,CC,6.4234,7.41,3
audio18.TextGrid,34,17,who,151.730,151.790,WP,6.8075,6.34,2
audio18.TextGrid,34,18,would,151.790,151.950,MD,3.9974,6.27,3
audio18.TextGrid,34,19,learn,151.950,152.170,VB,9.4742,5.17,3
audio18.TextGrid,34,20,about,152.170,152.420,IN,6.4808,6.4,4
audio18.TextGrid,34,21,the,152.420,152.550,DT,2.3277,7.73,2
audio18.TextGrid,34,22,hawks,152.550,153.130,NN,16.5389,3.89,4
audio18.TextGrid,34,23,soon,153.130,153.360,RB,15.1385,5.32,3
audio18.TextGrid,34,24,enough,153.360,153.720,RB,13.7685,5.54,4
audio18.TextGrid,35,1,take,155.640,155.880,VB,16.4663,5.92,3
audio18.TextGrid,35,2,a,155.880,155.960,DT,2.3564,7.36,1
audio18.TextGrid,35,3,good,155.960,156.240,JJ,8.0120,6.12,3
audio18.TextGrid,35,4,rest,156.240,156.620,NN,14.4523,5.23,4
audio18.TextGrid,35,5,small,156.620,156.940,JJ,18.3351,5.51,4
audio18.TextGrid,35,6,bird,156.940,157.460,NN,11.5465,4.63,3
audio18.TextGrid,35,7,he,157.680,157.810,PRP,12.2612,6.69,2
audio18.TextGrid,35,8,said,157.810,158.110,VBD,12.0402,6.01,3
audio18.TextGrid,36,1,then,158.630,158.940,RB,17.9329,6.07,3
audio18.TextGrid,36,2,go,158.940,159.140,VB,11.9701,6.03,2
audio18.TextGrid,36,3,in,159.140,159.280,IN,7.6245,7.27,2
audio18.TextGrid,36,4,and,159.280,159.450,CC,4.8507,7.41,3
audio18.TextGrid,36,5,take,159.450,159.660,VB,5.8511,5.92,3
audio18.TextGrid,36,6,your,159.660,159.760,PRP$,3.5847,6.53,3
audio18.TextGrid,36,7,chance,159.760,160.180,NN,7.9785,5.26,4
audio18.TextGrid,36,8,like,160.180,160.400,IN,10.3441,6.41,3
audio18.TextGrid,36,9,any,160.400,160.610,DT,5.5561,6.07,3
audio18.TextGrid,36,10,man,160.610,161.020,NN,3.8547,5.82,3
audio18.TextGrid,36,11,or,161.020,161.150,CC,6.8240,6.54,2
audio18.TextGrid,36,12,bird,161.150,161.560,NN,15.5131,4.63,3
audio18.TextGrid,36,13,or,161.560,161.710,CC,5.2780,6.54,2
audio18.TextGrid,36,14,fish,161.710,162.200,NN,8.6154,4.9,3
audio18.TextGrid,37,1,it,164.510,164.640,PRP,11.0007,6.95,2
audio18.TextGrid,37,2,encouraged,164.640,165.180,VBD,18.8898,4.32,7
audio18.TextGrid,37,3,him,165.180,165.270,PRP,8.3096,6.11,2
audio18.TextGrid,37,4,to,165.270,165.370,TO,2.3048,7.43,2
audio18.TextGrid,37,5,talk,165.370,165.700,VB,8.0854,5.42,3
audio18.TextGrid,37,6,because,165.710,166.000,IN,11.0435,6.03,5
audio18.TextGrid,37,7,his,166.000,166.140,PRP$,5.2466,6.51,3
audio18.TextGrid,37,8,back,166.140,166.420,NN,8.3166,6.04,3
audio18.TextGrid,37,9,had,166.420,166.560,VBD,8.3449,6.33,3
audio18.TextGrid,37,10,stiffened,166.560,167.060,VBN,21.6713,2.53,7
audio18.TextGrid,37,11,in,167.060,167.180,IN,5.9541,7.27,2
audio18.TextGrid,37,12,the,167.180,167.250,DT,2.1470,7.73,2
audio18.TextGrid,37,13,night,167.250,167.770,NN,7.7919,5.61,3
audio18.TextGrid,37,14,and,167.890,168.040,CC,5.1035,7.41,3
audio18.TextGrid,37,15,it,168.040,168.150,PRP,4.6289,6.95,2
audio18.TextGrid,37,16,hurt,168.150,168.350,VBZ,9.5889,4.94,3
audio18.TextGrid,37,17,truly,168.370,168.750,RB,15.3396,4.87,5
audio18.TextGrid,37,18,now,168.750,169.170,RB,8.5159,6.18,2
audio18.TextGrid,38,1,stay,170.910,171.120,NN,17.8551,5.33,3
audio18.TextGrid,38,2,at,171.120,171.250,IN,7.0763,6.7,2
audio18.TextGrid,38,3,my,171.250,171.490,PRP$,7.2553,6.57,2
audio18.TextGrid,38,4,house,171.490,171.760,NN,5.4634,5.71,3
audio18.TextGrid,38,5,if,171.760,171.870,IN,9.0293,6.47,2
audio18.TextGrid,38,6,you,171.870,171.960,PRP,0.2206,6.98,2
audio18.TextGrid,38,7,like,171.960,172.180,VBP,5.1782,6.41,3
audio18.TextGrid,38,8,bird,172.200,172.570,NN,14.1532,4.63,3
audio18.TextGrid,38,9,he,172.750,172.850,PRP,10.8440,6.69,2
audio18.TextGrid,38,10,said,172.850,173.160,VBD,15.1837,6.01,3
audio18.TextGrid,39,1,i,173.960,174.010,NN,5.7704,7.09,1
audio18.TextGrid,39,2,am,174.010,174.120,VBP,11.2222,5.78,2
audio18.TextGrid,39,3,sorry,174.120,174.470,NN,8.7071,5.18,4
audio18.TextGrid,39,4,i,174.470,174.560,NN,5.9062,7.09,1
audio18.TextGrid,39,5,cannot,174.560,174.890,VBP,7.2719,5.11,5
audio18.TextGrid,39,6,hoist,174.890,175.130,PDT,24.3551,3.12,4
audio18.TextGrid,39,7,the,175.130,175.250,DT,3.1826,7.73,2
audio18.TextGrid,39,8,sail,175.250,175.610,NN,11.8021,4.01,3
audio18.TextGrid,39,9,and,175.610,175.700,CC,4.5210,7.41,2
audio18.TextGrid,39,10,take,175.700,175.940,VB,7.2478,5.92,3
audio18.TextGrid,39,11,you,175.940,176.200,PRP,6.5699,6.98,2
audio18.TextGrid,39,12,in,176.200,176.260,IN,4.5426,7.27,2
audio18.TextGrid,39,13,with,176.260,176.360,IN,5.2266,6.85,3
audio18.TextGrid,39,14,the,176.360,176.440,DT,6.5868,7.73,2
audio18.TextGrid,39,15,small,176.440,176.770,JJ,8.7239,5.51,4
audio18.TextGrid,39,16,breeze,176.770,177.240,NN,15.6989,3.86,4
audio18.TextGrid,39,17,that,177.240,177.390,WDT,4.8332,7.01,3
audio18.TextGrid,39,18,is,177.390,177.540,VBZ,2.7360,7.07,2
audio18.TextGrid,39,19,rising,177.540,177.970,VBG,14.6645,4.52,5
audio18.TextGrid,40,1,but,178.620,178.750,CC,16.1685,6.63,3
audio18.TextGrid,40,2,i,178.750,178.900,JJ,5.9299,7.09,1
audio18.TextGrid,40,3,am,178.900,179.010,VBP,4.6128,5.78,2
audio18.TextGrid,40,4,with,179.010,179.140,IN,9.7270,6.85,3
audio18.TextGrid,40,5,a,179.140,179.210,DT,4.5972,7.36,1
audio18.TextGrid,40,6,friend,179.210,179.820,NN,5.7673,5.37,5
audio19.TextGrid,1,1,just,1.000,1.220,RB,14.7002,6.43,3
audio19.TextGrid,1,2,then,1.220,1.480,RB,13.4896,6.07,3
audio19.TextGrid,1,3,the,1.480,1.550,DT,4.3880,7.73,2
audio19.TextGrid,1,4,fish,1.550,1.850,NN,11.6338,4.9,3
audio19.TextGrid,1,5,gave,1.850,2.040,VBD,11.0542,5.25,3
audio19.TextGrid,1,6,a,2.040,2.100,DT,3.7014,7.36,1
audio19.TextGrid,1,7,sudden,2.100,2.400,JJ,11.9327,4.4,5
audio19.TextGrid,1,8,lurch,2.400,2.800,NN,23.9784,2.79,3
audio19.TextGrid,1,9,that,2.800,2.960,WDT,7.2295,7.01,3
audio19.TextGrid,1,10,pulled,3.010,3.250,VBD,10.2968,4.67,4
audio19.TextGrid,1,11,the,3.250,3.370,DT,4.0003,7.73,2
audio19.TextGrid,1,12,old,3.370,3.570,JJ,10.2330,5.75,3
audio19.TextGrid,1,13,man,3.570,3.810,NN,5.1507,5.82,3
audio19.TextGrid,1,14,down,3.810,4.120,RP,6.8381,5.88,3
audio19.TextGrid,1,15,onto,4.120,4.290,IN,11.6795,4.77,4
audio19.TextGrid,1,16,the,4.290,4.370,DT,1.9771,7.73,2
audio19.TextGrid,1,17,bow,4.370,4.660,NN,12.8510,4.3,2
audio19.TextGrid,1,18,and,4.660,4.720,CC,6.9270,7.41,2
audio19.TextGrid,1,19,would,4.720,4.830,MD,8.2597,6.27,3
audio19.TextGrid,1,20,have,4.830,5.030,VB,3.0994,6.71,3
audio19.TextGrid,1,21,pulled,5.030,5.320,VBN,7.0178,4.67,4
audio19.TextGrid,1,22,him,5.320,5.430,PRP,1.8211,6.11,2
audio19.TextGrid,1,23,overboard,5.430,5.990,RB,18.2530,3.43,7
audio19.TextGrid,1,24,if,5.990,6.090,IN,6.2601,6.47,2
audio19.TextGrid,1,25,he,6.090,6.170,PRP,1.6118,6.69,2
audio19.TextGrid,1,26,had,6.170,6.290,VBD,4.3835,6.33,3
audio19.TextGrid,1,27,not,6.290,6.420,RB,3.7408,6.69,3
audio19.TextGrid,1,28,braced,6.420,6.810,VBN,16.4689,3.03,5
audio19.TextGrid,1,29,himself,6.810,7.210,PRP,8.7160,5.25,7
audio19.TextGrid,1,30,and,7.210,7.310,CC,3.5070,7.41,2
audio19.TextGrid,1,31,given,7.310,7.600,VBN,9.9333,5.41,5
audio19.TextGrid,1,32,some,7.600,7.800,DT,7.4702,6.2,3
audio19.TextGrid,1,33,line,7.800,8.230,NN,12.1365,5.49,3
audio19.TextGrid,2,1,the,9.930,10.010,DT,11.8924,7.73,2
audio19.TextGrid,2,2,bird,10.010,10.310,NN,13.1626,4.63,3
audio19.TextGrid,2,3,had,10.310,10.470,VBD,13.0267,6.33,3
audio19.TextGrid,2,4,flown,10.470,10.720,VBN,16.2444,3.83,4
audio19.TextGrid,2,5,up,10.720,10.940,RP,5.6056,6.39,2
audio19.TextGrid,2,6,when,10.940,11.050,WRB,9.3424,6.37,3
audio19.TextGrid,2,7,the,11.050,11.120,DT,3.0927,7.73,2
audio19.TextGrid,2,8,line,11.120,11.420,NN,10.8289,5.49,3
audio19.TextGrid,2,9,jerked,11.420,11.790,VBN,20.4282,2.93,4
audio19.TextGrid,2,10,and,11.790,11.880,CC,6.0016,7.41,2
audio19.TextGrid,2,11,the,11.880,11.980,DT,4.1000,7.73,2
audio19.TextGrid,2,12,old,11.980,12.190,JJ,9.4964,5.75,3
audio19.TextGrid,2,13,man,12.190,12.420,NN,2.3268,5.82,3
audio19.TextGrid,2,14,had,12.420,12.570,VBD,4.7487,6.33,3
audio19.TextGrid,2,15,not,12.570,12.750,RB,6.4365,6.69,3
audio19.TextGrid,2,16,even,12.750,12.980,RB,6.2966,5.99,4
audio19.TextGrid,2,17,seen,12.980,13.240,VBN,4.5279,5.52,3
audio19.TextGrid,2,18,him,13.240,13.350,PRP,2.1355,6.11,2
audio19.TextGrid,2,19,go,13.350,13.740,VB,9.7940,6.03,2
audio19.TextGrid,3,1,he,14.450,14.560,PRP,13.2074,6.69,2
audio19.TextGrid,3,2,felt,14.560,14.780,VBD,15.0409,5.13,4
audio19.TextGrid,3,3,the,14.780,14.900,DT,4.9260,7.73,2
audio19.TextGrid,3,4,line,14.900,15.210,NN,10.5049,5.49,3
audio19.TextGrid,3,5,carefully,15.210,15.670,RB,16.7268,4.46,7
audio19.TextGrid,3,6,with,15.670,15.820,IN,6.2305,6.85,3
audio19.TextGrid,3,7,his,15.820,15.950,PRP$,3.3178,6.51,3
audio19.TextGrid,3,8,right,15.950,16.210,JJ,8.9937,5.96,3
audio19.TextGrid,3,9,hand,16.210,16.540,NN,5.1641,5.41,4
audio19.TextGrid,3,10,and,16.540,16.810,CC,3.5883,7.41,3
audio19.TextGrid,3,11,noticed,16.810,17.160,VBD,20.7158,4.63,6
audio19.TextGrid,3,12,his,17.160,17.280,PRP$,3.4299,6.51,3
audio19.TextGrid,3,13,hand,17.280,17.520,NN,6.2962,5.41,4
audio19.TextGrid,3,14,was,17.520,17.620,VBD,10.3120,6.82,3
audio19.TextGrid,3,15,bleeding,17.620,18.180,VBG,19.2198,4.08,6
audio19.TextGrid,4,1,something,20.010,20.410,NN,17.0477,5.81,6
audio19.TextGrid,4,2,hurt,20.410,20.610,VBD,13.5730,4.94,3
audio19.TextGrid,4,3,him,20.610,20.780,PRP,11.5269,6.11,2
audio19.TextGrid,4,4,then,20.780,21.030,RB,12.3995,6.07,3
audio19.TextGrid,4,5,he,21.030,21.410,PRP,5.2239,6.69,2
audio19.TextGrid,4,6,said,21.410,21.610,VBD,5.9680,6.01,3
audio19.TextGrid,4,7,aloud,21.610,22.070,JJ,22.2453,3.51,4
audio19.TextGrid,4,8,and,22.070,22.200,CC,6.1918,7.41,2
audio19.TextGrid,4,9,pulled,22.200,22.500,VBD,10.2750,4.67,4
audio19.TextGrid,4,10,back,22.500,22.780,RB,5.1322,6.04,3
audio19.TextGrid,4,11,on,22.780,22.890,IN,4.6165,6.91,2
audio19.TextGrid,4,12,the,22.890,22.960,DT,2.1514,7.73,2
audio19.TextGrid,4,13,line,22.960,23.290,NN,9.4897,5.49,3
audio19.TextGrid,4,14,to,23.290,23.400,TO,3.9596,7.43,2
audio19.TextGrid,4,15,see,23.400,23.580,VB,6.1703,6.1,2
audio19.TextGrid,4,16,if,23.580,23.660,IN,4.2553,6.47,2
audio19.TextGrid,4,17,he,23.660,23.740,PRP,1.9816,6.69,2
audio19.TextGrid,4,18,could,23.740,23.910,MD,5.6916,6.06,3
audio19.TextGrid,4,19,turn,23.910,24.150,VB,7.9826,5.32,3
audio19.TextGrid,4,20,the,24.150,24.210,DT,3.3316,7.73,2
audio19.TextGrid,4,21,fish,24.210,24.610,NN,11.9201,4.9,3
audio19.TextGrid,5,1,but,25.250,25.430,CC,16.1685,6.63,3
audio19.TextGrid,5,2,when,25.430,25.550,WRB,9.0741,6.37,3
audio19.TextGrid,5,3,he,25.550,25.640,PRP,5.6595,6.69,2
audio19.TextGrid,5,4,was,25.640,25.810,VBD,2.4754,6.82,3
audio19.TextGrid,5,5,touching,25.810,26.170,VBG,16.9606,4.22,5
audio19.TextGrid,5,6,the,26.170,26.230,DT,2.8973,7.73,2
audio19.TextGrid,5,7,breaking,26.230,26.640,NN,15.6200,4.74,6
audio19.TextGrid,5,8,point,26.640,27.050,NN,6.4060,5.54,4
audio19.TextGrid,5,9,he,27.050,27.180,PRP,7.9442,6.69,2
audio19.TextGrid,5,10,held,27.180,27.450,VBD,12.9941,5.24,4
audio19.TextGrid,5,11,steady,27.450,27.880,JJ,17.1424,4.31,5
audio19.TextGrid,5,12,and,27.880,28.010,CC,4.7468,7.41,2
audio19.TextGrid,5,13,settled,28.010,28.340,VBD,20.6012,4.44,6
audio19.TextGrid,5,14,back,28.340,28.650,RB,6.5195,6.04,3
audio19.TextGrid,5,15,against,28.650,28.970,IN,6.8146,5.68,6
audio19.TextGrid,5,16,the,28.970,29.080,DT,1.1346,7.73,2
audio19.TextGrid,5,17,strain,29.080,29.440,NN,15.0251,4.15,5
audio19.TextGrid,5,18,of,29.440,29.540,IN,4.2068,7.4,2
audio19.TextGrid,5,19,the,29.540,29.640,DT,1.5722,7.73,2
audio19.TextGrid,5,20,line,29.640,30.070,NN,9.7625,5.49,3
audio19.TextGrid,6,1,you,31.520,31.650,PRP,14.0194,6.98,2
audio19.TextGrid,6,2,re,31.650,31.730,VBP,9.7938,5.23,2
audio19.TextGrid,6,3,feeling,31.730,32.120,VBG,20.8805,5.13,5
audio19.TextGrid,6,4,it,32.120,32.270,PRP,5.6280,6.95,2
audio19.TextGrid,6,5,now,32.270,32.600,RB,6.1646,6.18,2
audio19.TextGrid,6,6,fish,32.600,33.030,VBZ,17.4911,4.9,3
audio19.TextGrid,6,7,he,33.260,33.410,PRP,12.2385,6.69,2
audio19.TextGrid,6,8,said,33.410,33.760,VBD,10.4617,6.01,3
audio19.TextGrid,7,1,and,34.240,34.420,CC,13.4350,7.41,2
audio19.TextGrid,7,2,so,34.420,34.770,RB,9.2224,6.52,2
audio19.TextGrid,7,3,god,34.770,35.140,JJ,13.5140,5.57,3
audio19.TextGrid,7,4,knows,35.140,35.500,VBZ,9.6012,5.07,3
audio19.TextGrid,7,5,am,35.500,35.630,VBP,11.4146,5.78,2
audio19.TextGrid,7,6,i,35.630,35.910,NN,5.5724,7.09,1
audio19.TextGrid,7,7,he,37.960,38.070,PRP,8.3956,6.69,2
audio19.TextGrid,7,8,looked,38.070,38.250,VBD,18.3901,5.11,4
audio19.TextGrid,7,9,around,38.250,38.570,IN,9.5873,5.77,4
audio19.TextGrid,7,10,for,38.570,38.670,IN,5.8743,7.01,2
audio19.TextGrid,7,11,the,38.670,38.760,DT,3.9097,7.73,2
audio19.TextGrid,7,12,bird,38.760,39.120,NN,11.4705,4.63,3
audio19.TextGrid,7,13,now,39.120,39.360,RB,9.6546,6.18,2
audio19.TextGrid,7,14,because,39.360,39.690,IN,7.8833,6.03,5
audio19.TextGrid,7,15,he,39.690,39.760,PRP,3.2273,6.69,2
audio19.TextGrid,7,16,would,39.760,39.890,MD,5.2980,6.27,3
audio19.TextGrid,7,17,have,39.890,40.000,VB,2.3006,6.71,3
audio19.TextGrid,7,18,liked,40.000,40.250,VBN,6.5869,4.76,4
audio19.TextGrid,7,19,him,40.250,40.350,PRP,5.9686,6.11,2
audio19.TextGrid,7,20,for,40.350,40.460,IN,5.6921,7.01,2
audio19.TextGrid,7,21,company,40.460,41.030,NN,17.9331,5.6,7
audio19.TextGrid,8,1,the,41.690,41.770,DT,11.8924,7.73,2
audio19.TextGrid,8,2,bird,41.770,42.000,NN,13.1626,4.63,3
audio19.TextGrid,8,3,was,42.000,42.180,VBD,9.6622,6.82,3
audio19.TextGrid,8,4,gone,42.180,42.630,VBN,9.3373,5.17,3
audio19.TextGrid,9,1,you,44.380,44.520,PRP,14.0194,6.98,2
audio19.TextGrid,9,2,did,44.520,44.670,VBD,7.5845,5.96,3
audio19.TextGrid,9,3,not,44.670,44.870,RB,3.6656,6.69,3
audio19.TextGrid,9,4,stay,44.870,45.110,VB,9.7601,5.33,3
audio19.TextGrid,9,5,long,45.110,45.530,RB,6.9853,5.81,3
audio19.TextGrid,9,6,the,45.730,45.830,DT,7.0453,7.73,2
audio19.TextGrid,9,7,man,45.830,46.090,NN,10.5021,5.82,3
audio19.TextGrid,9,8,thought,46.090,46.480,VBD,12.0297,5.59,3
audio19.TextGrid,10,1,but,47.220,47.480,CC,16.1685,6.63,3
audio19.TextGrid,10,2,it,47.480,47.590,PRP,5.1562,6.95,2
audio19.TextGrid,10,3,is,47.590,47.740,VBZ,2.2441,7.07,2
audio19.TextGrid,10,4,rougher,47.740,48.140,RB,22.2101,2.84,4
audio19.TextGrid,10,5,where,48.140,48.340,WRB,12.0801,6.0,3
audio19.TextGrid,10,6,you,48.340,48.530,PRP,3.7630,6.98,2
audio19.TextGrid,10,7,are,48.530,48.640,VBP,3.3044,6.74,2
audio19.TextGrid,10,8,going,48.640,49.000,VBG,5.9315,5.94,4
audio19.TextGrid,10,9,until,49.000,49.220,IN,11.0562,5.61,5
audio19.TextGrid,10,10,you,49.220,49.370,PRP,1.8393,6.98,2
audio19.TextGrid,10,11,make,49.370,49.570,VBP,6.9897,6.08,3
audio19.TextGrid,10,12,the,49.570,49.650,DT,2.9770,7.73,2
audio19.TextGrid,10,13,shore,49.650,50.090,NN,16.9457,4.33,3
audio19.TextGrid,11,1,how,51.600,51.790,WRB,14.0279,6.24,2
audio19.TextGrid,11,2,did,51.790,51.950,VBD,6.2239,5.96,3
audio19.TextGrid,11,3,i,51.950,52.110,VB,4.2762,7.09,1
audio19.TextGrid,11,4,let,52.110,52.320,VB,11.6192,5.6,3
audio19.TextGrid,11,5,the,52.320,52.420,DT,3.8556,7.73,2
audio19.TextGrid,11,6,fish,52.420,52.720,JJ,11.8012,4.9,3
audio19.TextGrid,11,7,cut,52.720,53.010,NN,10.6865,5.24,3
audio19.TextGrid,11,8,me,53.070,53.250,PRP,4.0627,6.48,2
audio19.TextGrid,11,9,with,53.250,53.430,IN,7.1038,6.85,3
audio19.TextGrid,11,10,that,53.430,53.640,DT,5.7899,7.01,3
audio19.TextGrid,11,11,one,53.640,53.890,CD,7.2811,6.47,3
audio19.TextGrid,11,12,quick,53.890,54.140,NN,10.5960,4.98,4
audio19.TextGrid,11,13,pull,54.190,54.470,NN,9.9915,4.82,3
audio19.TextGrid,11,14,he,54.470,54.590,PRP,13.3905,6.69,2
audio19.TextGrid,11,15,made,54.590,55.050,VBD,8.3832,5.92,3
audio19.TextGrid,12,1,i,55.510,55.610,NN,5.7704,7.09,1
audio19.TextGrid,12,2,must,55.610,55.800,MD,15.4189,5.68,4
audio19.TextGrid,12,3,be,55.800,55.900,VB,4.4269,6.79,2
audio19.TextGrid,12,4,getting,55.900,56.180,VBG,9.0075,5.57,5
audio19.TextGrid,12,5,very,56.180,56.430,RB,6.9204,6.0,4
audio19.TextGrid,12,6,stupid,56.430,57.000,JJ,6.9234,4.94,6
audio19.TextGrid,13,1,or,57.990,58.100,CC,11.8275,6.54,2
audio19.TextGrid,13,2,perhaps,58.100,58.440,RB,20.4181,5.09,6
audio19.TextGrid,13,3,i,58.440,58.510,NN,6.8554,7.09,1
audio19.TextGrid,13,4,was,58.510,58.700,VBD,5.4140,6.82,3
audio19.TextGrid,13,5,looking,58.700,58.980,VBG,7.5831,5.57,5
audio19.TextGrid,13,6,at,58.980,59.040,IN,3.0426,6.7,2
audio19.TextGrid,13,7,the,59.040,59.150,DT,2.8491,7.73,2
audio19.TextGrid,13,8,small,59.150,59.470,JJ,10.0991,5.51,4
audio19.TextGrid,13,9,bird,59.470,59.820,NN,10.5853,4.63,3
audio19.TextGrid,13,10,and,59.820,59.940,CC,3.7268,7.41,2
audio19.TextGrid,13,11,thinking,59.940,60.290,NN,12.8906,5.24,6
audio19.TextGrid,13,12,of,60.290,60.380,IN,4.0910,7.4,2
audio19.TextGrid,13,13,him,60.380,60.740,PRP,7.2746,6.11,3
audio19.TextGrid,14,1,now,61.470,61.720,RB,13.6820,6.18,2
audio19.TextGrid,14,2,i,61.720,61.750,VBP,7.2716,7.09,1
audio19.TextGrid,14,3,will,61.750,61.970,MD,6.6530,6.45,3
audio19.TextGrid,14,4,pay,61.970,62.180,VB,6.6720,5.4,2
audio19.TextGrid,14,5,attention,62.180,62.570,NN,5.0233,5.11,7
audio19.TextGrid,14,6,to,62.570,62.640,TO,0.6089,7.43,2
audio19.TextGrid,14,7,my,62.640,62.800,PRP$,4.7123,6.57,2
audio19.TextGrid,14,8,work,62.800,63.150,NN,8.0412,5.96,3
audio19.TextGrid,15,1,and,63.720,63.840,CC,13.4350,7.41,2
audio19.TextGrid,15,2,then,63.840,64.070,RB,7.3825,6.07,3
audio19.TextGrid,15,3,i,64.070,64.170,VB,4.6317,7.09,1
audio19.TextGrid,15,4,must,64.170,64.430,MD,10.6671,5.68,4
audio19.TextGrid,15,5,eat,64.430,64.580,VB,9.6273,5.13,2
audio19.TextGrid,15,6,the,64.580,64.680,DT,3.1655,7.73,2
audio19.TextGrid,15,7,tuna,64.680,65.030,NN,16.9551,3.64,4
audio19.TextGrid,15,8,so,65.030,65.190,IN,11.1130,6.52,2
audio19.TextGrid,15,9,that,65.190,65.330,DT,2.3534,7.01,3
audio19.TextGrid,15,10,i,65.330,65.410,NN,1.3797,7.09,1
audio19.TextGrid,15,11,will,65.410,65.580,MD,4.0971,6.45,3
audio19.TextGrid,15,12,not,65.580,65.730,RB,4.4659,6.69,3
audio19.TextGrid,15,13,have,65.730,65.870,VB,4.6616,6.71,3
audio19.TextGrid,15,14,a,65.870,65.930,DT,5.2684,7.36,1
audio19.TextGrid,15,15,failure,65.930,66.400,NN,9.8212,4.72,5
audio19.TextGrid,15,16,of,66.400,66.500,IN,3.1550,7.4,2
audio19.TextGrid,15,17,strength,66.500,66.910,NN,13.4657,4.8,6
audio19.TextGrid,16,1,i,69.260,69.340,JJ,5.7704,7.09,1
audio19.TextGrid,16,2,wish,69.340,69.580,VBP,15.6467,5.18,3
audio19.TextGrid,16,3,the,69.580,69.700,DT,6.1935,7.73,2
audio19.TextGrid,16,4,boy,69.700,69.990,NN,8.1751,5.17,2
audio19.TextGrid,16,5,were,69.990,70.230,VBD,7.2381,6.34,2
audio19.TextGrid,16,6,here,70.230,70.440,RB,6.5547,5.97,3
audio19.TextGrid,16,7,and,70.440,70.520,CC,4.6782,7.41,2
audio19.TextGrid,16,8,that,70.520,70.630,IN,3.8075,7.01,3
audio19.TextGrid,16,9,i,70.630,70.720,NN,3.5783,7.09,1
audio19.TextGrid,16,10,had,70.720,70.880,VBD,4.4206,6.33,3
audio19.TextGrid,16,11,some,70.880,71.030,DT,5.5643,6.2,3
audio19.TextGrid,16,12,salt,71.030,71.660,NN,14.2231,4.6,4
audio19.TextGrid,17,1,he,72.040,72.160,PRP,13.2074,6.69,2
audio19.TextGrid,17,2,said,72.160,72.370,VBD,10.3483,6.01,3
audio19.TextGrid,17,3,aloud,72.370,72.900,JJ,21.4842,3.51,4
audio19.TextGrid,17,4,shifting,74.730,75.090,VBG,18.7150,3.98,6
audio19.TextGrid,17,5,the,75.090,75.150,DT,2.9468,7.73,2
audio19.TextGrid,17,6,weight,75.150,75.380,NN,11.5470,5.02,3
audio19.TextGrid,17,7,of,75.380,75.450,IN,0.8899,7.4,2
audio19.TextGrid,17,8,the,75.450,75.540,DT,1.7920,7.73,2
audio19.TextGrid,17,9,line,75.540,75.790,NN,10.0300,5.49,3
audio19.TextGrid,17,10,to,75.790,75.900,TO,3.3283,7.43,2
audio19.TextGrid,17,11,his,75.900,76.120,PRP$,7.2190,6.51,3
audio19.TextGrid,17,12,left,76.120,76.340,JJ,8.2047,5.62,4
audio19.TextGrid,17,13,shoulder,76.340,76.810,NN,13.2818,4.5,5
audio19.TextGrid,17,14,and,76.810,77.010,CC,3.3357,7.41,3
audio19.TextGrid,17,15,kneeling,77.010,77.350,VBG,13.4838,3.32,5
audio19.TextGrid,17,16,carefully,77.350,77.910,RB,13.2713,4.46,7
audio19.TextGrid,17,17,he,78.060,78.160,PRP,8.3334,6.69,2
audio19.TextGrid,17,18,washed,78.160,78.520,VBD,14.8955,4.1,4
audio19.TextGrid,17,19,his,78.520,78.680,PRP$,3.5658,6.51,3
audio19.TextGrid,17,20,hand,78.680,79.020,NN,7.5083,5.41,4
audio19.TextGrid,17,21,in,79.020,79.100,IN,3.7184,7.27,2
audio19.TextGrid,17,22,the,79.100,79.240,DT,1.7246,7.73,2
audio19.TextGrid,17,23,ocean,79.240,79.640,NN,13.8803,4.7,4
audio19.TextGrid,17,24,and,79.640,79.790,CC,4.5156,7.41,3
audio19.TextGrid,17,25,held,79.790,80.020,VBD,9.6568,5.24,4
audio19.TextGrid,17,26,it,80.020,80.150,PRP,1.6793,6.95,2
audio19.TextGrid,17,27,there,80.150,80.400,EX,3.5439,6.31,3
audio19.TextGrid,17,28,submerged,80.520,81.260,VBN,26.2983,3.51,7
audio19.TextGrid,17,29,for,81.260,81.390,IN,3.4440,7.01,2
audio19.TextGrid,17,30,more,81.390,81.610,JJR,9.6453,6.36,3
audio19.TextGrid,17,31,than,81.610,81.760,IN,1.2608,6.13,3
audio19.TextGrid,17,32,a,81.760,81.790,DT,2.5136,7.36,1
audio19.TextGrid,17,33,minute,81.790,82.210,NN,2.3378,4.98,5
audio19.TextGrid,17,34,watching,82.390,82.790,VBG,18.3959,5.02,5
audio19.TextGrid,17,35,the,82.790,82.860,DT,1.8964,7.73,2
audio19.TextGrid,17,36,blood,82.860,83.300,NN,9.9420,5.1,4
audio19.TextGrid,17,37,trail,83.300,83.460,VB,11.5747,4.45,4
audio19.TextGrid,17,38,away,83.460,83.950,RB,11.3786,5.62,3
audio19.TextGrid,17,39,and,84.090,84.190,CC,4.6680,7.41,2
audio19.TextGrid,17,40,the,84.190,84.280,DT,4.2672,7.73,2
audio19.TextGrid,17,41,steady,84.280,84.650,JJ,15.8951,4.31,5
audio19.TextGrid,17,42,movement,84.650,85.080,NN,10.8759,4.97,7
audio19.TextGrid,17,43,of,85.080,85.160,IN,3.1447,7.4,2
audio19.TextGrid,17,44,the,85.160,85.230,DT,1.1170,7.73,2
audio19.TextGrid,17,45,water,85.230,85.620,NN,11.0374,5.52,4
audio19.TextGrid,17,46,against,85.620,85.970,IN,11.7537,5.68,6
audio19.TextGrid,17,47,his,85.970,86.120,PRP$,5.1989,6.51,3
audio19.TextGrid,17,48,hand,86.120,86.430,NN,4.9418,5.41,4
audio19.TextGrid,17,49,as,86.430,86.540,IN,7.0061,6.77,2
audio19.TextGrid,17,50,the,86.540,86.630,DT,3.6335,7.73,2
audio19.TextGrid,17,51,boat,86.630,86.890,NN,10.2797,4.71,3
audio19.TextGrid,17,52,moved,86.930,87.400,VBD,7.3056,5.01,4
audio19.TextGrid,18,1,he,89.180,89.320,PRP,13.2074,6.69,2
audio19.TextGrid,18,2,has,89.320,89.470,VBZ,8.5912,6.37,3
audio19.TextGrid,18,3,slowed,89.470,89.870,VBN,16.0333,3.71,4
audio19.TextGrid,18,4,much,89.870,90.350,RB,10.6772,6.0,3
audio19.TextGrid,18,5,he,90.590,90.720,PRP,7.4394,6.69,2
audio19.TextGrid,18,6,said,90.720,91.190,VBD,11.7233,6.01,3
audio19.TextGrid,19,1,the,92.910,93.020,DT,11.8924,7.73,2
audio19.TextGrid,19,2,old,93.020,93.200,JJ,9.2031,5.75,3
audio19.TextGrid,19,3,man,93.200,93.400,NN,4.4194,5.82,3
audio19.TextGrid,19,4,would,93.400,93.530,MD,9.5793,6.27,3
audio19.TextGrid,19,5,have,93.530,93.620,VB,2.4029,6.71,3
audio19.TextGrid,19,6,liked,93.620,93.820,VBN,7.0357,4.76,4
audio19.TextGrid,19,7,to,93.820,93.880,TO,4.5255,7.43,2
audio19.TextGrid,19,8,keep,93.880,94.090,VB,7.7109,5.66,3
audio19.TextGrid,19,9,his,94.090,94.210,PRP$,2.2489,6.51,3
audio19.TextGrid,19,10,hand,94.210,94.560,NN,8.1906,5.41,4
audio19.TextGrid,19,11,in,94.560,94.670,IN,3.9807,7.27,2
audio19.TextGrid,19,12,the,94.670,94.750,DT,1.9257,7.73,2
audio19.TextGrid,19,13,salt,94.750,95.070,NN,16.8124,4.6,4
audio19.TextGrid,19,14,water,95.070,95.310,NN,5.8542,5.52,4
audio19.TextGrid,19,15,longer,95.310,95.720,RB,15.0084,5.16,5
audio19.TextGrid,19,16,but,95.720,95.850,CC,7.7626,6.63,3
audio19.TextGrid,19,17,he,95.850,95.930,PRP,2.6256,6.69,2
audio19.TextGrid,19,18,was,95.930,96.060,VBD,3.1392,6.82,3
audio19.TextGrid,19,19,afraid,96.060,96.370,JJ,10.3380,4.7,5
audio19.TextGrid,19,20,of,96.370,96.460,IN,1.8756,7.4,2
audio19.TextGrid,19,21,another,96.460,96.750,DT,11.2533,5.74,5
audio19.TextGrid,19,22,sudden,96.750,97.050,JJ,12.8274,4.4,5
audio19.TextGrid,19,23,lurch,97.050,97.330,NN,26.0816,2.79,3
audio19.TextGrid,19,24,by,97.330,97.490,IN,8.9300,6.66,2
audio19.TextGrid,19,25,the,97.490,97.600,DT,1.6138,7.73,2
audio19.TextGrid,19,26,fish,97.600,98.010,NN,11.8019,4.9,3
audio19.TextGrid,20,1,and,98.530,98.620,CC,13.4350,7.41,2
audio19.TextGrid,20,2,he,98.620,98.710,PRP,9.2683,6.69,2
audio19.TextGrid,20,3,stood,98.710,98.940,VBD,10.8455,4.57,4
audio19.TextGrid,20,4,up,98.940,99.140,RB,5.0333,6.39,2
audio19.TextGrid,20,5,and,99.140,99.230,CC,4.3505,7.41,2
audio19.TextGrid,20,6,braced,99.230,99.590,VBD,17.1611,3.03,5
audio19.TextGrid,20,7,himself,99.590,100.040,PRP,7.9372,5.25,7
audio19.TextGrid,20,8,and,100.040,100.180,CC,6.0252,7.41,3
audio19.TextGrid,20,9,held,100.180,100.390,VBD,11.6538,5.24,4
audio19.TextGrid,20,10,his,100.390,100.510,PRP$,5.2828,6.51,3
audio19.TextGrid,20,11,hand,100.510,100.780,NN,6.9068,5.41,4
audio19.TextGrid,20,12,up,100.780,100.910,RP,2.9277,6.39,2
audio19.TextGrid,20,13,against,100.910,101.210,IN,5.2827,5.68,6
audio19.TextGrid,20,14,the,101.210,101.310,DT,0.9260,7.73,2
audio19.TextGrid,20,15,sun,101.310,101.690,NN,8.0257,4.97,3
audio19.TextGrid,21,1,it,103.040,103.150,PRP,11.0007,6.95,2
audio19.TextGrid,21,2,was,103.150,103.260,VBD,3.5299,6.82,3
audio19.TextGrid,21,3,only,103.260,103.500,RB,10.3264,6.12,4
audio19.TextGrid,21,4,a,103.500,103.540,DT,4.1434,7.36,1
audio19.TextGrid,21,5,line,103.540,103.870,NN,11.4335,5.49,3
audio19.TextGrid,21,6,burn,103.870,104.200,NN,18.0045,4.53,3
audio19.TextGrid,21,7,that,104.200,104.290,WDT,9.3126,7.01,3
audio19.TextGrid,21,8,had,104.290,104.410,VBD,6.3455,6.33,3
audio19.TextGrid,21,9,cut,104.410,104.640,VBN,9.5390,5.24,3
audio19.TextGrid,21,10,his,104.640,104.820,PRP$,7.3522,6.51,3
audio19.TextGrid,21,11,flesh,104.820,105.190,NN,15.8588,4.2,4
audio19.TextGrid,22,1,but,106.300,106.430,CC,16.1685,6.63,3
audio19.TextGrid,22,2,it,106.430,106.530,PRP,5.1562,6.95,2
audio19.TextGrid,22,3,was,106.530,106.690,VBD,2.5381,6.82,3
audio19.TextGrid,22,4,in,106.690,106.790,IN,7.0659,7.27,2
audio19.TextGrid,22,5,the,106.790,106.860,DT,2.0266,7.73,2
audio19.TextGrid,22,6,working,106.860,107.320,JJ,11.1083,5.45,5
audio19.TextGrid,22,7,part,107.320,107.530,NN,8.6239,5.78,4
audio19.TextGrid,22,8,of,107.530,107.600,IN,1.7592,7.4,2
audio19.TextGrid,22,9,his,107.600,107.780,PRP$,5.9883,6.51,3
audio19.TextGrid,22,10,hand,107.780,108.230,NN,10.2311,5.41,4
audio19.TextGrid,23,1,he,108.730,108.850,PRP,13.2074,6.69,2
audio19.TextGrid,23,2,knew,108.850,109.040,VBD,13.6237,5.2,3
audio19.TextGrid,23,3,he,109.040,109.180,PRP,4.5889,6.69,2
audio19.TextGrid,23,4,would,109.180,109.380,MD,4.3986,6.27,3
audio19.TextGrid,23,5,need,109.380,109.650,VB,9.1770,5.97,3
audio19.TextGrid,23,6,his,109.650,109.820,PRP$,5.5031,6.51,3
audio19.TextGrid,23,7,hands,109.820,110.210,NNS,8.3574,5.16,4
audio19.TextGrid,23,8,before,110.210,110.530,IN,10.0839,5.93,5
audio19.TextGrid,23,9,this,110.530,110.740,DT,4.9915,6.82,3
audio19.TextGrid,23,10,was,110.740,110.860,VBD,5.0675,6.82,3
audio19.TextGrid,23,11,over,110.860,111.240,RB,6.1757,6.08,3
audio19.TextGrid,23,12,and,111.240,111.370,CC,6.0444,7.41,3
audio19.TextGrid,23,13,he,111.370,111.460,PRP,2.2284,6.69,2
audio19.TextGrid,23,14,did,111.460,111.630,VBD,5.6892,5.96,3
audio19.TextGrid,23,15,not,111.630,111.870,RB,1.7707,6.69,3
audio19.TextGrid,23,16,like,111.870,112.040,IN,6.4852,6.41,3
audio19.TextGrid,23,17,to,112.040,112.120,TO,3.5033,7.43,2
audio19.TextGrid,23,18,be,112.120,112.250,VB,3.0108,6.79,2
audio19.TextGrid,23,19,cut,112.250,112.530,VBN,7.1542,5.24,3
audio19.TextGrid,23,20,before,112.560,112.890,IN,9.0977,5.93,5
audio19.TextGrid,23,21,it,112.890,113.000,PRP,4.4455,6.95,2
audio19.TextGrid,23,22,started,113.000,113.550,VBD,7.3979,5.39,7
audio19.TextGrid,24,1,now,115.450,115.880,RB,13.6820,6.18,2
audio19.TextGrid,24,2,he,115.880,116.270,PRP,9.4990,6.69,2
audio19.TextGrid,24,3,said,116.270,116.570,VBD,8.1962,6.01,3
audio19.TextGrid,24,4,when,116.570,116.720,WRB,10.8417,6.37,3
audio19.TextGrid,24,5,his,116.720,116.850,PRP$,5.5821,6.51,3
audio19.TextGrid,24,6,hand,116.850,117.100,NN,9.3323,5.41,4
audio19.TextGrid,24,7,had,117.100,117.210,VBD,6.7411,6.33,3
audio19.TextGrid,24,8,dried,117.210,117.650,VBN,16.2971,4.04,4
audio19.TextGrid,25,1,i,118.180,118.260,NN,5.7704,7.09,1
audio19.TextGrid,25,2,must,118.260,118.480,MD,15.4189,5.68,4
audio19.TextGrid,25,3,eat,118.480,118.600,VB,9.4848,5.13,2
audio19.TextGrid,25,4,the,118.600,118.720,DT,4.6324,7.73,2
audio19.TextGrid,25,5,small,118.720,119.020,JJ,11.6960,5.51,4
audio19.TextGrid,25,6,tuna,119.020,119.400,NN,16.4215,3.64,4
audio19.TextGrid,26,1,i,119.960,120.050,NNS,5.7704,7.09,1
audio19.TextGrid,26,2,can,120.050,120.220,MD,13.1783,6.46,3
audio19.TextGrid,26,3,reach,120.220,120.430,VB,14.4749,4.94,3
audio19.TextGrid,26,4,him,120.430,120.550,PRP,9.3999,6.11,2
audio19.TextGrid,26,5,with,120.550,120.640,IN,3.6131,6.85,3
audio19.TextGrid,26,6,the,120.640,120.740,DT,3.6955,7.73,2
audio19.TextGrid,26,7,gaff,120.740,121.280,NN,20.3545,2.68,3
audio19.TextGrid,26,8,and,121.280,121.450,CC,7.6391,7.41,3
audio19.TextGrid,26,9,eat,121.450,121.670,NN,11.4744,5.13,2
audio19.TextGrid,26,10,him,121.670,121.810,PRP,2.7800,6.11,2
audio19.TextGrid,26,11,here,121.810,122.010,RB,10.5276,5.97,3
audio19.TextGrid,26,12,in,122.010,122.100,IN,4.6527,7.27,2
audio19.TextGrid,26,13,comfort,122.160,122.700,NN,14.5883,4.41,6
audio19.TextGrid,27,1,he,124.950,125.060,PRP,13.2074,6.69,2
audio19.TextGrid,27,2,knelt,125.060,125.220,VBD,27.1056,2.8,4
audio19.TextGrid,27,3,down,125.220,125.620,RB,6.1672,5.88,3
audio19.TextGrid,27,4,and,125.620,125.910,CC,5.7495,7.41,3
audio19.TextGrid,27,5,found,125.910,126.100,VBD,12.5597,5.68,4
audio19.TextGrid,27,6,the,126.100,126.170,DT,1.9196,7.73,2
audio19.TextGrid,27,7,tuna,126.170,126.440,NN,17.7402,3.64,4
audio19.TextGrid,27,8,under,126.440,126.710,IN,11.1149,5.73,4
audio19.TextGrid,27,9,the,126.710,126.820,DT,1.5825,7.73,2
audio19.TextGrid,27,10,stem,126.820,127.280,NN,16.0229,4.3,4
audio19.TextGrid,27,11,with,127.280,127.400,IN,8.1451,6.85,3
audio19.TextGrid,27,12,the,127.400,127.470,DT,3.2026,7.73,2
audio19.TextGrid,27,13,gaff,127.470,127.910,NN,18.0733,2.68,3
audio19.TextGrid,27,14,and,127.910,128.040,CC,8.6816,7.41,2
audio19.TextGrid,27,15,drew,128.040,128.230,VBD,13.8838,4.46,3
audio19.TextGrid,27,16,it,128.230,128.290,PRP,9.1445,6.95,2
audio19.TextGrid,27,17,toward,128.290,128.650,IN,12.6076,4.72,6
audio19.TextGrid,27,18,him,128.650,128.890,PRP,3.2140,6.11,3
audio19.TextGrid,27,19,keeping,128.890,129.250,VBG,17.3973,4.84,5
audio19.TextGrid,27,20,it,129.250,129.340,PRP,3.3298,6.95,2
audio19.TextGrid,27,21,clear,129.340,129.630,JJ,7.9724,5.25,4
audio19.TextGrid,27,22,of,129.630,129.700,IN,6.2984,7.4,2
audio19.TextGrid,27,23,the,129.700,129.780,DT,2.0728,7.73,2
audio19.TextGrid,27,24,coiled,129.780,130.220,JJ,21.4249,2.9,4
audio19.TextGrid,27,25,lines,130.220,130.770,NNS,9.7500,4.95,4
audio19.TextGrid,28,1,holding,131.450,131.760,VBG,22.8881,4.89,6
audio19.TextGrid,28,2,the,131.760,131.820,DT,4.3913,7.73,2
audio19.TextGrid,28,3,line,131.820,132.110,NN,7.8719,5.49,3
audio19.TextGrid,28,4,with,132.110,132.240,IN,7.5668,6.85,3
audio19.TextGrid,28,5,his,132.240,132.450,PRP$,7.6962,6.51,3
audio19.TextGrid,28,6,left,132.450,132.690,JJ,9.6229,5.62,4
audio19.TextGrid,28,7,shoulder,132.690,133.060,NN,12.2297,4.5,5
audio19.TextGrid,28,8,again,133.060,133.440,RB,11.0916,5.7,4
audio19.TextGrid,28,9,and,133.740,133.820,CC,6.2443,7.41,2
audio19.TextGrid,28,10,bracing,133.820,134.270,VBG,18.5956,3.12,6
audio19.TextGrid,28,11,on,134.270,134.400,IN,4.3984,6.91,2
audio19.TextGrid,28,12,his,134.400,134.570,PRP$,2.7791,6.51,3
audio19.TextGrid,28,13,left,134.570,134.830,JJ,4.4597,5.62,4
audio19.TextGrid,28,14,hand,134.830,135.110,NN,6.9979,5.41,4
audio19.TextGrid,28,15,and,135.110,135.270,CC,5.0437,7.41,3
audio19.TextGrid,28,16,arm,135.270,135.650,NN,9.3436,4.73,3
audio19.TextGrid,29,1,he,136.330,136.430,PRP,13.2074,6.69,2
audio19.TextGrid,29,2,took,136.430,136.600,VBD,12.9173,5.51,3
audio19.TextGrid,29,3,the,136.600,136.720,DT,1.8007,7.73,2
audio19.TextGrid,29,4,tuna,136.720,137.000,NN,16.6959,3.64,4
audio19.TextGrid,29,5,off,137.000,137.370,IN,13.8686,5.93,2
audio19.TextGrid,29,6,the,137.370,137.450,DT,2.5527,7.73,2
audio19.TextGrid,29,7,gaff,137.450,137.820,NN,19.6496,2.68,3
audio19.TextGrid,29,8,hook,137.820,138.100,NN,12.9761,4.37,3
audio19.TextGrid,29,9,and,138.100,138.210,CC,4.2648,7.41,2
audio19.TextGrid,29,10,put,138.210,138.400,VBD,8.8451,5.66,3
audio19.TextGrid,29,11,the,138.400,138.490,DT,1.9895,7.73,2
audio19.TextGrid,29,12,gaff,138.490,138.780,NN,7.6856,2.68,3
audio19.TextGrid,29,13,back,138.810,139.080,RB,4.3588,6.04,3
audio19.TextGrid,29,14,in,139.080,139.150,IN,1.8374,7.27,2
audio19.TextGrid,29,15,place,139.150,139.680,NN,9.6815,5.71,4
audio19.TextGrid,30,1,he,140.440,140.520,PRP,13.2074,6.69,2
audio19.TextGrid,30,2,put,140.520,140.780,VBD,13.7935,5.66,3
audio19.TextGrid,30,3,one,140.780,140.950,CD,8.1570,6.47,3
audio19.TextGrid,30,4,knee,140.950,141.230,NN,15.3869,4.33,2
audio19.TextGrid,30,5,on,141.230,141.350,IN,2.0734,6.91,2
audio19.TextGrid,30,6,the,141.350,141.430,DT,1.6971,7.73,2
audio19.TextGrid,30,7,fish,141.430,141.810,NN,14.9166,4.9,3
audio19.TextGrid,30,8,and,141.810,141.980,CC,4.1979,7.41,3
audio19.TextGrid,30,9,cut,141.980,142.120,VB,10.5910,5.24,3
audio19.TextGrid,30,10,strips,142.120,142.490,NNS,21.2903,3.86,6
audio19.TextGrid,30,11,of,142.490,142.580,IN,3.0446,7.4,2
audio19.TextGrid,30,12,dark,142.580,142.970,JJ,10.1929,5.04,4
audio19.TextGrid,30,13,red,142.970,143.220,JJ,9.5216,5.32,3
audio19.TextGrid,30,14,meat,143.220,143.490,NN,11.9545,4.63,3
audio19.TextGrid,30,15,longitudinally,143.490,144.370,RB,51.8562,2.53,13
audio19.TextGrid,30,16,from,144.370,144.540,IN,6.4352,6.63,4
audio19.TextGrid,30,17,the,144.540,144.600,DT,1.3343,7.73,2
audio19.TextGrid,30,18,back,144.600,144.870,NN,6.2640,6.04,3
audio19.TextGrid,30,19,of,144.870,144.950,IN,0.5326,7.4,2
audio19.TextGrid,30,20,the,144.950,145.050,DT,2.6347,7.73,2
audio19.TextGrid,30,21,head,145.050,145.300,NN,4.7351,5.51,3
audio19.TextGrid,30,22,to,145.300,145.400,TO,5.1012,7.43,2
audio19.TextGrid,30,23,the,145.400,145.500,DT,1.3642,7.73,2
audio19.TextGrid,30,24,tail,145.500,145.950,NN,8.0073,4.34,3
audio19.TextGrid,31,1,they,146.750,146.850,PRP,20.3883,6.5,2
audio19.TextGrid,31,2,were,146.850,146.970,VBD,5.8725,6.34,2
audio19.TextGrid,31,3,wedge,146.970,147.310,NN,18.4285,3.62,3
audio19.TextGrid,31,4,shaped,147.310,147.630,VBN,18.1224,4.38,4
audio19.TextGrid,31,5,strips,147.630,148.280,NNS,24.3654,3.86,6
audio19.TextGrid,31,6,and,148.280,148.450,CC,5.2754,7.41,2
audio19.TextGrid,31,7,he,148.450,148.580,PRP,7.6437,6.69,2
audio19.TextGrid,31,8,cut,148.580,148.850,VBD,12.2473,5.24,3
audio19.TextGrid,31,9,them,148.850,149.070,PRP,2.9198,6.19,3
audio19.TextGrid,31,10,from,149.070,149.330,IN,5.8997,6.63,4
audio19.TextGrid,31,11,next,149.330,149.560,JJ,12.6120,5.7,4
audio19.TextGrid,31,12,to,149.560,149.670,TO,0.9980,7.43,2
audio19.TextGrid,31,13,the,149.670,149.760,DT,2.4205,7.73,2
audio19.TextGrid,31,14,back,149.760,150.010,NN,5.7581,6.04,3
audio19.TextGrid,31,15,bone,150.010,150.350,NN,14.2755,4.47,3
audio19.TextGrid,31,16,down,150.350,150.590,RB,10.3520,5.88,3
audio19.TextGrid,31,17,to,150.590,150.660,TO,3.1794,7.43,2
audio19.TextGrid,31,18,the,150.660,150.830,DT,1.5171,7.73,2
audio19.TextGrid,31,19,edge,150.830,150.970,NN,10.4462,4.74,2
audio19.TextGrid,31,20,of,150.970,151.040,IN,2.0706,7.4,2
audio19.TextGrid,31,21,the,151.040,151.110,DT,0.5424,7.73,2
audio19.TextGrid,31,22,belly,151.110,151.510,NN,17.8863,4.1,4
audio19.TextGrid,32,1,when,152.340,152.470,WRB,14.5784,6.37,3
audio19.TextGrid,32,2,he,152.470,152.530,PRP,8.1418,6.69,2
audio19.TextGrid,32,3,had,152.530,152.640,VBD,6.1627,6.33,3
audio19.TextGrid,32,4,cut,152.640,152.910,VBN,12.1487,5.24,3
audio19.TextGrid,32,5,six,152.910,153.200,CD,12.1182,5.29,4
audio19.TextGrid,32,6,strips,153.200,153.630,NNS,13.0962,3.86,6
audio19.TextGrid,32,7,he,153.630,153.780,PRP,9.7545,6.69,2
audio19.TextGrid,32,8,spread,153.780,154.090,VBD,13.6029,4.81,5
audio19.TextGrid,32,9,them,154.090,154.240,PRP,5.9366,6.19,3
audio19.TextGrid,32,10,out,154.240,154.420,RP,4.1701,6.38,2
audio19.TextGrid,32,11,on,154.420,154.520,IN,4.4778,6.91,2
audio19.TextGrid,32,12,the,154.520,154.580,DT,1.6875,7.73,2
audio19.TextGrid,32,13,wood,154.580,154.780,NN,10.7583,4.78,3
audio19.TextGrid,32,14,of,154.780,154.860,IN,7.5790,7.4,2
audio19.TextGrid,32,15,the,154.860,154.950,DT,1.1375,7.73,2
audio19.TextGrid,32,16,bow,154.950,155.360,NN,12.2956,4.3,2
audio19.TextGrid,32,17,wiped,155.480,155.770,VBD,26.2593,3.86,4
audio19.TextGrid,32,18,his,155.770,155.940,PRP$,9.0915,6.51,3
audio19.TextGrid,32,19,knife,155.940,156.220,NN,7.9994,4.41,3
audio19.TextGrid,32,20,on,156.220,156.360,IN,3.9569,6.91,2
audio19.TextGrid,32,21,his,156.360,156.520,PRP$,2.0221,6.51,3
audio19.TextGrid,32,22,trousers,156.520,157.070,NNS,21.4764,3.7,6
audio19.TextGrid,33,1,and,157.540,157.680,CC,13.4350,7.41,3
audio19.TextGrid,33,2,lifted,157.680,157.980,VBD,21.4762,4.1,6
audio19.TextGrid,33,3,the,157.980,158.060,DT,3.3815,7.73,2
audio19.TextGrid,33,4,carcass,158.060,158.540,NN,17.2387,3.21,6
audio19.TextGrid,33,5,of,158.540,158.620,IN,5.7488,7.4,2
audio19.TextGrid,33,6,the,158.620,158.720,DT,1.5775,7.73,2
audio19.TextGrid,33,7,bonito,158.720,159.090,NN,25.5856,2.5,6
audio19.TextGrid,33,8,by,159.090,159.260,IN,8.0951,6.66,2
audio19.TextGrid,33,9,the,159.260,159.370,DT,3.5564,7.73,2
audio19.TextGrid,33,10,tail,159.370,159.810,NN,11.2281,4.34,3
audio19.TextGrid,33,11,and,159.810,159.880,CC,4.3874,7.41,2
audio19.TextGrid,33,12,dropped,159.880,160.190,VBD,13.8067,4.73,5
audio19.TextGrid,33,13,it,160.190,160.270,PRP,2.6259,6.95,2
audio19.TextGrid,33,14,overboard,160.270,160.870,RP,21.5998,3.43,7
audio19.TextGrid,34,1,i,162.540,162.660,JJ,5.7704,7.09,1
audio19.TextGrid,34,2,don,162.660,162.850,VBP,12.7461,4.6,3
audio19.TextGrid,34,3,t,162.850,162.880,JJ,8.0327,5.43,1
audio19.TextGrid,34,4,think,162.880,163.070,VBP,7.8655,6.08,4
audio19.TextGrid,34,5,i,163.070,163.180,NNS,2.3719,7.09,1
audio19.TextGrid,34,6,can,163.180,163.330,MD,3.1343,6.46,3
audio19.TextGrid,34,7,eat,163.330,163.490,VB,9.5693,5.13,2
audio19.TextGrid,34,8,an,163.490,163.590,DT,6.5574,6.53,2
audio19.TextGrid,34,9,entire,163.590,164.060,JJ,6.4060,5.09,5
audio19.TextGrid,34,10,one,164.060,164.370,NN,10.2747,6.47,3
audio19.TextGrid,34,11,he,164.620,164.740,PRP,11.0119,6.69,2
audio19.TextGrid,34,12,said,164.740,165.090,VBD,8.3208,6.01,3
audio19.TextGrid,34,13,and,165.420,165.520,CC,7.5001,7.41,2
audio19.TextGrid,34,14,drew,165.520,165.720,VBD,17.2765,4.46,3
audio19.TextGrid,34,15,his,165.720,165.920,PRP$,3.5096,6.51,3
audio19.TextGrid,34,16,knife,165.920,166.230,NN,10.9247,4.41,3
audio19.TextGrid,34,17,across,166.230,166.620,IN,11.1800,5.25,5
audio19.TextGrid,34,18,one,166.620,166.730,CD,9.6626,6.47,3
audio19.TextGrid,34,19,of,166.730,166.800,IN,0.8817,7.4,2
audio19.TextGrid,34,20,the,166.800,166.890,DT,1.6200,7.73,2
audio19.TextGrid,34,21,strips,166.890,167.420,NNS,15.0289,3.86,6
audio19.TextGrid,35,1,he,168.790,168.880,PRP,13.2074,6.69,2
audio19.TextGrid,35,2,could,168.880,169.070,MD,13.1592,6.06,3
audio19.TextGrid,35,3,feel,169.070,169.300,VB,10.7618,5.67,3
audio19.TextGrid,35,4,the,169.300,169.400,DT,4.4560,7.73,2
audio19.TextGrid,35,5,steady,169.400,169.800,JJ,17.5156,4.31,5
audio19.TextGrid,35,6,hard,169.800,170.030,JJ,11.8469,5.53,4
audio19.TextGrid,35,7,pull,170.030,170.230,NN,13.0503,4.82,3
audio19.TextGrid,35,8,of,170.230,170.290,IN,4.4367,7.4,2
audio19.TextGrid,35,9,the,170.290,170.400,DT,3.2870,7.73,2
audio19.TextGrid,35,10,line,170.400,170.840,NN,10.1330,5.49,3
audio19.TextGrid,35,11,and,171.020,171.140,CC,5.8692,7.41,2
audio19.TextGrid,35,12,his,171.140,171.280,PRP$,7.1520,6.51,3
audio19.TextGrid,35,13,left,171.280,171.510,JJ,9.1352,5.62,4
audio19.TextGrid,35,14,hand,171.510,171.730,NN,5.6524,5.41,4
audio19.TextGrid,35,15,was,171.730,171.880,VBD,5.7958,6.82,3
audio19.TextGrid,35,16,cramped,171.880,172.470,VBN,17.2432,3.28,6
audio19.TextGrid,36,1,it,173.390,173.580,PRP,11.0007,6.95,2
audio19.TextGrid,36,2,drew,173.580,173.740,VBD,20.6618,4.46,3
audio19.TextGrid,36,3,up,173.740,173.890,RP,8.0144,6.39,2
audio19.TextGrid,36,4,tight,173.940,174.230,NN,14.9738,4.57,3
audio19.TextGrid,36,5,on,174.230,174.350,IN,5.6209,6.91,2
audio19.TextGrid,36,6,the,174.350,174.410,DT,2.7446,7.73,2
audio19.TextGrid,36,7,heavy,174.410,174.670,JJ,13.0651,4.96,4
audio19.TextGrid,36,8,cord,174.670,175.120,NN,14.2703,3.98,4
audio19.TextGrid,36,9,and,175.120,175.260,CC,5.8625,7.41,2
audio19.TextGrid,36,10,he,175.260,175.410,PRP,5.0324,6.69,2
audio19.TextGrid,36,11,looked,175.410,175.660,VBD,12.0134,5.11,4
audio19.TextGrid,36,12,at,175.660,175.810,IN,3.9597,6.7,2
audio19.TextGrid,36,13,it,175.810,175.920,PRP,2.7982,6.95,2
audio19.TextGrid,36,14,in,175.920,176.040,IN,4.1143,7.27,2
audio19.TextGrid,36,15,disgust,176.040,176.670,NN,8.9377,3.61,7
audio20.TextGrid,1,1,what,0.910,1.140,WP,13.9100,6.38,4
audio20.TextGrid,1,2,kind,1.150,1.420,NN,10.5225,5.45,3
audio20.TextGrid,1,3,of,1.420,1.520,IN,0.1342,7.4,2
audio20.TextGrid,1,4,a,1.520,1.560,DT,5.8266,7.36,1
audio20.TextGrid,1,5,hand,1.560,1.940,NN,10.2903,5.41,4
audio20.TextGrid,1,6,is,1.940,2.110,VBZ,3.2207,7.07,2
audio20.TextGrid,1,7,that,2.110,2.560,IN,4.8389,7.01,3
audio20.TextGrid,1,8,he,2.780,2.890,PRP,9.0241,6.69,2
audio20.TextGrid,1,9,said,2.890,3.310,VBD,7.9760,6.01,3
audio20.TextGrid,2,1,cramp,3.920,4.340,NN,23.3833,3.04,5
audio20.TextGrid,2,2,then,4.340,4.540,RB,14.4859,6.07,3
audio20.TextGrid,2,3,if,4.540,4.650,IN,9.3922,6.47,2
audio20.TextGrid,2,4,you,4.650,4.730,PRP,1.2710,6.98,2
audio20.TextGrid,2,5,want,4.730,5.120,VBP,2.6191,6.04,4
audio20.TextGrid,2,6,make,5.370,5.580,VB,12.4017,6.08,3
audio20.TextGrid,2,7,yourself,5.580,5.980,PRP,8.7556,5.31,6
audio20.TextGrid,2,8,into,5.980,6.190,IN,9.6861,6.11,4
audio20.TextGrid,2,9,a,6.190,6.230,DT,0.9205,7.36,1
audio20.TextGrid,2,10,claw,6.230,6.730,NN,14.2304,3.59,3
audio20.TextGrid,3,1,it,7.170,7.300,PRP,11.0007,6.95,2
audio20.TextGrid,3,2,will,7.300,7.400,MD,8.1656,6.45,3
audio20.TextGrid,3,3,do,7.400,7.530,VB,9.3637,6.35,2
audio20.TextGrid,3,4,you,7.530,7.680,PRP,5.1181,6.98,2
audio20.TextGrid,3,5,no,7.680,7.870,DT,4.2676,6.35,2
audio20.TextGrid,3,6,good,7.870,8.260,JJ,0.6960,6.12,3
audio20.TextGrid,4,1,come,10.400,10.590,VB,18.2244,5.78,3
audio20.TextGrid,4,2,on,10.590,10.930,IN,1.2720,6.91,2
audio20.TextGrid,4,3,he,10.930,11.260,PRP,13.2326,6.69,2
audio20.TextGrid,4,4,thought,11.260,11.620,VBD,17.2821,5.59,3
audio20.TextGrid,4,5,and,11.620,11.790,CC,6.4002,7.41,3
audio20.TextGrid,4,6,looked,11.790,11.970,VBD,13.3506,5.11,4
audio20.TextGrid,4,7,down,11.970,12.230,RB,7.3030,5.88,3
audio20.TextGrid,4,8,into,12.230,12.380,IN,5.9886,6.11,4
audio20.TextGrid,4,9,the,12.380,12.480,DT,1.0312,7.73,2
audio20.TextGrid,4,10,dark,12.480,12.780,JJ,5.1611,5.04,4
audio20.TextGrid,4,11,water,12.780,13.120,NN,9.3774,5.52,4
audio20.TextGrid,4,12,at,13.120,13.230,IN,7.7587,6.7,2
audio20.TextGrid,4,13,the,13.230,13.310,DT,1.3749,7.73,2
audio20.TextGrid,4,14,slant,13.310,13.640,NN,15.8154,3.18,5
audio20.TextGrid,4,15,of,13.640,13.700,IN,3.1385,7.4,2
audio20.TextGrid,4,16,the,13.700,13.800,DT,1.1677,7.73,2
audio20.TextGrid,4,17,line,13.800,14.160,NN,10.5006,5.49,3
audio20.TextGrid,5,1,eat,15.000,15.160,NN,18.2090,5.13,2
audio20.TextGrid,5,2,it,15.160,15.330,PRP,7.3165,6.95,2
audio20.TextGrid,5,3,now,15.330,15.660,RB,4.5672,6.18,2
audio20.TextGrid,5,4,and,15.660,15.760,CC,6.2356,7.41,3
audio20.TextGrid,5,5,it,15.760,15.880,PRP,5.5083,6.95,2
audio20.TextGrid,5,6,will,15.880,15.970,MD,1.6807,6.45,3
audio20.TextGrid,5,7,strengthen,15.970,16.350,VB,14.6351,4.04,8
audio20.TextGrid,5,8,the,16.350,16.430,DT,4.3748,7.73,2
audio20.TextGrid,5,9,hand,16.430,16.900,NN,10.8382,5.41,4
audio20.TextGrid,6,1,it,17.520,17.610,PRP,11.0007,6.95,2
audio20.TextGrid,6,2,is,17.610,17.700,VBZ,3.1661,7.07,2
audio20.TextGrid,6,3,not,17.700,17.850,RB,5.7860,6.69,3
audio20.TextGrid,6,4,the,17.850,17.960,DT,4.5400,7.73,2
audio20.TextGrid,6,5,hand,17.960,18.230,NN,10.1608,5.41,4
audio20.TextGrid,6,6,s,18.230,18.330,NN,10.0456,5.86,1
audio20.TextGrid,6,7,fault,18.330,18.670,NN,21.1870,4.64,4
audio20.TextGrid,6,8,and,18.670,18.770,CC,8.6872,7.41,2
audio20.TextGrid,6,9,you,18.770,18.900,PRP,5.0663,6.98,2
audio20.TextGrid,6,10,have,18.900,18.990,VBP,3.1864,6.71,3
audio20.TextGrid,6,11,been,18.990,19.130,VBN,3.4312,6.27,3
audio20.TextGrid,6,12,many,19.130,19.400,JJ,13.6964,5.91,4
audio20.TextGrid,6,13,hours,19.400,19.790,NNS,3.4274,5.4,3
audio20.TextGrid,6,14,with,19.790,19.900,IN,6.5696,6.85,3
audio20.TextGrid,6,15,the,19.900,19.980,DT,2.9148,7.73,2
audio20.TextGrid,6,16,fish,19.980,20.350,NN,12.5552,4.9,3
audio20.TextGrid,7,1,but,21.270,21.470,CC,16.1685,6.63,3
audio20.TextGrid,7,2,you,21.470,21.540,PRP,7.2748,6.98,2
audio20.TextGrid,7,3,can,21.540,21.660,MD,3.1973,6.46,3
audio20.TextGrid,7,4,stay,21.660,21.900,VB,6.3810,5.33,3
audio20.TextGrid,7,5,with,21.900,22.060,IN,3.7767,6.85,3
audio20.TextGrid,7,6,him,22.060,22.190,PRP,7.9944,6.11,3
audio20.TextGrid,7,7,forever,22.190,22.730,RB,11.1259,4.74,5
audio20.TextGrid,8,1,eat,23.430,23.570,VB,18.2090,5.13,2
audio20.TextGrid,8,2,the,23.570,23.680,DT,3.3842,7.73,2
audio20.TextGrid,8,3,bonito,23.680,24.110,NN,28.4676,2.5,6
audio20.TextGrid,8,4,now,24.110,24.590,RB,10.0285,6.18,2
audio20.TextGrid,9,1,he,26.760,26.860,PRP,13.2074,6.69,2
audio20.TextGrid,9,2,picked,26.860,27.100,VBD,16.4090,4.72,4
audio20.TextGrid,9,3,up,27.100,27.220,RP,2.7157,6.39,2
audio20.TextGrid,9,4,a,27.220,27.270,DT,3.7386,7.36,1
audio20.TextGrid,9,5,piece,27.270,27.630,NN,8.9043,5.04,3
audio20.TextGrid,9,6,and,27.630,27.740,CC,5.3277,7.41,2
audio20.TextGrid,9,7,put,27.740,27.980,VB,8.5243,5.66,3
audio20.TextGrid,9,8,it,27.980,28.080,PRP,1.3233,6.95,2
audio20.TextGrid,9,9,in,28.080,28.190,IN,1.5032,7.27,2
audio20.TextGrid,9,10,his,28.190,28.340,PRP$,1.0385,6.51,3
audio20.TextGrid,9,11,mouth,28.340,28.690,NN,5.6777,4.83,3
audio20.TextGrid,9,12,and,28.690,28.830,CC,3.2379,7.41,3
audio20.TextGrid,9,13,chewed,28.830,29.100,VBD,13.8194,3.24,3
audio20.TextGrid,9,14,it,29.100,29.210,PRP,2.0285,6.95,2
audio20.TextGrid,9,15,slowly,29.210,29.720,RB,12.1472,4.63,5
audio20.TextGrid,10,1,it,30.490,30.600,PRP,11.0007,6.95,2
audio20.TextGrid,10,2,was,30.600,30.730,VBD,3.5298,6.82,3
audio20.TextGrid,10,3,not,30.730,30.910,RB,8.2837,6.69,3
audio20.TextGrid,10,4,unpleasant,30.910,31.530,JJ,19.1366,3.8,9
audio20.TextGrid,11,1,chew,33.000,33.220,NN,22.0882,3.66,2
audio20.TextGrid,11,2,it,33.220,33.310,PRP,8.8920,6.95,2
audio20.TextGrid,11,3,well,33.310,33.640,RB,10.2327,6.03,3
audio20.TextGrid,11,4,he,33.800,33.930,PRP,10.0011,6.69,2
audio20.TextGrid,11,5,thought,33.930,34.300,VBD,13.5887,5.59,3
audio20.TextGrid,11,6,and,34.580,34.640,CC,8.1130,7.41,2
audio20.TextGrid,11,7,get,34.640,34.810,VB,9.6784,6.28,3
audio20.TextGrid,11,8,all,34.810,34.970,DT,8.0254,6.52,2
audio20.TextGrid,11,9,the,34.970,35.070,DT,1.1025,7.73,2
audio20.TextGrid,11,10,juices,35.070,35.740,NNS,15.7335,3.42,5
audio20.TextGrid,12,1,it,36.570,36.720,PRP,11.0007,6.95,2
audio20.TextGrid,12,2,would,36.720,36.840,MD,8.7915,6.27,3
audio20.TextGrid,12,3,not,36.840,37.110,RB,5.0067,6.69,3
audio20.TextGrid,12,4,be,37.110,37.210,VB,2.3850,6.79,2
audio20.TextGrid,12,5,had,37.210,37.450,VBN,13.5118,6.33,3
audio20.TextGrid,12,6,to,37.450,37.530,TO,4.9772,7.43,2
audio20.TextGrid,12,7,eat,37.530,37.710,VB,8.7003,5.13,2
audio20.TextGrid,12,8,with,37.710,37.830,IN,6.8530,6.85,3
audio20.TextGrid,12,9,a,37.830,37.860,DT,2.9304,7.36,1
audio20.TextGrid,12,10,little,37.860,38.070,JJ,6.4760,5.75,5
audio20.TextGrid,12,11,lime,38.070,38.560,NN,12.8573,3.86,3
audio20.TextGrid,12,12,or,38.560,38.710,CC,5.7566,6.54,2
audio20.TextGrid,12,13,with,38.710,38.930,IN,6.8202,6.85,3
audio20.TextGrid,12,14,lemon,38.930,39.240,JJ,12.8904,4.1,5
audio20.TextGrid,12,15,or,39.240,39.270,CC,7.2161,6.54,1
audio20.TextGrid,12,16,with,39.570,39.910,IN,1.6311,6.85,3
audio20.TextGrid,12,17,salt,39.910,40.380,NN,9.8523,4.6,4
audio20.TextGrid,13,1,how,42.470,42.610,WRB,14.0279,6.24,2
audio20.TextGrid,13,2,do,42.610,42.690,VBP,4.4577,6.35,2
audio20.TextGrid,13,3,you,42.690,42.800,PRP,1.6343,6.98,2
audio20.TextGrid,13,4,feel,42.800,43.160,VB,5.7110,5.67,3
audio20.TextGrid,13,5,hand,43.160,43.520,NN,15.8687,5.41,4
audio20.TextGrid,13,6,he,43.520,43.860,PRP,15.6546,6.69,2
audio20.TextGrid,13,7,asked,43.860,44.080,VBD,16.1404,5.3,3
audio20.TextGrid,13,8,the,44.100,44.190,DT,6.9718,7.73,2
audio20.TextGrid,13,9,cramped,44.190,44.560,JJ,23.9543,3.28,6
audio20.TextGrid,13,10,hand,44.560,44.790,NN,9.9557,5.41,4
audio20.TextGrid,13,11,that,44.790,44.920,WDT,5.7342,7.01,3
audio20.TextGrid,13,12,was,44.920,45.020,VBD,4.7897,6.82,3
audio20.TextGrid,13,13,almost,45.020,45.440,RB,10.9867,5.39,6
audio20.TextGrid,13,14,as,45.440,45.530,RB,8.3257,6.77,2
audio20.TextGrid,13,15,stiff,45.530,45.890,JJ,17.1605,3.9,4
audio20.TextGrid,13,16,as,45.890,46.030,IN,1.5997,6.77,2
audio20.TextGrid,13,17,rigor,46.030,46.310,NN,21.3716,3.07,4
audio20.TextGrid,13,18,mortis,46.310,46.840,NN,16.3687,2.63,6
audio20.TextGrid,14,1,i,47.760,47.890,NN,5.7704,7.09,1
audio20.TextGrid,14,2,ll,47.890,47.960,VBP,21.2778,4.66,1
audio20.TextGrid,14,3,eat,47.960,48.120,VB,18.7517,5.13,2
audio20.TextGrid,14,4,some,48.120,48.280,DT,7.5014,6.2,3
audio20.TextGrid,14,5,more,48.280,48.540,JJR,5.5877,6.36,3
audio20.TextGrid,14,6,for,48.540,48.790,IN,7.7913,7.01,3
audio20.TextGrid,14,7,you,48.790,48.980,PRP,2.9552,6.98,2
audio20.TextGrid,15,1,he,50.810,50.970,PRP,13.2074,6.69,2
audio20.TextGrid,15,2,ate,50.970,51.060,VBD,18.5371,4.34,2
audio20.TextGrid,15,3,the,51.060,51.240,DT,3.4897,7.73,2
audio20.TextGrid,15,4,other,51.240,51.390,JJ,9.5071,6.16,3
audio20.TextGrid,15,5,part,51.390,51.620,NN,6.1959,5.78,4
audio20.TextGrid,15,6,of,51.620,51.690,IN,1.7412,7.4,2
audio20.TextGrid,15,7,the,51.690,51.770,DT,0.9736,7.73,2
audio20.TextGrid,15,8,piece,51.770,52.100,NN,10.6751,5.04,3
audio20.TextGrid,15,9,that,52.100,52.220,IN,6.0519,7.01,3
audio20.TextGrid,15,10,he,52.220,52.280,PRP,4.9412,6.69,2
audio20.TextGrid,15,11,had,52.280,52.390,VBD,7.0175,6.33,3
audio20.TextGrid,15,12,cut,52.390,52.610,VBN,11.8980,5.24,3
audio20.TextGrid,15,13,in,52.610,52.730,IN,5.1054,7.27,2
audio20.TextGrid,15,14,two,52.730,53.090,CD,7.9674,6.1,2
audio20.TextGrid,15,15,he,53.480,53.590,PRP,8.3368,6.69,2
audio20.TextGrid,15,16,chewed,53.590,53.830,VBD,21.0932,3.24,3
audio20.TextGrid,15,17,it,53.830,53.930,PRP,6.5436,6.95,2
audio20.TextGrid,15,18,carefully,53.930,54.440,RB,12.2541,4.46,7
audio20.TextGrid,15,19,and,54.440,54.520,CC,3.9623,7.41,2
audio20.TextGrid,15,20,then,54.520,54.720,RB,4.2682,6.07,3
audio20.TextGrid,15,21,spat,54.720,55.040,VB,16.6215,3.3,4
audio20.TextGrid,15,22,out,55.040,55.160,RP,6.4413,6.38,2
audio20.TextGrid,15,23,the,55.160,55.290,DT,2.6382,7.73,2
audio20.TextGrid,15,24,skin,55.290,55.520,NN,10.4850,4.91,4
audio20.TextGrid,15,25,how,55.520,55.610,WRB,9.8461,6.24,2
audio20.TextGrid,16,1,does,56.850,57.050,VBZ,18.3015,5.74,3
audio20.TextGrid,16,2,it,57.050,57.230,PRP,2.5290,6.95,2
audio20.TextGrid,16,3,go,57.230,57.570,VB,7.4260,6.03,2
audio20.TextGrid,16,4,hand,57.570,58.000,NN,17.0825,5.41,4
audio20.TextGrid,16,5,or,58.320,58.450,CC,9.4015,6.54,2
audio20.TextGrid,16,6,is,58.450,58.560,VBZ,5.2630,7.07,2
audio20.TextGrid,16,7,it,58.560,58.740,PRP,0.2033,6.95,2
audio20.TextGrid,16,8,too,58.740,58.920,RB,6.8846,5.95,2
audio20.TextGrid,16,9,early,58.920,59.100,JJ,10.0906,5.43,3
audio20.TextGrid,16,10,to,59.100,59.240,TO,5.8058,7.43,2
audio20.TextGrid,16,11,know,59.240,59.580,VB,8.0978,6.1,2
audio20.TextGrid,17,1,he,61.050,61.150,PRP,13.2074,6.69,2
audio20.TextGrid,17,2,took,61.150,61.330,VBD,12.9173,5.51,3
audio20.TextGrid,17,3,another,61.330,61.650,DT,11.1919,5.74,5
audio20.TextGrid,17,4,full,61.650,61.900,JJ,11.8755,5.54,3
audio20.TextGrid,17,5,piece,61.900,62.300,NN,11.6945,5.04,3
audio20.TextGrid,17,6,and,62.300,62.470,CC,5.6417,7.41,3
audio20.TextGrid,17,7,chewed,62.470,62.720,VBD,19.1928,3.24,3
audio20.TextGrid,17,8,it,62.720,62.930,PRP,3.5560,6.95,2
audio20.TextGrid,18,1,it,64.310,64.470,PRP,11.0007,6.95,2
audio20.TextGrid,18,2,is,64.470,64.580,VBZ,3.1661,7.07,2
audio20.TextGrid,18,3,a,64.580,64.660,DT,4.7873,7.36,1
audio20.TextGrid,18,4,strong,64.660,65.270,JJ,10.5516,5.22,5
audio20.TextGrid,18,5,full,65.270,65.540,JJ,14.2801,5.54,3
audio20.TextGrid,18,6,blooded,65.540,65.970,VBD,13.8048,3.34,6
audio20.TextGrid,18,7,fish,65.970,66.380,NN,9.9440,4.9,3
audio20.TextGrid,18,8,he,66.520,66.610,PRP,12.6653,6.69,2
audio20.TextGrid,18,9,thought,66.610,66.980,VBD,14.3319,5.59,3
audio20.TextGrid,18,10,i,67.300,67.410,NN,5.9800,7.09,1
audio20.TextGrid,18,11,was,67.410,67.600,VBD,1.3333,6.82,3
audio20.TextGrid,18,12,lucky,67.600,67.850,JJ,12.4094,4.77,4
audio20.TextGrid,18,13,to,67.850,67.950,TO,3.1244,7.43,2
audio20.TextGrid,18,14,get,67.950,68.150,VB,5.3688,6.28,3
audio20.TextGrid,18,15,him,68.150,68.330,PRP,5.0469,6.11,3
audio20.TextGrid,18,16,instead,68.330,68.650,RB,15.2857,5.24,6
audio20.TextGrid,18,17,of,68.650,68.720,IN,0.1483,7.4,2
audio20.TextGrid,18,18,dolphin,68.720,69.240,NN,21.4707,3.67,6
audio20.TextGrid,19,1,dolphin,70.000,70.330,NN,20.1406,3.67,6
audio20.TextGrid,19,2,is,70.330,70.440,VBZ,9.2940,7.07,2
audio20.TextGrid,19,3,too,70.440,70.610,RB,14.0326,5.95,2
audio20.TextGrid,19,4,sweet,70.610,71.120,JJ,11.7117,4.91,4
audio20.TextGrid,20,1,this,71.770,71.940,DT,14.7183,6.82,3
audio20.TextGrid,20,2,is,71.940,72.050,VBZ,1.9541,7.07,2
audio20.TextGrid,20,3,hardly,72.050,72.390,RB,18.8709,4.53,6
audio20.TextGrid,20,4,sweet,72.390,72.650,JJ,12.4425,4.91,4
audio20.TextGrid,20,5,at,72.650,72.750,IN,7.5075,6.7,2
audio20.TextGrid,20,6,all,72.750,73.140,DT,3.9742,6.52,2
audio20.TextGrid,20,7,and,73.140,73.260,CC,6.9604,7.41,2
audio20.TextGrid,20,8,all,73.260,73.430,PDT,8.0276,6.52,2
audio20.TextGrid,20,9,the,73.430,73.540,DT,4.1435,7.73,2
audio20.TextGrid,20,10,strength,73.540,73.940,NN,13.3651,4.8,6
audio20.TextGrid,20,11,is,73.940,74.060,VBZ,3.6018,7.07,2
audio20.TextGrid,20,12,still,74.060,74.350,RB,5.5607,5.92,4
audio20.TextGrid,20,13,in,74.350,74.450,IN,3.7236,7.27,2
audio20.TextGrid,20,14,it,74.490,74.660,PRP,5.2750,6.95,2
audio20.TextGrid,21,1,there,76.910,77.060,EX,14.3662,6.31,3
audio20.TextGrid,21,2,is,77.060,77.190,VBZ,2.9819,7.07,2
audio20.TextGrid,21,3,no,77.190,77.380,DT,1.9765,6.35,2
audio20.TextGrid,21,4,sense,77.380,77.730,NN,9.8265,5.19,4
audio20.TextGrid,21,5,in,77.730,77.850,IN,3.1047,7.27,2
audio20.TextGrid,21,6,being,77.850,78.150,VBG,6.8520,5.95,4
audio20.TextGrid,21,7,anything,78.150,78.510,NN,13.8507,5.55,6
audio20.TextGrid,21,8,but,78.510,78.660,CC,2.2554,6.63,3
audio20.TextGrid,21,9,practical,78.660,79.190,JJ,15.7702,4.48,9
audio20.TextGrid,21,10,though,79.190,79.460,IN,10.2024,5.5,2
audio20.TextGrid,21,11,he,79.640,79.760,PRP,15.1740,6.69,2
audio20.TextGrid,21,12,thought,79.760,80.090,VBD,11.0094,5.59,3
audio20.TextGrid,22,1,i,80.730,80.830,JJ,5.7704,7.09,1
audio20.TextGrid,22,2,wish,80.830,81.040,NN,15.6467,5.18,3
audio20.TextGrid,22,3,i,81.040,81.150,NN,1.5954,7.09,1
audio20.TextGrid,22,4,had,81.150,81.320,VBD,4.2127,6.33,3
audio20.TextGrid,22,5,some,81.320,81.450,DT,5.0379,6.2,3
audio20.TextGrid,22,6,salt,81.450,81.910,NN,13.8803,4.6,4
audio20.TextGrid,23,1,and,83.010,83.110,CC,13.4350,7.41,3
audio20.TextGrid,23,2,i,83.110,83.220,VB,8.4071,7.09,1
audio20.TextGrid,23,3,do,83.220,83.350,VBP,7.2944,6.35,2
audio20.TextGrid,23,4,not,83.350,83.560,RB,1.0267,6.69,3
audio20.TextGrid,23,5,know,83.560,83.690,VB,3.3184,6.1,2
audio20.TextGrid,23,6,whether,83.690,83.940,IN,11.3183,5.32,4
audio20.TextGrid,23,7,the,83.940,84.050,DT,3.1470,7.73,2
audio20.TextGrid,23,8,sun,84.050,84.290,NN,9.9847,4.97,3
audio20.TextGrid,23,9,will,84.290,84.620,MD,5.0923,6.45,3
audio20.TextGrid,23,10,rot,84.620,84.910,VB,16.8143,3.7,3
audio20.TextGrid,23,11,or,84.910,85.090,CC,12.3406,6.54,2
audio20.TextGrid,23,12,dry,85.090,85.450,VB,11.7446,4.74,3
audio20.TextGrid,23,13,what,85.450,85.630,WP,10.3156,6.38,3
audio20.TextGrid,23,14,is,85.630,85.790,VBZ,4.0524,7.07,2
audio20.TextGrid,23,15,left,85.790,86.090,VBN,8.8039,5.62,4
audio20.TextGrid,23,16,so,86.090,86.240,RB,9.2021,6.52,2
audio20.TextGrid,23,17,i,86.240,86.340,JJ,1.9229,7.09,1
audio20.TextGrid,23,18,had,86.340,86.500,VBD,7.1860,6.33,3
audio20.TextGrid,23,19,better,86.500,86.790,RBR,8.2127,5.76,4
audio20.TextGrid,23,20,eat,86.790,86.980,VB,11.1078,5.13,2
audio20.TextGrid,23,21,it,86.980,87.090,PRP,4.0282,6.95,2
audio20.TextGrid,23,22,all,87.090,87.510,DT,6.5084,6.52,2
audio20.TextGrid,23,23,although,87.790,88.110,IN,17.4162,5.3,4
audio20.TextGrid,23,24,i,88.110,88.240,NN,3.1518,7.09,1
audio20.TextGrid,23,25,am,88.240,88.340,VBP,3.6654,5.78,2
audio20.TextGrid,23,26,not,88.340,88.530,RB,3.3300,6.69,3
audio20.TextGrid,23,27,hungry,88.530,88.970,JJ,13.9320,4.45,6
audio20.TextGrid,24,1,the,89.700,89.780,DT,11.8924,7.73,2
audio20.TextGrid,24,2,fish,89.780,90.060,NN,12.2426,4.9,3
audio20.TextGrid,24,3,is,90.060,90.160,VBZ,6.8577,7.07,2
audio20.TextGrid,24,4,calm,90.160,90.510,JJ,11.1881,4.54,4
audio20.TextGrid,24,5,and,90.510,90.620,CC,4.9518,7.41,3
audio20.TextGrid,24,6,steady,90.620,91.050,JJ,17.0571,4.31,5
audio20.TextGrid,25,1,i,91.450,91.550,NN,5.7704,7.09,1
audio20.TextGrid,25,2,will,91.550,91.700,MD,14.1387,6.45,3
audio20.TextGrid,25,3,eat,91.700,91.860,VB,9.9709,5.13,2
audio20.TextGrid,25,4,it,91.860,91.960,PRP,5.9604,6.95,2
audio20.TextGrid,25,5,all,91.960,92.230,DT,5.0493,6.52,2
audio20.TextGrid,25,6,and,92.630,92.730,CC,5.6151,7.41,2
audio20.TextGrid,25,7,then,92.730,92.870,RB,5.7005,6.07,3
audio20.TextGrid,25,8,i,92.870,92.950,VB,2.4342,7.09,1
audio20.TextGrid,25,9,will,92.950,93.130,MD,0.3731,6.45,3
audio20.TextGrid,25,10,be,93.130,93.260,VB,3.5318,6.79,2
audio20.TextGrid,25,11,ready,93.260,93.650,JJ,8.5205,5.28,4
audio20.TextGrid,26,1,be,95.280,95.390,VB,11.7710,6.79,2
audio20.TextGrid,26,2,patient,95.390,95.810,JJ,17.0730,4.77,6
audio20.TextGrid,26,3,hand,95.810,96.190,NN,13.7754,5.41,4
audio20.TextGrid,26,4,he,96.440,96.570,PRP,11.1311,6.69,2
audio20.TextGrid,26,5,said,96.570,96.830,VBD,7.4902,6.01,3
audio20.TextGrid,26,6,i,96.830,96.940,RB,6.4788,7.09,1
audio20.TextGrid,26,7,do,96.940,97.130,VBP,7.5460,6.35,2
audio20.TextGrid,26,8,this,97.130,97.340,DT,5.5089,6.82,3
audio20.TextGrid,26,9,for,97.340,97.450,IN,2.6349,7.01,2
audio20.TextGrid,26,10,you,97.450,99.320,PRP,1.9482,6.98,2
audio20.TextGrid,26,11,i,99.350,99.430,VBP,6.5731,7.09,1
audio20.TextGrid,26,12,wish,99.430,99.630,JJ,8.7111,5.18,3
audio20.TextGrid,26,13,i,99.630,99.710,NN,1.5069,7.09,1
audio20.TextGrid,26,14,could,99.710,99.910,MD,5.2104,6.06,3
audio20.TextGrid,26,15,feed,99.910,100.100,VB,14.7688,4.67,3
audio20.TextGrid,26,16,the,100.100,100.210,DT,4.3587,7.73,2
audio20.TextGrid,26,17,fish,100.210,100.640,NN,14.3607,4.9,3
audio20.TextGrid,26,18,he,100.820,100.920,PRP,9.3721,6.69,2
audio20.TextGrid,26,19,thought,100.920,101.300,VBD,10.2387,5.59,3
audio20.TextGrid,26,20,he,101.560,101.700,PRP,4.8077,6.69,2
audio20.TextGrid,26,21,is,101.700,101.790,VBZ,8.0966,7.07,2
audio20.TextGrid,26,22,my,101.790,101.950,PRP$,7.7518,6.57,2
audio20.TextGrid,26,23,brother,101.950,102.380,NN,8.8999,5.11,5
audio20.TextGrid,27,1,but,103.090,103.210,CC,16.1685,6.63,3
audio20.TextGrid,27,2,i,103.210,103.290,NN,5.9299,7.09,1
audio20.TextGrid,27,3,must,103.290,103.540,MD,9.0850,5.68,4
audio20.TextGrid,27,4,kill,103.540,103.800,VB,9.5871,5.09,3
audio20.TextGrid,27,5,him,103.800,104.060,PRP,4.3870,6.11,2
audio20.TextGrid,27,6,and,104.060,104.180,CC,5.1765,7.41,2
audio20.TextGrid,27,7,keep,104.180,104.480,VB,7.6959,5.66,3
audio20.TextGrid,27,8,strong,104.480,105.010,JJ,14.4424,5.22,5
audio20.TextGrid,27,9,to,105.010,105.140,TO,5.7730,7.43,2
audio20.TextGrid,27,10,do,105.140,105.390,VB,5.1844,6.35,2
audio20.TextGrid,27,11,it,105.390,105.590,PRP,1.3437,6.95,2
audio20.TextGrid,28,1,slowly,106.700,107.110,RB,22.8172,4.63,5
audio20.TextGrid,28,2,and,107.110,107.190,CC,7.9601,7.41,2
audio20.TextGrid,28,3,conscientiously,107.190,108.090,RB,31.1636,2.36,12
audio20.TextGrid,28,4,he,108.090,108.270,PRP,8.3377,6.69,2
audio20.TextGrid,28,5,ate,108.270,108.480,VB,19.7020,4.34,2
audio20.TextGrid,28,6,all,108.480,108.870,DT,7.7177,6.52,2
audio20.TextGrid,28,7,of,108.870,108.940,IN,4.5637,7.4,2
audio20.TextGrid,28,8,the,108.940,109.020,DT,1.7547,7.73,2
audio20.TextGrid,28,9,wedge,109.020,109.340,NN,18.4630,3.62,3
audio20.TextGrid,28,10,shaped,109.340,109.630,VBD,21.6073,4.38,4
audio20.TextGrid,28,11,strips,109.630,110.020,NNS,20.8530,3.86,6
audio20.TextGrid,28,12,of,110.020,110.100,IN,2.5210,7.4,2
audio20.TextGrid,28,13,fish,110.100,110.500,NN,14.7534,4.9,3
audio20.TextGrid,29,1,he,111.730,111.840,PRP,13.2074,6.69,2
audio20.TextGrid,29,2,straightened,111.840,112.260,VBD,19.1410,3.13,8
audio20.TextGrid,29,3,up,112.260,112.440,RP,6.8158,6.39,2
audio20.TextGrid,29,4,wiping,112.780,113.150,VBG,26.0834,3.44,5
audio20.TextGrid,29,5,his,113.150,113.310,PRP$,5.1242,6.51,3
audio20.TextGrid,29,6,hand,113.310,113.590,NN,8.9440,5.41,4
audio20.TextGrid,29,7,on,113.590,113.720,IN,3.5583,6.91,2
audio20.TextGrid,29,8,his,113.720,113.880,PRP$,3.2334,6.51,3
audio20.TextGrid,29,9,trousers,113.880,114.460,NNS,20.3099,3.7,6
audio20.TextGrid,30,1,now,115.620,116.060,RB,13.6820,6.18,2
audio20.TextGrid,30,2,he,116.060,116.480,PRP,9.4990,6.69,2
audio20.TextGrid,30,3,said,116.480,116.870,VBD,8.1962,6.01,3
audio20.TextGrid,30,4,you,117.360,117.460,PRP,6.7829,6.98,2
audio20.TextGrid,30,5,can,117.460,117.630,MD,5.8611,6.46,3
audio20.TextGrid,30,6,let,117.630,117.790,VB,9.9637,5.6,3
audio20.TextGrid,30,7,the,117.790,117.900,DT,2.7951,7.73,2
audio20.TextGrid,30,8,cord,117.900,118.200,NN,13.7790,3.98,4
audio20.TextGrid,30,9,go,118.200,118.540,VB,7.1549,6.03,2
audio20.TextGrid,30,10,hand,118.540,118.910,NN,13.3402,5.41,4
audio20.TextGrid,30,11,and,118.910,119.070,CC,5.8165,7.41,3
audio20.TextGrid,30,12,i,119.070,119.210,NN,7.6693,7.09,1
audio20.TextGrid,30,13,will,119.210,119.400,MD,3.1670,6.45,3
audio20.TextGrid,30,14,handle,119.400,119.720,VB,11.8942,4.79,6
audio20.TextGrid,30,15,him,119.720,119.870,PRP,6.2476,6.11,2
audio20.TextGrid,30,16,with,119.870,119.990,IN,4.2903,6.85,3
audio20.TextGrid,30,17,the,119.990,120.070,DT,3.3304,7.73,2
audio20.TextGrid,30,18,right,120.070,120.320,JJ,6.6551,5.96,3
audio20.TextGrid,30,19,arm,120.320,120.530,NN,8.4873,4.73,3
audio20.TextGrid,30,20,alone,120.530,120.900,RB,12.6754,5.16,4
audio20.TextGrid,30,21,until,120.900,121.160,IN,10.0016,5.61,5
audio20.TextGrid,30,22,you,121.160,121.360,PRP,2.8680,6.98,2
audio20.TextGrid,30,23,stop,121.360,121.740,VBP,6.8894,5.52,4
audio20.TextGrid,30,24,that,121.740,121.990,IN,7.3014,7.01,3
audio20.TextGrid,30,25,nonsense,121.990,122.670,NN,16.3483,4.21,7
audio20.TextGrid,31,1,he,123.920,124.020,PRP,13.2074,6.69,2
audio20.TextGrid,31,2,put,124.020,124.220,VBD,13.7935,5.66,3
audio20.TextGrid,31,3,his,124.220,124.380,PRP$,3.9495,6.51,3
audio20.TextGrid,31,4,left,124.380,124.630,JJ,9.6143,5.62,4
audio20.TextGrid,31,5,foot,124.630,124.890,NN,7.6498,4.87,3
audio20.TextGrid,31,6,on,124.890,125.030,IN,2.1381,6.91,2
audio20.TextGrid,31,7,the,125.030,125.090,DT,1.2118,7.73,2
audio20.TextGrid,31,8,heavy,125.090,125.370,JJ,13.5274,4.96,4
audio20.TextGrid,31,9,line,125.370,125.680,NN,8.4658,5.49,3
audio20.TextGrid,31,10,that,125.680,125.790,IN,8.1335,7.01,3
audio20.TextGrid,31,11,the,125.790,125.860,DT,6.6312,7.73,2
audio20.TextGrid,31,12,left,125.860,126.130,JJ,8.0439,5.62,4
audio20.TextGrid,31,13,hand,126.130,126.350,NN,7.5141,5.41,4
audio20.TextGrid,31,14,had,126.350,126.490,VBD,7.2052,6.33,3
audio20.TextGrid,31,15,held,126.490,126.810,VBN,11.7123,5.24,4
audio20.TextGrid,32,1,and,127.420,127.560,CC,13.4350,7.41,3
audio20.TextGrid,32,2,lay,127.560,127.730,VB,15.9874,4.64,2
audio20.TextGrid,32,3,back,127.730,128.050,RB,10.9690,6.04,3
audio20.TextGrid,32,4,against,128.050,128.380,IN,10.6814,5.68,6
audio20.TextGrid,32,5,the,128.380,128.460,DT,2.3090,7.73,2
audio20.TextGrid,32,6,pull,128.460,128.700,NN,13.7472,4.82,3
audio20.TextGrid,32,7,against,128.700,129.000,IN,9.3676,5.68,6
audio20.TextGrid,32,8,his,129.000,129.130,PRP$,8.3911,6.51,3
audio20.TextGrid,32,9,back,129.130,129.590,NN,7.2593,6.04,3
audio20.TextGrid,33,1,god,130.860,131.200,NN,15.9446,5.57,3
audio20.TextGrid,33,2,help,131.200,131.440,VB,8.9283,5.75,4
audio20.TextGrid,33,3,me,131.440,131.560,PRP,3.2768,6.48,2
audio20.TextGrid,33,4,to,131.560,131.670,TO,6.1414,7.43,2
audio20.TextGrid,33,5,have,131.670,131.800,VB,7.7304,6.71,3
audio20.TextGrid,33,6,the,131.800,131.890,DT,3.6250,7.73,2
audio20.TextGrid,33,7,cramp,131.890,132.230,NN,20.5456,3.04,5
audio20.TextGrid,33,8,go,132.240,132.610,VB,10.9770,6.03,2
audio20.TextGrid,33,9,he,132.880,133.020,PRP,12.3070,6.69,2
audio20.TextGrid,33,10,said,133.020,133.360,VBD,9.5178,6.01,3
audio20.TextGrid,34,1,because,133.880,134.130,IN,18.2301,6.03,5
audio20.TextGrid,34,2,i,134.130,134.230,NNS,3.5683,7.09,1
audio20.TextGrid,34,3,do,134.230,134.400,VBP,6.4525,6.35,2
audio20.TextGrid,34,4,not,134.400,134.650,RB,1.7685,6.69,3
audio20.TextGrid,34,5,know,134.650,134.840,VB,2.2719,6.1,2
audio20.TextGrid,34,6,what,134.840,135.000,WP,2.4312,6.38,3
audio20.TextGrid,34,7,the,135.000,135.110,DT,3.5033,7.73,2
audio20.TextGrid,34,8,fish,135.110,135.370,NN,13.5549,4.9,3
audio20.TextGrid,34,9,is,135.370,135.490,VBZ,2.7825,7.07,2
audio20.TextGrid,34,10,going,135.490,135.730,VBG,7.2239,5.94,4
audio20.TextGrid,34,11,to,135.730,135.830,TO,0.3555,7.43,2
audio20.TextGrid,34,12,do,135.830,136.170,VB,2.8350,6.35,2
audio20.TextGrid,34,13,but,138.430,138.570,CC,9.4444,6.63,3
audio20.TextGrid,34,14,he,138.570,138.660,PRP,6.6562,6.69,2
audio20.TextGrid,34,15,seems,138.660,138.980,VBZ,8.7384,5.24,4
audio20.TextGrid,34,16,calm,138.980,139.480,NN,13.8304,4.54,3
audio20.TextGrid,34,17,he,139.660,139.770,PRP,8.9120,6.69,2
audio20.TextGrid,34,18,thought,139.770,140.170,VBD,12.5835,5.59,3
audio20.TextGrid,35,1,and,140.630,140.760,CC,13.4350,7.41,3
audio20.TextGrid,35,2,following,140.760,141.180,VBG,16.5762,5.46,6
audio20.TextGrid,35,3,his,141.180,141.330,PRP$,6.6737,6.51,3
audio20.TextGrid,35,4,plan,141.330,141.820,NN,11.9726,5.29,4
audio20.TextGrid,36,1,but,142.750,142.890,CC,16.1685,6.63,3
audio20.TextGrid,36,2,what,142.890,143.080,WP,7.3927,6.38,3
audio20.TextGrid,36,3,is,143.080,143.260,VBZ,2.9396,7.07,2
audio20.TextGrid,36,4,his,143.260,143.410,PRP$,8.5397,6.51,3
audio20.TextGrid,36,5,plan,143.410,143.780,NN,8.2753,5.29,4
audio20.TextGrid,36,6,he,144.030,144.150,PRP,13.0860,6.69,2
audio20.TextGrid,36,7,thought,144.150,144.520,VBD,10.0269,5.59,3
audio20.TextGrid,37,1,and,145.230,145.360,CC,13.4350,7.41,2
audio20.TextGrid,37,2,what,145.360,145.540,WP,9.7426,6.38,3
audio20.TextGrid,37,3,is,145.540,145.690,VBZ,2.7130,7.07,2
audio20.TextGrid,37,4,mine,145.690,146.180,JJ,13.8370,5.04,3
audio20.TextGrid,38,1,mine,147.000,147.350,NN,18.5457,5.04,3
audio20.TextGrid,38,2,i,147.350,147.480,NN,10.5401,7.09,1
audio20.TextGrid,38,3,must,147.480,147.720,MD,11.1359,5.68,4
audio20.TextGrid,38,4,improvise,147.720,148.280,VB,20.7656,3.02,8
audio20.TextGrid,38,5,to,148.280,148.420,TO,4.2814,7.43,2
audio20.TextGrid,38,6,his,148.420,148.870,PRP$,9.5021,6.51,3
audio20.TextGrid,38,7,because,148.870,149.190,IN,15.0636,6.03,5
audio20.TextGrid,38,8,of,149.190,149.300,IN,3.2402,7.4,2
audio20.TextGrid,38,9,his,149.300,149.460,PRP$,3.0862,6.51,3
audio20.TextGrid,38,10,great,149.460,149.720,JJ,8.2860,5.88,4
audio20.TextGrid,38,11,size,149.720,150.300,NN,11.3160,5.13,3
audio20.TextGrid,39,1,if,151.430,151.560,IN,13.0425,6.47,2
audio20.TextGrid,39,2,he,151.560,151.680,PRP,7.8389,6.69,2
audio20.TextGrid,39,3,will,151.680,151.880,MD,6.9364,6.45,3
audio20.TextGrid,39,4,jump,151.880,152.220,VB,11.5283,4.69,4
audio20.TextGrid,39,5,i,152.220,152.310,NN,11.0423,7.09,1
audio20.TextGrid,39,6,can,152.310,152.490,MD,5.2715,6.46,3
audio20.TextGrid,39,7,kill,152.490,152.770,VB,7.5506,5.09,3
audio20.TextGrid,39,8,him,152.770,153.010,PRP,1.1312,6.11,2
audio20.TextGrid,40,1,but,153.580,153.700,CC,16.1685,6.63,3
audio20.TextGrid,40,2,he,153.700,153.820,PRP,7.1638,6.69,2
audio20.TextGrid,40,3,stays,153.820,154.140,VBZ,11.3541,4.26,4
audio20.TextGrid,40,4,down,154.140,154.470,RB,8.4426,5.88,3
audio20.TextGrid,40,5,forever,154.470,154.950,RB,12.6990,4.74,5
audio20.TextGrid,41,1,then,155.900,156.050,RB,17.9329,6.07,3
audio20.TextGrid,41,2,i,156.050,156.180,NN,5.4267,7.09,1
audio20.TextGrid,41,3,will,156.180,156.340,MD,7.9227,6.45,3
audio20.TextGrid,41,4,stay,156.340,156.600,VB,7.6836,5.33,3
audio20.TextGrid,41,5,down,156.600,156.940,RB,8.2683,5.88,3
audio20.TextGrid,41,6,with,156.940,157.100,IN,3.7641,6.85,3
audio20.TextGrid,41,7,him,157.100,157.280,PRP,7.2746,6.11,3
audio20.TextGrid,41,8,forever,157.280,157.800,RB,11.4831,4.74,5
audio20.TextGrid,42,1,he,160.140,160.250,PRP,13.2074,6.69,2
audio20.TextGrid,42,2,rubbed,160.250,160.460,VBD,20.9149,3.57,4
audio20.TextGrid,42,3,the,160.460,160.540,DT,4.3584,7.73,2
audio20.TextGrid,42,4,cramped,160.540,160.870,JJ,21.5359,3.28,6
audio20.TextGrid,42,5,hand,160.870,161.130,NN,10.8767,5.41,4
audio20.TextGrid,42,6,against,161.130,161.440,IN,8.9532,5.68,6
audio20.TextGrid,42,7,his,161.440,161.610,PRP$,4.3577,6.51,3
audio20.TextGrid,42,8,trousers,161.610,162.180,NNS,18.1751,3.7,6
audio20.TextGrid,42,9,and,162.180,162.340,CC,3.3702,7.41,3
audio20.TextGrid,42,10,tried,162.340,162.570,VBD,6.8486,5.16,4
audio20.TextGrid,42,11,to,162.570,162.630,TO,0.4927,7.43,2
audio20.TextGrid,42,12,gentle,162.630,162.940,VB,16.3412,4.17,6
audio20.TextGrid,42,13,the,162.940,163.040,DT,4.3127,7.73,2
audio20.TextGrid,42,14,fingers,163.040,163.630,NNS,12.6338,4.5,6
audio20.TextGrid,42,15,but,164.010,164.130,CC,8.8135,6.63,3
audio20.TextGrid,42,16,it,164.130,164.220,PRP,4.8480,6.95,2
audio20.TextGrid,42,17,would,164.220,164.330,MD,5.3763,6.27,3
audio20.TextGrid,42,18,not,164.330,164.520,RB,2.7976,6.69,3
audio20.TextGrid,42,19,open,164.520,164.930,VB,10.0583,5.48,4
audio20.TextGrid,43,1,maybe,165.710,165.990,RB,19.7770,5.45,4
audio20.TextGrid,43,2,it,165.990,166.120,PRP,5.8358,6.95,2
audio20.TextGrid,43,3,will,166.120,166.280,MD,6.8793,6.45,3
audio20.TextGrid,43,4,open,166.280,166.490,VB,10.4589,5.48,4
audio20.TextGrid,43,5,with,166.490,166.650,IN,5.0703,6.85,3
audio20.TextGrid,43,6,the,166.650,166.730,DT,3.2017,7.73,2
audio20.TextGrid,43,7,sun,166.730,167.150,NN,8.1956,4.97,3
audio20.TextGrid,43,8,he,167.270,167.390,PRP,9.7427,6.69,2
audio20.TextGrid,43,9,thought,167.390,167.740,VBD,14.2244,5.59,3
audio20.TextGrid,43,10,maybe,168.030,168.270,RB,8.9773,5.45,4
audio20.TextGrid,43,11,it,168.270,168.380,PRP,3.6442,6.95,2
audio20.TextGrid,43,12,will,168.380,168.500,MD,0.3900,6.45,3
audio20.TextGrid,43,13,open,168.500,168.730,VB,0.7706,5.48,4
audio20.TextGrid,43,14,when,168.730,168.910,WRB,10.1588,6.37,3
audio20.TextGrid,43,15,the,168.910,168.970,DT,1.8373,7.73,2
audio20.TextGrid,43,16,strong,168.970,169.520,JJ,12.6454,5.22,5
audio20.TextGrid,43,17,raw,169.520,169.760,JJ,14.5624,4.53,2
audio20.TextGrid,43,18,tuna,169.760,170.350,NN,18.5281,3.64,4
audio20.TextGrid,43,19,is,170.350,170.440,VBZ,3.8387,7.07,2
audio20.TextGrid,43,20,digested,170.440,171.140,VBN,17.9354,3.01,8
audio20.TextGrid,44,1,if,171.970,172.090,IN,13.0425,6.47,2
audio20.TextGrid,44,2,i,172.090,172.200,NNS,5.5870,7.09,1
audio20.TextGrid,44,3,have,172.200,172.360,VBP,5.1445,6.71,3
audio20.TextGrid,44,4,to,172.360,172.500,TO,2.8411,7.43,2
audio20.TextGrid,44,5,have,172.500,172.670,VB,7.8856,6.71,3
audio20.TextGrid,44,6,it,172.670,172.760,PRP,6.3077,6.95,2
audio20.TextGrid,44,7,i,172.760,172.870,VB,5.4257,7.09,1
audio20.TextGrid,44,8,will,172.870,173.040,MD,3.1108,6.45,3
audio20.TextGrid,44,9,open,173.040,173.290,VB,8.7700,5.48,4
audio20.TextGrid,44,10,it,173.290,173.480,PRP,2.8313,6.95,2
audio20.TextGrid,44,11,cost,173.480,173.930,VB,17.2040,5.24,4
audio20.TextGrid,44,12,whatever,173.930,174.230,IN,19.2405,5.14,6
audio20.TextGrid,44,13,it,174.230,174.350,PRP,4.8740,6.95,2
audio20.TextGrid,44,14,costs,174.350,174.990,VBZ,10.0945,4.96,5
audio20.TextGrid,45,1,but,175.440,175.560,CC,16.1685,6.63,3
audio20.TextGrid,45,2,i,175.560,175.650,NNS,5.9299,7.09,1
audio20.TextGrid,45,3,do,175.650,175.760,VBP,5.6984,6.35,2
audio20.TextGrid,45,4,not,175.760,176.020,RB,1.6924,6.69,3
audio20.TextGrid,45,5,want,176.020,176.310,VB,2.6317,6.04,4
audio20.TextGrid,45,6,to,176.310,176.380,TO,1.1914,7.43,2
audio20.TextGrid,45,7,open,176.380,176.650,VB,9.7534,5.48,4
audio20.TextGrid,45,8,it,176.650,176.790,PRP,5.8410,6.95,2
audio20.TextGrid,45,9,now,176.790,177.020,RB,6.6168,6.18,2
audio20.TextGrid,45,10,by,177.020,177.210,IN,9.1671,6.66,2
audio20.TextGrid,45,11,force,177.210,177.750,NN,12.5004,5.23,4
audio20.TextGrid,46,1,let,178.450,178.610,VB,16.5579,5.6,3
audio20.TextGrid,46,2,it,178.610,178.710,PRP,5.5553,6.95,2
audio20.TextGrid,46,3,open,178.710,178.990,VB,10.6474,5.48,4
audio20.TextGrid,46,4,by,178.990,179.180,IN,8.1288,6.66,2
audio20.TextGrid,46,5,itself,179.180,179.640,PRP,12.1293,5.1,6
audio20.TextGrid,46,6,and,179.640,179.740,CC,4.8885,7.41,2
audio20.TextGrid,46,7,come,179.740,179.940,VB,7.9373,5.78,3
audio20.TextGrid,46,8,back,179.940,180.160,RB,4.8174,6.04,3
audio20.TextGrid,46,9,of,180.160,180.250,IN,9.0426,7.4,2
audio20.TextGrid,46,10,its,180.250,180.400,PRP$,4.8753,6.14,3
audio20.TextGrid,46,11,own,180.400,180.560,JJ,2.4914,5.74,2
audio20.TextGrid,46,12,accord,180.560,181.080,NN,11.1702,3.81,5
audio20.TextGrid,47,1,after,182.200,182.450,IN,14.4768,6.11,4
audio20.TextGrid,47,2,all,182.450,182.680,DT,9.2251,6.52,2
audio20.TextGrid,47,3,i,182.680,182.810,NN,9.2740,7.09,1
audio20.TextGrid,47,4,abused,182.810,183.220,VBD,16.4972,4.0,6
audio20.TextGrid,47,5,it,183.220,183.340,PRP,6.6604,6.95,2
audio20.TextGrid,47,6,much,183.340,183.610,RB,10.7798,6.0,3
audio20.TextGrid,47,7,in,183.610,183.690,IN,6.9833,7.27,2
audio20.TextGrid,47,8,the,183.690,183.760,DT,1.2897,7.73,2
audio20.TextGrid,47,9,night,183.760,184.120,NN,6.8131,5.61,3
audio20.TextGrid,47,10,when,184.120,184.210,WRB,7.5824,6.37,3
audio20.TextGrid,47,11,it,184.210,184.300,PRP,4.8819,6.95,2
audio20.TextGrid,47,12,was,184.300,184.430,VBD,1.9553,6.82,3
audio20.TextGrid,47,13,necessary,184.430,184.930,JJ,10.7115,4.91,8
audio20.TextGrid,47,14,to,184.930,185.060,TO,1.0691,7.43,2
audio20.TextGrid,47,15,free,185.060,185.420,VB,11.8633,5.63,3
audio20.TextGrid,47,16,and,185.420,185.560,CC,6.7645,7.41,3
audio20.TextGrid,47,17,untie,185.560,186.000,VB,19.7554,2.51,4
audio20.TextGrid,47,18,the,186.000,186.110,DT,2.6568,7.73,2
audio20.TextGrid,47,19,various,186.110,186.570,JJ,13.0262,5.12,6
audio20.TextGrid,47,20,lines,186.570,187.070,NNS,10.8036,4.95,4
