fichier,phrase_id,position,mot,onset,offset,freq_zipf,n_phones,POS,hors_vocab,surprise_syn,surprise_llm,aligne_texte
audio01.TextGrid,1,1,he,0.760,0.880,6.69,2,PRP,0,4.5353,5.9491,1
audio01.TextGrid,1,2,was,0.880,1.040,6.82,3,VBD,0,3.9158,2.2947,1
audio01.TextGrid,1,3,an,1.040,1.120,6.53,2,DT,0,5.1122,4.1827,1
audio01.TextGrid,1,4,old,1.120,1.410,5.75,3,JJ,0,7.3324,4.1447,1
audio01.TextGrid,1,5,man,1.410,1.790,5.82,3,NN,0,7.6927,1.2103,1
audio01.TextGrid,1,6,who,1.870,2.080,6.34,2,WP,0,5.8915,1.8144,1
audio01.TextGrid,1,7,fished,2.080,2.410,3.08,4,VBD,1,4.4621,10.0669,1
audio01.TextGrid,1,8,alone,2.410,2.770,5.16,4,RB,0,8.6923,5.7741,1
audio01.TextGrid,1,9,in,2.770,2.880,7.27,2,IN,0,3.6035,1.8350,1
audio01.TextGrid,1,10,a,2.880,2.950,7.36,1,DT,0,2.6043,1.8670,1
audio01.TextGrid,1,11,skiff,2.950,3.410,2.63,4,NN,1,4.1382,9.9656,1
audio01.TextGrid,1,12,in,3.410,3.490,7.27,2,IN,0,3.3450,3.4997,1
audio01.TextGrid,1,13,the,3.490,3.590,7.73,2,DT,0,1.6958,1.2378,1
audio01.TextGrid,1,14,gulf,3.590,3.900,4.28,4,NN,0,8.0487,7.2559,1
audio01.TextGrid,1,15,stream,3.900,4.370,4.62,5,NN,0,11.2875,5.6620,1
audio01.TextGrid,1,16,and,4.500,4.650,7.41,3,CC,0,4.2898,3.1238,1
audio01.TextGrid,1,17,he,4.650,4.710,6.69,2,PRP,0,5.0885,4.7044,1
audio01.TextGrid,1,18,had,4.710,4.820,6.33,3,VBD,0,5.6874,2.1173,1
audio01.TextGrid,1,19,gone,4.820,5.080,5.17,3,VBN,0,10.2593,5.0985,1
audio01.TextGrid,1,20,eighty,5.080,5.370,3.75,3,RB,1,4.8262,10.8221,1
audio01.TextGrid,1,21,four,5.370,5.590,5.53,3,CD,0,9.0129,2.3084,1
audio01.TextGrid,1,22,days,5.590,6.010,5.61,3,NNS,0,6.6819,2.5255,1
audio01.TextGrid,1,23,now,6.010,6.250,6.18,2,RB,0,6.7048,7.4918,1
audio01.TextGrid,1,24,without,6.250,6.550,5.69,5,IN,0,7.4165,1.8207,1
audio01.TextGrid,1,25,taking,6.550,6.950,5.39,5,VBG,0,9.2938,5.0940,1
audio01.TextGrid,1,26,a,6.950,7.000,7.36,1,DT,0,3.2081,1.2658,1
audio01.TextGrid,1,27,fish,7.000,7.420,4.9,3,NN,1,4.1374,3.6953,1
audio01.TextGrid,2,1,in,7.420,7.480,7.27,2,IN,0,4.1039,4.0516,1
audio01.TextGrid,2,2,the,8.580,8.770,7.73,2,DT,0,1.7509,1.2016,1
audio01.TextGrid,2,3,first,8.770,9.090,6.11,4,JJ,0,6.1560,3.8151,1
audio01.TextGrid,2,4,forty,9.090,9.390,4.2,5,NN,1,4.2162,5.1249,1
audio01.TextGrid,2,5,days,9.390,9.770,5.61,3,NNS,0,7.5673,1.5429,1
audio01.TextGrid,2,6,a,9.770,9.820,7.36,1,DT,0,3.7481,5.0871,1
audio01.TextGrid,2,7,boy,9.820,10.140,5.17,2,NN,0,10.2424,5.8649,1
audio01.TextGrid,2,8,had,10.140,10.310,6.33,3,VBD,0,5.0566,2.5823,1
audio01.TextGrid,2,9,been,10.310,10.450,6.27,3,VBN,0,6.3758,1.7550,1
audio01.TextGrid,2,10,with,10.450,10.650,6.85,3,IN,0,4.2025,5.1703,1
audio01.TextGrid,2,11,him,10.650,10.900,6.11,3,PRP,0,7.3625,0.1842,1
audio01.TextGrid,2,12,but,11.200,11.340,6.63,3,CC,0,5.8667,3.8525,1
audio01.TextGrid,2,13,after,11.340,11.590,6.11,4,IN,0,7.2738,3.8968,1
audio01.TextGrid,2,14,forty,11.590,11.910,4.2,5,JJ,1,5.3408,2.1821,1
audio01.TextGrid,2,15,days,11.910,12.270,5.61,3,NNS,0,6.3938,0.4278,1
audio01.TextGrid,2,16,without,12.270,12.560,5.69,5,IN,0,7.2465,5.9828,1
audio01.TextGrid,2,17,a,12.560,12.600,7.36,1,DT,0,2.5781,2.4321,1
audio01.TextGrid,2,18,fish,12.600,13.030,4.9,3,NN,1,4.1389,0.2074,1
audio01.TextGrid,2,19,the,13.030,13.140,7.73,2,DT,0,3.4395,2.7351,1
audio01.TextGrid,2,20,boy,13.140,13.360,5.17,2,NN,0,10.2405,0.9108,1
audio01.TextGrid,2,21,s,13.360,13.430,5.86,1,NN,1,5.4005,3.6916,1
audio01.TextGrid,2,22,parents,13.430,13.860,5.21,7,NNS,0,9.8143,4.6534,1
audio01.TextGrid,2,23,had,13.860,14.030,6.33,3,VBD,0,5.2655,1.2954,1
audio01.TextGrid,2,24,told,14.030,14.280,5.54,4,VBN,0,8.7211,3.2527,1
audio01.TextGrid,2,25,him,14.280,14.460,6.11,2,PRP,0,8.1529,0.1574,1
audio01.TextGrid,2,26,that,14.460,14.590,7.01,3,IN,0,4.0345,1.2227,1
audio01.TextGrid,2,27,the,14.590,14.720,7.73,2,DT,0,1.9654,2.3639,1
audio01.TextGrid,2,28,old,14.720,14.930,5.75,3,JJ,0,7.3296,3.2876,1
audio01.TextGrid,2,29,man,14.930,15.160,5.82,3,NN,0,7.6932,0.1440,1
audio01.TextGrid,2,30,was,15.160,15.330,6.82,3,VBD,0,5.2943,1.4534,1
audio01.TextGrid,2,31,now,15.330,15.510,6.18,2,RB,0,6.1313,4.9237,1
audio01.TextGrid,2,32,definitely,15.510,16.240,4.96,9,RB,0,10.4942,11.1382,1
audio01.TextGrid,2,33,and,16.240,16.390,7.41,3,CC,0,3.7124,7.3757,1
audio01.TextGrid,2,34,finally,16.390,16.900,5.17,6,RB,0,8.7115,4.5902,1
audio01.TextGrid,2,35,salao,16.900,17.510,0.0,5,VB,1,4.9683,25.1394,1
audio01.TextGrid,2,36,which,17.890,18.080,6.3,3,WDT,0,5.8722,3.2692,1
audio01.TextGrid,2,37,is,18.080,18.200,7.07,2,VBZ,0,3.7454,1.8926,1
audio01.TextGrid,2,38,the,18.200,18.290,7.73,2,DT,0,2.4396,1.4376,1
audio01.TextGrid,2,39,worst,18.290,18.660,4.93,4,JJS,0,8.9341,5.9860,1
audio01.TextGrid,2,40,form,18.660,18.970,5.31,4,NN,0,7.8071,3.2061,1
audio01.TextGrid,2,41,of,18.970,19.080,7.4,2,IN,0,2.9465,0.0227,1
audio01.TextGrid,2,42,unlucky,19.080,19.670,3.63,6,JJ,1,5.2861,11.2968,1
audio01.TextGrid,3,1,and,20.430,20.510,7.41,2,CC,0,3.7036,1.3022,1
audio01.TextGrid,3,2,the,20.510,20.590,7.73,2,DT,0,2.0380,2.5714,1
audio01.TextGrid,3,3,boy,20.590,20.890,5.17,2,NN,0,10.2419,1.6345,1
audio01.TextGrid,3,4,had,20.890,21.050,6.33,3,VBD,0,4.9612,1.5276,1
audio01.TextGrid,3,5,gone,21.050,21.310,5.17,3,VBN,0,10.2930,3.7758,1
audio01.TextGrid,3,6,at,21.310,21.380,6.7,2,IN,0,4.1259,5.9540,1
audio01.TextGrid,3,7,their,21.380,21.570,6.33,3,PRP$,0,4.9081,7.7009,1
audio01.TextGrid,3,8,orders,21.570,22.040,4.73,5,NNS,0,6.9444,4.4245,1
audio01.TextGrid,3,9,in,22.040,22.150,7.27,2,IN,0,3.4262,4.6371,1
audio01.TextGrid,3,10,another,22.150,22.470,5.74,5,DT,0,6.2963,5.7709,1
audio01.TextGrid,3,11,boat,22.470,22.840,4.71,3,NN,1,4.1362,2.4946,1
audio01.TextGrid,3,12,which,22.840,23.040,6.3,3,WDT,0,5.4999,4.2293,1
audio01.TextGrid,3,13,caught,23.040,23.300,4.9,3,VBD,0,10.0299,7.0146,1
audio01.TextGrid,3,14,three,23.300,23.650,5.78,3,CD,0,8.4709,4.8027,1
audio01.TextGrid,3,15,good,23.650,24.010,6.12,3,JJ,0,8.1384,6.2685,1
audio01.TextGrid,3,16,fish,24.010,24.330,4.9,3,VB,1,7.4884,1.5446,1
audio01.TextGrid,3,17,the,24.330,24.450,7.73,2,DT,0,2.2656,5.4410,1
audio01.TextGrid,3,18,first,24.450,24.870,6.11,4,JJ,0,6.1624,2.2051,1
audio01.TextGrid,3,19,week,24.870,25.210,5.56,3,NN,0,6.2952,4.0870,1
audio01.TextGrid,4,1,it,26.510,26.640,6.95,2,PRP,0,3.8912,3.7033,1
audio01.TextGrid,4,2,made,26.640,26.830,5.92,3,VBD,0,5.8867,5.8603,1
audio01.TextGrid,4,3,the,26.830,26.900,7.73,2,DT,0,2.7351,2.4704,1
audio01.TextGrid,4,4,boy,26.900,27.130,5.17,2,JJ,0,10.2441,0.9620,1
audio01.TextGrid,4,5,sad,27.130,27.560,4.84,3,NN,0,12.0905,4.8266,1
audio01.TextGrid,4,6,to,27.560,27.650,7.43,2,TO,0,4.2765,2.6215,1
audio01.TextGrid,4,7,see,27.650,27.820,6.1,2,VB,0,6.6990,1.2975,1
audio01.TextGrid,4,8,the,27.820,27.960,7.73,2,DT,0,2.3432,1.4571,1
audio01.TextGrid,4,9,old,27.960,28.170,5.75,3,JJ,0,7.3302,0.7635,1
audio01.TextGrid,4,10,man,28.170,28.400,5.82,3,NN,0,7.6875,0.0568,1
audio01.TextGrid,4,11,come,28.400,28.660,5.78,3,VBN,0,8.5049,4.3898,1
audio01.TextGrid,4,12,in,28.660,28.780,7.27,2,IN,0,3.2726,2.9666,1
audio01.TextGrid,4,13,each,28.780,29.040,5.69,2,DT,0,6.3457,7.6822,1
audio01.TextGrid,4,14,day,29.040,29.270,5.95,2,NN,0,7.0805,0.7638,1
audio01.TextGrid,4,15,with,29.270,29.470,6.85,3,IN,0,4.7219,3.1903,1
audio01.TextGrid,4,16,his,29.470,29.660,6.51,3,PRP$,0,5.3146,2.0945,1
audio01.TextGrid,4,17,skiff,29.660,30.000,2.63,4,NN,1,4.2571,7.7477,1
audio01.TextGrid,4,18,empty,30.000,30.310,4.59,4,NN,0,11.8417,7.7556,1
audio01.TextGrid,4,19,and,30.620,30.730,7.41,2,CC,0,3.7462,1.6124,1
audio01.TextGrid,4,20,he,30.730,30.820,6.69,2,PRP,0,5.2885,2.6612,1
audio01.TextGrid,4,21,always,30.820,31.060,5.76,5,RB,0,8.6020,5.0994,1
audio01.TextGrid,4,22,went,31.060,31.220,5.5,4,VBD,0,8.2315,3.0029,1
audio01.TextGrid,4,23,down,31.220,31.490,5.88,3,RB,0,6.3192,4.4899,1
audio01.TextGrid,4,24,to,31.490,31.630,7.43,2,TO,0,3.3440,1.3115,1
audio01.TextGrid,4,25,help,31.630,31.830,5.75,4,VB,0,6.4035,7.9269,1
audio01.TextGrid,4,26,him,31.830,31.980,6.11,2,PRP,0,8.0063,1.5954,1
audio01.TextGrid,4,27,carry,31.980,32.450,4.89,4,VB,0,9.3661,5.8403,1
audio01.TextGrid,4,28,either,32.450,32.770,5.33,3,CC,0,8.5509,9.3130,1
audio01.TextGrid,4,29,the,32.770,32.870,7.73,2,DT,0,4.1271,2.2259,1
audio01.TextGrid,4,30,coiled,32.870,33.340,2.9,4,JJ,1,5.0976,12.7302,1
audio01.TextGrid,4,31,lines,33.340,33.920,4.95,4,NNS,0,8.8440,9.3866,1
audio01.TextGrid,4,32,or,33.920,34.020,6.54,1,CC,0,5.6876,0.3868,1
audio01.TextGrid,4,33,the,34.020,34.130,7.73,2,DT,0,2.3994,0.5452,1
audio01.TextGrid,4,34,gaff,34.130,34.490,2.68,3,NN,1,4.1369,11.1069,1
audio01.TextGrid,4,35,and,34.490,34.660,7.41,3,CC,0,4.2335,3.1971,1
audio01.TextGrid,4,36,harpoon,34.660,35.270,2.83,6,NN,1,5.3446,10.0265,1
audio01.TextGrid,4,37,and,35.610,35.700,7.41,2,CC,0,3.4400,2.6395,1
audio01.TextGrid,4,38,the,35.700,35.800,7.73,2,DT,0,2.9850,2.8026,1
audio01.TextGrid,4,39,sail,35.800,36.150,4.01,3,NN,1,4.1073,8.0623,1
audio01.TextGrid,4,40,that,36.150,36.340,7.01,3,WDT,0,4.0514,4.7852,1
audio01.TextGrid,4,41,was,36.340,36.520,6.82,3,VBD,0,6.1028,2.0860,1
audio01.TextGrid,4,42,furled,36.520,36.960,1.74,4,VBN,1,6.0599,12.9689,1
audio01.TextGrid,4,43,around,36.960,37.110,5.77,4,IN,0,6.7776,4.5134,1
audio01.TextGrid,4,44,the,37.110,37.190,7.73,2,DT,0,1.8206,1.3713,1
audio01.TextGrid,4,45,mast,37.190,37.760,3.52,4,NN,1,4.1360,6.3515,1
audio01.TextGrid,5,1,the,38.590,38.670,7.73,2,DT,0,1.8241,2.2743,1
audio01.TextGrid,5,2,sail,38.670,39.060,4.01,3,NN,1,4.1358,7.3239,1
audio01.TextGrid,5,3,was,39.060,39.300,6.82,3,VBD,0,4.1804,1.1276,1
audio01.TextGrid,5,4,patched,39.300,39.740,3.19,4,VBN,1,6.3789,9.4990,1
audio01.TextGrid,5,5,with,39.740,39.890,6.85,3,IN,0,4.2060,1.7181,1
audio01.TextGrid,5,6,flour,39.930,40.260,4.0,4,JJ,1,5.2680,7.6891,1
audio01.TextGrid,5,7,sacks,40.260,40.790,3.59,4,NNS,0,10.3161,6.3099,1
audio01.TextGrid,5,8,and,40.790,41.030,7.41,3,CC,0,4.4364,0.8591,1
audio01.TextGrid,5,9,furled,41.330,41.910,1.74,4,VBD,1,4.6737,11.8886,1
audio01.TextGrid,5,10,it,41.910,42.130,6.95,2,PRP,0,4.5495,2.1938,1
audio01.TextGrid,5,11,looked,42.130,42.370,5.11,4,VBD,0,10.8729,3.7002,1
audio01.TextGrid,5,12,like,42.370,42.590,6.41,3,IN,0,6.2965,0.4517,1
audio01.TextGrid,5,13,the,42.630,42.730,7.73,2,DT,0,1.7004,2.3785,1
audio01.TextGrid,5,14,flag,42.780,43.180,4.58,4,NN,0,9.1378,6.7026,1
audio01.TextGrid,5,15,of,43.180,43.280,7.4,2,IN,0,3.2692,0.3888,1
audio01.TextGrid,5,16,permanent,43.340,43.790,4.57,8,JJ,0,10.4665,11.9430,1
audio01.TextGrid,5,17,defeat,43.790,44.350,4.51,5,NN,0,10.6582,6.9593,1
audio01.TextGrid,6,1,the,45.910,46.010,7.73,2,DT,0,1.8241,1.6558,1
audio01.TextGrid,6,2,old,46.010,46.220,5.75,3,JJ,0,7.3292,1.3660,1
audio01.TextGrid,6,3,man,46.220,46.460,5.82,3,NN,0,7.6921,0.0474,1
audio01.TextGrid,6,4,was,46.460,46.690,6.82,3,VBD,0,4.0908,1.9636,1
audio01.TextGrid,6,5,thin,46.710,47.000,4.47,3,JJ,0,9.7330,8.3795,1
audio01.TextGrid,6,6,and,47.000,47.150,7.41,3,CC,0,3.7491,0.6047,1
audio01.TextGrid,6,7,gaunt,47.150,47.650,2.9,4,NN,1,5.5950,6.3529,1
audio01.TextGrid,6,8,with,47.650,47.800,6.85,3,IN,0,5.0956,3.3884,1
audio01.TextGrid,6,9,deep,47.800,48.110,5.05,3,JJ,1,5.2921,6.4024,1
audio01.TextGrid,6,10,wrinkles,48.110,48.570,3.31,7,NNS,1,5.5734,2.3060,1
audio01.TextGrid,6,11,in,48.570,48.650,7.27,2,IN,0,3.2392,2.1641,1
audio01.TextGrid,6,12,the,48.650,48.730,7.73,2,DT,0,1.6929,2.2665,1
audio01.TextGrid,6,13,back,48.730,49.000,6.04,3,NN,0,8.8784,3.0840,1
audio01.TextGrid,6,14,of,49.000,49.090,7.4,2,IN,0,3.3510,0.8513,1
audio01.TextGrid,6,15,his,49.090,49.270,6.51,3,PRP$,0,5.3252,0.0397,1
audio01.TextGrid,6,16,neck,49.270,49.630,4.63,3,NN,1,4.2575,1.8656,1
audio01.TextGrid,7,1,the,50.470,50.550,7.73,2,DT,0,1.8241,2.1812,1
audio01.TextGrid,7,2,brown,50.550,50.840,5.01,4,JJ,0,10.3570,8.3139,1
audio01.TextGrid,7,3,blotches,50.840,51.470,2.45,7,NNS,1,7.1307,7.5420,1
audio01.TextGrid,7,4,of,51.470,51.570,7.4,2,IN,0,3.6762,1.5125,1
audio01.TextGrid,7,5,the,51.570,51.660,7.73,2,DT,0,1.7026,1.7388,1
audio01.TextGrid,7,6,benevolent,51.660,52.170,3.34,10,NN,0,10.7237,14.9017,1
audio01.TextGrid,7,7,skin,52.170,52.510,4.91,4,NN,0,8.9919,4.5356,1
audio01.TextGrid,7,8,cancer,52.510,52.990,4.93,5,NN,0,9.6649,12.2987,1
audio01.TextGrid,7,9,the,52.990,53.100,7.73,2,DT,0,4.2097,5.9813,1
audio01.TextGrid,7,10,sun,53.100,53.390,4.97,3,JJ,0,10.3676,6.3815,1
audio01.TextGrid,7,11,brings,53.390,53.800,4.61,5,NNS,0,11.0804,8.7515,1
audio01.TextGrid,7,12,from,53.800,53.980,6.63,4,IN,0,5.4144,4.4485,1
audio01.TextGrid,7,13,its,53.980,54.170,6.14,3,PRP$,0,4.3544,4.9598,1
audio01.TextGrid,7,14,reflection,54.170,54.640,4.17,9,NN,0,9.2580,7.4472,1
audio01.TextGrid,7,15,on,54.640,54.780,6.91,2,IN,0,4.5213,1.5852,1
audio01.TextGrid,7,16,the,54.780,54.860,7.73,2,DT,0,1.7010,0.9776,1
audio01.TextGrid,7,17,tropic,54.860,55.280,2.83,6,NN,1,4.1366,12.6075,1
audio01.TextGrid,7,18,sea,55.280,55.650,5.06,2,NN,0,9.5599,4.2957,1
audio01.TextGrid,7,19,were,55.650,55.820,6.34,2,VBD,0,7.0805,2.3257,1
audio01.TextGrid,7,20,on,55.820,55.980,6.91,2,IN,0,4.8992,4.1207,1
audio01.TextGrid,7,21,his,55.980,56.160,6.51,3,PRP$,0,5.3852,0.5551,1
audio01.TextGrid,7,22,cheeks,56.160,56.630,3.82,4,NN,1,4.2570,2.7259,1
audio01.TextGrid,8,1,the,57.690,57.760,7.73,2,DT,0,1.8241,1.8255,1
audio01.TextGrid,8,2,blotches,57.760,58.200,2.45,7,NNS,1,6.4529,7.2496,1
audio01.TextGrid,8,3,ran,58.200,58.380,4.87,3,VBD,0,8.2128,5.6281,1
audio01.TextGrid,8,4,well,58.380,58.610,6.03,3,RB,0,6.5903,6.9284,1
audio01.TextGrid,8,5,down,58.610,58.890,5.88,3,IN,0,6.7948,1.8774,1
audio01.TextGrid,8,6,the,58.890,58.980,7.73,2,DT,0,2.5868,1.5569,1
audio01.TextGrid,8,7,sides,58.980,59.290,4.73,4,NNS,0,8.9977,2.8855,1
audio01.TextGrid,8,8,of,59.290,59.400,7.4,2,IN,0,3.0724,0.1578,1
audio01.TextGrid,8,9,his,59.400,59.600,6.51,3,PRP$,0,5.3081,0.1221,1
audio01.TextGrid,8,10,face,59.600,60.070,5.45,3,NN,0,8.0499,1.5475,1
audio01.TextGrid,8,11,and,60.070,60.220,7.41,3,CC,0,4.4049,1.0201,1
audio01.TextGrid,8,12,his,60.220,60.410,6.51,3,PRP$,0,5.9137,3.2244,1
audio01.TextGrid,8,13,hands,60.410,60.870,5.16,4,NNS,0,8.5163,3.4522,1
audio01.TextGrid,8,14,had,60.870,61.020,6.33,3,VBD,0,5.6372,3.8153,1
audio01.TextGrid,8,15,the,61.020,61.090,7.73,2,DT,0,2.4552,3.4846,1
audio01.TextGrid,8,16,deep,61.090,61.370,5.05,3,JJ,1,5.0788,7.1463,1
audio01.TextGrid,8,17,creased,61.370,61.820,2.46,5,JJ,1,5.2306,8.6778,1
audio01.TextGrid,8,18,scars,61.820,62.350,3.76,5,NNS,1,6.3205,3.9007,1
audio01.TextGrid,8,19,from,62.350,62.520,6.63,3,IN,0,4.7168,3.0159,1
audio01.TextGrid,8,20,handling,62.520,62.900,4.39,7,VBG,0,10.2837,8.7876,1
audio01.TextGrid,8,21,heavy,62.900,63.190,4.96,4,JJ,0,9.8824,5.5748,1
audio01.TextGrid,8,22,fish,63.190,63.470,4.9,3,NN,1,4.3346,3.0850,1
audio01.TextGrid,8,23,on,63.470,63.590,6.91,2,IN,0,4.5826,4.0795,1
audio01.TextGrid,8,24,the,63.590,63.680,7.73,2,DT,0,1.6979,0.8452,1
audio01.TextGrid,8,25,cords,63.680,64.240,3.35,5,NNS,1,6.4477,10.1726,1
audio01.TextGrid,9,1,but,64.840,65.070,6.63,3,CC,0,5.3198,3.8383,1
audio01.TextGrid,9,2,none,65.070,65.290,4.93,3,NN,0,9.9881,6.2246,1
audio01.TextGrid,9,3,of,65.290,65.390,7.4,2,IN,0,4.1324,0.1659,1
audio01.TextGrid,9,4,these,65.390,65.580,6.04,3,DT,0,5.8354,2.3372,1
audio01.TextGrid,9,5,scars,65.580,66.030,3.76,5,NNS,1,6.4496,2.0003,1
audio01.TextGrid,9,6,were,66.030,66.100,6.34,2,VBD,0,5.0550,1.8388,1
audio01.TextGrid,9,7,fresh,66.100,66.570,4.83,4,JJ,0,10.4174,7.1998,1
audio01.TextGrid,10,1,they,67.230,67.350,6.5,2,PRP,0,4.6769,2.1014,1
audio01.TextGrid,10,2,were,67.350,67.580,6.34,2,VBD,0,4.5379,0.5182,1
audio01.TextGrid,10,3,as,67.580,67.690,6.77,2,RB,0,5.0402,5.0308,1
audio01.TextGrid,10,4,old,67.690,68.040,5.75,3,JJ,0,7.7181,1.9413,1
audio01.TextGrid,10,5,as,68.040,68.160,6.77,2,IN,0,5.7120,0.1116,1
audio01.TextGrid,10,6,erosions,68.160,68.830,1.72,7,NNS,1,6.8932,16.1424,1
audio01.TextGrid,10,7,in,68.830,68.920,7.27,2,IN,0,3.2273,3.5413,1
audio01.TextGrid,10,8,a,68.920,68.980,7.36,1,DT,0,2.5837,2.8086,1
audio01.TextGrid,10,9,fishless,68.980,69.530,1.32,6,NN,1,4.1366,11.8113,1
audio01.TextGrid,10,10,desert,69.550,70.050,4.4,5,NN,1,5.3499,7.1761,1
audio01.TextGrid,11,1,everything,71.720,72.090,5.54,7,NN,0,10.9288,6.8157,1
audio01.TextGrid,11,2,about,72.090,72.400,6.4,4,IN,0,6.4722,2.8090,1
audio01.TextGrid,11,3,him,72.400,72.500,6.11,2,PRP,0,7.4669,0.9499,1
audio01.TextGrid,11,4,was,72.500,72.650,6.82,3,VBD,0,4.2582,0.7611,1
audio01.TextGrid,11,5,old,72.650,72.980,5.75,3,JJ,0,8.1068,3.2428,1
audio01.TextGrid,11,6,except,72.980,73.300,5.02,6,IN,0,9.2955,5.3302,1
audio01.TextGrid,11,7,his,73.300,73.450,6.51,3,PRP$,0,5.3089,1.5552,1
audio01.TextGrid,11,8,eyes,73.450,73.940,5.21,2,NNS,0,9.6187,3.0988,1
audio01.TextGrid,11,9,and,74.100,74.200,7.41,2,CC,0,4.2456,1.2374,1
audio01.TextGrid,11,10,they,74.200,74.290,6.5,2,PRP,0,5.3608,6.7917,1
audio01.TextGrid,11,11,were,74.290,74.420,6.34,2,VBD,0,5.1686,0.8585,1
audio01.TextGrid,11,12,the,74.420,74.510,7.73,2,DT,0,2.4432,3.7420,1
audio01.TextGrid,11,13,same,74.510,74.820,5.8,3,JJ,0,7.1150,0.9124,1
audio01.TextGrid,11,14,color,74.820,75.160,4.91,4,NN,0,10.0719,2.5774,1
audio01.TextGrid,11,15,as,75.160,75.290,6.77,2,IN,0,4.7769,0.7128,1
audio01.TextGrid,11,16,the,75.290,75.390,7.73,2,DT,0,1.7692,1.4251,1
audio01.TextGrid,11,17,sea,75.390,75.750,5.06,2,NN,0,8.2729,4.5201,1
audio01.TextGrid,11,18,and,75.910,76.040,7.41,2,CC,0,3.7221,3.6423,1
audio01.TextGrid,11,19,were,76.040,76.180,6.34,2,VBD,0,8.4229,4.1992,1
audio01.TextGrid,11,20,cheerful,76.180,76.740,3.6,6,JJ,1,5.8219,10.7848,1
audio01.TextGrid,11,21,and,76.740,76.900,7.41,3,CC,0,3.7954,1.0315,1
audio01.TextGrid,11,22,undefeated,76.900,77.660,3.62,9,JJ,1,4.7400,13.5004,1
audio01.TextGrid,12,1,santiago,79.390,80.080,3.66,8,RB,1,5.2281,13.7473,1
audio01.TextGrid,12,2,the,80.330,80.400,7.73,2,DT,0,2.5625,2.3881,1
audio01.TextGrid,12,3,boy,80.400,80.630,5.17,2,NN,0,10.2869,2.1072,1
audio01.TextGrid,12,4,said,80.630,80.900,6.01,3,VBD,0,3.6982,0.4691,1
audio01.TextGrid,12,5,to,80.900,81.000,7.43,2,TO,0,3.3587,1.7172,1
audio01.TextGrid,12,6,him,81.000,81.130,6.11,2,PRP,0,8.5304,3.1820,1
audio01.TextGrid,12,7,as,81.130,81.260,6.77,2,IN,0,4.3640,3.7029,1
audio01.TextGrid,12,8,they,81.260,81.350,6.5,2,PRP,0,4.6369,3.5494,1
audio01.TextGrid,12,9,climbed,81.350,81.700,3.85,5,VBD,0,9.9727,5.2488,1
audio01.TextGrid,12,10,the,81.700,81.770,7.73,2,DT,0,2.5374,1.3227,1
audio01.TextGrid,12,11,bank,81.770,82.110,5.16,4,NN,0,6.2858,6.2296,1
audio01.TextGrid,12,12,from,82.110,82.240,6.63,3,IN,0,5.0219,5.2738,1
audio01.TextGrid,12,13,where,82.240,82.360,6.0,3,WRB,0,8.8298,3.6632,1
audio01.TextGrid,12,14,the,82.360,82.460,7.73,2,DT,0,2.0523,1.2193,1
audio01.TextGrid,12,15,skiff,82.460,82.770,2.63,4,NN,1,4.1364,3.0165,1
audio01.TextGrid,12,16,was,82.770,82.910,6.82,3,VBD,0,4.1860,1.2374,1
audio01.TextGrid,12,17,hauled,82.910,83.140,3.43,4,VBN,0,11.3150,6.3856,1
audio01.TextGrid,12,18,up,83.140,83.360,6.39,2,RP,0,4.9830,1.7065,1
audio01.TextGrid,13,1,i,84.080,84.170,7.09,1,NN,0,5.5144,2.0817,1
audio01.TextGrid,13,2,could,84.170,84.340,6.06,3,MD,0,5.0621,5.5886,1
audio01.TextGrid,13,3,go,84.340,84.480,6.03,2,VB,0,6.5163,3.0476,1
audio01.TextGrid,13,4,with,84.480,84.640,6.85,3,IN,0,5.2035,3.5366,1
audio01.TextGrid,13,5,you,84.640,84.780,6.98,2,PRP,0,5.6312,0.2226,1
audio01.TextGrid,13,6,again,84.780,85.140,5.7,4,RB,0,8.5368,5.3356,1
audio01.TextGrid,13,7,we,85.330,85.420,6.54,2,PRP,0,7.6782,3.3441,1
audio01.TextGrid,13,8,ve,85.420,85.480,4.56,2,VBP,1,4.9421,3.8291,1
audio01.TextGrid,13,9,made,85.480,85.670,5.92,3,VBD,0,6.7141,4.3492,1
audio01.TextGrid,13,10,some,85.670,85.840,6.2,3,DT,0,6.2143,3.3043,1
audio01.TextGrid,13,11,money,85.840,86.220,5.64,4,NN,0,6.2137,3.5155,1
audio01.TextGrid,14,1,the,87.640,87.740,7.73,2,DT,0,1.8241,2.2904,1
audio01.TextGrid,14,2,old,87.740,87.970,5.75,3,JJ,0,7.3292,0.8654,1
audio01.TextGrid,14,3,man,87.970,88.170,5.82,3,NN,0,7.6921,0.0561,1
audio01.TextGrid,14,4,had,88.170,88.330,6.33,3,VBD,0,4.8945,3.4907,1
audio01.TextGrid,14,5,taught,88.330,88.480,4.68,3,VBN,0,10.2937,7.7146,1
audio01.TextGrid,14,6,the,88.480,88.590,7.73,2,DT,0,2.4234,1.5727,1
audio01.TextGrid,14,7,boy,88.590,88.760,5.17,2,NN,0,10.2393,0.5005,1
audio01.TextGrid,14,8,to,88.760,88.870,7.43,2,TO,0,3.4315,1.6096,1
audio01.TextGrid,14,9,fish,88.870,89.240,4.9,3,VB,1,4.2924,2.6405,1
audio01.TextGrid,14,10,and,89.240,89.330,7.41,2,CC,0,4.0818,1.8044,1
audio01.TextGrid,14,11,the,89.330,89.400,7.73,2,DT,0,3.7803,2.7860,1
audio01.TextGrid,14,12,boy,89.400,89.600,5.17,2,NN,0,10.2450,0.7402,1
audio01.TextGrid,14,13,loved,89.600,89.910,5.0,4,VBD,0,10.1718,4.3975,1
audio01.TextGrid,14,14,him,89.910,90.060,6.11,2,PRP,0,8.1050,3.0362,1
audio01.TextGrid,15,1,no,90.830,91.140,6.35,2,DT,0,5.7679,3.8381,1
audio01.TextGrid,15,2,the,91.480,91.600,7.73,2,DT,0,4.4496,1.4389,1
audio01.TextGrid,15,3,old,91.600,91.790,5.75,3,JJ,0,7.3517,1.4410,1
audio01.TextGrid,15,4,man,91.790,92.010,5.82,3,NN,0,7.7332,0.0574,1
audio01.TextGrid,15,5,said,92.010,92.360,6.01,3,VBD,0,3.8535,0.1920,1
audio01.TextGrid,16,1,you,92.900,93.040,6.98,2,PRP,0,5.7058,2.3089,1
audio01.TextGrid,16,2,re,93.040,93.100,5.23,2,VBP,1,3.9761,2.3711,1
audio01.TextGrid,16,3,with,93.100,93.280,6.85,3,IN,0,5.3247,6.2384,1
audio01.TextGrid,16,4,a,93.280,93.360,7.36,1,DT,0,2.6003,3.6951,1
audio01.TextGrid,16,5,lucky,93.360,93.670,4.77,4,JJ,0,10.7270,6.5831,1
audio01.TextGrid,16,6,boat,93.670,94.070,4.71,3,NN,1,3.9945,6.2359,1
audio01.TextGrid,16,7,stay,94.220,94.450,5.33,3,NN,0,10.0038,6.9447,1
audio01.TextGrid,16,8,with,94.450,94.710,6.85,3,IN,0,5.1829,1.3040,1
audio01.TextGrid,16,9,them,94.710,94.930,6.19,3,PRP,0,5.9246,4.3504,1
audio01.TextGrid,17,1,but,96.070,96.240,6.63,3,CC,0,5.3198,3.6833,1
audio01.TextGrid,17,2,remember,96.240,96.600,5.38,7,VB,0,13.2609,7.2050,1
audio01.TextGrid,17,3,how,96.600,96.720,6.24,2,WRB,0,8.0510,4.8349,1
audio01.TextGrid,17,4,you,96.720,96.880,6.98,2,PRP,0,5.9058,2.4483,1
audio01.TextGrid,17,5,went,96.880,97.040,5.5,4,VBD,0,7.1878,3.8538,1
audio01.TextGrid,17,6,eighty,97.040,97.280,3.75,3,VB,1,5.5200,7.7992,1
audio01.TextGrid,17,7,seven,97.280,97.550,5.08,5,CD,0,9.0967,4.9721,1
audio01.TextGrid,17,8,days,97.550,97.820,5.61,3,NNS,0,6.5965,0.0938,1
audio01.TextGrid,17,9,without,97.820,98.090,5.69,5,IN,0,7.0949,0.5513,1
audio01.TextGrid,17,10,fish,98.090,98.370,4.9,3,JJ,1,5.2954,2.3105,1
audio01.TextGrid,17,11,and,98.630,98.710,7.41,2,CC,0,3.8400,2.8696,1
audio01.TextGrid,17,12,then,98.710,98.870,6.07,3,RB,0,8.3473,3.2345,1
audio01.TextGrid,17,13,we,98.870,98.960,6.54,2,PRP,0,7.3150,3.3789,1
audio01.TextGrid,17,14,caught,98.960,99.170,4.9,3,VBD,0,9.1326,2.7346,1
audio01.TextGrid,17,15,big,99.170,99.420,5.67,3,JJ,0,7.7481,7.9217,1
audio01.TextGrid,17,16,ones,99.420,99.670,5.07,4,NNS,0,8.3585,2.9801,1
audio01.TextGrid,17,17,every,99.670,99.870,5.79,4,DT,0,8.6415,5.2439,1
audio01.TextGrid,17,18,day,99.870,100.040,5.95,2,NN,0,7.0845,0.5806,1
audio01.TextGrid,17,19,for,100.040,100.160,7.01,2,IN,0,4.2248,2.8493,1
audio01.TextGrid,17,20,three,100.160,100.390,5.78,3,CD,0,6.7924,3.3163,1
audio01.TextGrid,17,21,weeks,100.390,100.780,5.19,4,NNS,0,7.4745,1.3096,1
audio01.TextGrid,18,1,i,102.110,102.220,7.09,1,JJ,0,5.5144,2.3451,1
audio01.TextGrid,18,2,remember,102.220,102.740,5.38,7,VBP,0,9.7957,4.0850,1
audio01.TextGrid,18,3,the,102.930,103.060,7.73,2,DT,0,2.2952,0.4005,1
audio01.TextGrid,18,4,old,103.060,103.240,5.75,3,JJ,0,7.3324,1.1918,1
audio01.TextGrid,18,5,man,103.240,103.490,5.82,3,NN,0,7.6939,0.0099,1
audio01.TextGrid,18,6,said,103.490,103.820,6.01,3,VBD,0,5.6297,0.2764,1
audio01.TextGrid,19,1,i,104.350,104.480,7.09,1,NN,0,5.5144,1.4610,1
audio01.TextGrid,19,2,know,104.480,104.650,6.1,2,VBP,0,7.0565,4.5567,1
audio01.TextGrid,19,3,you,104.650,104.760,6.98,2,PRP,0,6.3547,2.2016,1
audio01.TextGrid,19,4,did,104.760,104.950,5.96,3,VBD,0,7.5224,3.3702,1
audio01.TextGrid,19,5,not,104.950,105.180,6.69,3,RB,0,5.4604,2.8570,1
audio01.TextGrid,19,6,leave,105.180,105.370,5.34,3,VB,0,8.4371,5.5139,1
audio01.TextGrid,19,7,me,105.370,105.480,6.48,2,PRP,0,8.6023,3.3995,1
audio01.TextGrid,19,8,because,105.480,105.840,6.03,5,IN,0,5.8648,5.1884,1
audio01.TextGrid,19,9,you,105.840,105.940,6.98,2,PRP,0,5.6190,1.1677,1
audio01.TextGrid,19,10,doubted,105.940,106.480,3.44,5,VBD,0,10.8174,7.9520,1
audio01.TextGrid,20,1,it,107.590,107.740,6.95,2,PRP,0,3.8912,3.4757,1
audio01.TextGrid,20,2,was,107.740,107.930,6.82,3,VBD,0,3.9158,1.0252,1
audio01.TextGrid,20,3,papa,107.930,108.250,3.91,4,VBN,1,6.3816,12.5442,1
audio01.TextGrid,20,4,made,108.250,108.560,5.92,3,VBN,0,8.0445,9.0987,1
audio01.TextGrid,20,5,me,108.560,108.650,6.48,2,PRP,0,9.1262,3.1836,1
audio01.TextGrid,20,6,leave,108.650,109.060,5.34,3,VBP,0,9.3797,5.4485,1
audio01.TextGrid,20,7,i,109.300,109.410,7.09,1,JJ,0,6.0506,1.5507,1
audio01.TextGrid,20,8,am,109.410,109.510,5.78,2,VBP,0,11.0538,4.2842,1
audio01.TextGrid,20,9,a,109.510,109.560,7.36,1,DT,0,3.5699,2.8050,1
audio01.TextGrid,20,10,boy,109.560,109.840,5.17,2,NN,0,10.2411,4.7066,1
audio01.TextGrid,20,11,and,109.840,110.030,7.41,3,CC,0,4.2106,2.2737,1
audio01.TextGrid,20,12,i,110.030,110.120,7.09,1,NN,0,6.2108,0.8227,1
audio01.TextGrid,20,13,must,110.120,110.360,5.68,4,MD,0,7.6273,4.3675,1
audio01.TextGrid,20,14,obey,110.360,110.660,3.83,3,VB,1,3.7188,5.6939,1
audio01.TextGrid,20,15,him,110.660,110.850,6.11,3,PRP,0,7.9649,4.6223,1
audio01.TextGrid,21,1,i,111.730,111.850,7.09,1,NN,0,5.5144,2.1474,1
audio01.TextGrid,21,2,know,111.850,112.130,6.1,2,VBP,0,7.0565,2.8207,1
audio01.TextGrid,21,3,the,112.430,112.550,7.73,2,DT,0,2.4431,0.1837,1
audio01.TextGrid,21,4,old,112.550,112.720,5.75,3,JJ,0,7.3329,0.4728,1
audio01.TextGrid,21,5,man,112.720,112.950,5.82,3,NN,0,7.6941,0.0064,1
audio01.TextGrid,21,6,said,112.950,113.310,6.01,3,VBD,0,5.3724,0.1408,1
audio01.TextGrid,22,1,it,113.760,113.890,6.95,2,PRP,0,3.8912,3.1051,1
audio01.TextGrid,22,2,is,113.890,114.040,7.07,2,VBZ,0,3.3590,1.5219,1
audio01.TextGrid,22,3,quite,114.040,114.370,5.29,4,RB,0,9.2207,6.5481,1
audio01.TextGrid,22,4,normal,114.370,114.780,5.01,6,JJ,0,9.0885,4.7711,1
audio01.TextGrid,23,1,he,115.950,116.100,6.69,2,PRP,0,4.5353,5.0726,1
audio01.TextGrid,23,2,hasn't,116.100,116.360,4.71,6,RB,1,5.9273,6.5443,1
audio01.TextGrid,23,3,much,116.360,116.600,6.0,3,RB,0,6.3881,7.0400,1
audio01.TextGrid,23,4,faith,116.600,116.980,4.82,3,NN,0,12.4517,4.6894,1
audio01.TextGrid,24,1,no,117.670,118.080,6.35,2,DT,0,5.7679,2.9879,1
audio01.TextGrid,24,2,the,118.360,118.470,7.73,2,DT,0,4.4496,0.1928,1
audio01.TextGrid,24,3,old,118.470,118.670,5.75,3,JJ,0,7.3517,0.4071,1
audio01.TextGrid,24,4,man,118.670,118.910,5.82,3,NN,0,7.7332,0.0046,1
audio01.TextGrid,24,5,said,118.910,119.240,6.01,3,VBD,0,3.8535,0.1044,1
audio01.TextGrid,25,1,but,119.970,120.130,6.63,3,CC,0,5.3198,3.0406,1
audio01.TextGrid,25,2,we,120.130,120.350,6.54,2,PRP,0,5.9045,3.0308,1
audio01.TextGrid,25,3,have,120.350,120.650,6.71,3,VBP,0,4.0420,2.2745,1
audio01.TextGrid,25,4,haven,120.910,121.180,4.13,5,VBN,0,11.1924,11.6872,1
audio01.TextGrid,25,5,t,121.180,121.220,5.43,1,NNS,1,7.4338,0.0006,1
audio01.TextGrid,26,1,we,121.220,121.440,6.54,2,PRP,0,5.6952,1.5539,1
audio01.TextGrid,26,2,yes,122.440,122.880,5.5,3,VBP,0,11.7111,2.4374,1
audio01.TextGrid,26,3,the,123.010,123.090,7.73,2,DT,0,3.4191,0.1250,1
audio01.TextGrid,26,4,boy,123.090,123.300,5.17,2,NN,0,10.2831,1.1812,1
audio01.TextGrid,26,5,said,123.300,123.660,6.01,3,VBD,0,4.5667,0.1805,1
audio01.TextGrid,27,1,can,124.250,124.450,6.46,3,MD,0,9.3799,5.4924,1
audio01.TextGrid,27,2,i,124.450,124.560,7.09,1,VB,0,7.8129,2.0905,1
audio01.TextGrid,27,3,offer,124.560,124.830,5.05,3,NN,0,8.3162,7.0719,1
audio01.TextGrid,27,4,you,124.830,124.990,6.98,2,PRP,0,6.6940,0.8268,1
audio01.TextGrid,27,5,a,124.990,125.030,7.36,1,DT,0,3.7716,1.1658,1
audio01.TextGrid,27,6,beer,125.030,125.300,4.7,3,NN,0,10.2439,6.1066,1
audio01.TextGrid,27,7,on,125.300,125.400,6.91,2,IN,0,4.9262,4.8156,1
audio01.TextGrid,27,8,the,125.400,125.480,7.73,2,DT,0,1.7093,0.9535,1
audio01.TextGrid,27,9,terrace,125.480,125.940,3.88,5,NN,0,11.0428,15.0007,1
audio01.TextGrid,27,10,and,125.940,126.060,7.41,2,CC,0,3.6631,3.0734,1
audio01.TextGrid,27,11,then,126.060,126.220,6.07,3,RB,0,8.5583,3.8608,1
audio01.TextGrid,27,12,we,126.220,126.290,6.54,2,PRP,0,7.1867,1.8120,1
audio01.TextGrid,27,13,ll,126.290,126.320,4.66,1,VBP,1,4.3026,0.9462,1
audio01.TextGrid,27,14,take,126.320,126.550,5.92,3,VB,0,6.6767,3.4413,1
audio01.TextGrid,27,15,the,126.550,126.610,7.73,2,DT,0,2.3045,2.2703,1
audio01.TextGrid,27,16,stuff,126.610,126.890,5.14,4,NN,0,10.2382,8.5235,1
audio01.TextGrid,27,17,home,126.890,127.230,5.81,3,NN,0,8.5170,3.0803,1
audio01.TextGrid,28,1,why,128.170,128.360,5.93,2,WRB,0,8.5208,3.9336,1
audio01.TextGrid,28,2,not,128.360,128.740,6.69,3,RB,0,5.8126,1.5279,1
audio01.TextGrid,28,3,the,129.010,129.120,7.73,2,DT,0,2.6149,1.3816,1
audio01.TextGrid,28,4,old,129.120,129.300,5.75,3,JJ,0,7.3404,0.0745,1
audio01.TextGrid,28,5,man,129.300,129.520,5.82,3,NN,0,7.7181,0.0035,1
audio01.TextGrid,28,6,said,129.520,129.890,6.01,3,VBD,0,3.6094,1.0738,1
audio01.TextGrid,29,1,between,130.510,130.890,5.77,6,IN,0,7.9921,10.8741,1
audio01.TextGrid,29,2,fishermen,130.890,131.500,3.65,7,NNS,1,6.8721,10.1958,1
audio01.TextGrid,29,3,they,133.810,133.940,6.5,2,PRP,0,5.3688,4.2594,1
audio01.TextGrid,29,4,sat,133.940,134.150,4.64,3,VBD,0,12.6397,3.6720,1
audio01.TextGrid,29,5,on,134.150,134.270,6.91,2,IN,0,6.0914,1.9682,1
audio01.TextGrid,29,6,the,134.270,134.360,7.73,2,DT,0,1.7173,0.4548,1
audio01.TextGrid,29,7,terrace,134.360,134.820,3.88,5,NN,0,11.0425,5.5443,1
audio01.TextGrid,29,8,and,134.820,135.040,7.41,3,CC,0,3.7259,1.3482,1
audio01.TextGrid,29,9,many,135.040,135.290,5.91,4,JJ,0,6.3516,8.4210,1
audio01.TextGrid,29,10,of,135.290,135.350,7.4,2,IN,0,4.8737,0.8956,1
audio01.TextGrid,29,11,the,135.350,135.460,7.73,2,DT,0,1.7050,1.0300,1
audio01.TextGrid,29,12,fishermen,135.460,135.860,3.65,7,NNS,1,6.4293,2.0013,1
audio01.TextGrid,29,13,made,135.860,136.130,5.92,3,VBD,0,7.2470,4.5387,1
audio01.TextGrid,29,14,fun,136.130,136.300,5.3,3,NN,1,6.2293,5.5801,1
audio01.TextGrid,29,15,of,136.300,136.390,7.4,2,IN,0,3.0310,0.0198,1
audio01.TextGrid,29,16,the,136.390,136.530,7.73,2,DT,0,1.6996,0.6631,1
audio01.TextGrid,29,17,old,136.530,136.750,5.75,3,JJ,0,7.3274,0.5620,1
audio01.TextGrid,29,18,man,136.750,137.160,5.82,3,NN,0,7.6897,0.0517,1
audio01.TextGrid,29,19,and,137.280,137.450,7.41,3,CC,0,4.1999,1.8603,1
audio01.TextGrid,29,20,he,137.450,137.560,6.69,2,PRP,0,4.9544,2.6185,1
audio01.TextGrid,29,21,was,137.560,137.760,6.82,3,VBD,0,4.4427,1.9031,1
audio01.TextGrid,29,22,not,137.760,137.950,6.69,3,RB,0,5.4580,,0
audio01.TextGrid,29,23,angry,137.950,138.400,4.66,5,JJ,0,10.3326,,0
audio01.TextGrid,30,1,others,138.910,139.320,5.42,4,NNS,0,9.0512,6.7651,1
audio01.TextGrid,30,2,of,139.320,139.390,7.4,2,IN,0,3.5872,4.2092,1
audio01.TextGrid,30,3,the,139.390,139.520,7.73,2,DT,0,1.7046,3.3989,1
audio01.TextGrid,30,4,older,139.520,139.740,4.92,4,JJR,0,10.1099,5.5224,1
audio01.TextGrid,30,5,fishermen,139.740,140.260,3.65,7,NNS,1,5.5346,3.8056,1
audio01.TextGrid,30,6,looked,140.320,140.550,5.11,4,VBD,0,10.3051,4.0895,1
audio01.TextGrid,30,7,at,140.550,140.640,6.7,2,IN,0,4.2082,0.8012,1
audio01.TextGrid,30,8,him,140.640,140.790,6.11,2,PRP,0,7.3637,0.6461,1
audio01.TextGrid,30,9,and,140.790,140.900,7.41,3,CC,0,4.4651,1.5016,1
audio01.TextGrid,30,10,were,140.900,141.010,6.34,2,VBD,0,6.3286,4.3939,1
audio01.TextGrid,30,11,sad,141.010,141.500,4.84,3,VBN,0,11.5130,4.4566,1
audio01.TextGrid,30,12,but,141.850,141.980,6.63,3,CC,0,5.3473,2.9770,1
audio01.TextGrid,30,13,they,141.980,142.110,6.5,2,PRP,0,5.5886,2.7941,1
audio01.TextGrid,30,14,did,142.110,142.250,5.96,3,VBD,0,6.6210,2.9796,1
audio01.TextGrid,30,15,not,142.250,142.430,6.69,3,RB,0,5.4571,0.1497,1
audio01.TextGrid,30,16,show,142.430,142.690,5.68,2,VB,0,8.5324,4.9878,1
audio01.TextGrid,30,17,it,142.690,142.830,6.95,2,PRP,0,4.7223,2.4738,1
audio01.TextGrid,30,18,and,142.830,142.940,7.41,2,CC,0,4.2553,3.1632,1
audio01.TextGrid,30,19,they,142.940,143.070,6.5,2,PRP,0,5.2912,2.3781,1
audio01.TextGrid,30,20,spoke,143.070,143.330,4.61,4,VBD,0,10.2550,5.9375,1
audio01.TextGrid,30,21,politely,143.340,143.800,3.47,7,RB,0,10.3947,5.0441,1
audio01.TextGrid,30,22,about,143.800,143.990,6.4,4,IN,0,5.7188,3.0683,1
audio01.TextGrid,30,23,the,143.990,144.100,7.73,2,DT,0,1.9605,1.2069,1
audio01.TextGrid,30,24,current,144.100,144.590,5.27,5,JJ,0,7.1621,7.6980,1
audio01.TextGrid,30,25,and,144.590,144.710,7.41,2,CC,0,3.9475,1.6405,1
audio01.TextGrid,30,26,the,144.710,144.800,7.73,2,DT,0,2.2986,1.6206,1
audio01.TextGrid,30,27,depths,144.800,145.190,3.78,5,NNS,1,6.4534,10.2708,1
audio01.TextGrid,30,28,they,145.190,145.330,6.5,2,PRP,0,6.6145,3.5789,1
audio01.TextGrid,30,29,had,145.330,145.450,6.33,3,VBD,0,5.4464,1.0822,1
audio01.TextGrid,30,30,drifted,145.450,145.780,3.41,7,VBN,0,10.6314,7.8685,1
audio01.TextGrid,30,31,their,145.780,145.930,6.33,3,PRP$,0,5.6479,7.2703,1
audio01.TextGrid,30,32,lines,145.930,146.290,4.95,4,NNS,0,8.5456,6.7074,1
audio01.TextGrid,30,33,at,146.290,146.530,6.7,2,IN,0,4.7026,4.7456,1
audio01.TextGrid,30,34,and,146.920,147.000,7.41,2,CC,0,5.5166,1.8826,1
audio01.TextGrid,30,35,the,147.000,147.100,7.73,2,DT,0,2.4629,1.7282,1
audio01.TextGrid,30,36,steady,147.100,147.400,4.31,5,JJ,0,8.9376,8.1101,1
audio01.TextGrid,30,37,good,147.400,147.600,6.12,3,JJ,0,7.4750,7.4296,1
audio01.TextGrid,30,38,weather,147.600,147.980,4.87,4,NN,0,9.4306,2.4377,1
audio01.TextGrid,30,39,and,148.130,148.250,7.41,2,CC,0,4.5156,2.2982,1
audio01.TextGrid,30,40,of,148.250,148.360,7.4,2,IN,0,4.5015,5.2176,1
audio01.TextGrid,30,41,what,148.360,148.530,6.38,3,WP,0,7.2944,4.7995,1
audio01.TextGrid,30,42,they,148.530,148.630,6.5,2,PRP,0,5.1537,1.3177,1
audio01.TextGrid,30,43,had,148.630,148.770,6.33,3,VBD,0,4.7231,0.8467,1
audio01.TextGrid,30,44,seen,148.770,149.220,5.52,3,VBN,0,9.2545,1.9942,1
audio01.TextGrid,31,1,the,150.140,150.230,7.73,2,DT,0,1.8241,1.5945,1
audio01.TextGrid,31,2,successful,150.230,150.860,4.94,9,JJ,0,9.1130,12.4073,1
audio01.TextGrid,31,3,fishermen,150.860,151.340,3.65,7,NNS,1,5.6277,1.3234,1
audio01.TextGrid,31,4,of,151.340,151.430,7.4,2,IN,0,3.5721,3.0679,1
audio01.TextGrid,31,5,that,151.430,151.640,7.01,3,DT,0,4.9108,3.8336,1
audio01.TextGrid,31,6,day,151.640,151.880,5.95,2,NN,0,7.4963,1.9966,1
audio01.TextGrid,31,7,were,151.880,152.070,6.34,2,VBD,0,5.1632,1.9365,1
audio01.TextGrid,31,8,already,152.070,152.550,5.55,6,RB,0,6.8312,5.9866,1
audio01.TextGrid,31,9,in,152.550,152.750,7.27,2,IN,0,3.7204,2.8313,1
audio01.TextGrid,31,10,and,152.750,152.920,7.41,3,CC,0,5.1508,6.0634,1
audio01.TextGrid,31,11,had,152.970,153.210,6.33,3,VBD,0,6.8980,3.6534,1
audio01.TextGrid,31,12,butchered,153.210,153.650,3.01,5,VBN,1,6.3457,13.4107,1
audio01.TextGrid,31,13,their,153.650,153.820,6.33,3,PRP$,0,6.3372,3.2097,1
audio01.TextGrid,31,14,marlin,153.820,154.250,3.01,6,NN,1,4.2140,9.0224,1
audio01.TextGrid,31,15,out,154.250,154.570,6.38,2,IN,0,6.5625,6.7584,1
audio01.TextGrid,31,16,and,154.570,154.710,7.41,2,CC,0,4.5597,1.8359,1
audio01.TextGrid,31,17,carried,154.710,155.100,4.77,5,VBD,0,8.5569,4.5986,1
audio01.TextGrid,31,18,them,155.100,155.360,6.19,3,PRP,0,6.9168,1.1985,1
audio01.TextGrid,31,19,laid,155.360,155.680,4.56,3,JJS,0,11.0378,12.4923,1
audio01.TextGrid,31,20,full,155.680,155.900,5.54,3,JJ,0,8.9198,9.6852,1
audio01.TextGrid,31,21,length,155.900,156.270,4.77,4,NN,0,10.9788,5.3351,1
audio01.TextGrid,31,22,across,156.270,156.630,5.25,5,IN,0,7.9577,4.2306,1
audio01.TextGrid,31,23,two,156.630,156.750,6.1,2,CD,0,6.0796,7.1471,1
audio01.TextGrid,31,24,planks,156.750,157.460,3.13,6,NNS,1,5.8234,9.5270,1
audio01.TextGrid,31,25,with,157.510,157.630,6.85,3,IN,0,4.6333,4.1217,1
audio01.TextGrid,31,26,two,157.630,157.860,6.1,2,CD,0,6.0447,3.7944,1
audio01.TextGrid,31,27,men,157.860,158.130,5.51,3,NNS,0,8.2508,4.8796,1
audio01.TextGrid,31,28,staggering,158.130,158.780,3.5,7,VBG,0,11.8565,10.5920,1
audio01.TextGrid,31,29,at,158.780,158.840,6.7,2,IN,0,5.6504,3.8161,1
audio01.TextGrid,31,30,the,158.840,159.010,7.73,2,DT,0,1.6945,1.4396,1
audio01.TextGrid,31,31,end,159.010,159.120,5.68,3,NN,0,7.0528,3.0265,1
audio01.TextGrid,31,32,of,159.120,159.210,7.4,2,IN,0,2.9025,1.2082,1
audio01.TextGrid,31,33,each,159.210,159.420,5.69,2,DT,0,6.3390,2.6132,1
audio01.TextGrid,31,34,plank,159.420,159.800,3.46,5,NN,1,4.1348,2.6862,1
audio01.TextGrid,32,1,to,160.210,160.320,7.43,2,TO,0,4.2199,3.4608,1
audio01.TextGrid,32,2,the,160.320,160.420,7.73,2,DT,0,2.3639,2.3582,1
audio01.TextGrid,32,3,fish,160.420,160.670,4.9,3,NN,1,4.1345,5.5285,1
audio01.TextGrid,32,4,house,160.670,161.020,5.71,3,NN,0,7.4548,6.4791,1
audio01.TextGrid,32,5,where,161.020,161.120,6.0,3,WRB,0,8.9365,2.4404,1
audio01.TextGrid,32,6,they,161.120,161.200,6.5,2,PRP,0,4.8419,0.9652,1
audio01.TextGrid,32,7,waited,161.200,161.490,4.26,5,VBD,0,9.8263,4.2326,1
audio01.TextGrid,32,8,for,161.490,161.590,7.01,2,IN,0,4.3663,1.0734,1
audio01.TextGrid,32,9,the,161.590,161.740,7.73,2,DT,0,1.7454,0.8484,1
audio01.TextGrid,32,10,ice,161.740,161.970,5.0,2,JJ,1,5.0760,7.2152,1
audio01.TextGrid,32,11,truck,161.970,162.170,4.64,4,NN,0,9.5777,9.2770,1
audio01.TextGrid,32,12,to,162.170,162.290,7.43,2,TO,0,3.2545,0.7339,1
audio01.TextGrid,32,13,carry,162.290,162.560,4.89,4,VB,0,7.8635,4.9144,1
audio01.TextGrid,32,14,them,162.560,162.710,6.19,3,PRP,0,6.5517,0.3734,1
audio01.TextGrid,32,15,to,162.710,162.840,7.43,2,TO,0,3.1956,2.1233,1
audio01.TextGrid,32,16,the,162.840,162.930,7.73,2,DT,0,2.1500,0.8401,1
audio01.TextGrid,32,17,market,162.930,163.320,5.29,6,NN,0,5.0328,6.5336,1
audio01.TextGrid,32,18,in,163.320,163.440,7.27,2,IN,0,3.2259,4.5021,1
audio01.TextGrid,32,19,havana,163.440,163.900,3.53,6,NN,1,5.7913,7.5029,1
audio01.TextGrid,33,1,those,165.050,165.310,5.9,3,DT,0,6.1807,5.7707,1
audio01.TextGrid,33,2,who,165.310,165.380,6.34,2,WP,0,9.6955,1.2291,1
audio01.TextGrid,33,3,had,165.380,165.480,6.33,3,VBD,0,5.8750,1.1402,1
audio01.TextGrid,33,4,caught,165.480,165.760,4.9,3,VBN,0,9.6628,3.3517,1
audio01.TextGrid,33,5,sharks,165.760,166.180,3.96,5,NNS,1,7.6100,7.4399,1
audio01.TextGrid,33,6,had,166.180,166.350,6.33,3,VBD,0,5.8483,2.3603,1
audio01.TextGrid,33,7,taken,166.350,166.610,5.33,5,VBN,0,8.5674,3.9929,1
audio01.TextGrid,33,8,them,166.610,166.730,6.19,3,PRP,0,7.3444,1.7592,1
audio01.TextGrid,33,9,to,166.730,166.830,7.43,2,TO,0,3.0689,1.6990,1
audio01.TextGrid,33,10,the,166.830,166.930,7.73,2,DT,0,2.1178,0.7426,1
audio01.TextGrid,33,11,shark,166.930,167.240,4.1,4,NN,1,4.1357,4.4939,1
audio01.TextGrid,33,12,factory,167.240,167.710,4.55,6,NN,0,8.7352,5.6373,1
audio01.TextGrid,33,13,on,167.710,167.800,6.91,2,IN,0,4.4589,3.7143,1
audio01.TextGrid,33,14,the,167.800,167.930,7.73,2,DT,0,1.6949,0.8624,1
audio01.TextGrid,33,15,other,167.930,168.100,6.16,3,JJ,0,5.7818,3.4348,1
audio01.TextGrid,33,16,side,168.100,168.340,5.5,3,NN,0,7.8939,0.0803,1
audio01.TextGrid,33,17,of,168.340,168.410,7.4,2,IN,0,2.8272,0.1269,1
audio01.TextGrid,33,18,the,168.410,168.490,7.73,2,DT,0,1.6886,0.2113,1
audio01.TextGrid,33,19,cove,168.490,168.980,3.64,3,NN,1,4.1358,7.7972,1
audio01.TextGrid,33,20,where,168.980,169.120,6.0,4,WRB,0,7.2741,1.3407,1
audio01.TextGrid,33,21,they,169.120,169.200,6.5,2,PRP,0,4.8241,1.0123,1
audio01.TextGrid,33,22,were,169.200,169.370,6.34,2,VBD,0,4.5431,1.5450,1
audio01.TextGrid,33,23,hoisted,169.370,169.750,2.98,6,VBN,1,6.2526,8.0003,1
audio01.TextGrid,33,24,on,169.750,169.870,6.91,2,IN,0,3.9188,3.2388,1
audio01.TextGrid,33,25,a,169.870,169.920,7.36,1,DT,0,2.5618,2.7130,1
audio01.TextGrid,33,26,block,169.920,170.220,4.88,4,NN,0,9.1119,7.0021,1
audio01.TextGrid,33,27,and,170.220,170.370,7.41,3,CC,0,4.0096,1.9807,1
audio01.TextGrid,33,28,tackle,170.370,170.760,4.15,5,VB,0,11.2791,13.0802,1
audio01.TextGrid,33,29,their,171.110,171.270,6.33,3,PRP$,0,5.5476,4.7888,1
audio01.TextGrid,33,30,livers,171.270,171.610,2.78,5,NNS,1,5.5683,8.7987,1
audio01.TextGrid,33,31,removed,171.610,172.110,4.79,6,VBD,0,10.1436,5.8203,1
audio01.TextGrid,33,32,their,172.430,172.580,6.33,3,PRP$,0,6.0692,1.6270,1
audio01.TextGrid,33,33,fins,172.580,173.020,3.36,4,NNS,1,5.5873,3.9653,1
audio01.TextGrid,33,34,cut,173.020,173.210,5.24,3,VBN,0,7.8058,2.6088,1
audio01.TextGrid,33,35,off,173.210,173.530,5.93,2,RB,0,6.2556,1.2529,1
audio01.TextGrid,33,36,and,173.530,173.600,7.41,2,CC,0,4.2108,0.8330,1
audio01.TextGrid,33,37,their,173.600,173.790,6.33,3,PRP$,0,6.6192,1.5121,1
audio01.TextGrid,33,38,hides,173.790,174.190,3.69,4,NNS,1,5.5688,6.7123,1
audio01.TextGrid,33,39,skinned,174.190,174.590,3.54,5,VBN,1,5.5603,6.8866,1
audio01.TextGrid,33,40,out,174.590,174.920,6.38,2,RP,0,5.6204,5.2399,1
audio01.TextGrid,33,41,and,174.920,175.000,7.41,2,CC,0,4.3475,1.9590,1
audio01.TextGrid,33,42,their,175.000,175.170,6.33,3,PRP$,0,6.2973,2.4865,1
audio01.TextGrid,33,43,flesh,175.170,175.570,4.2,4,JJ,1,5.1783,4.5531,1
audio01.TextGrid,33,44,cut,175.570,175.780,5.24,3,VBN,0,8.9055,3.0111,1
audio01.TextGrid,33,45,into,175.780,175.980,6.11,4,IN,0,6.5138,2.1685,1
audio01.TextGrid,33,46,strips,175.980,176.370,3.86,6,NNS,1,6.8222,2.9009,1
audio01.TextGrid,33,47,for,176.370,176.480,7.01,2,IN,0,3.8493,4.0650,1
audio01.TextGrid,33,48,salting,176.480,177.010,2.46,6,VBG,1,8.1155,11.9015,1
audio02.TextGrid,1,1,when,1.170,1.310,6.37,4,WRB,0,6.5749,4.1145,1
audio02.TextGrid,1,2,the,1.310,1.370,7.73,2,DT,0,1.9802,0.8252,1
audio02.TextGrid,1,3,wind,1.370,1.610,4.84,4,NN,1,4.1362,6.5498,1
audio02.TextGrid,1,4,was,1.610,1.770,6.82,3,VBD,0,4.1860,2.0627,1
audio02.TextGrid,1,5,in,1.770,1.870,7.27,2,IN,0,3.6643,4.5947,1
audio02.TextGrid,1,6,the,1.870,1.990,7.73,2,DT,0,1.7635,1.0952,1
audio02.TextGrid,1,7,east,1.990,2.360,5.16,3,NN,0,8.6358,4.7590,1
audio02.TextGrid,1,8,a,2.360,2.420,7.36,1,DT,0,5.3447,4.1972,1
audio02.TextGrid,1,9,smell,2.420,2.710,4.49,4,NN,1,4.1590,8.9145,1
audio02.TextGrid,1,10,came,2.710,2.960,5.5,3,VBD,0,7.6376,2.9909,1
audio02.TextGrid,1,11,across,2.960,3.300,5.25,5,IN,0,8.2796,4.8455,1
audio02.TextGrid,1,12,the,3.300,3.390,7.73,2,DT,0,1.8602,0.3711,1
audio02.TextGrid,1,13,harbour,3.390,3.680,3.98,5,NN,1,4.1398,5.6079,1
audio02.TextGrid,1,14,from,3.680,3.830,6.63,3,IN,0,4.7137,3.8786,1
audio02.TextGrid,1,15,the,3.830,3.910,7.73,2,DT,0,1.6993,0.6672,1
audio02.TextGrid,1,16,shark,3.910,4.220,4.1,4,NN,1,4.1366,5.2042,1
audio02.TextGrid,1,17,factory,4.230,4.760,4.55,6,NN,0,8.7100,0.8726,1
audio02.TextGrid,2,1,but,5.250,5.370,6.63,3,CC,0,5.3198,3.8232,1
audio02.TextGrid,2,2,today,5.370,5.660,5.55,4,NN,0,8.8953,7.9402,1
audio02.TextGrid,2,3,there,5.660,5.770,6.31,3,RB,0,8.2932,2.5195,1
audio02.TextGrid,2,4,was,5.770,5.920,6.82,3,VBD,0,4.2248,0.3209,1
audio02.TextGrid,2,5,only,5.920,6.150,6.12,4,RB,0,6.0781,3.6486,1
audio02.TextGrid,2,6,the,6.150,6.240,7.73,2,DT,0,3.6922,1.6349,1
audio02.TextGrid,2,7,faint,6.240,6.570,3.78,4,NN,0,13.4565,4.5763,1
audio02.TextGrid,2,8,edge,6.570,6.760,4.74,2,NN,0,11.5878,10.8392,1
audio02.TextGrid,2,9,of,6.760,6.830,7.4,2,IN,0,3.9334,0.0627,1
audio02.TextGrid,2,10,the,6.830,7.020,7.73,2,DT,0,1.6967,1.7190,1
audio02.TextGrid,2,11,odour,7.020,7.260,2.96,4,NN,1,4.1365,7.8075,1
audio02.TextGrid,2,12,because,7.260,7.740,6.03,5,IN,0,5.9392,6.9268,1
audio02.TextGrid,2,13,the,7.760,7.850,7.73,2,DT,0,1.7055,1.1265,1
audio02.TextGrid,2,14,wind,7.850,8.120,4.84,4,NN,1,4.1361,3.0497,1
audio02.TextGrid,2,15,had,8.120,8.250,6.33,3,VBD,0,6.3160,1.8900,1
audio02.TextGrid,2,16,backed,8.250,8.530,4.26,4,VBN,0,10.2300,8.6326,1
audio02.TextGrid,2,17,into,8.530,8.680,6.11,4,IN,0,5.9289,3.3505,1
audio02.TextGrid,2,18,the,8.680,8.790,7.73,2,DT,0,1.6865,0.2976,1
audio02.TextGrid,2,19,north,8.790,9.170,5.34,4,NN,0,9.8270,6.0217,1
audio02.TextGrid,2,20,and,9.170,9.280,7.41,2,CC,0,3.7814,1.5969,1
audio02.TextGrid,2,21,then,9.280,9.500,6.07,3,RB,0,8.5606,4.3347,1
audio02.TextGrid,2,22,dropped,9.500,9.810,4.73,5,VBD,0,9.1704,6.3742,1
audio02.TextGrid,2,23,off,9.810,10.120,5.93,2,IN,0,6.4745,3.2139,1
audio02.TextGrid,2,24,and,10.230,10.360,7.41,3,CC,0,4.2168,2.5006,1
audio02.TextGrid,2,25,it,10.360,10.470,6.95,2,PRP,0,5.4641,3.0442,1
audio02.TextGrid,2,26,was,10.470,10.590,6.82,3,VBD,0,4.4626,0.6135,1
audio02.TextGrid,2,27,pleasant,10.590,11.000,4.22,7,JJ,1,5.8075,7.1588,1
audio02.TextGrid,2,28,and,11.000,11.130,7.41,3,CC,0,3.7672,2.6270,1
audio02.TextGrid,2,29,sunny,11.130,11.480,4.07,4,JJ,0,10.2264,4.2947,1
audio02.TextGrid,2,30,on,11.480,11.600,6.91,2,IN,0,4.7521,4.6152,1
audio02.TextGrid,2,31,the,11.600,11.690,7.73,2,DT,0,1.7369,0.2392,1
audio02.TextGrid,2,32,terrace,11.690,12.190,3.88,5,NN,0,11.0456,4.3301,1
audio02.TextGrid,2,33,santiago,13.870,14.470,3.66,8,VBD,1,6.1534,4.1405,1
audio02.TextGrid,2,34,the,14.590,14.700,7.73,2,DT,0,2.4540,0.3359,1
audio02.TextGrid,2,35,boy,14.700,14.900,5.17,2,NN,0,10.2392,0.8275,1
audio02.TextGrid,2,36,said,14.900,15.270,6.01,3,VBD,0,4.5006,0.1295,1
audio02.TextGrid,3,1,yes,16.000,16.470,5.5,3,RB,0,11.0119,5.2655,1
audio02.TextGrid,3,2,the,16.640,16.740,7.73,2,DT,0,2.5625,0.1613,1
audio02.TextGrid,3,3,old,16.740,16.910,5.75,3,JJ,0,7.3464,0.1547,1
audio02.TextGrid,3,4,man,16.910,17.130,5.82,3,NN,0,7.7268,0.0033,1
audio02.TextGrid,3,5,said,17.130,17.450,6.01,3,VBD,0,3.6026,0.0882,1
audio02.TextGrid,4,1,he,17.960,18.040,6.69,2,PRP,0,4.5353,3.3598,1
audio02.TextGrid,4,2,was,18.040,18.170,6.82,3,VBD,0,3.9158,1.9850,1
audio02.TextGrid,4,3,holding,18.170,18.450,4.89,6,VBG,0,8.2383,5.2239,1
audio02.TextGrid,4,4,his,18.450,18.590,6.51,3,PRP$,0,5.9992,1.8987,1
audio02.TextGrid,4,5,glass,18.590,19.060,4.85,4,NN,0,8.5007,5.6530,1
audio02.TextGrid,4,6,and,19.060,19.200,7.41,3,CC,0,4.3655,1.9226,1
audio02.TextGrid,4,7,thinking,19.200,19.510,5.24,6,NN,0,9.9156,5.7666,1
audio02.TextGrid,4,8,of,19.510,19.630,7.4,2,IN,0,3.3841,1.2903,1
audio02.TextGrid,4,9,many,19.630,19.830,5.91,4,JJ,0,6.5571,7.0264,1
audio02.TextGrid,4,10,years,19.830,20.150,5.96,3,NNS,0,4.9157,4.9958,1
audio02.TextGrid,4,11,ago,20.150,20.490,5.42,3,RB,0,7.1701,3.8862,1
audio02.TextGrid,5,1,can,22.130,22.260,6.46,3,MD,0,9.3799,5.0216,1
audio02.TextGrid,5,2,i,22.260,22.340,7.09,1,VB,0,7.8129,0.7537,1
audio02.TextGrid,5,3,go,22.340,22.510,6.03,2,VB,0,8.0906,3.1794,1
audio02.TextGrid,5,4,out,22.510,22.630,6.38,2,RP,0,5.7592,4.0282,1
audio02.TextGrid,5,5,to,22.630,22.700,7.43,2,TO,0,3.2294,1.8800,1
audio02.TextGrid,5,6,get,22.700,22.890,6.28,3,VB,0,6.3151,4.0533,1
audio02.TextGrid,5,7,sardines,22.890,23.370,2.93,7,NNS,1,7.4163,9.4109,1
audio02.TextGrid,5,8,for,23.370,23.470,7.01,2,IN,0,3.8408,2.8001,1
audio02.TextGrid,5,9,you,23.470,23.540,6.98,2,PRP,0,5.6252,1.2650,1
audio02.TextGrid,5,10,for,23.540,23.610,7.01,2,IN,0,3.8274,4.8196,1
audio02.TextGrid,5,11,tomorrow,23.610,24.040,5.02,6,NN,0,10.1023,5.5825,1
audio02.TextGrid,6,1,no,24.830,25.090,6.35,2,DT,0,5.7679,1.5576,1
audio02.TextGrid,6,2,go,25.870,26.060,6.03,2,NN,0,9.9020,4.7874,1
audio02.TextGrid,6,3,and,26.060,26.120,7.41,2,CC,0,4.1294,2.7689,1
audio02.TextGrid,6,4,play,26.120,26.340,5.61,3,VB,0,8.3296,6.3488,1
audio02.TextGrid,6,5,baseball,26.340,27.010,4.54,6,NN,0,11.4869,8.1295,1
audio02.TextGrid,6,6,i,27.240,27.360,7.09,1,NN,0,7.9681,1.6718,1
audio02.TextGrid,6,7,can,27.360,27.540,6.46,3,MD,0,6.2284,3.1770,1
audio02.TextGrid,6,8,still,27.540,27.930,5.92,4,RB,0,7.3573,5.5359,1
audio02.TextGrid,6,9,row,27.930,28.280,4.6,2,VB,0,12.6763,9.7176,1
audio02.TextGrid,6,10,and,28.280,28.640,7.41,3,CC,0,4.1509,3.2456,1
audio02.TextGrid,6,11,rogelio,28.640,29.170,2.4,7,VB,1,5.1033,18.6567,1
audio02.TextGrid,6,12,will,29.170,29.340,6.45,3,MD,0,5.9249,2.4126,1
audio02.TextGrid,6,13,throw,29.340,29.550,4.83,3,VB,1,3.7121,5.0099,1
audio02.TextGrid,6,14,the,29.550,29.650,7.73,2,DT,0,2.2850,3.2346,1
audio02.TextGrid,6,15,net,29.650,29.940,4.76,3,JJ,0,6.5147,7.1122,1
audio02.TextGrid,7,1,i,31.340,31.450,7.09,1,NN,0,5.5144,2.3174,1
audio02.TextGrid,7,2,would,31.450,31.580,6.27,3,MD,0,4.5155,4.6889,1
audio02.TextGrid,7,3,like,31.580,31.750,6.41,3,VB,0,6.9481,1.3085,1
audio02.TextGrid,7,4,to,31.750,31.840,7.43,2,TO,0,3.4544,0.5444,1
audio02.TextGrid,7,5,go,31.840,32.170,6.03,2,VB,0,6.7340,1.5866,1
audio02.TextGrid,7,6,if,32.450,32.580,6.47,2,IN,0,6.3617,4.0993,1
audio02.TextGrid,7,7,i,32.580,32.660,7.09,1,JJ,0,5.4453,1.7127,1
audio02.TextGrid,7,8,cannot,32.660,33.010,5.11,5,VBP,1,5.7142,4.9808,1
audio02.TextGrid,7,9,fish,33.010,33.270,4.9,3,JJ,1,5.8441,6.6861,1
audio02.TextGrid,7,10,with,33.270,33.410,6.85,3,IN,0,5.1531,3.5578,1
audio02.TextGrid,7,11,you,33.410,33.620,6.98,2,PRP,0,5.6098,0.5287,1
audio02.TextGrid,7,12,i,33.620,33.670,7.09,1,VBP,0,7.3481,1.4523,1
audio02.TextGrid,7,13,would,33.670,33.840,6.27,3,MD,0,5.2736,3.1461,1
audio02.TextGrid,7,14,like,33.840,33.970,6.41,3,VB,0,6.9533,0.4780,1
audio02.TextGrid,7,15,to,33.970,34.040,7.43,2,TO,0,3.4287,0.2267,1
audio02.TextGrid,7,16,serve,34.040,34.320,4.85,3,VB,0,8.4275,7.2750,1
audio02.TextGrid,7,17,in,34.320,34.430,7.27,2,IN,0,3.6050,4.3115,1
audio02.TextGrid,7,18,some,34.430,34.700,6.2,3,DT,0,5.2277,4.1571,1
audio02.TextGrid,7,19,way,34.700,34.970,6.01,2,NN,0,6.8393,4.8014,1
audio02.TextGrid,8,1,you,35.990,36.120,6.98,2,PRP,0,5.7058,2.8225,1
audio02.TextGrid,8,2,bought,36.120,36.390,4.91,3,VBD,0,7.5485,8.2497,1
audio02.TextGrid,8,3,me,36.390,36.540,6.48,2,PRP,0,8.7902,2.8462,1
audio02.TextGrid,8,4,a,36.540,36.580,7.36,1,DT,0,4.7998,1.1029,1
audio02.TextGrid,8,5,beer,36.580,37.020,4.7,3,NN,0,10.2484,2.8875,1
audio02.TextGrid,8,6,the,37.210,37.330,7.73,2,DT,0,4.0259,0.3505,1
audio02.TextGrid,8,7,old,37.330,37.510,5.75,3,JJ,0,7.3447,0.4914,1
audio02.TextGrid,8,8,man,37.510,37.730,5.82,3,NN,0,7.7023,0.0115,1
audio02.TextGrid,8,9,said,37.730,38.090,6.01,3,VBD,0,4.4883,0.0643,1
audio02.TextGrid,9,1,you,38.720,38.930,6.98,2,PRP,0,5.7058,2.2198,1
audio02.TextGrid,9,2,are,38.930,39.080,6.74,2,VBP,0,3.9761,2.9363,1
audio02.TextGrid,9,3,already,39.080,39.530,5.55,6,RB,0,6.9204,5.7389,1
audio02.TextGrid,9,4,a,39.530,39.570,7.36,1,DT,0,4.6453,2.0603,1
audio02.TextGrid,9,5,man,39.570,40.050,5.82,3,NN,0,7.7729,2.5988,1
audio02.TextGrid,10,1,how,41.460,41.590,6.24,2,WRB,0,7.8277,4.8377,1
audio02.TextGrid,10,2,old,41.590,41.810,5.75,3,JJ,0,7.5297,3.6948,1
audio02.TextGrid,10,3,was,41.810,41.970,6.82,3,VBD,0,6.0818,3.6957,1
audio02.TextGrid,10,4,i,41.970,42.110,7.09,1,RB,0,6.0590,2.0253,1
audio02.TextGrid,10,5,when,42.110,42.290,6.37,3,WRB,0,6.3044,0.6415,1
audio02.TextGrid,10,6,you,42.290,42.410,6.98,2,PRP,0,5.8654,1.1663,1
audio02.TextGrid,10,7,first,42.410,42.690,6.11,4,RB,0,7.5845,3.2295,1
audio02.TextGrid,10,8,took,42.690,42.870,5.51,3,VBD,0,8.3887,3.7046,1
audio02.TextGrid,10,9,me,42.870,42.990,6.48,2,PRP,0,8.6264,1.1020,1
audio02.TextGrid,10,10,in,42.990,43.050,7.27,2,IN,0,3.1067,3.2437,1
audio02.TextGrid,10,11,a,43.050,43.090,7.36,1,DT,0,2.5751,5.4084,1
audio02.TextGrid,10,12,boat,43.090,43.520,4.71,3,NN,1,4.1372,0.5123,1
audio02.TextGrid,11,1,five,44.460,44.960,5.45,3,CD,0,7.6116,4.0200,1
audio02.TextGrid,11,2,and,45.020,45.170,7.41,2,CC,0,4.6222,2.7478,1
audio02.TextGrid,11,3,you,45.170,45.330,6.98,2,PRP,0,6.1185,7.2001,1
audio02.TextGrid,11,4,nearly,45.330,45.680,5.0,5,RB,0,8.8810,8.3274,1
audio02.TextGrid,11,5,were,45.680,45.810,6.34,2,VBD,0,5.3214,5.1995,1
audio02.TextGrid,11,6,killed,45.810,46.260,5.22,4,VBN,0,10.3091,3.5589,1
audio02.TextGrid,11,7,when,46.260,46.370,6.37,3,WRB,0,6.2045,2.8015,1
audio02.TextGrid,11,8,i,46.370,46.470,7.09,1,NN,0,5.6377,1.5953,1
audio02.TextGrid,11,9,brought,46.470,46.730,5.16,4,VBD,0,8.1160,4.2063,1
audio02.TextGrid,11,10,the,46.730,46.840,7.73,2,DT,0,2.6577,3.2906,1
audio02.TextGrid,11,11,fish,46.840,47.120,4.9,3,NN,1,4.1435,2.1724,1
audio02.TextGrid,11,12,in,47.120,47.250,7.27,2,IN,0,3.3177,3.2098,1
audio02.TextGrid,11,13,too,47.250,47.410,5.95,2,RB,0,8.7851,7.7190,1
audio02.TextGrid,11,14,green,47.410,47.880,5.13,4,JJ,0,9.0571,11.6237,1
audio02.TextGrid,11,15,and,48.060,48.200,7.41,3,CC,0,3.6804,2.5401,1
audio02.TextGrid,11,16,he,48.200,48.300,6.69,2,PRP,0,5.2495,5.9363,1
audio02.TextGrid,11,17,nearly,48.300,48.610,5.0,5,RB,0,8.5806,7.0931,1
audio02.TextGrid,11,18,tore,48.610,48.820,3.71,3,VBD,1,4.1315,6.3707,1
audio02.TextGrid,11,19,the,48.820,48.920,7.73,2,DT,0,2.4554,2.1837,1
audio02.TextGrid,11,20,boat,48.920,49.130,4.71,3,NN,1,4.1401,3.6335,1
audio02.TextGrid,11,21,to,49.130,49.230,7.43,2,TO,0,3.3939,2.9702,1
audio02.TextGrid,11,22,pieces,49.230,49.790,4.72,5,NNS,0,11.4958,0.1969,1
audio02.TextGrid,12,1,can,50.310,50.460,6.46,3,MD,0,9.3799,5.6665,1
audio02.TextGrid,12,2,you,50.460,50.620,6.98,2,PRP,0,8.0054,0.8338,1
audio02.TextGrid,12,3,remember,50.620,51.160,5.38,7,VB,0,11.1893,4.1278,1
audio02.TextGrid,12,4,i,52.710,52.800,7.09,1,NNS,0,5.9592,1.3099,1
audio02.TextGrid,12,5,can,52.800,53.030,6.46,3,MD,0,6.9802,2.3394,1
audio02.TextGrid,12,6,remember,53.030,53.380,5.38,7,VB,0,9.6172,1.5647,1
audio02.TextGrid,12,7,the,53.380,53.500,7.73,2,DT,0,2.2640,4.3734,1
audio02.TextGrid,12,8,tail,53.500,53.890,4.34,3,NN,1,4.1383,8.7305,1
audio02.TextGrid,12,9,slapping,53.890,54.470,3.36,6,NN,1,5.3560,8.6184,1
audio02.TextGrid,12,10,and,54.470,54.560,7.41,2,CC,0,3.7509,3.5281,1
audio02.TextGrid,12,11,banging,54.560,55.080,3.68,5,NN,1,5.7344,5.9864,1
audio02.TextGrid,12,12,and,55.080,55.170,7.41,2,CC,0,3.7316,2.3993,1
audio02.TextGrid,12,13,the,55.170,55.290,7.73,2,DT,0,2.4480,1.9209,1
audio02.TextGrid,12,14,thwart,55.290,55.540,3.06,5,NN,0,13.7483,14.7297,1
audio02.TextGrid,12,15,breaking,55.540,56.040,4.74,6,NN,0,11.3306,4.6308,1
audio02.TextGrid,12,16,and,56.040,56.140,7.41,2,CC,0,3.8653,1.5205,1
audio02.TextGrid,12,17,the,56.140,56.220,7.73,2,DT,0,3.2701,1.1730,1
audio02.TextGrid,12,18,of,56.510,56.580,7.4,2,IN,0,4.8961,1.0613,1
audio02.TextGrid,12,19,the,56.580,56.660,7.73,2,DT,0,1.7148,0.8323,1
audio02.TextGrid,12,20,clubbing,56.660,57.120,2.99,6,NN,1,4.1361,11.1681,1
audio02.TextGrid,13,1,i,57.570,57.600,7.09,1,NN,0,5.5144,1.3258,1
audio02.TextGrid,13,2,can,57.750,58.010,6.46,3,MD,0,5.3141,2.8066,1
audio02.TextGrid,13,3,remember,58.010,58.360,5.38,7,VB,0,9.5920,0.3534,1
audio02.TextGrid,13,4,you,58.360,58.510,6.98,2,PRP,0,6.2041,3.8992,1
audio02.TextGrid,13,5,throwing,58.510,58.890,4.4,5,VBG,1,8.1348,4.8478,1
audio02.TextGrid,13,6,me,58.890,59.030,6.48,2,PRP,0,8.5369,2.8382,1
audio02.TextGrid,13,7,into,59.030,59.150,6.11,4,IN,0,6.1716,2.7196,1
audio02.TextGrid,13,8,the,59.150,59.250,7.73,2,DT,0,1.6909,0.5394,1
audio02.TextGrid,13,9,bow,59.250,59.560,4.3,2,NN,1,4.1365,7.3398,1
audio02.TextGrid,13,10,where,59.560,59.720,6.0,3,WRB,0,7.3334,4.9454,1
audio02.TextGrid,13,11,the,59.720,59.780,7.73,2,DT,0,1.9695,1.7736,1
audio02.TextGrid,13,12,wet,59.780,59.980,4.54,3,NN,1,4.1362,8.6993,1
audio02.TextGrid,13,13,coiled,59.980,60.340,2.9,4,VBD,1,3.6519,10.5465,1
audio02.TextGrid,13,14,lines,60.340,60.730,4.95,4,NNS,0,10.2950,1.5351,1
audio02.TextGrid,13,15,were,60.730,60.940,6.34,2,VBD,0,5.6927,1.9201,1
audio02.TextGrid,13,16,and,61.250,61.340,7.41,2,CC,0,3.9087,2.2732,1
audio02.TextGrid,13,17,feeling,61.340,61.710,5.13,5,VBG,0,9.4497,6.4668,1
audio02.TextGrid,13,18,the,61.710,61.810,7.73,2,DT,0,2.3523,1.2561,1
audio02.TextGrid,13,19,whole,61.810,62.000,5.46,3,JJ,0,10.0321,5.3689,1
audio02.TextGrid,13,20,boat,62.000,62.330,4.71,3,NN,1,3.9928,2.2972,1
audio02.TextGrid,13,21,shiver,62.330,62.800,3.05,4,NN,1,5.8288,6.8086,1
audio02.TextGrid,13,22,and,62.800,62.870,7.41,2,CC,0,4.0648,1.4976,1
audio02.TextGrid,13,23,the,62.870,62.960,7.73,2,DT,0,2.4223,2.5697,1
audio02.TextGrid,13,24,of,63.310,63.430,7.4,2,IN,0,5.0472,0.5769,1
audio02.TextGrid,13,25,you,63.430,63.580,6.98,2,PRP,0,5.6334,5.5057,1
audio02.TextGrid,13,26,clubbing,63.580,64.080,2.99,6,VBG,1,7.6291,8.2896,1
audio02.TextGrid,13,27,him,64.080,64.220,6.11,2,PRP,0,7.9452,4.9008,1
audio02.TextGrid,13,28,like,64.220,64.420,6.41,3,IN,0,6.3130,4.0062,1
audio02.TextGrid,13,29,chopping,64.420,64.820,3.37,5,VBG,1,8.0420,12.2922,1
audio02.TextGrid,13,30,a,64.820,64.870,7.36,1,DT,0,3.1943,2.9559,1
audio02.TextGrid,13,31,tree,64.870,65.140,4.85,3,JJ,0,9.1382,2.3751,1
audio02.TextGrid,13,32,down,65.140,65.470,5.88,3,NN,0,6.9620,3.9733,1
audio02.TextGrid,13,33,and,65.890,65.980,7.41,2,CC,0,4.2606,2.1157,1
audio02.TextGrid,13,34,the,65.980,66.090,7.73,2,DT,0,3.0391,2.4825,1
audio02.TextGrid,13,35,sweet,66.090,66.400,4.91,4,JJ,0,10.0382,8.8707,1
audio02.TextGrid,13,36,blood,66.400,66.680,5.1,4,NN,0,8.9946,6.4583,1
audio02.TextGrid,13,37,smell,66.680,67.000,4.49,4,NN,1,5.8968,7.0299,1
audio02.TextGrid,13,38,all,67.000,67.160,6.52,2,DT,0,7.7093,5.6031,1
audio02.TextGrid,13,39,over,67.160,67.380,6.08,3,IN,0,7.8974,0.8867,1
audio02.TextGrid,13,40,me,67.380,67.600,6.48,2,PRP,0,8.1060,3.5918,1
audio02.TextGrid,14,1,can,69.270,69.420,6.46,3,MD,0,9.3799,3.7257,1
audio02.TextGrid,14,2,you,69.420,69.800,6.98,2,PRP,0,8.0054,0.7436,1
audio02.TextGrid,14,3,really,69.800,70.020,5.97,4,RB,0,8.1938,5.3189,1
audio02.TextGrid,14,4,remember,70.020,70.470,5.38,7,VB,0,10.8089,0.6006,1
audio02.TextGrid,14,5,that,70.470,70.720,7.01,3,IN,0,4.3732,2.3665,1
audio02.TextGrid,14,6,or,70.720,70.780,6.54,1,CC,0,6.1828,6.7094,1
audio02.TextGrid,14,7,did,70.780,70.940,5.96,3,VBD,0,9.3234,3.6741,1
audio02.TextGrid,14,8,i,70.940,71.050,7.09,1,VB,0,6.0927,2.7627,1
audio02.TextGrid,14,9,just,71.050,71.260,6.43,3,RB,0,7.0019,2.8184,1
audio02.TextGrid,14,10,tell,71.260,71.480,5.53,3,VB,0,10.3776,3.9870,1
audio02.TextGrid,14,11,it,71.480,71.630,6.95,2,PRP,0,4.8217,5.4073,1
audio02.TextGrid,14,12,to,71.630,71.710,7.43,2,TO,0,3.2757,0.4246,1
audio02.TextGrid,14,13,you,71.710,71.900,6.98,2,PRP,0,6.1353,0.3302,1
audio02.TextGrid,15,1,i,73.100,73.210,7.09,1,JJ,0,5.5144,1.1897,1
audio02.TextGrid,15,2,remember,73.210,73.610,5.38,7,VBP,0,9.7957,2.7114,1
audio02.TextGrid,15,3,everything,73.610,74.090,5.54,7,NN,0,11.3861,4.8141,1
audio02.TextGrid,15,4,from,74.090,74.270,6.63,3,IN,0,5.3148,4.6017,1
audio02.TextGrid,15,5,when,74.270,74.370,6.37,3,WRB,0,7.8349,2.4659,1
audio02.TextGrid,15,6,we,74.370,74.530,6.54,2,PRP,0,5.9243,2.4169,1
audio02.TextGrid,15,7,first,74.530,74.830,6.11,4,RB,0,7.5832,1.4057,1
audio02.TextGrid,15,8,went,74.830,74.980,5.5,4,VBD,0,9.1199,2.6638,1
audio02.TextGrid,15,9,together,74.980,75.370,5.46,6,RB,0,7.9003,4.6000,1
audio02.TextGrid,16,1,the,77.590,77.700,7.73,2,DT,0,1.8241,2.6104,1
audio02.TextGrid,16,2,old,77.700,77.920,5.75,3,JJ,0,7.3292,0.3985,1
audio02.TextGrid,16,3,man,77.920,78.180,5.82,3,NN,0,7.6921,0.0079,1
audio02.TextGrid,16,4,looked,78.180,78.380,5.11,4,VBD,0,10.1509,2.5626,1
audio02.TextGrid,16,5,at,78.380,78.450,6.7,2,IN,0,4.2210,0.6080,1
audio02.TextGrid,16,6,him,78.450,78.640,6.11,3,PRP,0,7.3636,1.1179,1
audio02.TextGrid,16,7,with,78.640,78.780,6.85,3,IN,0,4.9530,2.2069,1
audio02.TextGrid,16,8,his,78.780,78.950,6.51,3,PRP$,0,5.3014,3.2962,1
audio02.TextGrid,16,9,sun,78.950,79.190,4.97,3,NN,0,10.5737,7.2986,1
audio02.TextGrid,16,10,burned,79.190,79.630,4.31,4,VBD,0,12.9121,4.3680,1
audio02.TextGrid,16,11,confident,79.630,80.260,4.43,9,JJ,0,11.3136,9.3895,1
audio02.TextGrid,16,12,loving,80.260,80.580,4.47,5,VBG,1,8.5798,11.8042,1
audio02.TextGrid,16,13,eyes,80.580,81.010,5.21,2,NNS,0,10.1536,0.3447,1
audio02.TextGrid,17,1,if,82.630,82.760,6.47,2,IN,0,6.7770,4.5640,1
audio02.TextGrid,17,2,you,82.760,82.910,6.98,2,PRP,0,5.6755,0.8356,1
audio02.TextGrid,17,3,were,82.910,83.010,6.34,2,VBD,0,6.0445,3.2147,1
audio02.TextGrid,17,4,my,83.010,83.250,6.57,2,PRP$,0,7.8134,4.2594,1
audio02.TextGrid,17,5,boy,83.250,83.550,5.17,2,NN,0,10.3524,2.9794,1
audio02.TextGrid,17,6,i,83.550,83.640,7.09,1,NN,0,7.1690,1.8395,1
audio02.TextGrid,17,7,d,83.640,83.750,5.46,2,VBP,1,4.2668,2.5630,1
audio02.TextGrid,17,8,take,83.750,83.940,5.92,3,VB,0,6.6803,3.7893,1
audio02.TextGrid,17,9,you,83.940,84.090,6.98,2,PRP,0,6.2149,0.4810,1
audio02.TextGrid,17,10,out,84.090,84.210,6.38,2,RP,0,6.5632,2.3442,1
audio02.TextGrid,17,11,and,84.210,84.330,7.41,2,CC,0,4.4952,2.5447,1
audio02.TextGrid,17,12,gamble,84.330,84.800,3.79,6,VB,1,4.2895,9.5096,1
audio02.TextGrid,17,13,he,85.080,85.210,6.69,2,PRP,0,5.0485,0.2519,1
audio02.TextGrid,17,14,said,85.210,85.560,6.01,3,VBD,0,5.1816,0.0987,1
audio02.TextGrid,18,1,but,85.990,86.150,6.63,3,CC,0,5.3198,1.7017,1
audio02.TextGrid,18,2,you,86.150,86.320,6.98,2,PRP,0,5.9151,1.7360,1
audio02.TextGrid,18,3,are,86.320,86.440,6.74,2,VBP,0,3.9435,2.8022,1
audio02.TextGrid,18,4,your,86.440,86.600,6.53,3,PRP$,0,7.8340,5.0595,1
audio02.TextGrid,18,5,father,86.600,86.950,5.26,4,NN,0,8.9688,2.3069,1
audio02.TextGrid,18,6,s,86.950,87.020,5.86,1,NN,1,5.3686,1.1419,1
audio02.TextGrid,18,7,and,87.020,87.140,7.41,2,CC,0,4.3360,4.4044,1
audio02.TextGrid,18,8,your,87.140,87.270,6.53,3,PRP$,0,7.4840,2.6804,1
audio02.TextGrid,18,9,mother,87.270,87.620,5.24,4,NN,0,9.2585,0.9673,1
audio02.TextGrid,18,10,s,87.620,87.760,5.86,1,NN,1,5.3196,0.0266,1
audio02.TextGrid,18,11,and,87.760,87.890,7.41,2,CC,0,4.3508,1.9771,1
audio02.TextGrid,18,12,you,87.890,88.110,6.98,2,PRP,0,6.2360,1.5594,1
audio02.TextGrid,18,13,are,88.110,88.260,6.74,2,VBP,0,4.4683,1.5197,1
audio02.TextGrid,18,14,in,88.260,88.340,7.27,2,IN,0,3.8005,4.7060,1
audio02.TextGrid,18,15,a,88.340,88.400,7.36,1,DT,0,2.6144,2.5909,1
audio02.TextGrid,18,16,lucky,88.400,88.690,4.77,4,JJ,0,10.7264,7.9916,1
audio02.TextGrid,18,17,boat,88.690,89.120,4.71,3,NN,1,3.9947,2.2895,1
audio02.TextGrid,19,1,may,90.940,91.080,5.98,2,MD,0,8.3649,7.8814,1
audio02.TextGrid,19,2,i,91.080,91.180,7.09,1,VB,0,8.1452,0.5633,1
audio02.TextGrid,19,3,get,91.180,91.320,6.28,3,VB,0,6.5447,3.9410,1
audio02.TextGrid,19,4,the,91.320,91.430,7.73,2,DT,0,2.3384,3.4435,1
audio02.TextGrid,19,5,sardines,91.430,92.050,2.93,7,NNS,1,6.4504,4.8228,1
audio02.TextGrid,19,6,i,92.290,92.390,7.09,1,NN,0,7.4320,1.4624,1
audio02.TextGrid,19,7,know,92.390,92.530,6.1,2,VBP,0,7.5629,4.2475,1
audio02.TextGrid,19,8,where,92.530,92.670,6.0,3,WRB,0,7.5802,4.1244,1
audio02.TextGrid,19,9,i,92.670,92.730,7.09,1,NN,0,5.6761,2.9675,1
audio02.TextGrid,19,10,can,92.730,92.880,6.46,3,MD,0,5.3193,1.2485,1
audio02.TextGrid,19,11,get,92.880,93.060,6.28,3,VB,0,5.7545,0.9918,1
audio02.TextGrid,19,12,four,93.090,93.280,5.53,3,CD,0,8.3406,9.3369,1
audio02.TextGrid,19,13,baits,93.280,93.660,2.65,4,NNS,1,5.8449,11.7285,1
audio02.TextGrid,19,14,too,93.660,93.980,5.95,2,RB,0,7.8899,6.2703,1
audio02.TextGrid,19,15,i,95.500,95.630,7.09,1,RB,0,7.3872,1.9172,1
audio02.TextGrid,19,16,have,95.630,95.870,6.71,3,VBP,0,4.8505,2.8035,1
audio02.TextGrid,19,17,mine,95.870,96.150,5.04,3,NN,0,11.1912,6.9663,1
audio02.TextGrid,19,18,left,96.150,96.390,5.62,4,VBN,0,10.0292,7.5629,1
audio02.TextGrid,19,19,from,96.390,96.540,6.63,3,IN,0,4.4265,5.4720,1
audio02.TextGrid,19,20,today,96.540,97.030,5.55,4,NN,0,8.5456,6.7187,1
audio02.TextGrid,19,21,i,97.200,97.320,7.09,1,NN,0,7.6975,1.4152,1
audio02.TextGrid,19,22,put,97.320,97.560,5.66,3,VBD,0,7.2849,5.8343,1
audio02.TextGrid,19,23,them,97.560,97.700,6.19,3,PRP,0,6.7173,0.7669,1
audio02.TextGrid,19,24,in,97.700,97.800,7.27,2,IN,0,3.1289,0.8173,1
audio02.TextGrid,19,25,salt,97.800,98.140,4.6,4,NN,0,11.0086,7.6393,1
audio02.TextGrid,19,26,in,98.140,98.210,7.27,2,IN,0,4.1651,4.4217,1
audio02.TextGrid,19,27,the,98.210,98.300,7.73,2,DT,0,1.7007,0.7761,1
audio02.TextGrid,19,28,box,98.300,98.810,5.04,4,NN,0,8.8495,5.7631,1
audio02.TextGrid,20,1,let,99.830,100.000,5.6,3,VB,0,12.2066,5.1528,1
audio02.TextGrid,20,2,me,100.000,100.090,6.48,2,PRP,0,8.6704,0.7654,1
audio02.TextGrid,20,3,get,100.090,100.290,6.28,3,VB,0,7.2640,2.1039,1
audio02.TextGrid,20,4,four,100.290,100.490,5.53,3,CD,0,8.3395,4.4591,1
audio02.TextGrid,20,5,fresh,100.490,100.810,4.83,4,JJ,0,10.9176,7.2139,1
audio02.TextGrid,20,6,ones,100.810,101.240,5.07,4,NNS,0,8.2129,1.5307,1
audio02.TextGrid,21,1,one,102.180,102.580,6.47,3,CD,0,6.0137,5.0985,1
audio02.TextGrid,21,2,the,102.890,103.010,7.73,2,DT,0,4.8272,0.5235,1
audio02.TextGrid,21,3,old,103.010,103.210,5.75,3,JJ,0,7.3346,0.4415,1
audio02.TextGrid,21,4,man,103.210,103.440,5.82,3,NN,0,7.7316,0.0070,1
audio02.TextGrid,21,5,said,103.440,103.830,6.01,3,VBD,0,3.7723,0.1024,1
audio02.TextGrid,22,1,his,105.070,105.240,6.51,3,PRP$,0,5.4396,4.3924,1
audio02.TextGrid,22,2,hope,105.240,105.530,5.44,3,NN,0,8.9591,9.0183,1
audio02.TextGrid,22,3,and,105.530,105.710,7.41,3,CC,0,4.5618,4.3095,1
audio02.TextGrid,22,4,his,105.710,105.880,6.51,3,PRP$,0,5.7517,1.7197,1
audio02.TextGrid,22,5,confidence,105.880,106.430,4.65,9,NN,0,8.3554,3.9997,1
audio02.TextGrid,22,6,had,106.430,106.560,6.33,3,VBD,0,5.2213,2.9242,1
audio02.TextGrid,22,7,never,106.560,106.780,5.91,4,RB,0,7.3862,4.3559,1
audio02.TextGrid,22,8,gone,106.780,107.190,5.17,3,VBN,0,9.0889,3.6253,1
audio02.TextGrid,22,9,but,107.430,107.630,6.63,3,CC,0,5.7498,3.4661,1
audio02.TextGrid,22,10,now,107.630,107.850,6.18,2,RB,0,6.6142,2.7023,1
audio02.TextGrid,22,11,they,107.850,107.910,6.5,2,PRP,0,6.4602,2.4331,1
audio02.TextGrid,22,12,were,107.910,107.970,6.34,2,VBD,0,5.4334,0.8324,1
audio02.TextGrid,22,13,freshening,107.970,108.530,2.25,7,VBG,1,7.5131,14.1065,1
audio02.TextGrid,22,14,as,108.530,108.690,6.77,2,IN,0,4.9023,5.5039,1
audio02.TextGrid,22,15,when,108.690,108.820,6.37,3,WRB,0,7.5769,6.2496,1
audio02.TextGrid,22,16,the,108.820,108.890,7.73,2,DT,0,2.0144,2.2670,1
audio02.TextGrid,22,17,breeze,108.890,109.300,3.86,4,NN,1,4.1363,7.2198,1
audio02.TextGrid,22,18,rises,109.300,109.900,4.07,5,NNS,0,11.5000,11.5413,1
audio02.TextGrid,23,1,two,111.180,111.460,6.1,2,CD,0,6.3214,5.5910,1
audio02.TextGrid,23,2,the,111.760,111.840,7.73,2,DT,0,4.8774,0.5759,1
audio02.TextGrid,23,3,boy,111.840,112.060,5.17,2,NN,0,10.2307,1.8088,1
audio02.TextGrid,23,4,said,112.060,112.440,6.01,3,VBD,0,3.8702,0.1300,1
audio02.TextGrid,24,1,two,113.630,114.050,6.1,2,CD,0,6.3214,2.5475,1
audio02.TextGrid,24,2,the,114.290,114.400,7.73,2,DT,0,4.8774,0.2090,1
audio02.TextGrid,24,3,old,114.400,114.590,5.75,3,JJ,0,7.3340,0.2849,1
audio02.TextGrid,24,4,man,114.590,114.780,5.82,3,NN,0,7.7351,0.0030,1
audio02.TextGrid,24,5,agreed,114.780,115.250,4.84,5,VBD,0,7.4742,6.5753,1
audio02.TextGrid,25,1,you,115.980,116.090,6.98,2,PRP,0,5.7058,4.2327,1
audio02.TextGrid,25,2,didn't,116.090,116.400,5.68,5,VBP,1,3.9761,6.3425,1
audio02.TextGrid,25,3,steal,116.400,116.690,4.41,4,VB,0,10.6720,5.8508,1
audio02.TextGrid,25,4,them,116.690,116.910,6.19,3,PRP,0,6.4865,1.8540,1
audio02.TextGrid,26,1,i,118.030,118.140,7.09,1,NN,0,5.5144,1.4495,1
audio02.TextGrid,26,2,would,118.140,118.550,6.27,3,MD,0,4.5155,4.8231,1
audio02.TextGrid,26,3,the,118.740,118.820,7.73,2,DT,0,4.3332,0.4815,1
audio02.TextGrid,26,4,boy,118.820,119.030,5.17,2,NN,0,10.2490,0.7899,1
audio02.TextGrid,26,5,said,119.030,119.280,6.01,3,VBD,0,6.0167,0.2304,1
audio02.TextGrid,26,6,but,119.280,119.440,6.63,3,CC,0,5.3773,1.7731,1
audio02.TextGrid,26,7,i,119.440,119.530,7.09,1,JJ,0,7.2399,1.2143,1
audio02.TextGrid,26,8,bought,119.530,119.840,4.91,3,VBD,0,8.7765,5.1858,1
audio02.TextGrid,27,1,these,119.840,120.190,6.04,3,DT,0,5.9478,5.6703,1
audio02.TextGrid,27,2,thank,121.910,122.220,5.48,4,NN,1,4.1353,6.0345,1
audio02.TextGrid,27,3,you,122.220,122.760,6.98,2,PRP,0,8.2093,0.1359,1
audio02.TextGrid,27,4,the,122.760,122.900,7.73,2,DT,0,4.0045,0.2480,1
audio02.TextGrid,27,5,old,122.900,123.100,5.75,3,JJ,0,7.3440,0.3216,1
audio02.TextGrid,27,6,man,123.100,123.340,5.82,3,NN,0,7.7010,0.0036,1
audio02.TextGrid,27,7,said,123.340,123.730,6.01,3,VBD,0,3.8168,0.1184,1
audio02.TextGrid,28,1,he,124.860,124.970,6.69,2,PRP,0,4.5353,1.9228,1
audio02.TextGrid,28,2,was,124.970,125.180,6.82,3,VBD,0,3.9158,2.1183,1
audio02.TextGrid,28,3,too,125.180,125.330,5.95,2,RB,0,7.2407,5.3727,1
audio02.TextGrid,28,4,simple,125.330,125.670,5.08,6,JJ,0,9.6379,8.7563,1
audio02.TextGrid,28,5,to,125.670,125.770,7.43,2,TO,0,3.2459,1.4809,1
audio02.TextGrid,28,6,wonder,125.770,126.060,4.93,5,VB,0,12.1104,7.2888,1
audio02.TextGrid,28,7,when,126.060,126.340,6.37,3,WRB,0,6.2841,5.1740,1
audio02.TextGrid,28,8,he,126.340,126.580,6.69,2,PRP,0,4.6673,1.1389,1
audio02.TextGrid,28,9,had,126.580,126.720,6.33,3,VBD,0,4.7249,2.2020,1
audio02.TextGrid,28,10,attained,126.720,127.110,3.57,5,VBN,1,6.3663,9.0570,1
audio02.TextGrid,28,11,humility,127.110,127.710,3.59,9,NN,1,6.5273,9.6360,1
audio02.TextGrid,28,12,but,127.970,128.130,6.63,3,CC,0,5.5672,2.7630,1
audio02.TextGrid,28,13,he,128.130,128.220,6.69,2,PRP,0,5.3360,1.4818,1
audio02.TextGrid,28,14,knew,128.220,128.440,5.2,3,VBD,0,9.5699,1.9588,1
audio02.TextGrid,28,15,he,128.440,128.620,6.69,2,PRP,0,5.1676,2.0381,1
audio02.TextGrid,28,16,had,128.620,128.760,6.33,3,VBD,0,5.6005,1.0740,1
audio02.TextGrid,28,17,attained,128.760,129.170,3.57,5,VBN,1,6.3598,5.6534,1
audio02.TextGrid,28,18,it,129.170,129.420,6.95,2,PRP,0,5.2121,0.6803,1
audio02.TextGrid,28,19,and,129.420,129.590,7.41,3,CC,0,3.9538,2.3033,1
audio02.TextGrid,28,20,he,129.590,129.730,6.69,2,PRP,0,5.1981,1.2283,1
audio02.TextGrid,28,21,knew,129.730,129.970,5.2,3,VBD,0,9.4058,2.6275,1
audio02.TextGrid,28,22,it,129.970,130.080,6.95,2,PRP,0,4.5195,1.8512,1
audio02.TextGrid,28,23,was,130.080,130.220,6.82,3,VBD,0,4.7894,1.1143,1
audio02.TextGrid,28,24,not,130.220,130.360,6.69,3,RB,0,5.4355,2.6288,1
audio02.TextGrid,28,25,disgraceful,130.360,131.080,3.33,10,JJ,1,5.7673,9.0245,1
audio02.TextGrid,28,26,and,131.150,131.290,7.41,2,CC,0,3.6188,3.3765,1
audio02.TextGrid,28,27,it,131.290,131.410,6.95,2,PRP,0,4.8653,2.0621,1
audio02.TextGrid,28,28,carried,131.410,131.760,4.77,5,VBD,0,8.7387,8.0539,1
audio02.TextGrid,28,29,no,131.760,131.990,6.35,2,DT,0,6.4890,3.0279,1
audio02.TextGrid,28,30,loss,131.990,132.330,5.07,3,NN,0,7.0100,6.1962,1
audio02.TextGrid,28,31,of,132.330,132.400,7.4,2,IN,0,3.0090,1.8810,1
audio02.TextGrid,28,32,true,132.400,132.650,5.4,3,JJ,0,9.2138,7.4358,1
audio02.TextGrid,28,33,pride,132.650,133.220,4.49,4,NN,0,10.6798,2.6451,1
audio02.TextGrid,29,1,tomorrow,135.440,135.900,5.02,6,NN,0,10.2357,6.2690,1
audio02.TextGrid,29,2,is,135.900,135.990,7.07,2,VBZ,0,3.8990,2.7622,1
audio02.TextGrid,29,3,going,135.990,136.210,5.94,4,VBG,0,7.9566,2.8199,1
audio02.TextGrid,29,4,to,136.210,136.300,7.43,2,TO,0,3.1752,0.0182,1
audio02.TextGrid,29,5,be,136.300,136.470,6.79,2,VB,0,3.9942,0.1091,1
audio02.TextGrid,29,6,a,136.470,136.510,7.36,1,DT,0,3.1678,1.2333,1
audio02.TextGrid,29,7,good,136.510,136.760,6.12,3,JJ,0,6.9594,1.8062,1
audio02.TextGrid,29,8,day,136.760,136.990,5.95,2,NN,0,7.0075,0.4310,1
audio02.TextGrid,29,9,with,136.990,137.230,6.85,3,IN,0,4.8341,4.8104,1
audio02.TextGrid,29,10,this,137.230,137.400,6.82,3,DT,0,4.7508,4.7700,1
audio02.TextGrid,29,11,current,137.400,137.900,5.27,6,JJ,0,7.1614,8.7778,1
audio02.TextGrid,29,12,he,138.090,138.220,6.69,2,PRP,0,8.1935,0.4147,1
audio02.TextGrid,29,13,said,138.220,138.570,6.01,3,VBD,0,4.6426,0.3092,1
audio02.TextGrid,30,1,where,139.910,140.110,6.0,3,WRB,0,7.5764,6.8116,1
audio02.TextGrid,30,2,are,140.110,140.140,6.74,1,VBP,0,5.9451,1.7960,1
audio02.TextGrid,30,3,you,140.140,140.240,6.98,2,PRP,0,6.0897,0.7658,1
audio02.TextGrid,30,4,going,140.240,140.720,5.94,4,VBG,0,7.9756,0.2425,1
audio02.TextGrid,30,5,the,140.930,141.000,7.73,2,DT,0,2.3256,2.9979,1
audio02.TextGrid,30,6,boy,141.000,141.300,5.17,2,NN,0,10.2370,0.8853,1
audio02.TextGrid,30,7,asked,141.300,141.690,5.3,3,VBD,0,9.1736,0.3734,1
audio02.TextGrid,31,1,far,142.860,143.210,5.5,3,RB,0,7.5504,8.0616,1
audio02.TextGrid,31,2,out,143.210,143.430,6.38,2,RB,0,7.7516,4.7159,1
audio02.TextGrid,31,3,to,143.470,143.550,7.43,2,TO,0,3.5864,2.3700,1
audio02.TextGrid,31,4,come,143.550,143.790,5.78,3,VB,0,6.5228,7.6264,1
audio02.TextGrid,31,5,in,143.790,143.950,7.27,2,IN,0,3.3832,3.5942,1
audio02.TextGrid,31,6,when,143.950,144.110,6.37,3,WRB,0,7.8169,7.0679,1
audio02.TextGrid,31,7,the,144.110,144.170,7.73,2,DT,0,2.0365,1.2759,1
audio02.TextGrid,31,8,wind,144.170,144.460,4.84,4,NN,1,4.1363,1.0487,1
audio02.TextGrid,31,9,shifts,144.460,145.010,4.01,5,NNS,1,6.7550,7.6617,1
audio02.TextGrid,31,10,i,145.280,145.380,7.09,1,VBP,0,7.7416,1.6068,1
audio02.TextGrid,31,11,want,145.380,145.530,6.04,4,VBP,0,6.6837,3.1140,1
audio02.TextGrid,31,12,to,145.530,145.620,7.43,2,TO,0,3.2644,0.3972,1
audio02.TextGrid,31,13,be,145.620,145.800,6.79,2,VB,0,3.9105,2.8569,1
audio02.TextGrid,31,14,out,145.800,145.940,6.38,2,RP,0,5.6937,3.2557,1
audio02.TextGrid,31,15,before,145.940,146.360,5.93,5,IN,0,6.7483,3.8942,1
audio02.TextGrid,31,16,it,146.360,146.440,6.95,2,PRP,0,3.9054,1.4364,1
audio02.TextGrid,31,17,is,146.440,146.580,7.07,2,VBZ,0,4.4253,2.8350,1
audio02.TextGrid,31,18,light,146.580,146.930,5.33,3,JJ,0,8.8664,7.2558,1
audio02.TextGrid,32,1,i,146.930,146.960,7.09,1,NN,0,5.5144,2.0782,1
audio02.TextGrid,32,2,ll,148.660,148.790,4.66,2,VBP,1,3.9811,3.3104,1
audio02.TextGrid,32,3,try,148.790,149.020,5.5,3,NN,0,9.2585,4.8467,1
audio02.TextGrid,32,4,to,149.020,149.110,7.43,2,TO,0,3.4347,0.9397,1
audio02.TextGrid,32,5,get,149.110,149.280,6.28,3,VB,0,6.0457,1.8219,1
audio02.TextGrid,32,6,him,149.280,149.400,6.11,3,PRP,0,8.0292,5.7553,1
audio02.TextGrid,32,7,to,149.400,149.490,7.43,2,TO,0,3.3838,1.8996,1
audio02.TextGrid,32,8,work,149.490,149.760,5.96,3,VB,0,8.0082,6.0246,1
audio02.TextGrid,32,9,far,149.760,150.020,5.5,3,RB,0,7.2085,9.4312,1
audio02.TextGrid,32,10,out,150.020,150.320,6.38,2,RP,0,6.6261,1.3636,1
audio02.TextGrid,32,11,the,150.480,150.550,7.73,2,DT,0,2.1445,0.2591,1
audio02.TextGrid,32,12,boy,150.550,150.760,5.17,2,NN,0,10.2713,1.4604,1
audio02.TextGrid,32,13,said,150.760,151.070,6.01,3,VBD,0,5.5255,0.1319,1
audio02.TextGrid,32,14,then,151.240,151.420,6.07,3,RB,0,6.8771,4.2904,1
audio02.TextGrid,32,15,if,151.420,151.530,6.47,2,IN,0,6.3468,4.5683,1
audio02.TextGrid,32,16,you,151.530,151.660,6.98,2,PRP,0,5.6599,1.4327,1
audio02.TextGrid,32,17,hook,151.660,151.810,4.37,3,VBP,0,12.0872,10.6697,1
audio02.TextGrid,32,18,something,151.810,152.120,5.81,6,NN,0,8.2770,6.6982,1
audio02.TextGrid,32,19,truly,152.120,152.410,4.87,5,RB,1,5.4809,12.0802,1
audio02.TextGrid,32,20,big,152.410,152.650,5.67,3,JJ,0,7.5036,1.9065,1
audio02.TextGrid,32,21,we,152.650,152.730,6.54,2,PRP,0,8.0412,4.5251,1
audio02.TextGrid,32,22,can,152.730,152.880,6.46,3,MD,0,6.2877,0.6764,1
audio02.TextGrid,32,23,come,152.880,153.080,5.78,3,VB,0,6.4522,4.6236,1
audio02.TextGrid,32,24,to,153.080,153.160,7.43,2,TO,0,3.1062,2.9919,1
audio02.TextGrid,32,25,your,153.160,153.350,6.53,3,PRP$,0,7.6416,3.2741,1
audio02.TextGrid,32,26,aid,153.350,153.670,4.75,2,NN,0,7.7923,4.4880,1
audio02.TextGrid,33,1,he,154.920,155.030,6.69,2,PRP,0,4.5353,4.8064,1
audio02.TextGrid,33,2,does,155.030,155.210,5.74,3,VBZ,0,5.8803,5.1647,1
audio02.TextGrid,33,3,not,155.210,155.420,6.69,3,RB,0,5.6653,0.6625,1
audio02.TextGrid,33,4,like,155.420,155.620,6.41,3,VB,0,6.9629,2.9803,1
audio02.TextGrid,33,5,to,155.620,155.680,7.43,2,TO,0,3.7267,1.3986,1
audio02.TextGrid,33,6,work,155.680,155.900,5.96,3,VB,0,7.5708,2.2779,1
audio02.TextGrid,33,7,too,155.900,156.090,5.95,2,RB,0,7.3042,2.9917,1
audio02.TextGrid,33,8,far,156.090,156.400,5.5,3,RB,0,7.0702,0.9931,1
audio02.TextGrid,34,1,out,156.400,156.690,6.38,2,IN,0,7.9482,0.4776,1
audio02.TextGrid,34,2,no,157.580,157.940,6.35,2,DT,0,5.8594,3.4589,1
audio02.TextGrid,34,3,the,157.940,158.220,7.73,2,DT,0,4.5176,0.1395,1
audio02.TextGrid,34,4,boy,158.220,158.430,5.17,2,NN,0,10.2224,0.9316,1
audio02.TextGrid,34,5,said,158.430,158.780,6.01,3,VBD,0,4.2560,0.1069,1
audio02.TextGrid,35,1,but,159.250,159.380,6.63,3,CC,0,5.3198,2.7112,1
audio02.TextGrid,35,2,i,159.380,159.540,7.09,1,NN,0,5.7238,1.6390,1
audio02.TextGrid,35,3,will,159.540,159.690,6.45,3,MD,0,4.1904,2.0988,1
audio02.TextGrid,35,4,see,159.690,159.850,6.1,2,VB,0,6.2362,4.8306,1
audio02.TextGrid,35,5,something,159.850,160.180,5.81,6,NN,0,9.8886,7.2298,1
audio02.TextGrid,35,6,that,160.180,160.300,7.01,3,IN,0,4.6473,3.5502,1
audio02.TextGrid,35,7,he,160.300,160.420,6.69,2,PRP,0,4.7380,2.4904,1
audio02.TextGrid,35,8,cannot,160.420,160.780,5.11,5,VB,1,5.3740,3.5677,1
audio02.TextGrid,35,9,see,160.780,161.050,6.1,2,VB,0,8.1317,1.1851,1
audio02.TextGrid,35,10,such,161.050,161.290,5.84,3,JJ,0,6.7627,9.4683,1
audio02.TextGrid,35,11,as,161.290,161.360,6.77,2,IN,0,5.4197,0.2102,1
audio02.TextGrid,35,12,a,161.360,161.420,7.36,1,DT,0,2.6404,1.8776,1
audio02.TextGrid,35,13,bird,161.420,161.790,4.63,3,NN,1,4.1368,6.2797,1
audio02.TextGrid,35,14,working,161.790,162.150,5.45,5,VBG,0,8.8819,8.6908,1
audio02.TextGrid,35,15,and,162.540,162.630,7.41,2,CC,0,3.8713,3.8524,1
audio02.TextGrid,35,16,get,162.630,162.790,6.28,3,VB,0,6.4640,6.2465,1
audio02.TextGrid,35,17,him,162.790,162.880,6.11,2,PRP,0,8.0287,1.3753,1
audio02.TextGrid,35,18,to,162.880,162.970,7.43,2,TO,0,3.1848,0.6475,1
audio02.TextGrid,35,19,come,162.970,163.150,5.78,3,VB,0,7.2290,3.2559,1
audio02.TextGrid,35,20,out,163.150,163.310,6.38,2,RP,0,5.7290,2.0538,1
audio02.TextGrid,35,21,after,163.310,163.540,6.11,4,IN,0,6.1867,5.6377,1
audio02.TextGrid,35,22,dolphin,163.540,164.020,3.67,6,NN,0,11.0204,14.1380,1
audio02.TextGrid,36,1,are,165.630,165.750,6.74,2,VBP,0,7.8874,5.0835,1
audio02.TextGrid,36,2,his,165.750,165.950,6.51,3,PRP$,0,6.0936,9.2545,1
audio02.TextGrid,36,3,eyes,165.950,166.270,5.21,2,NNS,0,9.6189,1.5356,1
audio02.TextGrid,36,4,that,166.270,166.470,7.01,3,IN,0,4.0598,6.0614,1
audio02.TextGrid,36,5,bad,166.490,166.910,5.53,3,JJ,0,8.6463,4.0339,1
audio02.TextGrid,37,1,he,167.720,167.860,6.69,2,PRP,0,4.5353,2.6963,1
audio02.TextGrid,37,2,is,167.860,167.940,7.07,2,VBZ,0,3.3590,1.6026,1
audio02.TextGrid,37,3,almost,167.940,168.300,5.39,6,RB,0,7.4715,5.8235,1
audio02.TextGrid,37,4,blind,168.300,168.810,4.52,5,IN,0,10.0048,1.5471,1
audio02.TextGrid,37,5,it,169.660,169.770,6.95,2,PRP,0,6.4151,4.1627,1
audio02.TextGrid,37,6,is,169.770,169.880,7.07,2,VBZ,0,3.8730,0.5939,1
audio02.TextGrid,37,7,strange,169.880,170.460,4.64,6,JJ,1,5.8848,5.9168,1
audio02.TextGrid,37,8,the,170.740,170.850,7.73,2,DT,0,4.4569,0.1668,1
audio02.TextGrid,37,9,old,170.850,171.030,5.75,3,JJ,0,7.3482,1.4100,1
audio02.TextGrid,37,10,man,171.030,171.250,5.82,3,NN,0,7.7070,0.0046,1
audio02.TextGrid,37,11,said,171.250,171.610,6.01,3,VBD,0,4.4878,0.1012,1
audio02.TextGrid,38,1,he,172.210,172.310,6.69,2,PRP,0,4.5353,1.7032,1
audio02.TextGrid,38,2,never,172.310,172.550,5.91,4,RB,0,8.6655,4.1568,1
audio02.TextGrid,38,3,went,172.550,172.760,5.5,4,VBD,0,7.8859,6.0353,1
audio02.TextGrid,38,4,turtle,172.760,173.180,3.91,5,JJ,1,5.8552,12.2862,1
audio02.TextGrid,38,5,ing,173.180,173.350,3.95,2,NN,1,5.2812,5.3096,1
audio02.TextGrid,38,6,that,173.650,173.850,7.01,3,WDT,0,4.4291,4.6021,1
audio02.TextGrid,38,7,is,173.850,173.990,7.07,2,VBZ,0,4.9479,0.8481,1
audio02.TextGrid,38,8,what,173.990,174.150,6.38,3,WP,0,7.5241,2.4330,1
audio02.TextGrid,38,9,kills,174.150,174.510,4.34,4,VBZ,1,3.8004,6.8257,1
audio02.TextGrid,38,10,the,174.510,174.650,7.73,2,DT,0,2.4081,2.9427,1
audio02.TextGrid,38,11,eyes,174.650,175.050,5.21,2,NNS,0,10.5014,4.2235,1
audio02.TextGrid,39,1,but,176.840,176.990,6.63,3,CC,0,5.3198,2.9381,1
audio02.TextGrid,39,2,you,176.990,177.100,6.98,2,PRP,0,5.9151,2.3427,1
audio02.TextGrid,39,3,went,177.100,177.330,5.5,4,VBD,0,7.1496,5.1753,1
audio02.TextGrid,39,4,turtle,177.330,177.610,3.91,5,JJ,1,5.8362,1.3392,1
audio02.TextGrid,39,5,ing,177.610,177.730,3.95,2,NN,1,5.2833,0.0169,1
audio02.TextGrid,39,6,for,177.730,177.850,7.01,2,IN,0,4.2939,3.8866,1
audio02.TextGrid,39,7,years,177.850,178.210,5.96,3,NNS,0,6.8205,5.0156,1
audio02.TextGrid,39,8,off,178.210,178.340,5.93,2,IN,0,7.6822,8.9523,1
audio02.TextGrid,39,9,the,178.340,178.430,7.73,2,DT,0,2.0547,0.8908,1
audio02.TextGrid,39,10,mosquito,178.430,178.890,3.61,7,NN,1,4.1386,9.1417,1
audio02.TextGrid,39,11,coast,178.890,179.260,4.87,4,NN,0,12.3291,4.0170,1
audio02.TextGrid,39,12,and,179.260,179.350,7.41,2,CC,0,3.7342,1.9554,1
audio02.TextGrid,39,13,your,179.350,179.560,6.53,3,PRP$,0,7.2685,4.7784,1
audio02.TextGrid,39,14,eyes,179.560,179.770,5.21,2,NNS,0,9.6116,0.8121,1
audio02.TextGrid,39,15,are,179.770,179.830,6.74,1,VBP,0,5.2816,1.0312,1
audio02.TextGrid,39,16,good,179.830,180.160,6.12,3,JJ,0,7.7249,3.0332,1
audio03.TextGrid,1,1,i,0.590,0.790,7.09,1,NN,0,5.5144,1.8894,1
audio03.TextGrid,1,2,am,0.790,0.930,5.78,2,VBP,0,9.1941,2.4916,1
audio03.TextGrid,1,3,a,0.930,0.990,7.36,1,DT,0,3.6625,3.4877,1
audio03.TextGrid,1,4,strange,0.990,1.520,4.64,6,JJ,1,5.0804,8.3226,1
audio03.TextGrid,1,5,old,1.520,1.800,5.75,3,JJ,0,7.6593,4.6406,1
audio03.TextGrid,1,6,man,1.800,2.220,5.82,3,NN,0,7.8670,0.2219,1
audio03.TextGrid,2,1,but,3.350,3.590,6.63,3,CC,0,5.3198,2.7765,1
audio03.TextGrid,2,2,are,3.590,3.700,6.74,2,VBP,0,7.4006,5.6591,1
audio03.TextGrid,2,3,you,3.700,3.850,6.98,2,PRP,0,6.5296,0.7374,1
audio03.TextGrid,2,4,strong,3.850,4.200,5.22,5,JJ,0,8.5746,7.2903,1
audio03.TextGrid,2,5,enough,4.200,4.470,5.54,4,RB,0,8.8705,1.2526,1
audio03.TextGrid,2,6,now,4.470,4.710,6.18,2,RB,0,6.8999,5.6775,1
audio03.TextGrid,2,7,for,4.710,4.880,7.01,2,IN,0,3.5156,3.5340,1
audio03.TextGrid,2,8,a,4.880,4.940,7.36,1,DT,0,2.6748,2.2268,1
audio03.TextGrid,2,9,truly,4.940,5.270,4.87,5,RB,1,6.9641,8.8605,1
audio03.TextGrid,2,10,big,5.270,5.510,5.67,3,JJ,0,6.4310,2.1891,1
audio03.TextGrid,2,11,fish,5.510,5.830,4.9,3,NN,1,4.2377,1.4751,1
audio03.TextGrid,3,1,i,6.750,6.860,7.09,1,NN,0,5.5144,1.2624,1
audio03.TextGrid,3,2,think,6.860,7.140,6.08,4,VBP,0,6.6270,3.2597,1
audio03.TextGrid,3,3,so,7.140,7.430,6.52,2,RB,0,6.1125,1.0941,1
audio03.TextGrid,3,4,and,7.820,7.950,7.41,2,CC,0,3.9322,3.8458,1
audio03.TextGrid,3,5,there,7.950,8.150,6.31,3,EX,0,6.9014,4.3213,1
audio03.TextGrid,3,6,are,8.150,8.240,6.74,2,VBP,0,4.7396,1.2003,1
audio03.TextGrid,3,7,many,8.240,8.520,5.91,4,JJ,0,6.8423,2.1838,1
audio03.TextGrid,3,8,tricks,8.520,9.020,4.15,5,NNS,1,5.6631,6.7544,1
audio03.TextGrid,4,1,let,10.180,10.350,5.6,3,VB,0,12.2066,5.2326,1
audio03.TextGrid,4,2,us,10.350,10.510,6.04,2,PRP,0,7.5752,1.9089,1
audio03.TextGrid,4,3,take,10.510,10.730,5.92,3,VB,0,7.1469,3.6151,1
audio03.TextGrid,4,4,the,10.730,10.800,7.73,2,DT,0,2.3126,2.3158,1
audio03.TextGrid,4,5,stuff,10.800,11.080,5.14,4,NN,0,10.2382,8.6570,1
audio03.TextGrid,4,6,home,11.080,11.410,5.81,3,NN,0,8.5046,5.1748,1
audio03.TextGrid,4,7,the,11.560,11.640,7.73,2,DT,0,3.6310,0.2436,1
audio03.TextGrid,4,8,boy,11.640,11.850,5.17,2,NN,0,10.2439,0.5909,1
audio03.TextGrid,4,9,said,11.850,12.220,6.01,3,VBD,0,4.2153,0.1133,1
audio03.TextGrid,4,10,so,12.390,12.560,6.52,2,RB,0,6.0411,5.3478,1
audio03.TextGrid,4,11,i,12.560,12.640,7.09,1,JJ,0,6.7507,2.5646,1
audio03.TextGrid,4,12,can,12.640,12.810,6.46,3,MD,0,6.6992,1.2973,1
audio03.TextGrid,4,13,get,12.810,12.930,6.28,3,VB,0,5.7575,2.0479,1
audio03.TextGrid,4,14,the,12.930,13.050,7.73,2,DT,0,2.3360,2.1896,1
audio03.TextGrid,4,15,cast,13.050,13.440,4.79,4,NN,0,11.6017,8.0301,1
audio03.TextGrid,4,16,net,13.440,13.680,4.76,3,NN,0,6.8722,8.0959,1
audio03.TextGrid,4,17,and,13.680,13.750,7.41,2,CC,0,3.9740,1.4994,1
audio03.TextGrid,4,18,go,13.750,13.970,6.03,2,VB,0,8.8425,4.2380,1
audio03.TextGrid,4,19,after,13.970,14.150,6.11,4,IN,0,6.6390,5.1695,1
audio03.TextGrid,4,20,the,14.150,14.230,7.73,2,DT,0,1.7509,1.3082,1
audio03.TextGrid,4,21,sardines,14.230,14.850,2.93,7,NNS,1,6.4510,4.4495,1
audio03.TextGrid,5,1,they,16.750,16.860,6.5,2,PRP,0,4.6769,3.5190,1
audio03.TextGrid,5,2,picked,16.860,17.120,4.72,4,VBD,0,9.8211,5.2466,1
audio03.TextGrid,5,3,up,17.120,17.230,6.39,2,RP,0,5.0515,0.5637,1
audio03.TextGrid,5,4,the,17.230,17.310,7.73,2,DT,0,2.5313,0.9190,1
audio03.TextGrid,5,5,gear,17.310,17.610,4.46,3,NN,1,4.1448,6.7277,1
audio03.TextGrid,5,6,from,17.610,17.780,6.63,3,IN,0,4.9992,3.0584,1
audio03.TextGrid,5,7,the,17.780,17.850,7.73,2,DT,0,1.6961,0.2241,1
audio03.TextGrid,5,8,boat,17.850,18.260,4.71,3,NN,1,4.1366,2.7747,1
audio03.TextGrid,6,1,the,19.200,19.340,7.73,2,DT,0,1.8241,1.5841,1
audio03.TextGrid,6,2,old,19.340,19.550,5.75,3,JJ,0,7.3292,1.6720,1
audio03.TextGrid,6,3,man,19.550,19.800,5.82,3,NN,0,7.6921,0.0678,1
audio03.TextGrid,6,4,carried,19.800,20.120,4.77,5,VBD,0,8.4766,4.7474,1
audio03.TextGrid,6,5,the,20.120,20.200,7.73,2,DT,0,2.7444,1.4712,1
audio03.TextGrid,6,6,mast,20.200,20.620,3.52,4,NN,1,4.1447,9.4356,1
audio03.TextGrid,6,7,on,20.620,20.740,6.91,2,IN,0,4.6052,3.2439,1
audio03.TextGrid,6,8,his,20.740,20.910,6.51,3,PRP$,0,5.3130,0.9367,1
audio03.TextGrid,6,9,shoulder,20.910,21.380,4.5,5,NN,0,9.2586,3.1010,1
audio03.TextGrid,6,10,and,21.530,21.630,7.41,2,CC,0,4.4621,0.7902,1
audio03.TextGrid,6,11,the,21.630,21.720,7.73,2,DT,0,2.2828,2.1898,1
audio03.TextGrid,6,12,boy,21.720,22.000,5.17,2,NN,0,10.2357,2.4999,1
audio03.TextGrid,6,13,carried,22.000,22.350,4.77,5,VBD,0,9.3239,2.2746,1
audio03.TextGrid,6,14,the,22.350,22.440,7.73,2,DT,0,2.7550,0.7038,1
audio03.TextGrid,6,15,wooden,22.440,22.770,4.33,5,JJ,1,5.0816,5.6463,1
audio03.TextGrid,6,16,boat,22.770,23.280,4.71,3,NN,1,4.3203,3.4058,1
audio03.TextGrid,6,17,with,23.280,23.410,6.85,3,IN,0,4.7252,2.2228,1
audio03.TextGrid,6,18,the,23.410,23.480,7.73,2,DT,0,1.6958,2.2313,1
audio03.TextGrid,6,19,coiled,23.480,24.020,2.9,4,JJ,1,5.0749,7.8192,1
audio03.TextGrid,6,20,hard,24.020,24.280,5.53,4,NN,0,9.1543,5.7503,1
audio03.TextGrid,6,21,braided,24.280,24.580,3.08,6,VBD,1,6.6609,8.3627,1
audio03.TextGrid,6,22,brown,24.580,24.900,5.01,4,JJ,0,11.0567,10.8638,1
audio03.TextGrid,6,23,lines,24.900,25.440,4.95,4,NNS,0,8.8965,3.0280,1
audio03.TextGrid,6,24,the,25.920,26.000,7.73,2,DT,0,3.9544,2.1394,1
audio03.TextGrid,6,25,gaff,26.000,26.610,2.68,3,NN,1,4.1442,12.6313,1
audio03.TextGrid,6,26,and,26.610,26.720,7.41,2,CC,0,4.3290,2.4063,1
audio03.TextGrid,6,27,the,26.720,26.820,7.73,2,DT,0,2.3134,0.6031,1
audio03.TextGrid,6,28,harpoon,26.820,27.390,2.83,6,NN,1,4.1368,7.6152,1
audio03.TextGrid,6,29,with,27.390,27.580,6.85,3,IN,0,4.8271,4.1364,1
audio03.TextGrid,6,30,its,27.580,27.740,6.14,3,PRP$,0,4.3054,3.3071,1
audio03.TextGrid,6,31,shaft,27.740,28.280,3.9,4,NN,1,4.2574,7.3742,1
audio03.TextGrid,7,1,the,29.120,29.210,7.73,2,DT,0,1.8241,1.3441,1
audio03.TextGrid,7,2,box,29.210,29.560,5.04,4,NN,0,8.8490,8.1945,1
audio03.TextGrid,7,3,with,29.560,29.680,6.85,3,IN,0,5.5449,3.3650,1
audio03.TextGrid,7,4,the,29.680,29.760,7.73,2,DT,0,1.6983,0.4644,1
audio03.TextGrid,7,5,baits,29.760,30.260,2.65,4,NNS,1,6.4487,5.5211,1
audio03.TextGrid,7,6,was,30.260,30.460,6.82,3,VBD,0,4.4045,1.0840,1
audio03.TextGrid,7,7,under,30.460,30.690,5.73,4,IN,0,6.8961,6.8752,1
audio03.TextGrid,7,8,the,30.690,30.820,7.73,2,DT,0,1.7435,0.5890,1
audio03.TextGrid,7,9,stern,30.820,31.260,3.9,4,NN,0,11.0491,4.7034,1
audio03.TextGrid,7,10,of,31.260,31.360,7.4,2,IN,0,3.9971,2.0199,1
audio03.TextGrid,7,11,the,31.360,31.460,7.73,2,DT,0,1.6930,0.0824,1
audio03.TextGrid,7,12,skiff,31.460,31.860,2.63,4,NN,1,4.1355,8.4049,1
audio03.TextGrid,7,13,along,32.000,32.350,5.38,4,IN,0,8.6872,7.2662,1
audio03.TextGrid,7,14,with,32.350,32.470,6.85,3,IN,0,6.7368,0.6407,1
audio03.TextGrid,7,15,the,32.470,32.550,7.73,2,DT,0,1.8798,0.7024,1
audio03.TextGrid,7,16,club,32.550,32.890,5.2,4,NN,0,9.0213,8.2181,1
audio03.TextGrid,7,17,that,32.890,33.060,7.01,3,WDT,0,4.4250,4.5057,1
audio03.TextGrid,7,18,was,33.060,33.200,6.82,3,VBD,0,6.1379,1.9643,1
audio03.TextGrid,7,19,used,33.200,33.470,5.8,4,VBN,0,7.5998,3.2757,1
audio03.TextGrid,7,20,to,33.470,33.590,7.43,2,TO,0,2.7046,0.6150,1
audio03.TextGrid,7,21,subdue,33.590,33.970,3.06,5,VB,1,4.1947,7.4008,1
audio03.TextGrid,7,22,the,33.970,34.070,7.73,2,DT,0,2.2759,0.5395,1
audio03.TextGrid,7,23,big,34.070,34.390,5.67,3,JJ,0,6.5819,5.4884,1
audio03.TextGrid,7,24,fish,34.390,34.650,4.9,3,NN,1,4.2997,0.3845,1
audio03.TextGrid,7,25,when,34.650,34.810,6.37,4,WRB,0,6.0380,4.6384,1
audio03.TextGrid,7,26,they,34.810,34.880,6.5,2,PRP,0,4.8210,2.3908,1
audio03.TextGrid,7,27,were,34.880,35.010,6.34,2,VBD,0,4.5431,0.9578,1
audio03.TextGrid,7,28,brought,35.010,35.240,5.16,4,VBN,0,9.4983,4.8137,1
audio03.TextGrid,7,29,alongside,35.240,35.970,4.45,7,RB,1,4.6697,9.4516,1
audio03.TextGrid,8,1,no,36.990,37.120,6.35,2,DT,0,5.7679,6.1580,1
audio03.TextGrid,8,2,one,37.120,37.300,6.47,3,NN,0,6.6037,1.1314,1
audio03.TextGrid,8,3,would,37.300,37.440,6.27,3,MD,0,5.6654,3.5531,1
audio03.TextGrid,8,4,steal,37.440,37.770,4.41,4,VB,0,9.5916,6.7864,1
audio03.TextGrid,8,5,from,37.770,37.950,6.63,4,IN,0,5.1982,3.3165,1
audio03.TextGrid,8,6,the,37.950,38.050,7.73,2,DT,0,1.7116,1.1114,1
audio03.TextGrid,8,7,old,38.050,38.250,5.75,3,JJ,0,7.3323,3.0945,1
audio03.TextGrid,8,8,man,38.250,38.550,5.82,3,NN,0,7.6955,0.0731,1
audio03.TextGrid,8,9,but,38.550,38.710,6.63,3,CC,0,5.9864,2.8550,1
audio03.TextGrid,8,10,it,38.710,38.800,6.95,2,PRP,0,4.4417,3.6337,1
audio03.TextGrid,8,11,was,38.800,38.940,6.82,3,VBD,0,4.6291,0.4130,1
audio03.TextGrid,8,12,better,38.940,39.220,5.76,4,RBR,0,8.0567,4.0737,1
audio03.TextGrid,8,13,to,39.220,39.310,7.43,2,TO,0,3.6833,0.7346,1
audio03.TextGrid,8,14,take,39.310,39.560,5.92,3,VB,0,7.0325,2.8992,1
audio03.TextGrid,8,15,the,39.560,39.640,7.73,2,DT,0,2.3202,1.5771,1
audio03.TextGrid,8,16,sail,39.640,40.010,4.01,3,NN,1,4.1389,6.8260,1
audio03.TextGrid,8,17,and,40.010,40.090,7.41,2,CC,0,4.2225,1.6447,1
audio03.TextGrid,8,18,the,40.090,40.170,7.73,2,DT,0,2.3065,2.1462,1
audio03.TextGrid,8,19,heavy,40.170,40.430,4.96,4,JJ,0,8.7555,6.3133,1
audio03.TextGrid,8,20,lines,40.430,40.810,4.95,4,NNS,0,8.7684,7.2346,1
audio03.TextGrid,8,21,home,40.810,41.100,5.81,3,NN,0,9.0049,7.6113,1
audio03.TextGrid,8,22,as,41.100,41.250,6.77,2,IN,0,5.2964,3.9184,1
audio03.TextGrid,8,23,the,41.250,41.340,7.73,2,DT,0,1.7849,3.0407,1
audio03.TextGrid,8,24,dew,41.340,41.520,3.52,2,NN,1,4.1372,10.5941,1
audio03.TextGrid,8,25,was,41.520,41.720,6.82,3,VBD,0,5.2167,2.4373,1
audio03.TextGrid,8,26,bad,41.720,42.000,5.53,3,JJ,0,8.8588,7.8095,1
audio03.TextGrid,8,27,for,42.000,42.110,7.01,2,IN,0,4.5165,1.7817,1
audio03.TextGrid,8,28,them,42.110,42.390,6.19,3,PRP,0,5.9103,2.2130,1
audio03.TextGrid,9,1,and,43.130,43.430,7.41,3,CC,0,3.7036,2.4379,1
audio03.TextGrid,9,2,though,43.540,43.720,5.5,2,IN,0,7.9350,4.2429,1
audio03.TextGrid,9,3,he,43.720,43.800,6.69,2,PRP,0,5.2416,2.8090,1
audio03.TextGrid,9,4,was,43.800,43.970,6.82,3,VBD,0,4.4896,1.5718,1
audio03.TextGrid,9,5,quite,43.970,44.240,5.29,4,RB,0,9.0085,4.5231,1
audio03.TextGrid,9,6,sure,44.240,44.500,5.67,3,JJ,0,8.9081,3.2914,1
audio03.TextGrid,9,7,no,44.500,44.660,6.35,2,DT,0,7.2987,5.6056,1
audio03.TextGrid,9,8,local,44.660,45.010,5.43,5,JJ,0,7.6690,10.5679,1
audio03.TextGrid,9,9,people,45.010,45.380,6.25,5,NNS,0,6.4832,4.4786,1
audio03.TextGrid,9,10,would,45.380,45.560,6.27,3,MD,0,5.2040,0.8123,1
audio03.TextGrid,9,11,steal,45.560,45.850,4.41,4,VB,0,9.5945,1.9745,1
audio03.TextGrid,9,12,from,45.850,46.080,6.63,4,IN,0,5.1875,1.0980,1
audio03.TextGrid,9,13,him,46.080,46.230,6.11,3,PRP,0,7.4003,0.9556,1
audio03.TextGrid,9,14,the,46.550,46.660,7.73,2,DT,0,3.5034,2.0989,1
audio03.TextGrid,9,15,old,46.660,46.840,5.75,3,JJ,0,7.3425,1.1380,1
audio03.TextGrid,9,16,man,46.840,47.080,5.82,3,NN,0,7.6959,0.0168,1
audio03.TextGrid,9,17,thought,47.080,47.290,5.59,3,VBD,0,8.7022,2.7281,1
audio03.TextGrid,9,18,that,47.290,47.460,7.01,3,IN,0,4.0889,1.9443,1
audio03.TextGrid,9,19,a,47.460,47.500,7.36,1,DT,0,3.0134,3.9010,1
audio03.TextGrid,9,20,gaff,47.500,47.910,2.68,3,NN,1,4.1390,7.2537,1
audio03.TextGrid,9,21,and,47.910,48.050,7.41,3,CC,0,4.2473,2.7714,1
audio03.TextGrid,9,22,a,48.050,48.090,7.36,1,DT,0,3.1136,0.8680,1
audio03.TextGrid,9,23,harpoon,48.090,48.670,2.83,6,NN,1,4.1387,1.2962,1
audio03.TextGrid,9,24,were,48.670,48.790,6.34,2,VBD,0,5.2644,1.8878,1
audio03.TextGrid,9,25,needless,48.790,49.190,3.66,6,JJ,1,5.8151,10.8444,1
audio03.TextGrid,9,26,temptations,49.190,49.900,3.16,9,NNS,1,5.7733,7.0950,1
audio03.TextGrid,9,27,to,49.900,50.020,7.43,2,TO,0,3.3195,1.9143,1
audio03.TextGrid,9,28,leave,50.020,50.220,5.34,3,VB,0,8.3538,6.9526,1
audio03.TextGrid,9,29,in,50.220,50.300,7.27,2,IN,0,3.6428,4.0847,1
audio03.TextGrid,9,30,a,50.300,50.350,7.36,1,DT,0,2.6086,2.8954,1
audio03.TextGrid,9,31,boat,50.350,50.800,4.71,3,NN,1,4.1397,1.6853,1
audio03.TextGrid,10,1,they,52.500,52.600,6.5,2,PRP,0,4.6769,3.1780,1
audio03.TextGrid,10,2,walked,52.600,52.880,4.67,4,VBD,1,3.3819,5.3873,1
audio03.TextGrid,10,3,up,52.880,52.990,6.39,2,RP,0,5.0512,3.0277,1
audio03.TextGrid,10,4,the,52.990,53.070,7.73,2,DT,0,2.5306,1.1553,1
audio03.TextGrid,10,5,road,53.070,53.370,5.24,3,NN,0,8.8579,4.2029,1
audio03.TextGrid,10,6,together,53.370,53.700,5.46,6,RB,0,9.4694,5.2360,1
audio03.TextGrid,10,7,to,53.700,53.800,7.43,2,TO,0,3.5600,2.9780,1
audio03.TextGrid,10,8,the,53.800,53.920,7.73,2,DT,0,2.4246,0.7337,1
audio03.TextGrid,10,9,old,53.920,54.200,5.75,3,JJ,0,7.3294,4.3776,1
audio03.TextGrid,10,10,man,54.200,54.350,5.82,3,NN,0,7.6958,0.2345,1
audio03.TextGrid,10,11,s,54.350,54.380,5.86,1,VBZ,1,5.8675,0.3989,1
audio03.TextGrid,10,12,shack,54.380,54.790,3.43,3,NN,1,6.6219,5.3691,1
audio03.TextGrid,10,13,and,54.790,54.930,7.41,3,CC,0,4.1464,1.2901,1
audio03.TextGrid,10,14,went,54.930,55.130,5.5,4,VBD,0,9.0043,4.3620,1
audio03.TextGrid,10,15,in,55.130,55.280,7.27,2,IN,0,3.6660,3.0216,1
audio03.TextGrid,10,16,through,55.280,55.470,5.87,3,IN,0,8.4976,3.4891,1
audio03.TextGrid,10,17,its,55.470,55.610,6.14,3,PRP$,0,4.4595,5.5870,1
audio03.TextGrid,10,18,open,55.610,55.890,5.48,4,JJ,0,8.7195,2.4827,1
audio03.TextGrid,10,19,door,55.890,56.260,5.08,3,NN,0,8.3561,1.4896,1
audio03.TextGrid,11,1,the,56.900,57.040,7.73,2,DT,0,1.8241,1.4612,1
audio03.TextGrid,11,2,old,57.040,57.210,5.75,3,JJ,0,7.3292,0.3996,1
audio03.TextGrid,11,3,man,57.210,57.450,5.82,3,NN,0,7.6921,0.0057,1
audio03.TextGrid,11,4,leaned,57.450,57.690,3.41,4,VBD,1,3.5568,6.1043,1
audio03.TextGrid,11,5,the,57.690,57.760,7.73,2,DT,0,2.4670,4.5209,1
audio03.TextGrid,11,6,mast,57.760,58.170,3.52,4,NN,1,4.1402,4.4183,1
audio03.TextGrid,11,7,with,58.170,58.280,6.85,3,IN,0,4.9336,4.5080,1
audio03.TextGrid,11,8,its,58.280,58.480,6.14,3,PRP$,0,4.3056,4.2746,1
audio03.TextGrid,11,9,wrapped,58.480,58.790,4.15,4,JJ,1,5.1755,10.5370,1
audio03.TextGrid,11,10,sail,58.790,59.130,4.01,3,NN,1,4.2629,6.0623,1
audio03.TextGrid,11,11,against,59.130,59.420,5.68,6,IN,0,7.3218,3.3601,1
audio03.TextGrid,11,12,the,59.420,59.510,7.73,2,DT,0,1.6917,0.2814,1
audio03.TextGrid,11,13,wall,59.510,59.890,5.04,3,NN,0,7.4334,3.8905,1
audio03.TextGrid,12,1,and,60.550,60.630,7.41,2,CC,0,3.7036,1.0139,1
audio03.TextGrid,12,2,the,60.630,60.700,7.73,2,DT,0,2.0380,1.9746,1
audio03.TextGrid,12,3,boy,60.700,60.910,5.17,2,NN,0,10.2419,3.0084,1
audio03.TextGrid,12,4,put,60.910,61.090,5.66,3,VBD,0,6.9173,4.5543,1
audio03.TextGrid,12,5,the,61.090,61.170,7.73,2,DT,0,2.5153,1.1261,1
audio03.TextGrid,12,6,box,61.170,61.560,5.04,4,NN,0,8.8546,5.0614,1
audio03.TextGrid,12,7,and,61.560,61.630,7.41,2,CC,0,4.4454,3.3903,1
audio03.TextGrid,12,8,the,61.630,61.800,7.73,2,DT,0,2.2878,0.7222,1
audio03.TextGrid,12,9,other,61.800,61.950,6.16,3,JJ,0,5.7837,5.2043,1
audio03.TextGrid,12,10,gear,61.950,62.200,4.46,3,JJ,1,5.7502,3.6439,1
audio03.TextGrid,12,11,beside,62.200,62.650,4.19,5,IN,1,4.8262,6.5348,1
audio03.TextGrid,12,12,it,62.650,62.800,6.95,2,PRP,0,3.7998,1.1292,1
audio03.TextGrid,13,1,the,63.550,63.630,7.73,2,DT,0,1.8241,1.2648,1
audio03.TextGrid,13,2,mast,63.630,63.980,3.52,4,NN,1,4.1358,7.3161,1
audio03.TextGrid,13,3,was,63.980,64.160,6.82,3,VBD,0,4.1804,1.2753,1
audio03.TextGrid,13,4,nearly,64.160,64.450,5.0,5,RB,0,7.5859,5.5751,1
audio03.TextGrid,13,5,as,64.450,64.590,6.77,2,RB,0,5.0650,3.0572,1
audio03.TextGrid,13,6,long,64.590,64.860,5.81,3,RB,0,7.8841,2.8647,1
audio03.TextGrid,13,7,as,64.860,65.000,6.77,2,IN,0,5.4864,0.1943,1
audio03.TextGrid,13,8,the,65.000,65.060,7.73,2,DT,0,1.9037,0.3032,1
audio03.TextGrid,13,9,one,65.060,65.310,6.47,3,CD,0,6.6473,4.9464,1
audio03.TextGrid,13,10,room,65.310,65.540,5.39,3,NN,1,4.9128,10.0281,1
audio03.TextGrid,13,11,of,65.540,65.610,7.4,2,IN,0,3.1821,2.7967,1
audio03.TextGrid,13,12,the,65.610,65.720,7.73,2,DT,0,1.7020,0.2190,1
audio03.TextGrid,13,13,shack,65.720,66.180,3.43,3,NN,1,4.1361,2.4107,1
audio03.TextGrid,14,1,the,66.890,66.970,7.73,2,DT,0,1.8241,1.0494,1
audio03.TextGrid,14,2,shack,66.970,67.260,3.43,3,NN,1,4.1358,5.4369,1
audio03.TextGrid,14,3,was,67.260,67.430,6.82,3,VBD,0,4.1804,0.8136,1
audio03.TextGrid,14,4,made,67.430,67.680,5.92,3,VBN,0,7.3604,3.7176,1
audio03.TextGrid,14,5,of,67.680,67.760,7.4,2,IN,0,2.7502,0.3771,1
audio03.TextGrid,14,6,the,67.760,67.850,7.73,2,DT,0,1.6890,3.7967,1
audio03.TextGrid,14,7,tough,67.850,68.160,4.77,3,JJ,0,10.0328,7.5070,1
audio03.TextGrid,14,8,budshields,68.160,68.900,0.0,8,NNS,1,5.6202,27.7005,1
audio03.TextGrid,14,9,of,68.900,68.970,7.4,2,IN,0,3.0254,1.4722,1
audio03.TextGrid,14,10,the,68.970,69.090,7.73,2,DT,0,1.6958,1.2968,1
audio03.TextGrid,14,11,royal,69.090,69.430,4.85,4,NN,0,11.0448,9.6331,1
audio03.TextGrid,14,12,palm,69.430,69.950,4.23,3,NN,1,5.1909,9.0539,1
audio03.TextGrid,14,13,which,69.950,70.180,6.3,3,WDT,0,5.6621,4.9700,1
audio03.TextGrid,14,14,are,70.180,70.320,6.74,2,VBP,0,4.3290,3.5237,1
audio03.TextGrid,14,15,called,70.320,70.690,5.59,4,VBN,0,8.1551,5.0917,1
audio03.TextGrid,14,16,guano,70.690,71.280,2.61,5,NN,1,6.5618,10.2364,1
audio03.TextGrid,14,17,and,71.610,71.950,7.41,3,CC,0,4.2277,2.3254,1
audio03.TextGrid,14,18,in,71.950,72.010,7.27,2,IN,0,4.5312,5.8181,1
audio03.TextGrid,14,19,it,72.010,72.200,6.95,2,PRP,0,3.9194,4.6249,1
audio03.TextGrid,14,20,there,72.200,72.380,6.31,3,EX,0,7.1079,3.2479,1
audio03.TextGrid,14,21,was,72.380,72.550,6.82,3,VBD,0,4.3723,0.8429,1
audio03.TextGrid,14,22,a,72.550,72.590,7.36,1,DT,0,3.3093,0.4311,1
audio03.TextGrid,14,23,bed,72.590,73.020,5.07,3,NN,1,4.1404,5.9326,1
audio03.TextGrid,14,24,a,73.400,73.480,7.36,1,DT,0,4.8140,0.8575,1
audio03.TextGrid,14,25,table,73.480,73.990,5.05,5,JJ,0,10.2491,3.1125,1
audio03.TextGrid,14,26,one,74.140,74.400,6.47,3,CD,0,7.3689,5.6704,1
audio03.TextGrid,14,27,chair,74.400,74.810,4.69,3,NN,1,4.9624,3.6622,1
audio03.TextGrid,15,1,and,75.190,75.290,7.41,2,CC,0,3.7036,1.5262,1
audio03.TextGrid,15,2,a,75.290,75.340,7.36,1,DT,0,2.9137,0.5998,1
audio03.TextGrid,15,3,place,75.340,75.690,5.71,4,NN,0,7.3776,5.8734,1
audio03.TextGrid,15,4,on,75.690,75.820,6.91,2,IN,0,5.3249,4.4154,1
audio03.TextGrid,15,5,the,75.820,75.900,7.73,2,DT,0,1.7150,0.7402,1
audio03.TextGrid,15,6,dirt,75.900,76.210,4.24,3,NN,1,4.1370,9.1327,1
audio03.TextGrid,15,7,floor,76.210,76.560,4.94,4,NN,0,8.9771,0.3239,1
audio03.TextGrid,15,8,to,76.560,76.680,7.43,2,TO,0,3.5525,2.5022,1
audio03.TextGrid,15,9,cook,76.680,76.930,4.65,3,VB,1,4.3028,6.5388,1
audio03.TextGrid,15,10,with,76.930,77.070,6.85,3,IN,0,5.1414,4.2544,1
audio03.TextGrid,15,11,charcoal,77.070,77.690,3.58,6,NN,1,5.7857,6.3593,1
audio03.TextGrid,16,1,on,78.400,78.510,6.91,2,IN,0,5.3533,3.5278,1
audio03.TextGrid,16,2,the,78.510,78.580,7.73,2,DT,0,1.7528,0.4895,1
audio03.TextGrid,16,3,brown,78.580,78.880,5.01,4,JJ,0,10.3475,8.7486,1
audio03.TextGrid,16,4,walls,78.880,79.300,4.62,4,NNS,0,11.7754,4.8203,1
audio03.TextGrid,16,5,of,79.300,79.380,7.4,2,IN,0,3.4628,1.7220,1
audio03.TextGrid,16,6,the,79.380,79.480,7.73,2,DT,0,1.7167,0.0968,1
audio03.TextGrid,16,7,flattened,79.480,79.950,3.36,7,JJ,1,5.0748,13.8704,1
audio03.TextGrid,16,8,overlapping,79.950,80.510,3.56,8,VBG,1,8.5762,9.2519,1
audio03.TextGrid,16,9,leaves,80.510,80.940,4.79,4,NNS,0,11.2796,8.3822,1
audio03.TextGrid,16,10,of,80.940,81.020,7.4,2,IN,0,3.6636,1.7418,1
audio03.TextGrid,16,11,the,81.020,81.130,7.73,2,DT,0,1.7368,0.4711,1
audio03.TextGrid,16,12,sturdy,81.130,81.540,3.44,5,NN,1,4.1391,10.2520,1
audio03.TextGrid,16,13,fibered,81.540,82.030,1.51,5,VBD,1,5.0043,16.7994,1
audio03.TextGrid,16,14,guano,82.030,82.510,2.61,5,NN,1,6.4429,6.5955,1
audio03.TextGrid,16,15,there,82.510,82.630,6.31,3,RB,0,7.5722,3.0770,1
audio03.TextGrid,17,1,was,83.050,83.260,6.82,3,VBD,0,8.3610,0.7827,1
audio03.TextGrid,17,2,a,83.260,83.320,7.36,1,DT,0,3.2883,0.3539,1
audio03.TextGrid,17,3,picture,83.320,83.750,5.13,5,NN,0,8.6291,4.9389,1
audio03.TextGrid,17,4,in,83.750,83.900,7.27,2,IN,0,3.2699,4.1344,1
audio03.TextGrid,17,5,color,83.900,84.290,4.91,4,NN,0,11.7695,6.6652,1
audio03.TextGrid,17,6,of,84.290,84.380,7.4,2,IN,0,3.4107,1.8914,1
audio03.TextGrid,17,7,the,84.380,84.480,7.73,2,DT,0,1.6973,1.3397,1
audio03.TextGrid,17,8,sacred,84.480,84.860,4.24,6,JJ,1,5.0736,10.6480,1
audio03.TextGrid,17,9,heart,84.860,85.050,5.31,4,NN,0,9.3281,4.0678,1
audio03.TextGrid,17,10,of,85.050,85.120,7.4,2,IN,0,2.9804,1.1668,1
audio03.TextGrid,17,11,jesus,85.120,85.660,4.99,5,NN,1,5.7855,2.6361,1
audio03.TextGrid,17,12,and,85.960,86.070,7.41,3,CC,0,3.9421,2.9356,1
audio03.TextGrid,17,13,another,86.070,86.460,5.74,5,DT,0,6.7332,5.7632,1
audio03.TextGrid,17,14,of,86.460,86.530,7.4,2,IN,0,5.0892,1.2881,1
audio03.TextGrid,17,15,the,86.530,86.630,7.73,2,DT,0,1.7096,0.6866,1
audio03.TextGrid,17,16,virgin,86.630,86.980,4.35,5,NN,0,10.3507,3.9645,1
audio03.TextGrid,17,17,of,86.980,87.050,7.4,2,IN,0,3.6902,5.1946,1
audio03.TextGrid,17,18,cobre,87.050,87.600,1.78,5,NN,1,5.7917,16.4780,1
audio03.TextGrid,18,1,these,88.540,88.770,6.04,3,DT,0,5.9478,4.8970,1
audio03.TextGrid,18,2,were,88.770,88.920,6.34,2,VBD,0,8.1570,1.3046,1
audio03.TextGrid,18,3,relics,88.920,89.260,3.46,6,NNS,1,7.2935,7.1474,1
audio03.TextGrid,18,4,of,89.260,89.370,7.4,2,IN,0,3.1027,0.4630,1
audio03.TextGrid,18,5,his,89.370,89.560,6.51,3,PRP$,0,5.3106,4.1323,1
audio03.TextGrid,18,6,wife,89.560,89.930,5.23,3,NN,0,9.6639,5.6469,1
audio03.TextGrid,19,1,once,90.460,90.830,5.53,4,RB,0,8.1706,6.7546,1
audio03.TextGrid,19,2,there,90.830,91.020,6.31,3,EX,0,6.2512,4.1079,1
audio03.TextGrid,19,3,had,91.020,91.160,6.33,3,VBD,0,4.9210,3.4418,1
audio03.TextGrid,19,4,been,91.160,91.310,6.27,3,VBN,0,6.3852,0.0532,1
audio03.TextGrid,19,5,a,91.310,91.380,7.36,1,DT,0,3.9980,0.6771,1
audio03.TextGrid,19,6,tinted,91.380,91.730,3.27,6,JJ,1,5.0866,15.6501,1
audio03.TextGrid,19,7,photograph,91.730,92.240,4.23,8,NN,0,9.4409,5.8046,1
audio03.TextGrid,19,8,of,92.240,92.340,7.4,2,IN,0,2.9353,0.5957,1
audio03.TextGrid,19,9,his,92.340,92.500,6.51,3,PRP$,0,5.3063,3.0507,1
audio03.TextGrid,19,10,wife,92.500,92.780,5.23,3,NN,0,9.6640,0.9827,1
audio03.TextGrid,19,11,on,92.780,92.900,6.91,2,IN,0,4.7059,1.9747,1
audio03.TextGrid,19,12,the,92.900,92.960,7.73,2,DT,0,1.6996,0.5226,1
audio03.TextGrid,19,13,wall,92.960,93.310,5.04,3,NN,0,7.4331,1.9880,1
audio03.TextGrid,19,14,but,93.310,93.480,6.63,3,CC,0,5.3426,4.5914,1
audio03.TextGrid,19,15,he,93.480,93.560,6.69,2,PRP,0,4.9711,3.0300,1
audio03.TextGrid,19,16,had,93.560,93.710,6.33,3,VBD,0,6.2596,0.8720,1
audio03.TextGrid,19,17,taken,93.710,93.990,5.33,5,VBN,0,8.5868,3.5899,1
audio03.TextGrid,19,18,it,93.990,94.100,6.95,2,PRP,0,5.2143,1.3017,1
audio03.TextGrid,19,19,down,94.100,94.460,5.88,3,RP,0,6.5820,2.9130,1
audio03.TextGrid,19,20,because,94.460,94.780,6.03,5,IN,0,6.4414,2.8239,1
audio03.TextGrid,19,21,it,94.780,94.890,6.95,2,PRP,0,3.8451,2.1948,1
audio03.TextGrid,19,22,made,94.890,95.090,5.92,3,VBD,0,7.4298,4.9624,1
audio03.TextGrid,19,23,him,95.090,95.180,6.11,2,PRP,0,8.4461,0.7301,1
audio03.TextGrid,19,24,too,95.180,95.420,5.95,2,RB,0,7.7696,5.6516,1
audio03.TextGrid,19,25,lonely,95.420,95.770,4.25,5,RB,1,4.6690,5.8320,1
audio03.TextGrid,19,26,to,95.770,95.900,7.43,2,TO,0,3.6052,1.0179,1
audio03.TextGrid,19,27,see,95.900,96.120,6.1,2,VB,0,6.7346,2.4193,1
audio03.TextGrid,19,28,it,96.120,96.260,6.95,2,PRP,0,4.4715,1.2642,1
audio03.TextGrid,20,1,and,96.740,96.830,7.41,2,CC,0,3.7036,3.4242,1
audio03.TextGrid,20,2,it,96.830,96.900,6.95,2,PRP,0,4.1020,2.9711,1
audio03.TextGrid,20,3,was,96.900,97.020,6.82,3,VBD,0,3.8816,1.1758,1
audio03.TextGrid,20,4,on,97.020,97.150,6.91,2,IN,0,4.9393,5.6300,1
audio03.TextGrid,20,5,the,97.150,97.230,7.73,2,DT,0,1.7737,0.8117,1
audio03.TextGrid,20,6,shelf,97.230,97.510,4.02,4,NN,0,10.2394,4.2626,1
audio03.TextGrid,20,7,in,97.510,97.600,7.27,2,IN,0,3.2060,1.9843,1
audio03.TextGrid,20,8,the,97.600,97.660,7.73,2,DT,0,1.7002,0.5444,1
audio03.TextGrid,20,9,corner,97.660,98.120,4.75,5,NN,1,4.1367,1.8256,1
audio03.TextGrid,20,10,under,98.120,98.340,5.73,4,IN,0,6.6521,6.1731,1
audio03.TextGrid,20,11,his,98.340,98.480,6.51,3,PRP$,0,5.3059,2.0393,1
audio03.TextGrid,20,12,clean,98.480,98.820,4.97,4,JJ,0,15.8745,10.2626,1
audio03.TextGrid,20,13,shirt,98.820,99.270,4.63,3,NN,1,6.0791,3.7930,1
audio03.TextGrid,21,1,what,100.590,100.790,6.38,3,WP,0,6.9013,3.2472,1
audio03.TextGrid,21,2,do,100.790,100.850,6.35,2,VBP,0,6.0998,2.1291,1
audio03.TextGrid,21,3,you,100.850,100.980,6.98,2,PRP,0,6.2797,0.1308,1
audio03.TextGrid,21,4,have,100.980,101.120,6.71,3,VB,0,5.7216,3.3923,1
audio03.TextGrid,21,5,to,101.120,101.270,7.43,2,TO,0,3.2756,1.8145,1
audio03.TextGrid,21,6,eat,101.270,101.650,5.13,2,VB,0,9.8610,4.5596,1
audio03.TextGrid,21,7,the,101.840,101.920,7.73,2,DT,0,2.7079,0.8243,1
audio03.TextGrid,21,8,boy,101.920,102.220,5.17,2,NN,0,10.2405,1.4424,1
audio03.TextGrid,21,9,asked,102.220,102.630,5.3,3,VBD,0,8.6957,0.1545,1
audio03.TextGrid,22,1,a,103.420,103.510,7.36,1,DT,0,2.6983,2.9174,1
audio03.TextGrid,22,2,pot,103.510,103.760,4.4,3,NN,1,4.1377,6.4833,1
audio03.TextGrid,22,3,of,103.760,103.870,7.4,2,IN,0,3.7810,0.4029,1
audio03.TextGrid,22,4,yellow,103.870,104.160,4.69,4,JJ,0,11.1585,6.6993,1
audio03.TextGrid,22,5,rice,104.160,104.520,4.55,3,NN,0,10.9074,2.6882,1
audio03.TextGrid,22,6,with,104.520,104.650,6.85,3,IN,0,6.0629,2.7688,1
audio03.TextGrid,22,7,fish,104.690,105.040,4.9,3,JJ,1,5.2688,5.5399,1
audio03.TextGrid,22,8,do,105.040,105.120,6.35,2,VBP,0,7.6706,4.7725,1
audio03.TextGrid,22,9,you,105.320,105.430,6.98,2,PRP,0,6.4674,0.1951,1
audio03.TextGrid,22,10,want,105.430,105.730,6.04,4,VB,0,7.7687,2.2723,1
audio03.TextGrid,23,1,some,105.730,106.060,6.2,3,DT,0,5.3151,2.9896,1
audio03.TextGrid,23,2,no,106.880,107.250,6.35,2,DT,0,8.7449,1.9214,1
audio03.TextGrid,23,3,i,107.500,107.640,7.09,1,NN,0,8.1899,0.8797,1
audio03.TextGrid,23,4,will,107.640,107.820,6.45,3,MD,0,4.9159,2.6169,1
audio03.TextGrid,23,5,eat,107.820,107.950,5.13,2,VB,0,9.6810,2.5468,1
audio03.TextGrid,23,6,at,107.950,108.050,6.7,2,IN,0,5.2290,4.9658,1
audio03.TextGrid,23,7,home,108.050,108.220,5.81,3,NN,0,8.7326,2.4112,1
audio03.TextGrid,23,8,do,108.220,108.370,6.35,2,VBP,0,7.4811,4.0432,1
audio03.TextGrid,23,9,you,108.910,109.010,6.98,2,PRP,0,6.4343,0.2045,1
audio03.TextGrid,23,10,want,109.010,109.240,6.04,4,VB,0,8.0159,0.8896,1
audio03.TextGrid,23,11,me,109.240,109.360,6.48,2,PRP,0,8.7530,3.0236,1
audio03.TextGrid,23,12,to,109.360,109.430,7.43,2,TO,0,3.2947,0.0618,1
audio03.TextGrid,23,13,make,109.430,109.600,6.08,3,VB,0,6.0617,4.1435,1
audio03.TextGrid,23,14,the,109.600,109.680,7.73,2,DT,0,2.3356,3.7933,1
audio03.TextGrid,23,15,fire,109.680,110.120,5.3,3,NN,0,9.1769,5.6152,1
audio03.TextGrid,24,1,no,110.870,111.120,6.35,2,DT,0,5.7679,1.5533,1
audio03.TextGrid,24,2,i,111.120,111.150,7.09,1,NN,0,8.2555,0.7206,1
audio03.TextGrid,24,3,will,111.150,111.530,6.45,3,MD,0,4.6608,1.1780,1
audio03.TextGrid,24,4,make,111.530,111.760,6.08,3,VB,0,5.2999,2.2449,1
audio03.TextGrid,24,5,it,111.760,111.870,6.95,2,PRP,0,4.4356,1.3175,1
audio03.TextGrid,24,6,later,111.870,112.150,5.49,4,RB,0,9.3710,7.8292,1
audio03.TextGrid,24,7,on,112.150,112.410,6.91,2,IN,0,5.2052,3.2563,1
audio03.TextGrid,25,1,or,112.960,113.220,6.54,2,CC,0,5.3683,5.5631,1
audio03.TextGrid,25,2,i,113.220,113.340,7.09,1,NN,0,5.7229,1.4927,1
audio03.TextGrid,25,3,may,113.340,113.480,5.98,2,MD,0,5.5654,3.7300,1
audio03.TextGrid,25,4,eat,113.480,113.730,5.13,2,VB,0,9.6882,2.5132,1
audio03.TextGrid,25,5,the,113.730,113.850,7.73,2,DT,0,2.7724,2.8580,1
audio03.TextGrid,25,6,rice,113.850,114.160,4.55,3,NN,0,10.3587,3.1401,1
audio03.TextGrid,25,7,cold,114.160,114.700,5.02,4,NN,0,10.5180,7.7265,1
audio03.TextGrid,26,1,may,115.910,116.070,5.98,2,MD,0,8.3649,6.4356,1
audio03.TextGrid,26,2,i,116.070,116.220,7.09,1,VB,0,8.1452,0.3710,1
audio03.TextGrid,26,3,take,116.220,116.460,5.92,3,VB,0,6.4025,2.7566,1
audio03.TextGrid,26,4,the,116.460,116.540,7.73,2,DT,0,2.3177,1.3362,1
audio03.TextGrid,26,5,cast,116.540,116.930,4.79,4,JJ,0,11.6059,6.7063,1
audio03.TextGrid,26,6,net,116.930,117.210,4.76,3,NN,0,6.8694,0.4664,1
audio03.TextGrid,26,7,of,118.050,118.170,7.4,2,IN,0,3.6611,3.7818,1
audio03.TextGrid,26,8,course,118.170,118.760,5.44,4,NN,0,9.4943,0.0680,1
audio03.TextGrid,27,1,there,120.650,120.800,6.31,3,EX,0,5.7321,5.0484,1
audio03.TextGrid,27,2,was,120.800,121.070,6.82,3,VBD,0,3.9647,0.4594,1
audio03.TextGrid,27,3,no,121.070,121.260,6.35,2,DT,0,6.2720,1.6618,1
audio03.TextGrid,27,4,cast,121.260,121.690,4.79,4,JJ,0,10.4734,10.1565,1
audio03.TextGrid,27,5,net,121.690,121.930,4.76,3,NN,0,7.6633,0.0640,1
audio03.TextGrid,27,6,and,121.930,122.000,7.41,2,CC,0,3.9221,2.9974,1
audio03.TextGrid,27,7,the,122.000,122.070,7.73,2,DT,0,2.6233,1.0221,1
audio03.TextGrid,27,8,boy,122.070,122.260,5.17,2,NN,0,10.2395,2.5188,1
audio03.TextGrid,27,9,remembered,122.260,122.740,4.33,8,VBD,1,4.7410,8.0423,1
audio03.TextGrid,27,10,when,122.740,122.910,6.37,3,WRB,0,6.0284,3.8041,1
audio03.TextGrid,27,11,they,122.910,123.010,6.5,2,PRP,0,4.7981,2.9062,1
audio03.TextGrid,27,12,had,123.010,123.170,6.33,3,VBD,0,4.7249,1.1018,1
audio03.TextGrid,27,13,sold,123.170,123.500,4.97,4,VBN,0,7.7120,6.1101,1
audio03.TextGrid,27,14,it,123.500,123.700,6.95,2,PRP,0,4.8930,1.7167,1
audio03.TextGrid,28,1,but,124.270,124.400,6.63,3,CC,0,5.3198,3.0276,1
audio03.TextGrid,28,2,they,124.400,124.500,6.5,2,PRP,0,4.8862,2.7226,1
audio03.TextGrid,28,3,went,124.500,124.760,5.5,4,VBD,0,7.1496,4.0002,1
audio03.TextGrid,28,4,through,124.760,124.890,5.87,3,IN,0,7.3952,4.2407,1
audio03.TextGrid,28,5,this,124.890,125.120,6.82,3,DT,0,4.8484,4.9955,1
audio03.TextGrid,28,6,fiction,125.120,125.480,4.44,6,NN,1,4.1394,12.2229,1
audio03.TextGrid,28,7,every,125.480,125.690,5.79,4,DT,0,9.3565,4.8405,1
audio03.TextGrid,28,8,day,125.690,126.100,5.95,2,NN,0,7.0899,0.8084,1
audio03.TextGrid,29,1,there,126.590,126.710,6.31,3,EX,0,5.7321,3.8871,1
audio03.TextGrid,29,2,was,126.710,126.850,6.82,3,VBD,0,3.9647,0.5221,1
audio03.TextGrid,29,3,no,126.850,127.030,6.35,2,DT,0,6.2720,1.4727,1
audio03.TextGrid,29,4,pot,127.030,127.290,4.4,3,NN,1,4.3293,5.2643,1
audio03.TextGrid,29,5,of,127.290,127.400,7.4,2,IN,0,3.1732,0.4961,1
audio03.TextGrid,29,6,yellow,127.400,127.700,4.69,4,JJ,0,11.1566,1.1330,1
audio03.TextGrid,29,7,rice,127.700,127.970,4.55,3,NN,0,10.9096,0.0115,1
audio03.TextGrid,29,8,and,127.970,128.100,7.41,3,CC,0,3.7088,1.4960,1
audio03.TextGrid,29,9,fish,128.120,128.480,4.9,3,NN,1,5.1061,3.6984,1
audio03.TextGrid,30,1,and,129.000,129.110,7.41,2,CC,0,3.7036,1.4258,1
audio03.TextGrid,30,2,the,129.110,129.190,7.73,2,DT,0,2.0380,2.1624,1
audio03.TextGrid,30,3,boy,129.190,129.410,5.17,2,NN,0,10.2419,0.9713,1
audio03.TextGrid,30,4,knew,129.410,129.640,5.2,3,VBD,0,8.9641,3.3986,1
audio03.TextGrid,30,5,this,129.640,129.970,6.82,3,DT,0,5.5090,3.9866,1
audio03.TextGrid,30,6,too,129.970,130.390,5.95,2,RB,0,9.5707,4.4609,1
audio03.TextGrid,30,7,eighty,131.850,132.200,3.75,3,JJ,1,4.9615,11.4564,1
audio03.TextGrid,30,8,five,132.200,132.600,5.45,3,CD,0,8.5141,1.4593,1
audio03.TextGrid,30,9,is,132.600,132.720,7.07,2,VBZ,0,5.3415,5.0496,1
audio03.TextGrid,30,10,a,132.720,132.800,7.36,1,DT,0,3.4860,1.4056,1
audio03.TextGrid,30,11,lucky,132.800,133.100,4.77,4,JJ,0,10.7263,6.3255,1
audio03.TextGrid,30,12,number,133.100,133.620,5.62,5,NN,0,6.2842,0.5447,1
audio03.TextGrid,30,13,the,133.860,133.990,7.73,2,DT,0,3.8648,0.6711,1
audio03.TextGrid,30,14,old,133.990,134.170,5.75,3,JJ,0,7.3429,0.5289,1
audio03.TextGrid,30,15,man,134.170,134.430,5.82,3,NN,0,7.6973,0.0076,1
audio03.TextGrid,30,16,said,134.430,134.810,6.01,3,VBD,0,4.3352,0.1040,1
audio03.TextGrid,31,1,how,135.500,135.650,6.24,2,WRB,0,7.8277,4.1210,1
audio03.TextGrid,31,2,would,135.650,135.780,6.27,3,MD,0,6.7205,5.1466,1
audio03.TextGrid,31,3,you,135.780,135.870,6.98,2,PRP,0,6.3883,0.4254,1
audio03.TextGrid,31,4,like,135.870,136.080,6.41,3,VB,0,6.7287,0.8558,1
audio03.TextGrid,31,5,to,136.080,136.160,7.43,2,TO,0,3.7285,0.7778,1
audio03.TextGrid,31,6,see,136.160,136.330,6.1,2,VB,0,6.3344,3.0900,1
audio03.TextGrid,31,7,me,136.330,136.470,6.48,2,PRP,0,8.5632,2.2299,1
audio03.TextGrid,31,8,bring,136.470,136.680,5.27,4,VBG,0,8.7774,7.0501,1
audio03.TextGrid,31,9,one,136.680,136.920,6.47,3,CD,0,6.3258,4.2338,1
audio03.TextGrid,31,10,in,136.920,137.100,7.27,2,IN,0,4.0880,4.1219,1
audio03.TextGrid,31,11,that,137.100,137.310,7.01,3,DT,0,4.8791,5.4911,1
audio03.TextGrid,31,12,dressed,137.310,137.610,4.42,5,VBD,0,12.4826,11.6281,1
audio03.TextGrid,31,13,out,137.610,137.830,6.38,2,RP,0,6.3075,5.4878,1
audio03.TextGrid,31,14,over,137.830,138.070,6.08,3,IN,0,6.6910,6.0468,1
audio03.TextGrid,31,15,a,138.070,138.130,7.36,1,DT,0,2.6722,2.0577,1
audio03.TextGrid,31,16,thousand,138.130,138.630,4.64,6,CD,0,11.9436,4.5883,1
audio03.TextGrid,31,17,pounds,138.630,139.170,4.53,5,NNS,0,9.0812,2.2769,1
audio03.TextGrid,32,1,i,139.170,139.210,7.09,1,NN,0,5.5144,1.4694,1
audio03.TextGrid,32,2,ll,141.000,141.170,4.66,2,VBP,1,3.9811,3.9196,1
audio03.TextGrid,32,3,get,141.170,141.300,6.28,3,VB,0,6.8207,3.2578,1
audio03.TextGrid,32,4,the,141.300,141.400,7.73,2,DT,0,2.3340,2.5407,1
audio03.TextGrid,32,5,cast,141.400,141.780,4.79,4,NN,0,11.6179,2.3422,1
audio03.TextGrid,32,6,net,141.780,141.910,4.76,3,NN,0,6.8623,0.1000,1
audio03.TextGrid,32,7,and,141.910,142.030,7.41,2,CC,0,4.1230,1.4188,1
audio03.TextGrid,32,8,go,142.030,142.190,6.03,2,VB,0,8.9319,3.2802,1
audio03.TextGrid,32,9,for,142.190,142.330,7.01,2,IN,0,4.4380,2.6503,1
audio03.TextGrid,32,10,sardines,142.330,143.020,2.93,7,NNS,1,6.8399,8.8822,1
audio03.TextGrid,32,11,will,143.340,143.480,6.45,3,MD,0,6.1575,5.7493,1
audio03.TextGrid,32,12,you,143.480,143.610,6.98,2,PRP,0,8.1924,0.2427,1
audio03.TextGrid,32,13,sit,143.610,143.800,4.9,3,VB,0,11.2311,5.7806,1
audio03.TextGrid,32,14,in,143.800,143.880,7.27,2,IN,0,3.6366,3.3388,1
audio03.TextGrid,32,15,the,143.880,143.960,7.73,2,DT,0,1.7337,0.9132,1
audio03.TextGrid,32,16,sun,143.960,144.250,4.97,3,NN,0,10.3532,4.8285,1
audio03.TextGrid,32,17,in,144.250,144.330,7.27,2,IN,0,4.1876,3.9138,1
audio03.TextGrid,32,18,the,144.330,144.400,7.73,2,DT,0,1.7075,0.9943,1
audio03.TextGrid,32,19,doorway,144.400,144.840,3.51,5,NN,1,4.1358,7.5329,1
audio03.TextGrid,33,1,yes,145.950,146.370,5.5,3,RB,0,11.0119,2.0653,1
audio03.TextGrid,33,2,i,146.800,146.960,7.09,1,NN,0,6.3159,1.3583,1
audio03.TextGrid,33,3,have,146.960,147.120,6.71,3,VBP,0,4.1126,3.3362,1
audio03.TextGrid,33,4,yesterday,147.120,147.530,4.91,7,NN,0,8.5594,10.9266,1
audio03.TextGrid,33,5,s,147.530,147.570,5.86,1,VBN,1,6.8959,2.4929,1
audio03.TextGrid,33,6,paper,147.570,148.080,5.07,4,NN,0,8.6573,6.6911,1
audio03.TextGrid,33,7,and,148.220,148.370,7.41,2,CC,0,4.2804,1.7706,1
audio03.TextGrid,33,8,i,148.370,148.460,7.09,1,NN,0,6.0501,1.8819,1
audio03.TextGrid,33,9,will,148.460,148.650,6.45,3,MD,0,4.9801,1.0457,1
audio03.TextGrid,33,10,read,148.650,148.820,5.54,3,VB,0,7.2334,3.8243,1
audio03.TextGrid,33,11,the,148.820,148.900,7.73,2,DT,0,2.4254,2.7458,1
audio03.TextGrid,33,12,baseball,148.900,149.530,4.54,6,NN,0,9.1407,12.2983,1
audio03.TextGrid,34,1,the,150.980,151.070,7.73,2,DT,0,1.8241,1.9848,1
audio03.TextGrid,34,2,boy,151.070,151.260,5.17,2,NN,0,10.2353,1.3903,1
audio03.TextGrid,34,3,did,151.260,151.450,5.96,3,VBD,0,5.9574,4.2002,1
audio03.TextGrid,34,4,not,151.450,151.660,6.69,3,RB,0,5.4775,0.2899,1
audio03.TextGrid,34,5,know,151.660,151.830,6.1,2,VB,0,7.6271,2.3961,1
audio03.TextGrid,34,6,whether,151.830,152.110,5.32,4,IN,0,7.8509,3.7294,1
audio03.TextGrid,34,7,yesterday,152.110,152.620,4.91,7,NN,0,7.6890,8.6182,1
audio03.TextGrid,34,8,s,152.620,152.670,5.86,1,VBP,1,6.2192,1.7169,1
audio03.TextGrid,34,9,paper,152.670,152.990,5.07,4,NN,0,9.2152,0.2309,1
audio03.TextGrid,34,10,was,152.990,153.160,6.82,3,VBD,0,5.9750,0.5327,1
audio03.TextGrid,34,11,a,153.160,153.230,7.36,1,DT,0,3.3090,2.2143,1
audio03.TextGrid,34,12,fiction,153.230,153.620,4.44,6,NN,1,4.1405,8.0605,1
audio03.TextGrid,34,13,too,153.620,154.070,5.95,2,RB,0,8.1324,9.3306,1
audio03.TextGrid,34,14,but,154.410,154.520,6.63,3,CC,0,5.2573,2.3233,1
audio03.TextGrid,34,15,the,154.520,154.630,7.73,2,DT,0,3.4018,2.1908,1
audio03.TextGrid,34,16,old,154.630,154.820,5.75,3,JJ,0,7.3417,1.0931,1
audio03.TextGrid,34,17,man,154.820,155.070,5.82,3,NN,0,7.6983,0.0111,1
audio03.TextGrid,34,18,brought,155.070,155.290,5.16,4,VBD,0,8.6082,6.2947,1
audio03.TextGrid,34,19,it,155.290,155.390,6.95,2,PRP,0,4.7636,1.9289,1
audio03.TextGrid,34,20,out,155.390,155.590,6.38,2,RP,0,6.4040,3.7393,1
audio03.TextGrid,34,21,from,155.590,155.730,6.63,3,IN,0,5.1982,4.3599,1
audio03.TextGrid,34,22,under,155.730,155.910,5.73,4,IN,0,8.4010,1.0067,1
audio03.TextGrid,34,23,the,155.910,156.010,7.73,2,DT,0,1.9470,0.4079,1
audio03.TextGrid,34,24,bed,156.010,156.410,5.07,3,NN,1,4.1551,3.2847,1
audio03.TextGrid,35,1,perico,157.540,157.990,1.53,6,NNS,1,6.9453,16.8185,1
audio03.TextGrid,35,2,gave,157.990,158.200,5.25,3,VBD,0,7.6139,8.1701,1
audio03.TextGrid,35,3,it,158.200,158.310,6.95,2,PRP,0,4.5466,1.4773,1
audio03.TextGrid,35,4,to,158.310,158.380,7.43,2,TO,0,3.3640,0.2436,1
audio03.TextGrid,35,5,me,158.380,158.540,6.48,2,PRP,0,8.4453,0.3527,1
audio03.TextGrid,35,6,at,158.540,158.610,6.7,2,IN,0,4.6155,4.1519,1
audio03.TextGrid,35,7,the,158.610,158.700,7.73,2,DT,0,1.6890,1.5029,1
audio03.TextGrid,35,8,bodega,158.700,159.270,2.74,6,NN,1,4.1363,10.1277,1
audio03.TextGrid,36,1,he,159.440,159.570,6.69,2,PRP,0,4.5353,0.6701,1
audio03.TextGrid,36,2,explained,159.570,160.190,4.59,8,VBD,0,8.7225,6.1641,1
audio03.TextGrid,36,3,i,161.180,161.210,7.09,1,JJ,0,6.1697,1.6412,1
audio03.TextGrid,36,4,ll,161.730,161.860,4.66,2,NN,1,6.8911,4.1217,1
audio03.TextGrid,36,5,be,161.860,162.000,6.79,2,VB,0,5.6446,3.5029,1
audio03.TextGrid,36,6,back,162.000,162.250,6.04,3,RB,0,7.0578,2.5266,1
audio03.TextGrid,36,7,when,162.250,162.350,6.37,3,WRB,0,6.5706,3.5427,1
audio03.TextGrid,36,8,i,162.350,162.450,7.09,1,NN,0,5.6631,0.6722,1
audio03.TextGrid,36,9,have,162.450,162.590,6.71,3,VBP,0,4.0846,2.3198,1
audio03.TextGrid,36,10,the,162.590,162.660,7.73,2,DT,0,2.5803,2.2361,1
audio03.TextGrid,36,11,sardines,162.660,163.340,2.93,7,NNS,1,6.4523,3.8456,1
audio03.TextGrid,36,12,i,163.680,163.770,7.09,1,VBP,0,7.4875,1.4739,1
audio03.TextGrid,36,13,ll,163.770,163.820,4.66,1,VBP,1,4.6386,1.6020,1
audio03.TextGrid,36,14,keep,163.820,164.070,5.66,3,VB,0,7.9052,4.7045,1
audio03.TextGrid,36,15,yours,164.070,164.410,4.75,4,NNS,1,7.3996,6.2702,1
audio03.TextGrid,36,16,and,164.410,164.620,7.41,3,CC,0,3.9802,2.8343,1
audio03.TextGrid,36,17,mine,164.620,164.880,5.04,3,VB,0,10.7185,4.0400,1
audio03.TextGrid,36,18,together,164.880,165.250,5.46,6,RB,0,9.5784,4.5695,1
audio03.TextGrid,36,19,on,165.250,165.420,6.91,2,IN,0,4.6962,4.6907,1
audio03.TextGrid,36,20,ice,165.420,165.750,5.0,2,NN,1,5.7910,7.6885,1
audio03.TextGrid,36,21,and,165.750,165.820,7.41,2,CC,0,4.0967,2.2433,1
audio03.TextGrid,36,22,we,165.820,165.960,6.54,2,PRP,0,6.2771,4.2679,1
audio03.TextGrid,36,23,can,165.960,166.110,6.46,3,MD,0,5.9907,1.6129,1
audio03.TextGrid,36,24,share,166.110,166.360,5.2,3,NN,0,8.1890,5.2046,1
audio03.TextGrid,36,25,them,166.360,166.520,6.19,3,PRP,0,6.7130,2.5279,1
audio03.TextGrid,36,26,in,166.520,166.590,7.27,2,IN,0,3.1474,2.4726,1
audio03.TextGrid,36,27,the,166.590,166.650,7.73,2,DT,0,1.7016,0.9734,1
audio03.TextGrid,36,28,morning,166.650,167.050,5.33,6,NN,0,8.8503,4.8889,1
audio03.TextGrid,37,1,when,167.500,167.630,6.37,3,WRB,0,6.5749,4.2766,1
audio03.TextGrid,37,2,i,167.630,167.720,7.09,1,NN,0,5.6712,0.9376,1
audio03.TextGrid,37,3,come,167.720,167.900,5.78,3,VBP,0,6.6503,2.8712,1
audio03.TextGrid,37,4,back,167.900,168.230,6.04,3,RB,0,7.0673,1.0828,1
audio03.TextGrid,37,5,you,168.230,168.310,6.98,2,PRP,0,6.6930,3.2302,1
audio03.TextGrid,37,6,can,168.310,168.460,6.46,3,MD,0,6.1950,1.6999,1
audio03.TextGrid,37,7,tell,168.460,168.610,5.53,3,VB,0,9.6875,3.6355,1
audio03.TextGrid,37,8,me,168.610,168.750,6.48,2,PRP,0,9.0027,0.4860,1
audio03.TextGrid,37,9,about,168.750,168.940,6.4,4,IN,0,5.3510,2.8175,1
audio03.TextGrid,37,10,the,168.940,169.040,7.73,2,DT,0,1.7856,1.4640,1
audio03.TextGrid,37,11,baseball,169.040,169.620,4.54,6,NN,0,9.1385,7.9021,1
audio03.TextGrid,38,1,the,171.090,171.160,7.73,2,DT,0,1.8241,3.8373,1
audio03.TextGrid,38,2,yankees,171.160,171.670,3.93,6,NNS,1,6.4529,5.4741,1
audio03.TextGrid,38,3,cannot,171.670,172.070,5.11,5,VBP,1,4.1555,6.8721,1
audio03.TextGrid,38,4,lose,172.070,172.500,5.08,3,VB,0,9.9808,4.9669,1
audio03.TextGrid,39,1,but,173.390,173.520,6.63,3,CC,0,5.3198,3.3335,1
audio03.TextGrid,39,2,i,173.520,173.640,7.09,1,JJ,0,5.7238,1.8895,1
audio03.TextGrid,39,3,fear,173.640,173.910,4.95,3,VBP,0,9.7052,6.7895,1
audio03.TextGrid,39,4,the,173.910,174.080,7.73,2,DT,0,2.9034,2.4495,1
audio03.TextGrid,39,5,indians,174.080,174.460,4.25,7,NNS,1,6.4556,3.9672,1
audio03.TextGrid,39,6,of,174.460,174.550,7.4,2,IN,0,3.0931,6.4122,1
audio03.TextGrid,39,7,cleveland,174.550,175.130,4.27,8,NN,0,9.2134,5.3512,1
audio03.TextGrid,40,1,have,175.840,176.080,6.71,3,VB,0,8.1004,6.0066,1
audio03.TextGrid,40,2,faith,176.080,176.470,4.82,3,VBN,0,12.3804,6.9227,1
audio03.TextGrid,40,3,in,176.470,176.600,7.27,2,IN,0,3.7529,0.6529,1
audio03.TextGrid,40,4,the,176.600,176.700,7.73,2,DT,0,1.6994,1.5700,1
audio03.TextGrid,40,5,yankees,176.700,177.190,3.93,6,NNS,1,6.4473,1.6975,1
audio03.TextGrid,40,6,my,177.190,177.390,6.57,2,PRP$,0,8.7371,8.5239,1
audio03.TextGrid,40,7,son,177.390,177.760,5.28,3,NN,0,9.6656,4.1567,1
audio03.TextGrid,40,8,think,178.250,178.460,6.08,4,NN,0,7.1464,6.9639,1
audio03.TextGrid,40,9,of,178.460,178.560,7.4,2,IN,0,3.4795,0.9530,1
audio03.TextGrid,40,10,the,178.560,178.660,7.73,2,DT,0,1.7176,1.5691,1
audio03.TextGrid,40,11,great,178.660,178.880,5.88,4,JJ,0,7.7270,4.2430,1
audio03.TextGrid,40,12,dimaggio,178.880,179.600,2.53,7,NN,1,4.1893,17.4129,1
audio04.TextGrid,1,1,i,0.880,1.000,7.09,1,NN,0,5.5144,2.1355,1
audio04.TextGrid,1,2,fear,1.000,1.240,4.95,3,VBP,0,9.7255,3.9127,1
audio04.TextGrid,1,3,both,1.240,1.490,5.79,3,DT,0,7.6025,6.3074,1
audio04.TextGrid,1,4,the,1.490,1.590,7.73,2,DT,0,4.7214,2.4470,1
audio04.TextGrid,1,5,tigers,1.590,2.120,4.15,5,NNS,0,11.6087,6.8989,1
audio04.TextGrid,1,6,of,2.120,2.200,7.4,2,IN,0,3.0711,2.3712,1
audio04.TextGrid,1,7,detroit,2.200,2.750,4.35,6,NN,0,9.6218,4.4460,1
audio04.TextGrid,1,8,and,2.750,2.910,7.41,2,CC,0,3.8840,0.1518,1
audio04.TextGrid,1,9,the,2.910,3.080,7.73,2,DT,0,2.2302,0.2675,1
audio04.TextGrid,1,10,indians,3.080,3.460,4.25,7,NNS,1,6.4527,1.2816,1
audio04.TextGrid,1,11,of,3.460,3.580,7.4,2,IN,0,2.8507,0.2604,1
audio04.TextGrid,1,12,cleveland,3.580,4.130,4.27,8,NN,0,9.2067,0.9683,1
audio04.TextGrid,2,1,be,5.350,5.450,6.79,2,VB,0,8.5148,6.2533,1
audio04.TextGrid,2,2,careful,5.450,5.950,4.59,6,JJ,0,10.7707,2.7688,1
audio04.TextGrid,2,3,or,6.060,6.210,6.54,2,CC,0,5.3292,7.4989,1
audio04.TextGrid,2,4,you,6.210,6.300,6.98,2,PRP,0,6.4601,1.0169,1
audio04.TextGrid,2,5,will,6.300,6.500,6.45,3,MD,0,5.1959,0.6188,1
audio04.TextGrid,2,6,fear,6.500,6.820,4.95,3,VB,0,9.6433,7.4421,1
audio04.TextGrid,2,7,even,6.820,7.050,5.99,4,RB,0,6.1994,6.9271,1
audio04.TextGrid,2,8,the,7.050,7.140,7.73,2,DT,0,3.6684,0.9374,1
audio04.TextGrid,2,9,reds,7.140,7.420,3.91,4,NNS,0,11.2809,5.4324,1
audio04.TextGrid,2,10,of,7.420,7.510,7.4,2,IN,0,2.8083,1.1722,1
audio04.TextGrid,2,11,cincinnati,7.510,8.220,3.96,9,NN,0,10.3107,2.5553,1
audio04.TextGrid,2,12,and,8.220,8.320,7.41,2,CC,0,3.9006,2.8454,1
audio04.TextGrid,2,13,the,8.320,8.400,7.73,2,DT,0,2.2374,0.6583,1
audio04.TextGrid,2,14,white,8.400,8.690,5.51,3,JJ,0,7.9534,5.3386,1
audio04.TextGrid,2,15,sax,8.690,9.030,3.15,4,NN,1,4.9416,13.5698,1
audio04.TextGrid,2,16,of,9.030,9.120,7.4,2,IN,0,3.0944,8.2882,1
audio04.TextGrid,2,17,chicago,9.120,9.760,4.83,6,NN,0,7.2151,4.1293,1
audio04.TextGrid,3,1,you,11.120,11.280,6.98,2,PRP,0,5.7058,3.1146,1
audio04.TextGrid,3,2,study,11.280,11.670,5.26,5,VBP,0,8.5948,11.2593,1
audio04.TextGrid,3,3,it,11.670,11.780,6.95,2,PRP,0,4.6335,4.7976,1
audio04.TextGrid,3,4,and,11.780,11.870,7.41,2,CC,0,4.5351,2.7507,1
audio04.TextGrid,3,5,tell,11.870,12.090,5.53,3,VB,0,10.9603,5.3610,1
audio04.TextGrid,3,6,me,12.090,12.230,6.48,2,PRP,0,9.0160,0.3465,1
audio04.TextGrid,3,7,when,12.230,12.370,6.37,3,WRB,0,6.3443,3.7224,1
audio04.TextGrid,3,8,i,12.370,12.480,7.09,1,NN,0,5.6702,1.7291,1
audio04.TextGrid,3,9,come,12.480,12.670,5.78,3,VBP,0,6.6502,2.5826,1
audio04.TextGrid,3,10,back,12.670,13.010,6.04,3,RB,0,7.1028,0.3801,1
audio04.TextGrid,3,11,do,13.010,13.080,6.35,2,VBP,0,6.4896,4.3561,1
audio04.TextGrid,3,12,you,14.530,14.740,6.98,2,PRP,0,6.4291,0.7910,1
audio04.TextGrid,3,13,think,14.740,14.950,6.08,4,VB,0,8.0406,2.5519,1
audio04.TextGrid,3,14,we,14.950,15.030,6.54,2,PRP,0,6.3999,3.7930,1
audio04.TextGrid,3,15,should,15.030,15.210,5.99,3,MD,0,7.6731,2.1216,1
audio04.TextGrid,3,16,buy,15.210,15.430,5.32,2,VB,0,5.6509,6.2291,1
audio04.TextGrid,3,17,a,15.430,15.470,7.36,1,DT,0,3.1715,1.7247,1
audio04.TextGrid,3,18,terminal,15.470,15.950,4.31,7,NN,1,4.1392,13.9330,1
audio04.TextGrid,3,19,of,15.950,16.020,7.4,2,IN,0,3.0183,3.4496,1
audio04.TextGrid,3,20,the,16.020,16.100,7.73,2,DT,0,1.7012,1.1348,1
audio04.TextGrid,3,21,lottery,16.100,16.520,4.0,5,NN,0,9.5431,8.4401,1
audio04.TextGrid,3,22,with,16.520,16.700,6.85,3,IN,0,4.7771,4.3468,1
audio04.TextGrid,3,23,an,16.700,16.800,6.53,2,DT,0,4.3511,4.6239,1
audio04.TextGrid,3,24,eighty,16.800,17.040,3.75,3,NN,1,4.1358,5.4504,1
audio04.TextGrid,3,25,five,17.040,17.450,5.45,3,CD,0,8.9899,0.9767,1
audio04.TextGrid,4,1,tomorrow,18.010,18.480,5.02,6,NN,0,10.2357,7.6503,1
audio04.TextGrid,4,2,is,18.480,18.610,7.07,2,VBZ,0,3.8990,3.2388,1
audio04.TextGrid,4,3,the,18.610,18.820,7.73,2,DT,0,2.6327,1.3368,1
audio04.TextGrid,4,4,eighty,18.820,19.030,3.75,3,JJ,1,5.0793,6.4005,1
audio04.TextGrid,4,5,fifth,19.030,19.240,4.78,3,JJ,0,9.2968,0.7131,1
audio04.TextGrid,4,6,day,19.330,19.750,5.95,2,NN,0,6.9514,1.2108,1
audio04.TextGrid,5,1,we,21.200,21.320,6.54,2,PRP,0,5.6952,3.5461,1
audio04.TextGrid,5,2,can,21.320,21.490,6.46,3,MD,0,5.3091,2.5337,1
audio04.TextGrid,5,3,do,21.490,21.660,6.35,2,VB,0,5.1564,3.0968,1
audio04.TextGrid,5,4,that,21.660,22.010,7.01,3,IN,0,4.4241,1.3167,1
audio04.TextGrid,5,5,the,22.110,22.190,7.73,2,DT,0,2.2046,0.5379,1
audio04.TextGrid,5,6,boy,22.190,22.400,5.17,2,NN,0,10.2391,1.5334,1
audio04.TextGrid,5,7,said,22.400,22.810,6.01,3,VBD,0,5.0845,0.3451,1
audio04.TextGrid,5,8,but,23.370,23.540,6.63,3,CC,0,5.5026,2.5291,1
audio04.TextGrid,5,9,what,23.540,23.680,6.38,3,WP,0,7.7382,4.0544,1
audio04.TextGrid,5,10,about,23.680,23.890,6.4,4,IN,0,7.2129,1.4991,1
audio04.TextGrid,5,11,the,23.890,24.040,7.73,2,DT,0,2.0413,0.7521,1
audio04.TextGrid,5,12,eighty,24.040,24.270,3.75,3,JJ,1,5.0804,5.4481,1
audio04.TextGrid,5,13,seven,24.270,24.590,5.08,5,CD,0,9.9088,3.7626,1
audio04.TextGrid,5,14,of,24.590,24.680,7.4,2,IN,0,4.0964,4.5331,1
audio04.TextGrid,5,15,your,24.680,24.830,6.53,3,PRP$,0,6.7960,4.1453,1
audio04.TextGrid,5,16,great,24.830,25.090,5.88,4,JJ,0,7.7949,6.3313,1
audio04.TextGrid,5,17,record,25.090,25.520,5.21,5,NN,0,6.9957,9.0383,1
audio04.TextGrid,6,1,it,26.440,26.580,6.95,2,PRP,0,3.8912,3.4410,1
audio04.TextGrid,6,2,could,26.580,26.830,6.06,3,MD,0,5.0571,5.0369,1
audio04.TextGrid,6,3,not,26.830,27.020,6.69,3,RB,0,6.1838,2.2049,1
audio04.TextGrid,6,4,happen,27.020,27.320,5.19,5,VB,0,8.7140,4.2854,1
audio04.TextGrid,6,5,twice,27.320,27.810,4.84,4,RB,0,10.4435,8.5194,1
audio04.TextGrid,6,6,do,28.150,28.260,6.35,2,VBP,0,6.0088,4.7529,1
audio04.TextGrid,6,7,you,28.260,28.390,6.98,2,PRP,0,6.4541,0.1700,1
audio04.TextGrid,6,8,think,28.390,28.620,6.08,4,VB,0,8.2773,0.8404,1
audio04.TextGrid,6,9,you,28.620,28.710,6.98,2,PRP,0,6.4154,2.0759,1
audio04.TextGrid,6,10,can,28.710,28.880,6.46,3,MD,0,6.9480,1.1704,1
audio04.TextGrid,6,11,find,28.880,29.170,5.76,4,VB,0,6.8563,4.3724,1
audio04.TextGrid,6,12,an,29.170,29.270,6.53,2,DT,0,5.0568,3.7426,1
audio04.TextGrid,6,13,eighty,29.270,29.490,3.75,3,NN,1,4.1385,1.8022,1
audio04.TextGrid,6,14,five,29.490,29.880,5.45,3,CD,0,9.0834,2.1624,1
audio04.TextGrid,7,1,i,30.900,31.020,7.09,1,NN,0,5.5144,1.3965,1
audio04.TextGrid,7,2,can,31.020,31.180,6.46,3,MD,0,5.3141,2.5121,1
audio04.TextGrid,7,3,order,31.180,31.410,5.49,4,NN,0,11.3338,8.0719,1
audio04.TextGrid,7,4,one,31.410,31.710,6.47,3,CD,0,7.0424,2.8123,1
audio04.TextGrid,8,1,one,32.340,32.600,6.47,3,CD,0,6.0137,6.0258,1
audio04.TextGrid,8,2,sheet,32.600,33.020,4.4,3,NN,0,9.8609,9.4981,1
audio04.TextGrid,8,3,that,33.230,33.440,7.01,3,WDT,0,4.8405,4.6136,1
audio04.TextGrid,8,4,s,33.440,33.510,5.86,1,VBD,1,5.6599,1.2473,1
audio04.TextGrid,8,5,two,33.510,33.640,6.1,2,CD,0,6.8097,5.0900,1
audio04.TextGrid,8,6,dollars,33.640,34.030,4.78,5,NNS,0,7.6920,4.8532,1
audio04.TextGrid,8,7,and,34.030,34.150,7.41,2,CC,0,4.2243,2.4121,1
audio04.TextGrid,8,8,a,34.150,34.190,7.36,1,DT,0,3.2801,1.8345,1
audio04.TextGrid,8,9,half,34.190,34.510,5.41,3,NN,0,7.9711,0.8075,1
audio04.TextGrid,9,1,who,35.100,35.210,6.34,2,WP,0,6.0467,6.4684,1
audio04.TextGrid,9,2,can,35.210,35.410,6.46,3,MD,0,5.8562,2.2365,1
audio04.TextGrid,9,3,we,35.410,35.520,6.54,2,PRP,0,8.0828,5.1092,1
audio04.TextGrid,9,4,borrow,35.520,35.850,4.0,4,VB,1,5.6973,4.3738,1
audio04.TextGrid,9,5,that,35.850,36.050,7.01,3,IN,0,4.3483,3.0482,1
audio04.TextGrid,10,1,from,36.050,36.410,6.63,4,IN,0,5.6069,3.0292,1
audio04.TextGrid,10,2,that,37.320,37.550,7.01,3,DT,0,4.7675,4.5593,1
audio04.TextGrid,10,3,s,37.550,37.630,5.86,1,JJ,1,5.3323,0.7518,1
audio04.TextGrid,10,4,easy,37.630,38.010,5.29,3,JJ,0,8.9299,5.8229,1
audio04.TextGrid,10,5,i,38.010,38.110,7.09,1,NN,0,9.2523,1.7578,1
audio04.TextGrid,10,6,can,38.110,38.250,6.46,3,MD,0,6.3725,1.8782,1
audio04.TextGrid,10,7,always,38.250,38.560,5.76,5,RB,0,8.3566,5.6632,1
audio04.TextGrid,10,8,borrow,38.560,38.860,4.0,4,VB,1,4.4464,1.2074,1
audio04.TextGrid,10,9,two,38.860,39.000,6.1,2,CD,0,6.6476,4.8017,1
audio04.TextGrid,10,10,dollars,39.000,39.350,4.78,5,NNS,0,7.7352,1.7765,1
audio04.TextGrid,10,11,and,39.350,39.450,7.41,2,CC,0,3.9127,1.2043,1
audio04.TextGrid,10,12,a,39.450,39.510,7.36,1,DT,0,3.0920,1.0116,1
audio04.TextGrid,10,13,half,39.510,39.840,5.41,3,NN,0,7.9704,0.0943,1
audio04.TextGrid,11,1,i,41.040,41.150,7.09,1,NN,0,5.5144,2.2012,1
audio04.TextGrid,11,2,think,41.150,41.340,6.08,4,VBP,0,6.6270,3.2815,1
audio04.TextGrid,11,3,perhaps,41.340,41.730,5.09,6,RB,0,7.9912,7.2530,1
audio04.TextGrid,11,4,i,41.730,41.860,7.09,1,NNS,0,7.5430,2.7083,1
audio04.TextGrid,11,5,can,41.860,42.150,6.46,3,MD,0,6.8037,0.9776,1
audio04.TextGrid,11,6,too,42.150,42.550,5.95,2,RB,0,7.9848,7.9685,1
audio04.TextGrid,11,7,but,42.770,42.900,6.63,3,CC,0,5.5704,2.5867,1
audio04.TextGrid,11,8,i,42.900,43.000,7.09,1,JJ,0,7.8865,1.4276,1
audio04.TextGrid,11,9,try,43.000,43.250,5.5,3,NN,0,10.2844,7.5767,1
audio04.TextGrid,11,10,not,43.250,43.450,6.69,3,RB,0,5.5423,0.9946,1
audio04.TextGrid,11,11,to,43.450,43.550,7.43,2,TO,0,3.5621,0.0212,1
audio04.TextGrid,11,12,borrow,43.550,44.060,4.0,4,VB,1,4.1065,3.9219,1
audio04.TextGrid,12,1,first,44.690,45.010,6.11,4,RB,0,6.4720,7.7923,1
audio04.TextGrid,12,2,you,45.010,45.100,6.98,2,PRP,0,8.3364,2.6273,1
audio04.TextGrid,12,3,borrow,45.100,45.540,4.0,4,VBP,1,4.1816,5.5291,1
audio04.TextGrid,12,4,then,45.780,45.940,6.07,3,RB,0,6.9736,0.8094,1
audio04.TextGrid,12,5,you,45.940,46.100,6.98,2,PRP,0,7.7583,0.3514,1
audio04.TextGrid,12,6,beg,46.100,46.560,4.05,3,VBP,0,11.2238,7.8626,1
audio04.TextGrid,13,1,keep,47.970,48.230,5.66,3,VB,0,11.5718,7.4547,1
audio04.TextGrid,13,2,warm,48.230,48.530,4.71,4,JJ,1,5.7428,9.3518,1
audio04.TextGrid,13,3,old,48.530,48.730,5.75,3,JJ,0,7.6332,9.7721,1
audio04.TextGrid,13,4,man,48.730,49.060,5.82,3,NN,0,8.0502,1.8286,1
audio04.TextGrid,13,5,the,49.240,49.330,7.73,2,DT,0,3.4314,0.5568,1
audio04.TextGrid,13,6,boy,49.330,49.560,5.17,2,NN,0,10.2417,1.4666,1
audio04.TextGrid,13,7,said,49.560,49.890,6.01,3,VBD,0,3.9699,0.2076,1
audio04.TextGrid,14,1,remember,50.430,50.810,5.38,7,NN,0,14.3897,5.3941,1
audio04.TextGrid,14,2,we,50.810,50.980,6.54,2,PRP,0,6.2919,4.6411,1
audio04.TextGrid,14,3,are,50.980,51.110,6.74,2,VBP,0,5.2978,1.7886,1
audio04.TextGrid,14,4,in,51.110,51.230,7.27,2,IN,0,3.7784,2.6642,1
audio04.TextGrid,14,5,september,51.230,51.810,5.15,8,NN,0,7.3076,8.2291,1
audio04.TextGrid,15,1,the,53.150,53.240,7.73,2,DT,0,1.8241,3.6638,1
audio04.TextGrid,15,2,month,53.240,53.590,5.25,4,NN,0,6.4511,5.2919,1
audio04.TextGrid,15,3,when,53.590,53.780,6.37,4,WRB,0,7.0444,5.5568,1
audio04.TextGrid,15,4,the,53.780,53.870,7.73,2,DT,0,1.9759,1.6252,1
audio04.TextGrid,15,5,great,53.870,54.220,5.88,4,JJ,0,7.7247,4.8650,1
audio04.TextGrid,15,6,fish,54.220,54.520,4.9,3,JJ,1,5.4002,6.7717,1
audio04.TextGrid,15,7,come,54.520,54.960,5.78,3,VBP,0,7.9324,4.9115,1
audio04.TextGrid,15,8,the,55.280,55.400,7.73,2,DT,0,2.5349,0.4453,1
audio04.TextGrid,15,9,old,55.400,55.600,5.75,3,JJ,0,7.3306,0.2648,1
audio04.TextGrid,15,10,man,55.600,55.850,5.82,3,NN,0,7.6905,0.0066,1
audio04.TextGrid,15,11,said,55.850,56.230,6.01,3,VBD,0,4.1588,0.2090,1
audio04.TextGrid,16,1,anyone,56.930,57.320,5.38,6,NN,0,10.2357,8.6840,1
audio04.TextGrid,16,2,can,57.320,57.510,6.46,3,MD,0,5.8457,1.5562,1
audio04.TextGrid,16,3,be,57.510,57.660,6.79,2,VB,0,3.7181,3.6607,1
audio04.TextGrid,16,4,a,57.660,57.720,7.36,1,DT,0,3.1672,1.5783,1
audio04.TextGrid,16,5,fisherman,57.720,58.190,3.49,7,NN,1,4.1395,2.3147,1
audio04.TextGrid,16,6,in,58.190,58.310,7.27,2,IN,0,3.5381,2.7291,1
audio04.TextGrid,17,1,may,58.310,58.690,5.98,2,MD,0,8.3649,5.8207,1
audio04.TextGrid,17,2,i,60.450,60.590,7.09,1,VB,0,8.1452,2.1705,1
audio04.TextGrid,17,3,go,60.590,60.790,6.03,2,VB,0,7.3058,6.1774,1
audio04.TextGrid,17,4,now,60.790,61.000,6.18,2,RB,0,6.1919,5.4200,1
audio04.TextGrid,17,5,for,61.000,61.130,7.01,2,IN,0,4.5148,4.1313,1
audio04.TextGrid,17,6,the,61.130,61.240,7.73,2,DT,0,1.7407,1.5909,1
audio04.TextGrid,17,7,sardines,61.240,61.800,2.93,7,NNS,1,6.4373,4.3350,1
audio04.TextGrid,17,8,the,62.160,62.230,7.73,2,DT,0,3.6781,0.2570,1
audio04.TextGrid,17,9,boy,62.230,62.440,5.17,2,NN,0,10.2429,0.3048,1
audio04.TextGrid,17,10,said,62.440,62.920,6.01,3,VBD,0,4.1975,0.1101,1
audio04.TextGrid,18,1,when,65.380,65.500,6.37,3,WRB,0,6.5749,6.1810,1
audio04.TextGrid,18,2,the,65.500,65.560,7.73,2,DT,0,1.9802,1.2880,1
audio04.TextGrid,18,3,boy,65.560,65.770,5.17,2,NN,0,10.2357,1.8216,1
audio04.TextGrid,18,4,came,65.770,66.060,5.5,3,VBD,0,7.0455,2.1369,1
audio04.TextGrid,18,5,back,66.060,66.370,6.04,3,RB,0,6.9835,0.7878,1
audio04.TextGrid,18,6,the,66.370,66.490,7.73,2,DT,0,2.8375,2.3919,1
audio04.TextGrid,18,7,old,66.490,66.700,5.75,3,JJ,0,7.3268,0.2443,1
audio04.TextGrid,18,8,man,66.700,66.980,5.82,3,NN,0,7.7118,0.0067,1
audio04.TextGrid,18,9,was,66.980,67.130,6.82,3,VBD,0,5.2741,2.7518,1
audio04.TextGrid,18,10,asleep,67.130,67.500,4.36,5,RB,1,4.5990,5.5551,1
audio04.TextGrid,18,11,in,67.500,67.580,7.27,2,IN,0,3.7304,2.4747,1
audio04.TextGrid,18,12,the,67.580,67.670,7.73,2,DT,0,1.7446,0.6946,1
audio04.TextGrid,18,13,chair,67.670,68.090,4.69,3,NN,1,4.1385,2.8171,1
audio04.TextGrid,18,14,and,68.090,68.170,7.41,2,CC,0,4.0070,1.8875,1
audio04.TextGrid,18,15,the,68.170,68.250,7.73,2,DT,0,2.1655,1.0120,1
audio04.TextGrid,18,16,sun,68.250,68.500,4.97,3,NN,0,10.3557,6.1980,1
audio04.TextGrid,18,17,was,68.500,68.720,6.82,3,VBD,0,5.8241,0.6653,1
audio04.TextGrid,18,18,down,68.720,69.120,5.88,3,IN,0,6.3332,4.1831,1
audio04.TextGrid,18,19,the,69.680,69.770,7.73,2,DT,0,2.5406,1.1670,1
audio04.TextGrid,18,20,boy,69.770,70.010,5.17,2,NN,0,10.2474,1.4641,1
audio04.TextGrid,18,21,took,70.010,70.230,5.51,3,VBD,0,8.4382,3.5692,1
audio04.TextGrid,18,22,the,70.230,70.380,7.73,2,DT,0,2.4183,1.1974,1
audio04.TextGrid,18,23,old,70.380,70.610,5.75,3,JJ,0,7.3319,3.1316,1
audio04.TextGrid,18,24,army,70.610,70.910,5.06,4,NN,0,9.6300,14.3675,1
audio04.TextGrid,18,25,blanket,70.910,71.300,4.07,7,NN,1,5.4563,5.6491,1
audio04.TextGrid,18,26,off,71.300,71.460,5.93,2,IN,0,7.7422,3.3953,1
audio04.TextGrid,18,27,the,71.460,71.550,7.73,2,DT,0,2.1638,1.0138,1
audio04.TextGrid,18,28,bed,71.550,71.900,5.07,3,NN,1,4.1393,2.3420,1
audio04.TextGrid,18,29,and,71.900,72.070,7.41,2,CC,0,4.0701,0.3297,1
audio04.TextGrid,18,30,spread,72.070,72.400,4.81,5,NN,0,10.1043,5.8077,1
audio04.TextGrid,18,31,it,72.400,72.500,6.95,2,PRP,0,4.8683,0.1721,1
audio04.TextGrid,18,32,over,72.500,72.680,6.08,3,IN,0,6.1825,1.4647,1
audio04.TextGrid,18,33,the,72.680,72.770,7.73,2,DT,0,1.7436,0.7612,1
audio04.TextGrid,18,34,back,72.770,73.020,6.04,3,NN,0,8.8588,4.3520,1
audio04.TextGrid,18,35,of,73.020,73.100,7.4,2,IN,0,3.3504,0.2789,1
audio04.TextGrid,18,36,the,73.100,73.200,7.73,2,DT,0,1.7152,0.4156,1
audio04.TextGrid,18,37,chair,73.200,73.650,4.69,3,NN,1,4.1386,2.3909,1
audio04.TextGrid,18,38,and,73.650,73.800,7.41,3,CC,0,4.0908,1.4769,1
audio04.TextGrid,18,39,over,73.800,73.980,6.08,3,IN,0,7.3099,5.2624,1
audio04.TextGrid,18,40,the,73.980,74.120,7.73,2,DT,0,1.8192,0.2988,1
audio04.TextGrid,18,41,old,74.120,74.330,5.75,3,JJ,0,7.3279,3.8347,1
audio04.TextGrid,18,42,man,74.330,74.570,5.82,3,NN,0,7.6938,0.4782,1
audio04.TextGrid,18,43,s,74.570,74.610,5.86,1,VBZ,1,4.7240,0.1814,1
audio04.TextGrid,18,44,shoulders,74.610,75.210,4.18,6,NNS,1,7.5997,2.8870,1
audio04.TextGrid,19,1,they,76.070,76.170,6.5,2,PRP,0,4.6769,3.4686,1
audio04.TextGrid,19,2,were,76.170,76.300,6.34,2,VBD,0,4.5379,2.6338,1
audio04.TextGrid,19,3,strange,76.300,76.850,4.64,6,JJ,1,5.8405,9.9113,1
audio04.TextGrid,19,4,shoulders,76.850,77.380,4.18,6,NNS,1,5.7828,11.3383,1
audio04.TextGrid,20,1,still,77.920,78.150,5.92,4,RB,0,7.2277,6.3045,1
audio04.TextGrid,20,2,powerful,78.150,78.790,4.85,6,JJ,0,10.5758,9.2796,1
audio04.TextGrid,20,3,although,78.790,79.090,5.3,4,IN,0,8.4678,8.9799,1
audio04.TextGrid,20,4,very,79.090,79.400,6.0,4,RB,0,8.4899,4.3236,1
audio04.TextGrid,20,5,old,79.400,79.860,5.75,3,JJ,0,7.4685,3.4111,1
audio04.TextGrid,20,6,and,80.100,80.200,7.41,2,CC,0,3.6252,1.8182,1
audio04.TextGrid,20,7,the,80.200,80.290,7.73,2,DT,0,2.4292,1.5505,1
audio04.TextGrid,20,8,neck,80.290,80.580,4.63,3,NN,1,4.1362,7.0020,1
audio04.TextGrid,20,9,was,80.580,80.720,6.82,3,VBD,0,4.8766,1.1583,1
audio04.TextGrid,20,10,still,80.720,80.980,5.92,4,RB,0,6.6214,2.7053,1
audio04.TextGrid,20,11,strong,80.980,81.400,5.22,5,JJ,0,7.8074,2.5489,1
audio04.TextGrid,20,12,too,81.400,81.760,5.95,2,RB,0,7.9844,6.5294,1
audio04.TextGrid,20,13,and,81.760,81.870,7.41,2,CC,0,3.4938,3.5617,1
audio04.TextGrid,20,14,the,81.870,81.960,7.73,2,DT,0,3.4182,0.9044,1
audio04.TextGrid,20,15,creases,81.960,82.420,2.71,6,NNS,1,6.4698,9.6846,1
audio04.TextGrid,20,16,did,82.420,82.600,5.96,3,VBD,0,6.0502,5.0628,1
audio04.TextGrid,20,17,not,82.600,82.830,6.69,3,RB,0,5.4534,0.0474,1
audio04.TextGrid,20,18,show,82.830,83.090,5.68,2,VB,0,8.5348,2.6086,1
audio04.TextGrid,20,19,so,83.090,83.270,6.52,2,RB,0,6.1354,5.5228,1
audio04.TextGrid,20,20,much,83.270,83.550,6.0,3,JJ,0,6.5970,0.9256,1
audio04.TextGrid,20,21,when,83.550,83.670,6.37,3,WRB,0,6.3101,5.8685,1
audio04.TextGrid,20,22,the,83.670,83.760,7.73,2,DT,0,1.9579,1.4690,1
audio04.TextGrid,20,23,old,83.760,83.960,5.75,3,JJ,0,7.3293,0.8160,1
audio04.TextGrid,20,24,man,83.960,84.190,5.82,3,NN,0,7.6922,0.1049,1
audio04.TextGrid,20,25,was,84.190,84.330,6.82,3,VBD,0,4.0960,1.5965,1
audio04.TextGrid,20,26,asleep,84.330,84.770,4.36,5,JJ,1,5.8014,1.6236,1
audio04.TextGrid,20,27,and,85.090,85.180,7.41,2,CC,0,3.7373,3.4867,1
audio04.TextGrid,20,28,his,85.180,85.330,6.51,3,PRP$,0,6.1293,3.5480,1
audio04.TextGrid,20,29,head,85.330,85.590,5.51,3,NN,0,7.9905,2.5327,1
audio04.TextGrid,20,30,fallen,85.590,85.930,4.39,5,VBN,0,9.2689,10.2438,1
audio04.TextGrid,20,31,forward,85.930,86.490,5.12,6,RB,0,9.1558,3.2696,1
audio04.TextGrid,21,1,his,87.510,87.650,6.51,3,PRP$,0,5.4396,5.1460,1
audio04.TextGrid,21,2,shirt,87.650,87.970,4.63,3,NN,1,4.2543,5.5255,1
audio04.TextGrid,21,3,had,87.970,88.090,6.33,3,VBD,0,5.0166,2.4434,1
audio04.TextGrid,21,4,been,88.090,88.270,6.27,3,VBN,0,6.3880,1.3178,1
audio04.TextGrid,21,5,patched,88.270,88.790,3.19,4,VBN,1,7.0021,6.1355,1
audio04.TextGrid,21,6,so,88.790,88.960,6.52,2,RB,0,5.9793,4.1473,1
audio04.TextGrid,21,7,many,88.960,89.190,5.91,4,JJ,0,6.6223,6.8874,1
audio04.TextGrid,21,8,times,89.190,89.750,5.56,4,NNS,0,7.3011,0.2014,1
audio04.TextGrid,21,9,that,89.750,89.860,7.01,3,IN,0,4.1667,0.6199,1
audio04.TextGrid,21,10,it,89.860,89.920,6.95,2,PRP,0,4.1063,1.3105,1
audio04.TextGrid,21,11,was,89.920,90.090,6.82,3,VBD,0,5.3555,1.1295,1
audio04.TextGrid,21,12,like,90.090,90.310,6.41,3,IN,0,7.0603,3.8665,1
audio04.TextGrid,21,13,the,90.310,90.380,7.73,2,DT,0,1.8334,2.3663,1
audio04.TextGrid,21,14,sail,90.380,90.840,4.01,3,NN,1,4.1396,9.5922,1
audio04.TextGrid,22,1,and,91.300,91.390,7.41,2,CC,0,3.7036,3.9319,1
audio04.TextGrid,22,2,the,91.390,91.480,7.73,2,DT,0,2.0380,1.2809,1
audio04.TextGrid,22,3,patches,91.480,91.930,3.86,5,NNS,1,6.4618,8.3765,1
audio04.TextGrid,22,4,were,91.930,92.070,6.34,2,VBD,0,4.7012,1.0226,1
audio04.TextGrid,22,5,faded,92.070,92.470,3.73,5,VBN,0,11.3828,6.9212,1
audio04.TextGrid,22,6,to,92.470,92.540,7.43,2,TO,0,2.6922,4.2567,1
audio04.TextGrid,22,7,many,92.540,92.780,5.91,4,JJ,0,7.1484,7.9420,1
audio04.TextGrid,22,8,different,92.780,93.110,5.59,7,JJ,0,8.1960,2.5533,1
audio04.TextGrid,22,9,shades,93.110,93.540,4.0,4,NNS,1,5.6300,1.7711,1
audio04.TextGrid,22,10,by,93.540,93.730,6.66,2,IN,0,4.7650,5.5030,1
audio04.TextGrid,22,11,the,93.730,93.830,7.73,2,DT,0,1.6987,0.5429,1
audio04.TextGrid,22,12,sun,93.830,94.260,4.97,3,NN,0,10.3515,2.4703,1
audio04.TextGrid,23,1,the,95.130,95.230,7.73,2,DT,0,1.8241,1.1532,1
audio04.TextGrid,23,2,old,95.230,95.480,5.75,3,JJ,0,7.3292,0.4880,1
audio04.TextGrid,23,3,man,95.480,95.720,5.82,3,NN,0,7.6921,0.0880,1
audio04.TextGrid,23,4,s,95.720,95.810,5.86,1,VBZ,1,3.5309,2.8738,1
audio04.TextGrid,23,5,head,95.810,96.070,5.51,3,NN,0,9.7751,2.3655,1
audio04.TextGrid,23,6,was,96.070,96.230,6.82,3,VBD,0,5.9522,1.1807,1
audio04.TextGrid,23,7,very,96.230,96.560,6.0,4,RB,0,7.0299,4.0714,1
audio04.TextGrid,23,8,old,96.560,96.800,5.75,3,JJ,0,7.8457,3.3238,1
audio04.TextGrid,23,9,though,96.800,97.140,5.5,2,IN,0,7.4939,5.2507,1
audio04.TextGrid,23,10,and,97.320,97.450,7.41,3,CC,0,4.7490,2.6251,1
audio04.TextGrid,23,11,with,97.450,97.610,6.85,3,IN,0,4.8556,6.3098,1
audio04.TextGrid,23,12,his,97.610,97.740,6.51,3,PRP$,0,5.4020,2.3621,1
audio04.TextGrid,23,13,eyes,97.740,98.050,5.21,2,NNS,0,9.6199,2.5579,1
audio04.TextGrid,23,14,closed,98.050,98.550,4.9,5,VBD,0,7.3333,2.2931,1
audio04.TextGrid,23,15,there,98.550,98.660,6.31,3,EX,0,6.2684,3.2760,1
audio04.TextGrid,23,16,was,98.660,98.830,6.82,3,VBD,0,4.7734,0.3308,1
audio04.TextGrid,23,17,no,98.830,99.000,6.35,2,DT,0,6.2410,1.3636,1
audio04.TextGrid,23,18,life,99.000,99.350,5.89,3,NN,0,7.6404,7.6799,1
audio04.TextGrid,23,19,in,99.350,99.450,7.27,2,IN,0,3.4446,1.5828,1
audio04.TextGrid,23,20,his,99.450,99.670,6.51,3,PRP$,0,5.3162,1.9069,1
audio04.TextGrid,23,21,face,99.670,100.160,5.45,3,NN,0,8.0490,2.2288,1
audio04.TextGrid,24,1,the,100.870,100.960,7.73,2,DT,0,1.8241,1.3552,1
audio04.TextGrid,24,2,newspaper,100.960,101.540,4.6,7,NN,0,7.6703,9.4504,1
audio04.TextGrid,24,3,lay,101.540,101.710,4.64,2,VBD,0,10.0845,5.9418,1
audio04.TextGrid,24,4,across,101.710,102.050,5.25,5,IN,0,8.3005,5.0147,1
audio04.TextGrid,24,5,his,102.050,102.230,6.51,3,PRP$,0,5.4833,1.5455,1
audio04.TextGrid,24,6,knees,102.230,102.640,4.18,3,NNS,1,5.5676,4.3346,1
audio04.TextGrid,24,7,and,103.030,103.120,7.41,2,CC,0,4.4610,0.9754,1
audio04.TextGrid,24,8,the,103.120,103.190,7.73,2,DT,0,2.3419,1.1350,1
audio04.TextGrid,24,9,weight,103.190,103.400,5.02,3,NN,0,10.2358,8.7767,1
audio04.TextGrid,24,10,of,103.400,103.470,7.4,2,IN,0,3.1558,0.3340,1
audio04.TextGrid,24,11,his,103.470,103.630,6.51,3,PRP$,0,5.3058,1.6960,1
audio04.TextGrid,24,12,arm,103.630,103.940,4.73,3,NN,0,9.2584,3.4812,1
audio04.TextGrid,24,13,held,103.940,104.160,5.24,4,VBD,0,8.2624,4.6274,1
audio04.TextGrid,24,14,it,104.160,104.220,6.95,2,PRP,0,5.0754,2.1551,1
audio04.TextGrid,24,15,there,104.220,104.500,6.31,3,RB,0,7.2603,2.9927,1
audio04.TextGrid,24,16,in,104.500,104.580,7.27,2,IN,0,3.1266,2.8253,1
audio04.TextGrid,24,17,the,104.580,104.690,7.73,2,DT,0,1.7080,1.6257,1
audio04.TextGrid,24,18,evening,104.690,104.990,4.86,5,NN,0,8.8499,7.3197,1
audio04.TextGrid,24,19,breeze,104.990,105.580,3.86,4,NN,1,5.3710,3.3151,1
audio04.TextGrid,25,1,he,106.220,106.300,6.69,2,PRP,0,4.5353,2.0732,1
audio04.TextGrid,25,2,was,106.300,106.820,6.82,3,VBD,0,3.9158,2.1183,1
audio04.TextGrid,25,3,barefooted,106.820,107.370,2.11,8,VBN,1,6.3816,8.8351,1
audio04.TextGrid,25,4,the,108.690,108.760,7.73,2,DT,0,3.1374,1.3151,1
audio04.TextGrid,25,5,boy,108.760,108.990,5.17,2,NN,0,10.2501,2.5237,1
audio04.TextGrid,25,6,left,108.990,109.250,5.62,4,VBD,0,9.7668,6.0627,1
audio04.TextGrid,25,7,him,109.250,109.360,6.11,2,PRP,0,8.6141,3.6296,1
audio04.TextGrid,25,8,there,109.360,109.650,6.31,3,RB,0,7.3367,2.5029,1
audio04.TextGrid,25,9,and,109.650,109.780,7.41,3,CC,0,4.0934,1.3253,1
audio04.TextGrid,25,10,when,109.780,109.890,6.37,3,WRB,0,5.4089,4.5825,1
audio04.TextGrid,25,11,he,109.890,110.010,6.69,2,PRP,0,4.6953,0.4935,1
audio04.TextGrid,25,12,came,110.010,110.230,5.5,3,VBD,0,6.7819,1.5585,1
audio04.TextGrid,25,13,back,110.230,110.470,6.04,3,RP,0,7.0253,0.3648,1
audio04.TextGrid,25,14,the,110.470,110.600,7.73,2,DT,0,2.9198,1.5612,1
audio04.TextGrid,25,15,old,110.600,110.790,5.75,3,JJ,0,7.3324,0.1342,1
audio04.TextGrid,25,16,man,110.790,111.000,5.82,3,NN,0,7.7121,0.0607,1
audio04.TextGrid,25,17,was,111.000,111.130,6.82,3,VBD,0,5.8436,1.3855,1
audio04.TextGrid,25,18,still,111.130,111.360,5.92,4,RB,0,6.5981,2.5205,1
audio04.TextGrid,25,19,asleep,111.360,111.800,4.36,5,JJ,1,5.7827,1.0362,1
audio04.TextGrid,26,1,wake,113.380,113.580,4.76,3,VB,0,10.4180,7.6145,1
audio04.TextGrid,26,2,up,113.580,113.760,6.39,2,RP,0,7.6012,0.2008,1
audio04.TextGrid,26,3,old,113.760,113.950,5.75,3,JJ,0,7.7225,3.9175,1
audio04.TextGrid,26,4,man,113.950,114.260,5.82,3,NN,0,8.4298,0.2291,1
audio04.TextGrid,26,5,the,114.500,114.600,7.73,2,DT,0,4.0766,0.3677,1
audio04.TextGrid,26,6,boy,114.600,114.820,5.17,2,NN,0,10.2413,1.2761,1
audio04.TextGrid,26,7,said,114.820,115.180,6.01,3,VBD,0,3.9584,0.1288,1
audio04.TextGrid,26,8,and,115.180,115.300,7.41,2,CC,0,3.9814,2.9973,1
audio04.TextGrid,26,9,put,115.300,115.490,5.66,3,VBD,0,6.5426,4.2482,1
audio04.TextGrid,26,10,his,115.490,115.610,6.51,3,PRP$,0,6.1453,1.2382,1
audio04.TextGrid,26,11,hand,115.610,115.880,5.41,4,NN,0,8.2654,1.9819,1
audio04.TextGrid,26,12,on,115.880,116.020,6.91,2,IN,0,4.6900,0.8047,1
audio04.TextGrid,26,13,one,116.020,116.160,6.47,3,CD,0,5.7526,5.5871,1
audio04.TextGrid,26,14,of,116.160,116.250,7.4,2,IN,0,3.8574,0.2510,1
audio04.TextGrid,26,15,the,116.250,116.350,7.73,2,DT,0,1.7420,0.3197,1
audio04.TextGrid,26,16,old,116.350,116.550,5.75,3,JJ,0,7.3317,1.4027,1
audio04.TextGrid,26,17,man,116.550,116.790,5.82,3,NN,0,7.6954,1.0134,1
audio04.TextGrid,26,18,s,116.790,116.880,5.86,1,NN,1,5.6831,0.0019,1
audio04.TextGrid,26,19,knees,116.880,117.390,4.18,3,NNS,1,6.3994,3.0401,1
audio04.TextGrid,27,1,the,118.440,118.540,7.73,2,DT,0,1.8241,1.8551,1
audio04.TextGrid,27,2,old,118.540,118.720,5.75,3,JJ,0,7.3292,0.2201,1
audio04.TextGrid,27,3,man,118.720,118.940,5.82,3,NN,0,7.6921,0.0173,1
audio04.TextGrid,27,4,opened,118.940,119.260,4.85,5,VBD,0,7.8647,4.6207,1
audio04.TextGrid,27,5,his,119.260,119.420,6.51,3,PRP$,0,6.2713,0.2590,1
audio04.TextGrid,27,6,eyes,119.420,119.970,5.21,2,NNS,0,9.6328,0.5492,1
audio04.TextGrid,27,7,and,120.050,120.180,7.41,2,CC,0,4.4953,0.4261,1
audio04.TextGrid,27,8,for,120.180,120.320,7.01,2,IN,0,5.5922,7.1657,1
audio04.TextGrid,27,9,a,120.320,120.370,7.36,1,DT,0,2.6377,0.3067,1
audio04.TextGrid,27,10,moment,120.370,120.740,5.24,6,NN,0,9.1426,0.3406,1
audio04.TextGrid,27,11,he,120.740,120.820,6.69,2,PRP,0,5.8648,1.5462,1
audio04.TextGrid,27,12,was,120.820,120.970,6.82,3,VBD,0,4.1078,1.8178,1
audio04.TextGrid,27,13,coming,120.970,121.310,5.4,5,VBG,0,8.4170,8.8514,1
audio04.TextGrid,27,14,back,121.310,121.560,6.04,3,RB,0,7.0931,2.1041,1
audio04.TextGrid,27,15,from,121.560,121.740,6.63,4,IN,0,5.0612,2.6644,1
audio04.TextGrid,27,16,a,121.740,121.770,7.36,1,DT,0,2.5831,2.6594,1
audio04.TextGrid,27,17,long,121.770,122.170,5.81,3,JJ,0,7.8262,1.7227,1
audio04.TextGrid,27,18,way,122.170,122.360,6.01,2,NN,0,6.7978,4.9180,1
audio04.TextGrid,27,19,away,122.360,122.840,5.62,3,RB,0,8.5081,1.8502,1
audio04.TextGrid,28,1,then,123.770,123.950,6.07,3,RB,0,7.4856,2.5727,1
audio04.TextGrid,28,2,he,123.950,124.080,6.69,2,PRP,0,5.3385,0.7034,1
audio04.TextGrid,28,3,smiled,124.080,124.670,3.86,5,VBD,1,3.4135,4.4930,1
audio04.TextGrid,28,4,what,126.040,126.170,6.38,3,WP,0,6.3266,3.8149,1
audio04.TextGrid,28,5,have,126.170,126.270,6.71,3,VBP,0,4.7404,3.6263,1
audio04.TextGrid,28,6,you,126.270,126.390,6.98,2,PRP,0,6.3105,0.3930,1
audio04.TextGrid,28,7,got,126.390,126.910,5.91,3,VBD,0,8.9692,2.2878,1
audio04.TextGrid,28,8,he,126.970,127.140,6.69,2,PRP,0,5.4017,0.9845,1
audio04.TextGrid,28,9,asked,127.140,127.590,5.3,3,VBD,0,8.4372,0.6654,1
audio04.TextGrid,29,1,supper,128.350,128.750,3.74,4,NN,1,5.9246,12.4290,1
audio04.TextGrid,29,2,said,128.940,129.130,6.01,3,VBD,0,3.9267,3.1356,1
audio04.TextGrid,29,3,the,129.130,129.200,7.73,2,DT,0,2.4675,0.0339,1
audio04.TextGrid,29,4,boy,129.200,129.480,5.17,2,NN,0,10.2397,1.9154,1
audio04.TextGrid,29,5,we,129.480,129.540,6.54,2,PRP,0,8.1374,4.0835,1
audio04.TextGrid,29,6,re,129.860,129.940,5.23,2,VBP,1,4.8397,3.2755,1
audio04.TextGrid,29,7,going,129.940,130.170,5.94,4,VBG,0,7.7912,1.4229,1
audio04.TextGrid,29,8,to,130.170,130.310,7.43,2,TO,0,3.1641,0.2991,1
audio04.TextGrid,29,9,have,130.310,130.450,6.71,3,VB,0,4.1513,2.4680,1
audio04.TextGrid,29,10,supper,130.450,130.840,3.74,4,NN,1,6.6447,2.2719,1
audio04.TextGrid,30,1,i,132.000,132.070,7.09,1,NNS,0,5.5144,2.4239,1
audio04.TextGrid,30,2,m,132.070,132.140,5.39,2,VBP,1,3.9811,2.4064,1
audio04.TextGrid,30,3,not,132.140,132.370,6.69,3,RB,0,5.5623,2.0699,1
audio04.TextGrid,30,4,very,132.370,132.590,6.0,4,RB,0,7.1505,5.1267,1
audio04.TextGrid,30,5,hungry,132.590,133.060,4.45,6,JJ,1,5.7134,0.9999,1
audio04.TextGrid,31,1,come,133.830,133.990,5.78,3,VBN,0,10.6226,4.2669,1
audio04.TextGrid,31,2,on,133.990,134.180,6.91,2,IN,0,4.6963,1.0375,1
audio04.TextGrid,31,3,and,134.180,134.330,7.41,3,CC,0,5.7436,5.3205,1
audio04.TextGrid,31,4,eat,134.330,134.610,5.13,2,VB,0,11.7397,2.3452,1
audio04.TextGrid,31,5,you,134.610,134.670,6.98,2,PRP,0,6.5927,2.5758,1
audio04.TextGrid,31,6,can,134.670,134.910,6.46,3,MD,0,6.3070,2.1082,1
audio04.TextGrid,31,7,t,134.910,134.940,5.43,1,VB,1,3.7237,1.8451,1
audio04.TextGrid,31,8,fish,134.940,135.230,4.9,3,JJ,1,5.6885,8.9733,1
audio04.TextGrid,31,9,and,135.230,135.440,7.41,3,CC,0,3.6625,4.2921,1
audio04.TextGrid,31,10,not,135.440,135.680,6.69,3,RB,0,6.3385,4.0057,1
audio04.TextGrid,31,11,eat,135.680,135.980,5.13,2,VB,0,11.7277,1.6767,1
audio04.TextGrid,32,1,i,136.980,137.160,7.09,1,NNS,0,5.5144,1.7796,1
audio04.TextGrid,32,2,have,137.160,137.540,6.71,3,VBP,0,4.0795,3.1110,1
audio04.TextGrid,32,3,the,137.940,138.050,7.73,2,DT,0,2.5947,1.1123,1
audio04.TextGrid,32,4,old,138.050,138.240,5.75,3,JJ,0,7.3335,0.4613,1
audio04.TextGrid,32,5,man,138.240,138.470,5.82,3,NN,0,7.6943,0.0118,1
audio04.TextGrid,32,6,said,138.470,138.840,6.01,3,VBD,0,5.1292,0.0696,1
audio04.TextGrid,32,7,getting,138.840,139.120,5.57,5,VBG,0,8.8507,10.7288,1
audio04.TextGrid,32,8,up,139.120,139.290,6.39,2,RB,0,4.9442,0.3886,1
audio04.TextGrid,32,9,and,139.370,139.560,7.41,3,CC,0,3.9597,1.2203,1
audio04.TextGrid,32,10,taking,139.560,139.870,5.39,5,VBG,0,8.0131,2.9126,1
audio04.TextGrid,32,11,the,139.870,139.940,7.73,2,DT,0,2.2272,1.0005,1
audio04.TextGrid,32,12,newspaper,139.940,140.490,4.6,7,NN,0,7.6724,5.0524,1
audio04.TextGrid,32,13,and,140.490,140.600,7.41,3,CC,0,4.3288,2.7454,1
audio04.TextGrid,32,14,folding,140.600,140.950,3.7,6,VBG,1,7.6916,4.3383,1
audio04.TextGrid,32,15,it,140.950,141.100,6.95,2,PRP,0,4.5058,0.2113,1
audio04.TextGrid,33,1,then,141.930,142.110,6.07,3,RB,0,7.4856,3.3983,1
audio04.TextGrid,33,2,he,142.110,142.240,6.69,2,PRP,0,5.3385,0.3421,1
audio04.TextGrid,33,3,started,142.240,142.600,5.39,7,VBD,0,8.1119,4.3311,1
audio04.TextGrid,33,4,to,142.600,142.670,7.43,2,TO,0,3.0757,1.0989,1
audio04.TextGrid,33,5,fold,142.670,142.910,4.08,4,VB,0,9.1875,5.8153,1
audio04.TextGrid,33,6,the,142.910,142.970,7.73,2,DT,0,2.2911,1.1962,1
audio04.TextGrid,33,7,blanket,142.970,143.470,4.07,7,NN,1,4.1389,3.5860,1
audio04.TextGrid,34,1,keep,144.910,145.110,5.66,3,VB,0,11.5718,6.2771,1
audio04.TextGrid,34,2,the,145.110,145.190,7.73,2,DT,0,2.4004,3.3346,1
audio04.TextGrid,34,3,blanket,145.190,145.540,4.07,7,NN,1,4.1376,1.6383,1
audio04.TextGrid,34,4,around,145.540,145.870,5.77,4,IN,0,7.5362,5.4694,1
audio04.TextGrid,34,5,you,145.870,146.050,6.98,2,PRP,0,5.7105,1.8989,1
audio04.TextGrid,34,6,the,146.220,146.300,7.73,2,DT,0,3.2521,1.3918,1
audio04.TextGrid,34,7,boy,146.300,146.540,5.17,2,NN,0,10.2411,0.7002,1
audio04.TextGrid,34,8,said,146.540,146.920,6.01,3,VBD,0,3.9914,0.0670,1
audio04.TextGrid,35,1,you,147.340,147.470,6.98,2,PRP,0,5.7058,2.2998,1
audio04.TextGrid,35,2,ll,147.470,147.500,4.66,1,VBP,1,3.9761,2.2893,1
audio04.TextGrid,35,3,not,147.500,147.700,6.69,3,RB,0,5.5623,4.5288,1
audio04.TextGrid,35,4,fish,147.700,147.930,4.9,3,VB,1,4.7686,7.3760,1
audio04.TextGrid,35,5,without,147.930,148.240,5.69,5,IN,0,7.6238,5.1454,1
audio04.TextGrid,35,6,eating,148.240,148.440,4.85,4,VBG,0,11.8113,5.0599,1
audio04.TextGrid,35,7,while,148.440,148.620,5.86,3,IN,0,6.9997,7.8292,1
audio04.TextGrid,35,8,i,148.620,148.700,7.09,1,JJ,0,5.4609,1.9601,1
audio04.TextGrid,35,9,m,148.700,148.800,5.39,2,VBP,1,5.6008,1.3552,1
audio04.TextGrid,35,10,alive,148.800,149.260,4.76,4,JJ,0,10.7226,4.8599,1
audio04.TextGrid,36,1,then,150.720,150.900,6.07,3,RB,0,7.4856,4.5126,1
audio04.TextGrid,36,2,live,150.900,151.080,5.54,3,VB,0,9.4689,7.2880,1
audio04.TextGrid,36,3,a,151.080,151.140,7.36,1,DT,0,3.5216,3.1388,1
audio04.TextGrid,36,4,long,151.140,151.430,5.81,3,JJ,0,7.8292,0.9873,1
audio04.TextGrid,36,5,time,151.430,151.800,6.29,3,NN,0,6.0414,0.4682,1
audio04.TextGrid,36,6,and,151.800,151.970,7.41,3,CC,0,4.4581,2.2213,1
audio04.TextGrid,36,7,take,151.970,152.180,5.92,3,VB,0,7.2584,4.3949,1
audio04.TextGrid,36,8,care,152.180,152.320,5.56,3,NN,0,9.1236,1.4493,1
audio04.TextGrid,36,9,of,152.320,152.420,7.4,2,IN,0,3.6817,0.2475,1
audio04.TextGrid,36,10,yourself,152.420,153.040,5.31,6,PRP,0,9.0629,1.1887,1
audio04.TextGrid,36,11,the,153.300,153.420,7.73,2,DT,0,3.6450,0.3222,1
audio04.TextGrid,36,12,old,153.420,153.610,5.75,3,JJ,0,7.3427,0.2089,1
audio04.TextGrid,36,13,man,153.610,153.870,5.82,3,NN,0,7.6966,0.0048,1
audio04.TextGrid,36,14,said,153.870,154.260,6.01,3,VBD,0,4.4801,0.0466,1
audio04.TextGrid,37,1,what,155.100,155.270,6.38,3,WDT,0,6.9013,4.6197,1
audio04.TextGrid,37,2,are,155.270,155.300,6.74,1,VBP,0,4.2956,2.4194,1
audio04.TextGrid,37,3,we,155.300,155.490,6.54,2,PRP,0,6.3416,3.2407,1
audio04.TextGrid,37,4,eating,155.490,155.920,4.85,4,VBG,0,11.3787,4.2656,1
audio04.TextGrid,38,1,black,157.040,157.250,5.46,4,JJ,0,9.4996,7.3671,1
audio04.TextGrid,38,2,beans,157.250,157.570,4.14,4,NNS,1,5.7762,2.3590,1
audio04.TextGrid,38,3,and,157.570,157.720,7.41,3,CC,0,4.6360,1.2630,1
audio04.TextGrid,38,4,rice,157.720,158.120,4.55,3,NN,0,10.2556,3.2538,1
audio04.TextGrid,38,5,fried,158.120,158.410,4.06,4,VBN,1,5.8716,4.9576,1
audio04.TextGrid,38,6,bananas,158.410,158.850,3.7,7,NNS,1,7.5320,6.5839,1
audio04.TextGrid,38,7,and,158.850,158.970,7.41,3,CC,0,4.0623,2.2297,1
audio04.TextGrid,38,8,some,158.970,159.110,6.2,3,DT,0,6.0486,3.8061,1
audio04.TextGrid,38,9,stew,159.110,161.140,3.48,3,VBP,1,7.8210,6.5888,1
audio04.TextGrid,38,10,the,161.250,161.330,7.73,2,DT,0,2.8222,2.0052,1
audio04.TextGrid,38,11,boy,161.330,161.570,5.17,2,NN,0,10.2409,0.9193,1
audio04.TextGrid,38,12,had,161.570,161.710,6.33,3,VBD,0,6.2134,3.9327,1
audio04.TextGrid,38,13,brought,161.710,161.950,5.16,4,VBN,0,9.5715,5.3234,1
audio04.TextGrid,38,14,them,161.950,162.160,6.19,3,PRP,0,6.9048,3.7813,1
audio04.TextGrid,38,15,in,162.160,162.260,7.27,2,IN,0,3.0362,3.5543,1
audio04.TextGrid,38,16,a,162.260,162.320,7.36,1,DT,0,2.5756,2.4238,1
audio04.TextGrid,38,17,two,162.320,162.520,6.1,2,CD,0,7.2580,6.6722,1
audio04.TextGrid,38,18,decker,162.520,162.900,3.42,4,NN,1,4.7661,7.0658,1
audio04.TextGrid,38,19,metal,162.900,163.210,4.82,5,NN,0,9.9947,9.4645,1
audio04.TextGrid,38,20,container,163.210,163.760,4.03,7,NN,0,11.6205,3.8335,1
audio04.TextGrid,38,21,from,163.760,163.950,6.63,4,IN,0,4.9073,4.3298,1
audio04.TextGrid,38,22,the,163.950,164.020,7.73,2,DT,0,1.6995,0.9556,1
audio04.TextGrid,38,23,terrace,164.020,164.630,3.88,5,NN,0,11.0438,12.6221,1
audio04.TextGrid,39,1,the,165.290,165.380,7.73,2,DT,0,1.8241,1.6095,1
audio04.TextGrid,39,2,two,165.380,165.570,6.1,2,CD,0,7.2718,4.1293,1
audio04.TextGrid,39,3,sets,165.570,165.840,4.69,4,NNS,0,8.7153,6.4515,1
audio04.TextGrid,39,4,of,165.840,165.970,7.4,2,IN,0,3.5487,0.6166,1
audio04.TextGrid,39,5,knives,165.970,166.320,3.84,4,NNS,1,6.8206,6.9764,1
audio04.TextGrid,39,6,and,166.320,166.480,7.41,3,CC,0,4.3376,2.5653,1
audio04.TextGrid,39,7,forks,166.480,166.760,3.45,5,NNS,1,6.3460,1.8517,1
audio04.TextGrid,39,8,and,166.760,166.850,7.41,3,CC,0,4.3248,2.6131,1
audio04.TextGrid,39,9,spoons,166.850,167.420,3.28,5,NNS,1,6.3086,6.3550,1
audio04.TextGrid,39,10,were,167.420,167.540,6.34,2,VBD,0,4.9333,1.3858,1
audio04.TextGrid,39,11,in,167.540,167.640,7.27,2,IN,0,3.6975,2.6991,1
audio04.TextGrid,39,12,his,167.640,167.800,6.51,3,PRP$,0,5.3796,3.3299,1
audio04.TextGrid,39,13,pocket,167.800,168.290,4.48,5,NN,0,10.3566,2.6496,1
audio04.TextGrid,39,14,with,168.290,168.400,6.85,3,IN,0,4.7104,4.9268,1
audio04.TextGrid,39,15,a,168.400,168.450,7.36,1,DT,0,2.5738,1.3477,1
audio04.TextGrid,39,16,paper,168.450,168.770,5.07,4,NN,0,6.7917,4.5337,1
audio04.TextGrid,39,17,napkin,168.770,169.250,3.16,6,NN,1,5.3902,4.2453,1
audio04.TextGrid,39,18,wrapped,169.250,169.510,4.15,4,VBD,1,4.9606,4.6922,1
audio04.TextGrid,39,19,around,169.510,169.870,5.77,4,IN,0,7.3811,1.3915,1
audio04.TextGrid,39,20,each,169.870,170.050,5.69,2,DT,0,6.6794,3.8439,1
audio04.TextGrid,39,21,set,170.050,170.460,5.59,3,NN,0,8.7852,2.8230,1
audio04.TextGrid,40,1,who,171.800,171.910,6.34,2,WP,0,6.0467,5.3186,1
audio04.TextGrid,40,2,gave,171.910,172.130,5.25,3,VBD,0,8.5884,5.8724,1
audio04.TextGrid,40,3,this,172.130,172.350,6.82,3,DT,0,5.4090,3.5453,1
audio04.TextGrid,40,4,to,172.350,172.460,7.43,2,TO,0,5.7301,0.7446,1
audio04.TextGrid,40,5,you,172.460,172.830,6.98,2,PRP,0,5.7722,0.6352,1
audio04.TextGrid,41,1,martin,173.910,174.470,4.74,6,VB,0,8.8359,9.6774,1
audio04.TextGrid,41,2,the,174.470,174.700,7.73,2,DT,0,4.7678,3.0488,1
audio04.TextGrid,41,3,owner,174.700,175.000,4.83,3,NN,0,8.7448,5.4891,1
audio04.TextGrid,41,4,i,175.870,175.950,7.09,1,NN,0,7.8971,2.2688,1
audio04.TextGrid,41,5,must,175.950,176.170,5.68,4,MD,0,7.2633,5.2759,1
audio04.TextGrid,41,6,thank,176.170,176.430,5.48,4,VB,1,3.7161,4.5756,1
audio04.TextGrid,41,7,him,176.430,176.630,6.11,3,PRP,0,7.9727,2.0889,1
audio04.TextGrid,42,1,i,177.480,177.600,7.09,1,NN,0,5.5144,2.0533,1
audio04.TextGrid,42,2,thanked,177.600,177.880,3.64,5,VBD,1,3.3869,7.3009,1
audio04.TextGrid,42,3,him,177.880,177.980,6.11,2,PRP,0,8.1406,0.7429,1
audio04.TextGrid,42,4,already,177.980,178.420,5.55,6,RB,0,7.6306,7.3343,1
audio04.TextGrid,42,5,the,178.600,178.680,7.73,2,DT,0,3.7270,0.4163,1
audio04.TextGrid,42,6,boy,178.680,178.880,5.17,2,NN,0,10.2780,0.8324,1
audio04.TextGrid,42,7,said,178.880,179.240,6.01,3,VBD,0,4.8199,0.0675,1
audio04.TextGrid,42,8,you,179.610,179.720,6.98,2,PRP,0,6.3579,2.7577,1
audio04.TextGrid,42,9,don,179.720,179.920,4.6,3,VBP,0,12.5870,3.7567,1
audio04.TextGrid,42,10,t,179.920,179.950,5.43,1,JJ,1,4.6894,0.0005,1
audio04.TextGrid,42,11,need,179.950,180.060,5.97,3,NN,0,8.3562,2.2681,1
audio04.TextGrid,42,12,to,180.060,180.140,7.43,2,TO,0,3.2068,0.9340,1
audio04.TextGrid,42,13,thank,180.140,180.430,5.48,4,VB,1,3.9272,0.8860,1
audio04.TextGrid,42,14,him,180.430,180.590,6.11,3,PRP,0,7.9723,0.6358,1
audio05.TextGrid,1,1,i,0.950,1.030,7.09,1,NN,0,5.5144,1.4976,1
audio05.TextGrid,1,2,ll,1.030,1.080,4.66,1,VBP,1,3.9811,4.0214,1
audio05.TextGrid,1,3,give,1.080,1.320,5.71,3,VB,0,7.6253,2.3904,1
audio05.TextGrid,1,4,him,1.320,1.480,6.11,2,PRP,0,8.0696,1.5261,1
audio05.TextGrid,1,5,the,1.480,1.560,7.73,2,DT,0,3.8174,2.2443,1
audio05.TextGrid,1,6,belly,1.560,1.980,4.1,4,RB,1,6.9289,10.1559,1
audio05.TextGrid,1,7,meat,1.980,2.190,4.63,3,NN,1,6.3377,5.7718,1
audio05.TextGrid,1,8,of,2.190,2.280,7.4,2,IN,0,3.4813,3.5602,1
audio05.TextGrid,1,9,a,2.280,2.340,7.36,1,DT,0,2.6013,1.3631,1
audio05.TextGrid,1,10,big,2.340,2.610,5.67,3,JJ,0,6.5823,5.0415,1
audio05.TextGrid,1,11,fish,2.610,3.030,4.9,3,NN,1,4.2995,2.2986,1
audio05.TextGrid,1,12,the,3.410,3.540,7.73,2,DT,0,3.8960,0.1684,1
audio05.TextGrid,1,13,old,3.540,3.730,5.75,3,JJ,0,7.3436,0.1793,1
audio05.TextGrid,1,14,man,3.730,3.970,5.82,3,NN,0,7.6985,0.0039,1
audio05.TextGrid,1,15,said,3.970,4.370,6.01,3,VBD,0,4.3991,0.0395,1
audio05.TextGrid,2,1,has,5.300,5.460,6.37,3,VBZ,0,8.0537,8.5359,1
audio05.TextGrid,2,2,he,5.460,5.560,6.69,2,PRP,0,5.1980,1.6393,1
audio05.TextGrid,2,3,done,5.560,5.790,5.58,3,VBN,0,9.5757,3.5886,1
audio05.TextGrid,2,4,this,5.790,5.950,6.82,3,DT,0,6.1002,2.7251,1
audio05.TextGrid,2,5,for,5.950,6.130,7.01,3,IN,0,5.9798,1.9807,1
audio05.TextGrid,2,6,us,6.130,6.270,6.04,2,PRP,0,6.8979,3.4816,1
audio05.TextGrid,2,7,more,6.270,6.490,6.36,3,JJR,0,6.4641,8.0589,1
audio05.TextGrid,2,8,than,6.490,6.640,6.13,3,IN,0,5.8024,0.2116,1
audio05.TextGrid,2,9,once,6.640,7.150,5.53,4,RB,0,8.9909,0.5002,1
audio05.TextGrid,3,1,i,8.260,8.350,7.09,1,NN,0,5.5144,2.0579,1
audio05.TextGrid,3,2,think,8.350,8.590,6.08,4,VBP,0,6.6270,3.2670,1
audio05.TextGrid,3,3,so,8.590,8.900,6.52,2,IN,0,6.1125,1.5915,1
audio05.TextGrid,3,4,i,10.040,10.130,7.09,1,JJ,0,6.7805,2.0773,1
audio05.TextGrid,3,5,must,10.130,10.380,5.68,4,MD,0,8.5535,4.6063,1
audio05.TextGrid,3,6,give,10.380,10.550,5.71,3,VB,0,6.5729,3.0976,1
audio05.TextGrid,3,7,him,10.550,10.670,6.11,2,PRP,0,8.0766,0.4524,1
audio05.TextGrid,3,8,something,10.670,11.060,5.81,6,NN,0,10.2127,3.6438,1
audio05.TextGrid,3,9,more,11.060,11.340,6.36,3,JJR,0,6.5017,4.1361,1
audio05.TextGrid,3,10,than,11.340,11.490,6.13,3,IN,0,5.8123,0.8526,1
audio05.TextGrid,3,11,the,11.490,11.560,7.73,2,DT,0,2.0480,2.6291,1
audio05.TextGrid,3,12,belly,11.560,11.860,4.1,4,RB,1,6.7940,1.6107,1
audio05.TextGrid,3,13,meat,11.860,12.080,4.63,3,NN,1,6.4580,0.1861,1
audio05.TextGrid,3,14,then,12.080,12.440,6.07,3,RB,0,8.2240,8.5812,1
audio05.TextGrid,4,1,he,13.070,13.190,6.69,2,PRP,0,4.5353,2.1750,1
audio05.TextGrid,4,2,is,13.190,13.320,7.07,2,VBZ,0,3.3590,2.8833,1
audio05.TextGrid,4,3,very,13.320,13.610,6.0,4,RB,0,7.2322,2.9231,1
audio05.TextGrid,4,4,thoughtful,13.610,14.060,3.83,6,JJ,1,5.4863,8.3861,1
audio05.TextGrid,4,5,for,14.060,14.330,7.01,3,IN,0,4.3845,4.4733,1
audio05.TextGrid,4,6,us,14.330,14.530,6.04,2,PRP,0,6.8817,3.8574,1
audio05.TextGrid,5,1,he,16.090,16.200,6.69,2,PRP,0,4.5353,2.5237,1
audio05.TextGrid,5,2,sent,16.200,16.520,5.16,4,VBD,0,8.1329,6.4065,1
audio05.TextGrid,5,3,two,16.520,16.630,6.1,2,CD,0,7.1084,4.7383,1
audio05.TextGrid,5,4,beers,16.630,17.170,3.9,4,NNS,0,10.6394,8.9942,1
audio05.TextGrid,6,1,i,18.190,18.290,7.09,1,NN,0,5.5144,2.1900,1
audio05.TextGrid,6,2,like,18.290,18.490,6.41,3,IN,0,6.7047,4.6574,1
audio05.TextGrid,6,3,the,18.490,18.550,7.73,2,DT,0,2.0183,2.0990,1
audio05.TextGrid,6,4,beer,18.550,18.810,4.7,3,NN,0,10.2376,1.6225,1
audio05.TextGrid,6,5,in,18.810,18.970,7.27,2,IN,0,3.5512,4.8119,1
audio05.TextGrid,6,6,cans,18.970,19.390,3.8,4,NNS,1,6.8155,6.5474,1
audio05.TextGrid,6,7,best,19.390,19.840,5.84,4,RB,0,9.4303,10.3424,1
audio05.TextGrid,7,1,i,20.620,20.770,7.09,1,NN,0,5.5144,1.8169,1
audio05.TextGrid,7,2,know,20.770,21.030,6.1,2,VBP,0,7.0565,3.3616,1
audio05.TextGrid,7,3,but,21.030,21.230,6.63,3,CC,0,5.7831,3.1516,1
audio05.TextGrid,7,4,this,21.230,21.430,6.82,3,DT,0,6.7991,4.6903,1
audio05.TextGrid,7,5,is,21.430,21.550,7.07,2,VBZ,0,7.4551,0.7685,1
audio05.TextGrid,7,6,in,21.550,21.660,7.27,2,IN,0,3.8546,5.6490,1
audio05.TextGrid,7,7,bottles,21.660,22.100,4.19,6,NNS,0,11.6277,5.1319,1
audio05.TextGrid,7,8,hatuey,22.100,22.610,0.0,6,VBP,1,5.3645,29.1770,1
audio05.TextGrid,7,9,beer,22.610,22.940,4.7,3,NN,0,12.8532,7.4064,1
audio05.TextGrid,7,10,and,23.280,23.410,7.41,2,CC,0,3.9009,1.5947,1
audio05.TextGrid,7,11,i,23.410,23.510,7.09,1,NNS,0,6.2676,2.2361,1
audio05.TextGrid,7,12,take,23.510,23.750,5.92,3,VBP,0,6.5990,6.2181,1
audio05.TextGrid,7,13,back,23.750,23.990,6.04,3,RP,0,7.0644,7.0973,1
audio05.TextGrid,7,14,the,23.990,24.070,7.73,2,DT,0,2.9473,1.3654,1
audio05.TextGrid,7,15,bottles,24.070,24.580,4.19,6,NNS,0,11.2190,2.6661,1
audio05.TextGrid,8,1,that,25.840,26.050,7.01,3,DT,0,4.4338,3.9343,1
audio05.TextGrid,8,2,s,26.050,26.110,5.86,1,VBZ,1,4.9759,0.6321,1
audio05.TextGrid,8,3,very,26.110,26.320,6.0,4,RB,0,7.1213,3.5499,1
audio05.TextGrid,8,4,kind,26.320,26.670,5.45,4,NN,0,9.3642,4.3046,1
audio05.TextGrid,8,5,of,26.670,26.760,7.4,2,IN,0,3.1429,0.3786,1
audio05.TextGrid,8,6,you,26.760,26.990,6.98,2,PRP,0,5.6344,0.2136,1
audio05.TextGrid,8,7,the,27.320,27.420,7.73,2,DT,0,2.6785,0.1917,1
audio05.TextGrid,8,8,old,27.420,27.600,5.75,3,JJ,0,7.3372,0.3981,1
audio05.TextGrid,8,9,man,27.600,27.830,5.82,3,NN,0,7.6930,0.0061,1
audio05.TextGrid,8,10,said,27.830,28.170,6.01,3,VBD,0,3.6670,0.0331,1
audio05.TextGrid,9,1,should,29.050,29.200,5.99,3,MD,0,10.3591,7.4238,1
audio05.TextGrid,9,2,we,29.200,29.450,6.54,2,PRP,0,7.9686,1.7205,1
audio05.TextGrid,9,3,eat,29.450,29.690,5.13,2,VB,0,11.2099,4.1952,1
audio05.TextGrid,9,4,i,30.800,30.870,7.09,1,JJ,0,6.2878,1.4889,1
audio05.TextGrid,9,5,ve,30.870,30.930,4.56,2,NNS,1,7.8498,4.8134,1
audio05.TextGrid,9,6,been,30.930,31.100,6.27,3,VBN,0,5.4708,2.4005,1
audio05.TextGrid,9,7,asking,31.100,31.470,4.96,5,VBG,0,8.9400,4.9292,1
audio05.TextGrid,9,8,you,31.470,31.590,6.98,2,PRP,0,6.0675,1.4234,1
audio05.TextGrid,9,9,to,31.590,31.940,7.43,2,TO,0,3.3797,2.0406,1
audio05.TextGrid,9,10,the,32.150,32.240,7.73,2,DT,0,2.0995,0.3141,1
audio05.TextGrid,9,11,boy,32.240,32.450,5.17,2,NN,0,10.2350,0.2346,1
audio05.TextGrid,9,12,told,32.450,32.750,5.54,4,VBD,0,9.6023,5.7477,1
audio05.TextGrid,9,13,him,32.750,32.860,6.11,2,PRP,0,8.1839,0.4384,1
audio05.TextGrid,9,14,gently,32.860,33.360,4.08,6,RB,1,5.2519,7.4080,1
audio05.TextGrid,10,1,i,34.350,34.410,7.09,1,NNS,0,5.5144,1.6536,1
audio05.TextGrid,10,2,have,34.410,34.530,6.71,3,VBP,0,4.0795,3.1470,1
audio05.TextGrid,10,3,not,34.530,34.750,6.69,3,RB,0,5.5421,3.1447,1
audio05.TextGrid,10,4,wished,34.750,34.970,4.0,4,VBN,1,5.0950,7.8177,1
audio05.TextGrid,10,5,to,34.970,35.060,7.43,2,TO,0,3.0085,0.7344,1
audio05.TextGrid,10,6,open,35.060,35.260,5.48,4,VB,0,8.8457,7.8833,1
audio05.TextGrid,10,7,the,35.260,35.330,7.73,2,DT,0,2.7203,1.5370,1
audio05.TextGrid,10,8,container,35.330,35.810,4.03,7,NN,0,10.2370,6.4585,1
audio05.TextGrid,10,9,until,35.810,36.070,5.61,5,IN,0,7.3647,4.9025,1
audio05.TextGrid,10,10,you,36.070,36.180,6.98,2,PRP,0,5.6128,1.6032,1
audio05.TextGrid,10,11,were,36.180,36.350,6.34,2,VBD,0,6.2330,3.7925,1
audio05.TextGrid,10,12,ready,36.350,36.710,5.28,4,JJ,0,10.9143,2.9508,1
audio05.TextGrid,11,1,i,38.310,38.390,7.09,1,JJ,0,5.5144,1.7392,1
audio05.TextGrid,11,2,m,38.390,38.510,5.39,2,VBP,1,3.9811,2.8121,1
audio05.TextGrid,11,3,ready,38.510,38.730,5.28,4,JJ,0,11.0286,3.7940,1
audio05.TextGrid,11,4,now,38.730,39.070,6.18,2,RB,0,7.7336,2.5071,1
audio05.TextGrid,12,1,the,39.520,39.620,7.73,2,DT,0,1.8241,0.1871,1
audio05.TextGrid,12,2,old,39.620,39.810,5.75,3,JJ,0,7.3292,0.3058,1
audio05.TextGrid,12,3,man,39.810,40.020,5.82,3,NN,0,7.6921,0.0026,1
audio05.TextGrid,12,4,said,40.020,40.330,6.01,3,VBD,0,3.5568,0.0999,1
audio05.TextGrid,13,1,i,41.190,41.360,7.09,1,NN,0,5.5144,1.6357,1
audio05.TextGrid,13,2,only,41.360,41.610,6.12,4,RB,0,7.3487,5.8703,1
audio05.TextGrid,13,3,needed,41.610,41.940,5.18,5,VBD,0,7.5869,6.0368,1
audio05.TextGrid,13,4,time,41.940,42.170,6.29,3,NN,0,8.2726,6.3011,1
audio05.TextGrid,13,5,to,42.170,42.270,7.43,2,TO,0,3.8001,0.6825,1
audio05.TextGrid,13,6,wash,42.270,42.710,4.46,3,VB,1,4.3008,5.1825,1
audio05.TextGrid,14,1,where,44.540,44.770,6.0,3,WRB,0,7.5764,9.0897,1
audio05.TextGrid,14,2,did,44.770,44.930,5.96,3,VBD,0,8.9248,2.0370,1
audio05.TextGrid,14,3,you,44.930,45.100,6.98,2,PRP,0,6.1782,2.9083,1
audio05.TextGrid,14,4,wash,45.100,45.630,4.46,3,VB,1,4.8258,4.8861,1
audio05.TextGrid,14,5,the,45.630,45.740,7.73,2,DT,0,2.2452,6.3419,1
audio05.TextGrid,14,6,boy,45.740,45.960,5.17,2,NN,0,10.2373,0.8648,1
audio05.TextGrid,14,7,thought,45.960,46.420,5.59,3,VBD,0,9.6017,4.4333,1
audio05.TextGrid,15,1,the,46.970,47.060,7.73,2,DT,0,1.8241,2.7908,1
audio05.TextGrid,15,2,village,47.060,47.390,4.82,5,NN,0,11.0501,7.2973,1
audio05.TextGrid,15,3,water,47.390,47.700,5.52,4,NN,0,9.1017,5.2285,1
audio05.TextGrid,15,4,supply,47.700,48.140,4.81,5,NN,0,9.1033,3.6565,1
audio05.TextGrid,15,5,was,48.140,48.390,6.82,3,VBD,0,4.3985,0.8059,1
audio05.TextGrid,15,6,two,48.390,48.570,6.1,2,CD,0,6.8008,6.8643,1
audio05.TextGrid,15,7,streets,48.570,48.950,4.66,6,NNS,0,8.6666,8.2024,1
audio05.TextGrid,15,8,down,48.950,49.210,5.88,3,IN,0,7.0124,1.9528,1
audio05.TextGrid,15,9,the,49.210,49.290,7.73,2,DT,0,2.2170,2.6817,1
audio05.TextGrid,15,10,road,49.290,49.730,5.24,3,NN,0,8.8534,0.9225,1
audio05.TextGrid,16,1,i,50.550,50.630,7.09,1,NN,0,5.5144,5.1031,1
audio05.TextGrid,16,2,must,50.630,50.850,5.68,4,MD,0,6.9134,4.5724,1
audio05.TextGrid,16,3,have,50.850,51.030,6.71,3,VB,0,3.8741,1.6200,1
audio05.TextGrid,16,4,water,51.030,51.370,5.52,4,NN,0,10.6340,5.4952,1
audio05.TextGrid,16,5,here,51.370,51.540,5.97,3,RB,0,8.6655,3.0970,1
audio05.TextGrid,16,6,for,51.540,51.790,7.01,3,IN,0,4.3888,3.5949,1
audio05.TextGrid,16,7,him,51.790,51.980,6.11,3,PRP,0,7.4247,5.4009,1
audio05.TextGrid,16,8,the,52.150,52.220,7.73,2,DT,0,3.7647,3.1074,1
audio05.TextGrid,16,9,boy,52.220,52.420,5.17,2,NN,0,10.2429,1.6249,1
audio05.TextGrid,16,10,thought,52.420,52.790,5.59,3,NN,0,8.9052,0.2530,1
audio05.TextGrid,16,11,and,53.290,53.420,7.41,3,CC,0,4.0122,1.6350,1
audio05.TextGrid,16,12,soap,53.420,53.830,4.18,3,NN,1,7.1600,9.4923,1
audio05.TextGrid,16,13,and,53.830,53.940,7.41,3,CC,0,4.0080,1.4136,1
audio05.TextGrid,16,14,a,53.940,53.980,7.36,1,DT,0,3.5217,2.6947,1
audio05.TextGrid,16,15,good,53.980,54.220,6.12,3,JJ,0,6.9752,3.7522,1
audio05.TextGrid,16,16,towel,54.220,54.610,3.94,3,NN,1,4.0510,4.9851,1
audio05.TextGrid,17,1,why,55.230,55.420,5.93,2,WRB,0,8.5208,6.5103,1
audio05.TextGrid,17,2,am,55.420,55.520,5.78,2,VBP,0,11.1627,5.4376,1
audio05.TextGrid,17,3,i,55.520,55.630,7.09,1,RB,0,5.8979,0.0053,1
audio05.TextGrid,17,4,so,55.630,55.830,6.52,2,RB,0,6.1187,2.9162,1
audio05.TextGrid,17,5,thoughtless,55.830,56.470,2.9,6,JJ,1,5.5874,12.1804,1
audio05.TextGrid,18,1,i,57.150,57.220,7.09,1,NN,0,5.5144,2.4672,1
audio05.TextGrid,18,2,must,57.220,57.470,5.68,4,MD,0,6.9134,1.9141,1
audio05.TextGrid,18,3,get,57.470,57.650,6.28,3,VB,0,5.7544,4.8295,1
audio05.TextGrid,18,4,him,57.650,57.750,6.11,2,PRP,0,8.0291,3.0201,1
audio05.TextGrid,18,5,another,57.750,58.010,5.74,5,DT,0,8.4262,6.8029,1
audio05.TextGrid,18,6,shirt,58.010,58.400,4.63,3,NN,1,4.1425,5.0318,1
audio05.TextGrid,18,7,and,58.400,58.510,7.41,3,CC,0,4.4452,1.7792,1
audio05.TextGrid,18,8,a,58.510,58.560,7.36,1,DT,0,3.2084,1.3498,1
audio05.TextGrid,18,9,jacket,58.560,58.950,4.32,5,NN,1,4.1382,4.5020,1
audio05.TextGrid,18,10,for,58.950,59.060,7.01,2,IN,0,4.0740,3.2381,1
audio05.TextGrid,18,11,the,59.060,59.140,7.73,2,DT,0,1.6954,1.8290,1
audio05.TextGrid,18,12,winter,59.140,59.520,4.89,5,NN,0,10.2355,3.2214,1
audio05.TextGrid,18,13,and,59.960,60.060,7.41,3,CC,0,4.4028,2.8933,1
audio05.TextGrid,18,14,some,60.060,60.230,6.2,3,DT,0,5.7625,4.4190,1
audio05.TextGrid,18,15,sort,60.230,60.440,5.0,4,NN,0,8.8539,5.0511,1
audio05.TextGrid,18,16,of,60.440,60.540,7.4,2,IN,0,3.0736,0.0064,1
audio05.TextGrid,18,17,shoes,60.540,61.260,4.67,3,NNS,1,6.8120,4.1826,1
audio05.TextGrid,18,18,and,61.420,61.550,7.41,2,CC,0,4.2792,1.7810,1
audio05.TextGrid,18,19,another,61.550,61.830,5.74,5,DT,0,6.8674,7.1924,1
audio05.TextGrid,18,20,blanket,61.830,62.370,4.07,7,NN,1,4.1349,4.7182,1
audio05.TextGrid,19,1,your,64.420,64.610,6.53,3,PRP$,0,6.8747,6.2085,1
audio05.TextGrid,19,2,stew,64.610,65.030,3.48,3,NN,1,4.2543,8.6813,1
audio05.TextGrid,19,3,is,65.030,65.200,7.07,2,VBZ,0,3.6487,1.2636,1
audio05.TextGrid,19,4,excellent,65.200,65.940,4.73,8,JJ,1,5.8982,5.6100,1
audio05.TextGrid,19,5,the,66.320,66.440,7.73,2,DT,0,4.5214,0.2662,1
audio05.TextGrid,19,6,old,66.440,66.660,5.75,3,JJ,0,7.3488,0.7931,1
audio05.TextGrid,19,7,man,66.660,66.900,5.82,3,NN,0,7.7079,0.0072,1
audio05.TextGrid,19,8,said,66.900,67.340,6.01,3,VBD,0,4.5701,0.0904,1
audio05.TextGrid,20,1,tell,68.820,68.980,5.53,3,VB,0,13.8346,6.5385,1
audio05.TextGrid,20,2,me,68.980,69.130,6.48,2,PRP,0,8.7522,0.5869,1
audio05.TextGrid,20,3,about,69.130,69.330,6.4,4,IN,0,5.2289,1.8283,1
audio05.TextGrid,20,4,the,69.330,69.420,7.73,2,DT,0,1.7953,2.2660,1
audio05.TextGrid,20,5,baseball,69.420,69.950,4.54,6,NN,0,9.1391,8.9044,1
audio05.TextGrid,20,6,the,70.180,70.250,7.73,2,DT,0,3.1388,0.4280,1
audio05.TextGrid,20,7,boy,70.250,70.540,5.17,2,NN,0,10.2409,0.1060,1
audio05.TextGrid,20,8,asked,70.540,70.810,5.3,3,VBD,0,7.8238,2.1268,1
audio05.TextGrid,20,9,him,70.810,70.990,6.11,2,PRP,0,8.1899,4.0322,1
audio05.TextGrid,21,1,in,72.830,72.950,7.27,2,IN,0,4.1039,5.2162,1
audio05.TextGrid,21,2,the,72.950,73.080,7.73,2,DT,0,1.7509,1.2165,1
audio05.TextGrid,21,3,american,73.080,73.610,5.49,8,JJ,0,6.6744,6.3417,1
audio05.TextGrid,21,4,league,73.610,73.920,5.13,3,NN,1,4.4322,0.2879,1
audio05.TextGrid,21,5,it,73.920,74.030,6.95,2,PRP,0,4.7113,3.8896,1
audio05.TextGrid,21,6,is,74.030,74.210,7.07,2,VBZ,0,3.3952,1.7322,1
audio05.TextGrid,21,7,the,74.210,74.360,7.73,2,DT,0,2.6210,2.9439,1
audio05.TextGrid,21,8,yankees,74.360,74.880,3.93,6,NNS,1,6.4524,3.1462,1
audio05.TextGrid,21,9,as,74.880,75.000,6.77,2,IN,0,4.9138,6.4610,1
audio05.TextGrid,21,10,i,75.000,75.130,7.09,1,NN,0,5.4940,3.3498,1
audio05.TextGrid,21,11,said,75.130,75.620,6.01,3,VBD,0,4.9106,4.4688,1
audio05.TextGrid,22,1,the,76.220,76.310,7.73,2,DT,0,1.8241,0.1272,1
audio05.TextGrid,22,2,old,76.310,76.500,5.75,3,JJ,0,7.3292,0.1159,1
audio05.TextGrid,22,3,man,76.500,76.720,5.82,3,NN,0,7.6921,0.0028,1
audio05.TextGrid,22,4,said,76.720,76.930,6.01,3,VBD,0,3.5568,0.1286,1
audio05.TextGrid,22,5,happily,76.930,77.410,4.11,6,RB,1,4.6369,8.0382,1
audio05.TextGrid,23,1,they,78.600,78.740,6.5,2,PRP,0,4.6769,3.1510,1
audio05.TextGrid,23,2,lost,78.740,79.020,5.39,4,VBD,0,7.1635,6.3190,1
audio05.TextGrid,23,3,today,79.020,79.480,5.55,4,NN,0,9.4160,7.2641,1
audio05.TextGrid,23,4,the,79.740,79.820,7.73,2,DT,0,4.3423,0.2501,1
audio05.TextGrid,23,5,boy,79.820,80.020,5.17,2,NN,0,10.2409,0.1242,1
audio05.TextGrid,23,6,told,80.020,80.310,5.54,4,VBD,0,8.3753,3.5076,1
audio05.TextGrid,23,7,him,80.310,80.460,6.11,2,PRP,0,8.1879,0.2672,1
audio05.TextGrid,24,1,that,81.300,81.540,7.01,3,DT,0,4.4338,4.0395,1
audio05.TextGrid,24,2,means,81.540,81.890,5.44,4,VBZ,0,9.7152,4.0271,1
audio05.TextGrid,24,3,nothing,81.890,82.270,5.55,5,NN,0,10.3038,4.3125,1
audio05.TextGrid,24,4,the,82.500,82.640,7.73,2,DT,0,3.3329,2.7497,1
audio05.TextGrid,24,5,great,82.640,82.870,5.88,4,JJ,0,7.7309,6.7621,1
audio05.TextGrid,24,6,dimaggio,82.870,83.510,2.53,7,NN,1,4.1913,6.0686,1
audio05.TextGrid,24,7,is,83.510,83.600,7.07,2,VBZ,0,3.7080,2.2396,1
audio05.TextGrid,24,8,himself,83.600,84.020,5.25,7,PRP,0,8.8687,9.5076,1
audio05.TextGrid,24,9,again,84.020,84.410,5.7,4,RB,0,8.5221,7.4061,1
audio05.TextGrid,25,1,they,85.860,85.990,6.5,2,PRP,0,4.6769,4.6336,1
audio05.TextGrid,25,2,have,85.990,86.140,6.71,3,VBP,0,4.0745,3.2528,1
audio05.TextGrid,25,3,other,86.140,86.330,6.16,3,JJ,0,6.5057,6.8461,1
audio05.TextGrid,25,4,men,86.330,86.510,5.51,3,NNS,0,7.9562,4.6663,1
audio05.TextGrid,25,5,on,86.510,86.640,6.91,2,IN,0,4.5329,3.9935,1
audio05.TextGrid,25,6,the,86.640,86.730,7.73,2,DT,0,1.6978,0.8897,1
audio05.TextGrid,25,7,team,86.730,87.170,5.67,3,NN,0,7.3771,1.7791,1
audio05.TextGrid,26,1,naturally,87.850,88.550,4.48,7,RB,1,5.2281,9.5058,1
audio05.TextGrid,26,2,but,88.620,88.780,6.63,3,CC,0,4.5400,2.6020,1
audio05.TextGrid,26,3,he,88.780,88.910,6.69,2,PRP,0,4.7972,3.4257,1
audio05.TextGrid,26,4,makes,88.910,89.230,5.46,4,VBZ,0,7.5017,6.2121,1
audio05.TextGrid,26,5,the,89.230,89.300,7.73,2,DT,0,2.6170,2.6534,1
audio05.TextGrid,26,6,difference,89.300,89.880,5.01,7,NN,0,7.9373,5.6271,1
audio05.TextGrid,27,1,in,90.430,90.560,7.27,2,IN,0,4.1039,4.3307,1
audio05.TextGrid,27,2,the,90.560,90.700,7.73,2,DT,0,1.7509,1.0253,1
audio05.TextGrid,27,3,other,90.700,90.900,6.16,3,JJ,0,5.7802,5.4434,1
audio05.TextGrid,27,4,league,90.900,91.160,5.13,3,NN,1,3.9961,2.3239,1
audio05.TextGrid,27,5,between,91.160,91.500,5.77,6,IN,0,7.5637,8.9457,1
audio05.TextGrid,27,6,brooklyn,91.500,91.870,4.25,7,NN,0,9.6393,8.2657,1
audio05.TextGrid,27,7,and,91.870,91.990,7.41,3,CC,0,3.5853,0.1026,1
audio05.TextGrid,27,8,philadelphia,91.990,92.660,4.42,10,NN,0,8.7712,3.6060,1
audio05.TextGrid,27,9,i,92.840,92.980,7.09,1,NN,0,7.2821,4.3456,1
audio05.TextGrid,27,10,must,92.980,93.200,5.68,4,MD,0,7.1383,5.0075,1
audio05.TextGrid,27,11,take,93.200,93.400,5.92,3,VB,0,5.6107,3.6278,1
audio05.TextGrid,27,12,brooklyn,93.400,93.900,4.25,7,NN,0,10.2332,8.4075,1
audio05.TextGrid,28,1,but,94.770,94.890,6.63,3,CC,0,5.3198,2.9730,1
audio05.TextGrid,28,2,then,94.890,95.100,6.07,3,RB,0,6.4214,4.9582,1
audio05.TextGrid,28,3,i,95.100,95.230,7.09,1,JJ,0,7.8494,1.4243,1
audio05.TextGrid,28,4,think,95.230,95.490,6.08,4,VBP,0,6.7447,4.1496,1
audio05.TextGrid,28,5,of,95.490,95.590,7.4,2,IN,0,3.4884,2.6270,1
audio05.TextGrid,28,6,dick,95.590,95.810,4.7,3,NN,0,11.0280,9.3725,1
audio05.TextGrid,28,7,sisler,95.810,96.280,1.55,5,NN,1,5.9878,13.6443,1
audio05.TextGrid,28,8,and,96.280,96.350,7.41,2,CC,0,4.3162,1.6552,1
audio05.TextGrid,28,9,those,96.350,96.550,5.9,3,DT,0,6.6535,6.1479,1
audio05.TextGrid,28,10,great,96.550,96.770,5.88,4,JJ,0,7.7283,3.9333,1
audio05.TextGrid,28,11,drives,96.770,97.310,4.28,5,NNS,0,9.8877,9.8400,1
audio05.TextGrid,28,12,in,97.310,97.390,7.27,2,IN,0,3.0605,11.8374,1
audio05.TextGrid,28,13,the,97.390,97.510,7.73,2,DT,0,1.6935,0.9959,1
audio05.TextGrid,28,14,old,97.510,97.770,5.75,3,JJ,0,7.3285,4.2396,1
audio05.TextGrid,28,15,park,97.770,98.160,5.16,4,NN,0,8.5357,8.6675,1
audio05.TextGrid,29,1,there,99.220,99.340,6.31,3,EX,0,5.7321,4.6977,1
audio05.TextGrid,29,2,was,99.340,99.510,6.82,3,VBD,0,3.9647,2.9556,1
audio05.TextGrid,29,3,nothing,99.510,99.910,5.55,5,NN,0,10.4511,3.6635,1
audio05.TextGrid,29,4,ever,99.910,100.140,5.66,3,RB,0,9.4719,6.4788,1
audio05.TextGrid,29,5,like,100.140,100.410,6.41,3,IN,0,6.8899,2.6226,1
audio05.TextGrid,29,6,them,100.410,100.740,6.19,3,PRP,0,6.1080,2.5819,1
audio05.TextGrid,29,7,he,101.050,101.190,6.69,2,PRP,0,6.5594,3.9580,1
audio05.TextGrid,29,8,hits,101.190,101.420,4.65,4,VBZ,0,13.0594,9.1646,1
audio05.TextGrid,29,9,the,101.420,101.490,7.73,2,DT,0,3.9017,2.1126,1
audio05.TextGrid,29,10,longest,101.490,102.070,4.22,7,JJS,0,10.3424,10.1967,1
audio05.TextGrid,29,11,ball,102.070,102.430,5.04,3,NN,0,10.6543,3.4825,1
audio05.TextGrid,29,12,i,102.430,102.480,7.09,1,NN,0,7.6414,3.2859,1
audio05.TextGrid,29,13,have,102.480,102.620,6.71,3,VBP,0,4.9255,1.5057,1
audio05.TextGrid,29,14,ever,102.620,102.810,5.66,3,RB,0,8.2716,0.1970,1
audio05.TextGrid,29,15,seen,102.810,103.290,5.52,3,VBN,0,8.0145,0.3549,1
audio05.TextGrid,30,1,do,104.560,104.660,6.35,2,VB,0,9.5293,5.0428,1
audio05.TextGrid,30,2,you,104.660,104.850,6.98,2,PRP,0,6.3769,0.1961,1
audio05.TextGrid,30,3,remember,104.850,105.280,5.38,7,VB,0,11.0812,1.6988,1
audio05.TextGrid,30,4,when,105.280,105.490,6.37,3,WRB,0,6.7011,3.4101,1
audio05.TextGrid,30,5,he,105.490,105.630,6.69,2,PRP,0,4.7271,2.2390,1
audio05.TextGrid,30,6,used,105.630,105.810,5.8,4,VBD,0,6.5235,4.6684,1
audio05.TextGrid,30,7,to,105.810,105.890,7.43,2,TO,0,2.6624,0.1370,1
audio05.TextGrid,30,8,come,105.890,106.080,5.78,3,VB,0,6.8389,3.9139,1
audio05.TextGrid,30,9,to,106.080,106.170,7.43,2,TO,0,3.1060,1.6826,1
audio05.TextGrid,30,10,the,106.170,106.280,7.73,2,DT,0,2.6036,1.2719,1
audio05.TextGrid,30,11,terrace,106.280,106.860,3.88,5,NN,0,11.0423,6.3645,1
audio05.TextGrid,31,1,i,107.290,107.410,7.09,1,RB,0,5.5144,1.7449,1
audio05.TextGrid,31,2,wanted,107.410,107.750,5.36,5,VBD,0,7.2726,7.1525,1
audio05.TextGrid,31,3,to,107.750,107.810,7.43,2,TO,0,3.3059,0.2931,1
audio05.TextGrid,31,4,take,107.810,108.030,5.92,3,VB,0,5.8231,4.0651,1
audio05.TextGrid,31,5,him,108.030,108.130,6.11,2,PRP,0,8.0096,0.9344,1
audio05.TextGrid,31,6,fishing,108.130,108.640,4.47,5,VBG,1,7.9803,8.1607,1
audio05.TextGrid,31,7,but,108.640,108.800,6.63,3,CC,0,5.6559,5.2072,1
audio05.TextGrid,31,8,i,108.800,108.920,7.09,1,NN,0,6.9358,1.3521,1
audio05.TextGrid,31,9,was,108.920,109.120,6.82,3,VBD,0,5.2902,1.9313,1
audio05.TextGrid,31,10,too,109.120,109.250,5.95,2,RB,0,7.2125,1.5205,1
audio05.TextGrid,31,11,timid,109.250,109.650,3.25,5,JJ,1,5.7767,6.2126,1
audio05.TextGrid,31,12,to,109.650,109.760,7.43,2,TO,0,3.2132,1.1759,1
audio05.TextGrid,31,13,ask,109.760,110.030,5.34,3,VB,0,8.5843,4.9953,1
audio05.TextGrid,31,14,him,110.030,110.210,6.11,3,PRP,0,8.0625,0.9944,1
audio05.TextGrid,32,1,then,110.810,110.970,6.07,3,RB,0,7.4856,3.9068,1
audio05.TextGrid,32,2,i,110.970,111.110,7.09,1,VB,0,6.3159,1.2639,1
audio05.TextGrid,32,3,asked,111.110,111.410,5.3,3,VBD,0,7.3996,3.5645,1
audio05.TextGrid,32,4,you,111.410,111.580,6.98,2,PRP,0,6.4228,4.0230,1
audio05.TextGrid,32,5,to,111.580,111.820,7.43,2,TO,0,3.3461,1.1624,1
audio05.TextGrid,32,6,ask,111.820,112.030,5.34,3,VB,0,8.9655,5.0330,1
audio05.TextGrid,32,7,him,112.030,112.250,6.11,3,PRP,0,8.0684,0.8495,1
audio05.TextGrid,32,8,and,112.250,112.470,7.41,3,CC,0,4.3395,4.4625,1
audio05.TextGrid,32,9,you,112.470,112.610,6.98,2,PRP,0,6.2757,2.1305,1
audio05.TextGrid,32,10,were,112.610,112.730,6.34,2,VBD,0,5.0172,4.0672,1
audio05.TextGrid,32,11,too,112.730,112.900,5.95,2,RB,0,7.2215,3.0215,1
audio05.TextGrid,32,12,timid,112.900,113.410,3.25,5,JJ,1,5.7622,2.1224,1
audio05.TextGrid,33,1,i,114.260,114.400,7.09,1,NN,0,5.5144,1.8006,1
audio05.TextGrid,33,2,know,114.400,114.730,6.1,2,VBP,0,7.0565,3.7976,1
audio05.TextGrid,33,3,it,114.950,115.130,6.95,2,PRP,0,4.5402,3.1990,1
audio05.TextGrid,33,4,was,115.130,115.240,6.82,3,VBD,0,5.7442,0.8747,1
audio05.TextGrid,33,5,a,115.240,115.300,7.36,1,DT,0,3.3171,1.9078,1
audio05.TextGrid,33,6,great,115.300,115.580,5.88,4,JJ,0,7.7279,2.5769,1
audio05.TextGrid,33,7,mistake,115.580,116.100,4.67,6,NN,0,9.5924,4.4217,1
audio05.TextGrid,33,8,he,116.300,116.410,6.69,2,PRP,0,6.7677,2.0837,1
audio05.TextGrid,33,9,might,116.410,116.570,5.66,3,MD,0,6.9465,5.8197,1
audio05.TextGrid,33,10,have,116.570,116.670,6.71,3,VB,0,3.8792,0.6444,1
audio05.TextGrid,33,11,gone,116.670,116.880,5.17,3,VBN,0,9.8402,4.0380,1
audio05.TextGrid,33,12,with,116.880,117.090,6.85,3,IN,0,4.2184,3.6703,1
audio05.TextGrid,33,13,us,117.090,117.430,6.04,2,PRP,0,6.8459,2.1970,1
audio05.TextGrid,34,1,then,117.880,118.120,6.07,3,RB,0,7.4856,4.2517,1
audio05.TextGrid,34,2,we,118.120,118.210,6.54,2,PRP,0,6.4984,2.5234,1
audio05.TextGrid,34,3,would,118.210,118.390,6.27,3,MD,0,4.5419,3.3488,1
audio05.TextGrid,34,4,have,118.390,118.500,6.71,3,VB,0,3.8741,0.3660,1
audio05.TextGrid,34,5,that,118.500,118.840,7.01,3,DT,0,4.4262,8.0725,1
audio05.TextGrid,34,6,for,118.840,119.000,7.01,3,IN,0,5.9184,6.5717,1
audio05.TextGrid,34,7,all,119.000,119.220,6.52,2,DT,0,5.5476,4.6029,1
audio05.TextGrid,34,8,of,119.220,119.310,7.4,2,IN,0,5.0302,2.3405,1
audio05.TextGrid,34,9,our,119.310,119.440,6.14,2,PRP$,0,6.9085,2.9916,1
audio05.TextGrid,34,10,lives,119.440,120.040,5.14,4,NNS,0,8.9238,2.4333,1
audio05.TextGrid,35,1,i,121.570,121.720,7.09,1,NN,0,5.5144,2.0378,1
audio05.TextGrid,35,2,would,121.720,121.940,6.27,3,MD,0,4.5155,3.9139,1
audio05.TextGrid,35,3,like,121.940,122.190,6.41,3,VB,0,6.9481,3.0153,1
audio05.TextGrid,35,4,to,122.190,122.270,7.43,2,TO,0,3.4544,0.3879,1
audio05.TextGrid,35,5,take,122.270,122.500,5.92,3,VB,0,5.8283,2.5410,1
audio05.TextGrid,35,6,the,122.510,122.620,7.73,2,DT,0,2.3250,3.1786,1
audio05.TextGrid,35,7,great,122.620,122.860,5.88,4,JJ,0,7.7272,6.8299,1
audio05.TextGrid,35,8,dimaggio,122.860,123.480,2.53,7,NN,1,4.1878,4.3215,1
audio05.TextGrid,35,9,fishing,123.480,123.900,4.47,5,VBG,1,7.8915,5.9671,1
audio05.TextGrid,35,10,the,124.230,124.360,7.73,2,DT,0,2.2321,0.2341,1
audio05.TextGrid,35,11,old,124.360,124.570,5.75,3,JJ,0,7.3311,1.6683,1
audio05.TextGrid,35,12,man,124.570,124.790,5.82,3,NN,0,7.6939,0.0046,1
audio05.TextGrid,35,13,said,124.790,125.150,6.01,3,VBD,0,5.4724,0.1003,1
audio05.TextGrid,36,1,they,125.950,126.070,6.5,2,PRP,0,4.6769,5.5328,1
audio05.TextGrid,36,2,say,126.070,126.310,5.89,2,VBP,0,5.5408,4.1620,1
audio05.TextGrid,36,3,his,126.310,126.490,6.51,3,PRP$,0,6.2445,4.7929,1
audio05.TextGrid,36,4,father,126.490,126.790,5.26,4,NN,0,8.9688,3.7397,1
audio05.TextGrid,36,5,was,126.790,126.990,6.82,3,VBD,0,5.7322,1.8806,1
audio05.TextGrid,36,6,a,126.990,127.040,7.36,1,DT,0,3.3196,1.0177,1
audio05.TextGrid,36,7,fisherman,127.040,127.630,3.49,7,NN,1,4.1405,2.2732,1
audio05.TextGrid,37,1,maybe,128.130,128.460,5.45,4,RB,0,9.9133,5.0608,1
audio05.TextGrid,37,2,he,128.460,128.550,6.69,2,PRP,0,5.3385,1.2292,1
audio05.TextGrid,37,3,was,128.550,128.780,6.82,3,VBD,0,3.9474,1.1586,1
audio05.TextGrid,37,4,as,128.780,128.910,6.77,2,RB,0,5.0370,5.3385,1
audio05.TextGrid,37,5,poor,128.910,129.250,5.09,3,JJ,0,8.5030,4.9562,1
audio05.TextGrid,37,6,as,129.250,129.350,6.77,2,IN,0,5.5795,0.2524,1
audio05.TextGrid,37,7,we,129.350,129.590,6.54,2,PRP,0,5.6757,3.8893,1
audio05.TextGrid,37,8,are,129.590,129.830,6.74,2,VBP,0,5.5157,0.9071,1
audio05.TextGrid,37,9,and,129.830,129.990,7.41,3,CC,0,4.2389,3.0347,1
audio05.TextGrid,37,10,would,129.990,130.110,6.27,3,MD,0,4.5194,4.4212,1
audio05.TextGrid,37,11,understand,130.110,130.860,5.37,9,VB,0,8.5214,8.8404,1
audio05.TextGrid,38,1,the,132.500,132.590,7.73,2,DT,0,1.8241,3.8482,1
audio05.TextGrid,38,2,great,132.590,132.850,5.88,4,JJ,0,7.7245,2.6541,1
audio05.TextGrid,38,3,sisler,132.850,133.250,1.55,6,NN,1,4.1855,6.3543,1
audio05.TextGrid,38,4,s,133.250,133.350,5.86,1,NN,1,5.8183,4.6294,1
audio05.TextGrid,38,5,father,133.350,133.620,5.26,4,NN,0,10.2351,1.4490,1
audio05.TextGrid,38,6,was,133.620,133.800,6.82,3,VBD,0,4.1705,0.7303,1
audio05.TextGrid,38,7,never,133.800,134.000,5.91,4,RB,0,7.3886,5.8621,1
audio05.TextGrid,38,8,poor,134.000,134.370,5.09,3,JJ,0,9.0521,2.3732,1
audio05.TextGrid,38,9,and,134.370,134.490,7.41,3,CC,0,3.8894,3.3790,1
audio05.TextGrid,38,10,he,134.490,134.760,6.69,2,PRP,0,5.6085,1.7600,1
audio05.TextGrid,38,11,the,134.760,134.880,7.73,2,DT,0,3.7670,3.8300,1
audio05.TextGrid,38,12,father,134.880,135.240,5.26,4,NN,0,8.8567,3.2225,1
audio05.TextGrid,38,13,was,135.240,135.410,6.82,3,VBD,0,4.9934,1.3317,1
audio05.TextGrid,38,14,playing,135.410,135.710,5.37,5,VBG,0,9.4629,8.2677,1
audio05.TextGrid,38,15,in,135.710,135.780,7.27,2,IN,0,3.4599,2.1486,1
audio05.TextGrid,38,16,the,135.780,135.840,7.73,2,DT,0,1.7209,0.6234,1
audio05.TextGrid,38,17,big,135.840,136.090,5.67,3,JJ,0,6.5831,6.5332,1
audio05.TextGrid,38,18,leagues,136.090,136.370,3.9,4,NNS,1,5.9694,2.4950,1
audio05.TextGrid,38,19,when,136.370,136.490,6.37,3,WRB,0,5.9568,2.8826,1
audio05.TextGrid,38,20,he,136.490,136.600,6.69,2,PRP,0,4.6755,0.7498,1
audio05.TextGrid,38,21,was,136.600,136.740,6.82,3,VBD,0,3.9210,1.3711,1
audio05.TextGrid,38,22,my,136.740,137.000,6.57,2,PRP$,0,7.8896,7.6110,1
audio05.TextGrid,38,23,age,137.000,137.320,5.32,2,NN,0,7.8674,0.2384,1
audio05.TextGrid,39,1,when,138.800,138.920,6.37,3,WRB,0,6.5749,4.7324,1
audio05.TextGrid,39,2,i,138.920,139.090,7.09,1,NN,0,5.6712,1.3598,1
audio05.TextGrid,39,3,was,139.090,139.310,6.82,3,VBD,0,3.9261,0.6144,1
audio05.TextGrid,39,4,your,139.310,139.600,6.53,3,PRP$,0,7.3915,5.3719,1
audio05.TextGrid,39,5,age,139.600,139.800,5.32,2,NN,0,7.8674,0.0150,1
audio05.TextGrid,39,6,i,139.800,139.960,7.09,1,NN,0,7.0890,2.3747,1
audio05.TextGrid,39,7,was,139.960,140.220,6.82,3,VBD,0,4.1370,1.9535,1
audio05.TextGrid,39,8,before,140.220,140.690,5.93,5,IN,0,7.1474,8.4170,1
audio05.TextGrid,39,9,the,140.690,140.770,7.73,2,DT,0,1.9651,2.0788,1
audio05.TextGrid,39,10,mast,140.770,141.140,3.52,4,NN,1,4.1428,9.2668,1
audio05.TextGrid,39,11,on,141.140,141.280,6.91,2,IN,0,4.4392,5.6212,1
audio05.TextGrid,39,12,a,141.280,141.350,7.36,1,DT,0,2.5775,2.4817,1
audio05.TextGrid,39,13,square,141.350,141.890,4.84,5,NN,0,10.0312,9.2766,1
audio05.TextGrid,39,14,rigged,141.890,142.230,3.63,4,VBN,0,13.1171,9.0924,1
audio05.TextGrid,39,15,ship,142.230,142.570,4.93,3,NN,0,9.0617,4.1666,1
audio05.TextGrid,39,16,that,142.570,142.740,7.01,3,WDT,0,4.1861,3.8257,1
audio05.TextGrid,39,17,ran,142.740,143.010,4.87,3,VBD,0,10.2378,3.3977,1
audio05.TextGrid,39,18,to,143.010,143.180,7.43,2,TO,0,3.5273,3.8179,1
audio05.TextGrid,39,19,africa,143.180,143.710,4.92,6,VB,0,12.0972,7.5566,1
audio05.TextGrid,39,20,and,143.840,143.990,7.41,3,CC,0,3.8382,1.8254,1
audio05.TextGrid,39,21,i,143.990,144.170,7.09,1,VB,0,5.9680,2.5391,1
audio05.TextGrid,39,22,have,144.170,144.300,6.71,3,VBP,0,5.5546,4.6804,1
audio05.TextGrid,39,23,seen,144.300,144.570,5.52,3,VBN,0,8.8792,2.3817,1
audio05.TextGrid,39,24,lions,144.570,145.100,4.18,5,NNS,1,7.6948,9.6736,1
audio05.TextGrid,39,25,on,145.100,145.260,6.91,2,IN,0,4.2760,3.2972,1
audio05.TextGrid,39,26,the,145.260,145.330,7.73,2,DT,0,1.7038,0.9056,1
audio05.TextGrid,39,27,beaches,145.330,145.850,3.96,5,NNS,1,6.4476,5.6266,1
audio05.TextGrid,39,28,in,145.850,145.920,7.27,2,IN,0,3.2303,3.7307,1
audio05.TextGrid,39,29,the,145.920,146.050,7.73,2,DT,0,1.6994,1.2390,1
audio05.TextGrid,39,30,evening,146.050,146.580,4.86,5,NN,0,8.8496,6.2872,1
audio05.TextGrid,40,1,i,148.130,148.250,7.09,1,NN,0,5.5144,1.8705,1
audio05.TextGrid,40,2,know,148.250,148.500,6.1,2,VBP,0,7.0565,2.9388,1
audio05.TextGrid,40,3,you,148.700,148.790,6.98,2,PRP,0,6.3547,2.9857,1
audio05.TextGrid,40,4,told,148.790,149.150,5.54,4,VBD,0,9.0167,4.6714,1
audio05.TextGrid,40,5,me,149.150,149.350,6.48,2,PRP,0,8.7643,0.2076,1
audio05.TextGrid,41,1,should,151.210,151.350,5.99,3,MD,0,10.3591,8.8015,1
audio05.TextGrid,41,2,we,151.350,151.500,6.54,2,PRP,0,7.9686,1.4042,1
audio05.TextGrid,41,3,talk,151.500,151.790,5.42,3,VB,0,9.5555,4.9133,1
audio05.TextGrid,41,4,about,151.790,152.070,6.4,4,IN,0,5.6268,0.5682,1
audio05.TextGrid,41,5,africa,152.070,152.620,4.92,6,NN,0,11.2287,7.9829,1
audio05.TextGrid,41,6,or,152.620,152.840,6.54,2,CC,0,5.3181,2.7581,1
audio05.TextGrid,41,7,about,152.840,153.070,6.4,4,IN,0,6.9146,1.6551,1
audio05.TextGrid,41,8,baseball,153.070,153.740,4.54,6,NN,0,10.8157,4.4631,1
audio05.TextGrid,42,1,baseball,154.930,155.520,4.54,6,NN,0,10.9288,7.9366,1
audio05.TextGrid,42,2,i,155.520,155.570,7.09,1,NN,0,8.2207,5.8603,1
audio05.TextGrid,42,3,think,155.570,155.970,6.08,4,VBP,0,6.8436,2.3870,1
audio05.TextGrid,42,4,the,156.120,156.200,7.73,2,DT,0,2.5267,0.1670,1
audio05.TextGrid,42,5,boy,156.200,156.410,5.17,2,NN,0,10.2395,0.6008,1
audio05.TextGrid,42,6,said,156.410,156.800,6.01,3,VBD,0,5.1241,0.4261,1
audio05.TextGrid,42,7,tell,157.210,157.370,5.53,3,IN,0,11.2979,6.9554,1
audio05.TextGrid,42,8,me,157.370,157.500,6.48,2,PRP,0,8.9076,0.1990,1
audio05.TextGrid,42,9,about,157.500,157.700,6.4,4,IN,0,5.3018,0.4631,1
audio05.TextGrid,42,10,the,157.700,157.820,7.73,2,DT,0,1.7728,1.4613,1
audio05.TextGrid,42,11,great,157.820,158.220,5.88,4,JJ,0,7.7242,4.1862,1
audio05.TextGrid,42,12,john,158.220,158.840,5.38,3,NN,0,7.5817,5.7659,1
audio05.TextGrid,42,13,j,158.840,158.980,5.0,2,NN,1,5.5050,5.9447,1
audio05.TextGrid,42,14,mcgraw,158.980,159.610,3.37,5,NN,1,4.8735,5.8734,1
audio05.TextGrid,43,1,he,160.530,160.660,6.69,2,PRP,0,4.5353,4.0672,1
audio05.TextGrid,43,2,said,160.660,160.930,6.01,3,VBD,0,3.3819,2.6732,1
audio05.TextGrid,43,3,jota,160.930,161.330,2.16,4,NN,1,6.5497,21.2000,1
audio05.TextGrid,43,4,for,161.330,161.520,7.01,3,IN,0,4.4309,5.7876,1
audio05.TextGrid,43,5,j,161.520,161.950,5.0,2,NN,1,5.7876,4.2866,1
audio05.TextGrid,44,1,he,163.850,164.040,6.69,2,PRP,0,4.5353,2.6936,1
audio05.TextGrid,44,2,used,164.040,164.250,5.8,4,VBD,0,6.5183,4.7520,1
audio05.TextGrid,44,3,to,164.250,164.320,7.43,2,TO,0,2.6845,0.0297,1
audio05.TextGrid,44,4,come,164.320,164.500,5.78,3,VB,0,6.8395,3.2274,1
audio05.TextGrid,44,5,to,164.500,164.600,7.43,2,TO,0,3.1276,1.0832,1
audio05.TextGrid,44,6,the,164.600,164.730,7.73,2,DT,0,2.6069,0.8045,1
audio05.TextGrid,44,7,terrace,164.730,165.080,3.88,5,NN,0,11.0453,0.3700,1
audio05.TextGrid,44,8,sometimes,165.080,165.600,5.28,7,RB,0,10.1554,4.8792,1
audio05.TextGrid,44,9,too,165.600,165.820,5.95,2,RB,0,7.2427,6.0315,1
audio05.TextGrid,44,10,in,165.820,165.920,7.27,2,IN,0,2.7257,6.2369,1
audio05.TextGrid,44,11,the,165.920,166.040,7.73,2,DT,0,1.7496,0.9155,1
audio05.TextGrid,44,12,older,166.040,166.310,4.92,4,JJR,0,10.1167,9.6089,1
audio05.TextGrid,44,13,days,166.310,166.720,5.61,3,NNS,0,6.3831,0.7893,1
audio05.TextGrid,44,14,but,167.020,167.180,6.63,3,CC,0,5.8345,2.9816,1
audio05.TextGrid,44,15,he,167.180,167.290,6.69,2,PRP,0,5.0702,1.2962,1
audio05.TextGrid,44,16,was,167.290,167.500,6.82,3,VBD,0,4.9100,1.7902,1
audio05.TextGrid,44,17,rough,167.500,167.880,4.49,3,JJ,0,10.8142,8.9237,1
audio05.TextGrid,44,18,and,167.880,167.990,7.41,2,CC,0,3.7098,1.7063,1
audio05.TextGrid,44,19,harsh,167.990,168.270,4.14,4,JJ,0,8.8301,7.5824,1
audio05.TextGrid,44,20,spoken,168.270,168.800,4.45,6,NN,1,5.5329,6.1614,1
audio05.TextGrid,44,21,and,168.800,168.910,7.41,2,CC,0,4.2891,0.8903,1
audio05.TextGrid,44,22,difficult,168.910,169.500,5.07,8,JJ,0,9.1367,7.0964,1
audio05.TextGrid,44,23,when,169.500,169.610,6.37,3,WRB,0,7.5100,5.5629,1
audio05.TextGrid,44,24,he,169.610,169.720,6.69,2,PRP,0,4.6648,0.5459,1
audio05.TextGrid,44,25,was,169.720,169.870,6.82,3,VBD,0,3.9210,1.1800,1
audio05.TextGrid,44,26,drinking,169.870,170.410,4.71,7,VBG,0,11.1678,9.3806,1
audio05.TextGrid,45,1,his,170.960,171.130,6.51,3,PRP$,0,5.4396,4.0670,1
audio05.TextGrid,45,2,mind,171.130,171.420,5.41,4,NN,0,10.3447,6.4674,1
audio05.TextGrid,45,3,was,171.420,171.590,6.82,3,VBD,0,4.2184,0.4284,1
audio05.TextGrid,45,4,on,171.590,171.770,6.91,2,IN,0,4.9418,4.9254,1
audio05.TextGrid,45,5,horses,171.770,172.230,4.45,6,NNS,1,6.8972,7.7814,1
audio05.TextGrid,45,6,as,172.230,172.350,6.77,2,RB,0,4.5402,5.4649,1
audio05.TextGrid,45,7,well,172.350,172.560,6.03,3,RB,0,7.9462,1.6615,1
audio05.TextGrid,45,8,as,172.560,172.680,6.77,2,IN,0,5.1778,1.2512,1
audio05.TextGrid,45,9,baseball,172.680,173.240,4.54,6,NN,0,11.0385,3.5510,1
audio05.TextGrid,46,1,at,173.830,173.980,6.7,2,IN,0,5.5118,4.9445,1
audio05.TextGrid,46,2,least,173.980,174.270,5.44,4,JJS,0,7.3693,3.2085,1
audio05.TextGrid,46,3,he,174.270,174.380,6.69,2,PRP,0,5.3865,1.2405,1
audio05.TextGrid,46,4,carried,174.380,174.820,4.77,5,VBD,0,8.2993,7.0968,1
audio05.TextGrid,46,5,lists,174.820,175.150,4.38,5,NNS,1,7.8040,12.5627,1
audio05.TextGrid,46,6,of,175.150,175.280,7.4,2,IN,0,2.9201,0.8489,1
audio05.TextGrid,46,7,horses,175.280,175.710,4.45,6,NNS,1,6.8212,5.1554,1
audio05.TextGrid,46,8,at,175.710,175.830,6.7,2,IN,0,4.7074,4.6210,1
audio05.TextGrid,46,9,all,175.830,175.990,6.52,2,DT,0,5.4409,2.3533,1
audio05.TextGrid,46,10,times,175.990,176.410,5.56,4,NNS,0,8.2307,0.2988,1
audio05.TextGrid,46,11,in,176.410,176.490,7.27,2,IN,0,3.5253,3.9757,1
audio05.TextGrid,46,12,his,176.490,176.630,6.51,3,PRP$,0,5.3078,0.5351,1
audio05.TextGrid,46,13,pocket,176.630,177.060,4.48,5,NN,0,10.3571,2.2354,1
audio05.TextGrid,46,14,and,177.450,177.580,7.41,2,CC,0,4.3268,2.2055,1
audio05.TextGrid,46,15,frequently,177.580,178.120,4.56,10,RB,0,9.9437,8.4628,1
audio05.TextGrid,46,16,spoke,178.120,178.460,4.61,4,VBD,0,11.1076,5.6673,1
audio05.TextGrid,46,17,the,178.460,178.550,7.73,2,DT,0,2.4451,3.9806,1
audio05.TextGrid,46,18,names,178.550,178.840,4.91,4,NNS,0,10.0988,2.5270,1
audio05.TextGrid,46,19,of,178.840,178.960,7.4,2,IN,0,3.0194,0.0787,1
audio05.TextGrid,46,20,horses,178.960,179.330,4.45,6,NNS,1,6.8178,3.4852,1
audio05.TextGrid,46,21,on,179.330,179.450,6.91,2,IN,0,4.4781,3.5110,1
audio05.TextGrid,46,22,the,179.450,179.550,7.73,2,DT,0,1.7015,0.9604,1
audio05.TextGrid,46,23,telephone,179.550,180.200,4.41,7,NN,0,7.7308,6.9047,1
audio06.TextGrid,1,1,he,0.890,1.000,6.69,2,PRP,0,4.5353,2.6147,1
audio06.TextGrid,1,2,was,1.000,1.160,6.82,3,VBD,0,3.9158,1.3671,1
audio06.TextGrid,1,3,a,1.160,1.220,7.36,1,DT,0,3.3341,1.3613,1
audio06.TextGrid,1,4,great,1.220,1.540,5.88,4,JJ,0,7.7281,2.0700,1
audio06.TextGrid,1,5,manager,1.540,2.010,4.97,6,NN,0,6.9896,5.7895,1
audio06.TextGrid,1,6,the,2.160,2.230,7.73,2,DT,0,4.1027,0.2317,1
audio06.TextGrid,1,7,boy,2.230,2.450,5.17,2,NN,0,10.2457,0.3352,1
audio06.TextGrid,1,8,said,2.450,2.800,6.01,3,VBD,0,4.5301,0.1826,1
audio06.TextGrid,2,1,my,3.440,3.570,6.57,2,PRP$,0,7.2801,5.2244,1
audio06.TextGrid,2,2,father,3.570,3.910,5.26,4,NN,0,8.9676,1.0961,1
audio06.TextGrid,2,3,thinks,3.910,4.170,4.78,5,VBZ,0,9.0589,7.9569,1
audio06.TextGrid,2,4,he,4.170,4.250,6.69,2,PRP,0,5.3680,0.9353,1
audio06.TextGrid,2,5,was,4.250,4.460,6.82,3,VBD,0,5.3812,0.8857,1
audio06.TextGrid,2,6,the,4.480,4.570,7.73,2,DT,0,2.4462,2.6447,1
audio06.TextGrid,2,7,greatest,4.570,5.150,4.79,7,JJS,0,9.6204,1.9125,1
audio06.TextGrid,3,1,because,6.250,6.600,6.03,5,IN,0,6.7432,6.7090,1
audio06.TextGrid,3,2,he,6.600,6.710,6.69,2,PRP,0,4.5103,1.1122,1
audio06.TextGrid,3,3,came,6.710,6.960,5.5,3,VBD,0,8.2431,4.9326,1
audio06.TextGrid,3,4,here,6.960,7.190,5.97,3,RB,0,7.1930,2.6705,1
audio06.TextGrid,3,5,the,7.190,7.290,7.73,2,DT,0,3.5068,5.1506,1
audio06.TextGrid,3,6,most,7.290,7.550,6.0,3,RBS,0,6.2597,3.6870,1
audio06.TextGrid,3,7,times,7.550,8.110,5.56,4,NNS,0,8.0015,5.5952,1
audio06.TextGrid,3,8,the,8.410,8.520,7.73,2,DT,0,3.3370,0.1277,1
audio06.TextGrid,3,9,old,8.520,8.720,5.75,3,JJ,0,7.3398,0.3850,1
audio06.TextGrid,3,10,man,8.720,8.960,5.82,3,NN,0,7.6961,0.0036,1
audio06.TextGrid,3,11,said,8.960,9.320,6.01,3,VBD,0,3.9372,0.1016,1
audio06.TextGrid,4,1,if,9.850,9.970,6.47,2,IN,0,6.7770,4.2999,1
audio06.TextGrid,4,2,durocher,9.970,10.500,1.86,7,NN,1,5.7709,16.4844,1
audio06.TextGrid,4,3,had,10.500,10.630,6.33,3,VBD,0,6.4487,1.7045,1
audio06.TextGrid,4,4,continued,10.630,11.100,4.96,9,VBN,0,8.6627,7.4600,1
audio06.TextGrid,4,5,to,11.100,11.170,7.43,2,TO,0,2.9941,1.1440,1
audio06.TextGrid,4,6,come,11.170,11.420,5.78,3,VB,0,6.8642,2.2362,1
audio06.TextGrid,4,7,here,11.420,11.650,5.97,3,RB,0,7.2847,2.1818,1
audio06.TextGrid,4,8,each,11.650,11.890,5.69,2,DT,0,8.1033,7.7041,1
audio06.TextGrid,4,9,year,11.890,12.060,5.96,3,NN,0,4.9255,1.4399,1
audio06.TextGrid,4,10,your,12.060,12.240,6.53,3,PRP$,0,8.6738,8.4727,1
audio06.TextGrid,4,11,father,12.240,12.520,5.26,4,NN,0,8.9722,0.5609,1
audio06.TextGrid,4,12,would,12.520,12.710,6.27,3,MD,0,5.3258,0.3655,1
audio06.TextGrid,4,13,think,12.710,12.950,6.08,4,VB,0,6.4251,5.7521,1
audio06.TextGrid,4,14,him,12.950,13.120,6.11,3,PRP,0,8.1915,4.2968,1
audio06.TextGrid,4,15,the,13.120,13.210,7.73,2,DT,0,3.5322,2.9019,1
audio06.TextGrid,4,16,greatest,13.210,13.650,4.79,7,JJS,0,9.6264,0.5774,1
audio06.TextGrid,4,17,manager,13.650,14.160,4.97,6,NN,0,7.3790,1.5273,1
audio06.TextGrid,5,1,who,15.780,15.960,6.34,2,WP,0,6.0467,5.4601,1
audio06.TextGrid,5,2,is,15.960,16.080,7.07,2,VBZ,0,3.7676,2.0711,1
audio06.TextGrid,5,3,the,16.080,16.160,7.73,2,DT,0,2.4046,1.7676,1
audio06.TextGrid,5,4,greatest,16.160,16.580,4.79,7,JJS,0,9.6249,0.5304,1
audio06.TextGrid,5,5,manager,16.580,17.050,4.97,6,NN,0,7.3403,0.3363,1
audio06.TextGrid,5,6,really,17.050,17.410,5.97,4,RB,0,8.2417,5.4127,1
audio06.TextGrid,5,7,luque,17.780,18.020,1.8,3,VBZ,1,3.5465,20.4141,1
audio06.TextGrid,5,8,or,18.020,18.270,6.54,1,CC,0,5.9119,2.6202,1
audio06.TextGrid,5,9,mike,18.270,18.450,4.8,3,VB,0,12.7460,7.6695,1
audio06.TextGrid,5,10,gonzalez,18.450,19.120,3.48,8,NN,1,5.9859,7.0814,1
audio06.TextGrid,6,1,i,20.070,20.140,7.09,1,NN,0,5.5144,1.4761,1
audio06.TextGrid,6,2,think,20.140,20.370,6.08,4,VBP,0,6.6270,2.0378,1
audio06.TextGrid,6,3,they,20.370,20.520,6.5,2,PRP,0,5.4117,3.3503,1
audio06.TextGrid,6,4,are,20.520,20.700,6.74,2,VBP,0,5.6221,1.2902,1
audio06.TextGrid,6,5,equal,20.700,21.160,4.65,5,JJ,0,9.7203,6.0042,1
audio06.TextGrid,7,1,and,22.330,22.430,7.41,2,CC,0,3.7036,3.7753,1
audio06.TextGrid,7,2,the,22.430,22.510,7.73,2,DT,0,2.0380,3.1881,1
audio06.TextGrid,7,3,best,22.510,22.810,5.84,4,JJS,0,7.8104,2.1853,1
audio06.TextGrid,7,4,fisherman,22.810,23.230,3.49,7,NN,1,4.6035,12.2435,1
audio06.TextGrid,7,5,is,23.230,23.370,7.07,2,VBZ,0,3.5679,2.6186,1
audio06.TextGrid,7,6,you,23.370,23.670,6.98,2,PRP,0,6.5314,4.6198,1
audio06.TextGrid,8,1,no,24.420,25.030,6.35,2,DT,0,5.7679,3.7685,1
audio06.TextGrid,8,2,i,25.170,25.350,7.09,1,NN,0,8.2555,1.4110,1
audio06.TextGrid,8,3,know,25.350,25.580,6.1,2,VBP,0,7.4964,3.5581,1
audio06.TextGrid,8,4,others,25.580,25.880,5.42,4,NNS,0,9.6622,7.8274,1
audio06.TextGrid,8,5,better,25.880,26.270,5.76,4,RBR,0,8.7007,3.1420,1
audio06.TextGrid,9,1,que,27.150,27.340,3.84,3,NN,1,5.9246,10.9723,1
audio06.TextGrid,9,2,va,27.340,27.770,4.26,2,VBZ,1,3.9034,10.4447,1
audio06.TextGrid,9,3,the,27.880,27.960,7.73,2,DT,0,2.6327,0.3217,1
audio06.TextGrid,9,4,boy,27.960,28.200,5.17,2,NN,0,10.2400,0.7888,1
audio06.TextGrid,9,5,said,28.200,28.540,6.01,3,VBD,0,5.1149,0.1569,1
audio06.TextGrid,9,6,there,28.800,28.940,6.31,3,EX,0,6.2268,4.3224,1
audio06.TextGrid,9,7,are,28.940,29.080,6.74,2,VBP,0,4.8256,1.2839,1
audio06.TextGrid,9,8,many,29.080,29.330,5.91,4,JJ,0,6.8394,2.3759,1
audio06.TextGrid,9,9,good,29.330,29.560,6.12,3,JJ,0,7.6818,2.9633,1
audio06.TextGrid,9,10,fishermen,29.560,30.020,3.65,7,NNS,1,5.9575,1.1510,1
audio06.TextGrid,9,11,and,30.020,30.150,7.41,2,CC,0,4.1840,3.4099,1
audio06.TextGrid,9,12,some,30.150,30.340,6.2,3,DT,0,6.0003,3.1281,1
audio06.TextGrid,9,13,great,30.340,30.670,5.88,4,JJ,0,7.7368,2.8411,1
audio06.TextGrid,9,14,ones,30.670,31.020,5.07,4,NNS,0,8.3899,2.0173,1
audio06.TextGrid,9,15,but,31.330,31.500,6.63,3,CC,0,5.8407,2.2005,1
audio06.TextGrid,9,16,there,31.500,31.640,6.31,3,EX,0,6.2862,2.8748,1
audio06.TextGrid,9,17,is,31.640,31.760,7.07,2,VBZ,0,3.8793,1.3336,1
audio06.TextGrid,9,18,only,31.760,32.100,6.12,4,RB,0,6.2264,2.2178,1
audio06.TextGrid,9,19,you,32.100,32.390,6.98,2,PRP,0,7.6997,5.1018,1
audio06.TextGrid,10,1,thank,33.610,33.920,5.48,4,NN,1,5.9246,6.5932,1
audio06.TextGrid,10,2,you,33.920,34.120,6.98,2,PRP,0,8.4373,0.1348,1
audio06.TextGrid,10,3,you,34.280,34.380,6.98,2,PRP,0,7.9349,2.4367,1
audio06.TextGrid,10,4,make,34.380,34.580,6.08,3,VBP,0,5.7712,5.8890,1
audio06.TextGrid,10,5,me,34.580,34.770,6.48,2,PRP,0,8.6002,1.2571,1
audio06.TextGrid,10,6,happy,34.770,35.230,5.35,4,JJ,0,12.1329,2.3219,1
audio06.TextGrid,11,1,i,36.040,36.140,7.09,1,NNS,0,5.5144,1.2331,1
audio06.TextGrid,11,2,hope,36.140,36.410,5.44,3,VBP,0,8.4353,3.3467,1
audio06.TextGrid,11,3,no,36.410,36.580,6.35,2,DT,0,6.4551,5.6533,1
audio06.TextGrid,11,4,fish,36.580,36.860,4.9,3,NN,1,4.3532,6.4941,1
audio06.TextGrid,11,5,will,36.860,36.970,6.45,3,MD,0,5.9497,2.0860,1
audio06.TextGrid,11,6,come,36.970,37.190,5.78,3,VB,0,6.4504,1.8144,1
audio06.TextGrid,11,7,along,37.190,37.510,5.38,4,RB,0,8.7893,4.4235,1
audio06.TextGrid,11,8,so,37.510,37.730,6.52,2,RB,0,7.6288,5.6933,1
audio06.TextGrid,11,9,great,37.730,37.960,5.88,4,JJ,0,7.9208,6.9908,1
audio06.TextGrid,11,10,that,37.960,38.120,7.01,3,IN,0,4.9122,1.5879,1
audio06.TextGrid,11,11,he,38.120,38.200,6.69,2,PRP,0,4.7839,4.9061,1
audio06.TextGrid,11,12,will,38.200,38.350,6.45,3,MD,0,5.6209,0.8409,1
audio06.TextGrid,11,13,prove,38.350,38.610,4.77,4,VB,0,7.4040,8.7066,1
audio06.TextGrid,11,14,us,38.610,38.820,6.04,2,PRP,0,7.4875,5.3971,1
audio06.TextGrid,11,15,wrong,38.820,39.270,5.39,3,JJ,0,10.0249,0.4871,1
audio06.TextGrid,12,1,there,40.830,41.030,6.31,3,EX,0,5.7321,4.2444,1
audio06.TextGrid,12,2,is,41.030,41.210,7.07,2,VBZ,0,3.4079,0.9497,1
audio06.TextGrid,12,3,no,41.210,41.370,6.35,2,DT,0,6.4200,1.5061,1
audio06.TextGrid,12,4,such,41.370,41.650,5.84,3,JJ,0,6.2326,3.0606,1
audio06.TextGrid,12,5,fish,41.650,41.910,4.9,3,NN,1,4.1721,0.9007,1
audio06.TextGrid,12,6,if,41.910,42.020,6.47,2,IN,0,6.0693,6.5508,1
audio06.TextGrid,12,7,you,42.020,42.200,6.98,2,PRP,0,5.6101,1.3648,1
audio06.TextGrid,12,8,are,42.200,42.230,6.74,1,VBP,0,5.5575,2.7861,1
audio06.TextGrid,12,9,still,42.230,42.500,5.92,4,RB,0,6.7051,4.8545,1
audio06.TextGrid,12,10,strong,42.500,42.860,5.22,5,JJ,0,7.3958,5.8627,1
audio06.TextGrid,12,11,as,42.860,42.970,6.77,2,IN,0,4.8547,4.1853,1
audio06.TextGrid,12,12,you,42.970,43.070,6.98,2,PRP,0,5.7060,1.3014,1
audio06.TextGrid,12,13,say,43.070,43.470,5.89,2,VBP,0,6.9644,6.3454,1
audio06.TextGrid,13,1,i,44.620,44.740,7.09,1,NN,0,5.5144,1.5307,1
audio06.TextGrid,13,2,may,44.740,44.880,5.98,2,MD,0,5.5988,5.7386,1
audio06.TextGrid,13,3,not,44.880,45.000,6.69,3,RB,0,6.1920,2.3845,1
audio06.TextGrid,13,4,be,45.000,45.230,6.79,2,VB,0,4.4496,0.9816,1
audio06.TextGrid,13,5,as,45.230,45.320,6.77,2,RB,0,5.0211,2.9860,1
audio06.TextGrid,13,6,strong,45.320,45.650,5.22,5,JJ,0,7.9166,0.1539,1
audio06.TextGrid,13,7,as,45.650,45.770,6.77,2,IN,0,5.8368,0.1393,1
audio06.TextGrid,13,8,i,45.770,45.900,7.09,1,NN,0,5.5305,1.5164,1
audio06.TextGrid,13,9,think,45.900,46.250,6.08,4,VBP,0,8.2903,3.5401,1
audio06.TextGrid,14,1,the,46.740,46.850,7.73,2,DT,0,1.8241,0.1179,1
audio06.TextGrid,14,2,old,46.850,47.060,5.75,3,JJ,0,7.3292,0.8656,1
audio06.TextGrid,14,3,man,47.060,47.280,5.82,3,NN,0,7.6921,0.0055,1
audio06.TextGrid,14,4,said,47.280,47.600,6.01,3,VBD,0,3.5568,0.0809,1
audio06.TextGrid,14,5,but,47.890,48.030,6.63,3,CC,0,5.6168,1.5393,1
audio06.TextGrid,14,6,i,48.030,48.170,7.09,1,VBD,0,7.5242,0.9936,1
audio06.TextGrid,14,7,know,48.170,48.340,6.1,2,VBP,0,7.9210,2.4872,1
audio06.TextGrid,14,8,many,48.340,48.620,5.91,4,JJ,0,6.8180,5.1632,1
audio06.TextGrid,14,9,tricks,48.620,49.270,4.15,5,NNS,1,5.3688,7.9541,1
audio06.TextGrid,14,10,and,49.470,49.590,7.41,2,CC,0,4.2060,2.2103,1
audio06.TextGrid,14,11,i,49.590,49.720,7.09,1,NNS,0,5.9400,2.1650,1
audio06.TextGrid,14,12,have,49.720,49.890,6.71,3,VBP,0,4.4129,2.3873,1
audio06.TextGrid,14,13,resolution,49.890,50.510,4.59,9,NN,0,11.6524,15.1804,1
audio06.TextGrid,15,1,you,52.370,52.550,6.98,2,PRP,0,5.7058,2.4238,1
audio06.TextGrid,15,2,ought,52.550,52.630,4.35,2,MD,0,8.7543,6.2870,1
audio06.TextGrid,15,3,to,52.630,52.700,7.43,2,TO,0,4.2062,0.1944,1
audio06.TextGrid,15,4,go,52.700,52.830,6.03,2,VB,0,6.5777,3.1275,1
audio06.TextGrid,15,5,to,52.830,52.900,7.43,2,TO,0,3.4124,1.4169,1
audio06.TextGrid,15,6,bed,52.900,53.140,5.07,3,RB,1,6.5585,3.8004,1
audio06.TextGrid,15,7,now,53.140,53.390,6.18,2,RB,0,5.8335,3.0342,1
audio06.TextGrid,15,8,so,53.390,53.540,6.52,2,RB,0,5.8795,5.5308,1
audio06.TextGrid,15,9,that,53.540,53.700,7.01,3,IN,0,4.3575,1.4501,1
audio06.TextGrid,15,10,you,53.700,53.790,6.98,2,PRP,0,6.0340,0.7326,1
audio06.TextGrid,15,11,will,53.790,53.900,6.45,3,MD,0,5.5489,2.7510,1
audio06.TextGrid,15,12,be,53.900,54.050,6.79,2,VB,0,3.7609,1.7791,1
audio06.TextGrid,15,13,fresh,54.050,54.340,4.83,4,JJ,0,10.3108,7.2765,1
audio06.TextGrid,15,14,in,54.340,54.410,7.27,2,IN,0,3.8586,2.6854,1
audio06.TextGrid,15,15,the,54.410,54.490,7.73,2,DT,0,1.7063,1.0666,1
audio06.TextGrid,15,16,morning,54.490,54.890,5.33,6,NN,0,8.8494,1.8944,1
audio06.TextGrid,16,1,i,55.550,55.640,7.09,1,NN,0,5.5144,1.7305,1
audio06.TextGrid,16,2,will,55.640,55.770,6.45,3,MD,0,4.2229,2.3890,1
audio06.TextGrid,16,3,take,55.770,55.990,5.92,3,VB,0,5.6108,3.1319,1
audio06.TextGrid,16,4,the,55.990,56.070,7.73,2,DT,0,2.3251,2.7644,1
audio06.TextGrid,16,5,things,56.070,56.400,5.74,4,NNS,0,8.4878,7.8319,1
audio06.TextGrid,16,6,back,56.400,56.600,6.04,3,RB,0,8.2568,7.1053,1
audio06.TextGrid,16,7,to,56.600,56.710,7.43,2,TO,0,3.5812,0.7838,1
audio06.TextGrid,16,8,the,56.710,56.800,7.73,2,DT,0,2.3998,1.3978,1
audio06.TextGrid,16,9,terrace,56.800,57.330,3.88,5,NN,0,11.0455,3.9688,1
audio06.TextGrid,17,1,good,58.690,58.910,6.12,3,JJ,0,7.5665,4.0561,1
audio06.TextGrid,17,2,night,58.910,59.040,5.61,3,NN,0,8.6122,1.1991,1
audio06.TextGrid,17,3,then,59.040,59.370,6.07,3,RB,0,8.3709,5.6358,1
audio06.TextGrid,17,4,i,59.400,59.450,7.09,1,VB,0,7.1917,1.4350,1
audio06.TextGrid,17,5,will,59.880,60.030,6.45,3,MD,0,5.1356,1.8042,1
audio06.TextGrid,17,6,wake,60.030,60.400,4.76,3,VB,0,12.6322,5.2290,1
audio06.TextGrid,17,7,you,60.400,60.510,6.98,2,PRP,0,7.7283,0.3595,1
audio06.TextGrid,17,8,in,60.510,60.570,7.27,2,IN,0,2.8943,2.6490,1
audio06.TextGrid,17,9,the,60.570,60.650,7.73,2,DT,0,1.7015,0.4640,1
audio06.TextGrid,17,10,morning,60.650,61.110,5.33,6,NN,0,8.8497,0.1108,1
audio06.TextGrid,18,1,you,62.260,62.380,6.98,2,PRP,0,5.7058,3.2475,1
audio06.TextGrid,18,2,re,62.380,62.440,5.23,2,VBP,1,3.9761,4.7115,1
audio06.TextGrid,18,3,my,62.440,62.650,6.57,2,PRP$,0,8.2445,5.3040,1
audio06.TextGrid,18,4,alarm,62.650,62.970,4.28,5,NN,1,4.2555,8.8124,1
audio06.TextGrid,18,5,clock,62.970,63.320,4.43,4,NN,0,11.4676,1.2144,1
audio06.TextGrid,18,6,the,63.440,63.540,7.73,2,DT,0,4.0686,0.3162,1
audio06.TextGrid,18,7,boy,63.540,63.760,5.17,2,NN,0,10.2442,0.8428,1
audio06.TextGrid,18,8,said,63.760,64.130,6.01,3,VBD,0,4.5292,0.0576,1
audio06.TextGrid,19,1,age,64.960,65.410,5.32,2,NN,0,9.5425,11.4638,1
audio06.TextGrid,19,2,is,65.410,65.550,7.07,2,VBZ,0,3.8990,1.3336,1
audio06.TextGrid,19,3,my,65.550,65.790,6.57,2,PRP$,0,8.0894,3.4984,1
audio06.TextGrid,19,4,alarm,65.790,66.080,4.28,5,NN,1,4.2527,2.2770,1
audio06.TextGrid,19,5,clock,66.080,66.450,4.43,4,NN,0,11.4719,0.5758,1
audio06.TextGrid,19,6,the,66.750,66.870,7.73,2,DT,0,4.0616,0.1784,1
audio06.TextGrid,19,7,old,66.870,67.060,5.75,3,JJ,0,7.3427,0.3625,1
audio06.TextGrid,19,8,man,67.060,67.290,5.82,3,NN,0,7.6998,0.0074,1
audio06.TextGrid,19,9,said,67.290,67.670,6.01,3,VBD,0,4.4049,0.0542,1
audio06.TextGrid,20,1,why,68.300,68.500,5.93,2,WRB,0,8.5208,4.8293,1
audio06.TextGrid,20,2,do,68.500,68.690,6.35,2,VBP,0,7.7790,1.9087,1
audio06.TextGrid,20,3,old,68.690,68.920,5.75,3,JJ,0,7.9634,7.5114,1
audio06.TextGrid,20,4,men,68.920,69.100,5.51,3,NNS,0,7.7984,0.8129,1
audio06.TextGrid,20,5,wake,69.100,69.390,4.76,3,VBP,0,10.8385,2.6755,1
audio06.TextGrid,20,6,so,69.390,69.680,6.52,2,RB,0,6.7334,3.9510,1
audio06.TextGrid,20,7,early,69.680,70.040,5.43,3,JJ,0,7.0740,2.3981,1
audio06.TextGrid,21,1,is,70.620,70.760,7.07,2,VBZ,0,7.3696,4.4840,1
audio06.TextGrid,21,2,it,70.760,70.920,6.95,2,PRP,0,4.5538,0.5814,1
audio06.TextGrid,21,3,to,70.920,71.000,7.43,2,TO,0,3.3152,3.6797,1
audio06.TextGrid,21,4,have,71.000,71.210,6.71,3,VB,0,4.6865,4.9504,1
audio06.TextGrid,21,5,one,71.210,71.510,6.47,3,CD,0,6.5411,5.6413,1
audio06.TextGrid,21,6,longer,71.510,71.990,5.16,5,JJR,0,9.5618,6.2727,1
audio06.TextGrid,21,7,day,71.990,72.430,5.95,2,NN,0,8.7813,1.6218,1
audio06.TextGrid,22,1,i,73.870,74.000,7.09,1,JJ,0,5.5144,1.7288,1
audio06.TextGrid,22,2,don,74.000,74.170,4.6,3,VBP,0,12.6352,1.8255,1
audio06.TextGrid,22,3,t,74.170,74.200,5.43,1,NN,1,5.4864,0.0005,1
audio06.TextGrid,22,4,know,74.200,74.500,6.1,2,VBP,0,7.8352,0.3100,1
audio06.TextGrid,22,5,the,74.660,74.770,7.73,2,DT,0,2.4396,0.1450,1
audio06.TextGrid,22,6,boy,74.770,74.990,5.17,2,NN,0,10.2391,0.5329,1
audio06.TextGrid,22,7,said,74.990,75.350,6.01,3,VBD,0,5.3696,0.0860,1
audio06.TextGrid,23,1,all,75.910,76.140,6.52,2,DT,0,5.5566,5.6166,1
audio06.TextGrid,23,2,i,76.140,76.270,7.09,1,NN,0,8.6922,0.7264,1
audio06.TextGrid,23,3,know,76.270,76.490,6.1,2,VBP,0,7.9885,0.1584,1
audio06.TextGrid,23,4,is,76.490,76.630,7.07,2,VBZ,0,4.6100,0.0876,1
audio06.TextGrid,23,5,that,76.630,76.820,7.01,3,IN,0,4.4601,0.5926,1
audio06.TextGrid,23,6,young,76.820,77.040,5.43,3,JJ,0,8.5433,5.2003,1
audio06.TextGrid,23,7,boys,77.040,77.430,5.03,3,NNS,0,9.4588,2.7098,1
audio06.TextGrid,23,8,sleep,77.430,77.770,5.05,4,JJ,0,10.2548,3.2074,1
audio06.TextGrid,23,9,late,77.770,78.010,5.34,3,JJ,0,8.1192,3.3630,1
audio06.TextGrid,23,10,and,78.010,78.150,7.41,3,CC,0,3.7166,1.3592,1
audio06.TextGrid,23,11,hard,78.150,78.630,5.53,4,JJ,0,7.7833,7.3252,1
audio06.TextGrid,24,1,i,79.990,80.110,7.09,1,NN,0,5.5144,2.0748,1
audio06.TextGrid,24,2,can,80.110,80.340,6.46,3,MD,0,5.3141,3.8726,1
audio06.TextGrid,24,3,remember,80.340,80.890,5.38,7,VB,0,9.5920,4.5976,1
audio06.TextGrid,24,4,it,80.890,81.090,6.95,2,PRP,0,4.3895,3.9594,1
audio06.TextGrid,24,5,the,81.470,81.570,7.73,2,DT,0,3.8258,0.1061,1
audio06.TextGrid,24,6,old,81.570,81.780,5.75,3,JJ,0,7.3408,0.2783,1
audio06.TextGrid,24,7,man,81.780,82.050,5.82,3,NN,0,7.6964,0.0085,1
audio06.TextGrid,24,8,said,82.050,82.460,6.01,3,VBD,0,4.4602,0.0270,1
audio06.TextGrid,25,1,i,83.390,83.490,7.09,1,NN,0,5.5144,1.6745,1
audio06.TextGrid,25,2,ll,83.490,83.570,4.66,1,VBP,1,3.9811,4.1909,1
audio06.TextGrid,25,3,waken,83.570,83.860,2.29,5,VBN,1,5.7477,9.8053,1
audio06.TextGrid,25,4,you,83.860,84.020,6.98,2,PRP,0,7.0189,0.2686,1
audio06.TextGrid,25,5,in,84.020,84.130,7.27,2,IN,0,2.9842,1.2905,1
audio06.TextGrid,25,6,time,84.130,84.570,6.29,3,NN,0,7.4945,5.1955,1
audio06.TextGrid,26,1,i,85.970,86.040,7.09,1,NNS,0,5.5144,1.8964,1
audio06.TextGrid,26,2,do,86.040,86.130,6.35,2,VBP,0,5.3616,4.4536,1
audio06.TextGrid,26,3,not,86.130,86.350,6.69,3,RB,0,5.5372,1.1683,1
audio06.TextGrid,26,4,like,86.350,86.520,6.41,3,VB,0,6.9985,3.6889,1
audio06.TextGrid,26,5,for,86.520,86.670,7.01,2,IN,0,5.1162,7.8099,1
audio06.TextGrid,26,6,him,86.670,86.800,6.11,3,PRP,0,7.4668,4.8012,1
audio06.TextGrid,26,7,to,86.800,86.900,7.43,2,TO,0,3.2404,0.1501,1
audio06.TextGrid,26,8,waken,86.900,87.230,2.29,5,VB,1,4.3477,4.6593,1
audio06.TextGrid,26,9,me,87.230,87.440,6.48,2,PRP,0,8.5498,1.4688,1
audio06.TextGrid,26,10,it,87.730,87.860,6.95,2,PRP,0,5.7812,3.0528,1
audio06.TextGrid,26,11,is,87.860,87.990,7.07,2,VBZ,0,4.2030,1.2457,1
audio06.TextGrid,26,12,as,87.990,88.120,6.77,2,IN,0,5.1941,4.6665,1
audio06.TextGrid,26,13,though,88.120,88.280,5.5,2,IN,0,8.4739,2.5015,1
audio06.TextGrid,26,14,i,88.280,88.370,7.09,1,NN,0,5.7477,1.8427,1
audio06.TextGrid,26,15,were,88.370,88.570,6.34,2,VBD,0,5.8659,2.8657,1
audio06.TextGrid,26,16,inferior,88.570,89.180,3.81,7,JJ,1,5.8008,10.8180,1
audio06.TextGrid,27,1,i,90.210,90.340,7.09,1,NN,0,5.5144,1.7182,1
audio06.TextGrid,27,2,know,90.340,90.620,6.1,2,VBP,0,7.0565,2.6855,1
audio06.TextGrid,27,3,sleep,92.040,92.340,5.05,4,RB,0,10.3310,7.1994,1
audio06.TextGrid,27,4,well,92.340,92.530,6.03,3,RB,0,6.6817,0.6802,1
audio06.TextGrid,27,5,old,92.530,92.740,5.75,3,JJ,0,7.8123,6.3459,1
audio06.TextGrid,27,6,man,92.740,93.030,5.82,3,NN,0,9.2768,0.4997,1
audio06.TextGrid,28,1,the,95.230,95.320,7.73,2,DT,0,1.8241,2.7449,1
audio06.TextGrid,28,2,boy,95.320,95.570,5.17,2,NN,0,10.2353,1.3614,1
audio06.TextGrid,28,3,went,95.570,95.780,5.5,4,VBD,0,7.4454,2.7099,1
audio06.TextGrid,28,4,out,95.780,96.110,6.38,2,IN,0,5.7251,2.3849,1
audio06.TextGrid,28,5,they,96.580,96.730,6.5,2,PRP,0,5.2122,4.5329,1
audio06.TextGrid,28,6,had,96.730,96.840,6.33,3,VBD,0,6.8348,2.4339,1
audio06.TextGrid,28,7,eaten,96.840,97.220,4.13,4,VBN,1,6.3642,5.7640,1
audio06.TextGrid,28,8,with,97.220,97.390,6.85,3,IN,0,4.1907,5.4365,1
audio06.TextGrid,28,9,no,97.390,97.570,6.35,2,DT,0,5.6710,5.6804,1
audio06.TextGrid,28,10,light,97.570,97.810,5.33,3,NN,0,7.7264,5.6198,1
audio06.TextGrid,28,11,on,97.810,97.920,6.91,2,IN,0,5.4019,3.6431,1
audio06.TextGrid,28,12,the,97.920,98.010,7.73,2,DT,0,1.7097,1.5209,1
audio06.TextGrid,28,13,table,98.010,98.430,5.05,5,NN,0,10.2351,3.0587,1
audio06.TextGrid,28,14,and,98.660,98.760,7.41,2,CC,0,4.2567,1.6072,1
audio06.TextGrid,28,15,the,98.760,98.850,7.73,2,DT,0,2.3299,1.9943,1
audio06.TextGrid,28,16,old,98.850,99.070,5.75,3,JJ,0,7.3317,1.4100,1
audio06.TextGrid,28,17,man,99.070,99.290,5.82,3,NN,0,7.6917,0.1119,1
audio06.TextGrid,28,18,took,99.290,99.500,5.51,3,VBD,0,7.5031,3.3817,1
audio06.TextGrid,28,19,off,99.500,99.670,5.93,2,RP,0,6.2500,2.5693,1
audio06.TextGrid,28,20,his,99.670,99.850,6.51,3,PRP$,0,5.9786,0.2554,1
audio06.TextGrid,28,21,trousers,99.850,100.400,3.7,6,NNS,1,5.5675,4.7240,1
audio06.TextGrid,28,22,and,100.400,100.590,7.41,3,CC,0,3.9923,0.8539,1
audio06.TextGrid,28,23,went,100.590,100.740,5.5,4,VBD,0,8.8229,2.8737,1
audio06.TextGrid,28,24,to,100.740,100.840,7.43,2,TO,0,3.3583,1.1003,1
audio06.TextGrid,28,25,bed,100.840,101.110,5.07,3,NN,1,6.9052,1.4433,1
audio06.TextGrid,28,26,in,101.110,101.190,7.27,2,IN,0,3.2658,4.2417,1
audio06.TextGrid,28,27,the,101.190,101.290,7.73,2,DT,0,1.7011,0.5395,1
audio06.TextGrid,28,28,dark,101.290,101.710,5.04,4,NN,0,10.7240,3.2573,1
audio06.TextGrid,29,1,he,102.400,102.470,6.69,2,PRP,0,4.5353,2.2156,1
audio06.TextGrid,29,2,rolled,102.470,102.810,4.21,4,VBD,0,9.2046,6.8602,1
audio06.TextGrid,29,3,his,102.810,103.030,6.51,3,PRP$,0,6.2985,2.2419,1
audio06.TextGrid,29,4,trousers,103.030,103.460,3.7,6,NNS,1,5.5828,5.2010,1
audio06.TextGrid,29,5,up,103.460,103.640,6.39,2,VBP,0,6.0907,2.4257,1
audio06.TextGrid,29,6,to,103.640,103.710,7.43,2,TO,0,3.5765,2.4843,1
audio06.TextGrid,29,7,make,103.710,103.870,6.08,3,VB,0,5.6504,5.5784,1
audio06.TextGrid,29,8,a,103.870,103.920,7.36,1,DT,0,3.2147,2.2924,1
audio06.TextGrid,29,9,pillow,103.920,104.370,3.96,4,NN,0,10.2390,4.1780,1
audio06.TextGrid,29,10,putting,104.570,104.900,4.86,5,VBG,0,10.8768,6.4717,1
audio06.TextGrid,29,11,the,104.900,105.010,7.73,2,DT,0,2.3037,2.6446,1
audio06.TextGrid,29,12,newspaper,105.010,105.460,4.6,7,NN,0,7.6719,7.3944,1
audio06.TextGrid,29,13,inside,105.460,105.870,5.19,5,IN,0,11.5059,5.8887,1
audio06.TextGrid,29,14,them,105.870,106.100,6.19,3,PRP,0,8.1005,4.7571,1
audio06.TextGrid,30,1,he,107.170,107.280,6.69,2,PRP,0,4.5353,1.3818,1
audio06.TextGrid,30,2,rolled,107.280,107.530,4.21,4,VBD,0,9.2046,4.9192,1
audio06.TextGrid,30,3,himself,107.530,107.920,5.25,7,PRP,0,8.9408,5.7284,1
audio06.TextGrid,30,4,in,107.920,107.990,7.27,2,IN,0,3.1490,3.7219,1
audio06.TextGrid,30,5,the,107.990,108.060,7.73,2,DT,0,1.6968,1.2583,1
audio06.TextGrid,30,6,blanket,108.060,108.590,4.07,7,NN,1,4.1369,4.3332,1
audio06.TextGrid,30,7,and,108.590,108.690,7.41,2,CC,0,4.5017,0.9144,1
audio06.TextGrid,30,8,slept,108.690,108.990,4.18,5,NN,1,5.4532,3.0610,1
audio06.TextGrid,30,9,on,108.990,109.100,6.91,2,IN,0,4.9346,3.0724,1
audio06.TextGrid,30,10,the,109.100,109.230,7.73,2,DT,0,1.6982,0.9738,1
audio06.TextGrid,30,11,other,109.230,109.450,6.16,3,JJ,0,5.7822,4.5044,1
audio06.TextGrid,30,12,old,109.450,109.690,5.75,3,JJ,0,7.9674,11.2378,1
audio06.TextGrid,30,13,newspapers,109.690,110.350,4.25,8,NNS,0,9.0005,10.6698,1
audio06.TextGrid,30,14,that,110.350,110.520,7.01,3,WDT,0,4.1148,4.4057,1
audio06.TextGrid,30,15,covered,110.520,110.820,4.83,5,VBD,0,10.5026,5.2697,1
audio06.TextGrid,30,16,the,110.820,110.930,7.73,2,DT,0,3.1974,0.5762,1
audio06.TextGrid,30,17,springs,110.930,111.390,4.24,6,NNS,0,9.7180,10.1134,1
audio06.TextGrid,30,18,of,111.390,111.460,7.4,2,IN,0,3.5812,1.8858,1
audio06.TextGrid,30,19,the,111.460,111.550,7.73,2,DT,0,1.6869,0.7202,1
audio06.TextGrid,30,20,bed,111.550,111.960,5.07,3,NN,1,4.1354,5.4852,1
audio06.TextGrid,31,1,he,113.760,113.850,6.69,2,PRP,0,4.5353,1.5432,1
audio06.TextGrid,31,2,was,113.850,114.020,6.82,3,VBD,0,3.9158,2.4864,1
audio06.TextGrid,31,3,asleep,114.020,114.430,4.36,5,RB,1,4.6349,3.6300,1
audio06.TextGrid,31,4,in,114.430,114.520,7.27,2,IN,0,3.7318,2.1335,1
audio06.TextGrid,31,5,a,114.520,114.590,7.36,1,DT,0,2.6196,2.4804,1
audio06.TextGrid,31,6,short,114.590,114.900,5.33,4,JJ,0,8.2204,5.9815,1
audio06.TextGrid,31,7,time,114.930,115.410,6.29,3,NN,0,5.9638,0.3477,1
audio06.TextGrid,31,8,and,115.690,115.820,7.41,3,CC,0,4.4647,1.9619,1
audio06.TextGrid,31,9,he,115.820,115.910,6.69,2,PRP,0,5.0715,2.5524,1
audio06.TextGrid,31,10,dreamed,115.910,116.320,3.75,5,VBD,0,10.4594,3.9193,1
audio06.TextGrid,31,11,of,116.320,116.430,7.4,2,IN,0,3.4431,0.8175,1
audio06.TextGrid,31,12,africa,116.430,116.830,4.92,6,NN,0,11.0544,10.7529,1
audio06.TextGrid,31,13,when,116.830,117.170,6.37,4,WRB,0,6.8892,4.3148,1
audio06.TextGrid,31,14,he,117.170,117.260,6.69,2,PRP,0,4.6675,0.3095,1
audio06.TextGrid,31,15,was,117.260,117.430,6.82,3,VBD,0,3.9210,0.8231,1
audio06.TextGrid,31,16,a,117.430,117.490,7.36,1,DT,0,3.3069,2.0360,1
audio06.TextGrid,31,17,boy,117.490,117.930,5.17,2,NN,0,10.2400,1.1795,1
audio06.TextGrid,31,18,and,118.250,118.370,7.41,2,CC,0,4.2729,2.0862,1
audio06.TextGrid,31,19,the,118.370,118.440,7.73,2,DT,0,2.3162,2.9671,1
audio06.TextGrid,31,20,long,118.440,118.800,5.81,3,JJ,0,7.8280,5.8541,1
audio06.TextGrid,31,21,golden,118.800,119.220,4.67,6,JJ,0,11.1629,7.3058,1
audio06.TextGrid,31,22,beaches,119.220,119.860,3.96,5,NNS,1,5.7262,6.5636,1
audio06.TextGrid,31,23,and,119.860,119.960,7.41,2,CC,0,4.2783,2.7132,1
audio06.TextGrid,31,24,the,119.960,120.040,7.73,2,DT,0,2.2568,0.7328,1
audio06.TextGrid,31,25,white,120.040,120.340,5.51,3,JJ,0,7.9595,4.5987,1
audio06.TextGrid,31,26,beaches,120.380,121.040,3.96,5,NNS,1,6.7145,4.2404,1
audio06.TextGrid,31,27,so,121.350,121.510,6.52,2,RB,0,6.7843,5.1589,1
audio06.TextGrid,31,28,white,121.510,121.780,5.51,3,JJ,0,8.5377,5.4790,1
audio06.TextGrid,31,29,they,121.780,122.040,6.5,2,PRP,0,7.5201,4.2859,1
audio06.TextGrid,31,30,hurt,122.040,122.270,4.94,3,VBP,0,8.2812,8.3098,1
audio06.TextGrid,31,31,your,122.270,122.420,6.53,3,PRP$,0,7.7500,7.1115,1
audio06.TextGrid,31,32,eyes,122.420,122.910,5.21,2,NNS,0,9.6352,1.1634,1
audio06.TextGrid,31,33,and,123.220,123.340,7.41,2,CC,0,4.0101,1.9398,1
audio06.TextGrid,31,34,the,123.340,123.450,7.73,2,DT,0,2.3284,2.4527,1
audio06.TextGrid,31,35,high,123.450,123.680,5.75,2,JJ,0,6.8855,6.6814,1
audio06.TextGrid,31,36,capes,123.680,124.290,3.0,4,NNS,1,6.0017,12.7267,1
audio06.TextGrid,31,37,and,124.290,124.400,7.41,2,CC,0,4.2801,1.2506,1
audio06.TextGrid,31,38,the,124.400,124.490,7.73,2,DT,0,2.2336,0.6875,1
audio06.TextGrid,31,39,great,124.490,124.770,5.88,4,JJ,0,7.7303,4.0421,1
audio06.TextGrid,31,40,brown,124.810,125.110,5.01,4,NN,0,10.4150,6.9521,1
audio06.TextGrid,31,41,mountains,125.110,125.820,4.5,7,NNS,1,7.3903,5.1930,1
audio06.TextGrid,32,1,he,126.800,126.940,6.69,2,PRP,0,4.5353,0.9927,1
audio06.TextGrid,32,2,lived,126.940,127.130,4.88,4,VBD,1,3.3819,6.9063,1
audio06.TextGrid,32,3,along,127.130,127.430,5.38,4,RP,0,9.1040,6.1933,1
audio06.TextGrid,32,4,that,127.430,127.620,7.01,3,IN,0,4.7006,4.3266,1
audio06.TextGrid,32,5,coast,127.620,128.030,4.87,4,NN,0,11.2196,1.9132,1
audio06.TextGrid,32,6,now,128.030,128.320,6.18,2,RB,0,7.9723,5.1457,1
audio06.TextGrid,32,7,every,128.320,128.540,5.79,4,DT,0,9.0334,7.5393,1
audio06.TextGrid,32,8,night,128.540,128.910,5.61,3,NN,0,8.1900,1.7199,1
audio06.TextGrid,32,9,and,129.180,129.370,7.41,3,CC,0,4.3494,1.2316,1
audio06.TextGrid,32,10,in,129.370,129.490,7.27,2,IN,0,4.3180,4.0189,1
audio06.TextGrid,32,11,his,129.490,129.670,6.51,3,PRP$,0,5.3634,2.0687,1
audio06.TextGrid,32,12,dreams,129.670,130.210,4.59,5,NN,1,4.2571,0.6790,1
audio06.TextGrid,32,13,he,130.210,130.340,6.69,2,PRP,0,6.1481,0.6014,1
audio06.TextGrid,32,14,heard,130.340,130.540,5.27,3,VBD,0,8.7915,3.8562,1
audio06.TextGrid,32,15,the,130.540,130.630,7.73,2,DT,0,2.8022,0.9726,1
audio06.TextGrid,32,16,surf,130.630,131.050,3.86,3,NN,1,4.1462,6.2981,1
audio06.TextGrid,32,17,roar,131.050,131.460,3.7,3,NN,1,5.4072,7.4499,1
audio06.TextGrid,32,18,and,131.460,131.620,7.41,3,CC,0,4.1343,1.3187,1
audio06.TextGrid,32,19,saw,131.620,131.820,5.34,2,VBD,0,9.7195,2.9101,1
audio06.TextGrid,32,20,the,131.820,131.920,7.73,2,DT,0,2.4266,0.7186,1
audio06.TextGrid,32,21,native,131.920,132.170,4.69,5,JJ,0,10.7257,9.2997,1
audio06.TextGrid,32,22,boats,132.170,132.560,4.25,4,NNS,1,5.6247,4.2215,1
audio06.TextGrid,32,23,come,132.560,132.790,5.78,3,VBP,0,7.5638,3.7975,1
audio06.TextGrid,32,24,riding,132.790,133.180,4.49,5,VBG,0,11.0724,8.9360,1
audio06.TextGrid,32,25,through,133.180,133.460,5.87,3,IN,0,7.1108,3.4788,1
audio06.TextGrid,32,26,it,133.460,133.630,6.95,2,PRP,0,3.8411,4.6983,1
audio06.TextGrid,33,1,he,134.140,134.260,6.69,2,PRP,0,4.5353,0.7714,1
audio06.TextGrid,33,2,smelled,134.260,134.590,3.5,5,VBD,1,3.3819,6.9725,1
audio06.TextGrid,33,3,the,134.590,134.670,7.73,2,DT,0,2.4671,0.5155,1
audio06.TextGrid,33,4,tar,134.670,135.100,3.63,3,NN,1,4.1402,8.5500,1
audio06.TextGrid,33,5,and,135.100,135.310,7.41,3,CC,0,4.5526,1.2149,1
audio06.TextGrid,33,6,oakum,135.310,135.600,1.51,4,NN,1,5.5401,20.7992,1
audio06.TextGrid,33,7,of,135.600,135.680,7.4,2,IN,0,3.3924,4.0405,1
audio06.TextGrid,33,8,the,135.680,135.790,7.73,2,DT,0,1.6963,0.3494,1
audio06.TextGrid,33,9,deck,135.790,136.190,4.41,3,NN,0,10.2361,8.0736,1
audio06.TextGrid,33,10,as,136.190,136.350,6.77,2,IN,0,4.9490,4.7897,1
audio06.TextGrid,33,11,he,136.350,136.450,6.69,2,PRP,0,4.4883,2.1055,1
audio06.TextGrid,33,12,slept,136.450,136.900,4.18,5,VBD,1,4.5943,2.2816,1
audio06.TextGrid,34,1,and,137.470,137.560,7.41,2,CC,0,3.7036,1.1382,1
audio06.TextGrid,34,2,he,137.560,137.670,6.69,2,PRP,0,4.7461,1.5752,1
audio06.TextGrid,34,3,smelled,137.670,138.140,3.5,5,VBD,1,3.3478,4.0185,1
audio06.TextGrid,34,4,the,138.140,138.260,7.73,2,DT,0,2.4618,0.2382,1
audio06.TextGrid,34,5,smell,138.260,138.580,4.49,4,NN,1,4.1402,3.6046,1
audio06.TextGrid,34,6,of,138.580,138.680,7.4,2,IN,0,3.1696,0.0289,1
audio06.TextGrid,34,7,africa,138.680,139.050,4.92,6,NN,0,11.0037,7.9436,1
audio06.TextGrid,34,8,that,139.050,139.290,7.01,3,IN,0,5.1755,4.4867,1
audio06.TextGrid,34,9,the,139.400,139.630,7.73,2,DT,0,1.9498,3.4851,1
audio06.TextGrid,34,10,land,139.630,140.060,5.22,4,NN,0,9.1327,4.6927,1
audio06.TextGrid,34,11,breeze,140.060,140.560,3.86,4,NN,1,5.3671,8.6487,1
audio06.TextGrid,34,12,brought,140.560,140.850,5.16,4,VBD,0,9.5049,2.9183,1
audio06.TextGrid,34,13,at,140.850,141.000,6.7,2,IN,0,4.5311,5.1111,1
audio06.TextGrid,34,14,morning,141.000,141.450,5.33,6,NN,0,10.5004,6.2415,1
audio06.TextGrid,35,1,usually,143.490,144.030,5.15,6,RB,0,8.7093,9.9274,1
audio06.TextGrid,35,2,when,144.030,144.190,6.37,3,WRB,0,7.3407,2.5449,1
audio06.TextGrid,35,3,he,144.190,144.330,6.69,2,PRP,0,4.7749,0.3665,1
audio06.TextGrid,35,4,smelled,144.330,144.680,3.5,5,VBD,1,3.3861,6.6272,1
audio06.TextGrid,35,5,the,144.680,144.750,7.73,2,DT,0,2.3624,0.7628,1
audio06.TextGrid,35,6,land,144.750,145.060,5.22,4,NN,0,9.1326,3.5949,1
audio06.TextGrid,35,7,breeze,145.060,145.620,3.86,4,NN,1,5.3842,0.4152,1
audio06.TextGrid,35,8,he,145.620,145.710,6.69,2,PRP,0,6.1418,0.3992,1
audio06.TextGrid,35,9,woke,145.710,145.980,4.22,3,VBD,1,3.6232,4.4774,1
audio06.TextGrid,35,10,up,145.980,146.250,6.39,2,RB,0,5.0410,0.4616,1
audio06.TextGrid,35,11,and,146.250,146.370,7.41,2,CC,0,4.1287,1.8318,1
audio06.TextGrid,35,12,dressed,146.370,146.710,4.42,5,VBD,0,10.1163,7.2352,1
audio06.TextGrid,35,13,to,146.710,146.780,7.43,2,TO,0,2.7264,4.3150,1
audio06.TextGrid,35,14,go,146.780,146.970,6.03,2,VB,0,6.9382,0.9311,1
audio06.TextGrid,35,15,and,146.970,147.070,7.41,3,CC,0,4.0736,3.8115,1
audio06.TextGrid,35,16,wake,147.070,147.300,4.76,3,VB,0,12.0049,5.7564,1
audio06.TextGrid,35,17,the,147.300,147.380,7.73,2,DT,0,3.9491,1.5845,1
audio06.TextGrid,35,18,boy,147.380,147.760,5.17,2,NN,0,10.2427,2.3171,1
audio06.TextGrid,36,1,but,147.760,147.920,6.63,3,CC,0,5.3198,3.1073,1
audio06.TextGrid,36,2,tonight,148.770,149.280,5.03,5,VBD,1,6.8858,7.1611,1
audio06.TextGrid,36,3,the,149.280,149.390,7.73,2,DT,0,2.3457,2.3991,1
audio06.TextGrid,36,4,smell,149.390,149.690,4.49,4,NN,1,4.1378,7.1028,1
audio06.TextGrid,36,5,of,149.690,149.750,7.4,2,IN,0,3.1660,0.7412,1
audio06.TextGrid,36,6,the,149.750,149.840,7.73,2,DT,0,1.7006,1.0559,1
audio06.TextGrid,36,7,land,149.840,150.110,5.22,4,NN,0,9.1322,1.0136,1
audio06.TextGrid,36,8,breeze,150.110,150.490,3.86,4,NN,1,5.3221,0.3474,1
audio06.TextGrid,36,9,came,150.490,150.740,5.5,3,VBD,0,8.1203,2.1142,1
audio06.TextGrid,36,10,very,150.740,151.060,6.0,4,RB,0,7.0117,6.2347,1
audio06.TextGrid,36,11,early,151.060,151.530,5.43,3,RB,0,7.0799,2.1723,1
audio06.TextGrid,36,12,and,151.800,151.900,7.41,3,CC,0,3.6747,0.9402,1
audio06.TextGrid,36,13,he,151.900,152.030,6.69,2,PRP,0,5.7452,0.9150,1
audio06.TextGrid,36,14,knew,152.030,152.240,5.2,3,VBD,0,9.0498,4.3483,1
audio06.TextGrid,36,15,it,152.240,152.370,6.95,2,PRP,0,4.5179,1.5216,1
audio06.TextGrid,36,16,was,152.370,152.540,6.82,3,VBD,0,4.7907,0.7937,1
audio06.TextGrid,36,17,too,152.540,152.830,5.95,2,RB,0,7.2063,4.7009,1
audio06.TextGrid,36,18,early,152.830,153.080,5.43,3,JJ,0,7.0707,2.5171,1
audio06.TextGrid,36,19,in,153.080,153.180,7.27,2,IN,0,3.3562,4.2612,1
audio06.TextGrid,36,20,his,153.180,153.370,6.51,3,PRP$,0,5.3902,3.9139,1
audio06.TextGrid,36,21,dream,153.370,153.840,4.91,4,NN,1,4.2571,2.8478,1
audio06.TextGrid,36,22,and,153.900,154.070,7.41,3,CC,0,4.1325,2.4427,1
audio06.TextGrid,36,23,went,154.070,154.290,5.5,4,VBD,0,8.9848,4.3481,1
audio06.TextGrid,36,24,on,154.290,154.530,6.91,2,IN,0,4.9073,3.8283,1
audio06.TextGrid,36,25,dreaming,154.530,155.070,3.94,6,VBG,1,8.0215,3.2139,1
audio06.TextGrid,36,26,to,155.070,155.240,7.43,2,TO,0,3.7807,4.1169,1
audio06.TextGrid,36,27,see,155.240,155.400,6.1,2,VB,0,6.7538,3.9238,1
audio06.TextGrid,36,28,the,155.400,155.490,7.73,2,DT,0,2.3264,0.8358,1
audio06.TextGrid,36,29,white,155.490,155.710,5.51,3,JJ,0,7.9556,3.2181,1
audio06.TextGrid,36,30,peaks,155.710,156.090,3.87,4,NNS,0,10.7600,6.3838,1
audio06.TextGrid,36,31,of,156.090,156.160,7.4,2,IN,0,2.7955,1.8606,1
audio06.TextGrid,36,32,the,156.160,156.330,7.73,2,DT,0,1.6990,0.5088,1
audio06.TextGrid,36,33,islands,156.330,156.790,4.5,6,NNS,0,9.7745,7.9469,1
audio06.TextGrid,36,34,rising,156.790,157.290,4.52,5,VBG,0,9.5122,6.6108,1
audio06.TextGrid,36,35,from,157.290,157.460,6.63,3,IN,0,5.1311,3.0610,1
audio06.TextGrid,36,36,the,157.460,157.540,7.73,2,DT,0,1.6940,0.1730,1
audio06.TextGrid,36,37,sea,157.540,157.940,5.06,2,NN,0,8.2708,1.6076,1
audio06.TextGrid,37,1,and,158.600,158.700,7.41,2,CC,0,3.7036,1.7182,1
audio06.TextGrid,37,2,then,158.700,158.830,6.07,3,RB,0,6.4220,3.5246,1
audio06.TextGrid,37,3,he,158.830,158.950,6.69,2,PRP,0,6.8785,1.7577,1
audio06.TextGrid,37,4,dreamed,158.950,159.270,3.75,5,VBD,0,9.9367,3.3012,1
audio06.TextGrid,37,5,of,159.270,159.340,7.4,2,IN,0,3.4563,0.3665,1
audio06.TextGrid,37,6,the,159.340,159.450,7.73,2,DT,0,1.7444,0.8959,1
audio06.TextGrid,37,7,different,159.450,159.770,5.59,7,JJ,0,7.6481,7.6508,1
audio06.TextGrid,37,8,harbours,159.770,160.250,2.93,9,NNS,1,5.6483,8.9022,1
audio06.TextGrid,37,9,and,160.250,160.390,7.41,3,CC,0,4.3780,1.2847,1
audio06.TextGrid,37,10,roadsteads,160.390,161.150,0.0,8,NNS,1,6.6098,16.7818,1
audio06.TextGrid,37,11,of,161.150,161.210,7.4,2,IN,0,2.8783,2.4047,1
audio06.TextGrid,37,12,the,161.210,161.310,7.73,2,DT,0,1.6975,0.4961,1
audio06.TextGrid,37,13,canary,161.310,161.740,3.44,6,JJ,1,5.0748,8.6550,1
audio06.TextGrid,37,14,islands,161.740,162.300,4.5,6,NNS,0,10.0417,0.0985,1
audio06.TextGrid,38,1,he,163.980,164.060,6.69,2,PRP,0,4.5353,0.8628,1
audio06.TextGrid,38,2,no,164.060,164.220,6.35,2,RB,0,7.7850,8.1337,1
audio06.TextGrid,38,3,longer,164.220,164.550,5.16,5,RBR,0,8.6320,0.1929,1
audio06.TextGrid,38,4,dreamed,164.550,164.890,3.75,5,VBN,0,10.8758,1.3525,1
audio06.TextGrid,38,5,of,164.890,164.990,7.4,2,IN,0,3.4750,0.2603,1
audio06.TextGrid,38,6,storms,164.990,165.840,3.94,6,NNS,1,6.8682,10.0560,1
audio06.TextGrid,38,7,nor,165.880,166.090,4.78,3,CC,0,9.3298,3.6920,1
audio06.TextGrid,38,8,of,166.090,166.220,7.4,2,IN,0,4.3658,0.7775,1
audio06.TextGrid,38,9,women,166.220,166.650,5.57,5,NNS,0,8.7919,8.4918,1
audio06.TextGrid,38,10,nor,166.860,167.080,4.78,3,CC,0,8.4647,0.6285,1
audio06.TextGrid,38,11,of,167.080,167.180,7.4,2,IN,0,3.9986,0.0979,1
audio06.TextGrid,38,12,great,167.180,167.470,5.88,4,JJ,0,8.0546,5.0409,1
audio06.TextGrid,38,13,occurrences,167.470,168.410,3.26,8,NNS,0,10.0491,12.8210,1
audio06.TextGrid,38,14,nor,168.530,168.740,4.78,3,CC,0,8.0157,0.9907,1
audio06.TextGrid,38,15,of,168.740,168.800,7.4,2,IN,0,3.8750,0.1147,1
audio06.TextGrid,38,16,great,168.800,169.130,5.88,4,JJ,0,8.0547,2.6615,1
audio06.TextGrid,38,17,fish,169.130,169.570,4.9,3,JJ,1,5.1983,4.9587,1
audio06.TextGrid,38,18,nor,169.960,170.150,4.78,3,CC,0,8.2739,0.4372,1
audio06.TextGrid,38,19,fights,170.150,170.750,4.19,4,NNS,0,11.2237,13.4714,1
audio06.TextGrid,38,20,nor,170.750,170.890,4.78,3,CC,0,8.1559,0.1876,1
audio06.TextGrid,38,21,contests,170.890,171.590,3.7,6,NNS,0,10.6430,8.7067,1
audio06.TextGrid,38,22,of,171.590,171.670,7.4,2,IN,0,3.5247,3.2159,1
audio06.TextGrid,38,23,strength,171.670,172.100,4.8,6,NN,0,9.9490,5.2287,1
audio06.TextGrid,38,24,nor,172.640,172.850,4.78,3,CC,0,8.6793,0.3682,1
audio06.TextGrid,38,25,of,172.850,172.950,7.4,2,IN,0,4.4041,1.3952,1
audio06.TextGrid,38,26,his,172.950,173.150,6.51,3,PRP$,0,5.3745,6.5353,1
audio06.TextGrid,38,27,wife,173.150,173.470,5.23,3,NN,0,9.6635,4.8497,1
audio06.TextGrid,39,1,he,174.450,174.580,6.69,2,PRP,0,4.5353,0.5717,1
audio06.TextGrid,39,2,only,174.580,174.800,6.12,4,RB,0,7.3457,3.8903,1
audio06.TextGrid,39,3,dreamed,174.800,175.130,3.75,5,VBD,0,10.5652,0.5802,1
audio06.TextGrid,39,4,of,175.130,175.210,7.4,2,IN,0,3.4796,0.1400,1
audio06.TextGrid,39,5,places,175.210,175.810,5.03,6,NNS,0,10.1742,6.7535,1
audio06.TextGrid,39,6,now,175.810,176.160,6.18,2,RB,0,6.9503,6.1724,1
audio06.TextGrid,39,7,and,176.360,176.490,7.41,2,CC,0,3.5613,0.6933,1
audio06.TextGrid,39,8,of,176.490,176.570,7.4,2,IN,0,2.6221,3.1601,1
audio06.TextGrid,39,9,the,176.570,176.660,7.73,2,DT,0,1.7750,1.3788,1
audio06.TextGrid,39,10,lions,176.660,177.130,4.18,5,NNS,1,6.4489,9.4077,1
audio06.TextGrid,39,11,on,177.130,177.270,6.91,2,IN,0,4.7378,3.8839,1
audio06.TextGrid,39,12,the,177.270,177.350,7.73,2,DT,0,1.6992,0.1411,1
audio06.TextGrid,39,13,beach,177.350,177.860,4.92,3,NN,0,10.3513,2.0456,1
audio06.TextGrid,40,1,they,178.350,178.450,6.5,2,PRP,0,4.6769,4.7133,1
audio06.TextGrid,40,2,played,178.450,178.890,5.23,4,VBP,0,8.8821,6.6308,1
audio06.TextGrid,40,3,like,178.890,179.120,6.41,3,IN,0,6.3396,5.8008,1
audio06.TextGrid,40,4,young,179.120,179.390,5.43,3,JJ,0,8.2750,5.5820,1
audio06.TextGrid,40,5,cats,179.390,179.820,4.46,4,NNS,1,5.2777,6.1933,1
audio06.TextGrid,40,6,in,179.820,179.910,7.27,2,IN,0,3.4773,2.3798,1
audio06.TextGrid,40,7,the,179.910,179.990,7.73,2,DT,0,1.6932,0.4891,1
audio06.TextGrid,40,8,dusk,179.990,180.460,3.44,4,NN,1,4.1366,5.5877,1
audio06.TextGrid,41,1,and,180.930,181.040,7.41,2,CC,0,3.7036,0.9459,1
audio06.TextGrid,41,2,he,181.040,181.150,6.69,2,PRP,0,4.7461,2.3223,1
audio06.TextGrid,41,3,loved,181.150,181.400,5.0,4,VBD,0,9.0938,5.4273,1
audio06.TextGrid,41,4,them,181.400,181.660,6.19,3,PRP,0,6.6508,1.0840,1
audio06.TextGrid,41,5,as,181.660,181.760,6.77,2,IN,0,4.7247,2.8700,1
audio06.TextGrid,41,6,he,181.760,181.850,6.69,2,PRP,0,4.5114,1.9156,1
audio06.TextGrid,41,7,loved,181.850,182.040,5.0,4,VBD,0,10.4925,1.2206,1
audio06.TextGrid,41,8,the,182.040,182.120,7.73,2,DT,0,2.4438,1.5794,1
audio06.TextGrid,41,9,boy,182.120,182.510,5.17,2,NN,0,10.2394,6.6975,1
audio06.TextGrid,42,1,he,183.390,183.490,6.69,2,PRP,0,4.5353,0.9884,1
audio06.TextGrid,42,2,never,183.490,183.690,5.91,4,RB,0,8.6655,2.9350,1
audio06.TextGrid,42,3,dreamed,183.690,184.020,3.75,5,VBD,0,10.5250,1.7002,1
audio06.TextGrid,42,4,about,184.020,184.240,6.4,4,IN,0,5.6871,3.3023,1
audio06.TextGrid,42,5,the,184.240,184.350,7.73,2,DT,0,2.0017,1.6300,1
audio06.TextGrid,42,6,boy,184.350,184.720,5.17,2,NN,0,10.2425,6.0808,1
audio06.TextGrid,43,1,he,185.820,185.930,6.69,2,PRP,0,4.5353,0.6106,1
audio06.TextGrid,43,2,simply,185.930,186.250,5.08,6,RB,0,9.7652,7.4033,1
audio06.TextGrid,43,3,woke,186.250,186.720,4.22,3,VBD,1,4.0428,4.9278,1
audio06.TextGrid,43,4,looked,186.850,187.400,5.11,4,VBD,0,11.4331,4.0584,1
audio06.TextGrid,43,5,out,187.400,187.600,6.38,2,RP,0,5.6849,3.1905,1
audio06.TextGrid,43,6,the,187.600,187.730,7.73,2,DT,0,2.1695,1.6118,1
audio06.TextGrid,43,7,open,187.730,188.430,5.48,4,JJ,0,8.6792,7.2083,1
audio06.TextGrid,44,1,door,188.430,188.750,5.08,3,NN,0,10.2357,3.6546,1
audio06.TextGrid,44,2,at,188.750,188.980,6.7,2,IN,0,5.7131,3.4170,1
audio06.TextGrid,44,3,the,188.980,189.340,7.73,2,DT,0,1.6980,0.2064,1
audio06.TextGrid,44,4,moon,189.340,189.590,4.7,3,NN,0,11.0450,6.6123,1
audio06.TextGrid,44,5,and,189.620,189.950,7.41,3,CC,0,3.7416,0.8389,1
audio06.TextGrid,44,6,unrolled,189.950,190.460,2.21,6,VBD,1,8.5299,11.3212,1
audio06.TextGrid,45,1,his,191.090,191.420,6.51,3,PRP$,0,5.4396,1.1337,1
audio06.TextGrid,45,2,trousers,191.420,192.310,3.7,6,NNS,1,5.5695,4.7948,1
audio06.TextGrid,45,3,and,192.310,192.600,7.41,3,CC,0,4.5868,1.4548,1
audio06.TextGrid,45,4,put,193.110,193.910,5.66,3,VB,0,10.0086,3.3788,1
audio06.TextGrid,45,5,them,193.910,194.440,6.19,3,PRP,0,7.4598,1.4563,1
audio06.TextGrid,45,6,on,194.440,194.720,6.91,2,IN,0,4.4145,0.7461,1
audio06.TextGrid,46,1,he,194.720,194.790,6.69,2,PRP,0,4.5353,0.7340,1
audio06.TextGrid,46,2,urinated,195.480,196.010,2.31,9,VBD,1,3.3819,11.0182,1
audio06.TextGrid,46,3,outside,196.010,196.250,5.25,5,IN,0,9.0476,7.1667,1
audio06.TextGrid,46,4,the,196.250,196.400,7.73,2,DT,0,2.4248,1.3129,1
audio06.TextGrid,46,5,shack,196.400,196.610,3.43,3,NN,1,4.1392,7.0017,1
audio06.TextGrid,46,6,and,196.610,196.840,7.41,3,CC,0,4.5143,0.9197,1
audio06.TextGrid,46,7,then,196.840,196.930,6.07,3,RB,0,7.8712,4.0810,1
audio06.TextGrid,46,8,went,196.930,197.270,5.5,4,VBD,0,8.2522,2.2998,1
audio06.TextGrid,47,1,up,197.270,197.340,6.39,2,IN,0,6.7863,3.5621,1
audio06.TextGrid,47,2,the,197.770,197.870,7.73,2,DT,0,2.3201,1.1148,1
audio06.TextGrid,47,3,road,197.870,197.970,5.24,3,NN,0,8.8797,4.5103,1
audio06.TextGrid,47,4,to,197.970,198.030,7.43,2,TO,0,3.8413,1.2270,1
audio06.TextGrid,47,5,wake,198.030,198.130,4.76,3,VB,0,10.9967,7.2714,1
audio06.TextGrid,47,6,the,198.130,198.190,7.73,2,DT,0,3.5274,0.4601,1
audio06.TextGrid,47,7,boy,198.190,198.260,5.17,2,NN,0,10.2387,0.0947,1
audio06.TextGrid,47,8,he,198.260,198.360,6.69,2,PRP,0,6.7276,0.8925,1
audio06.TextGrid,47,9,was,198.360,198.520,6.82,3,VBD,0,4.1502,2.6116,1
audio06.TextGrid,47,10,shivering,198.520,198.820,3.14,6,VBG,1,7.5226,7.8757,1
audio06.TextGrid,47,11,with,198.820,198.980,6.85,3,IN,0,4.9796,3.5301,1
audio06.TextGrid,47,12,the,198.980,199.050,7.73,2,DT,0,1.7071,2.5549,1
audio06.TextGrid,47,13,morning,199.050,199.230,5.33,6,NN,0,8.8517,4.5798,1
audio06.TextGrid,47,14,cold,199.230,199.560,5.02,4,NN,0,11.0308,5.1909,1
audio06.TextGrid,47,15,but,199.560,199.720,6.63,3,CC,0,5.5940,4.5789,1
audio06.TextGrid,47,16,he,199.790,199.850,6.69,2,PRP,0,5.1584,1.0215,1
audio06.TextGrid,47,17,knew,200.040,200.100,5.2,2,VBD,0,9.5337,3.4297,1
audio06.TextGrid,47,18,he,200.100,200.160,6.69,2,PRP,0,5.1687,1.5555,1
audio06.TextGrid,47,19,would,200.160,200.300,6.27,3,MD,0,5.3614,1.9875,1
audio06.TextGrid,47,20,shiver,200.300,200.430,3.05,4,VB,1,3.7215,8.7143,1
audio06.TextGrid,47,21,himself,200.430,200.640,5.25,7,PRP,0,8.5403,7.1849,1
audio06.TextGrid,47,22,warm,200.640,200.780,4.71,4,JJ,1,6.3668,7.4185,1
audio06.TextGrid,47,23,and,200.780,200.870,7.41,2,CC,0,3.7646,1.7313,1
audio06.TextGrid,47,24,that,200.870,201.000,7.01,3,DT,0,5.0585,3.5940,1
audio06.TextGrid,47,25,soon,201.000,201.170,5.32,3,RB,0,9.7014,5.9322,1
audio06.TextGrid,47,26,he,201.170,201.230,6.69,2,PRP,0,6.2700,0.6583,1
audio06.TextGrid,47,27,would,201.230,201.350,6.27,3,MD,0,5.0033,0.1937,1
audio06.TextGrid,47,28,be,201.350,201.430,6.79,2,VB,0,3.7181,1.3975,1
audio06.TextGrid,47,29,rowing,201.430,201.550,3.39,4,VBG,1,7.6388,10.9679,1
audio07.TextGrid,1,1,the,1.220,1.310,7.73,2,DT,0,1.8241,2.2710,1
audio07.TextGrid,1,2,door,1.310,1.550,5.08,3,NN,0,8.4435,7.1866,1
audio07.TextGrid,1,3,of,1.550,1.620,7.4,2,IN,0,3.7798,2.4615,1
audio07.TextGrid,1,4,the,1.620,1.740,7.73,2,DT,0,1.6983,0.2059,1
audio07.TextGrid,1,5,house,1.740,2.020,5.71,3,NN,0,6.8499,2.2594,1
audio07.TextGrid,1,6,where,2.020,2.170,6.0,4,WRB,0,8.4892,4.1870,1
audio07.TextGrid,1,7,the,2.170,2.240,7.73,2,DT,0,1.9716,1.3415,1
audio07.TextGrid,1,8,boy,2.240,2.500,5.17,2,NN,0,10.2357,0.2682,1
audio07.TextGrid,1,9,lived,2.500,2.830,4.88,4,VBD,1,3.6505,1.4978,1
audio07.TextGrid,1,10,was,2.830,2.980,6.82,3,VBD,0,5.1959,0.8312,1
audio07.TextGrid,1,11,unlocked,2.980,3.590,3.76,6,JJ,1,5.8004,5.1276,1
audio07.TextGrid,1,12,and,3.890,4.000,7.41,2,CC,0,3.7959,0.8905,1
audio07.TextGrid,1,13,he,4.000,4.130,6.69,2,PRP,0,5.2371,0.8896,1
audio07.TextGrid,1,14,opened,4.130,4.450,4.85,5,VBD,0,8.4420,2.7466,1
audio07.TextGrid,1,15,it,4.450,4.670,6.95,2,PRP,0,4.7536,0.2824,1
audio07.TextGrid,1,16,and,4.670,4.820,7.41,3,CC,0,4.2475,1.1496,1
audio07.TextGrid,1,17,walked,4.820,5.120,4.67,4,VBD,1,4.4410,5.0811,1
audio07.TextGrid,1,18,in,5.120,5.300,7.27,2,IN,0,3.6126,2.1189,1
audio07.TextGrid,1,19,quietly,5.300,5.800,4.15,7,RB,0,11.6953,4.8967,1
audio07.TextGrid,1,20,with,5.800,5.960,6.85,3,IN,0,5.2528,4.4021,1
audio07.TextGrid,1,21,his,5.960,6.110,6.51,3,PRP$,0,5.4704,1.0703,1
audio07.TextGrid,1,22,bare,6.110,6.380,4.18,3,NN,1,4.2575,4.5056,1
audio07.TextGrid,1,23,feet,6.440,6.810,4.99,3,NNS,0,10.2370,0.7525,1
audio07.TextGrid,2,1,the,7.340,7.430,7.73,2,DT,0,1.8241,1.8939,1
audio07.TextGrid,2,2,boy,7.430,7.650,5.17,2,NN,0,10.2353,1.2484,1
audio07.TextGrid,2,3,was,7.650,7.820,6.82,3,VBD,0,4.1791,1.7794,1
audio07.TextGrid,2,4,asleep,7.820,8.190,4.36,5,RB,1,4.6353,2.5436,1
audio07.TextGrid,2,5,on,8.190,8.310,6.91,2,IN,0,4.9767,2.0601,1
audio07.TextGrid,2,6,a,8.310,8.360,7.36,1,DT,0,2.6232,2.8036,1
audio07.TextGrid,2,7,cot,8.360,8.760,3.21,3,NN,1,4.1391,6.2012,1
audio07.TextGrid,2,8,in,8.760,8.830,7.27,2,IN,0,3.4829,1.8026,1
audio07.TextGrid,2,9,the,8.830,8.920,7.73,2,DT,0,1.6985,0.2560,1
audio07.TextGrid,2,10,first,8.920,9.280,6.11,4,JJ,0,6.1622,6.9354,1
audio07.TextGrid,2,11,room,9.280,9.580,5.39,3,NN,1,4.2125,1.7450,1
audio07.TextGrid,3,1,and,10.060,10.150,7.41,2,CC,0,3.7036,1.7035,1
audio07.TextGrid,3,2,the,10.150,10.260,7.73,2,DT,0,2.0380,1.4958,1
audio07.TextGrid,3,3,old,10.260,10.440,5.75,3,JJ,0,7.3360,2.0879,1
audio07.TextGrid,3,4,man,10.440,10.660,5.82,3,NN,0,7.6917,0.3416,1
audio07.TextGrid,3,5,could,10.660,10.810,6.06,3,MD,0,5.2066,5.6366,1
audio07.TextGrid,3,6,see,10.810,11.050,6.1,2,VB,0,6.2361,1.2847,1
audio07.TextGrid,3,7,him,11.050,11.140,6.11,2,PRP,0,8.0223,1.1863,1
audio07.TextGrid,3,8,clearly,11.140,11.630,4.92,6,RB,0,9.4751,6.8231,1
audio07.TextGrid,3,9,with,11.630,11.780,6.85,3,IN,0,5.1540,3.9565,1
audio07.TextGrid,3,10,the,11.780,11.880,7.73,2,DT,0,1.7332,2.0260,1
audio07.TextGrid,3,11,light,11.880,12.090,5.33,3,NN,0,7.7223,2.7371,1
audio07.TextGrid,3,12,that,12.090,12.260,7.01,3,WDT,0,5.0238,4.3417,1
audio07.TextGrid,3,13,came,12.260,12.510,5.5,3,VBD,0,9.0924,2.3998,1
audio07.TextGrid,3,14,in,12.510,12.670,7.27,2,IN,0,3.8838,3.0892,1
audio07.TextGrid,3,15,from,12.670,12.860,6.63,3,IN,0,6.3912,1.7443,1
audio07.TextGrid,3,16,the,12.860,12.930,7.73,2,DT,0,1.8406,0.4035,1
audio07.TextGrid,3,17,dying,12.930,13.240,4.63,4,VBG,1,8.5562,11.5737,1
audio07.TextGrid,3,18,moon,13.240,13.740,4.7,3,NN,0,11.7556,4.7396,1
audio07.TextGrid,4,1,he,14.590,14.680,6.69,2,PRP,0,4.5353,1.0343,1
audio07.TextGrid,4,2,took,14.680,14.900,5.51,3,VBD,0,6.4889,3.9278,1
audio07.TextGrid,4,3,hold,14.900,15.120,5.19,4,NN,0,9.3051,4.3970,1
audio07.TextGrid,4,4,of,15.120,15.240,7.4,2,IN,0,3.4570,0.0240,1
audio07.TextGrid,4,5,one,15.240,15.460,6.47,3,CD,0,5.6953,4.1367,1
audio07.TextGrid,4,6,foot,15.460,15.790,4.87,3,NN,0,10.5775,5.6893,1
audio07.TextGrid,4,7,gently,15.790,16.310,4.08,6,RB,1,5.8706,8.0130,1
audio07.TextGrid,4,8,and,16.310,16.470,7.41,3,CC,0,3.6017,0.6609,1
audio07.TextGrid,4,9,held,16.470,16.730,5.24,4,VBD,0,8.3957,4.2828,1
audio07.TextGrid,4,10,it,16.730,16.900,6.95,2,PRP,0,5.0980,0.9583,1
audio07.TextGrid,4,11,until,16.900,17.130,5.61,5,IN,0,6.9439,4.5999,1
audio07.TextGrid,4,12,the,17.130,17.210,7.73,2,DT,0,1.6943,1.0873,1
audio07.TextGrid,4,13,boy,17.210,17.450,5.17,2,NN,0,10.2362,1.2963,1
audio07.TextGrid,4,14,woke,17.450,17.850,4.22,3,NN,1,5.3965,2.8845,1
audio07.TextGrid,4,15,and,17.850,18.000,7.41,3,CC,0,4.2960,1.8971,1
audio07.TextGrid,4,16,turned,18.000,18.330,5.09,4,VBD,0,8.9034,4.4234,1
audio07.TextGrid,4,17,and,18.330,18.500,7.41,3,CC,0,4.0425,2.9313,1
audio07.TextGrid,4,18,looked,18.500,18.750,5.11,4,VBD,0,9.8415,2.1876,1
audio07.TextGrid,4,19,at,18.750,18.930,6.7,2,IN,0,4.3315,1.0830,1
audio07.TextGrid,4,20,him,18.930,19.020,6.11,2,PRP,0,7.3654,0.5485,1
audio07.TextGrid,5,1,the,19.680,19.780,7.73,2,DT,0,1.8241,1.6291,1
audio07.TextGrid,5,2,old,19.780,19.990,5.75,3,JJ,0,7.3292,1.2337,1
audio07.TextGrid,5,3,man,19.990,20.240,5.82,3,NN,0,7.6921,0.0119,1
audio07.TextGrid,5,4,nodded,20.240,20.690,3.41,5,VBD,1,3.5568,4.9200,1
audio07.TextGrid,5,5,and,20.890,21.030,7.41,2,CC,0,4.0073,1.0097,1
audio07.TextGrid,5,6,the,21.030,21.110,7.73,2,DT,0,3.8473,2.1093,1
audio07.TextGrid,5,7,boy,21.110,21.350,5.17,2,NN,0,10.2447,0.2838,1
audio07.TextGrid,5,8,took,21.350,21.600,5.51,3,VBD,0,7.5973,3.6513,1
audio07.TextGrid,5,9,his,21.600,21.760,6.51,3,PRP$,0,6.0535,1.6502,1
audio07.TextGrid,5,10,trousers,21.760,22.290,3.7,6,NNS,1,5.5704,5.5806,1
audio07.TextGrid,5,11,from,22.290,22.450,6.63,4,IN,0,4.7107,3.5839,1
audio07.TextGrid,5,12,the,22.450,22.520,7.73,2,DT,0,1.6978,1.4934,1
audio07.TextGrid,5,13,chair,22.520,22.790,4.69,3,NN,1,4.1370,6.5422,1
audio07.TextGrid,5,14,by,22.790,22.960,6.66,2,IN,0,4.8068,5.2459,1
audio07.TextGrid,5,15,the,22.960,23.060,7.73,2,DT,0,1.7004,0.5348,1
audio07.TextGrid,5,16,bed,23.060,23.460,5.07,3,NN,1,4.1367,1.9363,1
audio07.TextGrid,6,1,and,23.980,24.260,7.41,3,CC,0,3.7036,0.5252,1
audio07.TextGrid,6,2,sitting,24.260,24.570,4.86,5,VBG,0,12.5222,3.7773,1
audio07.TextGrid,6,3,on,24.570,24.690,6.91,2,IN,0,5.0988,1.2366,1
audio07.TextGrid,6,4,the,24.690,24.760,7.73,2,DT,0,1.7186,0.5944,1
audio07.TextGrid,6,5,bed,24.760,25.120,5.07,3,NN,1,4.1372,1.5234,1
audio07.TextGrid,6,6,pulled,25.150,25.360,4.67,4,VBD,0,11.0013,4.1027,1
audio07.TextGrid,6,7,them,25.360,25.510,6.19,3,PRP,0,6.6377,1.3081,1
audio07.TextGrid,7,1,on,25.510,25.840,6.91,2,IN,0,5.3533,3.4240,1
audio07.TextGrid,7,2,the,26.930,27.040,7.73,2,DT,0,1.7528,1.2798,1
audio07.TextGrid,7,3,old,27.040,27.220,5.75,3,JJ,0,7.3268,1.8949,1
audio07.TextGrid,7,4,man,27.220,27.450,5.82,3,NN,0,7.6934,0.0148,1
audio07.TextGrid,7,5,went,27.450,27.630,5.5,4,VBD,0,8.8342,3.5752,1
audio07.TextGrid,7,6,out,27.630,27.750,6.38,2,IN,0,5.7167,2.2641,1
audio07.TextGrid,7,7,the,27.750,27.880,7.73,2,DT,0,2.2456,3.1012,1
audio07.TextGrid,7,8,door,27.880,28.220,5.08,3,NN,0,8.4471,0.7931,1
audio07.TextGrid,7,9,and,28.220,28.320,7.41,2,CC,0,3.5118,0.4143,1
audio07.TextGrid,7,10,the,28.320,28.380,7.73,2,DT,0,2.0227,2.2796,1
audio07.TextGrid,7,11,boy,28.380,28.580,5.17,2,NN,0,10.2359,0.1748,1
audio07.TextGrid,7,12,came,28.580,28.820,5.5,3,VBD,0,7.2694,3.0284,1
audio07.TextGrid,7,13,after,28.820,29.130,6.11,4,IN,0,6.6881,5.7899,1
audio07.TextGrid,7,14,him,29.130,29.410,6.11,3,PRP,0,7.4726,0.1126,1
audio07.TextGrid,8,1,he,30.040,30.130,6.69,2,PRP,0,4.5353,1.3585,1
audio07.TextGrid,8,2,was,30.130,30.270,6.82,3,VBD,0,3.9158,2.2343,1
audio07.TextGrid,8,3,sleepy,30.270,30.800,3.68,5,JJ,1,5.8405,5.8405,1
audio07.TextGrid,8,4,and,31.240,31.340,7.41,2,CC,0,3.8414,0.8108,1
audio07.TextGrid,8,5,the,31.340,31.440,7.73,2,DT,0,2.5200,2.0093,1
audio07.TextGrid,8,6,old,31.440,31.610,5.75,3,JJ,0,7.3341,1.6666,1
audio07.TextGrid,8,7,man,31.610,31.810,5.82,3,NN,0,7.6944,0.0167,1
audio07.TextGrid,8,8,put,31.810,31.970,5.66,3,VBD,0,7.8435,4.0118,1
audio07.TextGrid,8,9,his,31.970,32.090,6.51,3,PRP$,0,6.1640,0.8669,1
audio07.TextGrid,8,10,arm,32.090,32.310,4.73,3,NN,0,9.2456,3.3989,1
audio07.TextGrid,8,11,across,32.310,32.640,5.25,5,IN,0,8.2284,4.8437,1
audio07.TextGrid,8,12,his,32.640,32.760,6.51,3,PRP$,0,5.3332,0.6173,1
audio07.TextGrid,8,13,shoulders,32.760,33.360,4.18,6,NNS,1,5.5671,3.3280,1
audio07.TextGrid,8,14,and,33.360,33.510,7.41,3,CC,0,4.3010,0.3903,1
audio07.TextGrid,8,15,said,33.510,34.040,6.01,3,VBD,0,5.0962,2.0339,1
audio07.TextGrid,9,1,i,34.040,34.150,7.09,1,NN,0,5.5144,2.2144,1
audio07.TextGrid,9,2,am,34.150,34.280,5.78,2,VBP,0,9.1941,1.7054,1
audio07.TextGrid,9,3,sorry,34.280,34.790,5.18,4,JJ,0,11.4599,3.3349,1
audio07.TextGrid,9,4,qua,35.830,36.310,2.84,3,NN,1,5.3240,13.6157,1
audio07.TextGrid,9,5,va,36.310,36.400,4.26,2,IN,1,3.1759,11.9799,1
audio07.TextGrid,9,6,the,36.630,36.710,7.73,2,DT,0,1.6963,0.8313,1
audio07.TextGrid,9,7,boy,36.710,36.940,5.17,2,NN,0,10.2363,0.2272,1
audio07.TextGrid,9,8,said,36.940,37.310,6.01,3,VBD,0,5.1627,0.1817,1
audio07.TextGrid,10,1,it,37.830,37.970,6.95,2,PRP,0,3.8912,3.8796,1
audio07.TextGrid,10,2,is,37.970,38.070,7.07,2,VBZ,0,3.3590,0.6962,1
audio07.TextGrid,10,3,what,38.070,38.220,6.38,3,WP,0,6.5397,5.3754,1
audio07.TextGrid,10,4,a,38.220,38.270,7.36,1,DT,0,4.3137,5.2070,1
audio07.TextGrid,10,5,man,38.270,38.540,5.82,3,NN,0,7.6874,1.7548,1
audio07.TextGrid,10,6,must,38.540,38.840,5.68,4,MD,0,7.2302,2.6608,1
audio07.TextGrid,10,7,do,38.840,39.060,6.35,2,VB,0,5.1558,0.4123,1
audio07.TextGrid,10,8,they,41.500,41.610,6.5,2,PRP,0,5.4184,4.0853,1
audio07.TextGrid,10,9,walked,41.610,41.890,4.67,4,VBD,1,4.9289,3.5841,1
audio07.TextGrid,10,10,down,41.890,42.050,5.88,3,IN,0,6.3108,2.7395,1
audio07.TextGrid,10,11,the,42.050,42.120,7.73,2,DT,0,2.5228,0.2241,1
audio07.TextGrid,10,12,road,42.120,42.370,5.24,3,NN,0,8.8606,1.3446,1
audio07.TextGrid,10,13,to,42.370,42.430,7.43,2,TO,0,3.3190,1.7900,1
audio07.TextGrid,10,14,the,42.430,42.570,7.73,2,DT,0,2.3479,0.4691,1
audio07.TextGrid,10,15,old,42.570,42.770,5.75,3,JJ,0,7.3288,4.1810,1
audio07.TextGrid,10,16,man,42.770,43.010,5.82,3,NN,0,7.6928,0.7316,1
audio07.TextGrid,10,17,s,43.010,43.040,5.86,1,VBZ,1,5.5730,0.1675,1
audio07.TextGrid,10,18,shack,43.040,43.530,3.43,3,NN,1,6.6061,3.9070,1
audio07.TextGrid,10,19,and,43.530,43.650,7.41,2,CC,0,4.0034,0.6799,1
audio07.TextGrid,10,20,all,43.650,43.830,6.52,2,DT,0,6.2042,5.8020,1
audio07.TextGrid,10,21,along,43.830,44.110,5.38,4,IN,0,10.5682,5.6883,1
audio07.TextGrid,10,22,the,44.110,44.170,7.73,2,DT,0,1.7164,0.4687,1
audio07.TextGrid,10,23,road,44.170,44.540,5.24,3,NN,0,8.8496,0.9123,1
audio07.TextGrid,10,24,in,44.540,44.620,7.27,2,IN,0,2.8663,3.5952,1
audio07.TextGrid,10,25,the,44.620,44.710,7.73,2,DT,0,1.7075,0.6091,1
audio07.TextGrid,10,26,dark,44.710,45.150,5.04,4,JJ,0,10.7219,2.4958,1
audio07.TextGrid,10,27,barefoot,45.220,45.690,3.39,6,NN,1,3.9919,9.8482,1
audio07.TextGrid,10,28,men,45.690,45.890,5.51,3,NNS,0,9.6168,3.7426,1
audio07.TextGrid,10,29,were,45.890,46.020,6.34,2,VBD,0,5.6075,2.1793,1
audio07.TextGrid,10,30,moving,46.020,46.560,5.02,5,VBG,0,9.7559,5.9532,1
audio07.TextGrid,10,31,carrying,46.770,47.210,4.61,6,VBG,0,11.0015,4.3914,1
audio07.TextGrid,10,32,the,47.210,47.290,7.73,2,DT,0,2.0899,2.3399,1
audio07.TextGrid,10,33,masts,47.290,47.770,2.89,5,NNS,1,6.4476,11.1647,1
audio07.TextGrid,10,34,of,47.770,47.850,7.4,2,IN,0,2.7996,1.4738,1
audio07.TextGrid,10,35,their,47.850,47.990,6.33,3,PRP$,0,4.9290,1.7822,1
audio07.TextGrid,10,36,boats,47.990,48.520,4.25,4,NNS,1,5.5670,3.1241,1
audio07.TextGrid,11,1,when,49.640,49.770,6.37,3,WRB,0,6.5749,4.1484,1
audio07.TextGrid,11,2,they,49.770,49.850,6.5,2,PRP,0,4.8336,0.7054,1
audio07.TextGrid,11,3,reached,49.850,50.150,4.85,4,VBD,0,7.0578,2.5958,1
audio07.TextGrid,11,4,the,50.150,50.280,7.73,2,DT,0,2.6836,0.1957,1
audio07.TextGrid,11,5,old,50.280,50.470,5.75,3,JJ,0,7.3295,2.0747,1
audio07.TextGrid,11,6,man,50.470,50.700,5.82,3,NN,0,7.6840,0.0317,1
audio07.TextGrid,11,7,s,50.700,50.730,5.86,1,VBZ,1,4.4631,0.3675,1
audio07.TextGrid,11,8,shack,50.730,51.120,3.43,3,VBP,1,4.9198,0.2516,1
audio07.TextGrid,11,9,the,51.170,51.250,7.73,2,DT,0,2.6593,1.5712,1
audio07.TextGrid,11,10,boy,51.250,51.450,5.17,2,NN,0,10.2401,1.4822,1
audio07.TextGrid,11,11,took,51.450,51.660,5.51,3,VBD,0,7.9514,4.2449,1
audio07.TextGrid,11,12,the,51.660,51.760,7.73,2,DT,0,2.4049,2.0911,1
audio07.TextGrid,11,13,rolls,51.760,52.050,4.23,4,NNS,1,6.4521,10.5059,1
audio07.TextGrid,11,14,of,52.050,52.180,7.4,2,IN,0,3.0096,0.2421,1
audio07.TextGrid,11,15,line,52.180,52.510,5.49,3,NN,0,9.3088,10.3192,1
audio07.TextGrid,11,16,in,52.510,52.600,7.27,2,IN,0,3.6313,3.9949,1
audio07.TextGrid,11,17,the,52.600,52.670,7.73,2,DT,0,1.7030,2.0986,1
audio07.TextGrid,11,18,basket,52.670,53.190,4.07,6,NN,0,8.2904,6.5219,1
audio07.TextGrid,11,19,and,53.270,53.410,7.41,2,CC,0,3.9683,0.7281,1
audio07.TextGrid,11,20,the,53.410,53.500,7.73,2,DT,0,2.1523,3.5172,1
audio07.TextGrid,11,21,harpoon,53.500,53.980,2.83,6,NN,1,4.1368,10.7673,1
audio07.TextGrid,11,22,and,53.980,54.110,7.41,3,CC,0,4.3337,1.8430,1
audio07.TextGrid,11,23,gaff,54.110,54.580,2.68,3,NN,1,5.4407,13.2109,1
audio07.TextGrid,11,24,and,54.850,54.960,7.41,2,CC,0,3.9496,1.9939,1
audio07.TextGrid,11,25,the,54.960,55.070,7.73,2,DT,0,2.4494,1.7636,1
audio07.TextGrid,11,26,old,55.070,55.270,5.75,3,JJ,0,7.3541,5.0396,1
audio07.TextGrid,11,27,man,55.270,55.530,5.82,3,NN,0,7.6913,0.0500,1
audio07.TextGrid,11,28,carried,55.530,55.850,4.77,5,VBD,0,8.8849,4.0350,1
audio07.TextGrid,11,29,the,55.850,55.930,7.73,2,DT,0,2.7188,1.1557,1
audio07.TextGrid,11,30,mast,55.930,56.370,3.52,4,NN,1,4.1444,6.9072,1
audio07.TextGrid,11,31,with,56.370,56.470,6.85,3,IN,0,4.8161,2.7784,1
audio07.TextGrid,11,32,the,56.470,56.550,7.73,2,DT,0,1.6980,2.6843,1
audio07.TextGrid,11,33,furled,56.550,56.900,1.74,4,JJ,1,5.0744,14.3161,1
audio07.TextGrid,11,34,sail,56.900,57.350,4.01,3,NN,1,4.3283,3.7457,1
audio07.TextGrid,11,35,on,57.350,57.470,6.91,2,IN,0,4.5959,3.1951,1
audio07.TextGrid,11,36,his,57.470,57.610,6.51,3,PRP$,0,5.3105,1.0997,1
audio07.TextGrid,11,37,shoulder,57.610,58.100,4.5,5,NN,0,9.2584,2.9942,1
audio07.TextGrid,12,1,do,59.660,59.760,6.35,2,VBP,0,9.5293,4.7660,1
audio07.TextGrid,12,2,you,59.760,59.870,6.98,2,PRP,0,6.3769,0.4066,1
audio07.TextGrid,12,3,want,59.870,60.050,6.04,4,VB,0,7.7320,2.0777,1
audio07.TextGrid,12,4,coffee,60.050,60.520,4.86,4,NN,0,12.6573,7.7755,1
audio07.TextGrid,12,5,the,60.710,60.790,7.73,2,DT,0,3.7589,0.9276,1
audio07.TextGrid,12,6,boy,60.790,61.050,5.17,2,NN,0,10.2399,0.5890,1
audio07.TextGrid,12,7,asked,61.050,61.480,5.3,3,VBD,0,8.0933,0.3117,1
audio07.TextGrid,13,1,we,62.660,62.770,6.54,2,PRP,0,5.6952,4.4732,1
audio07.TextGrid,13,2,ll,62.770,62.800,4.66,1,VBP,1,3.9761,3.5703,1
audio07.TextGrid,13,3,put,62.800,63.010,5.66,3,VBD,0,7.5202,5.0936,1
audio07.TextGrid,13,4,the,63.010,63.110,7.73,2,DT,0,2.5277,2.8198,1
audio07.TextGrid,13,5,gear,63.110,63.380,4.46,3,NN,1,4.1414,8.1210,1
audio07.TextGrid,13,6,in,63.380,63.480,7.27,2,IN,0,3.4479,1.4180,1
audio07.TextGrid,13,7,the,63.480,63.550,7.73,2,DT,0,1.6999,0.7521,1
audio07.TextGrid,13,8,boat,63.550,63.900,4.71,3,NN,1,4.1367,3.3549,1
audio07.TextGrid,13,9,and,63.900,64.010,7.41,2,CC,0,4.4277,1.1991,1
audio07.TextGrid,13,10,then,64.010,64.190,6.07,3,RB,0,7.8958,2.9692,1
audio07.TextGrid,13,11,get,64.190,64.420,6.28,3,VB,0,7.1367,4.0420,1
audio07.TextGrid,14,1,some,64.420,64.770,6.2,3,DT,0,5.3151,3.1893,1
audio07.TextGrid,14,2,they,66.290,66.410,6.5,2,PRP,0,8.2278,3.2552,1
audio07.TextGrid,14,3,had,66.410,66.580,6.33,3,VBD,0,5.6706,3.7638,1
audio07.TextGrid,14,4,coffee,66.580,66.980,4.86,4,NN,0,12.5960,3.6773,1
audio07.TextGrid,14,5,from,66.980,67.170,6.63,4,IN,0,5.1800,5.1640,1
audio07.TextGrid,14,6,condensed,67.170,67.690,3.4,8,VBN,1,8.0820,15.2237,1
audio07.TextGrid,14,7,milk,67.690,67.990,4.66,4,NN,0,9.5778,0.6496,1
audio07.TextGrid,14,8,cans,67.990,68.400,3.8,4,NNS,1,6.6217,6.0316,1
audio07.TextGrid,14,9,at,68.400,68.510,6.7,2,IN,0,4.5972,3.7229,1
audio07.TextGrid,14,10,an,68.510,68.610,6.53,2,DT,0,4.3456,5.7862,1
audio07.TextGrid,14,11,early,68.610,68.820,5.43,3,JJ,0,7.2970,3.6040,1
audio07.TextGrid,14,12,morning,68.820,69.150,5.33,6,NN,0,8.7573,2.4322,1
audio07.TextGrid,14,13,place,69.150,69.540,5.71,4,NN,0,8.7843,4.4805,1
audio07.TextGrid,14,14,that,69.540,69.680,7.01,3,WDT,0,4.3514,4.1149,1
audio07.TextGrid,14,15,served,69.680,69.980,4.81,4,VBD,0,11.4700,5.3398,1
audio07.TextGrid,14,16,fishermen,69.980,70.480,3.65,7,NNS,1,6.9750,12.0511,1
audio07.TextGrid,15,1,how,71.860,71.980,6.24,2,WRB,0,7.8277,3.8208,1
audio07.TextGrid,15,2,did,71.980,72.120,5.96,3,VBD,0,8.9248,2.8768,1
audio07.TextGrid,15,3,you,72.120,72.210,6.98,2,PRP,0,6.1782,0.3664,1
audio07.TextGrid,15,4,sleep,72.210,72.520,5.05,4,VB,0,9.9323,2.9839,1
audio07.TextGrid,15,5,old,72.520,72.710,5.75,3,JJ,0,7.9819,7.4406,1
audio07.TextGrid,15,6,man,72.710,72.960,5.82,3,NN,0,8.4360,0.1921,1
audio07.TextGrid,15,7,the,73.210,73.290,7.73,2,DT,0,3.0606,1.2851,1
audio07.TextGrid,15,8,boy,73.290,73.550,5.17,2,NN,0,10.2414,0.4915,1
audio07.TextGrid,15,9,asked,73.550,73.970,5.3,3,VBD,0,7.8564,0.1566,1
audio07.TextGrid,16,1,he,74.690,74.790,6.69,2,PRP,0,4.5353,3.9187,1
audio07.TextGrid,16,2,was,74.790,74.940,6.82,3,VBD,0,3.9158,2.0736,1
audio07.TextGrid,16,3,waking,74.940,75.250,3.95,5,VBG,1,7.5415,6.4908,1
audio07.TextGrid,16,4,up,75.250,75.430,6.39,2,RB,0,4.9651,0.7769,1
audio07.TextGrid,16,5,now,75.430,75.760,6.18,2,RB,0,6.4372,4.8853,1
audio07.TextGrid,16,6,although,75.880,76.140,5.3,4,IN,0,7.8527,8.8113,1
audio07.TextGrid,16,7,it,76.140,76.250,6.95,2,PRP,0,3.8523,3.9252,1
audio07.TextGrid,16,8,was,76.250,76.350,6.82,3,VBD,0,5.6157,0.3075,1
audio07.TextGrid,16,9,still,76.350,76.590,5.92,4,RB,0,6.6174,3.2059,1
audio07.TextGrid,16,10,hard,76.590,76.820,5.53,4,JJ,0,8.3018,5.8746,1
audio07.TextGrid,16,11,for,76.820,76.950,7.01,2,IN,0,4.0719,2.2714,1
audio07.TextGrid,16,12,him,76.950,77.020,6.11,2,PRP,0,7.4660,0.0696,1
audio07.TextGrid,16,13,to,77.020,77.170,7.43,2,TO,0,3.3005,0.3025,1
audio07.TextGrid,16,14,leave,77.170,77.410,5.34,3,VB,0,8.2942,7.7583,1
audio07.TextGrid,16,15,his,77.410,77.560,6.51,3,PRP$,0,5.9548,1.7550,1
audio07.TextGrid,16,16,sleep,77.560,77.970,5.05,4,NN,0,10.3479,4.2140,1
audio07.TextGrid,17,1,very,79.620,79.840,6.0,4,RB,0,7.6009,5.6770,1
audio07.TextGrid,17,2,well,79.840,80.080,6.03,3,RB,0,6.3866,0.5738,1
audio07.TextGrid,17,3,manolin,80.080,80.600,0.0,7,VB,1,4.2034,22.5423,1
audio07.TextGrid,17,4,the,80.810,80.990,7.73,2,DT,0,2.2951,0.2100,1
audio07.TextGrid,17,5,old,80.990,81.190,5.75,3,JJ,0,7.3324,0.1554,1
audio07.TextGrid,17,6,man,81.190,81.410,5.82,3,NN,0,7.6939,0.0058,1
audio07.TextGrid,17,7,said,81.410,81.790,6.01,3,VBD,0,5.6899,0.0874,1
audio07.TextGrid,18,1,i,82.650,82.770,7.09,1,NN,0,5.5144,1.5736,1
audio07.TextGrid,18,2,feel,82.770,82.980,5.67,3,VBP,0,7.4635,5.4218,1
audio07.TextGrid,18,3,confident,82.980,83.570,4.43,9,JJ,0,11.4488,8.3137,1
audio07.TextGrid,18,4,today,83.570,83.940,5.55,4,NN,0,7.9449,6.5766,1
audio07.TextGrid,19,1,so,85.500,85.740,6.52,2,RB,0,6.6130,4.3385,1
audio07.TextGrid,19,2,do,85.740,85.800,6.35,2,VB,0,6.7449,1.7293,1
audio07.TextGrid,19,3,i,85.800,86.090,7.09,1,VB,0,6.2662,1.2823,1
audio07.TextGrid,19,4,the,86.390,86.490,7.73,2,DT,0,3.7359,0.1805,1
audio07.TextGrid,19,5,boy,86.490,86.730,5.17,2,NN,0,10.2420,0.0977,1
audio07.TextGrid,19,6,said,86.730,87.100,6.01,3,VBD,0,4.4736,0.1402,1
audio07.TextGrid,20,1,now,87.770,87.980,6.18,2,RB,0,6.7634,4.0868,1
audio07.TextGrid,20,2,i,87.980,88.060,7.09,1,VBZ,0,6.3159,2.2760,1
audio07.TextGrid,20,3,must,88.060,88.280,5.68,4,MD,0,6.9464,2.9521,1
audio07.TextGrid,20,4,get,88.280,88.500,6.28,3,VB,0,5.7543,2.5152,1
audio07.TextGrid,20,5,your,88.500,88.620,6.53,3,PRP$,0,7.3924,3.7404,1
audio07.TextGrid,20,6,sardines,88.620,89.230,2.93,7,NNS,1,5.5686,9.6444,1
audio07.TextGrid,20,7,and,89.230,89.420,7.41,3,CC,0,4.3450,1.4815,1
audio07.TextGrid,20,8,mine,89.450,89.850,5.04,3,NN,0,10.7457,5.7368,1
audio07.TextGrid,20,9,and,89.850,89.960,7.41,3,CC,0,3.5953,2.5217,1
audio07.TextGrid,20,10,your,89.960,90.130,6.53,3,PRP$,0,7.8298,3.0093,1
audio07.TextGrid,20,11,fresh,90.130,90.400,4.83,4,JJ,0,9.6507,6.5596,1
audio07.TextGrid,20,12,baits,90.400,90.890,2.65,4,NNS,1,5.6159,10.1875,1
audio07.TextGrid,21,1,he,91.320,91.440,6.69,2,PRP,0,4.5353,6.4655,1
audio07.TextGrid,21,2,brings,91.440,91.730,4.61,5,VBZ,0,9.1761,7.6057,1
audio07.TextGrid,21,3,our,91.730,91.850,6.14,2,PRP$,0,7.8276,5.8350,1
audio07.TextGrid,21,4,gear,91.850,92.120,4.46,3,NN,1,4.2527,6.6594,1
audio07.TextGrid,21,5,himself,92.120,92.670,5.25,7,PRP,0,10.4590,6.6933,1
audio07.TextGrid,21,6,he,92.900,92.990,6.69,2,PRP,0,6.5850,1.9829,1
audio07.TextGrid,21,7,never,92.990,93.200,5.91,4,RB,0,8.2069,5.4319,1
audio07.TextGrid,21,8,wants,93.200,93.450,5.24,5,VBZ,0,8.1639,4.8581,1
audio07.TextGrid,21,9,anyone,93.450,93.750,5.38,6,NN,0,10.9926,6.0377,1
audio07.TextGrid,21,10,to,93.750,93.840,7.43,2,TO,0,3.8355,0.4544,1
audio07.TextGrid,21,11,carry,93.840,94.210,4.89,4,VB,0,8.0106,5.4488,1
audio07.TextGrid,21,12,anything,94.210,94.670,5.55,6,NN,0,9.9679,3.0505,1
audio07.TextGrid,22,1,we,96.270,96.390,6.54,2,PRP,0,5.6952,3.8655,1
audio07.TextGrid,22,2,re,96.390,96.450,5.23,2,VBP,1,3.9761,3.0123,1
audio07.TextGrid,22,3,different,96.450,97.050,5.59,7,JJ,0,8.3898,8.9120,1
audio07.TextGrid,22,4,the,97.230,97.350,7.73,2,DT,0,4.3254,0.1408,1
audio07.TextGrid,22,5,old,97.350,97.540,5.75,3,JJ,0,7.3409,0.3656,1
audio07.TextGrid,22,6,man,97.540,97.770,5.82,3,NN,0,7.7047,0.0036,1
audio07.TextGrid,22,7,said,97.770,98.160,6.01,3,VBD,0,4.4991,0.0672,1
audio07.TextGrid,22,8,i,98.460,98.590,7.09,1,JJ,0,6.1722,1.9336,1
audio07.TextGrid,22,9,let,98.590,98.790,5.6,3,NN,0,8.6619,7.6695,1
audio07.TextGrid,22,10,you,98.790,98.870,6.98,2,PRP,0,6.2625,1.2733,1
audio07.TextGrid,22,11,carry,98.870,99.180,4.89,4,VBP,0,9.2170,2.0284,1
audio07.TextGrid,22,12,things,99.180,99.480,5.74,4,NNS,0,9.4936,4.5513,1
audio07.TextGrid,22,13,when,99.480,99.610,6.37,3,WRB,0,5.8437,3.9110,1
audio07.TextGrid,22,14,you,99.610,99.700,6.98,2,PRP,0,5.8500,0.6660,1
audio07.TextGrid,22,15,were,99.700,99.800,6.34,2,VBD,0,4.5431,1.3323,1
audio07.TextGrid,22,16,five,99.800,100.090,5.45,3,CD,0,8.0649,6.3382,1
audio07.TextGrid,22,17,years,100.090,100.310,5.96,3,NNS,0,5.8593,1.2587,1
audio07.TextGrid,22,18,old,100.310,100.750,5.75,3,JJ,0,8.6692,0.0232,1
audio07.TextGrid,23,1,i,101.570,101.680,7.09,1,NN,0,5.5144,1.8709,1
audio07.TextGrid,23,2,know,101.680,101.900,6.1,2,VBP,0,7.0565,3.3412,1
audio07.TextGrid,23,3,it,101.900,102.090,6.95,2,PRP,0,4.5402,3.4922,1
audio07.TextGrid,23,4,the,102.250,102.310,7.73,2,DT,0,3.8763,0.0734,1
audio07.TextGrid,23,5,boy,102.310,102.530,5.17,2,NN,0,10.2432,0.0900,1
audio07.TextGrid,23,6,said,102.530,102.940,6.01,3,VBD,0,4.5145,0.0615,1
audio07.TextGrid,24,1,i,102.940,102.970,7.09,1,NN,0,5.5144,1.0142,1
audio07.TextGrid,24,2,ll,103.440,103.550,4.66,2,VBP,1,3.9811,3.7859,1
audio07.TextGrid,24,3,be,103.550,103.690,6.79,2,VB,0,4.7970,3.3950,1
audio07.TextGrid,24,4,right,103.690,103.860,5.96,3,JJ,0,7.8151,3.4007,1
audio07.TextGrid,24,5,back,103.860,104.220,6.04,3,RB,0,7.7082,0.4668,1
audio07.TextGrid,24,6,have,104.430,104.590,6.71,3,VBP,0,5.2913,5.3962,1
audio07.TextGrid,24,7,another,104.590,104.820,5.74,5,DT,0,7.1626,5.8714,1
audio07.TextGrid,24,8,coffee,104.820,105.290,4.86,4,NN,0,10.2388,3.4032,1
audio07.TextGrid,24,9,we,105.410,105.530,6.54,2,PRP,0,7.9492,2.4610,1
audio07.TextGrid,24,10,have,105.530,105.670,6.71,3,VBP,0,5.0150,3.0717,1
audio07.TextGrid,24,11,credit,105.670,106.020,5.0,6,NN,0,9.4513,12.7537,1
audio07.TextGrid,24,12,here,106.020,106.270,5.97,3,RB,0,8.5203,4.4563,1
audio07.TextGrid,25,1,he,107.810,107.900,6.69,2,PRP,0,4.5353,3.1992,1
audio07.TextGrid,25,2,walked,107.900,108.200,4.67,4,VBD,1,3.3819,3.5579,1
audio07.TextGrid,25,3,off,108.200,108.590,5.93,2,RP,0,6.2625,3.3432,1
audio07.TextGrid,25,4,bare,108.590,108.840,4.18,3,NN,1,6.4118,7.6259,1
audio07.TextGrid,25,5,footed,108.840,109.140,3.3,5,VBN,1,7.3065,1.2906,1
audio07.TextGrid,25,6,on,109.140,109.250,6.91,2,IN,0,4.0281,3.8783,1
audio07.TextGrid,25,7,the,109.250,109.320,7.73,2,DT,0,1.6844,0.7175,1
audio07.TextGrid,25,8,coral,109.320,109.710,3.86,5,JJ,1,5.0753,10.8778,1
audio07.TextGrid,25,9,rocks,109.710,110.110,4.38,4,NNS,1,6.0006,4.8796,1
audio07.TextGrid,25,10,to,110.110,110.220,7.43,2,TO,0,3.4475,2.4093,1
audio07.TextGrid,25,11,the,110.220,110.350,7.73,2,DT,0,2.2389,0.5907,1
audio07.TextGrid,25,12,ice,110.350,110.580,5.0,2,NN,1,4.1355,7.6922,1
audio07.TextGrid,25,13,house,110.580,110.940,5.71,3,NN,0,8.0363,4.1386,1
audio07.TextGrid,25,14,where,110.940,111.050,6.0,3,WRB,0,8.3315,1.4095,1
audio07.TextGrid,25,15,the,111.050,111.120,7.73,2,DT,0,1.9707,0.9673,1
audio07.TextGrid,25,16,baits,111.120,111.460,2.65,4,NNS,1,6.4530,8.0600,1
audio07.TextGrid,25,17,were,111.460,111.550,6.34,2,VBD,0,4.7269,0.9260,1
audio07.TextGrid,25,18,stored,111.550,112.080,4.18,5,VBN,0,10.6397,3.6804,1
audio07.TextGrid,26,1,the,113.370,113.500,7.73,2,DT,0,1.8241,1.4264,1
audio07.TextGrid,26,2,old,113.500,113.710,5.75,3,JJ,0,7.3292,1.2608,1
audio07.TextGrid,26,3,man,113.710,113.960,5.82,3,NN,0,7.6921,0.0272,1
audio07.TextGrid,26,4,drank,113.960,114.250,3.95,5,VBD,1,3.5568,6.2014,1
audio07.TextGrid,26,5,his,114.250,114.410,6.51,3,PRP$,0,6.0833,2.1372,1
audio07.TextGrid,26,6,coffee,114.410,114.850,4.86,4,NN,0,10.3517,0.6252,1
audio07.TextGrid,26,7,slowly,114.850,115.400,4.63,5,RB,0,10.1292,4.6784,1
audio07.TextGrid,27,1,it,115.930,116.040,6.95,2,PRP,0,3.8912,3.6320,1
audio07.TextGrid,27,2,was,116.040,116.160,6.82,3,VBD,0,3.9158,0.4551,1
audio07.TextGrid,27,3,all,116.160,116.360,6.52,2,DT,0,6.1574,5.4542,1
audio07.TextGrid,27,4,he,116.360,116.450,6.69,2,PRP,0,7.9355,2.4728,1
audio07.TextGrid,27,5,would,116.450,116.610,6.27,3,MD,0,6.2226,4.8641,1
audio07.TextGrid,27,6,have,116.610,116.840,6.71,3,VB,0,3.8758,2.8072,1
audio07.TextGrid,27,7,all,116.840,117.010,6.52,2,DT,0,6.2768,7.9970,1
audio07.TextGrid,27,8,day,117.010,117.460,5.95,2,NN,0,7.2135,0.9203,1
audio07.TextGrid,27,9,and,117.460,117.600,7.41,3,CC,0,4.2567,2.3348,1
audio07.TextGrid,27,10,he,117.600,117.750,6.69,2,PRP,0,5.1282,1.4037,1
audio07.TextGrid,27,11,knew,117.750,117.980,5.2,3,VBD,0,9.5074,3.0218,1
audio07.TextGrid,27,12,that,117.980,118.110,7.01,3,IN,0,4.1951,1.7641,1
audio07.TextGrid,27,13,he,118.110,118.230,6.69,2,PRP,0,5.0770,1.4197,1
audio07.TextGrid,27,14,should,118.230,118.470,5.99,3,MD,0,7.2316,3.7574,1
audio07.TextGrid,27,15,take,118.470,118.730,5.92,3,VB,0,5.6088,3.5845,1
audio07.TextGrid,27,16,it,118.730,118.920,6.95,2,PRP,0,4.4106,1.9675,1
audio07.TextGrid,28,1,for,119.850,119.940,7.01,2,IN,0,4.8270,5.9499,1
audio07.TextGrid,28,2,a,119.940,119.970,7.36,1,DT,0,2.6240,1.4337,1
audio07.TextGrid,28,3,long,119.970,120.230,5.81,3,JJ,0,7.8078,1.5938,1
audio07.TextGrid,28,4,time,120.230,120.510,6.29,3,NN,0,6.0561,0.1713,1
audio07.TextGrid,28,5,now,120.510,120.760,6.18,2,RB,0,6.2732,4.8830,1
audio07.TextGrid,28,6,eating,120.760,121.080,4.85,4,VBG,0,10.6160,12.4987,1
audio07.TextGrid,28,7,had,121.080,121.200,6.33,3,VBD,0,6.9177,2.7686,1
audio07.TextGrid,28,8,bored,121.200,121.610,4.2,4,VBN,1,6.3401,9.7353,1
audio07.TextGrid,28,9,him,121.660,121.930,6.11,2,PRP,0,8.8192,0.2958,1
audio07.TextGrid,28,10,and,122.170,122.300,7.41,3,CC,0,4.1153,1.0608,1
audio07.TextGrid,28,11,he,122.300,122.380,6.69,2,PRP,0,5.2420,0.5546,1
audio07.TextGrid,28,12,never,122.380,122.590,5.91,4,RB,0,8.3279,4.1269,1
audio07.TextGrid,28,13,carried,122.590,122.930,4.77,5,VBD,0,8.9775,7.3828,1
audio07.TextGrid,28,14,a,122.930,123.000,7.36,1,DT,0,3.7653,2.5967,1
audio07.TextGrid,28,15,lunch,123.000,123.450,4.66,4,NN,0,10.2455,6.8480,1
audio07.TextGrid,29,1,he,124.010,124.120,6.69,2,PRP,0,4.5353,0.9547,1
audio07.TextGrid,29,2,had,124.120,124.260,6.33,3,VBD,0,4.7197,2.1929,1
audio07.TextGrid,29,3,a,124.260,124.300,7.36,1,DT,0,3.3456,3.0016,1
audio07.TextGrid,29,4,bottle,124.300,124.580,4.57,5,NN,0,7.7554,4.6432,1
audio07.TextGrid,29,5,of,124.580,124.700,7.4,2,IN,0,3.1680,0.1830,1
audio07.TextGrid,29,6,water,124.700,125.060,5.52,4,NN,0,9.7613,2.3910,1
audio07.TextGrid,29,7,in,125.060,125.150,7.27,2,IN,0,3.8616,1.9016,1
audio07.TextGrid,29,8,the,125.150,125.210,7.73,2,DT,0,1.6967,2.0294,1
audio07.TextGrid,29,9,bow,125.210,125.540,4.3,2,NN,1,4.1363,7.4885,1
audio07.TextGrid,29,10,of,125.540,125.610,7.4,2,IN,0,3.0690,0.9426,1
audio07.TextGrid,29,11,the,125.610,125.730,7.73,2,DT,0,1.6929,1.0990,1
audio07.TextGrid,29,12,skiff,125.730,126.170,2.63,4,NN,1,4.1360,7.8901,1
audio07.TextGrid,30,1,and,126.750,126.840,7.41,2,CC,0,3.7036,0.8119,1
audio07.TextGrid,30,2,that,126.840,127.000,7.01,3,DT,0,4.8279,5.5611,1
audio07.TextGrid,30,3,was,127.000,127.110,6.82,3,VBD,0,5.9677,1.1020,1
audio07.TextGrid,30,4,all,127.110,127.290,6.52,2,DT,0,6.1118,1.8882,1
audio07.TextGrid,30,5,he,127.290,127.410,6.69,2,PRP,0,7.8068,0.2665,1
audio07.TextGrid,30,6,needed,127.410,127.750,5.18,5,VBD,0,8.3514,2.2798,1
audio07.TextGrid,30,7,for,127.750,127.900,7.01,2,IN,0,3.8393,3.7622,1
audio07.TextGrid,30,8,the,127.900,128.000,7.73,2,DT,0,1.6911,2.2485,1
audio07.TextGrid,30,9,day,128.000,128.360,5.95,2,NN,0,7.0817,1.8556,1
audio07.TextGrid,31,1,the,129.870,129.960,7.73,2,DT,0,1.8241,1.9846,1
audio07.TextGrid,31,2,boy,129.960,130.210,5.17,2,NN,0,10.2353,2.0856,1
audio07.TextGrid,31,3,was,130.210,130.390,6.82,3,VBD,0,4.1791,2.6763,1
audio07.TextGrid,31,4,back,130.390,130.670,6.04,3,RB,0,7.0562,6.5166,1
audio07.TextGrid,31,5,now,130.670,130.970,6.18,2,RB,0,6.3504,4.6191,1
audio07.TextGrid,31,6,with,130.970,131.130,6.85,3,IN,0,4.9953,3.3433,1
audio07.TextGrid,31,7,the,131.130,131.230,7.73,2,DT,0,1.8044,1.3577,1
audio07.TextGrid,31,8,sardines,131.230,131.890,2.93,7,NNS,1,6.4437,3.3348,1
audio07.TextGrid,31,9,and,131.890,131.990,7.41,2,CC,0,4.3346,0.5505,1
audio07.TextGrid,31,10,the,131.990,132.080,7.73,2,DT,0,2.3659,1.4190,1
audio07.TextGrid,31,11,two,132.080,132.270,6.1,2,CD,0,7.2609,5.7344,1
audio07.TextGrid,31,12,baits,132.270,132.670,2.65,4,NNS,1,5.4428,2.7807,1
audio07.TextGrid,31,13,wrapped,132.670,132.920,4.15,4,VBD,1,4.2195,7.4192,1
audio07.TextGrid,31,14,in,132.920,133.010,7.27,2,IN,0,3.6547,1.1348,1
audio07.TextGrid,31,15,a,133.010,133.060,7.36,1,DT,0,2.6353,2.1888,1
audio07.TextGrid,31,16,newspaper,133.060,133.740,4.6,7,NN,0,7.6748,7.6634,1
audio07.TextGrid,31,17,and,134.010,134.130,7.41,2,CC,0,4.3690,1.7458,1
audio07.TextGrid,31,18,they,134.130,134.230,6.5,2,PRP,0,5.1699,3.1624,1
audio07.TextGrid,31,19,went,134.230,134.420,5.5,4,VBD,0,7.7620,2.4861,1
audio07.TextGrid,31,20,down,134.420,134.650,5.88,3,IN,0,6.3241,3.2975,1
audio07.TextGrid,31,21,the,134.650,134.730,7.73,2,DT,0,2.5377,0.9869,1
audio07.TextGrid,31,22,trail,134.730,135.100,4.45,4,NN,0,14.4781,5.4510,1
audio07.TextGrid,31,23,to,135.100,135.230,7.43,2,TO,0,3.4997,1.2544,1
audio07.TextGrid,31,24,the,135.230,135.340,7.73,2,DT,0,2.5399,0.3276,1
audio07.TextGrid,31,25,skiff,135.340,135.830,2.63,4,NN,1,4.1363,5.0246,1
audio07.TextGrid,31,26,feeling,136.120,136.450,5.13,5,VBG,0,10.3963,7.8381,1
audio07.TextGrid,31,27,the,136.450,136.510,7.73,2,DT,0,2.2169,1.1525,1
audio07.TextGrid,31,28,pebbled,136.510,136.970,2.02,6,JJ,1,5.0751,13.1716,1
audio07.TextGrid,31,29,sand,136.970,137.400,4.44,4,NN,1,4.3292,4.6495,1
audio07.TextGrid,31,30,under,137.400,137.630,5.73,4,IN,0,6.2477,4.6345,1
audio07.TextGrid,31,31,their,137.630,137.810,6.33,3,PRP$,0,4.9301,1.6974,1
audio07.TextGrid,31,32,feet,137.810,138.190,4.99,3,NNS,0,9.2134,0.2488,1
audio07.TextGrid,31,33,and,138.490,138.660,7.41,3,CC,0,3.9827,2.0358,1
audio07.TextGrid,31,34,lifted,138.660,138.930,4.1,6,VBD,0,10.9368,7.8944,1
audio07.TextGrid,31,35,the,138.930,139.020,7.73,2,DT,0,2.6785,1.4615,1
audio07.TextGrid,31,36,skiff,139.020,139.450,2.63,4,NN,1,4.1421,4.5952,1
audio07.TextGrid,31,37,and,139.450,139.620,7.41,3,CC,0,4.2215,2.6371,1
audio07.TextGrid,31,38,slid,139.620,139.840,3.55,4,VB,0,10.5729,6.8820,1
audio07.TextGrid,31,39,her,139.840,139.940,6.3,2,PRP$,0,6.8689,7.2423,1
audio07.TextGrid,31,40,into,139.940,140.090,6.11,4,IN,0,7.0652,2.3457,1
audio07.TextGrid,31,41,the,140.090,140.170,7.73,2,DT,0,1.6947,0.2623,1
audio07.TextGrid,31,42,water,140.170,140.630,5.52,4,NN,0,8.3726,1.6523,1
audio07.TextGrid,31,43,good,142.190,142.350,6.12,3,JJ,0,8.0241,4.2173,1
audio07.TextGrid,31,44,luck,142.350,142.540,4.91,3,NN,0,10.3413,3.1415,1
audio07.TextGrid,31,45,old,142.540,142.710,5.75,3,JJ,0,8.5023,8.2995,1
audio07.TextGrid,31,46,man,142.710,143.090,5.82,3,NN,0,7.9369,0.3886,1
audio07.TextGrid,32,1,good,144.040,144.230,6.12,3,JJ,0,7.5665,2.5832,1
audio07.TextGrid,32,2,luck,144.230,144.540,4.91,3,NN,0,10.6916,0.1514,1
audio07.TextGrid,32,3,the,144.800,144.970,7.73,2,DT,0,4.2357,0.5493,1
audio07.TextGrid,32,4,old,144.970,145.150,5.75,3,JJ,0,7.3432,0.8583,1
audio07.TextGrid,32,5,man,145.150,145.400,5.82,3,NN,0,7.6998,0.0063,1
audio07.TextGrid,32,6,said,145.400,145.840,6.01,3,VBD,0,3.7213,0.0700,1
audio07.TextGrid,33,1,he,146.810,146.930,6.69,2,PRP,0,4.5353,1.9356,1
audio07.TextGrid,33,2,fitted,146.930,147.210,4.13,5,VBD,1,3.3819,10.6412,1
audio07.TextGrid,33,3,the,147.210,147.280,7.73,2,DT,0,2.4671,0.6934,1
audio07.TextGrid,33,4,rope,147.280,147.550,4.06,3,NN,0,10.2397,5.5540,1
audio07.TextGrid,33,5,lashings,147.550,148.040,2.26,6,NNS,1,6.7593,14.6348,1
audio07.TextGrid,33,6,of,148.040,148.110,7.4,2,IN,0,2.9573,2.5555,1
audio07.TextGrid,33,7,the,148.110,148.270,7.73,2,DT,0,1.6942,0.3988,1
audio07.TextGrid,33,8,oars,148.270,148.660,3.01,3,NNS,1,6.4486,7.6642,1
audio07.TextGrid,33,9,onto,148.660,148.890,4.77,4,IN,0,10.1678,5.1688,1
audio07.TextGrid,33,10,the,148.890,149.010,7.73,2,DT,0,1.6945,0.3161,1
audio07.TextGrid,33,11,thole,149.010,149.300,1.96,3,JJ,1,5.0744,15.8251,1
audio07.TextGrid,33,12,pins,149.300,149.890,3.8,4,NNS,0,10.6770,10.5666,1
audio07.TextGrid,33,13,and,150.100,150.450,7.41,3,CC,0,4.3384,1.4354,1
audio07.TextGrid,33,14,leaning,150.450,150.820,3.89,5,VBG,1,7.9903,4.7010,1
audio07.TextGrid,33,15,forward,150.820,151.240,5.12,6,RB,0,9.4861,2.6519,1
audio07.TextGrid,33,16,against,151.240,151.570,5.68,6,IN,0,7.5592,5.0785,1
audio07.TextGrid,33,17,the,151.570,151.680,7.73,2,DT,0,1.7365,0.1780,1
audio07.TextGrid,33,18,thrust,151.680,152.020,3.86,5,NN,1,4.1381,10.8788,1
audio07.TextGrid,33,19,of,152.020,152.090,7.4,2,IN,0,3.1317,3.0334,1
audio07.TextGrid,33,20,the,152.090,152.190,7.73,2,DT,0,1.6958,0.1517,1
audio07.TextGrid,33,21,blades,152.190,152.560,3.87,5,NNS,1,6.4470,8.6785,1
audio07.TextGrid,33,22,in,152.560,152.650,7.27,2,IN,0,3.2812,4.4403,1
audio07.TextGrid,33,23,the,152.650,152.720,7.73,2,DT,0,1.6968,0.3940,1
audio07.TextGrid,33,24,water,152.720,153.090,5.52,4,NN,0,8.3719,1.9047,1
audio07.TextGrid,34,1,he,153.590,153.670,6.69,2,PRP,0,4.5353,2.4438,1
audio07.TextGrid,34,2,began,153.670,153.970,5.07,5,VBD,0,6.3554,4.1896,1
audio07.TextGrid,34,3,to,153.970,154.060,7.43,2,TO,0,3.3822,0.4341,1
audio07.TextGrid,34,4,row,154.060,154.390,4.6,2,VB,0,12.3370,8.1008,1
audio07.TextGrid,34,5,out,154.390,154.500,6.38,2,IN,0,6.9378,4.5235,1
audio07.TextGrid,34,6,of,154.500,154.570,7.4,2,IN,0,3.5207,1.8659,1
audio07.TextGrid,34,7,the,154.570,154.690,7.73,2,DT,0,1.7150,0.2873,1
audio07.TextGrid,34,8,harbour,154.690,155.070,3.98,5,NN,1,4.1399,7.6218,1
audio07.TextGrid,34,9,in,155.070,155.140,7.27,2,IN,0,3.6167,4.0014,1
audio07.TextGrid,34,10,the,155.140,155.240,7.73,2,DT,0,1.6994,1.0287,1
audio07.TextGrid,34,11,dark,155.240,155.640,5.04,4,NN,0,10.7248,3.9145,1
audio07.TextGrid,35,1,there,156.620,156.740,6.31,3,EX,0,5.7321,4.1065,1
audio07.TextGrid,35,2,were,156.740,156.880,6.34,2,VBD,0,4.5868,1.4832,1
audio07.TextGrid,35,3,other,156.880,157.090,6.16,3,JJ,0,6.5830,5.2200,1
audio07.TextGrid,35,4,boats,157.090,157.480,4.25,4,NNS,1,5.3080,1.5673,1
audio07.TextGrid,35,5,from,157.480,157.620,6.63,4,IN,0,4.7316,5.3731,1
audio07.TextGrid,35,6,the,157.620,157.770,7.73,2,DT,0,1.6925,0.9875,1
audio07.TextGrid,35,7,other,157.770,157.930,6.16,3,JJ,0,5.7835,3.9378,1
audio07.TextGrid,35,8,beaches,157.930,158.490,3.96,5,NNS,1,5.6200,9.3741,1
audio07.TextGrid,35,9,going,158.490,158.780,5.94,4,VBG,0,8.5424,6.1853,1
audio07.TextGrid,35,10,out,158.780,158.980,6.38,2,IN,0,5.6772,3.1931,1
audio07.TextGrid,35,11,to,158.980,159.050,7.43,2,TO,0,3.5391,2.1657,1
audio07.TextGrid,35,12,sea,159.050,159.460,5.06,2,VB,0,8.8238,2.0925,1
audio07.TextGrid,35,13,and,159.670,159.780,7.41,2,CC,0,3.9244,1.5933,1
audio07.TextGrid,35,14,the,159.780,159.880,7.73,2,DT,0,2.2384,1.8235,1
audio07.TextGrid,35,15,old,159.880,160.100,5.75,3,JJ,0,7.3320,1.4723,1
audio07.TextGrid,35,16,man,160.100,160.340,5.82,3,NN,0,7.6934,0.0319,1
audio07.TextGrid,35,17,heard,160.340,160.520,5.27,3,VBD,0,10.2282,4.7226,1
audio07.TextGrid,35,18,the,160.520,160.620,7.73,2,DT,0,2.9311,1.1616,1
audio07.TextGrid,35,19,dip,160.620,160.920,4.05,3,NN,1,4.1464,11.1005,1
audio07.TextGrid,35,20,and,160.920,161.040,7.41,2,CC,0,4.3107,2.1438,1
audio07.TextGrid,35,21,push,161.040,161.370,4.82,3,NN,0,9.6085,9.4256,1
audio07.TextGrid,35,22,of,161.370,161.440,7.4,2,IN,0,3.3878,0.4737,1
audio07.TextGrid,35,23,their,161.440,161.740,6.33,3,PRP$,0,4.9443,4.2625,1
audio07.TextGrid,35,24,oars,161.740,162.240,3.01,3,NNS,1,5.5670,4.7831,1
audio07.TextGrid,35,25,even,162.240,162.520,5.99,4,RB,0,6.8377,7.7496,1
audio07.TextGrid,35,26,though,162.520,162.690,5.5,2,IN,0,7.5850,1.9191,1
audio07.TextGrid,35,27,he,162.690,162.760,6.69,2,PRP,0,4.6702,1.4458,1
audio07.TextGrid,35,28,could,162.760,162.930,6.06,3,MD,0,6.3221,2.2855,1
audio07.TextGrid,35,29,not,162.930,163.120,6.69,3,RB,0,6.2026,0.6156,1
audio07.TextGrid,35,30,see,163.120,163.330,6.1,2,VB,0,6.9700,0.5328,1
audio07.TextGrid,35,31,them,163.330,163.560,6.19,3,PRP,0,6.5373,0.9550,1
audio07.TextGrid,35,32,now,163.560,163.750,6.18,2,RB,0,6.7511,6.2426,1
audio07.TextGrid,35,33,the,163.750,163.830,7.73,2,DT,0,3.6200,7.4158,1
audio07.TextGrid,35,34,moon,163.830,164.100,4.7,3,NN,0,11.1027,5.0393,1
audio07.TextGrid,35,35,was,164.100,164.270,6.82,3,VBD,0,6.4428,0.7386,1
audio07.TextGrid,35,36,below,164.270,164.540,5.05,4,IN,0,7.6190,6.4964,1
audio07.TextGrid,35,37,the,164.540,164.650,7.73,2,DT,0,1.7965,1.7075,1
audio07.TextGrid,35,38,hills,164.650,165.150,4.46,4,NNS,0,8.3409,6.9699,1
audio08.TextGrid,1,1,sometimes,1.200,1.740,5.28,7,RB,0,8.7093,6.6556,1
audio08.TextGrid,1,2,someone,1.740,1.990,5.63,6,NN,0,10.5114,7.2538,1
audio08.TextGrid,1,3,would,1.990,2.160,6.27,3,MD,0,5.3045,0.8196,1
audio08.TextGrid,1,4,speak,2.160,2.550,5.03,4,VB,0,9.5913,7.0057,1
audio08.TextGrid,1,5,in,2.550,2.650,7.27,2,IN,0,3.6599,2.8811,1
audio08.TextGrid,1,6,a,2.650,2.700,7.36,1,DT,0,2.6096,1.9459,1
audio08.TextGrid,1,7,boat,2.700,3.100,4.71,3,NN,1,4.1400,4.5149,1
audio08.TextGrid,1,8,but,3.410,3.600,6.63,3,CC,0,5.9790,4.2829,1
audio08.TextGrid,1,9,most,3.600,3.840,6.0,4,JJS,0,6.9640,4.4663,1
audio08.TextGrid,1,10,of,3.840,3.910,7.4,2,IN,0,4.0486,0.5164,1
audio08.TextGrid,1,11,the,3.910,3.990,7.73,2,DT,0,1.6950,0.5914,1
audio08.TextGrid,1,12,boats,3.990,4.280,4.25,4,NNS,1,6.4480,3.2095,1
audio08.TextGrid,1,13,were,4.280,4.360,6.34,2,VBD,0,6.0877,1.0863,1
audio08.TextGrid,1,14,silent,4.360,4.930,4.45,6,JJ,0,10.8125,4.8424,1
audio08.TextGrid,1,15,except,4.930,5.250,5.02,6,IN,0,9.1827,3.7414,1
audio08.TextGrid,1,16,for,5.250,5.320,7.01,2,IN,0,6.0356,0.3670,1
audio08.TextGrid,1,17,the,5.320,5.420,7.73,2,DT,0,1.9037,0.7617,1
audio08.TextGrid,1,18,dip,5.420,5.660,4.05,3,NN,1,4.1546,9.3016,1
audio08.TextGrid,1,19,of,5.660,5.750,7.4,2,IN,0,3.1983,2.4541,1
audio08.TextGrid,1,20,the,5.750,5.890,7.73,2,DT,0,1.7065,0.3229,1
audio08.TextGrid,1,21,oars,5.890,6.340,3.01,3,NNS,1,6.4479,1.6106,1
audio08.TextGrid,2,1,they,6.910,7.050,6.5,2,PRP,0,4.6769,2.6188,1
audio08.TextGrid,2,2,spread,7.050,7.340,4.81,5,VBP,0,8.4842,8.6251,1
audio08.TextGrid,2,3,apart,7.340,7.840,4.78,5,RB,0,10.4833,6.6987,1
audio08.TextGrid,2,4,after,7.840,8.120,6.11,4,IN,0,6.6989,6.3614,1
audio08.TextGrid,2,5,they,8.120,8.250,6.5,2,PRP,0,4.6614,2.4878,1
audio08.TextGrid,2,6,were,8.250,8.420,6.34,2,VBD,0,6.2758,2.3656,1
audio08.TextGrid,2,7,out,8.420,8.580,6.38,2,IN,0,5.7029,3.4741,1
audio08.TextGrid,2,8,of,8.580,8.650,7.4,2,IN,0,2.8911,0.7994,1
audio08.TextGrid,2,9,the,8.650,8.740,7.73,2,DT,0,1.6931,1.2554,1
audio08.TextGrid,2,10,mouth,8.740,9.030,4.83,3,NN,1,4.1377,7.7502,1
audio08.TextGrid,2,11,of,9.030,9.100,7.4,2,IN,0,3.2253,0.1710,1
audio08.TextGrid,2,12,the,9.100,9.220,7.73,2,DT,0,1.6983,0.0885,1
audio08.TextGrid,2,13,harbour,9.220,9.590,3.98,5,NN,1,4.1370,3.2559,1
audio08.TextGrid,3,1,and,10.200,10.300,7.41,2,CC,0,3.7036,0.6398,1
audio08.TextGrid,3,2,each,10.300,10.530,5.69,2,DT,0,6.6769,5.6024,1
audio08.TextGrid,3,3,one,10.530,10.760,6.47,3,CD,0,6.6628,2.4687,1
audio08.TextGrid,3,4,headed,10.760,11.060,4.55,5,VBN,0,11.0408,6.7403,1
audio08.TextGrid,3,5,for,11.060,11.150,7.01,2,IN,0,3.5789,1.5024,1
audio08.TextGrid,3,6,the,11.150,11.250,7.73,2,DT,0,1.6800,0.5106,1
audio08.TextGrid,3,7,part,11.250,11.530,5.78,4,NN,0,6.5477,8.9803,1
audio08.TextGrid,3,8,of,11.530,11.600,7.4,2,IN,0,3.3871,0.3314,1
audio08.TextGrid,3,9,the,11.600,11.770,7.73,2,DT,0,1.6965,0.1815,1
audio08.TextGrid,3,10,ocean,11.770,12.100,4.7,4,NN,1,4.1366,3.8007,1
audio08.TextGrid,3,11,where,12.100,12.350,6.0,4,WRB,0,7.4011,0.8314,1
audio08.TextGrid,3,12,he,12.350,12.480,6.69,2,PRP,0,4.6798,5.2206,1
audio08.TextGrid,3,13,hoped,12.480,12.700,4.28,4,VBD,0,9.8264,5.7001,1
audio08.TextGrid,3,14,to,12.700,12.800,7.43,2,TO,0,3.3225,0.5911,1
audio08.TextGrid,3,15,find,12.800,13.140,5.76,4,VB,0,7.0574,1.6528,1
audio08.TextGrid,3,16,fish,13.140,13.570,4.9,3,JJ,1,5.7462,5.5722,1
audio08.TextGrid,4,1,the,14.590,14.710,7.73,2,DT,0,1.8241,1.6395,1
audio08.TextGrid,4,2,old,14.710,14.900,5.75,3,JJ,0,7.3292,1.5212,1
audio08.TextGrid,4,3,man,14.900,15.130,5.82,3,NN,0,7.6921,0.0047,1
audio08.TextGrid,4,4,knew,15.130,15.390,5.2,3,VBD,0,8.8975,4.1581,1
audio08.TextGrid,4,5,he,15.390,15.510,6.69,2,PRP,0,5.1907,2.7399,1
audio08.TextGrid,4,6,was,15.510,15.690,6.82,3,VBD,0,4.8320,1.7816,1
audio08.TextGrid,4,7,going,15.690,16.010,5.94,4,VBG,0,8.1858,1.7973,1
audio08.TextGrid,4,8,far,16.010,16.360,5.5,3,RB,0,7.2258,4.8730,1
audio08.TextGrid,4,9,out,16.360,16.730,6.38,2,RB,0,6.6874,4.5385,1
audio08.TextGrid,4,10,and,17.030,17.120,7.41,2,CC,0,4.2046,2.1551,1
audio08.TextGrid,4,11,he,17.120,17.250,6.69,2,PRP,0,6.0974,1.4161,1
audio08.TextGrid,4,12,left,17.250,17.450,5.62,4,VBD,0,8.6269,6.1906,1
audio08.TextGrid,4,13,the,17.450,17.570,7.73,2,DT,0,2.8215,0.9193,1
audio08.TextGrid,4,14,smell,17.570,17.860,4.49,4,NN,1,4.1458,7.9718,1
audio08.TextGrid,4,15,of,17.860,17.920,7.4,2,IN,0,2.9545,0.2682,1
audio08.TextGrid,4,16,the,17.920,18.000,7.73,2,DT,0,1.7008,0.7874,1
audio08.TextGrid,4,17,land,18.000,18.270,5.22,4,NN,0,9.1335,4.9739,1
audio08.TextGrid,4,18,behind,18.270,18.850,5.29,6,IN,0,9.2090,1.7260,1
audio08.TextGrid,4,19,and,18.850,19.020,7.41,3,CC,0,5.3422,1.6466,1
audio08.TextGrid,4,20,rowed,19.020,19.290,2.78,3,VBD,1,6.7856,7.7421,1
audio08.TextGrid,4,21,out,19.290,19.550,6.38,2,RP,0,5.7162,0.7465,1
audio08.TextGrid,4,22,into,19.550,19.700,6.11,4,IN,0,6.1852,2.4168,1
audio08.TextGrid,4,23,the,19.700,19.810,7.73,2,DT,0,1.6940,0.0829,1
audio08.TextGrid,4,24,clean,19.810,20.170,4.97,4,JJ,0,14.8354,8.7632,1
audio08.TextGrid,4,25,early,20.170,20.390,5.43,3,JJ,0,7.2100,9.1438,1
audio08.TextGrid,4,26,morning,20.390,20.750,5.33,6,NN,0,10.2584,0.4277,1
audio08.TextGrid,4,27,smell,20.750,21.030,4.49,4,NN,1,5.3696,9.9864,1
audio08.TextGrid,4,28,of,21.030,21.110,7.4,2,IN,0,2.8765,0.8551,1
audio08.TextGrid,4,29,the,21.110,21.250,7.73,2,DT,0,1.7082,0.4818,1
audio08.TextGrid,4,30,ocean,21.250,21.580,4.7,4,NN,1,4.1364,3.5637,1
audio08.TextGrid,5,1,he,22.450,22.560,6.69,2,PRP,0,4.5353,1.3017,1
audio08.TextGrid,5,2,saw,22.560,22.770,5.34,2,VBD,0,8.2117,3.5444,1
audio08.TextGrid,5,3,the,22.770,22.850,7.73,2,DT,0,2.4587,1.2258,1
audio08.TextGrid,5,4,phosphorescence,22.850,23.700,1.88,10,NN,1,4.1401,11.4055,1
audio08.TextGrid,5,5,of,23.700,23.780,7.4,2,IN,0,3.1725,0.5431,1
audio08.TextGrid,5,6,the,23.780,23.880,7.73,2,DT,0,1.6958,0.4464,1
audio08.TextGrid,5,7,gulf,23.880,24.270,4.28,4,NN,0,8.0497,8.7319,1
audio08.TextGrid,5,8,weed,24.270,24.590,4.27,3,NN,1,5.1942,13.9021,1
audio08.TextGrid,5,9,in,24.590,24.670,7.27,2,IN,0,3.7640,2.9642,1
audio08.TextGrid,5,10,the,24.670,24.740,7.73,2,DT,0,1.7023,0.1958,1
audio08.TextGrid,5,11,water,24.740,25.220,5.52,4,NN,0,8.3724,2.5796,1
audio08.TextGrid,5,12,as,25.220,25.370,6.77,2,IN,0,4.9416,4.1030,1
audio08.TextGrid,5,13,he,25.370,25.480,6.69,2,PRP,0,4.4839,1.0751,1
audio08.TextGrid,5,14,rowed,25.480,25.770,2.78,3,VBD,1,4.6668,3.5271,1
audio08.TextGrid,5,15,over,25.770,25.950,6.08,3,IN,0,6.4239,4.9386,1
audio08.TextGrid,5,16,the,25.950,26.030,7.73,2,DT,0,1.9135,0.9754,1
audio08.TextGrid,5,17,part,26.030,26.290,5.78,4,NN,0,6.5503,5.2688,1
audio08.TextGrid,5,18,of,26.290,26.360,7.4,2,IN,0,2.8760,0.1833,1
audio08.TextGrid,5,19,the,26.360,26.500,7.73,2,DT,0,1.6969,0.1158,1
audio08.TextGrid,5,20,ocean,26.500,26.830,4.7,4,NN,1,4.1363,1.7620,1
audio08.TextGrid,5,21,that,26.830,26.940,7.01,3,IN,0,4.1456,2.0998,1
audio08.TextGrid,5,22,the,26.940,27.050,7.73,2,DT,0,2.0009,4.1785,1
audio08.TextGrid,5,23,fishermen,27.050,27.460,3.65,7,NNS,1,6.4484,5.3024,1
audio08.TextGrid,5,24,called,27.460,27.790,5.59,4,VBD,0,8.1788,4.4663,1
audio08.TextGrid,5,25,the,27.790,27.900,7.73,2,DT,0,2.8046,0.8141,1
audio08.TextGrid,5,26,great,27.900,28.270,5.88,4,JJ,0,7.7276,6.9420,1
audio08.TextGrid,5,27,well,28.270,28.680,6.03,3,NN,0,8.9594,7.7153,1
audio08.TextGrid,6,1,because,29.130,29.500,6.03,5,IN,0,6.7432,4.3308,1
audio08.TextGrid,6,2,there,29.500,29.600,6.31,3,EX,0,5.7016,3.6020,1
audio08.TextGrid,6,3,was,29.600,29.750,6.82,3,VBD,0,5.3990,0.5397,1
audio08.TextGrid,6,4,a,29.750,29.820,7.36,1,DT,0,3.2387,1.6353,1
audio08.TextGrid,6,5,sudden,29.820,30.160,4.4,5,JJ,0,10.0316,7.5178,1
audio08.TextGrid,6,6,deep,30.160,30.580,5.05,3,NN,1,3.9920,7.8946,1
audio08.TextGrid,6,7,of,30.580,30.720,7.4,2,IN,0,3.0253,6.9822,1
audio08.TextGrid,6,8,seven,30.720,31.030,5.08,5,CD,0,8.5416,9.5065,1
audio08.TextGrid,6,9,hundred,31.030,31.310,4.71,7,VBD,0,8.3872,2.5282,1
audio08.TextGrid,6,10,fathoms,31.310,31.850,2.49,6,NNS,1,6.2693,6.0703,1
audio08.TextGrid,6,11,where,32.210,32.350,6.0,3,WRB,0,7.2821,3.9806,1
audio08.TextGrid,6,12,all,32.350,32.510,6.52,2,DT,0,5.7060,4.5861,1
audio08.TextGrid,6,13,sorts,32.510,32.820,4.21,5,NNS,0,11.3084,4.5270,1
audio08.TextGrid,6,14,of,32.820,32.920,7.4,2,IN,0,3.7058,0.0036,1
audio08.TextGrid,6,15,fish,32.920,33.170,4.9,3,NN,1,5.7935,1.9011,1
audio08.TextGrid,6,16,congregated,33.170,33.900,2.45,11,VBN,1,5.7899,6.5562,1
audio08.TextGrid,6,17,because,33.900,34.220,6.03,5,IN,0,5.4340,6.0013,1
audio08.TextGrid,6,18,of,34.220,34.310,7.4,2,IN,0,5.1320,1.2299,1
audio08.TextGrid,6,19,the,34.310,34.400,7.73,2,DT,0,1.9258,0.4198,1
audio08.TextGrid,6,20,swirl,34.400,34.830,3.16,4,NN,1,4.1491,9.8822,1
audio08.TextGrid,6,21,the,34.830,34.920,7.73,2,DT,0,3.1972,6.0134,1
audio08.TextGrid,6,22,current,34.920,35.290,5.27,6,JJ,0,7.1692,7.6430,1
audio08.TextGrid,6,23,made,35.290,35.540,5.92,3,VBN,0,8.2148,1.7098,1
audio08.TextGrid,6,24,against,35.540,35.840,5.68,6,IN,0,7.1195,5.7101,1
audio08.TextGrid,6,25,the,35.840,35.940,7.73,2,DT,0,1.6936,0.3996,1
audio08.TextGrid,6,26,steep,35.940,36.230,3.99,4,JJ,0,10.0302,7.6822,1
audio08.TextGrid,6,27,walls,36.230,36.560,4.62,4,NNS,0,10.3625,5.7780,1
audio08.TextGrid,6,28,of,36.560,36.630,7.4,2,IN,0,2.8424,0.6707,1
audio08.TextGrid,6,29,the,36.630,36.740,7.73,2,DT,0,1.6991,0.1568,1
audio08.TextGrid,6,30,floor,36.740,37.010,4.94,4,NN,0,7.7508,8.7330,1
audio08.TextGrid,6,31,of,37.010,37.070,7.4,2,IN,0,3.0494,2.0967,1
audio08.TextGrid,6,32,the,37.070,37.240,7.73,2,DT,0,1.6978,0.1081,1
audio08.TextGrid,6,33,ocean,37.240,37.650,4.7,4,NN,1,4.1361,4.8760,1
audio08.TextGrid,7,1,here,38.650,38.890,5.97,3,RB,0,7.8764,6.5534,1
audio08.TextGrid,7,2,there,38.890,39.010,6.31,3,EX,0,6.3065,3.5577,1
audio08.TextGrid,7,3,were,39.010,39.140,6.34,2,VBD,0,4.6471,1.1879,1
audio08.TextGrid,7,4,concentrations,39.140,40.050,3.76,13,NNS,1,7.5737,10.2184,1
audio08.TextGrid,7,5,of,40.050,40.170,7.4,2,IN,0,2.9900,0.1333,1
audio08.TextGrid,7,6,shrimp,40.170,40.640,3.79,5,NN,1,5.7947,6.4625,1
audio08.TextGrid,7,7,and,40.640,40.790,7.41,3,CC,0,4.3703,1.1347,1
audio08.TextGrid,7,8,bait,40.790,41.080,3.85,3,NN,1,5.3779,7.0102,1
audio08.TextGrid,7,9,fish,41.080,41.490,4.9,3,NN,1,5.1012,4.2312,1
audio08.TextGrid,7,10,and,41.490,41.610,7.41,3,CC,0,4.2798,1.6831,1
audio08.TextGrid,7,11,sometimes,41.610,42.100,5.28,7,RB,0,9.0862,5.1631,1
audio08.TextGrid,7,12,schools,42.100,42.560,5.05,5,NNS,0,9.5907,12.1019,1
audio08.TextGrid,7,13,of,42.560,42.660,7.4,2,IN,0,3.0439,0.1052,1
audio08.TextGrid,7,14,squid,42.660,43.190,3.44,5,NN,1,5.7956,4.9886,1
audio08.TextGrid,7,15,in,43.190,43.290,7.27,2,IN,0,3.6484,3.7267,1
audio08.TextGrid,7,16,the,43.290,43.370,7.73,2,DT,0,1.6973,0.3595,1
audio08.TextGrid,7,17,deepest,43.370,43.810,3.77,6,NN,1,4.1360,7.2788,1
audio08.TextGrid,7,18,holes,43.810,44.260,4.35,4,NNS,1,6.6776,4.8639,1
audio08.TextGrid,7,19,and,44.440,44.570,7.41,2,CC,0,4.2488,2.8718,1
audio08.TextGrid,7,20,these,44.570,44.890,6.04,3,DT,0,6.3739,4.8950,1
audio08.TextGrid,7,21,rose,44.890,45.280,4.82,3,VBD,0,9.7715,9.5060,1
audio08.TextGrid,7,22,close,45.280,45.580,5.36,4,RB,0,8.1550,7.7011,1
audio08.TextGrid,7,23,to,45.580,45.680,7.43,2,TO,0,3.5573,0.5983,1
audio08.TextGrid,7,24,the,45.680,45.800,7.73,2,DT,0,2.5190,0.2795,1
audio08.TextGrid,7,25,surface,45.800,46.290,4.83,5,NN,1,4.1360,2.3917,1
audio08.TextGrid,7,26,at,46.290,46.430,6.7,2,IN,0,4.5831,5.1965,1
audio08.TextGrid,7,27,night,46.430,46.850,5.61,3,NN,0,9.8202,2.6485,1
audio08.TextGrid,7,28,where,46.850,46.980,6.0,3,WRB,0,7.3410,3.9133,1
audio08.TextGrid,7,29,all,46.980,47.110,6.52,2,PDT,0,5.6923,4.7131,1
audio08.TextGrid,7,30,the,47.110,47.190,7.73,2,DT,0,3.9133,1.2539,1
audio08.TextGrid,7,31,wandering,47.190,47.790,3.8,7,VBG,1,7.3634,10.5402,1
audio08.TextGrid,7,32,fish,47.790,48.120,4.9,3,JJ,1,5.7934,1.6433,1
audio08.TextGrid,7,33,fed,48.120,48.350,4.51,3,VBN,0,8.1661,6.9607,1
audio08.TextGrid,7,34,on,48.350,48.520,6.91,2,IN,0,4.5438,1.6589,1
audio08.TextGrid,7,35,them,48.520,48.730,6.19,3,PRP,0,5.9093,1.7838,1
audio08.TextGrid,8,1,in,50.540,50.660,7.27,2,IN,0,4.1039,3.5625,1
audio08.TextGrid,8,2,the,50.660,50.730,7.73,2,DT,0,1.7509,0.4061,1
audio08.TextGrid,8,3,dark,50.730,51.160,5.04,4,NN,0,10.7218,3.1700,1
audio08.TextGrid,8,4,the,51.160,51.280,7.73,2,DT,0,4.9590,1.5844,1
audio08.TextGrid,8,5,old,51.280,51.480,5.75,3,JJ,0,7.4087,1.5556,1
audio08.TextGrid,8,6,man,51.480,51.710,5.82,3,NN,0,7.7325,0.0197,1
audio08.TextGrid,8,7,could,51.710,51.920,6.06,3,MD,0,5.9115,3.0609,1
audio08.TextGrid,8,8,feel,51.920,52.170,5.67,3,VB,0,7.2587,3.5601,1
audio08.TextGrid,8,9,the,52.170,52.270,7.73,2,DT,0,2.5962,0.3467,1
audio08.TextGrid,8,10,morning,52.270,52.690,5.33,6,NN,0,8.8530,7.3852,1
audio08.TextGrid,8,11,coming,52.690,53.160,5.4,5,VBG,0,8.7547,6.9709,1
audio08.TextGrid,8,12,and,53.430,53.560,7.41,2,CC,0,3.9314,1.1536,1
audio08.TextGrid,8,13,as,53.560,53.730,6.77,2,IN,0,5.8644,5.3147,1
audio08.TextGrid,8,14,he,53.730,53.850,6.69,2,PRP,0,4.8587,0.4249,1
audio08.TextGrid,8,15,rowed,53.850,54.320,2.78,3,VBD,1,5.3606,3.4605,1
audio08.TextGrid,8,16,he,54.320,54.480,6.69,2,PRP,0,5.1609,3.2168,1
audio08.TextGrid,8,17,heard,54.480,54.660,5.27,3,VBD,0,9.4166,1.8616,1
audio08.TextGrid,8,18,the,54.660,54.770,7.73,2,DT,0,2.8290,0.6382,1
audio08.TextGrid,8,19,trembling,54.770,55.320,3.27,8,VBG,1,8.5442,8.3527,1
audio08.TextGrid,8,20,sound,55.320,55.820,5.15,4,NN,0,8.5710,4.0955,1
audio08.TextGrid,8,21,as,55.820,56.020,6.77,2,IN,0,4.5802,6.0580,1
audio08.TextGrid,8,22,flying,56.020,56.410,4.71,5,VBG,1,8.0368,9.5373,1
audio08.TextGrid,8,23,fish,56.410,56.790,4.9,3,JJ,1,5.7263,2.4600,1
audio08.TextGrid,8,24,left,56.790,56.970,5.62,4,VBD,0,10.2961,6.9421,1
audio08.TextGrid,8,25,the,56.970,57.040,7.73,2,DT,0,3.1985,0.6931,1
audio08.TextGrid,8,26,water,57.040,57.510,5.52,4,NN,0,8.3814,2.1148,1
audio08.TextGrid,8,27,and,57.630,57.730,7.41,2,CC,0,4.0769,1.1931,1
audio08.TextGrid,8,28,the,57.730,57.850,7.73,2,DT,0,2.3610,3.1710,1
audio08.TextGrid,8,29,hissing,57.850,58.260,2.88,5,NN,1,4.1372,9.1070,1
audio08.TextGrid,8,30,that,58.260,58.430,7.01,3,IN,0,4.2201,5.2407,1
audio08.TextGrid,8,31,their,58.430,58.520,6.33,3,PRP$,0,5.2192,6.7138,1
audio08.TextGrid,8,32,stiff,58.520,58.840,3.9,4,JJ,0,10.0554,9.5893,1
audio08.TextGrid,8,33,set,58.840,59.180,5.59,3,VBN,0,8.7239,8.9008,1
audio08.TextGrid,8,34,wings,59.180,59.530,4.44,4,NNS,0,10.8907,5.8169,1
audio08.TextGrid,8,35,made,59.530,59.840,5.92,3,VBN,0,6.8744,2.5233,1
audio08.TextGrid,8,36,as,59.840,59.950,6.77,2,IN,0,4.4858,3.1652,1
audio08.TextGrid,8,37,they,59.950,60.100,6.5,2,PRP,0,4.7003,0.2616,1
audio08.TextGrid,8,38,soared,60.100,60.470,3.06,4,VBD,0,9.4079,4.9438,1
audio08.TextGrid,8,39,away,60.470,60.750,5.62,3,RB,0,7.4247,3.9203,1
audio08.TextGrid,8,40,in,60.750,60.820,7.27,2,IN,0,3.3512,3.1208,1
audio08.TextGrid,8,41,the,60.820,60.910,7.73,2,DT,0,1.7169,0.6303,1
audio08.TextGrid,8,42,darkness,60.910,61.580,4.3,7,NN,1,4.1373,3.5310,1
audio08.TextGrid,9,1,he,62.750,62.840,6.69,2,PRP,0,4.5353,1.5219,1
audio08.TextGrid,9,2,was,62.840,62.980,6.82,3,VBD,0,3.9158,2.7663,1
audio08.TextGrid,9,3,very,62.980,63.210,6.0,4,RB,0,7.0517,4.4567,1
audio08.TextGrid,9,4,fond,63.210,63.540,3.89,4,JJ,0,11.0342,6.2041,1
audio08.TextGrid,9,5,of,63.540,63.640,7.4,2,IN,0,3.1451,0.0358,1
audio08.TextGrid,9,6,flying,63.640,64.010,4.71,5,VBG,1,8.0785,5.0718,1
audio08.TextGrid,9,7,fish,64.010,64.420,4.9,3,JJ,1,5.7149,1.5943,1
audio08.TextGrid,9,8,as,64.420,64.520,6.77,2,IN,0,5.7505,3.6098,1
audio08.TextGrid,9,9,they,64.520,64.650,6.5,2,PRP,0,4.6486,1.3430,1
audio08.TextGrid,9,10,were,64.650,64.800,6.34,2,VBD,0,6.2704,2.1045,1
audio08.TextGrid,9,11,his,64.800,64.940,6.51,3,PRP$,0,6.0556,4.4069,1
audio08.TextGrid,9,12,principal,64.940,65.400,4.52,9,JJ,0,7.6885,8.2915,1
audio08.TextGrid,9,13,friends,65.400,65.810,5.43,5,NNS,0,9.4314,3.4249,1
audio08.TextGrid,9,14,on,65.810,65.940,6.91,2,IN,0,4.5178,5.1960,1
audio08.TextGrid,9,15,the,65.940,66.080,7.73,2,DT,0,1.7017,0.4773,1
audio08.TextGrid,9,16,ocean,66.080,66.470,4.7,4,NN,1,4.1365,4.4747,1
audio08.TextGrid,10,1,he,67.360,67.470,6.69,2,PRP,0,4.5353,1.3109,1
audio08.TextGrid,10,2,was,67.470,67.600,6.82,3,VBD,0,3.9158,2.3980,1
audio08.TextGrid,10,3,sorry,67.600,67.880,5.18,4,NN,0,11.5247,6.3171,1
audio08.TextGrid,10,4,for,67.880,68.010,7.01,2,IN,0,4.5731,2.2428,1
audio08.TextGrid,10,5,the,68.010,68.100,7.73,2,DT,0,1.6996,1.1601,1
audio08.TextGrid,10,6,birds,68.100,68.800,4.6,4,NNS,0,11.1881,5.9370,1
audio08.TextGrid,10,7,especially,68.920,69.460,5.21,7,RB,0,9.2302,3.8724,1
audio08.TextGrid,10,8,the,69.460,69.560,7.73,2,DT,0,3.7627,0.7736,1
audio08.TextGrid,10,9,small,69.560,69.910,5.51,4,JJ,0,6.8480,4.1309,1
audio08.TextGrid,10,10,delicate,69.910,70.380,4.01,7,NN,1,4.1035,10.6429,1
audio08.TextGrid,10,11,dark,70.380,70.630,5.04,4,NN,0,11.9911,7.5169,1
audio08.TextGrid,10,12,terns,70.670,71.210,2.51,4,NNS,1,5.5636,9.0017,1
audio08.TextGrid,10,13,that,71.210,71.360,7.01,3,WDT,0,3.9622,1.4768,1
audio08.TextGrid,10,14,were,71.360,71.460,6.34,2,VBD,0,6.8394,2.4424,1
audio08.TextGrid,10,15,always,71.460,71.830,5.76,5,RB,0,7.7030,4.0356,1
audio08.TextGrid,10,16,flying,71.830,72.290,4.71,5,VBG,1,7.2058,3.4073,1
audio08.TextGrid,10,17,and,72.290,72.430,7.41,3,CC,0,4.0022,2.9972,1
audio08.TextGrid,10,18,looking,72.430,72.820,5.57,5,VBG,0,8.2978,5.8387,1
audio08.TextGrid,10,19,and,72.820,72.960,7.41,3,CC,0,4.0467,5.2050,1
audio08.TextGrid,10,20,almost,72.960,73.330,5.39,6,RB,0,7.7151,6.7903,1
audio08.TextGrid,10,21,never,73.330,73.550,5.91,4,RB,0,7.3020,4.0052,1
audio08.TextGrid,10,22,finding,73.550,74.100,4.85,6,VBG,0,10.0750,5.8685,1
audio08.TextGrid,11,1,and,74.870,74.970,7.41,2,CC,0,3.7036,1.8153,1
audio08.TextGrid,11,2,he,74.970,75.080,6.69,2,PRP,0,4.7461,0.9446,1
audio08.TextGrid,11,3,thought,75.080,75.390,5.59,3,VBD,0,7.8797,3.3679,1
audio08.TextGrid,11,4,the,75.430,75.540,7.73,2,DT,0,2.5750,4.8677,1
audio08.TextGrid,11,5,birds,75.540,75.830,4.6,4,NNS,0,11.1955,3.0113,1
audio08.TextGrid,11,6,have,75.830,75.980,6.71,3,VBP,0,5.2457,4.8510,1
audio08.TextGrid,11,7,a,75.980,76.010,7.36,1,DT,0,3.4511,2.2044,1
audio08.TextGrid,11,8,harder,76.010,76.310,4.57,5,JJR,0,10.0990,6.6156,1
audio08.TextGrid,11,9,life,76.310,76.560,5.89,3,NN,0,7.7309,2.6440,1
audio08.TextGrid,11,10,than,76.560,76.680,6.13,3,IN,0,5.6077,0.8525,1
audio08.TextGrid,11,11,we,76.680,76.880,6.54,2,PRP,0,5.6029,3.2927,1
audio08.TextGrid,11,12,do,76.880,77.190,6.35,2,VBP,0,6.8980,0.3102,1
audio08.TextGrid,11,13,except,77.190,77.510,5.02,6,IN,0,9.1186,6.3865,1
audio08.TextGrid,11,14,for,77.510,77.580,7.01,2,IN,0,5.8494,1.5102,1
audio08.TextGrid,11,15,the,77.580,77.710,7.73,2,DT,0,1.8927,1.0013,1
audio08.TextGrid,11,16,robber,77.710,78.030,3.39,4,NN,1,4.1557,11.5062,1
audio08.TextGrid,11,17,birds,78.030,78.540,4.6,4,NNS,0,11.3593,2.2754,1
audio08.TextGrid,11,18,and,78.540,78.640,7.41,2,CC,0,3.5740,1.8828,1
audio08.TextGrid,11,19,the,78.640,78.730,7.73,2,DT,0,2.0702,0.8921,1
audio08.TextGrid,11,20,heavy,78.730,78.990,4.96,4,JJ,0,8.7549,7.3182,1
audio08.TextGrid,11,21,strong,78.990,79.430,5.22,5,JJ,0,8.0388,7.7757,1
audio08.TextGrid,11,22,ones,79.430,79.790,5.07,4,NNS,0,8.1714,3.3788,1
audio08.TextGrid,12,1,why,80.750,80.920,5.93,2,WRB,0,8.5208,7.5733,1
audio08.TextGrid,12,2,did,80.920,81.040,5.96,3,VBD,0,8.9248,2.1951,1
audio08.TextGrid,12,3,they,81.040,81.140,6.5,2,PRP,0,5.1494,1.2116,1
audio08.TextGrid,12,4,make,81.140,81.350,6.08,3,VBP,0,6.3997,4.2816,1
audio08.TextGrid,12,5,birds,81.350,81.650,4.6,4,NNS,0,12.1428,6.4772,1
audio08.TextGrid,12,6,so,81.650,81.790,6.52,2,RB,0,6.0807,2.3641,1
audio08.TextGrid,12,7,delicate,81.790,82.350,4.01,7,JJ,1,5.8919,6.4125,1
audio08.TextGrid,12,8,and,82.350,82.500,7.41,3,CC,0,3.5844,1.5792,1
audio08.TextGrid,12,9,fine,82.550,82.920,5.23,3,JJ,0,8.3865,5.8428,1
audio08.TextGrid,12,10,as,82.920,83.090,6.77,2,IN,0,5.1783,3.8301,1
audio08.TextGrid,12,11,those,83.090,83.300,5.9,3,DT,0,6.1693,4.3598,1
audio08.TextGrid,12,12,sea,83.300,83.580,5.06,2,NN,0,8.2720,8.9640,1
audio08.TextGrid,12,13,swallows,83.580,84.180,3.21,6,VBZ,1,5.8938,4.9949,1
audio08.TextGrid,12,14,when,84.180,84.310,6.37,3,WRB,0,6.1262,5.1093,1
audio08.TextGrid,12,15,the,84.310,84.460,7.73,2,DT,0,2.0223,2.7043,1
audio08.TextGrid,12,16,ocean,84.460,84.760,4.7,4,NN,1,4.1363,4.7302,1
audio08.TextGrid,12,17,can,84.760,84.950,6.46,3,MD,0,5.5742,5.6762,1
audio08.TextGrid,12,18,be,84.950,85.140,6.79,2,VB,0,3.7171,1.7858,1
audio08.TextGrid,12,19,so,85.140,85.330,6.52,2,RB,0,6.0402,1.2831,1
audio08.TextGrid,12,20,cruel,85.330,85.820,4.12,4,JJ,1,5.6357,5.9411,1
audio08.TextGrid,13,1,she,86.740,86.880,6.26,2,PRP,0,5.6641,6.2460,1
audio08.TextGrid,13,2,is,86.880,87.000,7.07,2,VBZ,0,3.3590,3.0648,1
audio08.TextGrid,13,3,kind,87.000,87.510,5.45,4,NN,0,9.8458,6.4086,1
audio08.TextGrid,13,4,and,87.510,87.700,7.41,3,CC,0,3.9363,1.2872,1
audio08.TextGrid,13,5,very,87.700,87.900,6.0,4,RB,0,7.3965,4.4743,1
audio08.TextGrid,13,6,beautiful,87.900,88.500,5.22,8,JJ,0,8.8700,3.3165,1
audio08.TextGrid,13,7,but,88.890,89.030,6.63,3,CC,0,5.3325,3.3316,1
audio08.TextGrid,13,8,she,89.030,89.130,6.26,2,PRP,0,7.0535,1.8741,1
audio08.TextGrid,13,9,can,89.130,89.280,6.46,3,MD,0,5.7826,3.6228,1
audio08.TextGrid,13,10,be,89.280,89.430,6.79,2,VB,0,3.7178,1.6700,1
audio08.TextGrid,13,11,so,89.430,89.650,6.52,2,RB,0,6.0643,2.2947,1
audio08.TextGrid,13,12,cruel,89.650,90.170,4.12,4,JJ,1,5.6572,2.4117,1
audio08.TextGrid,13,13,and,90.390,90.510,7.41,3,CC,0,3.7433,1.7344,1
audio08.TextGrid,13,14,it,90.510,90.620,6.95,2,PRP,0,4.7857,4.9021,1
audio08.TextGrid,13,15,comes,90.620,90.930,5.36,4,VBZ,0,8.7542,5.4081,1
audio08.TextGrid,13,16,so,90.930,91.120,6.52,2,RB,0,6.2242,3.9211,1
audio08.TextGrid,13,17,suddenly,91.120,91.800,4.69,7,RB,0,9.9585,3.3853,1
audio08.TextGrid,13,18,and,91.930,92.080,7.41,3,CC,0,3.6683,1.6151,1
audio08.TextGrid,13,19,such,92.080,92.300,5.84,3,JJ,0,5.5344,5.9511,1
audio08.TextGrid,13,20,birds,92.300,92.680,4.6,4,NNS,0,11.8678,8.7076,1
audio08.TextGrid,13,21,that,92.680,92.900,7.01,3,WDT,0,4.1984,3.2081,1
audio08.TextGrid,13,22,fly,92.900,93.320,4.75,3,VBP,0,11.2186,3.5018,1
audio08.TextGrid,13,23,dipping,93.320,93.760,3.48,5,VBG,1,7.2278,12.1555,1
audio08.TextGrid,13,24,and,93.760,93.910,7.41,3,CC,0,3.8847,1.7123,1
audio08.TextGrid,13,25,hunting,93.910,94.300,4.42,6,VBG,1,6.7608,7.7860,1
audio08.TextGrid,13,26,with,94.590,94.720,6.85,3,IN,0,5.0344,4.4645,1
audio08.TextGrid,13,27,their,94.720,94.810,6.33,3,PRP$,0,4.9365,1.8970,1
audio08.TextGrid,13,28,small,94.810,95.190,5.51,4,JJ,0,6.9198,4.6991,1
audio08.TextGrid,13,29,sad,95.190,95.550,4.84,3,JJ,0,11.3350,9.0370,1
audio08.TextGrid,13,30,voices,95.550,96.050,4.35,5,NNS,0,9.6705,7.1688,1
audio08.TextGrid,13,31,are,96.410,96.490,6.74,2,VBP,0,5.3635,6.5041,1
audio08.TextGrid,13,32,made,96.490,96.740,5.92,3,VBN,0,6.7305,5.6337,1
audio08.TextGrid,13,33,too,96.740,96.840,5.95,2,RB,0,7.2863,5.4270,1
audio08.TextGrid,13,34,delicately,96.840,97.530,3.05,9,RB,1,4.6946,8.1604,1
audio08.TextGrid,13,35,for,97.530,97.690,7.01,2,IN,0,4.0832,2.0662,1
audio08.TextGrid,13,36,the,97.690,97.810,7.73,2,DT,0,1.8186,1.8459,1
audio08.TextGrid,13,37,sea,97.810,98.220,5.06,2,NN,0,8.2735,3.8159,1
audio08.TextGrid,14,1,he,99.890,100.010,6.69,2,PRP,0,4.5353,3.1639,1
audio08.TextGrid,14,2,always,100.010,100.300,5.76,5,RB,0,8.9385,4.9957,1
audio08.TextGrid,14,3,thought,100.300,100.480,5.59,3,VBD,0,8.3933,1.9780,1
audio08.TextGrid,14,4,of,100.480,100.550,7.4,2,IN,0,3.2451,1.5829,1
audio08.TextGrid,14,5,the,100.550,100.640,7.73,2,DT,0,1.7111,1.2340,1
audio08.TextGrid,14,6,sea,100.640,100.890,5.06,2,NN,0,8.2750,3.4978,1
audio08.TextGrid,14,7,as,100.890,101.090,6.77,2,IN,0,5.9496,1.3090,1
audio08.TextGrid,14,8,la,101.090,101.270,5.05,2,NN,0,8.8197,13.3999,1
audio08.TextGrid,14,9,mar,101.270,101.740,4.19,3,NN,1,5.1095,6.8541,1
audio08.TextGrid,15,1,which,102.210,102.370,6.3,3,WDT,0,5.7335,10.1505,1
audio08.TextGrid,15,2,is,102.370,102.470,7.07,2,VBZ,0,3.7725,1.2496,1
audio08.TextGrid,15,3,what,102.470,102.630,6.38,3,WP,0,7.4209,3.6289,1
audio08.TextGrid,15,4,people,102.630,102.920,6.25,5,NNS,0,9.1328,5.4025,1
audio08.TextGrid,15,5,call,102.920,103.250,5.51,3,VBP,0,8.7828,0.5185,1
audio08.TextGrid,15,6,her,103.250,103.360,6.3,2,PRP$,0,7.0468,3.7862,1
audio08.TextGrid,15,7,in,103.360,103.480,7.27,2,IN,0,4.1313,3.4100,1
audio08.TextGrid,15,8,spanish,103.480,103.920,4.73,6,JJ,0,11.0036,4.6197,1
audio08.TextGrid,15,9,when,103.920,104.070,6.37,4,WRB,0,6.8404,5.1642,1
audio08.TextGrid,15,10,they,104.070,104.220,6.5,2,PRP,0,4.9725,0.9296,1
audio08.TextGrid,15,11,love,104.220,104.450,5.82,3,VBP,1,3.9816,6.7322,1
audio08.TextGrid,16,1,her,104.450,104.650,6.3,2,PRP$,0,6.2597,1.7789,1
audio08.TextGrid,16,2,sometimes,105.390,105.920,5.28,7,NNS,0,10.0905,4.6929,1
audio08.TextGrid,16,3,those,105.920,106.200,5.9,3,DT,0,7.7543,5.6450,1
audio08.TextGrid,16,4,who,106.200,106.300,6.34,2,WP,0,8.4743,3.2748,1
audio08.TextGrid,16,5,love,106.300,106.490,5.82,3,VBP,1,4.3320,2.5936,1
audio08.TextGrid,16,6,her,106.490,106.610,6.3,2,PRP$,0,6.8942,0.6606,1
audio08.TextGrid,16,7,say,106.610,106.790,5.89,2,JJ,0,7.8556,2.8784,1
audio08.TextGrid,16,8,bad,106.790,107.100,5.53,3,JJ,0,8.7868,7.5302,1
audio08.TextGrid,16,9,things,107.100,107.400,5.74,4,NNS,0,7.5685,0.0427,1
audio08.TextGrid,16,10,of,107.400,107.530,7.4,2,IN,0,2.8287,5.0576,1
audio08.TextGrid,16,11,her,107.530,107.710,6.3,2,PRP$,0,6.1361,0.9863,1
audio08.TextGrid,16,12,but,108.070,108.240,6.63,3,CC,0,5.2530,2.6901,1
audio08.TextGrid,16,13,they,108.240,108.320,6.5,2,PRP,0,5.1169,2.2961,1
audio08.TextGrid,16,14,are,108.320,108.360,6.74,1,VBP,0,5.2102,1.9284,1
audio08.TextGrid,16,15,always,108.360,108.820,5.76,5,RB,0,7.7147,2.8374,1
audio08.TextGrid,16,16,said,108.820,109.140,6.01,3,VBD,0,4.1744,6.8579,1
audio08.TextGrid,16,17,as,109.140,109.320,6.77,2,IN,0,4.9622,3.2709,1
audio08.TextGrid,16,18,though,109.320,109.450,5.5,2,IN,0,8.4518,3.1606,1
audio08.TextGrid,16,19,she,109.450,109.610,6.26,2,PRP,0,5.8854,0.8126,1
audio08.TextGrid,16,20,were,109.610,109.790,6.34,2,VBD,0,5.7785,0.8976,1
audio08.TextGrid,16,21,a,109.790,109.820,7.36,1,DT,0,3.2943,1.8784,1
audio08.TextGrid,16,22,woman,109.820,110.210,5.35,5,NN,0,8.0425,4.9445,1
audio08.TextGrid,17,1,some,111.350,111.540,6.2,3,DT,0,5.3151,4.7123,1
audio08.TextGrid,17,2,of,111.540,111.610,7.4,2,IN,0,5.1741,1.3944,1
audio08.TextGrid,17,3,the,111.610,111.720,7.73,2,DT,0,1.7145,0.9439,1
audio08.TextGrid,17,4,younger,111.720,112.050,4.69,5,JJR,0,11.0323,6.3860,1
audio08.TextGrid,17,5,fishermen,112.050,112.550,3.65,7,NNS,1,5.5491,2.0103,1
audio08.TextGrid,17,6,those,112.720,113.000,5.9,3,DT,0,8.1194,5.0882,1
audio08.TextGrid,17,7,who,113.000,113.060,6.34,2,WP,0,8.5479,0.5195,1
audio08.TextGrid,17,8,used,113.060,113.410,5.8,4,VBD,0,7.8955,4.8014,1
audio08.TextGrid,17,9,buoys,113.410,113.880,2.77,4,NNS,1,7.6503,12.2382,1
audio08.TextGrid,17,10,as,113.880,114.050,6.77,2,IN,0,4.6550,3.3957,1
audio08.TextGrid,17,11,floats,114.050,114.370,3.46,5,NNS,1,6.8677,7.0975,1
audio08.TextGrid,17,12,for,114.370,114.470,7.01,2,IN,0,3.7775,2.6540,1
audio08.TextGrid,17,13,their,114.470,114.630,6.33,3,PRP$,0,4.9274,1.7901,1
audio08.TextGrid,17,14,lines,114.630,115.210,4.95,4,NNS,0,8.5425,8.7325,1
audio08.TextGrid,17,15,and,115.210,115.360,7.41,3,CC,0,3.9988,1.8133,1
audio08.TextGrid,17,16,had,115.360,115.560,6.33,3,VBD,0,7.1900,3.7742,1
audio08.TextGrid,17,17,motorboats,115.560,116.260,2.03,8,NNS,1,7.4155,11.6410,1
audio08.TextGrid,18,1,bought,116.670,116.960,4.91,3,VBD,0,11.6680,6.5950,1
audio08.TextGrid,18,2,when,116.960,117.090,6.37,3,WRB,0,6.8267,7.6302,1
audio08.TextGrid,18,3,the,117.090,117.150,7.73,2,DT,0,1.9437,2.1439,1
audio08.TextGrid,18,4,shark,117.150,117.510,4.1,4,NN,1,4.1361,8.6801,1
audio08.TextGrid,18,5,livers,117.510,117.900,2.78,5,NNS,1,6.7550,14.8551,1
audio08.TextGrid,18,6,had,117.900,118.010,6.33,3,VBD,0,4.7963,3.3757,1
audio08.TextGrid,18,7,brought,118.010,118.280,5.16,4,VBN,0,9.5667,6.8783,1
audio08.TextGrid,18,8,much,118.280,118.510,6.0,3,JJ,0,6.7323,6.1260,1
audio08.TextGrid,18,9,money,118.510,118.840,5.64,4,NN,0,8.0663,2.9962,1
audio08.TextGrid,18,10,spoke,119.240,119.520,4.61,4,NN,0,11.1564,8.0911,1
audio08.TextGrid,18,11,of,119.520,119.620,7.4,2,IN,0,3.4073,1.3387,1
audio08.TextGrid,18,12,her,119.620,119.750,6.3,2,PRP,0,6.1874,0.6631,1
audio08.TextGrid,18,13,as,119.750,119.940,6.77,2,IN,0,5.3946,1.2236,1
audio08.TextGrid,18,14,el,120.030,120.230,4.56,2,NN,0,9.9626,9.1530,1
audio08.TextGrid,18,15,mar,120.230,120.620,4.19,3,NN,1,5.9304,7.9017,1
audio08.TextGrid,18,16,which,120.940,121.110,6.3,3,WDT,0,5.8236,3.2063,1
audio08.TextGrid,18,17,is,121.110,121.210,7.07,2,VBZ,0,3.8091,0.8617,1
audio08.TextGrid,18,18,masculine,121.210,121.860,3.71,9,NN,1,6.4803,9.7611,1
audio08.TextGrid,19,1,they,122.460,122.600,6.5,2,PRP,0,4.6769,2.5306,1
audio08.TextGrid,19,2,spoke,122.600,122.910,4.61,4,VBD,0,9.8211,4.7138,1
audio08.TextGrid,19,3,of,122.910,123.010,7.4,2,IN,0,3.4608,0.3973,1
audio08.TextGrid,19,4,her,123.010,123.190,6.3,2,PRP,0,6.1905,0.4435,1
audio08.TextGrid,19,5,as,123.190,123.310,6.77,2,IN,0,5.4534,0.6705,1
audio08.TextGrid,19,6,a,123.310,123.350,7.36,1,DT,0,2.6343,2.2408,1
audio08.TextGrid,19,7,contestant,123.350,124.160,3.48,10,NN,1,4.1373,13.4147,1
audio08.TextGrid,19,8,or,124.160,124.320,6.54,2,CC,0,6.1802,3.6268,1
audio08.TextGrid,19,9,a,124.320,124.360,7.36,1,DT,0,3.1148,1.7805,1
audio08.TextGrid,19,10,place,124.360,124.910,5.71,4,NN,0,7.3762,7.3829,1
audio08.TextGrid,19,11,or,124.910,125.080,6.54,2,CC,0,6.1090,3.4202,1
audio08.TextGrid,19,12,even,125.080,125.310,5.99,4,RB,0,7.2308,3.6168,1
audio08.TextGrid,19,13,an,125.310,125.410,6.53,2,DT,0,5.7776,3.5217,1
audio08.TextGrid,19,14,enemy,125.410,125.840,4.7,5,NN,1,4.2337,4.0052,1
audio08.TextGrid,20,1,but,126.950,127.070,6.63,3,CC,0,5.3198,3.1688,1
audio08.TextGrid,20,2,the,127.070,127.180,7.73,2,DT,0,2.0364,2.2942,1
audio08.TextGrid,20,3,old,127.180,127.400,5.75,3,JJ,0,7.3360,1.2996,1
audio08.TextGrid,20,4,man,127.400,127.630,5.82,3,NN,0,7.6917,0.1397,1
audio08.TextGrid,20,5,always,127.630,128.000,5.76,5,RB,0,9.1595,3.9450,1
audio08.TextGrid,20,6,thought,128.000,128.210,5.59,3,VBD,0,8.3670,0.8402,1
audio08.TextGrid,20,7,of,128.210,128.310,7.4,2,IN,0,3.2120,0.4121,1
audio08.TextGrid,20,8,her,128.310,128.480,6.3,2,PRP,0,6.1570,0.5167,1
audio08.TextGrid,20,9,as,128.480,128.650,6.77,2,IN,0,5.6262,0.3775,1
audio08.TextGrid,20,10,feminine,128.650,129.160,3.91,7,NN,1,5.8326,7.1221,1
audio08.TextGrid,20,11,and,129.390,129.510,7.41,3,CC,0,4.3638,0.9862,1
audio08.TextGrid,20,12,as,129.510,129.600,6.77,2,IN,0,6.0482,3.3087,1
audio08.TextGrid,20,13,something,129.600,130.030,5.81,6,NN,0,9.2695,4.7583,1
audio08.TextGrid,20,14,that,130.030,130.200,7.01,3,WDT,0,4.3698,1.8395,1
audio08.TextGrid,20,15,gave,130.230,130.650,5.25,3,VBD,0,9.6284,6.4486,1
audio08.TextGrid,20,16,or,130.650,130.800,6.54,2,CC,0,5.2345,6.4986,1
audio08.TextGrid,20,17,withheld,130.800,131.430,3.36,7,JJ,1,6.7553,3.8667,1
audio08.TextGrid,20,18,great,131.430,131.820,5.88,4,JJ,0,7.9992,7.0234,1
audio08.TextGrid,20,19,favours,131.820,132.320,3.32,5,NNS,1,6.1599,7.7968,1
audio08.TextGrid,21,1,and,133.090,133.200,7.41,3,CC,0,3.7036,1.9312,1
audio08.TextGrid,21,2,if,133.200,133.300,6.47,2,IN,0,7.1554,4.3802,1
audio08.TextGrid,21,3,she,133.300,133.470,6.26,2,PRP,0,5.7298,1.5492,1
audio08.TextGrid,21,4,did,133.470,133.640,5.96,3,VBD,0,6.3376,2.8356,1
audio08.TextGrid,21,5,wild,133.640,134.030,4.8,4,VB,0,10.0251,11.6977,1
audio08.TextGrid,21,6,or,134.030,134.140,6.54,2,CC,0,5.4710,3.6158,1
audio08.TextGrid,21,7,wicked,134.140,134.500,3.99,5,JJ,1,4.7898,5.7493,1
audio08.TextGrid,21,8,things,134.500,134.920,5.74,4,NNS,0,8.3374,0.2213,1
audio08.TextGrid,21,9,it,134.920,135.000,6.95,2,PRP,0,5.8237,3.4552,1
audio08.TextGrid,21,10,was,135.000,135.140,6.82,3,VBD,0,4.4961,0.5007,1
audio08.TextGrid,21,11,because,135.140,135.490,6.03,5,IN,0,6.3440,1.8798,1
audio08.TextGrid,21,12,she,135.490,135.620,6.26,2,PRP,0,5.6468,0.4611,1
audio08.TextGrid,21,13,could,135.620,135.800,6.06,3,MD,0,6.3267,4.0323,1
audio08.TextGrid,21,14,not,135.800,136.020,6.69,3,RB,0,6.2200,1.0353,1
audio08.TextGrid,21,15,help,136.020,136.220,5.75,4,VB,0,6.6650,3.7948,1
audio08.TextGrid,21,16,them,136.270,136.570,6.19,3,PRP,0,6.5069,2.0930,1
audio08.TextGrid,22,1,the,137.140,137.240,7.73,2,DT,0,1.8241,2.3522,1
audio08.TextGrid,22,2,moon,137.240,137.640,4.7,3,NN,0,11.0501,7.8806,1
audio08.TextGrid,22,3,affects,137.640,138.060,4.16,6,VBZ,1,4.9480,11.2129,1
audio08.TextGrid,22,4,her,138.060,138.320,6.3,2,PRP,0,7.0773,1.9741,1
audio08.TextGrid,22,5,as,138.320,138.460,6.77,2,IN,0,5.7121,3.0955,1
audio08.TextGrid,22,6,it,138.460,138.520,6.95,2,PRP,0,3.8691,2.6712,1
audio08.TextGrid,22,7,does,138.520,138.740,5.74,3,VBZ,0,7.5205,1.1768,1
audio08.TextGrid,22,8,a,138.740,138.790,7.36,1,DT,0,3.4696,4.2430,1
audio08.TextGrid,22,9,woman,138.790,139.260,5.35,5,NN,0,8.0429,4.0222,1
audio08.TextGrid,22,10,he,139.440,139.560,6.69,2,PRP,0,6.7185,5.2077,1
audio08.TextGrid,22,11,thought,139.560,139.980,5.59,3,VBD,0,8.7038,0.6187,1
audio08.TextGrid,23,1,he,142.190,142.310,6.69,2,PRP,0,4.5353,2.4511,1
audio08.TextGrid,23,2,was,142.310,142.470,6.82,3,VBD,0,3.9158,2.2782,1
audio08.TextGrid,23,3,rowing,142.470,142.810,3.39,4,VBG,1,7.5415,12.6913,1
audio08.TextGrid,23,4,steadily,142.810,143.410,3.84,7,RB,0,10.6768,8.1114,1
audio08.TextGrid,23,5,and,143.410,143.500,7.41,2,CC,0,3.9477,2.0202,1
audio08.TextGrid,23,6,it,143.500,143.640,6.95,2,PRP,0,5.3584,4.4669,1
audio08.TextGrid,23,7,was,143.640,143.770,6.82,3,VBD,0,4.5479,0.5099,1
audio08.TextGrid,23,8,no,143.770,143.990,6.35,2,DT,0,6.2518,4.6838,1
audio08.TextGrid,23,9,effort,143.990,144.290,4.92,4,NN,0,8.0316,6.6016,1
audio08.TextGrid,23,10,for,144.290,144.530,7.01,3,IN,0,4.1291,2.1658,1
audio08.TextGrid,23,11,him,144.530,144.770,6.11,3,PRP,0,7.3854,0.3359,1
audio08.TextGrid,23,12,since,144.770,145.030,5.75,4,IN,0,6.6392,8.6843,1
audio08.TextGrid,23,13,he,145.030,145.140,6.69,2,PRP,0,4.4380,0.6211,1
audio08.TextGrid,23,14,kept,145.140,145.430,5.0,4,VBD,0,9.1820,4.6884,1
audio08.TextGrid,23,15,well,145.430,145.650,6.03,3,RB,0,6.6259,6.5936,1
audio08.TextGrid,23,16,within,145.650,145.990,5.44,5,IN,0,8.5389,4.1296,1
audio08.TextGrid,23,17,his,145.990,146.180,6.51,3,PRP$,0,5.3461,1.5338,1
audio08.TextGrid,23,18,speed,146.180,146.730,5.0,4,NN,0,9.6619,4.0984,1
audio08.TextGrid,23,19,and,146.880,146.980,7.41,2,CC,0,4.1401,1.5258,1
audio08.TextGrid,23,20,the,146.980,147.080,7.73,2,DT,0,2.3492,3.2666,1
audio08.TextGrid,23,21,surface,147.080,147.460,4.83,5,NN,1,4.1374,7.8166,1
audio08.TextGrid,23,22,of,147.460,147.530,7.4,2,IN,0,3.2158,1.2982,1
audio08.TextGrid,23,23,the,147.530,147.690,7.73,2,DT,0,1.6957,0.0911,1
audio08.TextGrid,23,24,ocean,147.690,147.980,4.7,4,NN,1,4.1362,2.6099,1
audio08.TextGrid,23,25,was,147.980,148.140,6.82,3,VBD,0,5.1292,0.6516,1
audio08.TextGrid,23,26,flat,148.140,148.560,4.72,4,JJ,0,9.0939,4.6203,1
audio08.TextGrid,23,27,except,148.560,148.880,5.02,6,IN,0,9.1434,5.7867,1
audio08.TextGrid,23,28,for,148.880,148.950,7.01,2,IN,0,5.9566,0.4267,1
audio08.TextGrid,23,29,the,148.950,149.140,7.73,2,DT,0,1.8952,0.5041,1
audio08.TextGrid,23,30,occasional,149.140,149.640,4.12,8,JJ,1,5.0856,4.5495,1
audio08.TextGrid,23,31,swirls,149.640,150.100,2.71,5,NN,1,4.3383,11.4741,1
audio08.TextGrid,23,32,of,150.100,150.170,7.4,2,IN,0,3.1253,1.1719,1
audio08.TextGrid,23,33,the,150.170,150.270,7.73,2,DT,0,1.7047,0.8471,1
audio08.TextGrid,23,34,current,150.270,150.760,5.27,4,JJ,0,7.1613,6.9058,1
audio08.TextGrid,24,1,he,151.750,151.850,6.69,2,PRP,0,4.5353,1.0996,1
audio08.TextGrid,24,2,was,151.850,152.020,6.82,3,VBD,0,3.9158,2.1212,1
audio08.TextGrid,24,3,letting,152.020,152.260,4.53,5,VBG,0,10.5117,9.0095,1
audio08.TextGrid,24,4,the,152.260,152.350,7.73,2,DT,0,2.2642,1.4981,1
audio08.TextGrid,24,5,current,152.350,152.770,5.27,6,JJ,0,7.1642,6.5686,1
audio08.TextGrid,24,6,do,152.770,152.860,6.35,2,VBP,0,9.4503,4.4982,1
audio08.TextGrid,24,7,a,152.860,152.900,7.36,1,DT,0,3.3735,4.8897,1
audio08.TextGrid,24,8,third,152.900,153.170,5.32,3,NN,0,7.9535,7.8375,1
audio08.TextGrid,24,9,of,153.170,153.250,7.4,2,IN,0,4.9985,0.3671,1
audio08.TextGrid,24,10,the,153.250,153.320,7.73,2,DT,0,1.7055,1.1298,1
audio08.TextGrid,24,11,work,153.320,153.630,5.96,3,NN,0,7.2818,0.4304,1
audio08.TextGrid,25,1,and,154.170,154.290,7.41,3,CC,0,3.7036,1.4759,1
audio08.TextGrid,25,2,as,154.290,154.400,6.77,2,IN,0,5.3276,4.7329,1
audio08.TextGrid,25,3,it,154.400,154.540,6.95,2,PRP,0,4.5763,3.2527,1
audio08.TextGrid,25,4,started,154.540,154.890,5.39,7,VBD,0,8.6500,5.0742,1
audio08.TextGrid,25,5,to,154.890,154.950,7.43,2,TO,0,3.0761,1.8565,1
audio08.TextGrid,25,6,be,154.950,155.100,6.79,2,VB,0,4.0119,5.7312,1
audio08.TextGrid,25,7,light,155.100,155.420,5.33,3,JJ,0,8.7916,5.6699,1
audio08.TextGrid,25,8,he,155.420,155.520,6.69,2,PRP,0,7.1674,0.9180,1
audio08.TextGrid,25,9,saw,155.520,155.770,5.34,2,VBD,0,8.9637,2.3599,1
audio08.TextGrid,25,10,he,155.770,155.860,6.69,2,PRP,0,5.1692,5.1891,1
audio08.TextGrid,25,11,was,155.860,156.010,6.82,3,VBD,0,4.7947,1.5845,1
audio08.TextGrid,25,12,already,156.010,156.420,5.55,6,RB,0,6.8014,5.9295,1
audio08.TextGrid,25,13,further,156.420,156.770,5.31,4,RB,0,7.7032,9.1621,1
audio08.TextGrid,25,14,out,156.770,156.980,6.38,2,RB,0,6.5550,2.6867,1
audio08.TextGrid,25,15,than,156.980,157.140,6.13,3,IN,0,5.6012,2.4890,1
audio08.TextGrid,25,16,he,157.140,157.210,6.69,2,PRP,0,4.4445,0.9623,1
audio08.TextGrid,25,17,had,157.210,157.340,6.33,3,VBD,0,6.6260,1.0122,1
audio08.TextGrid,25,18,hoped,157.340,157.540,4.28,4,VBN,0,11.3456,3.9669,1
audio08.TextGrid,25,19,to,157.540,157.620,7.43,2,TO,0,3.3415,2.0619,1
audio08.TextGrid,25,20,be,157.620,157.830,6.79,2,VB,0,3.9072,1.5020,1
audio08.TextGrid,25,21,at,157.830,157.890,6.7,2,IN,0,5.0584,4.8244,1
audio08.TextGrid,25,22,this,157.890,158.160,6.82,3,DT,0,4.7681,2.4336,1
audio08.TextGrid,25,23,hour,158.160,158.480,5.18,2,NN,0,8.2922,4.0021,1
audio08.TextGrid,26,1,i,160.560,160.690,7.09,1,NN,0,5.5144,6.0307,1
audio08.TextGrid,26,2,worked,160.690,160.970,5.16,4,VBD,0,7.9232,7.4251,1
audio08.TextGrid,26,3,the,160.970,161.070,7.73,2,DT,0,2.5771,3.4273,1
audio08.TextGrid,26,4,deep,161.070,161.400,5.05,3,JJ,1,5.0803,6.3161,1
audio08.TextGrid,26,5,wells,161.400,161.770,4.25,4,NNS,0,10.8431,6.5801,1
audio08.TextGrid,26,6,for,161.770,161.920,7.01,3,IN,0,4.3392,2.8843,1
audio08.TextGrid,26,7,a,161.920,161.950,7.36,1,DT,0,2.5689,2.0470,1
audio08.TextGrid,26,8,week,161.950,162.290,5.56,3,NN,0,6.2208,2.9660,1
audio08.TextGrid,26,9,and,162.290,162.370,7.41,2,CC,0,4.4721,0.7656,1
audio08.TextGrid,26,10,did,162.370,162.560,5.96,3,VBD,0,7.7955,5.3683,1
audio08.TextGrid,26,11,nothing,162.560,162.970,5.55,5,NN,0,10.3987,3.8488,1
audio08.TextGrid,26,12,he,163.210,163.330,6.69,2,PRP,0,7.0893,2.4205,1
audio08.TextGrid,26,13,thought,163.330,163.690,5.59,3,VBD,0,8.7899,0.6117,1
audio08.TextGrid,27,1,today,164.290,164.710,5.55,4,NN,0,8.6952,7.2819,1
audio08.TextGrid,27,2,i,164.850,164.910,7.09,1,VB,0,8.2207,1.3749,1
audio08.TextGrid,27,3,ll,164.910,164.940,4.66,1,JJ,1,6.2153,6.6889,1
audio08.TextGrid,27,4,work,164.940,165.220,5.96,3,NN,0,7.6022,3.5258,1
audio08.TextGrid,27,5,out,165.220,165.440,6.38,2,RB,0,7.2111,5.5883,1
audio08.TextGrid,27,6,where,165.440,165.570,6.0,3,WRB,0,7.9136,4.7621,1
audio08.TextGrid,27,7,the,165.570,165.670,7.73,2,DT,0,1.9680,1.5459,1
audio08.TextGrid,27,8,schools,165.670,166.240,5.05,5,NNS,0,9.0007,9.8780,1
audio08.TextGrid,27,9,of,166.240,166.320,7.4,2,IN,0,3.6826,0.9254,1
audio08.TextGrid,27,10,bonito,166.320,166.780,2.5,6,NN,1,5.7918,13.9943,1
audio08.TextGrid,27,11,and,166.780,166.870,7.41,2,CC,0,4.3503,2.2835,1
audio08.TextGrid,27,12,albacore,166.870,167.500,2.23,7,NN,1,5.3121,8.2749,1
audio08.TextGrid,27,13,are,167.500,167.800,6.74,2,VBP,0,4.7623,1.5949,1
audio08.TextGrid,27,14,and,168.280,168.430,7.41,3,CC,0,4.2317,1.4589,1
audio08.TextGrid,27,15,maybe,168.430,168.740,5.45,4,RB,0,9.7899,5.5047,1
audio08.TextGrid,27,16,there,168.740,168.870,6.31,3,EX,0,6.9253,3.8967,1
audio08.TextGrid,27,17,will,168.870,169.010,6.45,3,MD,0,5.1412,1.1928,1
audio08.TextGrid,27,18,be,169.010,169.190,6.79,2,VB,0,3.7191,0.0820,1
audio08.TextGrid,27,19,a,169.190,169.230,7.36,1,DT,0,3.1550,1.2365,1
audio08.TextGrid,27,20,big,169.230,169.500,5.67,3,JJ,0,6.5833,4.2610,1
audio08.TextGrid,27,21,one,169.500,169.740,6.47,3,NN,0,6.8505,4.0278,1
audio08.TextGrid,27,22,with,169.740,169.950,6.85,3,IN,0,5.2821,4.6107,1
audio08.TextGrid,27,23,them,170.010,170.150,6.19,3,PRP,0,5.9253,4.5840,1
audio09.TextGrid,1,1,before,1.070,1.460,5.93,5,IN,0,7.5766,6.3685,1
audio09.TextGrid,1,2,it,1.460,1.560,6.95,2,PRP,0,3.9669,4.7317,1
audio09.TextGrid,1,3,was,1.560,1.720,6.82,3,VBD,0,5.1489,1.4748,1
audio09.TextGrid,1,4,really,1.720,2.010,5.97,4,RB,0,7.8660,5.8313,1
audio09.TextGrid,1,5,light,2.010,2.330,5.33,3,JJ,0,8.5246,3.3499,1
audio09.TextGrid,1,6,he,2.330,2.440,6.69,2,PRP,0,5.9598,1.3565,1
audio09.TextGrid,1,7,had,2.440,2.640,6.33,3,VBD,0,4.9406,2.2802,1
audio09.TextGrid,1,8,his,2.640,2.780,6.51,3,PRP$,0,6.0690,5.2534,1
audio09.TextGrid,1,9,baits,2.780,3.140,2.65,4,NNS,1,5.5712,9.6885,1
audio09.TextGrid,1,10,out,3.140,3.480,6.38,2,RP,0,6.7229,4.1180,1
audio09.TextGrid,1,11,and,3.480,3.610,7.41,3,CC,0,4.6275,1.1052,1
audio09.TextGrid,1,12,was,3.610,3.800,6.82,3,VBD,0,4.5313,3.7732,1
audio09.TextGrid,1,13,drifting,3.800,4.180,3.55,7,VBG,1,7.5228,6.2145,1
audio09.TextGrid,1,14,with,4.180,4.300,6.85,3,IN,0,4.9842,3.9827,1
audio09.TextGrid,1,15,the,4.300,4.380,7.73,2,DT,0,1.7072,1.1542,1
audio09.TextGrid,1,16,current,4.380,4.890,5.27,5,JJ,0,7.1628,6.0792,1
audio09.TextGrid,2,1,one,5.870,6.060,6.47,3,CD,0,6.0137,4.5511,1
audio09.TextGrid,2,2,bait,6.060,6.340,3.85,3,NN,1,4.8607,7.2092,1
audio09.TextGrid,2,3,was,6.340,6.510,6.82,3,VBD,0,4.0530,2.8564,1
audio09.TextGrid,2,4,down,6.510,6.800,5.88,3,RB,0,6.3445,5.7306,1
audio09.TextGrid,2,5,forty,6.800,7.140,4.2,5,RB,1,4.9340,9.1907,1
audio09.TextGrid,2,6,fathoms,7.140,7.780,2.49,6,VBZ,1,4.1365,2.5234,1
audio09.TextGrid,2,7,the,8.040,8.130,7.73,2,DT,0,2.6184,2.0951,1
audio09.TextGrid,2,8,second,8.130,8.460,5.63,6,NN,0,7.8674,4.8360,1
audio09.TextGrid,2,9,was,8.460,8.640,6.82,3,VBD,0,8.2798,1.6717,1
audio09.TextGrid,2,10,at,8.640,8.750,6.7,2,IN,0,5.1628,4.1045,1
audio09.TextGrid,2,11,seventy,8.750,9.110,3.78,6,JJ,1,5.3282,3.4716,1
audio09.TextGrid,2,12,five,9.110,9.630,5.45,3,CD,0,8.2501,0.5772,1
audio09.TextGrid,2,13,and,9.630,9.740,7.41,2,CC,0,4.2262,2.6193,1
audio09.TextGrid,2,14,the,9.740,9.840,7.73,2,DT,0,2.3924,0.8956,1
audio09.TextGrid,2,15,third,9.840,10.110,5.32,3,JJ,0,7.9534,0.0667,1
audio09.TextGrid,2,16,and,10.110,10.250,7.41,3,CC,0,3.9237,4.7075,1
audio09.TextGrid,2,17,fourth,10.250,10.620,4.83,4,JJ,0,8.1966,0.6030,1
audio09.TextGrid,2,18,were,10.620,10.730,6.34,2,VBD,0,8.2268,0.7898,1
audio09.TextGrid,2,19,down,10.730,11.140,5.88,3,RB,0,6.3114,2.9619,1
audio09.TextGrid,2,20,in,11.140,11.220,7.27,2,IN,0,3.4098,4.2244,1
audio09.TextGrid,2,21,the,11.220,11.290,7.73,2,DT,0,1.7137,0.8031,1
audio09.TextGrid,2,22,blue,11.290,11.470,5.13,3,JJ,0,8.9788,6.1327,1
audio09.TextGrid,2,23,water,11.470,11.940,5.52,4,NN,0,8.3414,2.4738,1
audio09.TextGrid,2,24,at,11.940,12.080,6.7,2,IN,0,4.5623,2.8003,1
audio09.TextGrid,2,25,one,12.080,12.300,6.47,3,CD,0,5.7546,4.2566,1
audio09.TextGrid,2,26,hundred,12.300,12.680,4.71,6,CD,0,8.4511,0.9267,1
audio09.TextGrid,2,27,and,12.680,12.920,7.41,3,CC,0,4.0274,0.8148,1
audio09.TextGrid,2,28,one,12.920,13.100,6.47,3,CD,0,6.0031,5.8152,1
audio09.TextGrid,2,29,hundred,13.100,13.390,4.71,7,CD,0,8.3799,4.2656,1
audio09.TextGrid,2,30,and,13.390,13.530,7.41,3,CC,0,4.0571,0.4740,1
audio09.TextGrid,2,31,twenty,13.530,13.770,4.65,5,VB,1,6.1736,1.8851,1
audio09.TextGrid,2,32,five,13.770,14.070,5.45,3,CD,0,7.9812,0.8498,1
audio09.TextGrid,2,33,fathoms,14.070,14.620,2.49,6,NNS,1,5.8179,1.0003,1
audio09.TextGrid,3,1,each,15.750,15.970,5.69,2,DT,0,6.4630,5.9653,1
audio09.TextGrid,3,2,bait,15.970,16.260,3.85,3,NN,1,4.1353,3.5639,1
audio09.TextGrid,3,3,hung,16.260,16.490,4.21,3,NN,0,10.0858,7.2193,1
audio09.TextGrid,3,4,head,16.490,16.730,5.51,3,VBP,0,9.8420,8.9152,1
audio09.TextGrid,3,5,down,16.730,17.110,5.88,3,IN,0,7.1152,4.3080,1
audio09.TextGrid,3,6,with,17.110,17.300,6.85,3,IN,0,5.2053,3.5146,1
audio09.TextGrid,3,7,the,17.300,17.390,7.73,2,DT,0,1.7171,1.0022,1
audio09.TextGrid,3,8,shank,17.390,17.730,3.07,4,NN,1,4.1387,12.0890,1
audio09.TextGrid,3,9,of,17.730,17.820,7.4,2,IN,0,3.2527,1.4144,1
audio09.TextGrid,3,10,the,17.820,17.940,7.73,2,DT,0,1.6964,0.8338,1
audio09.TextGrid,3,11,hook,17.940,18.210,4.37,3,NN,0,9.5430,2.4615,1
audio09.TextGrid,3,12,inside,18.210,18.650,5.19,5,IN,0,11.4851,7.9298,1
audio09.TextGrid,3,13,the,18.650,18.720,7.73,2,DT,0,3.9233,1.8244,1
audio09.TextGrid,3,14,bait,18.720,18.980,3.85,3,NN,1,4.1412,4.4506,1
audio09.TextGrid,3,15,fish,18.980,19.290,4.9,3,NN,1,5.3817,4.2970,1
audio09.TextGrid,4,1,tied,19.740,20.180,4.47,3,VBN,0,12.0513,6.9478,1
audio09.TextGrid,4,2,and,20.180,20.360,7.41,3,CC,0,3.7192,3.7426,1
audio09.TextGrid,4,3,sewed,20.360,20.680,2.89,3,VBN,1,6.2552,6.6981,1
audio09.TextGrid,4,4,solid,20.680,21.210,4.73,5,JJ,0,10.4348,10.3372,1
audio09.TextGrid,4,5,and,21.210,21.370,7.41,3,CC,0,3.6106,1.8869,1
audio09.TextGrid,4,6,all,21.370,21.580,6.52,2,PDT,0,6.3584,4.8195,1
audio09.TextGrid,4,7,the,21.580,21.660,7.73,2,DT,0,3.9551,1.7964,1
audio09.TextGrid,4,8,projecting,21.660,22.240,3.58,9,VBG,1,7.7351,11.1632,1
audio09.TextGrid,4,9,part,22.240,22.510,5.78,4,NN,0,7.7356,4.8489,1
audio09.TextGrid,4,10,of,22.510,22.580,7.4,2,IN,0,3.0700,0.3534,1
audio09.TextGrid,4,11,the,22.580,22.710,7.73,2,DT,0,1.6971,0.1934,1
audio09.TextGrid,4,12,hook,22.710,22.950,4.37,3,NN,0,9.5420,0.9155,1
audio09.TextGrid,4,13,the,23.190,23.300,7.73,2,DT,0,3.6371,2.4895,1
audio09.TextGrid,4,14,curve,23.300,23.650,4.14,3,NN,1,4.1425,8.1122,1
audio09.TextGrid,4,15,and,23.650,23.760,7.41,2,CC,0,4.2493,2.6222,1
audio09.TextGrid,4,16,the,23.760,23.820,7.73,2,DT,0,2.1910,0.9837,1
audio09.TextGrid,4,17,point,23.820,24.310,5.54,4,NN,0,6.9749,4.1446,1
audio09.TextGrid,4,18,was,24.310,24.460,6.82,3,VBD,0,4.6702,1.6238,1
audio09.TextGrid,4,19,covered,24.460,24.780,4.83,5,VBN,0,9.5694,5.0925,1
audio09.TextGrid,4,20,with,24.780,24.920,6.85,3,IN,0,4.3116,0.5815,1
audio09.TextGrid,4,21,fresh,24.950,25.180,4.83,4,JJ,0,10.0452,7.4569,1
audio09.TextGrid,4,22,sardines,25.180,25.950,2.93,7,NNS,1,4.9110,9.4618,1
audio09.TextGrid,5,1,each,26.670,26.870,5.69,2,DT,0,6.4630,4.3537,1
audio09.TextGrid,5,2,sardine,26.870,27.420,2.66,6,NN,1,4.1353,5.5103,1
audio09.TextGrid,5,3,was,27.420,27.610,6.82,3,VBD,0,4.1804,1.0821,1
audio09.TextGrid,5,4,hooked,27.610,27.820,3.92,4,VBN,1,6.3789,5.8854,1
audio09.TextGrid,5,5,through,27.820,28.000,5.87,3,IN,0,6.4478,4.9962,1
audio09.TextGrid,5,6,both,28.000,28.310,5.79,3,DT,0,6.3786,6.0973,1
audio09.TextGrid,5,7,eyes,28.310,28.740,5.21,2,NNS,0,10.5166,4.8606,1
audio09.TextGrid,6,1,so,29.190,29.320,6.52,2,RB,0,6.6130,4.0408,1
audio09.TextGrid,6,2,that,29.320,29.510,7.01,3,IN,0,4.8596,0.4976,1
audio09.TextGrid,6,3,they,29.510,29.580,6.5,2,PRP,0,5.2663,2.8845,1
audio09.TextGrid,6,4,made,29.580,29.790,5.92,3,VBD,0,6.6325,5.1227,1
audio09.TextGrid,6,5,a,29.790,29.850,7.36,1,DT,0,3.5558,1.4352,1
audio09.TextGrid,6,6,half,29.850,30.090,5.41,3,JJ,0,7.9721,6.3957,1
audio09.TextGrid,6,7,garland,30.110,30.620,3.46,7,NN,1,5.2731,15.9485,1
audio09.TextGrid,6,8,on,30.620,30.730,6.91,2,IN,0,4.5955,3.7145,1
audio09.TextGrid,6,9,the,30.730,30.800,7.73,2,DT,0,1.7043,0.8367,1
audio09.TextGrid,6,10,projecting,30.800,31.320,3.58,9,NN,1,4.1369,10.4782,1
audio09.TextGrid,6,11,steel,31.320,31.790,4.71,4,NN,0,8.7536,8.9973,1
audio09.TextGrid,7,1,there,32.340,32.470,6.31,3,EX,0,5.7321,3.7707,1
audio09.TextGrid,7,2,was,32.470,32.610,6.82,3,VBD,0,3.9647,0.9170,1
audio09.TextGrid,7,3,no,32.610,32.780,6.35,2,DT,0,6.2720,1.9945,1
audio09.TextGrid,7,4,part,32.780,33.030,5.78,4,NN,0,6.7401,6.3670,1
audio09.TextGrid,7,5,of,33.030,33.110,7.4,2,IN,0,3.1721,0.1477,1
audio09.TextGrid,7,6,the,33.110,33.220,7.73,2,DT,0,1.6962,0.1695,1
audio09.TextGrid,7,7,hook,33.220,33.480,4.37,3,NN,0,9.5432,2.3633,1
audio09.TextGrid,7,8,that,33.480,33.600,7.01,3,IN,0,4.3478,0.9349,1
audio09.TextGrid,7,9,a,33.600,33.650,7.36,1,DT,0,2.8639,6.6694,1
audio09.TextGrid,7,10,great,33.650,34.010,5.88,4,JJ,0,7.7247,6.6501,1
audio09.TextGrid,7,11,fish,34.010,34.250,4.9,3,NN,1,4.1865,2.7203,1
audio09.TextGrid,7,12,could,34.250,34.470,6.06,3,MD,0,6.3548,1.1637,1
audio09.TextGrid,7,13,feel,34.470,34.830,5.67,3,VB,0,7.2566,5.8035,1
audio09.TextGrid,7,14,which,34.830,35.050,6.3,3,WDT,0,5.5916,5.9235,1
audio09.TextGrid,7,15,was,35.050,35.180,6.82,3,VBD,0,5.0030,1.7648,1
audio09.TextGrid,7,16,not,35.180,35.400,6.69,3,RB,0,5.5334,2.2498,1
audio09.TextGrid,7,17,sweet,35.400,35.740,4.91,4,JJ,0,10.6164,9.6418,1
audio09.TextGrid,7,18,smelling,35.740,36.190,3.58,6,NN,1,5.4372,6.0755,1
audio09.TextGrid,7,19,and,36.190,36.310,7.41,3,CC,0,4.0892,1.7223,1
audio09.TextGrid,7,20,good,36.310,36.570,6.12,3,JJ,0,7.4726,6.9164,1
audio09.TextGrid,7,21,tasting,36.590,37.120,3.65,6,NN,1,4.5903,2.2980,1
audio09.TextGrid,8,1,the,38.490,38.580,7.73,2,DT,0,1.8241,1.4860,1
audio09.TextGrid,8,2,boy,38.580,38.840,5.17,2,NN,0,10.2353,7.4083,1
audio09.TextGrid,8,3,had,38.840,39.000,6.33,3,VBD,0,4.9829,2.6403,1
audio09.TextGrid,8,4,given,39.000,39.300,5.41,5,VBN,0,8.9140,5.8112,1
audio09.TextGrid,8,5,him,39.300,39.390,6.11,2,PRP,0,8.8373,2.9358,1
audio09.TextGrid,8,6,two,39.390,39.610,6.1,2,CD,0,7.7965,3.7518,1
audio09.TextGrid,8,7,fresh,39.610,39.950,4.83,4,JJ,0,10.8427,7.9002,1
audio09.TextGrid,8,8,small,39.950,40.240,5.51,4,JJ,0,7.4947,7.0309,1
audio09.TextGrid,8,9,tunas,40.240,40.900,2.06,5,NNS,1,5.7476,9.6571,1
audio09.TextGrid,8,10,or,40.900,41.060,6.54,2,CC,0,5.9268,6.5545,1
audio09.TextGrid,8,11,albacores,41.060,41.870,0.0,8,NNS,1,6.5832,9.8700,1
audio09.TextGrid,8,12,which,41.870,42.080,6.3,3,WDT,0,5.3222,1.9539,1
audio09.TextGrid,8,13,hung,42.080,42.270,4.21,3,VBP,0,10.9088,6.8029,1
audio09.TextGrid,8,14,on,42.270,42.390,6.91,2,IN,0,5.1154,2.2822,1
audio09.TextGrid,8,15,the,42.390,42.460,7.73,2,DT,0,1.7458,0.7453,1
audio09.TextGrid,8,16,two,42.460,42.640,6.1,2,CD,0,7.2565,6.3189,1
audio09.TextGrid,8,17,deepest,42.640,43.150,3.77,6,JJS,1,7.1408,11.7085,1
audio09.TextGrid,8,18,lines,43.150,43.530,4.95,4,NNS,0,8.9431,5.5026,1
audio09.TextGrid,8,19,like,43.530,43.720,6.41,3,IN,0,6.5292,6.3528,1
audio09.TextGrid,8,20,plummets,43.720,44.340,2.42,7,NNS,1,6.8306,15.0236,1
audio09.TextGrid,8,21,and,44.660,44.920,7.41,3,CC,0,4.0359,1.9055,1
audio09.TextGrid,8,22,on,44.920,45.050,6.91,2,IN,0,5.5188,3.5522,1
audio09.TextGrid,8,23,the,45.050,45.200,7.73,2,DT,0,1.8068,0.9698,1
audio09.TextGrid,8,24,others,45.200,45.540,5.42,4,NNS,0,8.5564,5.8463,1
audio09.TextGrid,8,25,he,45.850,45.950,6.69,2,PRP,0,6.2482,3.1762,1
audio09.TextGrid,8,26,had,45.950,46.070,6.33,3,VBD,0,5.1211,1.2944,1
audio09.TextGrid,8,27,a,46.070,46.110,7.36,1,DT,0,3.3196,2.7284,1
audio09.TextGrid,8,28,big,46.110,46.390,5.67,3,JJ,0,6.5855,3.7285,1
audio09.TextGrid,8,29,blue,46.390,46.650,5.13,3,NN,0,9.3810,5.2140,1
audio09.TextGrid,8,30,runner,46.650,47.010,4.18,4,NN,1,4.1964,12.0866,1
audio09.TextGrid,8,31,and,47.010,47.150,7.41,3,CC,0,4.1901,2.7099,1
audio09.TextGrid,8,32,a,47.150,47.180,7.36,1,DT,0,3.2429,1.3311,1
audio09.TextGrid,8,33,yellow,47.180,47.550,4.69,4,JJ,0,10.7303,4.4411,1
audio09.TextGrid,8,34,jack,47.550,47.890,4.82,3,NN,0,10.2331,6.3454,1
audio09.TextGrid,8,35,that,47.890,48.030,7.01,3,WDT,0,6.1750,4.2772,1
audio09.TextGrid,8,36,had,48.030,48.150,6.33,3,VBD,0,7.5350,2.9889,1
audio09.TextGrid,8,37,been,48.150,48.280,6.27,3,VBN,0,6.0802,1.7447,1
audio09.TextGrid,8,38,used,48.280,48.580,5.8,4,VBN,0,8.2206,4.5820,1
audio09.TextGrid,8,39,before,48.580,49.150,5.93,5,IN,0,6.2803,5.5094,1
audio09.TextGrid,8,40,but,49.530,49.650,6.63,3,CC,0,7.0721,3.0023,1
audio09.TextGrid,8,41,they,49.650,49.780,6.5,2,PRP,0,5.8332,2.9209,1
audio09.TextGrid,8,42,were,49.780,49.950,6.34,2,VBD,0,4.6491,0.7095,1
audio09.TextGrid,8,43,in,49.950,50.060,7.27,2,IN,0,3.5805,4.4048,1
audio09.TextGrid,8,44,good,50.060,50.270,6.12,3,JJ,0,7.4935,3.3230,1
audio09.TextGrid,8,45,condition,50.270,50.810,4.86,8,NN,0,10.0034,1.0640,1
audio09.TextGrid,8,46,still,50.810,51.240,5.92,4,RB,0,7.4139,7.4181,1
audio09.TextGrid,8,47,and,51.630,51.750,7.41,2,CC,0,3.4149,1.4084,1
audio09.TextGrid,8,48,had,51.750,51.900,6.33,3,VBD,0,6.3591,3.4948,1
audio09.TextGrid,8,49,the,51.900,52.040,7.73,2,DT,0,2.4397,2.8927,1
audio09.TextGrid,8,50,excellent,52.040,52.500,4.73,8,JJ,1,5.0779,7.3183,1
audio09.TextGrid,8,51,sardines,52.500,53.340,2.93,7,NNS,1,6.0034,7.0897,1
audio09.TextGrid,8,52,to,53.340,53.440,7.43,2,TO,0,3.1958,4.4049,1
audio09.TextGrid,8,53,give,53.440,53.610,5.71,3,VB,0,7.2719,3.7267,1
audio09.TextGrid,8,54,them,53.610,53.790,6.19,3,PRP,0,6.5972,1.1744,1
audio09.TextGrid,8,55,scent,53.790,54.200,3.82,4,NN,1,6.4275,8.2757,1
audio09.TextGrid,8,56,and,54.200,54.330,7.41,3,CC,0,4.0460,1.7143,1
audio09.TextGrid,8,57,attractiveness,54.330,55.190,3.25,11,NN,1,5.3451,9.1300,1
audio09.TextGrid,9,1,each,56.000,56.260,5.69,2,DT,0,6.4630,5.0835,1
audio09.TextGrid,9,2,line,56.260,56.710,5.49,3,NN,0,7.6670,5.5834,1
audio09.TextGrid,9,3,as,56.880,57.070,6.77,2,IN,0,5.5441,3.7778,1
audio09.TextGrid,9,4,thick,57.070,57.240,4.46,3,NN,1,5.8552,7.3277,1
audio09.TextGrid,9,5,around,57.240,57.610,5.77,4,IN,0,8.0166,9.2867,1
audio09.TextGrid,9,6,as,57.610,57.720,6.77,2,IN,0,6.3528,0.4483,1
audio09.TextGrid,9,7,a,57.720,57.780,7.36,1,DT,0,2.9156,0.7265,1
audio09.TextGrid,9,8,big,57.780,58.000,5.67,3,JJ,0,6.5993,4.8397,1
audio09.TextGrid,9,9,pencil,58.000,58.520,3.95,6,NN,0,10.8751,6.9747,1
audio09.TextGrid,9,10,was,58.900,59.060,6.82,3,VBD,0,5.1997,1.0774,1
audio09.TextGrid,9,11,looped,59.060,59.380,2.95,4,VBN,1,6.2730,7.4112,1
audio09.TextGrid,9,12,onto,59.380,59.700,4.77,4,IN,0,9.4936,6.0322,1
audio09.TextGrid,9,13,a,59.700,59.740,7.36,1,DT,0,2.5523,1.2655,1
audio09.TextGrid,9,14,green,59.740,60.120,5.13,4,JJ,0,8.9790,6.2004,1
audio09.TextGrid,9,15,sapped,60.120,60.500,2.36,4,VBN,1,7.9708,11.3731,1
audio09.TextGrid,9,16,stick,60.500,60.900,4.76,4,NN,0,13.1540,4.5522,1
audio09.TextGrid,9,17,so,61.050,61.210,6.52,2,RB,0,6.0709,3.7162,1
audio09.TextGrid,9,18,that,61.210,61.370,7.01,3,IN,0,4.5825,0.1307,1
audio09.TextGrid,9,19,any,61.370,61.550,6.07,3,DT,0,5.9095,5.8266,1
audio09.TextGrid,9,20,pull,61.550,61.960,4.82,3,NN,0,13.6950,7.2409,1
audio09.TextGrid,9,21,or,61.960,62.120,6.54,2,CC,0,5.7820,2.5265,1
audio09.TextGrid,9,22,touch,62.120,62.480,4.91,3,NN,0,9.1013,5.7752,1
audio09.TextGrid,9,23,on,62.480,62.600,6.91,2,IN,0,4.8849,2.7686,1
audio09.TextGrid,9,24,the,62.600,62.690,7.73,2,DT,0,1.7411,0.6921,1
audio09.TextGrid,9,25,bait,62.690,63.070,3.85,3,NN,1,4.1390,5.9311,1
audio09.TextGrid,9,26,would,63.070,63.230,6.27,3,MD,0,6.2229,2.2877,1
audio09.TextGrid,9,27,make,63.230,63.450,6.08,3,VB,0,5.2960,2.5004,1
audio09.TextGrid,9,28,the,63.450,63.540,7.73,2,DT,0,2.3282,1.2777,1
audio09.TextGrid,9,29,stick,63.540,63.860,4.76,4,NN,0,14.7346,3.1236,1
audio09.TextGrid,9,30,dip,63.860,64.170,4.05,3,NN,1,6.2448,7.7469,1
audio09.TextGrid,9,31,and,64.520,64.650,7.41,3,CC,0,3.8793,1.6681,1
audio09.TextGrid,9,32,each,64.650,64.890,5.69,2,DT,0,7.2012,7.5513,1
audio09.TextGrid,9,33,line,64.890,65.160,5.49,3,NN,0,7.6707,1.9529,1
audio09.TextGrid,9,34,had,65.160,65.330,6.33,3,VBD,0,5.8997,2.6594,1
audio09.TextGrid,9,35,two,65.330,65.390,6.1,2,CD,0,6.7852,3.4444,1
audio09.TextGrid,9,36,forty,65.390,65.830,4.2,5,JJ,1,6.4871,10.7638,1
audio09.TextGrid,9,37,fathom,65.830,66.190,3.25,5,NN,1,4.4882,6.9146,1
audio09.TextGrid,9,38,coils,66.190,66.800,3.36,4,NNS,1,6.9086,6.9442,1
audio09.TextGrid,9,39,which,66.800,66.950,6.3,3,WDT,0,5.2535,3.4325,1
audio09.TextGrid,9,40,could,66.950,67.120,6.06,3,MD,0,5.6233,3.7420,1
audio09.TextGrid,9,41,be,67.120,67.250,6.79,2,VB,0,3.7092,0.6518,1
audio09.TextGrid,9,42,made,67.250,67.520,5.92,3,VBN,0,7.3925,3.9225,1
audio09.TextGrid,9,43,fast,67.520,67.810,5.13,4,RB,0,9.6600,6.2320,1
audio09.TextGrid,9,44,to,67.810,67.910,7.43,2,TO,0,3.5339,2.8407,1
audio09.TextGrid,9,45,the,67.910,68.060,7.73,2,DT,0,2.4771,3.3522,1
audio09.TextGrid,9,46,other,68.060,68.260,6.16,3,JJ,0,5.7785,4.8148,1
audio09.TextGrid,9,47,spare,68.260,68.580,4.28,4,NN,1,3.9968,13.4751,1
audio09.TextGrid,9,48,coils,68.580,69.150,3.36,4,NNS,1,7.1566,3.5512,1
audio09.TextGrid,9,49,so,69.150,69.410,6.52,2,RB,0,6.3092,3.4679,1
audio09.TextGrid,10,1,that,69.410,69.610,7.01,3,IN,0,4.4338,0.2004,1
audio09.TextGrid,10,2,if,70.020,70.160,6.47,2,IN,0,7.8715,1.3591,1
audio09.TextGrid,10,3,it,70.160,70.270,6.95,2,PRP,0,4.0008,3.0137,1
audio09.TextGrid,10,4,were,70.270,70.390,6.34,2,VBD,0,5.8509,2.6945,1
audio09.TextGrid,10,5,necessary,70.390,71.040,4.91,8,JJ,0,9.1718,5.6571,1
audio09.TextGrid,10,6,a,71.340,71.430,7.36,1,DT,0,4.9635,2.7895,1
audio09.TextGrid,10,7,fish,71.430,71.690,4.9,3,NN,1,4.1402,4.4891,1
audio09.TextGrid,10,8,could,71.690,71.960,6.06,3,MD,0,5.8150,0.3993,1
audio09.TextGrid,10,9,take,71.960,72.210,5.92,3,VB,0,5.6113,4.2636,1
audio09.TextGrid,10,10,out,72.210,72.480,6.38,2,RP,0,5.7260,3.6908,1
audio09.TextGrid,10,11,over,72.480,72.700,6.08,3,IN,0,6.2288,7.6899,1
audio09.TextGrid,10,12,three,72.700,73.020,5.78,3,CD,0,6.8240,4.1494,1
audio09.TextGrid,10,13,hundred,73.020,73.360,4.71,7,VBD,0,8.4131,1.1795,1
audio09.TextGrid,10,14,fathoms,73.360,73.820,2.49,6,NNS,1,6.2798,3.3581,1
audio09.TextGrid,10,15,of,73.820,73.940,7.4,2,IN,0,3.0138,1.9731,1
audio09.TextGrid,10,16,line,73.940,74.380,5.49,3,NN,0,9.3097,5.7669,1
audio09.TextGrid,11,1,now,75.920,76.290,6.18,2,RB,0,6.7634,5.1482,1
audio09.TextGrid,11,2,the,76.290,76.490,7.73,2,DT,0,2.5625,1.8805,1
audio09.TextGrid,11,3,man,76.490,76.740,5.82,3,NN,0,7.7310,4.2389,1
audio09.TextGrid,11,4,watched,76.740,77.170,4.72,4,VBD,0,10.3409,6.0616,1
audio09.TextGrid,11,5,the,77.170,77.250,7.73,2,DT,0,3.0359,1.0553,1
audio09.TextGrid,11,6,dip,77.250,77.650,4.05,3,NN,1,4.1510,9.4564,1
audio09.TextGrid,11,7,of,77.650,77.750,7.4,2,IN,0,2.9585,2.0797,1
audio09.TextGrid,11,8,the,77.750,77.880,7.73,2,DT,0,1.6971,0.4242,1
audio09.TextGrid,11,9,three,77.880,78.140,5.78,3,CD,0,7.9707,6.1938,1
audio09.TextGrid,11,10,sticks,78.140,78.540,4.14,5,NNS,1,5.4781,6.7768,1
audio09.TextGrid,11,11,over,78.540,78.700,6.08,3,IN,0,6.3649,4.6715,1
audio09.TextGrid,11,12,the,78.700,78.810,7.73,2,DT,0,1.7240,1.0680,1
audio09.TextGrid,11,13,side,78.810,79.130,5.5,3,NN,0,8.0387,6.3925,1
audio09.TextGrid,11,14,of,79.130,79.210,7.4,2,IN,0,3.0916,0.5792,1
audio09.TextGrid,11,15,the,79.210,79.300,7.73,2,DT,0,1.6929,0.2670,1
audio09.TextGrid,11,16,skiff,79.300,79.810,2.63,4,NN,1,4.1360,7.5657,1
audio09.TextGrid,11,17,and,79.810,79.920,7.41,2,CC,0,4.3382,1.1304,1
audio09.TextGrid,11,18,rowed,79.920,80.200,2.78,3,VBD,1,5.7892,11.0407,1
audio09.TextGrid,11,19,gently,80.200,80.610,4.08,6,RB,1,4.6370,7.3390,1
audio09.TextGrid,11,20,to,80.610,80.700,7.43,2,TO,0,3.6536,2.4840,1
audio09.TextGrid,11,21,keep,80.700,80.930,5.66,3,VB,0,7.2374,3.5143,1
audio09.TextGrid,11,22,the,80.930,81.030,7.73,2,DT,0,2.3415,1.2313,1
audio09.TextGrid,11,23,lines,81.030,81.400,4.95,4,NNS,0,9.0875,4.4853,1
audio09.TextGrid,11,24,straight,81.400,81.730,5.04,5,VBD,0,9.9340,3.7715,1
audio09.TextGrid,11,25,up,81.730,81.870,6.39,2,RB,0,6.5005,5.2702,1
audio09.TextGrid,11,26,and,81.870,81.970,7.41,2,CC,0,4.0701,1.0113,1
audio09.TextGrid,11,27,down,81.970,82.370,5.88,3,RB,0,6.6970,0.2624,1
audio09.TextGrid,11,28,and,82.370,82.470,7.41,3,CC,0,3.8593,2.8210,1
audio09.TextGrid,11,29,at,82.470,82.530,6.7,2,IN,0,4.9156,4.6794,1
audio09.TextGrid,11,30,their,82.530,82.690,6.33,3,PRP$,0,5.0014,4.9773,1
audio09.TextGrid,11,31,proper,82.690,83.040,4.72,5,JJ,0,10.7495,4.6028,1
audio09.TextGrid,11,32,depths,83.040,83.600,3.78,5,NNS,1,5.6153,5.2531,1
audio09.TextGrid,12,1,it,84.410,84.540,6.95,2,PRP,0,3.8912,3.4460,1
audio09.TextGrid,12,2,was,84.540,84.730,6.82,3,VBD,0,3.9158,0.3643,1
audio09.TextGrid,12,3,quite,84.730,85.020,5.29,4,RB,0,9.0324,4.1199,1
audio09.TextGrid,12,4,light,85.020,85.470,5.33,3,JJ,0,8.5005,6.5331,1
audio09.TextGrid,12,5,and,85.470,85.740,7.41,3,CC,0,3.8838,1.3406,1
audio09.TextGrid,12,6,any,85.740,85.900,6.07,3,DT,0,6.8984,7.9350,1
audio09.TextGrid,12,7,moment,85.900,86.280,5.24,6,NN,0,9.1857,5.5562,1
audio09.TextGrid,12,8,now,86.280,86.520,6.18,2,RB,0,7.3798,5.1297,1
audio09.TextGrid,12,9,the,86.520,86.630,7.73,2,DT,0,3.6064,2.1840,1
audio09.TextGrid,12,10,sun,86.630,86.930,4.97,3,NN,0,10.4162,5.3053,1
audio09.TextGrid,12,11,would,86.930,87.100,6.27,3,MD,0,7.1367,0.9342,1
audio09.TextGrid,12,12,rise,87.100,87.570,4.81,3,VB,0,7.1331,2.7649,1
audio09.TextGrid,13,1,the,88.850,88.940,7.73,2,DT,0,1.8241,1.7858,1
audio09.TextGrid,13,2,sun,88.940,89.220,4.97,3,NN,0,10.3570,3.5409,1
audio09.TextGrid,13,3,rose,89.220,89.670,4.82,3,VBD,0,7.2969,2.9265,1
audio09.TextGrid,13,4,thinly,89.670,90.120,3.27,5,RB,1,4.6372,12.8048,1
audio09.TextGrid,13,5,from,90.120,90.340,6.63,3,IN,0,5.2428,3.0885,1
audio09.TextGrid,13,6,the,90.340,90.420,7.73,2,DT,0,1.7361,0.3890,1
audio09.TextGrid,13,7,sea,90.420,90.830,5.06,2,NN,0,8.2772,4.3476,1
audio09.TextGrid,13,8,and,91.010,91.120,7.41,2,CC,0,3.7490,0.8473,1
audio09.TextGrid,13,9,the,91.120,91.240,7.73,2,DT,0,2.2377,1.9209,1
audio09.TextGrid,13,10,old,91.240,91.460,5.75,3,JJ,0,7.3330,5.2888,1
audio09.TextGrid,13,11,man,91.460,91.690,5.82,3,NN,0,7.6942,0.1860,1
audio09.TextGrid,13,12,could,91.690,91.870,6.06,3,MD,0,6.7815,3.5289,1
audio09.TextGrid,13,13,see,91.870,92.060,6.1,2,VB,0,6.2330,0.6391,1
audio09.TextGrid,13,14,the,92.060,92.240,7.73,2,DT,0,2.3361,1.3191,1
audio09.TextGrid,13,15,other,92.240,92.400,6.16,3,JJ,0,5.7842,6.2939,1
audio09.TextGrid,13,16,boats,92.400,93.060,4.25,4,NNS,1,5.6217,4.5242,1
audio09.TextGrid,13,17,low,93.060,93.320,5.33,2,JJ,0,8.6989,8.0069,1
audio09.TextGrid,13,18,on,93.320,93.450,6.91,2,IN,0,5.3659,2.6354,1
audio09.TextGrid,13,19,the,93.450,93.530,7.73,2,DT,0,1.7079,0.3670,1
audio09.TextGrid,13,20,water,93.530,93.940,5.52,4,NN,0,8.3716,2.4163,1
audio09.TextGrid,13,21,and,93.940,94.060,7.41,3,CC,0,4.1273,2.1706,1
audio09.TextGrid,13,22,well,94.060,94.330,6.03,3,RB,0,7.5445,5.5726,1
audio09.TextGrid,13,23,in,94.330,94.480,7.27,2,IN,0,3.7553,3.5358,1
audio09.TextGrid,13,24,toward,94.480,94.750,4.72,6,IN,0,10.7404,9.9167,1
audio09.TextGrid,13,25,the,94.750,94.830,7.73,2,DT,0,1.8997,0.3020,1
audio09.TextGrid,13,26,shore,94.830,95.270,4.33,3,NN,0,14.3171,2.6718,1
audio09.TextGrid,13,27,spread,95.640,95.910,4.81,5,NN,0,10.0105,7.9128,1
audio09.TextGrid,13,28,out,95.910,96.120,6.38,2,IN,0,5.7541,0.7047,1
audio09.TextGrid,13,29,across,96.120,96.450,5.25,5,IN,0,8.0260,4.3464,1
audio09.TextGrid,13,30,the,96.450,96.550,7.73,2,DT,0,1.7429,0.2238,1
audio09.TextGrid,13,31,current,96.550,97.040,5.27,5,JJ,0,7.1613,7.2005,1
audio09.TextGrid,14,1,then,98.090,98.360,6.07,3,RB,0,7.4856,4.1242,1
audio09.TextGrid,14,2,the,98.360,98.440,7.73,2,DT,0,2.5625,1.6870,1
audio09.TextGrid,14,3,sun,98.440,98.670,4.97,3,NN,0,10.4125,2.2893,1
audio09.TextGrid,14,4,was,98.670,98.830,6.82,3,VBD,0,5.5531,2.9334,1
audio09.TextGrid,14,5,brighter,98.830,99.340,3.73,5,NN,1,6.5129,6.4168,1
audio09.TextGrid,14,6,and,99.610,99.710,7.41,2,CC,0,4.3920,0.4847,1
audio09.TextGrid,14,7,the,99.710,99.820,7.73,2,DT,0,2.3176,1.0135,1
audio09.TextGrid,14,8,glare,99.820,100.170,3.36,4,NN,1,4.1379,9.0721,1
audio09.TextGrid,14,9,came,100.170,100.460,5.5,3,VBD,0,7.7005,4.4240,1
audio09.TextGrid,14,10,on,100.460,100.580,6.91,2,IN,0,4.9273,1.9020,1
audio09.TextGrid,14,11,the,100.580,100.640,7.73,2,DT,0,1.7724,3.7898,1
audio09.TextGrid,14,12,water,100.640,101.100,5.52,4,NN,0,8.3761,3.9112,1
audio09.TextGrid,14,13,and,101.490,101.610,7.41,2,CC,0,4.3345,1.4319,1
audio09.TextGrid,14,14,then,101.610,101.880,6.07,3,RB,0,7.8770,4.4145,1
audio09.TextGrid,14,15,as,101.880,102.010,6.77,2,IN,0,5.0292,2.3017,1
audio09.TextGrid,14,16,it,102.010,102.150,6.95,2,PRP,0,4.1390,1.5163,1
audio09.TextGrid,14,17,rose,102.150,102.520,4.82,3,VBD,0,6.6615,2.3100,1
audio09.TextGrid,14,18,clear,102.520,102.970,5.25,4,JJ,0,8.5952,8.5079,1
audio09.TextGrid,14,19,the,103.300,103.400,7.73,2,DT,0,3.4420,0.8991,1
audio09.TextGrid,14,20,flat,103.400,103.710,4.72,4,JJ,0,8.6290,9.2396,1
audio09.TextGrid,14,21,sea,103.710,104.080,5.06,2,NN,0,9.0787,5.6157,1
audio09.TextGrid,14,22,sent,104.080,104.350,5.16,4,VBD,0,11.2200,8.6345,1
audio09.TextGrid,14,23,it,104.350,104.460,6.95,2,PRP,0,5.7775,4.3407,1
audio09.TextGrid,14,24,back,104.500,104.780,6.04,3,RP,0,7.7952,2.5061,1
audio09.TextGrid,14,25,at,104.780,104.860,6.7,2,IN,0,4.8449,5.1646,1
audio09.TextGrid,14,26,his,104.860,105.010,6.51,3,PRP$,0,5.3321,4.4286,1
audio09.TextGrid,14,27,eyes,105.010,105.580,5.21,2,NNS,0,9.6188,5.0908,1
audio09.TextGrid,14,28,so,105.640,105.800,6.52,2,IN,0,6.4461,5.0911,1
audio09.TextGrid,14,29,that,105.800,105.960,7.01,3,IN,0,4.6374,0.3458,1
audio09.TextGrid,14,30,it,105.960,106.040,6.95,2,PRP,0,4.3109,3.6083,1
audio09.TextGrid,14,31,hurt,106.040,106.310,4.94,3,VBD,0,8.5191,6.6110,1
audio09.TextGrid,14,32,sharply,106.310,106.920,3.89,6,RB,0,8.0851,8.9688,1
audio09.TextGrid,15,1,and,107.330,107.390,7.41,2,CC,0,3.7036,1.3283,1
audio09.TextGrid,15,2,he,107.390,107.510,6.69,2,PRP,0,4.7461,1.7912,1
audio09.TextGrid,15,3,rowed,107.510,107.820,2.78,3,VBD,1,3.3478,11.1111,1
audio09.TextGrid,15,4,without,107.820,108.210,5.69,5,IN,0,7.6266,5.9782,1
audio09.TextGrid,15,5,looking,108.210,108.490,5.57,5,VBG,0,9.5020,2.7408,1
audio09.TextGrid,15,6,into,108.490,108.780,6.11,4,IN,0,6.7889,5.1254,1
audio09.TextGrid,15,7,it,108.780,108.980,6.95,2,PRP,0,3.8210,1.5574,1
audio09.TextGrid,16,1,he,110.180,110.290,6.69,2,PRP,0,4.5353,1.8237,1
audio09.TextGrid,16,2,looked,110.290,110.490,5.11,4,VBD,0,9.9807,2.8319,1
audio09.TextGrid,16,3,down,110.490,110.720,5.88,3,RB,0,6.2006,2.2845,1
audio09.TextGrid,16,4,into,110.720,110.860,6.11,4,IN,0,6.7241,3.1719,1
audio09.TextGrid,16,5,the,110.860,110.940,7.73,2,DT,0,1.7135,0.1604,1
audio09.TextGrid,16,6,water,110.940,111.360,5.52,4,NN,0,8.3745,2.0721,1
audio09.TextGrid,16,7,and,111.360,111.440,7.41,2,CC,0,4.3957,0.7532,1
audio09.TextGrid,16,8,watched,111.440,111.840,4.72,4,VBD,0,11.7179,5.4548,1
audio09.TextGrid,16,9,the,111.840,111.950,7.73,2,DT,0,3.1718,0.8945,1
audio09.TextGrid,16,10,lines,111.950,112.440,4.95,4,NNS,0,9.0632,5.9660,1
audio09.TextGrid,16,11,that,112.440,112.600,7.01,3,WDT,0,4.3932,3.5306,1
audio09.TextGrid,16,12,went,112.600,112.790,5.5,4,VBD,0,9.5000,3.7729,1
audio09.TextGrid,16,13,straight,112.790,113.160,5.04,5,RB,0,9.3843,3.7008,1
audio09.TextGrid,16,14,down,113.160,113.440,5.88,3,RB,0,6.9772,1.9620,1
audio09.TextGrid,16,15,into,113.440,113.590,6.11,4,IN,0,6.6260,3.5532,1
audio09.TextGrid,16,16,the,113.590,113.710,7.73,2,DT,0,1.7266,0.1121,1
audio09.TextGrid,16,17,dark,113.710,114.010,5.04,4,NN,0,10.7246,5.6312,1
audio09.TextGrid,16,18,of,114.010,114.120,7.4,2,IN,0,4.9792,4.9509,1
audio09.TextGrid,16,19,the,114.120,114.180,7.73,2,DT,0,1.7033,0.1256,1
audio09.TextGrid,16,20,water,114.180,114.620,5.52,4,NN,0,8.3670,2.0959,1
audio09.TextGrid,17,1,he,115.160,115.260,6.69,2,PRP,0,4.5353,1.6421,1
audio09.TextGrid,17,2,kept,115.260,115.490,5.0,4,VBD,0,7.9405,4.9469,1
audio09.TextGrid,17,3,them,115.490,115.640,6.19,3,PRP,0,6.8502,5.1642,1
audio09.TextGrid,17,4,straighter,115.640,116.060,2.68,6,JJR,1,6.2259,7.6400,1
audio09.TextGrid,17,5,than,116.060,116.200,6.13,3,IN,0,5.7352,2.0093,1
audio09.TextGrid,17,6,anyone,116.200,116.570,5.38,6,NN,0,10.2999,5.9679,1
audio09.TextGrid,17,7,did,116.570,116.820,5.96,3,VBD,0,7.6816,5.1111,1
audio09.TextGrid,17,8,so,117.280,117.420,6.52,2,RB,0,6.0448,2.9088,1
audio09.TextGrid,17,9,that,117.420,117.580,7.01,3,IN,0,4.6020,0.5493,1
audio09.TextGrid,17,10,at,117.580,117.670,6.7,2,IN,0,6.4632,4.2907,1
audio09.TextGrid,17,11,each,117.670,117.930,5.69,2,DT,0,6.4931,3.4602,1
audio09.TextGrid,17,12,level,117.930,118.220,5.41,5,NN,0,7.1987,5.0536,1
audio09.TextGrid,17,13,in,118.220,118.300,7.27,2,IN,0,3.5152,4.9202,1
audio09.TextGrid,17,14,the,118.300,118.370,7.73,2,DT,0,1.7078,0.2313,1
audio09.TextGrid,17,15,darkness,118.370,118.850,4.3,7,NN,1,4.1380,5.8334,1
audio09.TextGrid,17,16,of,118.850,118.930,7.4,2,IN,0,3.0684,3.5127,1
audio09.TextGrid,17,17,the,118.930,119.020,7.73,2,DT,0,1.6973,0.1381,1
audio09.TextGrid,17,18,stream,119.020,119.490,4.62,5,NN,0,10.2361,3.6291,1
audio09.TextGrid,17,19,there,119.710,119.860,6.31,3,EX,0,7.3909,2.5607,1
audio09.TextGrid,17,20,would,119.860,119.970,6.27,3,MD,0,5.0053,2.3693,1
audio09.TextGrid,17,21,be,119.970,120.120,6.79,2,VB,0,3.7167,0.1513,1
audio09.TextGrid,17,22,a,120.120,120.160,7.36,1,DT,0,3.1548,1.4906,1
audio09.TextGrid,17,23,bait,120.160,120.580,3.85,3,NN,1,4.1391,8.9405,1
audio09.TextGrid,17,24,waiting,120.580,120.900,5.06,5,VBG,0,10.8723,6.1787,1
audio09.TextGrid,17,25,exactly,120.900,121.500,5.15,8,RB,0,10.8136,9.7631,1
audio09.TextGrid,17,26,where,121.500,121.740,6.0,3,WRB,0,7.7499,1.4604,1
audio09.TextGrid,17,27,he,121.740,121.850,6.69,2,PRP,0,4.6624,0.6597,1
audio09.TextGrid,17,28,wished,121.850,122.180,4.0,4,VBD,1,3.3866,4.1256,1
audio09.TextGrid,17,29,it,122.180,122.280,6.95,2,PRP,0,4.5180,1.4259,1
audio09.TextGrid,17,30,to,122.280,122.360,7.43,2,TO,0,3.2096,0.4694,1
audio09.TextGrid,17,31,be,122.360,122.640,6.79,2,VB,0,4.4043,0.4468,1
audio09.TextGrid,17,32,for,122.640,122.890,7.01,3,IN,0,4.3565,4.8720,1
audio09.TextGrid,17,33,any,122.890,123.080,6.07,3,DT,0,5.5165,4.4374,1
audio09.TextGrid,17,34,fish,123.080,123.400,4.9,3,NN,1,4.1413,4.1818,1
audio09.TextGrid,17,35,that,123.400,123.590,7.01,3,IN,0,3.9053,2.0817,1
audio09.TextGrid,17,36,swam,123.590,124.000,3.34,4,NN,1,5.9045,6.1003,1
audio09.TextGrid,18,1,there,124.000,124.260,6.31,3,EX,0,5.7321,3.9341,1
audio09.TextGrid,18,2,others,125.000,125.350,5.42,4,NNS,0,10.5707,8.3532,1
audio09.TextGrid,18,3,let,125.350,125.470,5.6,3,VB,0,8.0388,7.1026,1
audio09.TextGrid,18,4,them,125.470,125.610,6.19,3,PRP,0,6.5644,2.3548,1
audio09.TextGrid,18,5,drift,125.610,125.930,3.82,5,VB,0,11.5280,4.5642,1
audio09.TextGrid,18,6,with,125.930,126.020,6.85,3,IN,0,5.2757,4.0851,1
audio09.TextGrid,18,7,the,126.020,126.110,7.73,2,DT,0,1.7233,1.0619,1
audio09.TextGrid,18,8,current,126.110,126.560,5.27,6,JJ,0,7.1638,0.8358,1
audio09.TextGrid,19,1,and,127.020,127.110,7.41,2,CC,0,3.7036,1.2914,1
audio09.TextGrid,19,2,sometimes,127.110,127.600,5.28,7,RB,0,7.6458,3.7612,1
audio09.TextGrid,19,3,they,127.600,127.740,6.5,2,PRP,0,7.0201,1.3422,1
audio09.TextGrid,19,4,were,127.740,127.880,6.34,2,VBD,0,4.6535,3.2176,1
audio09.TextGrid,19,5,at,127.880,127.980,6.7,2,IN,0,5.1440,4.3637,1
audio09.TextGrid,19,6,sixty,127.980,128.370,3.93,6,NN,1,5.8179,4.5866,1
audio09.TextGrid,19,7,fathoms,128.370,128.900,2.49,6,NNS,1,5.5921,1.6983,1
audio09.TextGrid,19,8,when,128.900,129.020,6.37,3,WRB,0,5.7797,3.8386,1
audio09.TextGrid,19,9,the,129.020,129.090,7.73,2,DT,0,1.9538,1.0701,1
audio09.TextGrid,19,10,fishermen,129.090,129.530,3.65,7,NNS,1,6.4530,6.5417,1
audio09.TextGrid,19,11,thought,129.530,129.710,5.59,3,VBD,0,8.0829,5.7507,1
audio09.TextGrid,19,12,they,129.710,129.870,6.5,2,PRP,0,5.4485,0.8076,1
audio09.TextGrid,19,13,were,129.870,130.050,6.34,2,VBD,0,5.4666,0.7588,1
audio09.TextGrid,19,14,at,130.050,130.150,6.7,2,IN,0,5.0858,3.0307,1
audio09.TextGrid,19,15,a,130.150,130.230,7.36,1,DT,0,2.6176,2.8637,1
audio09.TextGrid,19,16,hundred,130.230,130.700,4.71,7,JJ,0,10.8515,2.9177,1
audio09.TextGrid,20,1,but,131.760,132.150,6.63,3,CC,0,5.3198,3.1751,1
audio09.TextGrid,20,2,he,132.260,132.380,6.69,2,PRP,0,4.7447,3.3478,1
audio09.TextGrid,20,3,thought,132.380,132.740,5.59,3,VBD,0,7.8813,1.0289,1
audio09.TextGrid,20,4,i,133.420,133.510,7.09,1,RB,0,6.2896,4.5454,1
audio09.TextGrid,20,5,keep,133.510,133.780,5.66,3,VB,0,8.0479,5.6295,1
audio09.TextGrid,20,6,them,133.780,133.980,6.19,3,PRP,0,6.5155,1.5018,1
audio09.TextGrid,20,7,with,133.980,134.120,6.85,3,IN,0,4.7450,4.8225,1
audio09.TextGrid,20,8,precision,134.120,134.710,4.01,8,NN,1,5.7893,10.3967,1
audio09.TextGrid,21,1,only,135.600,135.910,6.12,4,RB,0,6.6217,5.9333,1
audio09.TextGrid,21,2,i,135.910,136.050,7.09,1,NN,0,6.4086,4.1016,1
audio09.TextGrid,21,3,have,136.050,136.250,6.71,3,VBP,0,4.1165,2.6842,1
audio09.TextGrid,21,4,no,136.250,136.400,6.35,2,DT,0,6.3868,3.9838,1
audio09.TextGrid,21,5,luck,136.400,136.610,4.91,3,NN,0,10.4458,5.1168,1
audio09.TextGrid,21,6,any,136.610,136.780,6.07,3,DT,0,7.7925,6.8299,1
audio09.TextGrid,21,7,more,136.780,137.090,6.36,3,JJR,0,6.0723,1.4827,1
audio09.TextGrid,22,1,but,138.070,138.200,6.63,3,CC,0,5.3198,4.4128,1
audio09.TextGrid,22,2,who,138.200,138.360,6.34,2,WP,0,6.8356,6.7329,1
audio09.TextGrid,22,3,knows,138.360,139.020,5.07,3,VBZ,0,8.9291,1.4730,1
audio09.TextGrid,22,4,maybe,139.100,139.350,5.45,4,RB,0,9.4304,3.2308,1
audio09.TextGrid,22,5,today,139.350,139.610,5.55,4,NN,0,9.7948,6.8728,1
audio09.TextGrid,23,1,every,139.610,139.910,5.79,4,DT,0,7.2471,5.9849,1
audio09.TextGrid,23,2,day,140.640,141.200,5.95,2,NN,0,7.0802,1.1246,1
audio09.TextGrid,23,3,is,141.200,141.330,7.07,2,VBZ,0,3.6297,4.1741,1
audio09.TextGrid,23,4,a,141.330,141.390,7.36,1,DT,0,3.5077,1.1899,1
audio09.TextGrid,23,5,new,141.390,141.560,6.25,3,JJ,0,5.0793,2.1901,1
audio09.TextGrid,23,6,day,141.560,141.930,5.95,2,NN,0,7.2645,0.8235,1
audio09.TextGrid,24,1,it,142.390,142.520,6.95,2,PRP,0,3.8912,3.0718,1
audio09.TextGrid,24,2,is,142.520,142.650,7.07,2,VBZ,0,3.3590,0.6742,1
audio09.TextGrid,24,3,better,142.650,142.900,5.76,4,RBR,0,8.0665,4.7530,1
audio09.TextGrid,24,4,to,142.900,143.000,7.43,2,TO,0,3.8960,0.6939,1
audio09.TextGrid,24,5,be,143.000,143.140,6.79,2,VB,0,5.2830,1.8100,1
audio09.TextGrid,24,6,lucky,143.140,143.580,4.77,4,JJ,0,11.4197,5.1640,1
audio09.TextGrid,25,1,but,144.020,144.140,6.63,3,CC,0,5.3198,3.4299,1
audio09.TextGrid,25,2,i,144.140,144.260,7.09,1,NN,0,5.7238,2.0437,1
audio09.TextGrid,25,3,would,144.260,144.460,6.27,3,MD,0,4.4830,4.6563,1
audio09.TextGrid,25,4,rather,144.460,144.670,5.32,4,RB,0,8.2344,2.2904,1
audio09.TextGrid,25,5,be,144.670,144.870,6.79,2,VB,0,4.4482,1.0831,1
audio09.TextGrid,25,6,exact,144.870,145.470,4.51,6,JJ,0,9.6327,9.0353,1
audio09.TextGrid,26,1,then,145.820,146.220,6.07,3,RB,0,7.4856,5.6101,1
audio09.TextGrid,26,2,when,146.410,146.580,6.37,3,WRB,0,7.3407,3.9603,1
audio09.TextGrid,26,3,luck,146.580,146.840,4.91,3,NN,0,12.2359,8.5895,1
audio09.TextGrid,26,4,comes,146.840,147.410,5.36,4,VBZ,0,8.4942,2.4475,1
audio09.TextGrid,26,5,you,147.410,147.560,6.98,2,PRP,0,6.4008,4.2523,1
audio09.TextGrid,26,6,are,147.560,147.680,6.74,2,VBP,0,4.8616,2.5951,1
audio09.TextGrid,26,7,ready,147.680,148.050,5.28,4,JJ,0,10.9814,4.6760,1
audio09.TextGrid,27,1,the,150.270,150.360,7.73,2,DT,0,1.8241,2.7923,1
audio09.TextGrid,27,2,sun,150.360,150.660,4.97,3,NN,0,10.3570,3.3528,1
audio09.TextGrid,27,3,was,150.660,150.830,6.82,3,VBD,0,5.5024,2.6275,1
audio09.TextGrid,27,4,two,150.830,151.040,6.1,2,CD,0,6.8044,7.7430,1
audio09.TextGrid,27,5,hours,151.040,151.350,5.4,3,NNS,0,8.3111,2.6427,1
audio09.TextGrid,27,6,higher,151.350,151.660,5.18,3,RBR,0,7.7918,4.8645,1
audio09.TextGrid,27,7,now,151.660,152.010,6.18,2,RB,0,6.8960,3.3419,1
audio09.TextGrid,27,8,and,152.010,152.150,7.41,3,CC,0,3.7074,0.6949,1
audio09.TextGrid,27,9,it,152.150,152.210,6.95,2,PRP,0,5.8165,2.8135,1
audio09.TextGrid,27,10,did,152.210,152.410,5.96,3,VBD,0,6.0207,4.2689,1
audio09.TextGrid,27,11,not,152.410,152.610,6.69,3,RB,0,5.4589,0.3435,1
audio09.TextGrid,27,12,hurt,152.610,152.760,4.94,3,VB,0,7.9402,3.7283,1
audio09.TextGrid,27,13,his,152.760,152.910,6.51,3,PRP$,0,6.4552,5.5459,1
audio09.TextGrid,27,14,eyes,152.910,153.200,5.21,2,NNS,0,9.6341,0.7089,1
audio09.TextGrid,27,15,so,153.200,153.350,6.52,2,RB,0,6.4349,4.0097,1
audio09.TextGrid,27,16,much,153.350,153.590,6.0,3,JJ,0,6.9534,0.3664,1
audio09.TextGrid,27,17,to,153.590,153.700,7.43,2,TO,0,3.7298,4.7558,1
audio09.TextGrid,27,18,look,153.700,153.890,5.81,3,VB,0,7.9085,1.5791,1
audio09.TextGrid,27,19,into,153.890,154.060,6.11,4,IN,0,6.6639,2.7289,1
audio09.TextGrid,27,20,the,154.060,154.220,7.73,2,DT,0,1.7149,0.4380,1
audio09.TextGrid,27,21,east,154.220,154.640,5.16,3,NN,0,8.6365,8.0212,1
audio09.TextGrid,28,1,there,155.700,155.820,6.31,3,EX,0,5.7321,3.9685,1
audio09.TextGrid,28,2,were,155.820,155.940,6.34,2,VBD,0,4.5868,1.3371,1
audio09.TextGrid,28,3,only,155.940,156.180,6.12,4,RB,0,6.0839,4.2500,1
audio09.TextGrid,28,4,three,156.180,156.470,5.78,3,CD,0,7.9947,2.3583,1
audio09.TextGrid,28,5,boats,156.470,156.810,4.25,4,NNS,1,5.8323,3.1542,1
audio09.TextGrid,28,6,in,156.810,156.930,7.27,2,IN,0,3.1491,2.0281,1
audio09.TextGrid,28,7,sight,156.930,157.280,4.54,3,NN,0,11.8967,3.5646,1
audio09.TextGrid,28,8,now,157.280,157.600,6.18,2,RB,0,7.6823,3.7532,1
audio09.TextGrid,28,9,and,157.810,157.920,7.41,2,CC,0,3.5287,0.9303,1
audio09.TextGrid,28,10,they,157.920,158.070,6.5,2,PRP,0,6.3566,2.0484,1
audio09.TextGrid,28,11,showed,158.070,158.420,4.86,3,VBD,0,7.6601,7.2710,1
audio09.TextGrid,28,12,very,158.420,158.730,6.0,4,RB,0,7.0314,4.9306,1
audio09.TextGrid,28,13,low,158.730,159.110,5.33,2,JJ,0,7.8296,5.3885,1
audio09.TextGrid,28,14,and,159.110,159.240,7.41,3,CC,0,3.6757,2.9253,1
audio09.TextGrid,28,15,far,159.240,159.570,5.5,3,RB,0,7.0899,5.2514,1
audio09.TextGrid,28,16,inshore,159.570,160.150,2.7,5,NN,1,6.6185,10.4701,1
audio09.TextGrid,29,1,all,161.830,162.020,6.52,2,DT,0,5.5566,4.3026,1
audio09.TextGrid,29,2,my,162.020,162.230,6.57,2,PRP$,0,10.6483,6.3697,1
audio09.TextGrid,29,3,life,162.230,162.540,5.89,3,NN,0,7.7026,2.3450,1
audio09.TextGrid,29,4,the,162.610,162.760,7.73,2,DT,0,3.9897,4.0687,1
audio09.TextGrid,29,5,early,162.760,163.010,5.43,3,JJ,0,7.3301,8.7596,1
audio09.TextGrid,29,6,sun,163.010,163.250,4.97,3,NN,0,11.1532,5.1983,1
audio09.TextGrid,29,7,has,163.250,163.440,6.37,3,VBZ,0,7.3987,2.2768,1
audio09.TextGrid,29,8,hurt,163.440,163.660,4.94,3,VBN,0,8.5731,5.5038,1
audio09.TextGrid,29,9,my,163.660,163.850,6.57,2,PRP$,0,8.1764,1.4622,1
audio09.TextGrid,29,10,eyes,163.850,164.280,5.21,2,NNS,0,9.6340,0.2398,1
audio09.TextGrid,29,11,he,164.490,164.610,6.69,2,PRP,0,6.5306,3.4594,1
audio09.TextGrid,29,12,thought,164.610,165.020,5.59,3,VBD,0,8.7666,0.1213,1
audio09.TextGrid,30,1,yet,165.520,165.700,5.54,3,RB,0,7.8867,6.3881,1
audio09.TextGrid,30,2,they,165.700,165.840,6.5,2,PRP,0,5.2930,3.6193,1
audio09.TextGrid,30,3,are,165.840,165.950,6.74,1,VBP,0,3.9817,1.8561,1
audio09.TextGrid,30,4,still,165.950,166.290,5.92,4,RB,0,6.7157,1.6262,1
audio09.TextGrid,30,5,good,166.290,166.730,6.12,3,JJ,0,6.9354,4.0453,1
audio09.TextGrid,31,1,in,167.280,167.380,7.27,2,IN,0,4.1039,4.1340,1
audio09.TextGrid,31,2,the,167.380,167.470,7.73,2,DT,0,1.7509,1.0074,1
audio09.TextGrid,31,3,evening,167.470,167.920,4.86,5,NN,0,8.8529,3.4586,1
audio09.TextGrid,31,4,i,167.920,168.010,7.09,1,NN,0,6.3716,2.4901,1
audio09.TextGrid,31,5,can,168.010,168.190,6.46,3,MD,0,5.3521,3.7831,1
audio09.TextGrid,31,6,look,168.190,168.350,5.81,3,VB,0,7.4382,3.5857,1
audio09.TextGrid,31,7,straight,168.350,168.700,5.04,5,RB,0,9.3245,4.1501,1
audio09.TextGrid,31,8,into,168.700,168.960,6.11,4,IN,0,6.8113,1.4682,1
audio09.TextGrid,31,9,it,168.960,169.080,6.95,2,PRP,0,3.8246,5.1385,1
audio09.TextGrid,31,10,without,169.080,169.320,5.69,5,IN,0,7.1405,4.5374,1
audio09.TextGrid,31,11,getting,169.320,169.640,5.57,5,VBG,0,9.4695,4.0540,1
audio09.TextGrid,31,12,the,169.640,169.710,7.73,2,DT,0,2.3304,3.9385,1
audio09.TextGrid,31,13,blackness,169.710,170.330,3.09,7,NN,1,4.1365,8.6965,1
audio09.TextGrid,32,1,it,171.020,171.110,6.95,2,PRP,0,3.8912,2.7901,1
audio09.TextGrid,32,2,has,171.110,171.290,6.37,3,VBZ,0,4.0433,3.5082,1
audio09.TextGrid,32,3,more,171.290,171.510,6.36,3,JJR,0,5.7179,6.2164,1
audio09.TextGrid,32,4,force,171.510,171.860,5.23,4,NN,0,9.1765,6.3507,1
audio09.TextGrid,32,5,in,171.860,171.960,7.27,2,IN,0,3.6993,2.6826,1
audio09.TextGrid,32,6,the,171.960,172.040,7.73,2,DT,0,1.7595,1.5771,1
audio09.TextGrid,32,7,evening,172.040,172.410,4.86,5,NN,0,8.8508,4.1537,1
audio09.TextGrid,32,8,too,172.410,172.790,5.95,2,RB,0,8.5021,7.1258,1
audio09.TextGrid,32,9,but,173.530,173.660,6.63,3,CC,0,5.1293,3.2112,1
audio09.TextGrid,32,10,in,173.660,173.750,7.27,2,IN,0,2.8953,3.3109,1
audio09.TextGrid,32,11,the,173.750,173.820,7.73,2,DT,0,1.7611,0.1625,1
audio09.TextGrid,32,12,morning,173.820,174.290,5.33,6,NN,0,8.8497,0.9216,1
audio09.TextGrid,32,13,it,174.290,174.380,6.95,2,PRP,0,6.1021,1.6688,1
audio09.TextGrid,32,14,is,174.380,174.490,7.07,2,VBZ,0,3.9287,1.3224,1
audio09.TextGrid,32,15,painful,174.490,175.060,4.32,6,JJ,1,5.8666,7.3228,1
audio10.TextGrid,1,1,just,1.130,1.380,6.43,3,RB,0,7.1407,6.1073,1
audio10.TextGrid,1,2,then,1.380,1.650,6.07,3,RB,0,6.6148,3.9210,1
audio10.TextGrid,1,3,he,1.650,1.770,6.69,2,PRP,0,5.8995,2.8273,1
audio10.TextGrid,1,4,saw,1.770,2.020,5.34,2,VBD,0,8.2579,2.3106,1
audio10.TextGrid,1,5,a,2.020,2.050,7.36,1,DT,0,3.3278,1.4249,1
audio10.TextGrid,1,6,man,2.050,2.280,5.82,3,NN,0,7.6838,3.6278,1
audio10.TextGrid,1,7,of,2.280,2.420,7.4,2,IN,0,3.2144,3.5256,1
audio10.TextGrid,1,8,war,2.420,2.640,5.46,3,NN,0,9.2731,1.4029,1
audio10.TextGrid,1,9,bird,2.640,3.040,4.63,3,NN,1,5.6921,8.7456,1
audio10.TextGrid,1,10,with,3.040,3.200,6.85,3,IN,0,5.3226,3.1197,1
audio10.TextGrid,1,11,his,3.200,3.360,6.51,3,PRP$,0,5.3140,2.7092,1
audio10.TextGrid,1,12,long,3.360,3.660,5.81,3,JJ,0,7.8757,4.4465,1
audio10.TextGrid,1,13,black,3.660,3.970,5.46,4,JJ,0,9.2976,2.8958,1
audio10.TextGrid,1,14,wings,3.970,4.490,4.44,4,NNS,0,10.5099,2.3116,1
audio10.TextGrid,1,15,circling,4.600,5.100,3.33,6,VBG,1,7.7295,6.0675,1
audio10.TextGrid,1,16,in,5.100,5.190,7.27,2,IN,0,3.3771,2.6016,1
audio10.TextGrid,1,17,the,5.190,5.270,7.73,2,DT,0,1.7084,0.4881,1
audio10.TextGrid,1,18,sky,5.270,5.710,4.72,3,NN,0,10.2366,2.4365,1
audio10.TextGrid,1,19,ahead,5.710,5.890,5.01,4,RB,0,9.3110,7.2280,1
audio10.TextGrid,1,20,of,5.890,6.000,7.4,2,IN,0,3.2391,0.5877,1
audio10.TextGrid,1,21,him,6.000,6.280,6.11,3,PRP,0,7.4269,0.4457,1
audio10.TextGrid,2,1,he,7.030,7.130,6.69,2,PRP,0,4.5353,1.1571,1
audio10.TextGrid,2,2,made,7.130,7.340,5.92,3,VBD,0,5.8867,5.1351,1
audio10.TextGrid,2,3,a,7.340,7.380,7.36,1,DT,0,3.6100,1.0066,1
audio10.TextGrid,2,4,quick,7.380,7.640,4.98,4,JJ,0,9.6247,4.4169,1
audio10.TextGrid,2,5,drop,7.650,8.050,4.99,4,NN,0,7.3736,6.1840,1
audio10.TextGrid,2,6,slanting,8.190,8.680,2.25,7,VBG,1,7.6778,13.0140,1
audio10.TextGrid,2,7,down,8.680,9.030,5.88,3,RP,0,6.3741,2.2629,1
audio10.TextGrid,2,8,on,9.030,9.160,6.91,2,IN,0,4.9199,3.7581,1
audio10.TextGrid,2,9,his,9.160,9.390,6.51,3,PRP$,0,5.3392,1.5095,1
audio10.TextGrid,2,10,back,9.390,9.660,6.04,3,NN,0,9.0290,2.6844,1
audio10.TextGrid,2,11,swept,9.660,9.950,3.94,5,NN,1,5.0513,6.6813,1
audio10.TextGrid,2,12,wings,9.950,10.360,4.44,4,NNS,0,10.9317,3.8849,1
audio10.TextGrid,2,13,and,10.690,10.780,7.41,2,CC,0,4.1959,0.8951,1
audio10.TextGrid,2,14,then,10.780,10.980,6.07,3,RB,0,7.8543,2.6352,1
audio10.TextGrid,2,15,circled,10.980,11.370,3.17,6,VBD,1,4.5059,7.0653,1
audio10.TextGrid,2,16,again,11.370,11.780,5.7,4,RB,0,7.6612,2.9870,1
audio10.TextGrid,3,1,he,13.310,13.460,6.69,2,PRP,0,4.5353,3.6186,1
audio10.TextGrid,3,2,s,13.460,13.520,5.86,1,VBZ,1,3.3590,2.3957,1
audio10.TextGrid,3,3,got,13.520,13.780,5.91,3,VBD,0,7.9927,3.7842,1
audio10.TextGrid,3,4,something,13.780,14.270,5.81,6,NN,0,10.0755,4.1567,1
audio10.TextGrid,3,5,the,14.460,14.590,7.73,2,DT,0,4.2803,2.5353,1
audio10.TextGrid,3,6,old,14.590,14.790,5.75,3,JJ,0,7.3333,1.7334,1
audio10.TextGrid,3,7,man,14.790,15.010,5.82,3,NN,0,7.7138,0.0760,1
audio10.TextGrid,3,8,said,15.010,15.210,6.01,3,VBD,0,4.5644,0.2209,1
audio10.TextGrid,4,1,aloud,15.210,15.660,3.51,4,NN,1,5.9246,6.6999,1
audio10.TextGrid,4,2,he,16.250,16.360,6.69,2,PRP,0,7.2668,1.8488,1
audio10.TextGrid,4,3,s,16.360,16.430,5.86,1,VBZ,1,3.5546,0.8580,1
audio10.TextGrid,4,4,not,16.430,16.640,6.69,3,RB,0,5.6593,4.0153,1
audio10.TextGrid,4,5,just,16.640,16.870,6.43,4,RB,0,6.6723,5.0390,1
audio10.TextGrid,4,6,looking,16.870,17.260,5.57,5,VBG,0,8.8296,4.1874,1
audio10.TextGrid,5,1,he,18.790,18.890,6.69,2,PRP,0,4.5353,2.4862,1
audio10.TextGrid,5,2,rowed,18.890,19.200,2.78,3,VBD,1,3.3819,10.5086,1
audio10.TextGrid,5,3,slowly,19.200,19.680,4.63,5,RB,0,9.0341,3.2381,1
audio10.TextGrid,5,4,and,19.680,19.800,7.41,3,CC,0,3.9170,1.6656,1
audio10.TextGrid,5,5,steadily,19.800,20.310,3.84,7,RB,0,9.9875,5.2119,1
audio10.TextGrid,5,6,toward,20.310,20.730,4.72,6,IN,0,9.3284,3.9843,1
audio10.TextGrid,5,7,where,20.730,20.870,6.0,3,WRB,0,8.5780,5.5355,1
audio10.TextGrid,5,8,the,20.870,20.960,7.73,2,DT,0,2.0267,0.6690,1
audio10.TextGrid,5,9,bird,20.960,21.260,4.63,3,NN,1,4.1363,2.8837,1
audio10.TextGrid,5,10,was,21.260,21.370,6.82,3,VBD,0,4.1859,0.6327,1
audio10.TextGrid,5,11,circling,21.370,21.980,3.33,6,VBG,1,7.4991,3.5757,1
audio10.TextGrid,6,1,he,22.460,22.570,6.69,2,PRP,0,4.5353,1.6679,1
audio10.TextGrid,6,2,did,22.570,22.710,5.96,3,VBD,0,5.6940,3.5544,1
audio10.TextGrid,6,3,not,22.710,22.930,6.69,3,RB,0,5.4771,0.1168,1
audio10.TextGrid,6,4,hurry,22.930,23.300,4.14,3,VB,1,4.4982,6.4188,1
audio10.TextGrid,6,5,and,23.300,23.410,7.41,3,CC,0,4.0890,2.2406,1
audio10.TextGrid,6,6,he,23.410,23.500,6.69,2,PRP,0,6.4857,2.0567,1
audio10.TextGrid,6,7,kept,23.500,23.790,5.0,4,VBD,0,8.6543,3.4933,1
audio10.TextGrid,6,8,his,23.790,23.930,6.51,3,PRP$,0,6.2526,1.6409,1
audio10.TextGrid,6,9,lines,23.930,24.350,4.95,4,NNS,0,8.5554,6.2247,1
audio10.TextGrid,6,10,straight,24.350,24.730,5.04,5,VBD,0,9.9574,0.7012,1
audio10.TextGrid,6,11,up,24.730,24.870,6.39,2,RB,0,6.2609,0.9825,1
audio10.TextGrid,6,12,and,24.870,24.970,7.41,2,CC,0,4.0839,0.4948,1
audio10.TextGrid,6,13,down,24.970,25.350,5.88,3,RB,0,6.6888,0.0504,1
audio10.TextGrid,7,1,but,25.960,26.090,6.63,3,CC,0,5.3198,3.1845,1
audio10.TextGrid,7,2,he,26.090,26.200,6.69,2,PRP,0,4.7447,1.7641,1
audio10.TextGrid,7,3,crowded,26.200,26.620,3.98,6,VBD,0,9.9526,9.8202,1
audio10.TextGrid,7,4,the,26.620,26.690,7.73,2,DT,0,3.0235,2.1907,1
audio10.TextGrid,7,5,current,26.690,27.030,5.27,5,JJ,0,7.1572,5.1328,1
audio10.TextGrid,7,6,a,27.030,27.080,7.36,1,DT,0,5.8664,4.7338,1
audio10.TextGrid,7,7,little,27.080,27.380,5.75,5,JJ,0,7.8658,0.5794,1
audio10.TextGrid,7,8,so,27.380,27.530,6.52,2,RB,0,7.5416,3.5348,1
audio10.TextGrid,7,9,that,27.530,27.660,7.01,3,IN,0,4.2376,0.1830,1
audio10.TextGrid,7,10,he,27.660,27.720,6.69,2,PRP,0,4.7516,1.9132,1
audio10.TextGrid,7,11,was,27.720,27.850,6.82,3,VBD,0,5.3541,3.2445,1
audio10.TextGrid,7,12,still,27.850,28.090,5.92,4,RB,0,6.6145,3.8238,1
audio10.TextGrid,7,13,fishing,28.090,28.420,4.47,5,VBG,1,7.2307,9.0131,1
audio10.TextGrid,7,14,correctly,28.420,28.970,4.21,7,RB,1,4.8250,8.6873,1
audio10.TextGrid,7,15,though,29.150,29.350,5.5,2,IN,0,7.5796,7.2797,1
audio10.TextGrid,7,16,faster,29.350,29.860,4.64,5,JJR,0,9.2400,7.9893,1
audio10.TextGrid,7,17,than,29.860,29.990,6.13,3,IN,0,5.8723,0.8369,1
audio10.TextGrid,7,18,he,29.990,30.050,6.69,2,PRP,0,4.9019,1.1668,1
audio10.TextGrid,7,19,would,30.050,30.200,6.27,3,MD,0,5.7911,3.0889,1
audio10.TextGrid,7,20,have,30.200,30.290,6.71,3,VB,0,3.8744,0.4380,1
audio10.TextGrid,7,21,fished,30.290,30.620,3.08,4,VBN,1,5.9217,9.3019,1
audio10.TextGrid,7,22,if,30.620,30.710,6.47,2,IN,0,5.3988,2.5357,1
audio10.TextGrid,7,23,he,30.710,30.800,6.69,2,PRP,0,4.4243,0.3752,1
audio10.TextGrid,7,24,was,30.800,30.960,6.82,3,VBD,0,5.8487,3.3869,1
audio10.TextGrid,7,25,not,30.960,31.180,6.69,3,RB,0,5.4416,2.2840,1
audio10.TextGrid,7,26,trying,31.180,31.410,5.47,4,VBG,0,7.7919,4.7568,1
audio10.TextGrid,7,27,to,31.410,31.510,7.43,2,TO,0,2.9530,0.4552,1
audio10.TextGrid,7,28,use,31.510,31.800,5.81,3,VB,0,6.7793,6.5973,1
audio10.TextGrid,7,29,the,31.800,31.870,7.73,2,DT,0,2.4574,1.3748,1
audio10.TextGrid,7,30,bird,31.870,32.320,4.63,3,NN,1,4.1387,7.5025,1
audio10.TextGrid,8,1,the,33.610,33.690,7.73,2,DT,0,1.8241,2.1616,1
audio10.TextGrid,8,2,bird,33.690,33.930,4.63,3,NN,1,4.1358,2.0593,1
audio10.TextGrid,8,3,went,33.930,34.160,5.5,4,VBD,0,7.4468,3.8778,1
audio10.TextGrid,8,4,higher,34.160,34.450,5.18,3,JJR,0,7.3117,5.9459,1
audio10.TextGrid,8,5,in,34.450,34.550,7.27,2,IN,0,3.5854,3.4308,1
audio10.TextGrid,8,6,the,34.550,34.790,7.73,2,DT,0,2.1681,0.1507,1
audio10.TextGrid,8,7,air,34.790,34.980,5.37,2,NN,0,8.7453,2.5289,1
audio10.TextGrid,8,8,and,34.980,35.110,7.41,3,CC,0,3.9969,0.5999,1
audio10.TextGrid,8,9,circled,35.110,35.460,3.17,6,VBD,1,6.0865,5.6407,1
audio10.TextGrid,8,10,again,35.460,35.880,5.7,4,RB,0,7.7219,2.8050,1
audio10.TextGrid,8,11,his,35.990,36.160,6.51,3,PRP$,0,7.3805,5.0404,1
audio10.TextGrid,8,12,wings,36.160,36.530,4.44,4,NNS,0,9.6182,2.3197,1
audio10.TextGrid,8,13,motionless,36.530,37.240,2.97,8,NN,1,6.2453,9.4200,1
audio10.TextGrid,9,1,then,38.090,38.260,6.07,3,RB,0,7.4856,2.1660,1
audio10.TextGrid,9,2,he,38.260,38.410,6.69,2,PRP,0,5.3385,0.9333,1
audio10.TextGrid,9,3,dove,38.410,38.740,3.67,3,VB,1,3.9476,6.5987,1
audio10.TextGrid,9,4,suddenly,38.740,39.230,4.69,7,RB,0,9.7490,7.4604,1
audio10.TextGrid,9,5,and,39.230,39.310,7.41,2,CC,0,3.9091,1.2042,1
audio10.TextGrid,9,6,the,39.310,39.410,7.73,2,DT,0,3.5037,3.0712,1
audio10.TextGrid,9,7,old,39.410,39.590,5.75,3,JJ,0,7.3381,2.5091,1
audio10.TextGrid,9,8,man,39.590,39.830,5.82,3,NN,0,7.7014,0.0225,1
audio10.TextGrid,9,9,saw,39.830,40.080,5.34,2,VBD,0,8.9258,2.2974,1
audio10.TextGrid,9,10,flying,40.080,40.520,4.71,5,VBG,1,7.5187,9.2748,1
audio10.TextGrid,9,11,fish,40.520,40.830,4.9,3,JJ,1,5.7211,3.0718,1
audio10.TextGrid,9,12,spurt,40.830,41.190,2.84,4,VBN,1,7.6288,12.8647,1
audio10.TextGrid,9,13,out,41.190,41.320,6.38,2,IN,0,6.2226,1.0990,1
audio10.TextGrid,9,14,of,41.320,41.410,7.4,2,IN,0,3.2696,1.3023,1
audio10.TextGrid,9,15,the,41.410,41.470,7.73,2,DT,0,1.7064,0.2998,1
audio10.TextGrid,9,16,water,41.470,41.880,5.52,4,NN,0,8.3742,0.8451,1
audio10.TextGrid,9,17,and,41.880,41.990,7.41,3,CC,0,4.0344,1.3936,1
audio10.TextGrid,9,18,sail,41.990,42.250,4.01,3,NN,1,5.6235,8.9532,1
audio10.TextGrid,9,19,desperately,42.250,42.890,3.98,9,RB,0,11.6716,9.2094,1
audio10.TextGrid,9,20,over,42.890,43.080,6.08,3,IN,0,6.6896,2.6767,1
audio10.TextGrid,9,21,the,43.080,43.180,7.73,2,DT,0,1.8330,0.5711,1
audio10.TextGrid,9,22,surface,43.180,43.780,4.83,5,NN,1,4.1436,4.0153,1
audio10.TextGrid,9,23,dolphin,44.700,45.330,3.67,6,VBZ,0,12.2817,10.0422,1
audio10.TextGrid,9,24,the,45.700,45.810,7.73,2,DT,0,4.7307,1.4493,1
audio10.TextGrid,9,25,old,45.810,46.030,5.75,3,JJ,0,7.3638,0.3901,1
audio10.TextGrid,9,26,man,46.030,46.280,5.82,3,NN,0,7.7171,0.0141,1
audio10.TextGrid,9,27,said,46.280,46.510,6.01,3,VBD,0,4.4691,0.2077,1
audio10.TextGrid,9,28,aloud,46.510,46.960,3.51,4,JJ,1,5.8194,3.2146,1
audio10.TextGrid,10,1,big,47.570,47.800,5.67,3,JJ,0,6.9353,8.0798,1
audio10.TextGrid,10,2,dolphin,47.800,48.310,3.67,6,NN,0,10.6070,3.5290,1
audio10.TextGrid,10,3,he,49.810,49.940,6.69,2,PRP,0,7.0803,2.4167,1
audio10.TextGrid,10,4,shipped,49.940,50.200,4.03,4,VBD,0,8.3798,11.7730,1
audio10.TextGrid,10,5,his,50.200,50.380,6.51,3,PRP$,0,6.6509,2.4714,1
audio10.TextGrid,10,6,oars,50.380,50.830,3.01,3,NNS,1,5.6081,7.7058,1
audio10.TextGrid,10,7,and,50.830,50.950,7.41,2,CC,0,4.3727,2.1192,1
audio10.TextGrid,10,8,brought,50.950,51.170,5.16,4,VBD,0,9.1613,5.0887,1
audio10.TextGrid,10,9,a,51.170,51.240,7.36,1,DT,0,3.5903,2.5472,1
audio10.TextGrid,10,10,small,51.240,51.660,5.51,4,JJ,0,6.8955,3.4905,1
audio10.TextGrid,10,11,line,51.660,51.930,5.49,3,NN,0,7.5205,6.7134,1
audio10.TextGrid,10,12,from,51.930,52.100,6.63,3,IN,0,4.7499,3.6708,1
audio10.TextGrid,10,13,under,52.100,52.270,5.73,4,IN,0,8.4915,5.6302,1
audio10.TextGrid,10,14,the,52.270,52.360,7.73,2,DT,0,1.8971,0.5443,1
audio10.TextGrid,10,15,bow,52.360,52.800,4.3,2,NN,1,4.1557,6.0109,1
audio10.TextGrid,11,1,it,53.470,53.560,6.95,2,PRP,0,3.8912,2.8564,1
audio10.TextGrid,11,2,had,53.560,53.690,6.33,3,VBD,0,4.7197,3.3122,1
audio10.TextGrid,11,3,a,53.690,53.720,7.36,1,DT,0,3.3456,1.5772,1
audio10.TextGrid,11,4,wire,53.720,54.150,4.43,3,NN,1,4.1408,7.8926,1
audio10.TextGrid,11,5,leader,54.150,54.540,4.95,4,NN,0,9.9362,9.9612,1
audio10.TextGrid,11,6,and,54.540,54.700,7.41,3,CC,0,4.5121,1.4205,1
audio10.TextGrid,11,7,a,54.700,54.740,7.36,1,DT,0,3.2516,1.4659,1
audio10.TextGrid,11,8,medium,54.740,55.150,4.61,6,NN,1,4.1377,8.5633,1
audio10.TextGrid,11,9,sized,55.150,55.610,4.27,4,VBN,1,5.7771,1.2178,1
audio10.TextGrid,11,10,hook,55.610,55.890,4.37,3,NN,0,12.0044,2.7395,1
audio10.TextGrid,12,1,and,56.380,56.510,7.41,2,CC,0,3.7036,1.7443,1
audio10.TextGrid,12,2,he,56.510,56.630,6.69,2,PRP,0,4.7461,2.7194,1
audio10.TextGrid,12,3,baited,56.630,57.020,2.78,5,VBD,1,3.3478,9.4227,1
audio10.TextGrid,12,4,it,57.020,57.170,6.95,2,PRP,0,4.5500,0.7549,1
audio10.TextGrid,12,5,with,57.170,57.310,6.85,3,IN,0,4.7132,1.1305,1
audio10.TextGrid,12,6,one,57.310,57.470,6.47,4,CD,0,5.7531,3.6177,1
audio10.TextGrid,12,7,of,57.470,57.550,7.4,2,IN,0,3.9312,1.0139,1
audio10.TextGrid,12,8,the,57.550,57.640,7.73,2,DT,0,1.7451,0.7632,1
audio10.TextGrid,12,9,sardines,57.640,58.470,2.93,7,NNS,1,6.4150,10.4772,1
audio10.TextGrid,13,1,he,59.290,59.400,6.69,2,PRP,0,4.5353,1.8542,1
audio10.TextGrid,13,2,let,59.400,59.550,5.6,3,VB,0,7.7261,4.8176,1
audio10.TextGrid,13,3,it,59.550,59.630,6.95,2,PRP,0,4.4574,0.6804,1
audio10.TextGrid,13,4,go,59.630,59.810,6.03,2,VB,0,8.5291,1.5104,1
audio10.TextGrid,13,5,over,59.810,60.060,6.08,3,IN,0,6.4912,4.3576,1
audio10.TextGrid,13,6,the,60.060,60.170,7.73,2,DT,0,1.9105,0.3199,1
audio10.TextGrid,13,7,side,60.170,60.640,5.5,3,NN,0,8.0423,4.2087,1
audio10.TextGrid,13,8,and,60.640,60.780,7.41,2,CC,0,4.3420,1.4467,1
audio10.TextGrid,13,9,then,60.780,60.960,6.07,3,RB,0,7.7878,2.6658,1
audio10.TextGrid,13,10,made,60.960,61.120,5.92,3,VBD,0,6.7120,4.8492,1
audio10.TextGrid,13,11,it,61.120,61.230,6.95,2,PRP,0,5.0358,2.5424,1
audio10.TextGrid,13,12,fast,61.230,61.630,5.13,4,VBZ,0,10.1906,4.3026,1
audio10.TextGrid,13,13,to,61.630,61.720,7.43,2,TO,0,3.8275,2.4093,1
audio10.TextGrid,13,14,a,61.720,61.800,7.36,1,DT,0,3.3031,3.7736,1
audio10.TextGrid,13,15,ring,61.800,62.030,4.81,3,NN,0,13.7307,7.9728,1
audio10.TextGrid,13,16,bolt,62.030,62.340,4.04,4,NN,1,6.3226,10.5935,1
audio10.TextGrid,13,17,in,62.340,62.430,7.27,2,IN,0,3.3865,3.4033,1
audio10.TextGrid,13,18,the,62.430,62.530,7.73,2,DT,0,1.7102,0.3165,1
audio10.TextGrid,13,19,stern,62.530,63.070,3.9,4,NN,0,11.0440,5.8783,1
audio10.TextGrid,14,1,then,64.120,64.380,6.07,3,RB,0,7.4856,2.1384,1
audio10.TextGrid,14,2,he,64.380,64.560,6.69,2,PRP,0,5.3385,0.3377,1
audio10.TextGrid,14,3,baited,64.560,64.950,2.78,5,VBD,1,3.4135,6.5337,1
audio10.TextGrid,14,4,another,64.950,65.270,5.74,5,DT,0,7.0576,3.6134,1
audio10.TextGrid,14,5,line,65.270,65.650,5.49,3,NN,0,7.6725,1.2716,1
audio10.TextGrid,14,6,and,65.650,65.890,7.41,3,CC,0,4.4984,1.6884,1
audio10.TextGrid,14,7,left,65.890,66.190,5.62,4,VBD,0,8.9515,6.9555,1
audio10.TextGrid,14,8,it,66.190,66.330,6.95,2,PRP,0,4.9616,0.6928,1
audio10.TextGrid,14,9,coiled,66.330,66.790,2.9,4,VBD,1,4.6745,10.2735,1
audio10.TextGrid,14,10,in,66.790,66.880,7.27,2,IN,0,3.6525,2.2194,1
audio10.TextGrid,14,11,the,66.880,66.960,7.73,2,DT,0,1.7594,0.1956,1
audio10.TextGrid,14,12,shade,66.960,67.250,4.16,3,NN,1,4.1398,9.8158,1
audio10.TextGrid,14,13,of,67.250,67.340,7.4,2,IN,0,2.9115,1.4844,1
audio10.TextGrid,14,14,the,67.340,67.410,7.73,2,DT,0,1.6990,0.3081,1
audio10.TextGrid,14,15,bow,67.410,67.810,4.3,2,NN,1,4.1367,5.0588,1
audio10.TextGrid,15,1,he,68.630,68.730,6.69,2,PRP,0,4.5353,1.7005,1
audio10.TextGrid,15,2,went,68.730,68.920,5.5,4,VBD,0,7.1821,3.3876,1
audio10.TextGrid,15,3,back,68.920,69.130,6.04,3,RB,0,7.0568,2.1116,1
audio10.TextGrid,15,4,to,69.130,69.240,7.43,2,TO,0,3.3777,1.0944,1
audio10.TextGrid,15,5,rowing,69.240,69.740,3.39,4,NN,1,6.4602,7.3920,1
audio10.TextGrid,15,6,and,69.810,69.960,7.41,2,CC,0,4.4167,1.0754,1
audio10.TextGrid,15,7,to,69.960,70.050,7.43,2,TO,0,4.4089,4.8969,1
audio10.TextGrid,15,8,watching,70.050,70.500,5.02,5,VBG,0,10.9188,3.5750,1
audio10.TextGrid,15,9,the,70.500,70.560,7.73,2,DT,0,2.3781,0.8653,1
audio10.TextGrid,15,10,long,70.560,70.900,5.81,3,JJ,0,7.8254,5.5228,1
audio10.TextGrid,15,11,winged,70.900,71.240,3.44,4,JJ,1,5.5997,3.8099,1
audio10.TextGrid,15,12,black,71.240,71.580,5.46,4,JJ,0,9.0934,5.6352,1
audio10.TextGrid,15,13,bird,71.580,72.040,4.63,3,NN,1,4.9457,4.4628,1
audio10.TextGrid,15,14,who,72.040,72.100,6.34,2,WP,0,5.8549,5.1772,1
audio10.TextGrid,15,15,was,72.100,72.370,6.82,3,VBD,0,4.9901,1.1707,1
audio10.TextGrid,15,16,working,72.370,72.810,5.45,5,VBG,0,8.3019,7.3468,1
audio10.TextGrid,15,17,now,72.810,73.170,6.18,2,RB,0,6.6218,4.8551,1
audio10.TextGrid,15,18,low,73.320,73.600,5.33,2,JJ,0,8.0439,7.1309,1
audio10.TextGrid,15,19,over,73.600,73.810,6.08,3,IN,0,6.3219,3.6629,1
audio10.TextGrid,15,20,the,73.810,73.890,7.73,2,DT,0,1.7786,0.1793,1
audio10.TextGrid,15,21,water,73.890,74.400,5.52,4,NN,0,8.3728,1.6147,1
audio10.TextGrid,16,1,as,75.540,75.670,6.77,2,IN,0,5.4550,4.7292,1
audio10.TextGrid,16,2,he,75.670,75.750,6.69,2,PRP,0,4.6183,0.7906,1
audio10.TextGrid,16,3,watched,75.750,76.300,4.72,4,VBD,0,11.1259,1.5789,1
audio10.TextGrid,16,4,the,76.300,76.470,7.73,2,DT,0,2.9818,1.0612,1
audio10.TextGrid,16,5,bird,76.470,76.760,4.63,3,NN,1,4.1493,2.4268,1
audio10.TextGrid,16,6,dipped,76.760,77.010,3.54,4,VBD,1,5.0152,9.1173,1
audio10.TextGrid,16,7,again,77.010,77.480,5.7,4,RB,0,7.6846,5.0916,1
audio10.TextGrid,16,8,slanting,77.480,77.980,2.25,7,VBG,1,7.2317,11.3060,1
audio10.TextGrid,16,9,his,77.980,78.160,6.51,3,PRP$,0,5.9425,3.2504,1
audio10.TextGrid,16,10,wings,78.160,78.470,4.44,4,NNS,0,9.6193,1.3127,1
audio10.TextGrid,16,11,for,78.470,78.600,7.01,2,IN,0,3.9243,5.7027,1
audio10.TextGrid,16,12,the,78.600,78.700,7.73,2,DT,0,1.7001,2.0746,1
audio10.TextGrid,16,13,dive,78.700,79.160,4.12,3,NN,1,4.1369,8.6205,1
audio10.TextGrid,16,14,and,79.160,79.270,7.41,2,CC,0,4.0325,2.1733,1
audio10.TextGrid,16,15,then,79.270,79.490,6.07,3,RB,0,7.7028,1.6622,1
audio10.TextGrid,16,16,swinging,79.490,79.920,3.79,6,VBG,1,7.7314,6.5079,1
audio10.TextGrid,16,17,them,79.920,80.090,6.19,3,PRP,0,6.6169,4.5855,1
audio10.TextGrid,16,18,wildly,80.090,80.630,3.71,6,RB,0,11.0204,5.7837,1
audio10.TextGrid,16,19,and,80.630,80.770,7.41,3,CC,0,3.7195,2.7884,1
audio10.TextGrid,16,20,ineffectually,80.770,81.550,1.72,12,RB,1,4.1362,12.4373,1
audio10.TextGrid,16,21,as,81.550,81.670,6.77,2,IN,0,5.1106,3.8892,1
audio10.TextGrid,16,22,he,81.670,81.800,6.69,2,PRP,0,4.6348,1.1175,1
audio10.TextGrid,16,23,followed,81.800,82.130,5.05,5,VBD,0,8.5112,5.9668,1
audio10.TextGrid,16,24,the,82.130,82.210,7.73,2,DT,0,2.6677,0.7860,1
audio10.TextGrid,16,25,flying,82.210,82.600,4.71,5,VBG,1,8.5433,6.7051,1
audio10.TextGrid,16,26,fish,82.600,83.000,4.9,3,NN,1,4.1533,0.6252,1
audio10.TextGrid,17,1,the,84.110,84.220,7.73,2,DT,0,1.8241,1.7689,1
audio10.TextGrid,17,2,old,84.220,84.400,5.75,3,JJ,0,7.3292,1.1813,1
audio10.TextGrid,17,3,man,84.400,84.640,5.82,3,NN,0,7.6921,0.0062,1
audio10.TextGrid,17,4,could,84.640,84.820,6.06,3,MD,0,5.2306,3.6084,1
audio10.TextGrid,17,5,see,84.820,84.960,6.1,2,VB,0,6.2362,0.8428,1
audio10.TextGrid,17,6,the,84.960,85.060,7.73,2,DT,0,2.3421,1.3493,1
audio10.TextGrid,17,7,slight,85.060,85.410,4.22,4,JJ,1,5.0781,8.4755,1
audio10.TextGrid,17,8,bulge,85.410,85.760,3.24,4,NN,1,4.3303,5.5277,1
audio10.TextGrid,17,9,in,85.760,85.840,7.27,2,IN,0,3.4556,1.0396,1
audio10.TextGrid,17,10,the,85.840,85.920,7.73,2,DT,0,1.6982,0.3872,1
audio10.TextGrid,17,11,water,85.920,86.320,5.52,4,NN,0,8.3728,3.4024,1
audio10.TextGrid,17,12,that,86.320,86.460,7.01,3,IN,0,4.3677,3.4762,1
audio10.TextGrid,17,13,the,86.460,86.540,7.73,2,DT,0,1.9890,4.2425,1
audio10.TextGrid,17,14,big,86.540,86.780,5.67,3,JJ,0,6.5818,5.2544,1
audio10.TextGrid,17,15,dolphin,86.780,87.180,3.67,6,NN,0,10.8750,1.3397,1
audio10.TextGrid,17,16,raised,87.180,87.680,4.84,4,VBD,0,9.0078,7.6832,1
audio10.TextGrid,17,17,as,87.680,87.790,6.77,2,IN,0,4.6455,3.6488,1
audio10.TextGrid,17,18,they,87.790,87.950,6.5,2,PRP,0,4.7273,6.1455,1
audio10.TextGrid,17,19,followed,87.950,88.310,5.05,5,VBD,0,9.0052,4.7564,1
audio10.TextGrid,17,20,the,88.310,88.440,7.73,2,DT,0,2.7145,1.2818,1
audio10.TextGrid,17,21,escaping,88.440,88.940,3.73,7,VBG,1,8.5454,10.8623,1
audio10.TextGrid,17,22,fish,88.940,89.340,4.9,3,NN,1,4.1508,0.6663,1
audio10.TextGrid,18,1,the,90.160,90.240,7.73,2,DT,0,1.8241,1.9843,1
audio10.TextGrid,18,2,dolphin,90.240,90.630,3.67,6,NN,0,11.0501,3.2487,1
audio10.TextGrid,18,3,were,90.630,90.760,6.34,2,VBD,0,6.1245,6.4523,1
audio10.TextGrid,18,4,cutting,90.760,91.130,4.61,5,VBG,0,9.5969,8.2735,1
audio10.TextGrid,18,5,through,91.130,91.290,5.87,3,IN,0,7.1418,3.1538,1
audio10.TextGrid,18,6,the,91.290,91.350,7.73,2,DT,0,1.7463,0.2792,1
audio10.TextGrid,18,7,water,91.350,91.700,5.52,4,NN,0,8.3747,2.0140,1
audio10.TextGrid,18,8,below,91.700,92.060,5.05,4,IN,0,7.3925,5.9663,1
audio10.TextGrid,18,9,the,92.060,92.160,7.73,2,DT,0,1.7099,2.3901,1
audio10.TextGrid,18,10,flight,92.160,92.450,4.86,4,NN,1,4.1372,9.8944,1
audio10.TextGrid,18,11,of,92.450,92.520,7.4,2,IN,0,3.1665,1.9701,1
audio10.TextGrid,18,12,the,92.520,92.610,7.73,2,DT,0,1.6947,0.1917,1
audio10.TextGrid,18,13,fish,92.610,92.920,4.9,3,NN,1,4.1365,2.7439,1
audio10.TextGrid,18,14,and,93.320,93.410,7.41,2,CC,0,4.3947,1.2748,1
audio10.TextGrid,18,15,would,93.410,93.570,6.27,3,MD,0,6.6548,6.0103,1
audio10.TextGrid,18,16,be,93.570,93.750,6.79,2,VB,0,3.7184,3.6318,1
audio10.TextGrid,18,17,in,93.750,93.840,7.27,2,IN,0,3.6503,4.0213,1
audio10.TextGrid,18,18,the,93.840,93.900,7.73,2,DT,0,1.7337,1.4115,1
audio10.TextGrid,18,19,water,93.900,94.300,5.52,4,NN,0,8.3756,1.1035,1
audio10.TextGrid,18,20,driving,94.670,95.090,4.9,6,NN,0,10.3860,7.7931,1
audio10.TextGrid,18,21,at,95.090,95.200,6.7,2,IN,0,4.8593,3.1253,1
audio10.TextGrid,18,22,speed,95.200,95.650,5.0,4,NN,0,11.1495,4.9067,1
audio10.TextGrid,18,23,when,95.650,95.810,6.37,3,WRB,0,6.4068,2.8178,1
audio10.TextGrid,18,24,the,95.810,95.870,7.73,2,DT,0,1.9613,0.9462,1
audio10.TextGrid,18,25,fish,95.870,96.160,4.9,3,NN,1,4.1362,3.6393,1
audio10.TextGrid,18,26,dropped,96.160,96.680,4.73,5,VBD,0,7.5374,4.3080,1
audio10.TextGrid,19,1,it,97.780,97.900,6.95,2,PRP,0,3.8912,2.9705,1
audio10.TextGrid,19,2,is,97.900,98.010,7.07,2,VBZ,0,3.3590,4.6727,1
audio10.TextGrid,19,3,a,98.010,98.070,7.36,1,DT,0,3.5087,1.9972,1
audio10.TextGrid,19,4,big,98.070,98.340,5.67,3,JJ,0,6.5863,4.5555,1
audio10.TextGrid,19,5,school,98.340,98.630,5.71,4,NN,0,6.9588,9.5513,1
audio10.TextGrid,19,6,of,98.630,98.710,7.4,2,IN,0,3.2357,1.1825,1
audio10.TextGrid,19,7,dolphin,98.710,99.140,3.67,6,NN,0,11.0001,4.9455,1
audio10.TextGrid,19,8,he,99.390,99.500,6.69,2,PRP,0,7.5664,1.5941,1
audio10.TextGrid,19,9,thought,99.500,99.910,5.59,3,VBD,0,8.8072,0.2460,1
audio10.TextGrid,20,1,they,100.440,100.570,6.5,2,PRP,0,4.6769,3.3512,1
audio10.TextGrid,20,2,are,100.570,100.730,6.74,2,VBP,0,3.9761,1.5116,1
audio10.TextGrid,20,3,widespread,100.730,101.580,4.19,8,JJ,0,9.8503,11.8436,1
audio10.TextGrid,20,4,and,101.940,102.030,7.41,2,CC,0,3.5355,1.4634,1
audio10.TextGrid,20,5,the,102.030,102.120,7.73,2,DT,0,3.0887,3.2521,1
audio10.TextGrid,20,6,flying,102.120,102.520,4.71,5,VBG,1,8.5661,6.6543,1
audio10.TextGrid,20,7,fish,102.520,102.790,4.9,3,NN,1,4.1268,0.3997,1
audio10.TextGrid,20,8,have,102.790,102.960,6.71,3,VBP,0,5.3424,2.9601,1
audio10.TextGrid,20,9,little,102.960,103.210,5.75,5,JJ,0,7.6621,4.8740,1
audio10.TextGrid,20,10,chance,103.210,103.840,5.26,4,NN,0,10.2457,2.9810,1
audio10.TextGrid,21,1,the,104.520,104.620,7.73,2,DT,0,1.8241,1.9892,1
audio10.TextGrid,21,2,bird,104.620,104.940,4.63,3,NN,1,4.1358,4.9425,1
audio10.TextGrid,21,3,has,104.940,105.120,6.37,3,VBZ,0,4.3013,4.7815,1
audio10.TextGrid,21,4,no,105.120,105.320,6.35,2,DT,0,6.4201,2.9813,1
audio10.TextGrid,21,5,chance,105.320,105.890,5.26,4,NN,0,8.6632,1.6521,1
audio10.TextGrid,21,6,the,106.280,106.370,7.73,2,DT,0,4.1349,1.7042,1
audio10.TextGrid,21,7,flying,106.370,106.700,4.71,5,VBG,1,8.5250,5.3637,1
audio10.TextGrid,21,8,fish,106.700,106.960,4.9,3,NN,1,4.1785,0.0834,1
audio10.TextGrid,21,9,are,106.960,107.040,6.74,1,VBP,0,4.9400,1.5919,1
audio10.TextGrid,21,10,too,107.040,107.220,5.95,2,RB,0,7.3186,3.9593,1
audio10.TextGrid,21,11,big,107.220,107.500,5.67,3,JJ,0,6.8808,2.5837,1
audio10.TextGrid,21,12,for,107.500,107.680,7.01,3,IN,0,4.2330,1.6097,1
audio10.TextGrid,21,13,him,107.680,107.930,6.11,3,PRP,0,7.3985,1.3956,1
audio10.TextGrid,21,14,and,108.280,108.390,7.41,2,CC,0,4.1965,2.1661,1
audio10.TextGrid,21,15,they,108.390,108.510,6.5,2,PRP,0,5.2769,2.6225,1
audio10.TextGrid,21,16,go,108.510,108.720,6.03,2,VBP,0,7.1591,5.1477,1
audio10.TextGrid,21,17,too,108.720,108.880,5.95,2,RB,0,7.2638,2.7655,1
audio10.TextGrid,21,18,fast,108.880,109.560,5.13,4,RB,0,9.5468,0.8817,1
audio10.TextGrid,22,1,he,111.110,111.210,6.69,2,PRP,0,4.5353,1.4490,1
audio10.TextGrid,22,2,watched,111.210,111.530,4.72,4,VBD,0,9.9807,3.1177,1
audio10.TextGrid,22,3,the,111.530,111.640,7.73,2,DT,0,3.0366,0.9089,1
audio10.TextGrid,22,4,flying,111.640,112.000,4.71,5,VBG,1,8.5815,4.0082,1
audio10.TextGrid,22,5,fish,112.000,112.250,4.9,3,JJ,1,5.7727,0.1615,1
audio10.TextGrid,22,6,burst,112.250,112.600,4.15,4,NN,1,4.3469,9.6100,1
audio10.TextGrid,22,7,out,112.600,112.760,6.38,2,RB,0,6.6137,1.4749,1
audio10.TextGrid,22,8,again,112.760,113.150,5.7,4,RB,0,8.6055,5.3369,1
audio10.TextGrid,22,9,and,113.150,113.290,7.41,3,CC,0,3.7048,0.9904,1
audio10.TextGrid,22,10,again,113.290,113.740,5.7,4,RB,0,7.4606,3.0599,1
audio10.TextGrid,22,11,and,113.850,113.970,7.41,2,CC,0,3.5224,1.0614,1
audio10.TextGrid,22,12,the,113.970,114.110,7.73,2,DT,0,2.8872,2.8771,1
audio10.TextGrid,22,13,ineffectual,114.110,114.650,2.83,10,JJ,1,5.0821,9.5321,1
audio10.TextGrid,22,14,movements,114.650,115.120,4.35,8,NNS,0,10.0570,6.0867,1
audio10.TextGrid,22,15,of,115.120,115.190,7.4,2,IN,0,3.3429,0.6358,1
audio10.TextGrid,22,16,the,115.190,115.290,7.73,2,DT,0,1.6978,0.1957,1
audio10.TextGrid,22,17,bird,115.290,115.760,4.63,3,NN,1,4.1366,3.3031,1
audio10.TextGrid,23,1,that,116.900,117.120,7.01,3,DT,0,4.4338,5.5317,1
audio10.TextGrid,23,2,school,117.120,117.570,5.71,4,NN,0,7.5724,10.8003,1
audio10.TextGrid,23,3,has,117.570,117.680,6.37,3,VBZ,0,4.8044,4.6554,1
audio10.TextGrid,23,4,gotten,117.680,117.990,4.47,5,VBN,0,9.5430,6.6099,1
audio10.TextGrid,23,5,away,117.990,118.240,5.62,3,RP,0,7.5271,5.5602,1
audio10.TextGrid,23,6,from,118.240,118.450,6.63,3,IN,0,4.9371,1.2281,1
audio10.TextGrid,23,7,me,118.450,118.680,6.48,2,PRP,0,7.9709,2.4200,1
audio10.TextGrid,23,8,he,118.820,118.940,6.69,2,PRP,0,6.3775,0.5073,1
audio10.TextGrid,23,9,thought,118.940,119.300,5.59,3,VBD,0,8.5014,0.1155,1
audio10.TextGrid,24,1,they,119.950,120.080,6.5,2,PRP,0,4.6769,3.8585,1
audio10.TextGrid,24,2,are,120.080,120.170,6.74,2,VBP,0,3.9761,1.1712,1
audio10.TextGrid,24,3,moving,120.170,120.500,5.02,5,VBG,0,9.4068,6.1847,1
audio10.TextGrid,24,4,out,120.500,120.650,6.38,2,RP,0,5.4855,5.0873,1
audio10.TextGrid,24,5,too,120.650,120.910,5.95,2,RB,0,7.6000,5.1176,1
audio10.TextGrid,24,6,fast,120.910,121.360,5.13,4,RB,0,9.7601,0.1843,1
audio10.TextGrid,24,7,and,121.360,121.550,7.41,3,CC,0,3.8321,1.4544,1
audio10.TextGrid,24,8,too,121.550,121.630,5.95,2,RB,0,6.9516,2.8057,1
audio10.TextGrid,24,9,far,121.630,122.080,5.5,3,RB,0,7.2801,3.9283,1
audio10.TextGrid,25,1,but,122.980,123.120,6.63,3,CC,0,5.3198,2.8268,1
audio10.TextGrid,25,2,perhaps,123.120,123.510,5.09,6,RB,0,7.4629,6.6596,1
audio10.TextGrid,25,3,i,123.510,123.590,7.09,1,VB,0,7.8494,2.1610,1
audio10.TextGrid,25,4,will,123.590,123.750,6.45,3,MD,0,4.3399,2.6029,1
audio10.TextGrid,25,5,pick,123.750,123.940,5.08,3,VB,0,8.4935,6.9823,1
audio10.TextGrid,25,6,up,123.940,124.070,6.39,2,RP,0,5.0365,1.0761,1
audio10.TextGrid,25,7,a,124.070,124.120,7.36,1,DT,0,3.4519,2.6021,1
audio10.TextGrid,25,8,stray,124.120,124.660,3.74,4,NN,1,4.1460,6.8324,1
audio10.TextGrid,25,9,and,124.880,124.970,7.41,2,CC,0,4.2547,2.9964,1
audio10.TextGrid,25,10,perhaps,124.970,125.370,5.09,6,RB,0,8.8370,6.3098,1
audio10.TextGrid,25,11,my,125.370,125.560,6.57,2,PRP$,0,8.6703,4.4554,1
audio10.TextGrid,25,12,big,125.560,125.840,5.67,3,JJ,0,6.6801,6.3001,1
audio10.TextGrid,25,13,fish,125.840,126.070,4.9,3,NN,1,4.2407,2.2029,1
audio10.TextGrid,25,14,is,126.070,126.190,7.07,2,VBZ,0,3.9180,4.9238,1
audio10.TextGrid,25,15,around,126.190,126.530,5.77,4,IN,0,7.6540,6.8917,1
audio10.TextGrid,25,16,them,126.530,126.840,6.19,3,PRP,0,6.2646,3.3936,1
audio10.TextGrid,26,1,my,127.640,127.830,6.57,2,PRP$,0,7.2801,5.0378,1
audio10.TextGrid,26,2,big,127.830,128.140,5.67,3,JJ,0,6.6797,1.1862,1
audio10.TextGrid,26,3,fish,128.140,128.460,4.9,3,NN,1,4.2411,0.0992,1
audio10.TextGrid,26,4,must,128.460,128.700,5.68,4,MD,0,7.0898,4.2953,1
audio10.TextGrid,26,5,be,128.750,128.900,6.79,2,VB,0,3.7167,0.6948,1
audio10.TextGrid,26,6,somewhere,128.900,129.450,4.74,6,RB,1,4.6569,4.6973,1
audio10.TextGrid,27,1,the,132.020,132.090,7.73,2,DT,0,1.8241,2.4206,1
audio10.TextGrid,27,2,clouds,132.090,132.540,4.16,5,NN,0,11.1978,9.5214,1
audio10.TextGrid,27,3,over,132.540,132.710,6.08,3,IN,0,7.0886,4.5740,1
audio10.TextGrid,27,4,the,132.710,132.810,7.73,2,DT,0,1.7262,0.4897,1
audio10.TextGrid,27,5,land,132.810,133.290,5.22,4,NN,0,9.1275,4.5530,1
audio10.TextGrid,27,6,now,133.290,133.620,6.18,2,RB,0,7.5825,4.0502,1
audio10.TextGrid,27,7,rose,133.620,134.010,4.82,3,VBD,0,6.4944,4.7306,1
audio10.TextGrid,27,8,like,134.010,134.240,6.41,3,IN,0,7.1181,3.8281,1
audio10.TextGrid,27,9,mountains,134.240,135.030,4.5,7,NNS,1,6.9002,5.4919,1
audio10.TextGrid,27,10,and,135.170,135.260,7.41,2,CC,0,4.4261,1.2089,1
audio10.TextGrid,27,11,the,135.260,135.340,7.73,2,DT,0,2.3436,1.3283,1
audio10.TextGrid,27,12,coast,135.340,135.780,4.87,4,NN,0,11.0484,6.9594,1
audio10.TextGrid,27,13,was,135.780,135.910,6.82,3,VBD,0,6.1060,1.0363,1
audio10.TextGrid,27,14,only,135.910,136.190,6.12,4,RB,0,6.0641,6.1759,1
audio10.TextGrid,27,15,a,136.190,136.260,7.36,1,DT,0,4.5456,1.1528,1
audio10.TextGrid,27,16,long,136.260,136.590,5.81,3,JJ,0,7.7921,5.4755,1
audio10.TextGrid,27,17,green,136.590,136.940,5.13,4,JJ,0,9.4957,6.9429,1
audio10.TextGrid,27,18,line,136.940,137.340,5.49,3,NN,0,7.6778,2.6170,1
audio10.TextGrid,27,19,with,137.340,137.480,6.85,3,IN,0,4.5505,4.0939,1
audio10.TextGrid,27,20,the,137.480,137.570,7.73,2,DT,0,1.6969,2.4960,1
audio10.TextGrid,27,21,gray,137.570,137.820,4.45,3,JJ,0,9.9456,5.7732,1
audio10.TextGrid,27,22,blue,137.820,138.160,5.13,3,NN,0,9.0876,6.2598,1
audio10.TextGrid,27,23,hills,138.160,138.460,4.46,4,NNS,0,8.8140,6.2032,1
audio10.TextGrid,27,24,behind,138.460,138.890,5.29,6,IN,0,9.9125,3.5552,1
audio10.TextGrid,27,25,it,138.890,139.090,6.95,2,PRP,0,3.7938,0.9150,1
audio10.TextGrid,28,1,the,139.760,139.820,7.73,2,DT,0,1.8241,1.4570,1
audio10.TextGrid,28,2,water,139.820,140.200,5.52,4,NN,0,8.3723,3.7916,1
audio10.TextGrid,28,3,was,140.200,140.390,6.82,3,VBD,0,4.2309,0.9050,1
audio10.TextGrid,28,4,a,140.390,140.450,7.36,1,DT,0,3.3338,4.0074,1
audio10.TextGrid,28,5,dark,140.450,140.780,5.04,4,JJ,0,10.7265,3.7957,1
audio10.TextGrid,28,6,blue,140.780,141.130,5.13,3,NN,0,9.6056,2.0036,1
audio10.TextGrid,28,7,now,141.130,141.440,6.18,2,RB,0,8.7922,4.7412,1
audio10.TextGrid,29,1,so,141.970,142.150,6.52,2,RB,0,6.6130,3.4722,1
audio10.TextGrid,29,2,dark,142.150,142.480,5.04,4,JJ,0,11.2549,3.4046,1
audio10.TextGrid,29,3,that,142.480,142.610,7.01,3,IN,0,5.2988,0.7500,1
audio10.TextGrid,29,4,it,142.610,142.680,6.95,2,PRP,0,4.1441,1.9334,1
audio10.TextGrid,29,5,was,142.680,142.800,6.82,3,VBD,0,4.8876,1.2517,1
audio10.TextGrid,29,6,almost,142.800,143.160,5.39,6,RB,0,7.2693,2.3265,1
audio10.TextGrid,29,7,purple,143.190,143.620,4.32,5,JJ,1,5.7494,6.8574,1
audio10.TextGrid,30,1,as,144.410,144.550,6.77,2,IN,0,5.4550,4.3820,1
audio10.TextGrid,30,2,he,144.550,144.660,6.69,2,PRP,0,4.6183,1.2788,1
audio10.TextGrid,30,3,looked,144.660,144.850,5.11,4,VBD,0,11.1259,2.7949,1
audio10.TextGrid,30,4,down,144.850,145.180,5.88,3,RB,0,6.2248,2.5452,1
audio10.TextGrid,30,5,into,145.180,145.430,6.11,4,IN,0,6.7186,1.8497,1
audio10.TextGrid,30,6,it,145.430,145.640,6.95,2,PRP,0,3.8210,3.1217,1
audio10.TextGrid,30,7,he,145.640,145.750,6.69,2,PRP,0,5.6531,0.7715,1
audio10.TextGrid,30,8,saw,145.750,145.950,5.34,2,VBD,0,8.4267,0.7783,1
audio10.TextGrid,30,9,the,145.950,146.070,7.73,2,DT,0,2.4389,1.5571,1
audio10.TextGrid,30,10,red,146.070,146.330,5.32,3,JJ,0,9.1026,4.6809,1
audio10.TextGrid,30,11,sifting,146.330,146.740,2.87,6,NN,1,4.5805,17.9547,1
audio10.TextGrid,30,12,of,146.740,146.830,7.4,2,IN,0,3.0891,2.0275,1
audio10.TextGrid,30,13,the,146.830,146.910,7.73,2,DT,0,1.6959,0.6342,1
audio10.TextGrid,30,14,plankton,146.910,147.430,3.05,8,NN,1,4.1369,6.9655,1
audio10.TextGrid,30,15,in,147.430,147.510,7.27,2,IN,0,3.4582,2.6604,1
audio10.TextGrid,30,16,the,147.510,147.600,7.73,2,DT,0,1.6976,0.2691,1
audio10.TextGrid,30,17,dark,147.600,147.910,5.04,4,JJ,0,10.7237,3.9690,1
audio10.TextGrid,30,18,water,147.910,148.250,5.52,4,NN,0,8.2706,2.9453,1
audio10.TextGrid,30,19,and,148.610,148.700,7.41,2,CC,0,4.1632,1.7419,1
audio10.TextGrid,30,20,the,148.700,148.790,7.73,2,DT,0,2.1781,1.0044,1
audio10.TextGrid,30,21,strange,148.790,149.300,4.64,6,JJ,1,5.0772,5.9784,1
audio10.TextGrid,30,22,light,149.300,149.530,5.33,3,VBD,0,8.0875,4.5319,1
audio10.TextGrid,30,23,the,149.530,149.620,7.73,2,DT,0,4.3822,5.5286,1
audio10.TextGrid,30,24,sun,149.620,149.870,4.97,3,NN,0,10.3897,5.8115,1
audio10.TextGrid,30,25,made,149.870,150.210,5.92,3,VBD,0,7.8589,3.5639,1
audio10.TextGrid,30,26,now,150.210,150.510,6.18,2,RB,0,6.3545,6.3643,1
audio10.TextGrid,31,1,he,151.480,151.580,6.69,2,PRP,0,4.5353,1.4480,1
audio10.TextGrid,31,2,watched,151.580,151.930,4.72,4,VBD,0,9.9807,2.7441,1
audio10.TextGrid,31,3,his,151.930,152.110,6.51,3,PRP$,0,6.6464,3.9220,1
audio10.TextGrid,31,4,lines,152.110,152.630,4.95,4,NNS,0,8.5842,5.6058,1
audio10.TextGrid,31,5,to,152.630,152.750,7.43,2,TO,0,3.3553,4.9853,1
audio10.TextGrid,31,6,see,152.750,152.900,6.1,2,VB,0,7.0280,1.1258,1
audio10.TextGrid,31,7,them,152.900,153.040,6.19,3,PRP,0,6.5506,4.7012,1
audio10.TextGrid,31,8,go,153.040,153.250,6.03,2,VB,0,8.6071,3.9696,1
audio10.TextGrid,31,9,straight,153.250,153.550,5.04,5,RB,0,9.2911,3.5811,1
audio10.TextGrid,31,10,down,153.550,153.940,5.88,3,RB,0,7.0097,1.2837,1
audio10.TextGrid,31,11,out,153.940,154.070,6.38,2,IN,0,6.5401,6.2296,1
audio10.TextGrid,31,12,of,154.070,154.160,7.4,2,IN,0,3.0407,1.1344,1
audio10.TextGrid,31,13,sight,154.160,154.540,4.54,3,NN,0,11.8840,4.5103,1
audio10.TextGrid,31,14,into,154.540,154.700,6.11,4,IN,0,6.6240,3.0836,1
audio10.TextGrid,31,15,the,154.700,154.780,7.73,2,DT,0,1.7058,0.1013,1
audio10.TextGrid,31,16,water,154.780,155.210,5.52,4,NN,0,8.3728,3.2128,1
audio10.TextGrid,31,17,and,155.510,155.640,7.41,3,CC,0,4.2472,1.4934,1
audio10.TextGrid,31,18,he,155.640,155.740,6.69,2,PRP,0,5.0356,2.9723,1
audio10.TextGrid,31,19,was,155.740,155.880,6.82,3,VBD,0,4.7194,3.0362,1
audio10.TextGrid,31,20,happy,155.880,156.210,5.35,4,JJ,0,11.5010,4.6927,1
audio10.TextGrid,31,21,to,156.210,156.330,7.43,2,TO,0,3.4422,1.5686,1
audio10.TextGrid,31,22,see,156.330,156.510,6.1,2,VB,0,6.5070,0.3801,1
audio10.TextGrid,31,23,so,156.510,156.690,6.52,2,RB,0,6.0503,4.4030,1
audio10.TextGrid,31,24,much,156.690,156.890,6.0,3,JJ,0,6.6416,1.5508,1
audio10.TextGrid,31,25,plankton,156.890,157.410,3.05,8,NN,1,6.1275,8.3953,1
audio10.TextGrid,31,26,because,157.410,157.850,6.03,5,IN,0,5.8437,6.3314,1
audio10.TextGrid,31,27,it,157.850,157.970,6.95,2,PRP,0,3.8169,2.0662,1
audio10.TextGrid,31,28,meant,157.970,158.170,4.94,4,VBD,0,10.1571,4.2322,1
audio10.TextGrid,31,29,fish,158.170,158.550,4.9,3,JJ,1,5.9336,6.0419,1
audio10.TextGrid,32,1,the,159.430,159.500,7.73,2,DT,0,1.8241,2.1007,1
audio10.TextGrid,32,2,strange,159.500,160.010,4.64,6,JJ,1,5.0760,7.1144,1
audio10.TextGrid,32,3,light,160.010,160.220,5.33,3,VBD,0,8.0928,0.6565,1
audio10.TextGrid,32,4,the,160.220,160.380,7.73,2,DT,0,4.6174,4.6901,1
audio10.TextGrid,32,5,sun,160.380,160.590,4.97,3,NN,0,10.4022,0.6288,1
audio10.TextGrid,32,6,made,160.590,160.810,5.92,3,VBD,0,7.5928,0.6922,1
audio10.TextGrid,32,7,in,160.810,160.910,7.27,2,IN,0,3.1926,3.4657,1
audio10.TextGrid,32,8,the,160.910,160.970,7.73,2,DT,0,1.7051,0.2625,1
audio10.TextGrid,32,9,water,160.970,161.370,5.52,4,NN,0,8.3733,3.4502,1
audio10.TextGrid,32,10,now,161.750,161.900,6.18,2,RB,0,7.5087,4.9206,1
audio10.TextGrid,32,11,that,161.900,162.020,7.01,3,IN,0,4.5930,2.7564,1
audio10.TextGrid,32,12,the,162.020,162.120,7.73,2,DT,0,1.9562,1.8481,1
audio10.TextGrid,32,13,sun,162.120,162.340,4.97,3,NN,0,10.3563,5.2311,1
audio10.TextGrid,32,14,was,162.340,162.520,6.82,3,VBD,0,6.5712,0.8177,1
audio10.TextGrid,32,15,higher,162.520,162.880,5.18,3,RBR,0,7.2990,4.6588,1
audio10.TextGrid,32,16,meant,163.200,163.380,4.94,4,JJ,0,10.8442,4.0548,1
audio10.TextGrid,32,17,good,163.380,163.590,6.12,3,JJ,0,7.9812,5.6922,1
audio10.TextGrid,32,18,weather,163.590,164.020,4.87,4,NN,0,10.2006,5.4696,1
audio10.TextGrid,32,19,and,164.220,164.380,7.41,3,CC,0,4.2667,1.8047,1
audio10.TextGrid,32,20,so,164.380,164.570,6.52,2,RB,0,6.8180,4.2420,1
audio10.TextGrid,32,21,did,164.570,164.720,5.96,3,VBD,0,6.8816,4.3386,1
audio10.TextGrid,32,22,the,164.720,164.800,7.73,2,DT,0,2.4571,0.5825,1
audio10.TextGrid,32,23,shape,164.800,165.040,4.72,3,NN,0,9.1406,7.8847,1
audio10.TextGrid,32,24,of,165.040,165.130,7.4,2,IN,0,3.0453,0.2095,1
audio10.TextGrid,32,25,the,165.130,165.220,7.73,2,DT,0,1.6963,0.1901,1
audio10.TextGrid,32,26,clouds,165.220,165.710,4.16,5,NN,0,11.1928,7.2006,1
audio10.TextGrid,32,27,over,165.710,165.880,6.08,3,IN,0,6.3755,2.2249,1
audio10.TextGrid,32,28,the,165.880,165.980,7.73,2,DT,0,1.7294,0.1517,1
audio10.TextGrid,32,29,land,165.980,166.350,5.22,4,NN,0,9.1331,0.6289,1
audio10.TextGrid,33,1,but,166.350,166.490,6.63,3,CC,0,5.3198,3.1224,1
audio10.TextGrid,33,2,the,167.790,167.980,7.73,2,DT,0,2.0364,1.7672,1
audio10.TextGrid,33,3,bird,167.980,168.280,4.63,3,NN,1,4.1425,5.5396,1
audio10.TextGrid,33,4,was,168.280,168.430,6.82,3,VBD,0,4.1604,1.4059,1
audio10.TextGrid,33,5,almost,168.430,168.790,5.39,6,RB,0,7.2785,6.5083,1
audio10.TextGrid,33,6,out,168.790,168.920,6.38,2,IN,0,6.6057,3.6207,1
audio10.TextGrid,33,7,of,168.920,169.030,7.4,2,IN,0,2.9562,0.1060,1
audio10.TextGrid,33,8,sight,169.030,169.370,4.54,3,NN,0,11.8862,0.6333,1
audio10.TextGrid,33,9,now,169.370,169.660,6.18,2,RB,0,7.6466,1.7752,1
audio10.TextGrid,33,10,and,169.860,170.090,7.41,3,CC,0,3.5798,1.0082,1
audio10.TextGrid,33,11,nothing,170.090,170.430,5.55,5,NN,0,10.4332,6.2340,1
audio10.TextGrid,33,12,showed,170.430,170.800,4.86,3,VBD,0,8.3325,6.5226,1
audio10.TextGrid,33,13,on,170.800,170.930,6.91,2,IN,0,4.9238,3.3665,1
audio10.TextGrid,33,14,the,170.930,171.020,7.73,2,DT,0,1.7720,0.8156,1
audio10.TextGrid,33,15,surface,171.020,171.400,4.83,5,NN,1,4.1399,3.9341,1
audio10.TextGrid,33,16,of,171.400,171.470,7.4,2,IN,0,2.9057,1.6603,1
audio10.TextGrid,33,17,the,171.470,171.550,7.73,2,DT,0,1.6987,0.1109,1
audio10.TextGrid,33,18,water,171.550,171.920,5.52,4,NN,0,8.3727,1.4225,1
audio10.TextGrid,33,19,but,171.920,172.110,6.63,3,CC,0,5.8240,2.6670,1
audio10.TextGrid,33,20,some,172.110,172.240,6.2,3,DT,0,5.7308,4.0965,1
audio10.TextGrid,33,21,patches,172.240,172.640,3.86,5,NNS,1,6.4590,7.3071,1
audio10.TextGrid,33,22,of,172.640,172.750,7.4,2,IN,0,3.1293,0.1685,1
audio10.TextGrid,33,23,yellow,172.750,173.200,4.69,4,JJ,0,11.1549,4.8033,1
audio10.TextGrid,33,24,sun,173.200,173.470,4.97,3,NN,0,10.9042,8.7006,1
audio10.TextGrid,33,25,bleached,173.470,173.880,3.03,5,VBD,1,6.0028,5.3764,1
audio10.TextGrid,33,26,sargasso,173.940,174.550,2.06,7,NNS,1,7.4152,13.8684,1
audio10.TextGrid,33,27,weed,174.550,174.970,4.27,3,VB,1,4.8885,12.5629,1
audio10.TextGrid,34,1,and,175.420,175.510,7.41,2,CC,0,3.7036,2.4148,1
audio10.TextGrid,34,2,the,175.510,175.590,7.73,2,DT,0,2.0380,2.1270,1
audio10.TextGrid,34,3,purple,175.590,176.090,4.32,5,JJ,1,5.0832,6.4365,1
audio10.TextGrid,34,4,formalized,176.090,177.180,2.84,9,JJ,1,5.2346,17.8020,1
audio10.TextGrid,34,5,iridescent,177.180,177.860,2.8,9,NN,1,4.6509,8.2700,1
audio10.TextGrid,34,6,gelatinous,177.860,178.550,2.53,9,JJ,1,6.5756,8.6490,1
audio10.TextGrid,34,7,bladder,178.550,179.030,3.62,5,NN,1,4.4837,11.2852,1
audio10.TextGrid,34,8,of,179.030,179.150,7.4,2,IN,0,3.6711,0.9433,1
audio10.TextGrid,34,9,a,179.150,179.220,7.36,1,DT,0,2.5860,2.1330,1
audio10.TextGrid,34,10,portuguese,179.220,179.880,4.03,8,JJ,1,5.0747,8.5545,1
audio10.TextGrid,34,11,man,179.880,180.120,5.82,3,NN,0,7.8356,3.5399,1
audio10.TextGrid,34,12,of,180.120,180.260,7.4,2,IN,0,3.1887,1.7075,1
audio10.TextGrid,34,13,war,180.260,180.690,5.46,3,NN,0,9.2726,0.3503,1
audio10.TextGrid,34,14,floating,180.690,181.080,4.18,6,VBG,1,7.9328,7.1396,1
audio10.TextGrid,34,15,dose,181.080,181.390,4.2,3,JJ,1,5.7966,17.3342,1
audio10.TextGrid,34,16,beside,181.390,181.780,4.19,5,IN,1,4.0086,7.0587,1
audio10.TextGrid,34,17,the,181.780,181.850,7.73,2,DT,0,1.6968,1.4333,1
audio10.TextGrid,34,18,boat,181.850,182.220,4.71,3,NN,1,4.1356,4.1140,1
audio10.TextGrid,34,19,it,182.220,182.290,6.95,2,PRP,0,6.1094,2.8591,1
audio10.TextGrid,35,1,turned,183.340,183.720,5.09,4,VBN,0,11.3825,5.5271,1
audio10.TextGrid,35,2,on,183.720,183.850,6.91,2,IN,0,4.6358,3.6656,1
audio10.TextGrid,35,3,its,183.850,184.000,6.14,3,PRP$,0,4.3027,1.4980,1
audio10.TextGrid,35,4,side,184.000,184.410,5.5,3,NN,0,8.1599,1.6932,1
audio10.TextGrid,35,5,and,184.410,184.550,7.41,2,CC,0,3.4370,0.5024,1
audio10.TextGrid,35,6,then,184.550,184.720,6.07,3,RB,0,7.5409,3.2205,1
audio10.TextGrid,35,7,righted,184.720,185.050,2.37,5,VBD,1,4.4599,9.2783,1
audio10.TextGrid,35,8,itself,185.050,185.490,5.1,6,PRP,0,8.9441,0.1691,1
audio10.TextGrid,36,1,it,186.470,186.580,6.95,2,PRP,0,3.8912,2.0678,1
audio10.TextGrid,36,2,floated,186.580,186.960,3.41,6,VBD,0,9.9807,4.1490,1
audio10.TextGrid,36,3,cheerfully,186.960,187.410,2.98,6,RB,1,4.7273,10.7860,1
audio10.TextGrid,36,4,as,187.410,187.510,6.77,2,IN,0,5.0193,4.1067,1
audio10.TextGrid,36,5,a,187.510,187.570,7.36,1,DT,0,2.8073,3.7136,1
audio10.TextGrid,36,6,bubble,187.570,187.980,4.16,5,JJ,1,5.0774,8.3551,1
audio10.TextGrid,36,7,with,187.980,188.140,6.85,3,IN,0,6.3974,5.3696,1
audio10.TextGrid,36,8,its,188.140,188.330,6.14,3,PRP$,0,4.3052,2.4420,1
audio10.TextGrid,36,9,long,188.330,188.640,5.81,3,JJ,0,7.8755,3.7504,1
audio10.TextGrid,36,10,deadly,188.640,188.970,4.16,5,RB,1,6.6572,12.1109,1
audio10.TextGrid,36,11,purple,188.970,189.330,4.32,5,JJ,1,5.3217,6.9612,1
audio10.TextGrid,36,12,filaments,189.330,189.870,2.95,9,NNS,1,6.1963,6.9644,1
audio10.TextGrid,36,13,trailing,189.870,190.250,3.55,6,VBG,1,7.8830,7.6604,1
audio10.TextGrid,36,14,a,190.250,190.330,7.36,1,DT,0,3.2216,4.6056,1
audio10.TextGrid,36,15,yard,190.330,190.620,4.57,4,NN,1,4.1368,7.9351,1
audio10.TextGrid,36,16,behind,190.620,191.010,5.29,6,IN,0,9.0674,3.3268,1
audio10.TextGrid,36,17,it,191.010,191.120,6.95,2,PRP,0,3.7925,0.5802,1
audio10.TextGrid,36,18,in,191.120,191.200,7.27,2,IN,0,3.0233,4.6074,1
audio10.TextGrid,36,19,the,191.200,191.280,7.73,2,DT,0,1.6910,0.9560,1
audio10.TextGrid,36,20,water,191.280,191.710,5.52,4,NN,0,8.3712,2.6890,1
audio11.TextGrid,1,1,agua,0.480,0.830,2.76,4,NN,1,5.9246,14.5094,1
audio11.TextGrid,1,2,mala,0.830,1.300,2.87,4,VBZ,1,3.9034,9.9441,1
audio11.TextGrid,1,3,the,1.610,1.690,7.73,2,DT,0,2.6327,0.8723,1
audio11.TextGrid,1,4,man,1.690,1.950,5.82,3,NN,0,7.6837,2.3619,1
audio11.TextGrid,1,5,said,1.950,2.290,6.01,3,VBD,0,5.1661,0.4832,1
audio11.TextGrid,1,6,you,2.670,2.920,6.98,2,PRP,0,6.3597,3.9392,1
audio11.TextGrid,1,7,whore,2.920,3.360,3.86,3,VBP,1,4.8968,11.5691,1
audio11.TextGrid,2,1,from,4.710,4.880,6.63,4,IN,0,5.6069,7.0536,1
audio11.TextGrid,2,2,where,4.880,5.040,6.0,3,WRB,0,8.6490,4.2055,1
audio11.TextGrid,2,3,he,5.040,5.160,6.69,2,PRP,0,4.7670,0.9976,1
audio11.TextGrid,2,4,swung,5.160,5.440,3.47,4,VBZ,1,3.3641,7.2557,1
audio11.TextGrid,2,5,lightly,5.440,5.830,3.96,5,RB,1,4.6641,10.1987,1
audio11.TextGrid,2,6,against,5.830,6.180,5.68,6,IN,0,7.8064,3.9984,1
audio11.TextGrid,2,7,his,6.180,6.310,6.51,3,PRP$,0,5.3624,3.1416,1
audio11.TextGrid,2,8,oars,6.310,6.740,3.01,3,NNS,1,5.5669,7.1296,1
audio11.TextGrid,2,9,he,6.740,6.840,6.69,2,PRP,0,5.5547,1.3411,1
audio11.TextGrid,2,10,looked,6.840,7.030,5.11,4,VBD,0,10.1382,4.4413,1
audio11.TextGrid,2,11,down,7.030,7.330,5.88,3,RB,0,6.1746,2.1401,1
audio11.TextGrid,2,12,into,7.330,7.500,6.11,4,IN,0,6.7006,2.1099,1
audio11.TextGrid,2,13,the,7.500,7.590,7.73,2,DT,0,1.7168,0.1050,1
audio11.TextGrid,2,14,water,7.590,8.030,5.52,4,NN,0,8.3741,2.0244,1
audio11.TextGrid,2,15,and,8.030,8.160,7.41,3,CC,0,3.5815,0.8499,1
audio11.TextGrid,2,16,saw,8.160,8.320,5.34,2,VBD,0,10.8194,0.7212,1
audio11.TextGrid,2,17,the,8.320,8.420,7.73,2,DT,0,2.3857,1.1835,1
audio11.TextGrid,2,18,tiny,8.420,8.790,4.62,4,JJ,0,10.1810,5.3834,1
audio11.TextGrid,2,19,fish,8.790,9.060,4.9,3,NN,1,4.3395,3.1081,1
audio11.TextGrid,2,20,that,9.060,9.220,7.01,3,WDT,0,4.1958,2.7537,1
audio11.TextGrid,2,21,were,9.220,9.300,6.34,2,VBD,0,6.8109,1.4176,1
audio11.TextGrid,2,22,coloured,9.300,9.660,3.92,5,VBN,1,6.0757,12.2443,1
audio11.TextGrid,2,23,like,9.660,9.830,6.41,3,IN,0,6.2582,2.7408,1
audio11.TextGrid,2,24,the,9.830,9.920,7.73,2,DT,0,1.7011,2.2490,1
audio11.TextGrid,2,25,trailing,9.920,10.330,3.55,6,NN,1,4.1361,9.4928,1
audio11.TextGrid,2,26,filaments,10.330,10.920,2.95,9,NNS,1,6.6273,3.0614,1
audio11.TextGrid,2,27,and,10.920,11.050,7.41,3,CC,0,3.6286,2.4949,1
audio11.TextGrid,2,28,swam,11.050,11.370,3.34,4,NN,1,5.8132,6.8538,1
audio11.TextGrid,2,29,between,11.370,11.800,5.77,6,IN,0,7.7048,5.3671,1
audio11.TextGrid,2,30,them,11.800,12.040,6.19,3,PRP,0,5.9093,1.4177,1
audio11.TextGrid,2,31,and,12.040,12.260,7.41,3,CC,0,3.7521,2.4048,1
audio11.TextGrid,2,32,under,12.260,12.460,5.73,4,IN,0,7.4109,6.2188,1
audio11.TextGrid,2,33,the,12.460,12.570,7.73,2,DT,0,1.7732,0.6098,1
audio11.TextGrid,2,34,small,12.570,12.930,5.51,4,JJ,0,6.8935,6.0568,1
audio11.TextGrid,2,35,shade,12.930,13.300,4.16,3,VBD,1,7.5782,8.7039,1
audio11.TextGrid,2,36,the,13.300,13.410,7.73,2,DT,0,2.4649,6.5838,1
audio11.TextGrid,2,37,bubble,13.410,13.750,4.16,5,JJ,1,5.0771,7.8385,1
audio11.TextGrid,2,38,made,13.750,14.040,5.92,3,VBN,0,8.6170,3.9455,1
audio11.TextGrid,2,39,as,14.040,14.170,6.77,2,IN,0,4.7342,5.2949,1
audio11.TextGrid,2,40,it,14.170,14.240,6.95,2,PRP,0,3.9115,1.0450,1
audio11.TextGrid,2,41,drifted,14.240,14.750,3.41,7,VBD,0,10.7706,3.7837,1
audio11.TextGrid,3,1,they,15.650,15.820,6.5,2,PRP,0,4.6769,3.0599,1
audio11.TextGrid,3,2,were,15.820,16.010,6.34,2,VBD,0,4.5379,0.8097,1
audio11.TextGrid,3,3,immune,16.010,16.410,4.14,5,JJ,0,10.8315,12.4939,1
audio11.TextGrid,3,4,to,16.410,16.580,7.43,2,TO,0,3.4667,0.3011,1
audio11.TextGrid,3,5,its,16.580,16.700,6.14,3,PRP$,0,5.3368,4.4774,1
audio11.TextGrid,3,6,poison,16.700,17.220,4.08,5,NN,0,9.6643,5.7990,1
audio11.TextGrid,4,1,but,17.790,17.980,6.63,3,CC,0,5.3198,3.5276,1
audio11.TextGrid,4,2,men,17.980,18.260,5.51,3,NNS,0,9.6057,8.5995,1
audio11.TextGrid,4,3,were,18.260,18.400,6.34,2,VBD,0,4.6136,2.8139,1
audio11.TextGrid,4,4,not,18.400,18.790,6.69,3,RB,0,5.4722,2.0639,1
audio11.TextGrid,5,1,and,19.330,19.430,7.41,2,CC,0,3.7036,6.4047,1
audio11.TextGrid,5,2,when,19.430,19.640,6.37,3,WRB,0,7.3163,5.1989,1
audio11.TextGrid,5,3,same,19.640,19.870,5.8,3,JJ,0,7.3777,11.3729,1
audio11.TextGrid,5,4,of,19.870,19.940,7.4,2,IN,0,4.4163,5.1948,1
audio11.TextGrid,5,5,the,19.940,20.050,7.73,2,DT,0,1.7168,1.7722,1
audio11.TextGrid,5,6,filaments,20.050,20.490,2.95,9,NNS,1,6.4355,6.2067,1
audio11.TextGrid,5,7,would,20.490,20.600,6.27,3,MD,0,6.0122,5.5983,1
audio11.TextGrid,5,8,catch,20.600,20.910,4.87,3,VB,0,9.5879,4.8250,1
audio11.TextGrid,5,9,on,20.910,21.040,6.91,2,IN,0,4.8677,1.9688,1
audio11.TextGrid,5,10,a,21.040,21.110,7.36,1,DT,0,2.6142,2.8301,1
audio11.TextGrid,5,11,line,21.110,21.480,5.49,3,NN,0,7.6729,4.2322,1
audio11.TextGrid,5,12,and,21.480,21.650,7.41,3,CC,0,3.7778,2.2333,1
audio11.TextGrid,5,13,rest,21.650,21.940,5.23,4,NN,0,10.0521,9.8071,1
audio11.TextGrid,5,14,there,21.940,22.200,6.31,3,RB,0,7.5529,3.4394,1
audio11.TextGrid,5,15,slimy,22.200,22.700,3.08,5,JJ,1,6.2504,12.7798,1
audio11.TextGrid,5,16,and,22.700,22.800,7.41,2,CC,0,3.6705,2.3990,1
audio11.TextGrid,5,17,purple,22.800,23.290,4.32,5,JJ,1,4.8732,6.8235,1
audio11.TextGrid,5,18,while,23.290,23.490,5.86,3,IN,0,7.0245,6.2374,1
audio11.TextGrid,5,19,the,23.490,23.600,7.73,2,DT,0,1.7367,1.1440,1
audio11.TextGrid,5,20,old,23.600,23.810,5.75,3,JJ,0,7.3279,5.6933,1
audio11.TextGrid,5,21,man,23.810,24.020,5.82,3,NN,0,7.6888,0.0776,1
audio11.TextGrid,5,22,was,24.020,24.170,6.82,3,VBD,0,5.0778,2.8885,1
audio11.TextGrid,5,23,working,24.170,24.510,5.45,5,VBG,0,8.7285,5.0143,1
audio11.TextGrid,5,24,a,24.510,24.570,7.36,1,DT,0,3.3019,4.3246,1
audio11.TextGrid,5,25,fish,24.570,24.880,4.9,3,NN,1,4.1380,4.0906,1
audio11.TextGrid,6,1,he,25.420,25.510,6.69,2,PRP,0,4.5353,1.1979,1
audio11.TextGrid,6,2,would,25.510,25.630,6.27,3,MD,0,4.5105,1.4976,1
audio11.TextGrid,6,3,have,25.630,25.780,6.71,3,VB,0,3.8741,3.6501,1
audio11.TextGrid,6,4,welts,25.780,26.120,2.27,5,NNS,1,7.7051,13.3724,1
audio11.TextGrid,6,5,and,26.120,26.230,7.41,2,CC,0,4.3497,1.6157,1
audio11.TextGrid,6,6,sores,26.230,26.660,3.03,4,NNS,1,6.6856,5.0345,1
audio11.TextGrid,6,7,on,26.660,26.800,6.91,2,IN,0,4.5733,1.5192,1
audio11.TextGrid,6,8,his,26.800,26.950,6.51,3,PRP$,0,5.3118,0.4085,1
audio11.TextGrid,6,9,arms,26.950,27.390,4.82,4,NNS,0,9.2134,3.7084,1
audio11.TextGrid,6,10,and,27.390,27.530,7.41,3,CC,0,4.3822,0.5606,1
audio11.TextGrid,6,11,hands,27.530,28.020,5.16,4,NNS,0,9.4072,3.1995,1
audio11.TextGrid,6,12,of,28.020,28.120,7.4,2,IN,0,3.0316,6.8971,1
audio11.TextGrid,6,13,the,28.120,28.230,7.73,2,DT,0,1.6928,1.4064,1
audio11.TextGrid,6,14,sort,28.230,28.470,5.0,4,NN,0,8.8493,5.8730,1
audio11.TextGrid,6,15,that,28.470,28.670,7.01,3,IN,0,4.2316,0.9176,1
audio11.TextGrid,6,16,poison,28.670,29.060,4.08,5,NN,0,11.2671,6.5107,1
audio11.TextGrid,6,17,ivy,29.060,29.410,3.83,3,NN,1,5.2313,7.2033,1
audio11.TextGrid,6,18,or,29.410,29.510,6.54,2,CC,0,5.9849,4.6120,1
audio11.TextGrid,6,19,poison,29.510,29.940,4.08,5,NN,0,10.7064,3.3663,1
audio11.TextGrid,6,20,oak,29.940,30.110,4.18,2,NNS,0,12.2693,4.2793,1
audio11.TextGrid,6,21,can,30.110,30.280,6.46,3,MD,0,7.9624,3.1796,1
audio11.TextGrid,6,22,give,30.280,30.530,5.71,3,VB,0,6.5998,4.1434,1
audio11.TextGrid,7,1,but,30.530,30.710,6.63,3,CC,0,5.3198,3.0668,1
audio11.TextGrid,7,2,these,31.650,32.050,6.04,3,DT,0,6.1601,4.6593,1
audio11.TextGrid,7,3,poisonings,32.050,32.690,2.31,8,NNS,1,6.4631,14.0063,1
audio11.TextGrid,7,4,from,32.690,32.880,6.63,4,IN,0,5.4620,5.5329,1
audio11.TextGrid,7,5,the,32.880,33.000,7.73,2,DT,0,1.7143,0.8207,1
audio11.TextGrid,7,6,agua,33.000,33.280,2.76,4,NN,1,4.1369,13.1161,1
audio11.TextGrid,7,7,mala,33.280,33.570,2.87,4,NN,1,5.3626,1.3102,1
audio11.TextGrid,7,8,came,33.570,33.810,5.5,3,VBD,0,7.2943,4.3963,1
audio11.TextGrid,7,9,quickly,33.810,34.350,5.0,6,RB,0,7.8467,5.2405,1
audio11.TextGrid,7,10,and,34.350,34.480,7.41,3,CC,0,3.9031,0.9709,1
audio11.TextGrid,7,11,struck,34.480,34.810,4.42,5,VBP,1,5.0506,6.8527,1
audio11.TextGrid,7,12,like,34.810,34.980,6.41,3,IN,0,7.0076,3.9744,1
audio11.TextGrid,7,13,a,34.980,35.010,7.36,1,DT,0,2.7792,1.1672,1
audio11.TextGrid,7,14,whiplash,35.010,35.670,3.06,6,NN,1,4.1402,8.9249,1
audio11.TextGrid,8,1,the,37.920,38.100,7.73,2,DT,0,1.8241,1.3337,1
audio11.TextGrid,8,2,iridescent,38.100,38.540,2.8,9,NN,1,4.1358,9.2408,1
audio11.TextGrid,8,3,bubbles,38.540,38.990,3.79,6,NNS,1,6.7578,6.1002,1
audio11.TextGrid,8,4,were,38.990,39.060,6.34,2,VBD,0,4.6074,2.4381,1
audio11.TextGrid,8,5,beautiful,39.060,39.570,5.22,8,JJ,0,10.1380,6.7166,1
audio11.TextGrid,9,1,but,40.040,40.150,6.63,3,CC,0,5.3198,3.3796,1
audio11.TextGrid,9,2,they,40.150,40.260,6.5,2,PRP,0,4.8862,2.2066,1
audio11.TextGrid,9,3,were,40.260,40.390,6.34,2,VBD,0,4.5054,1.0840,1
audio11.TextGrid,9,4,the,40.390,40.480,7.73,2,DT,0,2.4535,4.1905,1
audio11.TextGrid,9,5,falsest,40.480,41.010,0.0,7,JJS,1,6.2079,12.2878,1
audio11.TextGrid,9,6,thing,41.010,41.290,5.72,3,NN,0,8.2235,4.1897,1
audio11.TextGrid,9,7,in,41.290,41.400,7.27,2,IN,0,3.4503,1.8435,1
audio11.TextGrid,9,8,the,41.400,41.470,7.73,2,DT,0,1.7000,0.2793,1
audio11.TextGrid,9,9,sea,41.470,41.920,5.06,2,NN,0,8.2727,5.0977,1
audio11.TextGrid,10,1,and,42.320,42.420,7.41,2,CC,0,3.7036,1.4793,1
audio11.TextGrid,10,2,the,42.420,42.530,7.73,2,DT,0,2.0380,1.9372,1
audio11.TextGrid,10,3,old,42.530,42.770,5.75,3,JJ,0,7.3360,4.6085,1
audio11.TextGrid,10,4,man,42.770,43.030,5.82,3,NN,0,7.6917,0.0502,1
audio11.TextGrid,10,5,loved,43.030,43.340,5.0,4,VBD,0,9.2790,5.5016,1
audio11.TextGrid,10,6,to,43.340,43.410,7.43,2,TO,0,3.3807,2.8971,1
audio11.TextGrid,10,7,see,43.410,43.600,6.1,2,VB,0,6.4202,1.3842,1
audio11.TextGrid,10,8,the,43.600,43.690,7.73,2,DT,0,2.3413,2.1235,1
audio11.TextGrid,10,9,big,43.690,43.960,5.67,3,JJ,0,6.5848,5.5289,1
audio11.TextGrid,10,10,sea,43.960,44.180,5.06,2,NN,0,8.1076,6.7327,1
audio11.TextGrid,10,11,turtles,44.180,44.720,3.72,6,NNS,1,7.5498,6.7703,1
audio11.TextGrid,10,12,eating,44.760,45.100,4.85,4,VBG,0,11.5116,6.4895,1
audio11.TextGrid,10,13,them,45.100,45.380,6.19,3,PRP,0,6.5445,2.6760,1
audio11.TextGrid,11,1,the,46.130,46.230,7.73,2,DT,0,1.8241,1.8396,1
audio11.TextGrid,11,2,turtles,46.230,46.630,3.72,6,NNS,1,6.4529,5.3282,1
audio11.TextGrid,11,3,saw,46.630,46.930,5.34,2,VBD,0,8.3951,7.0757,1
audio11.TextGrid,11,4,them,46.930,47.200,6.19,3,PRP,0,6.6559,2.2446,1
audio11.TextGrid,11,5,approached,47.380,47.780,4.16,6,VBD,0,10.7368,10.1957,1
audio11.TextGrid,11,6,them,47.780,47.920,6.19,3,PRP,0,6.6484,1.1833,1
audio11.TextGrid,11,7,from,47.920,48.100,6.63,4,IN,0,4.7010,4.4588,1
audio11.TextGrid,11,8,the,48.100,48.170,7.73,2,DT,0,1.6931,1.2126,1
audio11.TextGrid,11,9,front,48.170,48.530,5.28,5,NN,0,8.4075,4.6830,1
audio11.TextGrid,12,1,then,48.950,49.160,6.07,3,RB,0,7.4856,3.2931,1
audio11.TextGrid,12,2,shut,49.160,49.450,4.78,3,VB,0,9.8783,7.2440,1
audio11.TextGrid,12,3,their,49.450,49.670,6.33,3,PRP$,0,5.7526,1.0181,1
audio11.TextGrid,12,4,eyes,49.670,50.040,5.21,2,NNS,0,9.6257,0.7313,1
audio11.TextGrid,12,5,so,50.040,50.170,6.52,2,IN,0,6.6694,4.5196,1
audio11.TextGrid,12,6,they,50.170,50.260,6.5,2,PRP,0,5.2585,1.3160,1
audio11.TextGrid,12,7,were,50.260,50.380,6.34,2,VBD,0,6.2048,3.1039,1
audio11.TextGrid,12,8,completely,50.380,50.960,5.0,9,RB,0,9.7066,5.7535,1
audio11.TextGrid,12,9,carapaced,50.960,51.680,0.0,8,VBN,1,5.1585,17.0945,1
audio11.TextGrid,12,10,and,51.680,51.950,7.41,3,CC,0,4.0666,1.3606,1
audio11.TextGrid,12,11,ate,51.950,52.100,4.34,2,VB,1,4.1735,5.0581,1
audio11.TextGrid,12,12,them,52.120,52.400,6.19,3,PRP,0,6.5242,0.3910,1
audio11.TextGrid,12,13,filaments,52.400,52.880,2.95,9,NNS,1,8.2165,12.2651,1
audio11.TextGrid,12,14,and,52.880,52.990,7.41,3,CC,0,4.1272,2.1369,1
audio11.TextGrid,13,1,all,52.990,53.330,6.52,2,PDT,0,5.5566,4.6363,1
audio11.TextGrid,13,2,the,54.210,54.320,7.73,2,DT,0,3.9289,1.4921,1
audio11.TextGrid,13,3,old,54.320,54.500,5.75,3,JJ,0,7.9802,1.9234,1
audio11.TextGrid,13,4,man,54.500,54.720,5.82,3,NN,0,7.8041,0.0101,1
audio11.TextGrid,13,5,loved,54.720,54.920,5.0,4,VBD,0,9.7204,3.8122,1
audio11.TextGrid,13,6,to,54.920,54.990,7.43,2,TO,0,3.3747,0.7666,1
audio11.TextGrid,13,7,see,54.990,55.140,6.1,2,VB,0,6.4218,0.5098,1
audio11.TextGrid,13,8,the,55.140,55.240,7.73,2,DT,0,2.3423,0.9205,1
audio11.TextGrid,13,9,turtles,55.240,55.620,3.72,6,NNS,1,6.4508,3.5169,1
audio11.TextGrid,13,10,eat,55.620,55.840,5.13,2,VBP,0,11.8201,3.2532,1
audio11.TextGrid,13,11,them,55.840,56.060,6.19,3,PRP,0,6.9093,1.6151,1
audio11.TextGrid,13,12,and,56.310,56.410,7.41,2,CC,0,4.2973,1.3205,1
audio11.TextGrid,13,13,he,56.410,56.500,6.69,2,PRP,0,5.1708,1.9328,1
audio11.TextGrid,13,14,loved,56.500,56.700,5.0,4,VBD,0,9.6273,2.8538,1
audio11.TextGrid,13,15,to,56.700,56.760,7.43,2,TO,0,3.3590,0.4329,1
audio11.TextGrid,13,16,walk,56.760,57.090,5.08,3,VB,0,8.4828,7.4474,1
audio11.TextGrid,13,17,on,57.090,57.230,6.91,2,IN,0,5.0060,2.5186,1
audio11.TextGrid,13,18,them,57.230,57.360,6.19,3,PRP,0,5.9561,0.9684,1
audio11.TextGrid,13,19,on,57.360,57.470,6.91,2,IN,0,4.2612,5.0157,1
audio11.TextGrid,13,20,the,57.470,57.530,7.73,2,DT,0,1.7029,1.0480,1
audio11.TextGrid,13,21,beach,57.530,57.880,4.92,3,NN,0,10.3514,2.4691,1
audio11.TextGrid,13,22,after,57.880,58.160,6.11,4,IN,0,7.4093,5.0158,1
audio11.TextGrid,13,23,a,58.160,58.200,7.36,1,DT,0,2.5818,3.0020,1
audio11.TextGrid,13,24,storm,58.200,58.720,4.66,5,NN,0,10.2352,5.3102,1
audio11.TextGrid,13,25,and,58.720,58.860,7.41,3,CC,0,4.2622,1.6891,1
audio11.TextGrid,13,26,hear,58.860,59.010,5.23,3,VB,0,10.5332,5.4082,1
audio11.TextGrid,13,27,them,59.010,59.160,6.19,3,PRP,0,6.5267,1.6455,1
audio11.TextGrid,13,28,pop,59.160,59.480,4.87,3,RB,0,10.1686,8.5817,1
audio11.TextGrid,13,29,when,59.590,59.740,6.37,3,WRB,0,7.6641,5.4317,1
audio11.TextGrid,13,30,he,59.740,59.860,6.69,2,PRP,0,4.6953,2.4159,1
audio11.TextGrid,13,31,stepped,59.860,60.200,4.2,5,VBD,0,8.7782,5.6315,1
audio11.TextGrid,13,32,on,60.200,60.340,6.91,2,IN,0,4.5048,1.0656,1
audio11.TextGrid,13,33,them,60.340,60.530,6.19,3,PRP,0,5.9378,0.7419,1
audio11.TextGrid,13,34,with,60.530,60.630,6.85,3,IN,0,4.4418,3.2937,1
audio11.TextGrid,13,35,the,60.630,60.740,7.73,2,DT,0,1.6963,2.5987,1
audio11.TextGrid,13,36,horny,60.740,61.070,3.79,5,NN,1,4.1364,12.0914,1
audio11.TextGrid,13,37,soles,61.070,61.510,3.18,4,NNS,1,6.6709,9.3674,1
audio11.TextGrid,13,38,of,61.510,61.620,7.4,2,IN,0,2.8051,0.0715,1
audio11.TextGrid,13,39,his,61.620,61.810,6.51,3,PRP$,0,5.3070,0.0839,1
audio11.TextGrid,13,40,feet,61.810,62.160,4.99,3,NNS,0,9.2133,1.0740,1
audio11.TextGrid,14,1,he,63.930,64.050,6.69,2,PRP,0,4.5353,1.7989,1
audio11.TextGrid,14,2,loved,64.050,64.290,5.0,4,VBD,0,9.1280,2.1985,1
audio11.TextGrid,14,3,green,64.290,64.650,5.13,4,JJ,0,9.7688,10.2059,1
audio11.TextGrid,14,4,turtles,64.650,65.240,3.72,6,NNS,1,5.4360,1.9960,1
audio11.TextGrid,14,5,and,65.240,65.370,7.41,2,CC,0,4.5858,1.0639,1
audio11.TextGrid,14,6,hawk,65.370,65.600,3.81,3,NN,1,5.6740,11.9216,1
audio11.TextGrid,14,7,bills,65.660,66.180,4.52,4,NNS,0,7.6724,6.1669,1
audio11.TextGrid,14,8,with,66.180,66.320,6.85,3,IN,0,4.8081,4.3952,1
audio11.TextGrid,14,9,their,66.320,66.520,6.33,3,PRP$,0,4.9238,1.1520,1
audio11.TextGrid,14,10,elegance,66.520,66.990,3.42,7,NN,1,4.2576,11.7912,1
audio11.TextGrid,14,11,and,66.990,67.110,7.41,3,CC,0,4.3895,0.6543,1
audio11.TextGrid,14,12,speed,67.110,67.630,5.0,4,NN,0,10.4484,6.4782,1
audio11.TextGrid,14,13,and,67.630,67.740,7.41,2,CC,0,3.4503,0.7099,1
audio11.TextGrid,14,14,their,67.740,67.890,6.33,3,PRP$,0,6.5883,2.8958,1
audio11.TextGrid,14,15,great,67.890,68.210,5.88,4,JJ,0,7.7961,4.1538,1
audio11.TextGrid,14,16,value,68.210,68.660,5.15,5,NN,0,7.0500,9.4136,1
audio11.TextGrid,15,1,and,69.320,69.420,7.41,2,CC,0,3.7036,2.3763,1
audio11.TextGrid,15,2,he,69.420,69.500,6.69,2,PRP,0,4.7461,2.2818,1
audio11.TextGrid,15,3,had,69.500,69.630,6.33,3,VBD,0,4.6856,3.4143,1
audio11.TextGrid,15,4,a,69.630,69.680,7.36,1,DT,0,3.3403,2.5115,1
audio11.TextGrid,15,5,friendly,69.680,70.020,4.64,6,JJ,0,9.3400,8.4614,1
audio11.TextGrid,15,6,contempt,70.020,70.530,3.74,8,NN,1,3.9915,6.2441,1
audio11.TextGrid,15,7,for,70.530,70.620,7.01,2,IN,0,4.0406,0.1034,1
audio11.TextGrid,15,8,the,70.620,70.770,7.73,2,DT,0,1.6949,1.4194,1
audio11.TextGrid,15,9,huge,70.770,71.110,5.06,3,JJ,0,8.0170,6.0040,1
audio11.TextGrid,15,10,stupid,71.110,71.530,4.94,6,JJ,0,9.9441,6.8178,1
audio11.TextGrid,15,11,loggerheads,71.530,72.340,2.26,8,NNS,1,5.6235,12.1339,1
audio11.TextGrid,15,12,yellow,72.690,73.180,4.69,4,VBP,0,11.9221,7.7255,1
audio11.TextGrid,15,13,in,73.180,73.250,7.27,2,IN,0,4.3702,5.9568,1
audio11.TextGrid,15,14,their,73.250,73.420,6.33,3,PRP$,0,4.9317,2.5375,1
audio11.TextGrid,15,15,armour,73.420,73.690,3.75,4,NN,1,4.2575,8.4377,1
audio11.TextGrid,15,16,plating,73.690,74.190,3.14,6,VBG,1,7.8371,4.8524,1
audio11.TextGrid,15,17,strange,74.310,74.920,4.64,6,NN,1,5.5740,7.6227,1
audio11.TextGrid,15,18,in,74.920,75.010,7.27,2,IN,0,3.2960,1.5313,1
audio11.TextGrid,15,19,their,75.010,75.130,6.33,3,PRP$,0,4.9297,0.1228,1
audio11.TextGrid,15,20,love,75.130,75.350,5.82,3,NN,1,4.2573,8.0491,1
audio11.TextGrid,15,21,making,75.350,75.810,5.54,5,NN,0,8.5080,3.1809,1
audio11.TextGrid,16,1,and,76.250,76.390,7.41,2,CC,0,3.7036,1.8647,1
audio11.TextGrid,16,2,happily,76.390,76.850,4.11,6,RB,1,4.1645,9.9984,1
audio11.TextGrid,16,3,eating,76.850,77.140,4.85,4,VBG,0,10.5813,5.0176,1
audio11.TextGrid,16,4,the,77.140,77.220,7.73,2,DT,0,2.3782,2.3922,1
audio11.TextGrid,16,5,portuguese,77.220,77.860,4.03,8,JJ,1,5.0783,11.7853,1
audio11.TextGrid,16,6,men,77.860,78.060,5.51,3,NNS,0,8.4459,2.7158,1
audio11.TextGrid,16,7,of,78.060,78.200,7.4,2,IN,0,3.0770,0.0781,1
audio11.TextGrid,16,8,war,78.200,78.510,5.46,3,NN,0,9.2703,0.0034,1
audio11.TextGrid,16,9,with,78.510,78.670,6.85,3,IN,0,5.5654,2.7587,1
audio11.TextGrid,16,10,their,78.670,78.890,6.33,3,PRP$,0,4.9231,1.1741,1
audio11.TextGrid,16,11,eyes,78.890,79.210,5.21,2,NNS,0,9.6187,5.2866,1
audio11.TextGrid,16,12,shut,79.210,79.610,4.78,3,VBP,0,10.4916,3.7152,1
audio11.TextGrid,17,1,he,80.880,81.020,6.69,2,PRP,0,4.5353,1.5873,1
audio11.TextGrid,17,2,had,81.020,81.190,6.33,3,VBD,0,4.7197,2.3741,1
audio11.TextGrid,17,3,no,81.190,81.340,6.35,2,DT,0,6.2819,2.4108,1
audio11.TextGrid,17,4,mysticism,81.340,82.010,3.07,10,NN,1,4.3310,14.7719,1
audio11.TextGrid,17,5,about,82.010,82.340,6.4,4,IN,0,5.6280,2.3092,1
audio11.TextGrid,17,6,turtles,82.340,82.890,3.72,6,NNS,1,6.8901,2.6884,1
audio11.TextGrid,17,7,although,82.950,83.190,5.3,4,IN,0,7.4700,7.7254,1
audio11.TextGrid,17,8,he,83.190,83.250,6.69,2,PRP,0,4.4405,0.5860,1
audio11.TextGrid,17,9,had,83.250,83.370,6.33,3,VBD,0,5.9993,1.6680,1
audio11.TextGrid,17,10,gone,83.370,83.640,5.17,3,VBN,0,10.2427,6.1513,1
audio11.TextGrid,17,11,in,83.640,83.740,7.27,2,IN,0,2.6894,4.2590,1
audio11.TextGrid,17,12,turtle,83.740,84.060,3.91,5,NN,1,5.7788,9.5857,1
audio11.TextGrid,17,13,boats,84.060,84.360,4.25,4,NNS,1,5.5636,4.6401,1
audio11.TextGrid,17,14,for,84.360,84.480,7.01,2,IN,0,3.8624,3.0848,1
audio11.TextGrid,17,15,many,84.480,84.700,5.91,4,JJ,0,6.5513,3.1403,1
audio11.TextGrid,17,16,years,84.700,85.220,5.96,3,NNS,0,4.9143,0.2148,1
audio11.TextGrid,18,1,he,85.880,85.980,6.69,2,PRP,0,4.5353,1.0410,1
audio11.TextGrid,18,2,was,85.980,86.130,6.82,3,VBD,0,3.9158,2.0627,1
audio11.TextGrid,18,3,sorry,86.130,86.470,5.18,4,NN,0,11.5247,5.9846,1
audio11.TextGrid,18,4,for,86.470,86.640,7.01,3,IN,0,4.5731,1.9907,1
audio11.TextGrid,18,5,them,86.640,86.800,6.19,3,PRP,0,5.9100,1.4756,1
audio11.TextGrid,18,6,all,86.800,87.100,6.52,2,DT,0,7.5314,4.2575,1
audio11.TextGrid,18,7,even,87.380,87.630,5.99,4,RB,0,7.7856,4.1114,1
audio11.TextGrid,18,8,the,87.630,87.700,7.73,2,DT,0,3.6733,1.2129,1
audio11.TextGrid,18,9,great,87.700,88.020,5.88,4,JJ,0,7.7334,4.1317,1
audio11.TextGrid,18,10,trunk,88.020,88.260,4.03,5,NN,1,4.2328,9.8102,1
audio11.TextGrid,18,11,backs,88.280,88.680,4.1,4,NNS,1,7.0357,10.3567,1
audio11.TextGrid,18,12,that,88.680,88.820,7.01,3,WDT,0,3.9224,2.3534,1
audio11.TextGrid,18,13,were,88.820,88.950,6.34,2,VBD,0,6.7925,2.4390,1
audio11.TextGrid,18,14,as,88.950,89.080,6.77,2,RB,0,5.1994,5.5417,1
audio11.TextGrid,18,15,long,89.080,89.360,5.81,3,RB,0,7.9137,3.5563,1
audio11.TextGrid,18,16,as,89.360,89.510,6.77,2,IN,0,5.2947,0.3847,1
audio11.TextGrid,18,17,the,89.510,89.620,7.73,2,DT,0,1.8648,1.5238,1
audio11.TextGrid,18,18,skiff,89.620,90.050,2.63,4,NN,1,4.1383,8.4817,1
audio11.TextGrid,18,19,and,90.050,90.190,7.41,3,CC,0,4.1373,2.4182,1
audio11.TextGrid,18,20,weighed,90.190,90.400,3.81,3,VBD,0,10.7403,7.8530,1
audio11.TextGrid,18,21,a,90.400,90.460,7.36,1,DT,0,3.3185,3.1185,1
audio11.TextGrid,18,22,ton,90.460,90.910,4.29,3,NN,0,8.4481,2.4209,1
audio11.TextGrid,19,1,most,91.550,91.780,6.0,3,JJS,0,7.1376,6.5858,1
audio11.TextGrid,19,2,people,91.780,92.130,6.25,5,NNS,0,6.5101,3.9435,1
audio11.TextGrid,19,3,are,92.130,92.190,6.74,1,VBP,0,4.0267,3.8907,1
audio11.TextGrid,19,4,heartless,92.190,92.600,3.33,7,JJ,1,5.9210,9.2722,1
audio11.TextGrid,19,5,about,92.600,92.860,6.4,4,IN,0,5.9708,2.9889,1
audio11.TextGrid,19,6,turtles,92.860,93.290,3.72,6,NNS,1,6.8703,0.5361,1
audio11.TextGrid,20,1,because,93.720,94.020,6.03,5,IN,0,6.7432,2.5323,1
audio11.TextGrid,20,2,a,94.020,94.080,7.36,1,DT,0,2.6385,5.3819,1
audio11.TextGrid,20,3,turtle,94.080,94.440,3.91,5,JJ,1,5.0722,0.7493,1
audio11.TextGrid,20,4,s,94.440,94.490,5.86,1,JJ,1,5.1972,2.9949,1
audio11.TextGrid,20,5,heart,94.490,94.750,5.31,4,NN,0,9.6276,3.4563,1
audio11.TextGrid,20,6,will,94.750,94.870,6.45,3,MD,0,5.6832,4.7179,1
audio11.TextGrid,20,7,beat,94.870,95.100,5.01,3,VB,0,7.8315,3.6812,1
audio11.TextGrid,20,8,for,95.100,95.290,7.01,3,IN,0,4.4202,2.1856,1
audio11.TextGrid,20,9,hours,95.290,95.650,5.4,3,NNS,0,9.2896,3.0324,1
audio11.TextGrid,20,10,after,95.650,95.910,6.11,4,IN,0,6.0347,3.5969,1
audio11.TextGrid,20,11,he,95.910,96.030,6.69,2,PRP,0,4.4621,4.0472,1
audio11.TextGrid,20,12,has,96.030,96.170,6.37,3,VBZ,0,5.4140,1.1077,1
audio11.TextGrid,20,13,been,96.170,96.340,6.27,3,VBN,0,5.8969,1.6571,1
audio11.TextGrid,20,14,cut,96.340,96.560,5.24,3,VBN,0,8.7262,4.8650,1
audio11.TextGrid,20,15,up,96.560,96.740,6.39,2,RP,0,5.0331,3.5399,1
audio11.TextGrid,20,16,and,96.740,96.810,7.41,2,CC,0,3.9735,1.3196,1
audio11.TextGrid,20,17,butchered,96.810,97.300,3.01,5,VBD,1,3.7243,8.1757,1
audio11.TextGrid,21,1,but,98.230,98.400,6.63,3,CC,0,5.3198,1.7717,1
audio11.TextGrid,21,2,the,98.420,98.560,7.73,2,DT,0,2.0364,2.1055,1
audio11.TextGrid,21,3,old,98.560,98.770,5.75,3,JJ,0,7.3360,2.3892,1
audio11.TextGrid,21,4,man,98.770,98.990,5.82,3,NN,0,7.6917,0.0471,1
audio11.TextGrid,21,5,thought,98.990,99.350,5.59,3,VBD,0,8.0503,4.0739,1
audio11.TextGrid,22,1,i,99.830,100.030,7.09,1,NNS,0,5.5144,3.2476,1
audio11.TextGrid,22,2,have,100.030,100.180,6.71,3,VBP,0,4.0795,2.6024,1
audio11.TextGrid,22,3,such,100.180,100.410,5.84,3,PDT,0,6.8332,6.5042,1
audio11.TextGrid,22,4,a,100.410,100.470,7.36,1,DT,0,4.7380,0.7367,1
audio11.TextGrid,22,5,heart,100.470,100.690,5.31,4,NN,0,9.6485,3.1804,1
audio11.TextGrid,22,6,too,100.710,101.020,5.95,2,RB,0,8.4528,4.0549,1
audio11.TextGrid,22,7,and,101.020,101.190,7.41,3,CC,0,3.5142,2.2231,1
audio11.TextGrid,22,8,my,101.220,101.420,6.57,2,PRP$,0,9.0327,4.3696,1
audio11.TextGrid,22,9,feet,101.420,101.680,4.99,3,NNS,0,9.2133,5.6574,1
audio11.TextGrid,22,10,and,101.680,101.810,7.41,2,CC,0,4.3853,3.6196,1
audio11.TextGrid,22,11,hands,101.810,102.180,5.16,4,NNS,0,9.4300,2.8807,1
audio11.TextGrid,22,12,are,102.180,102.260,6.74,1,VBP,0,4.5875,0.8814,1
audio11.TextGrid,22,13,like,102.260,102.510,6.41,3,IN,0,6.9991,3.1511,1
audio11.TextGrid,23,1,theirs,102.510,103.010,3.96,4,NN,1,5.9246,8.4035,1
audio11.TextGrid,23,2,he,103.920,104.080,6.69,2,PRP,0,7.2668,1.5062,1
audio11.TextGrid,23,3,ate,104.080,104.200,4.34,2,VBD,1,3.5781,5.0691,1
audio11.TextGrid,23,4,the,104.200,104.330,7.73,2,DT,0,2.4636,1.4990,1
audio11.TextGrid,23,5,white,104.330,104.620,5.51,3,JJ,0,7.9603,4.5792,1
audio11.TextGrid,23,6,eggs,104.620,104.960,4.5,3,NNS,1,6.7317,5.6630,1
audio11.TextGrid,23,7,to,104.960,105.060,7.43,2,TO,0,3.3870,5.6507,1
audio11.TextGrid,23,8,give,105.060,105.230,5.71,3,VB,0,7.2224,4.2309,1
audio11.TextGrid,23,9,himself,105.230,105.600,5.25,7,PRP,0,8.6590,3.5167,1
audio11.TextGrid,23,10,strength,105.600,105.990,4.8,7,NN,0,10.8516,4.5629,1
audio11.TextGrid,24,1,he,106.530,106.690,6.69,2,PRP,0,4.5353,1.0328,1
audio11.TextGrid,24,2,ate,106.690,106.790,4.34,2,VB,1,3.9158,2.0021,1
audio11.TextGrid,24,3,them,106.790,106.950,6.19,3,PRP,0,6.5024,2.0159,1
audio11.TextGrid,24,4,all,106.950,107.120,6.52,2,DT,0,7.5366,3.1111,1
audio11.TextGrid,24,5,through,107.120,107.350,5.87,3,IN,0,8.7159,6.7841,1
audio11.TextGrid,24,6,may,107.350,107.640,5.98,2,MD,0,8.0776,8.9300,1
audio11.TextGrid,24,7,to,107.640,107.750,7.43,2,TO,0,4.0073,3.4333,1
audio11.TextGrid,24,8,be,107.750,107.910,6.79,2,VB,0,4.1061,4.7968,1
audio11.TextGrid,24,9,strong,107.910,108.340,5.22,5,JJ,0,8.1866,4.4852,1
audio11.TextGrid,24,10,in,108.340,108.490,7.27,2,IN,0,3.7739,3.4589,1
audio11.TextGrid,24,11,september,108.490,109.050,5.15,8,NN,0,7.2679,5.3099,1
audio11.TextGrid,24,12,and,109.050,109.160,7.41,3,CC,0,3.8884,0.7608,1
audio11.TextGrid,24,13,october,109.160,109.780,5.11,6,NN,0,6.6985,3.7624,1
audio11.TextGrid,24,14,for,109.780,109.920,7.01,2,IN,0,4.2725,4.9472,1
audio11.TextGrid,24,15,the,109.920,110.030,7.73,2,DT,0,1.7006,1.7804,1
audio11.TextGrid,24,16,truly,110.030,110.400,4.87,5,NN,1,4.1356,12.1185,1
audio11.TextGrid,24,17,big,110.400,110.700,5.67,3,JJ,0,7.6660,4.1548,1
audio11.TextGrid,24,18,fish,110.700,111.010,4.9,3,NN,1,4.4779,2.1528,1
audio11.TextGrid,25,1,he,112.940,113.050,6.69,2,PRP,0,4.5353,1.0845,1
audio11.TextGrid,25,2,also,113.050,113.290,6.19,4,RB,0,6.6174,5.1677,1
audio11.TextGrid,25,3,drank,113.290,113.610,3.95,5,VBD,1,4.0428,4.3361,1
audio11.TextGrid,25,4,a,113.610,113.670,7.36,1,DT,0,3.3662,3.0454,1
audio11.TextGrid,25,5,cup,113.670,113.930,5.11,3,NN,1,4.1408,4.2041,1
audio11.TextGrid,25,6,of,113.930,114.050,7.4,2,IN,0,3.1644,0.3363,1
audio11.TextGrid,25,7,shark,114.050,114.430,4.1,4,NN,1,5.7911,8.6059,1
audio11.TextGrid,25,8,liver,114.430,114.690,4.18,4,NN,1,5.2339,5.2876,1
audio11.TextGrid,25,9,oil,114.690,115.070,5.1,2,NN,0,8.6171,2.9703,1
audio11.TextGrid,25,10,each,115.070,115.310,5.69,2,DT,0,8.7546,5.3126,1
audio11.TextGrid,25,11,day,115.310,115.570,5.95,2,NN,0,7.0844,0.7983,1
audio11.TextGrid,25,12,from,115.570,115.770,6.63,4,IN,0,4.9000,4.4066,1
audio11.TextGrid,25,13,the,115.770,115.830,7.73,2,DT,0,1.7012,1.0472,1
audio11.TextGrid,25,14,big,115.830,116.050,5.67,3,JJ,0,6.5812,4.8949,1
audio11.TextGrid,25,15,drum,116.050,116.350,4.11,4,NN,1,4.3001,8.1900,1
audio11.TextGrid,25,16,in,116.350,116.440,7.27,2,IN,0,3.2884,2.8535,1
audio11.TextGrid,25,17,the,116.440,116.500,7.73,2,DT,0,1.6952,0.4472,1
audio11.TextGrid,25,18,shack,116.500,116.910,3.43,3,NN,1,4.1359,8.1934,1
audio11.TextGrid,25,19,where,116.910,117.030,6.0,3,WRB,0,7.2912,2.9077,1
audio11.TextGrid,25,20,many,117.030,117.270,5.91,4,JJ,0,6.3141,6.1529,1
audio11.TextGrid,25,21,of,117.270,117.340,7.4,2,IN,0,4.2687,1.1628,1
audio11.TextGrid,25,22,the,117.340,117.430,7.73,2,DT,0,1.7089,0.5277,1
audio11.TextGrid,25,23,fishermen,117.430,117.820,3.65,7,NNS,1,6.4372,3.3273,1
audio11.TextGrid,25,24,kept,117.820,118.090,5.0,4,VBD,0,9.4452,4.9801,1
audio11.TextGrid,25,25,their,118.090,118.200,6.33,3,PRP$,0,5.8950,2.1619,1
audio11.TextGrid,25,26,gear,118.200,118.610,4.46,3,NN,1,4.2401,6.9143,1
audio11.TextGrid,26,1,it,119.300,119.430,6.95,2,PRP,0,3.8912,3.7228,1
audio11.TextGrid,26,2,was,119.430,119.640,6.82,3,VBD,0,3.9158,0.7092,1
audio11.TextGrid,26,3,there,119.640,119.830,6.31,3,RB,0,6.2307,6.1046,1
audio11.TextGrid,26,4,for,119.830,120.040,7.01,3,IN,0,4.0126,4.6603,1
audio11.TextGrid,26,5,all,120.040,120.210,6.52,2,DT,0,5.4383,3.5329,1
audio11.TextGrid,26,6,fishermen,120.210,120.650,3.65,7,NNS,1,6.5332,6.6060,1
audio11.TextGrid,26,7,who,120.650,120.720,6.34,2,WP,0,5.8963,2.2207,1
audio11.TextGrid,26,8,wanted,120.720,121.130,5.36,6,VBD,0,8.3635,3.1793,1
audio11.TextGrid,26,9,it,121.130,121.300,6.95,2,PRP,0,4.5031,4.0080,1
audio11.TextGrid,27,1,most,121.940,122.200,6.0,4,JJS,0,7.1376,5.7024,1
audio11.TextGrid,27,2,fishermen,122.200,122.640,3.65,7,NNS,1,5.8801,2.8315,1
audio11.TextGrid,27,3,hated,122.640,122.910,4.2,5,VBD,1,3.4294,5.5773,1
audio11.TextGrid,27,4,the,122.910,123.000,7.73,2,DT,0,2.4670,1.4243,1
audio11.TextGrid,27,5,taste,123.000,123.500,4.73,4,NN,0,10.2397,5.9719,1
audio11.TextGrid,28,1,but,124.130,124.250,6.63,3,CC,0,5.3198,2.5670,1
audio11.TextGrid,28,2,it,124.250,124.310,6.95,2,PRP,0,4.1006,3.4343,1
audio11.TextGrid,28,3,was,124.310,124.430,6.82,3,VBD,0,3.8833,0.5856,1
audio11.TextGrid,28,4,no,124.430,124.580,6.35,2,DT,0,6.2669,5.3336,1
audio11.TextGrid,28,5,worse,124.580,124.830,4.89,3,JJR,0,10.0120,3.6875,1
audio11.TextGrid,28,6,than,124.830,125.010,6.13,3,IN,0,6.0914,0.6195,1
audio11.TextGrid,28,7,getting,125.010,125.270,5.57,5,VBG,0,9.5234,5.8645,1
audio11.TextGrid,28,8,up,125.270,125.410,6.39,2,RP,0,4.9995,4.8465,1
audio11.TextGrid,28,9,at,125.410,125.470,6.7,2,IN,0,4.9818,3.0101,1
audio11.TextGrid,28,10,the,125.470,125.630,7.73,2,DT,0,1.6938,2.9425,1
audio11.TextGrid,28,11,hours,125.630,125.980,5.4,3,NNS,0,8.8897,7.8306,1
audio11.TextGrid,28,12,that,125.980,126.130,7.01,3,IN,0,4.1344,4.0275,1
audio11.TextGrid,28,13,they,126.130,126.260,6.5,2,PRP,0,4.8953,2.4870,1
audio11.TextGrid,28,14,rose,126.260,126.810,4.82,3,VBD,0,7.0578,9.2537,1
audio11.TextGrid,28,15,and,126.810,126.900,7.41,3,CC,0,3.9010,1.9691,1
audio11.TextGrid,28,16,it,126.900,126.960,6.95,2,PRP,0,5.7143,6.4224,1
audio11.TextGrid,28,17,was,126.960,127.140,6.82,3,VBD,0,4.5853,0.7028,1
audio11.TextGrid,28,18,very,127.140,127.390,6.0,4,RB,0,7.0105,4.0082,1
audio11.TextGrid,28,19,good,127.390,127.590,6.12,3,JJ,0,7.3598,2.3915,1
audio11.TextGrid,28,20,against,127.590,127.930,5.68,6,IN,0,7.1727,7.8236,1
audio11.TextGrid,28,21,all,127.930,128.110,6.52,2,DT,0,5.4558,3.5176,1
audio11.TextGrid,28,22,colds,128.110,128.570,2.97,5,NNS,1,6.5003,7.3283,1
audio11.TextGrid,28,23,and,128.570,128.710,7.41,3,CC,0,3.9522,0.8682,1
audio11.TextGrid,28,24,grippes,128.710,129.140,0.0,5,NNS,1,6.6281,17.7941,1
audio11.TextGrid,29,1,and,129.690,129.820,7.41,2,CC,0,3.7036,1.2994,1
audio11.TextGrid,29,2,it,129.820,129.930,6.95,2,PRP,0,4.1020,4.3883,1
audio11.TextGrid,29,3,was,129.930,130.050,6.82,3,VBD,0,3.8816,0.9456,1
audio11.TextGrid,29,4,good,130.050,130.240,6.12,3,JJ,0,7.8160,2.2771,1
audio11.TextGrid,29,5,for,130.240,130.360,7.01,2,IN,0,4.5708,0.9156,1
audio11.TextGrid,29,6,the,130.360,130.530,7.73,2,DT,0,1.6996,1.6198,1
audio11.TextGrid,29,7,eyes,130.530,130.990,5.21,2,NNS,0,10.4949,4.4370,1
audio11.TextGrid,30,1,now,132.320,132.550,6.18,2,RB,0,6.7634,5.2159,1
audio11.TextGrid,30,2,the,132.550,132.670,7.73,2,DT,0,2.5625,1.9381,1
audio11.TextGrid,30,3,old,132.670,132.890,5.75,3,JJ,0,7.3464,1.3227,1
audio11.TextGrid,30,4,man,132.890,133.090,5.82,3,NN,0,7.7268,0.0367,1
audio11.TextGrid,30,5,looked,133.090,133.330,5.11,4,VBD,0,10.1977,4.1825,1
audio11.TextGrid,30,6,up,133.330,133.570,6.39,2,RB,0,5.0393,1.8461,1
audio11.TextGrid,30,7,and,133.570,133.690,7.41,3,CC,0,4.3317,1.4418,1
audio11.TextGrid,30,8,saw,133.690,133.870,5.34,2,VBD,0,8.5299,0.9233,1
audio11.TextGrid,30,9,that,133.870,134.000,7.01,3,IN,0,4.2222,1.8034,1
audio11.TextGrid,30,10,the,134.000,134.080,7.73,2,DT,0,2.3391,1.0278,1
audio11.TextGrid,30,11,bird,134.080,134.380,4.63,3,NN,1,4.1398,6.9761,1
audio11.TextGrid,30,12,was,134.380,134.470,6.82,3,VBD,0,5.2474,1.8161,1
audio11.TextGrid,30,13,circling,134.470,134.890,3.33,6,VBG,1,7.4737,6.4033,1
audio11.TextGrid,30,14,again,134.890,135.230,5.7,4,RB,0,7.9734,6.5839,1
audio11.TextGrid,31,1,he,136.890,137.030,6.69,2,PRP,0,4.5353,4.2759,1
audio11.TextGrid,31,2,s,137.030,137.100,5.86,1,VBZ,1,3.3590,1.9465,1
audio11.TextGrid,31,3,found,137.100,137.430,5.68,4,VBD,0,7.7515,6.7538,1
audio11.TextGrid,31,4,fish,137.430,137.850,4.9,3,NN,1,6.6214,6.7685,1
audio11.TextGrid,31,5,he,138.110,138.240,6.69,2,PRP,0,7.0630,0.6866,1
audio11.TextGrid,31,6,said,138.240,138.440,6.01,3,VBD,0,4.3873,0.1491,1
audio11.TextGrid,31,7,aloud,138.440,138.890,3.51,4,NN,1,6.5184,6.7272,1
audio11.TextGrid,32,1,no,139.730,139.910,6.35,2,DT,0,5.7679,6.4298,1
audio11.TextGrid,32,2,flying,139.910,140.370,4.71,5,VBG,1,8.4462,9.5268,1
audio11.TextGrid,32,3,fish,140.370,140.660,4.9,3,JJ,1,5.8180,1.7854,1
audio11.TextGrid,32,4,broke,140.660,140.960,4.85,4,VBD,0,12.9576,8.8597,1
audio11.TextGrid,32,5,the,140.960,141.040,7.73,2,DT,0,2.4604,2.2029,1
audio11.TextGrid,32,6,surface,141.040,141.550,4.83,5,NN,1,4.1396,6.7794,1
audio11.TextGrid,32,7,and,141.550,141.650,7.41,2,CC,0,4.4759,2.3602,1
audio11.TextGrid,32,8,there,141.650,141.760,6.31,3,EX,0,6.2494,3.2966,1
audio11.TextGrid,32,9,was,141.760,141.910,6.82,3,VBD,0,4.5489,0.4727,1
audio11.TextGrid,32,10,no,141.910,142.060,6.35,2,DT,0,6.2580,0.9441,1
audio11.TextGrid,32,11,scattering,142.060,142.530,3.4,7,NN,1,4.3302,8.5593,1
audio11.TextGrid,32,12,of,142.530,142.600,7.4,2,IN,0,3.1327,1.0223,1
audio11.TextGrid,32,13,bait,142.600,142.890,3.85,3,NN,1,5.7919,6.4668,1
audio11.TextGrid,32,14,fish,142.890,143.190,4.9,3,NN,1,5.2201,5.9510,1
audio11.TextGrid,33,1,but,143.850,143.970,6.63,3,CC,0,5.3198,2.7268,1
audio11.TextGrid,33,2,as,143.970,144.140,6.77,2,IN,0,5.3266,4.6870,1
audio11.TextGrid,33,3,the,144.140,144.240,7.73,2,DT,0,2.4350,1.6371,1
audio11.TextGrid,33,4,old,144.240,144.490,5.75,3,JJ,0,7.3433,1.4207,1
audio11.TextGrid,33,5,man,144.490,144.730,5.82,3,NN,0,7.7156,0.0272,1
audio11.TextGrid,33,6,watched,144.730,145.180,4.72,4,VBD,0,10.6978,2.9458,1
audio11.TextGrid,33,7,a,145.520,145.600,7.36,1,DT,0,3.8978,2.9999,1
audio11.TextGrid,33,8,small,145.600,145.900,5.51,4,JJ,0,6.8901,3.2537,1
audio11.TextGrid,33,9,tuna,145.900,146.320,3.64,4,NN,1,3.9798,7.7723,1
audio11.TextGrid,33,10,rose,146.320,146.650,4.82,3,VBD,0,7.5191,5.8281,1
audio11.TextGrid,33,11,in,146.650,146.740,7.27,2,IN,0,3.6815,3.3316,1
audio11.TextGrid,33,12,the,146.740,146.950,7.73,2,DT,0,1.7628,0.6150,1
audio11.TextGrid,33,13,air,146.950,147.200,5.37,2,NN,0,8.6949,1.7415,1
audio11.TextGrid,33,14,turned,147.200,147.790,5.09,4,VBD,0,9.5573,5.3919,1
audio11.TextGrid,33,15,and,147.790,147.940,7.41,2,CC,0,3.9280,2.2174,1
audio11.TextGrid,33,16,dropped,147.940,148.240,4.73,5,VBD,0,7.3645,4.9963,1
audio11.TextGrid,33,17,head,148.240,148.430,5.51,3,NN,0,9.8313,6.4472,1
audio11.TextGrid,33,18,first,148.430,148.750,6.11,4,RB,0,6.9673,1.5058,1
audio11.TextGrid,33,19,into,148.750,148.910,6.11,4,IN,0,7.0972,1.1518,1
audio11.TextGrid,33,20,the,148.910,148.980,7.73,2,DT,0,1.7056,0.1167,1
audio11.TextGrid,33,21,water,148.980,149.440,5.52,4,NN,0,8.3719,1.3064,1
audio11.TextGrid,33,22,the,150.130,150.220,7.73,2,DT,0,3.7777,1.6581,1
audio11.TextGrid,33,23,tuna,150.220,150.500,3.64,4,NN,1,4.1431,3.1516,1
audio11.TextGrid,33,24,shone,150.500,150.830,3.23,3,NN,1,5.3638,8.6227,1
audio11.TextGrid,33,25,silver,150.830,151.280,4.81,5,NN,0,10.4837,6.8052,1
audio11.TextGrid,33,26,in,151.280,151.360,7.27,2,IN,0,3.3265,2.5714,1
audio11.TextGrid,33,27,the,151.360,151.440,7.73,2,DT,0,1.7076,0.4286,1
audio11.TextGrid,33,28,sun,151.440,151.880,4.97,3,NN,0,10.3503,3.2970,1
audio11.TextGrid,34,1,and,152.360,152.500,7.41,3,CC,0,3.7036,0.8317,1
audio11.TextGrid,34,2,after,152.500,152.770,6.11,4,IN,0,7.3330,5.8938,1
audio11.TextGrid,34,3,he,152.770,152.830,6.69,2,PRP,0,4.7283,5.0513,1
audio11.TextGrid,34,4,had,152.830,152.940,6.33,3,VBD,0,5.3508,1.2057,1
audio11.TextGrid,34,5,dropped,152.940,153.220,4.73,5,VBN,0,8.7993,4.1729,1
audio11.TextGrid,34,6,back,153.220,153.430,6.04,3,RB,0,7.0207,4.5597,1
audio11.TextGrid,34,7,into,153.430,153.600,6.11,4,IN,0,6.4139,1.8418,1
audio11.TextGrid,34,8,the,153.600,153.680,7.73,2,DT,0,1.7075,0.1477,1
audio11.TextGrid,34,9,water,153.680,154.040,5.52,4,NN,0,8.3738,0.6084,1
audio11.TextGrid,34,10,another,154.040,154.440,5.74,5,DT,0,8.2664,4.7924,1
audio11.TextGrid,34,11,and,154.440,154.590,7.41,3,CC,0,3.3901,5.7398,1
audio11.TextGrid,34,12,another,154.590,154.980,5.74,5,DT,0,6.8263,2.4935,1
audio11.TextGrid,34,13,rose,154.980,155.370,4.82,3,VBD,0,9.8178,3.9165,1
audio11.TextGrid,34,14,and,155.710,155.790,7.41,2,CC,0,3.9334,2.0995,1
audio11.TextGrid,34,15,they,155.790,155.870,6.5,2,PRP,0,6.2547,4.3332,1
audio11.TextGrid,34,16,were,155.870,156.000,6.34,2,VBD,0,5.2014,1.9126,1
audio11.TextGrid,34,17,jumping,156.000,156.390,4.23,6,VBG,0,11.1720,7.7264,1
audio11.TextGrid,34,18,in,156.390,156.470,7.27,2,IN,0,3.4472,2.9766,1
audio11.TextGrid,34,19,all,156.470,156.620,6.52,2,DT,0,5.4649,4.1067,1
audio11.TextGrid,34,20,directions,156.620,157.400,4.23,9,NNS,1,6.5496,0.3915,1
audio11.TextGrid,34,21,churning,157.400,157.820,3.12,5,VBG,1,7.7834,9.0349,1
audio11.TextGrid,34,22,the,157.820,157.880,7.73,2,DT,0,2.2412,2.8186,1
audio11.TextGrid,34,23,water,157.880,158.280,5.52,4,NN,0,8.3731,1.8005,1
audio11.TextGrid,34,24,and,158.280,158.430,7.41,3,CC,0,4.0718,1.9221,1
audio11.TextGrid,34,25,leaping,158.430,158.770,3.23,5,NN,1,5.5984,5.2314,1
audio11.TextGrid,34,26,in,158.770,158.850,7.27,2,IN,0,3.6095,2.6739,1
audio11.TextGrid,34,27,long,158.850,159.190,5.81,3,JJ,0,8.0655,6.7022,1
audio11.TextGrid,34,28,jumps,159.190,159.560,3.86,5,NNS,0,9.9551,6.3022,1
audio11.TextGrid,34,29,after,159.560,159.790,6.11,4,IN,0,6.0892,6.3771,1
audio11.TextGrid,34,30,the,159.790,159.880,7.73,2,DT,0,1.7034,1.6293,1
audio11.TextGrid,34,31,bait,159.880,160.230,3.85,3,NN,1,4.1364,6.7980,1
audio11.TextGrid,35,1,they,161.040,161.130,6.5,2,PRP,0,4.6769,2.5304,1
audio11.TextGrid,35,2,were,161.130,161.280,6.34,2,VBD,0,4.5379,1.1621,1
audio11.TextGrid,35,3,circling,161.280,161.750,3.33,6,VBG,1,7.5415,5.9435,1
audio11.TextGrid,35,4,it,161.750,161.930,6.95,2,PRP,0,4.3468,5.7989,1
audio11.TextGrid,35,5,and,161.930,162.040,7.41,2,CC,0,4.4745,1.9196,1
audio11.TextGrid,35,6,driving,162.040,162.490,4.9,6,VBG,0,10.0196,7.6704,1
audio11.TextGrid,35,7,it,162.490,162.660,6.95,2,PRP,0,4.4373,0.8898,1
audio11.TextGrid,36,1,if,164.270,164.390,6.47,2,IN,0,6.7770,5.4433,1
audio11.TextGrid,36,2,they,164.390,164.500,6.5,2,PRP,0,4.6467,1.7356,1
audio11.TextGrid,36,3,don,164.500,164.680,4.6,3,VBP,0,11.5770,6.1801,1
audio11.TextGrid,36,4,t,164.680,164.740,5.43,1,JJ,1,4.7413,0.0048,1
audio11.TextGrid,36,5,travel,164.740,165.000,5.0,6,NN,0,9.2473,8.5035,1
audio11.TextGrid,36,6,too,165.000,165.220,5.95,2,RB,0,7.8273,4.2234,1
audio11.TextGrid,36,7,fast,165.220,165.690,5.13,4,JJ,0,9.5597,1.0341,1
audio11.TextGrid,36,8,i,165.690,165.790,7.09,1,NN,0,7.4645,6.3272,1
audio11.TextGrid,36,9,will,165.790,165.940,6.45,3,MD,0,5.0716,1.7595,1
audio11.TextGrid,36,10,get,165.940,166.140,6.28,3,VB,0,5.7584,3.9301,1
audio11.TextGrid,36,11,into,166.140,166.340,6.11,4,IN,0,6.7063,4.5708,1
audio11.TextGrid,36,12,them,166.340,166.550,6.19,3,PRP,0,5.9259,3.6539,1
audio11.TextGrid,36,13,the,166.550,166.650,7.73,2,DT,0,3.5563,3.5744,1
audio11.TextGrid,36,14,old,166.650,166.870,5.75,3,JJ,0,7.3428,0.4689,1
audio11.TextGrid,36,15,man,166.870,167.100,5.82,3,NN,0,7.6961,0.0125,1
audio11.TextGrid,36,16,thought,167.100,167.440,5.59,3,VBD,0,8.7536,0.5998,1
audio11.TextGrid,37,1,and,167.960,168.050,7.41,2,CC,0,3.7036,1.4788,1
audio11.TextGrid,37,2,he,168.050,168.120,6.69,2,PRP,0,4.7461,2.3988,1
audio11.TextGrid,37,3,watched,168.120,168.510,4.72,4,VBD,0,9.9510,4.8956,1
audio11.TextGrid,37,4,the,168.510,168.610,7.73,2,DT,0,3.0236,2.0350,1
audio11.TextGrid,37,5,school,168.610,169.020,5.71,4,NN,0,6.8993,10.8023,1
audio11.TextGrid,37,6,working,169.020,169.410,5.45,5,VBG,0,9.0164,9.3043,1
audio11.TextGrid,37,7,the,169.410,169.470,7.73,2,DT,0,2.7521,3.0212,1
audio11.TextGrid,37,8,water,169.470,169.790,5.52,4,NN,0,8.3747,4.2858,1
audio11.TextGrid,37,9,white,169.790,170.220,5.51,3,JJ,0,8.9132,9.5723,1
audio11.TextGrid,37,10,and,170.590,170.660,7.41,2,CC,0,3.9055,1.7489,1
audio11.TextGrid,37,11,the,170.660,170.750,7.73,2,DT,0,2.2654,2.7608,1
audio11.TextGrid,37,12,bird,170.750,171.140,4.63,3,NN,1,4.1379,6.0961,1
audio11.TextGrid,37,13,now,171.140,171.360,6.18,2,RB,0,7.4000,7.4129,1
audio11.TextGrid,37,14,dropping,171.360,171.840,4.33,6,VBG,1,7.5548,5.9977,1
audio11.TextGrid,37,15,and,171.840,171.920,7.41,2,CC,0,4.0794,3.8570,1
audio11.TextGrid,37,16,dipping,171.920,172.340,3.48,5,VBG,1,6.9144,5.7369,1
audio11.TextGrid,37,17,into,172.340,172.490,6.11,4,IN,0,6.4813,2.1028,1
audio11.TextGrid,37,18,the,172.490,172.580,7.73,2,DT,0,1.7021,0.3241,1
audio11.TextGrid,37,19,bait,172.580,172.840,3.85,3,NN,1,4.1383,6.6473,1
audio11.TextGrid,37,20,fish,172.840,173.090,4.9,3,NN,1,5.4006,3.2672,1
audio11.TextGrid,37,21,that,173.090,173.250,7.01,3,WDT,0,4.0559,4.6117,1
audio11.TextGrid,37,22,were,173.250,173.340,6.34,2,VBD,0,6.6939,1.4105,1
audio11.TextGrid,37,23,forced,173.340,173.650,4.83,5,VBN,0,9.2563,10.5426,1
audio11.TextGrid,37,24,to,173.650,173.740,7.43,2,TO,0,2.8073,1.0829,1
audio11.TextGrid,37,25,the,173.740,173.850,7.73,2,DT,0,2.4603,4.8429,1
audio11.TextGrid,37,26,surface,173.850,174.260,4.83,5,NN,1,4.1360,2.4392,1
audio11.TextGrid,37,27,in,174.260,174.350,7.27,2,IN,0,3.2187,3.6949,1
audio11.TextGrid,37,28,their,174.350,174.480,6.33,3,PRP$,0,4.9345,4.0484,1
audio11.TextGrid,37,29,panic,174.480,174.990,4.26,5,NN,0,9.6619,7.9923,1
audio12.TextGrid,1,1,the,1.220,1.310,7.73,2,DT,0,1.8241,3.1133,1
audio12.TextGrid,1,2,bird,1.310,1.630,4.63,3,NN,1,4.1358,2.7314,1
audio12.TextGrid,1,3,is,1.630,1.730,7.07,2,VBZ,0,3.6170,1.1951,1
audio12.TextGrid,1,4,a,1.730,1.800,7.36,1,DT,0,3.5077,3.7619,1
audio12.TextGrid,1,5,great,1.800,2.100,5.88,4,JJ,0,7.7282,3.6240,1
audio12.TextGrid,1,6,help,2.100,2.460,5.75,4,NN,0,8.6447,6.1140,1
audio12.TextGrid,1,7,the,2.790,2.920,7.73,2,DT,0,3.3167,1.1403,1
audio12.TextGrid,1,8,old,2.920,3.120,5.75,3,JJ,0,7.3361,0.3059,1
audio12.TextGrid,1,9,man,3.120,3.390,5.82,3,NN,0,7.6945,0.0037,1
audio12.TextGrid,1,10,said,3.390,3.750,6.01,3,VBD,0,4.9432,0.1483,1
audio12.TextGrid,2,1,just,4.710,4.930,6.43,3,RB,0,7.1407,7.1242,1
audio12.TextGrid,2,2,then,4.930,5.180,6.07,3,RB,0,6.6148,1.8606,1
audio12.TextGrid,2,3,the,5.180,5.300,7.73,2,DT,0,3.1369,1.1513,1
audio12.TextGrid,2,4,stern,5.300,5.670,3.9,4,JJ,0,11.0960,9.7051,1
audio12.TextGrid,2,5,line,5.670,5.930,5.49,3,NN,0,8.6830,8.0865,1
audio12.TextGrid,2,6,came,5.930,6.200,5.5,3,VBD,0,7.4379,3.3383,1
audio12.TextGrid,2,7,taut,6.200,6.550,2.91,3,JJ,1,5.8346,8.4789,1
audio12.TextGrid,2,8,under,6.550,6.760,5.73,4,IN,0,7.1654,5.6247,1
audio12.TextGrid,2,9,his,6.760,6.950,6.51,3,PRP$,0,5.3079,2.3166,1
audio12.TextGrid,2,10,foot,6.950,7.250,4.87,3,NN,0,9.5651,4.4235,1
audio12.TextGrid,2,11,where,7.480,7.720,6.0,4,WRB,0,7.7004,6.1071,1
audio12.TextGrid,2,12,he,7.720,7.850,6.69,2,PRP,0,4.6698,1.5042,1
audio12.TextGrid,2,13,had,7.850,7.970,6.33,3,VBD,0,4.7249,1.8070,1
audio12.TextGrid,2,14,kept,7.970,8.130,5.0,4,VBN,0,9.3841,5.5721,1
audio12.TextGrid,2,15,a,8.130,8.180,7.36,1,DT,0,3.5227,2.7464,1
audio12.TextGrid,2,16,loop,8.180,8.400,4.29,3,NN,1,4.1434,7.4209,1
audio12.TextGrid,2,17,of,8.400,8.480,7.4,2,IN,0,2.9415,0.7129,1
audio12.TextGrid,2,18,the,8.480,8.570,7.73,2,DT,0,1.6974,2.7779,1
audio12.TextGrid,2,19,line,8.570,8.990,5.49,3,NN,0,7.6700,3.2571,1
audio12.TextGrid,2,20,and,9.240,9.360,7.41,2,CC,0,4.1787,1.5353,1
audio12.TextGrid,2,21,he,9.360,9.450,6.69,2,PRP,0,5.0492,1.4791,1
audio12.TextGrid,2,22,dropped,9.450,9.740,4.73,5,VBD,0,7.8381,5.1841,1
audio12.TextGrid,2,23,his,9.740,9.880,6.51,3,PRP$,0,6.0811,2.4423,1
audio12.TextGrid,2,24,oars,9.880,10.260,3.01,3,NNS,1,5.5719,7.2682,1
audio12.TextGrid,2,25,and,10.260,10.410,7.41,3,CC,0,4.2305,1.2472,1
audio12.TextGrid,2,26,felt,10.410,10.650,5.13,4,VBD,0,9.6402,6.2290,1
audio12.TextGrid,2,27,tile,10.650,10.750,3.72,3,JJ,1,5.8793,14.0755,1
audio12.TextGrid,2,28,weight,10.750,10.970,5.02,3,NN,0,11.3096,7.9442,1
audio12.TextGrid,2,29,of,10.970,11.060,7.4,2,IN,0,3.1599,3.2896,1
audio12.TextGrid,2,30,the,11.060,11.150,7.73,2,DT,0,1.6993,0.8049,1
audio12.TextGrid,2,31,small,11.150,11.480,5.51,4,JJ,0,6.8953,5.3030,1
audio12.TextGrid,2,32,tuna,11.480,11.830,3.64,4,NN,1,3.9927,2.6332,1
audio12.TextGrid,2,33,s,11.830,11.880,5.86,1,NN,1,5.8114,5.2916,1
audio12.TextGrid,2,34,shivering,11.880,12.350,3.14,6,VBG,1,7.7149,9.9321,1
audio12.TextGrid,2,35,pull,12.350,12.800,4.82,3,NN,0,11.6480,8.6875,1
audio12.TextGrid,2,36,as,12.800,12.890,6.77,2,IN,0,5.0116,4.0235,1
audio12.TextGrid,2,37,he,12.890,13.010,6.69,2,PRP,0,4.6742,1.4446,1
audio12.TextGrid,2,38,held,13.010,13.200,5.24,4,VBD,0,8.4045,4.7655,1
audio12.TextGrid,2,39,the,13.200,13.280,7.73,2,DT,0,2.9756,1.4859,1
audio12.TextGrid,2,40,line,13.280,13.570,5.49,3,NN,0,7.6811,2.1437,1
audio12.TextGrid,2,41,firm,13.570,13.950,4.79,3,NN,0,7.8211,7.1330,1
audio12.TextGrid,2,42,and,13.950,14.070,7.41,3,CC,0,4.0435,1.8140,1
audio12.TextGrid,2,43,commenced,14.070,14.460,3.78,7,VBD,1,4.6602,11.2319,1
audio12.TextGrid,2,44,to,14.460,14.560,7.43,2,TO,0,3.3085,1.1123,1
audio12.TextGrid,2,45,haul,14.560,14.790,3.88,3,VB,0,12.2799,6.3208,1
audio12.TextGrid,2,46,it,14.790,14.870,6.95,2,PRP,0,5.9636,1.5864,1
audio12.TextGrid,3,1,in,14.870,15.170,7.27,2,IN,0,4.1039,2.8228,1
audio12.TextGrid,3,2,the,16.480,16.580,7.73,2,DT,0,1.7509,1.4543,1
audio12.TextGrid,3,3,shivering,16.580,16.990,3.14,6,NN,1,4.1397,6.6188,1
audio12.TextGrid,3,4,increased,16.990,17.460,4.91,7,VBD,0,8.4684,7.9261,1
audio12.TextGrid,3,5,as,17.460,17.580,6.77,2,IN,0,4.5164,2.4072,1
audio12.TextGrid,3,6,he,17.580,17.670,6.69,2,PRP,0,4.5582,1.1650,1
audio12.TextGrid,3,7,pulled,17.670,18.030,4.67,4,VBD,0,11.4849,2.9305,1
audio12.TextGrid,3,8,in,18.030,18.190,7.27,2,IN,0,3.6746,3.6797,1
audio12.TextGrid,3,9,and,18.190,18.310,7.41,3,CC,0,4.8786,1.6649,1
audio12.TextGrid,3,10,he,18.620,18.750,6.69,2,PRP,0,5.0955,3.0237,1
audio12.TextGrid,3,11,could,18.750,18.910,6.06,3,MD,0,5.0570,3.2571,1
audio12.TextGrid,3,12,see,18.910,19.090,6.1,2,VB,0,6.2360,1.1702,1
audio12.TextGrid,3,13,the,19.090,19.190,7.73,2,DT,0,2.3089,0.9016,1
audio12.TextGrid,3,14,blue,19.190,19.460,5.13,3,JJ,0,8.9791,4.9303,1
audio12.TextGrid,3,15,back,19.460,19.760,6.04,3,NN,0,8.8914,7.1341,1
audio12.TextGrid,3,16,of,19.760,19.840,7.4,2,IN,0,3.1908,0.4395,1
audio12.TextGrid,3,17,the,19.840,19.950,7.73,2,DT,0,1.7177,0.1717,1
audio12.TextGrid,3,18,fish,19.950,20.200,4.9,3,NN,1,4.1390,2.8440,1
audio12.TextGrid,3,19,in,20.200,20.280,7.27,2,IN,0,3.3376,3.3067,1
audio12.TextGrid,3,20,the,20.280,20.340,7.73,2,DT,0,1.7040,0.4406,1
audio12.TextGrid,3,21,water,20.340,20.770,5.52,4,NN,0,8.3724,1.1962,1
audio12.TextGrid,3,22,and,20.770,20.860,7.41,2,CC,0,3.8071,1.9283,1
audio12.TextGrid,3,23,the,20.860,20.940,7.73,2,DT,0,2.1527,1.4923,1
audio12.TextGrid,3,24,gold,20.940,21.300,5.17,4,NN,0,7.9449,6.5051,1
audio12.TextGrid,3,25,of,21.300,21.410,7.4,2,IN,0,3.3872,3.1191,1
audio12.TextGrid,3,26,his,21.410,21.560,6.51,3,PRP$,0,5.3078,3.1287,1
audio12.TextGrid,3,27,sides,21.560,22.090,4.73,4,NNS,0,8.1146,9.7809,1
audio12.TextGrid,3,28,before,22.090,22.430,5.93,5,IN,0,6.7611,6.5186,1
audio12.TextGrid,3,29,he,22.430,22.550,6.69,2,PRP,0,4.4922,1.7207,1
audio12.TextGrid,3,30,swung,22.550,22.910,3.47,4,VBD,1,4.3276,5.1894,1
audio12.TextGrid,3,31,him,22.910,23.020,6.11,2,PRP,0,8.0993,3.9624,1
audio12.TextGrid,3,32,over,23.020,23.200,6.08,3,IN,0,6.1955,2.6688,1
audio12.TextGrid,3,33,the,23.200,23.300,7.73,2,DT,0,1.7407,1.5070,1
audio12.TextGrid,3,34,side,23.300,23.700,5.5,3,NN,0,8.0391,3.5394,1
audio12.TextGrid,3,35,and,23.700,23.870,7.41,3,CC,0,4.0061,1.2131,1
audio12.TextGrid,3,36,into,23.870,24.090,6.11,4,IN,0,7.2725,3.6688,1
audio12.TextGrid,3,37,the,24.090,24.170,7.73,2,DT,0,1.7861,0.1033,1
audio12.TextGrid,3,38,boat,24.170,24.590,4.71,3,NN,1,4.1389,4.2201,1
audio12.TextGrid,4,1,he,25.380,25.500,6.69,2,PRP,0,4.5353,1.6226,1
audio12.TextGrid,4,2,lay,25.500,25.670,4.64,2,VBD,0,9.8211,5.8860,1
audio12.TextGrid,4,3,in,25.670,25.800,7.27,2,IN,0,3.7053,2.9295,1
audio12.TextGrid,4,4,the,25.800,25.880,7.73,2,DT,0,1.7651,0.6008,1
audio12.TextGrid,4,5,stern,25.880,26.320,3.9,4,NN,0,11.0494,5.1637,1
audio12.TextGrid,4,6,in,26.320,26.440,7.27,2,IN,0,4.2871,4.6724,1
audio12.TextGrid,4,7,the,26.440,26.520,7.73,2,DT,0,1.7004,0.9639,1
audio12.TextGrid,4,8,sun,26.520,26.890,4.97,3,NN,0,10.3510,4.5961,1
audio12.TextGrid,4,9,compact,27.120,27.670,4.06,7,NN,1,5.1724,12.4336,1
audio12.TextGrid,4,10,and,27.670,27.750,7.41,2,CC,0,4.4331,1.5155,1
audio12.TextGrid,4,11,bullet,27.750,28.140,4.24,5,NN,1,5.3026,10.4077,1
audio12.TextGrid,4,12,shaped,28.140,28.580,4.38,4,VBD,1,5.2984,6.8517,1
audio12.TextGrid,4,13,his,28.890,29.070,6.51,3,PRP$,0,6.0688,2.6488,1
audio12.TextGrid,4,14,big,29.070,29.390,5.67,3,JJ,0,6.6809,5.0178,1
audio12.TextGrid,4,15,unintelligent,29.390,30.090,2.49,12,JJ,1,5.2117,12.0332,1
audio12.TextGrid,4,16,eyes,30.090,30.450,5.21,2,NNS,0,10.3573,2.6408,1
audio12.TextGrid,4,17,staring,30.450,30.970,4.14,6,VBG,1,7.4673,3.2474,1
audio12.TextGrid,4,18,as,30.970,31.120,6.77,2,IN,0,4.8319,5.3097,1
audio12.TextGrid,4,19,he,31.120,31.240,6.69,2,PRP,0,4.5762,0.6892,1
audio12.TextGrid,4,20,thumped,31.240,31.570,2.42,5,VBD,1,5.0923,10.1427,1
audio12.TextGrid,4,21,his,31.570,31.730,6.51,3,PRP$,0,6.0561,1.4088,1
audio12.TextGrid,4,22,life,31.730,32.000,5.89,3,NN,0,7.5798,8.7843,1
audio12.TextGrid,4,23,out,32.000,32.190,6.38,2,RP,0,6.8936,1.5922,1
audio12.TextGrid,4,24,against,32.190,32.480,5.68,6,IN,0,7.6937,6.0985,1
audio12.TextGrid,4,25,the,32.480,32.570,7.73,2,DT,0,1.7146,0.0957,1
audio12.TextGrid,4,26,planking,32.570,33.000,2.5,7,NN,1,4.1392,11.3030,1
audio12.TextGrid,4,27,of,33.000,33.080,7.4,2,IN,0,3.1059,1.7693,1
audio12.TextGrid,4,28,the,33.080,33.170,7.73,2,DT,0,1.6988,0.1721,1
audio12.TextGrid,4,29,boat,33.170,33.530,4.71,3,NN,1,4.1369,1.3691,1
audio12.TextGrid,4,30,with,33.530,33.670,6.85,3,IN,0,4.8131,3.5453,1
audio12.TextGrid,4,31,the,33.670,33.740,7.73,2,DT,0,1.6955,1.8687,1
audio12.TextGrid,4,32,quick,33.740,34.010,4.98,4,JJ,0,9.6247,5.7632,1
audio12.TextGrid,4,33,shivering,34.010,34.430,3.14,6,NN,1,3.9923,7.4110,1
audio12.TextGrid,4,34,strokes,34.430,34.840,3.75,6,NNS,1,7.1840,6.7624,1
audio12.TextGrid,4,35,of,34.840,34.930,7.4,2,IN,0,2.8663,0.6248,1
audio12.TextGrid,4,36,his,34.930,35.130,6.51,3,PRP$,0,5.3062,0.6709,1
audio12.TextGrid,4,37,neat,35.130,35.390,3.99,3,NN,0,10.7484,11.2847,1
audio12.TextGrid,4,38,fast,35.390,35.720,5.13,4,RB,0,11.0631,4.9030,1
audio12.TextGrid,4,39,moving,35.720,36.070,5.02,5,VBG,0,10.6930,2.1478,1
audio12.TextGrid,4,40,tail,36.070,36.490,4.34,3,NN,1,4.7350,4.0074,1
audio12.TextGrid,5,1,the,37.660,37.770,7.73,2,DT,0,1.8241,1.4391,1
audio12.TextGrid,5,2,old,37.770,37.950,5.75,3,JJ,0,7.3292,1.5770,1
audio12.TextGrid,5,3,man,37.950,38.200,5.82,3,NN,0,7.6921,0.0051,1
audio12.TextGrid,5,4,hit,38.200,38.360,5.37,3,VBD,0,7.8311,7.2835,1
audio12.TextGrid,5,5,him,38.360,38.450,6.11,2,PRP,0,8.2822,2.8817,1
audio12.TextGrid,5,6,on,38.450,38.550,6.91,2,IN,0,4.4599,1.8334,1
audio12.TextGrid,5,7,the,38.550,38.650,7.73,2,DT,0,1.6980,0.1179,1
audio12.TextGrid,5,8,head,38.650,38.890,5.51,3,NN,0,7.8732,1.2890,1
audio12.TextGrid,5,9,for,38.890,38.980,7.01,2,IN,0,4.2468,4.9558,1
audio12.TextGrid,5,10,kindness,38.980,39.590,4.0,7,NN,0,11.8913,12.1333,1
audio12.TextGrid,5,11,and,39.910,40.000,7.41,2,CC,0,4.3743,0.9177,1
audio12.TextGrid,5,12,kicked,40.000,40.330,4.38,4,VBD,0,11.5238,7.3895,1
audio12.TextGrid,5,13,him,40.330,40.570,6.11,3,PRP,0,8.5314,0.4721,1
audio12.TextGrid,5,14,his,40.970,41.150,6.51,3,PRP$,0,7.4478,4.1411,1
audio12.TextGrid,5,15,body,41.150,41.500,5.4,4,NN,0,9.6634,3.4652,1
audio12.TextGrid,5,16,still,41.500,41.780,5.92,4,RB,0,7.6250,4.2477,1
audio12.TextGrid,5,17,shuddering,41.780,42.330,2.62,6,VBG,1,7.5213,6.5735,1
audio12.TextGrid,5,18,under,42.510,42.710,5.73,4,IN,0,6.6117,6.7323,1
audio12.TextGrid,5,19,the,42.710,42.810,7.73,2,DT,0,1.7014,0.3628,1
audio12.TextGrid,5,20,shade,42.810,43.100,4.16,3,NN,1,4.1380,8.9593,1
audio12.TextGrid,5,21,of,43.100,43.180,7.4,2,IN,0,3.0613,0.4098,1
audio12.TextGrid,5,22,the,43.180,43.270,7.73,2,DT,0,1.6970,0.2872,1
audio12.TextGrid,5,23,stern,43.270,43.780,3.9,4,NN,0,11.0447,6.3518,1
audio12.TextGrid,6,1,albacore,45.520,46.200,2.23,7,NN,1,5.9246,15.4933,1
audio12.TextGrid,6,2,he,46.520,46.640,6.69,2,PRP,0,7.2668,0.6152,1
audio12.TextGrid,6,3,said,46.640,46.830,6.01,3,VBD,0,3.5781,0.3927,1
audio12.TextGrid,6,4,aloud,46.830,47.210,3.51,4,NN,1,6.5387,4.5987,1
audio12.TextGrid,7,1,he,47.210,47.270,6.69,2,PRP,0,4.5353,3.7057,1
audio12.TextGrid,7,2,ll,47.820,47.930,4.66,2,VBD,1,3.3819,3.5329,1
audio12.TextGrid,7,3,make,47.930,48.130,6.08,3,VB,0,7.1053,4.3375,1
audio12.TextGrid,7,4,a,48.130,48.180,7.36,1,DT,0,3.1839,1.8330,1
audio12.TextGrid,7,5,beautiful,48.180,48.610,5.22,8,JJ,0,9.3404,6.3426,1
audio12.TextGrid,7,6,bait,48.610,49.020,3.85,3,NN,1,3.9927,6.3863,1
audio12.TextGrid,8,1,he,49.480,49.570,6.69,2,PRP,0,4.5353,1.8319,1
audio12.TextGrid,8,2,ll,49.570,49.600,4.66,1,VBZ,1,3.3590,0.7808,1
audio12.TextGrid,8,3,weigh,49.600,49.810,3.99,2,JJ,0,10.1565,7.2846,1
audio12.TextGrid,8,4,ten,49.810,50.100,5.05,3,CD,0,11.4848,4.3314,1
audio12.TextGrid,8,5,pounds,50.100,50.720,4.53,5,NNS,0,9.5342,1.3259,1
audio12.TextGrid,9,1,he,53.260,53.380,6.69,2,PRP,0,4.5353,2.2401,1
audio12.TextGrid,9,2,did,53.380,53.500,5.96,3,VBD,0,5.6940,4.5399,1
audio12.TextGrid,9,3,not,53.500,53.700,6.69,3,RB,0,5.4771,0.4120,1
audio12.TextGrid,9,4,remember,53.700,54.060,5.38,7,VB,0,10.3731,5.3835,1
audio12.TextGrid,9,5,when,54.060,54.420,6.37,3,WRB,0,6.7277,3.4847,1
audio12.TextGrid,9,6,he,54.420,54.580,6.69,2,PRP,0,4.7280,0.7369,1
audio12.TextGrid,9,7,had,54.580,54.750,6.33,3,VBD,0,4.7251,1.4261,1
audio12.TextGrid,9,8,first,54.750,55.150,6.11,4,RB,0,6.6857,2.8309,1
audio12.TextGrid,9,9,started,55.150,55.560,5.39,7,VBN,0,9.6820,4.4461,1
audio12.TextGrid,9,10,to,55.560,55.640,7.43,2,TO,0,3.0758,2.1229,1
audio12.TextGrid,9,11,talk,55.640,55.920,5.42,3,VB,0,8.2780,5.0207,1
audio12.TextGrid,9,12,aloud,55.920,56.430,3.51,4,NN,1,6.3610,8.3170,1
audio12.TextGrid,9,13,when,56.430,56.580,6.37,3,WRB,0,6.3092,4.6235,1
audio12.TextGrid,9,14,he,56.580,56.670,6.69,2,PRP,0,4.6788,0.7816,1
audio12.TextGrid,9,15,was,56.670,56.830,6.82,3,VBD,0,3.9209,1.4650,1
audio12.TextGrid,9,16,by,56.830,57.040,6.66,2,IN,0,5.0213,7.3421,1
audio12.TextGrid,9,17,himself,57.040,57.540,5.25,7,PRP,0,8.0107,0.8232,1
audio12.TextGrid,10,1,he,58.260,58.380,6.69,2,PRP,0,4.5353,1.1963,1
audio12.TextGrid,10,2,had,58.380,58.520,6.33,3,VBD,0,4.7197,1.6960,1
audio12.TextGrid,10,3,sung,58.520,58.890,3.91,3,NN,1,6.5519,9.4774,1
audio12.TextGrid,10,4,when,58.890,59.030,6.37,3,WRB,0,6.6985,4.5368,1
audio12.TextGrid,10,5,he,59.030,59.120,6.69,2,PRP,0,4.6839,0.2968,1
audio12.TextGrid,10,6,was,59.120,59.270,6.82,3,VBD,0,3.9210,0.4926,1
audio12.TextGrid,10,7,by,59.270,59.470,6.66,2,IN,0,5.0287,5.0758,1
audio12.TextGrid,10,8,himself,59.470,59.900,5.25,7,PRP,0,8.0094,0.0674,1
audio12.TextGrid,10,9,in,59.900,59.970,7.27,2,IN,0,2.8986,3.3870,1
audio12.TextGrid,10,10,the,59.970,60.090,7.73,2,DT,0,1.6972,0.9009,1
audio12.TextGrid,10,11,old,60.090,60.280,5.75,3,JJ,0,7.3292,3.5361,1
audio12.TextGrid,10,12,days,60.280,60.690,5.61,3,NNS,0,6.5959,3.0073,1
audio12.TextGrid,10,13,and,60.690,60.800,7.41,2,CC,0,4.1591,1.2359,1
audio12.TextGrid,10,14,he,60.800,60.880,6.69,2,PRP,0,5.0224,1.6502,1
audio12.TextGrid,10,15,had,60.880,61.010,6.33,3,VBD,0,5.2058,1.2573,1
audio12.TextGrid,10,16,sung,61.010,61.250,3.91,3,VBN,1,6.3361,2.4190,1
audio12.TextGrid,10,17,at,61.250,61.400,6.7,2,IN,0,4.1075,3.6839,1
audio12.TextGrid,10,18,night,61.400,61.660,5.61,3,NN,0,9.7961,3.0432,1
audio12.TextGrid,10,19,sometimes,61.660,62.300,5.28,7,RB,0,9.2756,6.7231,1
audio12.TextGrid,10,20,when,62.300,62.410,6.37,3,WRB,0,6.7796,1.7203,1
audio12.TextGrid,10,21,he,62.410,62.500,6.69,2,PRP,0,4.7087,0.3224,1
audio12.TextGrid,10,22,was,62.500,62.650,6.82,3,VBD,0,3.9198,0.4255,1
audio12.TextGrid,10,23,alone,62.650,63.060,5.16,4,RB,0,8.5847,1.5226,1
audio12.TextGrid,10,24,steering,63.060,63.540,3.93,6,VBG,1,7.2154,13.9655,1
audio12.TextGrid,10,25,on,63.540,63.700,6.91,2,IN,0,4.5931,4.8695,1
audio12.TextGrid,10,26,his,63.700,63.920,6.51,3,PRP$,0,5.3401,2.2755,1
audio12.TextGrid,10,27,watch,63.920,64.300,5.34,3,NN,0,8.9644,5.4157,1
audio12.TextGrid,10,28,in,64.300,64.370,7.27,2,IN,0,3.2582,3.3865,1
audio12.TextGrid,10,29,the,64.370,64.470,7.73,2,DT,0,1.7042,0.3215,1
audio12.TextGrid,10,30,smacks,64.470,65.000,3.03,5,NNS,1,6.4483,15.4063,1
audio12.TextGrid,10,31,or,65.000,65.120,6.54,2,CC,0,5.5723,6.7688,1
audio12.TextGrid,10,32,in,65.120,65.180,7.27,2,IN,0,3.9238,2.4077,1
audio12.TextGrid,10,33,the,65.180,65.270,7.73,2,DT,0,1.8302,0.2552,1
audio12.TextGrid,10,34,turtle,65.270,65.560,3.91,5,NN,1,4.1380,10.1291,1
audio12.TextGrid,10,35,boats,65.560,66.000,4.25,4,NNS,1,6.6377,3.4328,1
audio12.TextGrid,11,1,he,67.340,67.420,6.69,2,PRP,0,4.5353,1.1992,1
audio12.TextGrid,11,2,had,67.420,67.540,6.33,3,VBD,0,4.7197,1.0863,1
audio12.TextGrid,11,3,probably,67.540,68.010,5.37,8,RB,0,7.7129,6.6774,1
audio12.TextGrid,11,4,started,68.010,68.380,5.39,7,VBN,0,8.5288,4.3077,1
audio12.TextGrid,11,5,to,68.380,68.460,7.43,2,TO,0,3.1142,1.7286,1
audio12.TextGrid,11,6,talk,68.460,68.800,5.42,3,VB,0,8.2640,1.6667,1
audio12.TextGrid,11,7,aloud,68.800,69.290,3.51,4,JJ,1,5.7581,4.8643,1
audio12.TextGrid,11,8,when,69.290,69.400,6.37,3,WRB,0,7.1948,3.0323,1
audio12.TextGrid,11,9,alone,69.400,69.790,5.16,4,RB,0,8.9626,7.5468,1
audio12.TextGrid,11,10,when,69.830,69.980,6.37,3,WRB,0,7.3328,0.9179,1
audio12.TextGrid,11,11,the,69.980,70.050,7.73,2,DT,0,2.0813,2.8497,1
audio12.TextGrid,11,12,boy,70.050,70.320,5.17,2,NN,0,10.2358,5.9987,1
audio12.TextGrid,11,13,had,70.320,70.490,6.33,3,VBD,0,4.9878,2.3702,1
audio12.TextGrid,11,14,left,70.490,70.880,5.62,4,VBN,0,9.0187,4.0602,1
audio12.TextGrid,12,1,but,71.500,71.630,6.63,3,CC,0,5.3198,2.1626,1
audio12.TextGrid,12,2,he,71.630,71.720,6.69,2,PRP,0,4.7447,1.4615,1
audio12.TextGrid,12,3,did,71.720,71.870,5.96,3,VBD,0,5.6615,2.6385,1
audio12.TextGrid,12,4,not,71.870,72.080,6.69,3,RB,0,5.4721,0.1319,1
audio12.TextGrid,12,5,remember,72.080,72.590,5.38,7,VB,0,10.3673,1.1613,1
audio12.TextGrid,13,1,when,73.340,73.480,6.37,3,WRB,0,6.5749,3.7922,1
audio12.TextGrid,13,2,he,73.480,73.660,6.69,2,PRP,0,4.6921,0.5157,1
audio12.TextGrid,13,3,and,73.660,73.740,7.41,2,CC,0,4.6779,6.1670,1
audio12.TextGrid,13,4,the,73.740,73.810,7.73,2,DT,0,2.0109,0.8037,1
audio12.TextGrid,13,5,boy,73.810,74.080,5.17,2,NN,0,10.2361,0.6815,1
audio12.TextGrid,13,6,fished,74.080,74.360,3.08,4,VBN,1,5.3226,9.5631,1
audio12.TextGrid,13,7,together,74.360,74.770,5.46,6,RB,0,7.9655,2.0236,1
audio12.TextGrid,13,8,they,74.770,74.900,6.5,2,PRP,0,5.5484,2.6171,1
audio12.TextGrid,13,9,usually,74.900,75.440,5.15,6,RB,0,8.4022,6.3829,1
audio12.TextGrid,13,10,spoke,75.440,75.790,4.61,4,VBD,0,10.0613,3.6254,1
audio12.TextGrid,13,11,only,75.790,76.030,6.12,4,RB,0,6.0529,3.3283,1
audio12.TextGrid,13,12,when,76.030,76.190,6.37,3,WRB,0,6.7798,2.2723,1
audio12.TextGrid,13,13,it,76.190,76.310,6.95,2,PRP,0,4.0141,3.7775,1
audio12.TextGrid,13,14,was,76.310,76.450,6.82,3,VBD,0,3.9205,0.1643,1
audio12.TextGrid,13,15,necessary,76.450,77.120,4.91,8,JJ,0,9.1892,3.3999,1
audio12.TextGrid,14,1,they,78.160,78.270,6.5,2,PRP,0,4.6769,2.7010,1
audio12.TextGrid,14,2,talked,78.270,78.590,4.62,4,VBD,0,9.9807,2.8988,1
audio12.TextGrid,14,3,at,78.590,78.720,6.7,2,IN,0,4.2184,3.3859,1
audio12.TextGrid,14,4,night,78.720,79.130,5.61,3,NN,0,9.7954,1.8264,1
audio12.TextGrid,14,5,or,79.130,79.240,6.54,2,CC,0,6.1226,3.2937,1
audio12.TextGrid,14,6,when,79.240,79.400,6.37,3,WRB,0,7.6781,1.4526,1
audio12.TextGrid,14,7,they,79.400,79.480,6.5,2,PRP,0,4.8567,1.1285,1
audio12.TextGrid,14,8,were,79.480,79.610,6.34,2,VBD,0,4.5437,0.8113,1
audio12.TextGrid,14,9,storm,79.610,80.000,4.66,5,VBN,0,12.5032,10.0062,1
audio12.TextGrid,14,10,bound,80.000,80.350,4.46,4,VBN,1,6.2312,3.0687,1
audio12.TextGrid,14,11,by,80.350,80.540,6.66,2,IN,0,4.1776,5.0693,1
audio12.TextGrid,14,12,bad,80.540,80.820,5.53,3,JJ,0,8.5030,5.2863,1
audio12.TextGrid,14,13,weather,80.820,81.190,4.87,4,NN,0,9.9745,0.2174,1
audio12.TextGrid,15,1,it,81.820,81.920,6.95,2,PRP,0,3.8912,3.2672,1
audio12.TextGrid,15,2,was,81.920,82.090,6.82,3,VBD,0,3.9158,0.3914,1
audio12.TextGrid,15,3,considered,82.090,82.550,5.08,8,VBN,0,9.1950,6.9693,1
audio12.TextGrid,15,4,a,82.550,82.600,7.36,1,DT,0,4.0109,2.0710,1
audio12.TextGrid,15,5,virtue,82.600,83.180,3.94,4,NN,0,9.5590,6.7669,1
audio12.TextGrid,15,6,not,83.180,83.400,6.69,3,RB,0,6.3726,2.6887,1
audio12.TextGrid,15,7,to,83.400,83.480,7.43,2,TO,0,3.7797,0.0200,1
audio12.TextGrid,15,8,talk,83.480,83.800,5.42,3,VB,0,8.4833,1.0867,1
audio12.TextGrid,15,9,unnecessarily,83.800,84.620,3.42,12,RB,1,4.7322,8.4669,1
audio12.TextGrid,15,10,at,84.620,84.730,6.7,2,IN,0,5.1486,3.6168,1
audio12.TextGrid,15,11,sea,84.730,85.080,5.06,2,NN,0,8.2760,4.9626,1
audio12.TextGrid,16,1,and,85.660,85.740,7.41,2,CC,0,3.7036,2.6045,1
audio12.TextGrid,16,2,the,85.740,85.840,7.73,2,DT,0,2.0380,2.7958,1
audio12.TextGrid,16,3,old,85.840,86.030,5.75,3,JJ,0,7.3360,1.4374,1
audio12.TextGrid,16,4,man,86.030,86.200,5.82,3,NN,0,7.6917,0.0906,1
audio12.TextGrid,16,5,had,86.200,86.290,6.33,3,VBD,0,4.8706,2.2914,1
audio12.TextGrid,16,6,always,86.290,86.590,5.76,5,RB,0,7.6436,2.8915,1
audio12.TextGrid,16,7,considered,86.590,87.070,5.08,8,VBN,0,7.9687,5.6458,1
audio12.TextGrid,16,8,it,87.070,87.180,6.95,2,PRP,0,5.3650,0.8607,1
audio12.TextGrid,16,9,so,87.180,87.420,6.52,2,RB,0,6.3062,5.2001,1
audio12.TextGrid,16,10,and,87.420,87.530,7.41,3,CC,0,4.1753,3.0590,1
audio12.TextGrid,16,11,respected,87.530,88.000,4.11,9,VBD,0,10.1538,7.6833,1
audio12.TextGrid,16,12,it,88.000,88.210,6.95,2,PRP,0,5.1826,0.8283,1
audio12.TextGrid,17,1,but,88.850,89.020,6.63,3,CC,0,5.3198,1.8261,1
audio12.TextGrid,17,2,now,89.020,89.420,6.18,2,RB,0,5.6993,1.8720,1
audio12.TextGrid,17,3,he,89.540,89.660,6.69,2,PRP,0,6.8735,0.9299,1
audio12.TextGrid,17,4,said,89.660,89.850,6.01,3,VBD,0,3.4967,3.6998,1
audio12.TextGrid,17,5,his,89.850,90.010,6.51,3,PRP$,0,6.0744,4.6395,1
audio12.TextGrid,17,6,thoughts,90.010,90.310,4.75,4,NNS,1,5.5711,4.7081,1
audio12.TextGrid,17,7,aloud,90.310,90.740,3.51,4,VBP,1,4.9222,3.2007,1
audio12.TextGrid,17,8,many,90.740,90.960,5.91,4,JJ,0,6.8387,8.2102,1
audio12.TextGrid,17,9,times,90.960,91.500,5.56,4,NNS,0,7.5910,0.1976,1
audio12.TextGrid,18,1,since,91.940,92.240,5.75,4,IN,0,7.5503,6.2765,1
audio12.TextGrid,18,2,there,92.240,92.340,6.31,3,EX,0,5.6886,5.6976,1
audio12.TextGrid,18,3,was,92.340,92.540,6.82,3,VBD,0,5.4459,0.5357,1
audio12.TextGrid,18,4,no,92.540,92.700,6.35,2,DT,0,6.1709,1.0704,1
audio12.TextGrid,18,5,one,92.700,92.930,6.47,3,NN,0,6.6853,2.6275,1
audio12.TextGrid,18,6,that,92.930,93.040,7.01,3,IN,0,5.0494,4.9751,1
audio12.TextGrid,18,7,they,93.040,93.160,6.5,2,PRP,0,4.9086,5.8709,1
audio12.TextGrid,18,8,could,93.160,93.340,6.06,3,MD,0,6.1017,0.4683,1
audio12.TextGrid,18,9,annoy,93.340,93.730,3.46,3,VB,1,3.7195,10.0074,1
audio12.TextGrid,19,1,if,96.180,96.340,6.47,2,IN,0,6.7770,4.2916,1
audio12.TextGrid,19,2,the,96.340,96.470,7.73,2,DT,0,1.7580,3.0302,1
audio12.TextGrid,19,3,others,96.470,96.790,5.42,4,NNS,0,8.5532,7.7104,1
audio12.TextGrid,19,4,heard,96.790,97.010,5.27,3,VBD,0,10.1183,5.8924,1
audio12.TextGrid,19,5,me,97.010,97.120,6.48,2,PRP,0,9.0530,1.4864,1
audio12.TextGrid,19,6,talking,97.120,97.520,5.29,5,VBG,0,9.7671,3.1118,1
audio12.TextGrid,19,7,out,97.520,97.740,6.38,2,RP,0,5.6158,5.1373,1
audio12.TextGrid,19,8,loud,97.740,97.980,4.53,3,NN,1,6.2843,1.2688,1
audio12.TextGrid,19,9,they,97.980,98.060,6.5,2,PRP,0,6.3822,2.0334,1
audio12.TextGrid,19,10,would,98.060,98.220,6.27,3,MD,0,4.8010,0.5302,1
audio12.TextGrid,19,11,think,98.220,98.410,6.08,4,VB,0,6.4225,2.5548,1
audio12.TextGrid,19,12,that,98.410,98.550,7.01,3,IN,0,4.4109,2.6407,1
audio12.TextGrid,19,13,i,98.550,98.690,7.09,1,NN,0,5.9268,0.3100,1
audio12.TextGrid,19,14,am,98.690,98.780,5.78,2,VBP,0,10.5418,2.2201,1
audio12.TextGrid,19,15,crazy,98.780,99.340,5.07,5,NN,1,6.7640,4.3845,1
audio12.TextGrid,19,16,he,99.730,99.850,6.69,2,PRP,0,6.7285,0.2840,1
audio12.TextGrid,19,17,said,99.850,100.040,6.01,3,VBD,0,4.0139,0.2653,1
audio12.TextGrid,19,18,aloud,100.040,100.470,3.51,4,NN,1,6.5121,2.4028,1
audio12.TextGrid,20,1,but,101.120,101.270,6.63,3,CC,0,5.3198,1.8386,1
audio12.TextGrid,20,2,since,101.270,101.540,5.75,4,IN,0,7.9302,6.3499,1
audio12.TextGrid,20,3,i,101.540,101.660,7.09,1,NN,0,5.5666,1.1989,1
audio12.TextGrid,20,4,am,101.660,101.770,5.78,2,VBP,0,9.8330,1.4045,1
audio12.TextGrid,20,5,not,101.770,101.960,6.69,3,RB,0,5.5402,2.0779,1
audio12.TextGrid,20,6,crazy,101.960,102.510,5.07,5,JJ,1,5.4093,2.4583,1
audio12.TextGrid,20,7,i,102.570,102.690,7.09,1,NNS,0,7.3343,1.1614,1
audio12.TextGrid,20,8,do,102.690,102.800,6.35,2,VBP,0,5.5794,2.9233,1
audio12.TextGrid,20,9,not,102.800,103.020,6.69,3,RB,0,5.5251,0.0750,1
audio12.TextGrid,20,10,care,103.020,103.410,5.56,3,VB,0,8.9648,3.1379,1
audio12.TextGrid,21,1,and,104.120,104.230,7.41,2,CC,0,3.7036,4.4806,1
audio12.TextGrid,21,2,the,104.230,104.320,7.73,2,DT,0,2.0380,3.3391,1
audio12.TextGrid,21,3,rich,104.320,104.560,4.91,3,JJ,0,9.6304,7.9837,1
audio12.TextGrid,21,4,have,104.560,104.740,6.71,3,VBP,0,7.5072,3.9262,1
audio12.TextGrid,21,5,radios,104.740,105.290,3.41,6,VBN,1,5.9708,13.5666,1
audio12.TextGrid,21,6,to,105.290,105.400,7.43,2,TO,0,2.6510,3.2583,1
audio12.TextGrid,21,7,talk,105.400,105.680,5.42,3,VB,0,8.4626,2.5121,1
audio12.TextGrid,21,8,to,105.680,105.800,7.43,2,TO,0,3.4300,0.9382,1
audio12.TextGrid,21,9,them,105.800,105.980,6.19,3,PRP,0,6.8520,2.9469,1
audio12.TextGrid,21,10,in,105.980,106.050,7.27,2,IN,0,2.9435,4.2681,1
audio12.TextGrid,21,11,their,106.050,106.200,6.33,3,PRP$,0,4.9322,2.5729,1
audio12.TextGrid,21,12,boats,106.200,106.600,4.25,4,NNS,1,5.5671,3.8214,1
audio12.TextGrid,21,13,and,106.600,106.710,7.41,3,CC,0,4.2011,1.9342,1
audio12.TextGrid,21,14,to,106.710,106.780,7.43,2,TO,0,4.2212,3.6406,1
audio12.TextGrid,21,15,bring,106.780,106.980,5.27,4,VB,0,7.6580,5.4235,1
audio12.TextGrid,21,16,them,106.980,107.100,6.19,3,PRP,0,6.4912,0.9569,1
audio12.TextGrid,21,17,the,107.100,107.170,7.73,2,DT,0,3.4494,3.7333,1
audio12.TextGrid,21,18,baseball,107.170,107.830,4.54,6,NN,0,9.1435,10.6976,1
audio12.TextGrid,22,1,now,109.740,110.070,6.18,2,RB,0,6.7634,4.6365,1
audio12.TextGrid,22,2,is,110.070,110.230,7.07,2,VBZ,0,4.5597,7.8813,1
audio12.TextGrid,22,3,no,110.230,110.420,6.35,2,DT,0,6.4128,4.1133,1
audio12.TextGrid,22,4,time,110.420,110.700,6.29,3,NN,0,6.2668,0.4549,1
audio12.TextGrid,22,5,to,110.700,110.790,7.43,2,TO,0,3.5933,0.7586,1
audio12.TextGrid,22,6,think,110.790,110.970,6.08,4,VB,0,7.0164,3.8393,1
audio12.TextGrid,22,7,of,110.970,111.040,7.4,2,IN,0,3.4367,1.8060,1
audio12.TextGrid,22,8,baseball,111.040,111.600,4.54,6,NN,0,10.7971,8.4599,1
audio12.TextGrid,22,9,he,111.600,111.740,6.69,2,PRP,0,6.8731,1.3700,1
audio12.TextGrid,22,10,thought,111.740,112.090,5.59,3,VBD,0,8.8259,0.5379,1
audio12.TextGrid,23,1,now,112.570,112.840,6.18,2,RB,0,6.7634,3.3540,1
audio12.TextGrid,23,2,is,112.840,112.970,7.07,2,VBZ,0,4.5597,0.5009,1
audio12.TextGrid,23,3,the,112.970,113.070,7.73,2,DT,0,2.6245,2.3393,1
audio12.TextGrid,23,4,time,113.070,113.340,6.29,3,NN,0,6.0568,0.1122,1
audio12.TextGrid,23,5,to,113.340,113.460,7.43,2,TO,0,3.5950,0.3324,1
audio12.TextGrid,23,6,think,113.460,113.640,6.08,4,VB,0,7.0201,1.7003,1
audio12.TextGrid,23,7,of,113.640,113.730,7.4,2,IN,0,3.4363,0.3063,1
audio12.TextGrid,23,8,only,113.730,113.970,6.12,4,RB,0,7.3504,7.1954,1
audio12.TextGrid,23,9,one,113.970,114.220,6.47,3,CD,0,5.5374,3.1512,1
audio12.TextGrid,23,10,thing,114.220,114.620,5.72,3,NN,0,8.3715,0.5859,1
audio12.TextGrid,24,1,that,115.250,115.510,7.01,3,IN,0,4.4338,4.0140,1
audio12.TextGrid,24,2,which,115.510,115.670,6.3,3,WDT,0,6.7186,4.1707,1
audio12.TextGrid,24,3,i,115.670,115.760,7.09,1,NN,0,6.1002,4.0077,1
audio12.TextGrid,24,4,was,115.760,115.910,6.82,3,VBD,0,3.9284,4.1589,1
audio12.TextGrid,24,5,born,115.910,116.230,5.09,4,VBN,0,11.3357,5.5265,1
audio12.TextGrid,25,1,for,116.230,116.580,7.01,3,IN,0,4.8270,3.3549,1
audio12.TextGrid,25,2,there,117.190,117.320,6.31,3,EX,0,5.6896,4.6551,1
audio12.TextGrid,25,3,might,117.320,117.480,5.66,3,MD,0,7.5857,5.4490,1
audio12.TextGrid,25,4,be,117.480,117.660,6.79,2,VB,0,3.7379,0.2670,1
audio12.TextGrid,25,5,a,117.660,117.710,7.36,1,DT,0,3.1232,1.8076,1
audio12.TextGrid,25,6,big,117.710,117.910,5.67,3,JJ,0,6.5804,5.1450,1
audio12.TextGrid,25,7,one,117.910,118.070,6.47,3,CD,0,6.8100,3.5661,1
audio12.TextGrid,25,8,around,118.070,118.370,5.77,4,IN,0,8.0060,5.8325,1
audio12.TextGrid,25,9,that,118.370,118.550,7.01,3,DT,0,4.8271,3.3788,1
audio12.TextGrid,25,10,school,118.550,118.990,5.71,4,NN,0,7.3555,5.9253,1
audio12.TextGrid,25,11,he,118.990,119.110,6.69,2,PRP,0,6.1556,3.0061,1
audio12.TextGrid,25,12,thought,119.110,119.490,5.59,3,VBD,0,8.1609,0.1723,1
audio12.TextGrid,26,1,i,120.040,120.170,7.09,1,NN,0,5.5144,3.3771,1
audio12.TextGrid,26,2,picked,120.170,120.410,4.72,4,VBD,0,9.8261,7.5801,1
audio12.TextGrid,26,3,up,120.410,120.520,6.39,2,RP,0,5.0515,1.1859,1
audio12.TextGrid,26,4,only,120.520,120.760,6.12,4,RB,0,6.3293,8.9646,1
audio12.TextGrid,26,5,a,120.760,120.800,7.36,1,DT,0,4.5899,1.4597,1
audio12.TextGrid,26,6,straggler,120.800,121.310,1.96,7,NN,1,4.2091,12.4635,1
audio12.TextGrid,26,7,from,121.310,121.480,6.63,4,IN,0,4.7173,3.9589,1
audio12.TextGrid,26,8,the,121.480,121.590,7.73,2,DT,0,1.6965,0.6375,1
audio12.TextGrid,26,9,albacore,121.590,122.090,2.23,7,NN,1,4.1367,11.2772,1
audio12.TextGrid,26,10,that,122.090,122.280,7.01,3,WDT,0,4.2926,3.7424,1
audio12.TextGrid,26,11,were,122.280,122.370,6.34,2,VBD,0,6.7896,6.2033,1
audio12.TextGrid,26,12,feeding,122.370,122.800,4.28,5,VBG,0,10.2949,5.6339,1
audio12.TextGrid,27,1,but,123.470,123.630,6.63,3,CC,0,5.3198,3.9358,1
audio12.TextGrid,27,2,they,123.630,123.710,6.5,2,PRP,0,4.8862,3.6122,1
audio12.TextGrid,27,3,are,123.710,123.810,6.74,2,VBP,0,3.9435,3.7970,1
audio12.TextGrid,27,4,working,123.810,124.200,5.45,5,VBG,0,8.4517,7.0140,1
audio12.TextGrid,27,5,far,124.200,124.530,5.5,3,RB,0,7.2759,6.3967,1
audio12.TextGrid,27,6,out,124.530,124.760,6.38,2,RB,0,6.7047,4.1649,1
audio12.TextGrid,27,7,and,124.760,124.890,7.41,3,CC,0,4.2406,2.7079,1
audio12.TextGrid,27,8,fast,124.890,125.450,5.13,4,RB,0,9.7115,6.0981,1
audio12.TextGrid,28,1,everything,126.640,127.090,5.54,7,NN,0,10.9288,7.2481,1
audio12.TextGrid,28,2,that,127.090,127.220,7.01,3,WDT,0,5.1538,2.8749,1
audio12.TextGrid,28,3,shows,127.220,127.480,5.23,3,VBZ,0,9.2545,8.8915,1
audio12.TextGrid,28,4,on,127.480,127.600,6.91,2,IN,0,5.0992,4.1966,1
audio12.TextGrid,28,5,the,127.600,127.690,7.73,2,DT,0,1.7299,0.5362,1
audio12.TextGrid,28,6,surface,127.690,128.040,4.83,5,NN,1,4.1380,4.0147,1
audio12.TextGrid,28,7,today,128.040,128.260,5.55,4,NN,0,8.1271,7.0424,1
audio12.TextGrid,28,8,travels,128.260,128.690,4.05,7,VBZ,1,4.1429,10.8757,1
audio12.TextGrid,28,9,very,128.690,128.960,6.0,4,RB,0,7.2205,3.6970,1
audio12.TextGrid,28,10,fast,128.960,129.420,5.13,4,RB,0,9.5215,0.9908,1
audio12.TextGrid,28,11,and,129.420,129.530,7.41,3,CC,0,3.7307,1.6575,1
audio12.TextGrid,28,12,to,129.530,129.630,7.43,2,TO,0,4.3340,5.6716,1
audio12.TextGrid,28,13,the,129.630,129.720,7.73,2,DT,0,2.3261,1.0359,1
audio12.TextGrid,28,14,north,129.720,129.970,5.34,4,JJ,0,9.8261,4.2236,1
audio12.TextGrid,28,15,east,129.970,130.370,5.16,3,NN,0,8.4242,0.7932,1
audio12.TextGrid,29,1,can,131.110,131.240,6.46,3,MD,0,9.3799,7.6977,1
audio12.TextGrid,29,2,that,131.240,131.350,7.01,3,WDT,0,6.1992,5.2102,1
audio12.TextGrid,29,3,be,131.350,131.530,6.79,2,VB,0,7.2001,1.1358,1
audio12.TextGrid,29,4,the,131.530,131.650,7.73,2,DT,0,2.1429,2.2717,1
audio12.TextGrid,29,5,time,131.650,131.930,6.29,3,NN,0,6.0534,5.5288,1
audio12.TextGrid,29,6,of,131.930,132.000,7.4,2,IN,0,3.0333,3.2422,1
audio12.TextGrid,29,7,day,132.000,132.350,5.95,2,NN,0,8.6587,2.7285,1
audio12.TextGrid,30,1,or,132.800,132.930,6.54,2,CC,0,5.3683,4.4842,1
audio12.TextGrid,30,2,is,132.930,133.050,7.07,2,VBZ,0,6.8449,1.9150,1
audio12.TextGrid,30,3,it,133.050,133.170,6.95,2,PRP,0,4.5712,0.7493,1
audio12.TextGrid,30,4,some,133.170,133.330,6.2,3,DT,0,6.3023,4.6708,1
audio12.TextGrid,30,5,sign,133.330,133.600,5.08,3,NN,0,8.0420,7.8348,1
audio12.TextGrid,30,6,of,133.600,133.740,7.4,2,IN,0,3.3796,0.5602,1
audio12.TextGrid,30,7,weather,133.740,134.090,4.87,4,NN,0,11.1252,5.1400,1
audio12.TextGrid,30,8,that,134.090,134.230,7.01,3,IN,0,4.5260,1.8628,1
audio12.TextGrid,30,9,i,134.230,134.340,7.09,1,NN,0,5.7791,3.1525,1
audio12.TextGrid,30,10,do,134.340,134.450,6.35,2,VBP,0,6.3164,4.0293,1
audio12.TextGrid,30,11,not,134.450,134.650,6.69,3,RB,0,5.5120,0.0387,1
audio12.TextGrid,30,12,know,134.700,135.040,6.1,2,VB,0,7.7684,1.1413,1
audio12.TextGrid,31,1,he,136.760,136.860,6.69,2,PRP,0,4.5353,2.3365,1
audio12.TextGrid,31,2,could,136.860,136.990,6.06,3,MD,0,5.0571,3.9625,1
audio12.TextGrid,31,3,not,136.990,137.160,6.69,3,RB,0,6.1838,0.7657,1
audio12.TextGrid,31,4,see,137.160,137.340,6.1,2,VB,0,6.9659,3.0783,1
audio12.TextGrid,31,5,the,137.340,137.440,7.73,2,DT,0,2.3427,1.3140,1
audio12.TextGrid,31,6,green,137.440,137.740,5.13,4,NN,0,8.9821,5.6915,1
audio12.TextGrid,31,7,of,137.740,137.830,7.4,2,IN,0,4.9129,2.6735,1
audio12.TextGrid,31,8,the,137.830,137.920,7.73,2,DT,0,1.7015,0.1889,1
audio12.TextGrid,31,9,shore,137.920,138.240,4.33,3,NN,0,15.1547,4.6610,1
audio12.TextGrid,31,10,now,138.240,138.570,6.18,2,RB,0,6.1977,5.6934,1
audio12.TextGrid,31,11,but,138.570,138.730,6.63,3,CC,0,5.4464,2.1845,1
audio12.TextGrid,31,12,only,138.730,138.950,6.12,4,RB,0,5.6420,5.5635,1
audio12.TextGrid,31,13,the,138.950,139.060,7.73,2,DT,0,3.7606,0.9200,1
audio12.TextGrid,31,14,tops,139.060,139.440,4.07,4,NNS,1,6.4889,7.8920,1
audio12.TextGrid,31,15,of,139.440,139.510,7.4,2,IN,0,2.7204,0.3259,1
audio12.TextGrid,31,16,the,139.510,139.600,7.73,2,DT,0,1.7040,0.3480,1
audio12.TextGrid,31,17,blue,139.600,139.920,5.13,3,NN,0,8.9781,4.4859,1
audio12.TextGrid,31,18,hills,139.920,140.300,4.46,4,VBZ,0,8.6964,3.4810,1
audio12.TextGrid,31,19,that,140.300,140.430,7.01,3,IN,0,4.6507,2.3880,1
audio12.TextGrid,31,20,showed,140.430,140.750,4.86,3,VBD,0,9.4361,6.0340,1
audio12.TextGrid,31,21,white,140.750,141.160,5.51,3,JJ,0,8.7013,5.8399,1
audio12.TextGrid,31,22,as,141.160,141.300,6.77,2,IN,0,5.3124,2.9499,1
audio12.TextGrid,31,23,though,141.300,141.440,5.5,2,IN,0,8.9558,5.9054,1
audio12.TextGrid,31,24,they,141.440,141.530,6.5,2,PRP,0,4.9459,1.1409,1
audio12.TextGrid,31,25,were,141.530,141.650,6.34,2,VBD,0,5.7878,0.5229,1
audio12.TextGrid,31,26,snow,141.650,141.950,4.66,3,VBN,0,12.5170,4.7175,1
audio12.TextGrid,31,27,capped,141.950,142.400,3.67,4,VBN,0,10.5314,3.1300,1
audio12.TextGrid,31,28,and,142.760,142.850,7.41,2,CC,0,3.8850,2.2327,1
audio12.TextGrid,31,29,the,142.850,142.930,7.73,2,DT,0,2.7193,2.0451,1
audio12.TextGrid,31,30,clouds,142.930,143.450,4.16,5,NN,0,11.1982,5.4409,1
audio12.TextGrid,31,31,that,143.450,143.630,7.01,3,WDT,0,3.9647,3.1440,1
audio12.TextGrid,31,32,looked,143.630,143.790,5.11,4,VBD,0,12.3175,3.7586,1
audio12.TextGrid,31,33,like,143.790,144.020,6.41,3,IN,0,6.1659,0.7468,1
audio12.TextGrid,31,34,high,144.020,144.250,5.75,2,JJ,0,7.1782,6.7286,1
audio12.TextGrid,31,35,snow,144.250,144.600,4.66,3,NN,0,11.0958,4.6809,1
audio12.TextGrid,31,36,mountains,144.600,145.090,4.5,7,NNS,1,6.3994,5.7821,1
audio12.TextGrid,31,37,above,145.090,145.410,5.2,4,IN,0,7.5935,4.9317,1
audio12.TextGrid,31,38,them,145.410,145.680,6.19,3,PRP,0,5.9707,2.2091,1
audio12.TextGrid,32,1,the,146.680,146.790,7.73,2,DT,0,1.8241,2.0212,1
audio12.TextGrid,32,2,sea,146.790,147.010,5.06,2,NN,0,8.2776,4.3452,1
audio12.TextGrid,32,3,was,147.010,147.230,6.82,3,VBD,0,5.5024,1.2959,1
audio12.TextGrid,32,4,very,147.230,147.490,6.0,4,RB,0,7.0539,3.7810,1
audio12.TextGrid,32,5,dark,147.490,147.900,5.04,4,JJ,0,11.0339,3.0831,1
audio12.TextGrid,32,6,and,147.900,148.010,7.41,2,CC,0,3.8634,0.8055,1
audio12.TextGrid,32,7,the,148.010,148.100,7.73,2,DT,0,3.1373,1.3069,1
audio12.TextGrid,32,8,light,148.100,148.370,5.33,3,NN,0,7.7293,4.1430,1
audio12.TextGrid,32,9,made,148.370,148.600,5.92,3,VBD,0,7.5029,5.6173,1
audio12.TextGrid,32,10,prisms,148.600,149.110,2.61,7,NNS,1,7.3756,13.9831,1
audio12.TextGrid,32,11,in,149.110,149.190,7.27,2,IN,0,3.1897,2.9166,1
audio12.TextGrid,32,12,the,149.190,149.260,7.73,2,DT,0,1.7007,0.2740,1
audio12.TextGrid,32,13,water,149.260,149.700,5.52,4,NN,0,8.3726,2.8167,1
audio12.TextGrid,33,1,the,150.490,150.560,7.73,2,DT,0,1.8241,1.6641,1
audio12.TextGrid,33,2,myriad,150.560,150.990,3.49,6,NN,0,10.7225,12.4603,1
audio12.TextGrid,33,3,flecks,150.990,151.310,2.53,5,NNS,1,5.6277,9.1117,1
audio12.TextGrid,33,4,of,151.310,151.390,7.4,2,IN,0,3.5721,0.2955,1
audio12.TextGrid,33,5,the,151.390,151.470,7.73,2,DT,0,1.6935,3.3219,1
audio12.TextGrid,33,6,plankton,151.470,152.000,3.05,8,NN,1,4.1370,7.1222,1
audio12.TextGrid,33,7,were,152.000,152.160,6.34,2,VBD,0,5.1213,2.3820,1
audio12.TextGrid,33,8,annulled,152.160,152.570,2.95,5,VBN,1,6.3324,14.7263,1
audio12.TextGrid,33,9,now,152.570,152.820,6.18,2,RB,0,6.3798,5.5212,1
audio12.TextGrid,33,10,by,152.820,153.000,6.66,2,IN,0,4.9636,2.2156,1
audio12.TextGrid,33,11,the,153.000,153.110,7.73,2,DT,0,1.7278,0.4844,1
audio12.TextGrid,33,12,high,153.110,153.320,5.75,2,JJ,0,6.8827,5.7621,1
audio12.TextGrid,33,13,sun,153.320,153.710,4.97,3,NN,0,10.3269,4.3536,1
audio12.TextGrid,33,14,and,154.000,154.140,7.41,3,CC,0,3.9489,1.3882,1
audio12.TextGrid,33,15,it,154.140,154.200,6.95,2,PRP,0,4.4079,3.9996,1
audio12.TextGrid,33,16,was,154.200,154.360,6.82,3,VBD,0,5.0227,0.8671,1
audio12.TextGrid,33,17,only,154.360,154.590,6.12,4,RB,0,6.0668,4.0826,1
audio12.TextGrid,33,18,the,154.590,154.680,7.73,2,DT,0,3.6751,2.6231,1
audio12.TextGrid,33,19,great,154.680,154.960,5.88,4,JJ,0,7.7360,5.7381,1
audio12.TextGrid,33,20,deep,154.980,155.180,5.05,3,JJ,1,5.4349,6.5468,1
audio12.TextGrid,33,21,prisms,155.210,155.700,2.61,7,NN,1,4.5467,8.7939,1
audio12.TextGrid,33,22,in,155.700,155.790,7.27,2,IN,0,3.1085,4.0186,1
audio12.TextGrid,33,23,the,155.790,155.860,7.73,2,DT,0,1.7004,0.0885,1
audio12.TextGrid,33,24,blue,155.860,156.030,5.13,3,JJ,0,8.9788,3.0816,1
audio12.TextGrid,33,25,water,156.030,156.550,5.52,4,NN,0,8.3446,4.2234,1
audio12.TextGrid,33,26,that,156.550,156.710,7.01,3,IN,0,4.1192,0.2056,1
audio12.TextGrid,33,27,the,156.710,156.790,7.73,2,DT,0,1.9879,4.2696,1
audio12.TextGrid,33,28,old,156.790,157.010,5.75,3,JJ,0,7.3289,2.8689,1
audio12.TextGrid,33,29,man,157.010,157.250,5.82,3,NN,0,7.6926,0.0692,1
audio12.TextGrid,33,30,saw,157.250,157.520,5.34,2,VBD,0,9.5533,1.0615,1
audio12.TextGrid,33,31,now,157.520,157.880,6.18,2,RB,0,6.1433,4.4920,1
audio12.TextGrid,33,32,with,158.020,158.150,6.85,3,IN,0,5.1624,4.9469,1
audio12.TextGrid,33,33,his,158.150,158.320,6.51,3,PRP$,0,5.3493,1.0328,1
audio12.TextGrid,33,34,lines,158.320,158.800,4.95,4,NNS,0,8.5426,9.8331,1
audio12.TextGrid,33,35,going,158.800,159.100,5.94,4,VBG,0,8.4109,6.7452,1
audio12.TextGrid,33,36,straight,159.100,159.440,5.04,5,RB,0,9.5630,3.4212,1
audio12.TextGrid,33,37,down,159.480,159.840,5.88,3,RB,0,7.1341,2.0553,1
audio12.TextGrid,33,38,into,159.840,160.000,6.11,4,IN,0,6.5551,2.7657,1
audio12.TextGrid,33,39,the,160.000,160.090,7.73,2,DT,0,1.7528,0.0815,1
audio12.TextGrid,33,40,water,160.090,160.440,5.52,4,NN,0,8.3740,1.7933,1
audio12.TextGrid,33,41,that,160.440,160.630,7.01,3,WDT,0,4.1610,4.7996,1
audio12.TextGrid,33,42,was,160.630,160.770,6.82,3,VBD,0,6.0944,4.1051,1
audio12.TextGrid,33,43,a,160.770,160.820,7.36,1,DT,0,3.2522,4.1004,1
audio12.TextGrid,33,44,mile,160.820,161.200,4.59,3,JJ,1,5.0758,7.0570,1
audio12.TextGrid,33,45,deep,161.200,161.530,5.05,3,NN,1,4.3285,2.9659,1
audio12.TextGrid,34,1,the,163.700,163.790,7.73,2,DT,0,1.8241,1.7326,1
audio12.TextGrid,34,2,tuna,163.790,164.230,3.64,4,NN,1,4.1358,9.1887,1
audio12.TextGrid,34,3,the,164.460,164.550,7.73,2,DT,0,4.2648,2.5686,1
audio12.TextGrid,34,4,fishermen,164.550,164.940,3.65,7,NNS,1,6.4802,5.5411,1
audio12.TextGrid,34,5,called,164.940,165.210,5.59,4,VBD,0,7.2710,5.6766,1
audio12.TextGrid,34,6,all,165.210,165.350,6.52,2,PDT,0,6.4619,6.7553,1
audio12.TextGrid,34,7,the,165.350,165.430,7.73,2,DT,0,3.9476,1.7864,1
audio12.TextGrid,34,8,fish,165.430,165.670,4.9,3,NN,1,4.8564,3.0245,1
audio12.TextGrid,34,9,of,165.670,165.730,7.4,2,IN,0,3.0180,3.3234,1
audio12.TextGrid,34,10,that,165.730,165.900,7.01,3,DT,0,4.8596,3.5581,1
audio12.TextGrid,34,11,species,165.900,166.450,4.85,6,NNS,0,10.7000,7.6713,1
audio12.TextGrid,34,12,tuna,166.450,166.740,3.64,5,NN,1,5.3256,8.1624,1
audio12.TextGrid,34,13,and,166.740,167.000,7.41,3,CC,0,4.1962,2.6892,1
audio12.TextGrid,34,14,only,167.000,167.200,6.12,4,RB,0,6.9783,6.6195,1
audio12.TextGrid,34,15,distinguished,167.200,167.760,4.2,11,VBD,0,11.1942,11.4663,1
audio12.TextGrid,34,16,among,167.760,168.030,5.31,4,IN,0,7.3624,4.7388,1
audio12.TextGrid,34,17,them,168.030,168.150,6.19,3,PRP,0,5.9482,0.7154,1
audio12.TextGrid,34,18,by,168.150,168.310,6.66,2,IN,0,4.2897,0.7425,1
audio12.TextGrid,34,19,their,168.310,168.430,6.33,3,PRP$,0,4.9348,0.7448,1
audio12.TextGrid,34,20,proper,168.430,168.770,4.72,5,JJ,0,10.7487,9.2932,1
audio12.TextGrid,34,21,names,168.770,169.160,4.91,4,NNS,0,9.2624,2.0521,1
audio12.TextGrid,34,22,when,169.160,169.270,6.37,3,WRB,0,5.9485,6.1909,1
audio12.TextGrid,34,23,they,169.270,169.340,6.5,2,PRP,0,4.8187,0.6241,1
audio12.TextGrid,34,24,came,169.340,169.570,5.5,3,VBD,0,6.7818,2.5052,1
audio12.TextGrid,34,25,to,169.570,169.670,7.43,2,TO,0,3.3209,1.7775,1
audio12.TextGrid,34,26,sell,169.670,169.970,4.98,3,VB,0,6.0916,7.8756,1
audio12.TextGrid,34,27,them,169.970,170.150,6.19,3,PRP,0,6.5369,1.7652,1
audio12.TextGrid,34,28,or,170.150,170.240,6.54,1,CC,0,5.6496,4.2208,1
audio12.TextGrid,34,29,to,170.240,170.350,7.43,2,TO,0,4.1691,1.9233,1
audio12.TextGrid,34,30,trade,170.350,170.580,5.12,4,VB,0,7.0955,4.4120,1
audio12.TextGrid,34,31,them,170.580,170.710,6.19,3,PRP,0,6.7509,0.4986,1
audio12.TextGrid,34,32,for,170.710,170.820,7.01,2,IN,0,3.8314,1.6197,1
audio12.TextGrid,34,33,baits,170.820,171.220,2.65,4,NNS,1,6.8200,6.7936,1
audio12.TextGrid,34,34,were,171.920,172.010,6.34,2,VBD,0,5.8561,1.9933,1
audio12.TextGrid,34,35,down,172.010,172.240,5.88,3,RB,0,6.3080,7.6968,1
audio12.TextGrid,34,36,again,172.240,172.630,5.7,4,RB,0,7.9788,5.6851,1
audio12.TextGrid,35,1,the,173.360,173.460,7.73,2,DT,0,1.8241,1.5401,1
audio12.TextGrid,35,2,sun,173.460,173.680,4.97,3,NN,0,10.3570,5.9371,1
audio12.TextGrid,35,3,was,173.680,173.880,6.82,3,VBD,0,5.5024,1.1211,1
audio12.TextGrid,35,4,hot,173.880,174.070,5.16,3,JJ,0,10.1915,4.7395,1
audio12.TextGrid,35,5,now,174.120,174.420,6.18,2,RB,0,7.8319,2.3669,1
audio12.TextGrid,35,6,and,174.670,174.750,7.41,2,CC,0,3.3651,0.4143,1
audio12.TextGrid,35,7,the,174.750,174.850,7.73,2,DT,0,3.8504,0.8262,1
audio12.TextGrid,35,8,old,174.850,175.070,5.75,3,JJ,0,7.3502,5.2909,1
audio12.TextGrid,35,9,man,175.070,175.360,5.82,3,NN,0,7.7012,0.0364,1
audio12.TextGrid,35,10,felt,175.360,175.590,5.13,4,VBD,0,8.8821,3.1807,1
audio12.TextGrid,35,11,it,175.590,175.680,6.95,2,PRP,0,4.6287,3.4285,1
audio12.TextGrid,35,12,on,175.680,175.780,6.91,2,IN,0,4.3948,5.1146,1
audio12.TextGrid,35,13,the,175.780,175.850,7.73,2,DT,0,1.7014,2.1682,1
audio12.TextGrid,35,14,back,175.850,176.100,6.04,3,NN,0,8.8681,2.3194,1
audio12.TextGrid,35,15,of,176.100,176.180,7.4,2,IN,0,3.3869,0.0784,1
audio12.TextGrid,35,16,his,176.180,176.340,6.51,3,PRP$,0,5.3311,0.0563,1
audio12.TextGrid,35,17,neck,176.340,176.590,4.63,3,NN,1,4.2574,1.0640,1
audio12.TextGrid,36,1,and,177.010,177.090,7.41,2,CC,0,3.7036,1.6505,1
audio12.TextGrid,36,2,felt,177.090,177.270,5.13,4,VBD,0,11.6538,3.2481,1
audio12.TextGrid,36,3,the,177.270,177.380,7.73,2,DT,0,2.5190,1.7043,1
audio12.TextGrid,36,4,sweat,177.380,177.690,4.14,4,NN,0,10.2377,5.5108,1
audio12.TextGrid,36,5,trickle,177.720,178.010,3.25,6,VBD,1,4.5061,5.3337,1
audio12.TextGrid,36,6,down,178.010,178.230,5.88,3,IN,0,6.3079,0.3168,1
audio12.TextGrid,36,7,his,178.230,178.410,6.51,3,PRP$,0,6.1063,0.4620,1
audio12.TextGrid,36,8,back,178.410,178.750,6.04,3,NN,0,9.0240,1.7834,1
audio12.TextGrid,36,9,as,178.750,178.860,6.77,2,IN,0,5.0813,2.8232,1
audio12.TextGrid,36,10,he,178.860,178.950,6.69,2,PRP,0,4.5990,0.9976,1
audio12.TextGrid,36,11,rowed,178.950,179.420,2.78,3,VBD,1,4.8901,9.5244,1
audio13.TextGrid,1,1,i,1.240,1.340,7.09,1,NN,0,5.5144,4.5723,1
audio13.TextGrid,1,2,could,1.340,1.510,6.06,3,MD,0,5.0621,3.1586,1
audio13.TextGrid,1,3,just,1.510,1.820,6.43,4,RB,0,7.2542,6.6076,1
audio13.TextGrid,1,4,drift,1.820,2.230,3.82,5,VB,0,10.3968,7.7845,1
audio13.TextGrid,1,5,he,2.230,2.330,6.69,2,PRP,0,5.4922,1.1976,1
audio13.TextGrid,1,6,thought,2.330,2.730,5.59,3,VBD,0,9.2330,0.1178,1
audio13.TextGrid,1,7,and,2.950,3.070,7.41,2,CC,0,4.0128,1.5608,1
audio13.TextGrid,1,8,sleep,3.070,3.560,5.05,4,JJ,0,9.0067,6.7346,1
audio13.TextGrid,1,9,and,3.560,3.680,7.41,2,CC,0,4.0944,2.9975,1
audio13.TextGrid,1,10,put,3.680,3.890,5.66,3,VBD,0,6.5690,6.1004,1
audio13.TextGrid,1,11,a,3.890,3.930,7.36,1,DT,0,3.4054,3.4510,1
audio13.TextGrid,1,12,bight,3.930,4.200,2.67,3,NN,1,4.1421,12.5916,1
audio13.TextGrid,1,13,of,4.200,4.300,7.4,2,IN,0,3.0938,1.4602,1
audio13.TextGrid,1,14,line,4.300,4.530,5.49,3,NN,0,9.3098,9.6547,1
audio13.TextGrid,1,15,around,4.530,4.820,5.77,4,IN,0,7.7867,4.7953,1
audio13.TextGrid,1,16,my,4.820,4.980,6.57,2,PRP$,0,7.2376,1.6354,1
audio13.TextGrid,1,17,toe,4.980,5.250,4.07,2,NN,1,4.2574,7.6175,1
audio13.TextGrid,1,18,to,5.250,5.310,7.43,2,TO,0,3.4190,2.9788,1
audio13.TextGrid,1,19,wake,5.310,5.570,4.76,3,VB,0,10.8464,5.3098,1
audio13.TextGrid,1,20,me,5.580,5.790,6.48,2,PRP,0,10.3699,0.5459,1
audio13.TextGrid,2,1,but,6.830,6.990,6.63,3,CC,0,5.3198,2.2223,1
audio13.TextGrid,2,2,today,6.990,7.260,5.55,4,NN,0,8.8953,6.0889,1
audio13.TextGrid,2,3,is,7.260,7.390,7.07,2,VBZ,0,3.8797,3.7176,1
audio13.TextGrid,2,4,eighty,7.390,7.670,3.75,3,JJ,1,5.8916,11.7678,1
audio13.TextGrid,2,5,five,7.670,7.930,5.45,3,CD,0,8.4424,1.2186,1
audio13.TextGrid,2,6,days,7.930,8.410,5.61,3,NNS,0,7.0284,2.1327,1
audio13.TextGrid,3,1,and,8.820,8.950,7.41,3,CC,0,3.7036,1.4025,1
audio13.TextGrid,3,2,i,8.950,9.050,7.09,1,NN,0,5.7252,1.5340,1
audio13.TextGrid,3,3,should,9.050,9.290,5.99,3,MD,0,6.1861,4.9682,1
audio13.TextGrid,3,4,fish,9.310,9.560,4.9,3,VB,1,3.7167,8.6747,1
audio13.TextGrid,3,5,the,9.560,9.680,7.73,2,DT,0,2.2895,3.6361,1
audio13.TextGrid,3,6,day,9.680,9.880,5.95,2,NN,0,7.0837,2.7959,1
audio13.TextGrid,3,7,well,9.880,10.350,6.03,3,RB,0,7.7292,6.3839,1
audio13.TextGrid,4,1,just,12.160,12.390,6.43,3,RB,0,7.1407,6.3626,1
audio13.TextGrid,4,2,then,12.390,12.700,6.07,3,RB,0,6.6148,1.9820,1
audio13.TextGrid,4,3,watching,13.080,13.460,5.02,5,VBG,0,10.8189,7.4008,1
audio13.TextGrid,4,4,his,13.460,13.630,6.51,3,PRP$,0,6.0024,4.2073,1
audio13.TextGrid,4,5,lines,13.630,14.140,4.95,4,NNS,0,8.5433,4.3968,1
audio13.TextGrid,5,1,he,14.590,14.680,6.69,2,PRP,0,4.5353,0.9916,1
audio13.TextGrid,5,2,saw,14.680,14.890,5.34,2,VBD,0,8.2117,2.0684,1
audio13.TextGrid,5,3,one,14.890,15.080,6.47,3,CD,0,6.5033,3.6578,1
audio13.TextGrid,5,4,of,15.080,15.150,7.4,2,IN,0,3.8980,1.0187,1
audio13.TextGrid,5,5,the,15.150,15.220,7.73,2,DT,0,1.7407,0.3645,1
audio13.TextGrid,5,6,projecting,15.220,15.740,3.58,9,VBG,1,8.5851,11.8586,1
audio13.TextGrid,5,7,green,15.740,16.080,5.13,4,JJ,0,9.6844,5.2626,1
audio13.TextGrid,5,8,sticks,16.080,16.670,4.14,5,NNS,1,5.6293,8.1552,1
audio13.TextGrid,5,9,dip,16.810,17.090,4.05,3,VBP,1,5.4452,9.8929,1
audio13.TextGrid,5,10,sharply,17.090,17.660,3.89,6,RB,0,8.0932,5.9984,1
audio13.TextGrid,6,1,yes,18.810,19.270,5.5,3,RB,0,11.0119,5.2778,1
audio13.TextGrid,6,2,he,19.610,19.730,6.69,2,PRP,0,5.3385,0.2809,1
audio13.TextGrid,6,3,said,19.730,20.030,6.01,3,VBD,0,3.4135,0.2486,1
audio13.TextGrid,6,4,yes,20.410,20.860,5.5,3,UH,0,10.4148,3.4319,1
audio13.TextGrid,7,1,and,21.680,21.790,7.41,2,CC,0,3.7036,3.2508,1
audio13.TextGrid,7,2,shipped,21.790,22.060,4.03,4,VBD,0,11.1724,12.3492,1
audio13.TextGrid,7,3,his,22.060,22.200,6.51,3,PRP$,0,7.0439,3.7962,1
audio13.TextGrid,7,4,oars,22.200,22.570,3.01,3,NNS,1,5.5800,6.3701,1
audio13.TextGrid,7,5,without,22.570,22.810,5.69,5,IN,0,7.0123,6.9479,1
audio13.TextGrid,7,6,bumping,22.810,23.180,3.29,6,VBG,1,8.1471,7.7719,1
audio13.TextGrid,7,7,the,23.180,23.250,7.73,2,DT,0,2.3122,2.6921,1
audio13.TextGrid,7,8,boat,23.250,23.630,4.71,3,NN,1,4.1360,3.4641,1
audio13.TextGrid,8,1,he,24.800,24.900,6.69,2,PRP,0,4.5353,1.8288,1
audio13.TextGrid,8,2,reached,24.900,25.210,4.85,4,VBD,0,7.0526,6.1106,1
audio13.TextGrid,8,3,out,25.210,25.390,6.38,2,RP,0,5.6444,2.2057,1
audio13.TextGrid,8,4,for,25.390,25.480,7.01,2,IN,0,4.1265,3.2344,1
audio13.TextGrid,8,5,the,25.480,25.580,7.73,2,DT,0,1.6985,0.7817,1
audio13.TextGrid,8,6,line,25.580,25.980,5.49,3,NN,0,7.6718,3.4648,1
audio13.TextGrid,8,7,and,25.980,26.140,7.41,3,CC,0,4.4896,0.9595,1
audio13.TextGrid,8,8,held,26.140,26.330,5.24,4,VBD,0,8.6011,4.9791,1
audio13.TextGrid,8,9,it,26.330,26.440,6.95,2,PRP,0,5.1366,0.2914,1
audio13.TextGrid,8,10,softly,26.440,26.900,3.77,6,RB,1,5.3482,8.6186,1
audio13.TextGrid,8,11,between,26.900,27.240,5.77,6,IN,0,7.5004,4.4115,1
audio13.TextGrid,8,12,the,27.240,27.330,7.73,2,DT,0,1.7295,2.5323,1
audio13.TextGrid,8,13,thumb,27.330,27.590,4.01,3,NN,1,4.1381,4.7180,1
audio13.TextGrid,8,14,and,27.590,27.700,7.41,3,CC,0,4.3237,0.1232,1
audio13.TextGrid,8,15,forefinger,27.700,28.280,2.38,8,NN,1,5.6226,0.4001,1
audio13.TextGrid,8,16,of,28.280,28.370,7.4,2,IN,0,3.4060,2.1505,1
audio13.TextGrid,8,17,his,28.370,28.540,6.51,3,PRP$,0,5.3068,0.3575,1
audio13.TextGrid,8,18,right,28.540,28.770,5.96,3,JJ,0,7.0995,1.6159,1
audio13.TextGrid,8,19,hand,28.770,29.190,5.41,4,NN,0,9.0269,0.1940,1
audio13.TextGrid,9,1,he,30.220,30.330,6.69,2,PRP,0,4.5353,2.0482,1
audio13.TextGrid,9,2,felt,30.330,30.570,5.13,4,VBD,0,8.2416,2.8804,1
audio13.TextGrid,9,3,no,30.570,30.740,6.35,2,DT,0,6.3408,4.7414,1
audio13.TextGrid,9,4,strain,30.740,31.230,4.15,5,NN,0,10.4413,5.8894,1
audio13.TextGrid,9,5,nor,31.230,31.400,4.78,3,CC,0,9.4066,6.1819,1
audio13.TextGrid,9,6,weight,31.400,31.790,5.02,3,NN,0,11.6545,7.5197,1
audio13.TextGrid,10,1,and,32.440,32.530,7.41,2,CC,0,3.7036,2.3097,1
audio13.TextGrid,10,2,he,32.530,32.630,6.69,2,PRP,0,4.7461,2.6656,1
audio13.TextGrid,10,3,held,32.630,32.820,5.24,4,VBD,0,6.8813,4.5673,1
audio13.TextGrid,10,4,the,32.820,32.900,7.73,2,DT,0,2.9048,1.6061,1
audio13.TextGrid,10,5,line,32.900,33.180,5.49,3,NN,0,7.6818,0.7663,1
audio13.TextGrid,10,6,lightly,33.180,33.700,3.96,5,RB,1,5.5892,5.4795,1
audio13.TextGrid,11,1,then,34.530,34.690,6.07,3,RB,0,7.4856,2.2769,1
audio13.TextGrid,11,2,it,34.690,34.770,6.95,2,PRP,0,4.6944,4.3562,1
audio13.TextGrid,11,3,came,34.770,35.000,5.5,3,VBD,0,6.8082,2.7386,1
audio13.TextGrid,11,4,again,35.000,35.400,5.7,4,RB,0,7.7051,4.9077,1
audio13.TextGrid,12,1,this,36.270,36.480,6.82,3,DT,0,4.8800,4.1153,1
audio13.TextGrid,12,2,time,36.480,36.820,6.29,3,NN,0,6.0515,0.0822,1
audio13.TextGrid,12,3,it,36.820,36.930,6.95,2,PRP,0,6.4222,1.4745,1
audio13.TextGrid,12,4,was,36.930,37.040,6.82,3,VBD,0,4.0934,0.6761,1
audio13.TextGrid,12,5,a,37.040,37.110,7.36,1,DT,0,3.3304,2.0312,1
audio13.TextGrid,12,6,tentative,37.110,37.510,3.45,7,JJ,1,5.0792,10.9701,1
audio13.TextGrid,12,7,pull,37.510,37.900,4.82,3,NN,0,12.2484,4.3671,1
audio13.TextGrid,12,8,not,38.050,38.240,6.69,3,RB,0,5.5247,3.8148,1
audio13.TextGrid,12,9,solid,38.240,38.640,4.73,5,JJ,0,9.4263,8.2138,1
audio13.TextGrid,12,10,nor,38.640,38.820,4.78,3,CC,0,8.5908,5.0477,1
audio13.TextGrid,12,11,heavy,38.820,39.200,4.96,4,JJ,0,8.0799,4.6956,1
audio13.TextGrid,12,12,and,39.480,39.600,7.41,2,CC,0,3.7631,2.2801,1
audio13.TextGrid,12,13,he,39.600,39.700,6.69,2,PRP,0,5.6664,1.2370,1
audio13.TextGrid,12,14,knew,39.700,39.880,5.2,3,VBD,0,9.1014,4.0985,1
audio13.TextGrid,12,15,exactly,39.880,40.390,5.15,8,RB,0,10.4019,4.3790,1
audio13.TextGrid,12,16,what,40.390,40.540,6.38,3,WP,0,7.1668,0.8644,1
audio13.TextGrid,12,17,it,40.540,40.680,6.95,2,PRP,0,5.5153,1.5686,1
audio13.TextGrid,12,18,was,40.680,41.070,6.82,3,VBD,0,3.9255,0.3848,1
audio13.TextGrid,12,19,one,42.070,42.250,6.47,3,CD,0,6.4784,5.3734,1
audio13.TextGrid,12,20,hundred,42.250,42.570,4.71,7,NN,0,8.6849,5.7053,1
audio13.TextGrid,12,21,fathoms,42.570,42.990,2.49,6,NNS,1,6.1284,7.3714,1
audio13.TextGrid,12,22,down,42.990,43.380,5.88,3,RP,0,6.8862,3.5767,1
audio13.TextGrid,12,23,a,43.380,43.450,7.36,1,DT,0,3.1132,4.4255,1
audio13.TextGrid,12,24,marlin,43.450,43.980,3.01,6,NN,1,4.1429,12.3183,1
audio13.TextGrid,12,25,was,43.980,44.230,6.82,3,VBD,0,5.4069,3.4472,1
audio13.TextGrid,12,26,eating,44.230,44.510,4.85,4,VBG,0,11.1351,8.7346,1
audio13.TextGrid,12,27,the,44.510,44.600,7.73,2,DT,0,2.2460,1.9820,1
audio13.TextGrid,12,28,sardines,44.600,45.340,2.93,7,NNS,1,6.4494,8.3256,1
audio13.TextGrid,12,29,that,45.340,45.480,7.01,3,WDT,0,4.0198,2.7180,1
audio13.TextGrid,12,30,covered,45.480,45.780,4.83,5,VBD,0,10.4639,6.0044,1
audio13.TextGrid,12,31,the,45.780,45.860,7.73,2,DT,0,3.1428,0.4455,1
audio13.TextGrid,12,32,point,45.860,46.300,5.54,4,NN,0,6.9803,8.3413,1
audio13.TextGrid,12,33,and,46.300,46.390,7.41,2,CC,0,4.0434,4.1676,1
audio13.TextGrid,12,34,the,46.390,46.490,7.73,2,DT,0,2.4706,2.0094,1
audio13.TextGrid,12,35,shank,46.490,46.880,3.07,4,NN,1,4.1387,10.7081,1
audio13.TextGrid,12,36,of,46.880,46.970,7.4,2,IN,0,2.9724,1.3425,1
audio13.TextGrid,12,37,the,46.970,47.070,7.73,2,DT,0,1.6913,0.5516,1
audio13.TextGrid,12,38,hook,47.070,47.420,4.37,3,NN,0,9.5423,4.8290,1
audio13.TextGrid,12,39,where,47.420,47.520,6.0,3,WRB,0,7.1982,5.6073,1
audio13.TextGrid,12,40,the,47.520,47.580,7.73,2,DT,0,1.9691,0.6585,1
audio13.TextGrid,12,41,hand,47.580,47.900,5.41,4,NN,0,8.1562,5.9950,1
audio13.TextGrid,12,42,forged,47.900,48.340,3.72,5,VBD,1,3.6504,8.7825,1
audio13.TextGrid,12,43,hook,48.340,48.500,4.37,3,NN,0,11.8796,2.8757,1
audio13.TextGrid,12,44,projected,48.530,49.030,3.99,9,VBN,1,6.2100,11.6195,1
audio13.TextGrid,12,45,from,49.030,49.200,6.63,3,IN,0,4.2594,3.4730,1
audio13.TextGrid,12,46,the,49.200,49.270,7.73,2,DT,0,1.6769,0.7680,1
audio13.TextGrid,12,47,head,49.270,49.550,5.51,3,NN,0,7.8723,4.7623,1
audio13.TextGrid,12,48,of,49.550,49.630,7.4,2,IN,0,2.9825,1.3229,1
audio13.TextGrid,12,49,the,49.630,49.730,7.73,2,DT,0,1.6990,0.1682,1
audio13.TextGrid,12,50,small,49.730,50.060,5.51,4,JJ,0,6.8943,6.6810,1
audio13.TextGrid,12,51,tuna,50.060,50.410,3.64,4,NN,1,3.9924,5.6346,1
audio13.TextGrid,13,1,the,52.100,52.220,7.73,2,DT,0,1.8241,1.6557,1
audio13.TextGrid,13,2,old,52.220,52.420,5.75,3,JJ,0,7.3292,3.5535,1
audio13.TextGrid,13,3,man,52.420,52.660,5.82,3,NN,0,7.6921,0.0510,1
audio13.TextGrid,13,4,held,52.660,52.890,5.24,4,VBD,0,7.0827,4.4954,1
audio13.TextGrid,13,5,the,52.890,52.970,7.73,2,DT,0,2.9209,1.0409,1
audio13.TextGrid,13,6,line,52.970,53.260,5.49,3,NN,0,7.6819,0.3008,1
audio13.TextGrid,13,7,delicately,53.260,53.980,3.05,9,RB,1,5.6188,6.2957,1
audio13.TextGrid,13,8,and,54.290,54.470,7.41,3,CC,0,3.7075,2.0320,1
audio13.TextGrid,13,9,softly,54.470,55.060,3.77,6,RB,1,4.2176,8.4159,1
audio13.TextGrid,13,10,with,55.060,55.230,6.85,3,IN,0,4.9984,2.9731,1
audio13.TextGrid,13,11,his,55.230,55.390,6.51,3,PRP$,0,5.3298,0.9704,1
audio13.TextGrid,13,12,left,55.390,55.640,5.62,4,JJ,0,10.8399,2.4317,1
audio13.TextGrid,13,13,hand,55.640,56.030,5.41,4,NN,0,8.1778,0.1727,1
audio13.TextGrid,13,14,unleashed,56.030,56.490,3.47,6,VBD,0,11.3467,11.6613,1
audio13.TextGrid,13,15,it,56.490,56.600,6.95,2,PRP,0,4.5329,2.0935,1
audio13.TextGrid,13,16,from,56.600,56.770,6.63,4,IN,0,4.6145,3.4830,1
audio13.TextGrid,13,17,the,56.770,56.830,7.73,2,DT,0,1.6935,0.5173,1
audio13.TextGrid,13,18,stick,56.830,57.230,4.76,4,NN,0,14.5316,6.2933,1
audio13.TextGrid,14,1,now,58.170,58.440,6.18,2,RB,0,6.7634,4.9214,1
audio13.TextGrid,14,2,he,58.440,58.540,6.69,2,PRP,0,5.3385,2.1111,1
audio13.TextGrid,14,3,could,58.540,58.690,6.06,3,MD,0,5.0884,2.7478,1
audio13.TextGrid,14,4,let,58.690,58.840,5.6,3,VB,0,7.5267,6.7701,1
audio13.TextGrid,14,5,it,58.840,58.970,6.95,2,PRP,0,4.4501,1.7006,1
audio13.TextGrid,14,6,run,58.970,59.190,5.49,3,VB,0,8.7709,3.9457,1
audio13.TextGrid,14,7,through,59.190,59.360,5.87,3,IN,0,6.9526,3.1402,1
audio13.TextGrid,14,8,his,59.360,59.550,6.51,3,PRP$,0,5.3330,1.6575,1
audio13.TextGrid,14,9,fingers,59.550,60.100,4.5,6,NNS,0,10.3119,1.5829,1
audio13.TextGrid,14,10,without,60.100,60.330,5.69,5,IN,0,7.1441,3.1795,1
audio13.TextGrid,14,11,the,60.330,60.450,7.73,2,DT,0,1.6981,3.4581,1
audio13.TextGrid,14,12,fish,60.450,60.770,4.9,3,JJ,1,5.0749,5.2120,1
audio13.TextGrid,14,13,feeling,60.770,61.100,5.13,5,NN,0,11.1868,3.6062,1
audio13.TextGrid,14,14,any,61.100,61.270,6.07,3,DT,0,7.0063,1.8746,1
audio13.TextGrid,14,15,tension,61.270,61.840,4.22,6,NN,0,10.2489,4.8854,1
audio13.TextGrid,15,1,this,63.250,63.470,6.82,3,DT,0,4.8800,4.1110,1
audio13.TextGrid,15,2,far,63.470,63.730,5.5,3,RB,0,8.8193,7.8759,1
audio13.TextGrid,15,3,out,63.730,64.070,6.38,2,IN,0,7.8643,3.1078,1
audio13.TextGrid,15,4,he,64.260,64.350,6.69,2,PRP,0,4.9040,1.8510,1
audio13.TextGrid,15,5,must,64.350,64.550,5.68,4,MD,0,7.7270,5.7237,1
audio13.TextGrid,15,6,be,64.550,64.730,6.79,2,VB,0,3.7148,2.2462,1
audio13.TextGrid,15,7,huge,64.730,65.310,5.06,4,JJ,0,8.7061,9.3360,1
audio13.TextGrid,15,8,in,65.310,65.410,7.27,2,IN,0,3.9249,3.6343,1
audio13.TextGrid,15,9,this,65.410,65.600,6.82,3,DT,0,4.7593,3.0531,1
audio13.TextGrid,15,10,month,65.600,65.910,5.25,4,NN,0,6.4506,8.4650,1
audio13.TextGrid,15,11,he,65.980,66.130,6.69,2,PRP,0,6.7737,1.3087,1
audio13.TextGrid,15,12,thought,66.130,66.530,5.59,3,VBD,0,8.6705,0.1799,1
audio13.TextGrid,16,1,eat,67.290,67.450,5.13,2,VB,0,13.8346,9.9172,1
audio13.TextGrid,16,2,them,67.450,67.720,6.19,3,PRP,0,6.7009,4.2855,1
audio13.TextGrid,16,3,fish,67.720,68.100,4.9,3,JJ,1,6.0481,4.1951,1
audio13.TextGrid,16,4,eat,68.520,68.650,5.13,2,VB,0,12.0662,2.3220,1
audio13.TextGrid,16,5,them,68.650,68.950,6.19,3,PRP,0,6.9464,0.5477,1
audio13.TextGrid,17,1,please,69.470,70.020,5.66,4,VB,0,14.3897,7.4871,1
audio13.TextGrid,17,2,eat,70.020,70.350,5.13,2,VB,0,11.5785,2.4227,1
audio13.TextGrid,17,3,them,70.350,70.560,6.19,3,PRP,0,6.8878,0.2152,1
audio13.TextGrid,17,4,how,71.490,71.610,6.24,2,WRB,0,7.5888,5.8955,1
audio13.TextGrid,17,5,fresh,71.610,72.060,4.83,4,JJ,0,9.8193,9.8284,1
audio13.TextGrid,17,6,they,72.090,72.270,6.5,2,PRP,0,6.3263,2.8710,1
audio13.TextGrid,17,7,are,72.270,72.580,6.74,2,VBP,0,4.0524,0.8950,1
audio13.TextGrid,17,8,and,72.950,73.070,7.41,3,CC,0,4.2414,3.3613,1
audio13.TextGrid,17,9,you,73.070,73.300,6.98,2,PRP,0,7.4283,5.9227,1
audio13.TextGrid,17,10,down,73.300,73.690,5.88,3,RP,0,6.7584,11.5820,1
audio13.TextGrid,17,11,there,73.690,73.900,6.31,3,RB,0,6.0647,2.0653,1
audio13.TextGrid,17,12,six,73.900,74.170,5.29,4,CD,0,8.7413,9.4266,1
audio13.TextGrid,17,13,hundred,74.170,74.500,4.71,7,VBD,0,8.5647,1.9387,1
audio13.TextGrid,17,14,feet,74.550,74.770,4.99,3,NNS,0,9.8903,2.2486,1
audio13.TextGrid,17,15,in,74.770,74.860,7.27,2,IN,0,3.1499,2.8021,1
audio13.TextGrid,17,16,that,74.860,75.010,7.01,3,DT,0,4.8730,4.6400,1
audio13.TextGrid,17,17,cold,75.010,75.350,5.02,4,JJ,0,10.1411,4.8533,1
audio13.TextGrid,17,18,water,75.350,75.660,5.52,4,NN,0,8.8936,2.6917,1
audio13.TextGrid,17,19,in,75.660,75.750,7.27,2,IN,0,3.2677,4.8196,1
audio13.TextGrid,17,20,the,75.750,75.830,7.73,2,DT,0,1.6957,0.5681,1
audio13.TextGrid,17,21,dark,75.830,76.270,5.04,4,NN,0,10.7230,4.0990,1
audio13.TextGrid,18,1,make,76.830,77.040,6.08,3,VB,0,9.9901,7.0207,1
audio13.TextGrid,18,2,another,77.040,77.330,5.74,5,DT,0,7.0078,6.8495,1
audio13.TextGrid,18,3,turn,77.330,77.660,5.32,3,NN,0,9.5031,5.0603,1
audio13.TextGrid,18,4,in,77.660,77.760,7.27,2,IN,0,3.3945,3.7361,1
audio13.TextGrid,18,5,the,77.760,77.830,7.73,2,DT,0,1.6973,0.5171,1
audio13.TextGrid,18,6,dark,77.830,78.210,5.04,4,NN,0,10.7240,3.9792,1
audio13.TextGrid,18,7,and,78.210,78.290,7.41,2,CC,0,3.9096,0.8837,1
audio13.TextGrid,18,8,come,78.290,78.540,5.78,3,VB,0,10.6584,4.7287,1
audio13.TextGrid,18,9,back,78.540,78.810,6.04,3,RB,0,7.9098,0.9567,1
audio13.TextGrid,18,10,and,78.920,79.220,7.41,3,CC,0,3.6817,3.5140,1
audio13.TextGrid,18,11,eat,79.220,79.370,5.13,2,VB,0,10.9774,2.2195,1
audio13.TextGrid,18,12,them,79.410,79.710,6.19,3,PRP,0,6.9191,0.7742,1
audio13.TextGrid,19,1,he,81.490,81.600,6.69,2,PRP,0,4.5353,2.8163,1
audio13.TextGrid,19,2,felt,81.600,81.790,5.13,4,VBD,0,8.2416,3.5469,1
audio13.TextGrid,19,3,the,81.790,81.900,7.73,2,DT,0,2.5389,1.7701,1
audio13.TextGrid,19,4,light,81.900,82.100,5.33,3,JJ,0,7.7238,5.5392,1
audio13.TextGrid,19,5,delicate,82.100,82.560,4.01,7,NN,1,4.3609,11.5820,1
audio13.TextGrid,19,6,pulling,82.560,82.980,4.35,5,NN,0,11.2544,7.5725,1
audio13.TextGrid,19,7,and,83.120,83.240,7.41,2,CC,0,4.0221,4.8080,1
audio13.TextGrid,19,8,then,83.240,83.370,6.07,3,RB,0,7.2997,3.8279,1
audio13.TextGrid,19,9,a,83.370,83.400,7.36,1,DT,0,4.4614,3.8737,1
audio13.TextGrid,19,10,harder,83.400,83.780,4.57,5,NN,0,10.0053,9.2586,1
audio13.TextGrid,19,11,pull,83.780,84.140,4.82,3,NN,0,11.6550,1.2664,1
audio13.TextGrid,19,12,when,84.140,84.280,6.37,3,WRB,0,6.5231,5.3095,1
audio13.TextGrid,19,13,a,84.280,84.340,7.36,1,DT,0,2.8487,4.0822,1
audio13.TextGrid,19,14,sardine,84.340,84.830,2.66,6,NN,1,4.1380,7.5255,1
audio13.TextGrid,19,15,s,84.830,84.920,5.86,1,JJ,1,6.5176,4.4639,1
audio13.TextGrid,19,16,head,84.920,85.160,5.51,3,NN,0,8.2569,2.2563,1
audio13.TextGrid,19,17,must,85.160,85.330,5.68,4,MD,0,7.2145,7.5561,1
audio13.TextGrid,19,18,have,85.330,85.420,6.71,3,VB,0,3.8736,1.0346,1
audio13.TextGrid,19,19,been,85.420,85.580,6.27,3,VBN,0,5.9264,1.7062,1
audio13.TextGrid,19,20,more,85.580,85.750,6.36,3,RBR,0,6.0766,6.3938,1
audio13.TextGrid,19,21,difficult,85.750,86.230,5.07,8,JJ,0,8.3246,5.5460,1
audio13.TextGrid,19,22,to,86.230,86.300,7.43,2,TO,0,3.0928,0.4006,1
audio13.TextGrid,19,23,break,86.300,86.570,5.18,4,VB,0,8.8529,4.9314,1
audio13.TextGrid,19,24,from,86.570,86.760,6.63,3,IN,0,5.1524,4.5452,1
audio13.TextGrid,19,25,the,86.760,86.860,7.73,2,DT,0,1.7128,0.6208,1
audio13.TextGrid,19,26,hook,86.860,87.220,4.37,3,NN,0,9.5454,2.8605,1
audio13.TextGrid,20,1,then,88.080,88.240,6.07,3,RB,0,7.4856,3.0071,1
audio13.TextGrid,20,2,there,88.240,88.330,6.31,3,EX,0,6.3065,4.0694,1
audio13.TextGrid,20,3,was,88.330,88.520,6.82,3,VBD,0,4.0250,0.3899,1
audio13.TextGrid,20,4,nothing,88.520,88.900,5.55,5,NN,0,10.4459,3.7050,1
audio13.TextGrid,21,1,come,90.370,90.570,5.78,3,VBN,0,10.6226,5.0561,1
audio13.TextGrid,21,2,on,90.570,90.930,6.91,2,IN,0,4.6963,1.1931,1
audio13.TextGrid,21,3,the,91.210,91.340,7.73,2,DT,0,1.6904,3.0114,1
audio13.TextGrid,21,4,old,91.340,91.540,5.75,3,JJ,0,7.3264,0.2599,1
audio13.TextGrid,21,5,man,91.540,91.770,5.82,3,NN,0,7.6919,0.0069,1
audio13.TextGrid,21,6,said,91.770,91.970,6.01,3,VBD,0,5.2958,0.2369,1
audio13.TextGrid,21,7,aloud,91.970,92.400,3.51,4,JJ,1,5.8175,5.0487,1
audio13.TextGrid,22,1,make,93.060,93.280,6.08,3,VB,0,9.9901,5.9140,1
audio13.TextGrid,22,2,another,93.280,93.570,5.74,5,DT,0,7.0078,0.8463,1
audio13.TextGrid,22,3,turn,93.570,94.090,5.32,3,NN,0,9.5031,0.1930,1
audio13.TextGrid,22,4,just,94.790,95.210,6.43,4,RB,0,7.2204,4.9799,1
audio13.TextGrid,22,5,smell,95.210,95.700,4.49,4,VB,1,4.3132,10.1608,1
audio13.TextGrid,22,6,them,95.700,96.000,6.19,3,PRP,0,6.4965,2.0880,1
audio13.TextGrid,22,7,aren,96.740,96.990,2.81,4,RP,1,6.0595,9.4770,1
audio13.TextGrid,23,1,t,96.990,97.090,5.43,1,NN,1,5.9246,0.0002,1
audio13.TextGrid,23,2,they,97.090,97.210,6.5,2,PRP,0,7.4084,0.7387,1
audio13.TextGrid,23,3,lovely,97.210,97.780,4.74,5,RB,0,11.9349,5.9136,1
audio13.TextGrid,23,4,eat,98.500,98.670,5.13,2,VBP,0,12.7983,4.8547,1
audio13.TextGrid,23,5,them,98.670,98.890,6.19,3,PRP,0,6.9064,0.1648,1
audio13.TextGrid,23,6,good,98.890,99.180,6.12,3,JJ,0,8.3143,7.9257,1
audio13.TextGrid,23,7,now,99.180,99.530,6.18,2,RB,0,8.0248,5.1927,1
audio13.TextGrid,24,1,and,99.940,100.020,7.41,2,CC,0,3.7036,1.5711,1
audio13.TextGrid,24,2,then,100.020,100.350,6.07,3,RB,0,6.4220,1.6287,1
audio13.TextGrid,24,3,there,100.350,100.490,6.31,3,EX,0,7.4500,8.4277,1
audio13.TextGrid,24,4,is,100.490,100.630,7.07,2,VBZ,0,3.4627,1.6302,1
audio13.TextGrid,24,5,the,100.630,100.730,7.73,2,DT,0,2.6256,3.7468,1
audio13.TextGrid,24,6,tuna,100.730,101.210,3.64,4,JJ,1,5.0791,6.0661,1
audio13.TextGrid,24,7,hard,101.740,102.280,5.53,4,NN,0,9.1578,8.1841,1
audio13.TextGrid,24,8,and,102.280,102.430,7.41,2,CC,0,3.8170,3.1388,1
audio13.TextGrid,24,9,cold,102.430,102.880,5.02,4,NN,0,10.0976,4.7235,1
audio13.TextGrid,24,10,and,102.880,103.010,7.41,2,CC,0,3.7567,1.5619,1
audio13.TextGrid,24,11,lovely,103.010,103.560,4.74,5,RB,0,10.1187,6.7296,1
audio13.TextGrid,25,1,don,104.320,104.520,4.6,3,NN,0,11.1384,3.3511,1
audio13.TextGrid,25,2,t,104.520,104.570,5.43,1,NN,1,6.0039,0.0008,1
audio13.TextGrid,25,3,be,104.570,104.700,6.79,2,VB,0,5.4154,3.0868,1
audio13.TextGrid,25,4,shy,104.700,105.050,4.16,2,JJ,1,5.7028,4.5560,1
audio13.TextGrid,25,5,fish,105.050,105.430,4.9,3,NN,1,5.2490,3.8381,1
audio13.TextGrid,26,1,eat,105.910,106.030,5.13,2,VB,0,13.8346,2.1333,1
audio13.TextGrid,26,2,them,106.030,106.370,6.19,3,PRP,0,6.7009,0.2716,1
audio13.TextGrid,26,3,he,109.040,109.150,6.69,2,PRP,0,5.6524,1.6609,1
audio13.TextGrid,26,4,waited,109.150,109.480,4.26,5,VBD,0,10.0537,5.5449,1
audio13.TextGrid,26,5,with,109.480,109.600,6.85,3,IN,0,5.2163,4.3837,1
audio13.TextGrid,26,6,the,109.600,109.690,7.73,2,DT,0,1.7440,2.2532,1
audio13.TextGrid,26,7,line,109.690,109.980,5.49,3,NN,0,7.6733,1.8449,1
audio13.TextGrid,26,8,between,109.980,110.280,5.77,6,IN,0,7.0776,4.4149,1
audio13.TextGrid,26,9,his,110.280,110.440,6.51,3,PRP$,0,5.3094,0.3782,1
audio13.TextGrid,26,10,thumb,110.440,110.700,4.01,3,NN,1,4.2574,1.3932,1
audio13.TextGrid,26,11,and,110.700,110.820,7.41,3,CC,0,4.3075,0.0146,1
audio13.TextGrid,26,12,his,110.820,111.000,6.51,3,PRP$,0,5.8319,5.1916,1
audio13.TextGrid,26,13,finger,111.000,111.390,4.48,5,NN,1,4.2575,6.3084,1
audio13.TextGrid,26,14,watching,111.590,111.970,5.02,5,VBG,0,11.1284,4.7520,1
audio13.TextGrid,26,15,it,111.970,112.200,6.95,2,PRP,0,4.4651,2.4836,1
audio13.TextGrid,26,16,and,112.200,112.290,7.41,2,CC,0,4.1823,4.1559,1
audio13.TextGrid,26,17,the,112.290,112.420,7.73,2,DT,0,2.2416,3.8300,1
audio13.TextGrid,26,18,other,112.420,112.600,6.16,3,JJ,0,5.7832,4.0389,1
audio13.TextGrid,26,19,lines,112.600,112.930,4.95,4,NNS,0,8.6543,3.8315,1
audio13.TextGrid,26,20,at,112.930,112.990,6.7,2,IN,0,4.9028,5.5099,1
audio13.TextGrid,26,21,the,112.990,113.080,7.73,2,DT,0,1.6914,1.3998,1
audio13.TextGrid,26,22,same,113.080,113.340,5.8,3,JJ,0,7.1122,0.8391,1
audio13.TextGrid,26,23,time,113.340,113.790,6.29,3,NN,0,5.9413,0.0645,1
audio13.TextGrid,26,24,for,113.790,113.930,7.01,2,IN,0,3.9739,4.1139,1
audio13.TextGrid,26,25,the,113.930,114.030,7.73,2,DT,0,1.6908,1.7812,1
audio13.TextGrid,26,26,fish,114.030,114.270,4.9,3,NN,1,4.1359,2.5962,1
audio13.TextGrid,26,27,might,114.270,114.430,5.66,3,MD,0,7.2652,7.9007,1
audio13.TextGrid,26,28,have,114.430,114.550,6.71,3,VB,0,3.8843,2.9077,1
audio13.TextGrid,26,29,swum,114.550,114.840,2.43,4,VBN,1,5.9123,9.6508,1
audio13.TextGrid,26,30,up,114.840,115.010,6.39,2,RP,0,5.0773,2.8256,1
audio13.TextGrid,26,31,or,115.010,115.110,6.54,2,CC,0,5.8382,3.7245,1
audio13.TextGrid,26,32,down,115.110,115.580,5.88,3,IN,0,6.8320,0.5495,1
audio13.TextGrid,27,1,then,116.500,116.760,6.07,3,RB,0,7.4856,2.1396,1
audio13.TextGrid,27,2,came,116.760,117.070,5.5,3,VBD,0,7.9811,5.4363,1
audio13.TextGrid,27,3,the,117.070,117.140,7.73,2,DT,0,2.4516,0.8683,1
audio13.TextGrid,27,4,same,117.140,117.570,5.8,3,JJ,0,7.1154,4.5806,1
audio13.TextGrid,27,5,delicate,117.570,118.090,4.01,7,NN,1,3.9916,8.7302,1
audio13.TextGrid,27,6,pulling,118.130,118.480,4.35,5,VBG,0,11.2162,3.7073,1
audio13.TextGrid,27,7,touch,118.480,118.810,4.91,3,NN,0,11.0999,10.5513,1
audio13.TextGrid,27,8,again,118.810,119.130,5.7,4,RB,0,8.0615,3.1140,1
audio13.TextGrid,28,1,he,119.130,119.210,6.69,2,PRP,0,4.5353,5.9661,1
audio13.TextGrid,28,2,ll,121.090,121.220,4.66,2,MD,1,4.2179,4.1025,1
audio13.TextGrid,28,3,take,121.220,121.510,5.92,3,VB,0,5.6108,3.6832,1
audio13.TextGrid,28,4,it,121.510,121.780,6.95,2,PRP,0,4.4228,2.2200,1
audio13.TextGrid,28,5,the,122.070,122.170,7.73,2,DT,0,3.8276,1.1898,1
audio13.TextGrid,28,6,old,122.170,122.360,5.75,3,JJ,0,7.3408,0.1928,1
audio13.TextGrid,28,7,man,122.360,122.580,5.82,3,NN,0,7.6965,0.0059,1
audio13.TextGrid,28,8,said,122.580,122.770,6.01,3,VBD,0,4.4628,0.1056,1
audio13.TextGrid,28,9,aloud,122.770,123.170,3.51,4,JJ,1,5.8359,2.6532,1
audio13.TextGrid,29,1,god,124.040,124.390,5.57,3,NN,0,11.1384,7.3622,1
audio13.TextGrid,29,2,help,124.390,124.650,5.75,4,VBZ,0,7.2651,2.5214,1
audio13.TextGrid,29,3,him,124.650,124.760,6.11,2,PRP,0,8.0276,0.8583,1
audio13.TextGrid,29,4,to,124.760,124.890,7.43,2,TO,0,3.5419,4.5638,1
audio13.TextGrid,29,5,take,124.890,125.160,5.92,3,VB,0,6.4853,2.0756,1
audio13.TextGrid,29,6,it,125.160,125.370,6.95,2,PRP,0,4.4245,0.1331,1
audio13.TextGrid,30,1,he,126.930,127.070,6.69,2,PRP,0,4.5353,1.7997,1
audio13.TextGrid,30,2,did,127.070,127.210,5.96,3,VBD,0,5.6940,3.6093,1
audio13.TextGrid,30,3,not,127.210,127.460,6.69,3,RB,0,5.4771,0.2028,1
audio13.TextGrid,30,4,take,127.460,127.600,5.92,3,VB,0,6.3909,3.4655,1
audio13.TextGrid,30,5,it,127.600,127.690,6.95,2,PRP,0,4.4278,0.4412,1
audio13.TextGrid,31,1,though,127.690,127.940,5.5,2,IN,0,8.0782,5.9350,1
audio13.TextGrid,31,2,he,128.340,128.450,6.69,2,PRP,0,4.6236,1.1157,1
audio13.TextGrid,31,3,was,128.450,128.630,6.82,3,VBD,0,5.1218,2.6166,1
audio13.TextGrid,31,4,gone,128.630,129.050,5.17,3,VBN,0,10.2642,6.3214,1
audio13.TextGrid,31,5,and,129.290,129.400,7.41,2,CC,0,3.9606,2.3285,1
audio13.TextGrid,31,6,the,129.400,129.500,7.73,2,DT,0,2.9635,1.8455,1
audio13.TextGrid,31,7,old,129.500,129.690,5.75,3,JJ,0,7.3320,1.6727,1
audio13.TextGrid,31,8,man,129.690,129.900,5.82,3,NN,0,7.6930,0.0304,1
audio13.TextGrid,31,9,felt,129.900,130.160,5.13,4,VBD,0,8.7860,3.9597,1
audio13.TextGrid,31,10,nothing,130.160,130.610,5.55,5,NN,0,10.4528,3.4731,1
audio13.TextGrid,32,1,he,132.080,132.180,6.69,2,PRP,0,4.5353,3.0877,1
audio13.TextGrid,32,2,can,132.180,132.400,6.46,3,MD,0,5.3091,3.7092,1
audio13.TextGrid,32,3,t,132.400,132.430,5.43,1,VB,1,3.7171,1.2235,1
audio13.TextGrid,32,4,have,132.430,132.530,6.71,3,VB,0,5.7075,4.4370,1
audio13.TextGrid,32,5,gone,132.530,132.900,5.17,3,VBN,0,9.9423,5.3038,1
audio13.TextGrid,32,6,he,133.230,133.360,6.69,2,PRP,0,5.8598,0.5338,1
audio13.TextGrid,32,7,said,133.360,133.670,6.01,3,VBD,0,5.3794,0.5816,1
audio13.TextGrid,33,1,christ,134.180,134.660,4.79,5,NN,1,5.9246,9.0980,1
audio13.TextGrid,33,2,knows,134.660,135.040,5.07,3,VBZ,0,9.0274,6.0981,1
audio13.TextGrid,33,3,he,135.040,135.120,6.69,2,PRP,0,5.3684,2.1922,1
audio13.TextGrid,33,4,can,135.120,135.330,6.46,3,MD,0,6.7731,1.6937,1
audio13.TextGrid,33,5,t,135.330,135.360,5.43,1,VB,1,3.7233,0.7116,1
audio13.TextGrid,33,6,have,135.360,135.450,6.71,3,VB,0,5.7012,0.9721,1
audio13.TextGrid,33,7,gone,135.450,135.820,5.17,3,VBN,0,9.9386,0.2364,1
audio13.TextGrid,34,1,he,136.430,136.550,6.69,2,PRP,0,4.5353,0.9828,1
audio13.TextGrid,34,2,s,136.550,136.590,5.86,1,VBD,1,3.3819,1.6879,1
audio13.TextGrid,34,3,making,136.590,136.900,5.54,5,VBG,0,8.2018,6.8802,1
audio13.TextGrid,34,4,a,136.900,136.960,7.36,1,DT,0,3.1365,1.4297,1
audio13.TextGrid,34,5,turn,136.960,137.500,5.32,3,NN,0,9.5219,5.4572,1
audio13.TextGrid,35,1,maybe,138.330,138.650,5.45,4,RB,0,9.9133,5.3639,1
audio13.TextGrid,35,2,he,138.650,138.780,6.69,2,PRP,0,5.3385,0.6704,1
audio13.TextGrid,35,3,has,138.780,138.930,6.37,3,VBZ,0,4.0746,3.8488,1
audio13.TextGrid,35,4,been,138.930,139.100,6.27,3,VBN,0,5.9193,3.4574,1
audio13.TextGrid,35,5,hooked,139.100,139.320,3.92,4,VBN,1,6.9107,8.2690,1
audio13.TextGrid,35,6,before,139.320,139.800,5.93,5,IN,0,6.1678,4.2079,1
audio13.TextGrid,35,7,and,139.800,139.900,7.41,3,CC,0,5.6077,2.0409,1
audio13.TextGrid,35,8,he,139.900,140.010,6.69,2,PRP,0,5.7849,1.4332,1
audio13.TextGrid,35,9,remembers,140.010,140.580,3.93,8,VBZ,1,3.4545,7.5281,1
audio13.TextGrid,35,10,something,140.580,140.960,5.81,6,NN,0,10.1200,4.3883,1
audio13.TextGrid,35,11,of,140.960,141.090,7.4,2,IN,0,3.3742,3.6493,1
audio13.TextGrid,35,12,it,141.090,141.260,6.95,2,PRP,0,3.8016,1.3633,1
audio13.TextGrid,36,1,then,143.500,143.730,6.07,3,RB,0,7.4856,4.2898,1
audio13.TextGrid,36,2,he,143.730,143.850,6.69,2,PRP,0,5.3385,0.6760,1
audio13.TextGrid,36,3,felt,143.850,144.030,5.13,4,VBD,0,8.2736,8.0325,1
audio13.TextGrid,36,4,the,144.030,144.140,7.73,2,DT,0,2.5323,1.6735,1
audio13.TextGrid,36,5,gentle,144.140,144.450,4.17,6,JJ,0,10.7254,6.6195,1
audio13.TextGrid,36,6,touch,144.450,144.750,4.91,3,NN,0,10.0538,2.9944,1
audio13.TextGrid,36,7,on,144.750,144.850,6.91,2,IN,0,4.5556,2.0576,1
audio13.TextGrid,36,8,the,144.850,144.920,7.73,2,DT,0,1.7005,0.7924,1
audio13.TextGrid,36,9,line,144.920,145.340,5.49,3,NN,0,7.6705,2.1911,1
audio13.TextGrid,36,10,and,145.610,145.720,7.41,2,CC,0,4.4155,1.2381,1
audio13.TextGrid,36,11,he,145.720,145.810,6.69,2,PRP,0,4.9547,2.2332,1
audio13.TextGrid,36,12,was,145.810,145.960,6.82,3,VBD,0,4.5334,3.2329,1
audio13.TextGrid,36,13,happy,145.960,146.440,5.35,4,JJ,0,11.5101,4.9333,1
audio13.TextGrid,37,1,it,147.410,147.560,6.95,2,PRP,0,3.8912,3.7003,1
audio13.TextGrid,37,2,was,147.560,147.670,6.82,3,VBD,0,3.9158,2.7103,1
audio13.TextGrid,37,3,only,147.670,147.910,6.12,4,RB,0,6.0839,4.4376,1
audio13.TextGrid,37,4,his,147.910,148.110,6.51,3,PRP$,0,7.4209,4.5768,1
audio13.TextGrid,37,5,turn,148.110,148.590,5.32,3,NN,0,9.6516,1.0196,1
audio13.TextGrid,37,6,he,148.850,148.970,6.69,2,PRP,0,6.7479,0.4907,1
audio13.TextGrid,37,7,said,148.970,149.310,6.01,3,VBD,0,4.5001,0.2648,1
audio13.TextGrid,37,8,he,149.310,149.390,6.69,2,PRP,0,5.1869,2.3285,1
audio13.TextGrid,37,9,ll,149.770,149.880,4.66,2,MD,1,5.1202,2.8368,1
audio13.TextGrid,37,10,take,149.880,150.190,5.92,3,VB,0,5.6142,0.7999,1
audio13.TextGrid,37,11,it,150.190,150.390,6.95,2,PRP,0,4.4171,0.1278,1
audio13.TextGrid,38,1,he,152.250,152.360,6.69,2,PRP,0,4.5353,1.7477,1
audio13.TextGrid,38,2,was,152.360,152.500,6.82,3,VBD,0,3.9158,2.5082,1
audio13.TextGrid,38,3,happy,152.500,152.880,5.35,4,JJ,0,11.5247,4.2551,1
audio13.TextGrid,38,4,feeling,152.880,153.220,5.13,5,VBG,0,10.4025,9.2060,1
audio13.TextGrid,38,5,the,153.220,153.280,7.73,2,DT,0,2.3481,1.5347,1
audio13.TextGrid,38,6,gentle,153.280,153.590,4.17,6,JJ,0,10.7259,4.0118,1
audio13.TextGrid,38,7,pulling,153.590,154.040,4.35,5,NN,0,12.3351,7.8211,1
audio13.TextGrid,38,8,and,154.380,154.470,7.41,2,CC,0,3.9941,2.3031,1
audio13.TextGrid,38,9,then,154.470,154.620,6.07,3,RB,0,7.6928,1.4682,1
audio13.TextGrid,38,10,he,154.620,154.740,6.69,2,PRP,0,6.4720,1.6916,1
audio13.TextGrid,38,11,felt,154.740,154.950,5.13,4,VBD,0,9.6336,1.1341,1
audio13.TextGrid,38,12,something,154.950,155.270,5.81,6,NN,0,9.7633,3.2476,1
audio13.TextGrid,38,13,hard,155.270,155.750,5.53,4,JJ,0,9.2147,4.1897,1
audio13.TextGrid,38,14,and,155.750,156.000,7.41,3,CC,0,3.6578,1.4213,1
audio13.TextGrid,38,15,unbelievably,156.000,156.740,3.42,11,RB,1,4.6565,10.6137,1
audio13.TextGrid,38,16,heavy,156.740,157.120,4.96,4,JJ,0,9.1763,3.7745,1
audio13.TextGrid,39,1,it,158.120,158.230,6.95,2,PRP,0,3.8912,2.6101,1
audio13.TextGrid,39,2,was,158.230,158.480,6.82,3,VBD,0,3.9158,0.6059,1
audio13.TextGrid,39,3,the,158.480,158.550,7.73,2,DT,0,2.4587,1.9278,1
audio13.TextGrid,39,4,weight,158.550,158.830,5.02,3,NN,0,10.2396,3.6429,1
audio13.TextGrid,39,5,of,158.830,158.910,7.4,2,IN,0,3.1714,0.3727,1
audio13.TextGrid,39,6,the,158.910,159.010,7.73,2,DT,0,1.6958,0.8932,1
audio13.TextGrid,39,7,fish,159.010,159.420,4.9,3,NN,1,4.1369,2.4846,1
audio13.TextGrid,39,8,and,159.680,159.810,7.41,2,CC,0,4.5034,1.9564,1
audio13.TextGrid,39,9,he,159.810,159.890,6.69,2,PRP,0,4.9816,1.8595,1
audio13.TextGrid,39,10,let,159.890,160.050,5.6,3,VB,0,8.4388,6.2414,1
audio13.TextGrid,39,11,the,160.050,160.140,7.73,2,DT,0,2.3529,2.4015,1
audio13.TextGrid,39,12,line,160.140,160.410,5.49,3,NN,0,7.6728,1.3411,1
audio13.TextGrid,39,13,slip,160.410,160.710,4.28,4,VBP,0,11.7201,3.8511,1
audio13.TextGrid,39,14,down,160.730,161.340,5.88,3,RP,0,6.3259,3.5143,1
audio13.TextGrid,39,15,down,161.450,161.960,5.88,3,RB,0,6.7455,4.8033,1
audio13.TextGrid,40,1,down,162.410,162.900,5.88,3,RB,0,7.4625,0.4092,1
audio13.TextGrid,40,2,unrolling,163.240,163.910,1.94,7,VBG,1,7.8831,12.7720,1
audio13.TextGrid,40,3,off,163.910,164.130,5.93,2,RP,0,6.2103,6.1307,1
audio13.TextGrid,40,4,the,164.130,164.270,7.73,2,DT,0,2.3293,0.9258,1
audio13.TextGrid,40,5,first,164.270,164.590,6.11,4,JJ,0,6.1609,6.7878,1
audio13.TextGrid,40,6,of,164.590,164.660,7.4,2,IN,0,4.7172,3.5510,1
audio13.TextGrid,40,7,the,164.660,164.750,7.73,2,DT,0,1.7025,0.4630,1
audio13.TextGrid,40,8,two,164.750,164.890,6.1,2,CD,0,7.2483,3.6492,1
audio13.TextGrid,40,9,reserve,164.890,165.320,4.6,5,NN,0,9.5018,11.1559,1
audio13.TextGrid,41,1,coils,165.320,165.820,3.36,4,NNS,1,6.9453,8.7482,1
audio13.TextGrid,41,2,as,165.820,165.880,6.77,2,IN,0,5.3541,4.8692,1
audio13.TextGrid,41,3,it,167.000,167.170,6.95,2,PRP,0,3.8806,2.4146,1
audio13.TextGrid,41,4,went,167.170,167.400,5.5,4,VBD,0,7.4840,2.6315,1
audio13.TextGrid,41,5,down,167.400,167.860,5.88,3,RB,0,6.3409,2.1333,1
audio13.TextGrid,41,6,slipping,167.860,168.280,3.69,6,VBG,1,7.5438,9.6444,1
audio13.TextGrid,41,7,lightly,168.280,168.700,3.96,5,RB,1,4.9560,8.3412,1
audio13.TextGrid,41,8,through,168.700,168.860,5.87,3,IN,0,7.3787,3.5252,1
audio13.TextGrid,41,9,the,168.860,169.000,7.73,2,DT,0,1.7449,0.2699,1
audio13.TextGrid,41,10,old,169.000,169.180,5.75,3,JJ,0,7.3318,5.9341,1
audio13.TextGrid,41,11,man,169.180,169.400,5.82,3,NN,0,7.6965,0.1425,1
audio13.TextGrid,41,12,s,169.400,169.490,5.86,1,VBZ,1,4.8571,0.0618,1
audio13.TextGrid,41,13,fingers,169.490,169.920,4.5,6,NNS,0,12.4544,1.0727,1
audio13.TextGrid,42,1,he,169.990,170.050,6.69,2,PRP,0,4.5353,1.6894,1
audio13.TextGrid,42,2,still,170.470,170.690,5.92,4,RB,0,7.9269,6.7349,1
audio13.TextGrid,42,3,could,170.690,171.070,6.06,3,MD,0,5.7668,3.7457,1
audio13.TextGrid,42,4,feel,171.070,171.310,5.67,3,VB,0,7.2567,1.6898,1
audio13.TextGrid,42,5,the,171.310,171.410,7.73,2,DT,0,2.6097,0.5727,1
audio13.TextGrid,42,6,great,171.410,171.800,5.88,4,JJ,0,7.7285,5.8778,1
audio13.TextGrid,42,7,weight,171.800,172.160,5.02,3,NN,0,10.2871,2.0553,1
audio13.TextGrid,43,1,though,172.610,172.750,5.5,2,IN,0,8.0782,5.1355,1
audio13.TextGrid,43,2,the,172.750,172.840,7.73,2,DT,0,1.8735,2.4464,1
audio13.TextGrid,43,3,pressure,172.840,173.210,5.01,5,NN,0,7.4079,3.8796,1
audio13.TextGrid,43,4,of,173.210,173.300,7.4,2,IN,0,3.5341,1.8753,1
audio13.TextGrid,43,5,his,173.300,173.450,6.51,3,PRP$,0,5.3331,2.9001,1
audio13.TextGrid,43,6,thumb,173.450,173.660,4.01,3,NN,1,4.2573,3.6907,1
audio13.TextGrid,43,7,and,173.660,173.780,7.41,3,CC,0,3.4867,2.1077,1
audio13.TextGrid,43,8,finger,173.780,174.100,4.48,5,NN,1,5.6499,3.7035,1
audio13.TextGrid,43,9,were,174.100,174.320,6.34,2,VBD,0,5.5002,4.5303,1
audio13.TextGrid,43,10,almost,174.320,174.720,5.39,6,RB,0,7.2601,4.1651,1
audio13.TextGrid,43,11,imperceptible,174.720,175.530,2.49,12,JJ,1,5.7601,4.3757,1
audio13.TextGrid,44,1,what,177.000,177.160,6.38,3,WP,0,6.9013,4.1076,1
audio13.TextGrid,44,2,a,177.160,177.220,7.36,1,DT,0,4.3187,2.8932,1
audio13.TextGrid,44,3,fish,177.220,177.740,4.9,3,NN,1,4.1443,3.4196,1
audio13.TextGrid,44,4,he,177.990,178.110,6.69,2,PRP,0,7.0230,0.4090,1
audio13.TextGrid,44,5,said,178.110,178.490,6.01,3,VBD,0,3.5579,0.7183,1
audio13.TextGrid,45,1,he,179.080,179.190,6.69,2,PRP,0,4.5353,3.5425,1
audio13.TextGrid,45,2,has,179.190,179.380,6.37,3,VBZ,0,4.0433,3.3156,1
audio13.TextGrid,45,3,it,179.380,179.500,6.95,2,PRP,0,4.7253,4.3329,1
audio13.TextGrid,45,4,sideways,179.500,180.060,3.54,6,VBZ,1,4.8303,10.2307,1
audio13.TextGrid,45,5,in,180.060,180.160,7.27,2,IN,0,3.8935,2.9025,1
audio13.TextGrid,45,6,his,180.160,180.310,6.51,3,PRP$,0,5.3742,0.9574,1
audio13.TextGrid,45,7,mouth,180.310,180.670,4.83,3,NN,1,4.2570,1.9345,1
audio13.TextGrid,45,8,now,180.670,180.980,6.18,2,RB,0,7.1821,3.5206,1
audio13.TextGrid,46,1,and,181.430,181.530,7.41,2,CC,0,3.7036,1.7268,1
audio13.TextGrid,46,2,he,181.530,181.630,6.69,2,PRP,0,4.7461,1.2082,1
audio13.TextGrid,46,3,is,181.630,181.730,7.07,2,VBZ,0,3.3247,3.2024,1
audio13.TextGrid,46,4,moving,181.730,182.010,5.02,5,VBG,0,9.5632,4.8064,1
audio13.TextGrid,46,5,off,182.010,182.260,5.93,2,RP,0,6.0504,5.8855,1
audio13.TextGrid,46,6,with,182.260,182.380,6.85,3,IN,0,5.0487,3.8880,1
audio13.TextGrid,46,7,it,182.380,182.620,6.95,2,PRP,0,3.7972,0.7705,1
audio14.TextGrid,1,1,then,1.320,1.530,6.07,3,RB,0,7.4856,3.0278,1
audio14.TextGrid,1,2,he,1.530,1.630,6.69,2,PRP,0,5.3385,0.8710,1
audio14.TextGrid,1,3,will,1.630,1.790,6.45,3,MD,0,4.2493,7.7234,1
audio14.TextGrid,1,4,turn,1.790,2.180,5.32,3,VB,0,7.7972,5.3187,1
audio14.TextGrid,1,5,and,2.180,2.290,7.41,2,CC,0,4.0785,1.8945,1
audio14.TextGrid,1,6,swallow,2.290,2.730,3.87,5,VB,0,9.6858,5.0867,1
audio14.TextGrid,1,7,it,2.730,2.900,6.95,2,PRP,0,4.4206,1.0663,1
audio14.TextGrid,1,8,he,2.990,3.110,6.69,2,PRP,0,6.4328,1.3880,1
audio14.TextGrid,1,9,thought,3.110,3.470,5.59,3,VBD,0,8.6736,1.3686,1
audio14.TextGrid,2,1,he,4.380,4.490,6.69,2,PRP,0,4.5353,1.8648,1
audio14.TextGrid,2,2,did,4.490,4.620,5.96,3,VBD,0,5.6940,3.6665,1
audio14.TextGrid,2,3,not,4.620,4.810,6.69,3,RB,0,5.4771,0.2297,1
audio14.TextGrid,2,4,say,4.810,5.070,5.89,2,VB,0,6.1115,4.5730,1
audio14.TextGrid,2,5,that,5.070,5.240,7.01,3,IN,0,4.4329,2.3189,1
audio14.TextGrid,2,6,because,5.240,5.660,6.03,5,IN,0,7.8321,4.1607,1
audio14.TextGrid,2,7,he,5.660,5.790,6.69,2,PRP,0,4.6356,0.5619,1
audio14.TextGrid,2,8,knew,5.790,6.030,5.2,3,VBD,0,10.1724,1.9072,1
audio14.TextGrid,2,9,that,6.030,6.180,7.01,3,IN,0,4.1997,1.7359,1
audio14.TextGrid,2,10,if,6.180,6.290,6.47,2,IN,0,7.7698,3.2534,1
audio14.TextGrid,2,11,you,6.290,6.390,6.98,2,PRP,0,5.7899,4.6946,1
audio14.TextGrid,2,12,said,6.390,6.610,6.01,3,VBD,0,4.7683,5.6134,1
audio14.TextGrid,2,13,a,6.610,6.660,7.36,1,DT,0,3.2660,6.0351,1
audio14.TextGrid,2,14,good,6.660,6.940,6.12,3,JJ,0,6.9579,3.6262,1
audio14.TextGrid,2,15,thing,6.940,7.240,5.72,3,NN,0,7.5099,1.3176,1
audio14.TextGrid,2,16,it,7.240,7.380,6.95,2,PRP,0,5.5152,3.0548,1
audio14.TextGrid,2,17,might,7.380,7.630,5.66,3,MD,0,6.4954,2.8536,1
audio14.TextGrid,2,18,not,7.630,7.810,6.69,3,RB,0,6.1867,2.9779,1
audio14.TextGrid,2,19,happen,7.810,8.240,5.19,5,VB,0,8.7132,1.7226,1
audio14.TextGrid,3,1,he,9.000,9.120,6.69,2,PRP,0,4.5353,1.3069,1
audio14.TextGrid,3,2,knew,9.120,9.290,5.2,3,VBD,0,8.7225,2.4545,1
audio14.TextGrid,3,3,what,9.290,9.600,6.38,3,WP,0,6.3195,3.7319,1
audio14.TextGrid,3,4,a,9.600,9.630,7.36,1,DT,0,4.3135,2.7523,1
audio14.TextGrid,3,5,huge,9.630,10.020,5.06,3,JJ,0,8.0201,8.0049,1
audio14.TextGrid,3,6,fish,10.020,10.320,4.9,3,NN,1,3.9926,0.7104,1
audio14.TextGrid,3,7,this,10.320,10.590,6.82,3,DT,0,7.1768,4.3675,1
audio14.TextGrid,3,8,was,10.590,11.010,6.82,3,VBD,0,7.5379,0.9604,1
audio14.TextGrid,3,9,and,11.150,11.280,7.41,3,CC,0,3.9380,1.5391,1
audio14.TextGrid,3,10,he,11.280,11.350,6.69,2,PRP,0,6.2297,0.9363,1
audio14.TextGrid,3,11,thought,11.350,11.580,5.59,3,VBD,0,8.4812,3.4964,1
audio14.TextGrid,3,12,of,11.580,11.710,7.4,2,IN,0,3.0908,3.1324,1
audio14.TextGrid,3,13,him,11.710,11.900,6.11,2,PRP,0,7.3978,3.9620,1
audio14.TextGrid,3,14,moving,11.900,12.210,5.02,5,VBG,0,9.9511,7.5850,1
audio14.TextGrid,3,15,away,12.210,12.520,5.62,3,RB,0,7.5224,3.2146,1
audio14.TextGrid,3,16,in,12.520,12.620,7.27,2,IN,0,3.4843,4.0227,1
audio14.TextGrid,3,17,the,12.620,12.690,7.73,2,DT,0,1.7189,1.2826,1
audio14.TextGrid,3,18,darkness,12.690,13.250,4.3,7,NN,1,4.1386,2.7027,1
audio14.TextGrid,3,19,with,13.250,13.380,6.85,3,IN,0,4.9001,3.0606,1
audio14.TextGrid,3,20,the,13.380,13.440,7.73,2,DT,0,1.7011,1.1678,1
audio14.TextGrid,3,21,tuna,13.440,13.730,3.64,4,NN,1,4.1375,4.0382,1
audio14.TextGrid,3,22,held,13.730,14.030,5.24,4,VBD,0,8.4453,8.5523,1
audio14.TextGrid,3,23,crosswise,14.030,14.640,2.21,7,NN,1,6.2920,9.1576,1
audio14.TextGrid,3,24,in,14.640,14.750,7.27,2,IN,0,3.3942,1.9484,1
audio14.TextGrid,3,25,his,14.750,14.890,6.51,3,PRP$,0,5.3139,0.1907,1
audio14.TextGrid,3,26,mouth,14.890,15.260,4.83,3,NN,1,4.2574,0.6729,1
audio14.TextGrid,4,1,at,15.260,15.330,6.7,2,IN,0,5.5118,5.5776,1
audio14.TextGrid,4,2,that,16.370,16.670,7.01,3,DT,0,4.7675,2.1639,1
audio14.TextGrid,4,3,moment,16.670,17.030,5.24,6,NN,0,9.7093,0.3118,1
audio14.TextGrid,4,4,he,17.030,17.120,6.69,2,PRP,0,5.4613,1.0720,1
audio14.TextGrid,4,5,felt,17.120,17.320,5.13,4,VBD,0,8.2802,1.7275,1
audio14.TextGrid,4,6,him,17.320,17.430,6.11,2,PRP,0,8.1994,4.6989,1
audio14.TextGrid,4,7,stop,17.430,17.730,5.52,4,VB,0,8.9693,6.0569,1
audio14.TextGrid,4,8,moving,17.770,18.150,5.02,5,VBG,0,9.8321,2.7433,1
audio14.TextGrid,4,9,but,18.510,18.620,6.63,3,CC,0,5.4656,5.0014,1
audio14.TextGrid,4,10,the,18.620,18.690,7.73,2,DT,0,3.2878,2.6912,1
audio14.TextGrid,4,11,weight,18.690,18.960,5.02,3,NN,0,10.2411,3.3098,1
audio14.TextGrid,4,12,was,18.960,19.060,6.82,3,VBD,0,5.5309,1.9885,1
audio14.TextGrid,4,13,still,19.060,19.400,5.92,4,RB,0,6.6046,1.2753,1
audio14.TextGrid,4,14,there,19.400,19.690,6.31,3,EX,0,7.1466,0.7469,1
audio14.TextGrid,5,1,then,20.510,20.680,6.07,3,RB,0,7.4856,3.2665,1
audio14.TextGrid,5,2,the,20.680,20.750,7.73,2,DT,0,2.5625,1.6386,1
audio14.TextGrid,5,3,weight,20.750,20.970,5.02,3,NN,0,10.2869,3.4284,1
audio14.TextGrid,5,4,increased,20.970,21.630,4.91,7,VBD,0,7.0937,6.6309,1
audio14.TextGrid,5,5,and,21.630,21.730,7.41,2,CC,0,4.0961,1.1421,1
audio14.TextGrid,5,6,he,21.730,21.830,6.69,2,PRP,0,6.3807,1.1903,1
audio14.TextGrid,5,7,gave,21.830,22.120,5.25,3,VBD,0,8.2197,5.5476,1
audio14.TextGrid,5,8,more,22.120,22.530,6.36,3,JJR,0,5.7049,5.5051,1
audio14.TextGrid,5,9,line,22.530,22.720,5.49,3,NN,0,9.4996,8.7602,1
audio14.TextGrid,6,1,he,23.420,23.510,6.69,2,PRP,0,4.5353,1.8130,1
audio14.TextGrid,6,2,tightened,23.510,23.890,3.29,6,VBD,0,9.9807,8.6877,1
audio14.TextGrid,6,3,the,23.890,23.960,7.73,2,DT,0,3.0366,1.3216,1
audio14.TextGrid,6,4,pressure,23.960,24.380,5.01,5,NN,0,7.4164,5.6979,1
audio14.TextGrid,6,5,of,24.380,24.460,7.4,2,IN,0,2.9567,2.0264,1
audio14.TextGrid,6,6,his,24.460,24.620,6.51,3,PRP$,0,5.3077,0.3426,1
audio14.TextGrid,6,7,thumb,24.620,24.820,4.01,3,NN,1,4.2576,0.4086,1
audio14.TextGrid,6,8,and,24.820,24.930,7.41,3,CC,0,4.4571,0.3320,1
audio14.TextGrid,6,9,finger,24.930,25.250,4.48,5,NN,1,5.3794,1.3059,1
audio14.TextGrid,6,10,for,25.250,25.390,7.01,2,IN,0,4.4419,5.3510,1
audio14.TextGrid,6,11,a,25.390,25.440,7.36,1,DT,0,2.5704,0.9162,1
audio14.TextGrid,6,12,moment,25.440,25.810,5.24,6,NN,0,9.1373,0.7845,1
audio14.TextGrid,6,13,and,25.960,26.050,7.41,2,CC,0,4.2246,0.8786,1
audio14.TextGrid,6,14,the,26.050,26.110,7.73,2,DT,0,2.4186,2.6999,1
audio14.TextGrid,6,15,weight,26.110,26.330,5.02,3,NN,0,10.2305,2.4294,1
audio14.TextGrid,6,16,increased,26.330,26.900,4.91,7,VBD,0,7.8792,3.4272,1
audio14.TextGrid,6,17,and,26.900,27.010,7.41,2,CC,0,4.0558,1.8479,1
audio14.TextGrid,6,18,was,27.010,27.180,6.82,3,VBD,0,3.9323,6.2888,1
audio14.TextGrid,6,19,going,27.180,27.500,5.94,4,VBG,0,8.1853,4.5831,1
audio14.TextGrid,6,20,straight,27.500,27.850,5.04,5,RB,0,9.4735,4.9861,1
audio14.TextGrid,6,21,down,27.890,28.350,5.88,3,RP,0,7.1065,1.0751,1
audio14.TextGrid,7,1,he,29.660,29.780,6.69,2,PRP,0,4.5353,2.3753,1
audio14.TextGrid,7,2,s,29.780,29.870,5.86,1,VBZ,1,3.3590,1.7527,1
audio14.TextGrid,7,3,taken,29.870,30.200,5.33,5,VBN,0,8.1628,5.7032,1
audio14.TextGrid,7,4,it,30.200,30.420,6.95,2,PRP,0,5.2083,0.3105,1
audio14.TextGrid,7,5,he,30.570,30.670,6.69,2,PRP,0,6.4059,0.5679,1
audio14.TextGrid,7,6,said,30.670,30.990,6.01,3,VBD,0,4.6011,0.1140,1
audio14.TextGrid,8,1,now,31.670,31.830,6.18,2,RB,0,6.7634,4.5491,1
audio14.TextGrid,8,2,i,31.830,31.860,7.09,1,VBZ,0,6.3159,3.1055,1
audio14.TextGrid,8,3,ll,31.860,32.010,4.66,1,VBP,1,4.0140,2.3289,1
audio14.TextGrid,8,4,let,32.010,32.410,5.6,3,VB,0,8.5882,4.6534,1
audio14.TextGrid,8,5,him,32.410,32.560,6.11,2,PRP,0,8.0241,0.7811,1
audio14.TextGrid,8,6,eat,32.610,32.780,5.13,2,VB,0,11.6132,2.8388,1
audio14.TextGrid,8,7,it,32.780,32.950,6.95,2,PRP,0,4.8228,0.1785,1
audio14.TextGrid,8,8,well,32.950,33.370,6.03,3,RB,0,7.2662,7.3731,1
audio14.TextGrid,9,1,he,34.760,34.870,6.69,2,PRP,0,4.5353,1.5024,1
audio14.TextGrid,9,2,let,34.870,35.010,5.6,3,VBD,0,7.7261,4.8716,1
audio14.TextGrid,9,3,the,35.010,35.130,7.73,2,DT,0,2.3608,0.9097,1
audio14.TextGrid,9,4,line,35.130,35.420,5.49,3,NN,0,7.6731,0.6539,1
audio14.TextGrid,9,5,slip,35.420,35.690,4.28,4,NN,0,11.8809,2.5125,1
audio14.TextGrid,9,6,through,35.690,35.880,5.87,3,IN,0,7.3533,3.1357,1
audio14.TextGrid,9,7,his,35.880,36.020,6.51,3,PRP$,0,5.3788,1.0153,1
audio14.TextGrid,9,8,fingers,36.020,36.560,4.5,6,NNS,0,10.3120,0.1428,1
audio14.TextGrid,9,9,while,36.560,36.740,5.86,3,IN,0,6.2452,6.4165,1
audio14.TextGrid,9,10,he,36.740,36.850,6.69,2,PRP,0,4.4452,1.0499,1
audio14.TextGrid,9,11,reached,36.850,37.200,4.85,4,VBD,0,8.6008,6.1055,1
audio14.TextGrid,9,12,down,37.200,37.470,5.88,3,RP,0,6.2529,2.1671,1
audio14.TextGrid,9,13,with,37.470,37.600,6.85,3,IN,0,5.0799,3.2573,1
audio14.TextGrid,9,14,his,37.600,37.770,6.51,3,PRP$,0,5.3268,0.4671,1
audio14.TextGrid,9,15,left,37.770,38.030,5.62,4,JJ,0,10.8473,1.3398,1
audio14.TextGrid,9,16,hand,38.030,38.420,5.41,4,NN,0,8.1708,0.0626,1
audio14.TextGrid,9,17,and,38.690,38.890,7.41,3,CC,0,4.0981,0.8285,1
audio14.TextGrid,9,18,made,38.890,39.210,5.92,3,VBD,0,7.3321,5.1396,1
audio14.TextGrid,9,19,fast,39.210,39.590,5.13,4,VB,0,9.7281,7.6611,1
audio14.TextGrid,9,20,the,39.590,39.700,7.73,2,DT,0,3.7215,3.4033,1
audio14.TextGrid,9,21,free,39.700,40.060,5.63,3,JJ,0,7.9820,7.5616,1
audio14.TextGrid,9,22,end,40.060,40.310,5.68,3,NN,0,7.0859,3.7602,1
audio14.TextGrid,9,23,of,40.310,40.410,7.4,2,IN,0,2.7558,0.4069,1
audio14.TextGrid,9,24,the,40.410,40.510,7.73,2,DT,0,1.6964,0.2967,1
audio14.TextGrid,9,25,two,40.510,40.680,6.1,2,CD,0,7.2566,5.7224,1
audio14.TextGrid,9,26,reserve,40.680,41.090,4.6,5,NN,0,9.5283,0.3808,1
audio14.TextGrid,9,27,coils,41.090,41.640,3.36,4,NNS,1,6.9703,0.0854,1
audio14.TextGrid,9,28,to,41.640,41.740,7.43,2,TO,0,3.3423,4.0291,1
audio14.TextGrid,9,29,the,41.740,41.840,7.73,2,DT,0,2.2094,2.1013,1
audio14.TextGrid,9,30,loop,41.840,42.080,4.29,3,NN,1,4.1351,9.1794,1
audio14.TextGrid,9,31,of,42.080,42.150,7.4,2,IN,0,2.9393,1.1383,1
audio14.TextGrid,9,32,the,42.150,42.270,7.73,2,DT,0,1.6949,0.4654,1
audio14.TextGrid,9,33,two,42.270,42.460,6.1,2,CD,0,7.2556,5.0062,1
audio14.TextGrid,9,34,reserve,42.460,42.850,4.6,5,NN,0,9.5204,0.9552,1
audio14.TextGrid,9,35,coils,42.850,43.280,3.36,4,NNS,1,6.9595,0.3070,1
audio14.TextGrid,9,36,of,43.280,43.360,7.4,2,IN,0,2.8708,4.4101,1
audio14.TextGrid,9,37,the,43.360,43.460,7.73,2,DT,0,1.6953,0.4186,1
audio14.TextGrid,9,38,next,43.460,43.780,5.7,5,JJ,0,6.6255,6.7010,1
audio14.TextGrid,9,39,line,43.780,44.150,5.49,3,NN,0,7.5404,0.9893,1
audio14.TextGrid,10,1,now,44.890,45.130,6.18,2,RB,0,6.7634,3.8475,1
audio14.TextGrid,10,2,he,45.130,45.250,6.69,2,PRP,0,5.3385,1.0415,1
audio14.TextGrid,10,3,was,45.250,45.410,6.82,3,VBD,0,3.9474,2.0021,1
audio14.TextGrid,10,4,ready,45.410,45.760,5.28,4,JJ,0,10.9382,3.2972,1
audio14.TextGrid,11,1,he,46.460,46.600,6.69,2,PRP,0,4.5353,1.0263,1
audio14.TextGrid,11,2,had,46.600,46.860,6.33,3,VBD,0,4.7197,2.5647,1
audio14.TextGrid,11,3,three,46.860,47.160,5.78,3,CD,0,7.5584,5.7542,1
audio14.TextGrid,11,4,forty,47.160,47.530,4.2,5,NN,1,4.7797,9.2044,1
audio14.TextGrid,11,5,fathom,47.530,47.820,3.25,5,NN,1,6.1149,8.5312,1
audio14.TextGrid,11,6,coils,47.820,48.260,3.36,4,NNS,1,6.5524,4.4328,1
audio14.TextGrid,11,7,of,48.260,48.370,7.4,2,IN,0,2.8897,1.9111,1
audio14.TextGrid,11,8,line,48.370,48.660,5.49,3,NN,0,9.3086,2.7104,1
audio14.TextGrid,11,9,in,48.660,48.750,7.27,2,IN,0,3.7081,3.1137,1
audio14.TextGrid,11,10,reserve,48.750,49.110,4.6,5,NN,0,8.9998,6.7712,1
audio14.TextGrid,11,11,now,49.160,49.420,6.18,2,RB,0,8.1381,4.3548,1
audio14.TextGrid,12,1,as,49.950,50.050,6.77,2,RB,0,5.4550,4.7619,1
audio14.TextGrid,12,2,well,50.050,50.240,6.03,3,RB,0,7.3028,2.6638,1
audio14.TextGrid,12,3,as,50.240,50.350,6.77,2,IN,0,5.4037,0.0345,1
audio14.TextGrid,12,4,the,50.350,50.430,7.73,2,DT,0,2.1956,1.6486,1
audio14.TextGrid,12,5,coil,50.430,50.790,3.73,3,NN,1,4.1500,7.2771,1
audio14.TextGrid,12,6,he,50.790,50.880,6.69,2,PRP,0,5.9184,4.1496,1
audio14.TextGrid,12,7,was,50.880,51.040,6.82,3,VBD,0,4.0274,2.0997,1
audio14.TextGrid,12,8,using,51.040,51.440,5.47,5,VBG,0,8.4161,3.1272,1
audio14.TextGrid,13,1,eat,53.050,53.230,5.13,2,NN,0,13.8346,2.6842,1
audio14.TextGrid,13,2,it,53.230,53.340,6.95,2,PRP,0,4.5916,1.6829,1
audio14.TextGrid,13,3,a,53.340,53.390,7.36,1,DT,0,3.7978,6.4853,1
audio14.TextGrid,13,4,little,53.390,53.860,5.75,5,RB,0,7.7982,1.8046,1
audio14.TextGrid,13,5,more,53.860,54.020,6.36,3,RBR,0,6.2043,2.4035,1
audio14.TextGrid,13,6,he,54.330,54.450,6.69,2,PRP,0,7.6573,0.4174,1
audio14.TextGrid,13,7,said,54.450,54.800,6.01,3,VBD,0,4.0310,0.1309,1
audio14.TextGrid,14,1,eat,55.460,55.600,5.13,2,NN,0,13.8346,1.8339,1
audio14.TextGrid,14,2,it,55.600,55.760,6.95,2,PRP,0,4.5916,0.2849,1
audio14.TextGrid,14,3,well,55.760,56.160,6.03,3,RB,0,6.8537,3.2160,1
audio14.TextGrid,14,4,eat,57.890,58.040,5.13,2,VB,0,10.1943,6.2227,1
audio14.TextGrid,14,5,it,58.040,58.170,6.95,2,PRP,0,4.8516,0.3697,1
audio14.TextGrid,14,6,so,58.170,58.330,6.52,2,RB,0,6.4390,6.1241,1
audio14.TextGrid,14,7,that,58.330,58.470,7.01,3,IN,0,4.7596,1.9635,1
audio14.TextGrid,14,8,the,58.470,58.540,7.73,2,DT,0,2.2130,1.6984,1
audio14.TextGrid,14,9,point,58.540,58.810,5.54,4,NN,0,6.9788,6.8568,1
audio14.TextGrid,14,10,of,58.810,58.890,7.4,2,IN,0,3.1974,1.6048,1
audio14.TextGrid,14,11,the,58.890,58.980,7.73,2,DT,0,1.6957,0.3635,1
audio14.TextGrid,14,12,hook,58.980,59.140,4.37,3,NN,0,9.5431,3.9416,1
audio14.TextGrid,14,13,goes,59.140,59.350,5.22,3,VBZ,0,8.7381,4.1620,1
audio14.TextGrid,14,14,into,59.350,59.530,6.11,4,IN,0,6.8640,3.3574,1
audio14.TextGrid,14,15,your,59.530,59.710,6.53,3,PRP$,0,6.7866,3.8683,1
audio14.TextGrid,14,16,heart,59.710,60.000,5.31,4,NN,0,9.2580,5.3614,1
audio14.TextGrid,14,17,and,60.000,60.090,7.41,2,CC,0,4.1777,1.1648,1
audio14.TextGrid,14,18,kills,60.090,60.520,4.34,4,NNS,1,6.5815,7.4555,1
audio14.TextGrid,14,19,you,60.520,60.710,6.98,2,PRP,0,7.5935,1.4305,1
audio14.TextGrid,14,20,he,60.920,61.030,6.69,2,PRP,0,6.4496,0.8275,1
audio14.TextGrid,14,21,thought,61.030,61.400,5.59,3,VBD,0,8.4544,0.3153,1
audio14.TextGrid,15,1,come,61.850,62.030,5.78,3,VB,0,10.6226,6.8217,1
audio14.TextGrid,15,2,up,62.030,62.270,6.39,2,RP,0,5.5646,4.5620,1
audio14.TextGrid,15,3,easy,62.270,62.710,5.29,3,JJ,0,9.0433,8.3163,1
audio14.TextGrid,15,4,and,62.710,62.850,7.41,3,CC,0,3.5434,1.4792,1
audio14.TextGrid,15,5,let,62.850,63.050,5.6,3,VB,0,10.6726,3.8993,1
audio14.TextGrid,15,6,me,63.050,63.160,6.48,2,PRP,0,8.6023,4.3267,1
audio14.TextGrid,15,7,put,63.160,63.340,5.66,3,VB,0,8.0567,4.0781,1
audio14.TextGrid,15,8,the,63.340,63.450,7.73,2,DT,0,2.5297,1.6353,1
audio14.TextGrid,15,9,harpoon,63.450,63.890,2.83,6,NN,1,4.1411,10.2118,1
audio14.TextGrid,15,10,into,63.890,64.090,6.11,4,IN,0,6.3527,2.5969,1
audio14.TextGrid,15,11,you,64.090,64.380,6.98,2,PRP,0,5.6127,2.7992,1
audio14.TextGrid,16,1,all,65.190,65.320,6.52,2,DT,0,5.5566,5.6498,1
audio14.TextGrid,16,2,right,65.320,65.690,5.96,3,NN,0,7.0512,1.3478,1
audio14.TextGrid,16,3,are,66.230,66.330,6.74,2,VBP,0,4.4511,6.9811,1
audio14.TextGrid,16,4,you,66.330,66.480,6.98,2,PRP,0,6.6903,0.1868,1
audio14.TextGrid,16,5,ready,66.480,66.830,5.28,4,JJ,0,11.6800,1.1917,1
audio14.TextGrid,17,1,have,67.730,67.880,6.71,3,VBP,0,8.1004,4.4809,1
audio14.TextGrid,17,2,you,67.880,68.000,6.98,2,PRP,0,6.4756,0.5542,1
audio14.TextGrid,17,3,been,68.000,68.230,6.27,3,VBN,0,6.1445,2.7422,1
audio14.TextGrid,17,4,long,68.230,68.640,5.81,3,RB,0,7.8206,6.8084,1
audio14.TextGrid,17,5,enough,68.640,68.970,5.54,4,RB,0,7.9332,0.4603,1
audio14.TextGrid,17,6,at,68.970,69.120,6.7,2,IN,0,4.8317,6.7801,1
audio14.TextGrid,17,7,table,69.130,69.530,5.05,5,NN,0,11.9475,7.1048,1
audio14.TextGrid,18,1,now,71.090,71.760,6.18,2,RB,0,6.7634,4.6986,1
audio14.TextGrid,18,2,he,71.980,72.100,6.69,2,PRP,0,5.3385,0.4080,1
audio14.TextGrid,18,3,said,72.100,72.300,6.01,3,VBD,0,3.4135,0.3801,1
audio14.TextGrid,18,4,aloud,72.300,72.780,3.51,4,NN,1,6.5434,3.2426,1
audio14.TextGrid,19,1,and,73.190,73.330,7.41,3,CC,0,3.7036,2.6578,1
audio14.TextGrid,19,2,struck,73.330,73.710,4.42,5,VB,1,7.4005,7.5836,1
audio14.TextGrid,19,3,hard,73.710,73.990,5.53,4,JJ,0,8.1723,4.9004,1
audio14.TextGrid,19,4,with,73.990,74.190,6.85,3,IN,0,5.5696,2.0110,1
audio14.TextGrid,19,5,both,74.240,74.510,5.79,3,DT,0,6.4141,4.1512,1
audio14.TextGrid,19,6,hands,74.510,75.010,5.16,4,NNS,0,9.3893,0.6800,1
audio14.TextGrid,19,7,gained,75.260,75.570,4.49,4,VBD,0,8.6429,12.5331,1
audio14.TextGrid,19,8,a,75.570,75.600,7.36,1,DT,0,3.3517,2.0484,1
audio14.TextGrid,19,9,yard,75.600,75.940,4.57,4,NN,1,4.1404,7.4266,1
audio14.TextGrid,19,10,of,75.940,76.050,7.4,2,IN,0,3.0826,1.3768,1
audio14.TextGrid,19,11,line,76.050,76.420,5.49,3,NN,0,9.3093,3.9600,1
audio14.TextGrid,19,12,and,76.420,76.500,7.41,2,CC,0,4.1729,0.9912,1
audio14.TextGrid,19,13,then,76.500,76.710,6.07,3,RB,0,7.8200,2.9785,1
audio14.TextGrid,19,14,struck,76.710,77.070,4.42,5,VB,1,5.0101,5.0865,1
audio14.TextGrid,19,15,again,77.070,77.620,5.7,4,RB,0,7.7106,1.8207,1
audio14.TextGrid,19,16,and,77.630,77.780,7.41,3,CC,0,3.8621,2.1703,1
audio14.TextGrid,19,17,again,77.780,78.290,5.7,4,RB,0,7.2946,1.5023,1
audio14.TextGrid,20,1,swinging,78.740,79.210,3.79,6,VBG,1,8.5729,7.4043,1
audio14.TextGrid,20,2,with,79.210,79.360,6.85,3,IN,0,5.2722,3.3567,1
audio14.TextGrid,20,3,each,79.360,79.590,5.69,2,DT,0,6.3403,2.8659,1
audio14.TextGrid,20,4,arm,79.590,79.880,4.73,3,NN,0,9.1372,4.2728,1
audio14.TextGrid,20,5,alternately,79.880,80.500,3.22,9,RB,1,4.9509,9.1918,1
audio14.TextGrid,20,6,on,80.500,80.600,6.91,2,IN,0,5.4547,4.3239,1
audio14.TextGrid,20,7,the,80.600,80.660,7.73,2,DT,0,1.7889,0.8654,1
audio14.TextGrid,20,8,cord,80.660,81.030,3.98,4,NN,1,4.1425,7.6521,1
audio14.TextGrid,20,9,with,81.030,81.290,6.85,3,IN,0,5.0249,4.2503,1
audio14.TextGrid,20,10,all,81.290,81.550,6.52,2,PDT,0,5.4414,4.6690,1
audio14.TextGrid,20,11,the,81.550,81.650,7.73,2,DT,0,3.9398,0.8955,1
audio14.TextGrid,20,12,strength,81.650,82.050,4.8,6,NN,0,9.0140,3.2953,1
audio14.TextGrid,20,13,of,82.050,82.190,7.4,2,IN,0,3.2133,1.0081,1
audio14.TextGrid,20,14,his,82.190,82.290,6.51,3,PRP$,0,5.3152,1.3503,1
audio14.TextGrid,20,15,arms,82.290,82.720,4.82,4,NNS,0,9.2133,4.2312,1
audio14.TextGrid,20,16,and,82.720,82.820,7.41,2,CC,0,3.7468,2.0580,1
audio14.TextGrid,20,17,the,82.820,82.900,7.73,2,DT,0,2.1239,2.6389,1
audio14.TextGrid,20,18,pivoted,82.900,83.380,2.53,7,JJ,1,5.0764,15.0731,1
audio14.TextGrid,20,19,weight,83.380,83.630,5.02,3,NN,0,10.4251,4.0903,1
audio14.TextGrid,20,20,of,83.630,83.720,7.4,2,IN,0,3.2365,0.4909,1
audio14.TextGrid,20,21,his,83.720,83.890,6.51,3,PRP$,0,5.3054,0.6052,1
audio14.TextGrid,20,22,body,83.890,84.340,5.4,4,NN,0,9.6638,3.2087,1
audio14.TextGrid,21,1,nothing,85.910,86.220,5.55,5,NN,0,9.8302,6.6329,1
audio14.TextGrid,21,2,happened,86.220,86.700,5.2,6,VBD,0,10.3618,1.8319,1
audio14.TextGrid,21,3,the,87.610,87.690,7.73,2,DT,0,2.4588,1.8912,1
audio14.TextGrid,21,4,fish,87.690,87.980,4.9,3,NN,1,4.1401,2.4337,1
audio14.TextGrid,21,5,just,87.980,88.310,6.43,4,RB,0,7.6183,5.3167,1
audio14.TextGrid,21,6,moved,88.310,88.600,5.01,4,VBN,0,8.9016,3.9630,1
audio14.TextGrid,21,7,away,88.600,88.860,5.62,3,RP,0,7.4823,3.6637,1
audio14.TextGrid,21,8,slowly,88.860,89.390,4.63,5,RB,0,9.2030,4.7277,1
audio14.TextGrid,22,1,and,89.790,89.870,7.41,2,CC,0,3.7036,1.2704,1
audio14.TextGrid,22,2,the,89.870,89.960,7.73,2,DT,0,2.0380,2.3827,1
audio14.TextGrid,22,3,old,89.960,90.170,5.75,3,JJ,0,7.3360,2.5905,1
audio14.TextGrid,22,4,man,90.170,90.390,5.82,3,NN,0,7.6917,0.0094,1
audio14.TextGrid,22,5,could,90.390,90.580,6.06,3,MD,0,5.2066,3.3304,1
audio14.TextGrid,22,6,not,90.580,90.820,6.69,3,RB,0,6.1844,1.3045,1
audio14.TextGrid,22,7,raise,90.820,91.090,4.75,3,VB,0,7.3359,6.5668,1
audio14.TextGrid,22,8,him,91.090,91.200,6.11,2,PRP,0,8.0290,4.6364,1
audio14.TextGrid,22,9,an,91.200,91.300,6.53,2,DT,0,6.3813,8.0034,1
audio14.TextGrid,22,10,inch,91.300,91.670,4.49,3,NN,1,4.1422,0.2724,1
audio14.TextGrid,23,1,his,92.600,92.770,6.51,3,PRP$,0,5.4396,3.9787,1
audio14.TextGrid,23,2,line,92.770,93.020,5.49,3,NN,0,7.7883,4.6285,1
audio14.TextGrid,23,3,was,93.020,93.170,6.82,3,VBD,0,4.2117,1.1800,1
audio14.TextGrid,23,4,strong,93.170,93.710,5.22,5,JJ,0,8.3061,4.9365,1
audio14.TextGrid,23,5,and,93.710,93.900,7.41,3,CC,0,3.7493,0.9056,1
audio14.TextGrid,23,6,made,93.900,94.210,5.92,3,VBN,0,8.3574,6.9447,1
audio14.TextGrid,23,7,for,94.210,94.350,7.01,2,IN,0,3.7444,3.8582,1
audio14.TextGrid,23,8,heavy,94.350,94.600,4.96,4,JJ,0,9.0105,7.8384,1
audio14.TextGrid,23,9,fish,94.600,94.990,4.9,3,NN,1,4.9481,2.2084,1
audio14.TextGrid,23,10,and,94.990,95.100,7.41,2,CC,0,4.2903,1.8433,1
audio14.TextGrid,23,11,he,95.100,95.270,6.69,2,PRP,0,5.2138,0.9362,1
audio14.TextGrid,23,12,held,95.270,95.480,5.24,4,VBD,0,7.7335,4.9348,1
audio14.TextGrid,23,13,it,95.480,95.570,6.95,2,PRP,0,5.0562,0.9607,1
audio14.TextGrid,23,14,against,95.570,95.900,5.68,6,IN,0,6.9366,5.2012,1
audio14.TextGrid,23,15,his,95.900,96.070,6.51,3,PRP$,0,5.3063,1.1962,1
audio14.TextGrid,23,16,hack,96.100,96.410,4.05,3,NN,1,4.2576,13.3523,1
audio14.TextGrid,23,17,until,96.410,96.670,5.61,5,IN,0,7.3216,6.3982,1
audio14.TextGrid,23,18,it,96.670,96.770,6.95,2,PRP,0,3.7965,1.2013,1
audio14.TextGrid,23,19,was,96.770,96.880,6.82,3,VBD,0,5.4093,1.3340,1
audio14.TextGrid,23,20,so,96.880,97.070,6.52,2,RB,0,6.0212,4.1044,1
audio14.TextGrid,23,21,taut,97.070,97.390,2.91,3,JJ,1,5.6735,7.7084,1
audio14.TextGrid,23,22,that,97.390,97.570,7.01,3,IN,0,4.1558,0.7053,1
audio14.TextGrid,23,23,beads,97.610,97.890,3.69,4,NNS,1,7.0850,12.2634,1
audio14.TextGrid,23,24,of,97.890,98.040,7.4,2,IN,0,2.9892,0.4801,1
audio14.TextGrid,23,25,water,98.040,98.410,5.52,4,NN,0,9.7720,2.7706,1
audio14.TextGrid,23,26,were,98.410,98.540,6.34,2,VBD,0,6.4017,2.5445,1
audio14.TextGrid,23,27,jumping,98.540,98.920,4.23,6,VBG,0,11.1368,8.8040,1
audio14.TextGrid,23,28,from,98.920,99.150,6.63,4,IN,0,4.9631,1.9039,1
audio14.TextGrid,23,29,it,99.150,99.300,6.95,2,PRP,0,3.8075,1.7557,1
audio14.TextGrid,24,1,then,100.280,100.440,6.07,3,RB,0,7.4856,1.5047,1
audio14.TextGrid,24,2,it,100.440,100.570,6.95,2,PRP,0,4.6944,2.3116,1
audio14.TextGrid,24,3,began,100.570,100.890,5.07,5,VBD,0,6.3870,4.3397,1
audio14.TextGrid,24,4,to,100.890,100.980,7.43,2,TO,0,3.3802,0.3081,1
audio14.TextGrid,24,5,make,100.980,101.140,6.08,3,VB,0,5.4832,5.8484,1
audio14.TextGrid,24,6,a,101.140,101.190,7.36,1,DT,0,3.2154,1.4192,1
audio14.TextGrid,24,7,slow,101.190,101.550,4.85,3,JJ,0,8.8983,3.7237,1
audio14.TextGrid,24,8,hissing,101.550,101.920,2.88,5,NN,1,4.0256,9.9698,1
audio14.TextGrid,24,9,sound,101.920,102.330,5.15,4,NN,0,9.9085,0.6673,1
audio14.TextGrid,24,10,in,102.330,102.420,7.27,2,IN,0,3.5907,3.9850,1
audio14.TextGrid,24,11,the,102.420,102.480,7.73,2,DT,0,1.7126,0.6384,1
audio14.TextGrid,24,12,water,102.480,102.880,5.52,4,NN,0,8.3735,3.1748,1
audio14.TextGrid,24,13,and,103.270,103.380,7.41,2,CC,0,4.2687,1.4681,1
audio14.TextGrid,24,14,he,103.380,103.500,6.69,2,PRP,0,5.0149,1.1571,1
audio14.TextGrid,24,15,still,103.500,103.860,5.92,4,RB,0,7.6893,6.4131,1
audio14.TextGrid,24,16,held,103.860,104.100,5.24,4,VBD,0,7.3145,2.7524,1
audio14.TextGrid,24,17,it,104.100,104.300,6.95,2,PRP,0,5.2383,0.8417,1
audio14.TextGrid,24,18,bracing,104.470,104.860,3.12,6,VBG,1,7.5596,9.5287,1
audio14.TextGrid,24,19,himself,104.860,105.290,5.25,7,PRP,0,8.5312,1.3134,1
audio14.TextGrid,24,20,against,105.290,105.670,5.68,6,IN,0,7.0534,1.2616,1
audio14.TextGrid,24,21,the,105.670,105.740,7.73,2,DT,0,1.6941,0.4126,1
audio14.TextGrid,24,22,thwart,105.740,106.140,3.06,5,NN,0,14.7686,11.0811,1
audio14.TextGrid,24,23,and,106.140,106.310,7.41,3,CC,0,4.0512,1.9161,1
audio14.TextGrid,24,24,leaning,106.310,106.670,3.89,5,VBG,1,6.9266,5.5067,1
audio14.TextGrid,24,25,back,106.670,106.920,6.04,3,RB,0,7.0162,2.2968,1
audio14.TextGrid,24,26,against,106.920,107.260,5.68,6,IN,0,7.2188,1.1335,1
audio14.TextGrid,24,27,the,107.260,107.350,7.73,2,DT,0,1.7142,0.5367,1
audio14.TextGrid,24,28,pull,107.350,107.760,4.82,3,NN,0,14.0613,6.3797,1
audio14.TextGrid,25,1,the,108.740,108.810,7.73,2,DT,0,1.8241,2.0917,1
audio14.TextGrid,25,2,boat,108.810,109.000,4.71,3,NN,1,4.1358,6.4832,1
audio14.TextGrid,25,3,began,109.000,109.380,5.07,5,VBD,0,6.6201,4.2614,1
audio14.TextGrid,25,4,to,109.380,109.460,7.43,2,TO,0,3.3830,0.1799,1
audio14.TextGrid,25,5,move,109.460,109.800,5.35,3,VB,0,7.6131,2.2280,1
audio14.TextGrid,25,6,slowly,109.800,110.210,4.63,5,RB,0,9.1076,3.3269,1
audio14.TextGrid,25,7,off,110.210,110.470,5.93,2,RB,0,7.1276,5.8394,1
audio14.TextGrid,25,8,toward,110.470,110.790,4.72,6,IN,0,9.0688,5.2087,1
audio14.TextGrid,25,9,the,110.790,110.870,7.73,2,DT,0,1.7082,0.3278,1
audio14.TextGrid,25,10,north,110.870,111.160,5.34,4,JJ,0,9.8293,5.0770,1
audio14.TextGrid,25,11,west,111.160,111.620,5.29,4,NN,0,8.0971,1.2188,1
audio14.TextGrid,26,1,the,113.140,113.220,7.73,2,DT,0,1.8241,1.6255,1
audio14.TextGrid,26,2,fish,113.220,113.530,4.9,3,JJ,1,5.0760,3.4021,1
audio14.TextGrid,26,3,moved,113.530,113.840,5.01,4,VBN,0,10.4465,2.6085,1
audio14.TextGrid,26,4,steadily,113.840,114.410,3.84,7,RB,0,10.5621,4.6301,1
audio14.TextGrid,26,5,and,114.410,114.500,7.41,2,CC,0,3.9179,2.2967,1
audio14.TextGrid,26,6,they,114.500,114.620,6.5,2,PRP,0,6.6147,5.2425,1
audio14.TextGrid,26,7,travelled,114.620,115.080,3.98,7,VBD,1,3.8962,8.2462,1
audio14.TextGrid,26,8,slowly,115.080,115.540,4.63,5,RB,0,9.0134,2.6064,1
audio14.TextGrid,26,9,on,115.540,115.660,6.91,2,IN,0,4.9669,3.8230,1
audio14.TextGrid,26,10,the,115.660,115.720,7.73,2,DT,0,1.7483,0.9770,1
audio14.TextGrid,26,11,calm,115.720,116.010,4.54,3,JJ,1,5.0774,8.0304,1
audio14.TextGrid,26,12,water,116.010,116.470,5.52,4,NN,0,8.5336,2.1394,1
audio14.TextGrid,27,1,the,117.100,117.220,7.73,2,DT,0,1.8241,1.7143,1
audio14.TextGrid,27,2,other,117.220,117.370,6.16,3,JJ,0,5.7808,5.7972,1
audio14.TextGrid,27,3,baits,117.370,117.740,2.65,4,NNS,1,5.6277,11.4214,1
audio14.TextGrid,27,4,were,117.740,117.810,6.34,2,VBD,0,4.6033,1.5001,1
audio14.TextGrid,27,5,still,117.810,118.050,5.92,4,RB,0,6.6345,3.1617,1
audio14.TextGrid,27,6,in,118.050,118.120,7.27,2,IN,0,3.7313,2.2938,1
audio14.TextGrid,27,7,the,118.120,118.190,7.73,2,DT,0,1.7439,0.9914,1
audio14.TextGrid,27,8,water,118.190,118.580,5.52,4,NN,0,8.3749,0.8360,1
audio14.TextGrid,27,9,but,118.580,118.680,6.63,3,CC,0,6.0399,2.7813,1
audio14.TextGrid,27,10,there,118.860,119.040,6.31,3,EX,0,6.2128,3.2296,1
audio14.TextGrid,27,11,was,119.040,119.190,6.82,3,VBD,0,4.7512,0.3459,1
audio14.TextGrid,27,12,nothing,119.190,119.460,5.55,5,NN,0,10.4288,2.0630,1
audio14.TextGrid,27,13,to,119.460,119.520,7.43,2,TO,0,3.7689,1.7174,1
audio14.TextGrid,27,14,be,119.520,119.620,6.79,2,VB,0,4.3713,2.9101,1
audio14.TextGrid,27,15,done,119.620,119.990,5.58,3,VBN,0,9.8394,0.8463,1
audio14.TextGrid,28,1,i,121.520,121.620,7.09,1,JJ,0,5.5144,2.8808,1
audio14.TextGrid,28,2,wish,121.620,121.830,5.18,3,NN,0,9.0633,5.5088,1
audio14.TextGrid,28,3,i,121.830,121.980,7.09,1,NN,0,6.0510,0.6684,1
audio14.TextGrid,28,4,had,121.980,122.130,6.33,3,VBD,0,6.7946,1.2479,1
audio14.TextGrid,28,5,the,122.130,122.210,7.73,2,DT,0,2.4537,3.4773,1
audio14.TextGrid,28,6,boy,122.210,122.610,5.17,2,NN,0,10.2396,7.3423,1
audio14.TextGrid,28,7,the,122.610,122.910,7.73,2,DT,0,4.0728,2.4535,1
audio14.TextGrid,28,8,old,122.910,123.100,5.75,3,JJ,0,7.3448,0.1936,1
audio14.TextGrid,28,9,man,123.100,123.310,5.82,3,NN,0,7.6996,0.0076,1
audio14.TextGrid,28,10,said,123.310,123.520,6.01,3,VBD,0,4.4164,0.1667,1
audio14.TextGrid,28,11,aloud,123.520,123.920,3.51,4,JJ,1,5.8311,2.4466,1
audio14.TextGrid,29,1,i,125.040,125.110,7.09,1,NN,0,5.5144,1.2327,1
audio14.TextGrid,29,2,m,125.110,125.190,5.39,2,VBP,1,3.9811,3.8313,1
audio14.TextGrid,29,3,being,125.190,125.520,5.95,4,VBG,0,7.2667,6.7507,1
audio14.TextGrid,29,4,towed,125.520,125.850,3.38,3,VBN,1,7.2534,8.2647,1
audio14.TextGrid,29,5,by,125.850,126.080,6.66,2,IN,0,4.0135,2.7388,1
audio14.TextGrid,29,6,a,126.080,126.140,7.36,1,DT,0,2.5484,1.5502,1
audio14.TextGrid,29,7,fish,126.140,126.460,4.9,3,JJ,1,5.0752,5.3283,1
audio14.TextGrid,29,8,and,126.460,126.610,7.41,3,CC,0,3.8389,2.2522,1
audio14.TextGrid,29,9,i,126.610,126.700,7.09,1,JJ,0,5.9925,1.0791,1
audio14.TextGrid,29,10,m,126.700,126.810,5.39,2,VBP,1,6.1587,1.5793,1
audio14.TextGrid,29,11,the,126.810,126.900,7.73,2,DT,0,2.6986,5.2231,1
audio14.TextGrid,29,12,towing,126.900,127.300,3.32,4,NN,1,4.1408,10.8627,1
audio14.TextGrid,29,13,bitt,127.300,127.560,1.63,3,NN,1,5.4036,11.3449,1
audio14.TextGrid,30,1,i,127.560,127.590,7.09,1,NN,0,5.5144,1.3755,1
audio14.TextGrid,30,2,could,128.320,128.530,6.06,3,MD,0,5.0621,4.8253,1
audio14.TextGrid,30,3,make,128.530,128.750,6.08,3,VB,0,5.2992,4.0135,1
audio14.TextGrid,30,4,the,128.750,128.840,7.73,2,DT,0,2.3410,2.7524,1
audio14.TextGrid,30,5,line,128.840,129.160,5.49,3,NN,0,7.6730,3.8748,1
audio14.TextGrid,30,6,fast,129.160,129.710,5.13,4,RB,0,10.6360,5.2894,1
audio14.TextGrid,30,7,but,129.980,130.110,6.63,3,CC,0,5.3308,3.0457,1
audio14.TextGrid,30,8,then,130.110,130.270,6.07,3,RB,0,6.6758,4.5882,1
audio14.TextGrid,30,9,he,130.270,130.360,6.69,2,PRP,0,6.5691,2.8691,1
audio14.TextGrid,30,10,could,130.360,130.520,6.06,3,MD,0,5.8241,4.1689,1
audio14.TextGrid,30,11,break,130.520,130.780,5.18,4,VB,0,8.4956,6.3668,1
audio14.TextGrid,30,12,it,130.780,130.970,6.95,2,PRP,0,4.3835,1.7412,1
audio14.TextGrid,31,1,i,131.700,131.800,7.09,1,NN,0,5.5144,1.6721,1
audio14.TextGrid,31,2,must,131.800,132.040,5.68,4,MD,0,6.9134,4.6812,1
audio14.TextGrid,31,3,hold,132.040,132.240,5.19,4,VB,0,7.5448,4.6714,1
audio14.TextGrid,31,4,him,132.240,132.350,6.11,2,PRP,0,8.1206,2.3764,1
audio14.TextGrid,31,5,all,132.350,132.540,6.52,2,DT,0,7.4944,5.2801,1
audio14.TextGrid,31,6,i,132.540,132.630,7.09,1,NN,0,8.5909,5.9440,1
audio14.TextGrid,31,7,can,132.630,132.980,6.46,3,MD,0,6.7913,0.2801,1
audio14.TextGrid,31,8,and,132.980,133.110,7.41,3,CC,0,4.6951,2.3687,1
audio14.TextGrid,31,9,give,133.110,133.310,5.71,3,VB,0,6.6139,4.4890,1
audio14.TextGrid,31,10,him,133.310,133.470,6.11,2,PRP,0,8.0997,0.3025,1
audio14.TextGrid,31,11,line,133.470,133.760,5.49,3,NN,0,9.9523,8.8647,1
audio14.TextGrid,31,12,when,133.760,133.880,6.37,3,WRB,0,6.5077,5.3007,1
audio14.TextGrid,31,13,he,133.880,133.970,6.69,2,PRP,0,4.6758,0.7134,1
audio14.TextGrid,31,14,must,133.970,134.200,5.68,4,MD,0,6.9136,6.2790,1
audio14.TextGrid,31,15,have,134.200,134.370,6.71,3,VB,0,3.8737,3.6799,1
audio14.TextGrid,31,16,it,134.370,134.570,6.95,2,PRP,0,4.6654,1.5564,1
audio14.TextGrid,32,1,thank,135.360,135.570,5.48,4,NN,1,5.9246,7.4800,1
audio14.TextGrid,32,2,god,135.570,135.900,5.57,3,NN,0,12.4404,0.7168,1
audio14.TextGrid,32,3,he,135.900,135.990,6.69,2,PRP,0,8.1975,2.2802,1
audio14.TextGrid,32,4,is,135.990,136.150,7.07,2,VBZ,0,4.1885,3.2168,1
audio14.TextGrid,32,5,travelling,136.150,136.680,4.16,8,VBG,1,7.2780,9.6954,1
audio14.TextGrid,32,6,and,136.680,136.840,7.41,3,CC,0,3.8438,3.1886,1
audio14.TextGrid,32,7,not,136.880,137.080,6.69,3,RB,0,5.8014,3.5561,1
audio14.TextGrid,32,8,going,137.080,137.370,5.94,4,VBG,0,7.7816,3.0084,1
audio14.TextGrid,33,1,down,137.370,137.790,5.88,3,IN,0,7.4625,3.5296,1
audio14.TextGrid,33,2,what,139.270,139.420,6.38,3,WP,0,7.6682,5.8041,1
audio14.TextGrid,33,3,i,139.420,139.530,7.09,1,NN,0,6.3810,5.2979,1
audio14.TextGrid,33,4,will,139.530,139.750,6.45,3,MD,0,4.2271,5.1888,1
audio14.TextGrid,33,5,do,139.750,140.110,6.35,2,VB,0,5.1557,0.9487,1
audio14.TextGrid,33,6,if,140.110,140.200,6.47,2,IN,0,6.4230,4.4401,1
audio14.TextGrid,33,7,he,140.200,140.320,6.69,2,PRP,0,4.4725,1.1347,1
audio14.TextGrid,33,8,decides,140.320,140.830,4.16,6,VBZ,0,11.2478,6.2276,1
audio14.TextGrid,33,9,to,140.830,140.900,7.43,2,TO,0,3.3261,0.2651,1
audio14.TextGrid,33,10,go,140.900,141.070,6.03,2,VB,0,6.6302,1.5209,1
audio14.TextGrid,33,11,down,141.070,141.440,5.88,3,RP,0,6.3476,1.0119,1
audio14.TextGrid,33,12,i,141.440,141.560,7.09,1,RB,0,6.2080,1.6566,1
audio14.TextGrid,33,13,don,141.560,141.790,4.6,3,VBP,0,11.9619,4.2777,1
audio14.TextGrid,33,14,t,141.790,141.850,5.43,1,NNS,1,7.2838,0.0004,1
audio14.TextGrid,33,15,know,141.850,142.230,6.1,2,VBP,0,7.9252,0.3839,1
audio14.TextGrid,34,1,what,142.990,143.140,6.38,3,WP,0,6.9013,4.5482,1
audio14.TextGrid,34,2,i,143.140,143.220,7.09,1,NN,0,7.1428,1.2383,1
audio14.TextGrid,34,3,ll,143.220,143.300,4.66,1,VBP,1,3.9885,4.1265,1
audio14.TextGrid,34,4,do,143.300,143.520,6.35,2,VBP,0,6.1641,0.0891,1
audio14.TextGrid,34,5,if,143.520,143.600,6.47,2,IN,0,6.4093,1.2216,1
audio14.TextGrid,34,6,he,143.600,143.720,6.69,2,PRP,0,4.4705,0.3301,1
audio14.TextGrid,34,7,sounds,143.720,144.220,4.97,4,VBZ,0,10.6688,10.2390,1
audio14.TextGrid,34,8,and,144.220,144.340,7.41,2,CC,0,3.9610,4.7217,1
audio14.TextGrid,34,9,dies,144.340,144.900,4.41,3,VBZ,1,4.1483,6.8737,1
audio14.TextGrid,34,10,i,144.900,145.020,7.09,1,JJ,0,6.2422,4.4289,1
audio14.TextGrid,34,11,don,145.020,145.200,4.6,3,VBP,0,11.9818,0.3264,1
audio14.TextGrid,34,12,t,145.200,145.230,5.43,1,NN,1,5.6693,0.0002,1
audio14.TextGrid,34,13,know,145.230,145.560,6.1,2,VBP,0,8.7234,0.0428,1
audio14.TextGrid,35,1,but,146.450,146.560,6.63,3,CC,0,5.3198,2.9413,1
audio14.TextGrid,35,2,i,146.560,146.600,7.09,1,JJ,0,5.7238,1.2619,1
audio14.TextGrid,35,3,ll,146.600,146.680,4.66,1,NNS,1,8.6529,2.8309,1
audio14.TextGrid,35,4,do,146.680,146.850,6.35,2,VBP,0,5.6909,1.9428,1
audio14.TextGrid,35,5,something,146.850,147.410,5.81,6,NN,0,10.0827,4.2809,1
audio14.TextGrid,36,1,there,148.120,148.250,6.31,3,EX,0,5.7321,4.5338,1
audio14.TextGrid,36,2,are,148.250,148.350,6.74,1,VBP,0,4.0250,1.9957,1
audio14.TextGrid,36,3,plenty,148.350,148.720,4.72,6,NN,0,11.0871,4.8021,1
audio14.TextGrid,36,4,of,148.720,148.800,7.4,2,IN,0,3.3550,0.0589,1
audio14.TextGrid,36,5,things,148.800,149.120,5.74,4,NNS,0,8.8494,2.0636,1
audio14.TextGrid,36,6,i,149.120,149.230,7.09,1,NNS,0,7.7171,1.0779,1
audio14.TextGrid,36,7,can,149.230,149.410,6.46,3,MD,0,6.0671,0.8172,1
audio14.TextGrid,36,8,do,149.410,151.430,6.35,2,VB,0,5.1578,0.0895,1
audio14.TextGrid,36,9,he,151.430,151.560,6.69,2,PRP,0,5.2818,3.2054,1
audio14.TextGrid,36,10,held,151.560,151.770,5.24,4,VB,0,8.3750,6.8788,1
audio14.TextGrid,36,11,the,151.770,151.840,7.73,2,DT,0,2.9755,1.1452,1
audio14.TextGrid,36,12,line,151.840,152.120,5.49,3,NN,0,7.6817,1.3769,1
audio14.TextGrid,36,13,against,152.120,152.470,5.68,6,IN,0,7.1086,4.4040,1
audio14.TextGrid,36,14,his,152.470,152.620,6.51,3,PRP$,0,5.3104,1.1275,1
audio14.TextGrid,36,15,back,152.620,152.960,6.04,3,NN,0,9.0276,3.6257,1
audio14.TextGrid,36,16,and,153.040,153.200,7.41,2,CC,0,3.8328,0.7949,1
audio14.TextGrid,36,17,watched,153.200,153.600,4.72,4,VBD,0,11.9254,5.9349,1
audio14.TextGrid,36,18,its,153.600,153.770,6.14,3,PRP$,0,5.9617,5.0265,1
audio14.TextGrid,36,19,slant,153.770,154.160,3.18,5,NN,1,4.2217,12.1425,1
audio14.TextGrid,36,20,in,154.160,154.240,7.27,2,IN,0,3.2614,3.4078,1
audio14.TextGrid,36,21,the,154.240,154.310,7.73,2,DT,0,1.7038,0.5344,1
audio14.TextGrid,36,22,water,154.310,154.780,5.52,4,NN,0,8.3724,0.4326,1
audio14.TextGrid,36,23,and,155.000,155.090,7.41,2,CC,0,4.1958,2.0795,1
audio14.TextGrid,36,24,the,155.090,155.200,7.73,2,DT,0,2.3466,2.8375,1
audio14.TextGrid,36,25,skiff,155.200,155.640,2.63,4,NN,1,4.1375,10.5877,1
audio14.TextGrid,36,26,moving,155.720,156.130,5.02,5,VBG,0,9.8638,5.6917,1
audio14.TextGrid,36,27,steadily,156.130,156.660,3.84,7,RB,0,10.7146,4.5396,1
audio14.TextGrid,36,28,to,156.660,156.820,7.43,2,TO,0,3.6118,3.6297,1
audio14.TextGrid,36,29,the,156.820,156.920,7.73,2,DT,0,2.4782,0.6915,1
audio14.TextGrid,36,30,north,156.920,157.230,5.34,4,JJ,0,9.8254,1.8289,1
audio14.TextGrid,36,31,west,157.230,157.710,5.29,4,NN,0,8.0931,0.4664,1
audio14.TextGrid,37,1,this,159.010,159.240,6.82,3,DT,0,4.8800,5.1109,1
audio14.TextGrid,37,2,will,159.240,159.380,6.45,3,MD,0,7.8043,3.8066,1
audio14.TextGrid,37,3,kill,159.380,159.660,5.09,3,VB,0,8.5549,4.7723,1
audio14.TextGrid,37,4,him,159.660,159.940,6.11,3,PRP,0,8.1027,0.7786,1
audio14.TextGrid,37,5,the,160.170,160.300,7.73,2,DT,0,3.8236,3.6583,1
audio14.TextGrid,37,6,old,160.300,160.500,5.75,3,JJ,0,7.3416,1.3106,1
audio14.TextGrid,37,7,man,160.500,160.730,5.82,3,NN,0,7.6967,0.0182,1
audio14.TextGrid,37,8,thought,160.730,161.100,5.59,3,VBD,0,8.9227,0.4162,1
audio14.TextGrid,38,1,he,161.580,161.670,6.69,2,PRP,0,4.5353,1.6187,1
audio14.TextGrid,38,2,can,161.670,161.870,6.46,3,MD,0,5.3091,5.1772,1
audio14.TextGrid,38,3,t,161.870,161.900,5.43,1,VB,1,3.7171,1.9354,1
audio14.TextGrid,38,4,do,161.900,162.070,6.35,2,VB,0,7.0054,2.6698,1
audio14.TextGrid,38,5,this,162.070,162.260,6.82,3,DT,0,5.5454,2.3146,1
audio14.TextGrid,38,6,forever,162.260,162.760,4.74,5,NN,1,4.1390,6.9484,1
audio14.TextGrid,39,1,but,163.730,163.880,6.63,3,CC,0,5.3198,2.7659,1
audio14.TextGrid,39,2,four,163.880,164.150,5.53,3,CD,0,8.1366,8.6413,1
audio14.TextGrid,39,3,hours,164.150,164.440,5.4,3,NNS,0,8.1261,4.3718,1
audio14.TextGrid,39,4,later,164.440,164.750,5.49,4,RB,0,9.5340,1.8595,1
audio14.TextGrid,39,5,the,164.750,164.870,7.73,2,DT,0,4.5028,2.0036,1
audio14.TextGrid,39,6,fish,164.870,165.170,4.9,3,NN,1,4.1600,2.1261,1
audio14.TextGrid,39,7,was,165.170,165.300,6.82,3,VBD,0,4.7007,2.9554,1
audio14.TextGrid,39,8,still,165.300,165.540,5.92,4,RB,0,6.6263,2.3811,1
audio14.TextGrid,39,9,swimming,165.540,165.940,4.43,6,VBG,1,7.2370,4.3826,1
audio14.TextGrid,39,10,steadily,165.940,166.390,3.84,7,RB,0,10.6151,4.7837,1
audio14.TextGrid,39,11,out,166.390,166.530,6.38,2,IN,0,6.6366,5.2797,1
audio14.TextGrid,39,12,to,166.530,166.660,7.43,2,TO,0,3.2943,2.6287,1
audio14.TextGrid,39,13,sea,166.660,167.070,5.06,2,VB,0,8.9205,0.5701,1
audio14.TextGrid,39,14,towing,167.070,167.610,3.32,4,VBG,1,8.6686,13.9437,1
audio14.TextGrid,39,15,the,167.610,167.670,7.73,2,DT,0,2.7808,1.4879,1
audio14.TextGrid,39,16,skiff,167.670,168.140,2.63,4,NN,1,4.1357,5.4409,1
audio14.TextGrid,40,1,and,168.770,168.880,7.41,2,CC,0,3.7036,1.3359,1
audio14.TextGrid,40,2,the,168.880,168.990,7.73,2,DT,0,2.0380,2.0353,1
audio14.TextGrid,40,3,old,168.990,169.190,5.75,3,JJ,0,7.3360,1.5000,1
audio14.TextGrid,40,4,man,169.190,169.450,5.82,3,NN,0,7.6917,0.0155,1
audio14.TextGrid,40,5,was,169.450,169.610,6.82,3,VBD,0,4.0668,1.8637,1
audio14.TextGrid,40,6,still,169.610,169.880,5.92,4,RB,0,6.6297,2.9318,1
audio14.TextGrid,40,7,braced,169.880,170.360,3.03,5,VBN,1,5.1505,10.1851,1
audio14.TextGrid,40,8,solidly,170.360,170.890,3.15,7,RB,1,4.8975,8.2641,1
audio14.TextGrid,40,9,with,170.890,171.050,6.85,3,IN,0,5.1776,5.3375,1
audio14.TextGrid,40,10,the,171.050,171.140,7.73,2,DT,0,1.7300,0.9221,1
audio14.TextGrid,40,11,line,171.140,171.420,5.49,3,NN,0,7.6718,1.2280,1
audio14.TextGrid,40,12,across,171.420,171.750,5.25,5,IN,0,8.3209,7.2743,1
audio14.TextGrid,40,13,his,171.750,171.910,6.51,3,PRP$,0,5.3201,0.6822,1
audio14.TextGrid,40,14,back,171.910,172.300,6.04,3,NN,0,9.0298,0.8681,1
audio14.TextGrid,41,1,it,173.680,173.810,6.95,2,PRP,0,3.8912,3.4605,1
audio14.TextGrid,41,2,was,173.810,174.000,6.82,3,VBD,0,3.9158,3.2025,1
audio14.TextGrid,41,3,noon,174.000,174.440,4.11,3,RB,1,4.6349,9.7236,1
audio14.TextGrid,41,4,when,174.440,174.540,6.37,3,WRB,0,6.7567,1.3468,1
audio14.TextGrid,41,5,i,174.540,174.710,7.09,1,NN,0,5.6353,0.7589,1
audio14.TextGrid,41,6,hooked,174.710,175.030,3.92,4,VBD,1,3.3916,7.5219,1
audio14.TextGrid,41,7,him,175.030,175.260,6.11,2,PRP,0,8.1250,2.0999,1
audio14.TextGrid,41,8,he,175.560,175.680,6.69,2,PRP,0,6.5345,0.3478,1
audio14.TextGrid,41,9,said,175.680,176.040,6.01,3,VBD,0,4.1346,0.1954,1
audio14.TextGrid,42,1,and,176.480,176.610,7.41,3,CC,0,3.7036,2.8422,1
audio14.TextGrid,42,2,i,176.610,176.750,7.09,1,NN,0,5.7252,1.7931,1
audio14.TextGrid,42,3,have,176.750,176.920,6.71,3,VBP,0,4.0453,4.8752,1
audio14.TextGrid,42,4,never,176.920,177.130,5.91,4,RB,0,7.4429,3.9824,1
audio14.TextGrid,42,5,seen,177.130,177.480,5.52,3,VBN,0,8.0506,1.4091,1
audio14.TextGrid,42,6,him,177.480,177.760,6.11,3,PRP,0,9.0966,1.8852,1
audio15.TextGrid,1,1,he,1.180,1.310,6.69,2,PRP,0,4.5353,2.1006,1
audio15.TextGrid,1,2,had,1.310,1.450,6.33,3,VBD,0,4.7197,2.4877,1
audio15.TextGrid,1,3,pushed,1.450,1.770,4.43,4,VBN,0,10.3005,7.4112,1
audio15.TextGrid,1,4,his,1.770,1.900,6.51,3,PRP$,0,6.4547,2.1687,1
audio15.TextGrid,1,5,straw,1.900,2.330,3.99,4,NN,1,4.2333,9.2918,1
audio15.TextGrid,1,6,hat,2.330,2.590,4.53,3,RB,1,5.6306,4.3590,1
audio15.TextGrid,1,7,hard,2.590,3.000,5.53,4,RB,0,8.4990,6.3271,1
audio15.TextGrid,1,8,down,3.000,3.270,5.88,3,RP,0,6.8240,3.4097,1
audio15.TextGrid,1,9,on,3.270,3.400,6.91,2,IN,0,4.8041,1.7825,1
audio15.TextGrid,1,10,his,3.400,3.640,6.51,3,PRP$,0,5.4010,1.5288,1
audio15.TextGrid,1,11,head,3.640,3.920,5.51,3,NN,0,7.9889,1.0555,1
audio15.TextGrid,1,12,before,3.920,4.290,5.93,5,IN,0,7.1474,4.5692,1
audio15.TextGrid,1,13,he,4.290,4.440,6.69,2,PRP,0,4.5044,1.2067,1
audio15.TextGrid,1,14,hooked,4.440,4.630,3.92,4,VBD,1,4.9135,5.0809,1
audio15.TextGrid,1,15,the,4.630,4.760,7.73,2,DT,0,2.4476,1.7813,1
audio15.TextGrid,1,16,fish,4.760,5.090,4.9,3,NN,1,4.1400,1.7458,1
audio15.TextGrid,2,1,and,5.630,5.720,7.41,2,CC,0,3.7036,1.8056,1
audio15.TextGrid,2,2,it,5.720,5.780,6.95,2,PRP,0,4.1020,2.3004,1
audio15.TextGrid,2,3,was,5.780,5.930,6.82,3,VBD,0,3.8816,0.9915,1
audio15.TextGrid,2,4,cutting,5.930,6.280,4.61,5,VBG,0,9.5913,9.0864,1
audio15.TextGrid,2,5,his,6.280,6.450,6.51,3,PRP$,0,5.8766,2.6041,1
audio15.TextGrid,2,6,forehead,6.450,6.980,3.87,6,NN,1,4.2574,7.2651,1
audio15.TextGrid,3,1,he,7.790,7.890,6.69,2,PRP,0,4.5353,1.5661,1
audio15.TextGrid,3,2,was,7.890,8.090,6.82,3,VBD,0,3.9158,1.6783,1
audio15.TextGrid,3,3,thirsty,8.090,8.500,3.74,5,JJ,1,5.8405,7.1420,1
audio15.TextGrid,3,4,too,8.500,8.870,5.95,2,RB,0,8.9333,4.7794,1
audio15.TextGrid,3,5,and,8.870,9.030,7.41,3,CC,0,3.4278,1.0750,1
audio15.TextGrid,3,6,he,9.540,9.680,6.69,2,PRP,0,6.5380,1.4323,1
audio15.TextGrid,3,7,got,9.680,9.870,5.91,3,VBD,0,7.4588,4.8657,1
audio15.TextGrid,3,8,down,9.870,10.130,5.88,3,RB,0,6.2900,3.7215,1
audio15.TextGrid,3,9,on,10.130,10.260,6.91,2,IN,0,4.7500,1.2255,1
audio15.TextGrid,3,10,his,10.260,10.450,6.51,3,PRP$,0,5.3345,0.5310,1
audio15.TextGrid,3,11,knees,10.450,10.910,4.18,3,NNS,1,5.5670,0.7845,1
audio15.TextGrid,3,12,and,10.910,11.120,7.41,3,CC,0,4.0881,0.6564,1
audio15.TextGrid,3,13,being,11.180,11.500,5.95,4,VBG,0,8.0785,5.1562,1
audio15.TextGrid,3,14,careful,11.500,11.880,4.59,6,JJ,0,10.8699,4.3236,1
audio15.TextGrid,3,15,not,11.880,12.080,6.69,3,RB,0,7.4266,1.0213,1
audio15.TextGrid,3,16,to,12.080,12.150,7.43,2,TO,0,3.4509,0.0015,1
audio15.TextGrid,3,17,jerk,12.150,12.440,4.0,3,VB,1,3.8583,6.9933,1
audio15.TextGrid,3,18,on,12.440,12.570,6.91,2,IN,0,4.9514,5.1713,1
audio15.TextGrid,3,19,the,12.570,12.650,7.73,2,DT,0,1.7345,0.7246,1
audio15.TextGrid,3,20,line,12.650,13.060,5.49,3,NN,0,7.6714,2.0954,1
audio15.TextGrid,3,21,moved,13.190,13.520,5.01,4,VBD,0,10.2985,5.5629,1
audio15.TextGrid,3,22,as,13.520,13.690,6.77,2,IN,0,4.5819,4.8814,1
audio15.TextGrid,3,23,far,13.690,14.000,5.5,3,RB,0,8.0489,3.3070,1
audio15.TextGrid,3,24,into,14.000,14.160,6.11,4,IN,0,6.6893,5.1330,1
audio15.TextGrid,3,25,the,14.160,14.250,7.73,2,DT,0,1.8427,0.1044,1
audio15.TextGrid,3,26,bow,14.250,14.560,4.3,2,NN,1,4.1393,6.4500,1
audio15.TextGrid,3,27,as,14.560,14.660,6.77,2,IN,0,4.7736,0.6684,1
audio15.TextGrid,3,28,he,14.660,14.740,6.69,2,PRP,0,4.5197,0.4952,1
audio15.TextGrid,3,29,could,14.740,14.920,6.06,3,MD,0,6.3631,0.0890,1
audio15.TextGrid,3,30,get,14.920,15.230,6.28,3,VB,0,5.7548,4.4928,1
audio15.TextGrid,4,1,and,15.630,15.780,7.41,3,CC,0,3.7036,2.3307,1
audio15.TextGrid,4,2,reached,15.780,16.020,4.85,4,VBD,0,10.1483,5.4824,1
audio15.TextGrid,4,3,the,16.020,16.110,7.73,2,DT,0,3.1325,2.6353,1
audio15.TextGrid,4,4,water,16.110,16.420,5.52,4,NN,0,8.3774,4.7205,1
audio15.TextGrid,4,5,bottle,16.420,16.740,4.57,5,NN,0,8.9527,8.0926,1
audio15.TextGrid,4,6,with,16.740,16.920,6.85,3,IN,0,4.8393,2.8898,1
audio15.TextGrid,4,7,one,16.920,17.090,6.47,3,CD,0,5.7451,2.5797,1
audio15.TextGrid,4,8,hand,17.090,17.570,5.41,4,NN,0,8.9576,0.2437,1
audio15.TextGrid,5,1,he,18.160,18.310,6.69,2,PRP,0,4.5353,1.3345,1
audio15.TextGrid,5,2,opened,18.310,18.620,4.85,5,VBD,0,7.6917,4.5896,1
audio15.TextGrid,5,3,it,18.620,18.840,6.95,2,PRP,0,4.7494,0.7935,1
audio15.TextGrid,5,4,and,18.840,18.960,7.41,2,CC,0,4.4671,0.5144,1
audio15.TextGrid,5,5,drank,18.960,19.270,3.95,5,VB,1,4.8571,3.7140,1
audio15.TextGrid,5,6,a,19.270,19.300,7.36,1,DT,0,3.2028,2.7556,1
audio15.TextGrid,5,7,little,19.300,19.640,5.75,5,JJ,0,7.7960,1.8644,1
audio15.TextGrid,6,1,then,20.350,20.610,6.07,3,RB,0,7.4856,2.0561,1
audio15.TextGrid,6,2,he,20.610,20.760,6.69,2,PRP,0,5.3385,0.2625,1
audio15.TextGrid,6,3,rested,20.760,21.130,3.59,6,VBD,1,3.4135,6.5931,1
audio15.TextGrid,6,4,against,21.130,21.420,5.68,6,IN,0,7.6259,4.5663,1
audio15.TextGrid,6,5,the,21.420,21.510,7.73,2,DT,0,1.7412,0.2696,1
audio15.TextGrid,6,6,bow,21.510,21.910,4.3,2,NN,1,4.1398,6.5247,1
audio15.TextGrid,7,1,he,22.780,22.900,6.69,2,PRP,0,4.5353,1.6419,1
audio15.TextGrid,7,2,rested,22.900,23.420,3.59,6,VBD,1,3.3819,6.0179,1
audio15.TextGrid,7,3,sitting,23.420,23.720,4.86,5,VBG,0,11.1975,9.8865,1
audio15.TextGrid,7,4,on,23.720,23.860,6.91,2,IN,0,4.6829,0.8991,1
audio15.TextGrid,7,5,the,23.860,23.990,7.73,2,DT,0,1.7298,0.5336,1
audio15.TextGrid,7,6,un,23.990,24.140,4.62,2,NN,1,4.1386,8.8098,1
audio15.TextGrid,7,7,stepped,24.140,24.510,4.2,5,VBD,0,10.9291,8.0555,1
audio15.TextGrid,7,8,mast,24.510,24.860,3.52,4,NN,1,6.3456,8.0128,1
audio15.TextGrid,7,9,and,24.860,24.960,7.41,2,CC,0,4.2799,1.4958,1
audio15.TextGrid,7,10,sail,24.960,25.410,4.01,3,NN,1,5.5120,12.6265,1
audio15.TextGrid,7,11,and,25.630,25.770,7.41,3,CC,0,3.8833,3.3514,1
audio15.TextGrid,7,12,tried,25.770,26.130,5.16,4,VBD,0,10.3173,5.4697,1
audio15.TextGrid,7,13,not,26.130,26.330,6.69,3,RB,0,5.6741,1.7929,1
audio15.TextGrid,7,14,to,26.330,26.420,7.43,2,TO,0,3.6412,0.0034,1
audio15.TextGrid,7,15,think,26.420,26.880,6.08,4,VB,0,6.8764,2.7660,1
audio15.TextGrid,7,16,but,26.950,27.090,6.63,3,CC,0,5.7560,5.8944,1
audio15.TextGrid,7,17,only,27.090,27.360,6.12,4,RB,0,6.5704,5.7899,1
audio15.TextGrid,7,18,to,27.360,27.540,7.43,2,TO,0,3.7284,0.4365,1
audio15.TextGrid,7,19,endure,27.540,28.070,3.82,6,VB,1,4.1736,8.7952,1
audio15.TextGrid,8,1,then,29.580,29.880,6.07,3,RB,0,7.4856,2.3030,1
audio15.TextGrid,8,2,he,29.880,30.020,6.69,2,PRP,0,5.3385,0.3676,1
audio15.TextGrid,8,3,looked,30.020,30.230,5.11,4,VBD,0,10.0141,2.9654,1
audio15.TextGrid,8,4,behind,30.230,30.670,5.29,6,IN,0,8.6738,6.4046,1
audio15.TextGrid,8,5,him,30.670,30.920,6.11,3,PRP,0,7.3637,0.2280,1
audio15.TextGrid,8,6,and,30.920,31.070,7.41,3,CC,0,4.4527,0.4398,1
audio15.TextGrid,8,7,saw,31.070,31.300,5.34,2,VBD,0,9.9935,0.6479,1
audio15.TextGrid,8,8,that,31.300,31.470,7.01,3,IN,0,4.2377,1.8443,1
audio15.TextGrid,8,9,no,31.470,31.640,6.35,2,DT,0,6.3045,4.5021,1
audio15.TextGrid,8,10,land,31.640,31.950,5.22,4,NN,0,9.1658,8.0156,1
audio15.TextGrid,8,11,was,31.950,32.150,6.82,3,VBD,0,5.2554,1.0947,1
audio15.TextGrid,8,12,visible,32.150,32.660,4.39,7,JJ,0,10.8174,3.2023,1
audio15.TextGrid,9,1,that,33.340,33.530,7.01,3,DT,0,4.4338,4.8928,1
audio15.TextGrid,9,2,makes,33.530,33.800,5.46,4,VBZ,0,9.0883,6.7477,1
audio15.TextGrid,9,3,no,33.800,33.920,6.35,2,DT,0,6.2470,2.6158,1
audio15.TextGrid,9,4,difference,33.920,34.430,5.01,7,NN,0,8.1088,0.9110,1
audio15.TextGrid,9,5,he,34.430,34.540,6.69,2,PRP,0,5.6690,0.7702,1
audio15.TextGrid,9,6,thought,34.540,34.940,5.59,3,VBD,0,8.0738,0.1788,1
audio15.TextGrid,10,1,i,35.370,35.450,7.09,1,NN,0,5.5144,3.7123,1
audio15.TextGrid,10,2,can,35.450,35.590,6.46,3,MD,0,5.3141,2.4478,1
audio15.TextGrid,10,3,always,35.590,35.930,5.76,5,RB,0,8.3531,5.9277,1
audio15.TextGrid,10,4,come,35.930,36.130,5.78,3,VB,0,7.0814,3.8427,1
audio15.TextGrid,10,5,in,36.130,36.290,7.27,2,IN,0,3.3696,3.6937,1
audio15.TextGrid,10,6,on,36.290,36.400,6.91,2,IN,0,6.3464,4.1467,1
audio15.TextGrid,10,7,the,36.400,36.470,7.73,2,DT,0,1.8821,1.2460,1
audio15.TextGrid,10,8,glow,36.470,36.740,3.91,3,NN,1,4.1520,12.3371,1
audio15.TextGrid,10,9,from,36.740,36.950,6.63,4,IN,0,5.0965,3.9298,1
audio15.TextGrid,10,10,havana,36.950,37.320,3.53,6,NN,1,5.7915,12.2932,1
audio15.TextGrid,11,1,there,38.460,38.590,6.31,3,EX,0,5.7321,3.7272,1
audio15.TextGrid,11,2,are,38.590,38.710,6.74,2,VBP,0,4.0250,1.4432,1
audio15.TextGrid,11,3,two,38.710,38.940,6.1,2,CD,0,6.9950,3.8937,1
audio15.TextGrid,11,4,more,38.940,39.200,6.36,3,JJR,0,6.7790,4.4401,1
audio15.TextGrid,11,5,hours,39.200,39.580,5.4,3,NNS,0,9.1768,3.5840,1
audio15.TextGrid,11,6,before,39.580,39.880,5.93,5,IN,0,6.8390,2.6406,1
audio15.TextGrid,11,7,the,39.880,39.980,7.73,2,DT,0,1.8081,1.3073,1
audio15.TextGrid,11,8,sun,39.980,40.260,4.97,3,NN,0,10.3560,2.3692,1
audio15.TextGrid,11,9,sets,40.260,40.680,4.69,4,NNS,0,10.3158,1.0067,1
audio15.TextGrid,11,10,and,40.680,40.920,7.41,3,CC,0,4.2783,0.9206,1
audio15.TextGrid,11,11,maybe,40.920,41.230,5.45,4,RB,0,10.3060,6.4914,1
audio15.TextGrid,11,12,he,41.230,41.330,6.69,2,PRP,0,6.1222,1.7324,1
audio15.TextGrid,11,13,will,41.330,41.500,6.45,3,MD,0,4.8272,0.7822,1
audio15.TextGrid,11,14,come,41.500,41.690,5.78,3,VB,0,6.4454,2.2092,1
audio15.TextGrid,11,15,up,41.690,41.820,6.39,2,RP,0,5.0838,2.9977,1
audio15.TextGrid,11,16,before,41.830,42.170,5.93,5,IN,0,6.8545,5.2195,1
audio15.TextGrid,12,1,that,42.170,42.540,7.01,3,IN,0,4.4338,2.6045,1
audio15.TextGrid,12,2,if,43.140,43.260,6.47,2,IN,0,7.8715,3.9472,1
audio15.TextGrid,12,3,he,43.260,43.340,6.69,2,PRP,0,4.6449,0.6504,1
audio15.TextGrid,12,4,doesn't,43.340,43.790,5.53,6,VBZ,1,4.6291,3.2235,1
audio15.TextGrid,12,5,maybe,43.790,44.050,5.45,4,RB,0,9.4173,9.8450,1
audio15.TextGrid,12,6,he,44.050,44.120,6.69,2,PRP,0,6.3854,0.6857,1
audio15.TextGrid,12,7,will,44.120,44.260,6.45,3,MD,0,5.0561,0.8194,1
audio15.TextGrid,12,8,come,44.260,44.440,5.78,3,VB,0,6.4492,1.4693,1
audio15.TextGrid,12,9,up,44.440,44.600,6.39,2,RP,0,5.0773,0.8398,1
audio15.TextGrid,12,10,with,44.600,44.730,6.85,3,IN,0,4.7877,4.2114,1
audio15.TextGrid,12,11,the,44.730,44.790,7.73,2,DT,0,1.7006,1.8887,1
audio15.TextGrid,12,12,moon,44.790,45.260,4.7,3,NN,0,11.0437,8.5041,1
audio15.TextGrid,13,1,if,45.940,46.060,6.47,2,IN,0,6.7770,3.1999,1
audio15.TextGrid,13,2,he,46.060,46.140,6.69,2,PRP,0,4.5051,0.2745,1
audio15.TextGrid,13,3,does,46.140,46.320,5.74,3,VBZ,0,7.3824,0.8990,1
audio15.TextGrid,13,4,not,46.320,46.570,6.69,3,RB,0,5.5377,3.6145,1
audio15.TextGrid,13,5,do,46.570,46.650,6.35,2,VB,0,5.9351,4.0514,1
audio15.TextGrid,13,6,that,46.650,46.920,7.01,3,DT,0,4.4008,0.9570,1
audio15.TextGrid,13,7,maybe,46.990,47.280,5.45,4,RB,0,10.9160,3.9380,1
audio15.TextGrid,13,8,he,47.280,47.360,6.69,2,PRP,0,5.8744,0.2618,1
audio15.TextGrid,13,9,will,47.360,47.500,6.45,3,MD,0,4.5265,0.3626,1
audio15.TextGrid,13,10,come,47.500,47.660,5.78,3,VB,0,6.4445,0.7862,1
audio15.TextGrid,13,11,up,47.660,47.840,6.39,2,RP,0,5.0720,0.2089,1
audio15.TextGrid,13,12,with,47.840,47.940,6.85,3,IN,0,4.7799,0.7681,1
audio15.TextGrid,13,13,the,47.940,48.020,7.73,2,DT,0,1.7009,0.4897,1
audio15.TextGrid,13,14,sunrise,48.020,48.690,3.82,6,NN,1,4.1374,4.6627,1
audio15.TextGrid,14,1,i,49.400,49.510,7.09,1,NNS,0,5.5144,2.7842,1
audio15.TextGrid,14,2,have,49.510,49.690,6.71,3,VBP,0,4.0795,2.8600,1
audio15.TextGrid,14,3,no,49.690,49.810,6.35,2,DT,0,6.3912,2.2522,1
audio15.TextGrid,14,4,cramps,49.810,50.450,3.32,6,NNS,1,6.6453,12.5584,1
audio15.TextGrid,14,5,and,50.450,50.580,7.41,3,CC,0,4.4039,1.9235,1
audio15.TextGrid,14,6,i,50.580,50.680,7.09,1,JJ,0,6.0378,1.0006,1
audio15.TextGrid,14,7,feel,50.680,50.930,5.67,3,NN,0,8.2307,3.8594,1
audio15.TextGrid,14,8,strong,50.930,51.520,5.22,5,JJ,0,8.2185,5.0099,1
audio15.TextGrid,15,1,it,52.010,52.140,6.95,2,PRP,0,3.8912,3.4196,1
audio15.TextGrid,15,2,is,52.140,52.310,7.07,2,VBZ,0,3.3590,1.1408,1
audio15.TextGrid,15,3,he,52.310,52.580,6.69,2,PRP,0,5.3690,7.8474,1
audio15.TextGrid,15,4,that,52.580,52.740,7.01,3,WDT,0,4.2020,2.9301,1
audio15.TextGrid,15,5,has,52.740,52.950,6.37,3,VBZ,0,5.7421,2.3157,1
audio15.TextGrid,15,6,the,52.950,53.060,7.73,2,DT,0,2.4261,2.7211,1
audio15.TextGrid,15,7,hook,53.060,53.260,4.37,3,NN,0,9.5444,5.6102,1
audio15.TextGrid,15,8,in,53.260,53.370,7.27,2,IN,0,3.2377,2.3196,1
audio15.TextGrid,15,9,his,53.370,53.560,6.51,3,PRP$,0,5.3042,0.4051,1
audio15.TextGrid,15,10,mouth,53.560,53.950,4.83,3,NN,1,4.2576,0.7591,1
audio15.TextGrid,16,1,but,54.950,55.130,6.63,3,CC,0,5.3198,3.5278,1
audio15.TextGrid,16,2,what,55.130,55.270,6.38,3,WP,0,7.6895,3.8523,1
audio15.TextGrid,16,3,a,55.270,55.330,7.36,1,DT,0,4.2793,4.8781,1
audio15.TextGrid,16,4,fish,55.330,55.640,4.9,3,NN,1,4.1440,3.6412,1
audio15.TextGrid,16,5,to,55.640,55.750,7.43,2,TO,0,3.7601,4.6047,1
audio15.TextGrid,16,6,pull,55.750,56.140,4.82,3,VB,0,9.2457,4.7028,1
audio15.TextGrid,16,7,like,56.140,56.340,6.41,3,IN,0,7.0079,4.6520,1
audio15.TextGrid,17,1,that,56.340,56.650,7.01,3,IN,0,4.4338,0.4972,1
audio15.TextGrid,17,2,he,57.300,57.410,6.69,2,PRP,0,5.2592,1.7847,1
audio15.TextGrid,17,3,must,57.410,57.620,5.68,4,MD,0,8.0760,3.5223,1
audio15.TextGrid,17,4,have,57.620,57.750,6.71,3,VB,0,3.8831,1.2638,1
audio15.TextGrid,17,5,his,57.750,57.920,6.51,3,PRP$,0,6.1285,3.7786,1
audio15.TextGrid,17,6,mouth,57.920,58.200,4.83,3,NN,1,4.2553,4.6160,1
audio15.TextGrid,17,7,shut,58.200,58.440,4.78,3,VBD,0,10.2458,3.3717,1
audio15.TextGrid,17,8,tight,58.470,58.710,4.57,3,VBN,0,9.5841,5.2455,1
audio15.TextGrid,17,9,on,58.710,58.830,6.91,2,IN,0,5.0529,3.7462,1
audio15.TextGrid,17,10,the,58.830,58.890,7.73,2,DT,0,1.7243,1.0215,1
audio15.TextGrid,17,11,wire,58.890,59.300,4.43,3,NN,1,4.1374,6.0542,1
audio15.TextGrid,18,1,i,59.300,59.330,7.09,1,JJ,0,5.5144,2.4152,1
audio15.TextGrid,18,2,wish,60.140,60.430,5.18,3,VBP,0,9.0633,4.4934,1
audio15.TextGrid,18,3,i,60.430,60.520,7.09,1,NN,0,6.0510,0.4364,1
audio15.TextGrid,18,4,could,60.520,60.690,6.06,3,MD,0,7.1028,1.6942,1
audio15.TextGrid,18,5,see,60.690,61.010,6.1,2,VB,0,6.2439,3.4489,1
audio15.TextGrid,18,6,him,61.010,61.210,6.11,2,PRP,0,8.0203,1.4605,1
audio15.TextGrid,19,1,i,61.960,62.040,7.09,1,JJ,0,5.5144,1.2350,1
audio15.TextGrid,19,2,wish,62.040,62.260,5.18,3,VBP,0,9.0633,1.3588,1
audio15.TextGrid,19,3,i,62.260,62.360,7.09,1,NN,0,6.0510,0.3115,1
audio15.TextGrid,19,4,could,62.360,62.510,6.06,3,MD,0,7.1028,0.0686,1
audio15.TextGrid,19,5,see,62.510,62.740,6.1,2,VB,0,6.2439,0.8647,1
audio15.TextGrid,19,6,him,62.740,62.840,6.11,2,PRP,0,8.0203,0.6366,1
audio15.TextGrid,19,7,only,62.840,63.060,6.12,4,RB,0,6.7977,6.2830,1
audio15.TextGrid,19,8,once,63.060,63.420,5.53,4,RB,0,7.7114,3.2375,1
audio15.TextGrid,19,9,to,63.420,63.590,7.43,2,TO,0,3.6758,5.4546,1
audio15.TextGrid,19,10,know,63.590,63.760,6.1,2,VB,0,7.3068,4.7546,1
audio15.TextGrid,19,11,what,63.760,63.950,6.38,3,WP,0,6.8822,1.9346,1
audio15.TextGrid,19,12,i,63.950,64.040,7.09,1,NN,0,7.1488,2.3112,1
audio15.TextGrid,19,13,have,64.040,64.230,6.71,3,VBP,0,4.0883,2.7843,1
audio15.TextGrid,19,14,against,64.230,64.670,5.68,6,IN,0,7.6460,7.6197,1
audio15.TextGrid,19,15,me,64.670,64.940,6.48,2,PRP,0,7.9830,2.6552,1
audio15.TextGrid,20,1,the,67.290,67.390,7.73,2,DT,0,1.8241,3.4121,1
audio15.TextGrid,20,2,fish,67.390,67.720,4.9,3,JJ,1,5.0760,2.6886,1
audio15.TextGrid,20,3,never,67.720,68.010,5.91,4,RB,0,9.8726,5.5420,1
audio15.TextGrid,20,4,changed,68.010,68.470,5.07,5,VBN,0,8.0566,5.4851,1
audio15.TextGrid,20,5,his,68.470,68.640,6.51,3,PRP$,0,7.1476,2.2195,1
audio15.TextGrid,20,6,course,68.640,69.130,5.44,4,NN,0,7.9464,3.6334,1
audio15.TextGrid,20,7,nor,69.130,69.360,4.78,3,CC,0,9.2997,4.6975,1
audio15.TextGrid,20,8,his,69.360,69.540,6.51,3,PRP$,0,5.9920,2.4348,1
audio15.TextGrid,20,9,direction,69.540,70.120,4.93,8,NN,0,8.7476,3.7052,1
audio15.TextGrid,20,10,all,70.120,70.380,6.52,2,DT,0,7.7260,7.9353,1
audio15.TextGrid,20,11,that,70.380,70.670,7.01,3,WDT,0,5.8873,1.0706,1
audio15.TextGrid,20,12,night,70.670,70.980,5.61,3,NN,0,9.6043,5.8445,1
audio15.TextGrid,20,13,as,70.980,71.130,6.77,2,RB,0,4.8156,5.5472,1
audio15.TextGrid,20,14,far,71.130,71.310,5.5,3,RB,0,8.2382,3.4716,1
audio15.TextGrid,20,15,as,71.310,71.420,6.77,2,IN,0,5.1844,0.0224,1
audio15.TextGrid,20,16,the,71.420,71.500,7.73,2,DT,0,2.0001,2.6117,1
audio15.TextGrid,20,17,man,71.500,71.740,5.82,3,NN,0,7.6863,6.1934,1
audio15.TextGrid,20,18,could,71.740,71.940,6.06,3,MD,0,6.4079,2.1009,1
audio15.TextGrid,20,19,tell,71.940,72.210,5.53,3,VB,0,9.6792,1.2311,1
audio15.TextGrid,20,20,from,72.210,72.380,6.63,3,IN,0,5.2617,4.6726,1
audio15.TextGrid,20,21,watching,72.380,72.740,5.02,5,VBG,0,11.7379,4.4212,1
audio15.TextGrid,20,22,the,72.740,72.820,7.73,2,DT,0,2.3131,1.4115,1
audio15.TextGrid,20,23,stars,72.820,73.410,4.86,5,NNS,0,10.5012,6.5702,1
audio15.TextGrid,21,1,it,74.130,74.270,6.95,2,PRP,0,3.8912,2.9920,1
audio15.TextGrid,21,2,was,74.270,74.410,6.82,3,VBD,0,3.9158,0.8826,1
audio15.TextGrid,21,3,cold,74.410,74.850,5.02,4,VBN,0,11.2433,6.2762,1
audio15.TextGrid,21,4,after,74.850,75.060,6.11,4,IN,0,6.8064,5.6222,1
audio15.TextGrid,21,5,the,75.060,75.160,7.73,2,DT,0,1.7084,2.1068,1
audio15.TextGrid,21,6,sun,75.160,75.400,4.97,3,NN,0,10.3525,1.7608,1
audio15.TextGrid,21,7,went,75.400,75.630,5.5,4,VBD,0,10.4674,2.1003,1
audio15.TextGrid,21,8,down,75.630,76.000,5.88,3,RB,0,6.3323,0.1468,1
audio15.TextGrid,22,1,and,76.460,76.560,7.41,2,CC,0,3.7036,0.6272,1
audio15.TextGrid,22,2,the,76.560,76.680,7.73,2,DT,0,2.0380,1.6521,1
audio15.TextGrid,22,3,old,76.680,76.960,5.75,3,JJ,0,7.3360,4.8200,1
audio15.TextGrid,22,4,man,76.960,77.200,5.82,3,NN,0,7.6917,0.0266,1
audio15.TextGrid,22,5,s,77.200,77.250,5.86,1,VBZ,1,3.5067,3.6669,1
audio15.TextGrid,22,6,sweat,77.250,77.620,4.14,4,NN,0,12.7988,6.9486,1
audio15.TextGrid,22,7,dried,77.620,77.890,4.04,4,VBD,1,5.3541,3.2200,1
audio15.TextGrid,22,8,cold,77.890,78.230,5.02,4,NN,0,11.2316,7.5779,1
audio15.TextGrid,22,9,on,78.230,78.370,6.91,2,IN,0,5.0312,2.8539,1
audio15.TextGrid,22,10,his,78.370,78.540,6.51,3,PRP$,0,5.3167,0.3538,1
audio15.TextGrid,22,11,back,78.540,78.960,6.04,3,NN,0,9.0278,3.9312,1
audio15.TextGrid,22,12,and,78.960,79.070,7.41,2,CC,0,3.8343,1.5336,1
audio15.TextGrid,22,13,his,79.070,79.230,6.51,3,PRP$,0,6.4073,1.5951,1
audio15.TextGrid,22,14,arms,79.230,79.670,4.82,4,NNS,0,9.2080,4.6334,1
audio15.TextGrid,22,15,and,79.670,79.800,7.41,3,CC,0,4.2198,2.2203,1
audio15.TextGrid,22,16,his,79.800,79.950,6.51,3,PRP$,0,5.9672,3.1270,1
audio15.TextGrid,22,17,old,79.950,80.220,5.75,3,JJ,0,7.3904,8.3674,1
audio15.TextGrid,22,18,legs,80.220,80.680,4.67,4,NN,1,4.1087,3.9201,1
audio15.TextGrid,23,1,during,81.440,81.720,5.72,5,IN,0,7.8144,7.5637,1
audio15.TextGrid,23,2,the,81.720,81.790,7.73,2,DT,0,1.7472,0.5206,1
audio15.TextGrid,23,3,day,81.790,82.080,5.95,2,NN,0,7.0843,2.0668,1
audio15.TextGrid,23,4,he,82.080,82.160,6.69,2,PRP,0,5.4077,0.7381,1
audio15.TextGrid,23,5,had,82.160,82.340,6.33,3,VBD,0,4.7560,2.6337,1
audio15.TextGrid,23,6,taken,82.340,82.620,5.33,5,VBN,0,8.6198,5.0221,1
audio15.TextGrid,23,7,the,82.620,82.680,7.73,2,DT,0,3.1221,1.7488,1
audio15.TextGrid,23,8,sack,82.680,83.030,3.91,3,NN,1,4.1503,7.7807,1
audio15.TextGrid,23,9,that,83.030,83.190,7.01,3,WDT,0,4.1033,3.9448,1
audio15.TextGrid,23,10,covered,83.190,83.500,4.83,5,VBD,0,10.4901,5.6801,1
audio15.TextGrid,23,11,the,83.500,83.560,7.73,2,DT,0,3.1738,1.3004,1
audio15.TextGrid,23,12,bait,83.560,83.830,3.85,3,NN,1,4.1403,6.6237,1
audio15.TextGrid,23,13,box,83.830,84.190,5.04,4,NN,0,10.1091,5.1161,1
audio15.TextGrid,23,14,and,84.190,84.350,7.41,3,CC,0,4.1013,0.7830,1
audio15.TextGrid,23,15,spread,84.350,84.640,4.81,5,NN,0,9.4225,6.4449,1
audio15.TextGrid,23,16,it,84.640,84.740,6.95,2,PRP,0,4.7535,0.2938,1
audio15.TextGrid,23,17,in,84.740,84.830,7.27,2,IN,0,3.0124,3.4453,1
audio15.TextGrid,23,18,the,84.830,84.910,7.73,2,DT,0,1.6982,1.0393,1
audio15.TextGrid,23,19,sun,84.910,85.170,4.97,3,NN,0,10.3508,5.6835,1
audio15.TextGrid,23,20,to,85.170,85.270,7.43,2,TO,0,4.6522,3.1930,1
audio15.TextGrid,23,21,dry,85.270,85.710,4.74,3,VB,0,10.0968,3.0159,1
audio15.TextGrid,24,1,after,86.650,86.920,6.11,4,IN,0,7.0701,4.2461,1
audio15.TextGrid,24,2,the,86.920,87.020,7.73,2,DT,0,1.7691,1.5196,1
audio15.TextGrid,24,3,sun,87.020,87.280,4.97,3,NN,0,10.3485,0.8605,1
audio15.TextGrid,24,4,went,87.280,87.460,5.5,4,VBD,0,10.1426,0.7696,1
audio15.TextGrid,24,5,down,87.460,87.890,5.88,3,IN,0,6.3177,0.0866,1
audio15.TextGrid,24,6,he,87.890,88.050,6.69,2,PRP,0,5.2580,0.8030,1
audio15.TextGrid,24,7,tied,88.050,88.370,4.47,3,VBD,0,9.8952,5.9327,1
audio15.TextGrid,24,8,it,88.370,88.470,6.95,2,PRP,0,4.9342,1.7069,1
audio15.TextGrid,24,9,around,88.470,88.750,5.77,4,IN,0,7.1893,2.8340,1
audio15.TextGrid,24,10,his,88.750,88.940,6.51,3,PRP$,0,5.4150,0.5936,1
audio15.TextGrid,24,11,neck,88.940,89.240,4.63,3,NN,1,4.2574,0.7833,1
audio15.TextGrid,24,12,so,89.240,89.380,6.52,2,IN,0,6.6181,3.8131,1
audio15.TextGrid,24,13,that,89.380,89.530,7.01,3,IN,0,4.7863,0.5049,1
audio15.TextGrid,24,14,it,89.530,89.650,6.95,2,PRP,0,4.3382,1.2766,1
audio15.TextGrid,24,15,hung,89.650,89.850,4.21,3,VBD,0,10.7192,4.3913,1
audio15.TextGrid,24,16,down,89.850,90.100,5.88,3,RP,0,6.3104,2.0004,1
audio15.TextGrid,24,17,over,90.100,90.320,6.08,3,IN,0,6.4039,2.9989,1
audio15.TextGrid,24,18,his,90.320,90.490,6.51,3,PRP$,0,5.4067,0.4667,1
audio15.TextGrid,24,19,back,90.490,90.890,6.04,3,NN,0,9.0257,3.3109,1
audio15.TextGrid,25,1,and,91.400,91.480,7.41,2,CC,0,3.7036,1.1205,1
audio15.TextGrid,25,2,he,91.480,91.560,6.69,2,PRP,0,4.7461,1.8630,1
audio15.TextGrid,25,3,cautiously,91.560,92.150,3.32,7,RB,0,11.8345,11.9725,1
audio15.TextGrid,25,4,worked,92.150,92.410,5.16,4,VBD,0,8.3682,5.0184,1
audio15.TextGrid,25,5,it,92.410,92.470,6.95,2,PRP,0,4.7862,1.5170,1
audio15.TextGrid,25,6,down,92.470,92.920,5.88,3,RP,0,6.9399,2.5147,1
audio15.TextGrid,25,7,under,92.920,93.120,5.73,4,IN,0,7.1462,4.6196,1
audio15.TextGrid,25,8,the,93.120,93.230,7.73,2,DT,0,1.7309,0.7617,1
audio15.TextGrid,25,9,line,93.230,93.640,5.49,3,NN,0,7.6732,3.5239,1
audio15.TextGrid,25,10,that,93.640,93.800,7.01,3,WDT,0,4.3597,3.1117,1
audio15.TextGrid,25,11,was,93.800,93.970,6.82,3,VBD,0,6.1179,1.4388,1
audio15.TextGrid,25,12,across,93.970,94.320,5.25,5,IN,0,8.3566,6.4861,1
audio15.TextGrid,25,13,his,94.320,94.450,6.51,3,PRP$,0,5.4342,0.3746,1
audio15.TextGrid,25,14,shoulders,94.450,94.940,4.18,6,NNS,1,5.5669,5.1053,1
audio15.TextGrid,25,15,now,94.940,95.320,6.18,2,RB,0,6.8184,6.6710,1
audio15.TextGrid,26,1,the,96.010,96.100,7.73,2,DT,0,1.8241,2.4059,1
audio15.TextGrid,26,2,sack,96.100,96.390,3.91,3,NN,1,4.1358,6.1362,1
audio15.TextGrid,26,3,cushioned,96.390,96.780,2.62,6,VBD,0,10.2403,11.1052,1
audio15.TextGrid,26,4,the,96.780,96.860,7.73,2,DT,0,3.0440,1.2294,1
audio15.TextGrid,26,5,line,96.860,97.250,5.49,3,NN,0,7.6850,1.4679,1
audio15.TextGrid,26,6,and,97.250,97.390,7.41,3,CC,0,4.4538,1.2044,1
audio15.TextGrid,26,7,he,97.390,97.480,6.69,2,PRP,0,5.1212,1.4624,1
audio15.TextGrid,26,8,had,97.480,97.610,6.33,3,VBD,0,5.7241,3.5640,1
audio15.TextGrid,26,9,found,97.610,97.860,5.68,4,VBN,0,8.2495,5.8924,1
audio15.TextGrid,26,10,a,97.860,97.890,7.36,1,DT,0,3.5352,1.6377,1
audio15.TextGrid,26,11,way,97.890,98.090,6.01,2,NN,0,6.8419,1.6896,1
audio15.TextGrid,26,12,of,98.090,98.230,7.4,2,IN,0,3.0386,3.4869,1
audio15.TextGrid,26,13,leaning,98.230,98.590,3.89,5,VBG,1,8.1436,7.0444,1
audio15.TextGrid,26,14,forward,98.590,99.040,5.12,6,RB,0,9.5463,3.2303,1
audio15.TextGrid,26,15,against,99.040,99.330,5.68,6,IN,0,7.4738,3.9982,1
audio15.TextGrid,26,16,the,99.330,99.430,7.73,2,DT,0,1.7284,0.6230,1
audio15.TextGrid,26,17,bow,99.430,99.870,4.3,2,NN,1,4.1377,5.2366,1
audio15.TextGrid,26,18,so,99.870,100.020,6.52,2,RB,0,6.6317,2.8603,1
audio15.TextGrid,26,19,that,100.020,100.170,7.01,3,IN,0,4.6349,0.2389,1
audio15.TextGrid,26,20,he,100.170,100.230,6.69,2,PRP,0,4.9502,1.1606,1
audio15.TextGrid,26,21,was,100.230,100.380,6.82,3,VBD,0,4.9740,2.4243,1
audio15.TextGrid,26,22,almost,100.380,100.740,5.39,6,RB,0,7.2448,4.6390,1
audio15.TextGrid,26,23,comfortable,100.740,101.310,4.66,10,JJ,0,11.0361,6.3792,1
audio15.TextGrid,27,1,the,102.310,102.380,7.73,2,DT,0,1.8241,2.2367,1
audio15.TextGrid,27,2,position,102.380,102.840,5.21,7,NN,0,7.7471,7.8768,1
audio15.TextGrid,27,3,actually,102.840,103.370,5.49,5,RB,0,10.5290,8.5423,1
audio15.TextGrid,27,4,was,103.370,103.560,6.82,3,VBD,0,4.6558,3.2444,1
audio15.TextGrid,27,5,only,103.560,103.810,6.12,4,JJ,0,6.0921,5.8615,1
audio15.TextGrid,27,6,somewhat,103.810,104.260,4.55,6,RB,0,9.8656,6.0509,1
audio15.TextGrid,27,7,less,104.260,104.530,5.49,3,RBR,0,6.3661,4.3618,1
audio15.TextGrid,27,8,intolerable,104.530,105.280,3.17,10,JJ,1,5.8306,7.5990,1
audio15.TextGrid,28,1,but,106.040,106.200,6.63,3,CC,0,5.3198,2.9587,1
audio15.TextGrid,28,2,he,106.200,106.310,6.69,2,PRP,0,4.7447,1.6569,1
audio15.TextGrid,28,3,thought,106.310,106.540,5.59,3,VBD,0,7.8813,4.0931,1
audio15.TextGrid,28,4,of,106.540,106.640,7.4,2,IN,0,3.1354,3.2566,1
audio15.TextGrid,28,5,it,106.640,106.740,6.95,2,PRP,0,3.8134,1.3197,1
audio15.TextGrid,28,6,as,106.740,106.840,6.77,2,IN,0,4.6826,1.6846,1
audio15.TextGrid,28,7,almost,106.840,107.210,5.39,6,RB,0,8.6608,6.7253,1
audio15.TextGrid,28,8,comfortable,107.210,107.750,4.66,10,JJ,0,10.8471,5.2346,1
audio15.TextGrid,29,1,i,109.400,109.540,7.09,1,NN,0,5.5144,3.6378,1
audio15.TextGrid,29,2,can,109.540,109.710,6.46,3,MD,0,5.3141,2.5208,1
audio15.TextGrid,29,3,do,109.710,109.850,6.35,2,VB,0,5.1565,2.8935,1
audio15.TextGrid,29,4,nothing,109.850,110.190,5.55,5,NN,0,10.5276,3.2001,1
audio15.TextGrid,29,5,with,110.190,110.340,6.85,3,IN,0,5.2388,4.0304,1
audio15.TextGrid,29,6,him,110.340,110.600,6.11,3,PRP,0,7.3815,1.9193,1
audio15.TextGrid,29,7,and,110.600,110.750,7.41,3,CC,0,4.4404,2.7490,1
audio15.TextGrid,29,8,he,110.750,110.850,6.69,2,PRP,0,5.0371,1.8742,1
audio15.TextGrid,29,9,can,110.850,111.030,6.46,3,MD,0,5.9184,2.1560,1
audio15.TextGrid,29,10,do,111.030,111.140,6.35,2,VB,0,5.1572,1.4994,1
audio15.TextGrid,29,11,nothing,111.140,111.480,5.55,5,NN,0,10.5128,0.4027,1
audio15.TextGrid,29,12,with,111.480,111.630,6.85,3,IN,0,5.1721,0.3484,1
audio15.TextGrid,29,13,me,111.630,111.960,6.48,2,PRP,0,7.9585,0.3658,1
audio15.TextGrid,29,14,he,112.150,112.260,6.69,2,PRP,0,6.3488,1.0029,1
audio15.TextGrid,29,15,thought,112.260,112.670,5.59,3,VBD,0,8.5235,0.3682,1
audio15.TextGrid,30,1,not,113.210,113.420,6.69,3,RB,0,6.0703,6.1923,1
audio15.TextGrid,30,2,as,113.420,113.540,6.77,2,RB,0,5.2424,4.7661,1
audio15.TextGrid,30,3,long,113.540,113.770,5.81,3,RB,0,7.8818,2.0710,1
audio15.TextGrid,30,4,as,113.770,113.870,6.77,2,IN,0,5.6068,0.1884,1
audio15.TextGrid,30,5,he,113.870,113.970,6.69,2,PRP,0,4.8201,0.7852,1
audio15.TextGrid,30,6,keeps,113.970,114.330,4.67,4,VBZ,0,9.9968,4.6563,1
audio15.TextGrid,30,7,this,114.330,114.560,6.82,3,DT,0,5.6552,3.9305,1
audio15.TextGrid,30,8,up,114.560,114.850,6.39,2,RP,0,8.2884,1.6707,1
audio15.TextGrid,31,1,once,116.920,117.200,5.53,4,RB,0,8.1706,5.7336,1
audio15.TextGrid,31,2,he,117.200,117.330,6.69,2,PRP,0,5.2541,1.1665,1
audio15.TextGrid,31,3,stood,117.330,120.310,4.57,4,VBD,0,8.3593,5.2839,1
audio15.TextGrid,31,4,up,120.310,120.670,6.39,2,RP,0,5.0491,1.0217,1
audio15.TextGrid,32,1,and,120.670,121.580,7.41,3,CC,0,3.7036,1.0993,1
audio15.TextGrid,32,2,urinated,122.640,123.250,2.31,9,VBN,1,7.9536,10.5920,1
audio15.TextGrid,32,3,over,123.250,123.430,6.08,3,IN,0,6.0617,5.7263,1
audio15.TextGrid,32,4,the,123.430,123.540,7.73,2,DT,0,1.7300,0.4585,1
audio15.TextGrid,32,5,side,123.540,123.690,5.5,3,NN,0,8.0376,6.2159,1
audio15.TextGrid,32,6,of,123.690,123.780,7.4,2,IN,0,3.3203,0.3741,1
audio15.TextGrid,32,7,the,123.780,123.980,7.73,2,DT,0,1.7102,0.0947,1
audio15.TextGrid,32,8,skiff,123.980,124.140,2.63,4,NN,1,4.1372,5.5059,1
audio15.TextGrid,32,9,and,124.140,124.200,7.41,2,CC,0,4.1554,0.8528,1
audio15.TextGrid,32,10,looked,124.200,124.320,5.11,4,VBD,0,12.3300,3.5292,1
audio15.TextGrid,32,11,at,124.320,124.380,6.7,2,IN,0,4.4736,1.5578,1
audio15.TextGrid,32,12,the,124.380,124.450,7.73,2,DT,0,1.6776,0.8950,1
audio15.TextGrid,32,13,stars,124.450,124.750,4.86,5,NNS,0,10.4942,5.0408,1
audio15.TextGrid,32,14,and,124.750,124.890,7.41,3,CC,0,3.8656,2.2540,1
audio15.TextGrid,32,15,checked,124.890,125.030,4.54,4,VBD,1,5.5968,7.4816,1
audio15.TextGrid,32,16,his,125.030,125.120,6.51,3,PRP$,0,6.0089,1.3891,1
audio15.TextGrid,32,17,course,125.120,125.600,5.44,4,NN,0,7.9545,6.7484,1
audio15.TextGrid,32,18,the,125.600,125.660,7.73,2,DT,0,3.4869,2.2332,1
audio15.TextGrid,32,19,line,125.660,125.750,5.49,3,NN,0,7.6708,1.9717,1
audio15.TextGrid,32,20,showed,125.750,126.060,4.86,3,VBD,0,8.2640,7.5004,1
audio15.TextGrid,32,21,like,126.060,126.160,6.41,3,IN,0,7.0951,7.1539,1
audio15.TextGrid,32,22,a,126.160,126.190,7.36,1,DT,0,2.7143,0.7016,1
audio15.TextGrid,32,23,phosphorescent,126.190,126.890,2.22,11,NN,1,4.1402,10.1402,1
audio15.TextGrid,33,1,streak,127.680,127.990,4.06,5,NN,1,5.9246,6.3458,1
audio15.TextGrid,33,2,in,127.990,128.090,7.27,2,IN,0,4.3102,2.9000,1
audio15.TextGrid,33,3,the,128.090,128.290,7.73,2,DT,0,1.7004,0.2906,1
audio15.TextGrid,33,4,water,128.290,128.540,5.52,4,NN,0,8.3732,2.5103,1
audio15.TextGrid,33,5,straight,128.540,129.020,5.04,5,VBD,0,10.2289,9.5663,1
audio15.TextGrid,33,6,out,129.020,129.360,6.38,2,RP,0,7.1329,3.1627,1
audio15.TextGrid,33,7,from,129.460,129.600,6.63,4,IN,0,4.8102,2.2312,1
audio15.TextGrid,33,8,his,129.600,129.770,6.51,3,PRP$,0,5.3141,2.5488,1
audio15.TextGrid,33,9,shoulders,129.770,130.190,4.18,6,NNS,1,5.5669,6.5660,1
audio15.TextGrid,33,10,they,130.190,130.350,6.5,2,PRP,0,6.7577,5.9067,1
audio15.TextGrid,33,11,were,130.350,130.620,6.34,2,VBD,0,5.1183,1.1016,1
audio15.TextGrid,33,12,moving,130.620,130.890,5.02,5,VBG,0,9.7749,3.8724,1
audio15.TextGrid,33,13,more,130.890,130.980,6.36,3,RBR,0,5.8571,5.3587,1
audio15.TextGrid,33,14,slowly,130.980,131.470,4.63,5,RB,0,8.9983,0.6445,1
audio15.TextGrid,33,15,now,131.470,131.580,6.18,2,RB,0,6.5108,2.7217,1
audio15.TextGrid,33,16,and,131.780,131.980,7.41,2,CC,0,3.7329,1.2099,1
audio15.TextGrid,33,17,the,131.980,132.060,7.73,2,DT,0,3.4920,1.9748,1
audio15.TextGrid,33,18,glow,132.060,132.180,3.91,3,NN,1,4.1530,8.0679,1
audio15.TextGrid,33,19,of,132.180,132.270,7.4,2,IN,0,3.2863,2.3308,1
audio15.TextGrid,33,20,havana,132.270,132.530,3.53,6,NN,1,5.7966,3.0822,1
audio15.TextGrid,33,21,was,132.530,132.660,6.82,3,VBD,0,5.2537,0.9723,1
audio15.TextGrid,33,22,not,132.660,133.000,6.69,3,RB,0,5.4529,3.5596,1
audio15.TextGrid,33,23,so,133.000,133.060,6.52,2,RB,0,6.1243,3.0940,1
audio15.TextGrid,33,24,strong,133.060,133.840,5.22,5,JJ,0,7.7709,3.1272,1
audio15.TextGrid,33,25,so,133.840,133.940,6.52,2,RB,0,6.6120,2.1274,1
audio15.TextGrid,33,26,that,133.940,134.080,7.01,3,IN,0,4.6861,2.6131,1
audio15.TextGrid,33,27,he,134.080,134.280,6.69,2,PRP,0,4.9296,1.0256,1
audio15.TextGrid,33,28,knew,134.280,134.660,5.2,3,VBD,0,9.5546,4.2038,1
audio15.TextGrid,34,1,the,134.660,134.790,7.73,2,DT,0,1.8241,3.0904,1
audio15.TextGrid,34,2,current,135.850,136.200,5.27,6,JJ,0,7.1599,6.0900,1
audio15.TextGrid,34,3,must,136.200,136.530,5.68,4,MD,0,9.2160,5.6140,1
audio15.TextGrid,34,4,be,136.530,136.630,6.79,2,VB,0,3.7161,0.5262,1
audio15.TextGrid,34,5,carrying,136.630,136.880,4.61,6,VBG,0,11.3291,7.3883,1
audio15.TextGrid,34,6,them,136.880,136.970,6.19,3,PRP,0,6.5090,3.1647,1
audio15.TextGrid,34,7,to,136.970,137.030,7.43,2,TO,0,3.3261,3.2320,1
audio15.TextGrid,34,8,the,137.030,137.230,7.73,2,DT,0,2.1338,0.8559,1
audio15.TextGrid,34,9,eastward,137.230,137.530,3.24,6,NN,1,4.1356,5.7657,1
audio15.TextGrid,34,10,if,137.530,137.590,6.47,2,IN,0,6.0626,4.0705,1
audio15.TextGrid,34,11,i,137.590,137.620,7.09,1,JJ,0,5.4195,3.1784,1
audio15.TextGrid,34,12,lose,137.620,137.730,5.08,3,VBP,0,10.7826,6.2592,1
audio15.TextGrid,34,13,the,137.730,137.910,7.73,2,DT,0,2.2817,1.8927,1
audio15.TextGrid,34,14,glare,137.910,138.110,3.36,4,NN,1,4.1383,9.8817,1
audio15.TextGrid,34,15,of,138.110,138.170,7.4,2,IN,0,3.0055,0.9700,1
audio15.TextGrid,34,16,havana,138.170,138.530,3.53,6,NN,1,5.7906,3.2676,1
audio15.TextGrid,35,1,we,138.530,138.760,6.54,2,PRP,0,5.6952,5.5151,1
audio15.TextGrid,35,2,must,138.760,138.920,5.68,4,MD,0,6.9084,3.4273,1
audio15.TextGrid,35,3,be,138.920,139.070,6.79,2,VB,0,3.7168,2.2095,1
audio15.TextGrid,35,4,going,139.070,139.300,5.94,4,VBG,0,8.3358,3.7623,1
audio15.TextGrid,35,5,more,139.350,139.490,6.36,3,JJR,0,5.8910,6.0762,1
audio15.TextGrid,35,6,to,139.490,139.550,7.43,2,TO,0,3.5087,4.9383,1
audio15.TextGrid,36,1,the,139.550,139.650,7.73,2,DT,0,1.8241,0.3383,1
audio15.TextGrid,36,2,eastward,140.250,140.570,3.24,6,NN,1,4.1358,2.6077,1
audio15.TextGrid,36,3,he,140.570,140.650,6.69,2,PRP,0,7.0389,0.6780,1
audio15.TextGrid,36,4,thought,140.650,140.830,5.59,3,VBD,0,8.0737,0.0914,1
audio15.TextGrid,36,5,for,140.830,140.930,7.01,2,IN,0,4.1284,5.3760,1
audio15.TextGrid,36,6,if,140.930,141.000,6.47,2,IN,0,7.7774,2.7697,1
audio15.TextGrid,36,7,the,141.000,141.240,7.73,2,DT,0,1.9089,2.6457,1
audio15.TextGrid,36,8,fish,141.240,141.410,4.9,3,JJ,1,5.0908,5.3465,1
audio15.TextGrid,36,9,s,141.410,141.440,5.86,1,NN,1,4.3385,4.8024,1
audio15.TextGrid,36,10,course,141.440,141.760,5.44,4,NN,0,9.2620,2.6027,1
audio15.TextGrid,36,11,held,141.760,141.940,5.24,4,VBD,0,8.1470,9.5488,1
audio15.TextGrid,36,12,true,142.260,142.350,5.4,3,JJ,0,9.8884,4.2233,1
audio15.TextGrid,36,13,i,142.350,142.380,7.09,1,NN,0,8.0475,3.5014,1
audio15.TextGrid,36,14,must,142.380,142.660,5.68,4,MD,0,7.7116,2.3824,1
audio15.TextGrid,36,15,see,142.660,142.830,6.1,2,VB,0,6.2370,4.7308,1
audio15.TextGrid,36,16,it,142.830,142.920,6.95,2,PRP,0,4.4275,1.3704,1
audio15.TextGrid,36,17,for,142.920,143.030,7.01,2,IN,0,3.8498,4.2846,1
audio15.TextGrid,36,18,many,143.030,143.260,5.91,4,JJ,0,6.5554,6.0623,1
audio15.TextGrid,36,19,more,143.260,143.490,6.36,3,JJR,0,6.9103,2.0868,1
audio15.TextGrid,36,20,hours,143.490,143.940,5.4,3,NNS,0,8.3487,0.5220,1
audio15.TextGrid,37,1,i,145.230,145.310,7.09,1,NN,0,5.5144,2.4965,1
audio15.TextGrid,37,2,wonder,145.310,145.580,4.93,5,VBP,0,12.3205,5.7524,1
audio15.TextGrid,37,3,how,145.580,145.700,6.24,2,WRB,0,8.2637,1.9992,1
audio15.TextGrid,37,4,the,145.700,145.790,7.73,2,DT,0,1.9620,3.8095,1
audio15.TextGrid,37,5,baseball,145.790,146.290,4.54,6,NN,0,9.1370,10.0298,1
audio15.TextGrid,37,6,came,146.290,146.550,5.5,3,VBD,0,7.0453,5.3449,1
audio15.TextGrid,37,7,out,146.550,146.740,6.38,2,RP,0,5.7137,2.9121,1
audio15.TextGrid,37,8,in,146.740,146.830,7.27,2,IN,0,3.1310,3.4094,1
audio15.TextGrid,37,9,the,146.830,146.890,7.73,2,DT,0,1.7002,1.0040,1
audio15.TextGrid,37,10,grand,146.890,147.210,4.91,5,JJ,0,10.1784,9.8199,1
audio15.TextGrid,37,11,leagues,147.210,147.560,3.9,4,NNS,1,6.0125,5.2999,1
audio15.TextGrid,37,12,today,147.560,148.000,5.55,4,NN,0,8.8484,5.5898,1
audio15.TextGrid,37,13,he,148.140,148.260,6.69,2,PRP,0,6.8420,1.1247,1
audio15.TextGrid,37,14,thought,148.260,148.600,5.59,3,VBD,0,8.2772,0.1320,1
audio15.TextGrid,38,1,it,149.270,149.400,6.95,2,PRP,0,3.8912,2.3774,1
audio15.TextGrid,38,2,would,149.400,149.500,6.27,3,MD,0,4.5105,2.7954,1
audio15.TextGrid,38,3,be,149.500,149.610,6.79,2,VB,0,3.7168,1.0705,1
audio15.TextGrid,38,4,wonderful,149.610,150.060,4.85,8,JJ,1,5.7084,5.6685,1
audio15.TextGrid,38,5,to,150.060,150.150,7.43,2,TO,0,3.9324,1.4703,1
audio15.TextGrid,38,6,do,150.150,150.300,6.35,2,VB,0,5.5555,4.8992,1
audio15.TextGrid,38,7,this,150.300,150.520,6.82,3,DT,0,5.6035,2.7621,1
audio15.TextGrid,38,8,with,150.520,150.630,6.85,3,IN,0,6.7918,3.1690,1
audio15.TextGrid,38,9,a,150.630,150.680,7.36,1,DT,0,2.5962,2.1657,1
audio15.TextGrid,38,10,radio,150.680,151.160,5.01,5,NN,0,8.0757,8.0718,1
audio15.TextGrid,39,1,then,152.190,152.370,6.07,3,RB,0,7.4856,4.5969,1
audio15.TextGrid,39,2,he,152.370,152.520,6.69,2,PRP,0,5.3385,0.5525,1
audio15.TextGrid,39,3,thought,152.520,152.820,5.59,3,VBD,0,7.9440,2.9070,1
audio15.TextGrid,39,4,think,153.330,153.540,6.08,4,NN,0,8.2334,7.6511,1
audio15.TextGrid,39,5,of,153.540,153.640,7.4,2,IN,0,3.4553,2.6301,1
audio15.TextGrid,39,6,it,153.640,153.810,6.95,2,PRP,0,3.8196,2.8962,1
audio15.TextGrid,39,7,always,153.810,154.440,5.76,5,RB,0,8.4172,7.8218,1
audio15.TextGrid,39,8,think,154.710,155.010,6.08,4,VBP,0,7.4465,6.8982,1
audio15.TextGrid,39,9,of,155.010,155.130,7.4,2,IN,0,3.4806,0.4581,1
audio15.TextGrid,39,10,what,155.130,155.300,6.38,3,WP,0,7.3924,3.4812,1
audio15.TextGrid,39,11,you,155.300,155.400,6.98,2,PRP,0,6.2111,3.1727,1
audio15.TextGrid,39,12,are,155.400,155.440,6.74,1,VBP,0,3.9794,2.9020,1
audio15.TextGrid,39,13,doing,155.440,155.850,5.6,4,VBG,0,8.5808,1.0585,1
audio15.TextGrid,40,1,you,156.380,156.490,6.98,2,PRP,0,5.7058,3.0806,1
audio15.TextGrid,40,2,must,156.490,156.790,5.68,4,MD,0,6.9084,2.7053,1
audio15.TextGrid,40,3,do,156.790,156.940,6.35,2,VB,0,5.1562,2.8485,1
audio15.TextGrid,40,4,nothing,156.940,157.280,5.55,5,NN,0,10.5276,4.6135,1
audio15.TextGrid,40,5,stupid,157.280,157.830,4.94,6,VB,0,10.5336,6.9969,1
audio15.TextGrid,41,1,then,159.800,159.980,6.07,3,RB,0,7.4856,3.9895,1
audio15.TextGrid,41,2,he,159.980,160.200,6.69,2,PRP,0,5.3385,0.4483,1
audio15.TextGrid,41,3,said,160.200,160.400,6.01,3,VBD,0,3.4135,3.4096,1
audio15.TextGrid,41,4,aloud,160.400,160.840,3.51,4,NN,1,6.5434,5.5161,1
audio15.TextGrid,42,1,i,161.380,161.500,7.09,1,JJ,0,5.5144,1.6838,1
audio15.TextGrid,42,2,wish,161.500,161.720,5.18,3,NN,0,9.0633,4.0537,1
audio15.TextGrid,42,3,i,161.720,161.900,7.09,1,NN,0,6.0510,0.2495,1
audio15.TextGrid,42,4,had,161.900,162.050,6.33,3,VBD,0,6.7946,1.9718,1
audio15.TextGrid,42,5,the,162.050,162.150,7.73,2,DT,0,2.4537,2.4062,1
audio15.TextGrid,42,6,boy,162.150,162.590,5.17,2,NN,0,10.2396,7.3268,1
audio15.TextGrid,43,1,to,163.030,163.190,7.43,2,TO,0,4.2199,6.1858,1
audio15.TextGrid,43,2,help,163.190,163.440,5.75,4,VB,0,6.4393,5.4189,1
audio15.TextGrid,43,3,me,163.440,163.710,6.48,2,PRP,0,8.5264,1.6379,1
audio15.TextGrid,43,4,and,163.930,164.040,7.41,2,CC,0,3.3375,4.3655,1
audio15.TextGrid,43,5,to,164.040,164.160,7.43,2,TO,0,3.8018,1.4617,1
audio15.TextGrid,43,6,see,164.160,164.440,6.1,2,VB,0,6.3761,3.3922,1
audio15.TextGrid,44,1,this,164.440,164.880,6.82,3,DT,0,4.8800,4.4087,1
audio15.TextGrid,44,2,no,166.620,166.790,6.35,2,DT,0,8.8201,4.7338,1
audio15.TextGrid,44,3,one,166.790,166.990,6.47,3,NN,0,6.4370,2.0907,1
audio15.TextGrid,44,4,should,166.990,167.170,5.99,3,MD,0,7.5023,4.1710,1
audio15.TextGrid,44,5,be,167.170,167.300,6.79,2,VB,0,3.7165,2.2491,1
audio15.TextGrid,44,6,alone,167.300,167.650,5.16,4,RB,0,8.6482,5.5072,1
audio15.TextGrid,44,7,in,167.650,167.750,7.27,2,IN,0,3.7581,1.6632,1
audio15.TextGrid,44,8,their,167.750,167.920,6.33,3,PRP$,0,4.9826,3.7304,1
audio15.TextGrid,44,9,old,167.920,168.120,5.75,3,JJ,0,7.3896,6.8395,1
audio15.TextGrid,44,10,age,168.120,168.540,5.32,2,NN,0,7.7237,2.1447,1
audio15.TextGrid,44,11,he,168.540,168.630,6.69,2,PRP,0,6.6507,0.3140,1
audio15.TextGrid,44,12,thought,168.630,169.040,5.59,3,VBD,0,8.6988,0.1687,1
audio15.TextGrid,45,1,but,169.550,169.790,6.63,3,CC,0,5.3198,3.2327,1
audio15.TextGrid,45,2,it,169.790,169.920,6.95,2,PRP,0,4.1006,2.9509,1
audio15.TextGrid,45,3,is,169.920,170.070,7.07,2,VBZ,0,3.3263,1.5942,1
audio15.TextGrid,45,4,unavoidable,170.070,170.770,3.35,10,JJ,1,5.8948,9.6934,1
audio15.TextGrid,46,1,i,171.780,171.860,7.09,1,NN,0,5.5144,2.4005,1
audio15.TextGrid,46,2,must,171.860,172.140,5.68,4,MD,0,6.9134,2.2570,1
audio15.TextGrid,46,3,remember,172.140,172.520,5.38,7,VB,0,9.5917,5.2119,1
audio15.TextGrid,46,4,to,172.520,172.670,7.43,2,TO,0,3.4988,1.9150,1
audio15.TextGrid,46,5,eat,172.670,172.760,5.13,2,VB,0,10.0411,6.1184,1
audio15.TextGrid,46,6,the,172.760,172.870,7.73,2,DT,0,2.7763,2.8733,1
audio15.TextGrid,46,7,tuna,172.870,173.180,3.64,4,NN,1,4.1417,5.4853,1
audio15.TextGrid,46,8,before,173.180,173.520,5.93,5,IN,0,6.9824,3.5941,1
audio15.TextGrid,46,9,he,173.520,173.630,6.69,2,PRP,0,4.5100,4.3400,1
audio15.TextGrid,46,10,spoils,173.630,174.290,3.33,5,VBZ,1,4.8248,9.5579,1
audio15.TextGrid,46,11,in,174.290,174.400,7.27,2,IN,0,3.8290,6.3683,1
audio15.TextGrid,46,12,order,174.400,174.640,5.49,4,NN,0,8.9157,5.3469,1
audio15.TextGrid,46,13,to,174.640,174.730,7.43,2,TO,0,3.5321,0.1502,1
audio15.TextGrid,46,14,keep,174.730,174.980,5.66,3,VB,0,7.3959,2.2353,1
audio15.TextGrid,46,15,strong,174.980,175.480,5.22,5,JJ,0,8.1923,7.8429,1
audio15.TextGrid,47,1,remember,176.200,176.640,5.38,7,VB,0,14.3897,6.7233,1
audio15.TextGrid,47,2,no,177.040,177.140,6.35,2,DT,0,6.1731,4.4671,1
audio15.TextGrid,47,3,matter,177.140,177.380,5.38,4,NN,0,7.8675,2.0464,1
audio15.TextGrid,47,4,how,177.380,177.580,6.24,2,WRB,0,7.8634,0.6495,1
audio15.TextGrid,47,5,little,177.580,177.860,5.75,5,JJ,0,7.5481,4.3282,1
audio15.TextGrid,47,6,you,177.860,177.960,6.98,2,PRP,0,6.9604,1.8022,1
audio15.TextGrid,47,7,want,177.960,178.340,6.04,4,VBP,0,6.5277,4.0755,1
audio15.TextGrid,47,8,to,178.340,178.520,7.43,2,TO,0,3.2597,0.5677,1
audio15.TextGrid,47,9,that,178.520,178.690,7.01,3,DT,0,6.2938,2.5304,1
audio15.TextGrid,47,10,you,178.690,178.750,6.98,2,PRP,0,7.9181,0.9795,1
audio15.TextGrid,47,11,must,178.750,179.030,5.68,4,MD,0,8.1352,1.2233,1
audio15.TextGrid,47,12,eat,179.030,179.200,5.13,2,VB,0,9.6809,2.4202,1
audio15.TextGrid,47,13,him,179.200,179.310,6.11,2,PRP,0,8.4258,6.1140,1
audio15.TextGrid,47,14,in,179.310,179.380,7.27,2,IN,0,2.9988,3.8742,1
audio15.TextGrid,47,15,the,179.380,179.440,7.73,2,DT,0,1.6993,1.7601,1
audio15.TextGrid,47,16,morning,179.440,179.860,5.33,6,NN,0,8.8498,1.9905,1
audio15.TextGrid,48,1,remember,180.610,181.260,5.38,7,VB,0,14.3897,3.5177,1
audio15.TextGrid,48,2,he,181.600,181.730,6.69,2,PRP,0,5.1320,2.3543,1
audio15.TextGrid,48,3,said,181.730,181.990,6.01,3,VBD,0,4.7372,0.9494,1
audio15.TextGrid,48,4,to,181.990,182.130,7.43,2,TO,0,3.3447,3.1932,1
audio15.TextGrid,48,5,himself,182.130,182.630,5.25,7,PRP,0,9.0803,0.0802,1
audio16.TextGrid,1,1,during,1.480,1.800,5.72,5,IN,0,7.8144,9.0427,1
audio16.TextGrid,1,2,the,1.800,1.880,7.73,2,DT,0,1.7472,0.2720,1
audio16.TextGrid,1,3,night,1.880,2.180,5.61,3,NN,0,8.1597,1.5538,1
audio16.TextGrid,1,4,two,2.210,2.400,6.1,2,CD,0,6.9972,7.8848,1
audio16.TextGrid,1,5,porpoises,2.400,3.050,2.38,8,NNS,1,5.7036,12.7703,1
audio16.TextGrid,1,6,came,3.050,3.350,5.5,3,VBD,0,7.0135,2.3173,1
audio16.TextGrid,1,7,around,3.350,3.620,5.77,4,IN,0,7.4267,5.3609,1
audio16.TextGrid,1,8,the,3.620,3.680,7.73,2,DT,0,2.0647,1.5046,1
audio16.TextGrid,1,9,boat,3.680,4.100,4.71,3,NN,1,4.1420,2.7814,1
audio16.TextGrid,1,10,and,4.100,4.240,7.41,3,CC,0,4.3466,0.6475,1
audio16.TextGrid,1,11,he,4.240,4.350,6.69,2,PRP,0,4.9615,3.0415,1
audio16.TextGrid,1,12,could,4.350,4.520,6.06,3,MD,0,5.6402,3.6754,1
audio16.TextGrid,1,13,hear,4.520,4.670,5.23,3,VB,0,8.2053,2.3050,1
audio16.TextGrid,1,14,them,4.670,4.880,6.19,3,PRP,0,6.4893,0.8786,1
audio16.TextGrid,1,15,rolling,4.880,5.270,4.47,5,VBG,0,11.2927,6.8876,1
audio16.TextGrid,1,16,and,5.270,5.350,7.41,2,CC,0,3.9491,2.8918,1
audio16.TextGrid,1,17,blowing,5.350,6.000,4.2,5,VBG,1,7.2640,7.6253,1
audio16.TextGrid,2,1,he,6.410,6.520,6.69,2,PRP,0,4.5353,1.3752,1
audio16.TextGrid,2,2,could,6.520,6.700,6.06,3,MD,0,5.0571,2.8894,1
audio16.TextGrid,2,3,tell,6.700,6.870,5.53,3,VB,0,9.6807,3.4929,1
audio16.TextGrid,2,4,the,6.870,6.950,7.73,2,DT,0,2.7772,2.5634,1
audio16.TextGrid,2,5,difference,6.950,7.420,5.01,7,NN,0,7.9385,3.1121,1
audio16.TextGrid,2,6,between,7.420,7.790,5.77,6,IN,0,7.3369,0.8531,1
audio16.TextGrid,2,7,the,7.790,7.860,7.73,2,DT,0,1.6965,1.3030,1
audio16.TextGrid,2,8,blowing,7.860,8.280,4.2,5,VBG,1,8.5826,9.1387,1
audio16.TextGrid,2,9,the,8.660,8.730,7.73,2,DT,0,4.2052,5.4075,1
audio16.TextGrid,2,10,male,8.730,9.000,4.89,3,NN,0,9.0624,7.4067,1
audio16.TextGrid,2,11,made,9.000,9.410,5.92,3,VBD,0,8.1380,4.8006,1
audio16.TextGrid,2,12,and,9.790,9.900,7.41,2,CC,0,3.9855,0.7107,1
audio16.TextGrid,2,13,the,9.900,10.000,7.73,2,DT,0,3.3373,0.1592,1
audio16.TextGrid,2,14,sighing,10.000,10.470,2.87,4,VBG,1,8.5402,9.3967,1
audio16.TextGrid,2,15,blow,10.470,10.880,4.59,3,NN,0,9.5527,8.7085,1
audio16.TextGrid,2,16,of,10.880,10.940,7.4,2,IN,0,2.6363,2.5299,1
audio16.TextGrid,2,17,the,10.940,11.050,7.73,2,DT,0,1.6949,0.2533,1
audio16.TextGrid,2,18,female,11.050,11.650,5.0,5,NN,0,8.9948,1.0562,1
audio16.TextGrid,3,1,they,13.030,13.200,6.5,2,PRP,0,4.6769,3.7539,1
audio16.TextGrid,3,2,are,13.200,13.310,6.74,2,VBP,0,3.9761,1.3158,1
audio16.TextGrid,3,3,good,13.310,13.890,6.12,3,JJ,0,7.7596,4.7082,1
audio16.TextGrid,3,4,he,14.140,14.270,6.69,2,PRP,0,7.1206,0.3383,1
audio16.TextGrid,3,5,said,14.270,14.670,6.01,3,VBD,0,4.2976,0.5024,1
audio16.TextGrid,3,6,they,15.030,15.160,6.5,2,PRP,0,5.3350,1.0778,1
audio16.TextGrid,3,7,play,15.160,15.570,5.61,3,VBP,0,9.3265,5.1394,1
audio16.TextGrid,3,8,and,15.570,15.770,7.41,3,CC,0,4.1095,4.2950,1
audio16.TextGrid,3,9,make,15.770,16.030,6.08,3,VBP,0,5.4376,4.8274,1
audio16.TextGrid,3,10,jokes,16.030,16.430,4.33,4,NNS,1,7.4780,3.1752,1
audio16.TextGrid,3,11,and,16.430,16.570,7.41,2,CC,0,4.1183,1.3698,1
audio16.TextGrid,3,12,love,16.570,16.830,5.82,3,VB,1,5.1009,5.6424,1
audio16.TextGrid,3,13,one,16.830,16.990,6.47,3,CD,0,6.3965,2.9122,1
audio16.TextGrid,4,1,another,16.990,17.410,5.74,5,DT,0,6.4204,0.0067,1
audio16.TextGrid,4,2,they,17.850,18.030,6.5,2,PRP,0,8.3317,1.2910,1
audio16.TextGrid,4,3,are,18.030,18.260,6.74,2,VBP,0,5.1184,1.6881,1
audio16.TextGrid,4,4,our,18.260,18.400,6.14,2,PRP$,0,7.9668,5.8305,1
audio16.TextGrid,4,5,brothers,18.400,19.020,4.69,6,NNS,0,9.9441,3.3241,1
audio16.TextGrid,4,6,like,19.020,19.210,6.41,3,IN,0,9.2362,6.9310,1
audio16.TextGrid,4,7,the,19.210,19.290,7.73,2,DT,0,1.8763,2.3932,1
audio16.TextGrid,4,8,flying,19.290,19.740,4.71,5,VBG,1,8.5727,8.9191,1
audio16.TextGrid,4,9,fish,19.740,20.170,4.9,3,NN,1,4.1063,1.6065,1
audio16.TextGrid,5,1,then,22.340,22.520,6.07,3,RB,0,7.4856,3.1614,1
audio16.TextGrid,5,2,he,22.520,22.670,6.69,2,PRP,0,5.3385,0.4284,1
audio16.TextGrid,5,3,began,22.670,22.950,5.07,5,VBD,0,6.3870,4.4766,1
audio16.TextGrid,5,4,to,22.950,23.050,7.43,2,TO,0,3.3802,0.3087,1
audio16.TextGrid,5,5,pity,23.050,23.400,3.98,4,VB,1,3.9007,9.0472,1
audio16.TextGrid,5,6,the,23.400,23.500,7.73,2,DT,0,2.2908,0.8433,1
audio16.TextGrid,5,7,great,23.500,23.810,5.88,4,JJ,0,7.7270,6.8336,1
audio16.TextGrid,5,8,fish,23.810,24.140,4.9,3,NN,1,4.1877,1.8496,1
audio16.TextGrid,5,9,that,24.140,24.300,7.01,3,IN,0,4.1884,3.2148,1
audio16.TextGrid,5,10,he,24.300,24.380,6.69,2,PRP,0,4.7612,2.8112,1
audio16.TextGrid,5,11,had,24.380,24.520,6.33,3,VBD,0,6.0992,0.8953,1
audio16.TextGrid,5,12,hooked,24.520,24.920,3.92,4,VBN,1,6.3549,7.8743,1
audio16.TextGrid,6,1,he,25.340,25.500,6.69,2,PRP,0,4.5353,1.3615,1
audio16.TextGrid,6,2,is,25.500,25.610,7.07,2,VBZ,0,3.3590,6.4327,1
audio16.TextGrid,6,3,wonderful,25.610,26.220,4.85,8,JJ,1,5.8999,8.0686,1
audio16.TextGrid,6,4,and,26.220,26.350,7.41,3,CC,0,3.7326,2.1197,1
audio16.TextGrid,6,5,strange,26.350,26.990,4.64,6,JJ,1,4.5958,6.9831,1
audio16.TextGrid,6,6,and,26.990,27.090,7.41,2,CC,0,3.9410,0.8345,1
audio16.TextGrid,6,7,who,27.090,27.230,6.34,2,WP,0,6.8863,6.9994,1
audio16.TextGrid,6,8,knows,27.230,27.530,5.07,3,VBZ,0,9.0164,1.7418,1
audio16.TextGrid,6,9,how,27.530,27.630,6.24,2,WRB,0,8.5957,1.5496,1
audio16.TextGrid,6,10,old,27.630,27.940,5.75,3,JJ,0,7.5178,3.9905,1
audio16.TextGrid,6,11,he,27.940,28.180,6.69,2,PRP,0,6.2861,0.6724,1
audio16.TextGrid,6,12,is,28.180,28.450,7.07,2,VBZ,0,3.4329,1.3558,1
audio16.TextGrid,6,13,he,28.450,28.560,6.69,2,PRP,0,5.2819,1.0285,1
audio16.TextGrid,6,14,thought,28.560,28.940,5.59,3,VBD,0,9.0429,0.2313,1
audio16.TextGrid,7,1,never,29.710,29.980,5.91,4,RB,0,7.9765,6.3936,1
audio16.TextGrid,7,2,have,29.980,30.120,6.71,3,VBP,0,5.2884,3.0027,1
audio16.TextGrid,7,3,i,30.120,30.230,7.09,1,VBN,0,6.3119,0.3811,1
audio16.TextGrid,7,4,had,30.230,30.530,6.33,3,VBD,0,6.3146,3.4977,1
audio16.TextGrid,7,5,such,30.530,30.770,5.84,3,JJ,0,6.8891,1.2332,1
audio16.TextGrid,7,6,a,30.770,30.830,7.36,1,DT,0,4.6770,0.5398,1
audio16.TextGrid,7,7,strong,30.830,31.390,5.22,5,JJ,0,7.9970,4.4598,1
audio16.TextGrid,7,8,fish,31.390,31.740,4.9,3,NN,1,4.0734,3.4433,1
audio16.TextGrid,7,9,nor,32.120,32.280,4.78,3,CC,0,8.9742,8.2814,1
audio16.TextGrid,7,10,one,32.280,32.510,6.47,3,CD,0,6.1699,4.1004,1
audio16.TextGrid,7,11,who,32.510,32.710,6.34,2,WP,0,6.4981,2.8885,1
audio16.TextGrid,7,12,acted,32.710,33.000,4.28,5,VBD,0,10.8982,7.5872,1
audio16.TextGrid,7,13,so,33.000,33.190,6.52,2,RB,0,6.1409,0.8412,1
audio16.TextGrid,7,14,strangely,33.190,33.950,3.67,8,RB,1,4.8725,3.4132,1
audio16.TextGrid,8,1,perhaps,34.600,34.950,5.09,6,RB,0,8.5270,5.3299,1
audio16.TextGrid,8,2,he,34.950,35.070,6.69,2,PRP,0,5.3385,1.4464,1
audio16.TextGrid,8,3,is,35.070,35.190,7.07,2,VBZ,0,3.3904,1.9148,1
audio16.TextGrid,8,4,too,35.190,35.320,5.95,2,RB,0,7.4214,3.2543,1
audio16.TextGrid,8,5,wise,35.320,35.810,4.51,3,JJ,1,5.4755,5.5014,1
audio16.TextGrid,8,6,to,35.810,35.920,7.43,2,TO,0,3.5288,1.2717,1
audio16.TextGrid,8,7,jump,35.920,36.340,4.69,4,VB,0,8.8687,9.5225,1
audio16.TextGrid,9,1,he,37.030,37.150,6.69,2,PRP,0,4.5353,1.5254,1
audio16.TextGrid,9,2,could,37.150,37.340,6.06,3,MD,0,5.0571,3.6606,1
audio16.TextGrid,9,3,ruin,37.340,37.640,4.31,4,VB,1,3.7168,9.8704,1
audio16.TextGrid,9,4,me,37.640,37.820,6.48,2,PRP,0,8.5501,3.7757,1
audio16.TextGrid,9,5,by,37.820,38.020,6.66,2,IN,0,4.6995,2.9345,1
audio16.TextGrid,9,6,jumping,38.020,38.570,4.23,6,VBG,0,11.8071,4.0363,1
audio16.TextGrid,9,7,or,38.570,38.720,6.54,2,CC,0,5.3664,3.9346,1
audio16.TextGrid,9,8,by,38.720,38.940,6.66,2,IN,0,6.1234,1.7919,1
audio16.TextGrid,9,9,a,38.940,38.980,7.36,1,DT,0,2.6166,4.9308,1
audio16.TextGrid,9,10,wild,38.980,39.450,4.8,4,JJ,0,9.3000,5.7614,1
audio16.TextGrid,9,11,rush,39.450,39.790,4.48,3,NN,1,4.4495,5.7300,1
audio16.TextGrid,10,1,but,40.830,41.030,6.63,3,CC,0,5.3198,1.8066,1
audio16.TextGrid,10,2,perhaps,41.030,41.390,5.09,6,RB,0,7.4629,5.0250,1
audio16.TextGrid,10,3,he,41.390,41.520,6.69,2,PRP,0,6.8735,0.9820,1
audio16.TextGrid,10,4,has,41.520,41.650,6.37,3,VBZ,0,4.1576,2.5505,1
audio16.TextGrid,10,5,been,41.650,41.820,6.27,3,VBN,0,5.9188,3.2445,1
audio16.TextGrid,10,6,hooked,41.820,42.060,3.92,4,VBN,1,6.9092,8.0213,1
audio16.TextGrid,10,7,many,42.060,42.300,5.91,4,JJ,0,7.4431,4.9504,1
audio16.TextGrid,10,8,times,42.300,42.700,5.56,4,NNS,0,7.4076,0.2201,1
audio16.TextGrid,10,9,before,42.700,43.230,5.93,5,RB,0,6.6082,1.6763,1
audio16.TextGrid,10,10,and,43.230,43.330,7.41,3,CC,0,5.2231,1.3435,1
audio16.TextGrid,10,11,he,43.330,43.440,6.69,2,PRP,0,5.4458,1.7207,1
audio16.TextGrid,10,12,knows,43.440,43.760,5.07,3,VBZ,0,8.5276,2.6504,1
audio16.TextGrid,10,13,that,43.760,43.920,7.01,3,IN,0,4.3555,2.1088,1
audio16.TextGrid,10,14,this,43.920,44.110,6.82,3,DT,0,5.3695,3.9839,1
audio16.TextGrid,10,15,is,44.110,44.220,7.07,2,VBZ,0,7.8047,0.9096,1
audio16.TextGrid,10,16,how,44.220,44.420,6.24,2,WRB,0,7.3916,4.3482,1
audio16.TextGrid,10,17,he,44.420,44.530,6.69,2,PRP,0,4.6614,1.1968,1
audio16.TextGrid,10,18,should,44.530,44.740,5.99,3,MD,0,6.2205,2.1434,1
audio16.TextGrid,10,19,make,44.740,44.950,6.08,3,VB,0,5.2990,4.8120,1
audio16.TextGrid,10,20,his,44.950,45.160,6.51,3,PRP$,0,5.9359,1.8053,1
audio16.TextGrid,10,21,fight,45.160,45.530,5.23,3,NN,0,9.2564,7.4563,1
audio16.TextGrid,11,1,he,46.320,46.440,6.69,2,PRP,0,4.5353,1.3402,1
audio16.TextGrid,11,2,cannot,46.440,46.910,5.11,5,VBZ,1,3.3590,4.5950,1
audio16.TextGrid,11,3,know,46.910,47.150,6.1,2,VB,0,8.0784,4.4229,1
audio16.TextGrid,11,4,that,47.150,47.330,7.01,3,IN,0,4.4123,2.9280,1
audio16.TextGrid,11,5,it,47.330,47.420,6.95,2,PRP,0,4.2942,3.3396,1
audio16.TextGrid,11,6,is,47.420,47.540,7.07,2,VBZ,0,4.8558,0.5302,1
audio16.TextGrid,11,7,only,47.540,47.800,6.12,4,RB,0,6.2283,4.1876,1
audio16.TextGrid,11,8,one,47.800,48.080,6.47,3,CD,0,6.9125,2.6217,1
audio16.TextGrid,11,9,man,48.080,48.370,5.82,3,NN,0,8.1243,3.0192,1
audio16.TextGrid,11,10,against,48.370,48.820,5.68,6,IN,0,7.2898,5.0577,1
audio16.TextGrid,11,11,him,48.820,48.990,6.11,2,PRP,0,7.4003,4.7032,1
audio16.TextGrid,11,12,nor,49.490,49.750,4.78,3,CC,0,9.0231,5.2521,1
audio16.TextGrid,11,13,that,49.750,50.010,7.01,3,IN,0,4.3587,0.6449,1
audio16.TextGrid,11,14,it,50.010,50.130,6.95,2,PRP,0,4.6543,1.9048,1
audio16.TextGrid,11,15,is,50.130,50.260,7.07,2,VBZ,0,4.0708,0.4034,1
audio16.TextGrid,11,16,an,50.260,50.360,6.53,2,DT,0,5.2282,4.7234,1
audio16.TextGrid,11,17,old,50.360,50.640,5.75,3,JJ,0,7.3309,2.4500,1
audio16.TextGrid,11,18,man,50.640,50.980,5.82,3,NN,0,7.6922,0.4422,1
audio16.TextGrid,12,1,but,51.610,51.760,6.63,3,CC,0,5.3198,2.6944,1
audio16.TextGrid,12,2,what,51.760,51.920,6.38,3,WP,0,7.6895,3.8800,1
audio16.TextGrid,12,3,a,51.920,51.980,7.36,1,DT,0,4.2793,2.0252,1
audio16.TextGrid,12,4,great,51.980,52.360,5.88,4,JJ,0,7.7298,2.8081,1
audio16.TextGrid,12,5,fish,52.360,52.630,4.9,3,NN,1,4.1874,0.9940,1
audio16.TextGrid,12,6,he,52.630,52.840,6.69,2,PRP,0,6.9140,1.3062,1
audio16.TextGrid,12,7,is,52.840,53.060,7.07,2,VBZ,0,3.5219,0.3614,1
audio16.TextGrid,12,8,and,53.500,53.660,7.41,3,CC,0,3.9335,2.0352,1
audio16.TextGrid,12,9,what,53.660,53.790,6.38,3,WP,0,7.1519,1.2076,1
audio16.TextGrid,12,10,will,53.790,53.910,6.45,3,MD,0,4.8316,4.6147,1
audio16.TextGrid,12,11,he,53.910,54.000,6.69,2,PRP,0,6.9945,1.1878,1
audio16.TextGrid,12,12,bring,54.000,54.240,5.27,4,VB,0,9.8031,5.0682,1
audio16.TextGrid,12,13,in,54.240,54.320,7.27,2,IN,0,3.6402,3.5981,1
audio16.TextGrid,12,14,the,54.320,54.390,7.73,2,DT,0,1.7297,1.1031,1
audio16.TextGrid,12,15,market,54.390,54.800,5.29,6,NN,0,5.0380,7.0996,1
audio16.TextGrid,12,16,if,54.800,54.900,6.47,2,IN,0,5.8282,3.4341,1
audio16.TextGrid,12,17,the,54.900,54.990,7.73,2,DT,0,1.7070,3.3267,1
audio16.TextGrid,12,18,flesh,54.990,55.330,4.2,4,NN,1,4.1371,9.5208,1
audio16.TextGrid,12,19,is,55.330,55.490,7.07,2,VBZ,0,4.9023,1.4952,1
audio16.TextGrid,12,20,good,55.490,55.890,6.12,3,JJ,0,7.7094,4.9087,1
audio16.TextGrid,13,1,he,56.700,56.810,6.69,2,PRP,0,4.5353,1.3364,1
audio16.TextGrid,13,2,took,56.810,57.100,5.51,3,VBD,0,6.4889,6.2378,1
audio16.TextGrid,13,3,the,57.100,57.180,7.73,2,DT,0,2.4587,1.3857,1
audio16.TextGrid,13,4,bait,57.180,57.480,3.85,3,NN,1,4.1401,3.0665,1
audio16.TextGrid,13,5,like,57.480,57.680,6.41,3,IN,0,6.8224,6.5951,1
audio16.TextGrid,13,6,a,57.680,57.720,7.36,1,DT,0,2.6762,0.5898,1
audio16.TextGrid,13,7,male,57.720,58.180,4.89,3,NN,0,9.0654,8.1964,1
audio16.TextGrid,13,8,and,58.180,58.290,7.41,3,CC,0,4.2409,1.6560,1
audio16.TextGrid,13,9,he,58.290,58.390,6.69,2,PRP,0,5.0180,2.8762,1
audio16.TextGrid,13,10,pulls,58.390,58.860,4.01,4,VBZ,0,12.8239,9.8108,1
audio16.TextGrid,13,11,like,58.860,59.060,6.41,3,IN,0,6.7364,4.1003,1
audio16.TextGrid,13,12,a,59.060,59.100,7.36,1,DT,0,2.6706,0.2535,1
audio16.TextGrid,13,13,male,59.100,59.480,4.89,3,NN,0,9.0642,2.7769,1
audio16.TextGrid,13,14,and,59.480,59.610,7.41,3,CC,0,4.1961,2.1203,1
audio16.TextGrid,13,15,his,59.610,59.830,6.51,3,PRP$,0,5.8955,4.0782,1
audio16.TextGrid,13,16,fight,59.830,60.080,5.23,3,NN,0,9.2606,7.4163,1
audio16.TextGrid,13,17,has,60.080,60.280,6.37,3,VBZ,0,5.3379,3.6771,1
audio16.TextGrid,13,18,no,60.280,60.410,6.35,2,DT,0,6.3929,2.9758,1
audio16.TextGrid,13,19,panic,60.410,60.870,4.26,5,NN,0,9.6701,10.8713,1
audio16.TextGrid,13,20,in,60.870,60.990,7.27,2,IN,0,3.3726,3.6341,1
audio16.TextGrid,13,21,it,60.990,61.180,6.95,2,PRP,0,3.8020,0.4091,1
audio16.TextGrid,14,1,i,62.150,62.220,7.09,1,JJ,0,5.5144,2.7588,1
audio16.TextGrid,14,2,wonder,62.220,62.500,4.93,5,VBP,0,12.3205,4.3164,1
audio16.TextGrid,14,3,if,62.500,62.620,6.47,2,IN,0,6.9474,1.5479,1
audio16.TextGrid,14,4,he,62.620,62.770,6.69,2,PRP,0,4.4629,0.7841,1
audio16.TextGrid,14,5,has,62.770,62.970,6.37,3,VBZ,0,4.5388,2.0276,1
audio16.TextGrid,14,6,any,62.970,63.140,6.07,3,DT,0,6.3976,3.4189,1
audio16.TextGrid,14,7,plans,63.140,63.770,5.01,5,NNS,0,8.2894,5.4333,1
audio16.TextGrid,15,1,or,64.300,64.440,6.54,2,CC,0,5.3683,3.7776,1
audio16.TextGrid,15,2,if,64.440,64.560,6.47,2,IN,0,7.1544,2.4090,1
audio16.TextGrid,15,3,he,64.560,64.740,6.69,2,PRP,0,4.6012,0.5907,1
audio16.TextGrid,15,4,is,64.740,64.870,7.07,2,VBZ,0,3.9973,1.4198,1
audio16.TextGrid,15,5,just,64.870,65.170,6.43,4,RB,0,6.6983,2.5143,1
audio16.TextGrid,15,6,as,65.170,65.330,6.77,2,RB,0,5.1465,3.7177,1
audio16.TextGrid,15,7,desperate,65.330,65.850,4.32,7,JJ,1,5.3983,6.0418,1
audio16.TextGrid,15,8,as,65.850,65.980,6.77,2,IN,0,5.7377,1.0998,1
audio16.TextGrid,15,9,i,65.980,66.190,7.09,1,NN,0,5.5198,1.6423,1
audio16.TextGrid,15,10,am,66.190,66.550,5.78,3,VBP,0,10.6673,0.2103,1
audio16.TextGrid,15,11,he,68.660,68.770,6.69,2,PRP,0,5.4694,1.5947,1
audio16.TextGrid,15,12,remembered,68.770,69.190,4.33,8,VBD,1,4.5604,6.4739,1
audio16.TextGrid,15,13,the,69.190,69.270,7.73,2,DT,0,2.4324,1.6288,1
audio16.TextGrid,15,14,time,69.270,69.580,6.29,3,NN,0,6.0563,3.6689,1
audio16.TextGrid,15,15,he,69.580,69.700,6.69,2,PRP,0,6.6665,1.3674,1
audio16.TextGrid,15,16,had,69.700,69.840,6.33,3,VBD,0,5.3752,1.9378,1
audio16.TextGrid,15,17,hooked,69.840,70.070,3.92,4,VBN,1,6.3480,4.4523,1
audio16.TextGrid,15,18,one,70.070,70.270,6.47,3,CD,0,7.0693,3.4006,1
audio16.TextGrid,15,19,of,70.270,70.360,7.4,2,IN,0,3.6571,0.5791,1
audio16.TextGrid,15,20,a,70.360,70.420,7.36,1,DT,0,2.6110,6.9625,1
audio16.TextGrid,15,21,pair,70.420,70.790,4.72,3,NN,0,14.6916,3.4862,1
audio16.TextGrid,15,22,of,70.790,70.900,7.4,2,IN,0,3.3711,0.0656,1
audio16.TextGrid,15,23,marlin,70.900,71.430,3.01,6,NN,1,5.7884,6.7128,1
audio16.TextGrid,16,1,the,72.230,72.320,7.73,2,DT,0,1.8241,2.6998,1
audio16.TextGrid,16,2,male,72.320,72.610,4.89,3,JJ,0,9.0632,3.7138,1
audio16.TextGrid,16,3,fish,72.610,72.930,4.9,3,NN,1,4.6360,5.1526,1
audio16.TextGrid,16,4,always,72.930,73.330,5.76,5,RB,0,9.0448,6.2358,1
audio16.TextGrid,16,5,let,73.330,73.480,5.6,3,VB,0,8.4606,6.6363,1
audio16.TextGrid,16,6,the,73.480,73.590,7.73,2,DT,0,2.3569,2.2210,1
audio16.TextGrid,16,7,female,73.590,74.030,5.0,5,JJ,0,8.9989,2.5614,1
audio16.TextGrid,16,8,fish,74.030,74.300,4.9,3,NN,1,4.2432,1.2429,1
audio16.TextGrid,16,9,feed,74.300,74.590,4.67,3,NN,0,11.0676,4.3346,1
audio16.TextGrid,16,10,first,74.590,75.100,6.11,4,RB,0,6.7094,5.8419,1
audio16.TextGrid,17,1,and,75.600,75.730,7.41,2,CC,0,3.7036,1.3598,1
audio16.TextGrid,17,2,the,75.730,75.860,7.73,2,DT,0,2.0380,2.0325,1
audio16.TextGrid,17,3,hooked,75.860,76.120,3.92,4,JJ,1,5.0832,10.9003,1
audio16.TextGrid,17,4,fish,76.120,76.590,4.9,3,NN,1,4.3273,1.3393,1
audio16.TextGrid,17,5,the,76.640,76.720,7.73,2,DT,0,4.3155,2.7323,1
audio16.TextGrid,17,6,female,76.720,77.340,5.0,5,NN,0,9.0070,2.8863,1
audio16.TextGrid,17,7,made,77.510,77.670,5.92,3,VBD,0,7.3584,5.8150,1
audio16.TextGrid,17,8,a,77.670,77.710,7.36,1,DT,0,3.6631,1.9440,1
audio16.TextGrid,17,9,wild,77.710,78.290,4.8,4,JJ,0,9.3042,6.3034,1
audio16.TextGrid,17,10,panic,78.320,78.700,4.26,5,NN,0,9.8028,8.2697,1
audio16.TextGrid,17,11,stricken,78.700,79.140,3.52,7,NN,1,5.6039,1.0768,1
audio16.TextGrid,17,12,despairing,79.140,79.910,2.63,8,VBG,1,7.6356,7.6441,1
audio16.TextGrid,17,13,fight,79.960,80.280,5.23,3,NN,0,10.8331,4.7386,1
audio16.TextGrid,17,14,that,80.300,80.480,7.01,3,WDT,0,4.3177,3.8390,1
audio16.TextGrid,17,15,soon,80.480,80.730,5.32,3,RB,0,9.5037,5.6420,1
audio16.TextGrid,17,16,exhausted,80.730,81.370,4.08,8,VBD,0,10.9134,6.7362,1
audio16.TextGrid,17,17,her,81.370,81.610,6.3,2,PRP,0,8.0520,2.5296,1
audio16.TextGrid,18,1,and,82.210,82.330,7.41,3,CC,0,3.7036,2.0277,1
audio16.TextGrid,18,2,all,82.330,82.520,6.52,2,PDT,0,5.7287,4.8573,1
audio16.TextGrid,18,3,the,82.520,82.620,7.73,2,DT,0,3.9879,1.2887,1
audio16.TextGrid,18,4,time,82.620,83.020,6.29,3,NN,0,6.8099,3.7581,1
audio16.TextGrid,18,5,the,83.020,83.080,7.73,2,DT,0,3.9232,1.8360,1
audio16.TextGrid,18,6,male,83.080,83.440,4.89,3,NN,0,9.0827,2.3453,1
audio16.TextGrid,18,7,had,83.440,83.580,6.33,3,VBD,0,5.9224,3.2728,1
audio16.TextGrid,18,8,stayed,83.580,83.870,4.53,4,VBN,0,11.3513,6.3941,1
audio16.TextGrid,18,9,with,83.870,84.110,6.85,3,IN,0,5.2213,2.6564,1
audio16.TextGrid,18,10,her,84.110,84.390,6.3,2,PRP,0,6.1876,2.0301,1
audio16.TextGrid,18,11,crossing,84.540,84.990,4.33,6,VBG,0,11.0630,9.5968,1
audio16.TextGrid,18,12,the,84.990,85.080,7.73,2,DT,0,2.6713,0.9968,1
audio16.TextGrid,18,13,line,85.080,85.450,5.49,3,NN,0,7.6704,3.6303,1
audio16.TextGrid,18,14,and,85.450,85.590,7.41,3,CC,0,4.2282,1.9894,1
audio16.TextGrid,18,15,circling,85.590,86.040,3.33,6,VBG,1,7.7799,6.3570,1
audio16.TextGrid,18,16,with,86.040,86.180,6.85,3,IN,0,5.1115,4.2610,1
audio16.TextGrid,18,17,her,86.180,86.360,6.3,2,PRP,0,6.1501,2.5950,1
audio16.TextGrid,18,18,on,86.360,86.470,6.91,2,IN,0,5.2951,4.8220,1
audio16.TextGrid,18,19,the,86.470,86.570,7.73,2,DT,0,1.6993,0.7170,1
audio16.TextGrid,18,20,surface,86.570,87.160,4.83,5,NN,1,4.1366,5.9182,1
audio16.TextGrid,19,1,he,88.150,88.230,6.69,2,PRP,0,4.5353,1.7687,1
audio16.TextGrid,19,2,had,88.230,88.370,6.33,3,VBD,0,4.7197,2.1705,1
audio16.TextGrid,19,3,stayed,88.370,88.690,4.53,4,VBN,0,11.3942,6.7269,1
audio16.TextGrid,19,4,so,88.690,88.930,6.52,2,RB,0,6.0357,3.7597,1
audio16.TextGrid,19,5,close,88.930,89.370,5.36,4,JJ,0,7.7610,3.7556,1
audio16.TextGrid,19,6,that,89.370,89.510,7.01,3,IN,0,4.3184,1.6055,1
audio16.TextGrid,19,7,the,89.510,89.650,7.73,2,DT,0,2.1507,1.7379,1
audio16.TextGrid,19,8,old,89.650,89.890,5.75,3,JJ,0,7.3319,5.4192,1
audio16.TextGrid,19,9,man,89.890,90.140,5.82,3,NN,0,7.6953,1.0280,1
audio16.TextGrid,19,10,was,90.140,90.310,6.82,3,VBD,0,5.5197,2.7221,1
audio16.TextGrid,19,11,afraid,90.310,90.700,4.7,5,JJ,0,10.4110,2.8344,1
audio16.TextGrid,19,12,he,90.700,90.770,6.69,2,PRP,0,7.2642,2.1188,1
audio16.TextGrid,19,13,would,90.770,90.960,6.27,3,MD,0,5.5058,0.7848,1
audio16.TextGrid,19,14,cut,90.960,91.210,5.24,3,VB,0,6.4076,5.1496,1
audio16.TextGrid,19,15,the,91.210,91.310,7.73,2,DT,0,2.4003,2.6011,1
audio16.TextGrid,19,16,line,91.310,91.590,5.49,3,NN,0,7.6733,3.5009,1
audio16.TextGrid,19,17,with,91.610,91.760,6.85,3,IN,0,4.7936,3.5692,1
audio16.TextGrid,19,18,his,91.760,91.960,6.51,3,PRP$,0,5.3145,0.6103,1
audio16.TextGrid,19,19,tail,91.960,92.470,4.34,3,NN,1,4.2574,4.0795,1
audio16.TextGrid,20,1,which,92.970,93.180,6.3,3,WDT,0,5.7335,5.5177,1
audio16.TextGrid,20,2,was,93.180,93.290,6.82,3,VBD,0,4.9608,1.8119,1
audio16.TextGrid,20,3,sharp,93.290,93.690,4.48,4,JJ,0,9.6367,5.8187,1
audio16.TextGrid,20,4,as,93.690,93.800,6.77,2,IN,0,5.4982,3.1978,1
audio16.TextGrid,20,5,a,93.800,93.890,7.36,1,DT,0,2.6543,0.5879,1
audio16.TextGrid,20,6,scythe,93.890,94.430,2.78,3,NN,1,4.1371,6.8920,1
audio16.TextGrid,20,7,and,94.430,94.620,7.41,3,CC,0,3.4679,1.4754,1
audio16.TextGrid,20,8,almost,94.620,95.060,5.39,6,RB,0,7.8839,5.9522,1
audio16.TextGrid,20,9,of,95.060,95.130,7.4,2,IN,0,3.7109,6.4903,1
audio16.TextGrid,20,10,that,95.130,95.370,7.01,3,DT,0,4.8999,5.6391,1
audio16.TextGrid,20,11,size,95.370,95.800,5.13,3,NN,0,8.4407,2.3684,1
audio16.TextGrid,20,12,and,95.800,95.950,7.41,3,CC,0,3.5537,2.9503,1
audio16.TextGrid,20,13,shape,95.950,96.310,4.72,3,NN,0,10.7523,2.8304,1
audio16.TextGrid,21,1,when,97.380,97.530,6.37,4,WRB,0,6.5749,3.5774,1
audio16.TextGrid,21,2,the,97.530,97.630,7.73,2,DT,0,1.9802,1.1961,1
audio16.TextGrid,21,3,old,97.630,97.830,5.75,3,JJ,0,7.3293,1.1452,1
audio16.TextGrid,21,4,man,97.830,98.030,5.82,3,NN,0,7.6922,0.0523,1
audio16.TextGrid,21,5,had,98.030,98.180,6.33,3,VBD,0,4.9001,2.1523,1
audio16.TextGrid,21,6,gaffed,98.180,98.560,1.25,4,VBN,1,6.3428,15.0991,1
audio16.TextGrid,21,7,her,98.560,98.710,6.3,2,PRP$,0,7.3893,3.7190,1
audio16.TextGrid,21,8,and,98.710,98.860,7.41,3,CC,0,3.4715,3.1790,1
audio16.TextGrid,21,9,clubbed,98.860,99.190,2.54,5,VBD,1,6.1593,11.3360,1
audio16.TextGrid,21,10,her,99.190,99.380,6.3,2,PRP,0,6.8172,0.1935,1
audio16.TextGrid,21,11,holding,99.670,100.080,4.89,6,VBG,0,8.3404,7.9450,1
audio16.TextGrid,21,12,the,100.080,100.190,7.73,2,DT,0,3.0092,2.6798,1
audio16.TextGrid,21,13,rapier,100.190,100.620,2.58,5,JJR,1,6.3662,9.2968,1
audio16.TextGrid,21,14,bill,100.620,101.050,5.15,3,NN,0,7.1952,11.0031,1
audio16.TextGrid,21,15,with,101.050,101.200,6.85,3,IN,0,4.7872,3.7412,1
audio16.TextGrid,21,16,its,101.200,101.350,6.14,3,PRP$,0,4.3177,3.5234,1
audio16.TextGrid,21,17,sandpaper,101.350,102.050,2.73,8,NN,1,4.2574,12.1196,1
audio16.TextGrid,21,18,edge,102.050,102.390,4.74,2,NN,0,11.9836,5.0362,1
audio16.TextGrid,21,19,and,102.390,102.510,7.41,2,CC,0,3.7554,1.9585,1
audio16.TextGrid,21,20,dubbing,102.510,102.980,2.77,5,VBG,1,8.6964,12.2526,1
audio16.TextGrid,21,21,her,102.980,103.140,6.3,2,PRP$,0,7.7109,0.8682,1
audio16.TextGrid,21,22,across,103.140,103.530,5.25,5,IN,0,8.8990,8.9386,1
audio16.TextGrid,21,23,the,103.530,103.640,7.73,2,DT,0,1.7082,0.3791,1
audio16.TextGrid,21,24,top,103.640,103.920,5.57,3,NN,0,8.2675,4.8188,1
audio16.TextGrid,21,25,of,103.920,104.030,7.4,2,IN,0,4.3364,0.9520,1
audio16.TextGrid,21,26,her,104.030,104.170,6.3,2,PRP$,0,6.1467,3.4271,1
audio16.TextGrid,21,27,head,104.170,104.420,5.51,3,NN,0,8.2485,0.8947,1
audio16.TextGrid,21,28,until,104.420,104.750,5.61,5,IN,0,7.1807,5.3828,1
audio16.TextGrid,21,29,her,104.750,104.840,6.3,2,PRP$,0,6.1438,2.5281,1
audio16.TextGrid,21,30,colour,104.840,105.200,4.49,4,NNS,1,5.9057,10.5810,1
audio16.TextGrid,21,31,turned,105.200,105.570,5.09,4,VBD,0,8.6968,3.7652,1
audio16.TextGrid,21,32,to,105.570,105.670,7.43,2,TO,0,3.0092,3.3156,1
audio16.TextGrid,21,33,a,105.670,105.700,7.36,1,DT,0,3.4467,2.9599,1
audio16.TextGrid,21,34,colour,105.700,106.070,4.49,4,NN,1,4.1356,5.4313,1
audio16.TextGrid,21,35,almost,106.070,106.500,5.39,6,RB,0,8.0402,5.6379,1
audio16.TextGrid,21,36,like,106.500,106.670,6.41,3,IN,0,6.7501,1.9534,1
audio16.TextGrid,21,37,the,106.680,106.760,7.73,2,DT,0,1.9071,1.9851,1
audio16.TextGrid,21,38,backing,106.760,107.200,4.23,5,NN,0,10.1080,11.0605,1
audio16.TextGrid,21,39,of,107.200,107.320,7.4,2,IN,0,3.1089,0.0617,1
audio16.TextGrid,21,40,mirrors,107.340,107.880,3.81,5,NNS,0,13.2612,11.3920,1
audio16.TextGrid,22,1,and,108.670,108.790,7.41,2,CC,0,3.7036,2.7567,1
audio16.TextGrid,22,2,then,108.790,109.090,6.07,3,RB,0,6.4220,1.8336,1
audio16.TextGrid,22,3,with,109.090,109.220,6.85,3,IN,0,6.2678,2.4061,1
audio16.TextGrid,22,4,the,109.220,109.290,7.73,2,DT,0,1.8381,1.7020,1
audio16.TextGrid,22,5,boy,109.290,109.590,5.17,2,NN,0,10.2432,7.3206,1
audio16.TextGrid,22,6,s,109.590,109.680,5.86,1,NN,1,5.4205,1.2873,1
audio16.TextGrid,22,7,aid,109.680,110.050,4.75,2,NN,0,8.8886,3.9714,1
audio16.TextGrid,22,8,hoisted,110.050,110.420,2.98,6,VBD,1,4.0680,8.5020,1
audio16.TextGrid,22,9,her,110.420,110.540,6.3,2,PRP$,0,6.8992,0.6423,1
audio16.TextGrid,23,1,aboard,110.540,111.060,4.14,5,IN,0,11.5756,7.3535,1
audio16.TextGrid,23,2,the,111.690,111.780,7.73,2,DT,0,1.7472,3.4623,1
audio16.TextGrid,23,3,male,111.780,112.070,4.89,3,JJ,0,9.0654,4.2360,1
audio16.TextGrid,23,4,fish,112.070,112.310,4.9,3,NN,1,4.5827,1.5993,1
audio16.TextGrid,23,5,had,112.310,112.470,6.33,3,VBD,0,6.2273,4.0660,1
audio16.TextGrid,23,6,stayed,112.470,112.790,4.53,4,VBN,0,11.3566,6.0147,1
audio16.TextGrid,23,7,by,112.790,112.950,6.66,2,IN,0,5.0994,4.5195,1
audio16.TextGrid,23,8,the,112.950,113.050,7.73,2,DT,0,1.7506,2.0168,1
audio16.TextGrid,23,9,side,113.050,113.340,5.5,3,NN,0,8.0425,2.3352,1
audio16.TextGrid,23,10,of,113.340,113.400,7.4,2,IN,0,2.8714,0.3563,1
audio16.TextGrid,23,11,the,113.400,113.490,7.73,2,DT,0,1.6998,0.2382,1
audio16.TextGrid,23,12,boat,113.490,113.910,4.71,3,NN,1,4.1367,1.4883,1
audio16.TextGrid,24,1,then,114.700,115.100,6.07,3,RB,0,7.4856,3.4502,1
audio16.TextGrid,24,2,while,115.220,115.400,5.86,3,IN,0,7.3460,4.2762,1
audio16.TextGrid,24,3,the,115.400,115.510,7.73,2,DT,0,1.8441,0.9475,1
audio16.TextGrid,24,4,old,115.510,115.720,5.75,3,JJ,0,7.3426,1.4924,1
audio16.TextGrid,24,5,man,115.720,115.970,5.82,3,NN,0,7.6988,0.0449,1
audio16.TextGrid,24,6,was,115.970,116.140,6.82,3,VBD,0,4.9692,0.6202,1
audio16.TextGrid,24,7,clearing,116.140,116.520,4.04,6,VBG,0,11.1780,8.9207,1
audio16.TextGrid,24,8,the,116.520,116.590,7.73,2,DT,0,2.2539,0.7722,1
audio16.TextGrid,24,9,lines,116.590,117.040,4.95,4,NNS,0,9.0870,4.4155,1
audio16.TextGrid,24,10,and,117.040,117.140,7.41,2,CC,0,3.8303,2.3053,1
audio16.TextGrid,24,11,preparing,117.140,117.640,4.33,7,VBG,1,8.0606,5.3185,1
audio16.TextGrid,24,12,the,117.640,117.740,7.73,2,DT,0,2.4671,1.1514,1
audio16.TextGrid,24,13,harpoon,117.740,118.340,2.83,6,NN,1,4.1371,7.5400,1
audio16.TextGrid,25,1,the,118.790,118.870,7.73,2,DT,0,1.8241,1.0419,1
audio16.TextGrid,25,2,male,118.870,119.140,4.89,3,JJ,0,9.0632,3.6931,1
audio16.TextGrid,25,3,fish,119.140,119.420,4.9,3,NN,1,4.6360,0.3412,1
audio16.TextGrid,25,4,jumped,119.420,119.790,4.25,5,VBD,0,7.9391,4.2876,1
audio16.TextGrid,25,5,high,119.790,120.040,5.75,2,JJ,0,7.7421,5.7639,1
audio16.TextGrid,25,6,into,120.040,120.240,6.11,4,IN,0,6.8935,1.9799,1
audio16.TextGrid,25,7,the,120.240,120.430,7.73,2,DT,0,1.7019,0.1241,1
audio16.TextGrid,25,8,air,120.430,120.620,5.37,2,NN,0,8.6932,0.8332,1
audio16.TextGrid,25,9,beside,120.620,121.090,4.19,5,IN,1,3.5889,7.8155,1
audio16.TextGrid,25,10,the,121.090,121.170,7.73,2,DT,0,1.7025,0.9682,1
audio16.TextGrid,25,11,boat,121.170,121.530,4.71,3,NN,1,4.1360,1.8385,1
audio16.TextGrid,25,12,to,121.530,121.650,7.43,2,TO,0,3.4044,3.9049,1
audio16.TextGrid,25,13,see,121.650,121.830,6.1,2,VB,0,6.8253,4.0359,1
audio16.TextGrid,25,14,where,121.830,122.030,6.0,3,WRB,0,7.5898,3.1347,1
audio16.TextGrid,25,15,the,122.030,122.130,7.73,2,DT,0,1.9997,0.8798,1
audio16.TextGrid,25,16,female,122.130,122.520,5.0,5,NN,0,8.9951,3.7543,1
audio16.TextGrid,25,17,was,122.520,123.020,6.82,3,VBD,0,5.3320,2.5441,1
audio16.TextGrid,25,18,and,123.530,123.640,7.41,2,CC,0,3.9109,2.3618,1
audio16.TextGrid,25,19,then,123.640,123.860,6.07,3,RB,0,7.4066,2.7949,1
audio16.TextGrid,25,20,went,123.860,124.090,5.5,4,VBD,0,7.8072,4.0068,1
audio16.TextGrid,25,21,down,124.090,124.450,5.88,3,RB,0,6.2865,2.3103,1
audio16.TextGrid,25,22,deep,124.450,124.870,5.05,3,JJ,1,5.7537,6.5986,1
audio16.TextGrid,25,23,his,125.260,125.460,6.51,3,PRP$,0,7.9644,3.7924,1
audio16.TextGrid,25,24,lavender,125.460,125.870,3.44,7,NN,1,4.2750,12.4466,1
audio16.TextGrid,25,25,wings,125.870,126.410,4.44,4,NNS,0,10.6492,4.2519,1
audio16.TextGrid,25,26,that,126.410,126.600,7.01,3,WDT,0,3.9335,5.5509,1
audio16.TextGrid,25,27,were,126.600,126.710,6.34,2,VBD,0,6.7266,2.8505,1
audio16.TextGrid,25,28,his,126.710,126.870,6.51,3,PRP$,0,5.9929,5.5346,1
audio16.TextGrid,25,29,pectoral,126.870,127.350,2.91,7,JJ,1,5.1757,8.9113,1
audio16.TextGrid,25,30,fins,127.350,127.850,3.36,4,NNS,1,5.9293,0.2784,1
audio16.TextGrid,25,31,spread,128.080,128.430,4.81,5,VBD,0,9.8230,8.1085,1
audio16.TextGrid,25,32,wide,128.430,128.930,4.96,3,JJ,0,9.7045,3.3106,1
audio16.TextGrid,25,33,and,128.930,129.070,7.41,3,CC,0,3.6770,1.5792,1
audio16.TextGrid,25,34,all,129.070,129.320,6.52,2,DT,0,6.6385,5.4681,1
audio16.TextGrid,25,35,his,129.320,129.500,6.51,3,PRP$,0,8.7143,3.6522,1
audio16.TextGrid,25,36,wide,129.500,129.890,4.96,3,JJ,0,9.3847,5.8883,1
audio16.TextGrid,25,37,lavender,129.890,130.340,3.44,7,NN,1,4.0119,9.5491,1
audio16.TextGrid,25,38,stripes,130.340,130.790,3.76,6,NNS,1,7.0429,7.1211,1
audio16.TextGrid,25,39,showing,130.790,131.240,4.88,4,VBG,0,9.5830,6.1438,1
audio16.TextGrid,26,1,he,132.230,132.340,6.69,2,PRP,0,4.5353,1.5456,1
audio16.TextGrid,26,2,was,132.340,132.510,6.82,3,VBD,0,3.9158,2.0226,1
audio16.TextGrid,26,3,beautiful,132.510,133.050,5.22,8,JJ,0,10.1384,6.4973,1
audio16.TextGrid,26,4,the,133.240,133.360,7.73,2,DT,0,4.5491,3.3714,1
audio16.TextGrid,26,5,old,133.360,133.550,5.75,3,JJ,0,7.3433,2.7384,1
audio16.TextGrid,26,6,man,133.550,133.750,5.82,3,NN,0,7.7112,0.0668,1
audio16.TextGrid,26,7,remembered,133.750,134.250,4.33,8,VBD,1,4.6627,3.4649,1
audio16.TextGrid,27,1,and,134.730,134.890,7.41,3,CC,0,3.7036,0.9154,1
audio16.TextGrid,27,2,he,134.890,134.980,6.69,2,PRP,0,4.7461,1.4104,1
audio16.TextGrid,27,3,had,134.980,135.120,6.33,3,VBD,0,4.6856,2.3987,1
audio16.TextGrid,27,4,stayed,135.120,135.740,4.53,4,VBN,0,11.3864,6.7719,1
audio16.TextGrid,28,1,that,137.540,137.740,7.01,3,DT,0,4.4338,4.7181,1
audio16.TextGrid,28,2,was,137.740,137.990,6.82,3,VBD,0,6.1096,1.4249,1
audio16.TextGrid,28,3,the,137.990,138.070,7.73,2,DT,0,2.3731,1.4553,1
audio16.TextGrid,28,4,saddest,138.070,138.530,3.24,6,JJS,1,6.2082,8.2002,1
audio16.TextGrid,28,5,thing,138.530,138.780,5.72,3,NN,0,8.1939,1.2512,1
audio16.TextGrid,28,6,i,138.780,138.950,7.09,1,NN,0,6.8233,3.0613,1
audio16.TextGrid,28,7,ever,138.950,139.150,5.66,3,RB,0,9.1903,1.3193,1
audio16.TextGrid,28,8,saw,139.150,139.390,5.34,2,VBD,0,8.7148,0.8789,1
audio16.TextGrid,28,9,with,139.390,139.610,6.85,3,IN,0,5.2241,5.4668,1
audio16.TextGrid,28,10,them,139.610,139.920,6.19,3,PRP,0,5.9534,5.3931,1
audio16.TextGrid,28,11,the,140.130,140.270,7.73,2,DT,0,3.5893,2.0976,1
audio16.TextGrid,28,12,old,140.270,140.460,5.75,3,JJ,0,7.3436,0.9480,1
audio16.TextGrid,28,13,man,140.460,140.710,5.82,3,NN,0,7.6965,0.0109,1
audio16.TextGrid,28,14,thought,140.710,141.100,5.59,3,VBD,0,8.7781,0.9952,1
audio16.TextGrid,29,1,the,141.710,141.800,7.73,2,DT,0,1.8241,2.6247,1
audio16.TextGrid,29,2,boy,141.800,142.070,5.17,2,NN,0,10.2353,4.3477,1
audio16.TextGrid,29,3,was,142.070,142.270,6.82,3,VBD,0,4.1791,2.1334,1
audio16.TextGrid,29,4,sad,142.270,142.670,4.84,3,JJ,0,11.5250,5.9944,1
audio16.TextGrid,29,5,too,142.670,142.980,5.95,2,RB,0,8.8718,4.7152,1
audio16.TextGrid,29,6,and,142.980,143.190,7.41,3,CC,0,3.3160,2.3952,1
audio16.TextGrid,29,7,we,143.190,143.290,6.54,2,PRP,0,7.8218,5.5364,1
audio16.TextGrid,29,8,begged,143.290,143.600,3.58,4,VBD,1,3.8483,9.3272,1
audio16.TextGrid,29,9,her,143.600,143.720,6.3,2,PRP,0,6.8988,5.6503,1
audio16.TextGrid,29,10,pardon,143.720,144.250,3.82,6,NN,1,4.6137,6.0893,1
audio16.TextGrid,30,1,and,144.690,144.790,7.41,2,CC,0,3.7036,2.2928,1
audio16.TextGrid,30,2,butchered,144.790,145.240,3.01,5,VBD,1,6.9013,10.9227,1
audio16.TextGrid,30,3,her,145.240,145.340,6.3,2,PRP,0,6.7889,0.8371,1
audio16.TextGrid,30,4,promptly,145.340,146.020,3.84,7,RB,0,10.7652,10.1835,1
audio16.TextGrid,31,1,i,147.410,147.550,7.09,1,JJ,0,5.5144,2.0634,1
audio16.TextGrid,31,2,wish,147.550,147.840,5.18,3,VBP,0,9.0633,3.2117,1
audio16.TextGrid,31,3,the,147.840,147.950,7.73,2,DT,0,2.3301,4.5166,1
audio16.TextGrid,31,4,boy,147.950,148.220,5.17,2,NN,0,10.2384,1.6224,1
audio16.TextGrid,31,5,was,148.220,148.490,6.82,3,VBD,0,6.2243,1.8807,1
audio16.TextGrid,31,6,here,148.490,148.770,5.97,3,RB,0,7.2707,2.5637,1
audio16.TextGrid,31,7,he,149.120,149.230,6.69,2,PRP,0,6.4930,0.6858,1
audio16.TextGrid,31,8,said,149.230,149.440,6.01,3,VBD,0,4.9585,0.3574,1
audio16.TextGrid,31,9,aloud,149.440,149.930,3.51,4,JJ,1,5.8292,4.7648,1
audio16.TextGrid,31,10,and,150.230,150.400,7.41,3,CC,0,3.7947,2.9967,1
audio16.TextGrid,31,11,settled,150.400,150.770,4.44,6,VBD,0,10.7690,8.8808,1
audio16.TextGrid,31,12,himself,150.770,151.130,5.25,7,PRP,0,9.0904,2.0815,1
audio16.TextGrid,31,13,against,151.130,151.460,5.68,6,IN,0,6.9837,3.9487,1
audio16.TextGrid,31,14,the,151.460,151.570,7.73,2,DT,0,1.6967,0.1458,1
audio16.TextGrid,31,15,rounded,151.570,151.960,3.98,6,JJ,1,5.0748,10.1308,1
audio16.TextGrid,31,16,planks,151.960,152.330,3.13,6,NNS,1,5.9996,8.0240,1
audio16.TextGrid,31,17,of,152.330,152.410,7.4,2,IN,0,2.8673,0.2885,1
audio16.TextGrid,31,18,the,152.410,152.490,7.73,2,DT,0,1.6971,0.1897,1
audio16.TextGrid,31,19,bow,152.490,152.880,4.3,2,NN,1,4.1363,4.1931,1
audio16.TextGrid,31,20,and,153.110,153.260,7.41,3,CC,0,4.2584,1.4701,1
audio16.TextGrid,31,21,felt,153.260,153.470,5.13,4,VBD,0,10.0437,5.1058,1
audio16.TextGrid,31,22,the,153.470,153.580,7.73,2,DT,0,2.5452,1.1835,1
audio16.TextGrid,31,23,strength,153.580,154.100,4.8,6,NN,0,8.2944,5.0026,1
audio16.TextGrid,31,24,of,154.100,154.180,7.4,2,IN,0,3.0435,0.4182,1
audio16.TextGrid,31,25,the,154.200,154.290,7.73,2,DT,0,1.6983,0.6832,1
audio16.TextGrid,31,26,great,154.290,154.580,5.88,4,JJ,0,7.7245,5.2638,1
audio16.TextGrid,31,27,fish,154.600,154.950,4.9,3,NN,1,4.1869,0.5948,1
audio16.TextGrid,31,28,through,154.950,155.100,5.87,3,IN,0,6.9980,5.7011,1
audio16.TextGrid,31,29,the,155.100,155.200,7.73,2,DT,0,1.7009,1.2704,1
audio16.TextGrid,31,30,line,155.200,155.500,5.49,3,NN,0,7.6699,6.4494,1
audio16.TextGrid,31,31,he,155.500,155.640,6.69,2,PRP,0,6.6461,4.2249,1
audio16.TextGrid,31,32,held,155.640,155.830,5.24,4,VBD,0,7.6459,3.8287,1
audio16.TextGrid,31,33,across,155.830,156.170,5.25,5,IN,0,7.5823,6.0184,1
audio16.TextGrid,31,34,his,156.170,156.300,6.51,3,PRP$,0,5.3530,1.2453,1
audio16.TextGrid,31,35,shoulders,156.300,156.840,4.18,6,NNS,1,5.5669,3.7349,1
audio16.TextGrid,32,1,moving,157.330,157.690,5.02,5,VBG,0,10.8751,9.7061,1
audio16.TextGrid,32,2,steadily,157.690,158.180,3.84,7,RB,0,11.1813,4.4904,1
audio16.TextGrid,32,3,toward,158.180,158.620,4.72,6,IN,0,9.4455,3.3128,1
audio16.TextGrid,32,4,whatever,158.620,158.960,5.14,6,WDT,1,6.5339,8.9632,1
audio16.TextGrid,32,5,he,158.960,159.060,6.69,2,PRP,0,5.2885,1.7633,1
audio16.TextGrid,32,6,had,159.060,159.240,6.33,3,VBD,0,4.7315,2.5744,1
audio16.TextGrid,32,7,chosen,159.240,159.680,4.61,5,VBN,0,9.9024,5.4905,1
audio16.TextGrid,33,1,when,160.890,161.070,6.37,3,WRB,0,6.5749,3.7142,1
audio16.TextGrid,33,2,once,161.070,161.560,5.53,4,RB,0,7.9317,7.7088,1
audio16.TextGrid,33,3,through,161.560,161.720,5.87,3,IN,0,7.8349,6.2815,1
audio16.TextGrid,33,4,my,161.720,161.950,6.57,2,PRP$,0,7.2332,4.6158,1
audio16.TextGrid,33,5,treachery,161.950,162.560,3.13,6,NN,1,4.2576,8.6357,1
audio16.TextGrid,33,6,it,162.560,162.640,6.95,2,PRP,0,4.9156,4.8698,1
audio16.TextGrid,33,7,had,162.640,162.770,6.33,3,VBD,0,4.7757,2.7139,1
audio16.TextGrid,33,8,been,162.770,162.890,6.27,3,VBN,0,6.3562,0.5629,1
audio16.TextGrid,33,9,necessary,162.890,163.460,4.91,8,JJ,0,9.5538,4.5843,1
audio16.TextGrid,33,10,to,163.460,163.610,7.43,2,TO,0,3.4977,0.3794,1
audio16.TextGrid,33,11,him,163.610,163.740,6.11,2,PRP,0,8.3126,8.5638,1
audio16.TextGrid,33,12,to,163.740,163.840,7.43,2,TO,0,3.1920,0.4175,1
audio16.TextGrid,33,13,make,163.840,164.040,6.08,3,VB,0,5.8932,3.6303,1
audio16.TextGrid,33,14,a,164.040,164.090,7.36,1,DT,0,3.1922,1.1922,1
audio16.TextGrid,33,15,choice,164.090,164.610,5.08,3,NN,0,9.5453,4.0398,1
audio16.TextGrid,33,16,the,164.690,164.830,7.73,2,DT,0,3.3500,2.2943,1
audio16.TextGrid,33,17,old,164.830,165.050,5.75,3,JJ,0,7.3393,1.2108,1
audio16.TextGrid,33,18,man,165.050,165.310,5.82,3,NN,0,7.6952,0.0103,1
audio16.TextGrid,33,19,thought,165.310,165.700,5.59,3,VBD,0,8.4429,2.2538,1
audio16.TextGrid,34,1,his,167.120,167.350,6.51,3,PRP$,0,5.4396,5.0869,1
audio16.TextGrid,34,2,choice,167.350,167.640,5.08,3,NN,0,9.6607,2.9283,1
audio16.TextGrid,34,3,had,167.640,167.760,6.33,3,VBD,0,5.0152,2.3915,1
audio16.TextGrid,34,4,been,167.760,167.890,6.27,3,VBN,0,6.3880,0.8045,1
audio16.TextGrid,34,5,to,167.890,167.990,7.43,2,TO,0,2.6936,1.7013,1
audio16.TextGrid,34,6,stay,167.990,168.250,5.33,3,VB,0,8.5803,3.8921,1
audio16.TextGrid,34,7,in,168.250,168.320,7.27,2,IN,0,3.6497,2.5898,1
audio16.TextGrid,34,8,the,168.320,168.420,7.73,2,DT,0,1.7340,1.7251,1
audio16.TextGrid,34,9,deep,168.420,168.680,5.05,3,JJ,1,5.0776,6.2073,1
audio16.TextGrid,34,10,dark,168.680,169.000,5.04,4,NN,0,11.2421,5.8152,1
audio16.TextGrid,34,11,water,169.000,169.340,5.52,4,NN,0,8.2749,3.3863,1
audio16.TextGrid,34,12,far,169.340,169.660,5.5,3,RB,0,7.7947,6.6524,1
audio16.TextGrid,34,13,out,169.660,169.760,6.38,2,RP,0,6.7676,4.2853,1
audio16.TextGrid,34,14,beyond,169.760,170.180,4.98,5,IN,0,9.4699,5.4242,1
audio16.TextGrid,34,15,all,170.180,170.380,6.52,2,DT,0,5.4444,5.5744,1
audio16.TextGrid,34,16,snares,170.380,170.910,2.67,5,NNS,1,6.5313,14.8291,1
audio16.TextGrid,34,17,and,170.910,171.110,7.41,3,CC,0,4.1389,0.9022,1
audio16.TextGrid,34,18,traps,171.110,171.430,3.76,5,NNS,1,6.5691,6.5389,1
audio16.TextGrid,34,19,and,171.430,171.590,7.41,3,CC,0,3.9419,0.8229,1
audio16.TextGrid,34,20,treacheries,171.590,172.190,1.21,7,NNS,1,6.4025,13.5196,1
audio16.TextGrid,35,1,my,173.180,173.360,6.57,2,PRP$,0,7.2801,5.5627,1
audio16.TextGrid,35,2,choice,173.360,173.860,5.08,3,NN,0,9.6607,1.9127,1
audio16.TextGrid,35,3,was,173.860,174.040,6.82,3,VBD,0,4.2115,1.1443,1
audio16.TextGrid,35,4,to,174.040,174.130,7.43,2,TO,0,3.3831,0.8937,1
audio16.TextGrid,35,5,go,174.130,174.360,6.03,2,VB,0,6.7005,2.2260,1
audio16.TextGrid,35,6,there,174.360,174.550,6.31,3,RB,0,6.1509,4.2277,1
audio16.TextGrid,35,7,to,174.550,174.690,7.43,2,TO,0,3.4318,3.7073,1
audio16.TextGrid,35,8,find,174.690,175.060,5.76,4,VB,0,7.5605,3.3064,1
audio16.TextGrid,35,9,him,175.060,175.240,6.11,3,PRP,0,8.0977,2.1575,1
audio16.TextGrid,35,10,beyond,175.240,175.650,4.98,5,IN,0,9.2081,10.2716,1
audio16.TextGrid,35,11,all,175.650,175.810,6.52,2,DT,0,5.4391,1.6070,1
audio16.TextGrid,35,12,people,175.810,176.290,6.25,5,NNS,0,7.1599,7.9206,1
audio16.TextGrid,35,13,beyond,176.760,177.100,4.98,5,IN,0,9.3939,8.6011,1
audio16.TextGrid,35,14,all,177.100,177.290,6.52,2,DT,0,5.4416,0.7775,1
audio16.TextGrid,35,15,people,177.290,177.700,6.25,5,NNS,0,7.1583,2.7842,1
audio16.TextGrid,35,16,in,177.700,177.770,7.27,2,IN,0,3.2660,4.6266,1
audio16.TextGrid,35,17,the,177.770,177.840,7.73,2,DT,0,1.6993,0.9734,1
audio16.TextGrid,35,18,world,177.840,178.370,5.89,4,NN,0,6.8411,1.3784,1
audio16.TextGrid,36,1,now,179.110,179.350,6.18,2,RB,0,6.7634,5.0425,1
audio16.TextGrid,36,2,we,179.350,179.520,6.54,2,PRP,0,6.4984,4.3608,1
audio16.TextGrid,36,3,are,179.520,179.630,6.74,2,VBP,0,4.0074,2.2842,1
audio16.TextGrid,36,4,joined,179.630,180.030,4.73,4,VBN,0,9.2767,7.8742,1
audio16.TextGrid,36,5,together,180.030,180.490,5.46,6,RB,0,7.9113,3.3137,1
audio16.TextGrid,36,6,and,180.490,180.610,7.41,3,CC,0,4.0514,1.9043,1
audio16.TextGrid,36,7,have,180.610,180.780,6.71,3,VBP,0,4.4973,4.8151,1
audio16.TextGrid,36,8,been,180.780,181.040,6.27,3,VBN,0,5.9516,3.0368,1
audio16.TextGrid,36,9,since,181.040,181.380,5.75,4,IN,0,6.1956,4.5207,1
audio16.TextGrid,36,10,noon,181.380,181.790,4.11,3,NN,1,5.7726,6.4017,1
audio16.TextGrid,37,1,and,182.590,182.800,7.41,3,CC,0,3.7036,3.9262,1
audio16.TextGrid,37,2,no,182.800,182.970,6.35,2,DT,0,5.8238,5.4036,1
audio16.TextGrid,37,3,one,182.970,183.170,6.47,3,NN,0,6.7594,0.6511,1
audio16.TextGrid,37,4,to,183.170,183.330,7.43,2,TO,0,4.3714,5.9306,1
audio16.TextGrid,37,5,help,183.330,183.690,5.75,4,VB,0,6.6927,3.9356,1
audio16.TextGrid,37,6,either,183.690,183.930,5.33,3,DT,0,8.5571,7.8109,1
audio16.TextGrid,37,7,one,183.930,184.180,6.47,3,CD,0,6.8306,4.8043,1
audio16.TextGrid,37,8,of,184.180,184.310,7.4,2,IN,0,3.8457,0.6685,1
audio16.TextGrid,37,9,us,184.310,184.610,6.04,2,PRP,0,6.9086,0.0338,1
audio17.TextGrid,1,1,perhaps,0.910,1.320,5.09,6,RB,0,8.5270,5.7746,1
audio17.TextGrid,1,2,i,1.320,1.420,7.09,1,NN,0,6.3159,1.7744,1
audio17.TextGrid,1,3,should,1.420,1.660,5.99,3,MD,0,6.2533,1.8457,1
audio17.TextGrid,1,4,not,1.660,1.820,6.69,3,RB,0,6.1834,3.2311,1
audio17.TextGrid,1,5,have,1.820,1.910,6.71,3,VB,0,4.5945,1.5089,1
audio17.TextGrid,1,6,been,1.910,2.100,6.27,3,VBN,0,5.9577,1.9847,1
audio17.TextGrid,1,7,a,2.100,2.160,7.36,1,DT,0,3.9648,4.2955,1
audio17.TextGrid,1,8,fisherman,2.160,2.720,3.49,7,NN,1,4.1525,3.1227,1
audio17.TextGrid,1,9,he,2.970,3.090,6.69,2,PRP,0,6.6268,0.8404,1
audio17.TextGrid,1,10,thought,3.090,3.480,5.59,3,VBD,0,8.9025,0.1016,1
audio17.TextGrid,2,1,but,4.220,4.320,6.63,3,CC,0,5.3198,2.0027,1
audio17.TextGrid,2,2,that,4.320,4.590,7.01,3,DT,0,4.8264,3.6206,1
audio17.TextGrid,2,3,was,4.590,4.810,6.82,3,VBD,0,5.9688,1.4546,1
audio17.TextGrid,2,4,the,4.810,4.920,7.73,2,DT,0,2.4110,1.9074,1
audio17.TextGrid,2,5,thing,4.920,5.220,5.72,3,NN,0,7.5991,4.1591,1
audio17.TextGrid,2,6,that,5.220,5.340,7.01,3,IN,0,4.2077,2.2767,1
audio17.TextGrid,2,7,i,5.340,5.460,7.09,1,NN,0,5.7072,2.2789,1
audio17.TextGrid,2,8,was,5.460,5.660,6.82,3,VBD,0,5.0658,2.7366,1
audio17.TextGrid,2,9,born,5.660,6.030,5.09,4,VBN,0,11.3305,5.8696,1
audio17.TextGrid,3,1,for,6.030,6.360,7.01,3,IN,0,4.8270,2.0922,1
audio17.TextGrid,3,2,i,7.510,7.600,7.09,1,NN,0,5.4743,1.2948,1
audio17.TextGrid,3,3,must,7.600,7.910,5.68,4,MD,0,8.3947,2.9063,1
audio17.TextGrid,3,4,surely,7.910,8.370,4.55,5,RB,0,10.4451,7.3335,1
audio17.TextGrid,3,5,remember,8.370,8.790,5.38,7,VB,0,10.3228,3.5973,1
audio17.TextGrid,3,6,to,8.790,8.980,7.43,2,TO,0,3.5044,1.1588,1
audio17.TextGrid,3,7,eat,8.980,9.100,5.13,2,VB,0,10.0489,0.8306,1
audio17.TextGrid,3,8,the,9.100,9.220,7.73,2,DT,0,2.6956,0.9649,1
audio17.TextGrid,3,9,tuna,9.220,9.510,3.64,4,NN,1,4.1409,0.1943,1
audio17.TextGrid,3,10,after,9.510,9.940,6.11,4,IN,0,6.3319,5.6669,1
audio17.TextGrid,3,11,it,9.940,10.060,6.95,2,PRP,0,3.8220,2.7174,1
audio17.TextGrid,3,12,gets,10.060,10.350,5.25,4,VBZ,0,9.7202,6.6679,1
audio17.TextGrid,3,13,light,10.350,10.820,5.33,3,JJ,0,8.8444,7.5456,1
audio17.TextGrid,4,1,some,13.790,14.020,6.2,3,DT,0,5.3151,6.2658,1
audio17.TextGrid,4,2,time,14.020,14.300,6.29,3,NN,0,6.0572,2.3296,1
audio17.TextGrid,4,3,before,14.300,14.620,5.93,5,IN,0,7.6898,2.9223,1
audio17.TextGrid,4,4,daylight,14.620,15.170,3.84,5,JJ,1,5.3161,6.0960,1
audio17.TextGrid,4,5,something,15.170,15.540,5.81,6,NN,0,8.5461,7.2338,1
audio17.TextGrid,4,6,took,15.540,15.790,5.51,3,VBD,0,7.1808,5.8567,1
audio17.TextGrid,4,7,one,15.790,15.920,6.47,3,CD,0,6.4998,6.8478,1
audio17.TextGrid,4,8,of,15.920,16.000,7.4,2,IN,0,3.8706,0.5367,1
audio17.TextGrid,4,9,the,16.000,16.080,7.73,2,DT,0,1.7393,0.9452,1
audio17.TextGrid,4,10,baits,16.080,16.470,2.65,4,NNS,1,6.4185,9.3470,1
audio17.TextGrid,4,11,that,16.470,16.670,7.01,3,WDT,0,4.1994,3.1133,1
audio17.TextGrid,4,12,were,16.670,16.740,6.34,2,VBD,0,6.7781,3.3068,1
audio17.TextGrid,4,13,behind,16.740,17.210,5.29,6,IN,0,9.8006,7.9395,1
audio17.TextGrid,4,14,him,17.210,17.390,6.11,3,PRP,0,7.4094,2.9308,1
audio17.TextGrid,5,1,he,18.060,18.180,6.69,2,PRP,0,4.5353,2.3381,1
audio17.TextGrid,5,2,heard,18.180,18.350,5.27,3,VBD,0,8.5521,5.1978,1
audio17.TextGrid,5,3,the,18.350,18.440,7.73,2,DT,0,2.8378,1.2968,1
audio17.TextGrid,5,4,stick,18.440,18.740,4.76,4,JJ,0,14.5458,7.8769,1
audio17.TextGrid,5,5,break,18.820,19.160,5.18,4,NN,0,10.4579,4.8735,1
audio17.TextGrid,5,6,and,19.160,19.260,7.41,2,CC,0,4.0179,0.8802,1
audio17.TextGrid,5,7,the,19.260,19.340,7.73,2,DT,0,3.7832,2.1373,1
audio17.TextGrid,5,8,line,19.340,19.650,5.49,3,NN,0,7.6781,5.2508,1
audio17.TextGrid,5,9,begin,19.650,19.920,4.84,5,NN,0,8.6513,5.4292,1
audio17.TextGrid,5,10,to,19.920,20.050,7.43,2,TO,0,3.4427,0.1553,1
audio17.TextGrid,5,11,rush,20.050,20.320,4.48,3,VB,1,4.0449,7.9735,1
audio17.TextGrid,5,12,out,20.320,20.500,6.38,2,RP,0,5.6900,2.8763,1
audio17.TextGrid,5,13,over,20.500,20.670,6.08,3,IN,0,6.1821,4.9068,1
audio17.TextGrid,5,14,the,20.670,20.770,7.73,2,DT,0,1.7782,0.3508,1
audio17.TextGrid,5,15,gunwale,20.770,21.120,1.65,6,NN,1,4.1379,9.9447,1
audio17.TextGrid,5,16,of,21.120,21.190,7.4,2,IN,0,3.0250,4.0386,1
audio17.TextGrid,5,17,the,21.190,21.300,7.73,2,DT,0,1.7104,0.3391,1
audio17.TextGrid,5,18,skiff,21.300,21.630,2.63,4,NN,1,4.1369,8.3022,1
audio17.TextGrid,6,1,in,22.630,22.760,7.27,2,IN,0,4.1039,4.5779,1
audio17.TextGrid,6,2,the,22.760,22.830,7.73,2,DT,0,1.7509,1.2934,1
audio17.TextGrid,6,3,darkness,22.830,23.410,4.3,7,NN,1,4.1397,2.6450,1
audio17.TextGrid,6,4,he,23.410,23.550,6.69,2,PRP,0,5.3963,1.9545,1
audio17.TextGrid,6,5,loosened,23.550,24.010,2.98,6,VBD,1,3.4178,10.8305,1
audio17.TextGrid,6,6,his,24.010,24.170,6.51,3,PRP$,0,6.0741,0.7898,1
audio17.TextGrid,6,7,sheath,24.170,24.550,3.16,3,NN,1,4.2521,9.6919,1
audio17.TextGrid,6,8,knife,24.550,24.950,4.41,3,NN,0,11.4696,9.2854,1
audio17.TextGrid,6,9,and,24.950,25.150,7.41,3,CC,0,4.3448,0.5698,1
audio17.TextGrid,6,10,taking,25.150,25.470,5.39,5,VBG,0,9.0303,8.8887,1
audio17.TextGrid,6,11,all,25.470,25.680,6.52,2,PDT,0,6.1408,6.1188,1
audio17.TextGrid,6,12,the,25.680,25.790,7.73,2,DT,0,3.9481,0.5868,1
audio17.TextGrid,6,13,strain,25.790,26.170,4.15,5,NN,0,10.9801,8.6825,1
audio17.TextGrid,6,14,of,26.170,26.260,7.4,2,IN,0,3.1437,1.4182,1
audio17.TextGrid,6,15,the,26.260,26.360,7.73,2,DT,0,1.7008,1.4132,1
audio17.TextGrid,6,16,fish,26.360,26.640,4.9,3,NN,1,4.1357,4.0293,1
audio17.TextGrid,6,17,on,26.640,26.760,6.91,2,IN,0,4.6260,4.3589,1
audio17.TextGrid,6,18,his,26.760,26.940,6.51,3,PRP$,0,5.3101,0.7508,1
audio17.TextGrid,6,19,left,26.940,27.190,5.62,4,JJ,0,10.8398,4.1145,1
audio17.TextGrid,6,20,shoulder,27.190,27.580,4.5,5,NN,0,9.1581,3.0295,1
audio17.TextGrid,6,21,he,27.960,28.080,6.69,2,PRP,0,6.4510,2.4134,1
audio17.TextGrid,6,22,leaned,28.080,28.370,3.41,4,VBD,1,4.0462,5.7424,1
audio17.TextGrid,6,23,back,28.370,28.760,6.04,3,RB,0,7.0438,2.1788,1
audio17.TextGrid,6,24,and,28.760,28.940,7.41,3,CC,0,4.0002,1.4424,1
audio17.TextGrid,6,25,cut,28.940,29.130,5.24,3,VBD,0,7.1450,6.0659,1
audio17.TextGrid,6,26,the,29.130,29.260,7.73,2,DT,0,2.4294,1.1944,1
audio17.TextGrid,6,27,line,29.260,29.540,5.49,3,NN,0,7.6732,1.4331,1
audio17.TextGrid,6,28,against,29.540,29.850,5.68,6,IN,0,7.2720,6.8882,1
audio17.TextGrid,6,29,the,29.850,29.920,7.73,2,DT,0,1.6973,0.3213,1
audio17.TextGrid,6,30,wood,29.920,30.130,4.78,3,NN,0,9.9451,4.5197,1
audio17.TextGrid,6,31,of,30.130,30.210,7.4,2,IN,0,4.1203,2.1293,1
audio17.TextGrid,6,32,the,30.210,30.310,7.73,2,DT,0,1.6905,0.1514,1
audio17.TextGrid,6,33,gunwale,30.310,30.710,1.65,6,NN,1,4.1350,3.3179,1
audio17.TextGrid,7,1,then,31.420,31.600,6.07,3,RB,0,7.4856,2.7253,1
audio17.TextGrid,7,2,he,31.600,31.770,6.69,2,PRP,0,5.3385,0.7474,1
audio17.TextGrid,7,3,cut,31.770,31.990,5.24,3,VBD,0,6.6319,4.0733,1
audio17.TextGrid,7,4,the,31.990,32.160,7.73,2,DT,0,2.4164,0.9492,1
audio17.TextGrid,7,5,other,32.160,32.330,6.16,3,JJ,0,5.7844,4.8323,1
audio17.TextGrid,7,6,line,32.330,32.630,5.49,3,NN,0,7.5240,1.3336,1
audio17.TextGrid,7,7,closest,32.630,33.090,4.21,7,JJS,1,7.6641,9.6180,1
audio17.TextGrid,7,8,to,33.090,33.340,7.43,2,TO,0,5.4479,0.0930,1
audio17.TextGrid,7,9,him,33.340,33.490,6.11,2,PRP,0,7.8044,1.2065,1
audio17.TextGrid,7,10,and,33.890,34.020,7.41,3,CC,0,4.4349,0.9960,1
audio17.TextGrid,7,11,in,34.020,34.100,7.27,2,IN,0,4.3253,5.0842,1
audio17.TextGrid,7,12,the,34.100,34.190,7.73,2,DT,0,1.7342,1.4658,1
audio17.TextGrid,7,13,dark,34.190,34.550,5.04,4,NN,0,10.7223,3.7336,1
audio17.TextGrid,7,14,made,34.550,34.800,5.92,3,VBD,0,9.4368,6.7757,1
audio17.TextGrid,7,15,the,34.800,34.890,7.73,2,DT,0,3.6837,1.7647,1
audio17.TextGrid,7,16,loose,34.890,35.210,4.46,3,JJ,0,10.7291,8.1317,1
audio17.TextGrid,7,17,ends,35.210,35.530,4.75,4,NNS,0,10.3615,3.9632,1
audio17.TextGrid,7,18,of,35.530,35.600,7.4,2,IN,0,2.7628,0.6421,1
audio17.TextGrid,7,19,the,35.600,35.700,7.73,2,DT,0,1.6975,0.3203,1
audio17.TextGrid,7,20,reserve,35.700,36.140,4.6,5,NN,0,8.8183,11.0189,1
audio17.TextGrid,7,21,coils,36.140,36.640,3.36,4,VBZ,1,5.7832,9.5068,1
audio17.TextGrid,7,22,fast,36.640,37.200,5.13,4,RB,0,9.6780,5.3599,1
audio17.TextGrid,8,1,he,37.880,37.970,6.69,2,PRP,0,4.5353,1.8300,1
audio17.TextGrid,8,2,worked,37.970,38.260,5.16,4,VBD,0,7.9183,6.1224,1
audio17.TextGrid,8,3,skillfully,38.260,38.940,2.84,8,RB,1,4.6576,10.7482,1
audio17.TextGrid,8,4,with,38.940,39.110,6.85,3,IN,0,5.2110,3.1167,1
audio17.TextGrid,8,5,the,39.110,39.190,7.73,2,DT,0,1.7338,0.9833,1
audio17.TextGrid,8,6,one,39.190,39.490,6.47,3,CD,0,6.6478,6.4160,1
audio17.TextGrid,8,7,hand,39.490,39.880,5.41,4,NN,0,8.9514,2.1174,1
audio17.TextGrid,9,1,and,40.310,40.380,7.41,2,CC,0,3.7036,1.0496,1
audio17.TextGrid,9,2,put,40.380,40.600,5.66,3,VB,0,9.8767,6.5308,1
audio17.TextGrid,9,3,his,40.600,40.780,6.51,3,PRP$,0,6.3939,1.8663,1
audio17.TextGrid,9,4,foot,40.780,40.950,4.87,3,NN,0,9.5649,4.7634,1
audio17.TextGrid,9,5,on,40.950,41.080,6.91,2,IN,0,5.3145,1.3080,1
audio17.TextGrid,9,6,the,41.080,41.140,7.73,2,DT,0,1.7115,0.3383,1
audio17.TextGrid,9,7,coils,41.140,41.650,3.36,4,NNS,1,6.4462,11.0188,1
audio17.TextGrid,9,8,to,41.650,41.760,7.43,2,TO,0,3.4273,2.9567,1
audio17.TextGrid,9,9,hold,41.760,41.990,5.19,4,VB,0,8.2430,3.1917,1
audio17.TextGrid,9,10,them,41.990,42.140,6.19,3,PRP,0,6.6132,0.8906,1
audio17.TextGrid,9,11,as,42.140,42.250,6.77,2,IN,0,4.4677,4.4333,1
audio17.TextGrid,9,12,he,42.250,42.340,6.69,2,PRP,0,4.5094,2.1312,1
audio17.TextGrid,9,13,drew,42.340,42.520,4.46,3,VBD,0,10.7993,3.9567,1
audio17.TextGrid,9,14,his,42.520,42.750,6.51,3,PRP$,0,6.3677,2.8785,1
audio17.TextGrid,9,15,knots,42.750,43.100,3.63,4,NNS,1,5.5642,8.1759,1
audio17.TextGrid,9,16,tight,43.100,43.480,4.57,3,VBD,0,10.0467,5.4071,1
audio17.TextGrid,10,1,now,44.700,45.040,6.18,2,RB,0,6.7634,4.5184,1
audio17.TextGrid,10,2,he,45.040,45.180,6.69,2,PRP,0,5.3385,1.3826,1
audio17.TextGrid,10,3,had,45.180,45.360,6.33,3,VBD,0,4.7513,2.5452,1
audio17.TextGrid,10,4,six,45.360,45.770,5.29,4,CD,0,8.0657,7.3259,1
audio17.TextGrid,10,5,reserve,45.770,46.180,4.6,5,NN,0,10.1299,8.9253,1
audio17.TextGrid,10,6,coils,46.180,46.680,3.36,4,NNS,1,7.2048,0.5353,1
audio17.TextGrid,10,7,of,46.680,46.800,7.4,2,IN,0,3.0377,2.8440,1
audio17.TextGrid,10,8,line,46.800,47.260,5.49,3,NN,0,9.3089,6.1921,1
audio17.TextGrid,11,1,there,47.980,48.100,6.31,3,EX,0,5.7321,4.4732,1
audio17.TextGrid,11,2,were,48.100,48.220,6.34,2,VBD,0,4.5868,1.1481,1
audio17.TextGrid,11,3,two,48.220,48.570,6.1,2,CD,0,6.8028,2.1883,1
audio17.TextGrid,11,4,from,48.570,48.800,6.63,3,IN,0,5.7378,5.8568,1
audio17.TextGrid,11,5,each,48.800,49.120,5.69,2,DT,0,6.3850,0.9669,1
audio17.TextGrid,11,6,bait,49.140,49.400,3.85,3,NN,1,4.1370,8.9543,1
audio17.TextGrid,11,7,he,49.400,49.490,6.69,2,PRP,0,6.8816,4.2610,1
audio17.TextGrid,11,8,had,49.490,49.640,6.33,3,VBD,0,5.4743,1.2451,1
audio17.TextGrid,11,9,severed,49.640,50.080,3.53,5,VBN,1,6.3539,9.5466,1
audio17.TextGrid,11,10,and,50.080,50.200,7.41,2,CC,0,4.1222,1.1035,1
audio17.TextGrid,11,11,the,50.200,50.290,7.73,2,DT,0,3.4183,2.3795,1
audio17.TextGrid,11,12,two,50.290,50.530,6.1,2,CD,0,7.2610,3.8551,1
audio17.TextGrid,11,13,from,50.530,50.740,6.63,4,IN,0,6.1472,1.3945,1
audio17.TextGrid,11,14,the,50.740,50.810,7.73,2,DT,0,1.7406,1.0254,1
audio17.TextGrid,11,15,bait,50.810,51.070,3.85,3,NN,1,4.1425,4.7225,1
audio17.TextGrid,11,16,the,51.070,51.180,7.73,2,DT,0,3.9369,4.8150,1
audio17.TextGrid,11,17,fish,51.180,51.400,4.9,3,NN,1,4.1431,3.2291,1
audio17.TextGrid,11,18,had,51.400,51.570,6.33,3,VBD,0,5.8251,0.5742,1
audio17.TextGrid,11,19,taken,51.570,51.900,5.33,5,VBN,0,8.5702,2.9096,1
audio17.TextGrid,12,1,and,52.500,52.600,7.41,2,CC,0,3.7036,3.1510,1
audio17.TextGrid,12,2,they,52.600,52.700,6.5,2,PRP,0,4.8877,3.9333,1
audio17.TextGrid,12,3,were,52.700,52.830,6.34,2,VBD,0,4.5038,0.8057,1
audio17.TextGrid,12,4,all,52.830,53.020,6.52,2,DT,0,6.1523,2.5967,1
audio17.TextGrid,12,5,connected,53.020,53.700,4.68,8,VBN,0,11.4892,4.9981,1
audio17.TextGrid,13,1,after,54.990,55.330,6.11,4,IN,0,7.0701,4.8547,1
audio17.TextGrid,13,2,it,55.330,55.420,6.95,2,PRP,0,3.8725,4.9487,1
audio17.TextGrid,13,3,is,55.420,55.580,7.07,2,VBZ,0,4.8058,6.4441,1
audio17.TextGrid,13,4,light,55.580,55.950,5.33,3,JJ,0,8.8314,3.5064,1
audio17.TextGrid,13,5,he,55.950,56.050,6.69,2,PRP,0,6.4220,1.4435,1
audio17.TextGrid,13,6,thought,56.050,56.590,5.59,3,VBD,0,8.2101,5.2208,1
audio17.TextGrid,13,7,i,56.590,56.660,7.09,1,NN,0,6.2792,2.4880,1
audio17.TextGrid,13,8,will,56.660,56.850,6.45,3,MD,0,5.1763,1.4103,1
audio17.TextGrid,13,9,work,56.850,57.080,5.96,3,VB,0,7.5048,5.2008,1
audio17.TextGrid,13,10,back,57.080,57.330,6.04,3,RB,0,7.0783,7.1049,1
audio17.TextGrid,13,11,to,57.350,57.450,7.43,2,TO,0,3.4239,1.8264,1
audio17.TextGrid,13,12,the,57.450,57.550,7.73,2,DT,0,2.3869,0.9697,1
audio17.TextGrid,13,13,forty,57.550,57.900,4.2,5,NN,1,4.1361,11.0944,1
audio17.TextGrid,13,14,fathom,57.900,58.260,3.25,5,NN,1,5.3988,11.4027,1
audio17.TextGrid,13,15,bait,58.260,58.590,3.85,3,NN,1,5.6191,7.2124,1
audio17.TextGrid,13,16,and,58.590,58.700,7.41,2,CC,0,4.0120,1.5807,1
audio17.TextGrid,13,17,cut,58.700,58.950,5.24,3,VB,0,8.2071,3.4198,1
audio17.TextGrid,13,18,it,58.950,59.050,6.95,2,PRP,0,4.5960,1.8957,1
audio17.TextGrid,13,19,away,59.050,59.290,5.62,3,RB,0,8.1523,5.0055,1
audio17.TextGrid,13,20,too,59.290,59.630,5.95,2,RB,0,7.3339,6.1846,1
audio17.TextGrid,13,21,and,59.630,59.810,7.41,3,CC,0,3.7949,3.2020,1
audio17.TextGrid,13,22,link,59.810,60.010,4.99,4,VB,0,10.1789,8.8210,1
audio17.TextGrid,13,23,up,60.010,60.110,6.39,2,RP,0,5.1200,2.7298,1
audio17.TextGrid,13,24,the,60.110,60.220,7.73,2,DT,0,2.5447,0.6448,1
audio17.TextGrid,13,25,reserve,60.220,60.590,4.6,5,NN,0,8.8291,2.7519,1
audio17.TextGrid,13,26,coils,60.590,61.140,3.36,4,NNS,1,6.9871,0.4110,1
audio17.TextGrid,14,1,i,61.140,61.170,7.09,1,NN,0,5.5144,2.0707,1
audio17.TextGrid,14,2,will,62.360,62.570,6.45,3,MD,0,4.2229,1.1125,1
audio17.TextGrid,14,3,have,62.570,62.700,6.71,3,VB,0,3.8742,3.5119,1
audio17.TextGrid,14,4,lost,62.700,62.960,5.39,4,VBN,0,8.1957,7.6128,1
audio17.TextGrid,14,5,two,62.960,63.110,6.1,2,CD,0,6.9472,3.8661,1
audio17.TextGrid,14,6,hundred,63.110,63.400,4.71,5,JJ,0,8.6119,2.6766,1
audio17.TextGrid,14,7,fathoms,63.400,63.810,2.49,6,NNS,1,6.1706,5.9852,1
audio17.TextGrid,14,8,of,63.810,63.930,7.4,2,IN,0,2.8876,1.5962,1
audio17.TextGrid,14,9,good,63.930,64.260,6.12,3,JJ,0,7.4428,7.9525,1
audio17.TextGrid,14,10,catalan,64.260,64.730,3.42,7,NN,1,4.5920,17.1920,1
audio17.TextGrid,14,11,cardel,64.730,65.460,0.0,6,NN,1,5.4743,16.8461,1
audio17.TextGrid,14,12,and,65.760,65.880,7.41,2,CC,0,4.2710,1.8130,1
audio17.TextGrid,14,13,the,65.880,65.990,7.73,2,DT,0,2.4558,3.3735,1
audio17.TextGrid,14,14,hooks,65.990,66.280,3.65,4,NNS,1,6.4648,9.8430,1
audio17.TextGrid,14,15,and,66.280,66.430,7.41,3,CC,0,4.2540,2.2247,1
audio17.TextGrid,14,16,leaders,66.430,66.980,4.81,5,NNS,0,8.7597,11.0327,1
audio17.TextGrid,15,1,that,67.550,67.710,7.01,3,DT,0,4.4338,4.0097,1
audio17.TextGrid,15,2,can,67.710,67.850,6.46,3,MD,0,7.0367,5.9594,1
audio17.TextGrid,15,3,be,67.850,68.010,6.79,2,VB,0,3.7221,1.5088,1
audio17.TextGrid,15,4,replaced,68.010,68.630,4.55,7,VBN,0,9.6682,5.8974,1
audio17.TextGrid,16,1,but,69.240,69.430,6.63,3,CC,0,5.3198,2.9611,1
audio17.TextGrid,16,2,who,69.430,69.570,6.34,2,WP,0,6.8356,6.3303,1
audio17.TextGrid,16,3,replaces,69.570,70.190,3.63,8,VBZ,1,3.8051,8.3476,1
audio17.TextGrid,16,4,this,70.190,70.450,6.82,3,DT,0,5.4501,4.3765,1
audio17.TextGrid,16,5,fish,70.450,70.780,4.9,3,JJ,1,5.0721,3.7004,1
audio17.TextGrid,16,6,if,70.780,70.910,6.47,2,IN,0,7.4901,4.4700,1
audio17.TextGrid,16,7,i,70.910,71.040,7.09,1,JJ,0,5.4475,1.5654,1
audio17.TextGrid,16,8,hook,71.040,71.250,4.37,3,VBP,0,11.0271,10.0101,1
audio17.TextGrid,16,9,some,71.250,71.480,6.2,3,DT,0,6.7116,6.4425,1
audio17.TextGrid,16,10,fish,71.480,71.780,4.9,3,NN,1,4.1655,4.1589,1
audio17.TextGrid,16,11,and,71.780,71.910,7.41,3,CC,0,4.2929,2.1135,1
audio17.TextGrid,16,12,it,71.910,72.010,6.95,2,PRP,0,4.1933,4.2901,1
audio17.TextGrid,16,13,cuts,72.010,72.270,4.42,4,VBZ,0,11.5658,5.5948,1
audio17.TextGrid,16,14,him,72.270,72.400,6.11,2,PRP,0,9.4680,4.0042,1
audio17.TextGrid,16,15,off,72.400,72.750,5.93,2,RP,0,7.8616,1.5636,1
audio17.TextGrid,17,1,i,73.520,73.620,7.09,1,JJ,0,5.5144,2.0412,1
audio17.TextGrid,17,2,don,73.620,73.780,4.6,3,VBP,0,12.6352,3.6099,1
audio17.TextGrid,17,3,t,73.780,73.810,5.43,1,NN,1,5.4864,0.0006,1
audio17.TextGrid,17,4,know,73.810,73.940,6.1,2,VBP,0,7.8352,0.6523,1
audio17.TextGrid,17,5,what,73.940,74.100,6.38,3,WP,0,6.9355,2.8751,1
audio17.TextGrid,17,6,that,74.100,74.330,7.01,3,IN,0,5.9282,3.5180,1
audio17.TextGrid,17,7,fish,74.330,74.570,4.9,3,NN,1,5.1125,2.2712,1
audio17.TextGrid,17,8,was,74.570,74.860,6.82,3,VBD,0,4.3955,2.9197,1
audio17.TextGrid,17,9,that,74.860,75.050,7.01,3,IN,0,4.2043,3.1376,1
audio17.TextGrid,17,10,took,75.050,75.160,5.51,3,VBD,0,8.4279,4.1594,1
audio17.TextGrid,17,11,the,75.160,75.270,7.73,2,DT,0,2.3786,1.6947,1
audio17.TextGrid,17,12,bait,75.270,75.520,3.85,3,NN,1,4.1382,1.5571,1
audio17.TextGrid,17,13,just,75.520,75.770,6.43,4,RB,0,7.4466,6.8183,1
audio17.TextGrid,17,14,now,75.770,76.080,6.18,2,RB,0,6.2681,0.6158,1
audio17.TextGrid,17,15,it,76.080,76.140,6.95,2,PRP,0,5.7919,2.3753,1
audio17.TextGrid,18,1,could,76.540,76.720,6.06,3,MD,0,9.2009,3.9125,1
audio17.TextGrid,18,2,have,76.720,76.850,6.71,3,VB,0,3.8812,0.7376,1
audio17.TextGrid,18,3,been,76.850,77.010,6.27,3,VBN,0,5.9132,0.3901,1
audio17.TextGrid,18,4,a,77.010,77.050,7.36,1,DT,0,3.8422,1.5696,1
audio17.TextGrid,18,5,marlin,77.050,77.540,3.01,6,NN,1,4.1510,5.4676,1
audio17.TextGrid,18,6,or,77.540,77.660,6.54,2,CC,0,5.5191,1.3644,1
audio17.TextGrid,18,7,a,77.660,77.710,7.36,1,DT,0,3.0833,0.6617,1
audio17.TextGrid,18,8,broadbill,77.710,78.360,1.17,7,NN,1,4.1377,14.2069,1
audio17.TextGrid,18,9,or,78.360,78.500,6.54,2,CC,0,5.9977,1.6855,1
audio17.TextGrid,18,10,a,78.500,78.530,7.36,1,DT,0,3.0204,0.7214,1
audio17.TextGrid,18,11,shark,78.530,79.000,4.1,4,NN,1,4.1377,5.6529,1
audio17.TextGrid,19,1,i,79.580,79.690,7.09,1,NN,0,5.5144,1.9017,1
audio17.TextGrid,19,2,never,79.690,79.940,5.91,4,RB,0,8.6695,4.4711,1
audio17.TextGrid,19,3,felt,79.940,80.270,5.13,4,VBD,0,8.8093,5.0332,1
audio17.TextGrid,19,4,him,80.270,80.460,6.11,2,PRP,0,8.3384,6.9040,1
audio17.TextGrid,20,1,i,81.230,81.350,7.09,1,NN,0,5.5144,1.3663,1
audio17.TextGrid,20,2,had,81.350,81.480,6.33,3,VBD,0,4.7246,3.0107,1
audio17.TextGrid,20,3,to,81.480,81.540,7.43,2,TO,0,3.3517,2.6425,1
audio17.TextGrid,20,4,get,81.540,81.720,6.28,3,VB,0,5.9499,3.3970,1
audio17.TextGrid,20,5,rid,81.720,81.840,4.5,3,JJ,1,5.7353,2.2330,1
audio17.TextGrid,20,6,of,81.840,81.930,7.4,2,IN,0,3.7361,0.0137,1
audio17.TextGrid,20,7,him,81.930,82.060,6.11,2,PRP,0,7.3840,1.1710,1
audio17.TextGrid,20,8,too,82.060,82.250,5.95,2,RB,0,8.1524,5.0172,1
audio17.TextGrid,20,9,fast,82.250,82.840,5.13,4,RB,0,9.6127,4.8936,1
audio17.TextGrid,21,1,aloud,83.910,84.360,3.51,4,NN,1,5.9246,15.5281,1
audio17.TextGrid,21,2,he,84.360,84.490,6.69,2,PRP,0,7.2668,2.6090,1
audio17.TextGrid,21,3,said,84.490,84.760,6.01,3,VBD,0,3.5781,2.8549,1
audio17.TextGrid,21,4,i,85.400,85.510,7.09,1,JJ,0,6.1749,1.5649,1
audio17.TextGrid,21,5,wish,85.510,85.790,5.18,3,JJ,0,9.8843,3.9028,1
audio17.TextGrid,21,6,i,85.790,85.950,7.09,1,NN,0,6.0942,1.1433,1
audio17.TextGrid,21,7,had,85.950,86.160,6.33,3,VBD,0,6.4907,1.0005,1
audio17.TextGrid,21,8,the,86.160,86.250,7.73,2,DT,0,2.4527,2.9335,1
audio17.TextGrid,21,9,boy,86.250,86.630,5.17,2,NN,0,10.2396,4.1336,1
audio17.TextGrid,22,1,but,88.230,88.410,6.63,3,CC,0,5.3198,3.5499,1
audio17.TextGrid,22,2,you,88.410,88.500,6.98,2,PRP,0,5.9151,5.4868,1
audio17.TextGrid,22,3,haven,88.500,88.710,4.13,5,VBP,0,12.1224,6.8509,1
audio17.TextGrid,22,4,t,88.710,88.740,5.43,1,NNS,1,7.1755,0.0007,1
audio17.TextGrid,22,5,got,88.740,88.970,5.91,3,VBD,0,7.2853,2.0547,1
audio17.TextGrid,22,6,the,88.970,89.060,7.73,2,DT,0,2.6227,2.2503,1
audio17.TextGrid,22,7,boy,89.060,89.390,5.17,2,NN,0,10.2421,0.3683,1
audio17.TextGrid,22,8,he,89.600,89.720,6.69,2,PRP,0,6.8460,1.2350,1
audio17.TextGrid,22,9,thought,89.720,90.100,5.59,3,VBD,0,8.6924,0.3309,1
audio17.TextGrid,22,10,you,90.450,90.590,6.98,2,PRP,0,6.4957,2.4561,1
audio17.TextGrid,22,11,have,90.590,90.760,6.71,3,VBP,0,5.0408,1.4518,1
audio17.TextGrid,22,12,only,90.760,90.990,6.12,4,RB,0,6.1236,3.4847,1
audio17.TextGrid,22,13,yourself,90.990,91.580,5.31,6,PRP,0,11.1620,6.4733,1
audio17.TextGrid,22,14,and,91.580,91.710,7.41,3,CC,0,4.2706,1.8516,1
audio17.TextGrid,22,15,you,91.710,91.810,6.98,2,PRP,0,6.4243,2.5961,1
audio17.TextGrid,22,16,had,91.810,91.930,6.33,3,VBD,0,5.2704,5.6290,1
audio17.TextGrid,22,17,better,91.930,92.140,5.76,4,JJR,0,8.0581,4.6613,1
audio17.TextGrid,22,18,work,92.140,92.400,5.96,3,NN,0,8.8693,4.6225,1
audio17.TextGrid,22,19,back,92.400,92.640,6.04,3,RB,0,7.6579,5.5762,1
audio17.TextGrid,22,20,to,92.640,92.740,7.43,2,TO,0,3.4632,0.5352,1
audio17.TextGrid,22,21,the,92.740,92.820,7.73,2,DT,0,2.3958,0.5992,1
audio17.TextGrid,22,22,last,92.820,93.180,5.86,4,JJ,0,6.0991,6.9270,1
audio17.TextGrid,22,23,line,93.180,93.430,5.49,3,NN,0,7.5426,2.0761,1
audio17.TextGrid,22,24,now,93.430,93.760,6.18,2,RB,0,6.9854,5.5888,1
audio17.TextGrid,22,25,in,93.970,94.100,7.27,2,IN,0,3.6757,4.8495,1
audio17.TextGrid,22,26,the,94.100,94.240,7.73,2,DT,0,1.7469,0.6495,1
audio17.TextGrid,22,27,dark,94.240,94.580,5.04,4,NN,0,10.7252,1.7159,1
audio17.TextGrid,22,28,or,94.580,94.680,6.54,2,CC,0,5.5873,4.9797,1
audio17.TextGrid,22,29,not,94.680,94.890,6.69,3,RB,0,7.0393,3.3034,1
audio17.TextGrid,22,30,in,94.890,95.000,7.27,2,IN,0,4.1203,3.9569,1
audio17.TextGrid,22,31,the,95.000,95.070,7.73,2,DT,0,1.8665,0.1874,1
audio17.TextGrid,22,32,dark,95.070,95.420,5.04,4,NN,0,10.7293,0.4201,1
audio17.TextGrid,23,1,and,95.920,96.050,7.41,2,CC,0,3.7036,1.4351,1
audio17.TextGrid,23,2,cut,96.050,96.290,5.24,3,VB,0,9.7508,4.9049,1
audio17.TextGrid,23,3,it,96.290,96.390,6.95,2,PRP,0,4.7951,2.0417,1
audio17.TextGrid,23,4,away,96.390,96.770,5.62,3,RB,0,8.1868,1.7179,1
audio17.TextGrid,23,5,and,96.770,96.920,7.41,2,CC,0,3.8045,2.6113,1
audio17.TextGrid,23,6,hook,96.920,97.120,4.37,3,VB,0,11.8691,5.7604,1
audio17.TextGrid,23,7,up,97.120,97.220,6.39,2,RP,0,6.7136,2.0893,1
audio17.TextGrid,23,8,the,97.220,97.310,7.73,2,DT,0,2.4037,0.5182,1
audio17.TextGrid,23,9,two,97.310,97.470,6.1,2,CD,0,7.2568,4.4688,1
audio17.TextGrid,23,10,reserve,97.470,97.880,4.6,5,NN,0,9.5113,0.6480,1
audio17.TextGrid,23,11,coils,97.880,98.480,3.36,4,NNS,1,6.9403,0.1765,1
audio17.TextGrid,24,1,so,100.120,100.390,6.52,2,RB,0,6.6130,4.3447,1
audio17.TextGrid,24,2,he,100.390,100.500,6.69,2,PRP,0,5.1150,1.5949,1
audio17.TextGrid,24,3,did,100.500,100.700,5.96,3,VBD,0,6.0417,2.6889,1
audio17.TextGrid,24,4,it,100.700,100.910,6.95,2,PRP,0,4.5293,2.8805,1
audio17.TextGrid,25,1,it,101.510,101.670,6.95,2,PRP,0,3.8912,3.2876,1
audio17.TextGrid,25,2,was,101.670,101.810,6.82,3,VBD,0,3.9158,0.9765,1
audio17.TextGrid,25,3,difficult,101.810,102.340,5.07,8,JJ,0,9.5788,5.5673,1
audio17.TextGrid,25,4,in,102.340,102.430,7.27,2,IN,0,3.8479,4.6572,1
audio17.TextGrid,25,5,the,102.430,102.540,7.73,2,DT,0,1.7033,0.9749,1
audio17.TextGrid,25,6,dark,102.540,103.020,5.04,4,NN,0,10.7249,0.6744,1
audio17.TextGrid,25,7,and,103.020,103.140,7.41,2,CC,0,3.9237,2.3814,1
audio17.TextGrid,25,8,once,103.140,103.470,5.53,4,RB,0,9.1693,7.1329,1
audio17.TextGrid,25,9,the,103.470,103.570,7.73,2,DT,0,3.4895,2.0791,1
audio17.TextGrid,25,10,fish,103.570,103.850,4.9,3,NN,1,4.3379,1.9949,1
audio17.TextGrid,25,11,made,103.850,104.040,5.92,3,VBD,0,7.6057,4.9383,1
audio17.TextGrid,25,12,a,104.040,104.090,7.36,1,DT,0,3.7203,2.7484,1
audio17.TextGrid,25,13,surge,104.090,104.560,3.82,3,NN,0,8.6320,7.7692,1
audio17.TextGrid,25,14,that,104.560,104.730,7.01,3,WDT,0,4.1025,4.1619,1
audio17.TextGrid,25,15,pulled,104.770,105.000,4.67,4,VBD,0,12.0500,5.3449,1
audio17.TextGrid,25,16,him,105.000,105.120,6.11,2,PRP,0,8.0610,1.2770,1
audio17.TextGrid,25,17,down,105.120,105.340,5.88,3,RP,0,6.6313,3.5582,1
audio17.TextGrid,25,18,on,105.340,105.460,6.91,2,IN,0,5.1445,4.1821,1
audio17.TextGrid,25,19,his,105.460,105.650,6.51,3,PRP$,0,5.3516,1.2173,1
audio17.TextGrid,25,20,face,105.650,105.970,5.45,3,NN,0,8.0497,3.5742,1
audio17.TextGrid,25,21,and,105.970,106.170,7.41,3,CC,0,4.0575,1.4505,1
audio17.TextGrid,25,22,made,106.170,106.360,5.92,3,VBD,0,7.4626,3.8896,1
audio17.TextGrid,25,23,a,106.360,106.400,7.36,1,DT,0,3.6323,3.2848,1
audio17.TextGrid,25,24,cut,106.400,106.690,5.24,3,NN,0,8.9517,6.1900,1
audio17.TextGrid,25,25,below,106.710,107.010,5.05,4,IN,0,7.2647,6.7167,1
audio17.TextGrid,25,26,his,107.010,107.180,6.51,3,PRP$,0,5.3280,0.7045,1
audio17.TextGrid,25,27,eye,107.180,107.470,5.02,1,NN,0,9.2583,3.2832,1
audio17.TextGrid,26,1,the,108.130,108.210,7.73,2,DT,0,1.8241,2.4803,1
audio17.TextGrid,26,2,blood,108.210,108.490,5.1,4,NN,0,9.1367,6.6187,1
audio17.TextGrid,26,3,ran,108.490,108.680,4.87,3,VBD,0,8.2927,2.9169,1
audio17.TextGrid,26,4,down,108.680,108.930,5.88,3,RP,0,6.3441,1.2141,1
audio17.TextGrid,26,5,his,108.930,109.130,6.51,3,PRP$,0,6.1841,0.4029,1
audio17.TextGrid,26,6,cheek,109.130,109.400,3.96,3,NN,1,4.2567,2.0512,1
audio17.TextGrid,26,7,a,109.400,109.450,7.36,1,DT,0,4.9267,6.0176,1
audio17.TextGrid,26,8,little,109.450,109.700,5.75,5,JJ,0,7.8056,0.9356,1
audio17.TextGrid,26,9,way,109.700,109.970,6.01,2,NN,0,6.8262,5.2215,1
audio17.TextGrid,27,1,but,110.850,111.000,6.63,3,CC,0,5.3198,2.8701,1
audio17.TextGrid,27,2,it,111.000,111.100,6.95,2,PRP,0,4.1006,2.4723,1
audio17.TextGrid,27,3,coagulated,111.100,111.840,2.08,11,VBD,1,3.3495,12.0302,1
audio17.TextGrid,27,4,and,111.840,111.970,7.41,2,CC,0,3.9958,1.6448,1
audio17.TextGrid,27,5,dried,111.970,112.350,4.04,4,VBD,1,3.3061,4.4456,1
audio17.TextGrid,27,6,before,112.350,112.670,5.93,5,IN,0,7.1378,5.1737,1
audio17.TextGrid,27,7,it,112.670,112.800,6.95,2,PRP,0,4.0605,1.5626,1
audio17.TextGrid,27,8,reached,112.800,113.090,4.85,4,VBD,0,8.4088,3.9715,1
audio17.TextGrid,27,9,his,113.090,113.240,6.51,3,PRP$,0,6.5119,0.7509,1
audio17.TextGrid,27,10,chin,113.240,113.650,4.0,3,NN,1,4.2237,4.3498,1
audio17.TextGrid,28,1,and,114.290,114.370,7.41,2,CC,0,3.7036,1.4822,1
audio17.TextGrid,28,2,he,114.370,114.440,6.69,2,PRP,0,4.7461,1.6884,1
audio17.TextGrid,28,3,worked,114.440,114.690,5.16,4,VBD,0,7.8853,6.6511,1
audio17.TextGrid,28,4,his,114.690,114.830,6.51,3,PRP$,0,6.1855,2.2673,1
audio17.TextGrid,28,5,way,114.830,114.990,6.01,2,NN,0,6.9428,0.4768,1
audio17.TextGrid,28,6,back,114.990,115.250,6.04,3,RB,0,8.2284,1.3593,1
audio17.TextGrid,28,7,to,115.250,115.320,7.43,2,TO,0,3.6383,0.9477,1
audio17.TextGrid,28,8,the,115.320,115.410,7.73,2,DT,0,2.4173,0.3905,1
audio17.TextGrid,28,9,bow,115.410,115.770,4.3,2,NN,1,4.1363,4.2629,1
audio17.TextGrid,28,10,and,115.770,115.900,7.41,3,CC,0,4.3295,1.5661,1
audio17.TextGrid,28,11,rested,115.900,116.250,3.59,6,VBN,1,6.5203,7.5393,1
audio17.TextGrid,28,12,against,116.250,116.550,5.68,6,IN,0,6.9081,3.5503,1
audio17.TextGrid,28,13,the,116.550,116.630,7.73,2,DT,0,1.6773,0.2565,1
audio17.TextGrid,28,14,wood,116.630,117.030,4.78,3,NN,0,9.9463,3.9852,1
audio17.TextGrid,29,1,he,117.830,117.970,6.69,2,PRP,0,4.5353,1.8081,1
audio17.TextGrid,29,2,adjusted,117.970,118.370,4.11,7,VBD,0,8.3713,8.2172,1
audio17.TextGrid,29,3,the,118.370,118.460,7.73,2,DT,0,3.0366,1.3959,1
audio17.TextGrid,29,4,sack,118.460,118.930,3.91,3,NN,1,4.1512,9.5610,1
audio17.TextGrid,29,5,and,118.930,119.070,7.41,3,CC,0,4.4544,1.4525,1
audio17.TextGrid,29,6,carefully,119.070,119.550,4.46,7,RB,0,11.2717,5.4061,1
audio17.TextGrid,29,7,worked,119.550,119.820,5.16,4,VBD,0,8.8893,4.7896,1
audio17.TextGrid,29,8,the,119.820,119.930,7.73,2,DT,0,2.6785,1.1308,1
audio17.TextGrid,29,9,line,119.930,120.290,5.49,3,NN,0,7.6750,2.3784,1
audio17.TextGrid,29,10,so,120.290,120.440,6.52,2,IN,0,6.6745,4.3499,1
audio17.TextGrid,29,11,that,120.440,120.590,7.01,3,IN,0,4.7060,0.5403,1
audio17.TextGrid,29,12,it,120.590,120.740,6.95,2,PRP,0,4.3297,1.3366,1
audio17.TextGrid,29,13,came,120.740,120.940,5.5,3,VBD,0,7.8761,4.0141,1
audio17.TextGrid,29,14,across,120.940,121.310,5.25,5,IN,0,8.2491,4.8923,1
audio17.TextGrid,29,15,a,121.310,121.350,7.36,1,DT,0,2.7326,4.7447,1
audio17.TextGrid,29,16,new,121.350,121.610,6.25,3,JJ,0,5.0766,5.3792,1
audio17.TextGrid,29,17,part,121.610,121.900,5.78,4,NN,0,6.7423,5.5361,1
audio17.TextGrid,29,18,of,121.900,122.000,7.4,2,IN,0,2.8170,0.4953,1
audio17.TextGrid,29,19,his,122.000,122.140,6.51,3,PRP$,0,5.3094,1.6544,1
audio17.TextGrid,29,20,shoulders,122.140,122.700,4.18,6,NNS,1,5.5671,6.6995,1
audio17.TextGrid,30,1,and,123.410,123.730,7.41,3,CC,0,3.7036,1.3625,1
audio17.TextGrid,30,2,holding,123.880,124.270,4.89,6,VBG,0,9.0985,5.1451,1
audio17.TextGrid,30,3,it,124.270,124.370,6.95,2,PRP,0,5.1330,1.0585,1
audio17.TextGrid,30,4,anchored,124.370,124.770,3.46,5,VBD,1,4.0853,12.0573,1
audio17.TextGrid,30,5,with,124.770,124.910,6.85,3,IN,0,5.1790,3.1632,1
audio17.TextGrid,30,6,his,124.910,125.040,6.51,3,PRP$,0,5.3560,1.4919,1
audio17.TextGrid,30,7,shoulders,125.040,125.510,4.18,6,NNS,1,5.5674,5.6020,1
audio17.TextGrid,31,1,he,125.920,126.010,6.69,2,PRP,0,4.5353,1.2878,1
audio17.TextGrid,31,2,carefully,126.010,126.510,4.46,7,RB,0,11.7111,6.1021,1
audio17.TextGrid,31,3,felt,126.510,126.770,5.13,4,VBD,0,8.7811,6.2765,1
audio17.TextGrid,31,4,the,126.770,126.870,7.73,2,DT,0,2.6622,0.7825,1
audio17.TextGrid,31,5,pull,126.870,127.210,4.82,3,NN,0,13.5760,4.3341,1
audio17.TextGrid,31,6,of,127.210,127.270,7.4,2,IN,0,3.4454,1.0565,1
audio17.TextGrid,31,7,the,127.270,127.390,7.73,2,DT,0,1.7179,0.3325,1
audio17.TextGrid,31,8,fish,127.390,127.860,4.9,3,NN,1,4.1395,3.9768,1
audio17.TextGrid,31,9,and,128.020,128.100,7.41,2,CC,0,4.3514,1.9337,1
audio17.TextGrid,31,10,then,128.100,128.360,6.07,3,RB,0,7.7559,3.2301,1
audio17.TextGrid,31,11,felt,128.360,128.620,5.13,4,VBD,0,9.3269,4.3557,1
audio17.TextGrid,31,12,with,128.620,128.730,6.85,3,IN,0,4.9465,6.5326,1
audio17.TextGrid,31,13,his,128.730,128.890,6.51,3,PRP$,0,5.3294,0.7662,1
audio17.TextGrid,31,14,hand,128.890,129.280,5.41,4,NN,0,8.2774,3.2125,1
audio17.TextGrid,31,15,the,129.280,129.380,7.73,2,DT,0,3.8915,1.2243,1
audio17.TextGrid,31,16,progress,129.380,129.950,4.78,7,NN,0,8.4530,9.4097,1
audio17.TextGrid,31,17,of,129.950,130.020,7.4,2,IN,0,3.0201,0.2127,1
audio17.TextGrid,31,18,the,130.020,130.130,7.73,2,DT,0,1.7030,0.3385,1
audio17.TextGrid,31,19,skiff,130.130,130.470,2.63,4,NN,1,4.1363,7.5582,1
audio17.TextGrid,31,20,through,130.560,130.730,5.87,3,IN,0,7.0591,4.4837,1
audio17.TextGrid,31,21,the,130.730,130.820,7.73,2,DT,0,1.7015,0.2395,1
audio17.TextGrid,31,22,water,130.820,131.270,5.52,4,NN,0,8.3722,3.9544,1
audio17.TextGrid,32,1,i,133.530,133.630,7.09,1,JJ,0,5.5144,3.1121,1
audio17.TextGrid,32,2,wonder,133.630,133.870,4.93,5,VBP,0,12.3205,4.5768,1
audio17.TextGrid,32,3,what,133.870,134.020,6.38,3,WP,0,7.3206,2.0354,1
audio17.TextGrid,32,4,he,134.020,134.110,6.69,2,PRP,0,6.1606,1.5815,1
audio17.TextGrid,32,5,made,134.110,134.290,5.92,3,VBD,0,5.8965,5.3689,1
audio17.TextGrid,32,6,that,134.290,134.490,7.01,3,IN,0,3.9462,3.6547,1
audio17.TextGrid,32,7,lurch,134.490,134.800,2.79,3,NN,1,5.6215,12.1248,1
audio17.TextGrid,32,8,for,134.800,135.130,7.01,3,IN,0,4.1973,4.7680,1
audio17.TextGrid,32,9,he,135.360,135.470,6.69,2,PRP,0,4.4427,1.4937,1
audio17.TextGrid,32,10,thought,135.470,135.850,5.59,3,VBD,0,8.4971,0.1443,1
audio17.TextGrid,33,1,the,136.620,136.690,7.73,2,DT,0,1.8241,2.7435,1
audio17.TextGrid,33,2,wire,136.690,137.040,4.43,3,NN,1,4.1358,8.1612,1
audio17.TextGrid,33,3,must,137.040,137.280,5.68,4,MD,0,7.1700,5.6950,1
audio17.TextGrid,33,4,have,137.280,137.370,6.71,3,VB,0,3.8739,0.3442,1
audio17.TextGrid,33,5,slipped,137.370,137.820,3.99,5,VBN,0,9.4929,4.2173,1
audio17.TextGrid,33,6,on,137.820,137.940,6.91,2,IN,0,4.9428,4.1726,1
audio17.TextGrid,33,7,the,137.940,138.000,7.73,2,DT,0,1.7716,1.1810,1
audio17.TextGrid,33,8,great,138.000,138.300,5.88,4,JJ,0,7.7275,8.6572,1
audio17.TextGrid,33,9,hill,138.300,138.450,4.82,3,NN,0,9.4481,10.6311,1
audio17.TextGrid,33,10,of,138.450,138.560,7.4,2,IN,0,3.0473,3.3771,1
audio17.TextGrid,33,11,his,138.560,138.730,6.51,3,PRP$,0,5.3065,3.6630,1
audio17.TextGrid,33,12,back,138.730,139.220,6.04,3,NN,0,9.0292,3.8754,1
audio17.TextGrid,33,13,certainly,139.570,140.020,5.0,7,RB,0,9.4702,8.3408,1
audio17.TextGrid,33,14,his,140.020,140.150,6.51,3,PRP$,0,6.9999,4.1621,1
audio17.TextGrid,33,15,back,140.150,140.410,6.04,3,NN,0,9.0296,3.4533,1
audio17.TextGrid,33,16,cannot,140.410,140.770,5.11,5,NN,1,5.0192,7.3394,1
audio17.TextGrid,33,17,feel,140.770,141.040,5.67,3,NN,0,9.1573,4.9929,1
audio17.TextGrid,33,18,as,141.040,141.120,6.77,2,RB,0,5.0430,3.0935,1
audio17.TextGrid,33,19,badly,141.120,141.540,4.44,5,RB,0,10.2759,6.6067,1
audio17.TextGrid,33,20,as,141.540,141.640,6.77,2,IN,0,4.9481,0.7325,1
audio17.TextGrid,33,21,mine,141.640,141.950,5.04,3,NN,0,10.8802,3.0425,1
audio17.TextGrid,33,22,does,141.950,142.300,5.74,3,VBZ,0,8.5697,2.9403,1
audio17.TextGrid,33,23,but,142.870,143.010,6.63,3,CC,0,5.7038,2.2715,1
audio17.TextGrid,33,24,he,143.010,143.090,6.69,2,PRP,0,6.0927,1.9109,1
audio17.TextGrid,33,25,cannot,143.090,143.430,5.11,5,VBZ,1,4.0496,6.0065,1
audio17.TextGrid,33,26,pull,143.430,143.720,4.82,3,VB,0,10.1368,5.9022,1
audio17.TextGrid,33,27,this,143.720,143.920,6.82,3,DT,0,5.5113,3.8531,1
audio17.TextGrid,33,28,skiff,143.920,144.150,2.63,4,NN,1,4.1381,5.4960,1
audio17.TextGrid,33,29,forever,144.170,144.660,4.74,5,NN,1,5.3456,8.8434,1
audio17.TextGrid,34,1,no,145.110,145.230,6.35,2,DT,0,5.7679,4.4438,1
audio17.TextGrid,34,2,matter,145.230,145.520,5.38,4,NN,0,7.7245,0.3900,1
audio17.TextGrid,34,3,how,145.520,145.700,6.24,2,WRB,0,8.2914,0.2246,1
audio17.TextGrid,34,4,great,145.700,145.970,5.88,4,JJ,0,7.9356,5.5327,1
audio17.TextGrid,34,5,he,145.970,146.120,6.69,2,PRP,0,6.4037,2.9603,1
audio17.TextGrid,34,6,is,146.120,146.440,7.07,2,VBZ,0,3.4306,2.3601,1
audio17.TextGrid,34,7,now,147.140,147.440,6.18,2,RB,0,6.3225,4.7265,1
audio17.TextGrid,34,8,everything,147.440,147.840,5.54,7,NN,0,12.2157,7.0172,1
audio17.TextGrid,34,9,is,147.840,147.950,7.07,2,VBZ,0,4.7243,1.3907,1
audio17.TextGrid,34,10,cleared,147.950,148.310,4.2,5,VBN,0,10.7780,7.9645,1
audio17.TextGrid,34,11,away,148.310,148.580,5.62,3,RP,0,7.3455,3.6453,1
audio17.TextGrid,34,12,that,148.580,148.770,7.01,3,IN,0,4.2625,5.8378,1
audio17.TextGrid,34,13,might,148.770,149.010,5.66,3,MD,0,8.0087,4.6219,1
audio17.TextGrid,34,14,make,149.010,149.250,6.08,3,VB,0,5.3029,3.1059,1
audio17.TextGrid,34,15,trouble,149.250,149.570,4.79,6,NN,0,10.9031,6.5850,1
audio17.TextGrid,35,1,and,149.980,150.080,7.41,2,CC,0,3.7036,3.6571,1
audio17.TextGrid,35,2,i,150.080,150.170,7.09,1,NNS,0,5.7252,2.3328,1
audio17.TextGrid,35,3,have,150.170,150.300,6.71,3,VBP,0,4.0453,2.5059,1
audio17.TextGrid,35,4,a,150.300,150.350,7.36,1,DT,0,3.4661,2.8286,1
audio17.TextGrid,35,5,big,150.350,150.600,5.67,3,JJ,0,6.5862,4.9928,1
audio17.TextGrid,35,6,reserve,150.600,150.910,4.6,5,NN,0,8.7280,7.5878,1
audio17.TextGrid,35,7,of,150.910,151.080,7.4,2,IN,0,3.3769,1.8620,1
audio17.TextGrid,35,8,line,151.080,151.520,5.49,3,NN,0,9.3041,2.1800,1
audio17.TextGrid,35,9,all,151.910,152.150,6.52,2,PDT,0,7.7935,4.3280,1
audio17.TextGrid,35,10,that,152.150,152.280,7.01,3,IN,0,5.9385,1.8955,1
audio17.TextGrid,35,11,a,152.280,152.330,7.36,1,DT,0,2.8685,6.4826,1
audio17.TextGrid,35,12,man,152.330,152.580,5.82,3,NN,0,7.6804,1.3492,1
audio17.TextGrid,35,13,can,152.580,152.760,6.46,3,MD,0,7.0798,0.9958,1
audio17.TextGrid,35,14,ask,152.760,153.240,5.34,3,VB,0,8.2295,6.4704,1
audio17.TextGrid,36,1,fish,154.750,155.220,4.9,3,NN,1,5.9246,7.6521,1
audio17.TextGrid,36,2,he,155.530,155.630,6.69,2,PRP,0,7.2668,0.6417,1
audio17.TextGrid,36,3,said,155.630,155.890,6.01,3,VBD,0,3.5781,0.3318,1
audio17.TextGrid,36,4,softly,155.890,156.500,3.77,6,RB,1,4.6324,4.8477,1
audio17.TextGrid,37,1,aloud,156.600,157.070,3.51,4,NN,1,5.9246,11.2432,1
audio17.TextGrid,37,2,i,157.780,157.860,7.09,1,NN,0,8.2233,2.0035,1
audio17.TextGrid,37,3,ll,157.860,157.940,4.66,1,VBP,1,4.1972,3.1371,1
audio17.TextGrid,37,4,stay,157.940,158.270,5.33,3,NN,0,9.0499,6.0050,1
audio17.TextGrid,37,5,with,158.270,158.540,6.85,3,IN,0,5.1894,2.2283,1
audio17.TextGrid,37,6,you,158.540,158.720,6.98,2,PRP,0,5.6293,0.2942,1
audio17.TextGrid,37,7,until,158.720,159.090,5.61,5,IN,0,6.9062,2.4049,1
audio17.TextGrid,37,8,i,159.090,159.230,7.09,1,JJ,0,5.4167,1.4732,1
audio17.TextGrid,37,9,am,159.230,159.350,5.78,3,VBP,0,10.6672,3.2892,1
audio17.TextGrid,37,10,dead,159.350,159.900,5.19,3,JJ,0,10.7334,3.3563,1
audio17.TextGrid,38,1,he,162.500,162.600,6.69,2,PRP,0,4.5353,2.3453,1
audio17.TextGrid,38,2,ll,162.600,162.710,4.66,2,VBZ,1,3.3590,7.7860,1
audio17.TextGrid,38,3,stay,162.710,162.970,5.33,3,NN,0,9.2457,2.6488,1
audio17.TextGrid,38,4,with,162.970,163.200,6.85,3,IN,0,5.1986,0.7717,1
audio17.TextGrid,38,5,me,163.200,163.450,6.48,2,PRP,0,7.9754,0.9718,1
audio17.TextGrid,38,6,too,163.450,163.770,5.95,2,RB,0,8.0347,6.0570,1
audio17.TextGrid,38,7,i,163.770,163.930,7.09,1,VBP,0,7.4912,2.6223,1
audio17.TextGrid,38,8,suppose,163.930,164.560,4.56,5,VBP,1,4.9678,3.7863,1
audio17.TextGrid,38,9,the,164.790,164.890,7.73,2,DT,0,2.7431,5.1644,1
audio17.TextGrid,38,10,old,164.890,165.120,5.75,3,JJ,0,7.3336,3.9572,1
audio17.TextGrid,38,11,man,165.120,165.370,5.82,3,NN,0,7.6945,1.4307,1
audio17.TextGrid,38,12,thought,165.370,165.750,5.59,3,VBD,0,9.2823,2.6309,1
audio17.TextGrid,39,1,and,166.680,166.760,7.41,2,CC,0,3.7036,3.2231,1
audio17.TextGrid,39,2,he,166.760,166.880,6.69,2,PRP,0,4.7461,2.1196,1
audio17.TextGrid,39,3,waited,166.880,167.230,4.26,5,VBD,0,9.7870,5.9000,1
audio17.TextGrid,39,4,for,167.230,167.390,7.01,3,IN,0,4.4564,1.4109,1
audio17.TextGrid,39,5,it,167.390,167.490,6.95,2,PRP,0,3.8490,2.6959,1
audio17.TextGrid,39,6,to,167.490,167.560,7.43,2,TO,0,2.9886,1.2365,1
audio17.TextGrid,39,7,be,167.560,167.720,6.79,2,VB,0,4.2674,2.1203,1
audio17.TextGrid,39,8,light,167.720,168.150,5.33,3,JJ,0,8.7965,6.6949,1
audio17.TextGrid,40,1,it,169.570,169.690,6.95,2,PRP,0,3.8912,3.4718,1
audio17.TextGrid,40,2,was,169.690,169.870,6.82,3,VBD,0,3.9158,1.4115,1
audio17.TextGrid,40,3,cold,169.870,170.270,5.02,4,VBN,0,11.2433,6.7520,1
audio17.TextGrid,40,4,now,170.270,170.560,6.18,2,RB,0,7.6934,3.7569,1
audio17.TextGrid,40,5,in,170.560,170.620,7.27,2,IN,0,3.5859,3.2597,1
audio17.TextGrid,40,6,the,170.620,170.690,7.73,2,DT,0,1.7306,0.2766,1
audio17.TextGrid,40,7,time,170.690,171.030,6.29,3,NN,0,6.0545,7.4629,1
audio17.TextGrid,40,8,before,171.030,171.370,5.93,5,IN,0,7.0626,3.3062,1
audio17.TextGrid,40,9,daylight,171.370,171.980,3.84,5,NN,1,5.8406,3.4677,1
audio17.TextGrid,40,10,and,172.220,172.340,7.41,2,CC,0,4.3144,1.1200,1
audio17.TextGrid,40,11,he,172.340,172.420,6.69,2,PRP,0,5.0657,1.3662,1
audio17.TextGrid,40,12,pushed,172.420,172.740,4.43,4,VBD,0,9.7113,6.6438,1
audio17.TextGrid,40,13,against,172.740,173.040,5.68,6,IN,0,6.9296,5.3063,1
audio17.TextGrid,40,14,the,173.040,173.120,7.73,2,DT,0,1.6877,0.2544,1
audio17.TextGrid,40,15,wood,173.120,173.400,4.78,3,NN,0,9.9463,2.9306,1
audio17.TextGrid,40,16,to,173.400,173.460,7.43,2,TO,0,4.6715,2.5895,1
audio17.TextGrid,40,17,be,173.460,173.600,6.79,2,VB,0,4.5843,5.2038,1
audio17.TextGrid,40,18,warm,173.600,174.120,4.71,4,JJ,1,5.6974,4.9528,1
audio17.TextGrid,41,1,i,174.910,175.020,7.09,1,NN,0,5.5144,2.9989,1
audio17.TextGrid,41,2,can,175.020,175.200,6.46,3,MD,0,5.3141,3.4619,1
audio17.TextGrid,41,3,do,175.200,175.400,6.35,2,VB,0,5.1565,3.8564,1
audio17.TextGrid,41,4,it,175.400,175.500,6.95,2,PRP,0,4.6433,2.1635,1
audio17.TextGrid,41,5,as,175.500,175.610,6.77,2,RB,0,4.7681,4.4339,1
audio17.TextGrid,41,6,long,175.610,175.830,5.81,3,RB,0,8.0353,2.4459,1
audio17.TextGrid,41,7,as,175.830,175.960,6.77,2,IN,0,5.8625,0.0519,1
audio17.TextGrid,41,8,he,175.960,176.080,6.69,2,PRP,0,4.6761,2.1045,1
audio17.TextGrid,41,9,can,176.080,176.530,6.46,3,MD,0,6.8576,2.9440,1
audio17.TextGrid,41,10,he,176.680,176.820,6.69,2,PRP,0,7.0266,0.8455,1
audio17.TextGrid,41,11,thought,176.820,177.240,5.59,3,VB,0,9.8097,0.2482,1
audio17.TextGrid,42,1,and,177.980,178.100,7.41,2,CC,0,3.7036,3.5663,1
audio17.TextGrid,42,2,in,178.100,178.180,7.27,2,IN,0,4.4761,4.5877,1
audio17.TextGrid,42,3,the,178.180,178.260,7.73,2,DT,0,1.8219,0.7519,1
audio17.TextGrid,42,4,first,178.260,178.640,6.11,4,JJ,0,6.1820,5.7625,1
audio17.TextGrid,42,5,light,178.640,178.830,5.33,3,VBD,0,8.0392,4.0675,1
audio17.TextGrid,42,6,the,178.830,178.970,7.73,2,DT,0,3.5442,2.5458,1
audio17.TextGrid,42,7,line,178.970,179.230,5.49,3,NN,0,7.6796,2.8025,1
audio17.TextGrid,42,8,extended,179.230,179.710,4.64,9,VBN,0,9.0983,8.1135,1
audio17.TextGrid,42,9,out,179.710,179.970,6.38,2,IN,0,5.7458,3.4434,1
audio17.TextGrid,42,10,and,179.970,180.080,7.41,2,CC,0,4.3373,2.1612,1
audio17.TextGrid,42,11,down,180.080,180.410,5.88,3,RB,0,7.0283,5.1618,1
audio17.TextGrid,42,12,into,180.410,180.560,6.11,4,IN,0,6.4078,3.3337,1
audio17.TextGrid,42,13,the,180.560,180.630,7.73,2,DT,0,1.7177,0.2154,1
audio17.TextGrid,42,14,water,180.630,181.070,5.52,4,NN,0,8.3743,2.3757,1
audio17.TextGrid,43,1,the,181.830,181.910,7.73,2,DT,0,1.8241,2.4483,1
audio17.TextGrid,43,2,boat,181.910,182.230,4.71,3,NN,1,4.1358,5.7595,1
audio17.TextGrid,43,3,moved,182.230,182.530,5.01,4,VBD,0,8.5353,5.1656,1
audio17.TextGrid,43,4,steadily,182.530,183.100,3.84,7,RB,0,10.4544,5.4029,1
audio17.TextGrid,43,5,and,183.290,183.420,7.41,2,CC,0,3.9317,1.7483,1
audio17.TextGrid,43,6,when,183.420,183.590,6.37,3,WRB,0,5.4403,4.8898,1
audio17.TextGrid,43,7,the,183.590,183.660,7.73,2,DT,0,1.9462,1.3006,1
audio17.TextGrid,43,8,first,183.660,184.010,6.11,4,JJ,0,6.1621,4.8882,1
audio17.TextGrid,43,9,edge,184.010,184.230,4.74,2,NN,0,11.0946,8.3062,1
audio17.TextGrid,43,10,of,184.230,184.300,7.4,2,IN,0,4.0497,0.8270,1
audio17.TextGrid,43,11,the,184.300,184.390,7.73,2,DT,0,1.6913,0.2364,1
audio17.TextGrid,43,12,sun,184.390,184.690,4.97,3,NN,0,10.3507,8.2434,1
audio17.TextGrid,43,13,rose,184.690,185.080,4.82,3,VBD,0,7.7289,2.5919,1
audio17.TextGrid,43,14,it,185.080,185.210,6.95,2,PRP,0,4.5340,2.4980,1
audio17.TextGrid,43,15,was,185.210,185.340,6.82,3,VBD,0,4.7272,2.1122,1
audio17.TextGrid,43,16,on,185.340,185.480,6.91,2,IN,0,4.8968,4.9702,1
audio17.TextGrid,43,17,the,185.480,185.590,7.73,2,DT,0,1.7716,1.2170,1
audio17.TextGrid,43,18,old,185.590,185.780,5.75,3,JJ,0,7.3318,6.7462,1
audio17.TextGrid,43,19,man,185.780,185.970,5.82,3,NN,0,7.6951,1.7412,1
audio17.TextGrid,43,20,s,185.970,186.030,5.86,1,NN,1,5.7759,0.2145,1
audio17.TextGrid,43,21,right,186.030,186.310,5.96,3,JJ,0,7.9088,3.0163,1
audio17.TextGrid,43,22,shoulder,186.310,186.820,4.5,5,NN,0,10.5625,1.4260,1
audio18.TextGrid,1,1,he,0.710,0.820,6.69,2,PRP,0,4.5353,3.9587,1
audio18.TextGrid,1,2,s,0.820,0.890,5.86,1,VBZ,1,3.3590,1.6455,1
audio18.TextGrid,1,3,headed,0.890,1.160,4.55,5,VBD,0,10.9354,8.9028,1
audio18.TextGrid,1,4,north,1.160,1.590,5.34,4,RB,0,11.0759,4.8786,1
audio18.TextGrid,1,5,the,1.880,2.000,7.73,2,DT,0,4.4230,2.4688,1
audio18.TextGrid,1,6,old,2.000,2.190,5.75,3,JJ,0,7.3484,0.4418,1
audio18.TextGrid,1,7,man,2.190,2.430,5.82,3,NN,0,7.7067,0.0463,1
audio18.TextGrid,1,8,said,2.430,2.780,6.01,3,VBD,0,4.9974,0.2158,1
audio18.TextGrid,2,1,the,3.770,3.870,7.73,2,DT,0,1.8241,3.0618,1
audio18.TextGrid,2,2,current,3.870,4.340,5.27,6,JJ,0,7.1599,7.5184,1
audio18.TextGrid,2,3,will,4.340,4.450,6.45,3,MD,0,6.4996,6.7446,1
audio18.TextGrid,2,4,have,4.450,4.570,6.71,3,VB,0,3.8803,4.2143,1
audio18.TextGrid,2,5,set,4.570,4.780,5.59,3,VBN,0,7.6352,6.3942,1
audio18.TextGrid,2,6,us,4.780,4.940,6.04,2,PRP,0,7.8321,5.9298,1
audio18.TextGrid,2,7,far,4.940,5.120,5.5,3,RB,0,7.6943,6.4209,1
audio18.TextGrid,2,8,to,5.120,5.230,7.43,2,TO,0,3.7789,3.8568,1
audio18.TextGrid,2,9,the,5.230,5.380,7.73,2,DT,0,2.4498,0.2371,1
audio18.TextGrid,2,10,eastward,5.380,5.890,3.24,6,NN,1,4.1360,6.9962,1
audio18.TextGrid,2,11,he,5.890,6.010,6.69,2,PRP,0,6.6965,1.1138,1
audio18.TextGrid,2,12,thought,6.010,6.390,5.59,3,VBD,0,8.8200,0.4544,1
audio18.TextGrid,3,1,i,7.230,7.300,7.09,1,JJ,0,5.5144,2.4851,1
audio18.TextGrid,3,2,wish,7.300,7.550,5.18,3,NN,0,9.0633,5.5570,1
audio18.TextGrid,3,3,he,7.550,7.610,6.69,2,PRP,0,5.0723,2.5641,1
audio18.TextGrid,3,4,would,7.610,7.800,6.27,3,MD,0,6.5510,2.2737,1
audio18.TextGrid,3,5,turn,7.800,8.080,5.32,3,VB,0,7.8045,4.2625,1
audio18.TextGrid,3,6,with,8.080,8.270,6.85,3,IN,0,5.1586,5.5375,1
audio18.TextGrid,3,7,the,8.270,8.340,7.73,2,DT,0,1.7119,1.8420,1
audio18.TextGrid,3,8,current,8.340,8.890,5.27,5,JJ,0,7.1637,5.1568,1
audio18.TextGrid,3,9,that,9.140,9.330,7.01,3,WDT,0,5.6707,4.2038,1
audio18.TextGrid,3,10,would,9.330,9.510,6.27,3,MD,0,6.4315,1.8884,1
audio18.TextGrid,3,11,show,9.510,9.810,5.68,2,VB,0,7.8220,5.6325,1
audio18.TextGrid,3,12,that,9.810,9.960,7.01,3,IN,0,4.3680,2.9457,1
audio18.TextGrid,3,13,he,9.960,10.040,6.69,2,PRP,0,4.9357,1.2302,1
audio18.TextGrid,3,14,was,10.040,10.230,6.82,3,VBD,0,5.2738,1.8929,1
audio18.TextGrid,3,15,tiring,10.230,10.810,3.37,5,VBG,1,7.4494,10.0302,1
audio18.TextGrid,4,1,when,12.780,12.910,6.37,3,WRB,0,6.5749,4.6682,1
audio18.TextGrid,4,2,the,12.910,12.980,7.73,2,DT,0,1.9802,1.3575,1
audio18.TextGrid,4,3,sun,12.980,13.270,4.97,3,NN,0,10.3571,1.6477,1
audio18.TextGrid,4,4,had,13.270,13.440,6.33,3,VBD,0,6.3072,3.6096,1
audio18.TextGrid,4,5,risen,13.440,13.720,3.86,5,VBN,0,10.6669,0.9218,1
audio18.TextGrid,4,6,further,13.720,14.280,5.31,4,RB,0,8.1802,8.1238,1
audio18.TextGrid,4,7,the,14.500,14.610,7.73,2,DT,0,3.4907,2.8512,1
audio18.TextGrid,4,8,old,14.610,14.840,5.75,3,JJ,0,7.3083,3.0957,1
audio18.TextGrid,4,9,man,14.840,15.080,5.82,3,NN,0,7.7527,0.0146,1
audio18.TextGrid,4,10,realized,15.080,15.590,4.59,7,VBD,0,9.1854,6.5863,1
audio18.TextGrid,4,11,that,15.590,15.700,7.01,3,IN,0,4.2142,0.8657,1
audio18.TextGrid,4,12,the,15.700,15.800,7.73,2,DT,0,2.3394,1.9646,1
audio18.TextGrid,4,13,fish,15.800,16.080,4.9,3,NN,1,4.1398,4.1735,1
audio18.TextGrid,4,14,was,16.080,16.240,6.82,3,VBD,0,5.2310,1.5470,1
audio18.TextGrid,4,15,not,16.240,16.430,6.69,3,RB,0,5.4403,3.1901,1
audio18.TextGrid,4,16,tiring,16.460,17.000,3.37,5,VBG,1,7.2226,5.5331,1
audio18.TextGrid,5,1,there,17.640,17.760,6.31,3,EX,0,5.7321,4.3968,1
audio18.TextGrid,5,2,was,17.760,17.880,6.82,3,VBD,0,3.9647,0.7264,1
audio18.TextGrid,5,3,only,17.880,18.110,6.12,4,RB,0,6.0839,3.2804,1
audio18.TextGrid,5,4,one,18.110,18.400,6.47,3,CD,0,6.9575,1.1507,1
audio18.TextGrid,5,5,favorable,18.400,18.990,3.85,8,JJ,0,10.9149,10.8080,1
audio18.TextGrid,5,6,sign,18.990,19.490,5.08,3,NN,0,8.2189,4.6983,1
audio18.TextGrid,6,1,the,19.960,20.050,7.73,2,DT,0,1.8241,1.7370,1
audio18.TextGrid,6,2,slant,20.050,20.430,3.18,5,NN,1,4.1358,9.8349,1
audio18.TextGrid,6,3,of,20.430,20.500,7.4,2,IN,0,3.7809,0.6329,1
audio18.TextGrid,6,4,the,20.500,20.600,7.73,2,DT,0,1.6983,0.2928,1
audio18.TextGrid,6,5,line,20.600,20.990,5.49,3,NN,0,7.6694,2.7040,1
audio18.TextGrid,6,6,showed,20.990,21.280,4.86,3,VBD,0,7.8268,5.2368,1
audio18.TextGrid,6,7,he,21.280,21.360,6.69,2,PRP,0,5.1878,4.0100,1
audio18.TextGrid,6,8,was,21.360,21.510,6.82,3,VBD,0,4.7518,0.4167,1
audio18.TextGrid,6,9,swimming,21.510,21.900,4.43,6,VBG,1,7.5021,6.4881,1
audio18.TextGrid,6,10,at,21.900,22.000,6.7,2,IN,0,4.9054,3.8828,1
audio18.TextGrid,6,11,a,22.000,22.060,7.36,1,DT,0,2.5828,1.3883,1
audio18.TextGrid,6,12,lesser,22.060,22.350,4.13,4,JJR,0,11.7237,8.3820,1
audio18.TextGrid,6,13,depth,22.350,22.730,4.55,4,NN,1,4.1142,3.0806,1
audio18.TextGrid,7,1,that,23.730,23.850,7.01,3,DT,0,4.4338,4.3314,1
audio18.TextGrid,7,2,did,23.850,24.040,5.96,3,VBD,0,7.8878,5.8850,1
audio18.TextGrid,7,3,not,24.040,24.260,6.69,3,RB,0,5.5110,0.1953,1
audio18.TextGrid,7,4,necessarily,24.260,24.850,4.48,10,RB,0,9.6922,6.1043,1
audio18.TextGrid,7,5,mean,24.850,25.070,5.53,3,VB,0,8.9416,0.2715,1
audio18.TextGrid,7,6,that,25.070,25.190,7.01,3,IN,0,4.3765,1.0189,1
audio18.TextGrid,7,7,he,25.190,25.250,6.69,2,PRP,0,4.9319,0.6868,1
audio18.TextGrid,7,8,would,25.250,25.440,6.27,3,MD,0,5.9133,3.2950,1
audio18.TextGrid,7,9,jump,25.440,25.780,4.69,4,VB,0,8.4942,6.5757,1
audio18.TextGrid,8,1,but,26.360,26.490,6.63,3,CC,0,5.3198,2.0792,1
audio18.TextGrid,8,2,he,26.490,26.590,6.69,2,PRP,0,4.7447,1.4667,1
audio18.TextGrid,8,3,might,26.590,26.970,5.66,3,MD,0,6.0583,4.0765,1
audio18.TextGrid,8,4,god,28.600,28.910,5.57,3,VB,0,13.6456,6.9137,1
audio18.TextGrid,8,5,let,28.910,29.070,5.6,3,VB,0,11.3922,5.1008,1
audio18.TextGrid,8,6,him,29.070,29.180,6.11,2,PRP,0,7.9850,1.6267,1
audio18.TextGrid,8,7,jump,29.180,29.630,4.69,4,VB,0,10.5193,4.2978,1
audio18.TextGrid,8,8,the,29.930,30.040,7.73,2,DT,0,2.2640,0.8663,1
audio18.TextGrid,8,9,old,30.040,30.250,5.75,3,JJ,0,7.3309,0.0963,1
audio18.TextGrid,8,10,man,30.250,30.470,5.82,3,NN,0,7.6934,0.0056,1
audio18.TextGrid,8,11,said,30.470,30.860,6.01,3,VBD,0,5.4017,0.2570,1
audio18.TextGrid,9,1,i,31.470,31.610,7.09,1,NNS,0,5.5144,1.8491,1
audio18.TextGrid,9,2,have,31.610,31.770,6.71,3,VBP,0,4.0795,3.2950,1
audio18.TextGrid,9,3,enough,31.770,32.000,5.54,4,JJ,0,7.7979,5.8789,1
audio18.TextGrid,9,4,line,32.000,32.300,5.49,3,NN,0,9.6284,3.9558,1
audio18.TextGrid,9,5,to,32.300,32.440,7.43,2,TO,0,3.3782,1.0031,1
audio18.TextGrid,9,6,handle,32.440,32.780,4.79,6,VB,0,9.2539,5.2785,1
audio18.TextGrid,9,7,him,32.780,33.010,6.11,2,PRP,0,7.9757,1.8279,1
audio18.TextGrid,10,1,maybe,35.210,35.510,5.45,4,RB,0,9.9133,7.3061,1
audio18.TextGrid,10,2,if,35.510,35.630,6.47,2,IN,0,6.8373,4.1480,1
audio18.TextGrid,10,3,i,35.630,35.740,7.09,1,NNS,0,5.5936,1.5666,1
audio18.TextGrid,10,4,can,35.740,35.910,6.46,3,MD,0,6.1978,4.0030,1
audio18.TextGrid,10,5,increase,35.910,36.390,5.08,6,VB,0,7.1821,7.4230,1
audio18.TextGrid,10,6,the,36.390,36.510,7.73,2,DT,0,2.2875,0.8462,1
audio18.TextGrid,10,7,tension,36.510,37.040,4.22,6,NN,0,10.2380,6.4465,1
audio18.TextGrid,10,8,just,37.040,37.340,6.43,4,RB,0,7.3296,6.3162,1
audio18.TextGrid,10,9,a,37.340,37.410,7.36,1,DT,0,4.4840,1.5061,1
audio18.TextGrid,10,10,little,37.410,37.800,5.75,5,JJ,0,7.7390,0.2632,1
audio18.TextGrid,10,11,it,37.800,37.940,6.95,2,PRP,0,7.0105,4.5596,1
audio18.TextGrid,10,12,will,37.940,38.110,6.45,3,MD,0,5.0024,0.3899,1
audio18.TextGrid,10,13,hurt,38.110,38.350,4.94,3,VB,0,7.4148,6.6818,1
audio18.TextGrid,10,14,him,38.350,38.480,6.11,2,PRP,0,8.3575,0.9141,1
audio18.TextGrid,10,15,and,38.480,38.620,7.41,3,CC,0,4.0600,3.3341,1
audio18.TextGrid,10,16,he,38.620,38.690,6.69,2,PRP,0,5.0491,1.5277,1
audio18.TextGrid,10,17,will,38.690,38.880,6.45,3,MD,0,4.6672,1.1550,1
audio18.TextGrid,10,18,jump,38.880,39.270,4.69,4,VB,0,8.4939,3.1025,1
audio18.TextGrid,10,19,he,39.490,39.620,6.69,2,PRP,0,5.0230,0.8194,1
audio18.TextGrid,10,20,thought,39.620,40.030,5.59,3,VBD,0,9.7299,0.1075,1
audio18.TextGrid,11,1,now,40.910,41.120,6.18,2,RB,0,6.7634,4.6265,1
audio18.TextGrid,11,2,that,41.120,41.280,7.01,3,IN,0,4.8823,3.0788,1
audio18.TextGrid,11,3,it,41.280,41.380,6.95,2,PRP,0,4.4051,3.7465,1
audio18.TextGrid,11,4,is,41.380,41.510,7.07,2,VBZ,0,4.1800,1.2218,1
audio18.TextGrid,11,5,daylight,41.510,42.080,3.84,5,JJ,1,5.8506,4.2389,1
audio18.TextGrid,11,6,let,42.080,42.230,5.6,3,NN,0,10.4883,7.2971,1
audio18.TextGrid,11,7,him,42.230,42.380,6.11,3,PRP,0,8.0028,0.9300,1
audio18.TextGrid,11,8,jump,42.380,42.740,4.69,4,VB,0,10.3455,3.3502,1
audio18.TextGrid,11,9,so,42.740,42.870,6.52,2,RB,0,6.0455,5.0339,1
audio18.TextGrid,11,10,that,42.870,43.010,7.01,3,IN,0,4.6291,0.9793,1
audio18.TextGrid,11,11,he,43.010,43.070,6.69,2,PRP,0,4.8786,0.9341,1
audio18.TextGrid,11,12,ll,43.070,43.160,4.66,2,VBZ,1,4.6007,5.6189,1
audio18.TextGrid,11,13,fill,43.160,43.460,4.64,3,VB,0,10.1394,8.0867,1
audio18.TextGrid,11,14,the,43.460,43.550,7.73,2,DT,0,2.2654,0.9762,1
audio18.TextGrid,11,15,sacks,43.550,43.920,3.59,4,NNS,0,11.1941,9.1674,1
audio18.TextGrid,11,16,along,43.920,44.210,5.38,4,IN,0,8.6507,6.3038,1
audio18.TextGrid,11,17,his,44.210,44.370,6.51,3,PRP$,0,5.3153,1.8998,1
audio18.TextGrid,11,18,backbone,44.370,44.860,3.53,6,NN,1,4.2574,8.5602,1
audio18.TextGrid,11,19,with,44.860,45.030,6.85,3,IN,0,4.8460,2.2762,1
audio18.TextGrid,11,20,air,45.030,45.330,5.37,2,NN,0,9.0706,5.9170,1
audio18.TextGrid,12,1,and,45.870,45.960,7.41,2,CC,0,3.7036,1.1304,1
audio18.TextGrid,12,2,then,45.960,46.150,6.07,3,RB,0,6.4220,2.6066,1
audio18.TextGrid,12,3,he,46.150,46.290,6.69,2,PRP,0,6.8785,1.2993,1
audio18.TextGrid,12,4,cannot,46.290,46.670,5.11,5,VBZ,1,3.4740,8.7960,1
audio18.TextGrid,12,5,go,46.670,46.870,6.03,2,VB,0,7.7567,2.7441,1
audio18.TextGrid,12,6,deep,46.870,47.180,5.05,3,JJ,1,5.7294,6.8127,1
audio18.TextGrid,12,7,to,47.230,47.330,7.43,2,TO,0,3.8464,3.9846,1
audio18.TextGrid,12,8,die,47.330,47.640,5.07,2,VB,0,8.5848,5.9733,1
audio18.TextGrid,13,1,he,47.640,47.830,6.69,2,PRP,0,4.5353,1.6984,1
audio18.TextGrid,13,2,tried,49.510,50.000,5.16,4,VBD,0,8.2725,5.1345,1
audio18.TextGrid,13,3,to,50.000,50.070,7.43,2,TO,0,3.0222,0.8625,1
audio18.TextGrid,13,4,increase,50.070,50.560,5.08,6,VB,0,7.4060,6.6947,1
audio18.TextGrid,13,5,the,50.560,50.630,7.73,2,DT,0,2.3737,0.4003,1
audio18.TextGrid,13,6,tension,50.630,51.210,4.22,6,NN,0,10.2384,0.2711,1
audio18.TextGrid,13,7,but,51.210,51.420,6.63,3,CC,0,6.0860,0.8076,1
audio18.TextGrid,13,8,the,51.420,51.520,7.73,2,DT,0,2.3514,1.6073,1
audio18.TextGrid,13,9,line,51.520,51.840,5.49,3,NN,0,7.6706,2.3269,1
audio18.TextGrid,13,10,had,51.840,51.980,6.33,3,VBD,0,5.7925,3.4223,1
audio18.TextGrid,13,11,been,51.980,52.170,6.27,3,VBN,0,6.3762,2.8399,1
audio18.TextGrid,13,12,taut,52.170,52.570,2.91,3,VBN,1,6.9865,6.4775,1
audio18.TextGrid,13,13,up,52.570,52.670,6.39,2,RP,0,5.2359,7.0070,1
audio18.TextGrid,13,14,to,52.670,52.750,7.43,2,TO,0,3.3728,4.6198,1
audio18.TextGrid,13,15,the,52.750,52.860,7.73,2,DT,0,2.4214,0.9964,1
audio18.TextGrid,13,16,very,52.860,53.220,6.0,4,RB,0,8.8274,4.3816,1
audio18.TextGrid,13,17,edge,53.220,53.370,4.74,2,NN,0,11.9979,2.0139,1
audio18.TextGrid,13,18,of,53.370,53.450,7.4,2,IN,0,4.5014,0.8883,1
audio18.TextGrid,13,19,the,53.450,53.520,7.73,2,DT,0,1.6899,0.3650,1
audio18.TextGrid,13,20,breaking,53.520,53.950,4.74,6,NN,0,12.2341,10.5380,1
audio18.TextGrid,13,21,point,53.950,54.340,5.54,4,NN,0,6.9226,1.3651,1
audio18.TextGrid,13,22,since,54.340,54.560,5.75,4,IN,0,6.4076,7.4866,1
audio18.TextGrid,13,23,he,54.560,54.630,6.69,2,PRP,0,4.4413,1.4614,1
audio18.TextGrid,13,24,had,54.630,54.760,6.33,3,VBD,0,6.2481,1.2668,1
audio18.TextGrid,13,25,hooked,54.760,54.940,3.92,4,VBN,1,6.3394,7.0199,1
audio18.TextGrid,13,26,the,54.940,55.040,7.73,2,DT,0,3.0957,1.6607,1
audio18.TextGrid,13,27,fish,55.040,55.480,4.9,3,NN,1,4.1496,2.8792,1
audio18.TextGrid,13,28,and,55.870,55.970,7.41,2,CC,0,4.0927,3.1772,1
audio18.TextGrid,13,29,he,55.970,56.070,6.69,2,PRP,0,5.2217,2.4212,1
audio18.TextGrid,13,30,felt,56.070,56.290,5.13,4,VBD,0,9.1154,3.5801,1
audio18.TextGrid,13,31,the,56.290,56.410,7.73,2,DT,0,2.5173,1.5790,1
audio18.TextGrid,13,32,harshness,56.410,57.010,2.65,7,NN,1,4.1410,11.2095,1
audio18.TextGrid,13,33,as,57.010,57.110,6.77,2,IN,0,4.7909,4.9011,1
audio18.TextGrid,13,34,he,57.110,57.230,6.69,2,PRP,0,4.5131,1.3247,1
audio18.TextGrid,13,35,leaned,57.230,57.550,3.41,4,VBD,1,4.7091,5.8638,1
audio18.TextGrid,13,36,back,57.550,57.800,6.04,3,RB,0,7.0263,1.6730,1
audio18.TextGrid,13,37,to,57.800,57.940,7.43,2,TO,0,3.3391,2.9166,1
audio18.TextGrid,13,38,pull,57.940,58.460,4.82,3,VB,0,9.4772,3.9060,1
audio18.TextGrid,13,39,and,58.460,58.630,7.41,3,CC,0,4.1226,5.3649,1
audio18.TextGrid,13,40,knew,58.700,58.850,5.2,3,VB,0,8.7029,7.5564,1
audio18.TextGrid,13,41,he,58.850,58.910,6.69,2,PRP,0,5.1569,1.8893,1
audio18.TextGrid,13,42,could,58.910,59.280,6.06,3,MD,0,5.8841,2.3349,1
audio18.TextGrid,13,43,put,59.280,59.560,5.66,3,VB,0,6.4980,5.6513,1
audio18.TextGrid,13,44,no,59.560,59.750,6.35,2,DT,0,6.2883,5.2176,1
audio18.TextGrid,13,45,more,59.750,59.970,6.36,3,JJR,0,5.8205,0.9731,1
audio18.TextGrid,13,46,strain,59.970,60.420,4.15,5,NN,0,11.3328,3.5880,1
audio18.TextGrid,13,47,on,60.420,60.590,6.91,2,IN,0,4.3399,0.1504,1
audio18.TextGrid,13,48,it,60.590,60.790,6.95,2,PRP,0,3.8106,1.4498,1
audio18.TextGrid,14,1,i,62.200,62.270,7.09,1,NN,0,5.5144,3.3924,1
audio18.TextGrid,14,2,must,62.270,62.510,5.68,4,MD,0,6.9134,3.7729,1
audio18.TextGrid,14,3,not,62.510,62.760,6.69,3,RB,0,6.1838,3.5084,1
audio18.TextGrid,14,4,jerk,62.760,63.110,4.0,3,VB,1,4.4485,9.6154,1
audio18.TextGrid,14,5,it,63.110,63.310,6.95,2,PRP,0,4.3917,2.3602,1
audio18.TextGrid,14,6,ever,63.310,63.670,5.66,3,RB,0,9.1282,6.8496,1
audio18.TextGrid,14,7,he,63.860,63.960,6.69,2,PRP,0,6.5084,0.3568,1
audio18.TextGrid,14,8,thought,63.960,64.350,5.59,3,VBD,0,9.0188,0.0939,1
audio18.TextGrid,15,1,each,65.030,65.370,5.69,2,DT,0,6.4630,8.3053,1
audio18.TextGrid,15,2,jerk,65.370,65.740,4.0,3,NN,1,4.1353,6.4329,1
audio18.TextGrid,15,3,widens,65.740,66.350,2.84,6,VBZ,1,3.6170,11.7053,1
audio18.TextGrid,15,4,the,66.350,66.450,7.73,2,DT,0,2.6323,0.5097,1
audio18.TextGrid,15,5,cut,66.450,66.710,5.24,3,NN,0,8.9712,6.7332,1
audio18.TextGrid,15,6,the,66.710,66.830,7.73,2,DT,0,3.8424,5.6516,1
audio18.TextGrid,15,7,hook,66.830,67.020,4.37,3,NN,0,9.5481,7.2405,1
audio18.TextGrid,15,8,makes,67.020,67.550,5.46,4,VBZ,0,8.7322,3.9177,1
audio18.TextGrid,15,9,and,67.550,67.760,7.41,2,CC,0,4.2216,0.8651,1
audio18.TextGrid,15,10,then,67.760,67.950,6.07,3,RB,0,7.3372,2.8891,1
audio18.TextGrid,15,11,when,67.950,68.120,6.37,3,WRB,0,7.0497,4.1890,1
audio18.TextGrid,15,12,he,68.120,68.230,6.69,2,PRP,0,4.6643,1.2792,1
audio18.TextGrid,15,13,does,68.230,68.590,5.74,3,VBZ,0,5.8853,3.9988,1
audio18.TextGrid,15,14,jump,68.590,68.950,4.69,4,VB,0,9.7205,6.6842,1
audio18.TextGrid,15,15,he,68.950,69.040,6.69,2,PRP,0,5.0123,1.4117,1
audio18.TextGrid,15,16,might,69.040,69.320,5.66,3,MD,0,7.7474,5.3755,1
audio18.TextGrid,15,17,throw,69.320,69.570,4.83,3,VB,1,3.7306,5.9794,1
audio18.TextGrid,15,18,it,69.570,69.740,6.95,2,PRP,0,4.3788,1.3199,1
audio18.TextGrid,16,1,anyway,71.050,71.410,4.91,5,RB,0,11.0119,7.5546,1
audio18.TextGrid,16,2,i,71.410,71.540,7.09,1,JJ,0,6.3159,2.6584,1
audio18.TextGrid,16,3,feel,71.540,71.780,5.67,3,VBP,0,7.4966,5.1818,1
audio18.TextGrid,16,4,better,71.780,72.040,5.76,4,RB,0,7.9714,2.6638,1
audio18.TextGrid,16,5,with,72.040,72.230,6.85,3,IN,0,5.3393,4.1661,1
audio18.TextGrid,16,6,the,72.230,72.320,7.73,2,DT,0,2.1563,1.1936,1
audio18.TextGrid,16,7,sun,72.320,72.720,4.97,3,NN,0,10.4214,7.0874,1
audio18.TextGrid,16,8,and,73.070,73.180,7.41,2,CC,0,3.7284,2.7162,1
audio18.TextGrid,16,9,for,73.180,73.300,7.01,2,IN,0,6.3123,5.4586,1
audio18.TextGrid,16,10,once,73.300,73.740,5.53,4,RB,0,9.1877,4.3306,1
audio18.TextGrid,16,11,i,73.740,73.830,7.09,1,JJ,0,7.0565,0.8746,1
audio18.TextGrid,16,12,do,73.830,73.990,6.35,2,VBP,0,5.7639,3.9813,1
audio18.TextGrid,16,13,not,73.990,74.190,6.69,3,RB,0,5.5001,0.8634,1
audio18.TextGrid,16,14,have,74.190,74.330,6.71,3,VB,0,4.7793,2.1397,1
audio18.TextGrid,16,15,to,74.330,74.450,7.43,2,TO,0,3.2429,0.2135,1
audio18.TextGrid,16,16,look,74.450,74.640,5.81,3,VB,0,7.5921,4.2689,1
audio18.TextGrid,16,17,into,74.640,74.950,6.11,4,IN,0,6.7174,4.5527,1
audio18.TextGrid,16,18,it,74.950,75.140,6.95,2,PRP,0,3.8197,3.3609,1
audio18.TextGrid,17,1,there,77.450,77.590,6.31,3,EX,0,5.7321,4.1249,1
audio18.TextGrid,17,2,was,77.590,77.770,6.82,3,VBD,0,3.9647,2.4177,1
audio18.TextGrid,17,3,yellow,77.770,78.050,4.69,4,JJ,0,11.5246,9.9971,1
audio18.TextGrid,17,4,weed,78.050,78.460,4.27,3,NN,1,4.9581,9.3773,1
audio18.TextGrid,17,5,on,78.460,78.600,6.91,2,IN,0,4.6811,2.3064,1
audio18.TextGrid,17,6,the,78.600,78.680,7.73,2,DT,0,1.7012,0.3325,1
audio18.TextGrid,17,7,line,78.680,79.120,5.49,3,NN,0,7.6705,3.5856,1
audio18.TextGrid,17,8,but,79.120,79.250,6.63,3,CC,0,6.1113,4.2187,1
audio18.TextGrid,17,9,the,79.250,79.380,7.73,2,DT,0,2.2485,2.5221,1
audio18.TextGrid,17,10,old,79.380,79.580,5.75,3,JJ,0,7.3320,2.9174,1
audio18.TextGrid,17,11,man,79.580,79.830,5.82,3,NN,0,7.6927,0.0538,1
audio18.TextGrid,17,12,knew,79.830,80.180,5.2,3,VBD,0,9.6181,2.6606,1
audio18.TextGrid,17,13,that,80.180,80.400,7.01,3,IN,0,4.2098,1.8281,1
audio18.TextGrid,17,14,only,80.400,80.660,6.12,4,RB,0,7.4809,5.8043,1
audio18.TextGrid,17,15,made,80.660,80.910,5.92,3,VBD,0,7.2036,7.7117,1
audio18.TextGrid,17,16,an,80.910,81.080,6.53,2,DT,0,5.6742,5.6979,1
audio18.TextGrid,17,17,added,81.080,81.390,5.16,4,JJ,0,10.3492,7.0184,1
audio18.TextGrid,17,18,drag,81.390,81.970,4.29,4,NN,1,5.3748,6.9988,1
audio18.TextGrid,17,19,and,81.970,82.110,7.41,3,CC,0,4.2295,2.0990,1
audio18.TextGrid,17,20,he,82.110,82.200,6.69,2,PRP,0,5.0754,1.2967,1
audio18.TextGrid,17,21,was,82.200,82.380,6.82,3,VBD,0,4.4363,2.5997,1
audio18.TextGrid,17,22,pleased,82.380,83.060,4.44,5,JJ,0,9.9763,5.1924,1
audio18.TextGrid,18,1,it,83.560,83.700,6.95,2,PRP,0,3.8912,3.3452,1
audio18.TextGrid,18,2,was,83.700,83.900,6.82,3,VBD,0,3.9158,1.1892,1
audio18.TextGrid,18,3,the,83.900,83.960,7.73,2,DT,0,2.4587,2.9337,1
audio18.TextGrid,18,4,yellow,83.960,84.310,4.69,4,JJ,0,10.7264,5.0306,1
audio18.TextGrid,18,5,gulf,84.310,84.710,4.28,4,NN,0,8.8503,13.1964,1
audio18.TextGrid,18,6,weed,84.710,85.040,4.27,3,VBD,1,7.1677,5.8117,1
audio18.TextGrid,18,7,that,85.040,85.310,7.01,3,IN,0,4.2406,1.3225,1
audio18.TextGrid,18,8,had,85.310,85.480,6.33,3,VBD,0,6.6822,2.2295,1
audio18.TextGrid,18,9,made,85.480,85.770,5.92,3,VBN,0,7.0453,2.6242,1
audio18.TextGrid,18,10,so,85.770,85.930,6.52,2,RB,0,5.9614,5.9548,1
audio18.TextGrid,18,11,much,85.930,86.150,6.0,3,JJ,0,6.7881,0.4639,1
audio18.TextGrid,18,12,phosphorescence,86.150,86.970,1.88,10,NN,1,5.9603,15.2591,1
audio18.TextGrid,18,13,in,86.970,87.060,7.27,2,IN,0,3.2865,1.4744,1
audio18.TextGrid,18,14,the,87.060,87.150,7.73,2,DT,0,1.7095,0.3531,1
audio18.TextGrid,18,15,night,87.150,87.530,5.61,3,NN,0,8.1566,5.7191,1
audio18.TextGrid,19,1,fish,89.430,89.870,4.9,3,NN,1,5.9246,4.2177,1
audio18.TextGrid,19,2,he,90.080,90.200,6.69,2,PRP,0,7.2668,0.3521,1
audio18.TextGrid,19,3,said,90.200,90.820,6.01,3,VBD,0,3.5781,0.2309,1
audio18.TextGrid,19,4,i,90.820,90.960,7.09,1,JJ,0,6.1749,0.9121,1
audio18.TextGrid,19,5,love,90.960,91.270,5.82,3,VBP,1,4.8264,5.0551,1
audio18.TextGrid,19,6,you,91.270,91.440,6.98,2,PRP,0,6.6649,1.2786,1
audio18.TextGrid,19,7,and,91.440,91.610,7.41,3,CC,0,4.3730,2.5693,1
audio18.TextGrid,19,8,respect,91.610,92.100,5.03,7,VB,0,10.8532,9.1106,1
audio18.TextGrid,19,9,you,92.100,92.260,6.98,2,PRP,0,8.1623,0.3988,1
audio18.TextGrid,19,10,very,92.260,92.570,6.0,4,RB,0,7.9214,4.4785,1
audio18.TextGrid,19,11,much,92.570,93.050,6.0,3,RB,0,6.6677,0.0106,1
audio18.TextGrid,19,12,but,93.440,93.640,6.63,3,CC,0,5.3871,2.5678,1
audio18.TextGrid,19,13,i,93.640,93.790,7.09,1,RB,0,6.9617,1.3127,1
audio18.TextGrid,19,14,will,93.790,93.980,6.45,3,MD,0,4.7250,2.8197,1
audio18.TextGrid,19,15,kill,93.980,94.260,5.09,3,VB,0,8.5229,3.6296,1
audio18.TextGrid,19,16,you,94.260,94.420,6.98,2,PRP,0,6.3220,0.4989,1
audio18.TextGrid,19,17,dead,94.420,94.710,5.19,3,JJ,0,11.3495,6.8994,1
audio18.TextGrid,19,18,before,94.770,95.120,5.93,5,IN,0,7.7392,3.5863,1
audio18.TextGrid,19,19,this,95.120,95.330,6.82,3,DT,0,4.8119,5.5230,1
audio18.TextGrid,19,20,day,95.330,95.590,5.95,2,NN,0,7.0797,4.1517,1
audio18.TextGrid,19,21,ends,95.590,96.010,4.75,4,VBZ,0,10.7771,4.0105,1
audio18.TextGrid,20,1,let,97.860,98.020,5.6,3,VB,0,12.2066,6.3849,1
audio18.TextGrid,20,2,us,98.020,98.170,6.04,2,PRP,0,7.5752,2.7485,1
audio18.TextGrid,20,3,hope,98.170,98.390,5.44,3,VB,0,9.5666,3.6639,1
audio18.TextGrid,20,4,so,98.390,98.700,6.52,2,IN,0,6.2272,2.5758,1
audio18.TextGrid,20,5,he,98.940,99.070,6.69,2,PRP,0,5.7016,0.4065,1
audio18.TextGrid,20,6,thought,99.070,99.520,5.59,3,VBD,0,9.2000,0.2557,1
audio18.TextGrid,21,1,a,101.300,101.380,7.36,1,DT,0,2.6983,4.8393,1
audio18.TextGrid,21,2,small,101.380,101.690,5.51,4,JJ,0,6.8951,4.9252,1
audio18.TextGrid,21,3,bird,101.690,102.100,4.63,3,NN,1,3.9909,5.8206,1
audio18.TextGrid,21,4,came,102.100,102.290,5.5,3,VBD,0,6.8983,3.1443,1
audio18.TextGrid,21,5,toward,102.290,102.560,4.72,4,IN,0,9.6031,5.7148,1
audio18.TextGrid,21,6,the,102.560,102.650,7.73,2,DT,0,1.7443,2.3406,1
audio18.TextGrid,21,7,skiff,102.650,102.970,2.63,4,NN,1,4.1399,4.0691,1
audio18.TextGrid,21,8,from,102.970,103.220,6.63,4,IN,0,4.7013,4.3327,1
audio18.TextGrid,21,9,the,103.220,103.280,7.73,2,DT,0,1.6978,0.6510,1
audio18.TextGrid,21,10,north,103.280,103.640,5.34,4,NN,0,9.8282,3.0609,1
audio18.TextGrid,22,1,he,104.100,104.200,6.69,2,PRP,0,4.5353,2.2023,1
audio18.TextGrid,22,2,was,104.200,104.350,6.82,3,VBD,0,3.9158,2.3259,1
audio18.TextGrid,22,3,a,104.350,104.380,7.36,1,DT,0,3.3341,2.1660,1
audio18.TextGrid,22,4,warbler,104.380,105.020,2.77,6,NN,1,4.1407,8.0546,1
audio18.TextGrid,22,5,and,105.020,105.110,7.41,2,CC,0,4.5537,1.1737,1
audio18.TextGrid,22,6,flying,105.110,105.500,4.71,5,VBG,1,7.7707,7.7786,1
audio18.TextGrid,22,7,very,105.500,105.810,6.0,4,RB,0,7.3958,5.2442,1
audio18.TextGrid,22,8,low,105.810,106.150,5.33,2,JJ,0,8.0531,2.6718,1
audio18.TextGrid,22,9,over,106.150,106.340,6.08,3,IN,0,6.4625,3.4957,1
audio18.TextGrid,22,10,the,106.340,106.420,7.73,2,DT,0,1.7827,0.2839,1
audio18.TextGrid,22,11,water,106.420,106.920,5.52,4,NN,0,8.3733,1.9185,1
audio18.TextGrid,23,1,the,107.530,107.630,7.73,2,DT,0,1.8241,1.9502,1
audio18.TextGrid,23,2,old,107.630,107.880,5.75,3,JJ,0,7.3292,2.6115,1
audio18.TextGrid,23,3,man,107.880,108.030,5.82,3,NN,0,7.6921,0.0407,1
audio18.TextGrid,23,4,could,108.030,108.220,6.06,3,MD,0,5.2306,4.4831,1
audio18.TextGrid,23,5,see,108.220,108.490,6.1,2,VB,0,6.2362,1.2789,1
audio18.TextGrid,23,6,that,108.490,108.620,7.01,3,IN,0,4.3969,2.2265,1
audio18.TextGrid,23,7,he,108.620,108.690,6.69,2,PRP,0,4.9295,1.9456,1
audio18.TextGrid,23,8,was,108.690,108.880,6.82,3,VBD,0,5.5172,0.5019,1
audio18.TextGrid,23,9,very,108.880,109.070,6.0,4,RB,0,7.0293,4.3038,1
audio18.TextGrid,23,10,tired,109.070,109.630,4.71,4,JJ,0,10.3718,3.6276,1
audio18.TextGrid,24,1,the,111.050,111.120,7.73,2,DT,0,1.8241,2.3713,1
audio18.TextGrid,24,2,bird,111.120,111.390,4.63,3,NN,1,4.1358,2.5901,1
audio18.TextGrid,24,3,made,111.390,111.590,5.92,3,VBD,0,6.1486,4.5396,1
audio18.TextGrid,24,4,the,111.590,111.660,7.73,2,DT,0,2.7386,3.4315,1
audio18.TextGrid,24,5,stern,111.660,112.020,3.9,4,NN,0,11.0641,8.9820,1
audio18.TextGrid,24,6,of,112.020,112.090,7.4,2,IN,0,4.1246,2.3257,1
audio18.TextGrid,24,7,the,112.090,112.190,7.73,2,DT,0,1.6911,0.9043,1
audio18.TextGrid,24,8,boat,112.190,112.550,4.71,3,NN,1,4.1355,2.7857,1
audio18.TextGrid,24,9,and,112.550,112.700,7.41,3,CC,0,4.4720,1.1940,1
audio18.TextGrid,24,10,rested,112.700,113.120,3.59,6,VBD,1,5.6168,6.4919,1
audio18.TextGrid,24,11,there,113.120,113.370,6.31,3,EX,0,6.2388,3.6925,1
audio18.TextGrid,25,1,then,113.810,114.010,6.07,3,RB,0,7.4856,2.1541,1
audio18.TextGrid,25,2,he,114.010,114.180,6.69,2,PRP,0,5.3385,1.2095,1
audio18.TextGrid,25,3,flew,114.180,114.550,4.16,3,VBD,1,3.4135,4.7871,1
audio18.TextGrid,25,4,around,114.550,114.690,5.77,4,IN,0,7.4148,5.2473,1
audio18.TextGrid,25,5,the,114.690,114.770,7.73,2,DT,0,2.0585,1.3865,1
audio18.TextGrid,25,6,old,114.770,114.950,5.75,3,JJ,0,7.3326,5.8636,1
audio18.TextGrid,25,7,man,114.950,115.170,5.82,3,NN,0,7.6971,0.0284,1
audio18.TextGrid,25,8,s,115.170,115.230,5.86,1,VBZ,1,5.0148,1.4615,1
audio18.TextGrid,25,9,head,115.230,115.490,5.51,3,NN,0,9.7343,2.0872,1
audio18.TextGrid,25,10,and,115.490,115.640,7.41,3,CC,0,3.9534,0.9431,1
audio18.TextGrid,25,11,rested,115.640,115.970,3.59,6,VBN,1,5.7019,6.5686,1
audio18.TextGrid,25,12,on,115.970,116.090,6.91,2,IN,0,4.1481,1.7953,1
audio18.TextGrid,25,13,the,116.090,116.160,7.73,2,DT,0,1.6909,0.7008,1
audio18.TextGrid,25,14,line,116.160,116.540,5.49,3,NN,0,7.6709,3.9227,1
audio18.TextGrid,25,15,where,116.540,116.710,6.0,3,WRB,0,7.2642,4.3208,1
audio18.TextGrid,25,16,he,116.710,116.800,6.69,2,PRP,0,4.6802,1.3399,1
audio18.TextGrid,25,17,was,116.800,116.940,6.82,3,VBD,0,3.9209,1.8004,1
audio18.TextGrid,25,18,more,116.940,117.090,6.36,3,RBR,0,5.6860,6.6787,1
audio18.TextGrid,25,19,comfortable,117.090,117.610,4.66,10,JJ,0,10.0793,2.1514,1
audio18.TextGrid,26,1,how,119.310,119.410,6.24,2,WRB,0,7.8277,4.8513,1
audio18.TextGrid,26,2,old,119.410,119.660,5.75,3,JJ,0,7.5297,4.4674,1
audio18.TextGrid,26,3,are,119.660,119.700,6.74,1,VBP,0,5.7813,0.7783,1
audio18.TextGrid,26,4,you,119.700,120.250,6.98,2,PRP,0,6.4220,0.0832,1
audio18.TextGrid,26,5,the,120.520,120.630,7.73,2,DT,0,2.8503,1.7506,1
audio18.TextGrid,26,6,old,120.630,120.840,5.75,3,JJ,0,7.3370,0.2271,1
audio18.TextGrid,26,7,man,120.840,121.060,5.82,3,NN,0,7.6938,0.0047,1
audio18.TextGrid,26,8,asked,121.060,121.340,5.3,3,VBD,0,7.7612,0.2419,1
audio18.TextGrid,26,9,the,121.340,121.400,7.73,2,DT,0,2.5030,2.8324,1
audio18.TextGrid,26,10,bird,121.400,121.770,4.63,3,NN,1,4.1409,1.6879,1
audio18.TextGrid,26,11,is,122.520,122.680,7.07,2,VBZ,0,4.5043,5.9474,1
audio18.TextGrid,26,12,this,122.680,122.860,6.82,3,DT,0,5.6471,2.9418,1
audio18.TextGrid,26,13,your,122.860,122.980,6.53,3,PRP$,0,10.4417,2.6068,1
audio18.TextGrid,26,14,first,122.980,123.290,6.11,4,JJ,0,6.3008,2.9330,1
audio18.TextGrid,26,15,trip,123.290,123.610,4.9,4,NN,0,10.2588,4.5556,1
audio18.TextGrid,27,1,the,125.110,125.190,7.73,2,DT,0,1.8241,1.3458,1
audio18.TextGrid,27,2,bird,125.190,125.460,4.63,3,NN,1,4.1358,0.4013,1
audio18.TextGrid,27,3,looked,125.460,125.680,5.11,4,VBD,0,10.2403,2.9137,1
audio18.TextGrid,27,4,at,125.680,125.830,6.7,2,IN,0,4.2211,1.0810,1
audio18.TextGrid,27,5,him,125.830,125.970,6.11,2,PRP,0,7.3636,0.7450,1
audio18.TextGrid,27,6,when,125.970,126.090,6.37,3,WRB,0,6.4453,7.3194,1
audio18.TextGrid,27,7,he,126.090,126.180,6.69,2,PRP,0,4.6835,0.7917,1
audio18.TextGrid,27,8,spoke,126.180,126.650,4.61,4,VBD,0,9.8264,4.0858,1
audio18.TextGrid,28,1,he,127.510,127.610,6.69,2,PRP,0,4.5353,2.5737,1
audio18.TextGrid,28,2,was,127.610,127.760,6.82,3,VBD,0,3.9158,1.5036,1
audio18.TextGrid,28,3,too,127.760,127.890,5.95,2,RB,0,7.2407,4.1563,1
audio18.TextGrid,28,4,tired,127.890,128.300,4.71,4,JJ,0,10.3310,1.7430,1
audio18.TextGrid,28,5,even,128.300,128.520,5.99,4,RB,0,7.0025,6.8957,1
audio18.TextGrid,28,6,to,128.520,128.660,7.43,2,TO,0,3.5397,0.4166,1
audio18.TextGrid,28,7,examine,128.660,129.060,4.18,7,VB,0,9.9747,8.9128,1
audio18.TextGrid,28,8,the,129.060,129.130,7.73,2,DT,0,2.7805,1.0446,1
audio18.TextGrid,28,9,line,129.130,129.470,5.49,3,NN,0,7.6750,1.6110,1
audio18.TextGrid,28,10,and,129.470,129.590,7.41,3,CC,0,4.3880,2.8980,1
audio18.TextGrid,28,11,he,129.590,129.720,6.69,2,PRP,0,5.2173,1.7391,1
audio18.TextGrid,28,12,teetered,129.720,130.170,1.9,5,VBD,1,4.1416,12.8213,1
audio18.TextGrid,28,13,on,130.170,130.350,6.91,2,IN,0,4.8755,1.1247,1
audio18.TextGrid,28,14,it,130.350,130.550,6.95,2,PRP,0,3.8681,2.3614,1
audio18.TextGrid,28,15,as,130.550,130.690,6.77,2,IN,0,4.4589,3.7087,1
audio18.TextGrid,28,16,his,130.690,130.870,6.51,3,PRP$,0,5.3702,4.3195,1
audio18.TextGrid,28,17,delicate,130.870,131.270,4.01,7,JJ,1,5.1755,9.4991,1
audio18.TextGrid,28,18,feet,131.290,131.520,4.99,3,NNS,0,9.5758,4.7632,1
audio18.TextGrid,28,19,gripped,131.520,131.810,3.14,5,VBD,1,4.9625,5.7551,1
audio18.TextGrid,28,20,it,131.810,131.930,6.95,2,PRP,0,4.5301,2.1774,1
audio18.TextGrid,28,21,fast,131.950,132.480,5.13,4,VBD,0,10.1761,6.2374,1
audio18.TextGrid,29,1,it,134.460,134.610,6.95,2,PRP,0,3.8912,3.3462,1
audio18.TextGrid,29,2,s,134.610,134.640,5.86,1,VBD,1,3.3819,0.7590,1
audio18.TextGrid,29,3,steady,134.640,135.200,4.31,5,JJ,0,9.7401,9.3578,1
audio18.TextGrid,29,4,the,135.470,135.570,7.73,2,DT,0,4.5478,0.8930,1
audio18.TextGrid,29,5,old,135.570,135.780,5.75,3,JJ,0,7.3433,0.7023,1
audio18.TextGrid,29,6,man,135.780,135.980,5.82,3,NN,0,7.7112,0.0033,1
audio18.TextGrid,29,7,told,135.980,136.240,5.54,4,VBD,0,8.4773,3.3244,1
audio18.TextGrid,29,8,him,136.240,136.390,6.11,2,PRP,0,8.1919,0.2528,1
audio18.TextGrid,30,1,it,137.110,137.250,6.95,2,PRP,0,3.8912,1.8980,1
audio18.TextGrid,30,2,s,137.250,137.320,5.86,1,VBD,1,3.3819,0.6749,1
audio18.TextGrid,30,3,too,137.320,137.490,5.95,2,RB,0,7.2423,4.7061,1
audio18.TextGrid,30,4,steady,137.490,138.020,4.31,5,JJ,0,9.2370,4.8161,1
audio18.TextGrid,31,1,you,138.700,138.830,6.98,2,PRP,0,5.7058,2.6073,1
audio18.TextGrid,31,2,shouldn't,138.830,139.110,4.82,6,VBP,1,3.9761,5.4666,1
audio18.TextGrid,31,3,be,139.110,139.230,6.79,2,VB,0,4.7970,1.7033,1
audio18.TextGrid,31,4,that,139.230,139.480,7.01,3,IN,0,4.4016,5.9109,1
audio18.TextGrid,31,5,tired,139.480,139.820,4.71,4,JJ,0,10.5260,1.3397,1
audio18.TextGrid,31,6,after,139.820,140.070,6.11,4,IN,0,8.1005,4.7841,1
audio18.TextGrid,31,7,a,140.070,140.100,7.36,1,DT,0,2.6065,2.0688,1
audio18.TextGrid,31,8,windless,140.100,140.590,1.83,7,NN,1,4.1341,14.6263,1
audio18.TextGrid,31,9,night,140.590,140.990,5.61,3,NN,0,9.1156,1.2221,1
audio18.TextGrid,32,1,what,141.530,141.720,6.38,4,WDT,0,6.9013,4.8742,1
audio18.TextGrid,32,2,are,141.720,141.820,6.74,1,VBP,0,4.2956,2.5912,1
audio18.TextGrid,32,3,birds,141.820,142.230,4.6,4,NNS,0,12.3008,8.6443,1
audio18.TextGrid,32,4,coming,142.230,142.650,5.4,5,VBG,0,8.6122,6.1143,1
audio18.TextGrid,33,1,to,142.650,143.120,7.43,2,TO,0,4.2199,1.6978,1
audio18.TextGrid,33,2,the,145.570,145.670,7.73,2,DT,0,2.3639,1.3994,1
audio18.TextGrid,33,3,hawks,145.670,146.050,3.89,4,NN,1,4.1345,8.8232,1
audio18.TextGrid,33,4,he,146.050,146.160,6.69,2,PRP,0,5.2464,1.4366,1
audio18.TextGrid,33,5,thought,146.160,146.410,5.59,3,VBD,0,7.9436,0.6335,1
audio18.TextGrid,33,6,that,146.410,146.570,7.01,3,IN,0,4.1119,5.5405,1
audio18.TextGrid,33,7,come,146.570,146.740,5.78,3,VB,0,8.9594,5.5028,1
audio18.TextGrid,33,8,out,146.740,146.830,6.38,2,IN,0,5.7451,3.6453,1
audio18.TextGrid,33,9,to,146.830,146.960,7.43,2,TO,0,3.8040,2.3679,1
audio18.TextGrid,33,10,sea,146.960,147.140,5.06,2,VB,0,8.6113,3.9035,1
audio18.TextGrid,33,11,to,147.140,147.240,7.43,2,TO,0,4.5291,2.3395,1
audio18.TextGrid,33,12,meet,147.240,147.490,5.27,3,VB,0,8.1358,5.1726,1
audio18.TextGrid,33,13,them,147.490,147.700,6.19,3,PRP,0,6.5869,3.1449,1
audio18.TextGrid,34,1,but,148.390,148.520,6.63,3,CC,0,5.3198,3.7863,1
audio18.TextGrid,34,2,he,148.520,148.610,6.69,2,PRP,0,4.7447,2.0517,1
audio18.TextGrid,34,3,said,148.610,148.800,6.01,3,VBD,0,3.3495,4.5225,1
audio18.TextGrid,34,4,nothing,148.800,149.090,5.55,5,NN,0,10.4525,1.6591,1
audio18.TextGrid,34,5,of,149.090,149.160,7.4,2,IN,0,3.4258,3.4936,1
audio18.TextGrid,34,6,this,149.160,149.330,6.82,3,DT,0,4.7524,3.8374,1
audio18.TextGrid,34,7,to,149.330,149.430,7.43,2,TO,0,5.7947,3.3274,1
audio18.TextGrid,34,8,the,149.430,149.520,7.73,2,DT,0,1.8454,1.0454,1
audio18.TextGrid,34,9,bird,149.520,149.840,4.63,3,NN,1,4.1352,1.6163,1
audio18.TextGrid,34,10,who,149.840,149.900,6.34,2,WP,0,4.7200,3.8650,1
audio18.TextGrid,34,11,could,149.900,150.100,6.06,3,MD,0,5.6504,5.1460,1
audio18.TextGrid,34,12,not,150.100,150.270,6.69,3,RB,0,6.5449,0.9713,1
audio18.TextGrid,34,13,understand,150.270,150.740,5.37,9,VB,0,9.3232,2.5331,1
audio18.TextGrid,34,14,him,150.740,150.840,6.11,2,PRP,0,8.0861,2.4938,1
audio18.TextGrid,34,15,anyway,150.840,151.270,4.91,5,RB,0,11.0500,6.6610,1
audio18.TextGrid,34,16,and,151.620,151.730,7.41,3,CC,0,3.5862,3.0605,1
audio18.TextGrid,34,17,who,151.730,151.790,6.34,2,WP,0,4.2788,6.8057,1
audio18.TextGrid,34,18,would,151.790,151.950,6.27,3,MD,0,5.0413,3.4475,1
audio18.TextGrid,34,19,learn,151.950,152.170,5.17,3,VB,0,9.5949,5.7478,1
audio18.TextGrid,34,20,about,152.170,152.420,6.4,4,IN,0,5.5775,4.5105,1
audio18.TextGrid,34,21,the,152.420,152.550,7.73,2,DT,0,1.9404,1.6390,1
audio18.TextGrid,34,22,hawks,152.550,153.130,3.89,4,NN,1,4.1423,6.0010,1
audio18.TextGrid,34,23,soon,153.130,153.360,5.32,3,RB,0,8.7041,3.5538,1
audio18.TextGrid,34,24,enough,153.360,153.720,5.54,4,RB,0,7.7782,1.1241,1
audio18.TextGrid,35,1,take,155.640,155.880,5.92,3,VB,0,10.3343,5.8888,1
audio18.TextGrid,35,2,a,155.880,155.960,7.36,1,DT,0,3.2802,1.7826,1
audio18.TextGrid,35,3,good,155.960,156.240,6.12,3,JJ,0,6.9577,2.9671,1
audio18.TextGrid,35,4,rest,156.240,156.620,5.23,4,NN,0,8.3585,4.0449,1
audio18.TextGrid,35,5,small,156.620,156.940,5.51,4,JJ,0,8.0350,8.4979,1
audio18.TextGrid,35,6,bird,156.940,157.460,4.63,3,NN,1,4.3848,0.5053,1
audio18.TextGrid,35,7,he,157.680,157.810,6.69,2,PRP,0,6.2032,0.8632,1
audio18.TextGrid,35,8,said,157.810,158.110,6.01,3,VBD,0,3.6974,0.3005,1
audio18.TextGrid,36,1,then,158.630,158.940,6.07,3,RB,0,7.4856,4.9340,1
audio18.TextGrid,36,2,go,158.940,159.140,6.03,2,VB,0,7.9167,2.7970,1
audio18.TextGrid,36,3,in,159.140,159.280,7.27,2,IN,0,3.6929,4.7221,1
audio18.TextGrid,36,4,and,159.280,159.450,7.41,3,CC,0,5.3362,2.4692,1
audio18.TextGrid,36,5,take,159.450,159.660,5.92,3,VB,0,7.6744,3.3933,1
audio18.TextGrid,36,6,your,159.660,159.760,6.53,3,PRP$,0,7.4063,2.6130,1
audio18.TextGrid,36,7,chance,159.760,160.180,5.26,4,NN,0,8.5634,5.1770,1
audio18.TextGrid,36,8,like,160.180,160.400,6.41,3,IN,0,7.0332,7.3803,1
audio18.TextGrid,36,9,any,160.400,160.610,6.07,3,DT,0,5.5433,3.3537,1
audio18.TextGrid,36,10,man,160.610,161.020,5.82,3,NN,0,7.6826,3.3158,1
audio18.TextGrid,36,11,or,161.020,161.150,6.54,2,CC,0,5.9890,4.2239,1
audio18.TextGrid,36,12,bird,161.150,161.560,4.63,3,NN,1,5.4456,2.5730,1
audio18.TextGrid,36,13,or,161.560,161.710,6.54,2,CC,0,5.7263,4.4377,1
audio18.TextGrid,36,14,fish,161.710,162.200,4.9,3,NN,1,5.0165,2.2695,1
audio18.TextGrid,37,1,it,164.510,164.640,6.95,2,PRP,0,3.8912,3.8612,1
audio18.TextGrid,37,2,encouraged,164.640,165.180,4.32,7,VBD,0,12.2755,11.2679,1
audio18.TextGrid,37,3,him,165.180,165.270,6.11,2,PRP,0,10.5743,0.3857,1
audio18.TextGrid,37,4,to,165.270,165.370,7.43,2,TO,0,3.5340,0.4575,1
audio18.TextGrid,37,5,talk,165.370,165.700,5.42,3,VB,0,8.7779,5.4191,1
audio18.TextGrid,37,6,because,165.710,166.000,6.03,5,IN,0,6.3201,6.2315,1
audio18.TextGrid,37,7,his,166.000,166.140,6.51,3,PRP$,0,5.3518,3.5283,1
audio18.TextGrid,37,8,back,166.140,166.420,6.04,3,NN,0,9.0275,6.4946,1
audio18.TextGrid,37,9,had,166.420,166.560,6.33,3,VBD,0,6.8573,2.8493,1
audio18.TextGrid,37,10,stiffened,166.560,167.060,2.53,7,VBN,1,6.3542,7.0103,1
audio18.TextGrid,37,11,in,167.060,167.180,7.27,2,IN,0,2.7030,4.4538,1
audio18.TextGrid,37,12,the,167.180,167.250,7.73,2,DT,0,1.6833,0.9315,1
audio18.TextGrid,37,13,night,167.250,167.770,5.61,3,NN,0,8.1560,4.3758,1
audio18.TextGrid,37,14,and,167.890,168.040,7.41,3,CC,0,4.1680,1.1775,1
audio18.TextGrid,37,15,it,168.040,168.150,6.95,2,PRP,0,4.4856,2.9889,1
audio18.TextGrid,37,16,hurt,168.150,168.350,4.94,3,VBZ,0,8.2305,5.4042,1
audio18.TextGrid,37,17,truly,168.370,168.750,4.87,5,RB,1,4.7040,12.2324,1
audio18.TextGrid,37,18,now,168.750,169.170,6.18,2,RB,0,6.2611,6.4022,1
audio18.TextGrid,38,1,stay,170.910,171.120,5.33,3,NN,0,12.7803,5.2840,1
audio18.TextGrid,38,2,at,171.120,171.250,6.7,2,IN,0,5.4349,3.9125,1
audio18.TextGrid,38,3,my,171.250,171.490,6.57,2,PRP$,0,7.1689,3.1779,1
audio18.TextGrid,38,4,house,171.490,171.760,5.71,3,NN,0,7.0556,1.7952,1
audio18.TextGrid,38,5,if,171.760,171.870,6.47,2,IN,0,7.0978,4.9585,1
audio18.TextGrid,38,6,you,171.870,171.960,6.98,2,PRP,0,5.6237,0.2688,1
audio18.TextGrid,38,7,like,171.960,172.180,6.41,3,VBP,0,6.4641,2.0990,1
audio18.TextGrid,38,8,bird,172.200,172.570,4.63,3,NN,1,5.8119,4.0965,1
audio18.TextGrid,38,9,he,172.750,172.850,6.69,2,PRP,0,6.7789,0.5605,1
audio18.TextGrid,38,10,said,172.850,173.160,6.01,3,VBD,0,4.0157,0.2868,1
audio18.TextGrid,39,1,i,173.960,174.010,7.09,1,NN,0,5.5144,1.4686,1
audio18.TextGrid,39,2,am,174.010,174.120,5.78,2,VBP,0,9.1941,2.8353,1
audio18.TextGrid,39,3,sorry,174.120,174.470,5.18,4,NN,0,11.4599,3.6421,1
audio18.TextGrid,39,4,i,174.470,174.560,7.09,1,NN,0,8.0725,2.4053,1
audio18.TextGrid,39,5,cannot,174.560,174.890,5.11,5,VBP,1,4.9034,3.9025,1
audio18.TextGrid,39,6,hoist,174.890,175.130,3.12,4,PDT,1,6.4493,11.8502,1
audio18.TextGrid,39,7,the,175.130,175.250,7.73,2,DT,0,3.9498,2.3323,1
audio18.TextGrid,39,8,sail,175.250,175.610,4.01,3,NN,1,4.8768,5.5155,1
audio18.TextGrid,39,9,and,175.610,175.700,7.41,2,CC,0,3.9758,3.1847,1
audio18.TextGrid,39,10,take,175.700,175.940,5.92,3,VB,0,7.9849,3.8735,1
audio18.TextGrid,39,11,you,175.940,176.200,6.98,2,PRP,0,6.2706,2.0627,1
audio18.TextGrid,39,12,in,176.200,176.260,7.27,2,IN,0,3.1892,3.2489,1
audio18.TextGrid,39,13,with,176.260,176.360,6.85,3,IN,0,6.7377,3.5970,1
audio18.TextGrid,39,14,the,176.360,176.440,7.73,2,DT,0,1.8789,4.1551,1
audio18.TextGrid,39,15,small,176.440,176.770,5.51,4,JJ,0,6.8997,6.2472,1
audio18.TextGrid,39,16,breeze,176.770,177.240,3.86,4,NN,1,4.0103,7.7401,1
audio18.TextGrid,39,17,that,177.240,177.390,7.01,3,WDT,0,4.2587,3.5309,1
audio18.TextGrid,39,18,is,177.390,177.540,7.07,2,VBZ,0,5.0071,2.0971,1
audio18.TextGrid,39,19,rising,177.540,177.970,4.52,5,VBG,0,8.3533,5.3107,1
audio18.TextGrid,40,1,but,178.620,178.750,6.63,3,CC,0,5.3198,1.9988,1
audio18.TextGrid,40,2,i,178.750,178.900,7.09,1,JJ,0,5.7238,1.3140,1
audio18.TextGrid,40,3,am,178.900,179.010,5.78,2,VBP,0,9.1613,2.0326,1
audio18.TextGrid,40,4,with,179.010,179.140,6.85,3,IN,0,5.3227,6.1632,1
audio18.TextGrid,40,5,a,179.140,179.210,7.36,1,DT,0,2.6004,5.4940,1
audio18.TextGrid,40,6,friend,179.210,179.820,5.37,5,NN,0,8.8535,3.0698,1
audio19.TextGrid,1,1,just,1.000,1.220,6.43,3,RB,0,7.1407,7.1555,1
audio19.TextGrid,1,2,then,1.220,1.480,6.07,3,RB,0,6.6148,1.4187,1
audio19.TextGrid,1,3,the,1.480,1.550,7.73,2,DT,0,3.1369,0.7199,1
audio19.TextGrid,1,4,fish,1.550,1.850,4.9,3,NN,1,4.1670,4.9594,1
audio19.TextGrid,1,5,gave,1.850,2.040,5.25,3,VBD,0,7.8369,4.6335,1
audio19.TextGrid,1,6,a,2.040,2.100,7.36,1,DT,0,3.3274,1.4081,1
audio19.TextGrid,1,7,sudden,2.100,2.400,4.4,5,JJ,0,10.0332,4.6653,1
audio19.TextGrid,1,8,lurch,2.400,2.800,2.79,3,NN,1,3.9917,6.3425,1
audio19.TextGrid,1,9,that,2.800,2.960,7.01,3,WDT,0,4.2104,4.6582,1
audio19.TextGrid,1,10,pulled,3.010,3.250,4.67,4,VBD,0,12.1040,6.0771,1
audio19.TextGrid,1,11,the,3.250,3.370,7.73,2,DT,0,2.3802,1.1328,1
audio19.TextGrid,1,12,old,3.370,3.570,5.75,3,JJ,0,7.3314,1.5546,1
audio19.TextGrid,1,13,man,3.570,3.810,5.82,3,NN,0,7.6936,0.0065,1
audio19.TextGrid,1,14,down,3.810,4.120,5.88,3,RP,0,6.8677,3.2308,1
audio19.TextGrid,1,15,onto,4.120,4.290,4.77,4,IN,0,10.7816,3.6795,1
audio19.TextGrid,1,16,the,4.290,4.370,7.73,2,DT,0,1.7297,0.4467,1
audio19.TextGrid,1,17,bow,4.370,4.660,4.3,2,NN,1,4.1400,7.0903,1
audio19.TextGrid,1,18,and,4.660,4.720,7.41,2,CC,0,4.1373,1.4901,1
audio19.TextGrid,1,19,would,4.720,4.830,6.27,3,MD,0,6.2421,7.8631,1
audio19.TextGrid,1,20,have,4.830,5.030,6.71,3,VB,0,3.8737,1.2547,1
audio19.TextGrid,1,21,pulled,5.030,5.320,4.67,4,VBN,0,10.8572,5.3751,1
audio19.TextGrid,1,22,him,5.320,5.430,6.11,2,PRP,0,8.0998,0.6359,1
audio19.TextGrid,1,23,overboard,5.430,5.990,3.43,7,RB,1,5.2326,5.1861,1
audio19.TextGrid,1,24,if,5.990,6.090,6.47,2,IN,0,6.2523,1.4213,1
audio19.TextGrid,1,25,he,6.090,6.170,6.69,2,PRP,0,4.4799,0.6473,1
audio19.TextGrid,1,26,had,6.170,6.290,6.33,3,VBD,0,5.9671,0.6431,1
audio19.TextGrid,1,27,not,6.290,6.420,6.69,3,RB,0,5.4473,0.9423,1
audio19.TextGrid,1,28,braced,6.420,6.810,3.03,5,VBN,1,5.1545,8.9228,1
audio19.TextGrid,1,29,himself,6.810,7.210,5.25,7,PRP,0,9.4354,0.3650,1
audio19.TextGrid,1,30,and,7.210,7.310,7.41,2,CC,0,4.0437,2.7731,1
audio19.TextGrid,1,31,given,7.310,7.600,5.41,5,VBN,0,8.2264,6.6674,1
audio19.TextGrid,1,32,some,7.600,7.800,6.2,3,DT,0,6.4271,5.0204,1
audio19.TextGrid,1,33,line,7.800,8.230,5.49,3,NN,0,7.7095,8.3473,1
audio19.TextGrid,2,1,the,9.930,10.010,7.73,2,DT,0,1.8241,1.6145,1
audio19.TextGrid,2,2,bird,10.010,10.310,4.63,3,NN,1,4.1358,3.2183,1
audio19.TextGrid,2,3,had,10.310,10.470,6.33,3,VBD,0,4.9842,3.5530,1
audio19.TextGrid,2,4,flown,10.470,10.720,3.83,4,VBN,1,6.3883,6.1310,1
audio19.TextGrid,2,5,up,10.720,10.940,6.39,2,RP,0,5.1308,2.3341,1
audio19.TextGrid,2,6,when,10.940,11.050,6.37,3,WRB,0,6.6628,6.0053,1
audio19.TextGrid,2,7,the,11.050,11.120,7.73,2,DT,0,1.9568,1.1998,1
audio19.TextGrid,2,8,line,11.120,11.420,5.49,3,NN,0,7.6679,2.6623,1
audio19.TextGrid,2,9,jerked,11.420,11.790,2.93,4,VBN,1,5.2347,8.4416,1
audio19.TextGrid,2,10,and,11.790,11.880,7.41,2,CC,0,4.1132,1.3611,1
audio19.TextGrid,2,11,the,11.880,11.980,7.73,2,DT,0,3.5051,1.9267,1
audio19.TextGrid,2,12,old,11.980,12.190,5.75,3,JJ,0,7.3346,0.6852,1
audio19.TextGrid,2,13,man,12.190,12.420,5.82,3,NN,0,7.6936,0.0036,1
audio19.TextGrid,2,14,had,12.420,12.570,6.33,3,VBD,0,5.5010,3.2559,1
audio19.TextGrid,2,15,not,12.570,12.750,6.69,3,RB,0,5.4520,3.8997,1
audio19.TextGrid,2,16,even,12.750,12.980,5.99,4,RB,0,6.1865,3.5897,1
audio19.TextGrid,2,17,seen,12.980,13.240,5.52,3,VBN,0,8.2704,4.1174,1
audio19.TextGrid,2,18,him,13.240,13.350,6.11,2,PRP,0,8.8945,2.4971,1
audio19.TextGrid,2,19,go,13.350,13.740,6.03,2,VB,0,7.8088,4.3973,1
audio19.TextGrid,3,1,he,14.450,14.560,6.69,2,PRP,0,4.5353,1.6247,1
audio19.TextGrid,3,2,felt,14.560,14.780,5.13,4,VBD,0,8.2416,4.0120,1
audio19.TextGrid,3,3,the,14.780,14.900,7.73,2,DT,0,2.5389,2.2768,1
audio19.TextGrid,3,4,line,14.900,15.210,5.49,3,NN,0,7.6745,2.9287,1
audio19.TextGrid,3,5,carefully,15.210,15.670,4.46,7,RB,0,11.4739,8.4389,1
audio19.TextGrid,3,6,with,15.670,15.820,6.85,3,IN,0,5.1503,5.6831,1
audio19.TextGrid,3,7,his,15.820,15.950,6.51,3,PRP$,0,5.3544,0.4606,1
audio19.TextGrid,3,8,right,15.950,16.210,5.96,3,JJ,0,7.0997,3.4613,1
audio19.TextGrid,3,9,hand,16.210,16.540,5.41,4,NN,0,9.0591,0.3816,1
audio19.TextGrid,3,10,and,16.540,16.810,7.41,3,CC,0,4.2771,0.7430,1
audio19.TextGrid,3,11,noticed,16.810,17.160,4.63,6,VBD,0,11.4952,6.9623,1
audio19.TextGrid,3,12,his,17.160,17.280,6.51,3,PRP$,0,6.7855,3.7280,1
audio19.TextGrid,3,13,hand,17.280,17.520,5.41,4,NN,0,8.2337,3.5732,1
audio19.TextGrid,3,14,was,17.520,17.620,6.82,3,VBD,0,6.0174,1.3874,1
audio19.TextGrid,3,15,bleeding,17.620,18.180,4.08,6,VBG,1,7.4536,5.4638,1
audio19.TextGrid,4,1,something,20.010,20.410,5.81,6,NN,0,9.3884,6.4609,1
audio19.TextGrid,4,2,hurt,20.410,20.610,4.94,3,VBD,0,8.1393,4.9781,1
audio19.TextGrid,4,3,him,20.610,20.780,6.11,2,PRP,0,8.3974,5.5154,1
audio19.TextGrid,4,4,then,20.780,21.030,6.07,3,RB,0,7.7217,6.4389,1
audio19.TextGrid,4,5,he,21.030,21.410,6.69,2,PRP,0,6.4771,0.6617,1
audio19.TextGrid,4,6,said,21.410,21.610,6.01,3,VBD,0,4.5485,0.4176,1
audio19.TextGrid,4,7,aloud,21.610,22.070,3.51,4,JJ,1,5.8368,5.6167,1
audio19.TextGrid,4,8,and,22.070,22.200,7.41,2,CC,0,3.8136,2.6769,1
audio19.TextGrid,4,9,pulled,22.200,22.500,4.67,4,VBD,0,12.7687,5.2008,1
audio19.TextGrid,4,10,back,22.500,22.780,6.04,3,RB,0,7.0440,3.8206,1
audio19.TextGrid,4,11,on,22.780,22.890,6.91,2,IN,0,4.6145,2.2109,1
audio19.TextGrid,4,12,the,22.890,22.960,7.73,2,DT,0,1.7189,0.3429,1
audio19.TextGrid,4,13,line,22.960,23.290,5.49,3,NN,0,7.6715,0.9574,1
audio19.TextGrid,4,14,to,23.290,23.400,7.43,2,TO,0,3.4594,3.2604,1
audio19.TextGrid,4,15,see,23.400,23.580,6.1,2,VB,0,6.7642,3.1402,1
audio19.TextGrid,4,16,if,23.580,23.660,6.47,2,IN,0,6.3387,0.8081,1
audio19.TextGrid,4,17,he,23.660,23.740,6.69,2,PRP,0,4.4651,1.5054,1
audio19.TextGrid,4,18,could,23.740,23.910,6.06,3,MD,0,6.6961,0.3233,1
audio19.TextGrid,4,19,turn,23.910,24.150,5.32,3,VB,0,7.8004,5.6101,1
audio19.TextGrid,4,20,the,24.150,24.210,7.73,2,DT,0,2.2840,2.4420,1
audio19.TextGrid,4,21,fish,24.210,24.610,4.9,3,NN,1,4.1385,4.0335,1
audio19.TextGrid,5,1,but,25.250,25.430,6.63,3,CC,0,5.3198,2.6994,1
audio19.TextGrid,5,2,when,25.430,25.550,6.37,3,WRB,0,7.3152,3.6968,1
audio19.TextGrid,5,3,he,25.550,25.640,6.69,2,PRP,0,4.7732,0.4319,1
audio19.TextGrid,5,4,was,25.640,25.810,6.82,3,VBD,0,3.9210,3.2292,1
audio19.TextGrid,5,5,touching,25.810,26.170,4.22,5,VBG,1,7.4922,7.8839,1
audio19.TextGrid,5,6,the,26.170,26.230,7.73,2,DT,0,2.2291,0.6120,1
audio19.TextGrid,5,7,breaking,26.230,26.640,4.74,6,NN,0,12.2139,9.6579,1
audio19.TextGrid,5,8,point,26.640,27.050,5.54,4,NN,0,6.9457,0.1021,1
audio19.TextGrid,5,9,he,27.050,27.180,6.69,2,PRP,0,5.6167,1.1553,1
audio19.TextGrid,5,10,held,27.180,27.450,5.24,4,VBD,0,7.1048,6.6427,1
audio19.TextGrid,5,11,steady,27.450,27.880,4.31,5,JJ,0,10.0808,5.9191,1
audio19.TextGrid,5,12,and,27.880,28.010,7.41,2,CC,0,3.6663,1.4873,1
audio19.TextGrid,5,13,settled,28.010,28.340,4.44,6,VBD,0,10.8753,8.1246,1
audio19.TextGrid,5,14,back,28.340,28.650,6.04,3,RB,0,7.3641,2.2946,1
audio19.TextGrid,5,15,against,28.650,28.970,5.68,6,IN,0,7.3045,2.6584,1
audio19.TextGrid,5,16,the,28.970,29.080,7.73,2,DT,0,1.7086,0.1403,1
audio19.TextGrid,5,17,strain,29.080,29.440,4.15,5,NN,0,10.2372,10.3064,1
audio19.TextGrid,5,18,of,29.440,29.540,7.4,2,IN,0,3.1966,1.6519,1
audio19.TextGrid,5,19,the,29.540,29.640,7.73,2,DT,0,1.7010,0.2919,1
audio19.TextGrid,5,20,line,29.640,30.070,5.49,3,NN,0,7.6706,1.0055,1
audio19.TextGrid,6,1,you,31.520,31.650,6.98,2,PRP,0,5.7058,2.8732,1
audio19.TextGrid,6,2,re,31.650,31.730,5.23,2,VBP,1,3.9761,2.7605,1
audio19.TextGrid,6,3,feeling,31.730,32.120,5.13,5,VBG,0,9.6945,5.6304,1
audio19.TextGrid,6,4,it,32.120,32.270,6.95,2,PRP,0,4.3514,3.5585,1
audio19.TextGrid,6,5,now,32.270,32.600,6.18,2,RB,0,7.1393,1.6651,1
audio19.TextGrid,6,6,fish,32.600,33.030,4.9,3,VBZ,1,4.1266,5.1489,1
audio19.TextGrid,6,7,he,33.260,33.410,6.69,2,PRP,0,5.3564,0.4285,1
audio19.TextGrid,6,8,said,33.410,33.760,6.01,3,VBD,0,4.8856,0.1844,1
audio19.TextGrid,7,1,and,34.240,34.420,7.41,2,CC,0,3.7036,4.1938,1
audio19.TextGrid,7,2,so,34.420,34.770,6.52,2,RB,0,5.7053,5.1631,1
audio19.TextGrid,7,3,god,34.770,35.140,5.57,3,JJ,0,12.8402,6.3473,1
audio19.TextGrid,7,4,knows,35.140,35.500,5.07,3,VBZ,0,10.1106,3.4012,1
audio19.TextGrid,7,5,am,35.500,35.630,5.78,2,VBP,0,10.1339,6.8951,1
audio19.TextGrid,7,6,i,35.630,35.910,7.09,1,NN,0,6.4169,0.0769,1
audio19.TextGrid,7,7,he,37.960,38.070,6.69,2,PRP,0,6.4126,1.9699,1
audio19.TextGrid,7,8,looked,38.070,38.250,5.11,4,VBD,0,10.6571,2.7712,1
audio19.TextGrid,7,9,around,38.250,38.570,5.77,4,IN,0,6.8193,2.7935,1
audio19.TextGrid,7,10,for,38.570,38.670,7.01,2,IN,0,5.2043,2.3653,1
audio19.TextGrid,7,11,the,38.670,38.760,7.73,2,DT,0,1.7658,1.3184,1
audio19.TextGrid,7,12,bird,38.760,39.120,4.63,3,NN,1,4.1408,3.8922,1
audio19.TextGrid,7,13,now,39.120,39.360,6.18,2,RB,0,7.2221,6.4887,1
audio19.TextGrid,7,14,because,39.360,39.690,6.03,5,IN,0,6.3894,6.3883,1
audio19.TextGrid,7,15,he,39.690,39.760,6.69,2,PRP,0,4.5288,1.0528,1
audio19.TextGrid,7,16,would,39.760,39.890,6.27,3,MD,0,5.6568,4.5177,1
audio19.TextGrid,7,17,have,39.890,40.000,6.71,3,VB,0,3.8740,1.5851,1
audio19.TextGrid,7,18,liked,40.000,40.250,4.76,4,VBN,1,5.9223,4.4554,1
audio19.TextGrid,7,19,him,40.250,40.350,6.11,2,PRP,0,8.7512,4.1008,1
audio19.TextGrid,7,20,for,40.350,40.460,7.01,2,IN,0,3.6311,6.4505,1
audio19.TextGrid,7,21,company,40.460,41.030,5.6,7,NN,0,6.3335,10.0325,1
audio19.TextGrid,8,1,the,41.690,41.770,7.73,2,DT,0,1.8241,2.1100,1
audio19.TextGrid,8,2,bird,41.770,42.000,4.63,3,NN,1,4.1358,2.9813,1
audio19.TextGrid,8,3,was,42.000,42.180,6.82,3,VBD,0,4.1804,1.6834,1
audio19.TextGrid,8,4,gone,42.180,42.630,5.17,3,VBN,0,10.2909,4.2449,1
audio19.TextGrid,9,1,you,44.380,44.520,6.98,2,PRP,0,5.7058,6.5240,1
audio19.TextGrid,9,2,did,44.520,44.670,5.96,3,VBD,0,5.6940,4.9510,1
audio19.TextGrid,9,3,not,44.670,44.870,6.69,3,RB,0,5.4771,0.1976,1
audio19.TextGrid,9,4,stay,44.870,45.110,5.33,3,VB,0,8.7637,6.6623,1
audio19.TextGrid,9,5,long,45.110,45.530,5.81,3,RB,0,7.5953,3.2346,1
audio19.TextGrid,9,6,the,45.730,45.830,7.73,2,DT,0,3.9204,2.1880,1
audio19.TextGrid,9,7,man,45.830,46.090,5.82,3,NN,0,7.7446,4.4283,1
audio19.TextGrid,9,8,thought,46.090,46.480,5.59,3,VBD,0,9.4976,0.4577,1
audio19.TextGrid,10,1,but,47.220,47.480,6.63,3,CC,0,5.3198,3.2420,1
audio19.TextGrid,10,2,it,47.480,47.590,6.95,2,PRP,0,4.1006,2.8088,1
audio19.TextGrid,10,3,is,47.590,47.740,7.07,2,VBZ,0,3.3263,2.5635,1
audio19.TextGrid,10,4,rougher,47.740,48.140,2.84,4,RB,1,4.8166,13.6030,1
audio19.TextGrid,10,5,where,48.140,48.340,6.0,3,WRB,0,7.8796,6.1390,1
audio19.TextGrid,10,6,you,48.340,48.530,6.98,2,PRP,0,5.8275,0.7717,1
audio19.TextGrid,10,7,are,48.530,48.640,6.74,2,VBP,0,3.9808,1.1130,1
audio19.TextGrid,10,8,going,48.640,49.000,5.94,4,VBG,0,7.7857,5.4837,1
audio19.TextGrid,10,9,until,49.000,49.220,5.61,5,IN,0,7.3724,7.9206,1
audio19.TextGrid,10,10,you,49.220,49.370,6.98,2,PRP,0,5.6242,0.7914,1
audio19.TextGrid,10,11,make,49.370,49.570,6.08,3,VBP,0,7.3095,4.3846,1
audio19.TextGrid,10,12,the,49.570,49.650,7.73,2,DT,0,2.3220,2.0730,1
audio19.TextGrid,10,13,shore,49.650,50.090,4.33,3,NN,0,14.8385,5.5460,1
audio19.TextGrid,11,1,how,51.600,51.790,6.24,2,WRB,0,7.8277,6.0179,1
audio19.TextGrid,11,2,did,51.790,51.950,5.96,3,VBD,0,8.9248,4.0435,1
audio19.TextGrid,11,3,i,51.950,52.110,7.09,1,VB,0,5.9866,2.7971,1
audio19.TextGrid,11,4,let,52.110,52.320,5.6,3,VB,0,8.6321,6.6888,1
audio19.TextGrid,11,5,the,52.320,52.420,7.73,2,DT,0,2.2980,1.9615,1
audio19.TextGrid,11,6,fish,52.420,52.720,4.9,3,JJ,1,5.0736,2.3628,1
audio19.TextGrid,11,7,cut,52.720,53.010,5.24,3,NN,0,8.9486,7.8545,1
audio19.TextGrid,11,8,me,53.070,53.250,6.48,2,PRP,0,9.0281,1.4598,1
audio19.TextGrid,11,9,with,53.250,53.430,6.85,3,IN,0,4.8306,5.0552,1
audio19.TextGrid,11,10,that,53.430,53.640,7.01,3,DT,0,4.8814,2.7852,1
audio19.TextGrid,11,11,one,53.640,53.890,6.47,3,CD,0,6.0829,4.8173,1
audio19.TextGrid,11,12,quick,53.890,54.140,4.98,4,NN,0,10.7281,6.9914,1
audio19.TextGrid,11,13,pull,54.190,54.470,4.82,3,NN,0,12.8600,5.0316,1
audio19.TextGrid,11,14,he,54.470,54.590,6.69,2,PRP,0,5.1948,6.8585,1
audio19.TextGrid,11,15,made,54.590,55.050,5.92,3,VBD,0,7.2894,2.7739,1
audio19.TextGrid,12,1,i,55.510,55.610,7.09,1,NN,0,5.5144,2.2767,1
audio19.TextGrid,12,2,must,55.610,55.800,5.68,4,MD,0,6.9134,3.1581,1
audio19.TextGrid,12,3,be,55.800,55.900,6.79,2,VB,0,3.7168,2.9718,1
audio19.TextGrid,12,4,getting,55.900,56.180,5.57,5,VBG,0,9.0290,4.1004,1
audio19.TextGrid,12,5,very,56.180,56.430,6.0,4,RB,0,7.3174,4.3423,1
audio19.TextGrid,12,6,stupid,56.430,57.000,4.94,6,JJ,0,9.9757,7.9384,1
audio19.TextGrid,13,1,or,57.990,58.100,6.54,2,CC,0,5.3683,6.6635,1
audio19.TextGrid,13,2,perhaps,58.100,58.440,5.09,6,RB,0,7.4607,3.2103,1
audio19.TextGrid,13,3,i,58.440,58.510,7.09,1,NN,0,7.8547,0.8730,1
audio19.TextGrid,13,4,was,58.510,58.700,6.82,3,VBD,0,4.0392,2.3588,1
audio19.TextGrid,13,5,looking,58.700,58.980,5.57,5,VBG,0,9.0016,4.8792,1
audio19.TextGrid,13,6,at,58.980,59.040,6.7,2,IN,0,4.8863,2.1184,1
audio19.TextGrid,13,7,the,59.040,59.150,7.73,2,DT,0,1.7065,1.2590,1
audio19.TextGrid,13,8,small,59.150,59.470,5.51,4,JJ,0,6.8973,6.1564,1
audio19.TextGrid,13,9,bird,59.470,59.820,4.63,3,NN,1,3.9942,2.3595,1
audio19.TextGrid,13,10,and,59.820,59.940,7.41,2,CC,0,4.3082,1.5059,1
audio19.TextGrid,13,11,thinking,59.940,60.290,5.24,6,NN,0,9.8139,2.7766,1
audio19.TextGrid,13,12,of,60.290,60.380,7.4,2,IN,0,3.3237,2.3653,1
audio19.TextGrid,13,13,him,60.380,60.740,6.11,3,PRP,0,7.3908,3.3329,1
audio19.TextGrid,14,1,now,61.470,61.720,6.18,2,RB,0,6.7634,5.4256,1
audio19.TextGrid,14,2,i,61.720,61.750,7.09,1,VBP,0,6.3159,1.5727,1
audio19.TextGrid,14,3,will,61.750,61.970,6.45,3,MD,0,4.2559,3.9199,1
audio19.TextGrid,14,4,pay,61.970,62.180,5.4,2,VB,0,6.1062,6.1630,1
audio19.TextGrid,14,5,attention,62.180,62.570,5.11,7,NN,0,10.4489,3.2243,1
audio19.TextGrid,14,6,to,62.570,62.640,7.43,2,TO,0,3.9481,0.6054,1
audio19.TextGrid,14,7,my,62.640,62.800,6.57,2,PRP$,0,7.6098,2.8101,1
audio19.TextGrid,14,8,work,62.800,63.150,5.96,3,NN,0,7.4117,3.7478,1
audio19.TextGrid,15,1,and,63.720,63.840,7.41,2,CC,0,3.7036,1.2237,1
audio19.TextGrid,15,2,then,63.840,64.070,6.07,3,RB,0,6.4220,4.0257,1
audio19.TextGrid,15,3,i,64.070,64.170,7.09,1,VB,0,7.8544,0.8167,1
audio19.TextGrid,15,4,must,64.170,64.430,5.68,4,MD,0,7.0311,3.6689,1
audio19.TextGrid,15,5,eat,64.430,64.580,5.13,2,VB,0,9.6808,6.5987,1
audio19.TextGrid,15,6,the,64.580,64.680,7.73,2,DT,0,2.7686,3.2234,1
audio19.TextGrid,15,7,tuna,64.680,65.030,3.64,4,NN,1,4.1416,6.8045,1
audio19.TextGrid,15,8,so,65.030,65.190,6.52,2,IN,0,6.7163,4.9610,1
audio19.TextGrid,15,9,that,65.190,65.330,7.01,3,DT,0,4.7209,0.7463,1
audio19.TextGrid,15,10,i,65.330,65.410,7.09,1,NN,0,5.9450,0.4205,1
audio19.TextGrid,15,11,will,65.410,65.580,6.45,3,MD,0,5.2995,2.6331,1
audio19.TextGrid,15,12,not,65.580,65.730,6.69,3,RB,0,6.1970,1.9041,1
audio19.TextGrid,15,13,have,65.730,65.870,6.71,3,VB,0,4.5970,2.5325,1
audio19.TextGrid,15,14,a,65.870,65.930,7.36,1,DT,0,3.4351,3.8490,1
audio19.TextGrid,15,15,failure,65.930,66.400,4.72,5,NN,0,10.2401,7.4328,1
audio19.TextGrid,15,16,of,66.400,66.500,7.4,2,IN,0,3.0550,1.9138,1
audio19.TextGrid,15,17,strength,66.500,66.910,4.8,6,NN,0,9.9497,5.3234,1
audio19.TextGrid,16,1,i,69.260,69.340,7.09,1,JJ,0,5.5144,1.8763,1
audio19.TextGrid,16,2,wish,69.340,69.580,5.18,3,VBP,0,9.0633,4.7829,1
audio19.TextGrid,16,3,the,69.580,69.700,7.73,2,DT,0,2.3301,4.6006,1
audio19.TextGrid,16,4,boy,69.700,69.990,5.17,2,NN,0,10.2384,6.1077,1
audio19.TextGrid,16,5,were,69.990,70.230,6.34,2,VBD,0,6.8464,3.0886,1
audio19.TextGrid,16,6,here,70.230,70.440,5.97,3,RB,0,7.2707,2.6834,1
audio19.TextGrid,16,7,and,70.440,70.520,7.41,2,CC,0,3.9128,3.6461,1
audio19.TextGrid,16,8,that,70.520,70.630,7.01,3,IN,0,4.0024,3.2710,1
audio19.TextGrid,16,9,i,70.630,70.720,7.09,1,NN,0,6.2493,1.7028,1
audio19.TextGrid,16,10,had,70.720,70.880,6.33,3,VBD,0,5.2314,2.3997,1
audio19.TextGrid,16,11,some,70.880,71.030,6.2,3,DT,0,5.9196,3.4190,1
audio19.TextGrid,16,12,salt,71.030,71.660,4.6,4,NN,0,11.0715,7.2048,1
audio19.TextGrid,17,1,he,72.040,72.160,6.69,2,PRP,0,4.5353,0.9550,1
audio19.TextGrid,17,2,said,72.160,72.370,6.01,3,VBD,0,3.3819,0.3942,1
audio19.TextGrid,17,3,aloud,72.370,72.900,3.51,4,JJ,1,5.8479,4.7810,1
audio19.TextGrid,17,4,shifting,74.730,75.090,3.98,6,VBG,1,8.0016,13.5746,1
audio19.TextGrid,17,5,the,75.090,75.150,7.73,2,DT,0,2.4094,1.6842,1
audio19.TextGrid,17,6,weight,75.150,75.380,5.02,3,NN,0,10.2364,4.2719,1
audio19.TextGrid,17,7,of,75.380,75.450,7.4,2,IN,0,3.0128,0.6872,1
audio19.TextGrid,17,8,the,75.450,75.540,7.73,2,DT,0,1.7005,0.4020,1
audio19.TextGrid,17,9,line,75.540,75.790,5.49,3,NN,0,7.6701,2.5029,1
audio19.TextGrid,17,10,to,75.790,75.900,7.43,2,TO,0,3.4339,2.5463,1
audio19.TextGrid,17,11,his,75.900,76.120,6.51,3,PRP$,0,5.9223,1.5720,1
audio19.TextGrid,17,12,left,76.120,76.340,5.62,4,JJ,0,10.8510,2.5321,1
audio19.TextGrid,17,13,shoulder,76.340,76.810,4.5,5,NN,0,9.1478,3.9084,1
audio19.TextGrid,17,14,and,76.810,77.010,7.41,3,CC,0,4.3325,2.4960,1
audio19.TextGrid,17,15,kneeling,77.010,77.350,3.32,5,VBG,1,7.9321,6.8762,1
audio19.TextGrid,17,16,carefully,77.350,77.910,4.46,7,RB,0,10.9441,6.9903,1
audio19.TextGrid,17,17,he,78.060,78.160,6.69,2,PRP,0,6.4984,4.2535,1
audio19.TextGrid,17,18,washed,78.160,78.520,4.1,4,VBD,1,4.7265,7.4699,1
audio19.TextGrid,17,19,his,78.520,78.680,6.51,3,PRP$,0,6.0616,1.3269,1
audio19.TextGrid,17,20,hand,78.680,79.020,5.41,4,NN,0,8.2725,2.8621,1
audio19.TextGrid,17,21,in,79.020,79.100,7.27,2,IN,0,3.3951,3.4689,1
audio19.TextGrid,17,22,the,79.100,79.240,7.73,2,DT,0,1.7032,0.5002,1
audio19.TextGrid,17,23,ocean,79.240,79.640,4.7,4,NN,1,4.1367,4.9426,1
audio19.TextGrid,17,24,and,79.640,79.790,7.41,3,CC,0,4.2516,1.7501,1
audio19.TextGrid,17,25,held,79.790,80.020,5.24,4,VBD,0,8.5926,5.3574,1
audio19.TextGrid,17,26,it,80.020,80.150,6.95,2,PRP,0,5.0692,1.0216,1
audio19.TextGrid,17,27,there,80.150,80.400,6.31,3,EX,0,7.2853,2.2325,1
audio19.TextGrid,17,28,submerged,80.520,81.260,3.51,7,VBN,1,5.7035,9.6534,1
audio19.TextGrid,17,29,for,81.260,81.390,7.01,2,IN,0,3.5078,1.4442,1
audio19.TextGrid,17,30,more,81.390,81.610,6.36,3,JJR,0,5.7535,5.8507,1
audio19.TextGrid,17,31,than,81.610,81.760,6.13,3,IN,0,6.0011,0.1152,1
audio19.TextGrid,17,32,a,81.760,81.790,7.36,1,DT,0,3.3981,1.0135,1
audio19.TextGrid,17,33,minute,81.790,82.210,4.98,5,NN,0,9.3319,0.6517,1
audio19.TextGrid,17,34,watching,82.390,82.790,5.02,5,VBG,0,11.6816,8.4676,1
audio19.TextGrid,17,35,the,82.790,82.860,7.73,2,DT,0,2.3964,0.4723,1
audio19.TextGrid,17,36,blood,82.860,83.300,5.1,4,NN,0,9.1373,8.0477,1
audio19.TextGrid,17,37,trail,83.300,83.460,4.45,4,VB,0,11.8432,6.2893,1
audio19.TextGrid,17,38,away,83.460,83.950,5.62,3,RB,0,7.3698,5.1088,1
audio19.TextGrid,17,39,and,84.090,84.190,7.41,2,CC,0,3.9422,3.2303,1
audio19.TextGrid,17,40,the,84.190,84.280,7.73,2,DT,0,3.3400,2.3698,1
audio19.TextGrid,17,41,steady,84.280,84.650,4.31,5,JJ,0,8.9361,7.0986,1
audio19.TextGrid,17,42,movement,84.650,85.080,4.97,7,NN,0,8.9981,3.9155,1
audio19.TextGrid,17,43,of,85.080,85.160,7.4,2,IN,0,3.0117,0.3032,1
audio19.TextGrid,17,44,the,85.160,85.230,7.73,2,DT,0,1.6975,0.2030,1
audio19.TextGrid,17,45,water,85.230,85.620,5.52,4,NN,0,8.3722,3.6599,1
audio19.TextGrid,17,46,against,85.620,85.970,5.68,6,IN,0,7.2564,3.8672,1
audio19.TextGrid,17,47,his,85.970,86.120,6.51,3,PRP$,0,5.3077,0.8459,1
audio19.TextGrid,17,48,hand,86.120,86.430,5.41,4,NN,0,8.2775,3.7279,1
audio19.TextGrid,17,49,as,86.430,86.540,6.77,2,IN,0,4.7945,3.4135,1
audio19.TextGrid,17,50,the,86.540,86.630,7.73,2,DT,0,1.7464,1.6799,1
audio19.TextGrid,17,51,boat,86.630,86.890,4.71,3,NN,1,4.1361,4.4503,1
audio19.TextGrid,17,52,moved,86.930,87.400,5.01,4,VBD,0,9.6552,3.8798,1
audio19.TextGrid,18,1,he,89.180,89.320,6.69,2,PRP,0,4.5353,4.0234,1
audio19.TextGrid,18,2,has,89.320,89.470,6.37,3,VBZ,0,4.0433,3.0049,1
audio19.TextGrid,18,3,slowed,89.470,89.870,3.71,4,VBN,0,10.9348,7.5034,1
audio19.TextGrid,18,4,much,89.870,90.350,6.0,3,RB,0,6.8997,6.8565,1
audio19.TextGrid,18,5,he,90.590,90.720,6.69,2,PRP,0,6.6170,0.8594,1
audio19.TextGrid,18,6,said,90.720,91.190,6.01,3,VBD,0,4.9164,0.3201,1
audio19.TextGrid,19,1,the,92.910,93.020,7.73,2,DT,0,1.8241,2.7210,1
audio19.TextGrid,19,2,old,93.020,93.200,5.75,3,JJ,0,7.3292,1.7092,1
audio19.TextGrid,19,3,man,93.200,93.400,5.82,3,NN,0,7.6921,0.0647,1
audio19.TextGrid,19,4,would,93.400,93.530,6.27,3,MD,0,4.6841,5.9123,1
audio19.TextGrid,19,5,have,93.530,93.620,6.71,3,VB,0,3.8740,1.2334,1
audio19.TextGrid,19,6,liked,93.620,93.820,4.76,4,VBN,1,5.9399,2.9450,1
audio19.TextGrid,19,7,to,93.820,93.880,7.43,2,TO,0,2.6529,0.5401,1
audio19.TextGrid,19,8,keep,93.880,94.090,5.66,3,VB,0,7.3418,4.2923,1
audio19.TextGrid,19,9,his,94.090,94.210,6.51,3,PRP$,0,5.9280,2.4220,1
audio19.TextGrid,19,10,hand,94.210,94.560,5.41,4,NN,0,8.2757,2.5299,1
audio19.TextGrid,19,11,in,94.560,94.670,7.27,2,IN,0,3.4834,1.7582,1
audio19.TextGrid,19,12,the,94.670,94.750,7.73,2,DT,0,1.7031,0.7300,1
audio19.TextGrid,19,13,salt,94.750,95.070,4.6,4,NN,0,11.0448,6.6783,1
audio19.TextGrid,19,14,water,95.070,95.310,5.52,4,NN,0,9.0908,1.9978,1
audio19.TextGrid,19,15,longer,95.310,95.720,5.16,5,RB,0,9.6454,5.0789,1
audio19.TextGrid,19,16,but,95.720,95.850,6.63,3,CC,0,5.1570,2.3331,1
audio19.TextGrid,19,17,he,95.850,95.930,6.69,2,PRP,0,6.0052,1.0247,1
audio19.TextGrid,19,18,was,95.930,96.060,6.82,3,VBD,0,4.7827,2.0286,1
audio19.TextGrid,19,19,afraid,96.060,96.370,4.7,5,JJ,0,10.4017,2.4732,1
audio19.TextGrid,19,20,of,96.370,96.460,7.4,2,IN,0,3.5070,1.6610,1
audio19.TextGrid,19,21,another,96.460,96.750,5.74,5,DT,0,6.2956,6.9463,1
audio19.TextGrid,19,22,sudden,96.750,97.050,4.4,5,JJ,0,10.0303,6.7825,1
audio19.TextGrid,19,23,lurch,97.050,97.330,2.79,3,NN,1,3.9931,8.1743,1
audio19.TextGrid,19,24,by,97.330,97.490,6.66,2,IN,0,4.5274,5.5582,1
audio19.TextGrid,19,25,the,97.490,97.600,7.73,2,DT,0,1.7102,0.5063,1
audio19.TextGrid,19,26,fish,97.600,98.010,4.9,3,NN,1,4.1364,1.6988,1
audio19.TextGrid,20,1,and,98.530,98.620,7.41,2,CC,0,3.7036,1.4310,1
audio19.TextGrid,20,2,he,98.620,98.710,6.69,2,PRP,0,4.7461,1.5129,1
audio19.TextGrid,20,3,stood,98.710,98.940,4.57,4,VBD,0,8.1776,5.6523,1
audio19.TextGrid,20,4,up,98.940,99.140,6.39,2,RB,0,5.0501,1.5735,1
audio19.TextGrid,20,5,and,99.140,99.230,7.41,2,CC,0,4.2028,1.2378,1
audio19.TextGrid,20,6,braced,99.230,99.590,3.03,5,VBD,1,3.5950,8.0073,1
audio19.TextGrid,20,7,himself,99.590,100.040,5.25,7,PRP,0,8.7073,0.3331,1
audio19.TextGrid,20,8,and,100.040,100.180,7.41,3,CC,0,4.4594,2.6620,1
audio19.TextGrid,20,9,held,100.180,100.390,5.24,4,VBD,0,7.7309,4.6007,1
audio19.TextGrid,20,10,his,100.390,100.510,6.51,3,PRP$,0,6.5413,1.6793,1
audio19.TextGrid,20,11,hand,100.510,100.780,5.41,4,NN,0,8.2421,1.2761,1
audio19.TextGrid,20,12,up,100.780,100.910,6.39,2,RP,0,6.1665,2.1651,1
audio19.TextGrid,20,13,against,100.910,101.210,5.68,6,IN,0,7.5266,3.6407,1
audio19.TextGrid,20,14,the,101.210,101.310,7.73,2,DT,0,1.7108,0.1024,1
audio19.TextGrid,20,15,sun,101.310,101.690,4.97,3,NN,0,10.3543,7.3029,1
audio19.TextGrid,21,1,it,103.040,103.150,6.95,2,PRP,0,3.8912,3.0446,1
audio19.TextGrid,21,2,was,103.150,103.260,6.82,3,VBD,0,3.9158,0.7584,1
audio19.TextGrid,21,3,only,103.260,103.500,6.12,4,RB,0,6.0839,4.0305,1
audio19.TextGrid,21,4,a,103.500,103.540,7.36,1,DT,0,4.5826,1.8758,1
audio19.TextGrid,21,5,line,103.540,103.870,5.49,3,NN,0,7.7424,8.9845,1
audio19.TextGrid,21,6,burn,103.870,104.200,4.53,3,NN,0,11.6774,12.8833,1
audio19.TextGrid,21,7,that,104.200,104.290,7.01,3,WDT,0,4.4009,2.4202,1
audio19.TextGrid,21,8,had,104.290,104.410,6.33,3,VBD,0,6.8657,2.8129,1
audio19.TextGrid,21,9,cut,104.410,104.640,5.24,3,VBN,0,7.7886,4.7888,1
audio19.TextGrid,21,10,his,104.640,104.820,6.51,3,PRP$,0,6.0451,2.0864,1
audio19.TextGrid,21,11,flesh,104.820,105.190,4.2,4,NN,1,4.2518,5.0219,1
audio19.TextGrid,22,1,but,106.300,106.430,6.63,3,CC,0,5.3198,3.0258,1
audio19.TextGrid,22,2,it,106.430,106.530,6.95,2,PRP,0,4.1006,2.2930,1
audio19.TextGrid,22,3,was,106.530,106.690,6.82,3,VBD,0,3.8833,0.6664,1
audio19.TextGrid,22,4,in,106.690,106.790,7.27,2,IN,0,3.7035,5.4156,1
audio19.TextGrid,22,5,the,106.790,106.860,7.73,2,DT,0,1.7650,0.9632,1
audio19.TextGrid,22,6,working,106.860,107.320,5.45,5,JJ,0,8.5347,10.0124,1
audio19.TextGrid,22,7,part,107.320,107.530,5.78,4,NN,0,6.9937,3.2793,1
audio19.TextGrid,22,8,of,107.530,107.600,7.4,2,IN,0,2.8040,0.4366,1
audio19.TextGrid,22,9,his,107.600,107.780,6.51,3,PRP$,0,5.3076,0.8751,1
audio19.TextGrid,22,10,hand,107.780,108.230,5.41,4,NN,0,8.2776,2.6841,1
audio19.TextGrid,23,1,he,108.730,108.850,6.69,2,PRP,0,4.5353,1.5623,1
audio19.TextGrid,23,2,knew,108.850,109.040,5.2,3,VBD,0,8.7225,3.5775,1
audio19.TextGrid,23,3,he,109.040,109.180,6.69,2,PRP,0,5.1908,2.1519,1
audio19.TextGrid,23,4,would,109.180,109.380,6.27,3,MD,0,5.4163,2.4316,1
audio19.TextGrid,23,5,need,109.380,109.650,5.97,3,VB,0,7.0349,3.1386,1
audio19.TextGrid,23,6,his,109.650,109.820,6.51,3,PRP$,0,6.3459,4.3499,1
audio19.TextGrid,23,7,hands,109.820,110.210,5.16,4,NNS,0,8.5218,2.6503,1
audio19.TextGrid,23,8,before,110.210,110.530,5.93,5,IN,0,6.8475,5.2353,1
audio19.TextGrid,23,9,this,110.530,110.740,6.82,3,DT,0,4.8202,4.8343,1
audio19.TextGrid,23,10,was,110.740,110.860,6.82,3,VBD,0,8.6329,2.3807,1
audio19.TextGrid,23,11,over,110.860,111.240,6.08,3,RB,0,6.4984,0.4947,1
audio19.TextGrid,23,12,and,111.240,111.370,7.41,3,CC,0,4.6717,1.6841,1
audio19.TextGrid,23,13,he,111.370,111.460,6.69,2,PRP,0,5.4797,0.9664,1
audio19.TextGrid,23,14,did,111.460,111.630,5.96,3,VBD,0,5.8016,3.2606,1
audio19.TextGrid,23,15,not,111.630,111.870,6.69,3,RB,0,5.4366,0.1455,1
audio19.TextGrid,23,16,like,111.870,112.040,6.41,3,IN,0,6.8103,3.4518,1
audio19.TextGrid,23,17,to,112.040,112.120,7.43,2,TO,0,3.6909,0.9243,1
audio19.TextGrid,23,18,be,112.120,112.250,6.79,2,VB,0,3.8330,2.3487,1
audio19.TextGrid,23,19,cut,112.250,112.530,5.24,3,VBN,0,8.2076,5.9380,1
audio19.TextGrid,23,20,before,112.560,112.890,5.93,5,IN,0,6.9437,5.1379,1
audio19.TextGrid,23,21,it,112.890,113.000,6.95,2,PRP,0,3.9846,1.8245,1
audio19.TextGrid,23,22,started,113.000,113.550,5.39,7,VBD,0,9.6005,4.5314,1
audio19.TextGrid,24,1,now,115.450,115.880,6.18,2,RB,0,6.7634,3.7430,1
audio19.TextGrid,24,2,he,115.880,116.270,6.69,2,PRP,0,5.3385,0.2410,1
audio19.TextGrid,24,3,said,116.270,116.570,6.01,3,VBD,0,3.4135,0.1958,1
audio19.TextGrid,24,4,when,116.570,116.720,6.37,3,WRB,0,6.0247,5.9305,1
audio19.TextGrid,24,5,his,116.720,116.850,6.51,3,PRP$,0,5.5599,3.2535,1
audio19.TextGrid,24,6,hand,116.850,117.100,5.41,4,NN,0,8.2745,1.5424,1
audio19.TextGrid,24,7,had,117.100,117.210,6.33,3,VBD,0,5.0206,2.1050,1
audio19.TextGrid,24,8,dried,117.210,117.650,4.04,4,VBN,1,6.3719,2.4361,1
audio19.TextGrid,25,1,i,118.180,118.260,7.09,1,NN,0,5.5144,1.5375,1
audio19.TextGrid,25,2,must,118.260,118.480,5.68,4,MD,0,6.9134,2.2476,1
audio19.TextGrid,25,3,eat,118.480,118.600,5.13,2,VB,0,9.6807,2.9764,1
audio19.TextGrid,25,4,the,118.600,118.720,7.73,2,DT,0,2.7772,1.0012,1
audio19.TextGrid,25,5,small,118.720,119.020,5.51,4,JJ,0,6.8996,5.4321,1
audio19.TextGrid,25,6,tuna,119.020,119.400,3.64,4,NN,1,3.9934,2.7745,1
audio19.TextGrid,26,1,i,119.960,120.050,7.09,1,NNS,0,5.5144,1.4880,1
audio19.TextGrid,26,2,can,120.050,120.220,6.46,3,MD,0,5.3141,3.2943,1
audio19.TextGrid,26,3,reach,120.220,120.430,4.94,3,VB,0,8.5162,7.6227,1
audio19.TextGrid,26,4,him,120.430,120.550,6.11,2,PRP,0,8.1072,4.5106,1
audio19.TextGrid,26,5,with,120.550,120.640,6.85,3,IN,0,4.7772,3.0811,1
audio19.TextGrid,26,6,the,120.640,120.740,7.73,2,DT,0,1.6915,2.1397,1
audio19.TextGrid,26,7,gaff,120.740,121.280,2.68,3,NN,1,4.1368,14.9674,1
audio19.TextGrid,26,8,and,121.280,121.450,7.41,3,CC,0,4.4504,1.9767,1
audio19.TextGrid,26,9,eat,121.450,121.670,5.13,2,NN,0,11.6102,3.9449,1
audio19.TextGrid,26,10,him,121.670,121.810,6.11,2,PRP,0,8.4329,2.6693,1
audio19.TextGrid,26,11,here,121.810,122.010,5.97,3,RB,0,8.0288,5.4755,1
audio19.TextGrid,26,12,in,122.010,122.100,7.27,2,IN,0,3.6363,3.4919,1
audio19.TextGrid,26,13,comfort,122.160,122.700,4.41,6,NN,0,11.8849,7.4950,1
audio19.TextGrid,27,1,he,124.950,125.060,6.69,2,PRP,0,4.5353,1.8326,1
audio19.TextGrid,27,2,knelt,125.060,125.220,2.8,4,VBD,1,3.3819,6.0712,1
audio19.TextGrid,27,3,down,125.220,125.620,5.88,3,RB,0,6.3418,0.9784,1
audio19.TextGrid,27,4,and,125.620,125.910,7.41,3,CC,0,4.1990,1.0213,1
audio19.TextGrid,27,5,found,125.910,126.100,5.68,4,VBD,0,7.1390,5.7513,1
audio19.TextGrid,27,6,the,126.100,126.170,7.73,2,DT,0,2.6703,1.3108,1
audio19.TextGrid,27,7,tuna,126.170,126.440,3.64,4,NN,1,4.1428,5.4440,1
audio19.TextGrid,27,8,under,126.440,126.710,5.73,4,IN,0,6.5645,5.9471,1
audio19.TextGrid,27,9,the,126.710,126.820,7.73,2,DT,0,1.6963,0.8867,1
audio19.TextGrid,27,10,stem,126.820,127.280,4.3,4,NN,0,13.6160,8.1831,1
audio19.TextGrid,27,11,with,127.280,127.400,6.85,3,IN,0,5.1693,4.0917,1
audio19.TextGrid,27,12,the,127.400,127.470,7.73,2,DT,0,1.7163,1.2488,1
audio19.TextGrid,27,13,gaff,127.470,127.910,2.68,3,NN,1,4.1392,4.1097,1
audio19.TextGrid,27,14,and,127.910,128.040,7.41,2,CC,0,4.2658,1.8803,1
audio19.TextGrid,27,15,drew,128.040,128.230,4.46,3,VBD,0,10.5719,6.5594,1
audio19.TextGrid,27,16,it,128.230,128.290,6.95,2,PRP,0,5.1344,1.2447,1
audio19.TextGrid,27,17,toward,128.290,128.650,4.72,6,IN,0,8.9364,4.8486,1
audio19.TextGrid,27,18,him,128.650,128.890,6.11,3,PRP,0,7.3812,0.6206,1
audio19.TextGrid,27,19,keeping,128.890,129.250,4.84,5,VBG,0,9.7881,9.5278,1
audio19.TextGrid,27,20,it,129.250,129.340,6.95,2,PRP,0,4.4605,1.4564,1
audio19.TextGrid,27,21,clear,129.340,129.630,5.25,4,JJ,0,9.0320,6.4325,1
audio19.TextGrid,27,22,of,129.630,129.700,7.4,2,IN,0,3.6179,0.8358,1
audio19.TextGrid,27,23,the,129.700,129.780,7.73,2,DT,0,1.7051,0.3694,1
audio19.TextGrid,27,24,coiled,129.780,130.220,2.9,4,JJ,1,5.0748,10.2031,1
audio19.TextGrid,27,25,lines,130.220,130.770,4.95,4,NNS,0,8.8067,4.8140,1
audio19.TextGrid,28,1,holding,131.450,131.760,4.89,6,VBG,0,8.8598,6.6080,1
audio19.TextGrid,28,2,the,131.760,131.820,7.73,2,DT,0,2.9928,1.3516,1
audio19.TextGrid,28,3,line,131.820,132.110,5.49,3,NN,0,7.6689,1.6364,1
audio19.TextGrid,28,4,with,132.110,132.240,6.85,3,IN,0,4.9287,2.4866,1
audio19.TextGrid,28,5,his,132.240,132.450,6.51,3,PRP$,0,5.3123,0.6464,1
audio19.TextGrid,28,6,left,132.450,132.690,5.62,4,JJ,0,10.8326,0.9819,1
audio19.TextGrid,28,7,shoulder,132.690,133.060,4.5,5,NN,0,9.1649,5.2749,1
audio19.TextGrid,28,8,again,133.060,133.440,5.7,4,RB,0,8.1613,5.6921,1
audio19.TextGrid,28,9,and,133.740,133.820,7.41,2,CC,0,3.7523,3.5352,1
audio19.TextGrid,28,10,bracing,133.820,134.270,3.12,6,VBG,1,7.9394,7.7950,1
audio19.TextGrid,28,11,on,134.270,134.400,6.91,2,IN,0,4.7523,6.0030,1
audio19.TextGrid,28,12,his,134.400,134.570,6.51,3,PRP$,0,5.3283,1.6918,1
audio19.TextGrid,28,13,left,134.570,134.830,5.62,4,JJ,0,10.8407,2.5608,1
audio19.TextGrid,28,14,hand,134.830,135.110,5.41,4,NN,0,8.1766,0.8962,1
audio19.TextGrid,28,15,and,135.110,135.270,7.41,3,CC,0,3.7102,2.5888,1
audio19.TextGrid,28,16,arm,135.270,135.650,4.73,3,NN,0,10.7254,6.4056,1
audio19.TextGrid,29,1,he,136.330,136.430,6.69,2,PRP,0,4.5353,0.3189,1
audio19.TextGrid,29,2,took,136.430,136.600,5.51,3,VBD,0,6.4889,2.9792,1
audio19.TextGrid,29,3,the,136.600,136.720,7.73,2,DT,0,2.4587,1.2051,1
audio19.TextGrid,29,4,tuna,136.720,137.000,3.64,4,NN,1,4.1401,2.1202,1
audio19.TextGrid,29,5,off,137.000,137.370,5.93,2,IN,0,7.5351,4.8202,1
audio19.TextGrid,29,6,the,137.370,137.450,7.73,2,DT,0,2.2095,0.4900,1
audio19.TextGrid,29,7,gaff,137.450,137.820,2.68,3,NN,1,4.1387,4.0859,1
audio19.TextGrid,29,8,hook,137.820,138.100,4.37,3,NN,0,10.8199,9.5016,1
audio19.TextGrid,29,9,and,138.100,138.210,7.41,2,CC,0,4.4134,0.3463,1
audio19.TextGrid,29,10,put,138.210,138.400,5.66,3,VBD,0,8.3985,3.2243,1
audio19.TextGrid,29,11,the,138.400,138.490,7.73,2,DT,0,2.6343,2.5926,1
audio19.TextGrid,29,12,gaff,138.490,138.780,2.68,3,NN,1,4.1410,2.2168,1
audio19.TextGrid,29,13,back,138.810,139.080,6.04,3,RB,0,8.2635,1.4627,1
audio19.TextGrid,29,14,in,139.080,139.150,7.27,2,IN,0,3.4976,1.3518,1
audio19.TextGrid,29,15,place,139.150,139.680,5.71,4,NN,0,8.9074,3.2017,1
audio19.TextGrid,30,1,he,140.440,140.520,6.69,2,PRP,0,4.5353,1.5667,1
audio19.TextGrid,30,2,put,140.520,140.780,5.66,3,VBD,0,6.6820,3.7275,1
audio19.TextGrid,30,3,one,140.780,140.950,6.47,3,CD,0,6.5671,4.6420,1
audio19.TextGrid,30,4,knee,140.950,141.230,4.33,2,NN,1,4.8173,5.2750,1
audio19.TextGrid,30,5,on,141.230,141.350,6.91,2,IN,0,4.6371,1.0388,1
audio19.TextGrid,30,6,the,141.350,141.430,7.73,2,DT,0,1.7124,0.3885,1
audio19.TextGrid,30,7,fish,141.430,141.810,4.9,3,NN,1,4.1370,2.5046,1
audio19.TextGrid,30,8,and,141.810,141.980,7.41,3,CC,0,4.4833,0.5777,1
audio19.TextGrid,30,9,cut,141.980,142.120,5.24,3,VB,0,8.4454,6.0485,1
audio19.TextGrid,30,10,strips,142.120,142.490,3.86,6,NNS,1,6.9883,10.3540,1
audio19.TextGrid,30,11,of,142.490,142.580,7.4,2,IN,0,3.0100,0.5028,1
audio19.TextGrid,30,12,dark,142.580,142.970,5.04,4,JJ,0,11.1546,7.4140,1
audio19.TextGrid,30,13,red,142.970,143.220,5.32,3,JJ,0,9.6109,2.6986,1
audio19.TextGrid,30,14,meat,143.220,143.490,4.63,3,NN,1,4.6043,3.1005,1
audio19.TextGrid,30,15,longitudinally,143.490,144.370,2.53,13,RB,1,5.9224,12.8718,1
audio19.TextGrid,30,16,from,144.370,144.540,6.63,4,IN,0,5.0275,2.5396,1
audio19.TextGrid,30,17,the,144.540,144.600,7.73,2,DT,0,1.7364,0.4936,1
audio19.TextGrid,30,18,back,144.600,144.870,6.04,3,NN,0,8.8689,4.3552,1
audio19.TextGrid,30,19,of,144.870,144.950,7.4,2,IN,0,3.3196,0.3218,1
audio19.TextGrid,30,20,the,144.950,145.050,7.73,2,DT,0,1.7108,0.3774,1
audio19.TextGrid,30,21,head,145.050,145.300,5.51,3,NN,0,7.8742,2.1416,1
audio19.TextGrid,30,22,to,145.300,145.400,7.43,2,TO,0,3.4194,1.2517,1
audio19.TextGrid,30,23,the,145.400,145.500,7.73,2,DT,0,2.2389,0.4801,1
audio19.TextGrid,30,24,tail,145.500,145.950,4.34,3,NN,1,4.1351,3.9123,1
audio19.TextGrid,31,1,they,146.750,146.850,6.5,2,PRP,0,4.6769,5.2431,1
audio19.TextGrid,31,2,were,146.850,146.970,6.34,2,VBD,0,4.5379,0.8933,1
audio19.TextGrid,31,3,wedge,146.970,147.310,3.62,3,NN,1,6.5436,10.8682,1
audio19.TextGrid,31,4,shaped,147.310,147.630,4.38,4,VBN,1,6.3603,0.2858,1
audio19.TextGrid,31,5,strips,147.630,148.280,3.86,6,NNS,1,7.6117,5.2938,1
audio19.TextGrid,31,6,and,148.280,148.450,7.41,2,CC,0,4.3610,2.3662,1
audio19.TextGrid,31,7,he,148.450,148.580,6.69,2,PRP,0,5.1660,1.8986,1
audio19.TextGrid,31,8,cut,148.580,148.850,5.24,3,VBD,0,7.2995,2.9086,1
audio19.TextGrid,31,9,them,148.850,149.070,6.19,3,PRP,0,6.6254,1.2464,1
audio19.TextGrid,31,10,from,149.070,149.330,6.63,4,IN,0,4.7205,3.8929,1
audio19.TextGrid,31,11,next,149.330,149.560,5.7,4,JJ,0,7.0483,9.2861,1
audio19.TextGrid,31,12,to,149.560,149.670,7.43,2,TO,0,5.0501,0.0610,1
audio19.TextGrid,31,13,the,149.670,149.760,7.73,2,DT,0,2.4405,0.4487,1
audio19.TextGrid,31,14,back,149.760,150.010,6.04,3,NN,0,8.8755,3.2651,1
audio19.TextGrid,31,15,bone,150.010,150.350,4.47,3,NN,0,9.5144,7.3654,1
audio19.TextGrid,31,16,down,150.350,150.590,5.88,3,RB,0,7.2068,7.1524,1
audio19.TextGrid,31,17,to,150.590,150.660,7.43,2,TO,0,3.7558,0.6958,1
audio19.TextGrid,31,18,the,150.660,150.830,7.73,2,DT,0,3.0308,0.3051,1
audio19.TextGrid,31,19,edge,150.830,150.970,4.74,2,NN,0,11.0435,4.9675,1
audio19.TextGrid,31,20,of,150.970,151.040,7.4,2,IN,0,4.0843,0.6289,1
audio19.TextGrid,31,21,the,151.040,151.110,7.73,2,DT,0,1.6923,0.1326,1
audio19.TextGrid,31,22,belly,151.110,151.510,4.1,4,NN,1,4.1351,4.0121,1
audio19.TextGrid,32,1,when,152.340,152.470,6.37,3,WRB,0,6.5749,3.5903,1
audio19.TextGrid,32,2,he,152.470,152.530,6.69,2,PRP,0,4.6921,0.5637,1
audio19.TextGrid,32,3,had,152.530,152.640,6.33,3,VBD,0,4.7250,1.2154,1
audio19.TextGrid,32,4,cut,152.640,152.910,5.24,3,VBN,0,8.1048,1.5881,1
audio19.TextGrid,32,5,six,152.910,153.200,5.29,4,CD,0,7.9801,6.6076,1
audio19.TextGrid,32,6,strips,153.200,153.630,3.86,6,NNS,1,5.8090,1.6206,1
audio19.TextGrid,32,7,he,153.630,153.780,6.69,2,PRP,0,5.6020,2.3658,1
audio19.TextGrid,32,8,spread,153.780,154.090,4.81,5,VBD,0,8.6782,6.3409,1
audio19.TextGrid,32,9,them,154.090,154.240,6.19,3,PRP,0,6.7747,0.7433,1
audio19.TextGrid,32,10,out,154.240,154.420,6.38,2,RP,0,6.5699,1.3441,1
audio19.TextGrid,32,11,on,154.420,154.520,6.91,2,IN,0,5.0242,1.5615,1
audio19.TextGrid,32,12,the,154.520,154.580,7.73,2,DT,0,1.7223,0.8071,1
audio19.TextGrid,32,13,wood,154.580,154.780,4.78,3,NN,0,9.9481,5.8637,1
audio19.TextGrid,32,14,of,154.780,154.860,7.4,2,IN,0,4.2982,3.4194,1
audio19.TextGrid,32,15,the,154.860,154.950,7.73,2,DT,0,1.6925,0.3821,1
audio19.TextGrid,32,16,bow,154.950,155.360,4.3,2,NN,1,4.1356,5.7668,1
audio19.TextGrid,32,17,wiped,155.480,155.770,3.86,4,VBD,1,5.2931,7.7576,1
audio19.TextGrid,32,18,his,155.770,155.940,6.51,3,PRP$,0,6.0536,3.1475,1
audio19.TextGrid,32,19,knife,155.940,156.220,4.41,3,NN,0,10.3521,6.5787,1
audio19.TextGrid,32,20,on,156.220,156.360,6.91,2,IN,0,4.5832,1.8440,1
audio19.TextGrid,32,21,his,156.360,156.520,6.51,3,PRP$,0,5.3132,2.2326,1
audio19.TextGrid,32,22,trousers,156.520,157.070,3.7,6,NNS,1,5.5670,7.1991,1
audio19.TextGrid,33,1,and,157.540,157.680,7.41,3,CC,0,3.7036,0.7654,1
audio19.TextGrid,33,2,lifted,157.680,157.980,4.1,6,VBD,0,12.4473,6.0685,1
audio19.TextGrid,33,3,the,157.980,158.060,7.73,2,DT,0,2.8250,1.0366,1
audio19.TextGrid,33,4,carcass,158.060,158.540,3.21,6,NN,1,4.1392,7.7495,1
audio19.TextGrid,33,5,of,158.540,158.620,7.4,2,IN,0,3.1154,3.0636,1
audio19.TextGrid,33,6,the,158.620,158.720,7.73,2,DT,0,1.7016,0.1275,1
audio19.TextGrid,33,7,bonito,158.720,159.090,2.5,6,NN,1,4.1366,14.0423,1
audio19.TextGrid,33,8,by,159.090,159.260,6.66,2,IN,0,4.8203,4.0200,1
audio19.TextGrid,33,9,the,159.260,159.370,7.73,2,DT,0,1.7030,0.6013,1
audio19.TextGrid,33,10,tail,159.370,159.810,4.34,3,NN,1,4.1364,2.3176,1
audio19.TextGrid,33,11,and,159.810,159.880,7.41,2,CC,0,4.2206,1.5309,1
audio19.TextGrid,33,12,dropped,159.880,160.190,4.73,5,VBD,0,9.7527,5.0192,1
audio19.TextGrid,33,13,it,160.190,160.270,6.95,2,PRP,0,4.5090,0.2658,1
audio19.TextGrid,33,14,overboard,160.270,160.870,3.43,7,RP,1,5.9086,5.0018,1
audio19.TextGrid,34,1,i,162.540,162.660,7.09,1,JJ,0,5.5144,1.9672,1
audio19.TextGrid,34,2,don,162.660,162.850,4.6,3,VBP,0,12.6352,3.7954,1
audio19.TextGrid,34,3,t,162.850,162.880,5.43,1,JJ,1,4.7475,0.0005,1
audio19.TextGrid,34,4,think,162.880,163.070,6.08,4,VBP,0,7.2357,2.4032,1
audio19.TextGrid,34,5,i,163.070,163.180,7.09,1,NNS,0,6.2474,0.8927,1
audio19.TextGrid,34,6,can,163.180,163.330,6.46,3,MD,0,6.8873,1.7282,1
audio19.TextGrid,34,7,eat,163.330,163.490,5.13,2,VB,0,9.6874,2.3154,1
audio19.TextGrid,34,8,an,163.490,163.590,6.53,2,DT,0,5.4231,6.1354,1
audio19.TextGrid,34,9,entire,163.590,164.060,5.09,5,JJ,0,9.1178,3.0384,1
audio19.TextGrid,34,10,one,164.060,164.370,6.47,3,NN,0,6.8322,4.5022,1
audio19.TextGrid,34,11,he,164.620,164.740,6.69,2,PRP,0,7.0868,0.1142,1
audio19.TextGrid,34,12,said,164.740,165.090,6.01,3,VBD,0,4.3020,0.2338,1
audio19.TextGrid,34,13,and,165.420,165.520,7.41,2,CC,0,3.9463,3.1961,1
audio19.TextGrid,34,14,drew,165.520,165.720,4.46,3,VBD,0,9.7350,5.4760,1
audio19.TextGrid,34,15,his,165.720,165.920,6.51,3,PRP$,0,6.0942,1.6137,1
audio19.TextGrid,34,16,knife,165.920,166.230,4.41,3,NN,0,10.3524,1.1582,1
audio19.TextGrid,34,17,across,166.230,166.620,5.25,5,IN,0,8.1810,4.5402,1
audio19.TextGrid,34,18,one,166.620,166.730,6.47,3,CD,0,5.7764,5.5099,1
audio19.TextGrid,34,19,of,166.730,166.800,7.4,2,IN,0,3.8165,0.4958,1
audio19.TextGrid,34,20,the,166.800,166.890,7.73,2,DT,0,1.7425,0.2130,1
audio19.TextGrid,34,21,strips,166.890,167.420,3.86,6,NNS,1,6.4188,3.0397,1
audio19.TextGrid,35,1,he,168.790,168.880,6.69,2,PRP,0,4.5353,1.8499,1
audio19.TextGrid,35,2,could,168.880,169.070,6.06,3,MD,0,5.0571,4.7795,1
audio19.TextGrid,35,3,feel,169.070,169.300,5.67,3,VB,0,7.2578,3.0434,1
audio19.TextGrid,35,4,the,169.300,169.400,7.73,2,DT,0,2.6103,0.5734,1
audio19.TextGrid,35,5,steady,169.400,169.800,4.31,5,JJ,0,8.9359,9.0300,1
audio19.TextGrid,35,6,hard,169.800,170.030,5.53,4,JJ,0,9.2740,6.9821,1
audio19.TextGrid,35,7,pull,170.030,170.230,4.82,3,NN,0,13.1042,3.8355,1
audio19.TextGrid,35,8,of,170.230,170.290,7.4,2,IN,0,3.4255,0.6640,1
audio19.TextGrid,35,9,the,170.290,170.400,7.73,2,DT,0,1.7134,0.1699,1
audio19.TextGrid,35,10,line,170.400,170.840,5.49,3,NN,0,7.6696,1.6991,1
audio19.TextGrid,35,11,and,171.020,171.140,7.41,2,CC,0,4.2309,1.5538,1
audio19.TextGrid,35,12,his,171.140,171.280,6.51,3,PRP$,0,6.0673,2.9733,1
audio19.TextGrid,35,13,left,171.280,171.510,5.62,4,JJ,0,10.8282,3.9991,1
audio19.TextGrid,35,14,hand,171.510,171.730,5.41,4,NN,0,8.1891,0.4075,1
audio19.TextGrid,35,15,was,171.730,171.880,6.82,3,VBD,0,5.0357,1.8178,1
audio19.TextGrid,35,16,cramped,171.880,172.470,3.28,6,VBN,1,6.3543,8.1723,1
audio19.TextGrid,36,1,it,173.390,173.580,6.95,2,PRP,0,3.8912,2.8716,1
audio19.TextGrid,36,2,drew,173.580,173.740,4.46,3,VBD,0,9.7677,6.3564,1
audio19.TextGrid,36,3,up,173.740,173.890,6.39,2,RP,0,5.1026,3.6185,1
audio19.TextGrid,36,4,tight,173.940,174.230,4.57,3,NN,0,9.6520,5.7617,1
audio19.TextGrid,36,5,on,174.230,174.350,6.91,2,IN,0,5.0002,2.3327,1
audio19.TextGrid,36,6,the,174.350,174.410,7.73,2,DT,0,1.7447,0.5004,1
audio19.TextGrid,36,7,heavy,174.410,174.670,4.96,4,JJ,0,8.7552,7.5846,1
audio19.TextGrid,36,8,cord,174.670,175.120,3.98,4,NN,1,4.2318,5.1169,1
audio19.TextGrid,36,9,and,175.120,175.260,7.41,2,CC,0,4.2621,1.6881,1
audio19.TextGrid,36,10,he,175.260,175.410,6.69,2,PRP,0,5.2307,1.3420,1
audio19.TextGrid,36,11,looked,175.410,175.660,5.11,4,VBD,0,10.6870,3.8608,1
audio19.TextGrid,36,12,at,175.660,175.810,6.7,2,IN,0,4.1943,1.6344,1
audio19.TextGrid,36,13,it,175.810,175.920,6.95,2,PRP,0,3.7780,1.2180,1
audio19.TextGrid,36,14,in,175.920,176.040,7.27,2,IN,0,3.3514,3.2754,1
audio19.TextGrid,36,15,disgust,176.040,176.670,3.61,7,NN,1,5.7909,3.8903,1
audio20.TextGrid,1,1,what,0.910,1.140,6.38,4,WP,0,6.9013,3.1055,1
audio20.TextGrid,1,2,kind,1.150,1.420,5.45,3,NN,0,10.6086,4.3952,1
audio20.TextGrid,1,3,of,1.420,1.520,7.4,2,IN,0,4.1952,0.0077,1
audio20.TextGrid,1,4,a,1.520,1.560,7.36,1,DT,0,2.5832,2.9659,1
audio20.TextGrid,1,5,hand,1.560,1.940,5.41,4,NN,0,8.1580,6.7247,1
audio20.TextGrid,1,6,is,1.940,2.110,7.07,2,VBZ,0,4.2075,1.3854,1
audio20.TextGrid,1,7,that,2.110,2.560,7.01,3,IN,0,4.3813,1.0961,1
audio20.TextGrid,1,8,he,2.780,2.890,6.69,2,PRP,0,5.0791,0.1124,1
audio20.TextGrid,1,9,said,2.890,3.310,6.01,3,VBD,0,4.2919,0.3035,1
audio20.TextGrid,2,1,cramp,3.920,4.340,3.04,5,NN,1,5.9246,13.6560,1
audio20.TextGrid,2,2,then,4.340,4.540,6.07,3,RB,0,8.5967,8.0242,1
audio20.TextGrid,2,3,if,4.540,4.650,6.47,2,IN,0,6.4481,5.9634,1
audio20.TextGrid,2,4,you,4.650,4.730,6.98,2,PRP,0,5.6745,0.3687,1
audio20.TextGrid,2,5,want,4.730,5.120,6.04,4,VBP,0,7.2031,1.8888,1
audio20.TextGrid,2,6,make,5.370,5.580,6.08,3,VB,0,6.6599,5.5281,1
audio20.TextGrid,2,7,yourself,5.580,5.980,5.31,6,PRP,0,9.6789,3.1673,1
audio20.TextGrid,2,8,into,5.980,6.190,6.11,4,IN,0,6.2156,6.3948,1
audio20.TextGrid,2,9,a,6.190,6.230,7.36,1,DT,0,2.5681,0.4311,1
audio20.TextGrid,2,10,claw,6.230,6.730,3.59,3,NN,1,4.1371,7.3287,1
audio20.TextGrid,3,1,it,7.170,7.300,6.95,2,PRP,0,3.8912,2.9329,1
audio20.TextGrid,3,2,will,7.300,7.400,6.45,3,MD,0,4.2179,1.6330,1
audio20.TextGrid,3,3,do,7.400,7.530,6.35,2,VB,0,5.1563,3.1589,1
audio20.TextGrid,3,4,you,7.530,7.680,6.98,2,PRP,0,6.4578,1.8051,1
audio20.TextGrid,3,5,no,7.680,7.870,6.35,2,DT,0,7.5367,1.2035,1
audio20.TextGrid,3,6,good,7.870,8.260,6.12,3,JJ,0,7.1357,0.0462,1
audio20.TextGrid,4,1,come,10.400,10.590,5.78,3,VB,0,10.6226,9.9574,1
audio20.TextGrid,4,2,on,10.590,10.930,6.91,2,IN,0,4.6963,1.6868,1
audio20.TextGrid,4,3,he,10.930,11.260,6.69,2,PRP,0,4.4365,1.3464,1
audio20.TextGrid,4,4,thought,11.260,11.620,5.59,3,VBD,0,9.5943,0.2952,1
audio20.TextGrid,4,5,and,11.620,11.790,7.41,3,CC,0,3.9437,2.2517,1
audio20.TextGrid,4,6,looked,11.790,11.970,5.11,4,VBD,0,9.9287,3.7520,1
audio20.TextGrid,4,7,down,11.970,12.230,5.88,3,RB,0,6.2951,2.3950,1
audio20.TextGrid,4,8,into,12.230,12.380,6.11,4,IN,0,6.6686,3.7471,1
audio20.TextGrid,4,9,the,12.380,12.480,7.73,2,DT,0,1.7138,0.1339,1
audio20.TextGrid,4,10,dark,12.480,12.780,5.04,4,JJ,0,10.7242,4.4263,1
audio20.TextGrid,4,11,water,12.780,13.120,5.52,4,NN,0,8.2731,2.9260,1
audio20.TextGrid,4,12,at,13.120,13.230,6.7,2,IN,0,4.7502,3.4153,1
audio20.TextGrid,4,13,the,13.230,13.310,7.73,2,DT,0,1.6948,0.3517,1
audio20.TextGrid,4,14,slant,13.310,13.640,3.18,5,NN,1,4.1368,12.8324,1
audio20.TextGrid,4,15,of,13.640,13.700,7.4,2,IN,0,3.1092,0.2952,1
audio20.TextGrid,4,16,the,13.700,13.800,7.73,2,DT,0,1.6943,0.2896,1
audio20.TextGrid,4,17,line,13.800,14.160,5.49,3,NN,0,7.6699,2.6919,1
audio20.TextGrid,5,1,eat,15.000,15.160,5.13,2,NN,0,13.8346,9.0677,1
audio20.TextGrid,5,2,it,15.160,15.330,6.95,2,PRP,0,4.5916,1.7075,1
audio20.TextGrid,5,3,now,15.330,15.660,6.18,2,RB,0,6.4338,2.8448,1
audio20.TextGrid,5,4,and,15.660,15.760,7.41,3,CC,0,3.6608,1.6208,1
audio20.TextGrid,5,5,it,15.760,15.880,6.95,2,PRP,0,4.7139,3.2538,1
audio20.TextGrid,5,6,will,15.880,15.970,6.45,3,MD,0,4.3108,0.2759,1
audio20.TextGrid,5,7,strengthen,15.970,16.350,4.04,8,VB,1,3.7172,8.1982,1
audio20.TextGrid,5,8,the,16.350,16.430,7.73,2,DT,0,2.2845,2.0752,1
audio20.TextGrid,5,9,hand,16.430,16.900,5.41,4,NN,0,8.1588,3.6355,1
audio20.TextGrid,6,1,it,17.520,17.610,6.95,2,PRP,0,3.8912,2.8263,1
audio20.TextGrid,6,2,is,17.610,17.700,7.07,2,VBZ,0,3.3590,1.9323,1
audio20.TextGrid,6,3,not,17.700,17.850,6.69,3,RB,0,5.6653,2.4872,1
audio20.TextGrid,6,4,the,17.850,17.960,7.73,2,DT,0,3.7103,3.1951,1
audio20.TextGrid,6,5,hand,17.960,18.230,5.41,4,NN,0,8.2472,3.2533,1
audio20.TextGrid,6,6,s,18.230,18.330,5.86,1,NN,1,5.4342,4.3946,1
audio20.TextGrid,6,7,fault,18.330,18.670,4.64,4,NN,0,10.5970,0.6512,1
audio20.TextGrid,6,8,and,18.670,18.770,7.41,2,CC,0,4.3076,3.3430,1
audio20.TextGrid,6,9,you,18.770,18.900,6.98,2,PRP,0,6.7382,3.7607,1
audio20.TextGrid,6,10,have,18.900,18.990,6.71,3,VBP,0,4.9527,2.4289,1
audio20.TextGrid,6,11,been,18.990,19.130,6.27,3,VBN,0,5.9422,3.4137,1
audio20.TextGrid,6,12,many,19.130,19.400,5.91,4,JJ,0,7.3308,9.1885,1
audio20.TextGrid,6,13,hours,19.400,19.790,5.4,3,NNS,0,7.9071,4.1706,1
audio20.TextGrid,6,14,with,19.790,19.900,6.85,3,IN,0,4.4441,3.6617,1
audio20.TextGrid,6,15,the,19.900,19.980,7.73,2,DT,0,1.6967,1.6954,1
audio20.TextGrid,6,16,fish,19.980,20.350,4.9,3,NN,1,4.1366,1.6281,1
audio20.TextGrid,7,1,but,21.270,21.470,6.63,3,CC,0,5.3198,2.3269,1
audio20.TextGrid,7,2,you,21.470,21.540,6.98,2,PRP,0,5.9151,2.4324,1
audio20.TextGrid,7,3,can,21.540,21.660,6.46,3,MD,0,5.2767,2.8295,1
audio20.TextGrid,7,4,stay,21.660,21.900,5.33,3,VB,0,7.9825,6.8098,1
audio20.TextGrid,7,5,with,21.900,22.060,6.85,3,IN,0,5.1807,2.4708,1
audio20.TextGrid,7,6,him,22.060,22.190,6.11,3,PRP,0,7.4001,3.7566,1
audio20.TextGrid,7,7,forever,22.190,22.730,4.74,5,RB,1,5.4146,4.0354,1
audio20.TextGrid,8,1,eat,23.430,23.570,5.13,2,VB,0,13.8346,4.7169,1
audio20.TextGrid,8,2,the,23.570,23.680,7.73,2,DT,0,2.4931,1.6688,1
audio20.TextGrid,8,3,bonito,23.680,24.110,2.5,6,NN,1,4.1381,8.3766,1
audio20.TextGrid,8,4,now,24.110,24.590,6.18,2,RB,0,6.6871,2.1713,1
audio20.TextGrid,9,1,he,26.760,26.860,6.69,2,PRP,0,4.5353,2.3405,1
audio20.TextGrid,9,2,picked,26.860,27.100,4.72,4,VBD,0,9.8211,4.9710,1
audio20.TextGrid,9,3,up,27.100,27.220,6.39,2,RP,0,5.0515,0.7436,1
audio20.TextGrid,9,4,a,27.220,27.270,7.36,1,DT,0,3.4064,2.0345,1
audio20.TextGrid,9,5,piece,27.270,27.630,5.04,3,NN,0,9.5520,2.4948,1
audio20.TextGrid,9,6,and,27.630,27.740,7.41,2,CC,0,4.4051,2.0325,1
audio20.TextGrid,9,7,put,27.740,27.980,5.66,3,VB,0,8.1861,2.8386,1
audio20.TextGrid,9,8,it,27.980,28.080,6.95,2,PRP,0,4.7086,0.1394,1
audio20.TextGrid,9,9,in,28.080,28.190,7.27,2,IN,0,3.2221,1.2846,1
audio20.TextGrid,9,10,his,28.190,28.340,6.51,3,PRP$,0,5.3068,0.8690,1
audio20.TextGrid,9,11,mouth,28.340,28.690,4.83,3,NN,1,4.2576,1.3764,1
audio20.TextGrid,9,12,and,28.690,28.830,7.41,3,CC,0,4.3930,0.9081,1
audio20.TextGrid,9,13,chewed,28.830,29.100,3.24,3,VBD,1,5.2131,7.5583,1
audio20.TextGrid,9,14,it,29.100,29.210,6.95,2,PRP,0,4.5510,0.9831,1
audio20.TextGrid,9,15,slowly,29.210,29.720,4.63,5,RB,0,9.7538,4.7668,1
audio20.TextGrid,10,1,it,30.490,30.600,6.95,2,PRP,0,3.8912,2.4053,1
audio20.TextGrid,10,2,was,30.600,30.730,6.82,3,VBD,0,3.9158,0.8603,1
audio20.TextGrid,10,3,not,30.730,30.910,6.69,3,RB,0,5.4771,3.2014,1
audio20.TextGrid,10,4,unpleasant,30.910,31.530,3.8,9,JJ,0,11.0242,6.7435,1
audio20.TextGrid,11,1,chew,33.000,33.220,3.66,2,NN,1,5.9246,9.1016,1
audio20.TextGrid,11,2,it,33.220,33.310,6.95,2,PRP,0,6.6227,1.0366,1
audio20.TextGrid,11,3,well,33.310,33.640,6.03,3,RB,0,7.8931,4.6330,1
audio20.TextGrid,11,4,he,33.800,33.930,6.69,2,PRP,0,6.2184,0.6234,1
audio20.TextGrid,11,5,thought,33.930,34.300,5.59,3,VBD,0,8.9000,0.8178,1
audio20.TextGrid,11,6,and,34.580,34.640,7.41,2,CC,0,4.0128,0.8678,1
audio20.TextGrid,11,7,get,34.640,34.810,6.28,3,VB,0,5.8999,6.9505,1
audio20.TextGrid,11,8,all,34.810,34.970,6.52,2,DT,0,6.0741,4.9889,1
audio20.TextGrid,11,9,the,34.970,35.070,7.73,2,DT,0,3.9508,0.7039,1
audio20.TextGrid,11,10,juices,35.070,35.740,3.42,5,NNS,1,7.2860,2.8760,1
audio20.TextGrid,12,1,it,36.570,36.720,6.95,2,PRP,0,3.8912,2.8877,1
audio20.TextGrid,12,2,would,36.720,36.840,6.27,3,MD,0,4.5105,2.1777,1
audio20.TextGrid,12,3,not,36.840,37.110,6.69,3,RB,0,6.1838,2.7759,1
audio20.TextGrid,12,4,be,37.110,37.210,6.79,2,VB,0,4.4485,2.2882,1
audio20.TextGrid,12,5,had,37.210,37.450,6.33,3,VBN,0,6.4218,8.3880,1
audio20.TextGrid,12,6,to,37.450,37.530,7.43,2,TO,0,3.3392,2.5164,1
audio20.TextGrid,12,7,eat,37.530,37.710,5.13,2,VB,0,9.8851,1.8423,1
audio20.TextGrid,12,8,with,37.710,37.830,6.85,3,IN,0,5.2889,4.6669,1
audio20.TextGrid,12,9,a,37.830,37.860,7.36,1,DT,0,2.6003,2.3098,1
audio20.TextGrid,12,10,little,37.860,38.070,5.75,5,JJ,0,7.7935,5.2073,1
audio20.TextGrid,12,11,lime,38.070,38.560,3.86,3,NN,1,4.1207,7.6893,1
audio20.TextGrid,12,12,or,38.560,38.710,6.54,2,CC,0,5.9926,2.5059,1
audio20.TextGrid,12,13,with,38.710,38.930,6.85,3,IN,0,5.9948,4.8785,1
audio20.TextGrid,12,14,lemon,38.930,39.240,4.1,5,JJ,1,5.3205,5.5728,1
audio20.TextGrid,12,15,or,39.240,39.270,6.54,1,CC,0,5.4508,2.2647,1
audio20.TextGrid,12,16,with,39.570,39.910,6.85,3,IN,0,6.6589,0.9351,1
audio20.TextGrid,12,17,salt,39.910,40.380,4.6,4,NN,0,11.0883,3.6376,1
audio20.TextGrid,13,1,how,42.470,42.610,6.24,2,WRB,0,7.8277,4.8083,1
audio20.TextGrid,13,2,do,42.610,42.690,6.35,2,VBP,0,7.7790,2.4629,1
audio20.TextGrid,13,3,you,42.690,42.800,6.98,2,PRP,0,6.0882,0.2731,1
audio20.TextGrid,13,4,feel,42.800,43.160,5.67,3,VB,0,7.9960,2.6241,1
audio20.TextGrid,13,5,hand,43.160,43.520,5.41,4,NN,0,10.5897,9.7435,1
audio20.TextGrid,13,6,he,43.520,43.860,6.69,2,PRP,0,6.0597,0.3698,1
audio20.TextGrid,13,7,asked,43.860,44.080,5.3,3,VBD,0,7.5614,0.3806,1
audio20.TextGrid,13,8,the,44.100,44.190,7.73,2,DT,0,2.5073,3.9331,1
audio20.TextGrid,13,9,cramped,44.190,44.560,3.28,6,JJ,1,5.0794,13.0639,1
audio20.TextGrid,13,10,hand,44.560,44.790,5.41,4,NN,0,8.3465,3.6874,1
audio20.TextGrid,13,11,that,44.790,44.920,7.01,3,WDT,0,4.2298,4.6848,1
audio20.TextGrid,13,12,was,44.920,45.020,6.82,3,VBD,0,6.1787,1.2546,1
audio20.TextGrid,13,13,almost,45.020,45.440,5.39,6,RB,0,7.3344,6.1492,1
audio20.TextGrid,13,14,as,45.440,45.530,6.77,2,RB,0,4.9675,3.3722,1
audio20.TextGrid,13,15,stiff,45.530,45.890,3.9,4,JJ,0,10.4685,5.4914,1
audio20.TextGrid,13,16,as,45.890,46.030,6.77,2,IN,0,5.8229,0.3025,1
audio20.TextGrid,13,17,rigor,46.030,46.310,3.07,4,NN,1,5.8657,13.4474,1
audio20.TextGrid,13,18,mortis,46.310,46.840,2.63,6,NN,1,5.1436,0.0468,1
audio20.TextGrid,14,1,i,47.760,47.890,7.09,1,NN,0,5.5144,1.3390,1
audio20.TextGrid,14,2,ll,47.890,47.960,4.66,1,VBP,1,3.9811,5.6436,1
audio20.TextGrid,14,3,eat,47.960,48.120,5.13,2,VB,0,10.6645,2.0409,1
audio20.TextGrid,14,4,some,48.120,48.280,6.2,3,DT,0,6.1889,5.0049,1
audio20.TextGrid,14,5,more,48.280,48.540,6.36,3,JJR,0,6.2241,2.9392,1
audio20.TextGrid,14,6,for,48.540,48.790,7.01,3,IN,0,4.8145,4.7277,1
audio20.TextGrid,14,7,you,48.790,48.980,6.98,2,PRP,0,5.9881,1.3828,1
audio20.TextGrid,15,1,he,50.810,50.970,6.69,2,PRP,0,4.5353,1.3351,1
audio20.TextGrid,15,2,ate,50.970,51.060,4.34,2,VBD,1,3.3819,4.2505,1
audio20.TextGrid,15,3,the,51.060,51.240,7.73,2,DT,0,2.4671,1.1044,1
audio20.TextGrid,15,4,other,51.240,51.390,6.16,3,JJ,0,5.7847,4.2180,1
audio20.TextGrid,15,5,part,51.390,51.620,5.78,4,NN,0,6.4012,4.0448,1
audio20.TextGrid,15,6,of,51.620,51.690,7.4,2,IN,0,3.0376,0.8999,1
audio20.TextGrid,15,7,the,51.690,51.770,7.73,2,DT,0,1.6935,0.1595,1
audio20.TextGrid,15,8,piece,51.770,52.100,5.04,3,NN,0,9.5432,4.2843,1
audio20.TextGrid,15,9,that,52.100,52.220,7.01,3,IN,0,4.3520,4.3964,1
audio20.TextGrid,15,10,he,52.220,52.280,6.69,2,PRP,0,4.7295,1.9509,1
audio20.TextGrid,15,11,had,52.280,52.390,6.33,3,VBD,0,5.8934,0.6095,1
audio20.TextGrid,15,12,cut,52.390,52.610,5.24,3,VBN,0,8.0876,2.8640,1
audio20.TextGrid,15,13,in,52.610,52.730,7.27,2,IN,0,3.4768,3.4473,1
audio20.TextGrid,15,14,two,52.730,53.090,6.1,2,CD,0,6.0259,2.5418,1
audio20.TextGrid,15,15,he,53.480,53.590,6.69,2,PRP,0,7.4890,1.1384,1
audio20.TextGrid,15,16,chewed,53.590,53.830,3.24,3,VBD,1,4.2817,5.7996,1
audio20.TextGrid,15,17,it,53.830,53.930,6.95,2,PRP,0,4.5357,0.9542,1
audio20.TextGrid,15,18,carefully,53.930,54.440,4.46,7,RB,0,11.0588,3.6895,1
audio20.TextGrid,15,19,and,54.440,54.520,7.41,2,CC,0,3.6905,0.9267,1
audio20.TextGrid,15,20,then,54.520,54.720,6.07,3,RB,0,6.4455,2.5940,1
audio20.TextGrid,15,21,spat,54.720,55.040,3.3,4,VB,1,4.6301,6.5787,1
audio20.TextGrid,15,22,out,55.040,55.160,6.38,2,RP,0,5.7004,2.2560,1
audio20.TextGrid,15,23,the,55.160,55.290,7.73,2,DT,0,2.3595,1.0493,1
audio20.TextGrid,15,24,skin,55.290,55.520,4.91,4,NN,0,9.1409,6.2991,1
audio20.TextGrid,15,25,how,55.520,55.610,6.24,2,WRB,0,7.4019,4.0885,1
audio20.TextGrid,16,1,does,56.850,57.050,5.74,3,VBZ,0,9.8908,3.2682,1
audio20.TextGrid,16,2,it,57.050,57.230,6.95,2,PRP,0,4.5538,0.9216,1
audio20.TextGrid,16,3,go,57.230,57.570,6.03,2,VB,0,8.0097,4.8046,1
audio20.TextGrid,16,4,hand,57.570,58.000,5.41,4,NN,0,10.4328,1.9870,1
audio20.TextGrid,16,5,or,58.320,58.450,6.54,2,CC,0,5.5228,6.5103,1
audio20.TextGrid,16,6,is,58.450,58.560,7.07,2,VBZ,0,5.2993,2.2850,1
audio20.TextGrid,16,7,it,58.560,58.740,6.95,2,PRP,0,4.6653,0.3267,1
audio20.TextGrid,16,8,too,58.740,58.920,5.95,2,RB,0,7.7362,3.6960,1
audio20.TextGrid,16,9,early,58.920,59.100,5.43,3,JJ,0,7.2903,7.4789,1
audio20.TextGrid,16,10,to,59.100,59.240,7.43,2,TO,0,3.5302,0.9787,1
audio20.TextGrid,16,11,know,59.240,59.580,6.1,2,VB,0,7.2707,4.4813,1
audio20.TextGrid,17,1,he,61.050,61.150,6.69,2,PRP,0,4.5353,1.7652,1
audio20.TextGrid,17,2,took,61.150,61.330,5.51,3,VBD,0,6.4889,3.1789,1
audio20.TextGrid,17,3,another,61.330,61.650,5.74,5,DT,0,7.0552,3.1498,1
audio20.TextGrid,17,4,full,61.650,61.900,5.54,3,JJ,0,7.6813,9.3338,1
audio20.TextGrid,17,5,piece,61.900,62.300,5.04,3,NN,0,9.3970,3.3463,1
audio20.TextGrid,17,6,and,62.300,62.470,7.41,3,CC,0,4.5491,1.0128,1
audio20.TextGrid,17,7,chewed,62.470,62.720,3.24,3,VBD,1,4.6551,3.7161,1
audio20.TextGrid,17,8,it,62.720,62.930,6.95,2,PRP,0,4.5513,0.4018,1
audio20.TextGrid,18,1,it,64.310,64.470,6.95,2,PRP,0,3.8912,1.8194,1
audio20.TextGrid,18,2,is,64.470,64.580,7.07,2,VBZ,0,3.3590,1.9887,1
audio20.TextGrid,18,3,a,64.580,64.660,7.36,1,DT,0,3.5087,3.0420,1
audio20.TextGrid,18,4,strong,64.660,65.270,5.22,5,JJ,0,7.5078,6.2012,1
audio20.TextGrid,18,5,full,65.270,65.540,5.54,3,JJ,0,8.2836,9.0976,1
audio20.TextGrid,18,6,blooded,65.540,65.970,3.34,6,VBD,1,7.9993,2.9821,1
audio20.TextGrid,18,7,fish,65.970,66.380,4.9,3,NN,1,5.7808,1.1573,1
audio20.TextGrid,18,8,he,66.520,66.610,6.69,2,PRP,0,6.9298,0.1365,1
audio20.TextGrid,18,9,thought,66.610,66.980,5.59,3,VBD,0,8.8251,4.7162,1
audio20.TextGrid,18,10,i,67.300,67.410,7.09,1,NN,0,6.3189,1.9534,1
audio20.TextGrid,18,11,was,67.410,67.600,6.82,3,VBD,0,4.9189,4.3591,1
audio20.TextGrid,18,12,lucky,67.600,67.850,4.77,4,JJ,0,11.5070,4.7418,1
audio20.TextGrid,18,13,to,67.850,67.950,7.43,2,TO,0,3.4430,1.4260,1
audio20.TextGrid,18,14,get,67.950,68.150,6.28,3,VB,0,6.0253,1.7888,1
audio20.TextGrid,18,15,him,68.150,68.330,6.11,3,PRP,0,8.0270,5.2421,1
audio20.TextGrid,18,16,instead,68.330,68.650,5.24,6,RB,0,8.3435,8.0710,1
audio20.TextGrid,18,17,of,68.650,68.720,7.4,2,IN,0,3.2155,0.1377,1
audio20.TextGrid,18,18,dolphin,68.720,69.240,3.67,6,NN,0,11.0449,11.7396,1
audio20.TextGrid,19,1,dolphin,70.000,70.330,3.67,6,NN,0,11.1384,7.0830,1
audio20.TextGrid,19,2,is,70.330,70.440,7.07,2,VBZ,0,4.5180,1.4342,1
audio20.TextGrid,19,3,too,70.440,70.610,5.95,2,RB,0,7.4339,3.7843,1
audio20.TextGrid,19,4,sweet,70.610,71.120,4.91,4,JJ,0,10.0055,6.8005,1
audio20.TextGrid,20,1,this,71.770,71.940,6.82,3,DT,0,4.8800,5.0236,1
audio20.TextGrid,20,2,is,71.940,72.050,7.07,2,VBZ,0,7.0374,0.8946,1
audio20.TextGrid,20,3,hardly,72.050,72.390,4.53,6,RB,0,9.2200,7.8930,1
audio20.TextGrid,20,4,sweet,72.390,72.650,4.91,4,JJ,0,10.0034,4.9404,1
audio20.TextGrid,20,5,at,72.650,72.750,6.7,2,IN,0,4.9198,3.8977,1
audio20.TextGrid,20,6,all,72.750,73.140,6.52,2,DT,0,5.4515,0.0262,1
audio20.TextGrid,20,7,and,73.140,73.260,7.41,2,CC,0,3.3257,3.1404,1
audio20.TextGrid,20,8,all,73.260,73.430,6.52,2,PDT,0,5.9538,5.5297,1
audio20.TextGrid,20,9,the,73.430,73.540,7.73,2,DT,0,3.9788,1.3463,1
audio20.TextGrid,20,10,strength,73.540,73.940,4.8,6,NN,0,9.0444,7.7862,1
audio20.TextGrid,20,11,is,73.940,74.060,7.07,2,VBZ,0,5.2155,2.0612,1
audio20.TextGrid,20,12,still,74.060,74.350,5.92,4,RB,0,6.8091,5.6206,1
audio20.TextGrid,20,13,in,74.350,74.450,7.27,2,IN,0,3.7520,1.4462,1
audio20.TextGrid,20,14,it,74.490,74.660,6.95,2,PRP,0,3.8482,2.1297,1
audio20.TextGrid,21,1,there,76.910,77.060,6.31,3,EX,0,5.7321,5.0190,1
audio20.TextGrid,21,2,is,77.060,77.190,7.07,2,VBZ,0,3.4079,3.6338,1
audio20.TextGrid,21,3,no,77.190,77.380,6.35,2,DT,0,6.4200,1.4657,1
audio20.TextGrid,21,4,sense,77.380,77.730,5.19,4,NN,0,8.4869,5.0974,1
audio20.TextGrid,21,5,in,77.730,77.850,7.27,2,IN,0,3.5196,0.6556,1
audio20.TextGrid,21,6,being,77.850,78.150,5.95,4,VBG,0,8.2654,3.8884,1
audio20.TextGrid,21,7,anything,78.150,78.510,5.55,6,NN,0,9.1298,6.6041,1
audio20.TextGrid,21,8,but,78.510,78.660,6.63,3,CC,0,5.9521,0.9059,1
audio20.TextGrid,21,9,practical,78.660,79.190,4.48,9,JJ,0,10.3335,11.9409,1
audio20.TextGrid,21,10,though,79.190,79.460,5.5,2,IN,0,8.4503,6.7671,1
audio20.TextGrid,21,11,he,79.640,79.760,6.69,2,PRP,0,4.5033,0.7550,1
audio20.TextGrid,21,12,thought,79.760,80.090,5.59,3,VBD,0,9.3153,0.2528,1
audio20.TextGrid,22,1,i,80.730,80.830,7.09,1,JJ,0,5.5144,4.3500,1
audio20.TextGrid,22,2,wish,80.830,81.040,5.18,3,NN,0,9.0633,6.1806,1
audio20.TextGrid,22,3,i,81.040,81.150,7.09,1,NN,0,6.0510,0.5323,1
audio20.TextGrid,22,4,had,81.150,81.320,6.33,3,VBD,0,6.7946,1.4519,1
audio20.TextGrid,22,5,some,81.320,81.450,6.2,3,DT,0,5.9286,3.6280,1
audio20.TextGrid,22,6,salt,81.450,81.910,4.6,4,NN,0,11.0715,5.9385,1
audio20.TextGrid,23,1,and,83.010,83.110,7.41,3,CC,0,3.7036,3.7922,1
audio20.TextGrid,23,2,i,83.110,83.220,7.09,1,VB,0,5.7252,1.5154,1
audio20.TextGrid,23,3,do,83.220,83.350,6.35,2,VBP,0,5.3274,3.7676,1
audio20.TextGrid,23,4,not,83.350,83.560,6.69,3,RB,0,5.5340,0.7845,1
audio20.TextGrid,23,5,know,83.560,83.690,6.1,2,VB,0,7.8083,1.9291,1
audio20.TextGrid,23,6,whether,83.690,83.940,5.32,4,IN,0,7.8502,4.0382,1
audio20.TextGrid,23,7,the,83.940,84.050,7.73,2,DT,0,1.7162,2.8925,1
audio20.TextGrid,23,8,sun,84.050,84.290,4.97,3,NN,0,10.3551,5.7694,1
audio20.TextGrid,23,9,will,84.290,84.620,6.45,3,MD,0,7.5266,1.5011,1
audio20.TextGrid,23,10,rot,84.620,84.910,3.7,3,VB,1,3.7358,8.3404,1
audio20.TextGrid,23,11,or,84.910,85.090,6.54,2,CC,0,5.7148,1.8412,1
audio20.TextGrid,23,12,dry,85.090,85.450,4.74,3,VB,0,11.3472,6.2859,1
audio20.TextGrid,23,13,what,85.450,85.630,6.38,3,WP,0,6.9341,7.4904,1
audio20.TextGrid,23,14,is,85.630,85.790,7.07,2,VBZ,0,3.7969,2.4058,1
audio20.TextGrid,23,15,left,85.790,86.090,5.62,4,VBN,0,8.6152,1.6652,1
audio20.TextGrid,23,16,so,86.090,86.240,6.52,2,RB,0,5.9390,2.9607,1
audio20.TextGrid,23,17,i,86.240,86.340,7.09,1,JJ,0,6.3194,0.8788,1
audio20.TextGrid,23,18,had,86.340,86.500,6.33,3,VBD,0,6.5058,4.7375,1
audio20.TextGrid,23,19,better,86.500,86.790,5.76,4,RBR,0,8.0583,2.8772,1
audio20.TextGrid,23,20,eat,86.790,86.980,5.13,2,VB,0,12.1149,2.3933,1
audio20.TextGrid,23,21,it,86.980,87.090,6.95,2,PRP,0,4.8064,1.4543,1
audio20.TextGrid,23,22,all,87.090,87.510,6.52,2,DT,0,7.1723,4.4673,1
audio20.TextGrid,23,23,although,87.790,88.110,5.3,4,IN,0,9.0659,10.5742,1
audio20.TextGrid,23,24,i,88.110,88.240,7.09,1,NN,0,5.4575,0.7657,1
audio20.TextGrid,23,25,am,88.240,88.340,5.78,2,VBP,0,10.7755,1.9465,1
audio20.TextGrid,23,26,not,88.340,88.530,6.69,3,RB,0,5.5234,2.0409,1
audio20.TextGrid,23,27,hungry,88.530,88.970,4.45,6,JJ,1,5.3580,4.0766,1
audio20.TextGrid,24,1,the,89.700,89.780,7.73,2,DT,0,1.8241,3.1212,1
audio20.TextGrid,24,2,fish,89.780,90.060,4.9,3,NN,1,4.1358,2.0721,1
audio20.TextGrid,24,3,is,90.060,90.160,7.07,2,VBZ,0,3.6170,1.9091,1
audio20.TextGrid,24,4,calm,90.160,90.510,4.54,4,JJ,1,5.8983,7.9858,1
audio20.TextGrid,24,5,and,90.510,90.620,7.41,3,CC,0,3.7331,1.2334,1
audio20.TextGrid,24,6,steady,90.620,91.050,4.31,5,JJ,0,8.1743,4.8626,1
audio20.TextGrid,25,1,i,91.450,91.550,7.09,1,NN,0,5.5144,2.0749,1
audio20.TextGrid,25,2,will,91.550,91.700,6.45,3,MD,0,4.2229,3.0485,1
audio20.TextGrid,25,3,eat,91.700,91.860,5.13,2,VB,0,9.6808,1.4159,1
audio20.TextGrid,25,4,it,91.860,91.960,6.95,2,PRP,0,4.8722,0.6844,1
audio20.TextGrid,25,5,all,91.960,92.230,6.52,2,DT,0,7.5092,2.8963,1
audio20.TextGrid,25,6,and,92.630,92.730,7.41,2,CC,0,3.3449,2.2786,1
audio20.TextGrid,25,7,then,92.730,92.870,6.07,3,RB,0,8.1088,2.8919,1
audio20.TextGrid,25,8,i,92.870,92.950,7.09,1,VB,0,7.5555,1.2135,1
audio20.TextGrid,25,9,will,92.950,93.130,6.45,3,MD,0,5.2727,0.5829,1
audio20.TextGrid,25,10,be,93.130,93.260,6.79,2,VB,0,3.7206,2.4222,1
audio20.TextGrid,25,11,ready,93.260,93.650,5.28,4,JJ,0,10.8037,2.7679,1
audio20.TextGrid,26,1,be,95.280,95.390,6.79,2,VB,0,8.5148,5.9088,1
audio20.TextGrid,26,2,patient,95.390,95.810,4.77,6,JJ,0,11.7817,2.9476,1
audio20.TextGrid,26,3,hand,95.810,96.190,5.41,4,NN,0,9.5833,2.7555,1
audio20.TextGrid,26,4,he,96.440,96.570,6.69,2,PRP,0,6.3859,0.2126,1
audio20.TextGrid,26,5,said,96.570,96.830,6.01,3,VBD,0,3.6736,0.2037,1
audio20.TextGrid,26,6,i,96.830,96.940,7.09,1,RB,0,6.1705,1.5847,1
audio20.TextGrid,26,7,do,96.940,97.130,6.35,2,VBP,0,6.2478,3.9457,1
audio20.TextGrid,26,8,this,97.130,97.340,6.82,3,DT,0,5.5933,6.3837,1
audio20.TextGrid,26,9,for,97.340,97.450,7.01,2,IN,0,6.0659,1.9308,1
audio20.TextGrid,26,10,you,97.450,99.320,6.98,2,PRP,0,5.6388,1.1059,1
audio20.TextGrid,26,11,i,99.350,99.430,7.09,1,VBP,0,7.5485,4.0086,1
audio20.TextGrid,26,12,wish,99.430,99.630,5.18,3,JJ,0,10.0235,4.5661,1
audio20.TextGrid,26,13,i,99.630,99.710,7.09,1,NN,0,6.1713,0.3658,1
audio20.TextGrid,26,14,could,99.710,99.910,6.06,3,MD,0,6.7477,1.6101,1
audio20.TextGrid,26,15,feed,99.910,100.100,4.67,3,VB,0,8.9917,5.4271,1
audio20.TextGrid,26,16,the,100.100,100.210,7.73,2,DT,0,2.7591,2.0990,1
audio20.TextGrid,26,17,fish,100.210,100.640,4.9,3,NN,1,4.1414,0.8753,1
audio20.TextGrid,26,18,he,100.820,100.920,6.69,2,PRP,0,6.6394,0.8179,1
audio20.TextGrid,26,19,thought,100.920,101.300,5.59,3,VBD,0,8.7437,0.2692,1
audio20.TextGrid,26,20,he,101.560,101.700,6.69,2,PRP,0,5.3195,2.3123,1
audio20.TextGrid,26,21,is,101.700,101.790,7.07,2,VBZ,0,4.3074,5.7916,1
audio20.TextGrid,26,22,my,101.790,101.950,6.57,2,PRP$,0,8.0498,6.3460,1
audio20.TextGrid,26,23,brother,101.950,102.380,5.11,5,NN,1,4.2530,3.9615,1
audio20.TextGrid,27,1,but,103.090,103.210,6.63,3,CC,0,5.3198,3.9170,1
audio20.TextGrid,27,2,i,103.210,103.290,7.09,1,NN,0,5.7238,1.2144,1
audio20.TextGrid,27,3,must,103.290,103.540,5.68,4,MD,0,6.8809,3.3087,1
audio20.TextGrid,27,4,kill,103.540,103.800,5.09,3,VB,0,8.5218,5.4316,1
audio20.TextGrid,27,5,him,103.800,104.060,6.11,2,PRP,0,8.0999,0.7759,1
audio20.TextGrid,27,6,and,104.060,104.180,7.41,2,CC,0,4.3918,2.4804,1
audio20.TextGrid,27,7,keep,104.180,104.480,5.66,3,VB,0,8.0245,3.7025,1
audio20.TextGrid,27,8,strong,104.480,105.010,5.22,5,JJ,0,8.2347,10.2149,1
audio20.TextGrid,27,9,to,105.010,105.140,7.43,2,TO,0,3.5796,4.4099,1
audio20.TextGrid,27,10,do,105.140,105.390,6.35,2,VB,0,5.4297,3.2089,1
audio20.TextGrid,27,11,it,105.390,105.590,6.95,2,PRP,0,4.6409,1.1468,1
audio20.TextGrid,28,1,slowly,106.700,107.110,4.63,5,RB,0,9.6256,8.1677,1
audio20.TextGrid,28,2,and,107.110,107.190,7.41,2,CC,0,2.9248,2.6903,1
audio20.TextGrid,28,3,conscientiously,107.190,108.090,2.36,12,RB,1,4.5423,10.6699,1
audio20.TextGrid,28,4,he,108.090,108.270,6.69,2,PRP,0,5.2958,0.9981,1
audio20.TextGrid,28,5,ate,108.270,108.480,4.34,2,VB,1,3.9308,2.1545,1
audio20.TextGrid,28,6,all,108.480,108.870,6.52,2,DT,0,5.9972,4.1727,1
audio20.TextGrid,28,7,of,108.870,108.940,7.4,2,IN,0,4.8945,1.7202,1
audio20.TextGrid,28,8,the,108.940,109.020,7.73,2,DT,0,1.7151,0.5379,1
audio20.TextGrid,28,9,wedge,109.020,109.340,3.62,3,NN,1,4.1365,13.3328,1
audio20.TextGrid,28,10,shaped,109.340,109.630,4.38,4,VBD,1,5.5088,0.0889,1
audio20.TextGrid,28,11,strips,109.630,110.020,3.86,6,NNS,1,7.5291,1.3940,1
audio20.TextGrid,28,12,of,110.020,110.100,7.4,2,IN,0,2.7594,1.5306,1
audio20.TextGrid,28,13,fish,110.100,110.500,4.9,3,NN,1,5.7934,3.8397,1
audio20.TextGrid,29,1,he,111.730,111.840,6.69,2,PRP,0,4.5353,1.0097,1
audio20.TextGrid,29,2,straightened,111.840,112.260,3.13,8,VBD,1,3.3819,9.5106,1
audio20.TextGrid,29,3,up,112.260,112.440,6.39,2,RP,0,5.0512,2.3016,1
audio20.TextGrid,29,4,wiping,112.780,113.150,3.44,5,VBG,1,7.6302,7.3623,1
audio20.TextGrid,29,5,his,113.150,113.310,6.51,3,PRP$,0,5.8503,0.6892,1
audio20.TextGrid,29,6,hand,113.310,113.590,5.41,4,NN,0,8.2777,2.4399,1
audio20.TextGrid,29,7,on,113.590,113.720,6.91,2,IN,0,4.7006,1.1610,1
audio20.TextGrid,29,8,his,113.720,113.880,6.51,3,PRP$,0,5.3090,1.2246,1
audio20.TextGrid,29,9,trousers,113.880,114.460,3.7,6,NNS,1,5.5671,0.7013,1
audio20.TextGrid,30,1,now,115.620,116.060,6.18,2,RB,0,6.7634,3.5230,1
audio20.TextGrid,30,2,he,116.060,116.480,6.69,2,PRP,0,5.3385,0.0301,1
audio20.TextGrid,30,3,said,116.480,116.870,6.01,3,VBD,0,3.4135,0.0884,1
audio20.TextGrid,30,4,you,117.360,117.460,6.98,2,PRP,0,6.3638,3.1253,1
audio20.TextGrid,30,5,can,117.460,117.630,6.46,3,MD,0,6.2010,2.4943,1
audio20.TextGrid,30,6,let,117.630,117.790,5.6,3,VB,0,7.5307,5.9101,1
audio20.TextGrid,30,7,the,117.790,117.900,7.73,2,DT,0,2.3522,1.8753,1
audio20.TextGrid,30,8,cord,117.900,118.200,3.98,4,NN,1,4.1392,8.1783,1
audio20.TextGrid,30,9,go,118.200,118.540,6.03,2,VB,0,8.6847,2.1231,1
audio20.TextGrid,30,10,hand,118.540,118.910,5.41,4,NN,0,10.4384,3.0247,1
audio20.TextGrid,30,11,and,118.910,119.070,7.41,3,CC,0,4.0736,1.1553,1
audio20.TextGrid,30,12,i,119.070,119.210,7.09,1,NN,0,6.1671,1.8254,1
audio20.TextGrid,30,13,will,119.210,119.400,6.45,3,MD,0,5.0807,0.5912,1
audio20.TextGrid,30,14,handle,119.400,119.720,4.79,6,VB,0,8.9003,6.3609,1
audio20.TextGrid,30,15,him,119.720,119.870,6.11,2,PRP,0,7.9661,3.8594,1
audio20.TextGrid,30,16,with,119.870,119.990,6.85,3,IN,0,4.6987,3.1565,1
audio20.TextGrid,30,17,the,119.990,120.070,7.73,2,DT,0,1.6961,1.5859,1
audio20.TextGrid,30,18,right,120.070,120.320,5.96,3,JJ,0,6.9867,4.9978,1
audio20.TextGrid,30,19,arm,120.320,120.530,4.73,3,NN,0,10.0846,4.1387,1
audio20.TextGrid,30,20,alone,120.530,120.900,5.16,4,RB,0,9.5795,7.1242,1
audio20.TextGrid,30,21,until,120.900,121.160,5.61,5,IN,0,7.5296,4.4034,1
audio20.TextGrid,30,22,you,121.160,121.360,6.98,2,PRP,0,5.6600,2.1824,1
audio20.TextGrid,30,23,stop,121.360,121.740,5.52,4,VBP,0,9.2834,5.5411,1
audio20.TextGrid,30,24,that,121.740,121.990,7.01,3,IN,0,4.3693,6.0863,1
audio20.TextGrid,30,25,nonsense,121.990,122.670,4.21,7,NN,1,5.3263,7.2021,1
audio20.TextGrid,31,1,he,123.920,124.020,6.69,2,PRP,0,4.5353,0.8757,1
audio20.TextGrid,31,2,put,124.020,124.220,5.66,3,VBD,0,6.6820,3.4158,1
audio20.TextGrid,31,3,his,124.220,124.380,6.51,3,PRP$,0,6.1255,1.2219,1
audio20.TextGrid,31,4,left,124.380,124.630,5.62,4,JJ,0,10.8583,2.2130,1
audio20.TextGrid,31,5,foot,124.630,124.890,4.87,3,NN,0,9.7483,3.8530,1
audio20.TextGrid,31,6,on,124.890,125.030,6.91,2,IN,0,5.0250,0.7611,1
audio20.TextGrid,31,7,the,125.030,125.090,7.73,2,DT,0,1.7012,0.1913,1
audio20.TextGrid,31,8,heavy,125.090,125.370,4.96,4,JJ,0,8.7535,7.8062,1
audio20.TextGrid,31,9,line,125.370,125.680,5.49,3,NN,0,7.7618,2.8763,1
audio20.TextGrid,31,10,that,125.680,125.790,7.01,3,IN,0,4.1860,3.5508,1
audio20.TextGrid,31,11,the,125.790,125.860,7.73,2,DT,0,1.9971,4.3734,1
audio20.TextGrid,31,12,left,125.860,126.130,5.62,4,JJ,0,10.6564,5.0400,1
audio20.TextGrid,31,13,hand,126.130,126.350,5.41,4,NN,0,8.3174,0.6342,1
audio20.TextGrid,31,14,had,126.350,126.490,6.33,3,VBD,0,6.2115,0.9839,1
audio20.TextGrid,31,15,held,126.490,126.810,5.24,4,VBN,0,8.3003,3.8855,1
audio20.TextGrid,32,1,and,127.420,127.560,7.41,3,CC,0,3.7036,2.3756,1
audio20.TextGrid,32,2,lay,127.560,127.730,4.64,2,VB,0,13.3545,6.0046,1
audio20.TextGrid,32,3,back,127.730,128.050,6.04,3,RB,0,7.0506,3.1491,1
audio20.TextGrid,32,4,against,128.050,128.380,5.68,6,IN,0,7.3326,3.4778,1
audio20.TextGrid,32,5,the,128.380,128.460,7.73,2,DT,0,1.7089,0.2006,1
audio20.TextGrid,32,6,pull,128.460,128.700,4.82,3,NN,0,14.0911,7.8562,1
audio20.TextGrid,32,7,against,128.700,129.000,5.68,6,IN,0,7.6177,7.8531,1
audio20.TextGrid,32,8,his,129.000,129.130,6.51,3,PRP$,0,5.3325,2.0083,1
audio20.TextGrid,32,9,back,129.130,129.590,6.04,3,NN,0,9.0263,3.6031,1
audio20.TextGrid,33,1,god,130.860,131.200,5.57,3,NN,0,11.1384,6.4238,1
audio20.TextGrid,33,2,help,131.200,131.440,5.75,4,VB,0,7.2651,2.0389,1
audio20.TextGrid,33,3,me,131.440,131.560,6.48,2,PRP,0,8.6029,0.4992,1
audio20.TextGrid,33,4,to,131.560,131.670,7.43,2,TO,0,3.5419,3.7798,1
audio20.TextGrid,33,5,have,131.670,131.800,6.71,3,VB,0,4.7422,3.8612,1
audio20.TextGrid,33,6,the,131.800,131.890,7.73,2,DT,0,2.5894,2.5424,1
audio20.TextGrid,33,7,cramp,131.890,132.230,3.04,5,NN,1,4.1403,8.3268,1
audio20.TextGrid,33,8,go,132.240,132.610,6.03,2,VB,0,8.4704,7.8757,1
audio20.TextGrid,33,9,he,132.880,133.020,6.69,2,PRP,0,5.0871,0.0477,1
audio20.TextGrid,33,10,said,133.020,133.360,6.01,3,VBD,0,5.1604,0.2643,1
audio20.TextGrid,34,1,because,133.880,134.130,6.03,5,IN,0,6.7432,5.8600,1
audio20.TextGrid,34,2,i,134.130,134.230,7.09,1,NNS,0,5.4891,1.1173,1
audio20.TextGrid,34,3,do,134.230,134.400,6.35,2,VBP,0,6.8244,3.8273,1
audio20.TextGrid,34,4,not,134.400,134.650,6.69,3,RB,0,5.4587,0.1774,1
audio20.TextGrid,34,5,know,134.650,134.840,6.1,2,VB,0,7.7153,1.9078,1
audio20.TextGrid,34,6,what,134.840,135.000,6.38,3,WP,0,6.9060,1.6721,1
audio20.TextGrid,34,7,the,135.000,135.110,7.73,2,DT,0,3.4511,3.0498,1
audio20.TextGrid,34,8,fish,135.110,135.370,4.9,3,NN,1,4.1424,3.8961,1
audio20.TextGrid,34,9,is,135.370,135.490,7.07,2,VBZ,0,3.6257,1.2291,1
audio20.TextGrid,34,10,going,135.490,135.730,5.94,4,VBG,0,7.9196,2.3467,1
audio20.TextGrid,34,11,to,135.730,135.830,7.43,2,TO,0,3.1700,0.0285,1
audio20.TextGrid,34,12,do,135.830,136.170,6.35,2,VB,0,5.4343,0.4672,1
audio20.TextGrid,34,13,but,138.430,138.570,6.63,3,CC,0,5.6632,4.3983,1
audio20.TextGrid,34,14,he,138.570,138.660,6.69,2,PRP,0,5.9491,0.9505,1
audio20.TextGrid,34,15,seems,138.660,138.980,5.24,4,VBZ,0,8.1355,9.0639,1
audio20.TextGrid,34,16,calm,138.980,139.480,4.54,3,NN,1,6.6401,6.2551,1
audio20.TextGrid,34,17,he,139.660,139.770,6.69,2,PRP,0,6.5800,1.5871,1
audio20.TextGrid,34,18,thought,139.770,140.170,5.59,3,VBD,0,8.3438,0.3488,1
audio20.TextGrid,35,1,and,140.630,140.760,7.41,3,CC,0,3.7036,0.6913,1
audio20.TextGrid,35,2,following,140.760,141.180,5.46,6,VBG,0,9.5410,9.7390,1
audio20.TextGrid,35,3,his,141.180,141.330,6.51,3,PRP$,0,6.4295,1.4865,1
audio20.TextGrid,35,4,plan,141.330,141.820,5.29,4,NN,0,6.5341,5.6200,1
audio20.TextGrid,36,1,but,142.750,142.890,6.63,3,CC,0,5.3198,5.1845,1
audio20.TextGrid,36,2,what,142.890,143.080,6.38,3,WP,0,7.6895,4.1180,1
audio20.TextGrid,36,3,is,143.080,143.260,7.07,2,VBZ,0,3.8047,2.0609,1
audio20.TextGrid,36,4,his,143.260,143.410,6.51,3,PRP$,0,6.0075,3.2576,1
audio20.TextGrid,36,5,plan,143.410,143.780,5.29,4,NN,0,6.5322,1.8872,1
audio20.TextGrid,36,6,he,144.030,144.150,6.69,2,PRP,0,5.7514,0.7946,1
audio20.TextGrid,36,7,thought,144.150,144.520,5.59,3,VBD,0,8.0734,0.7302,1
audio20.TextGrid,37,1,and,145.230,145.360,7.41,2,CC,0,3.7036,4.1337,1
audio20.TextGrid,37,2,what,145.360,145.540,6.38,3,WP,0,7.6912,1.6503,1
audio20.TextGrid,37,3,is,145.540,145.690,7.07,2,VBZ,0,3.8036,0.8732,1
audio20.TextGrid,37,4,mine,145.690,146.180,5.04,3,JJ,0,11.0048,7.0919,1
audio20.TextGrid,38,1,mine,147.000,147.350,5.04,3,NN,0,10.8914,9.5579,1
audio20.TextGrid,38,2,i,147.350,147.480,7.09,1,NN,0,8.6785,5.5678,1
audio20.TextGrid,38,3,must,147.480,147.720,5.68,4,MD,0,7.3860,3.0905,1
audio20.TextGrid,38,4,improvise,147.720,148.280,3.02,8,VB,1,3.7164,10.4307,1
audio20.TextGrid,38,5,to,148.280,148.420,7.43,2,TO,0,3.4931,2.7448,1
audio20.TextGrid,38,6,his,148.420,148.870,6.51,3,PRP$,0,6.1593,5.5688,1
audio20.TextGrid,38,7,because,148.870,149.190,6.03,5,IN,0,8.2543,9.9101,1
audio20.TextGrid,38,8,of,149.190,149.300,7.4,2,IN,0,5.2069,4.0391,1
audio20.TextGrid,38,9,his,149.300,149.460,6.51,3,PRP$,0,5.6355,1.9523,1
audio20.TextGrid,38,10,great,149.460,149.720,5.88,4,JJ,0,7.7953,4.8038,1
audio20.TextGrid,38,11,size,149.720,150.300,5.13,3,NN,0,7.9435,3.5734,1
audio20.TextGrid,39,1,if,151.430,151.560,6.47,2,IN,0,6.7770,3.9669,1
audio20.TextGrid,39,2,he,151.560,151.680,6.69,2,PRP,0,4.5051,1.4908,1
audio20.TextGrid,39,3,will,151.680,151.880,6.45,3,MD,0,5.7005,3.8651,1
audio20.TextGrid,39,4,jump,151.880,152.220,4.69,4,VB,0,8.5087,8.3840,1
audio20.TextGrid,39,5,i,152.220,152.310,7.09,1,NN,0,5.9659,3.8914,1
audio20.TextGrid,39,6,can,152.310,152.490,6.46,3,MD,0,6.8723,2.6171,1
audio20.TextGrid,39,7,kill,152.490,152.770,5.09,3,VB,0,8.5378,4.0264,1
audio20.TextGrid,39,8,him,152.770,153.010,6.11,2,PRP,0,8.0686,0.1104,1
audio20.TextGrid,40,1,but,153.580,153.700,6.63,3,CC,0,5.3198,1.9108,1
audio20.TextGrid,40,2,he,153.700,153.820,6.69,2,PRP,0,4.7447,2.3088,1
audio20.TextGrid,40,3,stays,153.820,154.140,4.26,4,VBZ,0,9.8366,7.7070,1
audio20.TextGrid,40,4,down,154.140,154.470,5.88,3,RB,0,6.5973,5.3551,1
audio20.TextGrid,40,5,forever,154.470,154.950,4.74,5,RB,1,4.9440,7.3517,1
audio20.TextGrid,41,1,then,155.900,156.050,6.07,3,RB,0,7.4856,4.6261,1
audio20.TextGrid,41,2,i,156.050,156.180,7.09,1,NN,0,6.3159,1.1637,1
audio20.TextGrid,41,3,will,156.180,156.340,6.45,3,MD,0,4.2559,0.9480,1
audio20.TextGrid,41,4,stay,156.340,156.600,5.33,3,VB,0,7.9824,5.8523,1
audio20.TextGrid,41,5,down,156.600,156.940,5.88,3,RB,0,6.3331,0.9973,1
audio20.TextGrid,41,6,with,156.940,157.100,6.85,3,IN,0,5.0033,3.4245,1
audio20.TextGrid,41,7,him,157.100,157.280,6.11,3,PRP,0,7.3969,0.4736,1
audio20.TextGrid,41,8,forever,157.280,157.800,4.74,5,RB,1,5.6120,2.4251,1
audio20.TextGrid,42,1,he,160.140,160.250,6.69,2,PRP,0,4.5353,2.1991,1
audio20.TextGrid,42,2,rubbed,160.250,160.460,3.57,4,VBD,1,3.3819,9.1364,1
audio20.TextGrid,42,3,the,160.460,160.540,7.73,2,DT,0,2.4671,1.6875,1
audio20.TextGrid,42,4,cramped,160.540,160.870,3.28,6,JJ,1,5.0793,9.9854,1
audio20.TextGrid,42,5,hand,160.870,161.130,5.41,4,NN,0,8.3483,0.5714,1
audio20.TextGrid,42,6,against,161.130,161.440,5.68,6,IN,0,7.2922,1.8496,1
audio20.TextGrid,42,7,his,161.440,161.610,6.51,3,PRP$,0,5.3057,0.9858,1
audio20.TextGrid,42,8,trousers,161.610,162.180,3.7,6,NNS,1,5.5670,6.2548,1
audio20.TextGrid,42,9,and,162.180,162.340,7.41,3,CC,0,4.4479,0.7251,1
audio20.TextGrid,42,10,tried,162.340,162.570,5.16,4,VBD,0,10.0562,4.5588,1
audio20.TextGrid,42,11,to,162.570,162.630,7.43,2,TO,0,3.1404,0.3363,1
audio20.TextGrid,42,12,gentle,162.630,162.940,4.17,6,VB,0,12.0388,12.6903,1
audio20.TextGrid,42,13,the,162.940,163.040,7.73,2,DT,0,5.1526,1.8470,1
audio20.TextGrid,42,14,fingers,163.040,163.630,4.5,6,NNS,0,11.3208,5.3809,1
audio20.TextGrid,42,15,but,164.010,164.130,6.63,3,CC,0,5.4710,1.7849,1
audio20.TextGrid,42,16,it,164.130,164.220,6.95,2,PRP,0,4.4065,2.6652,1
audio20.TextGrid,42,17,would,164.220,164.330,6.27,3,MD,0,5.9301,2.9512,1
audio20.TextGrid,42,18,not,164.330,164.520,6.69,3,RB,0,6.2045,0.8500,1
audio20.TextGrid,42,19,open,164.520,164.930,5.48,4,VB,0,8.8745,6.7840,1
audio20.TextGrid,43,1,maybe,165.710,165.990,5.45,4,RB,0,9.9133,7.1475,1
audio20.TextGrid,43,2,it,165.990,166.120,6.95,2,PRP,0,4.6944,1.6420,1
audio20.TextGrid,43,3,will,166.120,166.280,6.45,3,MD,0,4.2493,2.1505,1
audio20.TextGrid,43,4,open,166.280,166.490,5.48,4,VB,0,8.8027,2.1389,1
audio20.TextGrid,43,5,with,166.490,166.650,6.85,3,IN,0,5.1427,2.7306,1
audio20.TextGrid,43,6,the,166.650,166.730,7.73,2,DT,0,1.7108,1.4493,1
audio20.TextGrid,43,7,sun,166.730,167.150,4.97,3,NN,0,10.3545,6.5431,1
audio20.TextGrid,43,8,he,167.270,167.390,6.69,2,PRP,0,7.6594,1.7410,1
audio20.TextGrid,43,9,thought,167.390,167.740,5.59,3,VBD,0,8.9366,0.0937,1
audio20.TextGrid,43,10,maybe,168.030,168.270,5.45,4,RB,0,9.3791,3.1337,1
audio20.TextGrid,43,11,it,168.270,168.380,6.95,2,PRP,0,5.8250,0.7880,1
audio20.TextGrid,43,12,will,168.380,168.500,6.45,3,MD,0,5.6353,0.1426,1
audio20.TextGrid,43,13,open,168.500,168.730,5.48,4,VB,0,8.8031,0.8801,1
audio20.TextGrid,43,14,when,168.730,168.910,6.37,3,WRB,0,6.5869,3.6506,1
audio20.TextGrid,43,15,the,168.910,168.970,7.73,2,DT,0,2.0015,1.1588,1
audio20.TextGrid,43,16,strong,168.970,169.520,5.22,5,JJ,0,7.5038,7.0374,1
audio20.TextGrid,43,17,raw,169.520,169.760,4.53,2,JJ,0,11.3228,10.0357,1
audio20.TextGrid,43,18,tuna,169.760,170.350,3.64,4,NN,1,4.0032,4.1246,1
audio20.TextGrid,43,19,is,170.350,170.440,7.07,2,VBZ,0,3.4971,1.8150,1
audio20.TextGrid,43,20,digested,170.440,171.140,3.01,8,VBN,1,5.8998,7.2025,1
audio20.TextGrid,44,1,if,171.970,172.090,6.47,2,IN,0,6.7770,3.7685,1
audio20.TextGrid,44,2,i,172.090,172.200,7.09,1,NNS,0,5.4838,1.9132,1
audio20.TextGrid,44,3,have,172.200,172.360,6.71,3,VBP,0,5.5772,2.9916,1
audio20.TextGrid,44,4,to,172.360,172.500,7.43,2,TO,0,3.2535,1.4276,1
audio20.TextGrid,44,5,have,172.500,172.670,6.71,3,VB,0,4.0392,5.0192,1
audio20.TextGrid,44,6,it,172.670,172.760,6.95,2,PRP,0,4.6157,1.9230,1
audio20.TextGrid,44,7,i,172.760,172.870,7.09,1,VB,0,6.6116,0.7924,1
audio20.TextGrid,44,8,will,172.870,173.040,6.45,3,MD,0,4.4932,0.9142,1
audio20.TextGrid,44,9,open,173.040,173.290,5.48,4,VB,0,8.8027,6.6937,1
audio20.TextGrid,44,10,it,173.290,173.480,6.95,2,PRP,0,4.4626,0.7311,1
audio20.TextGrid,44,11,cost,173.480,173.930,5.24,4,VB,0,9.6362,12.3385,1
audio20.TextGrid,44,12,whatever,173.930,174.230,5.14,6,IN,1,3.5027,7.4986,1
audio20.TextGrid,44,13,it,174.230,174.350,6.95,2,PRP,0,3.8119,1.2004,1
audio20.TextGrid,44,14,costs,174.350,174.990,4.96,5,VBZ,0,9.2035,1.8090,1
audio20.TextGrid,45,1,but,175.440,175.560,6.63,3,CC,0,5.3198,2.0509,1
audio20.TextGrid,45,2,i,175.560,175.650,7.09,1,NNS,0,5.7238,1.2357,1
audio20.TextGrid,45,3,do,175.650,175.760,6.35,2,VBP,0,5.3290,2.8537,1
audio20.TextGrid,45,4,not,175.760,176.020,6.69,3,RB,0,5.5340,0.0632,1
audio20.TextGrid,45,5,want,176.020,176.310,6.04,4,VB,0,7.2267,2.4258,1
audio20.TextGrid,45,6,to,176.310,176.380,7.43,2,TO,0,3.3067,0.4873,1
audio20.TextGrid,45,7,open,176.380,176.650,5.48,4,VB,0,8.8022,3.2972,1
audio20.TextGrid,45,8,it,176.650,176.790,6.95,2,PRP,0,4.6605,0.3745,1
audio20.TextGrid,45,9,now,176.790,177.020,6.18,2,RB,0,6.9136,2.9329,1
audio20.TextGrid,45,10,by,177.020,177.210,6.66,2,IN,0,5.0128,6.6528,1
audio20.TextGrid,45,11,force,177.210,177.750,5.23,4,NN,0,8.6926,3.6568,1
audio20.TextGrid,46,1,let,178.450,178.610,5.6,3,VB,0,12.2066,5.8701,1
audio20.TextGrid,46,2,it,178.610,178.710,6.95,2,PRP,0,4.5098,1.7108,1
audio20.TextGrid,46,3,open,178.710,178.990,5.48,4,VB,0,9.3785,4.0668,1
audio20.TextGrid,46,4,by,178.990,179.180,6.66,2,IN,0,5.3714,3.2270,1
audio20.TextGrid,46,5,itself,179.180,179.640,5.1,6,PRP,0,8.2212,3.6525,1
audio20.TextGrid,46,6,and,179.640,179.740,7.41,2,CC,0,3.9340,2.3799,1
audio20.TextGrid,46,7,come,179.740,179.940,5.78,3,VB,0,8.4064,5.9299,1
audio20.TextGrid,46,8,back,179.940,180.160,6.04,3,RB,0,7.1568,1.8748,1
audio20.TextGrid,46,9,of,180.160,180.250,7.4,2,IN,0,3.1652,6.9394,1
audio20.TextGrid,46,10,its,180.250,180.400,6.14,3,PRP$,0,4.3204,2.5207,1
audio20.TextGrid,46,11,own,180.400,180.560,5.74,2,JJ,0,7.0553,0.3333,1
audio20.TextGrid,46,12,accord,180.560,181.080,3.81,5,NN,0,9.4028,0.2035,1
audio20.TextGrid,47,1,after,182.200,182.450,6.11,4,IN,0,7.0701,5.8780,1
audio20.TextGrid,47,2,all,182.450,182.680,6.52,2,DT,0,5.5098,2.2777,1
audio20.TextGrid,47,3,i,182.680,182.810,7.09,1,NN,0,8.5440,2.4441,1
audio20.TextGrid,47,4,abused,182.810,183.220,4.0,6,VBD,1,4.3105,12.3010,1
audio20.TextGrid,47,5,it,183.220,183.340,6.95,2,PRP,0,4.5355,1.4131,1
audio20.TextGrid,47,6,much,183.340,183.610,6.0,3,RB,0,7.3352,5.8634,1
audio20.TextGrid,47,7,in,183.610,183.690,7.27,2,IN,0,3.7864,3.1335,1
audio20.TextGrid,47,8,the,183.690,183.760,7.73,2,DT,0,1.7338,0.8711,1
audio20.TextGrid,47,9,night,183.760,184.120,5.61,3,NN,0,8.1581,5.6331,1
audio20.TextGrid,47,10,when,184.120,184.210,6.37,3,WRB,0,6.2244,3.2390,1
audio20.TextGrid,47,11,it,184.210,184.300,6.95,2,PRP,0,4.0311,1.2613,1
audio20.TextGrid,47,12,was,184.300,184.430,6.82,3,VBD,0,3.9210,0.5658,1
audio20.TextGrid,47,13,necessary,184.430,184.930,4.91,8,JJ,0,9.1746,8.2067,1
audio20.TextGrid,47,14,to,184.930,185.060,7.43,2,TO,0,3.4188,1.0494,1
audio20.TextGrid,47,15,free,185.060,185.420,5.63,3,VB,0,8.8367,7.3468,1
audio20.TextGrid,47,16,and,185.420,185.560,7.41,3,CC,0,3.8886,5.0435,1
audio20.TextGrid,47,17,untie,185.560,186.000,2.51,4,VB,1,4.8650,8.4697,1
audio20.TextGrid,47,18,the,186.000,186.110,7.73,2,DT,0,2.3097,1.5327,1
audio20.TextGrid,47,19,various,186.110,186.570,5.12,6,JJ,0,8.9322,8.5378,1
audio20.TextGrid,47,20,lines,186.570,187.070,4.95,4,NNS,0,8.6501,5.7071,1
