fichier,phrase_id,position,mot,onset,offset,POS,surprise_syn,freq_zipf,n_phones,surprise_syn_ctrlfreq
audio01.TextGrid,1,1,he,0.760,0.880,PRP,4.5353,6.69,2,-0.840688
audio01.TextGrid,1,2,was,0.880,1.040,VBD,3.9158,6.82,3,-1.317910
audio01.TextGrid,1,3,an,1.040,1.120,DT,5.1122,6.53,2,-0.438899
audio01.TextGrid,1,4,old,1.120,1.410,JJ,7.3324,5.75,3,0.927636
audio01.TextGrid,1,5,man,1.410,1.790,NN,7.6927,5.82,3,1.364547
audio01.TextGrid,1,6,who,1.870,2.080,WP,5.8915,6.34,2,0.132457
audio01.TextGrid,1,7,fished,2.080,2.410,VBD,4.4621,3.08,4,-4.864828
audio01.TextGrid,1,8,alone,2.410,2.770,RB,8.6923,5.16,4,1.641814
audio01.TextGrid,1,9,in,2.770,2.880,IN,3.6035,7.27,2,-1.137711
audio01.TextGrid,1,10,a,2.880,2.950,DT,2.6043,7.36,1,-2.038411
audio01.TextGrid,1,11,skiff,2.950,3.410,NN,4.1382,2.63,4,-5.681227
audio01.TextGrid,1,12,in,3.410,3.490,IN,3.3450,7.27,2,-1.396211
audio01.TextGrid,1,13,the,3.490,3.590,DT,1.6958,7.73,2,-2.541967
audio01.TextGrid,1,14,gulf,3.590,3.900,NN,8.0487,4.28,4,0.035104
audio01.TextGrid,1,15,stream,3.900,4.370,NN,11.2875,4.62,5,3.646015
audio01.TextGrid,1,16,and,4.500,4.650,CC,4.2898,7.41,3,-0.298189
audio01.TextGrid,1,17,he,4.650,4.710,PRP,5.0885,6.69,2,-0.287488
audio01.TextGrid,1,18,had,4.710,4.820,VBD,5.6874,6.33,3,-0.082587
audio01.TextGrid,1,19,gone,4.820,5.080,VBN,10.2593,5.17,3,3.219759
audio01.TextGrid,1,20,eighty,5.080,5.370,RB,4.8262,3.75,3,-3.767451
audio01.TextGrid,1,21,four,5.370,5.590,CD,9.0129,5.53,3,2.367358
audio01.TextGrid,1,22,days,5.590,6.010,NNS,6.6819,5.61,3,0.123913
audio01.TextGrid,1,23,now,6.010,6.250,RB,6.7048,6.18,2,0.770646
audio01.TextGrid,1,24,without,6.250,6.550,IN,7.4165,5.69,5,0.946069
audio01.TextGrid,1,25,taking,6.550,6.950,VBG,9.2938,5.39,5,2.495036
audio01.TextGrid,1,26,a,6.950,7.000,DT,3.2081,7.36,1,-1.434611
audio01.TextGrid,1,27,fish,7.000,7.420,NN,4.1374,4.9,3,-3.197641
audio01.TextGrid,2,1,in,7.420,7.480,IN,4.1039,7.27,2,-0.637311
audio01.TextGrid,2,2,the,8.580,8.770,DT,1.7509,7.73,2,-2.486867
audio01.TextGrid,2,3,first,8.770,9.090,JJ,6.1560,6.11,4,0.145235
audio01.TextGrid,2,4,forty,9.090,9.390,NN,4.2162,4.2,5,-3.884951
audio01.TextGrid,2,5,days,9.390,9.770,NNS,7.5673,5.61,3,1.009313
audio01.TextGrid,2,6,a,9.770,9.820,DT,3.7481,7.36,1,-0.894611
audio01.TextGrid,2,7,boy,9.820,10.140,NN,10.2424,5.17,2,3.202859
audio01.TextGrid,2,8,had,10.140,10.310,VBD,5.0566,6.33,3,-0.713387
audio01.TextGrid,2,9,been,10.310,10.450,VBN,6.3758,6.27,3,0.540146
audio01.TextGrid,2,10,with,10.450,10.650,IN,4.2025,6.85,3,-0.998377
audio01.TextGrid,2,11,him,10.650,10.900,PRP,7.3625,6.11,3,1.351735
audio01.TextGrid,2,12,but,11.200,11.340,CC,5.8667,6.63,3,0.425045
audio01.TextGrid,2,13,after,11.340,11.590,IN,7.2738,6.11,4,1.263035
audio01.TextGrid,2,14,forty,11.590,11.910,JJ,5.3408,4.2,5,-2.760351
audio01.TextGrid,2,15,days,11.910,12.270,NNS,6.3938,5.61,3,-0.164187
audio01.TextGrid,2,16,without,12.270,12.560,IN,7.2465,5.69,5,0.776069
audio01.TextGrid,2,17,a,12.560,12.600,DT,2.5781,7.36,1,-2.064611
audio01.TextGrid,2,18,fish,12.600,13.030,NN,4.1389,4.9,3,-3.196141
audio01.TextGrid,2,19,the,13.030,13.140,DT,3.4395,7.73,2,-0.798267
audio01.TextGrid,2,20,boy,13.140,13.360,NN,10.2405,5.17,2,3.200959
audio01.TextGrid,2,21,s,13.360,13.430,NN,5.4005,5.86,1,-0.883876
audio01.TextGrid,2,22,parents,13.430,13.860,NNS,9.8143,5.21,7,2.818536
audio01.TextGrid,2,23,had,13.860,14.030,VBD,5.2655,6.33,3,-0.504487
audio01.TextGrid,2,24,told,14.030,14.280,VBN,8.7211,5.54,4,2.086502
audio01.TextGrid,2,25,him,14.280,14.460,PRP,8.1529,6.11,2,2.142135
audio01.TextGrid,2,26,that,14.460,14.590,IN,4.0345,7.01,3,-0.991266
audio01.TextGrid,2,27,the,14.590,14.720,DT,1.9654,7.73,2,-2.272367
audio01.TextGrid,2,28,old,14.720,14.930,JJ,7.3296,5.75,3,0.924836
audio01.TextGrid,2,29,man,14.930,15.160,NN,7.6932,5.82,3,1.365047
audio01.TextGrid,2,30,was,15.160,15.330,VBD,5.2943,6.82,3,0.060590
audio01.TextGrid,2,31,now,15.330,15.510,RB,6.1313,6.18,2,0.197146
audio01.TextGrid,2,32,definitely,15.510,16.240,RB,10.4942,4.96,9,3.224825
audio01.TextGrid,2,33,and,16.240,16.390,CC,3.7124,7.41,3,-0.875589
audio01.TextGrid,2,34,finally,16.390,16.900,RB,8.7115,5.17,6,1.671959
audio01.TextGrid,2,35,salao,16.900,17.510,VB,4.9683,0.0,5,-7.729512
audio01.TextGrid,2,36,which,17.890,18.080,WDT,5.8722,6.3,3,0.069379
audio01.TextGrid,2,37,is,18.080,18.200,VBZ,3.7454,7.07,2,-1.214700
audio01.TextGrid,2,38,the,18.200,18.290,DT,2.4396,7.73,2,-1.798167
audio01.TextGrid,2,39,worst,18.290,18.660,JJS,8.9341,4.93,4,1.631892
audio01.TextGrid,2,40,form,18.660,18.970,NN,7.8071,5.31,4,0.920781
audio01.TextGrid,2,41,of,18.970,19.080,IN,2.9465,7.4,2,-1.652433
audio01.TextGrid,2,42,unlucky,19.080,19.670,JJ,5.2861,3.63,6,-3.438884
audio01.TextGrid,3,1,and,20.430,20.510,CC,3.7036,7.41,2,-0.884389
audio01.TextGrid,3,2,the,20.510,20.590,DT,2.0380,7.73,2,-2.199767
audio01.TextGrid,3,3,boy,20.590,20.890,NN,10.2419,5.17,2,3.202359
audio01.TextGrid,3,4,had,20.890,21.050,VBD,4.9612,6.33,3,-0.808787
audio01.TextGrid,3,5,gone,21.050,21.310,VBN,10.2930,5.17,3,3.253459
audio01.TextGrid,3,6,at,21.310,21.380,IN,4.1259,6.7,2,-1.239144
audio01.TextGrid,3,7,their,21.380,21.570,PRP$,4.9081,6.33,3,-0.861887
audio01.TextGrid,3,8,orders,21.570,22.040,NNS,6.9444,4.73,5,-0.576696
audio01.TextGrid,3,9,in,22.040,22.150,IN,3.4262,7.27,2,-1.315011
audio01.TextGrid,3,10,another,22.150,22.470,DT,6.2963,5.74,5,-0.119409
audio01.TextGrid,3,11,boat,22.470,22.840,NN,4.1362,4.71,3,-3.406785
audio01.TextGrid,3,12,which,22.840,23.040,WDT,5.4999,6.3,3,-0.302921
audio01.TextGrid,3,13,caught,23.040,23.300,VBD,10.0299,4.9,3,2.694859
audio01.TextGrid,3,14,three,23.300,23.650,CD,8.4709,5.78,3,2.098969
audio01.TextGrid,3,15,good,23.650,24.010,JJ,8.1384,6.12,3,2.138579
audio01.TextGrid,3,16,fish,24.010,24.330,VB,7.4884,4.9,3,0.153359
audio01.TextGrid,3,17,the,24.330,24.450,DT,2.2656,7.73,2,-1.972167
audio01.TextGrid,3,18,first,24.450,24.870,JJ,6.1624,6.11,4,0.151635
audio01.TextGrid,3,19,week,24.870,25.210,NN,6.2952,5.56,3,-0.317509
audio01.TextGrid,4,1,it,26.510,26.640,PRP,3.8912,6.95,2,-1.200233
audio01.TextGrid,4,2,made,26.640,26.830,VBD,5.8867,5.92,3,-0.332009
audio01.TextGrid,4,3,the,26.830,26.900,DT,2.7351,7.73,2,-1.502667
audio01.TextGrid,4,4,boy,26.900,27.130,JJ,10.2441,5.17,2,3.204559
audio01.TextGrid,4,5,sad,27.130,27.560,NN,12.0905,4.84,3,4.689792
audio01.TextGrid,4,6,to,27.560,27.650,TO,4.2765,7.43,2,-0.289600
audio01.TextGrid,4,7,see,27.650,27.820,VB,6.6990,6.1,2,0.677291
audio01.TextGrid,4,8,the,27.820,27.960,DT,2.3432,7.73,2,-1.894567
audio01.TextGrid,4,9,old,27.960,28.170,JJ,7.3302,5.75,3,0.925436
audio01.TextGrid,4,10,man,28.170,28.400,NN,7.6875,5.82,3,1.359347
audio01.TextGrid,4,11,come,28.400,28.660,VBN,8.5049,5.78,3,2.132969
audio01.TextGrid,4,12,in,28.660,28.780,IN,3.2726,7.27,2,-1.468611
audio01.TextGrid,4,13,each,28.780,29.040,DT,6.3457,5.69,2,-0.124731
audio01.TextGrid,4,14,day,29.040,29.270,NN,7.0805,5.95,2,0.894624
audio01.TextGrid,4,15,with,29.270,29.470,IN,4.7219,6.85,3,-0.478977
audio01.TextGrid,4,16,his,29.470,29.660,PRP$,5.3146,6.51,3,-0.258388
audio01.TextGrid,4,17,skiff,29.660,30.000,NN,4.2571,2.63,4,-5.562327
audio01.TextGrid,4,18,empty,30.000,30.310,NN,11.8417,4.59,4,4.167382
audio01.TextGrid,4,19,and,30.620,30.730,CC,3.7462,7.41,2,-0.841789
audio01.TextGrid,4,20,he,30.730,30.820,PRP,5.2885,6.69,2,-0.087488
audio01.TextGrid,4,21,always,30.820,31.060,RB,8.6020,5.76,5,2.208180
audio01.TextGrid,4,22,went,31.060,31.220,VBD,8.2315,5.5,4,1.553125
audio01.TextGrid,4,23,down,31.220,31.490,RB,6.3192,5.88,3,0.056713
audio01.TextGrid,4,24,to,31.490,31.630,TO,3.3440,7.43,2,-1.222100
audio01.TextGrid,4,25,help,31.630,31.830,VB,6.4035,5.75,4,-0.001264
audio01.TextGrid,4,26,him,31.830,31.980,PRP,8.0063,6.11,2,1.995535
audio01.TextGrid,4,27,carry,31.980,32.450,VB,9.3661,4.89,4,2.020114
audio01.TextGrid,4,28,either,32.450,32.770,CC,8.5509,5.33,3,1.686469
audio01.TextGrid,4,29,the,32.770,32.870,DT,4.1271,7.73,2,-0.110667
audio01.TextGrid,4,30,coiled,32.870,33.340,JJ,5.0976,2.9,4,-4.426327
audio01.TextGrid,4,31,lines,33.340,33.920,NNS,8.8440,4.95,4,1.563681
audio01.TextGrid,4,32,or,33.920,34.020,CC,5.6876,6.54,1,0.147446
audio01.TextGrid,4,33,the,34.020,34.130,DT,2.3994,7.73,2,-1.838367
audio01.TextGrid,4,34,gaff,34.130,34.490,NN,4.1369,2.68,3,-5.627805
audio01.TextGrid,4,35,and,34.490,34.660,CC,4.2335,7.41,3,-0.354489
audio01.TextGrid,4,36,harpoon,34.660,35.270,NN,5.3446,2.83,6,-4.255938
audio01.TextGrid,4,37,and,35.610,35.700,CC,3.4400,7.41,2,-1.147989
audio01.TextGrid,4,38,the,35.700,35.800,DT,2.9850,7.73,2,-1.252767
audio01.TextGrid,4,39,sail,35.800,36.150,NN,4.1073,4.01,3,-4.201796
audio01.TextGrid,4,40,that,36.150,36.340,WDT,4.0514,7.01,3,-0.974366
audio01.TextGrid,4,41,was,36.340,36.520,VBD,6.1028,6.82,3,0.869090
audio01.TextGrid,4,42,furled,36.520,36.960,VBN,6.0599,1.74,4,-4.733581
audio01.TextGrid,4,43,around,36.960,37.110,IN,6.7776,5.77,4,0.394724
audio01.TextGrid,4,44,the,37.110,37.190,DT,1.8206,7.73,2,-2.417167
audio01.TextGrid,4,45,mast,37.190,37.760,NN,4.1360,3.52,4,-4.709373
audio01.TextGrid,5,1,the,38.590,38.670,DT,1.8241,7.73,2,-2.413667
audio01.TextGrid,5,2,sail,38.670,39.060,NN,4.1358,4.01,3,-4.173296
audio01.TextGrid,5,3,was,39.060,39.300,VBD,4.1804,6.82,3,-1.053310
audio01.TextGrid,5,4,patched,39.300,39.740,VBN,6.3789,3.19,4,-2.827639
audio01.TextGrid,5,5,with,39.740,39.890,IN,4.2060,6.85,3,-0.994877
audio01.TextGrid,5,6,flour,39.930,40.260,JJ,5.2680,4.0,4,-3.052040
audio01.TextGrid,5,7,sacks,40.260,40.790,NNS,10.3161,3.59,4,1.547338
audio01.TextGrid,5,8,and,40.790,41.030,CC,4.4364,7.41,3,-0.151589
audio01.TextGrid,5,9,furled,41.330,41.910,VBD,4.6737,1.74,4,-6.119781
audio01.TextGrid,5,10,it,41.910,42.130,PRP,4.5495,6.95,2,-0.541933
audio01.TextGrid,5,11,looked,42.130,42.370,VBD,10.8729,5.11,4,3.767692
audio01.TextGrid,5,12,like,42.370,42.590,IN,6.2965,6.41,3,0.614068
audio01.TextGrid,5,13,the,42.630,42.730,DT,1.7004,7.73,2,-2.537367
audio01.TextGrid,5,14,flag,42.780,43.180,NN,9.1378,4.58,4,1.452537
audio01.TextGrid,5,15,of,43.180,43.280,IN,3.2692,7.4,2,-1.329733
audio01.TextGrid,5,16,permanent,43.340,43.790,JJ,10.4665,4.57,8,2.770293
audio01.TextGrid,5,17,defeat,43.790,44.350,NN,10.6582,4.51,5,2.896326
audio01.TextGrid,6,1,the,45.910,46.010,DT,1.8241,7.73,2,-2.413667
audio01.TextGrid,6,2,old,46.010,46.220,JJ,7.3292,5.75,3,0.924436
audio01.TextGrid,6,3,man,46.220,46.460,NN,7.6921,5.82,3,1.363947
audio01.TextGrid,6,4,was,46.460,46.690,VBD,4.0908,6.82,3,-1.142910
audio01.TextGrid,6,5,thin,46.710,47.000,JJ,9.7330,4.47,3,1.927348
audio01.TextGrid,6,6,and,47.000,47.150,CC,3.7491,7.41,3,-0.838889
audio01.TextGrid,6,7,gaunt,47.150,47.650,NN,5.5950,2.9,4,-3.928927
audio01.TextGrid,6,8,with,47.650,47.800,IN,5.0956,6.85,3,-0.105277
audio01.TextGrid,6,9,deep,47.800,48.110,JJ,5.2921,5.05,3,-1.878775
audio01.TextGrid,6,10,wrinkles,48.110,48.570,NNS,5.5734,3.31,7,-3.501806
audio01.TextGrid,6,11,in,48.570,48.650,IN,3.2392,7.27,2,-1.502011
audio01.TextGrid,6,12,the,48.650,48.730,DT,1.6929,7.73,2,-2.544867
audio01.TextGrid,6,13,back,48.730,49.000,NN,8.8784,6.04,3,2.791024
audio01.TextGrid,6,14,of,49.000,49.090,IN,3.3510,7.4,2,-1.247933
audio01.TextGrid,6,15,his,49.090,49.270,PRP$,5.3252,6.51,3,-0.247788
audio01.TextGrid,6,16,neck,49.270,49.630,NN,4.2575,4.63,3,-3.373041
audio01.TextGrid,7,1,the,50.470,50.550,DT,1.8241,7.73,2,-2.413667
audio01.TextGrid,7,2,brown,50.550,50.840,JJ,10.3570,5.01,4,3.142348
audio01.TextGrid,7,3,blotches,50.840,51.470,NNS,7.1307,2.45,7,-2.885727
audio01.TextGrid,7,4,of,51.470,51.570,IN,3.6762,7.4,2,-0.922733
audio01.TextGrid,7,5,the,51.570,51.660,DT,1.7026,7.73,2,-2.535167
audio01.TextGrid,7,6,benevolent,51.660,52.170,NN,10.7237,3.34,10,1.681328
audio01.TextGrid,7,7,skin,52.170,52.510,NN,8.9919,4.91,4,1.667803
audio01.TextGrid,7,8,cancer,52.510,52.990,NN,9.6649,4.93,5,2.362692
audio01.TextGrid,7,9,the,52.990,53.100,DT,4.2097,7.73,2,-0.028067
audio01.TextGrid,7,10,sun,53.100,53.390,JJ,10.3676,4.97,3,3.109170
audio01.TextGrid,7,11,brings,53.390,53.800,NNS,11.0804,4.61,5,3.427970
audio01.TextGrid,7,12,from,53.800,53.980,IN,5.4144,6.63,4,-0.027255
audio01.TextGrid,7,13,its,53.980,54.170,PRP$,4.3544,6.14,3,-1.623532
audio01.TextGrid,7,14,reflection,54.170,54.640,NN,9.2580,4.17,9,1.124015
audio01.TextGrid,7,15,on,54.640,54.780,IN,4.5213,6.91,2,-0.613910
audio01.TextGrid,7,16,the,54.780,54.860,DT,1.7010,7.73,2,-2.536767
audio01.TextGrid,7,17,tropic,54.860,55.280,NN,4.1366,2.83,6,-5.463938
audio01.TextGrid,7,18,sea,55.280,55.650,NN,9.5599,5.06,2,2.399970
audio01.TextGrid,7,19,were,55.650,55.820,VBD,7.0805,6.34,2,1.321457
audio01.TextGrid,7,20,on,55.820,55.980,IN,4.8992,6.91,2,-0.236010
audio01.TextGrid,7,21,his,55.980,56.160,PRP$,5.3852,6.51,3,-0.187788
audio01.TextGrid,7,22,cheeks,56.160,56.630,NN,4.2570,3.82,4,-4.260040
audio01.TextGrid,8,1,the,57.690,57.760,DT,1.8241,7.73,2,-2.413667
audio01.TextGrid,8,2,blotches,57.760,58.200,NNS,6.4529,2.45,7,-3.563527
audio01.TextGrid,8,3,ran,58.200,58.380,VBD,8.2128,4.87,3,0.844926
audio01.TextGrid,8,4,well,58.380,58.610,RB,6.5903,6.03,3,0.491980
audio01.TextGrid,8,5,down,58.610,58.890,IN,6.7948,5.88,3,0.532313
audio01.TextGrid,8,6,the,58.890,58.980,DT,2.5868,7.73,2,-1.650967
audio01.TextGrid,8,7,sides,58.980,59.290,NNS,8.9977,4.73,4,1.476604
audio01.TextGrid,8,8,of,59.290,59.400,IN,3.0724,7.4,2,-1.526533
audio01.TextGrid,8,9,his,59.400,59.600,PRP$,5.3081,6.51,3,-0.264888
audio01.TextGrid,8,10,face,59.600,60.070,NN,8.0499,5.45,3,1.316803
audio01.TextGrid,8,11,and,60.070,60.220,CC,4.4049,7.41,3,-0.183089
audio01.TextGrid,8,12,his,60.220,60.410,PRP$,5.9137,6.51,3,0.340712
audio01.TextGrid,8,13,hands,60.410,60.870,NNS,8.5163,5.16,4,1.465814
audio01.TextGrid,8,14,had,60.870,61.020,VBD,5.6372,6.33,3,-0.132787
audio01.TextGrid,8,15,the,61.020,61.090,DT,2.4552,7.73,2,-1.782567
audio01.TextGrid,8,16,deep,61.090,61.370,JJ,5.0788,5.05,3,-2.092075
audio01.TextGrid,8,17,creased,61.370,61.820,JJ,5.2306,2.46,5,-4.774882
audio01.TextGrid,8,18,scars,61.820,62.350,NNS,6.3205,3.76,5,-2.262206
audio01.TextGrid,8,19,from,62.350,62.520,IN,4.7168,6.63,3,-0.724855
audio01.TextGrid,8,20,handling,62.520,62.900,VBG,10.2837,4.39,7,2.390493
audio01.TextGrid,8,21,heavy,62.900,63.190,JJ,9.8824,4.96,4,2.613025
audio01.TextGrid,8,22,fish,63.190,63.470,NN,4.3346,4.9,3,-3.000441
audio01.TextGrid,8,23,on,63.470,63.590,IN,4.5826,6.91,2,-0.552610
audio01.TextGrid,8,24,the,63.590,63.680,DT,1.6979,7.73,2,-2.539867
audio01.TextGrid,8,25,cords,63.680,64.240,NNS,6.4477,3.35,5,-2.583728
audio01.TextGrid,9,1,but,64.840,65.070,CC,5.3198,6.63,3,-0.121855
audio01.TextGrid,9,2,none,65.070,65.290,NN,9.9881,4.93,3,2.685892
audio01.TextGrid,9,3,of,65.290,65.390,IN,4.1324,7.4,2,-0.466533
audio01.TextGrid,9,4,these,65.390,65.580,DT,5.8354,6.04,3,-0.251976
audio01.TextGrid,9,5,scars,65.580,66.030,NNS,6.4496,3.76,5,-2.133106
audio01.TextGrid,9,6,were,66.030,66.100,VBD,5.0550,6.34,2,-0.704043
audio01.TextGrid,9,7,fresh,66.100,66.570,JJ,10.4174,4.83,4,3.005748
audio01.TextGrid,10,1,they,67.230,67.350,PRP,4.6769,6.5,2,-0.907032
audio01.TextGrid,10,2,were,67.350,67.580,VBD,4.5379,6.34,2,-1.221143
audio01.TextGrid,10,3,as,67.580,67.690,RB,5.0402,6.77,2,-0.248232
audio01.TextGrid,10,4,old,67.690,68.040,JJ,7.7181,5.75,3,1.313336
audio01.TextGrid,10,5,as,68.040,68.160,IN,5.7120,6.77,2,0.423568
audio01.TextGrid,10,6,erosions,68.160,68.830,NNS,6.8932,1.72,7,-3.922170
audio01.TextGrid,10,7,in,68.830,68.920,IN,3.2273,7.27,2,-1.513911
audio01.TextGrid,10,8,a,68.920,68.980,DT,2.5837,7.36,1,-2.059011
audio01.TextGrid,10,9,fishless,68.980,69.530,NN,4.1366,1.32,6,-7.116548
audio01.TextGrid,10,10,desert,69.550,70.050,NN,5.3499,4.4,5,-2.532363
audio01.TextGrid,11,1,everything,71.720,72.090,NN,10.9288,5.54,7,4.294202
audio01.TextGrid,11,2,about,72.090,72.400,IN,6.4722,6.4,4,0.778824
audio01.TextGrid,11,3,him,72.400,72.500,PRP,7.4669,6.11,2,1.456135
audio01.TextGrid,11,4,was,72.500,72.650,VBD,4.2582,6.82,3,-0.975510
audio01.TextGrid,11,5,old,72.650,72.980,JJ,8.1068,5.75,3,1.702036
audio01.TextGrid,11,6,except,72.980,73.300,IN,9.2955,5.02,6,2.091792
audio01.TextGrid,11,7,his,73.300,73.450,PRP$,5.3089,6.51,3,-0.264088
audio01.TextGrid,11,8,eyes,73.450,73.940,NNS,9.6187,5.21,2,2.622936
audio01.TextGrid,11,9,and,74.100,74.200,CC,4.2456,7.41,2,-0.342389
audio01.TextGrid,11,10,they,74.200,74.290,PRP,5.3608,6.5,2,-0.223132
audio01.TextGrid,11,11,were,74.290,74.420,VBD,5.1686,6.34,2,-0.590443
audio01.TextGrid,11,12,the,74.420,74.510,DT,2.4432,7.73,2,-1.794567
audio01.TextGrid,11,13,same,74.510,74.820,JJ,7.1150,5.8,3,0.764958
audio01.TextGrid,11,14,color,74.820,75.160,NN,10.0719,4.91,4,2.747803
audio01.TextGrid,11,15,as,75.160,75.290,IN,4.7769,6.77,2,-0.511532
audio01.TextGrid,11,16,the,75.290,75.390,DT,1.7692,7.73,2,-2.468567
audio01.TextGrid,11,17,sea,75.390,75.750,NN,8.2729,5.06,2,1.112970
audio01.TextGrid,11,18,and,75.910,76.040,CC,3.7221,7.41,2,-0.865889
audio01.TextGrid,11,19,were,76.040,76.180,VBD,8.4229,6.34,2,2.663857
audio01.TextGrid,11,20,cheerful,76.180,76.740,JJ,5.8219,3.6,6,-2.935917
audio01.TextGrid,11,21,and,76.740,76.900,CC,3.7954,7.41,3,-0.792589
audio01.TextGrid,11,22,undefeated,76.900,77.660,JJ,4.7400,3.62,9,-3.995928
audio01.TextGrid,12,1,santiago,79.390,80.080,RB,5.2281,3.66,8,-3.464051
audio01.TextGrid,12,2,the,80.330,80.400,DT,2.5625,7.73,2,-1.675267
audio01.TextGrid,12,3,boy,80.400,80.630,NN,10.2869,5.17,2,3.247359
audio01.TextGrid,12,4,said,80.630,80.900,VBD,3.6982,6.01,3,-2.422009
audio01.TextGrid,12,5,to,80.900,81.000,TO,3.3587,7.43,2,-1.207400
audio01.TextGrid,12,6,him,81.000,81.130,PRP,8.5304,6.11,2,2.519635
audio01.TextGrid,12,7,as,81.130,81.260,IN,4.3640,6.77,2,-0.924432
audio01.TextGrid,12,8,they,81.260,81.350,PRP,4.6369,6.5,2,-0.947032
audio01.TextGrid,12,9,climbed,81.350,81.700,VBD,9.9727,3.85,5,1.488494
audio01.TextGrid,12,10,the,81.700,81.770,DT,2.5374,7.73,2,-1.700367
audio01.TextGrid,12,11,bank,81.770,82.110,NN,6.2858,5.16,4,-0.764686
audio01.TextGrid,12,12,from,82.110,82.240,IN,5.0219,6.63,3,-0.419755
audio01.TextGrid,12,13,where,82.240,82.360,WRB,8.8298,6.0,3,2.698646
audio01.TextGrid,12,14,the,82.360,82.460,DT,2.0523,7.73,2,-2.185467
audio01.TextGrid,12,15,skiff,82.460,82.770,NN,4.1364,2.63,4,-5.683027
audio01.TextGrid,12,16,was,82.770,82.910,VBD,4.1860,6.82,3,-1.047710
audio01.TextGrid,12,17,hauled,82.910,83.140,VBN,11.3150,3.43,4,2.371127
audio01.TextGrid,12,18,up,83.140,83.360,RP,4.9830,6.39,2,-0.721321
audio01.TextGrid,13,1,i,84.080,84.170,NN,5.5144,7.09,1,0.576189
audio01.TextGrid,13,2,could,84.170,84.340,MD,5.0621,6.06,3,-1.003387
audio01.TextGrid,13,3,go,84.340,84.480,VB,6.5163,6.03,2,0.417980
audio01.TextGrid,13,4,with,84.480,84.640,IN,5.2035,6.85,3,0.002623
audio01.TextGrid,13,5,you,84.640,84.780,PRP,5.6312,6.98,2,0.572601
audio01.TextGrid,13,6,again,84.780,85.140,RB,8.5368,5.7,4,2.077313
audio01.TextGrid,13,7,we,85.330,85.420,PRP,7.6782,6.54,2,2.138046
audio01.TextGrid,13,8,ve,85.420,85.480,VBP,4.9421,4.56,2,-2.765052
audio01.TextGrid,13,9,made,85.480,85.670,VBD,6.7141,5.92,3,0.495391
audio01.TextGrid,13,10,some,85.670,85.840,DT,6.2143,6.2,3,0.302035
audio01.TextGrid,13,11,money,85.840,86.220,NN,6.2137,5.64,4,-0.311453
audio01.TextGrid,14,1,the,87.640,87.740,DT,1.8241,7.73,2,-2.413667
audio01.TextGrid,14,2,old,87.740,87.970,JJ,7.3292,5.75,3,0.924436
audio01.TextGrid,14,3,man,87.970,88.170,NN,7.6921,5.82,3,1.363947
audio01.TextGrid,14,4,had,88.170,88.330,VBD,4.8945,6.33,3,-0.875487
audio01.TextGrid,14,5,taught,88.330,88.480,VBN,10.2937,4.68,3,2.717881
audio01.TextGrid,14,6,the,88.480,88.590,DT,2.4234,7.73,2,-1.814367
audio01.TextGrid,14,7,boy,88.590,88.760,NN,10.2393,5.17,2,3.199759
audio01.TextGrid,14,8,to,88.760,88.870,TO,3.4315,7.43,2,-1.134600
audio01.TextGrid,14,9,fish,88.870,89.240,VB,4.2924,4.9,3,-3.042641
audio01.TextGrid,14,10,and,89.240,89.330,CC,4.0818,7.41,2,-0.506189
audio01.TextGrid,14,11,the,89.330,89.400,DT,3.7803,7.73,2,-0.457467
audio01.TextGrid,14,12,boy,89.400,89.600,NN,10.2450,5.17,2,3.205459
audio01.TextGrid,14,13,loved,89.600,89.910,VBD,10.1718,5.0,4,2.946203
audio01.TextGrid,14,14,him,89.910,90.060,PRP,8.1050,6.11,2,2.094235
audio01.TextGrid,15,1,no,90.830,91.140,DT,5.7679,6.35,2,0.019801
audio01.TextGrid,15,2,the,91.480,91.600,DT,4.4496,7.73,2,0.211833
audio01.TextGrid,15,3,old,91.600,91.790,JJ,7.3517,5.75,3,0.946936
audio01.TextGrid,15,4,man,91.790,92.010,NN,7.7332,5.82,3,1.405047
audio01.TextGrid,15,5,said,92.010,92.360,VBD,3.8535,6.01,3,-2.266709
audio01.TextGrid,16,1,you,92.900,93.040,PRP,5.7058,6.98,2,0.647201
audio01.TextGrid,16,2,re,93.040,93.100,VBP,3.9761,5.23,2,-2.997775
audio01.TextGrid,16,3,with,93.100,93.280,IN,5.3247,6.85,3,0.123823
audio01.TextGrid,16,4,a,93.280,93.360,DT,2.6003,7.36,1,-2.042411
audio01.TextGrid,16,5,lucky,93.360,93.670,JJ,10.7270,4.77,4,3.249681
audio01.TextGrid,16,6,boat,93.670,94.070,NN,3.9945,4.71,3,-3.548485
audio01.TextGrid,16,7,stay,94.220,94.450,NN,10.0038,5.33,3,3.139369
audio01.TextGrid,16,8,with,94.450,94.710,IN,5.1829,6.85,3,-0.017977
audio01.TextGrid,16,9,them,94.710,94.930,PRP,5.9246,6.19,3,0.001390
audio01.TextGrid,17,1,but,96.070,96.240,CC,5.3198,6.63,3,-0.121855
audio01.TextGrid,17,2,remember,96.240,96.600,VB,13.2609,5.38,7,6.451192
audio01.TextGrid,17,3,how,96.600,96.720,WRB,8.0510,6.24,2,2.182513
audio01.TextGrid,17,4,you,96.720,96.880,PRP,5.9058,6.98,2,0.847201
audio01.TextGrid,17,5,went,96.880,97.040,VBD,7.1878,5.5,4,0.509425
audio01.TextGrid,17,6,eighty,97.040,97.280,VB,5.5200,3.75,3,-3.073651
audio01.TextGrid,17,7,seven,97.280,97.550,CD,9.0967,5.08,5,1.958659
audio01.TextGrid,17,8,days,97.550,97.820,NNS,6.5965,5.61,3,0.038513
audio01.TextGrid,17,9,without,97.820,98.090,IN,7.0949,5.69,5,0.624469
audio01.TextGrid,17,10,fish,98.090,98.370,JJ,5.2954,4.9,3,-2.039641
audio01.TextGrid,17,11,and,98.630,98.710,CC,3.8400,7.41,2,-0.747989
audio01.TextGrid,17,12,then,98.710,98.870,RB,8.3473,6.07,3,2.292757
audio01.TextGrid,17,13,we,98.870,98.960,PRP,7.3150,6.54,2,1.774846
audio01.TextGrid,17,14,caught,98.960,99.170,VBD,9.1326,4.9,3,1.797559
audio01.TextGrid,17,15,big,99.170,99.420,JJ,7.7481,5.67,3,1.255780
audio01.TextGrid,17,16,ones,99.420,99.670,NNS,8.3585,5.07,4,1.209514
audio01.TextGrid,17,17,every,99.670,99.870,DT,8.6415,5.79,4,2.280513
audio01.TextGrid,17,18,day,99.870,100.040,NN,7.0845,5.95,2,0.898624
audio01.TextGrid,17,19,for,100.040,100.160,IN,4.2248,7.01,2,-0.800966
audio01.TextGrid,17,20,three,100.160,100.390,CD,6.7924,5.78,3,0.420469
audio01.TextGrid,17,21,weeks,100.390,100.780,NNS,7.4745,5.19,4,0.456847
audio01.TextGrid,18,1,i,102.110,102.220,JJ,5.5144,7.09,1,0.576189
audio01.TextGrid,18,2,remember,102.220,102.740,VBP,9.7957,5.38,7,2.985992
audio01.TextGrid,18,3,the,102.930,103.060,DT,2.2952,7.73,2,-1.942567
audio01.TextGrid,18,4,old,103.060,103.240,JJ,7.3324,5.75,3,0.927636
audio01.TextGrid,18,5,man,103.240,103.490,NN,7.6939,5.82,3,1.365747
audio01.TextGrid,18,6,said,103.490,103.820,VBD,5.6297,6.01,3,-0.490509
audio01.TextGrid,19,1,i,104.350,104.480,NN,5.5144,7.09,1,0.576189
audio01.TextGrid,19,2,know,104.480,104.650,VBP,7.0565,6.1,2,1.034791
audio01.TextGrid,19,3,you,104.650,104.760,PRP,6.3547,6.98,2,1.296101
audio01.TextGrid,19,4,did,104.760,104.950,VBD,7.5224,5.96,3,1.347469
audio01.TextGrid,19,5,not,104.950,105.180,RB,5.4604,6.69,3,0.084412
audio01.TextGrid,19,6,leave,105.180,105.370,VB,8.4371,5.34,3,1.583614
audio01.TextGrid,19,7,me,105.370,105.480,PRP,8.6023,6.48,2,2.996479
audio01.TextGrid,19,8,because,105.480,105.840,IN,5.8648,6.03,5,-0.233520
audio01.TextGrid,19,9,you,105.840,105.940,PRP,5.6190,6.98,2,0.560401
audio01.TextGrid,19,10,doubted,105.940,106.480,VBD,10.8174,3.44,5,1.884472
audio01.TextGrid,20,1,it,107.590,107.740,PRP,3.8912,6.95,2,-1.200233
audio01.TextGrid,20,2,was,107.740,107.930,VBD,3.9158,6.82,3,-1.317910
audio01.TextGrid,20,3,papa,107.930,108.250,VBN,6.3816,3.91,4,-2.036940
audio01.TextGrid,20,4,made,108.250,108.560,VBN,8.0445,5.92,3,1.825791
audio01.TextGrid,20,5,me,108.560,108.650,PRP,9.1262,6.48,2,3.520379
audio01.TextGrid,20,6,leave,108.650,109.060,VBP,9.3797,5.34,3,2.526214
audio01.TextGrid,20,7,i,109.300,109.410,JJ,6.0506,7.09,1,1.112389
audio01.TextGrid,20,8,am,109.410,109.510,VBP,11.0538,5.78,2,4.681869
audio01.TextGrid,20,9,a,109.510,109.560,DT,3.5699,7.36,1,-1.072811
audio01.TextGrid,20,10,boy,109.560,109.840,NN,10.2411,5.17,2,3.201559
audio01.TextGrid,20,11,and,109.840,110.030,CC,4.2106,7.41,3,-0.377389
audio01.TextGrid,20,12,i,110.030,110.120,NN,6.2108,7.09,1,1.272589
audio01.TextGrid,20,13,must,110.120,110.360,MD,7.6273,5.68,4,1.145925
audio01.TextGrid,20,14,obey,110.360,110.660,VB,3.7188,3.83,3,-4.787295
audio01.TextGrid,20,15,him,110.660,110.850,PRP,7.9649,6.11,3,1.954135
audio01.TextGrid,21,1,i,111.730,111.850,NN,5.5144,7.09,1,0.576189
audio01.TextGrid,21,2,know,111.850,112.130,VBP,7.0565,6.1,2,1.034791
audio01.TextGrid,21,3,the,112.430,112.550,DT,2.4431,7.73,2,-1.794667
audio01.TextGrid,21,4,old,112.550,112.720,JJ,7.3329,5.75,3,0.928136
audio01.TextGrid,21,5,man,112.720,112.950,NN,7.6941,5.82,3,1.365947
audio01.TextGrid,21,6,said,112.950,113.310,VBD,5.3724,6.01,3,-0.747809
audio01.TextGrid,22,1,it,113.760,113.890,PRP,3.8912,6.95,2,-1.200233
audio01.TextGrid,22,2,is,113.890,114.040,VBZ,3.3590,7.07,2,-1.601100
audio01.TextGrid,22,3,quite,114.040,114.370,RB,9.2207,5.29,4,2.312492
audio01.TextGrid,22,4,normal,114.370,114.780,JJ,9.0885,5.01,6,1.873848
audio01.TextGrid,23,1,he,115.950,116.100,PRP,4.5353,6.69,2,-0.840688
audio01.TextGrid,23,2,hasn't,116.100,116.360,RB,5.9273,4.71,6,-1.615685
audio01.TextGrid,23,3,much,116.360,116.600,RB,6.3881,6.0,3,0.256946
audio01.TextGrid,23,4,faith,116.600,116.980,NN,12.4517,4.82,3,5.029103
audio01.TextGrid,24,1,no,117.670,118.080,DT,5.7679,6.35,2,0.019801
audio01.TextGrid,24,2,the,118.360,118.470,DT,4.4496,7.73,2,0.211833
audio01.TextGrid,24,3,old,118.470,118.670,JJ,7.3517,5.75,3,0.946936
audio01.TextGrid,24,4,man,118.670,118.910,NN,7.7332,5.82,3,1.405047
audio01.TextGrid,24,5,said,118.910,119.240,VBD,3.8535,6.01,3,-2.266709
audio01.TextGrid,25,1,but,119.970,120.130,CC,5.3198,6.63,3,-0.121855
audio01.TextGrid,25,2,we,120.130,120.350,PRP,5.9045,6.54,2,0.364346
audio01.TextGrid,25,3,have,120.350,120.650,VBP,4.0420,6.71,3,-1.312099
audio01.TextGrid,25,4,haven,120.910,121.180,VBN,11.1924,4.13,5,3.014638
audio01.TextGrid,25,5,t,121.180,121.220,NNS,7.4338,5.43,1,0.678814
audio01.TextGrid,26,1,we,121.220,121.440,PRP,5.6952,6.54,2,0.155046
audio01.TextGrid,26,2,yes,122.440,122.880,VBP,11.7111,5.5,3,5.032725
audio01.TextGrid,26,3,the,123.010,123.090,DT,3.4191,7.73,2,-0.818667
audio01.TextGrid,26,4,boy,123.090,123.300,NN,10.2831,5.17,2,3.243559
audio01.TextGrid,26,5,said,123.300,123.660,VBD,4.5667,6.01,3,-1.553509
audio01.TextGrid,27,1,can,124.250,124.450,MD,9.3799,6.46,3,3.752190
audio01.TextGrid,27,2,i,124.450,124.560,VB,7.8129,7.09,1,2.874689
audio01.TextGrid,27,3,offer,124.560,124.830,NN,8.3162,5.05,3,1.145325
audio01.TextGrid,27,4,you,124.830,124.990,PRP,6.6940,6.98,2,1.635401
audio01.TextGrid,27,5,a,124.990,125.030,DT,3.7716,7.36,1,-0.871111
audio01.TextGrid,27,6,beer,125.030,125.300,NN,10.2439,4.7,3,2.689970
audio01.TextGrid,27,7,on,125.300,125.400,IN,4.9262,6.91,2,-0.209010
audio01.TextGrid,27,8,the,125.400,125.480,DT,1.7093,7.73,2,-2.528467
audio01.TextGrid,27,9,terrace,125.480,125.940,NN,11.0428,3.88,5,2.591427
audio01.TextGrid,27,10,and,125.940,126.060,CC,3.6631,7.41,2,-0.924889
audio01.TextGrid,27,11,then,126.060,126.220,RB,8.5583,6.07,3,2.503757
audio01.TextGrid,27,12,we,126.220,126.290,PRP,7.1867,6.54,2,1.646546
audio01.TextGrid,27,13,ll,126.290,126.320,VBP,4.3026,4.66,1,-3.295107
audio01.TextGrid,27,14,take,126.320,126.550,VB,6.6767,5.92,3,0.457991
audio01.TextGrid,27,15,the,126.550,126.610,DT,2.3045,7.73,2,-1.933267
audio01.TextGrid,27,16,stuff,126.610,126.890,NN,10.2382,5.14,4,3.165825
audio01.TextGrid,27,17,home,126.890,127.230,NN,8.5170,5.81,3,2.177902
audio01.TextGrid,28,1,why,128.170,128.360,WRB,8.5208,5.93,2,2.313035
audio01.TextGrid,28,2,not,128.360,128.740,RB,5.8126,6.69,3,0.436612
audio01.TextGrid,28,3,the,129.010,129.120,DT,2.6149,7.73,2,-1.622867
audio01.TextGrid,28,4,old,129.120,129.300,JJ,7.3404,5.75,3,0.935636
audio01.TextGrid,28,5,man,129.300,129.520,NN,7.7181,5.82,3,1.389947
audio01.TextGrid,28,6,said,129.520,129.890,VBD,3.6094,6.01,3,-2.510809
audio01.TextGrid,29,1,between,130.510,130.890,IN,7.9921,5.77,6,1.609224
audio01.TextGrid,29,2,fishermen,130.890,131.500,NNS,6.8721,3.65,7,-1.830995
audio01.TextGrid,29,3,they,133.810,133.940,PRP,5.3688,6.5,2,-0.215132
audio01.TextGrid,29,4,sat,133.940,134.150,VBD,12.6397,4.64,3,5.020104
audio01.TextGrid,29,5,on,134.150,134.270,IN,6.0914,6.91,2,0.956190
audio01.TextGrid,29,6,the,134.270,134.360,DT,1.7173,7.73,2,-2.520467
audio01.TextGrid,29,7,terrace,134.360,134.820,NN,11.0425,3.88,5,2.591127
audio01.TextGrid,29,8,and,134.820,135.040,CC,3.7259,7.41,3,-0.862089
audio01.TextGrid,29,9,many,135.040,135.290,JJ,6.3516,5.91,4,0.121946
audio01.TextGrid,29,10,of,135.290,135.350,IN,4.8737,7.4,2,0.274767
audio01.TextGrid,29,11,the,135.350,135.460,DT,1.7050,7.73,2,-2.532767
audio01.TextGrid,29,12,fishermen,135.460,135.860,NNS,6.4293,3.65,7,-2.273795
audio01.TextGrid,29,13,made,135.860,136.130,VBD,7.2470,5.92,3,1.028291
audio01.TextGrid,29,14,fun,136.130,136.300,NN,6.2293,5.3,3,-0.667964
audio01.TextGrid,29,15,of,136.300,136.390,IN,3.0310,7.4,2,-1.567933
audio01.TextGrid,29,16,the,136.390,136.530,DT,1.6996,7.73,2,-2.538167
audio01.TextGrid,29,17,old,136.530,136.750,JJ,7.3274,5.75,3,0.922636
audio01.TextGrid,29,18,man,136.750,137.160,NN,7.6897,5.82,3,1.361547
audio01.TextGrid,29,19,and,137.280,137.450,CC,4.1999,7.41,3,-0.388089
audio01.TextGrid,29,20,he,137.450,137.560,PRP,4.9544,6.69,2,-0.421588
audio01.TextGrid,29,21,was,137.560,137.760,VBD,4.4427,6.82,3,-0.791010
audio01.TextGrid,29,22,not,137.760,137.950,RB,5.4580,6.69,3,0.082012
audio01.TextGrid,29,23,angry,137.950,138.400,JJ,10.3326,4.66,5,2.734893
audio01.TextGrid,30,1,others,138.910,139.320,NNS,9.0512,5.42,4,2.285269
audio01.TextGrid,30,2,of,139.320,139.390,IN,3.5872,7.4,2,-1.011733
audio01.TextGrid,30,3,the,139.390,139.520,DT,1.7046,7.73,2,-2.533167
audio01.TextGrid,30,4,older,139.520,139.740,JJR,10.1099,4.92,4,2.796748
audio01.TextGrid,30,5,fishermen,139.740,140.260,NNS,5.5346,3.65,7,-3.168495
audio01.TextGrid,30,6,looked,140.320,140.550,VBD,10.3051,5.11,4,3.199892
audio01.TextGrid,30,7,at,140.550,140.640,IN,4.2082,6.7,2,-1.156844
audio01.TextGrid,30,8,him,140.640,140.790,PRP,7.3637,6.11,2,1.352935
audio01.TextGrid,30,9,and,140.790,140.900,CC,4.4651,7.41,3,-0.122889
audio01.TextGrid,30,10,were,140.900,141.010,VBD,6.3286,6.34,2,0.569557
audio01.TextGrid,30,11,sad,141.010,141.500,VBN,11.5130,4.84,3,4.112292
audio01.TextGrid,30,12,but,141.850,141.980,CC,5.3473,6.63,3,-0.094355
audio01.TextGrid,30,13,they,141.980,142.110,PRP,5.5886,6.5,2,0.004668
audio01.TextGrid,30,14,did,142.110,142.250,VBD,6.6210,5.96,3,0.446069
audio01.TextGrid,30,15,not,142.250,142.430,RB,5.4571,6.69,3,0.081112
audio01.TextGrid,30,16,show,142.430,142.690,VB,8.5324,5.68,2,2.051025
audio01.TextGrid,30,17,it,142.690,142.830,PRP,4.7223,6.95,2,-0.369133
audio01.TextGrid,30,18,and,142.830,142.940,CC,4.2553,7.41,2,-0.332689
audio01.TextGrid,30,19,they,142.940,143.070,PRP,5.2912,6.5,2,-0.292732
audio01.TextGrid,30,20,spoke,143.070,143.330,VBD,10.2550,4.61,4,2.602570
audio01.TextGrid,30,21,politely,143.340,143.800,RB,10.3947,3.47,7,1.494605
audio01.TextGrid,30,22,about,143.800,143.990,IN,5.7188,6.4,4,0.025424
audio01.TextGrid,30,23,the,143.990,144.100,DT,1.9605,7.73,2,-2.277267
audio01.TextGrid,30,24,current,144.100,144.590,JJ,7.1621,5.27,5,0.232003
audio01.TextGrid,30,25,and,144.590,144.710,CC,3.9475,7.41,2,-0.640489
audio01.TextGrid,30,26,the,144.710,144.800,DT,2.2986,7.73,2,-1.939167
audio01.TextGrid,30,27,depths,144.800,145.190,NNS,6.4534,3.78,5,-2.107417
audio01.TextGrid,30,28,they,145.190,145.330,PRP,6.6145,6.5,2,1.030568
audio01.TextGrid,30,29,had,145.330,145.450,VBD,5.4464,6.33,3,-0.323587
audio01.TextGrid,30,30,drifted,145.450,145.780,VBN,10.6314,3.41,7,1.665639
audio01.TextGrid,30,31,their,145.780,145.930,PRP$,5.6479,6.33,3,-0.122087
audio01.TextGrid,30,32,lines,145.930,146.290,NNS,8.5456,4.95,4,1.265281
audio01.TextGrid,30,33,at,146.290,146.530,IN,4.7026,6.7,2,-0.662444
audio01.TextGrid,30,34,and,146.920,147.000,CC,5.5166,7.41,2,0.928611
audio01.TextGrid,30,35,the,147.000,147.100,DT,2.4629,7.73,2,-1.774867
audio01.TextGrid,30,36,steady,147.100,147.400,JJ,8.9376,4.31,5,0.956837
audio01.TextGrid,30,37,good,147.400,147.600,JJ,7.4750,6.12,3,1.475179
audio01.TextGrid,30,38,weather,147.600,147.980,NN,9.4306,4.87,4,2.062726
audio01.TextGrid,30,39,and,148.130,148.250,CC,4.5156,7.41,2,-0.072389
audio01.TextGrid,30,40,of,148.250,148.360,IN,4.5015,7.4,2,-0.097433
audio01.TextGrid,30,41,what,148.360,148.530,WP,7.2944,6.38,3,1.579135
audio01.TextGrid,30,42,they,148.530,148.630,PRP,5.1537,6.5,2,-0.430232
audio01.TextGrid,30,43,had,148.630,148.770,VBD,4.7231,6.33,3,-1.046887
audio01.TextGrid,30,44,seen,148.770,149.220,VBN,9.2545,5.52,3,2.598014
audio01.TextGrid,31,1,the,150.140,150.230,DT,1.8241,7.73,2,-2.413667
audio01.TextGrid,31,2,successful,150.230,150.860,JJ,9.1130,4.94,9,1.821737
audio01.TextGrid,31,3,fishermen,150.860,151.340,NNS,5.6277,3.65,7,-3.075395
audio01.TextGrid,31,4,of,151.340,151.430,IN,3.5721,7.4,2,-1.026833
audio01.TextGrid,31,5,that,151.430,151.640,DT,4.9108,7.01,3,-0.114966
audio01.TextGrid,31,6,day,151.640,151.880,NN,7.4963,5.95,2,1.310424
audio01.TextGrid,31,7,were,151.880,152.070,VBD,5.1632,6.34,2,-0.595843
audio01.TextGrid,31,8,already,152.070,152.550,RB,6.8312,5.55,6,0.207547
audio01.TextGrid,31,9,in,152.550,152.750,IN,3.7204,7.27,2,-1.020811
audio01.TextGrid,31,10,and,152.750,152.920,CC,5.1508,7.41,3,0.562811
audio01.TextGrid,31,11,had,152.970,153.210,VBD,6.8980,6.33,3,1.128013
audio01.TextGrid,31,12,butchered,153.210,153.650,VBN,6.3457,3.01,5,-3.057839
audio01.TextGrid,31,13,their,153.650,153.820,PRP$,6.3372,6.33,3,0.567213
audio01.TextGrid,31,14,marlin,153.820,154.250,NN,4.2140,3.01,6,-5.189539
audio01.TextGrid,31,15,out,154.250,154.570,IN,6.5625,6.38,2,0.847235
audio01.TextGrid,31,16,and,154.570,154.710,CC,4.5597,7.41,2,-0.028289
audio01.TextGrid,31,17,carried,154.710,155.100,VBD,8.5569,4.77,5,1.079581
audio01.TextGrid,31,18,them,155.100,155.360,PRP,6.9168,6.19,3,0.993590
audio01.TextGrid,31,19,laid,155.360,155.680,JJS,11.0378,4.56,3,3.330648
audio01.TextGrid,31,20,full,155.680,155.900,JJ,8.9198,5.54,3,2.285202
audio01.TextGrid,31,21,length,155.900,156.270,NN,10.9788,4.77,4,3.501481
audio01.TextGrid,31,22,across,156.270,156.630,IN,7.9577,5.25,5,1.005714
audio01.TextGrid,31,23,two,156.630,156.750,CD,6.0796,6.1,2,0.057891
audio01.TextGrid,31,24,planks,156.750,157.460,NNS,5.8234,3.13,6,-3.448805
audio01.TextGrid,31,25,with,157.510,157.630,IN,4.6333,6.85,3,-0.567577
audio01.TextGrid,31,26,two,157.630,157.860,CD,6.0447,6.1,2,0.022991
audio01.TextGrid,31,27,men,157.860,158.130,NNS,8.2508,5.51,3,1.583369
audio01.TextGrid,31,28,staggering,158.130,158.780,VBG,11.8565,3.5,7,2.989238
audio01.TextGrid,31,29,at,158.780,158.840,IN,5.6504,6.7,2,0.285356
audio01.TextGrid,31,30,the,158.840,159.010,DT,1.6945,7.73,2,-2.543267
audio01.TextGrid,31,31,end,159.010,159.120,NN,7.0528,5.68,3,0.571425
audio01.TextGrid,31,32,of,159.120,159.210,IN,2.9025,7.4,2,-1.696433
audio01.TextGrid,31,33,each,159.210,159.420,DT,6.3390,5.69,2,-0.131431
audio01.TextGrid,31,34,plank,159.420,159.800,NN,4.1348,3.46,5,-4.776239
audio01.TextGrid,32,1,to,160.210,160.320,TO,4.2199,7.43,2,-0.346200
audio01.TextGrid,32,2,the,160.320,160.420,DT,2.3639,7.73,2,-1.873867
audio01.TextGrid,32,3,fish,160.420,160.670,NN,4.1345,4.9,3,-3.200541
audio01.TextGrid,32,4,house,160.670,161.020,NN,7.4548,5.71,3,1.006258
audio01.TextGrid,32,5,where,161.020,161.120,WRB,8.9365,6.0,3,2.805346
audio01.TextGrid,32,6,they,161.120,161.200,PRP,4.8419,6.5,2,-0.742032
audio01.TextGrid,32,7,waited,161.200,161.490,VBD,9.8263,4.26,5,1.790815
audio01.TextGrid,32,8,for,161.490,161.590,IN,4.3663,7.01,2,-0.659466
audio01.TextGrid,32,9,the,161.590,161.740,DT,1.7454,7.73,2,-2.492367
audio01.TextGrid,32,10,ice,161.740,161.970,JJ,5.0760,5.0,2,-2.149597
audio01.TextGrid,32,11,truck,161.970,162.170,NN,9.5777,4.64,4,1.958104
audio01.TextGrid,32,12,to,162.170,162.290,TO,3.2545,7.43,2,-1.311600
audio01.TextGrid,32,13,carry,162.290,162.560,VB,7.8635,4.89,4,0.517514
audio01.TextGrid,32,14,them,162.560,162.710,PRP,6.5517,6.19,3,0.628490
audio01.TextGrid,32,15,to,162.710,162.840,TO,3.1956,7.43,2,-1.370500
audio01.TextGrid,32,16,the,162.840,162.930,DT,2.1500,7.73,2,-2.087767
audio01.TextGrid,32,17,market,162.930,163.320,NN,5.0328,5.29,6,-1.875408
audio01.TextGrid,32,18,in,163.320,163.440,IN,3.2259,7.27,2,-1.515311
audio01.TextGrid,32,19,havana,163.440,163.900,NN,5.7913,3.53,6,-3.043128
audio01.TextGrid,33,1,those,165.050,165.310,DT,6.1807,5.9,3,-0.059898
audio01.TextGrid,33,2,who,165.310,165.380,WP,9.6955,6.34,2,3.936457
audio01.TextGrid,33,3,had,165.380,165.480,VBD,5.8750,6.33,3,0.105013
audio01.TextGrid,33,4,caught,165.480,165.760,VBN,9.6628,4.9,3,2.327759
audio01.TextGrid,33,5,sharks,165.760,166.180,NNS,7.6100,3.96,5,-0.753818
audio01.TextGrid,33,6,had,166.180,166.350,VBD,5.8483,6.33,3,0.078313
audio01.TextGrid,33,7,taken,166.350,166.610,VBN,8.5674,5.33,5,1.702969
audio01.TextGrid,33,8,them,166.610,166.730,PRP,7.3444,6.19,3,1.421190
audio01.TextGrid,33,9,to,166.730,166.830,TO,3.0689,7.43,2,-1.497200
audio01.TextGrid,33,10,the,166.830,166.930,DT,2.1178,7.73,2,-2.119967
audio01.TextGrid,33,11,shark,166.930,167.240,NN,4.1357,4.1,4,-4.074896
audio01.TextGrid,33,12,factory,167.240,167.710,NN,8.7352,4.55,6,1.017104
audio01.TextGrid,33,13,on,167.710,167.800,IN,4.4589,6.91,2,-0.676310
audio01.TextGrid,33,14,the,167.800,167.930,DT,1.6949,7.73,2,-2.542867
audio01.TextGrid,33,15,other,167.930,168.100,JJ,5.7818,6.16,3,-0.174243
audio01.TextGrid,33,16,side,168.100,168.340,NN,7.8939,5.5,3,1.215525
audio01.TextGrid,33,17,of,168.340,168.410,IN,2.8272,7.4,2,-1.771733
audio01.TextGrid,33,18,the,168.410,168.490,DT,1.6886,7.73,2,-2.549167
audio01.TextGrid,33,19,cove,168.490,168.980,NN,4.1358,3.64,3,-4.578239
audio01.TextGrid,33,20,where,168.980,169.120,WRB,7.2741,6.0,4,1.142946
audio01.TextGrid,33,21,they,169.120,169.200,PRP,4.8241,6.5,2,-0.759832
audio01.TextGrid,33,22,were,169.200,169.370,VBD,4.5431,6.34,2,-1.215943
audio01.TextGrid,33,23,hoisted,169.370,169.750,VBN,6.2526,2.98,6,-3.183772
audio01.TextGrid,33,24,on,169.750,169.870,IN,3.9188,6.91,2,-1.216410
audio01.TextGrid,33,25,a,169.870,169.920,DT,2.5618,7.36,1,-2.080911
audio01.TextGrid,33,26,block,169.920,170.220,NN,9.1119,4.88,4,1.754970
audio01.TextGrid,33,27,and,170.220,170.370,CC,4.0096,7.41,3,-0.578389
audio01.TextGrid,33,28,tackle,170.370,170.760,VB,11.2791,4.15,5,3.123227
audio01.TextGrid,33,29,their,171.110,171.270,PRP$,5.5476,6.33,3,-0.222387
audio01.TextGrid,33,30,livers,171.270,171.610,NNS,5.5683,2.78,5,-4.086961
audio01.TextGrid,33,31,removed,171.610,172.110,VBD,10.1436,4.79,6,2.688170
audio01.TextGrid,33,32,their,172.430,172.580,PRP$,6.0692,6.33,3,0.299213
audio01.TextGrid,33,33,fins,172.580,173.020,NNS,5.5873,3.36,4,-3.433184
audio01.TextGrid,33,34,cut,173.020,173.210,VBN,7.8058,5.24,3,0.842870
audio01.TextGrid,33,35,off,173.210,173.530,RB,6.2556,5.93,2,0.047835
audio01.TextGrid,33,36,and,173.530,173.600,CC,4.2108,7.41,2,-0.377189
audio01.TextGrid,33,37,their,173.600,173.790,PRP$,6.6192,6.33,3,0.849213
audio01.TextGrid,33,38,hides,173.790,174.190,NNS,5.5688,3.69,4,-3.090517
audio01.TextGrid,33,39,skinned,174.190,174.590,VBN,5.5603,3.54,5,-3.263184
audio01.TextGrid,33,40,out,174.590,174.920,RP,5.6204,6.38,2,-0.094865
audio01.TextGrid,33,41,and,174.920,175.000,CC,4.3475,7.41,2,-0.240489
audio01.TextGrid,33,42,their,175.000,175.170,PRP$,6.2973,6.33,3,0.527313
audio01.TextGrid,33,43,flesh,175.170,175.570,JJ,5.1783,4.2,4,-2.922851
audio01.TextGrid,33,44,cut,175.570,175.780,VBN,8.9055,5.24,3,1.942570
audio01.TextGrid,33,45,into,175.780,175.980,IN,6.5138,6.11,4,0.503035
audio01.TextGrid,33,46,strips,175.980,176.370,NNS,6.8222,3.86,6,-1.651062
audio01.TextGrid,33,47,for,176.370,176.480,IN,3.8493,7.01,2,-1.176466
audio01.TextGrid,33,48,salting,176.480,177.010,VBG,8.1155,2.46,6,-1.889982
audio02.TextGrid,1,1,when,1.170,1.310,WRB,6.5749,6.37,4,0.848690
audio02.TextGrid,1,2,the,1.310,1.370,DT,1.9802,7.73,2,-2.257567
audio02.TextGrid,1,3,wind,1.370,1.610,NN,4.1362,4.84,4,-3.264508
audio02.TextGrid,1,4,was,1.610,1.770,VBD,4.1860,6.82,3,-1.047710
audio02.TextGrid,1,5,in,1.770,1.870,IN,3.6643,7.27,2,-1.076911
audio02.TextGrid,1,6,the,1.870,1.990,DT,1.7635,7.73,2,-2.474267
audio02.TextGrid,1,7,east,1.990,2.360,NN,8.6358,5.16,3,1.585314
audio02.TextGrid,1,8,a,2.360,2.420,DT,5.3447,7.36,1,0.701989
audio02.TextGrid,1,9,smell,2.420,2.710,NN,4.1590,4.49,4,-3.624763
audio02.TextGrid,1,10,came,2.710,2.960,VBD,7.6376,5.5,3,0.959225
audio02.TextGrid,1,11,across,2.960,3.300,IN,8.2796,5.25,5,1.327614
audio02.TextGrid,1,12,the,3.300,3.390,DT,1.8602,7.73,2,-2.377567
audio02.TextGrid,1,13,harbour,3.390,3.680,NN,4.1398,3.98,5,-4.202129
audio02.TextGrid,1,14,from,3.680,3.830,IN,4.7137,6.63,3,-0.727955
audio02.TextGrid,1,15,the,3.830,3.910,DT,1.6993,7.73,2,-2.538467
audio02.TextGrid,1,16,shark,3.910,4.220,NN,4.1366,4.1,4,-4.073996
audio02.TextGrid,1,17,factory,4.230,4.760,NN,8.7100,4.55,6,0.991904
audio02.TextGrid,2,1,but,5.250,5.370,CC,5.3198,6.63,3,-0.121855
audio02.TextGrid,2,2,today,5.370,5.660,NN,8.8953,5.55,4,2.271647
audio02.TextGrid,2,3,there,5.660,5.770,RB,8.2932,6.31,3,2.501324
audio02.TextGrid,2,4,was,5.770,5.920,VBD,4.2248,6.82,3,-1.008910
audio02.TextGrid,2,5,only,5.920,6.150,RB,6.0781,6.12,4,0.078279
audio02.TextGrid,2,6,the,6.150,6.240,DT,3.6922,7.73,2,-0.545567
audio02.TextGrid,2,7,faint,6.240,6.570,NN,13.4565,3.78,4,4.895683
audio02.TextGrid,2,8,edge,6.570,6.760,NN,11.5878,4.74,2,4.077648
audio02.TextGrid,2,9,of,6.760,6.830,IN,3.9334,7.4,2,-0.665533
audio02.TextGrid,2,10,the,6.830,7.020,DT,1.6967,7.73,2,-2.541067
audio02.TextGrid,2,11,odour,7.020,7.260,NN,4.1365,2.96,4,-5.321761
audio02.TextGrid,2,12,because,7.260,7.740,IN,5.9392,6.03,5,-0.159120
audio02.TextGrid,2,13,the,7.760,7.850,DT,1.7055,7.73,2,-2.532267
audio02.TextGrid,2,14,wind,7.850,8.120,NN,4.1361,4.84,4,-3.264608
audio02.TextGrid,2,15,had,8.120,8.250,VBD,6.3160,6.33,3,0.546013
audio02.TextGrid,2,16,backed,8.250,8.530,VBN,10.2300,4.26,4,2.194515
audio02.TextGrid,2,17,into,8.530,8.680,IN,5.9289,6.11,4,-0.081865
audio02.TextGrid,2,18,the,8.680,8.790,DT,1.6865,7.73,2,-2.551267
audio02.TextGrid,2,19,north,8.790,9.170,NN,9.8270,5.34,4,2.973514
audio02.TextGrid,2,20,and,9.170,9.280,CC,3.7814,7.41,2,-0.806589
audio02.TextGrid,2,21,then,9.280,9.500,RB,8.5606,6.07,3,2.506057
audio02.TextGrid,2,22,dropped,9.500,9.810,VBD,9.1704,4.73,5,1.649304
audio02.TextGrid,2,23,off,9.810,10.120,IN,6.4745,5.93,2,0.266735
audio02.TextGrid,2,24,and,10.230,10.360,CC,4.2168,7.41,3,-0.371189
audio02.TextGrid,2,25,it,10.360,10.470,PRP,5.4641,6.95,2,0.372667
audio02.TextGrid,2,26,was,10.470,10.590,VBD,4.4626,6.82,3,-0.771110
audio02.TextGrid,2,27,pleasant,10.590,11.000,JJ,5.8075,4.22,7,-2.271762
audio02.TextGrid,2,28,and,11.000,11.130,CC,3.7672,7.41,3,-0.820789
audio02.TextGrid,2,29,sunny,11.130,11.480,JJ,10.2264,4.07,4,1.982971
audio02.TextGrid,2,30,on,11.480,11.600,IN,4.7521,6.91,2,-0.383110
audio02.TextGrid,2,31,the,11.600,11.690,DT,1.7369,7.73,2,-2.500867
audio02.TextGrid,2,32,terrace,11.690,12.190,NN,11.0456,3.88,5,2.594227
audio02.TextGrid,2,33,santiago,13.870,14.470,VBD,6.1534,3.66,8,-2.538751
audio02.TextGrid,2,34,the,14.590,14.700,DT,2.4540,7.73,2,-1.783767
audio02.TextGrid,2,35,boy,14.700,14.900,NN,10.2392,5.17,2,3.199659
audio02.TextGrid,2,36,said,14.900,15.270,VBD,4.5006,6.01,3,-1.619609
audio02.TextGrid,3,1,yes,16.000,16.470,RB,11.0119,5.5,3,4.333525
audio02.TextGrid,3,2,the,16.640,16.740,DT,2.5625,7.73,2,-1.675267
audio02.TextGrid,3,3,old,16.740,16.910,JJ,7.3464,5.75,3,0.941636
audio02.TextGrid,3,4,man,16.910,17.130,NN,7.7268,5.82,3,1.398647
audio02.TextGrid,3,5,said,17.130,17.450,VBD,3.6026,6.01,3,-2.517609
audio02.TextGrid,4,1,he,17.960,18.040,PRP,4.5353,6.69,2,-0.840688
audio02.TextGrid,4,2,was,18.040,18.170,VBD,3.9158,6.82,3,-1.317910
audio02.TextGrid,4,3,holding,18.170,18.450,VBG,8.2383,4.89,6,0.892314
audio02.TextGrid,4,4,his,18.450,18.590,PRP$,5.9992,6.51,3,0.426212
audio02.TextGrid,4,5,glass,18.590,19.060,NN,8.5007,4.85,4,1.110937
audio02.TextGrid,4,6,and,19.060,19.200,CC,4.3655,7.41,3,-0.222489
audio02.TextGrid,4,7,thinking,19.200,19.510,NN,9.9156,5.24,6,2.952670
audio02.TextGrid,4,8,of,19.510,19.630,IN,3.3841,7.4,2,-1.214833
audio02.TextGrid,4,9,many,19.630,19.830,JJ,6.5571,5.91,4,0.327446
audio02.TextGrid,4,10,years,19.830,20.150,NNS,4.9157,5.96,3,-1.259231
audio02.TextGrid,4,11,ago,20.150,20.490,RB,7.1701,5.42,3,0.404169
audio02.TextGrid,5,1,can,22.130,22.260,MD,9.3799,6.46,3,3.752190
audio02.TextGrid,5,2,i,22.260,22.340,VB,7.8129,7.09,1,2.874689
audio02.TextGrid,5,3,go,22.340,22.510,VB,8.0906,6.03,2,1.992280
audio02.TextGrid,5,4,out,22.510,22.630,RP,5.7592,6.38,2,0.043935
audio02.TextGrid,5,5,to,22.630,22.700,TO,3.2294,7.43,2,-1.336700
audio02.TextGrid,5,6,get,22.700,22.890,VB,6.3151,6.28,3,0.490390
audio02.TextGrid,5,7,sardines,22.890,23.370,NNS,7.4163,2.93,7,-2.074794
audio02.TextGrid,5,8,for,23.370,23.470,IN,3.8408,7.01,2,-1.184966
audio02.TextGrid,5,9,you,23.470,23.540,PRP,5.6252,6.98,2,0.566601
audio02.TextGrid,5,10,for,23.540,23.610,IN,3.8274,7.01,2,-1.198366
audio02.TextGrid,5,11,tomorrow,23.610,24.040,NN,10.1023,5.02,6,2.898592
audio02.TextGrid,6,1,no,24.830,25.090,DT,5.7679,6.35,2,0.019801
audio02.TextGrid,6,2,go,25.870,26.060,NN,9.9020,6.03,2,3.803680
audio02.TextGrid,6,3,and,26.060,26.120,CC,4.1294,7.41,2,-0.458589
audio02.TextGrid,6,4,play,26.120,26.340,VB,8.3296,5.61,3,1.771613
audio02.TextGrid,6,5,baseball,26.340,27.010,NN,11.4869,4.54,6,3.757859
audio02.TextGrid,6,6,i,27.240,27.360,NN,7.9681,7.09,1,3.029889
audio02.TextGrid,6,7,can,27.360,27.540,MD,6.2284,6.46,3,0.600690
audio02.TextGrid,6,8,still,27.540,27.930,RB,7.3573,5.92,4,1.138591
audio02.TextGrid,6,9,row,27.930,28.280,VB,12.6763,4.6,2,5.012926
audio02.TextGrid,6,10,and,28.280,28.640,CC,4.1509,7.41,3,-0.437089
audio02.TextGrid,6,11,rogelio,28.640,29.170,VB,5.1033,2.4,7,-4.967849
audio02.TextGrid,6,12,will,29.170,29.340,MD,5.9249,6.45,3,0.286246
audio02.TextGrid,6,13,throw,29.340,29.550,VB,3.7121,4.83,3,-3.699552
audio02.TextGrid,6,14,the,29.550,29.650,DT,2.2850,7.73,2,-1.952767
audio02.TextGrid,6,15,net,29.650,29.940,JJ,6.5147,4.76,3,-0.973563
audio02.TextGrid,7,1,i,31.340,31.450,NN,5.5144,7.09,1,0.576189
audio02.TextGrid,7,2,would,31.450,31.580,MD,4.5155,6.27,3,-1.320154
audio02.TextGrid,7,3,like,31.580,31.750,VB,6.9481,6.41,3,1.265668
audio02.TextGrid,7,4,to,31.750,31.840,TO,3.4544,7.43,2,-1.111700
audio02.TextGrid,7,5,go,31.840,32.170,VB,6.7340,6.03,2,0.635680
audio02.TextGrid,7,6,if,32.450,32.580,IN,6.3617,6.47,2,0.744935
audio02.TextGrid,7,7,i,32.580,32.660,JJ,5.4453,7.09,1,0.507089
audio02.TextGrid,7,8,cannot,32.660,33.010,VBP,5.7142,5.11,5,-1.391008
audio02.TextGrid,7,9,fish,33.010,33.270,JJ,5.8441,4.9,3,-1.490941
audio02.TextGrid,7,10,with,33.270,33.410,IN,5.1531,6.85,3,-0.047777
audio02.TextGrid,7,11,you,33.410,33.620,PRP,5.6098,6.98,2,0.551201
audio02.TextGrid,7,12,i,33.620,33.670,VBP,7.3481,7.09,1,2.409889
audio02.TextGrid,7,13,would,33.670,33.840,MD,5.2736,6.27,3,-0.562054
audio02.TextGrid,7,14,like,33.840,33.970,VB,6.9533,6.41,3,1.270868
audio02.TextGrid,7,15,to,33.970,34.040,TO,3.4287,7.43,2,-1.137400
audio02.TextGrid,7,16,serve,34.040,34.320,VB,8.4275,4.85,3,1.037737
audio02.TextGrid,7,17,in,34.320,34.430,IN,3.6050,7.27,2,-1.136211
audio02.TextGrid,7,18,some,34.430,34.700,DT,5.2277,6.2,3,-0.684565
audio02.TextGrid,7,19,way,34.700,34.970,NN,6.8393,6.01,2,0.719091
audio02.TextGrid,8,1,you,35.990,36.120,PRP,5.7058,6.98,2,0.647201
audio02.TextGrid,8,2,bought,36.120,36.390,VBD,7.5485,4.91,3,0.224403
audio02.TextGrid,8,3,me,36.390,36.540,PRP,8.7902,6.48,2,3.184379
audio02.TextGrid,8,4,a,36.540,36.580,DT,4.7998,7.36,1,0.157089
audio02.TextGrid,8,5,beer,36.580,37.020,NN,10.2484,4.7,3,2.694470
audio02.TextGrid,8,6,the,37.210,37.330,DT,4.0259,7.73,2,-0.211867
audio02.TextGrid,8,7,old,37.330,37.510,JJ,7.3447,5.75,3,0.939936
audio02.TextGrid,8,8,man,37.510,37.730,NN,7.7023,5.82,3,1.374147
audio02.TextGrid,8,9,said,37.730,38.090,VBD,4.4883,6.01,3,-1.631909
audio02.TextGrid,9,1,you,38.720,38.930,PRP,5.7058,6.98,2,0.647201
audio02.TextGrid,9,2,are,38.930,39.080,VBP,3.9761,6.74,2,-1.345166
audio02.TextGrid,9,3,already,39.080,39.530,RB,6.9204,5.55,6,0.296747
audio02.TextGrid,9,4,a,39.530,39.570,DT,4.6453,7.36,1,0.002589
audio02.TextGrid,9,5,man,39.570,40.050,NN,7.7729,5.82,3,1.444747
audio02.TextGrid,10,1,how,41.460,41.590,WRB,7.8277,6.24,2,1.959213
audio02.TextGrid,10,2,old,41.590,41.810,JJ,7.5297,5.75,3,1.124936
audio02.TextGrid,10,3,was,41.810,41.970,VBD,6.0818,6.82,3,0.848090
audio02.TextGrid,10,4,i,41.970,42.110,RB,6.0590,7.09,1,1.120789
audio02.TextGrid,10,5,when,42.110,42.290,WRB,6.3044,6.37,3,0.578190
audio02.TextGrid,10,6,you,42.290,42.410,PRP,5.8654,6.98,2,0.806801
audio02.TextGrid,10,7,first,42.410,42.690,RB,7.5845,6.11,4,1.573735
audio02.TextGrid,10,8,took,42.690,42.870,VBD,8.3887,5.51,3,1.721269
audio02.TextGrid,10,9,me,42.870,42.990,PRP,8.6264,6.48,2,3.020579
audio02.TextGrid,10,10,in,42.990,43.050,IN,3.1067,7.27,2,-1.634511
audio02.TextGrid,10,11,a,43.050,43.090,DT,2.5751,7.36,1,-2.067611
audio02.TextGrid,10,12,boat,43.090,43.520,NN,4.1372,4.71,3,-3.405785
audio02.TextGrid,11,1,five,44.460,44.960,CD,7.6116,5.45,3,0.878503
audio02.TextGrid,11,2,and,45.020,45.170,CC,4.6222,7.41,2,0.034211
audio02.TextGrid,11,3,you,45.170,45.330,PRP,6.1185,6.98,2,1.059901
audio02.TextGrid,11,4,nearly,45.330,45.680,RB,8.8810,5.0,5,1.655403
audio02.TextGrid,11,5,were,45.680,45.810,VBD,5.3214,6.34,2,-0.437643
audio02.TextGrid,11,6,killed,45.810,46.260,VBN,10.3091,5.22,4,3.324281
audio02.TextGrid,11,7,when,46.260,46.370,WRB,6.2045,6.37,3,0.478290
audio02.TextGrid,11,8,i,46.370,46.470,NN,5.6377,7.09,1,0.699489
audio02.TextGrid,11,9,brought,46.470,46.730,VBD,8.1160,5.16,4,1.065514
audio02.TextGrid,11,10,the,46.730,46.840,DT,2.6577,7.73,2,-1.580067
audio02.TextGrid,11,11,fish,46.840,47.120,NN,4.1435,4.9,3,-3.191541
audio02.TextGrid,11,12,in,47.120,47.250,IN,3.3177,7.27,2,-1.423511
audio02.TextGrid,11,13,too,47.250,47.410,RB,8.7851,5.95,2,2.599224
audio02.TextGrid,11,14,green,47.410,47.880,JJ,9.0571,5.13,4,1.973781
audio02.TextGrid,11,15,and,48.060,48.200,CC,3.6804,7.41,3,-0.907589
audio02.TextGrid,11,16,he,48.200,48.300,PRP,5.2495,6.69,2,-0.126488
audio02.TextGrid,11,17,nearly,48.300,48.610,RB,8.5806,5.0,5,1.355003
audio02.TextGrid,11,18,tore,48.610,48.820,VBD,4.1315,3.71,3,-4.505928
audio02.TextGrid,11,19,the,48.820,48.920,DT,2.4554,7.73,2,-1.782367
audio02.TextGrid,11,20,boat,48.920,49.130,NN,4.1401,4.71,3,-3.402885
audio02.TextGrid,11,21,to,49.130,49.230,TO,3.3939,7.43,2,-1.172200
audio02.TextGrid,11,22,pieces,49.230,49.790,NNS,11.4958,4.72,5,3.963759
audio02.TextGrid,12,1,can,50.310,50.460,MD,9.3799,6.46,3,3.752190
audio02.TextGrid,12,2,you,50.460,50.620,PRP,8.0054,6.98,2,2.946801
audio02.TextGrid,12,3,remember,50.620,51.160,VB,11.1893,5.38,7,4.379592
audio02.TextGrid,12,4,i,52.710,52.800,NNS,5.9592,7.09,1,1.020989
audio02.TextGrid,12,5,can,52.800,53.030,MD,6.9802,6.46,3,1.352490
audio02.TextGrid,12,6,remember,53.030,53.380,VB,9.6172,5.38,7,2.807492
audio02.TextGrid,12,7,the,53.380,53.500,DT,2.2640,7.73,2,-1.973767
audio02.TextGrid,12,8,tail,53.500,53.890,NN,4.1383,4.34,3,-3.809629
audio02.TextGrid,12,9,slapping,53.890,54.470,NN,5.3560,3.36,6,-3.664484
audio02.TextGrid,12,10,and,54.470,54.560,CC,3.7509,7.41,2,-0.837089
audio02.TextGrid,12,11,banging,54.560,55.080,NN,5.7344,3.68,5,-2.935862
audio02.TextGrid,12,12,and,55.080,55.170,CC,3.7316,7.41,2,-0.856389
audio02.TextGrid,12,13,the,55.170,55.290,DT,2.4480,7.73,2,-1.789767
audio02.TextGrid,12,14,thwart,55.290,55.540,NN,13.7483,3.06,5,4.399484
audio02.TextGrid,12,15,breaking,55.540,56.040,NN,11.3306,4.74,6,3.820448
audio02.TextGrid,12,16,and,56.040,56.140,CC,3.8653,7.41,2,-0.722689
audio02.TextGrid,12,17,the,56.140,56.220,DT,3.2701,7.73,2,-0.967667
audio02.TextGrid,12,18,of,56.510,56.580,IN,4.8961,7.4,2,0.297167
audio02.TextGrid,12,19,the,56.580,56.660,DT,1.7148,7.73,2,-2.522967
audio02.TextGrid,12,20,clubbing,56.660,57.120,NN,4.1361,2.99,6,-5.289327
audio02.TextGrid,13,1,i,57.570,57.600,NN,5.5144,7.09,1,0.576189
audio02.TextGrid,13,2,can,57.750,58.010,MD,5.3141,6.46,3,-0.313610
audio02.TextGrid,13,3,remember,58.010,58.360,VB,9.5920,5.38,7,2.782292
audio02.TextGrid,13,4,you,58.360,58.510,PRP,6.2041,6.98,2,1.145501
audio02.TextGrid,13,5,throwing,58.510,58.890,VBG,8.1348,4.4,5,0.252537
audio02.TextGrid,13,6,me,58.890,59.030,PRP,8.5369,6.48,2,2.931079
audio02.TextGrid,13,7,into,59.030,59.150,IN,6.1716,6.11,4,0.160835
audio02.TextGrid,13,8,the,59.150,59.250,DT,1.6909,7.73,2,-2.546867
audio02.TextGrid,13,9,bow,59.250,59.560,NN,4.1365,4.3,2,-3.855207
audio02.TextGrid,13,10,where,59.560,59.720,WRB,7.3334,6.0,3,1.202246
audio02.TextGrid,13,11,the,59.720,59.780,DT,1.9695,7.73,2,-2.268267
audio02.TextGrid,13,12,wet,59.780,59.980,NN,4.1362,4.54,3,-3.592841
audio02.TextGrid,13,13,coiled,59.980,60.340,VBD,3.6519,2.9,4,-5.872027
audio02.TextGrid,13,14,lines,60.340,60.730,NNS,10.2950,4.95,4,3.014681
audio02.TextGrid,13,15,were,60.730,60.940,VBD,5.6927,6.34,2,-0.066343
audio02.TextGrid,13,16,and,61.250,61.340,CC,3.9087,7.41,2,-0.679289
audio02.TextGrid,13,17,feeling,61.340,61.710,VBG,9.4497,5.13,5,2.366381
audio02.TextGrid,13,18,the,61.710,61.810,DT,2.3523,7.73,2,-1.885467
audio02.TextGrid,13,19,whole,61.810,62.000,JJ,10.0321,5.46,3,3.309947
audio02.TextGrid,13,20,boat,62.000,62.330,NN,3.9928,4.71,3,-3.550185
audio02.TextGrid,13,21,shiver,62.330,62.800,NN,5.8288,3.05,4,-3.530961
audio02.TextGrid,13,22,and,62.800,62.870,CC,4.0648,7.41,2,-0.523189
audio02.TextGrid,13,23,the,62.870,62.960,DT,2.4223,7.73,2,-1.815467
audio02.TextGrid,13,24,of,63.310,63.430,IN,5.0472,7.4,2,0.448267
audio02.TextGrid,13,25,you,63.430,63.580,PRP,5.6334,6.98,2,0.574801
audio02.TextGrid,13,26,clubbing,63.580,64.080,VBG,7.6291,2.99,6,-1.796327
audio02.TextGrid,13,27,him,64.080,64.220,PRP,7.9452,6.11,2,1.934435
audio02.TextGrid,13,28,like,64.220,64.420,IN,6.3130,6.41,3,0.630568
audio02.TextGrid,13,29,chopping,64.420,64.820,VBG,8.0420,3.37,5,-0.967539
audio02.TextGrid,13,30,a,64.820,64.870,DT,3.1943,7.36,1,-1.448411
audio02.TextGrid,13,31,tree,64.870,65.140,JJ,9.1382,4.85,3,1.748437
audio02.TextGrid,13,32,down,65.140,65.470,NN,6.9620,5.88,3,0.699513
audio02.TextGrid,13,33,and,65.890,65.980,CC,4.2606,7.41,2,-0.327389
audio02.TextGrid,13,34,the,65.980,66.090,DT,3.0391,7.73,2,-1.198667
audio02.TextGrid,13,35,sweet,66.090,66.400,JJ,10.0382,4.91,4,2.714103
audio02.TextGrid,13,36,blood,66.400,66.680,NN,8.9946,5.1,4,1.878447
audio02.TextGrid,13,37,smell,66.680,67.000,NN,5.8968,4.49,4,-1.886963
audio02.TextGrid,13,38,all,67.000,67.160,DT,7.7093,6.52,2,2.147257
audio02.TextGrid,13,39,over,67.160,67.380,IN,7.8974,6.08,3,1.853802
audio02.TextGrid,13,40,me,67.380,67.600,PRP,8.1060,6.48,2,2.500179
audio02.TextGrid,14,1,can,69.270,69.420,MD,9.3799,6.46,3,3.752190
audio02.TextGrid,14,2,you,69.420,69.800,PRP,8.0054,6.98,2,2.946801
audio02.TextGrid,14,3,really,69.800,70.020,RB,8.1938,5.97,4,2.029813
audio02.TextGrid,14,4,remember,70.020,70.470,VB,10.8089,5.38,7,3.999192
audio02.TextGrid,14,5,that,70.470,70.720,IN,4.3732,7.01,3,-0.652566
audio02.TextGrid,14,6,or,70.720,70.780,CC,6.1828,6.54,1,0.642646
audio02.TextGrid,14,7,did,70.780,70.940,VBD,9.3234,5.96,3,3.148469
audio02.TextGrid,14,8,i,70.940,71.050,VB,6.0927,7.09,1,1.154489
audio02.TextGrid,14,9,just,71.050,71.260,RB,7.0019,6.43,3,1.341357
audio02.TextGrid,14,10,tell,71.260,71.480,VB,10.3776,5.53,3,3.732058
audio02.TextGrid,14,11,it,71.480,71.630,PRP,4.8217,6.95,2,-0.269733
audio02.TextGrid,14,12,to,71.630,71.710,TO,3.2757,7.43,2,-1.290400
audio02.TextGrid,14,13,you,71.710,71.900,PRP,6.1353,6.98,2,1.076701
audio02.TextGrid,15,1,i,73.100,73.210,JJ,5.5144,7.09,1,0.576189
audio02.TextGrid,15,2,remember,73.210,73.610,VBP,9.7957,5.38,7,2.985992
audio02.TextGrid,15,3,everything,73.610,74.090,NN,11.3861,5.54,7,4.751502
audio02.TextGrid,15,4,from,74.090,74.270,IN,5.3148,6.63,3,-0.126855
audio02.TextGrid,15,5,when,74.270,74.370,WRB,7.8349,6.37,3,2.108690
audio02.TextGrid,15,6,we,74.370,74.530,PRP,5.9243,6.54,2,0.384146
audio02.TextGrid,15,7,first,74.530,74.830,RB,7.5832,6.11,4,1.572435
audio02.TextGrid,15,8,went,74.830,74.980,VBD,9.1199,5.5,4,2.441525
audio02.TextGrid,15,9,together,74.980,75.370,RB,7.9003,5.46,6,1.178147
audio02.TextGrid,16,1,the,77.590,77.700,DT,1.8241,7.73,2,-2.413667
audio02.TextGrid,16,2,old,77.700,77.920,JJ,7.3292,5.75,3,0.924436
audio02.TextGrid,16,3,man,77.920,78.180,NN,7.6921,5.82,3,1.363947
audio02.TextGrid,16,4,looked,78.180,78.380,VBD,10.1509,5.11,4,3.045692
audio02.TextGrid,16,5,at,78.380,78.450,IN,4.2210,6.7,2,-1.144044
audio02.TextGrid,16,6,him,78.450,78.640,PRP,7.3636,6.11,3,1.352835
audio02.TextGrid,16,7,with,78.640,78.780,IN,4.9530,6.85,3,-0.247877
audio02.TextGrid,16,8,his,78.780,78.950,PRP$,5.3014,6.51,3,-0.271588
audio02.TextGrid,16,9,sun,78.950,79.190,NN,10.5737,4.97,3,3.315270
audio02.TextGrid,16,10,burned,79.190,79.630,VBD,12.9121,4.31,4,4.931337
audio02.TextGrid,16,11,confident,79.630,80.260,JJ,11.3136,4.43,9,3.464171
audio02.TextGrid,16,12,loving,80.260,80.580,VBG,8.5798,4.47,5,0.774148
audio02.TextGrid,16,13,eyes,80.580,81.010,NNS,10.1536,5.21,2,3.157836
audio02.TextGrid,17,1,if,82.630,82.760,IN,6.7770,6.47,2,1.160235
audio02.TextGrid,17,2,you,82.760,82.910,PRP,5.6755,6.98,2,0.616901
audio02.TextGrid,17,3,were,82.910,83.010,VBD,6.0445,6.34,2,0.285457
audio02.TextGrid,17,4,my,83.010,83.250,PRP$,7.8134,6.57,2,2.306079
audio02.TextGrid,17,5,boy,83.250,83.550,NN,10.3524,5.17,2,3.312859
audio02.TextGrid,17,6,i,83.550,83.640,NN,7.1690,7.09,1,2.230789
audio02.TextGrid,17,7,d,83.640,83.750,VBP,4.2668,5.46,2,-2.455353
audio02.TextGrid,17,8,take,83.750,83.940,VB,6.6803,5.92,3,0.461591
audio02.TextGrid,17,9,you,83.940,84.090,PRP,6.2149,6.98,2,1.156301
audio02.TextGrid,17,10,out,84.090,84.210,RP,6.5632,6.38,2,0.847935
audio02.TextGrid,17,11,and,84.210,84.330,CC,4.4952,7.41,2,-0.092789
audio02.TextGrid,17,12,gamble,84.330,84.800,VB,4.2895,3.79,6,-4.260373
audio02.TextGrid,17,13,he,85.080,85.210,PRP,5.0485,6.69,2,-0.327488
audio02.TextGrid,17,14,said,85.210,85.560,VBD,5.1816,6.01,3,-0.938609
audio02.TextGrid,18,1,but,85.990,86.150,CC,5.3198,6.63,3,-0.121855
audio02.TextGrid,18,2,you,86.150,86.320,PRP,5.9151,6.98,2,0.856501
audio02.TextGrid,18,3,are,86.320,86.440,VBP,3.9435,6.74,2,-1.377766
audio02.TextGrid,18,4,your,86.440,86.600,PRP$,7.8340,6.53,3,2.282901
audio02.TextGrid,18,5,father,86.600,86.950,NN,8.9688,5.26,4,2.027758
audio02.TextGrid,18,6,s,86.950,87.020,NN,5.3686,5.86,1,-0.915776
audio02.TextGrid,18,7,and,87.020,87.140,CC,4.3360,7.41,2,-0.251989
audio02.TextGrid,18,8,your,87.140,87.270,PRP$,7.4840,6.53,3,1.932901
audio02.TextGrid,18,9,mother,87.270,87.620,NN,9.2585,5.24,4,2.295570
audio02.TextGrid,18,10,s,87.620,87.760,NN,5.3196,5.86,1,-0.964776
audio02.TextGrid,18,11,and,87.760,87.890,CC,4.3508,7.41,2,-0.237189
audio02.TextGrid,18,12,you,87.890,88.110,PRP,6.2360,6.98,2,1.177401
audio02.TextGrid,18,13,are,88.110,88.260,VBP,4.4683,6.74,2,-0.852966
audio02.TextGrid,18,14,in,88.260,88.340,IN,3.8005,7.27,2,-0.940711
audio02.TextGrid,18,15,a,88.340,88.400,DT,2.6144,7.36,1,-2.028311
audio02.TextGrid,18,16,lucky,88.400,88.690,JJ,10.7264,4.77,4,3.249081
audio02.TextGrid,18,17,boat,88.690,89.120,NN,3.9947,4.71,3,-3.548285
audio02.TextGrid,19,1,may,90.940,91.080,MD,8.3649,5.98,2,2.211857
audio02.TextGrid,19,2,i,91.080,91.180,VB,8.1452,7.09,1,3.206989
audio02.TextGrid,19,3,get,91.180,91.320,VB,6.5447,6.28,3,0.719990
audio02.TextGrid,19,4,the,91.320,91.430,DT,2.3384,7.73,2,-1.899367
audio02.TextGrid,19,5,sardines,91.430,92.050,NNS,6.4504,2.93,7,-3.040694
audio02.TextGrid,19,6,i,92.290,92.390,NN,7.4320,7.09,1,2.493789
audio02.TextGrid,19,7,know,92.390,92.530,VBP,7.5629,6.1,2,1.541191
audio02.TextGrid,19,8,where,92.530,92.670,WRB,7.5802,6.0,3,1.449046
audio02.TextGrid,19,9,i,92.670,92.730,NN,5.6761,7.09,1,0.737889
audio02.TextGrid,19,10,can,92.730,92.880,MD,5.3193,6.46,3,-0.308410
audio02.TextGrid,19,11,get,92.880,93.060,VB,5.7545,6.28,3,-0.070210
audio02.TextGrid,19,12,four,93.090,93.280,CD,8.3406,5.53,3,1.695058
audio02.TextGrid,19,13,baits,93.280,93.660,NNS,5.8449,2.65,4,-3.952638
audio02.TextGrid,19,14,too,93.660,93.980,RB,7.8899,5.95,2,1.704024
audio02.TextGrid,19,15,i,95.500,95.630,RB,7.3872,7.09,1,2.448989
audio02.TextGrid,19,16,have,95.630,95.870,VBP,4.8505,6.71,3,-0.503599
audio02.TextGrid,19,17,mine,95.870,96.150,NN,11.1912,5.04,3,4.009381
audio02.TextGrid,19,18,left,96.150,96.390,VBN,10.0292,5.62,4,3.482158
audio02.TextGrid,19,19,from,96.390,96.540,IN,4.4265,6.63,3,-1.015155
audio02.TextGrid,19,20,today,96.540,97.030,NN,8.5456,5.55,4,1.921947
audio02.TextGrid,19,21,i,97.200,97.320,NN,7.6975,7.09,1,2.759289
audio02.TextGrid,19,22,put,97.320,97.560,VBD,7.2849,5.66,3,0.781636
audio02.TextGrid,19,23,them,97.560,97.700,PRP,6.7173,6.19,3,0.794090
audio02.TextGrid,19,24,in,97.700,97.800,IN,3.1289,7.27,2,-1.612311
audio02.TextGrid,19,25,salt,97.800,98.140,NN,11.0086,4.6,4,3.345226
audio02.TextGrid,19,26,in,98.140,98.210,IN,4.1651,7.27,2,-0.576111
audio02.TextGrid,19,27,the,98.210,98.300,DT,1.7007,7.73,2,-2.537067
audio02.TextGrid,19,28,box,98.300,98.810,NN,8.8495,5.04,4,1.667681
audio02.TextGrid,20,1,let,99.830,100.000,VB,12.2066,5.6,3,5.637669
audio02.TextGrid,20,2,me,100.000,100.090,PRP,8.6704,6.48,2,3.064579
audio02.TextGrid,20,3,get,100.090,100.290,VB,7.2640,6.28,3,1.439290
audio02.TextGrid,20,4,four,100.290,100.490,CD,8.3395,5.53,3,1.693958
audio02.TextGrid,20,5,fresh,100.490,100.810,JJ,10.9176,4.83,4,3.505948
audio02.TextGrid,20,6,ones,100.810,101.240,NNS,8.2129,5.07,4,1.063914
audio02.TextGrid,21,1,one,102.180,102.580,CD,6.0137,6.47,3,0.396935
audio02.TextGrid,21,2,the,102.890,103.010,DT,4.8272,7.73,2,0.589433
audio02.TextGrid,21,3,old,103.010,103.210,JJ,7.3346,5.75,3,0.929836
audio02.TextGrid,21,4,man,103.210,103.440,NN,7.7316,5.82,3,1.403447
audio02.TextGrid,21,5,said,103.440,103.830,VBD,3.7723,6.01,3,-2.347909
audio02.TextGrid,22,1,his,105.070,105.240,PRP$,5.4396,6.51,3,-0.133388
audio02.TextGrid,22,2,hope,105.240,105.530,NN,8.9591,5.44,3,2.215058
audio02.TextGrid,22,3,and,105.530,105.710,CC,4.5618,7.41,3,-0.026189
audio02.TextGrid,22,4,his,105.710,105.880,PRP$,5.7517,6.51,3,0.178712
audio02.TextGrid,22,5,confidence,105.880,106.430,NN,8.3554,4.65,9,0.746748
audio02.TextGrid,22,6,had,106.430,106.560,VBD,5.2213,6.33,3,-0.548687
audio02.TextGrid,22,7,never,106.560,106.780,RB,7.3862,5.91,4,1.156546
audio02.TextGrid,22,8,gone,106.780,107.190,VBN,9.0889,5.17,3,2.049359
audio02.TextGrid,22,9,but,107.430,107.630,CC,5.7498,6.63,3,0.308145
audio02.TextGrid,22,10,now,107.630,107.850,RB,6.6142,6.18,2,0.680046
audio02.TextGrid,22,11,they,107.850,107.910,PRP,6.4602,6.5,2,0.876268
audio02.TextGrid,22,12,were,107.910,107.970,VBD,5.4334,6.34,2,-0.325643
audio02.TextGrid,22,13,freshening,107.970,108.530,VBG,7.5131,2.25,7,-2.722215
audio02.TextGrid,22,14,as,108.530,108.690,IN,4.9023,6.77,2,-0.386132
audio02.TextGrid,22,15,when,108.690,108.820,WRB,7.5769,6.37,3,1.850690
audio02.TextGrid,22,16,the,108.820,108.890,DT,2.0144,7.73,2,-2.223367
audio02.TextGrid,22,17,breeze,108.890,109.300,NN,4.1363,3.86,4,-4.336962
audio02.TextGrid,22,18,rises,109.300,109.900,NNS,11.5000,4.07,5,3.256571
audio02.TextGrid,23,1,two,111.180,111.460,CD,6.3214,6.1,2,0.299691
audio02.TextGrid,23,2,the,111.760,111.840,DT,4.8774,7.73,2,0.639633
audio02.TextGrid,23,3,boy,111.840,112.060,NN,10.2307,5.17,2,3.191159
audio02.TextGrid,23,4,said,112.060,112.440,VBD,3.8702,6.01,3,-2.250009
audio02.TextGrid,24,1,two,113.630,114.050,CD,6.3214,6.1,2,0.299691
audio02.TextGrid,24,2,the,114.290,114.400,DT,4.8774,7.73,2,0.639633
audio02.TextGrid,24,3,old,114.400,114.590,JJ,7.3340,5.75,3,0.929236
audio02.TextGrid,24,4,man,114.590,114.780,NN,7.7351,5.82,3,1.406947
audio02.TextGrid,24,5,agreed,114.780,115.250,VBD,7.4742,4.84,5,0.073492
audio02.TextGrid,25,1,you,115.980,116.090,PRP,5.7058,6.98,2,0.647201
audio02.TextGrid,25,2,didn't,116.090,116.400,VBP,3.9761,5.68,5,-2.505275
audio02.TextGrid,25,3,steal,116.400,116.690,VB,10.6720,4.41,4,2.800682
audio02.TextGrid,25,4,them,116.690,116.910,PRP,6.4865,6.19,3,0.563290
audio02.TextGrid,26,1,i,118.030,118.140,NN,5.5144,7.09,1,0.576189
audio02.TextGrid,26,2,would,118.140,118.550,MD,4.5155,6.27,3,-1.320154
audio02.TextGrid,26,3,the,118.740,118.820,DT,4.3332,7.73,2,0.095433
audio02.TextGrid,26,4,boy,118.820,119.030,NN,10.2490,5.17,2,3.209459
audio02.TextGrid,26,5,said,119.030,119.280,VBD,6.0167,6.01,3,-0.103509
audio02.TextGrid,26,6,but,119.280,119.440,CC,5.3773,6.63,3,-0.064355
audio02.TextGrid,26,7,i,119.440,119.530,JJ,7.2399,7.09,1,2.301689
audio02.TextGrid,26,8,bought,119.530,119.840,VBD,8.7765,4.91,3,1.452403
audio02.TextGrid,27,1,these,119.840,120.190,DT,5.9478,6.04,3,-0.139576
audio02.TextGrid,27,2,thank,121.910,122.220,NN,4.1353,5.48,4,-2.564964
audio02.TextGrid,27,3,you,122.220,122.760,PRP,8.2093,6.98,2,3.150701
audio02.TextGrid,27,4,the,122.760,122.900,DT,4.0045,7.73,2,-0.233267
audio02.TextGrid,27,5,old,122.900,123.100,JJ,7.3440,5.75,3,0.939236
audio02.TextGrid,27,6,man,123.100,123.340,NN,7.7010,5.82,3,1.372847
audio02.TextGrid,27,7,said,123.340,123.730,VBD,3.8168,6.01,3,-2.303409
audio02.TextGrid,28,1,he,124.860,124.970,PRP,4.5353,6.69,2,-0.840688
audio02.TextGrid,28,2,was,124.970,125.180,VBD,3.9158,6.82,3,-1.317910
audio02.TextGrid,28,3,too,125.180,125.330,RB,7.2407,5.95,2,1.054824
audio02.TextGrid,28,4,simple,125.330,125.670,JJ,9.6379,5.08,6,2.499859
audio02.TextGrid,28,5,to,125.670,125.770,TO,3.2459,7.43,2,-1.320200
audio02.TextGrid,28,6,wonder,125.770,126.060,VB,12.1104,4.93,5,4.808192
audio02.TextGrid,28,7,when,126.060,126.340,WRB,6.2841,6.37,3,0.557890
audio02.TextGrid,28,8,he,126.340,126.580,PRP,4.6673,6.69,2,-0.708688
audio02.TextGrid,28,9,had,126.580,126.720,VBD,4.7249,6.33,3,-1.045087
audio02.TextGrid,28,10,attained,126.720,127.110,VBN,6.3663,3.57,5,-2.424350
audio02.TextGrid,28,11,humility,127.110,127.710,NN,6.5273,3.59,9,-2.241462
audio02.TextGrid,28,12,but,127.970,128.130,CC,5.5672,6.63,3,0.125545
audio02.TextGrid,28,13,he,128.130,128.220,PRP,5.3360,6.69,2,-0.039988
audio02.TextGrid,28,14,knew,128.220,128.440,VBD,9.5699,5.2,3,2.563192
audio02.TextGrid,28,15,he,128.440,128.620,PRP,5.1676,6.69,2,-0.208388
audio02.TextGrid,28,16,had,128.620,128.760,VBD,5.6005,6.33,3,-0.169487
audio02.TextGrid,28,17,attained,128.760,129.170,VBN,6.3598,3.57,5,-2.430850
audio02.TextGrid,28,18,it,129.170,129.420,PRP,5.2121,6.95,2,0.120667
audio02.TextGrid,28,19,and,129.420,129.590,CC,3.9538,7.41,3,-0.634189
audio02.TextGrid,28,20,he,129.590,129.730,PRP,5.1981,6.69,2,-0.177888
audio02.TextGrid,28,21,knew,129.730,129.970,VBD,9.4058,5.2,3,2.399092
audio02.TextGrid,28,22,it,129.970,130.080,PRP,4.5195,6.95,2,-0.571933
audio02.TextGrid,28,23,was,130.080,130.220,VBD,4.7894,6.82,3,-0.444310
audio02.TextGrid,28,24,not,130.220,130.360,RB,5.4355,6.69,3,0.059512
audio02.TextGrid,28,25,disgraceful,130.360,131.080,JJ,5.7673,3.33,10,-3.286017
audio02.TextGrid,28,26,and,131.150,131.290,CC,3.6188,7.41,2,-0.969189
audio02.TextGrid,28,27,it,131.290,131.410,PRP,4.8653,6.95,2,-0.226133
audio02.TextGrid,28,28,carried,131.410,131.760,VBD,8.7387,4.77,5,1.261381
audio02.TextGrid,28,29,no,131.760,131.990,DT,6.4890,6.35,2,0.740901
audio02.TextGrid,28,30,loss,131.990,132.330,NN,7.0100,5.07,3,-0.138986
audio02.TextGrid,28,31,of,132.330,132.400,IN,3.0090,7.4,2,-1.589933
audio02.TextGrid,28,32,true,132.400,132.650,JJ,9.2138,5.4,3,2.425980
audio02.TextGrid,28,33,pride,132.650,133.220,NN,10.6798,4.49,4,2.896037
audio02.TextGrid,29,1,tomorrow,135.440,135.900,NN,10.2357,5.02,6,3.031992
audio02.TextGrid,29,2,is,135.900,135.990,VBZ,3.8990,7.07,2,-1.061100
audio02.TextGrid,29,3,going,135.990,136.210,VBG,7.9566,5.94,4,1.759780
audio02.TextGrid,29,4,to,136.210,136.300,TO,3.1752,7.43,2,-1.390900
audio02.TextGrid,29,5,be,136.300,136.470,VB,3.9942,6.79,2,-1.272344
audio02.TextGrid,29,6,a,136.470,136.510,DT,3.1678,7.36,1,-1.474911
audio02.TextGrid,29,7,good,136.510,136.760,JJ,6.9594,6.12,3,0.959579
audio02.TextGrid,29,8,day,136.760,136.990,NN,7.0075,5.95,2,0.821624
audio02.TextGrid,29,9,with,136.990,137.230,IN,4.8341,6.85,3,-0.366777
audio02.TextGrid,29,10,this,137.230,137.400,DT,4.7508,6.82,3,-0.482910
audio02.TextGrid,29,11,current,137.400,137.900,JJ,7.1614,5.27,6,0.231303
audio02.TextGrid,29,12,he,138.090,138.220,PRP,8.1935,6.69,2,2.817512
audio02.TextGrid,29,13,said,138.220,138.570,VBD,4.6426,6.01,3,-1.477609
audio02.TextGrid,30,1,where,139.910,140.110,WRB,7.5764,6.0,3,1.445246
audio02.TextGrid,30,2,are,140.110,140.140,VBP,5.9451,6.74,1,0.623834
audio02.TextGrid,30,3,you,140.140,140.240,PRP,6.0897,6.98,2,1.031101
audio02.TextGrid,30,4,going,140.240,140.720,VBG,7.9756,5.94,4,1.778780
audio02.TextGrid,30,5,the,140.930,141.000,DT,2.3256,7.73,2,-1.912167
audio02.TextGrid,30,6,boy,141.000,141.300,NN,10.2370,5.17,2,3.197459
audio02.TextGrid,30,7,asked,141.300,141.690,VBD,9.1736,5.3,3,2.276336
audio02.TextGrid,31,1,far,142.860,143.210,RB,7.5504,5.5,3,0.872025
audio02.TextGrid,31,2,out,143.210,143.430,RB,7.7516,6.38,2,2.036335
audio02.TextGrid,31,3,to,143.470,143.550,TO,3.5864,7.43,2,-0.979700
audio02.TextGrid,31,4,come,143.550,143.790,VB,6.5228,5.78,3,0.150869
audio02.TextGrid,31,5,in,143.790,143.950,IN,3.3832,7.27,2,-1.358011
audio02.TextGrid,31,6,when,143.950,144.110,WRB,7.8169,6.37,3,2.090690
audio02.TextGrid,31,7,the,144.110,144.170,DT,2.0365,7.73,2,-2.201267
audio02.TextGrid,31,8,wind,144.170,144.460,NN,4.1363,4.84,4,-3.264408
audio02.TextGrid,31,9,shifts,144.460,145.010,NNS,6.7550,4.01,5,-1.554096
audio02.TextGrid,31,10,i,145.280,145.380,VBP,7.7416,7.09,1,2.803389
audio02.TextGrid,31,11,want,145.380,145.530,VBP,6.6837,6.04,4,0.596324
audio02.TextGrid,31,12,to,145.530,145.620,TO,3.2644,7.43,2,-1.301700
audio02.TextGrid,31,13,be,145.620,145.800,VB,3.9105,6.79,2,-1.356044
audio02.TextGrid,31,14,out,145.800,145.940,RP,5.6937,6.38,2,-0.021565
audio02.TextGrid,31,15,before,145.940,146.360,IN,6.7483,5.93,5,0.540535
audio02.TextGrid,31,16,it,146.360,146.440,PRP,3.9054,6.95,2,-1.186033
audio02.TextGrid,31,17,is,146.440,146.580,VBZ,4.4253,7.07,2,-0.534800
audio02.TextGrid,31,18,light,146.580,146.930,JJ,8.8664,5.33,3,2.001969
audio02.TextGrid,32,1,i,146.930,146.960,NN,5.5144,7.09,1,0.576189
audio02.TextGrid,32,2,ll,148.660,148.790,VBP,3.9811,4.66,2,-3.616607
audio02.TextGrid,32,3,try,148.790,149.020,NN,9.2585,5.5,3,2.580125
audio02.TextGrid,32,4,to,149.020,149.110,TO,3.4347,7.43,2,-1.131400
audio02.TextGrid,32,5,get,149.110,149.280,VB,6.0457,6.28,3,0.220990
audio02.TextGrid,32,6,him,149.280,149.400,PRP,8.0292,6.11,3,2.018435
audio02.TextGrid,32,7,to,149.400,149.490,TO,3.3838,7.43,2,-1.182300
audio02.TextGrid,32,8,work,149.490,149.760,VB,8.0082,5.96,3,1.833269
audio02.TextGrid,32,9,far,149.760,150.020,RB,7.2085,5.5,3,0.530125
audio02.TextGrid,32,10,out,150.020,150.320,RP,6.6261,6.38,2,0.910835
audio02.TextGrid,32,11,the,150.480,150.550,DT,2.1445,7.73,2,-2.093267
audio02.TextGrid,32,12,boy,150.550,150.760,NN,10.2713,5.17,2,3.231759
audio02.TextGrid,32,13,said,150.760,151.070,VBD,5.5255,6.01,3,-0.594709
audio02.TextGrid,32,14,then,151.240,151.420,RB,6.8771,6.07,3,0.822557
audio02.TextGrid,32,15,if,151.420,151.530,IN,6.3468,6.47,2,0.730035
audio02.TextGrid,32,16,you,151.530,151.660,PRP,5.6599,6.98,2,0.601301
audio02.TextGrid,32,17,hook,151.660,151.810,VBP,12.0872,4.37,3,4.172104
audio02.TextGrid,32,18,something,151.810,152.120,NN,8.2770,5.81,6,1.937902
audio02.TextGrid,32,19,truly,152.120,152.410,RB,5.4809,4.87,5,-1.886974
audio02.TextGrid,32,20,big,152.410,152.650,JJ,7.5036,5.67,3,1.011280
audio02.TextGrid,32,21,we,152.650,152.730,PRP,8.0412,6.54,2,2.501046
audio02.TextGrid,32,22,can,152.730,152.880,MD,6.2877,6.46,3,0.659990
audio02.TextGrid,32,23,come,152.880,153.080,VB,6.4522,5.78,3,0.080269
audio02.TextGrid,32,24,to,153.080,153.160,TO,3.1062,7.43,2,-1.459900
audio02.TextGrid,32,25,your,153.160,153.350,PRP$,7.6416,6.53,3,2.090501
audio02.TextGrid,32,26,aid,153.350,153.670,NN,7.7923,4.75,2,0.293092
audio02.TextGrid,33,1,he,154.920,155.030,PRP,4.5353,6.69,2,-0.840688
audio02.TextGrid,33,2,does,155.030,155.210,VBZ,5.8803,5.74,3,-0.535409
audio02.TextGrid,33,3,not,155.210,155.420,RB,5.6653,6.69,3,0.289312
audio02.TextGrid,33,4,like,155.420,155.620,VB,6.9629,6.41,3,1.280468
audio02.TextGrid,33,5,to,155.620,155.680,TO,3.7267,7.43,2,-0.839400
audio02.TextGrid,33,6,work,155.680,155.900,VB,7.5708,5.96,3,1.395869
audio02.TextGrid,33,7,too,155.900,156.090,RB,7.3042,5.95,2,1.118324
audio02.TextGrid,33,8,far,156.090,156.400,RB,7.0702,5.5,3,0.391825
audio02.TextGrid,34,1,out,156.400,156.690,IN,7.9482,6.38,2,2.232935
audio02.TextGrid,34,2,no,157.580,157.940,DT,5.8594,6.35,2,0.111301
audio02.TextGrid,34,3,the,157.940,158.220,DT,4.5176,7.73,2,0.279833
audio02.TextGrid,34,4,boy,158.220,158.430,NN,10.2224,5.17,2,3.182859
audio02.TextGrid,34,5,said,158.430,158.780,VBD,4.2560,6.01,3,-1.864209
audio02.TextGrid,35,1,but,159.250,159.380,CC,5.3198,6.63,3,-0.121855
audio02.TextGrid,35,2,i,159.380,159.540,NN,5.7238,7.09,1,0.785589
audio02.TextGrid,35,3,will,159.540,159.690,MD,4.1904,6.45,3,-1.448254
audio02.TextGrid,35,4,see,159.690,159.850,VB,6.2362,6.1,2,0.214491
audio02.TextGrid,35,5,something,159.850,160.180,NN,9.8886,5.81,6,3.549502
audio02.TextGrid,35,6,that,160.180,160.300,IN,4.6473,7.01,3,-0.378466
audio02.TextGrid,35,7,he,160.300,160.420,PRP,4.7380,6.69,2,-0.637988
audio02.TextGrid,35,8,cannot,160.420,160.780,VB,5.3740,5.11,5,-1.731208
audio02.TextGrid,35,9,see,160.780,161.050,VB,8.1317,6.1,2,2.109991
audio02.TextGrid,35,10,such,161.050,161.290,JJ,6.7627,5.84,3,0.456435
audio02.TextGrid,35,11,as,161.290,161.360,IN,5.4197,6.77,2,0.131268
audio02.TextGrid,35,12,a,161.360,161.420,DT,2.6404,7.36,1,-2.002311
audio02.TextGrid,35,13,bird,161.420,161.790,NN,4.1368,4.63,3,-3.493741
audio02.TextGrid,35,14,working,161.790,162.150,VBG,8.8819,5.45,5,2.148803
audio02.TextGrid,35,15,and,162.540,162.630,CC,3.8713,7.41,2,-0.716689
audio02.TextGrid,35,16,get,162.630,162.790,VB,6.4640,6.28,3,0.639290
audio02.TextGrid,35,17,him,162.790,162.880,PRP,8.0287,6.11,2,2.017935
audio02.TextGrid,35,18,to,162.880,162.970,TO,3.1848,7.43,2,-1.381300
audio02.TextGrid,35,19,come,162.970,163.150,VB,7.2290,5.78,3,0.857069
audio02.TextGrid,35,20,out,163.150,163.310,RP,5.7290,6.38,2,0.013735
audio02.TextGrid,35,21,after,163.310,163.540,IN,6.1867,6.11,4,0.175935
audio02.TextGrid,35,22,dolphin,163.540,164.020,NN,11.0204,3.67,6,2.339194
audio02.TextGrid,36,1,are,165.630,165.750,VBP,7.8874,6.74,2,2.566134
audio02.TextGrid,36,2,his,165.750,165.950,PRP$,6.0936,6.51,3,0.520612
audio02.TextGrid,36,3,eyes,165.950,166.270,NNS,9.6189,5.21,2,2.623136
audio02.TextGrid,36,4,that,166.270,166.470,IN,4.0598,7.01,3,-0.965966
audio02.TextGrid,36,5,bad,166.490,166.910,JJ,8.6463,5.53,3,2.000758
audio02.TextGrid,37,1,he,167.720,167.860,PRP,4.5353,6.69,2,-0.840688
audio02.TextGrid,37,2,is,167.860,167.940,VBZ,3.3590,7.07,2,-1.601100
audio02.TextGrid,37,3,almost,167.940,168.300,RB,7.4715,5.39,6,0.672736
audio02.TextGrid,37,4,blind,168.300,168.810,IN,10.0048,4.52,5,2.253870
audio02.TextGrid,37,5,it,169.660,169.770,PRP,6.4151,6.95,2,1.323667
audio02.TextGrid,37,6,is,169.770,169.880,VBZ,3.8730,7.07,2,-1.087100
audio02.TextGrid,37,7,strange,169.880,170.460,JJ,5.8848,4.64,6,-1.734796
audio02.TextGrid,37,8,the,170.740,170.850,DT,4.4569,7.73,2,0.219133
audio02.TextGrid,37,9,old,170.850,171.030,JJ,7.3482,5.75,3,0.943436
audio02.TextGrid,37,10,man,171.030,171.250,NN,7.7070,5.82,3,1.378847
audio02.TextGrid,37,11,said,171.250,171.610,VBD,4.4878,6.01,3,-1.632409
audio02.TextGrid,38,1,he,172.210,172.310,PRP,4.5353,6.69,2,-0.840688
audio02.TextGrid,38,2,never,172.310,172.550,RB,8.6655,5.91,4,2.435846
audio02.TextGrid,38,3,went,172.550,172.760,VBD,7.8859,5.5,4,1.207525
audio02.TextGrid,38,4,turtle,172.760,173.180,JJ,5.8552,3.91,5,-2.563340
audio02.TextGrid,38,5,ing,173.180,173.350,NN,5.2812,3.95,2,-3.093562
audio02.TextGrid,38,6,that,173.650,173.850,WDT,4.4291,7.01,3,-0.596666
audio02.TextGrid,38,7,is,173.850,173.990,VBZ,4.9479,7.07,2,-0.012200
audio02.TextGrid,38,8,what,173.990,174.150,WP,7.5241,6.38,3,1.808835
audio02.TextGrid,38,9,kills,174.150,174.510,VBZ,3.8004,4.34,4,-4.147529
audio02.TextGrid,38,10,the,174.510,174.650,DT,2.4081,7.73,2,-1.829667
audio02.TextGrid,38,11,eyes,174.650,175.050,NNS,10.5014,5.21,2,3.505636
audio02.TextGrid,39,1,but,176.840,176.990,CC,5.3198,6.63,3,-0.121855
audio02.TextGrid,39,2,you,176.990,177.100,PRP,5.9151,6.98,2,0.856501
audio02.TextGrid,39,3,went,177.100,177.330,VBD,7.1496,5.5,4,0.471225
audio02.TextGrid,39,4,turtle,177.330,177.610,JJ,5.8362,3.91,5,-2.582340
audio02.TextGrid,39,5,ing,177.610,177.730,NN,5.2833,3.95,2,-3.091462
audio02.TextGrid,39,6,for,177.730,177.850,IN,4.2939,7.01,2,-0.731866
audio02.TextGrid,39,7,years,177.850,178.210,NNS,6.8205,5.96,3,0.645569
audio02.TextGrid,39,8,off,178.210,178.340,IN,7.6822,5.93,2,1.474435
audio02.TextGrid,39,9,the,178.340,178.430,DT,2.0547,7.73,2,-2.183067
audio02.TextGrid,39,10,mosquito,178.430,178.890,NN,4.1386,3.61,7,-4.608273
audio02.TextGrid,39,11,coast,178.890,179.260,NN,12.3291,4.87,4,4.961226
audio02.TextGrid,39,12,and,179.260,179.350,CC,3.7342,7.41,2,-0.853789
audio02.TextGrid,39,13,your,179.350,179.560,PRP$,7.2685,6.53,3,1.717401
audio02.TextGrid,39,14,eyes,179.560,179.770,NNS,9.6116,5.21,2,2.615836
audio02.TextGrid,39,15,are,179.770,179.830,VBP,5.2816,6.74,1,-0.039666
audio02.TextGrid,39,16,good,179.830,180.160,JJ,7.7249,6.12,3,1.725079
audio03.TextGrid,1,1,i,0.590,0.790,NN,5.5144,7.09,1,0.576189
audio03.TextGrid,1,2,am,0.790,0.930,VBP,9.1941,5.78,2,2.822169
audio03.TextGrid,1,3,a,0.930,0.990,DT,3.6625,7.36,1,-0.980211
audio03.TextGrid,1,4,strange,0.990,1.520,JJ,5.0804,4.64,6,-2.539196
audio03.TextGrid,1,5,old,1.520,1.800,JJ,7.6593,5.75,3,1.254536
audio03.TextGrid,1,6,man,1.800,2.220,NN,7.8670,5.82,3,1.538847
audio03.TextGrid,2,1,but,3.350,3.590,CC,5.3198,6.63,3,-0.121855
audio03.TextGrid,2,2,are,3.590,3.700,VBP,7.4006,6.74,2,2.079334
audio03.TextGrid,2,3,you,3.700,3.850,PRP,6.5296,6.98,2,1.471001
audio03.TextGrid,2,4,strong,3.850,4.200,JJ,8.5746,5.22,5,1.589781
audio03.TextGrid,2,5,enough,4.200,4.470,RB,8.8705,5.54,4,2.235902
audio03.TextGrid,2,6,now,4.470,4.710,RB,6.8999,6.18,2,0.965746
audio03.TextGrid,2,7,for,4.710,4.880,IN,3.5156,7.01,2,-1.510166
audio03.TextGrid,2,8,a,4.880,4.940,DT,2.6748,7.36,1,-1.967911
audio03.TextGrid,2,9,truly,4.940,5.270,RB,6.9641,4.87,5,-0.403774
audio03.TextGrid,2,10,big,5.270,5.510,JJ,6.4310,5.67,3,-0.061320
audio03.TextGrid,2,11,fish,5.510,5.830,NN,4.2377,4.9,3,-3.097341
audio03.TextGrid,3,1,i,6.750,6.860,NN,5.5144,7.09,1,0.576189
audio03.TextGrid,3,2,think,6.860,7.140,VBP,6.6270,6.08,4,0.583402
audio03.TextGrid,3,3,so,7.140,7.430,RB,6.1125,6.52,2,0.550457
audio03.TextGrid,3,4,and,7.820,7.950,CC,3.9322,7.41,2,-0.655789
audio03.TextGrid,3,5,there,7.950,8.150,EX,6.9014,6.31,3,1.109524
audio03.TextGrid,3,6,are,8.150,8.240,VBP,4.7396,6.74,2,-0.581666
audio03.TextGrid,3,7,many,8.240,8.520,JJ,6.8423,5.91,4,0.612646
audio03.TextGrid,3,8,tricks,8.520,9.020,NNS,5.6631,4.15,5,-2.492773
audio03.TextGrid,4,1,let,10.180,10.350,VB,12.2066,5.6,3,5.637669
audio03.TextGrid,4,2,us,10.350,10.510,PRP,7.5752,6.04,2,1.487824
audio03.TextGrid,4,3,take,10.510,10.730,VB,7.1469,5.92,3,0.928191
audio03.TextGrid,4,4,the,10.730,10.800,DT,2.3126,7.73,2,-1.925167
audio03.TextGrid,4,5,stuff,10.800,11.080,NN,10.2382,5.14,4,3.165825
audio03.TextGrid,4,6,home,11.080,11.410,NN,8.5046,5.81,3,2.165502
audio03.TextGrid,4,7,the,11.560,11.640,DT,3.6310,7.73,2,-0.606767
audio03.TextGrid,4,8,boy,11.640,11.850,NN,10.2439,5.17,2,3.204359
audio03.TextGrid,4,9,said,11.850,12.220,VBD,4.2153,6.01,3,-1.904909
audio03.TextGrid,4,10,so,12.390,12.560,RB,6.0411,6.52,2,0.479057
audio03.TextGrid,4,11,i,12.560,12.640,JJ,6.7507,7.09,1,1.812489
audio03.TextGrid,4,12,can,12.640,12.810,MD,6.6992,6.46,3,1.071490
audio03.TextGrid,4,13,get,12.810,12.930,VB,5.7575,6.28,3,-0.067210
audio03.TextGrid,4,14,the,12.930,13.050,DT,2.3360,7.73,2,-1.901767
audio03.TextGrid,4,15,cast,13.050,13.440,NN,11.6017,4.79,4,4.146270
audio03.TextGrid,4,16,net,13.440,13.680,NN,6.8722,4.76,3,-0.616063
audio03.TextGrid,4,17,and,13.680,13.750,CC,3.9740,7.41,2,-0.613989
audio03.TextGrid,4,18,go,13.750,13.970,VB,8.8425,6.03,2,2.744180
audio03.TextGrid,4,19,after,13.970,14.150,IN,6.6390,6.11,4,0.628235
audio03.TextGrid,4,20,the,14.150,14.230,DT,1.7509,7.73,2,-2.486867
audio03.TextGrid,4,21,sardines,14.230,14.850,NNS,6.4510,2.93,7,-3.040094
audio03.TextGrid,5,1,they,16.750,16.860,PRP,4.6769,6.5,2,-0.907032
audio03.TextGrid,5,2,picked,16.860,17.120,VBD,9.8211,4.72,4,2.289059
audio03.TextGrid,5,3,up,17.120,17.230,RP,5.0515,6.39,2,-0.652821
audio03.TextGrid,5,4,the,17.230,17.310,DT,2.5313,7.73,2,-1.706467
audio03.TextGrid,5,5,gear,17.310,17.610,NN,4.1448,4.46,3,-3.671796
audio03.TextGrid,5,6,from,17.610,17.780,IN,4.9992,6.63,3,-0.442455
audio03.TextGrid,5,7,the,17.780,17.850,DT,1.6961,7.73,2,-2.541667
audio03.TextGrid,5,8,boat,17.850,18.260,NN,4.1366,4.71,3,-3.406385
audio03.TextGrid,6,1,the,19.200,19.340,DT,1.8241,7.73,2,-2.413667
audio03.TextGrid,6,2,old,19.340,19.550,JJ,7.3292,5.75,3,0.924436
audio03.TextGrid,6,3,man,19.550,19.800,NN,7.6921,5.82,3,1.363947
audio03.TextGrid,6,4,carried,19.800,20.120,VBD,8.4766,4.77,5,0.999281
audio03.TextGrid,6,5,the,20.120,20.200,DT,2.7444,7.73,2,-1.493367
audio03.TextGrid,6,6,mast,20.200,20.620,NN,4.1447,3.52,4,-4.700673
audio03.TextGrid,6,7,on,20.620,20.740,IN,4.6052,6.91,2,-0.530010
audio03.TextGrid,6,8,his,20.740,20.910,PRP$,5.3130,6.51,3,-0.259988
audio03.TextGrid,6,9,shoulder,20.910,21.380,NN,9.2586,4.5,5,1.485782
audio03.TextGrid,6,10,and,21.530,21.630,CC,4.4621,7.41,2,-0.125889
audio03.TextGrid,6,11,the,21.630,21.720,DT,2.2828,7.73,2,-1.954967
audio03.TextGrid,6,12,boy,21.720,22.000,NN,10.2357,5.17,2,3.196159
audio03.TextGrid,6,13,carried,22.000,22.350,VBD,9.3239,4.77,5,1.846581
audio03.TextGrid,6,14,the,22.350,22.440,DT,2.7550,7.73,2,-1.482767
audio03.TextGrid,6,15,wooden,22.440,22.770,JJ,5.0816,4.33,5,-2.877274
audio03.TextGrid,6,16,boat,22.770,23.280,NN,4.3203,4.71,3,-3.222685
audio03.TextGrid,6,17,with,23.280,23.410,IN,4.7252,6.85,3,-0.475677
audio03.TextGrid,6,18,the,23.410,23.480,DT,1.6958,7.73,2,-2.541967
audio03.TextGrid,6,19,coiled,23.480,24.020,JJ,5.0749,2.9,4,-4.449027
audio03.TextGrid,6,20,hard,24.020,24.280,NN,9.1543,5.53,4,2.508758
audio03.TextGrid,6,21,braided,24.280,24.580,VBD,6.6609,3.08,6,-2.666028
audio03.TextGrid,6,22,brown,24.580,24.900,JJ,11.0567,5.01,4,3.842048
audio03.TextGrid,6,23,lines,24.900,25.440,NNS,8.8965,4.95,4,1.616181
audio03.TextGrid,6,24,the,25.920,26.000,DT,3.9544,7.73,2,-0.283367
audio03.TextGrid,6,25,gaff,26.000,26.610,NN,4.1442,2.68,3,-5.620505
audio03.TextGrid,6,26,and,26.610,26.720,CC,4.3290,7.41,2,-0.258989
audio03.TextGrid,6,27,the,26.720,26.820,DT,2.3134,7.73,2,-1.924367
audio03.TextGrid,6,28,harpoon,26.820,27.390,NN,4.1368,2.83,6,-5.463738
audio03.TextGrid,6,29,with,27.390,27.580,IN,4.8271,6.85,3,-0.373777
audio03.TextGrid,6,30,its,27.580,27.740,PRP$,4.3054,6.14,3,-1.672532
audio03.TextGrid,6,31,shaft,27.740,28.280,NN,4.2574,3.9,4,-4.172084
audio03.TextGrid,7,1,the,29.120,29.210,DT,1.8241,7.73,2,-2.413667
audio03.TextGrid,7,2,box,29.210,29.560,NN,8.8490,5.04,4,1.667181
audio03.TextGrid,7,3,with,29.560,29.680,IN,5.5449,6.85,3,0.344023
audio03.TextGrid,7,4,the,29.680,29.760,DT,1.6983,7.73,2,-2.539467
audio03.TextGrid,7,5,baits,29.760,30.260,NNS,6.4487,2.65,4,-3.348838
audio03.TextGrid,7,6,was,30.260,30.460,VBD,4.4045,6.82,3,-0.829210
audio03.TextGrid,7,7,under,30.460,30.690,IN,6.8961,5.73,4,0.469447
audio03.TextGrid,7,8,the,30.690,30.820,DT,1.7435,7.73,2,-2.494267
audio03.TextGrid,7,9,stern,30.820,31.260,NN,11.0491,3.9,4,2.619616
audio03.TextGrid,7,10,of,31.260,31.360,IN,3.9971,7.4,2,-0.601833
audio03.TextGrid,7,11,the,31.360,31.460,DT,1.6930,7.73,2,-2.544767
audio03.TextGrid,7,12,skiff,31.460,31.860,NN,4.1355,2.63,4,-5.683927
audio03.TextGrid,7,13,along,32.000,32.350,IN,8.6872,5.38,4,1.877492
audio03.TextGrid,7,14,with,32.350,32.470,IN,6.7368,6.85,3,1.535923
audio03.TextGrid,7,15,the,32.470,32.550,DT,1.8798,7.73,2,-2.357967
audio03.TextGrid,7,16,club,32.550,32.890,NN,9.0213,5.2,4,2.014592
audio03.TextGrid,7,17,that,32.890,33.060,WDT,4.4250,7.01,3,-0.600766
audio03.TextGrid,7,18,was,33.060,33.200,VBD,6.1379,6.82,3,0.904190
audio03.TextGrid,7,19,used,33.200,33.470,VBN,7.5998,5.8,4,1.249758
audio03.TextGrid,7,20,to,33.470,33.590,TO,2.7046,7.43,2,-1.861500
audio03.TextGrid,7,21,subdue,33.590,33.970,VB,4.1947,3.06,5,-5.154116
audio03.TextGrid,7,22,the,33.970,34.070,DT,2.2759,7.73,2,-1.961867
audio03.TextGrid,7,23,big,34.070,34.390,JJ,6.5819,5.67,3,0.089580
audio03.TextGrid,7,24,fish,34.390,34.650,NN,4.2997,4.9,3,-3.035341
audio03.TextGrid,7,25,when,34.650,34.810,WRB,6.0380,6.37,4,0.311790
audio03.TextGrid,7,26,they,34.810,34.880,PRP,4.8210,6.5,2,-0.762932
audio03.TextGrid,7,27,were,34.880,35.010,VBD,4.5431,6.34,2,-1.215943
audio03.TextGrid,7,28,brought,35.010,35.240,VBN,9.4983,5.16,4,2.447814
audio03.TextGrid,7,29,alongside,35.240,35.970,RB,4.6697,4.45,7,-3.157841
audio03.TextGrid,8,1,no,36.990,37.120,DT,5.7679,6.35,2,0.019801
audio03.TextGrid,8,2,one,37.120,37.300,NN,6.6037,6.47,3,0.986935
audio03.TextGrid,8,3,would,37.300,37.440,MD,5.6654,6.27,3,-0.170254
audio03.TextGrid,8,4,steal,37.440,37.770,VB,9.5916,4.41,4,1.720282
audio03.TextGrid,8,5,from,37.770,37.950,IN,5.1982,6.63,4,-0.243455
audio03.TextGrid,8,6,the,37.950,38.050,DT,1.7116,7.73,2,-2.526167
audio03.TextGrid,8,7,old,38.050,38.250,JJ,7.3323,5.75,3,0.927536
audio03.TextGrid,8,8,man,38.250,38.550,NN,7.6955,5.82,3,1.367347
audio03.TextGrid,8,9,but,38.550,38.710,CC,5.9864,6.63,3,0.544745
audio03.TextGrid,8,10,it,38.710,38.800,PRP,4.4417,6.95,2,-0.649733
audio03.TextGrid,8,11,was,38.800,38.940,VBD,4.6291,6.82,3,-0.604610
audio03.TextGrid,8,12,better,38.940,39.220,RBR,8.0567,5.76,4,1.662880
audio03.TextGrid,8,13,to,39.220,39.310,TO,3.6833,7.43,2,-0.882800
audio03.TextGrid,8,14,take,39.310,39.560,VB,7.0325,5.92,3,0.813791
audio03.TextGrid,8,15,the,39.560,39.640,DT,2.3202,7.73,2,-1.917567
audio03.TextGrid,8,16,sail,39.640,40.010,NN,4.1389,4.01,3,-4.170196
audio03.TextGrid,8,17,and,40.010,40.090,CC,4.2225,7.41,2,-0.365489
audio03.TextGrid,8,18,the,40.090,40.170,DT,2.3065,7.73,2,-1.931267
audio03.TextGrid,8,19,heavy,40.170,40.430,JJ,8.7555,4.96,4,1.486125
audio03.TextGrid,8,20,lines,40.430,40.810,NNS,8.7684,4.95,4,1.488081
audio03.TextGrid,8,21,home,40.810,41.100,NN,9.0049,5.81,3,2.665802
audio03.TextGrid,8,22,as,41.100,41.250,IN,5.2964,6.77,2,0.007968
audio03.TextGrid,8,23,the,41.250,41.340,DT,1.7849,7.73,2,-2.452867
audio03.TextGrid,8,24,dew,41.340,41.520,NN,4.1372,3.52,2,-4.708173
audio03.TextGrid,8,25,was,41.520,41.720,VBD,5.2167,6.82,3,-0.017010
audio03.TextGrid,8,26,bad,41.720,42.000,JJ,8.8588,5.53,3,2.213258
audio03.TextGrid,8,27,for,42.000,42.110,IN,4.5165,7.01,2,-0.509266
audio03.TextGrid,8,28,them,42.110,42.390,PRP,5.9103,6.19,3,-0.012910
audio03.TextGrid,9,1,and,43.130,43.430,CC,3.7036,7.41,3,-0.884389
audio03.TextGrid,9,2,though,43.540,43.720,IN,7.9350,5.5,2,1.256625
audio03.TextGrid,9,3,he,43.720,43.800,PRP,5.2416,6.69,2,-0.134388
audio03.TextGrid,9,4,was,43.800,43.970,VBD,4.4896,6.82,3,-0.744110
audio03.TextGrid,9,5,quite,43.970,44.240,RB,9.0085,5.29,4,2.100292
audio03.TextGrid,9,6,sure,44.240,44.500,JJ,8.9081,5.67,3,2.415780
audio03.TextGrid,9,7,no,44.500,44.660,DT,7.2987,6.35,2,1.550601
audio03.TextGrid,9,8,local,44.660,45.010,JJ,7.6690,5.43,5,0.914014
audio03.TextGrid,9,9,people,45.010,45.380,NNS,6.4832,6.25,5,0.625657
audio03.TextGrid,9,10,would,45.380,45.560,MD,5.2040,6.27,3,-0.631654
audio03.TextGrid,9,11,steal,45.560,45.850,VB,9.5945,4.41,4,1.723182
audio03.TextGrid,9,12,from,45.850,46.080,IN,5.1875,6.63,4,-0.254155
audio03.TextGrid,9,13,him,46.080,46.230,PRP,7.4003,6.11,3,1.389535
audio03.TextGrid,9,14,the,46.550,46.660,DT,3.5034,7.73,2,-0.734367
audio03.TextGrid,9,15,old,46.660,46.840,JJ,7.3425,5.75,3,0.937736
audio03.TextGrid,9,16,man,46.840,47.080,NN,7.6959,5.82,3,1.367747
audio03.TextGrid,9,17,thought,47.080,47.290,VBD,8.7022,5.59,3,2.122325
audio03.TextGrid,9,18,that,47.290,47.460,IN,4.0889,7.01,3,-0.936866
audio03.TextGrid,9,19,a,47.460,47.500,DT,3.0134,7.36,1,-1.629311
audio03.TextGrid,9,20,gaff,47.500,47.910,NN,4.1390,2.68,3,-5.625705
audio03.TextGrid,9,21,and,47.910,48.050,CC,4.2473,7.41,3,-0.340689
audio03.TextGrid,9,22,a,48.050,48.090,DT,3.1136,7.36,1,-1.529111
audio03.TextGrid,9,23,harpoon,48.090,48.670,NN,4.1387,2.83,6,-5.461838
audio03.TextGrid,9,24,were,48.670,48.790,VBD,5.2644,6.34,2,-0.494643
audio03.TextGrid,9,25,needless,48.790,49.190,JJ,5.8151,3.66,6,-2.877051
audio03.TextGrid,9,26,temptations,49.190,49.900,NNS,5.7733,3.16,9,-3.466072
audio03.TextGrid,9,27,to,49.900,50.020,TO,3.3195,7.43,2,-1.246600
audio03.TextGrid,9,28,leave,50.020,50.220,VB,8.3538,5.34,3,1.500314
audio03.TextGrid,9,29,in,50.220,50.300,IN,3.6428,7.27,2,-1.098411
audio03.TextGrid,9,30,a,50.300,50.350,DT,2.6086,7.36,1,-2.034111
audio03.TextGrid,9,31,boat,50.350,50.800,NN,4.1397,4.71,3,-3.403285
audio03.TextGrid,10,1,they,52.500,52.600,PRP,4.6769,6.5,2,-0.907032
audio03.TextGrid,10,2,walked,52.600,52.880,VBD,3.3819,4.67,4,-4.204863
audio03.TextGrid,10,3,up,52.880,52.990,RP,5.0512,6.39,2,-0.653121
audio03.TextGrid,10,4,the,52.990,53.070,DT,2.5306,7.73,2,-1.707167
audio03.TextGrid,10,5,road,53.070,53.370,NN,8.8579,5.24,3,1.894970
audio03.TextGrid,10,6,together,53.370,53.700,RB,9.4694,5.46,6,2.747247
audio03.TextGrid,10,7,to,53.700,53.800,TO,3.5600,7.43,2,-1.006100
audio03.TextGrid,10,8,the,53.800,53.920,DT,2.4246,7.73,2,-1.813167
audio03.TextGrid,10,9,old,53.920,54.200,JJ,7.3294,5.75,3,0.924636
audio03.TextGrid,10,10,man,54.200,54.350,NN,7.6958,5.82,3,1.367647
audio03.TextGrid,10,11,s,54.350,54.380,VBZ,5.8675,5.86,1,-0.416876
audio03.TextGrid,10,12,shack,54.380,54.790,NN,6.6219,3.43,3,-2.321973
audio03.TextGrid,10,13,and,54.790,54.930,CC,4.1464,7.41,3,-0.441589
audio03.TextGrid,10,14,went,54.930,55.130,VBD,9.0043,5.5,4,2.325925
audio03.TextGrid,10,15,in,55.130,55.280,IN,3.6660,7.27,2,-1.075211
audio03.TextGrid,10,16,through,55.280,55.470,IN,8.4976,5.87,3,2.224169
audio03.TextGrid,10,17,its,55.470,55.610,PRP$,4.4595,6.14,3,-1.518432
audio03.TextGrid,10,18,open,55.610,55.890,JJ,8.7195,5.48,4,2.019236
audio03.TextGrid,10,19,door,55.890,56.260,NN,8.3561,5.08,3,1.218059
audio03.TextGrid,11,1,the,56.900,57.040,DT,1.8241,7.73,2,-2.413667
audio03.TextGrid,11,2,old,57.040,57.210,JJ,7.3292,5.75,3,0.924436
audio03.TextGrid,11,3,man,57.210,57.450,NN,7.6921,5.82,3,1.363947
audio03.TextGrid,11,4,leaned,57.450,57.690,VBD,3.5568,3.41,4,-5.408961
audio03.TextGrid,11,5,the,57.690,57.760,DT,2.4670,7.73,2,-1.770767
audio03.TextGrid,11,6,mast,57.760,58.170,NN,4.1402,3.52,4,-4.705173
audio03.TextGrid,11,7,with,58.170,58.280,IN,4.9336,6.85,3,-0.267277
audio03.TextGrid,11,8,its,58.280,58.480,PRP$,4.3056,6.14,3,-1.672332
audio03.TextGrid,11,9,wrapped,58.480,58.790,JJ,5.1755,4.15,4,-2.980373
audio03.TextGrid,11,10,sail,58.790,59.130,NN,4.2629,4.01,3,-4.046196
audio03.TextGrid,11,11,against,59.130,59.420,IN,7.3218,5.68,6,0.840425
audio03.TextGrid,11,12,the,59.420,59.510,DT,1.6917,7.73,2,-2.546067
audio03.TextGrid,11,13,wall,59.510,59.890,NN,7.4334,5.04,3,0.251581
audio03.TextGrid,12,1,and,60.550,60.630,CC,3.7036,7.41,2,-0.884389
audio03.TextGrid,12,2,the,60.630,60.700,DT,2.0380,7.73,2,-2.199767
audio03.TextGrid,12,3,boy,60.700,60.910,NN,10.2419,5.17,2,3.202359
audio03.TextGrid,12,4,put,60.910,61.090,VBD,6.9173,5.66,3,0.414036
audio03.TextGrid,12,5,the,61.090,61.170,DT,2.5153,7.73,2,-1.722467
audio03.TextGrid,12,6,box,61.170,61.560,NN,8.8546,5.04,4,1.672781
audio03.TextGrid,12,7,and,61.560,61.630,CC,4.4454,7.41,2,-0.142589
audio03.TextGrid,12,8,the,61.630,61.800,DT,2.2878,7.73,2,-1.949967
audio03.TextGrid,12,9,other,61.800,61.950,JJ,5.7837,6.16,3,-0.172343
audio03.TextGrid,12,10,gear,61.950,62.200,JJ,5.7502,4.46,3,-2.066396
audio03.TextGrid,12,11,beside,62.200,62.650,IN,4.8262,4.19,5,-3.285896
audio03.TextGrid,12,12,it,62.650,62.800,PRP,3.7998,6.95,2,-1.291633
audio03.TextGrid,13,1,the,63.550,63.630,DT,1.8241,7.73,2,-2.413667
audio03.TextGrid,13,2,mast,63.630,63.980,NN,4.1358,3.52,4,-4.709573
audio03.TextGrid,13,3,was,63.980,64.160,VBD,4.1804,6.82,3,-1.053310
audio03.TextGrid,13,4,nearly,64.160,64.450,RB,7.5859,5.0,5,0.360303
audio03.TextGrid,13,5,as,64.450,64.590,RB,5.0650,6.77,2,-0.223432
audio03.TextGrid,13,6,long,64.590,64.860,RB,7.8841,5.81,3,1.545002
audio03.TextGrid,13,7,as,64.860,65.000,IN,5.4864,6.77,2,0.197968
audio03.TextGrid,13,8,the,65.000,65.060,DT,1.9037,7.73,2,-2.334067
audio03.TextGrid,13,9,one,65.060,65.310,CD,6.6473,6.47,3,1.030535
audio03.TextGrid,13,10,room,65.310,65.540,NN,4.9128,5.39,3,-1.885964
audio03.TextGrid,13,11,of,65.540,65.610,IN,3.1821,7.4,2,-1.416833
audio03.TextGrid,13,12,the,65.610,65.720,DT,1.7020,7.73,2,-2.535767
audio03.TextGrid,13,13,shack,65.720,66.180,NN,4.1361,3.43,3,-4.807773
audio03.TextGrid,14,1,the,66.890,66.970,DT,1.8241,7.73,2,-2.413667
audio03.TextGrid,14,2,shack,66.970,67.260,NN,4.1358,3.43,3,-4.808073
audio03.TextGrid,14,3,was,67.260,67.430,VBD,4.1804,6.82,3,-1.053310
audio03.TextGrid,14,4,made,67.430,67.680,VBN,7.3604,5.92,3,1.141691
audio03.TextGrid,14,5,of,67.680,67.760,IN,2.7502,7.4,2,-1.848733
audio03.TextGrid,14,6,the,67.760,67.850,DT,1.6890,7.73,2,-2.548767
audio03.TextGrid,14,7,tough,67.850,68.160,JJ,10.0328,4.77,3,2.555481
audio03.TextGrid,14,8,budshields,68.160,68.900,NNS,5.6202,0.0,8,-7.077612
audio03.TextGrid,14,9,of,68.900,68.970,IN,3.0254,7.4,2,-1.573533
audio03.TextGrid,14,10,the,68.970,69.090,DT,1.6958,7.73,2,-2.541967
audio03.TextGrid,14,11,royal,69.090,69.430,NN,11.0448,4.85,4,3.655037
audio03.TextGrid,14,12,palm,69.430,69.950,NN,5.1909,4.23,3,-2.877418
audio03.TextGrid,14,13,which,69.950,70.180,WDT,5.6621,6.3,3,-0.140721
audio03.TextGrid,14,14,are,70.180,70.320,VBP,4.3290,6.74,2,-0.992266
audio03.TextGrid,14,15,called,70.320,70.690,VBN,8.1551,5.59,4,1.575225
audio03.TextGrid,14,16,guano,70.690,71.280,NN,6.5618,2.61,5,-3.279516
audio03.TextGrid,14,17,and,71.610,71.950,CC,4.2277,7.41,3,-0.360289
audio03.TextGrid,14,18,in,71.950,72.010,IN,4.5312,7.27,2,-0.210011
audio03.TextGrid,14,19,it,72.010,72.200,PRP,3.9194,6.95,2,-1.172033
audio03.TextGrid,14,20,there,72.200,72.380,EX,7.1079,6.31,3,1.316024
audio03.TextGrid,14,21,was,72.380,72.550,VBD,4.3723,6.82,3,-0.861410
audio03.TextGrid,14,22,a,72.550,72.590,DT,3.3093,7.36,1,-1.333411
audio03.TextGrid,14,23,bed,72.590,73.020,NN,4.1404,5.07,3,-3.008586
audio03.TextGrid,14,24,a,73.400,73.480,DT,4.8140,7.36,1,0.171289
audio03.TextGrid,14,25,table,73.480,73.990,JJ,10.2491,5.05,5,3.078225
audio03.TextGrid,14,26,one,74.140,74.400,CD,7.3689,6.47,3,1.752135
audio03.TextGrid,14,27,chair,74.400,74.810,NN,4.9624,4.69,3,-2.602474
audio03.TextGrid,15,1,and,75.190,75.290,CC,3.7036,7.41,2,-0.884389
audio03.TextGrid,15,2,a,75.290,75.340,DT,2.9137,7.36,1,-1.729011
audio03.TextGrid,15,3,place,75.340,75.690,NN,7.3776,5.71,4,0.929058
audio03.TextGrid,15,4,on,75.690,75.820,IN,5.3249,6.91,2,0.189690
audio03.TextGrid,15,5,the,75.820,75.900,DT,1.7150,7.73,2,-2.522767
audio03.TextGrid,15,6,dirt,75.900,76.210,NN,4.1370,4.24,3,-3.920374
audio03.TextGrid,15,7,floor,76.210,76.560,NN,8.9771,4.94,4,1.685837
audio03.TextGrid,15,8,to,76.560,76.680,TO,3.5525,7.43,2,-1.013600
audio03.TextGrid,15,9,cook,76.680,76.930,VB,4.3028,4.65,3,-3.305852
audio03.TextGrid,15,10,with,76.930,77.070,IN,5.1414,6.85,3,-0.059477
audio03.TextGrid,15,11,charcoal,77.070,77.690,NN,5.7857,3.58,6,-2.994006
audio03.TextGrid,16,1,on,78.400,78.510,IN,5.3533,6.91,2,0.218090
audio03.TextGrid,16,2,the,78.510,78.580,DT,1.7528,7.73,2,-2.484967
audio03.TextGrid,16,3,brown,78.580,78.880,JJ,10.3475,5.01,4,3.132848
audio03.TextGrid,16,4,walls,78.880,79.300,NNS,11.7754,4.62,4,4.133915
audio03.TextGrid,16,5,of,79.300,79.380,IN,3.4628,7.4,2,-1.136133
audio03.TextGrid,16,6,the,79.380,79.480,DT,1.7167,7.73,2,-2.521067
audio03.TextGrid,16,7,flattened,79.480,79.950,JJ,5.0748,3.36,7,-3.945684
audio03.TextGrid,16,8,overlapping,79.950,80.510,VBG,8.5762,3.56,8,-0.225395
audio03.TextGrid,16,9,leaves,80.510,80.940,NNS,11.2796,4.79,4,3.824170
audio03.TextGrid,16,10,of,80.940,81.020,IN,3.6636,7.4,2,-0.935333
audio03.TextGrid,16,11,the,81.020,81.130,DT,1.7368,7.73,2,-2.500967
audio03.TextGrid,16,12,sturdy,81.130,81.540,NN,4.1391,3.44,5,-4.793828
audio03.TextGrid,16,13,fibered,81.540,82.030,VBD,5.0043,1.51,5,-6.040903
audio03.TextGrid,16,14,guano,82.030,82.510,NN,6.4429,2.61,5,-3.398416
audio03.TextGrid,16,15,there,82.510,82.630,RB,7.5722,6.31,3,1.780324
audio03.TextGrid,17,1,was,83.050,83.260,VBD,8.3610,6.82,3,3.127290
audio03.TextGrid,17,2,a,83.260,83.320,DT,3.2883,7.36,1,-1.354411
audio03.TextGrid,17,3,picture,83.320,83.750,NN,8.6291,5.13,5,1.545781
audio03.TextGrid,17,4,in,83.750,83.900,IN,3.2699,7.27,2,-1.471311
audio03.TextGrid,17,5,color,83.900,84.290,NN,11.7695,4.91,4,4.445403
audio03.TextGrid,17,6,of,84.290,84.380,IN,3.4107,7.4,2,-1.188233
audio03.TextGrid,17,7,the,84.380,84.480,DT,1.6973,7.73,2,-2.540467
audio03.TextGrid,17,8,sacred,84.480,84.860,JJ,5.0736,4.24,6,-2.983774
audio03.TextGrid,17,9,heart,84.860,85.050,NN,9.3281,5.31,4,2.441781
audio03.TextGrid,17,10,of,85.050,85.120,IN,2.9804,7.4,2,-1.618533
audio03.TextGrid,17,11,jesus,85.120,85.660,NN,5.7855,4.99,5,-1.451041
audio03.TextGrid,17,12,and,85.960,86.070,CC,3.9421,7.41,3,-0.645889
audio03.TextGrid,17,13,another,86.070,86.460,DT,6.7332,5.74,5,0.317491
audio03.TextGrid,17,14,of,86.460,86.530,IN,5.0892,7.4,2,0.490267
audio03.TextGrid,17,15,the,86.530,86.630,DT,1.7096,7.73,2,-2.528167
audio03.TextGrid,17,16,virgin,86.630,86.980,NN,10.3507,4.35,5,2.413715
audio03.TextGrid,17,17,of,86.980,87.050,IN,3.6902,7.4,2,-0.908733
audio03.TextGrid,17,18,cobre,87.050,87.600,NN,5.7917,1.78,5,-4.958004
audio03.TextGrid,18,1,these,88.540,88.770,DT,5.9478,6.04,3,-0.139576
audio03.TextGrid,18,2,were,88.770,88.920,VBD,8.1570,6.34,2,2.397957
audio03.TextGrid,18,3,relics,88.920,89.260,NNS,7.2935,3.46,6,-1.617539
audio03.TextGrid,18,4,of,89.260,89.370,IN,3.1027,7.4,2,-1.496233
audio03.TextGrid,18,5,his,89.370,89.560,PRP$,5.3106,6.51,3,-0.262388
audio03.TextGrid,18,6,wife,89.560,89.930,NN,9.6639,5.23,3,2.690025
audio03.TextGrid,19,1,once,90.460,90.830,RB,8.1706,5.53,4,1.525058
audio03.TextGrid,19,2,there,90.830,91.020,EX,6.2512,6.31,3,0.459324
audio03.TextGrid,19,3,had,91.020,91.160,VBD,4.9210,6.33,3,-0.848987
audio03.TextGrid,19,4,been,91.160,91.310,VBN,6.3852,6.27,3,0.549546
audio03.TextGrid,19,5,a,91.310,91.380,DT,3.9980,7.36,1,-0.644711
audio03.TextGrid,19,6,tinted,91.380,91.730,JJ,5.0866,3.27,6,-4.032383
audio03.TextGrid,19,7,photograph,91.730,92.240,NN,9.4409,4.23,8,1.372582
audio03.TextGrid,19,8,of,92.240,92.340,IN,2.9353,7.4,2,-1.663633
audio03.TextGrid,19,9,his,92.340,92.500,PRP$,5.3063,6.51,3,-0.266688
audio03.TextGrid,19,10,wife,92.500,92.780,NN,9.6640,5.23,3,2.690125
audio03.TextGrid,19,11,on,92.780,92.900,IN,4.7059,6.91,2,-0.429310
audio03.TextGrid,19,12,the,92.900,92.960,DT,1.6996,7.73,2,-2.538167
audio03.TextGrid,19,13,wall,92.960,93.310,NN,7.4331,5.04,3,0.251281
audio03.TextGrid,19,14,but,93.310,93.480,CC,5.3426,6.63,3,-0.099055
audio03.TextGrid,19,15,he,93.480,93.560,PRP,4.9711,6.69,2,-0.404888
audio03.TextGrid,19,16,had,93.560,93.710,VBD,6.2596,6.33,3,0.489613
audio03.TextGrid,19,17,taken,93.710,93.990,VBN,8.5868,5.33,5,1.722369
audio03.TextGrid,19,18,it,93.990,94.100,PRP,5.2143,6.95,2,0.122867
audio03.TextGrid,19,19,down,94.100,94.460,RP,6.5820,5.88,3,0.319513
audio03.TextGrid,19,20,because,94.460,94.780,IN,6.4414,6.03,5,0.343080
audio03.TextGrid,19,21,it,94.780,94.890,PRP,3.8451,6.95,2,-1.246333
audio03.TextGrid,19,22,made,94.890,95.090,VBD,7.4298,5.92,3,1.211091
audio03.TextGrid,19,23,him,95.090,95.180,PRP,8.4461,6.11,2,2.435335
audio03.TextGrid,19,24,too,95.180,95.420,RB,7.7696,5.95,2,1.583724
audio03.TextGrid,19,25,lonely,95.420,95.770,RB,4.6690,4.25,5,-3.377429
audio03.TextGrid,19,26,to,95.770,95.900,TO,3.6052,7.43,2,-0.960900
audio03.TextGrid,19,27,see,95.900,96.120,VB,6.7346,6.1,2,0.712891
audio03.TextGrid,19,28,it,96.120,96.260,PRP,4.4715,6.95,2,-0.619933
audio03.TextGrid,20,1,and,96.740,96.830,CC,3.7036,7.41,2,-0.884389
audio03.TextGrid,20,2,it,96.830,96.900,PRP,4.1020,6.95,2,-0.989433
audio03.TextGrid,20,3,was,96.900,97.020,VBD,3.8816,6.82,3,-1.352110
audio03.TextGrid,20,4,on,97.020,97.150,IN,4.9393,6.91,2,-0.195910
audio03.TextGrid,20,5,the,97.150,97.230,DT,1.7737,7.73,2,-2.464067
audio03.TextGrid,20,6,shelf,97.230,97.510,NN,10.2394,4.02,4,1.941249
audio03.TextGrid,20,7,in,97.510,97.600,IN,3.2060,7.27,2,-1.535211
audio03.TextGrid,20,8,the,97.600,97.660,DT,1.7002,7.73,2,-2.537567
audio03.TextGrid,20,9,corner,97.660,98.120,NN,4.1367,4.75,5,-3.362508
audio03.TextGrid,20,10,under,98.120,98.340,IN,6.6521,5.73,4,0.225447
audio03.TextGrid,20,11,his,98.340,98.480,PRP$,5.3059,6.51,3,-0.267088
audio03.TextGrid,20,12,clean,98.480,98.820,JJ,15.8745,4.97,4,8.616070
audio03.TextGrid,20,13,shirt,98.820,99.270,NN,6.0791,4.63,3,-1.551441
audio03.TextGrid,21,1,what,100.590,100.790,WP,6.9013,6.38,3,1.186035
audio03.TextGrid,21,2,do,100.790,100.850,VBP,6.0998,6.35,2,0.351701
audio03.TextGrid,21,3,you,100.850,100.980,PRP,6.2797,6.98,2,1.221101
audio03.TextGrid,21,4,have,100.980,101.120,VB,5.7216,6.71,3,0.367501
audio03.TextGrid,21,5,to,101.120,101.270,TO,3.2756,7.43,2,-1.290500
audio03.TextGrid,21,6,eat,101.270,101.650,VB,9.8610,5.13,2,2.777681
audio03.TextGrid,21,7,the,101.840,101.920,DT,2.7079,7.73,2,-1.529867
audio03.TextGrid,21,8,boy,101.920,102.220,NN,10.2405,5.17,2,3.200959
audio03.TextGrid,21,9,asked,102.220,102.630,VBD,8.6957,5.3,3,1.798436
audio03.TextGrid,22,1,a,103.420,103.510,DT,2.6983,7.36,1,-1.944411
audio03.TextGrid,22,2,pot,103.510,103.760,NN,4.1377,4.4,3,-3.744563
audio03.TextGrid,22,3,of,103.760,103.870,IN,3.7810,7.4,2,-0.817933
audio03.TextGrid,22,4,yellow,103.870,104.160,JJ,11.1585,4.69,4,3.593626
audio03.TextGrid,22,5,rice,104.160,104.520,NN,10.9074,4.55,3,3.189304
audio03.TextGrid,22,6,with,104.520,104.650,IN,6.0629,6.85,3,0.862023
audio03.TextGrid,22,7,fish,104.690,105.040,JJ,5.2688,4.9,3,-2.066241
audio03.TextGrid,22,8,do,105.040,105.120,VBP,7.6706,6.35,2,1.922501
audio03.TextGrid,22,9,you,105.320,105.430,PRP,6.4674,6.98,2,1.408801
audio03.TextGrid,22,10,want,105.430,105.730,VB,7.7687,6.04,4,1.681324
audio03.TextGrid,23,1,some,105.730,106.060,DT,5.3151,6.2,3,-0.597165
audio03.TextGrid,23,2,no,106.880,107.250,DT,8.7449,6.35,2,2.996801
audio03.TextGrid,23,3,i,107.500,107.640,NN,8.1899,7.09,1,3.251689
audio03.TextGrid,23,4,will,107.640,107.820,MD,4.9159,6.45,3,-0.722754
audio03.TextGrid,23,5,eat,107.820,107.950,VB,9.6810,5.13,2,2.597681
audio03.TextGrid,23,6,at,107.950,108.050,IN,5.2290,6.7,2,-0.136044
audio03.TextGrid,23,7,home,108.050,108.220,NN,8.7326,5.81,3,2.393502
audio03.TextGrid,23,8,do,108.220,108.370,VBP,7.4811,6.35,2,1.733001
audio03.TextGrid,23,9,you,108.910,109.010,PRP,6.4343,6.98,2,1.375701
audio03.TextGrid,23,10,want,109.010,109.240,VB,8.0159,6.04,4,1.928524
audio03.TextGrid,23,11,me,109.240,109.360,PRP,8.7530,6.48,2,3.147179
audio03.TextGrid,23,12,to,109.360,109.430,TO,3.2947,7.43,2,-1.271400
audio03.TextGrid,23,13,make,109.430,109.600,VB,6.0617,6.08,3,0.018102
audio03.TextGrid,23,14,the,109.600,109.680,DT,2.3356,7.73,2,-1.902167
audio03.TextGrid,23,15,fire,109.680,110.120,NN,9.1769,5.3,3,2.279636
audio03.TextGrid,24,1,no,110.870,111.120,DT,5.7679,6.35,2,0.019801
audio03.TextGrid,24,2,i,111.120,111.150,NN,8.2555,7.09,1,3.317289
audio03.TextGrid,24,3,will,111.150,111.530,MD,4.6608,6.45,3,-0.977854
audio03.TextGrid,24,4,make,111.530,111.760,VB,5.2999,6.08,3,-0.743698
audio03.TextGrid,24,5,it,111.760,111.870,PRP,4.4356,6.95,2,-0.655833
audio03.TextGrid,24,6,later,111.870,112.150,RB,9.3710,5.49,4,2.681680
audio03.TextGrid,24,7,on,112.150,112.410,IN,5.2052,6.91,2,0.069990
audio03.TextGrid,25,1,or,112.960,113.220,CC,5.3683,6.54,2,-0.171854
audio03.TextGrid,25,2,i,113.220,113.340,NN,5.7229,7.09,1,0.784689
audio03.TextGrid,25,3,may,113.340,113.480,MD,5.5654,5.98,2,-0.587643
audio03.TextGrid,25,4,eat,113.480,113.730,VB,9.6882,5.13,2,2.604881
audio03.TextGrid,25,5,the,113.730,113.850,DT,2.7724,7.73,2,-1.465367
audio03.TextGrid,25,6,rice,113.850,114.160,NN,10.3587,4.55,3,2.640604
audio03.TextGrid,25,7,cold,114.160,114.700,NN,10.5180,5.02,4,3.314292
audio03.TextGrid,26,1,may,115.910,116.070,MD,8.3649,5.98,2,2.211857
audio03.TextGrid,26,2,i,116.070,116.220,VB,8.1452,7.09,1,3.206989
audio03.TextGrid,26,3,take,116.220,116.460,VB,6.4025,5.92,3,0.183791
audio03.TextGrid,26,4,the,116.460,116.540,DT,2.3177,7.73,2,-1.920067
audio03.TextGrid,26,5,cast,116.540,116.930,JJ,11.6059,4.79,4,4.150470
audio03.TextGrid,26,6,net,116.930,117.210,NN,6.8694,4.76,3,-0.618863
audio03.TextGrid,26,7,of,118.050,118.170,IN,3.6611,7.4,2,-0.937833
audio03.TextGrid,26,8,course,118.170,118.760,NN,9.4943,5.44,4,2.750258
audio03.TextGrid,27,1,there,120.650,120.800,EX,5.7321,6.31,3,-0.059776
audio03.TextGrid,27,2,was,120.800,121.070,VBD,3.9647,6.82,3,-1.269010
audio03.TextGrid,27,3,no,121.070,121.260,DT,6.2720,6.35,2,0.523901
audio03.TextGrid,27,4,cast,121.260,121.690,JJ,10.4734,4.79,4,3.017970
audio03.TextGrid,27,5,net,121.690,121.930,NN,7.6633,4.76,3,0.175037
audio03.TextGrid,27,6,and,121.930,122.000,CC,3.9221,7.41,2,-0.665889
audio03.TextGrid,27,7,the,122.000,122.070,DT,2.6233,7.73,2,-1.614467
audio03.TextGrid,27,8,boy,122.070,122.260,NN,10.2395,5.17,2,3.199959
audio03.TextGrid,27,9,remembered,122.260,122.740,VBD,4.7410,4.33,8,-3.217874
audio03.TextGrid,27,10,when,122.740,122.910,WRB,6.0284,6.37,3,0.302190
audio03.TextGrid,27,11,they,122.910,123.010,PRP,4.7981,6.5,2,-0.785832
audio03.TextGrid,27,12,had,123.010,123.170,VBD,4.7249,6.33,3,-1.045087
audio03.TextGrid,27,13,sold,123.170,123.500,VBN,7.7120,4.97,4,0.453570
audio03.TextGrid,27,14,it,123.500,123.700,PRP,4.8930,6.95,2,-0.198433
audio03.TextGrid,28,1,but,124.270,124.400,CC,5.3198,6.63,3,-0.121855
audio03.TextGrid,28,2,they,124.400,124.500,PRP,4.8862,6.5,2,-0.697732
audio03.TextGrid,28,3,went,124.500,124.760,VBD,7.1496,5.5,4,0.471225
audio03.TextGrid,28,4,through,124.760,124.890,IN,7.3952,5.87,3,1.121769
audio03.TextGrid,28,5,this,124.890,125.120,DT,4.8484,6.82,3,-0.385310
audio03.TextGrid,28,6,fiction,125.120,125.480,NN,4.1394,4.44,6,-3.699085
audio03.TextGrid,28,7,every,125.480,125.690,DT,9.3565,5.79,4,2.995513
audio03.TextGrid,28,8,day,125.690,126.100,NN,7.0899,5.95,2,0.904024
audio03.TextGrid,29,1,there,126.590,126.710,EX,5.7321,6.31,3,-0.059776
audio03.TextGrid,29,2,was,126.710,126.850,VBD,3.9647,6.82,3,-1.269010
audio03.TextGrid,29,3,no,126.850,127.030,DT,6.2720,6.35,2,0.523901
audio03.TextGrid,29,4,pot,127.030,127.290,NN,4.3293,4.4,3,-3.552963
audio03.TextGrid,29,5,of,127.290,127.400,IN,3.1732,7.4,2,-1.425733
audio03.TextGrid,29,6,yellow,127.400,127.700,JJ,11.1566,4.69,4,3.591726
audio03.TextGrid,29,7,rice,127.700,127.970,NN,10.9096,4.55,3,3.191504
audio03.TextGrid,29,8,and,127.970,128.100,CC,3.7088,7.41,3,-0.879189
audio03.TextGrid,29,9,fish,128.120,128.480,NN,5.1061,4.9,3,-2.228941
audio03.TextGrid,30,1,and,129.000,129.110,CC,3.7036,7.41,2,-0.884389
audio03.TextGrid,30,2,the,129.110,129.190,DT,2.0380,7.73,2,-2.199767
audio03.TextGrid,30,3,boy,129.190,129.410,NN,10.2419,5.17,2,3.202359
audio03.TextGrid,30,4,knew,129.410,129.640,VBD,8.9641,5.2,3,1.957392
audio03.TextGrid,30,5,this,129.640,129.970,DT,5.5090,6.82,3,0.275290
audio03.TextGrid,30,6,too,129.970,130.390,RB,9.5707,5.95,2,3.384824
audio03.TextGrid,30,7,eighty,131.850,132.200,JJ,4.9615,3.75,3,-3.632151
audio03.TextGrid,30,8,five,132.200,132.600,CD,8.5141,5.45,3,1.781003
audio03.TextGrid,30,9,is,132.600,132.720,VBZ,5.3415,7.07,2,0.381400
audio03.TextGrid,30,10,a,132.720,132.800,DT,3.4860,7.36,1,-1.156711
audio03.TextGrid,30,11,lucky,132.800,133.100,JJ,10.7263,4.77,4,3.248981
audio03.TextGrid,30,12,number,133.100,133.620,NN,6.2842,5.62,5,-0.262842
audio03.TextGrid,30,13,the,133.860,133.990,DT,3.8648,7.73,2,-0.372967
audio03.TextGrid,30,14,old,133.990,134.170,JJ,7.3429,5.75,3,0.938136
audio03.TextGrid,30,15,man,134.170,134.430,NN,7.6973,5.82,3,1.369147
audio03.TextGrid,30,16,said,134.430,134.810,VBD,4.3352,6.01,3,-1.785009
audio03.TextGrid,31,1,how,135.500,135.650,WRB,7.8277,6.24,2,1.959213
audio03.TextGrid,31,2,would,135.650,135.780,MD,6.7205,6.27,3,0.884846
audio03.TextGrid,31,3,you,135.780,135.870,PRP,6.3883,6.98,2,1.329701
audio03.TextGrid,31,4,like,135.870,136.080,VB,6.7287,6.41,3,1.046268
audio03.TextGrid,31,5,to,136.080,136.160,TO,3.7285,7.43,2,-0.837600
audio03.TextGrid,31,6,see,136.160,136.330,VB,6.3344,6.1,2,0.312691
audio03.TextGrid,31,7,me,136.330,136.470,PRP,8.5632,6.48,2,2.957379
audio03.TextGrid,31,8,bring,136.470,136.680,VBG,8.7774,5.27,4,1.847303
audio03.TextGrid,31,9,one,136.680,136.920,CD,6.3258,6.47,3,0.709035
audio03.TextGrid,31,10,in,136.920,137.100,IN,4.0880,7.27,2,-0.653211
audio03.TextGrid,31,11,that,137.100,137.310,DT,4.8791,7.01,3,-0.146666
audio03.TextGrid,31,12,dressed,137.310,137.610,VBD,12.4826,4.42,5,4.622226
audio03.TextGrid,31,13,out,137.610,137.830,RP,6.3075,6.38,2,0.592235
audio03.TextGrid,31,14,over,137.830,138.070,IN,6.6910,6.08,3,0.647402
audio03.TextGrid,31,15,a,138.070,138.130,DT,2.6722,7.36,1,-1.970511
audio03.TextGrid,31,16,thousand,138.130,138.630,CD,11.9436,4.64,6,4.324004
audio03.TextGrid,31,17,pounds,138.630,139.170,NNS,9.0812,4.53,5,1.341215
audio03.TextGrid,32,1,i,139.170,139.210,NN,5.5144,7.09,1,0.576189
audio03.TextGrid,32,2,ll,141.000,141.170,VBP,3.9811,4.66,2,-3.616607
audio03.TextGrid,32,3,get,141.170,141.300,VB,6.8207,6.28,3,0.995990
audio03.TextGrid,32,4,the,141.300,141.400,DT,2.3340,7.73,2,-1.903767
audio03.TextGrid,32,5,cast,141.400,141.780,NN,11.6179,4.79,4,4.162470
audio03.TextGrid,32,6,net,141.780,141.910,NN,6.8623,4.76,3,-0.625963
audio03.TextGrid,32,7,and,141.910,142.030,CC,4.1230,7.41,2,-0.464989
audio03.TextGrid,32,8,go,142.030,142.190,VB,8.9319,6.03,2,2.833580
audio03.TextGrid,32,9,for,142.190,142.330,IN,4.4380,7.01,2,-0.587766
audio03.TextGrid,32,10,sardines,142.330,143.020,NNS,6.8399,2.93,7,-2.651194
audio03.TextGrid,32,11,will,143.340,143.480,MD,6.1575,6.45,3,0.518846
audio03.TextGrid,32,12,you,143.480,143.610,PRP,8.1924,6.98,2,3.133801
audio03.TextGrid,32,13,sit,143.610,143.800,VB,11.2311,4.9,3,3.896059
audio03.TextGrid,32,14,in,143.800,143.880,IN,3.6366,7.27,2,-1.104611
audio03.TextGrid,32,15,the,143.880,143.960,DT,1.7337,7.73,2,-2.504067
audio03.TextGrid,32,16,sun,143.960,144.250,NN,10.3532,4.97,3,3.094770
audio03.TextGrid,32,17,in,144.250,144.330,IN,4.1876,7.27,2,-0.553611
audio03.TextGrid,32,18,the,144.330,144.400,DT,1.7075,7.73,2,-2.530267
audio03.TextGrid,32,19,doorway,144.400,144.840,NN,4.1358,3.51,5,-4.720517
audio03.TextGrid,33,1,yes,145.950,146.370,RB,11.0119,5.5,3,4.333525
audio03.TextGrid,33,2,i,146.800,146.960,NN,6.3159,7.09,1,1.377689
audio03.TextGrid,33,3,have,146.960,147.120,VBP,4.1126,6.71,3,-1.241499
audio03.TextGrid,33,4,yesterday,147.120,147.530,NN,8.5594,4.91,7,1.235303
audio03.TextGrid,33,5,s,147.530,147.570,VBN,6.8959,5.86,1,0.611524
audio03.TextGrid,33,6,paper,147.570,148.080,NN,8.6573,5.07,4,1.508314
audio03.TextGrid,33,7,and,148.220,148.370,CC,4.2804,7.41,2,-0.307589
audio03.TextGrid,33,8,i,148.370,148.460,NN,6.0501,7.09,1,1.111889
audio03.TextGrid,33,9,will,148.460,148.650,MD,4.9801,6.45,3,-0.658554
audio03.TextGrid,33,10,read,148.650,148.820,VB,7.2334,5.54,3,0.598802
audio03.TextGrid,33,11,the,148.820,148.900,DT,2.4254,7.73,2,-1.812367
audio03.TextGrid,33,12,baseball,148.900,149.530,NN,9.1407,4.54,6,1.411659
audio03.TextGrid,34,1,the,150.980,151.070,DT,1.8241,7.73,2,-2.413667
audio03.TextGrid,34,2,boy,151.070,151.260,NN,10.2353,5.17,2,3.195759
audio03.TextGrid,34,3,did,151.260,151.450,VBD,5.9574,5.96,3,-0.217531
audio03.TextGrid,34,4,not,151.450,151.660,RB,5.4775,6.69,3,0.101512
audio03.TextGrid,34,5,know,151.660,151.830,VB,7.6271,6.1,2,1.605391
audio03.TextGrid,34,6,whether,151.830,152.110,IN,7.8509,5.32,4,0.975525
audio03.TextGrid,34,7,yesterday,152.110,152.620,NN,7.6890,4.91,7,0.364903
audio03.TextGrid,34,8,s,152.620,152.670,VBP,6.2192,5.86,1,-0.065176
audio03.TextGrid,34,9,paper,152.670,152.990,NN,9.2152,5.07,4,2.066214
audio03.TextGrid,34,10,was,152.990,153.160,VBD,5.9750,6.82,3,0.741290
audio03.TextGrid,34,11,a,153.160,153.230,DT,3.3090,7.36,1,-1.333711
audio03.TextGrid,34,12,fiction,153.230,153.620,NN,4.1405,4.44,6,-3.697985
audio03.TextGrid,34,13,too,153.620,154.070,RB,8.1324,5.95,2,1.946524
audio03.TextGrid,34,14,but,154.410,154.520,CC,5.2573,6.63,3,-0.184355
audio03.TextGrid,34,15,the,154.520,154.630,DT,3.4018,7.73,2,-0.835967
audio03.TextGrid,34,16,old,154.630,154.820,JJ,7.3417,5.75,3,0.936936
audio03.TextGrid,34,17,man,154.820,155.070,NN,7.6983,5.82,3,1.370147
audio03.TextGrid,34,18,brought,155.070,155.290,VBD,8.6082,5.16,4,1.557714
audio03.TextGrid,34,19,it,155.290,155.390,PRP,4.7636,6.95,2,-0.327833
audio03.TextGrid,34,20,out,155.390,155.590,RP,6.4040,6.38,2,0.688735
audio03.TextGrid,34,21,from,155.590,155.730,IN,5.1982,6.63,3,-0.243455
audio03.TextGrid,34,22,under,155.730,155.910,IN,8.4010,5.73,4,1.974347
audio03.TextGrid,34,23,the,155.910,156.010,DT,1.9470,7.73,2,-2.290767
audio03.TextGrid,34,24,bed,156.010,156.410,NN,4.1551,5.07,3,-2.993886
audio03.TextGrid,35,1,perico,157.540,157.990,NNS,6.9453,1.53,6,-4.078014
audio03.TextGrid,35,2,gave,157.990,158.200,VBD,7.6139,5.25,3,0.661914
audio03.TextGrid,35,3,it,158.200,158.310,PRP,4.5466,6.95,2,-0.544833
audio03.TextGrid,35,4,to,158.310,158.380,TO,3.3640,7.43,2,-1.202100
audio03.TextGrid,35,5,me,158.380,158.540,PRP,8.4453,6.48,2,2.839479
audio03.TextGrid,35,6,at,158.540,158.610,IN,4.6155,6.7,2,-0.749544
audio03.TextGrid,35,7,the,158.610,158.700,DT,1.6890,7.73,2,-2.548767
audio03.TextGrid,35,8,bodega,158.700,159.270,NN,4.1363,2.74,6,-5.562738
audio03.TextGrid,36,1,he,159.440,159.570,PRP,4.5353,6.69,2,-0.840688
audio03.TextGrid,36,2,explained,159.570,160.190,VBD,8.7225,4.59,8,1.048182
audio03.TextGrid,36,3,i,161.180,161.210,JJ,6.1697,7.09,1,1.231489
audio03.TextGrid,36,4,ll,161.730,161.860,NN,6.8911,4.66,2,-0.706607
audio03.TextGrid,36,5,be,161.860,162.000,VB,5.6446,6.79,2,0.378056
audio03.TextGrid,36,6,back,162.000,162.250,RB,7.0578,6.04,3,0.970424
audio03.TextGrid,36,7,when,162.250,162.350,WRB,6.5706,6.37,3,0.844390
audio03.TextGrid,36,8,i,162.350,162.450,NN,5.6631,7.09,1,0.724889
audio03.TextGrid,36,9,have,162.450,162.590,VBP,4.0846,6.71,3,-1.269499
audio03.TextGrid,36,10,the,162.590,162.660,DT,2.5803,7.73,2,-1.657467
audio03.TextGrid,36,11,sardines,162.660,163.340,NNS,6.4523,2.93,7,-3.038794
audio03.TextGrid,36,12,i,163.680,163.770,VBP,7.4875,7.09,1,2.549289
audio03.TextGrid,36,13,ll,163.770,163.820,VBP,4.6386,4.66,1,-2.959107
audio03.TextGrid,36,14,keep,163.820,164.070,VB,7.9052,5.66,3,1.401936
audio03.TextGrid,36,15,yours,164.070,164.410,NNS,7.3996,4.75,4,-0.099608
audio03.TextGrid,36,16,and,164.410,164.620,CC,3.9802,7.41,3,-0.607789
audio03.TextGrid,36,17,mine,164.620,164.880,VB,10.7185,5.04,3,3.536681
audio03.TextGrid,36,18,together,164.880,165.250,RB,9.5784,5.46,6,2.856247
audio03.TextGrid,36,19,on,165.250,165.420,IN,4.6962,6.91,2,-0.439010
audio03.TextGrid,36,20,ice,165.420,165.750,NN,5.7910,5.0,2,-1.434597
audio03.TextGrid,36,21,and,165.750,165.820,CC,4.0967,7.41,2,-0.491289
audio03.TextGrid,36,22,we,165.820,165.960,PRP,6.2771,6.54,2,0.736946
audio03.TextGrid,36,23,can,165.960,166.110,MD,5.9907,6.46,3,0.362990
audio03.TextGrid,36,24,share,166.110,166.360,NN,8.1890,5.2,3,1.182292
audio03.TextGrid,36,25,them,166.360,166.520,PRP,6.7130,6.19,3,0.789790
audio03.TextGrid,36,26,in,166.520,166.590,IN,3.1474,7.27,2,-1.593811
audio03.TextGrid,36,27,the,166.590,166.650,DT,1.7016,7.73,2,-2.536167
audio03.TextGrid,36,28,morning,166.650,167.050,NN,8.8503,5.33,6,1.985869
audio03.TextGrid,37,1,when,167.500,167.630,WRB,6.5749,6.37,3,0.848690
audio03.TextGrid,37,2,i,167.630,167.720,NN,5.6712,7.09,1,0.732989
audio03.TextGrid,37,3,come,167.720,167.900,VBP,6.6503,5.78,3,0.278369
audio03.TextGrid,37,4,back,167.900,168.230,RB,7.0673,6.04,3,0.979924
audio03.TextGrid,37,5,you,168.230,168.310,PRP,6.6930,6.98,2,1.634401
audio03.TextGrid,37,6,can,168.310,168.460,MD,6.1950,6.46,3,0.567290
audio03.TextGrid,37,7,tell,168.460,168.610,VB,9.6875,5.53,3,3.041958
audio03.TextGrid,37,8,me,168.610,168.750,PRP,9.0027,6.48,2,3.396879
audio03.TextGrid,37,9,about,168.750,168.940,IN,5.3510,6.4,4,-0.342376
audio03.TextGrid,37,10,the,168.940,169.040,DT,1.7856,7.73,2,-2.452167
audio03.TextGrid,37,11,baseball,169.040,169.620,NN,9.1385,4.54,6,1.409459
audio03.TextGrid,38,1,the,171.090,171.160,DT,1.8241,7.73,2,-2.413667
audio03.TextGrid,38,2,yankees,171.160,171.670,NNS,6.4529,3.93,6,-1.943751
audio03.TextGrid,38,3,cannot,171.670,172.070,VBP,4.1555,5.11,5,-2.949708
audio03.TextGrid,38,4,lose,172.070,172.500,VB,9.9808,5.08,3,2.842759
audio03.TextGrid,39,1,but,173.390,173.520,CC,5.3198,6.63,3,-0.121855
audio03.TextGrid,39,2,i,173.520,173.640,JJ,5.7238,7.09,1,0.785589
audio03.TextGrid,39,3,fear,173.640,173.910,VBP,9.7052,4.95,3,2.424881
audio03.TextGrid,39,4,the,173.910,174.080,DT,2.9034,7.73,2,-1.334367
audio03.TextGrid,39,5,indians,174.080,174.460,NNS,6.4556,4.25,7,-1.590829
audio03.TextGrid,39,6,of,174.460,174.550,IN,3.0931,7.4,2,-1.505833
audio03.TextGrid,39,7,cleveland,174.550,175.130,NN,9.2134,4.27,8,1.188860
audio03.TextGrid,40,1,have,175.840,176.080,VB,8.1004,6.71,3,2.746301
audio03.TextGrid,40,2,faith,176.080,176.470,VBN,12.3804,4.82,3,4.957803
audio03.TextGrid,40,3,in,176.470,176.600,IN,3.7529,7.27,2,-0.988311
audio03.TextGrid,40,4,the,176.600,176.700,DT,1.6994,7.73,2,-2.538367
audio03.TextGrid,40,5,yankees,176.700,177.190,NNS,6.4473,3.93,6,-1.949351
audio03.TextGrid,40,6,my,177.190,177.390,PRP$,8.7371,6.57,2,3.229779
audio03.TextGrid,40,7,son,177.390,177.760,NN,9.6656,5.28,3,2.746447
audio03.TextGrid,40,8,think,178.250,178.460,NN,7.1464,6.08,4,1.102802
audio03.TextGrid,40,9,of,178.460,178.560,IN,3.4795,7.4,2,-1.119433
audio03.TextGrid,40,10,the,178.560,178.660,DT,1.7176,7.73,2,-2.520167
audio03.TextGrid,40,11,great,178.660,178.880,JJ,7.7270,5.88,4,1.464513
audio03.TextGrid,40,12,dimaggio,178.880,179.600,NN,4.1893,2.53,7,-5.739571
audio04.TextGrid,1,1,i,0.880,1.000,NN,5.5144,7.09,1,0.576189
audio04.TextGrid,1,2,fear,1.000,1.240,VBP,9.7255,4.95,3,2.445181
audio04.TextGrid,1,3,both,1.240,1.490,DT,7.6025,5.79,3,1.241513
audio04.TextGrid,1,4,the,1.490,1.590,DT,4.7214,7.73,2,0.483633
audio04.TextGrid,1,5,tigers,1.590,2.120,NNS,11.6087,4.15,5,3.452827
audio04.TextGrid,1,6,of,2.120,2.200,IN,3.0711,7.4,2,-1.527833
audio04.TextGrid,1,7,detroit,2.200,2.750,NN,9.6218,4.35,6,1.684815
audio04.TextGrid,1,8,and,2.750,2.910,CC,3.8840,7.41,2,-0.703989
audio04.TextGrid,1,9,the,2.910,3.080,DT,2.2302,7.73,2,-2.007567
audio04.TextGrid,1,10,indians,3.080,3.460,NNS,6.4527,4.25,7,-1.593729
audio04.TextGrid,1,11,of,3.460,3.580,IN,2.8507,7.4,2,-1.748233
audio04.TextGrid,1,12,cleveland,3.580,4.130,NN,9.2067,4.27,8,1.182160
audio04.TextGrid,2,1,be,5.350,5.450,VB,8.5148,6.79,2,3.248256
audio04.TextGrid,2,2,careful,5.450,5.950,JJ,10.7707,4.59,6,3.096382
audio04.TextGrid,2,3,or,6.060,6.210,CC,5.3292,6.54,2,-0.210954
audio04.TextGrid,2,4,you,6.210,6.300,PRP,6.4601,6.98,2,1.401501
audio04.TextGrid,2,5,will,6.300,6.500,MD,5.1959,6.45,3,-0.442754
audio04.TextGrid,2,6,fear,6.500,6.820,VB,9.6433,4.95,3,2.362981
audio04.TextGrid,2,7,even,6.820,7.050,RB,6.1994,5.99,4,0.057302
audio04.TextGrid,2,8,the,7.050,7.140,DT,3.6684,7.73,2,-0.569367
audio04.TextGrid,2,9,reds,7.140,7.420,NNS,11.2809,3.91,4,2.862360
audio04.TextGrid,2,10,of,7.420,7.510,IN,2.8083,7.4,2,-1.790633
audio04.TextGrid,2,11,cincinnati,7.510,8.220,NN,10.3107,3.96,9,1.946882
audio04.TextGrid,2,12,and,8.220,8.320,CC,3.9006,7.41,2,-0.687389
audio04.TextGrid,2,13,the,8.320,8.400,DT,2.2374,7.73,2,-2.000367
audio04.TextGrid,2,14,white,8.400,8.690,JJ,7.9534,5.51,3,1.285969
audio04.TextGrid,2,15,sax,8.690,9.030,NN,4.9416,3.15,4,-4.308717
audio04.TextGrid,2,16,of,9.030,9.120,IN,3.0944,7.4,2,-1.504533
audio04.TextGrid,2,17,chicago,9.120,9.760,NN,7.2151,4.83,6,-0.196552
audio04.TextGrid,3,1,you,11.120,11.280,PRP,5.7058,6.98,2,0.647201
audio04.TextGrid,3,2,study,11.280,11.670,VBP,8.5948,5.26,5,1.653758
audio04.TextGrid,3,3,it,11.670,11.780,PRP,4.6335,6.95,2,-0.457933
audio04.TextGrid,3,4,and,11.780,11.870,CC,4.5351,7.41,2,-0.052889
audio04.TextGrid,3,5,tell,11.870,12.090,VB,10.9603,5.53,3,4.314758
audio04.TextGrid,3,6,me,12.090,12.230,PRP,9.0160,6.48,2,3.410179
audio04.TextGrid,3,7,when,12.230,12.370,WRB,6.3443,6.37,3,0.618090
audio04.TextGrid,3,8,i,12.370,12.480,NN,5.6702,7.09,1,0.731989
audio04.TextGrid,3,9,come,12.480,12.670,VBP,6.6502,5.78,3,0.278269
audio04.TextGrid,3,10,back,12.670,13.010,RB,7.1028,6.04,3,1.015424
audio04.TextGrid,3,11,do,13.010,13.080,VBP,6.4896,6.35,2,0.741501
audio04.TextGrid,3,12,you,14.530,14.740,PRP,6.4291,6.98,2,1.370501
audio04.TextGrid,3,13,think,14.740,14.950,VB,8.0406,6.08,4,1.997002
audio04.TextGrid,3,14,we,14.950,15.030,PRP,6.3999,6.54,2,0.859746
audio04.TextGrid,3,15,should,15.030,15.210,MD,7.6731,5.99,3,1.531002
audio04.TextGrid,3,16,buy,15.210,15.430,VB,5.6509,5.32,2,-1.224475
audio04.TextGrid,3,17,a,15.430,15.470,DT,3.1715,7.36,1,-1.471211
audio04.TextGrid,3,18,terminal,15.470,15.950,NN,4.1392,4.31,7,-3.841563
audio04.TextGrid,3,19,of,15.950,16.020,IN,3.0183,7.4,2,-1.580633
audio04.TextGrid,3,20,the,16.020,16.100,DT,1.7012,7.73,2,-2.536567
audio04.TextGrid,3,21,lottery,16.100,16.520,NN,9.5431,4.0,5,1.223060
audio04.TextGrid,3,22,with,16.520,16.700,IN,4.7771,6.85,3,-0.423777
audio04.TextGrid,3,23,an,16.700,16.800,DT,4.3511,6.53,2,-1.199999
audio04.TextGrid,3,24,eighty,16.800,17.040,NN,4.1358,3.75,3,-4.457851
audio04.TextGrid,3,25,five,17.040,17.450,CD,8.9899,5.45,3,2.256803
audio04.TextGrid,4,1,tomorrow,18.010,18.480,NN,10.2357,5.02,6,3.031992
audio04.TextGrid,4,2,is,18.480,18.610,VBZ,3.8990,7.07,2,-1.061100
audio04.TextGrid,4,3,the,18.610,18.820,DT,2.6327,7.73,2,-1.605067
audio04.TextGrid,4,4,eighty,18.820,19.030,JJ,5.0793,3.75,3,-3.514351
audio04.TextGrid,4,5,fifth,19.030,19.240,JJ,9.2968,4.78,3,1.830426
audio04.TextGrid,4,6,day,19.330,19.750,NN,6.9514,5.95,2,0.765524
audio04.TextGrid,5,1,we,21.200,21.320,PRP,5.6952,6.54,2,0.155046
audio04.TextGrid,5,2,can,21.320,21.490,MD,5.3091,6.46,3,-0.318610
audio04.TextGrid,5,3,do,21.490,21.660,VB,5.1564,6.35,2,-0.591699
audio04.TextGrid,5,4,that,21.660,22.010,IN,4.4241,7.01,3,-0.601666
audio04.TextGrid,5,5,the,22.110,22.190,DT,2.2046,7.73,2,-2.033167
audio04.TextGrid,5,6,boy,22.190,22.400,NN,10.2391,5.17,2,3.199559
audio04.TextGrid,5,7,said,22.400,22.810,VBD,5.0845,6.01,3,-1.035709
audio04.TextGrid,5,8,but,23.370,23.540,CC,5.5026,6.63,3,0.060945
audio04.TextGrid,5,9,what,23.540,23.680,WP,7.7382,6.38,3,2.022935
audio04.TextGrid,5,10,about,23.680,23.890,IN,7.2129,6.4,4,1.519524
audio04.TextGrid,5,11,the,23.890,24.040,DT,2.0413,7.73,2,-2.196467
audio04.TextGrid,5,12,eighty,24.040,24.270,JJ,5.0804,3.75,3,-3.513251
audio04.TextGrid,5,13,seven,24.270,24.590,CD,9.9088,5.08,5,2.770759
audio04.TextGrid,5,14,of,24.590,24.680,IN,4.0964,7.4,2,-0.502533
audio04.TextGrid,5,15,your,24.680,24.830,PRP$,6.7960,6.53,3,1.244901
audio04.TextGrid,5,16,great,24.830,25.090,JJ,7.7949,5.88,4,1.532413
audio04.TextGrid,5,17,record,25.090,25.520,NN,6.9957,5.21,5,-0.000064
audio04.TextGrid,6,1,it,26.440,26.580,PRP,3.8912,6.95,2,-1.200233
audio04.TextGrid,6,2,could,26.580,26.830,MD,5.0571,6.06,3,-1.008387
audio04.TextGrid,6,3,not,26.830,27.020,RB,6.1838,6.69,3,0.807812
audio04.TextGrid,6,4,happen,27.020,27.320,VB,8.7140,5.19,5,1.696347
audio04.TextGrid,6,5,twice,27.320,27.810,RB,10.4435,4.84,4,3.042792
audio04.TextGrid,6,6,do,28.150,28.260,VBP,6.0088,6.35,2,0.260701
audio04.TextGrid,6,7,you,28.260,28.390,PRP,6.4541,6.98,2,1.395501
audio04.TextGrid,6,8,think,28.390,28.620,VB,8.2773,6.08,4,2.233702
audio04.TextGrid,6,9,you,28.620,28.710,PRP,6.4154,6.98,2,1.356801
audio04.TextGrid,6,10,can,28.710,28.880,MD,6.9480,6.46,3,1.320290
audio04.TextGrid,6,11,find,28.880,29.170,VB,6.8563,5.76,4,0.462480
audio04.TextGrid,6,12,an,29.170,29.270,DT,5.0568,6.53,2,-0.494299
audio04.TextGrid,6,13,eighty,29.270,29.490,NN,4.1385,3.75,3,-4.455151
audio04.TextGrid,6,14,five,29.490,29.880,CD,9.0834,5.45,3,2.350303
audio04.TextGrid,7,1,i,30.900,31.020,NN,5.5144,7.09,1,0.576189
audio04.TextGrid,7,2,can,31.020,31.180,MD,5.3141,6.46,3,-0.313610
audio04.TextGrid,7,3,order,31.180,31.410,NN,11.3338,5.49,4,4.644480
audio04.TextGrid,7,4,one,31.410,31.710,CD,7.0424,6.47,3,1.425635
audio04.TextGrid,8,1,one,32.340,32.600,CD,6.0137,6.47,3,0.396935
audio04.TextGrid,8,2,sheet,32.600,33.020,NN,9.8609,4.4,3,1.978637
audio04.TextGrid,8,3,that,33.230,33.440,WDT,4.8405,7.01,3,-0.185266
audio04.TextGrid,8,4,s,33.440,33.510,VBD,5.6599,5.86,1,-0.624476
audio04.TextGrid,8,5,two,33.510,33.640,CD,6.8097,6.1,2,0.787991
audio04.TextGrid,8,6,dollars,33.640,34.030,NNS,7.6920,4.78,5,0.225626
audio04.TextGrid,8,7,and,34.030,34.150,CC,4.2243,7.41,2,-0.363689
audio04.TextGrid,8,8,a,34.150,34.190,DT,3.2801,7.36,1,-1.362611
audio04.TextGrid,8,9,half,34.190,34.510,NN,7.9711,5.41,3,1.194225
audio04.TextGrid,9,1,who,35.100,35.210,WP,6.0467,6.34,2,0.287657
audio04.TextGrid,9,2,can,35.210,35.410,MD,5.8562,6.46,3,0.228490
audio04.TextGrid,9,3,we,35.410,35.520,PRP,8.0828,6.54,2,2.542646
audio04.TextGrid,9,4,borrow,35.520,35.850,VB,5.6973,4.0,4,-2.622740
audio04.TextGrid,9,5,that,35.850,36.050,IN,4.3483,7.01,3,-0.677466
audio04.TextGrid,10,1,from,36.050,36.410,IN,5.6069,6.63,4,0.165245
audio04.TextGrid,10,2,that,37.320,37.550,DT,4.7675,7.01,3,-0.258266
audio04.TextGrid,10,3,s,37.550,37.630,JJ,5.3323,5.86,1,-0.952076
audio04.TextGrid,10,4,easy,37.630,38.010,JJ,8.9299,5.29,3,2.021692
audio04.TextGrid,10,5,i,38.010,38.110,NN,9.2523,7.09,1,4.314089
audio04.TextGrid,10,6,can,38.110,38.250,MD,6.3725,6.46,3,0.744790
audio04.TextGrid,10,7,always,38.250,38.560,RB,8.3566,5.76,5,1.962780
audio04.TextGrid,10,8,borrow,38.560,38.860,VB,4.4464,4.0,4,-3.873640
audio04.TextGrid,10,9,two,38.860,39.000,CD,6.6476,6.1,2,0.625891
audio04.TextGrid,10,10,dollars,39.000,39.350,NNS,7.7352,4.78,5,0.268826
audio04.TextGrid,10,11,and,39.350,39.450,CC,3.9127,7.41,2,-0.675289
audio04.TextGrid,10,12,a,39.450,39.510,DT,3.0920,7.36,1,-1.550711
audio04.TextGrid,10,13,half,39.510,39.840,NN,7.9704,5.41,3,1.193525
audio04.TextGrid,11,1,i,41.040,41.150,NN,5.5144,7.09,1,0.576189
audio04.TextGrid,11,2,think,41.150,41.340,VBP,6.6270,6.08,4,0.583402
audio04.TextGrid,11,3,perhaps,41.340,41.730,RB,7.9912,5.09,6,0.864103
audio04.TextGrid,11,4,i,41.730,41.860,NNS,7.5430,7.09,1,2.604789
audio04.TextGrid,11,5,can,41.860,42.150,MD,6.8037,6.46,3,1.175990
audio04.TextGrid,11,6,too,42.150,42.550,RB,7.9848,5.95,2,1.798924
audio04.TextGrid,11,7,but,42.770,42.900,CC,5.5704,6.63,3,0.128745
audio04.TextGrid,11,8,i,42.900,43.000,JJ,7.8865,7.09,1,2.948289
audio04.TextGrid,11,9,try,43.000,43.250,NN,10.2844,5.5,3,3.606025
audio04.TextGrid,11,10,not,43.250,43.450,RB,5.5423,6.69,3,0.166312
audio04.TextGrid,11,11,to,43.450,43.550,TO,3.5621,7.43,2,-1.004000
audio04.TextGrid,11,12,borrow,43.550,44.060,VB,4.1065,4.0,4,-4.213540
audio04.TextGrid,12,1,first,44.690,45.010,RB,6.4720,6.11,4,0.461235
audio04.TextGrid,12,2,you,45.010,45.100,PRP,8.3364,6.98,2,3.277801
audio04.TextGrid,12,3,borrow,45.100,45.540,VBP,4.1816,4.0,4,-4.138440
audio04.TextGrid,12,4,then,45.780,45.940,RB,6.9736,6.07,3,0.919057
audio04.TextGrid,12,5,you,45.940,46.100,PRP,7.7583,6.98,2,2.699701
audio04.TextGrid,12,6,beg,46.100,46.560,VBP,11.2238,4.05,3,2.958482
audio04.TextGrid,13,1,keep,47.970,48.230,VB,11.5718,5.66,3,5.068536
audio04.TextGrid,13,2,warm,48.230,48.530,JJ,5.7428,4.71,4,-1.800185
audio04.TextGrid,13,3,old,48.530,48.730,JJ,7.6332,5.75,3,1.228436
audio04.TextGrid,13,4,man,48.730,49.060,NN,8.0502,5.82,3,1.722047
audio04.TextGrid,13,5,the,49.240,49.330,DT,3.4314,7.73,2,-0.806367
audio04.TextGrid,13,6,boy,49.330,49.560,NN,10.2417,5.17,2,3.202159
audio04.TextGrid,13,7,said,49.560,49.890,VBD,3.9699,6.01,3,-2.150309
audio04.TextGrid,14,1,remember,50.430,50.810,NN,14.3897,5.38,7,7.579992
audio04.TextGrid,14,2,we,50.810,50.980,PRP,6.2919,6.54,2,0.751746
audio04.TextGrid,14,3,are,50.980,51.110,VBP,5.2978,6.74,2,-0.023466
audio04.TextGrid,14,4,in,51.110,51.230,IN,3.7784,7.27,2,-0.962811
audio04.TextGrid,14,5,september,51.230,51.810,NN,7.3076,5.15,8,0.246170
audio04.TextGrid,15,1,the,53.150,53.240,DT,1.8241,7.73,2,-2.413667
audio04.TextGrid,15,2,month,53.240,53.590,NN,6.4511,5.25,4,-0.500886
audio04.TextGrid,15,3,when,53.590,53.780,WRB,7.0444,6.37,4,1.318190
audio04.TextGrid,15,4,the,53.780,53.870,DT,1.9759,7.73,2,-2.261867
audio04.TextGrid,15,5,great,53.870,54.220,JJ,7.7247,5.88,4,1.462213
audio04.TextGrid,15,6,fish,54.220,54.520,JJ,5.4002,4.9,3,-1.934841
audio04.TextGrid,15,7,come,54.520,54.960,VBP,7.9324,5.78,3,1.560469
audio04.TextGrid,15,8,the,55.280,55.400,DT,2.5349,7.73,2,-1.702867
audio04.TextGrid,15,9,old,55.400,55.600,JJ,7.3306,5.75,3,0.925836
audio04.TextGrid,15,10,man,55.600,55.850,NN,7.6905,5.82,3,1.362347
audio04.TextGrid,15,11,said,55.850,56.230,VBD,4.1588,6.01,3,-1.961409
audio04.TextGrid,16,1,anyone,56.930,57.320,NN,10.2357,5.38,6,3.425992
audio04.TextGrid,16,2,can,57.320,57.510,MD,5.8457,6.46,3,0.217990
audio04.TextGrid,16,3,be,57.510,57.660,VB,3.7181,6.79,2,-1.548444
audio04.TextGrid,16,4,a,57.660,57.720,DT,3.1672,7.36,1,-1.475511
audio04.TextGrid,16,5,fisherman,57.720,58.190,NN,4.1395,3.49,7,-4.738706
audio04.TextGrid,16,6,in,58.190,58.310,IN,3.5381,7.27,2,-1.203111
audio04.TextGrid,17,1,may,58.310,58.690,MD,8.3649,5.98,2,2.211857
audio04.TextGrid,17,2,i,60.450,60.590,VB,8.1452,7.09,1,3.206989
audio04.TextGrid,17,3,go,60.590,60.790,VB,7.3058,6.03,2,1.207480
audio04.TextGrid,17,4,now,60.790,61.000,RB,6.1919,6.18,2,0.257746
audio04.TextGrid,17,5,for,61.000,61.130,IN,4.5148,7.01,2,-0.510966
audio04.TextGrid,17,6,the,61.130,61.240,DT,1.7407,7.73,2,-2.497067
audio04.TextGrid,17,7,sardines,61.240,61.800,NNS,6.4373,2.93,7,-3.053794
audio04.TextGrid,17,8,the,62.160,62.230,DT,3.6781,7.73,2,-0.559667
audio04.TextGrid,17,9,boy,62.230,62.440,NN,10.2429,5.17,2,3.203359
audio04.TextGrid,17,10,said,62.440,62.920,VBD,4.1975,6.01,3,-1.922709
audio04.TextGrid,18,1,when,65.380,65.500,WRB,6.5749,6.37,3,0.848690
audio04.TextGrid,18,2,the,65.500,65.560,DT,1.9802,7.73,2,-2.257567
audio04.TextGrid,18,3,boy,65.560,65.770,NN,10.2357,5.17,2,3.196159
audio04.TextGrid,18,4,came,65.770,66.060,VBD,7.0455,5.5,3,0.367125
audio04.TextGrid,18,5,back,66.060,66.370,RB,6.9835,6.04,3,0.896124
audio04.TextGrid,18,6,the,66.370,66.490,DT,2.8375,7.73,2,-1.400267
audio04.TextGrid,18,7,old,66.490,66.700,JJ,7.3268,5.75,3,0.922036
audio04.TextGrid,18,8,man,66.700,66.980,NN,7.7118,5.82,3,1.383647
audio04.TextGrid,18,9,was,66.980,67.130,VBD,5.2741,6.82,3,0.040390
audio04.TextGrid,18,10,asleep,67.130,67.500,RB,4.5990,4.36,5,-3.327040
audio04.TextGrid,18,11,in,67.500,67.580,IN,3.7304,7.27,2,-1.010811
audio04.TextGrid,18,12,the,67.580,67.670,DT,1.7446,7.73,2,-2.493167
audio04.TextGrid,18,13,chair,67.670,68.090,NN,4.1385,4.69,3,-3.426374
audio04.TextGrid,18,14,and,68.090,68.170,CC,4.0070,7.41,2,-0.580989
audio04.TextGrid,18,15,the,68.170,68.250,DT,2.1655,7.73,2,-2.072267
audio04.TextGrid,18,16,sun,68.250,68.500,NN,10.3557,4.97,3,3.097270
audio04.TextGrid,18,17,was,68.500,68.720,VBD,5.8241,6.82,3,0.590390
audio04.TextGrid,18,18,down,68.720,69.120,IN,6.3332,5.88,3,0.070713
audio04.TextGrid,18,19,the,69.680,69.770,DT,2.5406,7.73,2,-1.697167
audio04.TextGrid,18,20,boy,69.770,70.010,NN,10.2474,5.17,2,3.207859
audio04.TextGrid,18,21,took,70.010,70.230,VBD,8.4382,5.51,3,1.770769
audio04.TextGrid,18,22,the,70.230,70.380,DT,2.4183,7.73,2,-1.819467
audio04.TextGrid,18,23,old,70.380,70.610,JJ,7.3319,5.75,3,0.927136
audio04.TextGrid,18,24,army,70.610,70.910,NN,9.6300,5.06,4,2.470070
audio04.TextGrid,18,25,blanket,70.910,71.300,NN,5.4563,4.07,7,-2.787129
audio04.TextGrid,18,26,off,71.300,71.460,IN,7.7422,5.93,2,1.534435
audio04.TextGrid,18,27,the,71.460,71.550,DT,2.1638,7.73,2,-2.073967
audio04.TextGrid,18,28,bed,71.550,71.900,NN,4.1393,5.07,3,-3.009686
audio04.TextGrid,18,29,and,71.900,72.070,CC,4.0701,7.41,2,-0.517889
audio04.TextGrid,18,30,spread,72.070,72.400,NN,10.1043,4.81,5,2.670759
audio04.TextGrid,18,31,it,72.400,72.500,PRP,4.8683,6.95,2,-0.223133
audio04.TextGrid,18,32,over,72.500,72.680,IN,6.1825,6.08,3,0.138902
audio04.TextGrid,18,33,the,72.680,72.770,DT,1.7436,7.73,2,-2.494167
audio04.TextGrid,18,34,back,72.770,73.020,NN,8.8588,6.04,3,2.771424
audio04.TextGrid,18,35,of,73.020,73.100,IN,3.3504,7.4,2,-1.248533
audio04.TextGrid,18,36,the,73.100,73.200,DT,1.7152,7.73,2,-2.522567
audio04.TextGrid,18,37,chair,73.200,73.650,NN,4.1386,4.69,3,-3.426274
audio04.TextGrid,18,38,and,73.650,73.800,CC,4.0908,7.41,3,-0.497189
audio04.TextGrid,18,39,over,73.800,73.980,IN,7.3099,6.08,3,1.266302
audio04.TextGrid,18,40,the,73.980,74.120,DT,1.8192,7.73,2,-2.418567
audio04.TextGrid,18,41,old,74.120,74.330,JJ,7.3279,5.75,3,0.923136
audio04.TextGrid,18,42,man,74.330,74.570,NN,7.6938,5.82,3,1.365647
audio04.TextGrid,18,43,s,74.570,74.610,VBZ,4.7240,5.86,1,-1.560376
audio04.TextGrid,18,44,shoulders,74.610,75.210,NNS,7.5997,4.18,6,-0.523340
audio04.TextGrid,19,1,they,76.070,76.170,PRP,4.6769,6.5,2,-0.907032
audio04.TextGrid,19,2,were,76.170,76.300,VBD,4.5379,6.34,2,-1.221143
audio04.TextGrid,19,3,strange,76.300,76.850,JJ,5.8405,4.64,6,-1.779096
audio04.TextGrid,19,4,shoulders,76.850,77.380,NNS,5.7828,4.18,6,-2.340240
audio04.TextGrid,20,1,still,77.920,78.150,RB,7.2277,5.92,4,1.008991
audio04.TextGrid,20,2,powerful,78.150,78.790,JJ,10.5758,4.85,6,3.186037
audio04.TextGrid,20,3,although,78.790,79.090,IN,8.4678,5.3,4,1.570536
audio04.TextGrid,20,4,very,79.090,79.400,RB,8.4899,6.0,4,2.358746
audio04.TextGrid,20,5,old,79.400,79.860,JJ,7.4685,5.75,3,1.063736
audio04.TextGrid,20,6,and,80.100,80.200,CC,3.6252,7.41,2,-0.962789
audio04.TextGrid,20,7,the,80.200,80.290,DT,2.4292,7.73,2,-1.808567
audio04.TextGrid,20,8,neck,80.290,80.580,NN,4.1362,4.63,3,-3.494341
audio04.TextGrid,20,9,was,80.580,80.720,VBD,4.8766,6.82,3,-0.357110
audio04.TextGrid,20,10,still,80.720,80.980,RB,6.6214,5.92,4,0.402691
audio04.TextGrid,20,11,strong,80.980,81.400,JJ,7.8074,5.22,5,0.822581
audio04.TextGrid,20,12,too,81.400,81.760,RB,7.9844,5.95,2,1.798524
audio04.TextGrid,20,13,and,81.760,81.870,CC,3.4938,7.41,2,-1.094189
audio04.TextGrid,20,14,the,81.870,81.960,DT,3.4182,7.73,2,-0.819567
audio04.TextGrid,20,15,creases,81.960,82.420,NNS,6.4698,2.71,6,-3.262072
audio04.TextGrid,20,16,did,82.420,82.600,VBD,6.0502,5.96,3,-0.124731
audio04.TextGrid,20,17,not,82.600,82.830,RB,5.4534,6.69,3,0.077412
audio04.TextGrid,20,18,show,82.830,83.090,VB,8.5348,5.68,2,2.053425
audio04.TextGrid,20,19,so,83.090,83.270,RB,6.1354,6.52,2,0.573357
audio04.TextGrid,20,20,much,83.270,83.550,JJ,6.5970,6.0,3,0.465846
audio04.TextGrid,20,21,when,83.550,83.670,WRB,6.3101,6.37,3,0.583890
audio04.TextGrid,20,22,the,83.670,83.760,DT,1.9579,7.73,2,-2.279867
audio04.TextGrid,20,23,old,83.760,83.960,JJ,7.3293,5.75,3,0.924536
audio04.TextGrid,20,24,man,83.960,84.190,NN,7.6922,5.82,3,1.364047
audio04.TextGrid,20,25,was,84.190,84.330,VBD,4.0960,6.82,3,-1.137710
audio04.TextGrid,20,26,asleep,84.330,84.770,JJ,5.8014,4.36,5,-2.124640
audio04.TextGrid,20,27,and,85.090,85.180,CC,3.7373,7.41,2,-0.850689
audio04.TextGrid,20,28,his,85.180,85.330,PRP$,6.1293,6.51,3,0.556312
audio04.TextGrid,20,29,head,85.330,85.590,NN,7.9905,5.51,3,1.323069
audio04.TextGrid,20,30,fallen,85.590,85.930,VBN,9.2689,4.39,5,1.375693
audio04.TextGrid,20,31,forward,85.930,86.490,RB,9.1558,5.12,6,2.061536
audio04.TextGrid,21,1,his,87.510,87.650,PRP$,5.4396,6.51,3,-0.133388
audio04.TextGrid,21,2,shirt,87.650,87.970,NN,4.2543,4.63,3,-3.376241
audio04.TextGrid,21,3,had,87.970,88.090,VBD,5.0166,6.33,3,-0.753387
audio04.TextGrid,21,4,been,88.090,88.270,VBN,6.3880,6.27,3,0.552346
audio04.TextGrid,21,5,patched,88.270,88.790,VBN,7.0021,3.19,4,-2.204439
audio04.TextGrid,21,6,so,88.790,88.960,RB,5.9793,6.52,2,0.417257
audio04.TextGrid,21,7,many,88.960,89.190,JJ,6.6223,5.91,4,0.392646
audio04.TextGrid,21,8,times,89.190,89.750,NNS,7.3011,5.56,4,0.688391
audio04.TextGrid,21,9,that,89.750,89.860,IN,4.1667,7.01,3,-0.859066
audio04.TextGrid,21,10,it,89.860,89.920,PRP,4.1063,6.95,2,-0.985133
audio04.TextGrid,21,11,was,89.920,90.090,VBD,5.3555,6.82,3,0.121790
audio04.TextGrid,21,12,like,90.090,90.310,IN,7.0603,6.41,3,1.377868
audio04.TextGrid,21,13,the,90.310,90.380,DT,1.8334,7.73,2,-2.404367
audio04.TextGrid,21,14,sail,90.380,90.840,NN,4.1396,4.01,3,-4.169496
audio04.TextGrid,22,1,and,91.300,91.390,CC,3.7036,7.41,2,-0.884389
audio04.TextGrid,22,2,the,91.390,91.480,DT,2.0380,7.73,2,-2.199767
audio04.TextGrid,22,3,patches,91.480,91.930,NNS,6.4618,3.86,5,-2.011462
audio04.TextGrid,22,4,were,91.930,92.070,VBD,4.7012,6.34,2,-1.057843
audio04.TextGrid,22,5,faded,92.070,92.470,VBN,11.3828,3.73,5,2.767260
audio04.TextGrid,22,6,to,92.470,92.540,TO,2.6922,7.43,2,-1.873900
audio04.TextGrid,22,7,many,92.540,92.780,JJ,7.1484,5.91,4,0.918746
audio04.TextGrid,22,8,different,92.780,93.110,JJ,8.1960,5.59,7,1.616125
audio04.TextGrid,22,9,shades,93.110,93.540,NNS,5.6300,4.0,4,-2.690040
audio04.TextGrid,22,10,by,93.540,93.730,IN,4.7650,6.66,2,-0.643821
audio04.TextGrid,22,11,the,93.730,93.830,DT,1.6987,7.73,2,-2.539067
audio04.TextGrid,22,12,sun,93.830,94.260,NN,10.3515,4.97,3,3.093070
audio04.TextGrid,23,1,the,95.130,95.230,DT,1.8241,7.73,2,-2.413667
audio04.TextGrid,23,2,old,95.230,95.480,JJ,7.3292,5.75,3,0.924436
audio04.TextGrid,23,3,man,95.480,95.720,NN,7.6921,5.82,3,1.363947
audio04.TextGrid,23,4,s,95.720,95.810,VBZ,3.5309,5.86,1,-2.753476
audio04.TextGrid,23,5,head,95.810,96.070,NN,9.7751,5.51,3,3.107669
audio04.TextGrid,23,6,was,96.070,96.230,VBD,5.9522,6.82,3,0.718490
audio04.TextGrid,23,7,very,96.230,96.560,RB,7.0299,6.0,4,0.898746
audio04.TextGrid,23,8,old,96.560,96.800,JJ,7.8457,5.75,3,1.440936
audio04.TextGrid,23,9,though,96.800,97.140,IN,7.4939,5.5,2,0.815525
audio04.TextGrid,23,10,and,97.320,97.450,CC,4.7490,7.41,3,0.161011
audio04.TextGrid,23,11,with,97.450,97.610,IN,4.8556,6.85,3,-0.345277
audio04.TextGrid,23,12,his,97.610,97.740,PRP$,5.4020,6.51,3,-0.170988
audio04.TextGrid,23,13,eyes,97.740,98.050,NNS,9.6199,5.21,2,2.624136
audio04.TextGrid,23,14,closed,98.050,98.550,VBD,7.3333,4.9,5,-0.001741
audio04.TextGrid,23,15,there,98.550,98.660,EX,6.2684,6.31,3,0.476524
audio04.TextGrid,23,16,was,98.660,98.830,VBD,4.7734,6.82,3,-0.460310
audio04.TextGrid,23,17,no,98.830,99.000,DT,6.2410,6.35,2,0.492901
audio04.TextGrid,23,18,life,99.000,99.350,NN,7.6404,5.89,3,1.388858
audio04.TextGrid,23,19,in,99.350,99.450,IN,3.4446,7.27,2,-1.296611
audio04.TextGrid,23,20,his,99.450,99.670,PRP$,5.3162,6.51,3,-0.256788
audio04.TextGrid,23,21,face,99.670,100.160,NN,8.0490,5.45,3,1.315903
audio04.TextGrid,24,1,the,100.870,100.960,DT,1.8241,7.73,2,-2.413667
audio04.TextGrid,24,2,newspaper,100.960,101.540,NN,7.6703,4.6,7,0.006926
audio04.TextGrid,24,3,lay,101.540,101.710,VBD,10.0845,4.64,2,2.464904
audio04.TextGrid,24,4,across,101.710,102.050,IN,8.3005,5.25,5,1.348514
audio04.TextGrid,24,5,his,102.050,102.230,PRP$,5.4833,6.51,3,-0.089688
audio04.TextGrid,24,6,knees,102.230,102.640,NNS,5.5676,4.18,3,-2.555440
audio04.TextGrid,24,7,and,103.030,103.120,CC,4.4610,7.41,2,-0.126989
audio04.TextGrid,24,8,the,103.120,103.190,DT,2.3419,7.73,2,-1.895867
audio04.TextGrid,24,9,weight,103.190,103.400,NN,10.2358,5.02,3,3.032092
audio04.TextGrid,24,10,of,103.400,103.470,IN,3.1558,7.4,2,-1.443133
audio04.TextGrid,24,11,his,103.470,103.630,PRP$,5.3058,6.51,3,-0.267188
audio04.TextGrid,24,12,arm,103.630,103.940,NN,9.2584,4.73,3,1.737304
audio04.TextGrid,24,13,held,103.940,104.160,VBD,8.2624,5.24,4,1.299470
audio04.TextGrid,24,14,it,104.160,104.220,PRP,5.0754,6.95,2,-0.016033
audio04.TextGrid,24,15,there,104.220,104.500,RB,7.2603,6.31,3,1.468424
audio04.TextGrid,24,16,in,104.500,104.580,IN,3.1266,7.27,2,-1.614611
audio04.TextGrid,24,17,the,104.580,104.690,DT,1.7080,7.73,2,-2.529767
audio04.TextGrid,24,18,evening,104.690,104.990,NN,8.8499,4.86,5,1.471081
audio04.TextGrid,24,19,breeze,104.990,105.580,NN,5.3710,3.86,4,-3.102262
audio04.TextGrid,25,1,he,106.220,106.300,PRP,4.5353,6.69,2,-0.840688
audio04.TextGrid,25,2,was,106.300,106.820,VBD,3.9158,6.82,3,-1.317910
audio04.TextGrid,25,3,barefooted,106.820,107.370,VBN,6.3816,2.11,8,-4.006937
audio04.TextGrid,25,4,the,108.690,108.760,DT,3.1374,7.73,2,-1.100367
audio04.TextGrid,25,5,boy,108.760,108.990,NN,10.2501,5.17,2,3.210559
audio04.TextGrid,25,6,left,108.990,109.250,VBD,9.7668,5.62,4,3.219758
audio04.TextGrid,25,7,him,109.250,109.360,PRP,8.6141,6.11,2,2.603335
audio04.TextGrid,25,8,there,109.360,109.650,RB,7.3367,6.31,3,1.544824
audio04.TextGrid,25,9,and,109.650,109.780,CC,4.0934,7.41,3,-0.494589
audio04.TextGrid,25,10,when,109.780,109.890,WRB,5.4089,6.37,3,-0.317310
audio04.TextGrid,25,11,he,109.890,110.010,PRP,4.6953,6.69,2,-0.680688
audio04.TextGrid,25,12,came,110.010,110.230,VBD,6.7819,5.5,3,0.103525
audio04.TextGrid,25,13,back,110.230,110.470,RP,7.0253,6.04,3,0.937924
audio04.TextGrid,25,14,the,110.470,110.600,DT,2.9198,7.73,2,-1.317967
audio04.TextGrid,25,15,old,110.600,110.790,JJ,7.3324,5.75,3,0.927636
audio04.TextGrid,25,16,man,110.790,111.000,NN,7.7121,5.82,3,1.383947
audio04.TextGrid,25,17,was,111.000,111.130,VBD,5.8436,6.82,3,0.609890
audio04.TextGrid,25,18,still,111.130,111.360,RB,6.5981,5.92,4,0.379391
audio04.TextGrid,25,19,asleep,111.360,111.800,JJ,5.7827,4.36,5,-2.143340
audio04.TextGrid,26,1,wake,113.380,113.580,VB,10.4180,4.76,3,2.929737
audio04.TextGrid,26,2,up,113.580,113.760,RP,7.6012,6.39,2,1.896879
audio04.TextGrid,26,3,old,113.760,113.950,JJ,7.7225,5.75,3,1.317736
audio04.TextGrid,26,4,man,113.950,114.260,NN,8.4298,5.82,3,2.101647
audio04.TextGrid,26,5,the,114.500,114.600,DT,4.0766,7.73,2,-0.161167
audio04.TextGrid,26,6,boy,114.600,114.820,NN,10.2413,5.17,2,3.201759
audio04.TextGrid,26,7,said,114.820,115.180,VBD,3.9584,6.01,3,-2.161809
audio04.TextGrid,26,8,and,115.180,115.300,CC,3.9814,7.41,2,-0.606589
audio04.TextGrid,26,9,put,115.300,115.490,VBD,6.5426,5.66,3,0.039336
audio04.TextGrid,26,10,his,115.490,115.610,PRP$,6.1453,6.51,3,0.572312
audio04.TextGrid,26,11,hand,115.610,115.880,NN,8.2654,5.41,4,1.488525
audio04.TextGrid,26,12,on,115.880,116.020,IN,4.6900,6.91,2,-0.445210
audio04.TextGrid,26,13,one,116.020,116.160,CD,5.7526,6.47,3,0.135835
audio04.TextGrid,26,14,of,116.160,116.250,IN,3.8574,7.4,2,-0.741533
audio04.TextGrid,26,15,the,116.250,116.350,DT,1.7420,7.73,2,-2.495767
audio04.TextGrid,26,16,old,116.350,116.550,JJ,7.3317,5.75,3,0.926936
audio04.TextGrid,26,17,man,116.550,116.790,NN,7.6954,5.82,3,1.367247
audio04.TextGrid,26,18,s,116.790,116.880,NN,5.6831,5.86,1,-0.601276
audio04.TextGrid,26,19,knees,116.880,117.390,NNS,6.3994,4.18,3,-1.723640
audio04.TextGrid,27,1,the,118.440,118.540,DT,1.8241,7.73,2,-2.413667
audio04.TextGrid,27,2,old,118.540,118.720,JJ,7.3292,5.75,3,0.924436
audio04.TextGrid,27,3,man,118.720,118.940,NN,7.6921,5.82,3,1.363947
audio04.TextGrid,27,4,opened,118.940,119.260,VBD,7.8647,4.85,5,0.474937
audio04.TextGrid,27,5,his,119.260,119.420,PRP$,6.2713,6.51,3,0.698312
audio04.TextGrid,27,6,eyes,119.420,119.970,NNS,9.6328,5.21,2,2.637036
audio04.TextGrid,27,7,and,120.050,120.180,CC,4.4953,7.41,2,-0.092689
audio04.TextGrid,27,8,for,120.180,120.320,IN,5.5922,7.01,2,0.566434
audio04.TextGrid,27,9,a,120.320,120.370,DT,2.6377,7.36,1,-2.005011
audio04.TextGrid,27,10,moment,120.370,120.740,NN,9.1426,5.24,6,2.179670
audio04.TextGrid,27,11,he,120.740,120.820,PRP,5.8648,6.69,2,0.488812
audio04.TextGrid,27,12,was,120.820,120.970,VBD,4.1078,6.82,3,-1.125910
audio04.TextGrid,27,13,coming,120.970,121.310,VBG,8.4170,5.4,5,1.629180
audio04.TextGrid,27,14,back,121.310,121.560,RB,7.0931,6.04,3,1.005724
audio04.TextGrid,27,15,from,121.560,121.740,IN,5.0612,6.63,4,-0.380455
audio04.TextGrid,27,16,a,121.740,121.770,DT,2.5831,7.36,1,-2.059611
audio04.TextGrid,27,17,long,121.770,122.170,JJ,7.8262,5.81,3,1.487102
audio04.TextGrid,27,18,way,122.170,122.360,NN,6.7978,6.01,2,0.677591
audio04.TextGrid,27,19,away,122.360,122.840,RB,8.5081,5.62,3,1.961058
audio04.TextGrid,28,1,then,123.770,123.950,RB,7.4856,6.07,3,1.431057
audio04.TextGrid,28,2,he,123.950,124.080,PRP,5.3385,6.69,2,-0.037488
audio04.TextGrid,28,3,smiled,124.080,124.670,VBD,3.4135,3.86,5,-5.059762
audio04.TextGrid,28,4,what,126.040,126.170,WP,6.3266,6.38,3,0.611335
audio04.TextGrid,28,5,have,126.170,126.270,VBP,4.7404,6.71,3,-0.613699
audio04.TextGrid,28,6,you,126.270,126.390,PRP,6.3105,6.98,2,1.251901
audio04.TextGrid,28,7,got,126.390,126.910,VBD,8.9692,5.91,3,2.739546
audio04.TextGrid,28,8,he,126.970,127.140,PRP,5.4017,6.69,2,0.025712
audio04.TextGrid,28,9,asked,127.140,127.590,VBD,8.4372,5.3,3,1.539936
audio04.TextGrid,29,1,supper,128.350,128.750,NN,5.9246,3.74,4,-2.679995
audio04.TextGrid,29,2,said,128.940,129.130,VBD,3.9267,6.01,3,-2.193509
audio04.TextGrid,29,3,the,129.130,129.200,DT,2.4675,7.73,2,-1.770267
audio04.TextGrid,29,4,boy,129.200,129.480,NN,10.2397,5.17,2,3.200159
audio04.TextGrid,29,5,we,129.480,129.540,PRP,8.1374,6.54,2,2.597246
audio04.TextGrid,29,6,re,129.860,129.940,VBP,4.8397,5.23,2,-2.134175
audio04.TextGrid,29,7,going,129.940,130.170,VBG,7.7912,5.94,4,1.594380
audio04.TextGrid,29,8,to,130.170,130.310,TO,3.1641,7.43,2,-1.402000
audio04.TextGrid,29,9,have,130.310,130.450,VB,4.1513,6.71,3,-1.202799
audio04.TextGrid,29,10,supper,130.450,130.840,NN,6.6447,3.74,4,-1.959895
audio04.TextGrid,30,1,i,132.000,132.070,NNS,5.5144,7.09,1,0.576189
audio04.TextGrid,30,2,m,132.070,132.140,VBP,3.9811,5.39,2,-2.817664
audio04.TextGrid,30,3,not,132.140,132.370,RB,5.5623,6.69,3,0.186312
audio04.TextGrid,30,4,very,132.370,132.590,RB,7.1505,6.0,4,1.019346
audio04.TextGrid,30,5,hungry,132.590,133.060,JJ,5.7134,4.45,6,-2.114141
audio04.TextGrid,31,1,come,133.830,133.990,VBN,10.6226,5.78,3,4.250669
audio04.TextGrid,31,2,on,133.990,134.180,IN,4.6963,6.91,2,-0.438910
audio04.TextGrid,31,3,and,134.180,134.330,CC,5.7436,7.41,3,1.155611
audio04.TextGrid,31,4,eat,134.330,134.610,VB,11.7397,5.13,2,4.656381
audio04.TextGrid,31,5,you,134.610,134.670,PRP,6.5927,6.98,2,1.534101
audio04.TextGrid,31,6,can,134.670,134.910,MD,6.3070,6.46,3,0.679290
audio04.TextGrid,31,7,t,134.910,134.940,VB,3.7237,5.43,1,-3.031286
audio04.TextGrid,31,8,fish,134.940,135.230,JJ,5.6885,4.9,3,-1.646541
audio04.TextGrid,31,9,and,135.230,135.440,CC,3.6625,7.41,3,-0.925489
audio04.TextGrid,31,10,not,135.440,135.680,RB,6.3385,6.69,3,0.962512
audio04.TextGrid,31,11,eat,135.680,135.980,VB,11.7277,5.13,2,4.644381
audio04.TextGrid,32,1,i,136.980,137.160,NNS,5.5144,7.09,1,0.576189
audio04.TextGrid,32,2,have,137.160,137.540,VBP,4.0795,6.71,3,-1.274599
audio04.TextGrid,32,3,the,137.940,138.050,DT,2.5947,7.73,2,-1.643067
audio04.TextGrid,32,4,old,138.050,138.240,JJ,7.3335,5.75,3,0.928736
audio04.TextGrid,32,5,man,138.240,138.470,NN,7.6943,5.82,3,1.366147
audio04.TextGrid,32,6,said,138.470,138.840,VBD,5.1292,6.01,3,-0.991009
audio04.TextGrid,32,7,getting,138.840,139.120,VBG,8.8507,5.57,5,2.248936
audio04.TextGrid,32,8,up,139.120,139.290,RB,4.9442,6.39,2,-0.760121
audio04.TextGrid,32,9,and,139.370,139.560,CC,3.9597,7.41,3,-0.628289
audio04.TextGrid,32,10,taking,139.560,139.870,VBG,8.0131,5.39,5,1.214336
audio04.TextGrid,32,11,the,139.870,139.940,DT,2.2272,7.73,2,-2.010567
audio04.TextGrid,32,12,newspaper,139.940,140.490,NN,7.6724,4.6,7,0.009026
audio04.TextGrid,32,13,and,140.490,140.600,CC,4.3288,7.41,3,-0.259189
audio04.TextGrid,32,14,folding,140.600,140.950,VBG,7.6916,3.7,6,-0.956773
audio04.TextGrid,32,15,it,140.950,141.100,PRP,4.5058,6.95,2,-0.585633
audio04.TextGrid,33,1,then,141.930,142.110,RB,7.4856,6.07,3,1.431057
audio04.TextGrid,33,2,he,142.110,142.240,PRP,5.3385,6.69,2,-0.037488
audio04.TextGrid,33,3,started,142.240,142.600,VBD,8.1119,5.39,7,1.313136
audio04.TextGrid,33,4,to,142.600,142.670,TO,3.0757,7.43,2,-1.490400
audio04.TextGrid,33,5,fold,142.670,142.910,VB,9.1875,4.08,4,0.955016
audio04.TextGrid,33,6,the,142.910,142.970,DT,2.2911,7.73,2,-1.946667
audio04.TextGrid,33,7,blanket,142.970,143.470,NN,4.1389,4.07,7,-4.104529
audio04.TextGrid,34,1,keep,144.910,145.110,VB,11.5718,5.66,3,5.068536
audio04.TextGrid,34,2,the,145.110,145.190,DT,2.4004,7.73,2,-1.837367
audio04.TextGrid,34,3,blanket,145.190,145.540,NN,4.1376,4.07,7,-4.105829
audio04.TextGrid,34,4,around,145.540,145.870,IN,7.5362,5.77,4,1.153324
audio04.TextGrid,34,5,you,145.870,146.050,PRP,5.7105,6.98,2,0.651901
audio04.TextGrid,34,6,the,146.220,146.300,DT,3.2521,7.73,2,-0.985667
audio04.TextGrid,34,7,boy,146.300,146.540,NN,10.2411,5.17,2,3.201559
audio04.TextGrid,34,8,said,146.540,146.920,VBD,3.9914,6.01,3,-2.128809
audio04.TextGrid,35,1,you,147.340,147.470,PRP,5.7058,6.98,2,0.647201
audio04.TextGrid,35,2,ll,147.470,147.500,VBP,3.9761,4.66,1,-3.621607
audio04.TextGrid,35,3,not,147.500,147.700,RB,5.5623,6.69,3,0.186312
audio04.TextGrid,35,4,fish,147.700,147.930,VB,4.7686,4.9,3,-2.566441
audio04.TextGrid,35,5,without,147.930,148.240,IN,7.6238,5.69,5,1.153369
audio04.TextGrid,35,6,eating,148.240,148.440,VBG,11.8113,4.85,4,4.421537
audio04.TextGrid,35,7,while,148.440,148.620,IN,6.9997,5.86,3,0.715324
audio04.TextGrid,35,8,i,148.620,148.700,JJ,5.4609,7.09,1,0.522689
audio04.TextGrid,35,9,m,148.700,148.800,VBP,5.6008,5.39,2,-1.197964
audio04.TextGrid,35,10,alive,148.800,149.260,JJ,10.7226,4.76,4,3.234337
audio04.TextGrid,36,1,then,150.720,150.900,RB,7.4856,6.07,3,1.431057
audio04.TextGrid,36,2,live,150.900,151.080,VB,9.4689,5.54,3,2.834302
audio04.TextGrid,36,3,a,151.080,151.140,DT,3.5216,7.36,1,-1.121111
audio04.TextGrid,36,4,long,151.140,151.430,JJ,7.8292,5.81,3,1.490102
audio04.TextGrid,36,5,time,151.430,151.800,NN,6.0414,6.29,3,0.227635
audio04.TextGrid,36,6,and,151.800,151.970,CC,4.4581,7.41,3,-0.129889
audio04.TextGrid,36,7,take,151.970,152.180,VB,7.2584,5.92,3,1.039691
audio04.TextGrid,36,8,care,152.180,152.320,NN,9.1236,5.56,3,2.510891
audio04.TextGrid,36,9,of,152.320,152.420,IN,3.6817,7.4,2,-0.917233
audio04.TextGrid,36,10,yourself,152.420,153.040,PRP,9.0629,5.31,6,2.176581
audio04.TextGrid,36,11,the,153.300,153.420,DT,3.6450,7.73,2,-0.592767
audio04.TextGrid,36,12,old,153.420,153.610,JJ,7.3427,5.75,3,0.937936
audio04.TextGrid,36,13,man,153.610,153.870,NN,7.6966,5.82,3,1.368447
audio04.TextGrid,36,14,said,153.870,154.260,VBD,4.4801,6.01,3,-1.640109
audio04.TextGrid,37,1,what,155.100,155.270,WDT,6.9013,6.38,3,1.186035
audio04.TextGrid,37,2,are,155.270,155.300,VBP,4.2956,6.74,1,-1.025666
audio04.TextGrid,37,3,we,155.300,155.490,PRP,6.3416,6.54,2,0.801446
audio04.TextGrid,37,4,eating,155.490,155.920,VBG,11.3787,4.85,4,3.988937
audio04.TextGrid,38,1,black,157.040,157.250,JJ,9.4996,5.46,4,2.777447
audio04.TextGrid,38,2,beans,157.250,157.570,NNS,5.7762,4.14,4,-2.390618
audio04.TextGrid,38,3,and,157.570,157.720,CC,4.6360,7.41,3,0.048011
audio04.TextGrid,38,4,rice,157.720,158.120,NN,10.2556,4.55,3,2.537504
audio04.TextGrid,38,5,fried,158.120,158.410,VBN,5.8716,4.06,4,-2.382773
audio04.TextGrid,38,6,bananas,158.410,158.850,NNS,7.5320,3.7,7,-1.116373
audio04.TextGrid,38,7,and,158.850,158.970,CC,4.0623,7.41,3,-0.525689
audio04.TextGrid,38,8,some,158.970,159.110,DT,6.0486,6.2,3,0.136335
audio04.TextGrid,38,9,stew,159.110,161.140,VBP,7.8210,3.48,3,-1.068150
audio04.TextGrid,38,10,the,161.250,161.330,DT,2.8222,7.73,2,-1.415567
audio04.TextGrid,38,11,boy,161.330,161.570,NN,10.2409,5.17,2,3.201359
audio04.TextGrid,38,12,had,161.570,161.710,VBD,6.2134,6.33,3,0.443413
audio04.TextGrid,38,13,brought,161.710,161.950,VBN,9.5715,5.16,4,2.521014
audio04.TextGrid,38,14,them,161.950,162.160,PRP,6.9048,6.19,3,0.981590
audio04.TextGrid,38,15,in,162.160,162.260,IN,3.0362,7.27,2,-1.705011
audio04.TextGrid,38,16,a,162.260,162.320,DT,2.5756,7.36,1,-2.067111
audio04.TextGrid,38,17,two,162.320,162.520,CD,7.2580,6.1,2,1.236291
audio04.TextGrid,38,18,decker,162.520,162.900,NN,4.7661,3.42,4,-4.188717
audio04.TextGrid,38,19,metal,162.900,163.210,NN,9.9947,4.82,5,2.572103
audio04.TextGrid,38,20,container,163.210,163.760,NN,11.6205,4.03,7,3.333293
audio04.TextGrid,38,21,from,163.760,163.950,IN,4.9073,6.63,4,-0.534355
audio04.TextGrid,38,22,the,163.950,164.020,DT,1.6995,7.73,2,-2.538267
audio04.TextGrid,38,23,terrace,164.020,164.630,NN,11.0438,3.88,5,2.592427
audio04.TextGrid,39,1,the,165.290,165.380,DT,1.8241,7.73,2,-2.413667
audio04.TextGrid,39,2,two,165.380,165.570,CD,7.2718,6.1,2,1.250091
audio04.TextGrid,39,3,sets,165.570,165.840,NNS,8.7153,4.69,4,1.150426
audio04.TextGrid,39,4,of,165.840,165.970,IN,3.5487,7.4,2,-1.050233
audio04.TextGrid,39,5,knives,165.970,166.320,NNS,6.8206,3.84,4,-1.674551
audio04.TextGrid,39,6,and,166.320,166.480,CC,4.3376,7.41,3,-0.250389
audio04.TextGrid,39,7,forks,166.480,166.760,NNS,6.3460,3.45,5,-2.575984
audio04.TextGrid,39,8,and,166.760,166.850,CC,4.3248,7.41,3,-0.263189
audio04.TextGrid,39,9,spoons,166.850,167.420,NNS,6.3086,3.28,5,-2.799439
audio04.TextGrid,39,10,were,167.420,167.540,VBD,4.9333,6.34,2,-0.825743
audio04.TextGrid,39,11,in,167.540,167.640,IN,3.6975,7.27,2,-1.043711
audio04.TextGrid,39,12,his,167.640,167.800,PRP$,5.3796,6.51,3,-0.193388
audio04.TextGrid,39,13,pocket,167.800,168.290,NN,10.3566,4.48,5,2.561893
audio04.TextGrid,39,14,with,168.290,168.400,IN,4.7104,6.85,3,-0.490477
audio04.TextGrid,39,15,a,168.400,168.450,DT,2.5738,7.36,1,-2.068911
audio04.TextGrid,39,16,paper,168.450,168.770,NN,6.7917,5.07,4,-0.357286
audio04.TextGrid,39,17,napkin,168.770,169.250,NN,5.3902,3.16,6,-3.849172
audio04.TextGrid,39,18,wrapped,169.250,169.510,VBD,4.9606,4.15,4,-3.195273
audio04.TextGrid,39,19,around,169.510,169.870,IN,7.3811,5.77,4,0.998224
audio04.TextGrid,39,20,each,169.870,170.050,DT,6.6794,5.69,2,0.208969
audio04.TextGrid,39,21,set,170.050,170.460,NN,8.7852,5.59,3,2.205325
audio04.TextGrid,40,1,who,171.800,171.910,WP,6.0467,6.34,2,0.287657
audio04.TextGrid,40,2,gave,171.910,172.130,VBD,8.5884,5.25,3,1.636414
audio04.TextGrid,40,3,this,172.130,172.350,DT,5.4090,6.82,3,0.175290
audio04.TextGrid,40,4,to,172.350,172.460,TO,5.7301,7.43,2,1.164000
audio04.TextGrid,40,5,you,172.460,172.830,PRP,5.7722,6.98,2,0.713601
audio04.TextGrid,41,1,martin,173.910,174.470,VB,8.8359,4.74,6,1.325748
audio04.TextGrid,41,2,the,174.470,174.700,DT,4.7678,7.73,2,0.530033
audio04.TextGrid,41,3,owner,174.700,175.000,NN,8.7448,4.83,3,1.333148
audio04.TextGrid,41,4,i,175.870,175.950,NN,7.8971,7.09,1,2.958889
audio04.TextGrid,41,5,must,175.950,176.170,MD,7.2633,5.68,4,0.781925
audio04.TextGrid,41,6,thank,176.170,176.430,VB,3.7161,5.48,4,-2.984164
audio04.TextGrid,41,7,him,176.430,176.630,PRP,7.9727,6.11,3,1.961935
audio04.TextGrid,42,1,i,177.480,177.600,NN,5.5144,7.09,1,0.576189
audio04.TextGrid,42,2,thanked,177.600,177.880,VBD,3.3869,3.64,5,-5.327139
audio04.TextGrid,42,3,him,177.880,177.980,PRP,8.1406,6.11,2,2.129835
audio04.TextGrid,42,4,already,177.980,178.420,RB,7.6306,5.55,6,1.006947
audio04.TextGrid,42,5,the,178.600,178.680,DT,3.7270,7.73,2,-0.510767
audio04.TextGrid,42,6,boy,178.680,178.880,NN,10.2780,5.17,2,3.238459
audio04.TextGrid,42,7,said,178.880,179.240,VBD,4.8199,6.01,3,-1.300309
audio04.TextGrid,42,8,you,179.610,179.720,PRP,6.3579,6.98,2,1.299301
audio04.TextGrid,42,9,don,179.720,179.920,VBP,12.5870,4.6,3,4.923626
audio04.TextGrid,42,10,t,179.920,179.950,JJ,4.6894,5.43,1,-2.065586
audio04.TextGrid,42,11,need,179.950,180.060,NN,8.3562,5.97,3,2.192213
audio04.TextGrid,42,12,to,180.060,180.140,TO,3.2068,7.43,2,-1.359300
audio04.TextGrid,42,13,thank,180.140,180.430,VB,3.9272,5.48,4,-2.773064
audio04.TextGrid,42,14,him,180.430,180.590,PRP,7.9723,6.11,3,1.961535
audio05.TextGrid,1,1,i,0.950,1.030,NN,5.5144,7.09,1,0.576189
audio05.TextGrid,1,2,ll,1.030,1.080,VBP,3.9811,4.66,1,-3.616607
audio05.TextGrid,1,3,give,1.080,1.320,VB,7.6253,5.71,3,1.176758
audio05.TextGrid,1,4,him,1.320,1.480,PRP,8.0696,6.11,2,2.058835
audio05.TextGrid,1,5,the,1.480,1.560,DT,3.8174,7.73,2,-0.420367
audio05.TextGrid,1,6,belly,1.560,1.980,RB,6.9289,4.1,4,-1.281696
audio05.TextGrid,1,7,meat,1.980,2.190,NN,6.3377,4.63,3,-1.292841
audio05.TextGrid,1,8,of,2.190,2.280,IN,3.4813,7.4,2,-1.117633
audio05.TextGrid,1,9,a,2.280,2.340,DT,2.6013,7.36,1,-2.041411
audio05.TextGrid,1,10,big,2.340,2.610,JJ,6.5823,5.67,3,0.089980
audio05.TextGrid,1,11,fish,2.610,3.030,NN,4.2995,4.9,3,-3.035541
audio05.TextGrid,1,12,the,3.410,3.540,DT,3.8960,7.73,2,-0.341767
audio05.TextGrid,1,13,old,3.540,3.730,JJ,7.3436,5.75,3,0.938836
audio05.TextGrid,1,14,man,3.730,3.970,NN,7.6985,5.82,3,1.370347
audio05.TextGrid,1,15,said,3.970,4.370,VBD,4.3991,6.01,3,-1.721109
audio05.TextGrid,2,1,has,5.300,5.460,VBZ,8.0537,6.37,3,2.327490
audio05.TextGrid,2,2,he,5.460,5.560,PRP,5.1980,6.69,2,-0.177988
audio05.TextGrid,2,3,done,5.560,5.790,VBN,9.5757,5.58,3,2.984880
audio05.TextGrid,2,4,this,5.790,5.950,DT,6.1002,6.82,3,0.866490
audio05.TextGrid,2,5,for,5.950,6.130,IN,5.9798,7.01,3,0.954034
audio05.TextGrid,2,6,us,6.130,6.270,PRP,6.8979,6.04,2,0.810524
audio05.TextGrid,2,7,more,6.270,6.490,JJR,6.4641,6.36,3,0.726946
audio05.TextGrid,2,8,than,6.490,6.640,IN,5.8024,6.13,3,-0.186476
audio05.TextGrid,2,9,once,6.640,7.150,RB,8.9909,5.53,4,2.345358
audio05.TextGrid,3,1,i,8.260,8.350,NN,5.5144,7.09,1,0.576189
audio05.TextGrid,3,2,think,8.350,8.590,VBP,6.6270,6.08,4,0.583402
audio05.TextGrid,3,3,so,8.590,8.900,IN,6.1125,6.52,2,0.550457
audio05.TextGrid,3,4,i,10.040,10.130,JJ,6.7805,7.09,1,1.842289
audio05.TextGrid,3,5,must,10.130,10.380,MD,8.5535,5.68,4,2.072125
audio05.TextGrid,3,6,give,10.380,10.550,VB,6.5729,5.71,3,0.124358
audio05.TextGrid,3,7,him,10.550,10.670,PRP,8.0766,6.11,2,2.065835
audio05.TextGrid,3,8,something,10.670,11.060,NN,10.2127,5.81,6,3.873602
audio05.TextGrid,3,9,more,11.060,11.340,JJR,6.5017,6.36,3,0.764546
audio05.TextGrid,3,10,than,11.340,11.490,IN,5.8123,6.13,3,-0.176576
audio05.TextGrid,3,11,the,11.490,11.560,DT,2.0480,7.73,2,-2.189767
audio05.TextGrid,3,12,belly,11.560,11.860,RB,6.7940,4.1,4,-1.416596
audio05.TextGrid,3,13,meat,11.860,12.080,NN,6.4580,4.63,3,-1.172541
audio05.TextGrid,3,14,then,12.080,12.440,RB,8.2240,6.07,3,2.169457
audio05.TextGrid,4,1,he,13.070,13.190,PRP,4.5353,6.69,2,-0.840688
audio05.TextGrid,4,2,is,13.190,13.320,VBZ,3.3590,7.07,2,-1.601100
audio05.TextGrid,4,3,very,13.320,13.610,RB,7.2322,6.0,4,1.101046
audio05.TextGrid,4,4,thoughtful,13.610,14.060,JJ,5.4863,3.83,6,-3.019795
audio05.TextGrid,4,5,for,14.060,14.330,IN,4.3845,7.01,3,-0.641266
audio05.TextGrid,4,6,us,14.330,14.530,PRP,6.8817,6.04,2,0.794324
audio05.TextGrid,5,1,he,16.090,16.200,PRP,4.5353,6.69,2,-0.840688
audio05.TextGrid,5,2,sent,16.200,16.520,VBD,8.1329,5.16,4,1.082414
audio05.TextGrid,5,3,two,16.520,16.630,CD,7.1084,6.1,2,1.086691
audio05.TextGrid,5,4,beers,16.630,17.170,NNS,10.6394,3.9,4,2.209916
audio05.TextGrid,6,1,i,18.190,18.290,NN,5.5144,7.09,1,0.576189
audio05.TextGrid,6,2,like,18.290,18.490,IN,6.7047,6.41,3,1.022268
audio05.TextGrid,6,3,the,18.490,18.550,DT,2.0183,7.73,2,-2.219467
audio05.TextGrid,6,4,beer,18.550,18.810,NN,10.2376,4.7,3,2.683670
audio05.TextGrid,6,5,in,18.810,18.970,IN,3.5512,7.27,2,-1.190011
audio05.TextGrid,6,6,cans,18.970,19.390,NNS,6.8155,3.8,4,-1.723429
audio05.TextGrid,6,7,best,19.390,19.840,RB,9.4303,5.84,4,3.124035
audio05.TextGrid,7,1,i,20.620,20.770,NN,5.5144,7.09,1,0.576189
audio05.TextGrid,7,2,know,20.770,21.030,VBP,7.0565,6.1,2,1.034791
audio05.TextGrid,7,3,but,21.030,21.230,CC,5.7831,6.63,3,0.341445
audio05.TextGrid,7,4,this,21.230,21.430,DT,6.7991,6.82,3,1.565390
audio05.TextGrid,7,5,is,21.430,21.550,VBZ,7.4551,7.07,2,2.495000
audio05.TextGrid,7,6,in,21.550,21.660,IN,3.8546,7.27,2,-0.886611
audio05.TextGrid,7,7,bottles,21.660,22.100,NNS,11.6277,4.19,6,3.515604
audio05.TextGrid,7,8,hatuey,22.100,22.610,VBP,5.3645,0.0,6,-7.333312
audio05.TextGrid,7,9,beer,22.610,22.940,NN,12.8532,4.7,3,5.299270
audio05.TextGrid,7,10,and,23.280,23.410,CC,3.9009,7.41,2,-0.687089
audio05.TextGrid,7,11,i,23.410,23.510,NNS,6.2676,7.09,1,1.329389
audio05.TextGrid,7,12,take,23.510,23.750,VBP,6.5990,5.92,3,0.380291
audio05.TextGrid,7,13,back,23.750,23.990,RP,7.0644,6.04,3,0.977024
audio05.TextGrid,7,14,the,23.990,24.070,DT,2.9473,7.73,2,-1.290467
audio05.TextGrid,7,15,bottles,24.070,24.580,NNS,11.2190,4.19,6,3.106904
audio05.TextGrid,8,1,that,25.840,26.050,DT,4.4338,7.01,3,-0.591966
audio05.TextGrid,8,2,s,26.050,26.110,VBZ,4.9759,5.86,1,-1.308476
audio05.TextGrid,8,3,very,26.110,26.320,RB,7.1213,6.0,4,0.990146
audio05.TextGrid,8,4,kind,26.320,26.670,NN,9.3642,5.45,4,2.631103
audio05.TextGrid,8,5,of,26.670,26.760,IN,3.1429,7.4,2,-1.456033
audio05.TextGrid,8,6,you,26.760,26.990,PRP,5.6344,6.98,2,0.575801
audio05.TextGrid,8,7,the,27.320,27.420,DT,2.6785,7.73,2,-1.559267
audio05.TextGrid,8,8,old,27.420,27.600,JJ,7.3372,5.75,3,0.932436
audio05.TextGrid,8,9,man,27.600,27.830,NN,7.6930,5.82,3,1.364847
audio05.TextGrid,8,10,said,27.830,28.170,VBD,3.6670,6.01,3,-2.453209
audio05.TextGrid,9,1,should,29.050,29.200,MD,10.3591,5.99,3,4.217002
audio05.TextGrid,9,2,we,29.200,29.450,PRP,7.9686,6.54,2,2.428446
audio05.TextGrid,9,3,eat,29.450,29.690,VB,11.2099,5.13,2,4.126581
audio05.TextGrid,9,4,i,30.800,30.870,JJ,6.2878,7.09,1,1.349589
audio05.TextGrid,9,5,ve,30.870,30.930,NNS,7.8498,4.56,2,0.142648
audio05.TextGrid,9,6,been,30.930,31.100,VBN,5.4708,6.27,3,-0.364854
audio05.TextGrid,9,7,asking,31.100,31.470,VBG,8.9400,4.96,5,1.670625
audio05.TextGrid,9,8,you,31.470,31.590,PRP,6.0675,6.98,2,1.008901
audio05.TextGrid,9,9,to,31.590,31.940,TO,3.3797,7.43,2,-1.186400
audio05.TextGrid,9,10,the,32.150,32.240,DT,2.0995,7.73,2,-2.138267
audio05.TextGrid,9,11,boy,32.240,32.450,NN,10.2350,5.17,2,3.195459
audio05.TextGrid,9,12,told,32.450,32.750,VBD,9.6023,5.54,4,2.967702
audio05.TextGrid,9,13,him,32.750,32.860,PRP,8.1839,6.11,2,2.173135
audio05.TextGrid,9,14,gently,32.860,33.360,RB,5.2519,4.08,6,-2.980584
audio05.TextGrid,10,1,i,34.350,34.410,NNS,5.5144,7.09,1,0.576189
audio05.TextGrid,10,2,have,34.410,34.530,VBP,4.0795,6.71,3,-1.274599
audio05.TextGrid,10,3,not,34.530,34.750,RB,5.5421,6.69,3,0.166112
audio05.TextGrid,10,4,wished,34.750,34.970,VBN,5.0950,4.0,4,-3.225040
audio05.TextGrid,10,5,to,34.970,35.060,TO,3.0085,7.43,2,-1.557600
audio05.TextGrid,10,6,open,35.060,35.260,VB,8.8457,5.48,4,2.145436
audio05.TextGrid,10,7,the,35.260,35.330,DT,2.7203,7.73,2,-1.517467
audio05.TextGrid,10,8,container,35.330,35.810,NN,10.2370,4.03,7,1.949793
audio05.TextGrid,10,9,until,35.810,36.070,IN,7.3647,5.61,5,0.806713
audio05.TextGrid,10,10,you,36.070,36.180,PRP,5.6128,6.98,2,0.554201
audio05.TextGrid,10,11,were,36.180,36.350,VBD,6.2330,6.34,2,0.473957
audio05.TextGrid,10,12,ready,36.350,36.710,JJ,10.9143,5.28,4,3.995147
audio05.TextGrid,11,1,i,38.310,38.390,JJ,5.5144,7.09,1,0.576189
audio05.TextGrid,11,2,m,38.390,38.510,VBP,3.9811,5.39,2,-2.817664
audio05.TextGrid,11,3,ready,38.510,38.730,JJ,11.0286,5.28,4,4.109447
audio05.TextGrid,11,4,now,38.730,39.070,RB,7.7336,6.18,2,1.799446
audio05.TextGrid,12,1,the,39.520,39.620,DT,1.8241,7.73,2,-2.413667
audio05.TextGrid,12,2,old,39.620,39.810,JJ,7.3292,5.75,3,0.924436
audio05.TextGrid,12,3,man,39.810,40.020,NN,7.6921,5.82,3,1.363947
audio05.TextGrid,12,4,said,40.020,40.330,VBD,3.5568,6.01,3,-2.563409
audio05.TextGrid,13,1,i,41.190,41.360,NN,5.5144,7.09,1,0.576189
audio05.TextGrid,13,2,only,41.360,41.610,RB,7.3487,6.12,4,1.348879
audio05.TextGrid,13,3,needed,41.610,41.940,VBD,7.5869,5.18,5,0.558303
audio05.TextGrid,13,4,time,41.940,42.170,NN,8.2726,6.29,3,2.458835
audio05.TextGrid,13,5,to,42.170,42.270,TO,3.8001,7.43,2,-0.766000
audio05.TextGrid,13,6,wash,42.270,42.710,VB,4.3008,4.46,3,-3.515796
audio05.TextGrid,14,1,where,44.540,44.770,WRB,7.5764,6.0,3,1.445246
audio05.TextGrid,14,2,did,44.770,44.930,VBD,8.9248,5.96,3,2.749869
audio05.TextGrid,14,3,you,44.930,45.100,PRP,6.1782,6.98,2,1.119601
audio05.TextGrid,14,4,wash,45.100,45.630,VB,4.8258,4.46,3,-2.990796
audio05.TextGrid,14,5,the,45.630,45.740,DT,2.2452,7.73,2,-1.992567
audio05.TextGrid,14,6,boy,45.740,45.960,NN,10.2373,5.17,2,3.197759
audio05.TextGrid,14,7,thought,45.960,46.420,VBD,9.6017,5.59,3,3.021825
audio05.TextGrid,15,1,the,46.970,47.060,DT,1.8241,7.73,2,-2.413667
audio05.TextGrid,15,2,village,47.060,47.390,NN,11.0501,4.82,5,3.627503
audio05.TextGrid,15,3,water,47.390,47.700,NN,9.1017,5.52,4,2.445214
audio05.TextGrid,15,4,supply,47.700,48.140,NN,9.1033,4.81,5,1.669759
audio05.TextGrid,15,5,was,48.140,48.390,VBD,4.3985,6.82,3,-0.835210
audio05.TextGrid,15,6,two,48.390,48.570,CD,6.8008,6.1,2,0.779091
audio05.TextGrid,15,7,streets,48.570,48.950,NNS,8.6666,4.66,6,1.068893
audio05.TextGrid,15,8,down,48.950,49.210,IN,7.0124,5.88,3,0.749913
audio05.TextGrid,15,9,the,49.210,49.290,DT,2.2170,7.73,2,-2.020767
audio05.TextGrid,15,10,road,49.290,49.730,NN,8.8534,5.24,3,1.890470
audio05.TextGrid,16,1,i,50.550,50.630,NN,5.5144,7.09,1,0.576189
audio05.TextGrid,16,2,must,50.630,50.850,MD,6.9134,5.68,4,0.432025
audio05.TextGrid,16,3,have,50.850,51.030,VB,3.8741,6.71,3,-1.479999
audio05.TextGrid,16,4,water,51.030,51.370,NN,10.6340,5.52,4,3.977514
audio05.TextGrid,16,5,here,51.370,51.540,RB,8.6655,5.97,3,2.501513
audio05.TextGrid,16,6,for,51.540,51.790,IN,4.3888,7.01,3,-0.636966
audio05.TextGrid,16,7,him,51.790,51.980,PRP,7.4247,6.11,3,1.413935
audio05.TextGrid,16,8,the,52.150,52.220,DT,3.7647,7.73,2,-0.473067
audio05.TextGrid,16,9,boy,52.220,52.420,NN,10.2429,5.17,2,3.203359
audio05.TextGrid,16,10,thought,52.420,52.790,NN,8.9052,5.59,3,2.325325
audio05.TextGrid,16,11,and,53.290,53.420,CC,4.0122,7.41,3,-0.575789
audio05.TextGrid,16,12,soap,53.420,53.830,NN,7.1600,4.18,3,-0.963040
audio05.TextGrid,16,13,and,53.830,53.940,CC,4.0080,7.41,3,-0.579989
audio05.TextGrid,16,14,a,53.940,53.980,DT,3.5217,7.36,1,-1.121011
audio05.TextGrid,16,15,good,53.980,54.220,JJ,6.9752,6.12,3,0.975379
audio05.TextGrid,16,16,towel,54.220,54.610,NN,4.0510,3.94,3,-4.334707
audio05.TextGrid,17,1,why,55.230,55.420,WRB,8.5208,5.93,2,2.313035
audio05.TextGrid,17,2,am,55.420,55.520,VBP,11.1627,5.78,2,4.790769
audio05.TextGrid,17,3,i,55.520,55.630,RB,5.8979,7.09,1,0.959689
audio05.TextGrid,17,4,so,55.630,55.830,RB,6.1187,6.52,2,0.556657
audio05.TextGrid,17,5,thoughtless,55.830,56.470,JJ,5.5874,2.9,6,-3.936527
audio05.TextGrid,18,1,i,57.150,57.220,NN,5.5144,7.09,1,0.576189
audio05.TextGrid,18,2,must,57.220,57.470,MD,6.9134,5.68,4,0.432025
audio05.TextGrid,18,3,get,57.470,57.650,VB,5.7544,6.28,3,-0.070310
audio05.TextGrid,18,4,him,57.650,57.750,PRP,8.0291,6.11,2,2.018335
audio05.TextGrid,18,5,another,57.750,58.010,DT,8.4262,5.74,5,2.010491
audio05.TextGrid,18,6,shirt,58.010,58.400,NN,4.1425,4.63,3,-3.488041
audio05.TextGrid,18,7,and,58.400,58.510,CC,4.4452,7.41,3,-0.142789
audio05.TextGrid,18,8,a,58.510,58.560,DT,3.2084,7.36,1,-1.434311
audio05.TextGrid,18,9,jacket,58.560,58.950,NN,4.1382,4.32,5,-3.831618
audio05.TextGrid,18,10,for,58.950,59.060,IN,4.0740,7.01,2,-0.951766
audio05.TextGrid,18,11,the,59.060,59.140,DT,1.6954,7.73,2,-2.542367
audio05.TextGrid,18,12,winter,59.140,59.520,NN,10.2355,4.89,5,2.889514
audio05.TextGrid,18,13,and,59.960,60.060,CC,4.4028,7.41,3,-0.185189
audio05.TextGrid,18,14,some,60.060,60.230,DT,5.7625,6.2,3,-0.149765
audio05.TextGrid,18,15,sort,60.230,60.440,NN,8.8539,5.0,4,1.628303
audio05.TextGrid,18,16,of,60.440,60.540,IN,3.0736,7.4,2,-1.525333
audio05.TextGrid,18,17,shoes,60.540,61.260,NNS,6.8120,4.67,3,-0.774763
audio05.TextGrid,18,18,and,61.420,61.550,CC,4.2792,7.41,2,-0.308789
audio05.TextGrid,18,19,another,61.550,61.830,DT,6.8674,5.74,5,0.451691
audio05.TextGrid,18,20,blanket,61.830,62.370,NN,4.1349,4.07,7,-4.108529
audio05.TextGrid,19,1,your,64.420,64.610,PRP$,6.8747,6.53,3,1.323601
audio05.TextGrid,19,2,stew,64.610,65.030,NN,4.2543,3.48,3,-4.634850
audio05.TextGrid,19,3,is,65.030,65.200,VBZ,3.6487,7.07,2,-1.311400
audio05.TextGrid,19,4,excellent,65.200,65.940,JJ,5.8982,4.73,8,-1.622896
audio05.TextGrid,19,5,the,66.320,66.440,DT,4.5214,7.73,2,0.283633
audio05.TextGrid,19,6,old,66.440,66.660,JJ,7.3488,5.75,3,0.944036
audio05.TextGrid,19,7,man,66.660,66.900,NN,7.7079,5.82,3,1.379747
audio05.TextGrid,19,8,said,66.900,67.340,VBD,4.5701,6.01,3,-1.550109
audio05.TextGrid,20,1,tell,68.820,68.980,VB,13.8346,5.53,3,7.189058
audio05.TextGrid,20,2,me,68.980,69.130,PRP,8.7522,6.48,2,3.146379
audio05.TextGrid,20,3,about,69.130,69.330,IN,5.2289,6.4,4,-0.464476
audio05.TextGrid,20,4,the,69.330,69.420,DT,1.7953,7.73,2,-2.442467
audio05.TextGrid,20,5,baseball,69.420,69.950,NN,9.1391,4.54,6,1.410059
audio05.TextGrid,20,6,the,70.180,70.250,DT,3.1388,7.73,2,-1.098967
audio05.TextGrid,20,7,boy,70.250,70.540,NN,10.2409,5.17,2,3.201359
audio05.TextGrid,20,8,asked,70.540,70.810,VBD,7.8238,5.3,3,0.926536
audio05.TextGrid,20,9,him,70.810,70.990,PRP,8.1899,6.11,2,2.179135
audio05.TextGrid,21,1,in,72.830,72.950,IN,4.1039,7.27,2,-0.637311
audio05.TextGrid,21,2,the,72.950,73.080,DT,1.7509,7.73,2,-2.486867
audio05.TextGrid,21,3,american,73.080,73.610,JJ,6.6744,5.49,8,-0.014920
audio05.TextGrid,21,4,league,73.610,73.920,NN,4.4322,5.13,3,-2.651119
audio05.TextGrid,21,5,it,73.920,74.030,PRP,4.7113,6.95,2,-0.380133
audio05.TextGrid,21,6,is,74.030,74.210,VBZ,3.3952,7.07,2,-1.564900
audio05.TextGrid,21,7,the,74.210,74.360,DT,2.6210,7.73,2,-1.616767
audio05.TextGrid,21,8,yankees,74.360,74.880,NNS,6.4524,3.93,6,-1.944251
audio05.TextGrid,21,9,as,74.880,75.000,IN,4.9138,6.77,2,-0.374632
audio05.TextGrid,21,10,i,75.000,75.130,NN,5.4940,7.09,1,0.555789
audio05.TextGrid,21,11,said,75.130,75.620,VBD,4.9106,6.01,3,-1.209609
audio05.TextGrid,22,1,the,76.220,76.310,DT,1.8241,7.73,2,-2.413667
audio05.TextGrid,22,2,old,76.310,76.500,JJ,7.3292,5.75,3,0.924436
audio05.TextGrid,22,3,man,76.500,76.720,NN,7.6921,5.82,3,1.363947
audio05.TextGrid,22,4,said,76.720,76.930,VBD,3.5568,6.01,3,-2.563409
audio05.TextGrid,22,5,happily,76.930,77.410,RB,4.6369,4.11,6,-3.562751
audio05.TextGrid,23,1,they,78.600,78.740,PRP,4.6769,6.5,2,-0.907032
audio05.TextGrid,23,2,lost,78.740,79.020,VBD,7.1635,5.39,4,0.364736
audio05.TextGrid,23,3,today,79.020,79.480,NN,9.4160,5.55,4,2.792347
audio05.TextGrid,23,4,the,79.740,79.820,DT,4.3423,7.73,2,0.104533
audio05.TextGrid,23,5,boy,79.820,80.020,NN,10.2409,5.17,2,3.201359
audio05.TextGrid,23,6,told,80.020,80.310,VBD,8.3753,5.54,4,1.740702
audio05.TextGrid,23,7,him,80.310,80.460,PRP,8.1879,6.11,2,2.177135
audio05.TextGrid,24,1,that,81.300,81.540,DT,4.4338,7.01,3,-0.591966
audio05.TextGrid,24,2,means,81.540,81.890,VBZ,9.7152,5.44,4,2.971158
audio05.TextGrid,24,3,nothing,81.890,82.270,NN,10.3038,5.55,5,3.680147
audio05.TextGrid,24,4,the,82.500,82.640,DT,3.3329,7.73,2,-0.904867
audio05.TextGrid,24,5,great,82.640,82.870,JJ,7.7309,5.88,4,1.468413
audio05.TextGrid,24,6,dimaggio,82.870,83.510,NN,4.1913,2.53,7,-5.737571
audio05.TextGrid,24,7,is,83.510,83.600,VBZ,3.7080,7.07,2,-1.252100
audio05.TextGrid,24,8,himself,83.600,84.020,PRP,8.8687,5.25,7,1.916714
audio05.TextGrid,24,9,again,84.020,84.410,RB,8.5221,5.7,4,2.062613
audio05.TextGrid,25,1,they,85.860,85.990,PRP,4.6769,6.5,2,-0.907032
audio05.TextGrid,25,2,have,85.990,86.140,VBP,4.0745,6.71,3,-1.279599
audio05.TextGrid,25,3,other,86.140,86.330,JJ,6.5057,6.16,3,0.549657
audio05.TextGrid,25,4,men,86.330,86.510,NNS,7.9562,5.51,3,1.288769
audio05.TextGrid,25,5,on,86.510,86.640,IN,4.5329,6.91,2,-0.602310
audio05.TextGrid,25,6,the,86.640,86.730,DT,1.6978,7.73,2,-2.539967
audio05.TextGrid,25,7,team,86.730,87.170,NN,7.3771,5.67,3,0.884780
audio05.TextGrid,26,1,naturally,87.850,88.550,RB,5.2281,4.48,7,-2.566607
audio05.TextGrid,26,2,but,88.620,88.780,CC,4.5400,6.63,3,-0.901655
audio05.TextGrid,26,3,he,88.780,88.910,PRP,4.7972,6.69,2,-0.578788
audio05.TextGrid,26,4,makes,88.910,89.230,VBZ,7.5017,5.46,4,0.779547
audio05.TextGrid,26,5,the,89.230,89.300,DT,2.6170,7.73,2,-1.620767
audio05.TextGrid,26,6,difference,89.300,89.880,NN,7.9373,5.01,7,0.722648
audio05.TextGrid,27,1,in,90.430,90.560,IN,4.1039,7.27,2,-0.637311
audio05.TextGrid,27,2,the,90.560,90.700,DT,1.7509,7.73,2,-2.486867
audio05.TextGrid,27,3,other,90.700,90.900,JJ,5.7802,6.16,3,-0.175843
audio05.TextGrid,27,4,league,90.900,91.160,NN,3.9961,5.13,3,-3.087219
audio05.TextGrid,27,5,between,91.160,91.500,IN,7.5637,5.77,6,1.180824
audio05.TextGrid,27,6,brooklyn,91.500,91.870,NN,9.6393,4.25,7,1.592871
audio05.TextGrid,27,7,and,91.870,91.990,CC,3.5853,7.41,3,-1.002689
audio05.TextGrid,27,8,philadelphia,91.990,92.660,NN,8.7712,4.42,10,0.910826
audio05.TextGrid,27,9,i,92.840,92.980,NN,7.2821,7.09,1,2.343889
audio05.TextGrid,27,10,must,92.980,93.200,MD,7.1383,5.68,4,0.656925
audio05.TextGrid,27,11,take,93.200,93.400,VB,5.6107,5.92,3,-0.608009
audio05.TextGrid,27,12,brooklyn,93.400,93.900,NN,10.2332,4.25,7,2.186771
audio05.TextGrid,28,1,but,94.770,94.890,CC,5.3198,6.63,3,-0.121855
audio05.TextGrid,28,2,then,94.890,95.100,RB,6.4214,6.07,3,0.366857
audio05.TextGrid,28,3,i,95.100,95.230,JJ,7.8494,7.09,1,2.911189
audio05.TextGrid,28,4,think,95.230,95.490,VBP,6.7447,6.08,4,0.701102
audio05.TextGrid,28,5,of,95.490,95.590,IN,3.4884,7.4,2,-1.110533
audio05.TextGrid,28,6,dick,95.590,95.810,NN,11.0280,4.7,3,3.474070
audio05.TextGrid,28,7,sisler,95.810,96.280,NN,5.9878,1.55,5,-5.013626
audio05.TextGrid,28,8,and,96.280,96.350,CC,4.3162,7.41,2,-0.271789
audio05.TextGrid,28,9,those,96.350,96.550,DT,6.6535,5.9,3,0.412902
audio05.TextGrid,28,10,great,96.550,96.770,JJ,7.7283,5.88,4,1.465813
audio05.TextGrid,28,11,drives,96.770,97.310,NNS,9.8877,4.28,5,1.874104
audio05.TextGrid,28,12,in,97.310,97.390,IN,3.0605,7.27,2,-1.680711
audio05.TextGrid,28,13,the,97.390,97.510,DT,1.6935,7.73,2,-2.544267
audio05.TextGrid,28,14,old,97.510,97.770,JJ,7.3285,5.75,3,0.923736
audio05.TextGrid,28,15,park,97.770,98.160,NN,8.5357,5.16,4,1.485214
audio05.TextGrid,29,1,there,99.220,99.340,EX,5.7321,6.31,3,-0.059776
audio05.TextGrid,29,2,was,99.340,99.510,VBD,3.9647,6.82,3,-1.269010
audio05.TextGrid,29,3,nothing,99.510,99.910,NN,10.4511,5.55,5,3.827447
audio05.TextGrid,29,4,ever,99.910,100.140,RB,9.4719,5.66,3,2.968636
audio05.TextGrid,29,5,like,100.140,100.410,IN,6.8899,6.41,3,1.207468
audio05.TextGrid,29,6,them,100.410,100.740,PRP,6.1080,6.19,3,0.184790
audio05.TextGrid,29,7,he,101.050,101.190,PRP,6.5594,6.69,2,1.183412
audio05.TextGrid,29,8,hits,101.190,101.420,VBZ,13.0594,4.65,4,5.450748
audio05.TextGrid,29,9,the,101.420,101.490,DT,3.9017,7.73,2,-0.336067
audio05.TextGrid,29,10,longest,101.490,102.070,JJS,10.3424,4.22,7,2.263138
audio05.TextGrid,29,11,ball,102.070,102.430,NN,10.6543,5.04,3,3.472481
audio05.TextGrid,29,12,i,102.430,102.480,NN,7.6414,7.09,1,2.703189
audio05.TextGrid,29,13,have,102.480,102.620,VBP,4.9255,6.71,3,-0.428599
audio05.TextGrid,29,14,ever,102.620,102.810,RB,8.2716,5.66,3,1.768336
audio05.TextGrid,29,15,seen,102.810,103.290,VBN,8.0145,5.52,3,1.358014
audio05.TextGrid,30,1,do,104.560,104.660,VB,9.5293,6.35,2,3.781201
audio05.TextGrid,30,2,you,104.660,104.850,PRP,6.3769,6.98,2,1.318301
audio05.TextGrid,30,3,remember,104.850,105.280,VB,11.0812,5.38,7,4.271492
audio05.TextGrid,30,4,when,105.280,105.490,WRB,6.7011,6.37,3,0.974890
audio05.TextGrid,30,5,he,105.490,105.630,PRP,4.7271,6.69,2,-0.648888
audio05.TextGrid,30,6,used,105.630,105.810,VBD,6.5235,5.8,4,0.173458
audio05.TextGrid,30,7,to,105.810,105.890,TO,2.6624,7.43,2,-1.903700
audio05.TextGrid,30,8,come,105.890,106.080,VB,6.8389,5.78,3,0.466969
audio05.TextGrid,30,9,to,106.080,106.170,TO,3.1060,7.43,2,-1.460100
audio05.TextGrid,30,10,the,106.170,106.280,DT,2.6036,7.73,2,-1.634167
audio05.TextGrid,30,11,terrace,106.280,106.860,NN,11.0423,3.88,5,2.590927
audio05.TextGrid,31,1,i,107.290,107.410,RB,5.5144,7.09,1,0.576189
audio05.TextGrid,31,2,wanted,107.410,107.750,VBD,7.2726,5.36,5,0.441003
audio05.TextGrid,31,3,to,107.750,107.810,TO,3.3059,7.43,2,-1.260200
audio05.TextGrid,31,4,take,107.810,108.030,VB,5.8231,5.92,3,-0.395609
audio05.TextGrid,31,5,him,108.030,108.130,PRP,8.0096,6.11,2,1.998835
audio05.TextGrid,31,6,fishing,108.130,108.640,VBG,7.9803,4.47,5,0.174648
audio05.TextGrid,31,7,but,108.640,108.800,CC,5.6559,6.63,3,0.214245
audio05.TextGrid,31,8,i,108.800,108.920,NN,6.9358,7.09,1,1.997589
audio05.TextGrid,31,9,was,108.920,109.120,VBD,5.2902,6.82,3,0.056490
audio05.TextGrid,31,10,too,109.120,109.250,RB,7.2125,5.95,2,1.026624
audio05.TextGrid,31,11,timid,109.250,109.650,JJ,5.7767,3.25,5,-3.364172
audio05.TextGrid,31,12,to,109.650,109.760,TO,3.2132,7.43,2,-1.352900
audio05.TextGrid,31,13,ask,109.760,110.030,VB,8.5843,5.34,3,1.730814
audio05.TextGrid,31,14,him,110.030,110.210,PRP,8.0625,6.11,3,2.051735
audio05.TextGrid,32,1,then,110.810,110.970,RB,7.4856,6.07,3,1.431057
audio05.TextGrid,32,2,i,110.970,111.110,VB,6.3159,7.09,1,1.377689
audio05.TextGrid,32,3,asked,111.110,111.410,VBD,7.3996,5.3,3,0.502336
audio05.TextGrid,32,4,you,111.410,111.580,PRP,6.4228,6.98,2,1.364201
audio05.TextGrid,32,5,to,111.580,111.820,TO,3.3461,7.43,2,-1.220000
audio05.TextGrid,32,6,ask,111.820,112.030,VB,8.9655,5.34,3,2.112014
audio05.TextGrid,32,7,him,112.030,112.250,PRP,8.0684,6.11,3,2.057635
audio05.TextGrid,32,8,and,112.250,112.470,CC,4.3395,7.41,3,-0.248489
audio05.TextGrid,32,9,you,112.470,112.610,PRP,6.2757,6.98,2,1.217101
audio05.TextGrid,32,10,were,112.610,112.730,VBD,5.0172,6.34,2,-0.741843
audio05.TextGrid,32,11,too,112.730,112.900,RB,7.2215,5.95,2,1.035624
audio05.TextGrid,32,12,timid,112.900,113.410,JJ,5.7622,3.25,5,-3.378672
audio05.TextGrid,33,1,i,114.260,114.400,NN,5.5144,7.09,1,0.576189
audio05.TextGrid,33,2,know,114.400,114.730,VBP,7.0565,6.1,2,1.034791
audio05.TextGrid,33,3,it,114.950,115.130,PRP,4.5402,6.95,2,-0.551233
audio05.TextGrid,33,4,was,115.130,115.240,VBD,5.7442,6.82,3,0.510490
audio05.TextGrid,33,5,a,115.240,115.300,DT,3.3171,7.36,1,-1.325611
audio05.TextGrid,33,6,great,115.300,115.580,JJ,7.7279,5.88,4,1.465413
audio05.TextGrid,33,7,mistake,115.580,116.100,NN,9.5924,4.67,6,2.005637
audio05.TextGrid,33,8,he,116.300,116.410,PRP,6.7677,6.69,2,1.391712
audio05.TextGrid,33,9,might,116.410,116.570,MD,6.9465,5.66,3,0.443236
audio05.TextGrid,33,10,have,116.570,116.670,VB,3.8792,6.71,3,-1.474899
audio05.TextGrid,33,11,gone,116.670,116.880,VBN,9.8402,5.17,3,2.800659
audio05.TextGrid,33,12,with,116.880,117.090,IN,4.2184,6.85,3,-0.982477
audio05.TextGrid,33,13,us,117.090,117.430,PRP,6.8459,6.04,2,0.758524
audio05.TextGrid,34,1,then,117.880,118.120,RB,7.4856,6.07,3,1.431057
audio05.TextGrid,34,2,we,118.120,118.210,PRP,6.4984,6.54,2,0.958246
audio05.TextGrid,34,3,would,118.210,118.390,MD,4.5419,6.27,3,-1.293754
audio05.TextGrid,34,4,have,118.390,118.500,VB,3.8741,6.71,3,-1.479999
audio05.TextGrid,34,5,that,118.500,118.840,DT,4.4262,7.01,3,-0.599566
audio05.TextGrid,34,6,for,118.840,119.000,IN,5.9184,7.01,3,0.892634
audio05.TextGrid,34,7,all,119.000,119.220,DT,5.5476,6.52,2,-0.014443
audio05.TextGrid,34,8,of,119.220,119.310,IN,5.0302,7.4,2,0.431267
audio05.TextGrid,34,9,our,119.310,119.440,PRP$,6.9085,6.14,2,0.930568
audio05.TextGrid,34,10,lives,119.440,120.040,NNS,8.9238,5.14,4,1.851425
audio05.TextGrid,35,1,i,121.570,121.720,NN,5.5144,7.09,1,0.576189
audio05.TextGrid,35,2,would,121.720,121.940,MD,4.5155,6.27,3,-1.320154
audio05.TextGrid,35,3,like,121.940,122.190,VB,6.9481,6.41,3,1.265668
audio05.TextGrid,35,4,to,122.190,122.270,TO,3.4544,7.43,2,-1.111700
audio05.TextGrid,35,5,take,122.270,122.500,VB,5.8283,5.92,3,-0.390409
audio05.TextGrid,35,6,the,122.510,122.620,DT,2.3250,7.73,2,-1.912767
audio05.TextGrid,35,7,great,122.620,122.860,JJ,7.7272,5.88,4,1.464713
audio05.TextGrid,35,8,dimaggio,122.860,123.480,NN,4.1878,2.53,7,-5.741071
audio05.TextGrid,35,9,fishing,123.480,123.900,VBG,7.8915,4.47,5,0.085848
audio05.TextGrid,35,10,the,124.230,124.360,DT,2.2321,7.73,2,-2.005667
audio05.TextGrid,35,11,old,124.360,124.570,JJ,7.3311,5.75,3,0.926336
audio05.TextGrid,35,12,man,124.570,124.790,NN,7.6939,5.82,3,1.365747
audio05.TextGrid,35,13,said,124.790,125.150,VBD,5.4724,6.01,3,-0.647809
audio05.TextGrid,36,1,they,125.950,126.070,PRP,4.6769,6.5,2,-0.907032
audio05.TextGrid,36,2,say,126.070,126.310,VBP,5.5408,5.89,2,-0.710742
audio05.TextGrid,36,3,his,126.310,126.490,PRP$,6.2445,6.51,3,0.671512
audio05.TextGrid,36,4,father,126.490,126.790,NN,8.9688,5.26,4,2.027758
audio05.TextGrid,36,5,was,126.790,126.990,VBD,5.7322,6.82,3,0.498490
audio05.TextGrid,36,6,a,126.990,127.040,DT,3.3196,7.36,1,-1.323111
audio05.TextGrid,36,7,fisherman,127.040,127.630,NN,4.1405,3.49,7,-4.737706
audio05.TextGrid,37,1,maybe,128.130,128.460,RB,9.9133,5.45,4,3.180203
audio05.TextGrid,37,2,he,128.460,128.550,PRP,5.3385,6.69,2,-0.037488
audio05.TextGrid,37,3,was,128.550,128.780,VBD,3.9474,6.82,3,-1.286310
audio05.TextGrid,37,4,as,128.780,128.910,RB,5.0370,6.77,2,-0.251432
audio05.TextGrid,37,5,poor,128.910,129.250,JJ,8.5030,5.09,3,1.375903
audio05.TextGrid,37,6,as,129.250,129.350,IN,5.5795,6.77,2,0.291068
audio05.TextGrid,37,7,we,129.350,129.590,PRP,5.6757,6.54,2,0.135546
audio05.TextGrid,37,8,are,129.590,129.830,VBP,5.5157,6.74,2,0.194434
audio05.TextGrid,37,9,and,129.830,129.990,CC,4.2389,7.41,3,-0.349089
audio05.TextGrid,37,10,would,129.990,130.110,MD,4.5194,6.27,3,-1.316254
audio05.TextGrid,37,11,understand,130.110,130.860,VB,8.5214,5.37,9,1.700747
audio05.TextGrid,38,1,the,132.500,132.590,DT,1.8241,7.73,2,-2.413667
audio05.TextGrid,38,2,great,132.590,132.850,JJ,7.7245,5.88,4,1.462013
audio05.TextGrid,38,3,sisler,132.850,133.250,NN,4.1855,1.55,6,-6.815926
audio05.TextGrid,38,4,s,133.250,133.350,NN,5.8183,5.86,1,-0.466076
audio05.TextGrid,38,5,father,133.350,133.620,NN,10.2351,5.26,4,3.294058
audio05.TextGrid,38,6,was,133.620,133.800,VBD,4.1705,6.82,3,-1.063210
audio05.TextGrid,38,7,never,133.800,134.000,RB,7.3886,5.91,4,1.158946
audio05.TextGrid,38,8,poor,134.000,134.370,JJ,9.0521,5.09,3,1.925003
audio05.TextGrid,38,9,and,134.370,134.490,CC,3.8894,7.41,3,-0.698589
audio05.TextGrid,38,10,he,134.490,134.760,PRP,5.6085,6.69,2,0.232512
audio05.TextGrid,38,11,the,134.760,134.880,DT,3.7670,7.73,2,-0.470767
audio05.TextGrid,38,12,father,134.880,135.240,NN,8.8567,5.26,4,1.915658
audio05.TextGrid,38,13,was,135.240,135.410,VBD,4.9934,6.82,3,-0.240310
audio05.TextGrid,38,14,playing,135.410,135.710,VBG,9.4629,5.37,5,2.642247
audio05.TextGrid,38,15,in,135.710,135.780,IN,3.4599,7.27,2,-1.281311
audio05.TextGrid,38,16,the,135.780,135.840,DT,1.7209,7.73,2,-2.516867
audio05.TextGrid,38,17,big,135.840,136.090,JJ,6.5831,5.67,3,0.090780
audio05.TextGrid,38,18,leagues,136.090,136.370,NNS,5.9694,3.9,4,-2.460084
audio05.TextGrid,38,19,when,136.370,136.490,WRB,5.9568,6.37,3,0.230590
audio05.TextGrid,38,20,he,136.490,136.600,PRP,4.6755,6.69,2,-0.700488
audio05.TextGrid,38,21,was,136.600,136.740,VBD,3.9210,6.82,3,-1.312710
audio05.TextGrid,38,22,my,136.740,137.000,PRP$,7.8896,6.57,2,2.382279
audio05.TextGrid,38,23,age,137.000,137.320,NN,7.8674,5.32,2,0.992025
audio05.TextGrid,39,1,when,138.800,138.920,WRB,6.5749,6.37,3,0.848690
audio05.TextGrid,39,2,i,138.920,139.090,NN,5.6712,7.09,1,0.732989
audio05.TextGrid,39,3,was,139.090,139.310,VBD,3.9261,6.82,3,-1.307610
audio05.TextGrid,39,4,your,139.310,139.600,PRP$,7.3915,6.53,3,1.840401
audio05.TextGrid,39,5,age,139.600,139.800,NN,7.8674,5.32,2,0.992025
audio05.TextGrid,39,6,i,139.800,139.960,NN,7.0890,7.09,1,2.150789
audio05.TextGrid,39,7,was,139.960,140.220,VBD,4.1370,6.82,3,-1.096710
audio05.TextGrid,39,8,before,140.220,140.690,IN,7.1474,5.93,5,0.939635
audio05.TextGrid,39,9,the,140.690,140.770,DT,1.9651,7.73,2,-2.272667
audio05.TextGrid,39,10,mast,140.770,141.140,NN,4.1428,3.52,4,-4.702573
audio05.TextGrid,39,11,on,141.140,141.280,IN,4.4392,6.91,2,-0.696010
audio05.TextGrid,39,12,a,141.280,141.350,DT,2.5775,7.36,1,-2.065211
audio05.TextGrid,39,13,square,141.350,141.890,NN,10.0312,4.84,5,2.630492
audio05.TextGrid,39,14,rigged,141.890,142.230,VBN,13.1171,3.63,4,4.392116
audio05.TextGrid,39,15,ship,142.230,142.570,NN,9.0617,4.93,3,1.759492
audio05.TextGrid,39,16,that,142.570,142.740,WDT,4.1861,7.01,3,-0.839666
audio05.TextGrid,39,17,ran,142.740,143.010,VBD,10.2378,4.87,3,2.869926
audio05.TextGrid,39,18,to,143.010,143.180,TO,3.5273,7.43,2,-1.038800
audio05.TextGrid,39,19,africa,143.180,143.710,VB,12.0972,4.92,6,4.784048
audio05.TextGrid,39,20,and,143.840,143.990,CC,3.8382,7.41,3,-0.749789
audio05.TextGrid,39,21,i,143.990,144.170,VB,5.9680,7.09,1,1.029789
audio05.TextGrid,39,22,have,144.170,144.300,VBP,5.5546,6.71,3,0.200501
audio05.TextGrid,39,23,seen,144.300,144.570,VBN,8.8792,5.52,3,2.222714
audio05.TextGrid,39,24,lions,144.570,145.100,NNS,7.6948,4.18,5,-0.428240
audio05.TextGrid,39,25,on,145.100,145.260,IN,4.2760,6.91,2,-0.859210
audio05.TextGrid,39,26,the,145.260,145.330,DT,1.7038,7.73,2,-2.533967
audio05.TextGrid,39,27,beaches,145.330,145.850,NNS,6.4476,3.96,5,-1.916218
audio05.TextGrid,39,28,in,145.850,145.920,IN,3.2303,7.27,2,-1.510911
audio05.TextGrid,39,29,the,145.920,146.050,DT,1.6994,7.73,2,-2.538367
audio05.TextGrid,39,30,evening,146.050,146.580,NN,8.8496,4.86,5,1.470781
audio05.TextGrid,40,1,i,148.130,148.250,NN,5.5144,7.09,1,0.576189
audio05.TextGrid,40,2,know,148.250,148.500,VBP,7.0565,6.1,2,1.034791
audio05.TextGrid,40,3,you,148.700,148.790,PRP,6.3547,6.98,2,1.296101
audio05.TextGrid,40,4,told,148.790,149.150,VBD,9.0167,5.54,4,2.382102
audio05.TextGrid,40,5,me,149.150,149.350,PRP,8.7643,6.48,2,3.158479
audio05.TextGrid,41,1,should,151.210,151.350,MD,10.3591,5.99,3,4.217002
audio05.TextGrid,41,2,we,151.350,151.500,PRP,7.9686,6.54,2,2.428446
audio05.TextGrid,41,3,talk,151.500,151.790,VB,9.5555,5.42,3,2.789569
audio05.TextGrid,41,4,about,151.790,152.070,IN,5.6268,6.4,4,-0.066576
audio05.TextGrid,41,5,africa,152.070,152.620,NN,11.2287,4.92,6,3.915548
audio05.TextGrid,41,6,or,152.620,152.840,CC,5.3181,6.54,2,-0.222054
audio05.TextGrid,41,7,about,152.840,153.070,IN,6.9146,6.4,4,1.221224
audio05.TextGrid,41,8,baseball,153.070,153.740,NN,10.8157,4.54,6,3.086659
audio05.TextGrid,42,1,baseball,154.930,155.520,NN,10.9288,4.54,6,3.199759
audio05.TextGrid,42,2,i,155.520,155.570,NN,8.2207,7.09,1,3.282489
audio05.TextGrid,42,3,think,155.570,155.970,VBP,6.8436,6.08,4,0.800002
audio05.TextGrid,42,4,the,156.120,156.200,DT,2.5267,7.73,2,-1.711067
audio05.TextGrid,42,5,boy,156.200,156.410,NN,10.2395,5.17,2,3.199959
audio05.TextGrid,42,6,said,156.410,156.800,VBD,5.1241,6.01,3,-0.996109
audio05.TextGrid,42,7,tell,157.210,157.370,IN,11.2979,5.53,3,4.652358
audio05.TextGrid,42,8,me,157.370,157.500,PRP,8.9076,6.48,2,3.301779
audio05.TextGrid,42,9,about,157.500,157.700,IN,5.3018,6.4,4,-0.391576
audio05.TextGrid,42,10,the,157.700,157.820,DT,1.7728,7.73,2,-2.464967
audio05.TextGrid,42,11,great,157.820,158.220,JJ,7.7242,5.88,4,1.461713
audio05.TextGrid,42,12,john,158.220,158.840,NN,7.5817,5.38,3,0.771992
audio05.TextGrid,42,13,j,158.840,158.980,NN,5.5050,5.0,2,-1.720597
audio05.TextGrid,42,14,mcgraw,158.980,159.610,NN,4.8735,3.37,5,-4.136039
audio05.TextGrid,43,1,he,160.530,160.660,PRP,4.5353,6.69,2,-0.840688
audio05.TextGrid,43,2,said,160.660,160.930,VBD,3.3819,6.01,3,-2.738309
audio05.TextGrid,43,3,jota,160.930,161.330,NN,6.5497,2.16,4,-3.784115
audio05.TextGrid,43,4,for,161.330,161.520,IN,4.4309,7.01,3,-0.594866
audio05.TextGrid,43,5,j,161.520,161.950,NN,5.7876,5.0,2,-1.437997
audio05.TextGrid,44,1,he,163.850,164.040,PRP,4.5353,6.69,2,-0.840688
audio05.TextGrid,44,2,used,164.040,164.250,VBD,6.5183,5.8,4,0.168258
audio05.TextGrid,44,3,to,164.250,164.320,TO,2.6845,7.43,2,-1.881600
audio05.TextGrid,44,4,come,164.320,164.500,VB,6.8395,5.78,3,0.467569
audio05.TextGrid,44,5,to,164.500,164.600,TO,3.1276,7.43,2,-1.438500
audio05.TextGrid,44,6,the,164.600,164.730,DT,2.6069,7.73,2,-1.630867
audio05.TextGrid,44,7,terrace,164.730,165.080,NN,11.0453,3.88,5,2.593927
audio05.TextGrid,44,8,sometimes,165.080,165.600,RB,10.1554,5.28,7,3.236247
audio05.TextGrid,44,9,too,165.600,165.820,RB,7.2427,5.95,2,1.056824
audio05.TextGrid,44,10,in,165.820,165.920,IN,2.7257,7.27,2,-2.015511
audio05.TextGrid,44,11,the,165.920,166.040,DT,1.7496,7.73,2,-2.488167
audio05.TextGrid,44,12,older,166.040,166.310,JJR,10.1167,4.92,4,2.803548
audio05.TextGrid,44,13,days,166.310,166.720,NNS,6.3831,5.61,3,-0.174887
audio05.TextGrid,44,14,but,167.020,167.180,CC,5.8345,6.63,3,0.392845
audio05.TextGrid,44,15,he,167.180,167.290,PRP,5.0702,6.69,2,-0.305788
audio05.TextGrid,44,16,was,167.290,167.500,VBD,4.9100,6.82,3,-0.323710
audio05.TextGrid,44,17,rough,167.500,167.880,JJ,10.8142,4.49,3,3.030437
audio05.TextGrid,44,18,and,167.880,167.990,CC,3.7098,7.41,2,-0.878189
audio05.TextGrid,44,19,harsh,167.990,168.270,JJ,8.8301,4.14,4,0.663282
audio05.TextGrid,44,20,spoken,168.270,168.800,NN,5.5329,4.45,6,-2.294641
audio05.TextGrid,44,21,and,168.800,168.910,CC,4.2891,7.41,2,-0.298889
audio05.TextGrid,44,22,difficult,168.910,169.500,JJ,9.1367,5.07,8,1.987714
audio05.TextGrid,44,23,when,169.500,169.610,WRB,7.5100,6.37,3,1.783790
audio05.TextGrid,44,24,he,169.610,169.720,PRP,4.6648,6.69,2,-0.711188
audio05.TextGrid,44,25,was,169.720,169.870,VBD,3.9210,6.82,3,-1.312710
audio05.TextGrid,44,26,drinking,169.870,170.410,VBG,11.1678,4.71,7,3.624815
audio05.TextGrid,45,1,his,170.960,171.130,PRP$,5.4396,6.51,3,-0.133388
audio05.TextGrid,45,2,mind,171.130,171.420,NN,10.3447,5.41,4,3.567825
audio05.TextGrid,45,3,was,171.420,171.590,VBD,4.2184,6.82,3,-1.015310
audio05.TextGrid,45,4,on,171.590,171.770,IN,4.9418,6.91,2,-0.193410
audio05.TextGrid,45,5,horses,171.770,172.230,NNS,6.8972,4.45,6,-0.930341
audio05.TextGrid,45,6,as,172.230,172.350,RB,4.5402,6.77,2,-0.748232
audio05.TextGrid,45,7,well,172.350,172.560,RB,7.9462,6.03,3,1.847880
audio05.TextGrid,45,8,as,172.560,172.680,IN,5.1778,6.77,2,-0.110632
audio05.TextGrid,45,9,baseball,172.680,173.240,NN,11.0385,4.54,6,3.309459
audio05.TextGrid,46,1,at,173.830,173.980,IN,5.5118,6.7,2,0.146756
audio05.TextGrid,46,2,least,173.980,174.270,JJS,7.3693,5.44,4,0.625258
audio05.TextGrid,46,3,he,174.270,174.380,PRP,5.3865,6.69,2,0.010512
audio05.TextGrid,46,4,carried,174.380,174.820,VBD,8.2993,4.77,5,0.821981
audio05.TextGrid,46,5,lists,174.820,175.150,NNS,7.8040,4.38,5,-0.100152
audio05.TextGrid,46,6,of,175.150,175.280,IN,2.9201,7.4,2,-1.678833
audio05.TextGrid,46,7,horses,175.280,175.710,NNS,6.8212,4.45,6,-1.006341
audio05.TextGrid,46,8,at,175.710,175.830,IN,4.7074,6.7,2,-0.657644
audio05.TextGrid,46,9,all,175.830,175.990,DT,5.4409,6.52,2,-0.121143
audio05.TextGrid,46,10,times,175.990,176.410,NNS,8.2307,5.56,4,1.617991
audio05.TextGrid,46,11,in,176.410,176.490,IN,3.5253,7.27,2,-1.215911
audio05.TextGrid,46,12,his,176.490,176.630,PRP$,5.3078,6.51,3,-0.265188
audio05.TextGrid,46,13,pocket,176.630,177.060,NN,10.3571,4.48,5,2.562393
audio05.TextGrid,46,14,and,177.450,177.580,CC,4.3268,7.41,2,-0.261189
audio05.TextGrid,46,15,frequently,177.580,178.120,RB,9.9437,4.56,10,2.236548
audio05.TextGrid,46,16,spoke,178.120,178.460,VBD,11.1076,4.61,4,3.455170
audio05.TextGrid,46,17,the,178.460,178.550,DT,2.4451,7.73,2,-1.792667
audio05.TextGrid,46,18,names,178.550,178.840,NNS,10.0988,4.91,4,2.774703
audio05.TextGrid,46,19,of,178.840,178.960,IN,3.0194,7.4,2,-1.579533
audio05.TextGrid,46,20,horses,178.960,179.330,NNS,6.8178,4.45,6,-1.009741
audio05.TextGrid,46,21,on,179.330,179.450,IN,4.4781,6.91,2,-0.657110
audio05.TextGrid,46,22,the,179.450,179.550,DT,1.7015,7.73,2,-2.536267
audio05.TextGrid,46,23,telephone,179.550,180.200,NN,7.7308,4.41,7,-0.140518
audio06.TextGrid,1,1,he,0.890,1.000,PRP,4.5353,6.69,2,-0.840688
audio06.TextGrid,1,2,was,1.000,1.160,VBD,3.9158,6.82,3,-1.317910
audio06.TextGrid,1,3,a,1.160,1.220,DT,3.3341,7.36,1,-1.308611
audio06.TextGrid,1,4,great,1.220,1.540,JJ,7.7281,5.88,4,1.465613
audio06.TextGrid,1,5,manager,1.540,2.010,NN,6.9896,4.97,6,-0.268830
audio06.TextGrid,1,6,the,2.160,2.230,DT,4.1027,7.73,2,-0.135067
audio06.TextGrid,1,7,boy,2.230,2.450,NN,10.2457,5.17,2,3.206159
audio06.TextGrid,1,8,said,2.450,2.800,VBD,4.5301,6.01,3,-1.590109
audio06.TextGrid,2,1,my,3.440,3.570,PRP$,7.2801,6.57,2,1.772779
audio06.TextGrid,2,2,father,3.570,3.910,NN,8.9676,5.26,4,2.026558
audio06.TextGrid,2,3,thinks,3.910,4.170,VBZ,9.0589,4.78,5,1.592526
audio06.TextGrid,2,4,he,4.170,4.250,PRP,5.3680,6.69,2,-0.007988
audio06.TextGrid,2,5,was,4.250,4.460,VBD,5.3812,6.82,3,0.147490
audio06.TextGrid,2,6,the,4.480,4.570,DT,2.4462,7.73,2,-1.791567
audio06.TextGrid,2,7,greatest,4.570,5.150,JJS,9.6204,4.79,7,2.164970
audio06.TextGrid,3,1,because,6.250,6.600,IN,6.7432,6.03,5,0.644880
audio06.TextGrid,3,2,he,6.600,6.710,PRP,4.5103,6.69,2,-0.865688
audio06.TextGrid,3,3,came,6.710,6.960,VBD,8.2431,5.5,3,1.564725
audio06.TextGrid,3,4,here,6.960,7.190,RB,7.1930,5.97,3,1.029013
audio06.TextGrid,3,5,the,7.190,7.290,DT,3.5068,7.73,2,-0.730967
audio06.TextGrid,3,6,most,7.290,7.550,RBS,6.2597,6.0,3,0.128546
audio06.TextGrid,3,7,times,7.550,8.110,NNS,8.0015,5.56,4,1.388791
audio06.TextGrid,3,8,the,8.410,8.520,DT,3.3370,7.73,2,-0.900767
audio06.TextGrid,3,9,old,8.520,8.720,JJ,7.3398,5.75,3,0.935036
audio06.TextGrid,3,10,man,8.720,8.960,NN,7.6961,5.82,3,1.367947
audio06.TextGrid,3,11,said,8.960,9.320,VBD,3.9372,6.01,3,-2.183009
audio06.TextGrid,4,1,if,9.850,9.970,IN,6.7770,6.47,2,1.160235
audio06.TextGrid,4,2,durocher,9.970,10.500,NN,5.7709,1.86,7,-4.891248
audio06.TextGrid,4,3,had,10.500,10.630,VBD,6.4487,6.33,3,0.678713
audio06.TextGrid,4,4,continued,10.630,11.100,VBN,8.6627,4.96,9,1.393325
audio06.TextGrid,4,5,to,11.100,11.170,TO,2.9941,7.43,2,-1.572000
audio06.TextGrid,4,6,come,11.170,11.420,VB,6.8642,5.78,3,0.492269
audio06.TextGrid,4,7,here,11.420,11.650,RB,7.2847,5.97,3,1.120713
audio06.TextGrid,4,8,each,11.650,11.890,DT,8.1033,5.69,2,1.632869
audio06.TextGrid,4,9,year,11.890,12.060,NN,4.9255,5.96,3,-1.249431
audio06.TextGrid,4,10,your,12.060,12.240,PRP$,8.6738,6.53,3,3.122701
audio06.TextGrid,4,11,father,12.240,12.520,NN,8.9722,5.26,4,2.031158
audio06.TextGrid,4,12,would,12.520,12.710,MD,5.3258,6.27,3,-0.509854
audio06.TextGrid,4,13,think,12.710,12.950,VB,6.4251,6.08,4,0.381502
audio06.TextGrid,4,14,him,12.950,13.120,PRP,8.1915,6.11,3,2.180735
audio06.TextGrid,4,15,the,13.120,13.210,DT,3.5322,7.73,2,-0.705567
audio06.TextGrid,4,16,greatest,13.210,13.650,JJS,9.6264,4.79,7,2.170970
audio06.TextGrid,4,17,manager,13.650,14.160,NN,7.3790,4.97,6,0.120570
audio06.TextGrid,5,1,who,15.780,15.960,WP,6.0467,6.34,2,0.287657
audio06.TextGrid,5,2,is,15.960,16.080,VBZ,3.7676,7.07,2,-1.192500
audio06.TextGrid,5,3,the,16.080,16.160,DT,2.4046,7.73,2,-1.833167
audio06.TextGrid,5,4,greatest,16.160,16.580,JJS,9.6249,4.79,7,2.169470
audio06.TextGrid,5,5,manager,16.580,17.050,NN,7.3403,4.97,6,0.081870
audio06.TextGrid,5,6,really,17.050,17.410,RB,8.2417,5.97,4,2.077713
audio06.TextGrid,5,7,luque,17.780,18.020,VBZ,3.5465,1.8,3,-7.181315
audio06.TextGrid,5,8,or,18.020,18.270,CC,5.9119,6.54,1,0.371746
audio06.TextGrid,5,9,mike,18.270,18.450,VB,12.7460,4.8,3,5.301515
audio06.TextGrid,5,10,gonzalez,18.450,19.120,NN,5.9859,3.48,8,-2.903250
audio06.TextGrid,6,1,i,20.070,20.140,NN,5.5144,7.09,1,0.576189
audio06.TextGrid,6,2,think,20.140,20.370,VBP,6.6270,6.08,4,0.583402
audio06.TextGrid,6,3,they,20.370,20.520,PRP,5.4117,6.5,2,-0.172232
audio06.TextGrid,6,4,are,20.520,20.700,VBP,5.6221,6.74,2,0.300834
audio06.TextGrid,6,5,equal,20.700,21.160,JJ,9.7203,4.65,5,2.111648
audio06.TextGrid,7,1,and,22.330,22.430,CC,3.7036,7.41,2,-0.884389
audio06.TextGrid,7,2,the,22.430,22.510,DT,2.0380,7.73,2,-2.199767
audio06.TextGrid,7,3,best,22.510,22.810,JJS,7.8104,5.84,4,1.504135
audio06.TextGrid,7,4,fisherman,22.810,23.230,NN,4.6035,3.49,7,-4.274706
audio06.TextGrid,7,5,is,23.230,23.370,VBZ,3.5679,7.07,2,-1.392200
audio06.TextGrid,7,6,you,23.370,23.670,PRP,6.5314,6.98,2,1.472801
audio06.TextGrid,8,1,no,24.420,25.030,DT,5.7679,6.35,2,0.019801
audio06.TextGrid,8,2,i,25.170,25.350,NN,8.2555,7.09,1,3.317289
audio06.TextGrid,8,3,know,25.350,25.580,VBP,7.4964,6.1,2,1.474691
audio06.TextGrid,8,4,others,25.580,25.880,NNS,9.6622,5.42,4,2.896269
audio06.TextGrid,8,5,better,25.880,26.270,RBR,8.7007,5.76,4,2.306880
audio06.TextGrid,9,1,que,27.150,27.340,NN,5.9246,3.84,3,-2.570551
audio06.TextGrid,9,2,va,27.340,27.770,VBZ,3.9034,4.26,2,-4.132085
audio06.TextGrid,9,3,the,27.880,27.960,DT,2.6327,7.73,2,-1.605067
audio06.TextGrid,9,4,boy,27.960,28.200,NN,10.2400,5.17,2,3.200459
audio06.TextGrid,9,5,said,28.200,28.540,VBD,5.1149,6.01,3,-1.005309
audio06.TextGrid,9,6,there,28.800,28.940,EX,6.2268,6.31,3,0.434924
audio06.TextGrid,9,7,are,28.940,29.080,VBP,4.8256,6.74,2,-0.495666
audio06.TextGrid,9,8,many,29.080,29.330,JJ,6.8394,5.91,4,0.609746
audio06.TextGrid,9,9,good,29.330,29.560,JJ,7.6818,6.12,3,1.681979
audio06.TextGrid,9,10,fishermen,29.560,30.020,NNS,5.9575,3.65,7,-2.745595
audio06.TextGrid,9,11,and,30.020,30.150,CC,4.1840,7.41,2,-0.403989
audio06.TextGrid,9,12,some,30.150,30.340,DT,6.0003,6.2,3,0.088035
audio06.TextGrid,9,13,great,30.340,30.670,JJ,7.7368,5.88,4,1.474313
audio06.TextGrid,9,14,ones,30.670,31.020,NNS,8.3899,5.07,4,1.240914
audio06.TextGrid,9,15,but,31.330,31.500,CC,5.8407,6.63,3,0.399045
audio06.TextGrid,9,16,there,31.500,31.640,EX,6.2862,6.31,3,0.494324
audio06.TextGrid,9,17,is,31.640,31.760,VBZ,3.8793,7.07,2,-1.080800
audio06.TextGrid,9,18,only,31.760,32.100,RB,6.2264,6.12,4,0.226579
audio06.TextGrid,9,19,you,32.100,32.390,PRP,7.6997,6.98,2,2.641101
audio06.TextGrid,10,1,thank,33.610,33.920,NN,5.9246,5.48,4,-0.775664
audio06.TextGrid,10,2,you,33.920,34.120,PRP,8.4373,6.98,2,3.378701
audio06.TextGrid,10,3,you,34.280,34.380,PRP,7.9349,6.98,2,2.876301
audio06.TextGrid,10,4,make,34.380,34.580,VBP,5.7712,6.08,3,-0.272398
audio06.TextGrid,10,5,me,34.580,34.770,PRP,8.6002,6.48,2,2.994379
audio06.TextGrid,10,6,happy,34.770,35.230,JJ,12.1329,5.35,4,5.290358
audio06.TextGrid,11,1,i,36.040,36.140,NNS,5.5144,7.09,1,0.576189
audio06.TextGrid,11,2,hope,36.140,36.410,VBP,8.4353,5.44,3,1.691258
audio06.TextGrid,11,3,no,36.410,36.580,DT,6.4551,6.35,2,0.707001
audio06.TextGrid,11,4,fish,36.580,36.860,NN,4.3532,4.9,3,-2.981841
audio06.TextGrid,11,5,will,36.860,36.970,MD,5.9497,6.45,3,0.311046
audio06.TextGrid,11,6,come,36.970,37.190,VB,6.4504,5.78,3,0.078469
audio06.TextGrid,11,7,along,37.190,37.510,RB,8.7893,5.38,4,1.979592
audio06.TextGrid,11,8,so,37.510,37.730,RB,7.6288,6.52,2,2.066757
audio06.TextGrid,11,9,great,37.730,37.960,JJ,7.9208,5.88,4,1.658313
audio06.TextGrid,11,10,that,37.960,38.120,IN,4.9122,7.01,3,-0.113566
audio06.TextGrid,11,11,he,38.120,38.200,PRP,4.7839,6.69,2,-0.592088
audio06.TextGrid,11,12,will,38.200,38.350,MD,5.6209,6.45,3,-0.017754
audio06.TextGrid,11,13,prove,38.350,38.610,VB,7.4040,4.77,4,-0.073319
audio06.TextGrid,11,14,us,38.610,38.820,PRP,7.4875,6.04,2,1.400124
audio06.TextGrid,11,15,wrong,38.820,39.270,JJ,10.0249,5.39,3,3.226136
audio06.TextGrid,12,1,there,40.830,41.030,EX,5.7321,6.31,3,-0.059776
audio06.TextGrid,12,2,is,41.030,41.210,VBZ,3.4079,7.07,2,-1.552200
audio06.TextGrid,12,3,no,41.210,41.370,DT,6.4200,6.35,2,0.671901
audio06.TextGrid,12,4,such,41.370,41.650,JJ,6.2326,5.84,3,-0.073665
audio06.TextGrid,12,5,fish,41.650,41.910,NN,4.1721,4.9,3,-3.162941
audio06.TextGrid,12,6,if,41.910,42.020,IN,6.0693,6.47,2,0.452535
audio06.TextGrid,12,7,you,42.020,42.200,PRP,5.6101,6.98,2,0.551501
audio06.TextGrid,12,8,are,42.200,42.230,VBP,5.5575,6.74,1,0.236234
audio06.TextGrid,12,9,still,42.230,42.500,RB,6.7051,5.92,4,0.486391
audio06.TextGrid,12,10,strong,42.500,42.860,JJ,7.3958,5.22,5,0.410981
audio06.TextGrid,12,11,as,42.860,42.970,IN,4.8547,6.77,2,-0.433732
audio06.TextGrid,12,12,you,42.970,43.070,PRP,5.7060,6.98,2,0.647401
audio06.TextGrid,12,13,say,43.070,43.470,VBP,6.9644,5.89,2,0.712858
audio06.TextGrid,13,1,i,44.620,44.740,NN,5.5144,7.09,1,0.576189
audio06.TextGrid,13,2,may,44.740,44.880,MD,5.5988,5.98,2,-0.554243
audio06.TextGrid,13,3,not,44.880,45.000,RB,6.1920,6.69,3,0.816012
audio06.TextGrid,13,4,be,45.000,45.230,VB,4.4496,6.79,2,-0.816944
audio06.TextGrid,13,5,as,45.230,45.320,RB,5.0211,6.77,2,-0.267332
audio06.TextGrid,13,6,strong,45.320,45.650,JJ,7.9166,5.22,5,0.931781
audio06.TextGrid,13,7,as,45.650,45.770,IN,5.8368,6.77,2,0.548368
audio06.TextGrid,13,8,i,45.770,45.900,NN,5.5305,7.09,1,0.592289
audio06.TextGrid,13,9,think,45.900,46.250,VBP,8.2903,6.08,4,2.246702
audio06.TextGrid,14,1,the,46.740,46.850,DT,1.8241,7.73,2,-2.413667
audio06.TextGrid,14,2,old,46.850,47.060,JJ,7.3292,5.75,3,0.924436
audio06.TextGrid,14,3,man,47.060,47.280,NN,7.6921,5.82,3,1.363947
audio06.TextGrid,14,4,said,47.280,47.600,VBD,3.5568,6.01,3,-2.563409
audio06.TextGrid,14,5,but,47.890,48.030,CC,5.6168,6.63,3,0.175145
audio06.TextGrid,14,6,i,48.030,48.170,VBD,7.5242,7.09,1,2.585989
audio06.TextGrid,14,7,know,48.170,48.340,VBP,7.9210,6.1,2,1.899291
audio06.TextGrid,14,8,many,48.340,48.620,JJ,6.8180,5.91,4,0.588346
audio06.TextGrid,14,9,tricks,48.620,49.270,NNS,5.3688,4.15,5,-2.787073
audio06.TextGrid,14,10,and,49.470,49.590,CC,4.2060,7.41,2,-0.381989
audio06.TextGrid,14,11,i,49.590,49.720,NNS,5.9400,7.09,1,1.001789
audio06.TextGrid,14,12,have,49.720,49.890,VBP,4.4129,6.71,3,-0.941199
audio06.TextGrid,14,13,resolution,49.890,50.510,NN,11.6524,4.59,9,3.978082
audio06.TextGrid,15,1,you,52.370,52.550,PRP,5.7058,6.98,2,0.647201
audio06.TextGrid,15,2,ought,52.550,52.630,MD,8.7543,4.35,2,0.817315
audio06.TextGrid,15,3,to,52.630,52.700,TO,4.2062,7.43,2,-0.359900
audio06.TextGrid,15,4,go,52.700,52.830,VB,6.5777,6.03,2,0.479380
audio06.TextGrid,15,5,to,52.830,52.900,TO,3.4124,7.43,2,-1.153700
audio06.TextGrid,15,6,bed,52.900,53.140,RB,6.5585,5.07,3,-0.590486
audio06.TextGrid,15,7,now,53.140,53.390,RB,5.8335,6.18,2,-0.100654
audio06.TextGrid,15,8,so,53.390,53.540,RB,5.8795,6.52,2,0.317457
audio06.TextGrid,15,9,that,53.540,53.700,IN,4.3575,7.01,3,-0.668266
audio06.TextGrid,15,10,you,53.700,53.790,PRP,6.0340,6.98,2,0.975401
audio06.TextGrid,15,11,will,53.790,53.900,MD,5.5489,6.45,3,-0.089754
audio06.TextGrid,15,12,be,53.900,54.050,VB,3.7609,6.79,2,-1.505644
audio06.TextGrid,15,13,fresh,54.050,54.340,JJ,10.3108,4.83,4,2.899148
audio06.TextGrid,15,14,in,54.340,54.410,IN,3.8586,7.27,2,-0.882611
audio06.TextGrid,15,15,the,54.410,54.490,DT,1.7063,7.73,2,-2.531467
audio06.TextGrid,15,16,morning,54.490,54.890,NN,8.8494,5.33,6,1.984969
audio06.TextGrid,16,1,i,55.550,55.640,NN,5.5144,7.09,1,0.576189
audio06.TextGrid,16,2,will,55.640,55.770,MD,4.2229,6.45,3,-1.415754
audio06.TextGrid,16,3,take,55.770,55.990,VB,5.6108,5.92,3,-0.607909
audio06.TextGrid,16,4,the,55.990,56.070,DT,2.3251,7.73,2,-1.912667
audio06.TextGrid,16,5,things,56.070,56.400,NNS,8.4878,5.74,4,2.072091
audio06.TextGrid,16,6,back,56.400,56.600,RB,8.2568,6.04,3,2.169424
audio06.TextGrid,16,7,to,56.600,56.710,TO,3.5812,7.43,2,-0.984900
audio06.TextGrid,16,8,the,56.710,56.800,DT,2.3998,7.73,2,-1.837967
audio06.TextGrid,16,9,terrace,56.800,57.330,NN,11.0455,3.88,5,2.594127
audio06.TextGrid,17,1,good,58.690,58.910,JJ,7.5665,6.12,3,1.566679
audio06.TextGrid,17,2,night,58.910,59.040,NN,8.6122,5.61,3,2.054213
audio06.TextGrid,17,3,then,59.040,59.370,RB,8.3709,6.07,3,2.316357
audio06.TextGrid,17,4,i,59.400,59.450,VB,7.1917,7.09,1,2.253489
audio06.TextGrid,17,5,will,59.880,60.030,MD,5.1356,6.45,3,-0.503054
audio06.TextGrid,17,6,wake,60.030,60.400,VB,12.6322,4.76,3,5.143937
audio06.TextGrid,17,7,you,60.400,60.510,PRP,7.7283,6.98,2,2.669701
audio06.TextGrid,17,8,in,60.510,60.570,IN,2.8943,7.27,2,-1.846911
audio06.TextGrid,17,9,the,60.570,60.650,DT,1.7015,7.73,2,-2.536267
audio06.TextGrid,17,10,morning,60.650,61.110,NN,8.8497,5.33,6,1.985269
audio06.TextGrid,18,1,you,62.260,62.380,PRP,5.7058,6.98,2,0.647201
audio06.TextGrid,18,2,re,62.380,62.440,VBP,3.9761,5.23,2,-2.997775
audio06.TextGrid,18,3,my,62.440,62.650,PRP$,8.2445,6.57,2,2.737179
audio06.TextGrid,18,4,alarm,62.650,62.970,NN,4.2555,4.28,5,-3.758096
audio06.TextGrid,18,5,clock,62.970,63.320,NN,11.4676,4.43,4,3.618171
audio06.TextGrid,18,6,the,63.440,63.540,DT,4.0686,7.73,2,-0.169167
audio06.TextGrid,18,7,boy,63.540,63.760,NN,10.2442,5.17,2,3.204659
audio06.TextGrid,18,8,said,63.760,64.130,VBD,4.5292,6.01,3,-1.591009
audio06.TextGrid,19,1,age,64.960,65.410,NN,9.5425,5.32,2,2.667125
audio06.TextGrid,19,2,is,65.410,65.550,VBZ,3.8990,7.07,2,-1.061100
audio06.TextGrid,19,3,my,65.550,65.790,PRP$,8.0894,6.57,2,2.582079
audio06.TextGrid,19,4,alarm,65.790,66.080,NN,4.2527,4.28,5,-3.760896
audio06.TextGrid,19,5,clock,66.080,66.450,NN,11.4719,4.43,4,3.622471
audio06.TextGrid,19,6,the,66.750,66.870,DT,4.0616,7.73,2,-0.176167
audio06.TextGrid,19,7,old,66.870,67.060,JJ,7.3427,5.75,3,0.937936
audio06.TextGrid,19,8,man,67.060,67.290,NN,7.6998,5.82,3,1.371647
audio06.TextGrid,19,9,said,67.290,67.670,VBD,4.4049,6.01,3,-1.715309
audio06.TextGrid,20,1,why,68.300,68.500,WRB,8.5208,5.93,2,2.313035
audio06.TextGrid,20,2,do,68.500,68.690,VBP,7.7790,6.35,2,2.030901
audio06.TextGrid,20,3,old,68.690,68.920,JJ,7.9634,5.75,3,1.558636
audio06.TextGrid,20,4,men,68.920,69.100,NNS,7.7984,5.51,3,1.130969
audio06.TextGrid,20,5,wake,69.100,69.390,VBP,10.8385,4.76,3,3.350237
audio06.TextGrid,20,6,so,69.390,69.680,RB,6.7334,6.52,2,1.171357
audio06.TextGrid,20,7,early,69.680,70.040,JJ,7.0740,5.43,3,0.319014
audio06.TextGrid,21,1,is,70.620,70.760,VBZ,7.3696,7.07,2,2.409500
audio06.TextGrid,21,2,it,70.760,70.920,PRP,4.5538,6.95,2,-0.537633
audio06.TextGrid,21,3,to,70.920,71.000,TO,3.3152,7.43,2,-1.250900
audio06.TextGrid,21,4,have,71.000,71.210,VB,4.6865,6.71,3,-0.667599
audio06.TextGrid,21,5,one,71.210,71.510,CD,6.5411,6.47,3,0.924335
audio06.TextGrid,21,6,longer,71.510,71.990,JJR,9.5618,5.16,5,2.511314
audio06.TextGrid,21,7,day,71.990,72.430,NN,8.7813,5.95,2,2.595424
audio06.TextGrid,22,1,i,73.870,74.000,JJ,5.5144,7.09,1,0.576189
audio06.TextGrid,22,2,don,74.000,74.170,VBP,12.6352,4.6,3,4.971826
audio06.TextGrid,22,3,t,74.170,74.200,NN,5.4864,5.43,1,-1.268586
audio06.TextGrid,22,4,know,74.200,74.500,VBP,7.8352,6.1,2,1.813491
audio06.TextGrid,22,5,the,74.660,74.770,DT,2.4396,7.73,2,-1.798167
audio06.TextGrid,22,6,boy,74.770,74.990,NN,10.2391,5.17,2,3.199559
audio06.TextGrid,22,7,said,74.990,75.350,VBD,5.3696,6.01,3,-0.750609
audio06.TextGrid,23,1,all,75.910,76.140,DT,5.5566,6.52,2,-0.005443
audio06.TextGrid,23,2,i,76.140,76.270,NN,8.6922,7.09,1,3.753989
audio06.TextGrid,23,3,know,76.270,76.490,VBP,7.9885,6.1,2,1.966791
audio06.TextGrid,23,4,is,76.490,76.630,VBZ,4.6100,7.07,2,-0.350100
audio06.TextGrid,23,5,that,76.630,76.820,IN,4.4601,7.01,3,-0.565666
audio06.TextGrid,23,6,young,76.820,77.040,JJ,8.5433,5.43,3,1.788314
audio06.TextGrid,23,7,boys,77.040,77.430,NNS,9.4588,5.03,3,2.266036
audio06.TextGrid,23,8,sleep,77.430,77.770,JJ,10.2548,5.05,4,3.083925
audio06.TextGrid,23,9,late,77.770,78.010,JJ,8.1192,5.34,3,1.265714
audio06.TextGrid,23,10,and,78.010,78.150,CC,3.7166,7.41,3,-0.871389
audio06.TextGrid,23,11,hard,78.150,78.630,JJ,7.7833,5.53,4,1.137758
audio06.TextGrid,24,1,i,79.990,80.110,NN,5.5144,7.09,1,0.576189
audio06.TextGrid,24,2,can,80.110,80.340,MD,5.3141,6.46,3,-0.313610
audio06.TextGrid,24,3,remember,80.340,80.890,VB,9.5920,5.38,7,2.782292
audio06.TextGrid,24,4,it,80.890,81.090,PRP,4.3895,6.95,2,-0.701933
audio06.TextGrid,24,5,the,81.470,81.570,DT,3.8258,7.73,2,-0.411967
audio06.TextGrid,24,6,old,81.570,81.780,JJ,7.3408,5.75,3,0.936036
audio06.TextGrid,24,7,man,81.780,82.050,NN,7.6964,5.82,3,1.368247
audio06.TextGrid,24,8,said,82.050,82.460,VBD,4.4602,6.01,3,-1.660009
audio06.TextGrid,25,1,i,83.390,83.490,NN,5.5144,7.09,1,0.576189
audio06.TextGrid,25,2,ll,83.490,83.570,VBP,3.9811,4.66,1,-3.616607
audio06.TextGrid,25,3,waken,83.570,83.860,VBN,5.7477,2.29,5,-4.443838
audio06.TextGrid,25,4,you,83.860,84.020,PRP,7.0189,6.98,2,1.960301
audio06.TextGrid,25,5,in,84.020,84.130,IN,2.9842,7.27,2,-1.757011
audio06.TextGrid,25,6,time,84.130,84.570,NN,7.4945,6.29,3,1.680735
audio06.TextGrid,26,1,i,85.970,86.040,NNS,5.5144,7.09,1,0.576189
audio06.TextGrid,26,2,do,86.040,86.130,VBP,5.3616,6.35,2,-0.386499
audio06.TextGrid,26,3,not,86.130,86.350,RB,5.5372,6.69,3,0.161212
audio06.TextGrid,26,4,like,86.350,86.520,VB,6.9985,6.41,3,1.316068
audio06.TextGrid,26,5,for,86.520,86.670,IN,5.1162,7.01,2,0.090434
audio06.TextGrid,26,6,him,86.670,86.800,PRP,7.4668,6.11,3,1.456035
audio06.TextGrid,26,7,to,86.800,86.900,TO,3.2404,7.43,2,-1.325700
audio06.TextGrid,26,8,waken,86.900,87.230,VB,4.3477,2.29,5,-5.843838
audio06.TextGrid,26,9,me,87.230,87.440,PRP,8.5498,6.48,2,2.943979
audio06.TextGrid,26,10,it,87.730,87.860,PRP,5.7812,6.95,2,0.689767
audio06.TextGrid,26,11,is,87.860,87.990,VBZ,4.2030,7.07,2,-0.757100
audio06.TextGrid,26,12,as,87.990,88.120,IN,5.1941,6.77,2,-0.094332
audio06.TextGrid,26,13,though,88.120,88.280,IN,8.4739,5.5,2,1.795525
audio06.TextGrid,26,14,i,88.280,88.370,NN,5.7477,7.09,1,0.809489
audio06.TextGrid,26,15,were,88.370,88.570,VBD,5.8659,6.34,2,0.106857
audio06.TextGrid,26,16,inferior,88.570,89.180,JJ,5.8008,3.81,7,-2.727184
audio06.TextGrid,27,1,i,90.210,90.340,NN,5.5144,7.09,1,0.576189
audio06.TextGrid,27,2,know,90.340,90.620,VBP,7.0565,6.1,2,1.034791
audio06.TextGrid,27,3,sleep,92.040,92.340,RB,10.3310,5.05,4,3.160125
audio06.TextGrid,27,4,well,92.340,92.530,RB,6.6817,6.03,3,0.583380
audio06.TextGrid,27,5,old,92.530,92.740,JJ,7.8123,5.75,3,1.407536
audio06.TextGrid,27,6,man,92.740,93.030,NN,9.2768,5.82,3,2.948647
audio06.TextGrid,28,1,the,95.230,95.320,DT,1.8241,7.73,2,-2.413667
audio06.TextGrid,28,2,boy,95.320,95.570,NN,10.2353,5.17,2,3.195759
audio06.TextGrid,28,3,went,95.570,95.780,VBD,7.4454,5.5,4,0.767025
audio06.TextGrid,28,4,out,95.780,96.110,IN,5.7251,6.38,2,0.009835
audio06.TextGrid,28,5,they,96.580,96.730,PRP,5.2122,6.5,2,-0.371732
audio06.TextGrid,28,6,had,96.730,96.840,VBD,6.8348,6.33,3,1.064813
audio06.TextGrid,28,7,eaten,96.840,97.220,VBN,6.3642,4.13,4,-1.813562
audio06.TextGrid,28,8,with,97.220,97.390,IN,4.1907,6.85,3,-1.010177
audio06.TextGrid,28,9,no,97.390,97.570,DT,5.6710,6.35,2,-0.077099
audio06.TextGrid,28,10,light,97.570,97.810,NN,7.7264,5.33,3,0.861969
audio06.TextGrid,28,11,on,97.810,97.920,IN,5.4019,6.91,2,0.266690
audio06.TextGrid,28,12,the,97.920,98.010,DT,1.7097,7.73,2,-2.528067
audio06.TextGrid,28,13,table,98.010,98.430,NN,10.2351,5.05,5,3.064225
audio06.TextGrid,28,14,and,98.660,98.760,CC,4.2567,7.41,2,-0.331289
audio06.TextGrid,28,15,the,98.760,98.850,DT,2.3299,7.73,2,-1.907867
audio06.TextGrid,28,16,old,98.850,99.070,JJ,7.3317,5.75,3,0.926936
audio06.TextGrid,28,17,man,99.070,99.290,NN,7.6917,5.82,3,1.363547
audio06.TextGrid,28,18,took,99.290,99.500,VBD,7.5031,5.51,3,0.835669
audio06.TextGrid,28,19,off,99.500,99.670,RP,6.2500,5.93,2,0.042235
audio06.TextGrid,28,20,his,99.670,99.850,PRP$,5.9786,6.51,3,0.405612
audio06.TextGrid,28,21,trousers,99.850,100.400,NNS,5.5675,3.7,6,-3.080873
audio06.TextGrid,28,22,and,100.400,100.590,CC,3.9923,7.41,3,-0.595689
audio06.TextGrid,28,23,went,100.590,100.740,VBD,8.8229,5.5,4,2.144525
audio06.TextGrid,28,24,to,100.740,100.840,TO,3.3583,7.43,2,-1.207800
audio06.TextGrid,28,25,bed,100.840,101.110,NN,6.9052,5.07,3,-0.243786
audio06.TextGrid,28,26,in,101.110,101.190,IN,3.2658,7.27,2,-1.475411
audio06.TextGrid,28,27,the,101.190,101.290,DT,1.7011,7.73,2,-2.536667
audio06.TextGrid,28,28,dark,101.290,101.710,NN,10.7240,5.04,4,3.542181
audio06.TextGrid,29,1,he,102.400,102.470,PRP,4.5353,6.69,2,-0.840688
audio06.TextGrid,29,2,rolled,102.470,102.810,VBD,9.2046,4.21,4,1.114393
audio06.TextGrid,29,3,his,102.810,103.030,PRP$,6.2985,6.51,3,0.725512
audio06.TextGrid,29,4,trousers,103.030,103.460,NNS,5.5828,3.7,6,-3.065573
audio06.TextGrid,29,5,up,103.460,103.640,VBP,6.0907,6.39,2,0.386379
audio06.TextGrid,29,6,to,103.640,103.710,TO,3.5765,7.43,2,-0.989600
audio06.TextGrid,29,7,make,103.710,103.870,VB,5.6504,6.08,3,-0.393198
audio06.TextGrid,29,8,a,103.870,103.920,DT,3.2147,7.36,1,-1.428011
audio06.TextGrid,29,9,pillow,103.920,104.370,NN,10.2390,3.96,4,1.875182
audio06.TextGrid,29,10,putting,104.570,104.900,VBG,10.8768,4.86,5,3.497981
audio06.TextGrid,29,11,the,104.900,105.010,DT,2.3037,7.73,2,-1.934067
audio06.TextGrid,29,12,newspaper,105.010,105.460,NN,7.6719,4.6,7,0.008526
audio06.TextGrid,29,13,inside,105.460,105.870,IN,11.5059,5.19,5,4.488247
audio06.TextGrid,29,14,them,105.870,106.100,PRP,8.1005,6.19,3,2.177290
audio06.TextGrid,30,1,he,107.170,107.280,PRP,4.5353,6.69,2,-0.840688
audio06.TextGrid,30,2,rolled,107.280,107.530,VBD,9.2046,4.21,4,1.114393
audio06.TextGrid,30,3,himself,107.530,107.920,PRP,8.9408,5.25,7,1.988814
audio06.TextGrid,30,4,in,107.920,107.990,IN,3.1490,7.27,2,-1.592211
audio06.TextGrid,30,5,the,107.990,108.060,DT,1.6968,7.73,2,-2.540967
audio06.TextGrid,30,6,blanket,108.060,108.590,NN,4.1369,4.07,7,-4.106529
audio06.TextGrid,30,7,and,108.590,108.690,CC,4.5017,7.41,2,-0.086289
audio06.TextGrid,30,8,slept,108.690,108.990,NN,5.4532,4.18,5,-2.669840
audio06.TextGrid,30,9,on,108.990,109.100,IN,4.9346,6.91,2,-0.200610
audio06.TextGrid,30,10,the,109.100,109.230,DT,1.6982,7.73,2,-2.539567
audio06.TextGrid,30,11,other,109.230,109.450,JJ,5.7822,6.16,3,-0.173843
audio06.TextGrid,30,12,old,109.450,109.690,JJ,7.9674,5.75,3,1.562636
audio06.TextGrid,30,13,newspapers,109.690,110.350,NNS,9.0005,4.25,8,0.954071
audio06.TextGrid,30,14,that,110.350,110.520,WDT,4.1148,7.01,3,-0.910966
audio06.TextGrid,30,15,covered,110.520,110.820,VBD,10.5026,4.83,5,3.090948
audio06.TextGrid,30,16,the,110.820,110.930,DT,3.1974,7.73,2,-1.040367
audio06.TextGrid,30,17,springs,110.930,111.390,NNS,9.7180,4.24,6,1.660626
audio06.TextGrid,30,18,of,111.390,111.460,IN,3.5812,7.4,2,-1.017733
audio06.TextGrid,30,19,the,111.460,111.550,DT,1.6869,7.73,2,-2.550867
audio06.TextGrid,30,20,bed,111.550,111.960,NN,4.1354,5.07,3,-3.013586
audio06.TextGrid,31,1,he,113.760,113.850,PRP,4.5353,6.69,2,-0.840688
audio06.TextGrid,31,2,was,113.850,114.020,VBD,3.9158,6.82,3,-1.317910
audio06.TextGrid,31,3,asleep,114.020,114.430,RB,4.6349,4.36,5,-3.291140
audio06.TextGrid,31,4,in,114.430,114.520,IN,3.7318,7.27,2,-1.009411
audio06.TextGrid,31,5,a,114.520,114.590,DT,2.6196,7.36,1,-2.023111
audio06.TextGrid,31,6,short,114.590,114.900,JJ,8.2204,5.33,4,1.355969
audio06.TextGrid,31,7,time,114.930,115.410,NN,5.9638,6.29,3,0.150035
audio06.TextGrid,31,8,and,115.690,115.820,CC,4.4647,7.41,3,-0.123289
audio06.TextGrid,31,9,he,115.820,115.910,PRP,5.0715,6.69,2,-0.304488
audio06.TextGrid,31,10,dreamed,115.910,116.320,VBD,10.4594,3.75,5,1.865749
audio06.TextGrid,31,11,of,116.320,116.430,IN,3.4431,7.4,2,-1.155833
audio06.TextGrid,31,12,africa,116.430,116.830,NN,11.0544,4.92,6,3.741248
audio06.TextGrid,31,13,when,116.830,117.170,WRB,6.8892,6.37,4,1.162990
audio06.TextGrid,31,14,he,117.170,117.260,PRP,4.6675,6.69,2,-0.708488
audio06.TextGrid,31,15,was,117.260,117.430,VBD,3.9210,6.82,3,-1.312710
audio06.TextGrid,31,16,a,117.430,117.490,DT,3.3069,7.36,1,-1.335811
audio06.TextGrid,31,17,boy,117.490,117.930,NN,10.2400,5.17,2,3.200459
audio06.TextGrid,31,18,and,118.250,118.370,CC,4.2729,7.41,2,-0.315089
audio06.TextGrid,31,19,the,118.370,118.440,DT,2.3162,7.73,2,-1.921567
audio06.TextGrid,31,20,long,118.440,118.800,JJ,7.8280,5.81,3,1.488902
audio06.TextGrid,31,21,golden,118.800,119.220,JJ,11.1629,4.67,6,3.576137
audio06.TextGrid,31,22,beaches,119.220,119.860,NNS,5.7262,3.96,5,-2.637618
audio06.TextGrid,31,23,and,119.860,119.960,CC,4.2783,7.41,2,-0.309689
audio06.TextGrid,31,24,the,119.960,120.040,DT,2.2568,7.73,2,-1.980967
audio06.TextGrid,31,25,white,120.040,120.340,JJ,7.9595,5.51,3,1.292069
audio06.TextGrid,31,26,beaches,120.380,121.040,NNS,6.7145,3.96,5,-1.649318
audio06.TextGrid,31,27,so,121.350,121.510,RB,6.7843,6.52,2,1.222257
audio06.TextGrid,31,28,white,121.510,121.780,JJ,8.5377,5.51,3,1.870269
audio06.TextGrid,31,29,they,121.780,122.040,PRP,7.5201,6.5,2,1.936168
audio06.TextGrid,31,30,hurt,122.040,122.270,VBP,8.2812,4.94,3,0.989937
audio06.TextGrid,31,31,your,122.270,122.420,PRP$,7.7500,6.53,3,2.198901
audio06.TextGrid,31,32,eyes,122.420,122.910,NNS,9.6352,5.21,2,2.639436
audio06.TextGrid,31,33,and,123.220,123.340,CC,4.0101,7.41,2,-0.577889
audio06.TextGrid,31,34,the,123.340,123.450,DT,2.3284,7.73,2,-1.909367
audio06.TextGrid,31,35,high,123.450,123.680,JJ,6.8855,5.75,2,0.480736
audio06.TextGrid,31,36,capes,123.680,124.290,NNS,6.0017,3.0,4,-3.412783
audio06.TextGrid,31,37,and,124.290,124.400,CC,4.2801,7.41,2,-0.307889
audio06.TextGrid,31,38,the,124.400,124.490,DT,2.2336,7.73,2,-2.004167
audio06.TextGrid,31,39,great,124.490,124.770,JJ,7.7303,5.88,4,1.467813
audio06.TextGrid,31,40,brown,124.810,125.110,NN,10.4150,5.01,4,3.200348
audio06.TextGrid,31,41,mountains,125.110,125.820,NNS,7.3903,4.5,7,-0.382518
audio06.TextGrid,32,1,he,126.800,126.940,PRP,4.5353,6.69,2,-0.840688
audio06.TextGrid,32,2,lived,126.940,127.130,VBD,3.3819,4.88,4,-3.975030
audio06.TextGrid,32,3,along,127.130,127.430,RP,9.1040,5.38,4,2.294292
audio06.TextGrid,32,4,that,127.430,127.620,IN,4.7006,7.01,3,-0.325166
audio06.TextGrid,32,5,coast,127.620,128.030,NN,11.2196,4.87,4,3.851726
audio06.TextGrid,32,6,now,128.030,128.320,RB,7.9723,6.18,2,2.038146
audio06.TextGrid,32,7,every,128.320,128.540,DT,9.0334,5.79,4,2.672413
audio06.TextGrid,32,8,night,128.540,128.910,NN,8.1900,5.61,3,1.632013
audio06.TextGrid,32,9,and,129.180,129.370,CC,4.3494,7.41,3,-0.238589
audio06.TextGrid,32,10,in,129.370,129.490,IN,4.3180,7.27,2,-0.423211
audio06.TextGrid,32,11,his,129.490,129.670,PRP$,5.3634,6.51,3,-0.209588
audio06.TextGrid,32,12,dreams,129.670,130.210,NN,4.2571,4.59,5,-3.417218
audio06.TextGrid,32,13,he,130.210,130.340,PRP,6.1481,6.69,2,0.772112
audio06.TextGrid,32,14,heard,130.340,130.540,VBD,8.7915,5.27,3,1.861403
audio06.TextGrid,32,15,the,130.540,130.630,DT,2.8022,7.73,2,-1.435567
audio06.TextGrid,32,16,surf,130.630,131.050,NN,4.1462,3.86,3,-4.327062
audio06.TextGrid,32,17,roar,131.050,131.460,NN,5.4072,3.7,3,-3.241173
audio06.TextGrid,32,18,and,131.460,131.620,CC,4.1343,7.41,3,-0.453689
audio06.TextGrid,32,19,saw,131.620,131.820,VBD,9.7195,5.34,2,2.866014
audio06.TextGrid,32,20,the,131.820,131.920,DT,2.4266,7.73,2,-1.811167
audio06.TextGrid,32,21,native,131.920,132.170,JJ,10.7257,4.69,5,3.160826
audio06.TextGrid,32,22,boats,132.170,132.560,NNS,5.6247,4.25,4,-2.421729
audio06.TextGrid,32,23,come,132.560,132.790,VBP,7.5638,5.78,3,1.191869
audio06.TextGrid,32,24,riding,132.790,133.180,VBG,11.0724,4.49,5,3.288637
audio06.TextGrid,32,25,through,133.180,133.460,IN,7.1108,5.87,3,0.837369
audio06.TextGrid,32,26,it,133.460,133.630,PRP,3.8411,6.95,2,-1.250333
audio06.TextGrid,33,1,he,134.140,134.260,PRP,4.5353,6.69,2,-0.840688
audio06.TextGrid,33,2,smelled,134.260,134.590,VBD,3.3819,3.5,5,-5.485362
audio06.TextGrid,33,3,the,134.590,134.670,DT,2.4671,7.73,2,-1.770667
audio06.TextGrid,33,4,tar,134.670,135.100,NN,4.1402,3.63,3,-4.584784
audio06.TextGrid,33,5,and,135.100,135.310,CC,4.5526,7.41,3,-0.035389
audio06.TextGrid,33,6,oakum,135.310,135.600,NN,5.5401,1.51,4,-5.505103
audio06.TextGrid,33,7,of,135.600,135.680,IN,3.3924,7.4,2,-1.206533
audio06.TextGrid,33,8,the,135.680,135.790,DT,1.6963,7.73,2,-2.541467
audio06.TextGrid,33,9,deck,135.790,136.190,NN,10.2361,4.41,3,2.364782
audio06.TextGrid,33,10,as,136.190,136.350,IN,4.9490,6.77,2,-0.339432
audio06.TextGrid,33,11,he,136.350,136.450,PRP,4.4883,6.69,2,-0.887688
audio06.TextGrid,33,12,slept,136.450,136.900,VBD,4.5943,4.18,5,-3.528740
audio06.TextGrid,34,1,and,137.470,137.560,CC,3.7036,7.41,2,-0.884389
audio06.TextGrid,34,2,he,137.560,137.670,PRP,4.7461,6.69,2,-0.629888
audio06.TextGrid,34,3,smelled,137.670,138.140,VBD,3.3478,3.5,5,-5.519462
audio06.TextGrid,34,4,the,138.140,138.260,DT,2.4618,7.73,2,-1.775967
audio06.TextGrid,34,5,smell,138.260,138.580,NN,4.1402,4.49,4,-3.643563
audio06.TextGrid,34,6,of,138.580,138.680,IN,3.1696,7.4,2,-1.429333
audio06.TextGrid,34,7,africa,138.680,139.050,NN,11.0037,4.92,6,3.690548
audio06.TextGrid,34,8,that,139.050,139.290,IN,5.1755,7.01,3,0.149734
audio06.TextGrid,34,9,the,139.400,139.630,DT,1.9498,7.73,2,-2.287967
audio06.TextGrid,34,10,land,139.630,140.060,NN,9.1327,5.22,4,2.147881
audio06.TextGrid,34,11,breeze,140.060,140.560,NN,5.3671,3.86,4,-3.106162
audio06.TextGrid,34,12,brought,140.560,140.850,VBD,9.5049,5.16,4,2.454414
audio06.TextGrid,34,13,at,140.850,141.000,IN,4.5311,6.7,2,-0.833944
audio06.TextGrid,34,14,morning,141.000,141.450,NN,10.5004,5.33,6,3.635969
audio06.TextGrid,35,1,usually,143.490,144.030,RB,8.7093,5.15,6,1.647870
audio06.TextGrid,35,2,when,144.030,144.190,WRB,7.3407,6.37,3,1.614490
audio06.TextGrid,35,3,he,144.190,144.330,PRP,4.7749,6.69,2,-0.601088
audio06.TextGrid,35,4,smelled,144.330,144.680,VBD,3.3861,3.5,5,-5.481162
audio06.TextGrid,35,5,the,144.680,144.750,DT,2.3624,7.73,2,-1.875367
audio06.TextGrid,35,6,land,144.750,145.060,NN,9.1326,5.22,4,2.147781
audio06.TextGrid,35,7,breeze,145.060,145.620,NN,5.3842,3.86,4,-3.089062
audio06.TextGrid,35,8,he,145.620,145.710,PRP,6.1418,6.69,2,0.765812
audio06.TextGrid,35,9,woke,145.710,145.980,VBD,3.6232,4.22,3,-4.456062
audio06.TextGrid,35,10,up,145.980,146.250,RB,5.0410,6.39,2,-0.663321
audio06.TextGrid,35,11,and,146.250,146.370,CC,4.1287,7.41,2,-0.459289
audio06.TextGrid,35,12,dressed,146.370,146.710,VBD,10.1163,4.42,5,2.255926
audio06.TextGrid,35,13,to,146.710,146.780,TO,2.7264,7.43,2,-1.839700
audio06.TextGrid,35,14,go,146.780,146.970,VB,6.9382,6.03,2,0.839880
audio06.TextGrid,35,15,and,146.970,147.070,CC,4.0736,7.41,3,-0.514389
audio06.TextGrid,35,16,wake,147.070,147.300,VB,12.0049,4.76,3,4.516637
audio06.TextGrid,35,17,the,147.300,147.380,DT,3.9491,7.73,2,-0.288667
audio06.TextGrid,35,18,boy,147.380,147.760,NN,10.2427,5.17,2,3.203159
audio06.TextGrid,36,1,but,147.760,147.920,CC,5.3198,6.63,3,-0.121855
audio06.TextGrid,36,2,tonight,148.770,149.280,VBD,6.8858,5.03,5,-0.306964
audio06.TextGrid,36,3,the,149.280,149.390,DT,2.3457,7.73,2,-1.892067
audio06.TextGrid,36,4,smell,149.390,149.690,NN,4.1378,4.49,4,-3.645963
audio06.TextGrid,36,5,of,149.690,149.750,IN,3.1660,7.4,2,-1.432933
audio06.TextGrid,36,6,the,149.750,149.840,DT,1.7006,7.73,2,-2.537167
audio06.TextGrid,36,7,land,149.840,150.110,NN,9.1322,5.22,4,2.147381
audio06.TextGrid,36,8,breeze,150.110,150.490,NN,5.3221,3.86,4,-3.151162
audio06.TextGrid,36,9,came,150.490,150.740,VBD,8.1203,5.5,3,1.441925
audio06.TextGrid,36,10,very,150.740,151.060,RB,7.0117,6.0,4,0.880546
audio06.TextGrid,36,11,early,151.060,151.530,RB,7.0799,5.43,3,0.324914
audio06.TextGrid,36,12,and,151.800,151.900,CC,3.6747,7.41,3,-0.913289
audio06.TextGrid,36,13,he,151.900,152.030,PRP,5.7452,6.69,2,0.369212
audio06.TextGrid,36,14,knew,152.030,152.240,VBD,9.0498,5.2,3,2.043092
audio06.TextGrid,36,15,it,152.240,152.370,PRP,4.5179,6.95,2,-0.573533
audio06.TextGrid,36,16,was,152.370,152.540,VBD,4.7907,6.82,3,-0.443010
audio06.TextGrid,36,17,too,152.540,152.830,RB,7.2063,5.95,2,1.020424
audio06.TextGrid,36,18,early,152.830,153.080,JJ,7.0707,5.43,3,0.315714
audio06.TextGrid,36,19,in,153.080,153.180,IN,3.3562,7.27,2,-1.385011
audio06.TextGrid,36,20,his,153.180,153.370,PRP$,5.3902,6.51,3,-0.182788
audio06.TextGrid,36,21,dream,153.370,153.840,NN,4.2571,4.91,4,-3.066997
audio06.TextGrid,36,22,and,153.900,154.070,CC,4.1325,7.41,3,-0.455489
audio06.TextGrid,36,23,went,154.070,154.290,VBD,8.9848,5.5,4,2.306425
audio06.TextGrid,36,24,on,154.290,154.530,IN,4.9073,6.91,2,-0.227910
audio06.TextGrid,36,25,dreaming,154.530,155.070,VBG,8.0215,3.94,6,-0.364207
audio06.TextGrid,36,26,to,155.070,155.240,TO,3.7807,7.43,2,-0.785400
audio06.TextGrid,36,27,see,155.240,155.400,VB,6.7538,6.1,2,0.732091
audio06.TextGrid,36,28,the,155.400,155.490,DT,2.3264,7.73,2,-1.911367
audio06.TextGrid,36,29,white,155.490,155.710,JJ,7.9556,5.51,3,1.288169
audio06.TextGrid,36,30,peaks,155.710,156.090,NNS,10.7600,3.87,4,2.297682
audio06.TextGrid,36,31,of,156.090,156.160,IN,2.7955,7.4,2,-1.803433
audio06.TextGrid,36,32,the,156.160,156.330,DT,1.6990,7.73,2,-2.538767
audio06.TextGrid,36,33,islands,156.330,156.790,NNS,9.7745,4.5,6,2.001682
audio06.TextGrid,36,34,rising,156.790,157.290,VBG,9.5122,4.52,5,1.761270
audio06.TextGrid,36,35,from,157.290,157.460,IN,5.1311,6.63,3,-0.310555
audio06.TextGrid,36,36,the,157.460,157.540,DT,1.6940,7.73,2,-2.543767
audio06.TextGrid,36,37,sea,157.540,157.940,NN,8.2708,5.06,2,1.110870
audio06.TextGrid,37,1,and,158.600,158.700,CC,3.7036,7.41,2,-0.884389
audio06.TextGrid,37,2,then,158.700,158.830,RB,6.4220,6.07,3,0.367457
audio06.TextGrid,37,3,he,158.830,158.950,PRP,6.8785,6.69,2,1.502512
audio06.TextGrid,37,4,dreamed,158.950,159.270,VBD,9.9367,3.75,5,1.343049
audio06.TextGrid,37,5,of,159.270,159.340,IN,3.4563,7.4,2,-1.142633
audio06.TextGrid,37,6,the,159.340,159.450,DT,1.7444,7.73,2,-2.493367
audio06.TextGrid,37,7,different,159.450,159.770,JJ,7.6481,5.59,7,1.068225
audio06.TextGrid,37,8,harbours,159.770,160.250,NNS,5.6483,2.93,9,-3.842794
audio06.TextGrid,37,9,and,160.250,160.390,CC,4.3780,7.41,3,-0.209989
audio06.TextGrid,37,10,roadsteads,160.390,161.150,NNS,6.6098,0.0,8,-6.088012
audio06.TextGrid,37,11,of,161.150,161.210,IN,2.8783,7.4,2,-1.720633
audio06.TextGrid,37,12,the,161.210,161.310,DT,1.6975,7.73,2,-2.540267
audio06.TextGrid,37,13,canary,161.310,161.740,JJ,5.0748,3.44,6,-3.858128
audio06.TextGrid,37,14,islands,161.740,162.300,NNS,10.0417,4.5,6,2.268882
audio06.TextGrid,38,1,he,163.980,164.060,PRP,4.5353,6.69,2,-0.840688
audio06.TextGrid,38,2,no,164.060,164.220,RB,7.7850,6.35,2,2.036901
audio06.TextGrid,38,3,longer,164.220,164.550,RBR,8.6320,5.16,5,1.581514
audio06.TextGrid,38,4,dreamed,164.550,164.890,VBN,10.8758,3.75,5,2.282149
audio06.TextGrid,38,5,of,164.890,164.990,IN,3.4750,7.4,2,-1.123933
audio06.TextGrid,38,6,storms,164.990,165.840,NNS,6.8682,3.94,6,-1.517507
audio06.TextGrid,38,7,nor,165.880,166.090,CC,9.3298,4.78,3,1.863426
audio06.TextGrid,38,8,of,166.090,166.220,IN,4.3658,7.4,2,-0.233133
audio06.TextGrid,38,9,women,166.220,166.650,NNS,8.7919,5.57,5,2.190136
audio06.TextGrid,38,10,nor,166.860,167.080,CC,8.4647,4.78,3,0.998326
audio06.TextGrid,38,11,of,167.080,167.180,IN,3.9986,7.4,2,-0.600333
audio06.TextGrid,38,12,great,167.180,167.470,JJ,8.0546,5.88,4,1.792113
audio06.TextGrid,38,13,occurrences,167.470,168.410,NNS,10.0491,3.26,8,0.919172
audio06.TextGrid,38,14,nor,168.530,168.740,CC,8.0157,4.78,3,0.549326
audio06.TextGrid,38,15,of,168.740,168.800,IN,3.8750,7.4,2,-0.723933
audio06.TextGrid,38,16,great,168.800,169.130,JJ,8.0547,5.88,4,1.792213
audio06.TextGrid,38,17,fish,169.130,169.570,JJ,5.1983,4.9,3,-2.136741
audio06.TextGrid,38,18,nor,169.960,170.150,CC,8.2739,4.78,3,0.807526
audio06.TextGrid,38,19,fights,170.150,170.750,NNS,11.2237,4.19,4,3.111604
audio06.TextGrid,38,20,nor,170.750,170.890,CC,8.1559,4.78,3,0.689526
audio06.TextGrid,38,21,contests,170.890,171.590,NNS,10.6430,3.7,6,1.994627
audio06.TextGrid,38,22,of,171.590,171.670,IN,3.5247,7.4,2,-1.074233
audio06.TextGrid,38,23,strength,171.670,172.100,NN,9.9490,4.8,6,2.504515
audio06.TextGrid,38,24,nor,172.640,172.850,CC,8.6793,4.78,3,1.212926
audio06.TextGrid,38,25,of,172.850,172.950,IN,4.4041,7.4,2,-0.194833
audio06.TextGrid,38,26,his,172.950,173.150,PRP$,5.3745,6.51,3,-0.198488
audio06.TextGrid,38,27,wife,173.150,173.470,NN,9.6635,5.23,3,2.689625
audio06.TextGrid,39,1,he,174.450,174.580,PRP,4.5353,6.69,2,-0.840688
audio06.TextGrid,39,2,only,174.580,174.800,RB,7.3457,6.12,4,1.345879
audio06.TextGrid,39,3,dreamed,174.800,175.130,VBD,10.5652,3.75,5,1.971549
audio06.TextGrid,39,4,of,175.130,175.210,IN,3.4796,7.4,2,-1.119333
audio06.TextGrid,39,5,places,175.210,175.810,NNS,10.1742,5.03,6,2.981436
audio06.TextGrid,39,6,now,175.810,176.160,RB,6.9503,6.18,2,1.016146
audio06.TextGrid,39,7,and,176.360,176.490,CC,3.5613,7.41,2,-1.026689
audio06.TextGrid,39,8,of,176.490,176.570,IN,2.6221,7.4,2,-1.976833
audio06.TextGrid,39,9,the,176.570,176.660,DT,1.7750,7.73,2,-2.462767
audio06.TextGrid,39,10,lions,176.660,177.130,NNS,6.4489,4.18,5,-1.674140
audio06.TextGrid,39,11,on,177.130,177.270,IN,4.7378,6.91,2,-0.397410
audio06.TextGrid,39,12,the,177.270,177.350,DT,1.6992,7.73,2,-2.538567
audio06.TextGrid,39,13,beach,177.350,177.860,NN,10.3513,4.92,3,3.038148
audio06.TextGrid,40,1,they,178.350,178.450,PRP,4.6769,6.5,2,-0.907032
audio06.TextGrid,40,2,played,178.450,178.890,VBP,8.8821,5.23,4,1.908225
audio06.TextGrid,40,3,like,178.890,179.120,IN,6.3396,6.41,3,0.657168
audio06.TextGrid,40,4,young,179.120,179.390,JJ,8.2750,5.43,3,1.520014
audio06.TextGrid,40,5,cats,179.390,179.820,NNS,5.2777,4.46,4,-2.538896
audio06.TextGrid,40,6,in,179.820,179.910,IN,3.4773,7.27,2,-1.263911
audio06.TextGrid,40,7,the,179.910,179.990,DT,1.6932,7.73,2,-2.544567
audio06.TextGrid,40,8,dusk,179.990,180.460,NN,4.1366,3.44,4,-4.796328
audio06.TextGrid,41,1,and,180.930,181.040,CC,3.7036,7.41,2,-0.884389
audio06.TextGrid,41,2,he,181.040,181.150,PRP,4.7461,6.69,2,-0.629888
audio06.TextGrid,41,3,loved,181.150,181.400,VBD,9.0938,5.0,4,1.868203
audio06.TextGrid,41,4,them,181.400,181.660,PRP,6.6508,6.19,3,0.727590
audio06.TextGrid,41,5,as,181.660,181.760,IN,4.7247,6.77,2,-0.563732
audio06.TextGrid,41,6,he,181.760,181.850,PRP,4.5114,6.69,2,-0.864588
audio06.TextGrid,41,7,loved,181.850,182.040,VBD,10.4925,5.0,4,3.266903
audio06.TextGrid,41,8,the,182.040,182.120,DT,2.4438,7.73,2,-1.793967
audio06.TextGrid,41,9,boy,182.120,182.510,NN,10.2394,5.17,2,3.199859
audio06.TextGrid,42,1,he,183.390,183.490,PRP,4.5353,6.69,2,-0.840688
audio06.TextGrid,42,2,never,183.490,183.690,RB,8.6655,5.91,4,2.435846
audio06.TextGrid,42,3,dreamed,183.690,184.020,VBD,10.5250,3.75,5,1.931349
audio06.TextGrid,42,4,about,184.020,184.240,IN,5.6871,6.4,4,-0.006276
audio06.TextGrid,42,5,the,184.240,184.350,DT,2.0017,7.73,2,-2.236067
audio06.TextGrid,42,6,boy,184.350,184.720,NN,10.2425,5.17,2,3.202959
audio06.TextGrid,43,1,he,185.820,185.930,PRP,4.5353,6.69,2,-0.840688
audio06.TextGrid,43,2,simply,185.930,186.250,RB,9.7652,5.08,6,2.627159
audio06.TextGrid,43,3,woke,186.250,186.720,VBD,4.0428,4.22,3,-4.036462
audio06.TextGrid,43,4,looked,186.850,187.400,VBD,11.4331,5.11,4,4.327892
audio06.TextGrid,43,5,out,187.400,187.600,RP,5.6849,6.38,2,-0.030365
audio06.TextGrid,43,6,the,187.600,187.730,DT,2.1695,7.73,2,-2.068267
audio06.TextGrid,43,7,open,187.730,188.430,JJ,8.6792,5.48,4,1.978936
audio06.TextGrid,44,1,door,188.430,188.750,NN,10.2357,5.08,3,3.097659
audio06.TextGrid,44,2,at,188.750,188.980,IN,5.7131,6.7,2,0.348056
audio06.TextGrid,44,3,the,188.980,189.340,DT,1.6980,7.73,2,-2.539767
audio06.TextGrid,44,4,moon,189.340,189.590,NN,11.0450,4.7,3,3.491070
audio06.TextGrid,44,5,and,189.620,189.950,CC,3.7416,7.41,3,-0.846389
audio06.TextGrid,44,6,unrolled,189.950,190.460,VBD,8.5299,2.21,6,-1.749193
audio06.TextGrid,45,1,his,191.090,191.420,PRP$,5.4396,6.51,3,-0.133388
audio06.TextGrid,45,2,trousers,191.420,192.310,NNS,5.5695,3.7,6,-3.078873
audio06.TextGrid,45,3,and,192.310,192.600,CC,4.5868,7.41,3,-0.001189
audio06.TextGrid,45,4,put,193.110,193.910,VB,10.0086,5.66,3,3.505336
audio06.TextGrid,45,5,them,193.910,194.440,PRP,7.4598,6.19,3,1.536590
audio06.TextGrid,45,6,on,194.440,194.720,IN,4.4145,6.91,2,-0.720710
audio06.TextGrid,46,1,he,194.720,194.790,PRP,4.5353,6.69,2,-0.840688
audio06.TextGrid,46,2,urinated,195.480,196.010,VBD,3.3819,2.31,9,-6.787749
audio06.TextGrid,46,3,outside,196.010,196.250,IN,9.0476,5.25,5,2.095614
audio06.TextGrid,46,4,the,196.250,196.400,DT,2.4248,7.73,2,-1.812967
audio06.TextGrid,46,5,shack,196.400,196.610,NN,4.1392,3.43,3,-4.804673
audio06.TextGrid,46,6,and,196.610,196.840,CC,4.5143,7.41,3,-0.073689
audio06.TextGrid,46,7,then,196.840,196.930,RB,7.8712,6.07,3,1.816657
audio06.TextGrid,46,8,went,196.930,197.270,VBD,8.2522,5.5,4,1.573825
audio06.TextGrid,47,1,up,197.270,197.340,IN,6.7863,6.39,2,1.081979
audio06.TextGrid,47,2,the,197.770,197.870,DT,2.3201,7.73,2,-1.917667
audio06.TextGrid,47,3,road,197.870,197.970,NN,8.8797,5.24,3,1.916770
audio06.TextGrid,47,4,to,197.970,198.030,TO,3.8413,7.43,2,-0.724800
audio06.TextGrid,47,5,wake,198.030,198.130,VB,10.9967,4.76,3,3.508437
audio06.TextGrid,47,6,the,198.130,198.190,DT,3.5274,7.73,2,-0.710367
audio06.TextGrid,47,7,boy,198.190,198.260,NN,10.2387,5.17,2,3.199159
audio06.TextGrid,47,8,he,198.260,198.360,PRP,6.7276,6.69,2,1.351612
audio06.TextGrid,47,9,was,198.360,198.520,VBD,4.1502,6.82,3,-1.083510
audio06.TextGrid,47,10,shivering,198.520,198.820,VBG,7.5226,3.14,6,-1.738661
audio06.TextGrid,47,11,with,198.820,198.980,IN,4.9796,6.85,3,-0.221277
audio06.TextGrid,47,12,the,198.980,199.050,DT,1.7071,7.73,2,-2.530667
audio06.TextGrid,47,13,morning,199.050,199.230,NN,8.8517,5.33,6,1.987269
audio06.TextGrid,47,14,cold,199.230,199.560,NN,11.0308,5.02,4,3.827092
audio06.TextGrid,47,15,but,199.560,199.720,CC,5.5940,6.63,3,0.152345
audio06.TextGrid,47,16,he,199.790,199.850,PRP,5.1584,6.69,2,-0.217588
audio06.TextGrid,47,17,knew,200.040,200.100,VBD,9.5337,5.2,2,2.526992
audio06.TextGrid,47,18,he,200.100,200.160,PRP,5.1687,6.69,2,-0.207288
audio06.TextGrid,47,19,would,200.160,200.300,MD,5.3614,6.27,3,-0.474254
audio06.TextGrid,47,20,shiver,200.300,200.430,VB,3.7215,3.05,4,-5.638261
audio06.TextGrid,47,21,himself,200.430,200.640,PRP,8.5403,5.25,7,1.588314
audio06.TextGrid,47,22,warm,200.640,200.780,JJ,6.3668,4.71,4,-1.176185
audio06.TextGrid,47,23,and,200.780,200.870,CC,3.7646,7.41,2,-0.823389
audio06.TextGrid,47,24,that,200.870,201.000,DT,5.0585,7.01,3,0.032734
audio06.TextGrid,47,25,soon,201.000,201.170,RB,9.7014,5.32,3,2.826025
audio06.TextGrid,47,26,he,201.170,201.230,PRP,6.2700,6.69,2,0.894012
audio06.TextGrid,47,27,would,201.230,201.350,MD,5.0033,6.27,3,-0.832354
audio06.TextGrid,47,28,be,201.350,201.430,VB,3.7181,6.79,2,-1.548444
audio06.TextGrid,47,29,rowing,201.430,201.550,VBG,7.6388,3.39,4,-1.348850
audio07.TextGrid,1,1,the,1.220,1.310,DT,1.8241,7.73,2,-2.413667
audio07.TextGrid,1,2,door,1.310,1.550,NN,8.4435,5.08,3,1.305459
audio07.TextGrid,1,3,of,1.550,1.620,IN,3.7798,7.4,2,-0.819133
audio07.TextGrid,1,4,the,1.620,1.740,DT,1.6983,7.73,2,-2.539467
audio07.TextGrid,1,5,house,1.740,2.020,NN,6.8499,5.71,3,0.401358
audio07.TextGrid,1,6,where,2.020,2.170,WRB,8.4892,6.0,4,2.358046
audio07.TextGrid,1,7,the,2.170,2.240,DT,1.9716,7.73,2,-2.266167
audio07.TextGrid,1,8,boy,2.240,2.500,NN,10.2357,5.17,2,3.196159
audio07.TextGrid,1,9,lived,2.500,2.830,VBD,3.6505,4.88,4,-3.706430
audio07.TextGrid,1,10,was,2.830,2.980,VBD,5.1959,6.82,3,-0.037810
audio07.TextGrid,1,11,unlocked,2.980,3.590,JJ,5.8004,3.76,6,-2.782306
audio07.TextGrid,1,12,and,3.890,4.000,CC,3.7959,7.41,2,-0.792089
audio07.TextGrid,1,13,he,4.000,4.130,PRP,5.2371,6.69,2,-0.138888
audio07.TextGrid,1,14,opened,4.130,4.450,VBD,8.4420,4.85,5,1.052237
audio07.TextGrid,1,15,it,4.450,4.670,PRP,4.7536,6.95,2,-0.337833
audio07.TextGrid,1,16,and,4.670,4.820,CC,4.2475,7.41,3,-0.340489
audio07.TextGrid,1,17,walked,4.820,5.120,VBD,4.4410,4.67,4,-3.145763
audio07.TextGrid,1,18,in,5.120,5.300,IN,3.6126,7.27,2,-1.128611
audio07.TextGrid,1,19,quietly,5.300,5.800,RB,11.6953,4.15,7,3.539427
audio07.TextGrid,1,20,with,5.800,5.960,IN,5.2528,6.85,3,0.051923
audio07.TextGrid,1,21,his,5.960,6.110,PRP$,5.4704,6.51,3,-0.102588
audio07.TextGrid,1,22,bare,6.110,6.380,NN,4.2575,4.18,3,-3.865540
audio07.TextGrid,1,23,feet,6.440,6.810,NNS,10.2370,4.99,3,3.000459
audio07.TextGrid,2,1,the,7.340,7.430,DT,1.8241,7.73,2,-2.413667
audio07.TextGrid,2,2,boy,7.430,7.650,NN,10.2353,5.17,2,3.195759
audio07.TextGrid,2,3,was,7.650,7.820,VBD,4.1791,6.82,3,-1.054610
audio07.TextGrid,2,4,asleep,7.820,8.190,RB,4.6353,4.36,5,-3.290740
audio07.TextGrid,2,5,on,8.190,8.310,IN,4.9767,6.91,2,-0.158510
audio07.TextGrid,2,6,a,8.310,8.360,DT,2.6232,7.36,1,-2.019511
audio07.TextGrid,2,7,cot,8.360,8.760,NN,4.1391,3.21,3,-5.045550
audio07.TextGrid,2,8,in,8.760,8.830,IN,3.4829,7.27,2,-1.258311
audio07.TextGrid,2,9,the,8.830,8.920,DT,1.6985,7.73,2,-2.539267
audio07.TextGrid,2,10,first,8.920,9.280,JJ,6.1622,6.11,4,0.151435
audio07.TextGrid,2,11,room,9.280,9.580,NN,4.2125,5.39,3,-2.586264
audio07.TextGrid,3,1,and,10.060,10.150,CC,3.7036,7.41,2,-0.884389
audio07.TextGrid,3,2,the,10.150,10.260,DT,2.0380,7.73,2,-2.199767
audio07.TextGrid,3,3,old,10.260,10.440,JJ,7.3360,5.75,3,0.931236
audio07.TextGrid,3,4,man,10.440,10.660,NN,7.6917,5.82,3,1.363547
audio07.TextGrid,3,5,could,10.660,10.810,MD,5.2066,6.06,3,-0.858887
audio07.TextGrid,3,6,see,10.810,11.050,VB,6.2361,6.1,2,0.214391
audio07.TextGrid,3,7,him,11.050,11.140,PRP,8.0223,6.11,2,2.011535
audio07.TextGrid,3,8,clearly,11.140,11.630,RB,9.4751,4.92,6,2.161948
audio07.TextGrid,3,9,with,11.630,11.780,IN,5.1540,6.85,3,-0.046877
audio07.TextGrid,3,10,the,11.780,11.880,DT,1.7332,7.73,2,-2.504567
audio07.TextGrid,3,11,light,11.880,12.090,NN,7.7223,5.33,3,0.857869
audio07.TextGrid,3,12,that,12.090,12.260,WDT,5.0238,7.01,3,-0.001966
audio07.TextGrid,3,13,came,12.260,12.510,VBD,9.0924,5.5,3,2.414025
audio07.TextGrid,3,14,in,12.510,12.670,IN,3.8838,7.27,2,-0.857411
audio07.TextGrid,3,15,from,12.670,12.860,IN,6.3912,6.63,3,0.949545
audio07.TextGrid,3,16,the,12.860,12.930,DT,1.8406,7.73,2,-2.397167
audio07.TextGrid,3,17,dying,12.930,13.240,VBG,8.5562,4.63,4,0.925659
audio07.TextGrid,3,18,moon,13.240,13.740,NN,11.7556,4.7,3,4.201670
audio07.TextGrid,4,1,he,14.590,14.680,PRP,4.5353,6.69,2,-0.840688
audio07.TextGrid,4,2,took,14.680,14.900,VBD,6.4889,5.51,3,-0.178531
audio07.TextGrid,4,3,hold,14.900,15.120,NN,9.3051,5.19,4,2.287447
audio07.TextGrid,4,4,of,15.120,15.240,IN,3.4570,7.4,2,-1.141933
audio07.TextGrid,4,5,one,15.240,15.460,CD,5.6953,6.47,3,0.078535
audio07.TextGrid,4,6,foot,15.460,15.790,NN,10.5775,4.87,3,3.209626
audio07.TextGrid,4,7,gently,15.790,16.310,RB,5.8706,4.08,6,-2.361884
audio07.TextGrid,4,8,and,16.310,16.470,CC,3.6017,7.41,3,-0.986289
audio07.TextGrid,4,9,held,16.470,16.730,VBD,8.3957,5.24,4,1.432770
audio07.TextGrid,4,10,it,16.730,16.900,PRP,5.0980,6.95,2,0.006567
audio07.TextGrid,4,11,until,16.900,17.130,IN,6.9439,5.61,5,0.385913
audio07.TextGrid,4,12,the,17.130,17.210,DT,1.6943,7.73,2,-2.543467
audio07.TextGrid,4,13,boy,17.210,17.450,NN,10.2362,5.17,2,3.196659
audio07.TextGrid,4,14,woke,17.450,17.850,NN,5.3965,4.22,3,-2.682762
audio07.TextGrid,4,15,and,17.850,18.000,CC,4.2960,7.41,3,-0.291989
audio07.TextGrid,4,16,turned,18.000,18.330,VBD,8.9034,5.09,4,1.776303
audio07.TextGrid,4,17,and,18.330,18.500,CC,4.0425,7.41,3,-0.545489
audio07.TextGrid,4,18,looked,18.500,18.750,VBD,9.8415,5.11,4,2.736292
audio07.TextGrid,4,19,at,18.750,18.930,IN,4.3315,6.7,2,-1.033544
audio07.TextGrid,4,20,him,18.930,19.020,PRP,7.3654,6.11,2,1.354635
audio07.TextGrid,5,1,the,19.680,19.780,DT,1.8241,7.73,2,-2.413667
audio07.TextGrid,5,2,old,19.780,19.990,JJ,7.3292,5.75,3,0.924436
audio07.TextGrid,5,3,man,19.990,20.240,NN,7.6921,5.82,3,1.363947
audio07.TextGrid,5,4,nodded,20.240,20.690,VBD,3.5568,3.41,5,-5.408961
audio07.TextGrid,5,5,and,20.890,21.030,CC,4.0073,7.41,2,-0.580689
audio07.TextGrid,5,6,the,21.030,21.110,DT,3.8473,7.73,2,-0.390467
audio07.TextGrid,5,7,boy,21.110,21.350,NN,10.2447,5.17,2,3.205159
audio07.TextGrid,5,8,took,21.350,21.600,VBD,7.5973,5.51,3,0.929869
audio07.TextGrid,5,9,his,21.600,21.760,PRP$,6.0535,6.51,3,0.480512
audio07.TextGrid,5,10,trousers,21.760,22.290,NNS,5.5704,3.7,6,-3.077973
audio07.TextGrid,5,11,from,22.290,22.450,IN,4.7107,6.63,4,-0.730955
audio07.TextGrid,5,12,the,22.450,22.520,DT,1.6978,7.73,2,-2.539967
audio07.TextGrid,5,13,chair,22.520,22.790,NN,4.1370,4.69,3,-3.427874
audio07.TextGrid,5,14,by,22.790,22.960,IN,4.8068,6.66,2,-0.602021
audio07.TextGrid,5,15,the,22.960,23.060,DT,1.7004,7.73,2,-2.537367
audio07.TextGrid,5,16,bed,23.060,23.460,NN,4.1367,5.07,3,-3.012286
audio07.TextGrid,6,1,and,23.980,24.260,CC,3.7036,7.41,3,-0.884389
audio07.TextGrid,6,2,sitting,24.260,24.570,VBG,12.5222,4.86,5,5.143381
audio07.TextGrid,6,3,on,24.570,24.690,IN,5.0988,6.91,2,-0.036410
audio07.TextGrid,6,4,the,24.690,24.760,DT,1.7186,7.73,2,-2.519167
audio07.TextGrid,6,5,bed,24.760,25.120,NN,4.1372,5.07,3,-3.011786
audio07.TextGrid,6,6,pulled,25.150,25.360,VBD,11.0013,4.67,4,3.414537
audio07.TextGrid,6,7,them,25.360,25.510,PRP,6.6377,6.19,3,0.714490
audio07.TextGrid,7,1,on,25.510,25.840,IN,5.3533,6.91,2,0.218090
audio07.TextGrid,7,2,the,26.930,27.040,DT,1.7528,7.73,2,-2.484967
audio07.TextGrid,7,3,old,27.040,27.220,JJ,7.3268,5.75,3,0.922036
audio07.TextGrid,7,4,man,27.220,27.450,NN,7.6934,5.82,3,1.365247
audio07.TextGrid,7,5,went,27.450,27.630,VBD,8.8342,5.5,4,2.155825
audio07.TextGrid,7,6,out,27.630,27.750,IN,5.7167,6.38,2,0.001435
audio07.TextGrid,7,7,the,27.750,27.880,DT,2.2456,7.73,2,-1.992167
audio07.TextGrid,7,8,door,27.880,28.220,NN,8.4471,5.08,3,1.309059
audio07.TextGrid,7,9,and,28.220,28.320,CC,3.5118,7.41,2,-1.076189
audio07.TextGrid,7,10,the,28.320,28.380,DT,2.0227,7.73,2,-2.215067
audio07.TextGrid,7,11,boy,28.380,28.580,NN,10.2359,5.17,2,3.196359
audio07.TextGrid,7,12,came,28.580,28.820,VBD,7.2694,5.5,3,0.591025
audio07.TextGrid,7,13,after,28.820,29.130,IN,6.6881,6.11,4,0.677335
audio07.TextGrid,7,14,him,29.130,29.410,PRP,7.4726,6.11,3,1.461835
audio07.TextGrid,8,1,he,30.040,30.130,PRP,4.5353,6.69,2,-0.840688
audio07.TextGrid,8,2,was,30.130,30.270,VBD,3.9158,6.82,3,-1.317910
audio07.TextGrid,8,3,sleepy,30.270,30.800,JJ,5.8405,3.68,5,-2.829762
audio07.TextGrid,8,4,and,31.240,31.340,CC,3.8414,7.41,2,-0.746589
audio07.TextGrid,8,5,the,31.340,31.440,DT,2.5200,7.73,2,-1.717767
audio07.TextGrid,8,6,old,31.440,31.610,JJ,7.3341,5.75,3,0.929336
audio07.TextGrid,8,7,man,31.610,31.810,NN,7.6944,5.82,3,1.366247
audio07.TextGrid,8,8,put,31.810,31.970,VBD,7.8435,5.66,3,1.340236
audio07.TextGrid,8,9,his,31.970,32.090,PRP$,6.1640,6.51,3,0.591012
audio07.TextGrid,8,10,arm,32.090,32.310,NN,9.2456,4.73,3,1.724504
audio07.TextGrid,8,11,across,32.310,32.640,IN,8.2284,5.25,5,1.276414
audio07.TextGrid,8,12,his,32.640,32.760,PRP$,5.3332,6.51,3,-0.239788
audio07.TextGrid,8,13,shoulders,32.760,33.360,NNS,5.5671,4.18,6,-2.555940
audio07.TextGrid,8,14,and,33.360,33.510,CC,4.3010,7.41,3,-0.286989
audio07.TextGrid,8,15,said,33.510,34.040,VBD,5.0962,6.01,3,-1.024009
audio07.TextGrid,9,1,i,34.040,34.150,NN,5.5144,7.09,1,0.576189
audio07.TextGrid,9,2,am,34.150,34.280,VBP,9.1941,5.78,2,2.822169
audio07.TextGrid,9,3,sorry,34.280,34.790,JJ,11.4599,5.18,4,4.431303
audio07.TextGrid,9,4,qua,35.830,36.310,NN,5.3240,2.84,3,-4.265594
audio07.TextGrid,9,5,va,36.310,36.400,IN,3.1759,4.26,2,-4.859585
audio07.TextGrid,9,6,the,36.630,36.710,DT,1.6963,7.73,2,-2.541467
audio07.TextGrid,9,7,boy,36.710,36.940,NN,10.2363,5.17,2,3.196759
audio07.TextGrid,9,8,said,36.940,37.310,VBD,5.1627,6.01,3,-0.957509
audio07.TextGrid,10,1,it,37.830,37.970,PRP,3.8912,6.95,2,-1.200233
audio07.TextGrid,10,2,is,37.970,38.070,VBZ,3.3590,7.07,2,-1.601100
audio07.TextGrid,10,3,what,38.070,38.220,WP,6.5397,6.38,3,0.824435
audio07.TextGrid,10,4,a,38.220,38.270,DT,4.3137,7.36,1,-0.329011
audio07.TextGrid,10,5,man,38.270,38.540,NN,7.6874,5.82,3,1.359247
audio07.TextGrid,10,6,must,38.540,38.840,MD,7.2302,5.68,4,0.748825
audio07.TextGrid,10,7,do,38.840,39.060,VB,5.1558,6.35,2,-0.592299
audio07.TextGrid,10,8,they,41.500,41.610,PRP,5.4184,6.5,2,-0.165532
audio07.TextGrid,10,9,walked,41.610,41.890,VBD,4.9289,4.67,4,-2.657863
audio07.TextGrid,10,10,down,41.890,42.050,IN,6.3108,5.88,3,0.048313
audio07.TextGrid,10,11,the,42.050,42.120,DT,2.5228,7.73,2,-1.714967
audio07.TextGrid,10,12,road,42.120,42.370,NN,8.8606,5.24,3,1.897670
audio07.TextGrid,10,13,to,42.370,42.430,TO,3.3190,7.43,2,-1.247100
audio07.TextGrid,10,14,the,42.430,42.570,DT,2.3479,7.73,2,-1.889867
audio07.TextGrid,10,15,old,42.570,42.770,JJ,7.3288,5.75,3,0.924036
audio07.TextGrid,10,16,man,42.770,43.010,NN,7.6928,5.82,3,1.364647
audio07.TextGrid,10,17,s,43.010,43.040,VBZ,5.5730,5.86,1,-0.711376
audio07.TextGrid,10,18,shack,43.040,43.530,NN,6.6061,3.43,3,-2.337773
audio07.TextGrid,10,19,and,43.530,43.650,CC,4.0034,7.41,2,-0.584589
audio07.TextGrid,10,20,all,43.650,43.830,DT,6.2042,6.52,2,0.642157
audio07.TextGrid,10,21,along,43.830,44.110,IN,10.5682,5.38,4,3.758492
audio07.TextGrid,10,22,the,44.110,44.170,DT,1.7164,7.73,2,-2.521367
audio07.TextGrid,10,23,road,44.170,44.540,NN,8.8496,5.24,3,1.886670
audio07.TextGrid,10,24,in,44.540,44.620,IN,2.8663,7.27,2,-1.874911
audio07.TextGrid,10,25,the,44.620,44.710,DT,1.7075,7.73,2,-2.530267
audio07.TextGrid,10,26,dark,44.710,45.150,JJ,10.7219,5.04,4,3.540081
audio07.TextGrid,10,27,barefoot,45.220,45.690,NN,3.9919,3.39,6,-4.995750
audio07.TextGrid,10,28,men,45.690,45.890,NNS,9.6168,5.51,3,2.949369
audio07.TextGrid,10,29,were,45.890,46.020,VBD,5.6075,6.34,2,-0.151543
audio07.TextGrid,10,30,moving,46.020,46.560,VBG,9.7559,5.02,5,2.552192
audio07.TextGrid,10,31,carrying,46.770,47.210,VBG,11.0015,4.61,6,3.349070
audio07.TextGrid,10,32,the,47.210,47.290,DT,2.0899,7.73,2,-2.147867
audio07.TextGrid,10,33,masts,47.290,47.770,NNS,6.4476,2.89,5,-3.087272
audio07.TextGrid,10,34,of,47.770,47.850,IN,2.7996,7.4,2,-1.799333
audio07.TextGrid,10,35,their,47.850,47.990,PRP$,4.9290,6.33,3,-0.840987
audio07.TextGrid,10,36,boats,47.990,48.520,NNS,5.5670,4.25,4,-2.479429
audio07.TextGrid,11,1,when,49.640,49.770,WRB,6.5749,6.37,3,0.848690
audio07.TextGrid,11,2,they,49.770,49.850,PRP,4.8336,6.5,2,-0.750332
audio07.TextGrid,11,3,reached,49.850,50.150,VBD,7.0578,4.85,4,-0.331963
audio07.TextGrid,11,4,the,50.150,50.280,DT,2.6836,7.73,2,-1.554167
audio07.TextGrid,11,5,old,50.280,50.470,JJ,7.3295,5.75,3,0.924736
audio07.TextGrid,11,6,man,50.470,50.700,NN,7.6840,5.82,3,1.355847
audio07.TextGrid,11,7,s,50.700,50.730,VBZ,4.4631,5.86,1,-1.821276
audio07.TextGrid,11,8,shack,50.730,51.120,VBP,4.9198,3.43,3,-4.024073
audio07.TextGrid,11,9,the,51.170,51.250,DT,2.6593,7.73,2,-1.578467
audio07.TextGrid,11,10,boy,51.250,51.450,NN,10.2401,5.17,2,3.200559
audio07.TextGrid,11,11,took,51.450,51.660,VBD,7.9514,5.51,3,1.283969
audio07.TextGrid,11,12,the,51.660,51.760,DT,2.4049,7.73,2,-1.832867
audio07.TextGrid,11,13,rolls,51.760,52.050,NNS,6.4521,4.23,4,-1.616218
audio07.TextGrid,11,14,of,52.050,52.180,IN,3.0096,7.4,2,-1.589333
audio07.TextGrid,11,15,line,52.180,52.510,NN,9.3088,5.49,3,2.619480
audio07.TextGrid,11,16,in,52.510,52.600,IN,3.6313,7.27,2,-1.109911
audio07.TextGrid,11,17,the,52.600,52.670,DT,1.7030,7.73,2,-2.534767
audio07.TextGrid,11,18,basket,52.670,53.190,NN,8.2904,4.07,6,0.046971
audio07.TextGrid,11,19,and,53.270,53.410,CC,3.9683,7.41,2,-0.619689
audio07.TextGrid,11,20,the,53.410,53.500,DT,2.1523,7.73,2,-2.085467
audio07.TextGrid,11,21,harpoon,53.500,53.980,NN,4.1368,2.83,6,-5.463738
audio07.TextGrid,11,22,and,53.980,54.110,CC,4.3337,7.41,3,-0.254289
audio07.TextGrid,11,23,gaff,54.110,54.580,NN,5.4407,2.68,3,-4.324005
audio07.TextGrid,11,24,and,54.850,54.960,CC,3.9496,7.41,2,-0.638389
audio07.TextGrid,11,25,the,54.960,55.070,DT,2.4494,7.73,2,-1.788367
audio07.TextGrid,11,26,old,55.070,55.270,JJ,7.3541,5.75,3,0.949336
audio07.TextGrid,11,27,man,55.270,55.530,NN,7.6913,5.82,3,1.363147
audio07.TextGrid,11,28,carried,55.530,55.850,VBD,8.8849,4.77,5,1.407581
audio07.TextGrid,11,29,the,55.850,55.930,DT,2.7188,7.73,2,-1.518967
audio07.TextGrid,11,30,mast,55.930,56.370,NN,4.1444,3.52,4,-4.700973
audio07.TextGrid,11,31,with,56.370,56.470,IN,4.8161,6.85,3,-0.384777
audio07.TextGrid,11,32,the,56.470,56.550,DT,1.6980,7.73,2,-2.539767
audio07.TextGrid,11,33,furled,56.550,56.900,JJ,5.0744,1.74,4,-5.719081
audio07.TextGrid,11,34,sail,56.900,57.350,NN,4.3283,4.01,3,-3.980796
audio07.TextGrid,11,35,on,57.350,57.470,IN,4.5959,6.91,2,-0.539310
audio07.TextGrid,11,36,his,57.470,57.610,PRP$,5.3105,6.51,3,-0.262488
audio07.TextGrid,11,37,shoulder,57.610,58.100,NN,9.2584,4.5,5,1.485582
audio07.TextGrid,12,1,do,59.660,59.760,VBP,9.5293,6.35,2,3.781201
audio07.TextGrid,12,2,you,59.760,59.870,PRP,6.3769,6.98,2,1.318301
audio07.TextGrid,12,3,want,59.870,60.050,VB,7.7320,6.04,4,1.644624
audio07.TextGrid,12,4,coffee,60.050,60.520,NN,12.6573,4.86,4,5.278481
audio07.TextGrid,12,5,the,60.710,60.790,DT,3.7589,7.73,2,-0.478867
audio07.TextGrid,12,6,boy,60.790,61.050,NN,10.2399,5.17,2,3.200359
audio07.TextGrid,12,7,asked,61.050,61.480,VBD,8.0933,5.3,3,1.196036
audio07.TextGrid,13,1,we,62.660,62.770,PRP,5.6952,6.54,2,0.155046
audio07.TextGrid,13,2,ll,62.770,62.800,VBP,3.9761,4.66,1,-3.621607
audio07.TextGrid,13,3,put,62.800,63.010,VBD,7.5202,5.66,3,1.016936
audio07.TextGrid,13,4,the,63.010,63.110,DT,2.5277,7.73,2,-1.710067
audio07.TextGrid,13,5,gear,63.110,63.380,NN,4.1414,4.46,3,-3.675196
audio07.TextGrid,13,6,in,63.380,63.480,IN,3.4479,7.27,2,-1.293311
audio07.TextGrid,13,7,the,63.480,63.550,DT,1.6999,7.73,2,-2.537867
audio07.TextGrid,13,8,boat,63.550,63.900,NN,4.1367,4.71,3,-3.406285
audio07.TextGrid,13,9,and,63.900,64.010,CC,4.4277,7.41,2,-0.160289
audio07.TextGrid,13,10,then,64.010,64.190,RB,7.8958,6.07,3,1.841257
audio07.TextGrid,13,11,get,64.190,64.420,VB,7.1367,6.28,3,1.311990
audio07.TextGrid,14,1,some,64.420,64.770,DT,5.3151,6.2,3,-0.597165
audio07.TextGrid,14,2,they,66.290,66.410,PRP,8.2278,6.5,2,2.643868
audio07.TextGrid,14,3,had,66.410,66.580,VBD,5.6706,6.33,3,-0.099387
audio07.TextGrid,14,4,coffee,66.580,66.980,NN,12.5960,4.86,4,5.217181
audio07.TextGrid,14,5,from,66.980,67.170,IN,5.1800,6.63,4,-0.261655
audio07.TextGrid,14,6,condensed,67.170,67.690,VBN,8.0820,3.4,8,-0.894706
audio07.TextGrid,14,7,milk,67.690,67.990,NN,9.5778,4.66,4,1.980093
audio07.TextGrid,14,8,cans,67.990,68.400,NNS,6.6217,3.8,4,-1.917229
audio07.TextGrid,14,9,at,68.400,68.510,IN,4.5972,6.7,2,-0.767844
audio07.TextGrid,14,10,an,68.510,68.610,DT,4.3456,6.53,2,-1.205499
audio07.TextGrid,14,11,early,68.610,68.820,JJ,7.2970,5.43,3,0.542014
audio07.TextGrid,14,12,morning,68.820,69.150,NN,8.7573,5.33,6,1.892869
audio07.TextGrid,14,13,place,69.150,69.540,NN,8.7843,5.71,4,2.335758
audio07.TextGrid,14,14,that,69.540,69.680,WDT,4.3514,7.01,3,-0.674366
audio07.TextGrid,14,15,served,69.680,69.980,VBD,11.4700,4.81,4,4.036459
audio07.TextGrid,14,16,fishermen,69.980,70.480,NNS,6.9750,3.65,7,-1.728095
audio07.TextGrid,15,1,how,71.860,71.980,WRB,7.8277,6.24,2,1.959213
audio07.TextGrid,15,2,did,71.980,72.120,VBD,8.9248,5.96,3,2.749869
audio07.TextGrid,15,3,you,72.120,72.210,PRP,6.1782,6.98,2,1.119601
audio07.TextGrid,15,4,sleep,72.210,72.520,VB,9.9323,5.05,4,2.761425
audio07.TextGrid,15,5,old,72.520,72.710,JJ,7.9819,5.75,3,1.577136
audio07.TextGrid,15,6,man,72.710,72.960,NN,8.4360,5.82,3,2.107847
audio07.TextGrid,15,7,the,73.210,73.290,DT,3.0606,7.73,2,-1.177167
audio07.TextGrid,15,8,boy,73.290,73.550,NN,10.2414,5.17,2,3.201859
audio07.TextGrid,15,9,asked,73.550,73.970,VBD,7.8564,5.3,3,0.959136
audio07.TextGrid,16,1,he,74.690,74.790,PRP,4.5353,6.69,2,-0.840688
audio07.TextGrid,16,2,was,74.790,74.940,VBD,3.9158,6.82,3,-1.317910
audio07.TextGrid,16,3,waking,74.940,75.250,VBG,7.5415,3.95,5,-0.833262
audio07.TextGrid,16,4,up,75.250,75.430,RB,4.9651,6.39,2,-0.739221
audio07.TextGrid,16,5,now,75.430,75.760,RB,6.4372,6.18,2,0.503046
audio07.TextGrid,16,6,although,75.880,76.140,IN,7.8527,5.3,4,0.955436
audio07.TextGrid,16,7,it,76.140,76.250,PRP,3.8523,6.95,2,-1.239133
audio07.TextGrid,16,8,was,76.250,76.350,VBD,5.6157,6.82,3,0.381990
audio07.TextGrid,16,9,still,76.350,76.590,RB,6.6174,5.92,4,0.398691
audio07.TextGrid,16,10,hard,76.590,76.820,JJ,8.3018,5.53,4,1.656258
audio07.TextGrid,16,11,for,76.820,76.950,IN,4.0719,7.01,2,-0.953866
audio07.TextGrid,16,12,him,76.950,77.020,PRP,7.4660,6.11,2,1.455235
audio07.TextGrid,16,13,to,77.020,77.170,TO,3.3005,7.43,2,-1.265600
audio07.TextGrid,16,14,leave,77.170,77.410,VB,8.2942,5.34,3,1.440714
audio07.TextGrid,16,15,his,77.410,77.560,PRP$,5.9548,6.51,3,0.381812
audio07.TextGrid,16,16,sleep,77.560,77.970,NN,10.3479,5.05,4,3.177025
audio07.TextGrid,17,1,very,79.620,79.840,RB,7.6009,6.0,4,1.469746
audio07.TextGrid,17,2,well,79.840,80.080,RB,6.3866,6.03,3,0.288280
audio07.TextGrid,17,3,manolin,80.080,80.600,VB,4.2034,0.0,7,-8.494412
audio07.TextGrid,17,4,the,80.810,80.990,DT,2.2951,7.73,2,-1.942667
audio07.TextGrid,17,5,old,80.990,81.190,JJ,7.3324,5.75,3,0.927636
audio07.TextGrid,17,6,man,81.190,81.410,NN,7.6939,5.82,3,1.365747
audio07.TextGrid,17,7,said,81.410,81.790,VBD,5.6899,6.01,3,-0.430309
audio07.TextGrid,18,1,i,82.650,82.770,NN,5.5144,7.09,1,0.576189
audio07.TextGrid,18,2,feel,82.770,82.980,VBP,7.4635,5.67,3,0.971180
audio07.TextGrid,18,3,confident,82.980,83.570,JJ,11.4488,4.43,9,3.599371
audio07.TextGrid,18,4,today,83.570,83.940,NN,7.9449,5.55,4,1.321247
audio07.TextGrid,19,1,so,85.500,85.740,RB,6.6130,6.52,2,1.050957
audio07.TextGrid,19,2,do,85.740,85.800,VB,6.7449,6.35,2,0.996801
audio07.TextGrid,19,3,i,85.800,86.090,VB,6.2662,7.09,1,1.327989
audio07.TextGrid,19,4,the,86.390,86.490,DT,3.7359,7.73,2,-0.501867
audio07.TextGrid,19,5,boy,86.490,86.730,NN,10.2420,5.17,2,3.202459
audio07.TextGrid,19,6,said,86.730,87.100,VBD,4.4736,6.01,3,-1.646609
audio07.TextGrid,20,1,now,87.770,87.980,RB,6.7634,6.18,2,0.829246
audio07.TextGrid,20,2,i,87.980,88.060,VBZ,6.3159,7.09,1,1.377689
audio07.TextGrid,20,3,must,88.060,88.280,MD,6.9464,5.68,4,0.465025
audio07.TextGrid,20,4,get,88.280,88.500,VB,5.7543,6.28,3,-0.070410
audio07.TextGrid,20,5,your,88.500,88.620,PRP$,7.3924,6.53,3,1.841301
audio07.TextGrid,20,6,sardines,88.620,89.230,NNS,5.5686,2.93,7,-3.922494
audio07.TextGrid,20,7,and,89.230,89.420,CC,4.3450,7.41,3,-0.242989
audio07.TextGrid,20,8,mine,89.450,89.850,NN,10.7457,5.04,3,3.563881
audio07.TextGrid,20,9,and,89.850,89.960,CC,3.5953,7.41,3,-0.992689
audio07.TextGrid,20,10,your,89.960,90.130,PRP$,7.8298,6.53,3,2.278701
audio07.TextGrid,20,11,fresh,90.130,90.400,JJ,9.6507,4.83,4,2.239048
audio07.TextGrid,20,12,baits,90.400,90.890,NNS,5.6159,2.65,4,-4.181638
audio07.TextGrid,21,1,he,91.320,91.440,PRP,4.5353,6.69,2,-0.840688
audio07.TextGrid,21,2,brings,91.440,91.730,VBZ,9.1761,4.61,5,1.523670
audio07.TextGrid,21,3,our,91.730,91.850,PRP$,7.8276,6.14,2,1.849668
audio07.TextGrid,21,4,gear,91.850,92.120,NN,4.2527,4.46,3,-3.563896
audio07.TextGrid,21,5,himself,92.120,92.670,PRP,10.4590,5.25,7,3.507014
audio07.TextGrid,21,6,he,92.900,92.990,PRP,6.5850,6.69,2,1.209012
audio07.TextGrid,21,7,never,92.990,93.200,RB,8.2069,5.91,4,1.977246
audio07.TextGrid,21,8,wants,93.200,93.450,VBZ,8.1639,5.24,5,1.200970
audio07.TextGrid,21,9,anyone,93.450,93.750,NN,10.9926,5.38,6,4.182892
audio07.TextGrid,21,10,to,93.750,93.840,TO,3.8355,7.43,2,-0.730600
audio07.TextGrid,21,11,carry,93.840,94.210,VB,8.0106,4.89,4,0.664614
audio07.TextGrid,21,12,anything,94.210,94.670,NN,9.9679,5.55,6,3.344247
audio07.TextGrid,22,1,we,96.270,96.390,PRP,5.6952,6.54,2,0.155046
audio07.TextGrid,22,2,re,96.390,96.450,VBP,3.9761,5.23,2,-2.997775
audio07.TextGrid,22,3,different,96.450,97.050,JJ,8.3898,5.59,7,1.809925
audio07.TextGrid,22,4,the,97.230,97.350,DT,4.3254,7.73,2,0.087633
audio07.TextGrid,22,5,old,97.350,97.540,JJ,7.3409,5.75,3,0.936136
audio07.TextGrid,22,6,man,97.540,97.770,NN,7.7047,5.82,3,1.376547
audio07.TextGrid,22,7,said,97.770,98.160,VBD,4.4991,6.01,3,-1.621109
audio07.TextGrid,22,8,i,98.460,98.590,JJ,6.1722,7.09,1,1.233989
audio07.TextGrid,22,9,let,98.590,98.790,NN,8.6619,5.6,3,2.092969
audio07.TextGrid,22,10,you,98.790,98.870,PRP,6.2625,6.98,2,1.203901
audio07.TextGrid,22,11,carry,98.870,99.180,VBP,9.2170,4.89,4,1.871014
audio07.TextGrid,22,12,things,99.180,99.480,NNS,9.4936,5.74,4,3.077891
audio07.TextGrid,22,13,when,99.480,99.610,WRB,5.8437,6.37,3,0.117490
audio07.TextGrid,22,14,you,99.610,99.700,PRP,5.8500,6.98,2,0.791401
audio07.TextGrid,22,15,were,99.700,99.800,VBD,4.5431,6.34,2,-1.215943
audio07.TextGrid,22,16,five,99.800,100.090,CD,8.0649,5.45,3,1.331803
audio07.TextGrid,22,17,years,100.090,100.310,NNS,5.8593,5.96,3,-0.315631
audio07.TextGrid,22,18,old,100.310,100.750,JJ,8.6692,5.75,3,2.264436
audio07.TextGrid,23,1,i,101.570,101.680,NN,5.5144,7.09,1,0.576189
audio07.TextGrid,23,2,know,101.680,101.900,VBP,7.0565,6.1,2,1.034791
audio07.TextGrid,23,3,it,101.900,102.090,PRP,4.5402,6.95,2,-0.551233
audio07.TextGrid,23,4,the,102.250,102.310,DT,3.8763,7.73,2,-0.361467
audio07.TextGrid,23,5,boy,102.310,102.530,NN,10.2432,5.17,2,3.203659
audio07.TextGrid,23,6,said,102.530,102.940,VBD,4.5145,6.01,3,-1.605709
audio07.TextGrid,24,1,i,102.940,102.970,NN,5.5144,7.09,1,0.576189
audio07.TextGrid,24,2,ll,103.440,103.550,VBP,3.9811,4.66,2,-3.616607
audio07.TextGrid,24,3,be,103.550,103.690,VB,4.7970,6.79,2,-0.469544
audio07.TextGrid,24,4,right,103.690,103.860,JJ,7.8151,5.96,3,1.640169
audio07.TextGrid,24,5,back,103.860,104.220,RB,7.7082,6.04,3,1.620824
audio07.TextGrid,24,6,have,104.430,104.590,VBP,5.2913,6.71,3,-0.062799
audio07.TextGrid,24,7,another,104.590,104.820,DT,7.1626,5.74,5,0.746891
audio07.TextGrid,24,8,coffee,104.820,105.290,NN,10.2388,4.86,4,2.859981
audio07.TextGrid,24,9,we,105.410,105.530,PRP,7.9492,6.54,2,2.409046
audio07.TextGrid,24,10,have,105.530,105.670,VBP,5.0150,6.71,3,-0.339099
audio07.TextGrid,24,11,credit,105.670,106.020,NN,9.4513,5.0,6,2.225703
audio07.TextGrid,24,12,here,106.020,106.270,RB,8.5203,5.97,3,2.356313
audio07.TextGrid,25,1,he,107.810,107.900,PRP,4.5353,6.69,2,-0.840688
audio07.TextGrid,25,2,walked,107.900,108.200,VBD,3.3819,4.67,4,-4.204863
audio07.TextGrid,25,3,off,108.200,108.590,RP,6.2625,5.93,2,0.054735
audio07.TextGrid,25,4,bare,108.590,108.840,NN,6.4118,4.18,3,-1.711240
audio07.TextGrid,25,5,footed,108.840,109.140,VBN,7.3065,3.3,5,-1.779650
audio07.TextGrid,25,6,on,109.140,109.250,IN,4.0281,6.91,2,-1.107110
audio07.TextGrid,25,7,the,109.250,109.320,DT,1.6844,7.73,2,-2.553367
audio07.TextGrid,25,8,coral,109.320,109.710,JJ,5.0753,3.86,5,-3.397962
audio07.TextGrid,25,9,rocks,109.710,110.110,NNS,6.0006,4.38,4,-1.903552
audio07.TextGrid,25,10,to,110.110,110.220,TO,3.4475,7.43,2,-1.118600
audio07.TextGrid,25,11,the,110.220,110.350,DT,2.2389,7.73,2,-1.998867
audio07.TextGrid,25,12,ice,110.350,110.580,NN,4.1355,5.0,2,-3.090097
audio07.TextGrid,25,13,house,110.580,110.940,NN,8.0363,5.71,3,1.587758
audio07.TextGrid,25,14,where,110.940,111.050,WRB,8.3315,6.0,3,2.200346
audio07.TextGrid,25,15,the,111.050,111.120,DT,1.9707,7.73,2,-2.267067
audio07.TextGrid,25,16,baits,111.120,111.460,NNS,6.4530,2.65,4,-3.344538
audio07.TextGrid,25,17,were,111.460,111.550,VBD,4.7269,6.34,2,-1.032143
audio07.TextGrid,25,18,stored,111.550,112.080,VBN,10.6397,4.18,5,2.516660
audio07.TextGrid,26,1,the,113.370,113.500,DT,1.8241,7.73,2,-2.413667
audio07.TextGrid,26,2,old,113.500,113.710,JJ,7.3292,5.75,3,0.924436
audio07.TextGrid,26,3,man,113.710,113.960,NN,7.6921,5.82,3,1.363947
audio07.TextGrid,26,4,drank,113.960,114.250,VBD,3.5568,3.95,5,-4.817962
audio07.TextGrid,26,5,his,114.250,114.410,PRP$,6.0833,6.51,3,0.510312
audio07.TextGrid,26,6,coffee,114.410,114.850,NN,10.3517,4.86,4,2.972881
audio07.TextGrid,26,7,slowly,114.850,115.400,RB,10.1292,4.63,5,2.498659
audio07.TextGrid,27,1,it,115.930,116.040,PRP,3.8912,6.95,2,-1.200233
audio07.TextGrid,27,2,was,116.040,116.160,VBD,3.9158,6.82,3,-1.317910
audio07.TextGrid,27,3,all,116.160,116.360,DT,6.1574,6.52,2,0.595357
audio07.TextGrid,27,4,he,116.360,116.450,PRP,7.9355,6.69,2,2.559512
audio07.TextGrid,27,5,would,116.450,116.610,MD,6.2226,6.27,3,0.386946
audio07.TextGrid,27,6,have,116.610,116.840,VB,3.8758,6.71,3,-1.478299
audio07.TextGrid,27,7,all,116.840,117.010,DT,6.2768,6.52,2,0.714757
audio07.TextGrid,27,8,day,117.010,117.460,NN,7.2135,5.95,2,1.027624
audio07.TextGrid,27,9,and,117.460,117.600,CC,4.2567,7.41,3,-0.331289
audio07.TextGrid,27,10,he,117.600,117.750,PRP,5.1282,6.69,2,-0.247788
audio07.TextGrid,27,11,knew,117.750,117.980,VBD,9.5074,5.2,3,2.500692
audio07.TextGrid,27,12,that,117.980,118.110,IN,4.1951,7.01,3,-0.830666
audio07.TextGrid,27,13,he,118.110,118.230,PRP,5.0770,6.69,2,-0.298988
audio07.TextGrid,27,14,should,118.230,118.470,MD,7.2316,5.99,3,1.089502
audio07.TextGrid,27,15,take,118.470,118.730,VB,5.6088,5.92,3,-0.609909
audio07.TextGrid,27,16,it,118.730,118.920,PRP,4.4106,6.95,2,-0.680833
audio07.TextGrid,28,1,for,119.850,119.940,IN,4.8270,7.01,2,-0.198766
audio07.TextGrid,28,2,a,119.940,119.970,DT,2.6240,7.36,1,-2.018711
audio07.TextGrid,28,3,long,119.970,120.230,JJ,7.8078,5.81,3,1.468702
audio07.TextGrid,28,4,time,120.230,120.510,NN,6.0561,6.29,3,0.242335
audio07.TextGrid,28,5,now,120.510,120.760,RB,6.2732,6.18,2,0.339046
audio07.TextGrid,28,6,eating,120.760,121.080,VBG,10.6160,4.85,4,3.226237
audio07.TextGrid,28,7,had,121.080,121.200,VBD,6.9177,6.33,3,1.147713
audio07.TextGrid,28,8,bored,121.200,121.610,VBN,6.3401,4.2,4,-1.761051
audio07.TextGrid,28,9,him,121.660,121.930,PRP,8.8192,6.11,2,2.808435
audio07.TextGrid,28,10,and,122.170,122.300,CC,4.1153,7.41,3,-0.472689
audio07.TextGrid,28,11,he,122.300,122.380,PRP,5.2420,6.69,2,-0.133988
audio07.TextGrid,28,12,never,122.380,122.590,RB,8.3279,5.91,4,2.098246
audio07.TextGrid,28,13,carried,122.590,122.930,VBD,8.9775,4.77,5,1.500181
audio07.TextGrid,28,14,a,122.930,123.000,DT,3.7653,7.36,1,-0.877411
audio07.TextGrid,28,15,lunch,123.000,123.450,NN,10.2455,4.66,4,2.647793
audio07.TextGrid,29,1,he,124.010,124.120,PRP,4.5353,6.69,2,-0.840688
audio07.TextGrid,29,2,had,124.120,124.260,VBD,4.7197,6.33,3,-1.050287
audio07.TextGrid,29,3,a,124.260,124.300,DT,3.3456,7.36,1,-1.297111
audio07.TextGrid,29,4,bottle,124.300,124.580,NN,7.7554,4.57,5,0.059193
audio07.TextGrid,29,5,of,124.580,124.700,IN,3.1680,7.4,2,-1.430933
audio07.TextGrid,29,6,water,124.700,125.060,NN,9.7613,5.52,4,3.104814
audio07.TextGrid,29,7,in,125.060,125.150,IN,3.8616,7.27,2,-0.879611
audio07.TextGrid,29,8,the,125.150,125.210,DT,1.6967,7.73,2,-2.541067
audio07.TextGrid,29,9,bow,125.210,125.540,NN,4.1363,4.3,2,-3.855407
audio07.TextGrid,29,10,of,125.540,125.610,IN,3.0690,7.4,2,-1.529933
audio07.TextGrid,29,11,the,125.610,125.730,DT,1.6929,7.73,2,-2.544867
audio07.TextGrid,29,12,skiff,125.730,126.170,NN,4.1360,2.63,4,-5.683427
audio07.TextGrid,30,1,and,126.750,126.840,CC,3.7036,7.41,2,-0.884389
audio07.TextGrid,30,2,that,126.840,127.000,DT,4.8279,7.01,3,-0.197866
audio07.TextGrid,30,3,was,127.000,127.110,VBD,5.9677,6.82,3,0.733990
audio07.TextGrid,30,4,all,127.110,127.290,DT,6.1118,6.52,2,0.549757
audio07.TextGrid,30,5,he,127.290,127.410,PRP,7.8068,6.69,2,2.430812
audio07.TextGrid,30,6,needed,127.410,127.750,VBD,8.3514,5.18,5,1.322803
audio07.TextGrid,30,7,for,127.750,127.900,IN,3.8393,7.01,2,-1.186466
audio07.TextGrid,30,8,the,127.900,128.000,DT,1.6911,7.73,2,-2.546667
audio07.TextGrid,30,9,day,128.000,128.360,NN,7.0817,5.95,2,0.895824
audio07.TextGrid,31,1,the,129.870,129.960,DT,1.8241,7.73,2,-2.413667
audio07.TextGrid,31,2,boy,129.960,130.210,NN,10.2353,5.17,2,3.195759
audio07.TextGrid,31,3,was,130.210,130.390,VBD,4.1791,6.82,3,-1.054610
audio07.TextGrid,31,4,back,130.390,130.670,RB,7.0562,6.04,3,0.968824
audio07.TextGrid,31,5,now,130.670,130.970,RB,6.3504,6.18,2,0.416246
audio07.TextGrid,31,6,with,130.970,131.130,IN,4.9953,6.85,3,-0.205577
audio07.TextGrid,31,7,the,131.130,131.230,DT,1.8044,7.73,2,-2.433367
audio07.TextGrid,31,8,sardines,131.230,131.890,NNS,6.4437,2.93,7,-3.047394
audio07.TextGrid,31,9,and,131.890,131.990,CC,4.3346,7.41,2,-0.253389
audio07.TextGrid,31,10,the,131.990,132.080,DT,2.3659,7.73,2,-1.871867
audio07.TextGrid,31,11,two,132.080,132.270,CD,7.2609,6.1,2,1.239191
audio07.TextGrid,31,12,baits,132.270,132.670,NNS,5.4428,2.65,4,-4.354738
audio07.TextGrid,31,13,wrapped,132.670,132.920,VBD,4.2195,4.15,4,-3.936373
audio07.TextGrid,31,14,in,132.920,133.010,IN,3.6547,7.27,2,-1.086511
audio07.TextGrid,31,15,a,133.010,133.060,DT,2.6353,7.36,1,-2.007411
audio07.TextGrid,31,16,newspaper,133.060,133.740,NN,7.6748,4.6,7,0.011426
audio07.TextGrid,31,17,and,134.010,134.130,CC,4.3690,7.41,2,-0.218989
audio07.TextGrid,31,18,they,134.130,134.230,PRP,5.1699,6.5,2,-0.414032
audio07.TextGrid,31,19,went,134.230,134.420,VBD,7.7620,5.5,4,1.083625
audio07.TextGrid,31,20,down,134.420,134.650,IN,6.3241,5.88,3,0.061613
audio07.TextGrid,31,21,the,134.650,134.730,DT,2.5377,7.73,2,-1.700067
audio07.TextGrid,31,22,trail,134.730,135.100,NN,14.4781,4.45,4,6.650559
audio07.TextGrid,31,23,to,135.100,135.230,TO,3.4997,7.43,2,-1.066400
audio07.TextGrid,31,24,the,135.230,135.340,DT,2.5399,7.73,2,-1.697867
audio07.TextGrid,31,25,skiff,135.340,135.830,NN,4.1363,2.63,4,-5.683127
audio07.TextGrid,31,26,feeling,136.120,136.450,VBG,10.3963,5.13,5,3.312981
audio07.TextGrid,31,27,the,136.450,136.510,DT,2.2169,7.73,2,-2.020867
audio07.TextGrid,31,28,pebbled,136.510,136.970,JJ,5.0751,2.02,6,-5.411937
audio07.TextGrid,31,29,sand,136.970,137.400,NN,4.3292,4.44,4,-3.509285
audio07.TextGrid,31,30,under,137.400,137.630,IN,6.2477,5.73,4,-0.178953
audio07.TextGrid,31,31,their,137.630,137.810,PRP$,4.9301,6.33,3,-0.839887
audio07.TextGrid,31,32,feet,137.810,138.190,NNS,9.2134,4.99,3,1.976859
audio07.TextGrid,31,33,and,138.490,138.660,CC,3.9827,7.41,3,-0.605289
audio07.TextGrid,31,34,lifted,138.660,138.930,VBD,10.9368,4.1,6,2.726204
audio07.TextGrid,31,35,the,138.930,139.020,DT,2.6785,7.73,2,-1.559267
audio07.TextGrid,31,36,skiff,139.020,139.450,NN,4.1421,2.63,4,-5.677327
audio07.TextGrid,31,37,and,139.450,139.620,CC,4.2215,7.41,3,-0.366489
audio07.TextGrid,31,38,slid,139.620,139.840,VB,10.5729,3.55,4,1.760361
audio07.TextGrid,31,39,her,139.840,139.940,PRP$,6.8689,6.3,2,1.066079
audio07.TextGrid,31,40,into,139.940,140.090,IN,7.0652,6.11,4,1.054435
audio07.TextGrid,31,41,the,140.090,140.170,DT,1.6947,7.73,2,-2.543067
audio07.TextGrid,31,42,water,140.170,140.630,NN,8.3726,5.52,4,1.716114
audio07.TextGrid,31,43,good,142.190,142.350,JJ,8.0241,6.12,3,2.024279
audio07.TextGrid,31,44,luck,142.350,142.540,NN,10.3413,4.91,3,3.017203
audio07.TextGrid,31,45,old,142.540,142.710,JJ,8.5023,5.75,3,2.097536
audio07.TextGrid,31,46,man,142.710,143.090,NN,7.9369,5.82,3,1.608747
audio07.TextGrid,32,1,good,144.040,144.230,JJ,7.5665,6.12,3,1.566679
audio07.TextGrid,32,2,luck,144.230,144.540,NN,10.6916,4.91,3,3.367503
audio07.TextGrid,32,3,the,144.800,144.970,DT,4.2357,7.73,2,-0.002067
audio07.TextGrid,32,4,old,144.970,145.150,JJ,7.3432,5.75,3,0.938436
audio07.TextGrid,32,5,man,145.150,145.400,NN,7.6998,5.82,3,1.371647
audio07.TextGrid,32,6,said,145.400,145.840,VBD,3.7213,6.01,3,-2.398909
audio07.TextGrid,33,1,he,146.810,146.930,PRP,4.5353,6.69,2,-0.840688
audio07.TextGrid,33,2,fitted,146.930,147.210,VBD,3.3819,4.13,5,-4.795862
audio07.TextGrid,33,3,the,147.210,147.280,DT,2.4671,7.73,2,-1.770667
audio07.TextGrid,33,4,rope,147.280,147.550,NN,10.2397,4.06,3,1.985327
audio07.TextGrid,33,5,lashings,147.550,148.040,NNS,6.7593,2.26,6,-3.465071
audio07.TextGrid,33,6,of,148.040,148.110,IN,2.9573,7.4,2,-1.641633
audio07.TextGrid,33,7,the,148.110,148.270,DT,1.6942,7.73,2,-2.543567
audio07.TextGrid,33,8,oars,148.270,148.660,NNS,6.4486,3.01,3,-2.954939
audio07.TextGrid,33,9,onto,148.660,148.890,IN,10.1678,4.77,4,2.690481
audio07.TextGrid,33,10,the,148.890,149.010,DT,1.6945,7.73,2,-2.543267
audio07.TextGrid,33,11,thole,149.010,149.300,JJ,5.0744,1.96,3,-5.478304
audio07.TextGrid,33,12,pins,149.300,149.890,NNS,10.6770,3.8,4,2.138071
audio07.TextGrid,33,13,and,150.100,150.450,CC,4.3384,7.41,3,-0.249589
audio07.TextGrid,33,14,leaning,150.450,150.820,VBG,7.9903,3.89,5,-0.450129
audio07.TextGrid,33,15,forward,150.820,151.240,RB,9.4861,5.12,6,2.391836
audio07.TextGrid,33,16,against,151.240,151.570,IN,7.5592,5.68,6,1.077825
audio07.TextGrid,33,17,the,151.570,151.680,DT,1.7365,7.73,2,-2.501267
audio07.TextGrid,33,18,thrust,151.680,152.020,NN,4.1381,3.86,5,-4.335162
audio07.TextGrid,33,19,of,152.020,152.090,IN,3.1317,7.4,2,-1.467233
audio07.TextGrid,33,20,the,152.090,152.190,DT,1.6958,7.73,2,-2.541967
audio07.TextGrid,33,21,blades,152.190,152.560,NNS,6.4470,3.87,5,-2.015318
audio07.TextGrid,33,22,in,152.560,152.650,IN,3.2812,7.27,2,-1.460011
audio07.TextGrid,33,23,the,152.650,152.720,DT,1.6968,7.73,2,-2.540967
audio07.TextGrid,33,24,water,152.720,153.090,NN,8.3719,5.52,4,1.715414
audio07.TextGrid,34,1,he,153.590,153.670,PRP,4.5353,6.69,2,-0.840688
audio07.TextGrid,34,2,began,153.670,153.970,VBD,6.3554,5.07,5,-0.793586
audio07.TextGrid,34,3,to,153.970,154.060,TO,3.3822,7.43,2,-1.183900
audio07.TextGrid,34,4,row,154.060,154.390,VB,12.3370,4.6,2,4.673626
audio07.TextGrid,34,5,out,154.390,154.500,IN,6.9378,6.38,2,1.222535
audio07.TextGrid,34,6,of,154.500,154.570,IN,3.5207,7.4,2,-1.078233
audio07.TextGrid,34,7,the,154.570,154.690,DT,1.7150,7.73,2,-2.522767
audio07.TextGrid,34,8,harbour,154.690,155.070,NN,4.1399,3.98,5,-4.202029
audio07.TextGrid,34,9,in,155.070,155.140,IN,3.6167,7.27,2,-1.124511
audio07.TextGrid,34,10,the,155.140,155.240,DT,1.6994,7.73,2,-2.538367
audio07.TextGrid,34,11,dark,155.240,155.640,NN,10.7248,5.04,4,3.542981
audio07.TextGrid,35,1,there,156.620,156.740,EX,5.7321,6.31,3,-0.059776
audio07.TextGrid,35,2,were,156.740,156.880,VBD,4.5868,6.34,2,-1.172243
audio07.TextGrid,35,3,other,156.880,157.090,JJ,6.5830,6.16,3,0.626957
audio07.TextGrid,35,4,boats,157.090,157.480,NNS,5.3080,4.25,4,-2.738429
audio07.TextGrid,35,5,from,157.480,157.620,IN,4.7316,6.63,4,-0.710055
audio07.TextGrid,35,6,the,157.620,157.770,DT,1.6925,7.73,2,-2.545267
audio07.TextGrid,35,7,other,157.770,157.930,JJ,5.7835,6.16,3,-0.172543
audio07.TextGrid,35,8,beaches,157.930,158.490,NNS,5.6200,3.96,5,-2.743818
audio07.TextGrid,35,9,going,158.490,158.780,VBG,8.5424,5.94,4,2.345580
audio07.TextGrid,35,10,out,158.780,158.980,IN,5.6772,6.38,2,-0.038065
audio07.TextGrid,35,11,to,158.980,159.050,TO,3.5391,7.43,2,-1.027000
audio07.TextGrid,35,12,sea,159.050,159.460,VB,8.8238,5.06,2,1.663870
audio07.TextGrid,35,13,and,159.670,159.780,CC,3.9244,7.41,2,-0.663589
audio07.TextGrid,35,14,the,159.780,159.880,DT,2.2384,7.73,2,-1.999367
audio07.TextGrid,35,15,old,159.880,160.100,JJ,7.3320,5.75,3,0.927236
audio07.TextGrid,35,16,man,160.100,160.340,NN,7.6934,5.82,3,1.365247
audio07.TextGrid,35,17,heard,160.340,160.520,VBD,10.2282,5.27,3,3.298103
audio07.TextGrid,35,18,the,160.520,160.620,DT,2.9311,7.73,2,-1.306667
audio07.TextGrid,35,19,dip,160.620,160.920,NN,4.1464,4.05,3,-4.118918
audio07.TextGrid,35,20,and,160.920,161.040,CC,4.3107,7.41,2,-0.277289
audio07.TextGrid,35,21,push,161.040,161.370,NN,9.6085,4.82,3,2.185903
audio07.TextGrid,35,22,of,161.370,161.440,IN,3.3878,7.4,2,-1.211133
audio07.TextGrid,35,23,their,161.440,161.740,PRP$,4.9443,6.33,3,-0.825687
audio07.TextGrid,35,24,oars,161.740,162.240,NNS,5.5670,3.01,3,-3.836539
audio07.TextGrid,35,25,even,162.240,162.520,RB,6.8377,5.99,4,0.695602
audio07.TextGrid,35,26,though,162.520,162.690,IN,7.5850,5.5,2,0.906625
audio07.TextGrid,35,27,he,162.690,162.760,PRP,4.6702,6.69,2,-0.705788
audio07.TextGrid,35,28,could,162.760,162.930,MD,6.3221,6.06,3,0.256613
audio07.TextGrid,35,29,not,162.930,163.120,RB,6.2026,6.69,3,0.826612
audio07.TextGrid,35,30,see,163.120,163.330,VB,6.9700,6.1,2,0.948291
audio07.TextGrid,35,31,them,163.330,163.560,PRP,6.5373,6.19,3,0.614090
audio07.TextGrid,35,32,now,163.560,163.750,RB,6.7511,6.18,2,0.816946
audio07.TextGrid,35,33,the,163.750,163.830,DT,3.6200,7.73,2,-0.617767
audio07.TextGrid,35,34,moon,163.830,164.100,NN,11.1027,4.7,3,3.548770
audio07.TextGrid,35,35,was,164.100,164.270,VBD,6.4428,6.82,3,1.209090
audio07.TextGrid,35,36,below,164.270,164.540,IN,7.6190,5.05,4,0.448125
audio07.TextGrid,35,37,the,164.540,164.650,DT,1.7965,7.73,2,-2.441267
audio07.TextGrid,35,38,hills,164.650,165.150,NNS,8.3409,4.46,4,0.524304
audio08.TextGrid,1,1,sometimes,1.200,1.740,RB,8.7093,5.28,7,1.790147
audio08.TextGrid,1,2,someone,1.740,1.990,NN,10.5114,5.63,6,3.975302
audio08.TextGrid,1,3,would,1.990,2.160,MD,5.3045,6.27,3,-0.531154
audio08.TextGrid,1,4,speak,2.160,2.550,VB,9.5913,5.03,4,2.398536
audio08.TextGrid,1,5,in,2.550,2.650,IN,3.6599,7.27,2,-1.081311
audio08.TextGrid,1,6,a,2.650,2.700,DT,2.6096,7.36,1,-2.033111
audio08.TextGrid,1,7,boat,2.700,3.100,NN,4.1400,4.71,3,-3.402985
audio08.TextGrid,1,8,but,3.410,3.600,CC,5.9790,6.63,3,0.537345
audio08.TextGrid,1,9,most,3.600,3.840,JJS,6.9640,6.0,4,0.832846
audio08.TextGrid,1,10,of,3.840,3.910,IN,4.0486,7.4,2,-0.550333
audio08.TextGrid,1,11,the,3.910,3.990,DT,1.6950,7.73,2,-2.542767
audio08.TextGrid,1,12,boats,3.990,4.280,NNS,6.4480,4.25,4,-1.598429
audio08.TextGrid,1,13,were,4.280,4.360,VBD,6.0877,6.34,2,0.328657
audio08.TextGrid,1,14,silent,4.360,4.930,JJ,10.8125,4.45,6,2.984959
audio08.TextGrid,1,15,except,4.930,5.250,IN,9.1827,5.02,6,1.978992
audio08.TextGrid,1,16,for,5.250,5.320,IN,6.0356,7.01,2,1.009834
audio08.TextGrid,1,17,the,5.320,5.420,DT,1.9037,7.73,2,-2.334067
audio08.TextGrid,1,18,dip,5.420,5.660,NN,4.1546,4.05,3,-4.110718
audio08.TextGrid,1,19,of,5.660,5.750,IN,3.1983,7.4,2,-1.400633
audio08.TextGrid,1,20,the,5.750,5.890,DT,1.7065,7.73,2,-2.531267
audio08.TextGrid,1,21,oars,5.890,6.340,NNS,6.4479,3.01,3,-2.955639
audio08.TextGrid,2,1,they,6.910,7.050,PRP,4.6769,6.5,2,-0.907032
audio08.TextGrid,2,2,spread,7.050,7.340,VBP,8.4842,4.81,5,1.050659
audio08.TextGrid,2,3,apart,7.340,7.840,RB,10.4833,4.78,5,3.016926
audio08.TextGrid,2,4,after,7.840,8.120,IN,6.6989,6.11,4,0.688135
audio08.TextGrid,2,5,they,8.120,8.250,PRP,4.6614,6.5,2,-0.922532
audio08.TextGrid,2,6,were,8.250,8.420,VBD,6.2758,6.34,2,0.516757
audio08.TextGrid,2,7,out,8.420,8.580,IN,5.7029,6.38,2,-0.012365
audio08.TextGrid,2,8,of,8.580,8.650,IN,2.8911,7.4,2,-1.707833
audio08.TextGrid,2,9,the,8.650,8.740,DT,1.6931,7.73,2,-2.544667
audio08.TextGrid,2,10,mouth,8.740,9.030,NN,4.1377,4.83,3,-3.273952
audio08.TextGrid,2,11,of,9.030,9.100,IN,3.2253,7.4,2,-1.373633
audio08.TextGrid,2,12,the,9.100,9.220,DT,1.6983,7.73,2,-2.539467
audio08.TextGrid,2,13,harbour,9.220,9.590,NN,4.1370,3.98,5,-4.204929
audio08.TextGrid,3,1,and,10.200,10.300,CC,3.7036,7.41,2,-0.884389
audio08.TextGrid,3,2,each,10.300,10.530,DT,6.6769,5.69,2,0.206469
audio08.TextGrid,3,3,one,10.530,10.760,CD,6.6628,6.47,3,1.046035
audio08.TextGrid,3,4,headed,10.760,11.060,VBN,11.0408,4.55,5,3.322704
audio08.TextGrid,3,5,for,11.060,11.150,IN,3.5789,7.01,2,-1.446866
audio08.TextGrid,3,6,the,11.150,11.250,DT,1.6800,7.73,2,-2.557767
audio08.TextGrid,3,7,part,11.250,11.530,NN,6.5477,5.78,4,0.175769
audio08.TextGrid,3,8,of,11.530,11.600,IN,3.3871,7.4,2,-1.211833
audio08.TextGrid,3,9,the,11.600,11.770,DT,1.6965,7.73,2,-2.541267
audio08.TextGrid,3,10,ocean,11.770,12.100,NN,4.1366,4.7,4,-3.417330
audio08.TextGrid,3,11,where,12.100,12.350,WRB,7.4011,6.0,4,1.269946
audio08.TextGrid,3,12,he,12.350,12.480,PRP,4.6798,6.69,2,-0.696188
audio08.TextGrid,3,13,hoped,12.480,12.700,VBD,9.8264,4.28,4,1.812804
audio08.TextGrid,3,14,to,12.700,12.800,TO,3.3225,7.43,2,-1.243600
audio08.TextGrid,3,15,find,12.800,13.140,VB,7.0574,5.76,4,0.663580
audio08.TextGrid,3,16,fish,13.140,13.570,JJ,5.7462,4.9,3,-1.588841
audio08.TextGrid,4,1,the,14.590,14.710,DT,1.8241,7.73,2,-2.413667
audio08.TextGrid,4,2,old,14.710,14.900,JJ,7.3292,5.75,3,0.924436
audio08.TextGrid,4,3,man,14.900,15.130,NN,7.6921,5.82,3,1.363947
audio08.TextGrid,4,4,knew,15.130,15.390,VBD,8.8975,5.2,3,1.890792
audio08.TextGrid,4,5,he,15.390,15.510,PRP,5.1907,6.69,2,-0.185288
audio08.TextGrid,4,6,was,15.510,15.690,VBD,4.8320,6.82,3,-0.401710
audio08.TextGrid,4,7,going,15.690,16.010,VBG,8.1858,5.94,4,1.988980
audio08.TextGrid,4,8,far,16.010,16.360,RB,7.2258,5.5,3,0.547425
audio08.TextGrid,4,9,out,16.360,16.730,RB,6.6874,6.38,2,0.972135
audio08.TextGrid,4,10,and,17.030,17.120,CC,4.2046,7.41,2,-0.383389
audio08.TextGrid,4,11,he,17.120,17.250,PRP,6.0974,6.69,2,0.721412
audio08.TextGrid,4,12,left,17.250,17.450,VBD,8.6269,5.62,4,2.079858
audio08.TextGrid,4,13,the,17.450,17.570,DT,2.8215,7.73,2,-1.416267
audio08.TextGrid,4,14,smell,17.570,17.860,NN,4.1458,4.49,4,-3.637963
audio08.TextGrid,4,15,of,17.860,17.920,IN,2.9545,7.4,2,-1.644433
audio08.TextGrid,4,16,the,17.920,18.000,DT,1.7008,7.73,2,-2.536967
audio08.TextGrid,4,17,land,18.000,18.270,NN,9.1335,5.22,4,2.148681
audio08.TextGrid,4,18,behind,18.270,18.850,IN,9.2090,5.29,6,2.300792
audio08.TextGrid,4,19,and,18.850,19.020,CC,5.3422,7.41,3,0.754211
audio08.TextGrid,4,20,rowed,19.020,19.290,VBD,6.7856,2.78,3,-2.869661
audio08.TextGrid,4,21,out,19.290,19.550,RP,5.7162,6.38,2,0.000935
audio08.TextGrid,4,22,into,19.550,19.700,IN,6.1852,6.11,4,0.174435
audio08.TextGrid,4,23,the,19.700,19.810,DT,1.6940,7.73,2,-2.543767
audio08.TextGrid,4,24,clean,19.810,20.170,JJ,14.8354,4.97,4,7.576970
audio08.TextGrid,4,25,early,20.170,20.390,JJ,7.2100,5.43,3,0.455014
audio08.TextGrid,4,26,morning,20.390,20.750,NN,10.2584,5.33,6,3.393969
audio08.TextGrid,4,27,smell,20.750,21.030,NN,5.3696,4.49,4,-2.414163
audio08.TextGrid,4,28,of,21.030,21.110,IN,2.8765,7.4,2,-1.722433
audio08.TextGrid,4,29,the,21.110,21.250,DT,1.7082,7.73,2,-2.529567
audio08.TextGrid,4,30,ocean,21.250,21.580,NN,4.1364,4.7,4,-3.417530
audio08.TextGrid,5,1,he,22.450,22.560,PRP,4.5353,6.69,2,-0.840688
audio08.TextGrid,5,2,saw,22.560,22.770,VBD,8.2117,5.34,2,1.358214
audio08.TextGrid,5,3,the,22.770,22.850,DT,2.4587,7.73,2,-1.779067
audio08.TextGrid,5,4,phosphorescence,22.850,23.700,NN,4.1401,1.88,10,-6.500159
audio08.TextGrid,5,5,of,23.700,23.780,IN,3.1725,7.4,2,-1.426433
audio08.TextGrid,5,6,the,23.780,23.880,DT,1.6958,7.73,2,-2.541967
audio08.TextGrid,5,7,gulf,23.880,24.270,NN,8.0497,4.28,4,0.036104
audio08.TextGrid,5,8,weed,24.270,24.590,NN,5.1942,4.27,3,-2.830340
audio08.TextGrid,5,9,in,24.590,24.670,IN,3.7640,7.27,2,-0.977211
audio08.TextGrid,5,10,the,24.670,24.740,DT,1.7023,7.73,2,-2.535467
audio08.TextGrid,5,11,water,24.740,25.220,NN,8.3724,5.52,4,1.715914
audio08.TextGrid,5,12,as,25.220,25.370,IN,4.9416,6.77,2,-0.346832
audio08.TextGrid,5,13,he,25.370,25.480,PRP,4.4839,6.69,2,-0.892088
audio08.TextGrid,5,14,rowed,25.480,25.770,VBD,4.6668,2.78,3,-4.988461
audio08.TextGrid,5,15,over,25.770,25.950,IN,6.4239,6.08,3,0.380302
audio08.TextGrid,5,16,the,25.950,26.030,DT,1.9135,7.73,2,-2.324267
audio08.TextGrid,5,17,part,26.030,26.290,NN,6.5503,5.78,4,0.178369
audio08.TextGrid,5,18,of,26.290,26.360,IN,2.8760,7.4,2,-1.722933
audio08.TextGrid,5,19,the,26.360,26.500,DT,1.6969,7.73,2,-2.540867
audio08.TextGrid,5,20,ocean,26.500,26.830,NN,4.1363,4.7,4,-3.417630
audio08.TextGrid,5,21,that,26.830,26.940,IN,4.1456,7.01,3,-0.880166
audio08.TextGrid,5,22,the,26.940,27.050,DT,2.0009,7.73,2,-2.236867
audio08.TextGrid,5,23,fishermen,27.050,27.460,NNS,6.4484,3.65,7,-2.254695
audio08.TextGrid,5,24,called,27.460,27.790,VBD,8.1788,5.59,4,1.598925
audio08.TextGrid,5,25,the,27.790,27.900,DT,2.8046,7.73,2,-1.433167
audio08.TextGrid,5,26,great,27.900,28.270,JJ,7.7276,5.88,4,1.465113
audio08.TextGrid,5,27,well,28.270,28.680,NN,8.9594,6.03,3,2.861080
audio08.TextGrid,6,1,because,29.130,29.500,IN,6.7432,6.03,5,0.644880
audio08.TextGrid,6,2,there,29.500,29.600,EX,5.7016,6.31,3,-0.090276
audio08.TextGrid,6,3,was,29.600,29.750,VBD,5.3990,6.82,3,0.165290
audio08.TextGrid,6,4,a,29.750,29.820,DT,3.2387,7.36,1,-1.404011
audio08.TextGrid,6,5,sudden,29.820,30.160,JJ,10.0316,4.4,5,2.149337
audio08.TextGrid,6,6,deep,30.160,30.580,NN,3.9920,5.05,3,-3.178875
audio08.TextGrid,6,7,of,30.580,30.720,IN,3.0253,7.4,2,-1.573633
audio08.TextGrid,6,8,seven,30.720,31.030,CD,8.5416,5.08,5,1.403559
audio08.TextGrid,6,9,hundred,31.030,31.310,VBD,8.3872,4.71,7,0.844215
audio08.TextGrid,6,10,fathoms,31.310,31.850,NNS,6.2693,2.49,6,-3.703349
audio08.TextGrid,6,11,where,32.210,32.350,WRB,7.2821,6.0,3,1.150946
audio08.TextGrid,6,12,all,32.350,32.510,DT,5.7060,6.52,2,0.143957
audio08.TextGrid,6,13,sorts,32.510,32.820,NNS,11.3084,4.21,5,3.218193
audio08.TextGrid,6,14,of,32.820,32.920,IN,3.7058,7.4,2,-0.893133
audio08.TextGrid,6,15,fish,32.920,33.170,NN,5.7935,4.9,3,-1.541541
audio08.TextGrid,6,16,congregated,33.170,33.900,VBN,5.7899,2.45,11,-4.226527
audio08.TextGrid,6,17,because,33.900,34.220,IN,5.4340,6.03,5,-0.664320
audio08.TextGrid,6,18,of,34.220,34.310,IN,5.1320,7.4,2,0.533067
audio08.TextGrid,6,19,the,34.310,34.400,DT,1.9258,7.73,2,-2.311967
audio08.TextGrid,6,20,swirl,34.400,34.830,NN,4.1491,3.16,4,-5.090272
audio08.TextGrid,6,21,the,34.830,34.920,DT,3.1972,7.73,2,-1.040567
audio08.TextGrid,6,22,current,34.920,35.290,JJ,7.1692,5.27,6,0.239103
audio08.TextGrid,6,23,made,35.290,35.540,VBN,8.2148,5.92,3,1.996091
audio08.TextGrid,6,24,against,35.540,35.840,IN,7.1195,5.68,6,0.638125
audio08.TextGrid,6,25,the,35.840,35.940,DT,1.6936,7.73,2,-2.544167
audio08.TextGrid,6,26,steep,35.940,36.230,JJ,10.0302,3.99,4,1.699216
audio08.TextGrid,6,27,walls,36.230,36.560,NNS,10.3625,4.62,4,2.721015
audio08.TextGrid,6,28,of,36.560,36.630,IN,2.8424,7.4,2,-1.756533
audio08.TextGrid,6,29,the,36.630,36.740,DT,1.6991,7.73,2,-2.538667
audio08.TextGrid,6,30,floor,36.740,37.010,NN,7.7508,4.94,4,0.459537
audio08.TextGrid,6,31,of,37.010,37.070,IN,3.0494,7.4,2,-1.549533
audio08.TextGrid,6,32,the,37.070,37.240,DT,1.6978,7.73,2,-2.539967
audio08.TextGrid,6,33,ocean,37.240,37.650,NN,4.1361,4.7,4,-3.417830
audio08.TextGrid,7,1,here,38.650,38.890,RB,7.8764,5.97,3,1.712413
audio08.TextGrid,7,2,there,38.890,39.010,EX,6.3065,6.31,3,0.514624
audio08.TextGrid,7,3,were,39.010,39.140,VBD,4.6471,6.34,2,-1.111943
audio08.TextGrid,7,4,concentrations,39.140,40.050,NNS,7.5737,3.76,13,-1.009006
audio08.TextGrid,7,5,of,40.050,40.170,IN,2.9900,7.4,2,-1.608933
audio08.TextGrid,7,6,shrimp,40.170,40.640,NN,5.7947,3.79,5,-2.755173
audio08.TextGrid,7,7,and,40.640,40.790,CC,4.3703,7.41,3,-0.217689
audio08.TextGrid,7,8,bait,40.790,41.080,NN,5.3779,3.85,3,-3.106306
audio08.TextGrid,7,9,fish,41.080,41.490,NN,5.1012,4.9,3,-2.233841
audio08.TextGrid,7,10,and,41.490,41.610,CC,4.2798,7.41,3,-0.308189
audio08.TextGrid,7,11,sometimes,41.610,42.100,RB,9.0862,5.28,7,2.167047
audio08.TextGrid,7,12,schools,42.100,42.560,NNS,9.5907,5.05,5,2.419825
audio08.TextGrid,7,13,of,42.560,42.660,IN,3.0439,7.4,2,-1.555033
audio08.TextGrid,7,14,squid,42.660,43.190,NN,5.7956,3.44,5,-3.137328
audio08.TextGrid,7,15,in,43.190,43.290,IN,3.6484,7.27,2,-1.092811
audio08.TextGrid,7,16,the,43.290,43.370,DT,1.6973,7.73,2,-2.540467
audio08.TextGrid,7,17,deepest,43.370,43.810,NN,4.1360,3.77,6,-4.435762
audio08.TextGrid,7,18,holes,43.810,44.260,NNS,6.6776,4.35,4,-1.259385
audio08.TextGrid,7,19,and,44.440,44.570,CC,4.2488,7.41,2,-0.339189
audio08.TextGrid,7,20,these,44.570,44.890,DT,6.3739,6.04,3,0.286524
audio08.TextGrid,7,21,rose,44.890,45.280,VBD,9.7715,4.82,3,2.348903
audio08.TextGrid,7,22,close,45.280,45.580,RB,8.1550,5.36,4,1.323403
audio08.TextGrid,7,23,to,45.580,45.680,TO,3.5573,7.43,2,-1.008800
audio08.TextGrid,7,24,the,45.680,45.800,DT,2.5190,7.73,2,-1.718767
audio08.TextGrid,7,25,surface,45.800,46.290,NN,4.1360,4.83,5,-3.275652
audio08.TextGrid,7,26,at,46.290,46.430,IN,4.5831,6.7,2,-0.781944
audio08.TextGrid,7,27,night,46.430,46.850,NN,9.8202,5.61,3,3.262213
audio08.TextGrid,7,28,where,46.850,46.980,WRB,7.3410,6.0,3,1.209846
audio08.TextGrid,7,29,all,46.980,47.110,PDT,5.6923,6.52,2,0.130257
audio08.TextGrid,7,30,the,47.110,47.190,DT,3.9133,7.73,2,-0.324467
audio08.TextGrid,7,31,wandering,47.190,47.790,VBG,7.3634,3.8,7,-1.175529
audio08.TextGrid,7,32,fish,47.790,48.120,JJ,5.7934,4.9,3,-1.541641
audio08.TextGrid,7,33,fed,48.120,48.350,VBN,8.1661,4.51,3,0.404226
audio08.TextGrid,7,34,on,48.350,48.520,IN,4.5438,6.91,2,-0.591410
audio08.TextGrid,7,35,them,48.520,48.730,PRP,5.9093,6.19,3,-0.013910
audio08.TextGrid,8,1,in,50.540,50.660,IN,4.1039,7.27,2,-0.637311
audio08.TextGrid,8,2,the,50.660,50.730,DT,1.7509,7.73,2,-2.486867
audio08.TextGrid,8,3,dark,50.730,51.160,NN,10.7218,5.04,4,3.539981
audio08.TextGrid,8,4,the,51.160,51.280,DT,4.9590,7.73,2,0.721233
audio08.TextGrid,8,5,old,51.280,51.480,JJ,7.4087,5.75,3,1.003936
audio08.TextGrid,8,6,man,51.480,51.710,NN,7.7325,5.82,3,1.404347
audio08.TextGrid,8,7,could,51.710,51.920,MD,5.9115,6.06,3,-0.153987
audio08.TextGrid,8,8,feel,51.920,52.170,VB,7.2587,5.67,3,0.766380
audio08.TextGrid,8,9,the,52.170,52.270,DT,2.5962,7.73,2,-1.641567
audio08.TextGrid,8,10,morning,52.270,52.690,NN,8.8530,5.33,6,1.988569
audio08.TextGrid,8,11,coming,52.690,53.160,VBG,8.7547,5.4,5,1.966880
audio08.TextGrid,8,12,and,53.430,53.560,CC,3.9314,7.41,2,-0.656589
audio08.TextGrid,8,13,as,53.560,53.730,IN,5.8644,6.77,2,0.575968
audio08.TextGrid,8,14,he,53.730,53.850,PRP,4.8587,6.69,2,-0.517288
audio08.TextGrid,8,15,rowed,53.850,54.320,VBD,5.3606,2.78,3,-4.294661
audio08.TextGrid,8,16,he,54.320,54.480,PRP,5.1609,6.69,2,-0.215088
audio08.TextGrid,8,17,heard,54.480,54.660,VBD,9.4166,5.27,3,2.486503
audio08.TextGrid,8,18,the,54.660,54.770,DT,2.8290,7.73,2,-1.408767
audio08.TextGrid,8,19,trembling,54.770,55.320,VBG,8.5442,3.27,8,-0.574783
audio08.TextGrid,8,20,sound,55.320,55.820,NN,8.5710,5.15,4,1.509570
audio08.TextGrid,8,21,as,55.820,56.020,IN,4.5802,6.77,2,-0.708232
audio08.TextGrid,8,22,flying,56.020,56.410,VBG,8.0368,4.71,5,0.493815
audio08.TextGrid,8,23,fish,56.410,56.790,JJ,5.7263,4.9,3,-1.608741
audio08.TextGrid,8,24,left,56.790,56.970,VBD,10.2961,5.62,4,3.749058
audio08.TextGrid,8,25,the,56.970,57.040,DT,3.1985,7.73,2,-1.039267
audio08.TextGrid,8,26,water,57.040,57.510,NN,8.3814,5.52,4,1.724914
audio08.TextGrid,8,27,and,57.630,57.730,CC,4.0769,7.41,2,-0.511089
audio08.TextGrid,8,28,the,57.730,57.850,DT,2.3610,7.73,2,-1.876767
audio08.TextGrid,8,29,hissing,57.850,58.260,NN,4.1372,2.88,5,-5.408616
audio08.TextGrid,8,30,that,58.260,58.430,IN,4.2201,7.01,3,-0.805666
audio08.TextGrid,8,31,their,58.430,58.520,PRP$,5.2192,6.33,3,-0.550787
audio08.TextGrid,8,32,stiff,58.520,58.840,JJ,10.0554,3.9,4,1.625916
audio08.TextGrid,8,33,set,58.840,59.180,VBN,8.7239,5.59,3,2.144025
audio08.TextGrid,8,34,wings,59.180,59.530,NNS,10.8907,4.44,4,3.052215
audio08.TextGrid,8,35,made,59.530,59.840,VBN,6.8744,5.92,3,0.655691
audio08.TextGrid,8,36,as,59.840,59.950,IN,4.4858,6.77,2,-0.802632
audio08.TextGrid,8,37,they,59.950,60.100,PRP,4.7003,6.5,2,-0.883632
audio08.TextGrid,8,38,soared,60.100,60.470,VBD,9.4079,3.06,4,0.059084
audio08.TextGrid,8,39,away,60.470,60.750,RB,7.4247,5.62,3,0.877658
audio08.TextGrid,8,40,in,60.750,60.820,IN,3.3512,7.27,2,-1.390011
audio08.TextGrid,8,41,the,60.820,60.910,DT,1.7169,7.73,2,-2.520867
audio08.TextGrid,8,42,darkness,60.910,61.580,NN,4.1373,4.3,7,-3.854407
audio08.TextGrid,9,1,he,62.750,62.840,PRP,4.5353,6.69,2,-0.840688
audio08.TextGrid,9,2,was,62.840,62.980,VBD,3.9158,6.82,3,-1.317910
audio08.TextGrid,9,3,very,62.980,63.210,RB,7.0517,6.0,4,0.920546
audio08.TextGrid,9,4,fond,63.210,63.540,JJ,11.0342,3.89,4,2.593771
audio08.TextGrid,9,5,of,63.540,63.640,IN,3.1451,7.4,2,-1.453833
audio08.TextGrid,9,6,flying,63.640,64.010,VBG,8.0785,4.71,5,0.535515
audio08.TextGrid,9,7,fish,64.010,64.420,JJ,5.7149,4.9,3,-1.620141
audio08.TextGrid,9,8,as,64.420,64.520,IN,5.7505,6.77,2,0.462068
audio08.TextGrid,9,9,they,64.520,64.650,PRP,4.6486,6.5,2,-0.935332
audio08.TextGrid,9,10,were,64.650,64.800,VBD,6.2704,6.34,2,0.511357
audio08.TextGrid,9,11,his,64.800,64.940,PRP$,6.0556,6.51,3,0.482612
audio08.TextGrid,9,12,principal,64.940,65.400,JJ,7.6885,4.52,9,-0.062430
audio08.TextGrid,9,13,friends,65.400,65.810,NNS,9.4314,5.43,5,2.676414
audio08.TextGrid,9,14,on,65.810,65.940,IN,4.5178,6.91,2,-0.617410
audio08.TextGrid,9,15,the,65.940,66.080,DT,1.7017,7.73,2,-2.536067
audio08.TextGrid,9,16,ocean,66.080,66.470,NN,4.1365,4.7,4,-3.417430
audio08.TextGrid,10,1,he,67.360,67.470,PRP,4.5353,6.69,2,-0.840688
audio08.TextGrid,10,2,was,67.470,67.600,VBD,3.9158,6.82,3,-1.317910
audio08.TextGrid,10,3,sorry,67.600,67.880,NN,11.5247,5.18,4,4.496103
audio08.TextGrid,10,4,for,67.880,68.010,IN,4.5731,7.01,2,-0.452666
audio08.TextGrid,10,5,the,68.010,68.100,DT,1.6996,7.73,2,-2.538167
audio08.TextGrid,10,6,birds,68.100,68.800,NNS,11.1881,4.6,4,3.524726
audio08.TextGrid,10,7,especially,68.920,69.460,RB,9.2302,5.21,7,2.234436
audio08.TextGrid,10,8,the,69.460,69.560,DT,3.7627,7.73,2,-0.475067
audio08.TextGrid,10,9,small,69.560,69.910,JJ,6.8480,5.51,4,0.180569
audio08.TextGrid,10,10,delicate,69.910,70.380,NN,4.1035,4.01,7,-4.205596
audio08.TextGrid,10,11,dark,70.380,70.630,NN,11.9911,5.04,4,4.809281
audio08.TextGrid,10,12,terns,70.670,71.210,NNS,5.5636,2.51,4,-4.387160
audio08.TextGrid,10,13,that,71.210,71.360,WDT,3.9622,7.01,3,-1.063566
audio08.TextGrid,10,14,were,71.360,71.460,VBD,6.8394,6.34,2,1.080357
audio08.TextGrid,10,15,always,71.460,71.830,RB,7.7030,5.76,5,1.309180
audio08.TextGrid,10,16,flying,71.830,72.290,VBG,7.2058,4.71,5,-0.337185
audio08.TextGrid,10,17,and,72.290,72.430,CC,4.0022,7.41,3,-0.585789
audio08.TextGrid,10,18,looking,72.430,72.820,VBG,8.2978,5.57,5,1.696036
audio08.TextGrid,10,19,and,72.820,72.960,CC,4.0467,7.41,3,-0.541289
audio08.TextGrid,10,20,almost,72.960,73.330,RB,7.7151,5.39,6,0.916336
audio08.TextGrid,10,21,never,73.330,73.550,RB,7.3020,5.91,4,1.072346
audio08.TextGrid,10,22,finding,73.550,74.100,VBG,10.0750,4.85,6,2.685237
audio08.TextGrid,11,1,and,74.870,74.970,CC,3.7036,7.41,2,-0.884389
audio08.TextGrid,11,2,he,74.970,75.080,PRP,4.7461,6.69,2,-0.629888
audio08.TextGrid,11,3,thought,75.080,75.390,VBD,7.8797,5.59,3,1.299825
audio08.TextGrid,11,4,the,75.430,75.540,DT,2.5750,7.73,2,-1.662767
audio08.TextGrid,11,5,birds,75.540,75.830,NNS,11.1955,4.6,4,3.532126
audio08.TextGrid,11,6,have,75.830,75.980,VBP,5.2457,6.71,3,-0.108399
audio08.TextGrid,11,7,a,75.980,76.010,DT,3.4511,7.36,1,-1.191611
audio08.TextGrid,11,8,harder,76.010,76.310,JJR,10.0990,4.57,5,2.402793
audio08.TextGrid,11,9,life,76.310,76.560,NN,7.7309,5.89,3,1.479358
audio08.TextGrid,11,10,than,76.560,76.680,IN,5.6077,6.13,3,-0.381176
audio08.TextGrid,11,11,we,76.680,76.880,PRP,5.6029,6.54,2,0.062746
audio08.TextGrid,11,12,do,76.880,77.190,VBP,6.8980,6.35,2,1.149901
audio08.TextGrid,11,13,except,77.190,77.510,IN,9.1186,5.02,6,1.914892
audio08.TextGrid,11,14,for,77.510,77.580,IN,5.8494,7.01,2,0.823634
audio08.TextGrid,11,15,the,77.580,77.710,DT,1.8927,7.73,2,-2.345067
audio08.TextGrid,11,16,robber,77.710,78.030,NN,4.1557,3.39,4,-4.831950
audio08.TextGrid,11,17,birds,78.030,78.540,NNS,11.3593,4.6,4,3.695926
audio08.TextGrid,11,18,and,78.540,78.640,CC,3.5740,7.41,2,-1.013989
audio08.TextGrid,11,19,the,78.640,78.730,DT,2.0702,7.73,2,-2.167567
audio08.TextGrid,11,20,heavy,78.730,78.990,JJ,8.7549,4.96,4,1.485525
audio08.TextGrid,11,21,strong,78.990,79.430,JJ,8.0388,5.22,5,1.053981
audio08.TextGrid,11,22,ones,79.430,79.790,NNS,8.1714,5.07,4,1.022414
audio08.TextGrid,12,1,why,80.750,80.920,WRB,8.5208,5.93,2,2.313035
audio08.TextGrid,12,2,did,80.920,81.040,VBD,8.9248,5.96,3,2.749869
audio08.TextGrid,12,3,they,81.040,81.140,PRP,5.1494,6.5,2,-0.434532
audio08.TextGrid,12,4,make,81.140,81.350,VBP,6.3997,6.08,3,0.356102
audio08.TextGrid,12,5,birds,81.350,81.650,NNS,12.1428,4.6,4,4.479426
audio08.TextGrid,12,6,so,81.650,81.790,RB,6.0807,6.52,2,0.518657
audio08.TextGrid,12,7,delicate,81.790,82.350,JJ,5.8919,4.01,7,-2.417196
audio08.TextGrid,12,8,and,82.350,82.500,CC,3.5844,7.41,3,-1.003589
audio08.TextGrid,12,9,fine,82.550,82.920,JJ,8.3865,5.23,3,1.412625
audio08.TextGrid,12,10,as,82.920,83.090,IN,5.1783,6.77,2,-0.110132
audio08.TextGrid,12,11,those,83.090,83.300,DT,6.1693,5.9,3,-0.071298
audio08.TextGrid,12,12,sea,83.300,83.580,NN,8.2720,5.06,2,1.112070
audio08.TextGrid,12,13,swallows,83.580,84.180,VBZ,5.8938,3.21,6,-3.290850
audio08.TextGrid,12,14,when,84.180,84.310,WRB,6.1262,6.37,3,0.399990
audio08.TextGrid,12,15,the,84.310,84.460,DT,2.0223,7.73,2,-2.215467
audio08.TextGrid,12,16,ocean,84.460,84.760,NN,4.1363,4.7,4,-3.417630
audio08.TextGrid,12,17,can,84.760,84.950,MD,5.5742,6.46,3,-0.053510
audio08.TextGrid,12,18,be,84.950,85.140,VB,3.7171,6.79,2,-1.549444
audio08.TextGrid,12,19,so,85.140,85.330,RB,6.0402,6.52,2,0.478157
audio08.TextGrid,12,20,cruel,85.330,85.820,JJ,5.6357,4.12,4,-2.553007
audio08.TextGrid,13,1,she,86.740,86.880,PRP,5.6641,6.26,2,-0.182498
audio08.TextGrid,13,2,is,86.880,87.000,VBZ,3.3590,7.07,2,-1.601100
audio08.TextGrid,13,3,kind,87.000,87.510,NN,9.8458,5.45,4,3.112703
audio08.TextGrid,13,4,and,87.510,87.700,CC,3.9363,7.41,3,-0.651689
audio08.TextGrid,13,5,very,87.700,87.900,RB,7.3965,6.0,4,1.265346
audio08.TextGrid,13,6,beautiful,87.900,88.500,JJ,8.8700,5.22,8,1.885181
audio08.TextGrid,13,7,but,88.890,89.030,CC,5.3325,6.63,3,-0.109155
audio08.TextGrid,13,8,she,89.030,89.130,PRP,7.0535,6.26,2,1.206902
audio08.TextGrid,13,9,can,89.130,89.280,MD,5.7826,6.46,3,0.154890
audio08.TextGrid,13,10,be,89.280,89.430,VB,3.7178,6.79,2,-1.548744
audio08.TextGrid,13,11,so,89.430,89.650,RB,6.0643,6.52,2,0.502257
audio08.TextGrid,13,12,cruel,89.650,90.170,JJ,5.6572,4.12,4,-2.531507
audio08.TextGrid,13,13,and,90.390,90.510,CC,3.7433,7.41,3,-0.844689
audio08.TextGrid,13,14,it,90.510,90.620,PRP,4.7857,6.95,2,-0.305733
audio08.TextGrid,13,15,comes,90.620,90.930,VBZ,8.7542,5.36,4,1.922603
audio08.TextGrid,13,16,so,90.930,91.120,RB,6.2242,6.52,2,0.662157
audio08.TextGrid,13,17,suddenly,91.120,91.800,RB,9.9585,4.69,7,2.393626
audio08.TextGrid,13,18,and,91.930,92.080,CC,3.6683,7.41,3,-0.919689
audio08.TextGrid,13,19,such,92.080,92.300,JJ,5.5344,5.84,3,-0.771865
audio08.TextGrid,13,20,birds,92.300,92.680,NNS,11.8678,4.6,4,4.204426
audio08.TextGrid,13,21,that,92.680,92.900,WDT,4.1984,7.01,3,-0.827366
audio08.TextGrid,13,22,fly,92.900,93.320,VBP,11.2186,4.75,3,3.719392
audio08.TextGrid,13,23,dipping,93.320,93.760,VBG,7.2278,3.48,5,-1.661350
audio08.TextGrid,13,24,and,93.760,93.910,CC,3.8847,7.41,3,-0.703289
audio08.TextGrid,13,25,hunting,93.910,94.300,VBG,6.7608,4.42,6,-1.099574
audio08.TextGrid,13,26,with,94.590,94.720,IN,5.0344,6.85,3,-0.166477
audio08.TextGrid,13,27,their,94.720,94.810,PRP$,4.9365,6.33,3,-0.833487
audio08.TextGrid,13,28,small,94.810,95.190,JJ,6.9198,5.51,4,0.252369
audio08.TextGrid,13,29,sad,95.190,95.550,JJ,11.3350,4.84,3,3.934292
audio08.TextGrid,13,30,voices,95.550,96.050,NNS,9.6705,4.35,5,1.733515
audio08.TextGrid,13,31,are,96.410,96.490,VBP,5.3635,6.74,2,0.042234
audio08.TextGrid,13,32,made,96.490,96.740,VBN,6.7305,5.92,3,0.511791
audio08.TextGrid,13,33,too,96.740,96.840,RB,7.2863,5.95,2,1.100424
audio08.TextGrid,13,34,delicately,96.840,97.530,RB,4.6946,3.05,9,-4.665161
audio08.TextGrid,13,35,for,97.530,97.690,IN,4.0832,7.01,2,-0.942566
audio08.TextGrid,13,36,the,97.690,97.810,DT,1.8186,7.73,2,-2.419167
audio08.TextGrid,13,37,sea,97.810,98.220,NN,8.2735,5.06,2,1.113570
audio08.TextGrid,14,1,he,99.890,100.010,PRP,4.5353,6.69,2,-0.840688
audio08.TextGrid,14,2,always,100.010,100.300,RB,8.9385,5.76,5,2.544680
audio08.TextGrid,14,3,thought,100.300,100.480,VBD,8.3933,5.59,3,1.813425
audio08.TextGrid,14,4,of,100.480,100.550,IN,3.2451,7.4,2,-1.353833
audio08.TextGrid,14,5,the,100.550,100.640,DT,1.7111,7.73,2,-2.526667
audio08.TextGrid,14,6,sea,100.640,100.890,NN,8.2750,5.06,2,1.115070
audio08.TextGrid,14,7,as,100.890,101.090,IN,5.9496,6.77,2,0.661168
audio08.TextGrid,14,8,la,101.090,101.270,NN,8.8197,5.05,2,1.648825
audio08.TextGrid,14,9,mar,101.270,101.740,NN,5.1095,4.19,3,-3.002596
audio08.TextGrid,15,1,which,102.210,102.370,WDT,5.7335,6.3,3,-0.069321
audio08.TextGrid,15,2,is,102.370,102.470,VBZ,3.7725,7.07,2,-1.187600
audio08.TextGrid,15,3,what,102.470,102.630,WP,7.4209,6.38,3,1.705635
audio08.TextGrid,15,4,people,102.630,102.920,NNS,9.1328,6.25,5,3.275257
audio08.TextGrid,15,5,call,102.920,103.250,VBP,8.7828,5.51,3,2.115369
audio08.TextGrid,15,6,her,103.250,103.360,PRP$,7.0468,6.3,2,1.243979
audio08.TextGrid,15,7,in,103.360,103.480,IN,4.1313,7.27,2,-0.609911
audio08.TextGrid,15,8,spanish,103.480,103.920,JJ,11.0036,4.73,6,3.482504
audio08.TextGrid,15,9,when,103.920,104.070,WRB,6.8404,6.37,4,1.114190
audio08.TextGrid,15,10,they,104.070,104.220,PRP,4.9725,6.5,2,-0.611432
audio08.TextGrid,15,11,love,104.220,104.450,VBP,3.9816,5.82,3,-2.346553
audio08.TextGrid,16,1,her,104.450,104.650,PRP$,6.2597,6.3,2,0.456879
audio08.TextGrid,16,2,sometimes,105.390,105.920,NNS,10.0905,5.28,7,3.171347
audio08.TextGrid,16,3,those,105.920,106.200,DT,7.7543,5.9,3,1.513702
audio08.TextGrid,16,4,who,106.200,106.300,WP,8.4743,6.34,2,2.715257
audio08.TextGrid,16,5,love,106.300,106.490,VBP,4.3320,5.82,3,-1.996153
audio08.TextGrid,16,6,her,106.490,106.610,PRP$,6.8942,6.3,2,1.091379
audio08.TextGrid,16,7,say,106.610,106.790,JJ,7.8556,5.89,2,1.604058
audio08.TextGrid,16,8,bad,106.790,107.100,JJ,8.7868,5.53,3,2.141258
audio08.TextGrid,16,9,things,107.100,107.400,NNS,7.5685,5.74,4,1.152791
audio08.TextGrid,16,10,of,107.400,107.530,IN,2.8287,7.4,2,-1.770233
audio08.TextGrid,16,11,her,107.530,107.710,PRP$,6.1361,6.3,2,0.333279
audio08.TextGrid,16,12,but,108.070,108.240,CC,5.2530,6.63,3,-0.188655
audio08.TextGrid,16,13,they,108.240,108.320,PRP,5.1169,6.5,2,-0.467032
audio08.TextGrid,16,14,are,108.320,108.360,VBP,5.2102,6.74,1,-0.111066
audio08.TextGrid,16,15,always,108.360,108.820,RB,7.7147,5.76,5,1.320880
audio08.TextGrid,16,16,said,108.820,109.140,VBD,4.1744,6.01,3,-1.945809
audio08.TextGrid,16,17,as,109.140,109.320,IN,4.9622,6.77,2,-0.326232
audio08.TextGrid,16,18,though,109.320,109.450,IN,8.4518,5.5,2,1.773425
audio08.TextGrid,16,19,she,109.450,109.610,PRP,5.8854,6.26,2,0.038802
audio08.TextGrid,16,20,were,109.610,109.790,VBD,5.7785,6.34,2,0.019457
audio08.TextGrid,16,21,a,109.790,109.820,DT,3.2943,7.36,1,-1.348411
audio08.TextGrid,16,22,woman,109.820,110.210,NN,8.0425,5.35,5,1.199958
audio08.TextGrid,17,1,some,111.350,111.540,DT,5.3151,6.2,3,-0.597165
audio08.TextGrid,17,2,of,111.540,111.610,IN,5.1741,7.4,2,0.575167
audio08.TextGrid,17,3,the,111.610,111.720,DT,1.7145,7.73,2,-2.523267
audio08.TextGrid,17,4,younger,111.720,112.050,JJR,11.0323,4.69,5,3.467426
audio08.TextGrid,17,5,fishermen,112.050,112.550,NNS,5.5491,3.65,7,-3.153995
audio08.TextGrid,17,6,those,112.720,113.000,DT,8.1194,5.9,3,1.878802
audio08.TextGrid,17,7,who,113.000,113.060,WP,8.5479,6.34,2,2.788857
audio08.TextGrid,17,8,used,113.060,113.410,VBD,7.8955,5.8,4,1.545458
audio08.TextGrid,17,9,buoys,113.410,113.880,NNS,7.6503,2.77,4,-2.015905
audio08.TextGrid,17,10,as,113.880,114.050,IN,4.6550,6.77,2,-0.633432
audio08.TextGrid,17,11,floats,114.050,114.370,NNS,6.8677,3.46,5,-2.043339
audio08.TextGrid,17,12,for,114.370,114.470,IN,3.7775,7.01,2,-1.248266
audio08.TextGrid,17,13,their,114.470,114.630,PRP$,4.9274,6.33,3,-0.842587
audio08.TextGrid,17,14,lines,114.630,115.210,NNS,8.5425,4.95,4,1.262181
audio08.TextGrid,17,15,and,115.210,115.360,CC,3.9988,7.41,3,-0.589189
audio08.TextGrid,17,16,had,115.360,115.560,VBD,7.1900,6.33,3,1.420013
audio08.TextGrid,17,17,motorboats,115.560,116.260,NNS,7.4155,2.03,8,-3.060593
audio08.TextGrid,18,1,bought,116.670,116.960,VBD,11.6680,4.91,3,4.343903
audio08.TextGrid,18,2,when,116.960,117.090,WRB,6.8267,6.37,3,1.100490
audio08.TextGrid,18,3,the,117.090,117.150,DT,1.9437,7.73,2,-2.294067
audio08.TextGrid,18,4,shark,117.150,117.510,NN,4.1361,4.1,4,-4.074496
audio08.TextGrid,18,5,livers,117.510,117.900,NNS,6.7550,2.78,5,-2.900261
audio08.TextGrid,18,6,had,117.900,118.010,VBD,4.7963,6.33,3,-0.973687
audio08.TextGrid,18,7,brought,118.010,118.280,VBN,9.5667,5.16,4,2.516214
audio08.TextGrid,18,8,much,118.280,118.510,JJ,6.7323,6.0,3,0.601146
audio08.TextGrid,18,9,money,118.510,118.840,NN,8.0663,5.64,4,1.541147
audio08.TextGrid,18,10,spoke,119.240,119.520,NN,11.1564,4.61,4,3.503970
audio08.TextGrid,18,11,of,119.520,119.620,IN,3.4073,7.4,2,-1.191633
audio08.TextGrid,18,12,her,119.620,119.750,PRP,6.1874,6.3,2,0.384579
audio08.TextGrid,18,13,as,119.750,119.940,IN,5.3946,6.77,2,0.106168
audio08.TextGrid,18,14,el,120.030,120.230,NN,9.9626,4.56,2,2.255448
audio08.TextGrid,18,15,mar,120.230,120.620,NN,5.9304,4.19,3,-2.181696
audio08.TextGrid,18,16,which,120.940,121.110,WDT,5.8236,6.3,3,0.020779
audio08.TextGrid,18,17,is,121.110,121.210,VBZ,3.8091,7.07,2,-1.151000
audio08.TextGrid,18,18,masculine,121.210,121.860,NN,6.4803,3.71,9,-2.157128
audio08.TextGrid,19,1,they,122.460,122.600,PRP,4.6769,6.5,2,-0.907032
audio08.TextGrid,19,2,spoke,122.600,122.910,VBD,9.8211,4.61,4,2.168670
audio08.TextGrid,19,3,of,122.910,123.010,IN,3.4608,7.4,2,-1.138133
audio08.TextGrid,19,4,her,123.010,123.190,PRP,6.1905,6.3,2,0.387679
audio08.TextGrid,19,5,as,123.190,123.310,IN,5.4534,6.77,2,0.164968
audio08.TextGrid,19,6,a,123.310,123.350,DT,2.6343,7.36,1,-2.008411
audio08.TextGrid,19,7,contestant,123.350,124.160,NN,4.1373,3.48,10,-4.751850
audio08.TextGrid,19,8,or,124.160,124.320,CC,6.1802,6.54,2,0.640046
audio08.TextGrid,19,9,a,124.320,124.360,DT,3.1148,7.36,1,-1.527911
audio08.TextGrid,19,10,place,124.360,124.910,NN,7.3762,5.71,4,0.927658
audio08.TextGrid,19,11,or,124.910,125.080,CC,6.1090,6.54,2,0.568846
audio08.TextGrid,19,12,even,125.080,125.310,RB,7.2308,5.99,4,1.088702
audio08.TextGrid,19,13,an,125.310,125.410,DT,5.7776,6.53,2,0.226501
audio08.TextGrid,19,14,enemy,125.410,125.840,NN,4.2337,4.7,5,-3.320230
audio08.TextGrid,20,1,but,126.950,127.070,CC,5.3198,6.63,3,-0.121855
audio08.TextGrid,20,2,the,127.070,127.180,DT,2.0364,7.73,2,-2.201367
audio08.TextGrid,20,3,old,127.180,127.400,JJ,7.3360,5.75,3,0.931236
audio08.TextGrid,20,4,man,127.400,127.630,NN,7.6917,5.82,3,1.363547
audio08.TextGrid,20,5,always,127.630,128.000,RB,9.1595,5.76,5,2.765680
audio08.TextGrid,20,6,thought,128.000,128.210,VBD,8.3670,5.59,3,1.787125
audio08.TextGrid,20,7,of,128.210,128.310,IN,3.2120,7.4,2,-1.386933
audio08.TextGrid,20,8,her,128.310,128.480,PRP,6.1570,6.3,2,0.354179
audio08.TextGrid,20,9,as,128.480,128.650,IN,5.6262,6.77,2,0.337768
audio08.TextGrid,20,10,feminine,128.650,129.160,NN,5.8326,3.91,7,-2.585940
audio08.TextGrid,20,11,and,129.390,129.510,CC,4.3638,7.41,3,-0.224189
audio08.TextGrid,20,12,as,129.510,129.600,IN,6.0482,6.77,2,0.759768
audio08.TextGrid,20,13,something,129.600,130.030,NN,9.2695,5.81,6,2.930402
audio08.TextGrid,20,14,that,130.030,130.200,WDT,4.3698,7.01,3,-0.655966
audio08.TextGrid,20,15,gave,130.230,130.650,VBD,9.6284,5.25,3,2.676414
audio08.TextGrid,20,16,or,130.650,130.800,CC,5.2345,6.54,2,-0.305654
audio08.TextGrid,20,17,withheld,130.800,131.430,JJ,6.7553,3.36,7,-2.265184
audio08.TextGrid,20,18,great,131.430,131.820,JJ,7.9992,5.88,4,1.736713
audio08.TextGrid,20,19,favours,131.820,132.320,NNS,6.1599,3.32,5,-2.904361
audio08.TextGrid,21,1,and,133.090,133.200,CC,3.7036,7.41,3,-0.884389
audio08.TextGrid,21,2,if,133.200,133.300,IN,7.1554,6.47,2,1.538635
audio08.TextGrid,21,3,she,133.300,133.470,PRP,5.7298,6.26,2,-0.116798
audio08.TextGrid,21,4,did,133.470,133.640,VBD,6.3376,5.96,3,0.162669
audio08.TextGrid,21,5,wild,133.640,134.030,VB,10.0251,4.8,4,2.580615
audio08.TextGrid,21,6,or,134.030,134.140,CC,5.4710,6.54,2,-0.069154
audio08.TextGrid,21,7,wicked,134.140,134.500,JJ,4.7898,3.99,5,-3.541184
audio08.TextGrid,21,8,things,134.500,134.920,NNS,8.3374,5.74,4,1.921691
audio08.TextGrid,21,9,it,134.920,135.000,PRP,5.8237,6.95,2,0.732267
audio08.TextGrid,21,10,was,135.000,135.140,VBD,4.4961,6.82,3,-0.737610
audio08.TextGrid,21,11,because,135.140,135.490,IN,6.3440,6.03,5,0.245680
audio08.TextGrid,21,12,she,135.490,135.620,PRP,5.6468,6.26,2,-0.199798
audio08.TextGrid,21,13,could,135.620,135.800,MD,6.3267,6.06,3,0.261213
audio08.TextGrid,21,14,not,135.800,136.020,RB,6.2200,6.69,3,0.844012
audio08.TextGrid,21,15,help,136.020,136.220,VB,6.6650,5.75,4,0.260236
audio08.TextGrid,21,16,them,136.270,136.570,PRP,6.5069,6.19,3,0.583690
audio08.TextGrid,22,1,the,137.140,137.240,DT,1.8241,7.73,2,-2.413667
audio08.TextGrid,22,2,moon,137.240,137.640,NN,11.0501,4.7,3,3.496170
audio08.TextGrid,22,3,affects,137.640,138.060,VBZ,4.9480,4.16,6,-3.196929
audio08.TextGrid,22,4,her,138.060,138.320,PRP,7.0773,6.3,2,1.274479
audio08.TextGrid,22,5,as,138.320,138.460,IN,5.7121,6.77,2,0.423668
audio08.TextGrid,22,6,it,138.460,138.520,PRP,3.8691,6.95,2,-1.222333
audio08.TextGrid,22,7,does,138.520,138.740,VBZ,7.5205,5.74,3,1.104791
audio08.TextGrid,22,8,a,138.740,138.790,DT,3.4696,7.36,1,-1.173111
audio08.TextGrid,22,9,woman,138.790,139.260,NN,8.0429,5.35,5,1.200358
audio08.TextGrid,22,10,he,139.440,139.560,PRP,6.7185,6.69,2,1.342512
audio08.TextGrid,22,11,thought,139.560,139.980,VBD,8.7038,5.59,3,2.123925
audio08.TextGrid,23,1,he,142.190,142.310,PRP,4.5353,6.69,2,-0.840688
audio08.TextGrid,23,2,was,142.310,142.470,VBD,3.9158,6.82,3,-1.317910
audio08.TextGrid,23,3,rowing,142.470,142.810,VBG,7.5415,3.39,4,-1.446150
audio08.TextGrid,23,4,steadily,142.810,143.410,RB,10.6768,3.84,7,2.181649
audio08.TextGrid,23,5,and,143.410,143.500,CC,3.9477,7.41,2,-0.640289
audio08.TextGrid,23,6,it,143.500,143.640,PRP,5.3584,6.95,2,0.266967
audio08.TextGrid,23,7,was,143.640,143.770,VBD,4.5479,6.82,3,-0.685810
audio08.TextGrid,23,8,no,143.770,143.990,DT,6.2518,6.35,2,0.503701
audio08.TextGrid,23,9,effort,143.990,144.290,NN,8.0316,4.92,4,0.718448
audio08.TextGrid,23,10,for,144.290,144.530,IN,4.1291,7.01,3,-0.896666
audio08.TextGrid,23,11,him,144.530,144.770,PRP,7.3854,6.11,3,1.374635
audio08.TextGrid,23,12,since,144.770,145.030,IN,6.6392,5.75,4,0.234436
audio08.TextGrid,23,13,he,145.030,145.140,PRP,4.4380,6.69,2,-0.937988
audio08.TextGrid,23,14,kept,145.140,145.430,VBD,9.1820,5.0,4,1.956403
audio08.TextGrid,23,15,well,145.430,145.650,RB,6.6259,6.03,3,0.527580
audio08.TextGrid,23,16,within,145.650,145.990,IN,8.5389,5.44,5,1.794858
audio08.TextGrid,23,17,his,145.990,146.180,PRP$,5.3461,6.51,3,-0.226888
audio08.TextGrid,23,18,speed,146.180,146.730,NN,9.6619,5.0,4,2.436303
audio08.TextGrid,23,19,and,146.880,146.980,CC,4.1401,7.41,2,-0.447889
audio08.TextGrid,23,20,the,146.980,147.080,DT,2.3492,7.73,2,-1.888567
audio08.TextGrid,23,21,surface,147.080,147.460,NN,4.1374,4.83,5,-3.274252
audio08.TextGrid,23,22,of,147.460,147.530,IN,3.2158,7.4,2,-1.383133
audio08.TextGrid,23,23,the,147.530,147.690,DT,1.6957,7.73,2,-2.542067
audio08.TextGrid,23,24,ocean,147.690,147.980,NN,4.1362,4.7,4,-3.417730
audio08.TextGrid,23,25,was,147.980,148.140,VBD,5.1292,6.82,3,-0.104510
audio08.TextGrid,23,26,flat,148.140,148.560,JJ,9.0939,4.72,4,1.561859
audio08.TextGrid,23,27,except,148.560,148.880,IN,9.1434,5.02,6,1.939692
audio08.TextGrid,23,28,for,148.880,148.950,IN,5.9566,7.01,2,0.930834
audio08.TextGrid,23,29,the,148.950,149.140,DT,1.8952,7.73,2,-2.342567
audio08.TextGrid,23,30,occasional,149.140,149.640,JJ,5.0856,4.12,8,-3.103107
audio08.TextGrid,23,31,swirls,149.640,150.100,NN,4.3383,2.71,5,-5.393572
audio08.TextGrid,23,32,of,150.100,150.170,IN,3.1253,7.4,2,-1.473633
audio08.TextGrid,23,33,the,150.170,150.270,DT,1.7047,7.73,2,-2.533067
audio08.TextGrid,23,34,current,150.270,150.760,JJ,7.1613,5.27,4,0.231203
audio08.TextGrid,24,1,he,151.750,151.850,PRP,4.5353,6.69,2,-0.840688
audio08.TextGrid,24,2,was,151.850,152.020,VBD,3.9158,6.82,3,-1.317910
audio08.TextGrid,24,3,letting,152.020,152.260,VBG,10.5117,4.53,5,2.771715
audio08.TextGrid,24,4,the,152.260,152.350,DT,2.2642,7.73,2,-1.973567
audio08.TextGrid,24,5,current,152.350,152.770,JJ,7.1642,5.27,6,0.234103
audio08.TextGrid,24,6,do,152.770,152.860,VBP,9.4503,6.35,2,3.702201
audio08.TextGrid,24,7,a,152.860,152.900,DT,3.3735,7.36,1,-1.269211
audio08.TextGrid,24,8,third,152.900,153.170,NN,7.9535,5.32,3,1.078125
audio08.TextGrid,24,9,of,153.170,153.250,IN,4.9985,7.4,2,0.399567
audio08.TextGrid,24,10,the,153.250,153.320,DT,1.7055,7.73,2,-2.532267
audio08.TextGrid,24,11,work,153.320,153.630,NN,7.2818,5.96,3,1.106869
audio08.TextGrid,25,1,and,154.170,154.290,CC,3.7036,7.41,3,-0.884389
audio08.TextGrid,25,2,as,154.290,154.400,IN,5.3276,6.77,2,0.039168
audio08.TextGrid,25,3,it,154.400,154.540,PRP,4.5763,6.95,2,-0.515133
audio08.TextGrid,25,4,started,154.540,154.890,VBD,8.6500,5.39,7,1.851236
audio08.TextGrid,25,5,to,154.890,154.950,TO,3.0761,7.43,2,-1.490000
audio08.TextGrid,25,6,be,154.950,155.100,VB,4.0119,6.79,2,-1.254644
audio08.TextGrid,25,7,light,155.100,155.420,JJ,8.7916,5.33,3,1.927169
audio08.TextGrid,25,8,he,155.420,155.520,PRP,7.1674,6.69,2,1.791412
audio08.TextGrid,25,9,saw,155.520,155.770,VBD,8.9637,5.34,2,2.110214
audio08.TextGrid,25,10,he,155.770,155.860,PRP,5.1692,6.69,2,-0.206788
audio08.TextGrid,25,11,was,155.860,156.010,VBD,4.7947,6.82,3,-0.439010
audio08.TextGrid,25,12,already,156.010,156.420,RB,6.8014,5.55,6,0.177747
audio08.TextGrid,25,13,further,156.420,156.770,RB,7.7032,5.31,4,0.816881
audio08.TextGrid,25,14,out,156.770,156.980,RB,6.5550,6.38,2,0.839735
audio08.TextGrid,25,15,than,156.980,157.140,IN,5.6012,6.13,3,-0.387676
audio08.TextGrid,25,16,he,157.140,157.210,PRP,4.4445,6.69,2,-0.931488
audio08.TextGrid,25,17,had,157.210,157.340,VBD,6.6260,6.33,3,0.856013
audio08.TextGrid,25,18,hoped,157.340,157.540,VBN,11.3456,4.28,4,3.332004
audio08.TextGrid,25,19,to,157.540,157.620,TO,3.3415,7.43,2,-1.224600
audio08.TextGrid,25,20,be,157.620,157.830,VB,3.9072,6.79,2,-1.359344
audio08.TextGrid,25,21,at,157.830,157.890,IN,5.0584,6.7,2,-0.306644
audio08.TextGrid,25,22,this,157.890,158.160,DT,4.7681,6.82,3,-0.465610
audio08.TextGrid,25,23,hour,158.160,158.480,NN,8.2922,5.18,2,1.263603
audio08.TextGrid,26,1,i,160.560,160.690,NN,5.5144,7.09,1,0.576189
audio08.TextGrid,26,2,worked,160.690,160.970,VBD,7.9232,5.16,4,0.872714
audio08.TextGrid,26,3,the,160.970,161.070,DT,2.5771,7.73,2,-1.660667
audio08.TextGrid,26,4,deep,161.070,161.400,JJ,5.0803,5.05,3,-2.090575
audio08.TextGrid,26,5,wells,161.400,161.770,NNS,10.8431,4.25,4,2.796671
audio08.TextGrid,26,6,for,161.770,161.920,IN,4.3392,7.01,3,-0.686566
audio08.TextGrid,26,7,a,161.920,161.950,DT,2.5689,7.36,1,-2.073811
audio08.TextGrid,26,8,week,161.950,162.290,NN,6.2208,5.56,3,-0.391909
audio08.TextGrid,26,9,and,162.290,162.370,CC,4.4721,7.41,2,-0.115889
audio08.TextGrid,26,10,did,162.370,162.560,VBD,7.7955,5.96,3,1.620569
audio08.TextGrid,26,11,nothing,162.560,162.970,NN,10.3987,5.55,5,3.775047
audio08.TextGrid,26,12,he,163.210,163.330,PRP,7.0893,6.69,2,1.713312
audio08.TextGrid,26,13,thought,163.330,163.690,VBD,8.7899,5.59,3,2.210025
audio08.TextGrid,27,1,today,164.290,164.710,NN,8.6952,5.55,4,2.071547
audio08.TextGrid,27,2,i,164.850,164.910,VB,8.2207,7.09,1,3.282489
audio08.TextGrid,27,3,ll,164.910,164.940,JJ,6.2153,4.66,1,-1.382407
audio08.TextGrid,27,4,work,164.940,165.220,NN,7.6022,5.96,3,1.427269
audio08.TextGrid,27,5,out,165.220,165.440,RB,7.2111,6.38,2,1.495835
audio08.TextGrid,27,6,where,165.440,165.570,WRB,7.9136,6.0,3,1.782446
audio08.TextGrid,27,7,the,165.570,165.670,DT,1.9680,7.73,2,-2.269767
audio08.TextGrid,27,8,schools,165.670,166.240,NNS,9.0007,5.05,5,1.829825
audio08.TextGrid,27,9,of,166.240,166.320,IN,3.6826,7.4,2,-0.916333
audio08.TextGrid,27,10,bonito,166.320,166.780,NN,5.7918,2.5,6,-4.169905
audio08.TextGrid,27,11,and,166.780,166.870,CC,4.3503,7.41,2,-0.237689
audio08.TextGrid,27,12,albacore,166.870,167.500,NN,5.3121,2.23,7,-4.945104
audio08.TextGrid,27,13,are,167.500,167.800,VBP,4.7623,6.74,2,-0.558966
audio08.TextGrid,27,14,and,168.280,168.430,CC,4.2317,7.41,3,-0.356289
audio08.TextGrid,27,15,maybe,168.430,168.740,RB,9.7899,5.45,4,3.056803
audio08.TextGrid,27,16,there,168.740,168.870,EX,6.9253,6.31,3,1.133424
audio08.TextGrid,27,17,will,168.870,169.010,MD,5.1412,6.45,3,-0.497454
audio08.TextGrid,27,18,be,169.010,169.190,VB,3.7191,6.79,2,-1.547444
audio08.TextGrid,27,19,a,169.190,169.230,DT,3.1550,7.36,1,-1.487711
audio08.TextGrid,27,20,big,169.230,169.500,JJ,6.5833,5.67,3,0.090980
audio08.TextGrid,27,21,one,169.500,169.740,NN,6.8505,6.47,3,1.233735
audio08.TextGrid,27,22,with,169.740,169.950,IN,5.2821,6.85,3,0.081223
audio08.TextGrid,27,23,them,170.010,170.150,PRP,5.9253,6.19,3,0.002090
audio09.TextGrid,1,1,before,1.070,1.460,IN,7.5766,5.93,5,1.368835
audio09.TextGrid,1,2,it,1.460,1.560,PRP,3.9669,6.95,2,-1.124533
audio09.TextGrid,1,3,was,1.560,1.720,VBD,5.1489,6.82,3,-0.084810
audio09.TextGrid,1,4,really,1.720,2.010,RB,7.8660,5.97,4,1.702013
audio09.TextGrid,1,5,light,2.010,2.330,JJ,8.5246,5.33,3,1.660169
audio09.TextGrid,1,6,he,2.330,2.440,PRP,5.9598,6.69,2,0.583812
audio09.TextGrid,1,7,had,2.440,2.640,VBD,4.9406,6.33,3,-0.829387
audio09.TextGrid,1,8,his,2.640,2.780,PRP$,6.0690,6.51,3,0.496012
audio09.TextGrid,1,9,baits,2.780,3.140,NNS,5.5712,2.65,4,-4.226338
audio09.TextGrid,1,10,out,3.140,3.480,RP,6.7229,6.38,2,1.007635
audio09.TextGrid,1,11,and,3.480,3.610,CC,4.6275,7.41,3,0.039511
audio09.TextGrid,1,12,was,3.610,3.800,VBD,4.5313,6.82,3,-0.702410
audio09.TextGrid,1,13,drifting,3.800,4.180,VBG,7.5228,3.55,7,-1.289739
audio09.TextGrid,1,14,with,4.180,4.300,IN,4.9842,6.85,3,-0.216677
audio09.TextGrid,1,15,the,4.300,4.380,DT,1.7072,7.73,2,-2.530567
audio09.TextGrid,1,16,current,4.380,4.890,JJ,7.1628,5.27,5,0.232703
audio09.TextGrid,2,1,one,5.870,6.060,CD,6.0137,6.47,3,0.396935
audio09.TextGrid,2,2,bait,6.060,6.340,NN,4.8607,3.85,3,-3.623506
audio09.TextGrid,2,3,was,6.340,6.510,VBD,4.0530,6.82,3,-1.180710
audio09.TextGrid,2,4,down,6.510,6.800,RB,6.3445,5.88,3,0.082013
audio09.TextGrid,2,5,forty,6.800,7.140,RB,4.9340,4.2,5,-3.167151
audio09.TextGrid,2,6,fathoms,7.140,7.780,VBZ,4.1365,2.49,6,-5.836149
audio09.TextGrid,2,7,the,8.040,8.130,DT,2.6184,7.73,2,-1.619367
audio09.TextGrid,2,8,second,8.130,8.460,NN,7.8674,5.63,6,1.331302
audio09.TextGrid,2,9,was,8.460,8.640,VBD,8.2798,6.82,3,3.046090
audio09.TextGrid,2,10,at,8.640,8.750,IN,5.1628,6.7,2,-0.202244
audio09.TextGrid,2,11,seventy,8.750,9.110,JJ,5.3282,3.78,6,-3.232617
audio09.TextGrid,2,12,five,9.110,9.630,CD,8.2501,5.45,3,1.517003
audio09.TextGrid,2,13,and,9.630,9.740,CC,4.2262,7.41,2,-0.361789
audio09.TextGrid,2,14,the,9.740,9.840,DT,2.3924,7.73,2,-1.845367
audio09.TextGrid,2,15,third,9.840,10.110,JJ,7.9534,5.32,3,1.078025
audio09.TextGrid,2,16,and,10.110,10.250,CC,3.9237,7.41,3,-0.664289
audio09.TextGrid,2,17,fourth,10.250,10.620,JJ,8.1966,4.83,4,0.784948
audio09.TextGrid,2,18,were,10.620,10.730,VBD,8.2268,6.34,2,2.467757
audio09.TextGrid,2,19,down,10.730,11.140,RB,6.3114,5.88,3,0.048913
audio09.TextGrid,2,20,in,11.140,11.220,IN,3.4098,7.27,2,-1.331411
audio09.TextGrid,2,21,the,11.220,11.290,DT,1.7137,7.73,2,-2.524067
audio09.TextGrid,2,22,blue,11.290,11.470,JJ,8.9788,5.13,3,1.895481
audio09.TextGrid,2,23,water,11.470,11.940,NN,8.3414,5.52,4,1.684914
audio09.TextGrid,2,24,at,11.940,12.080,IN,4.5623,6.7,2,-0.802744
audio09.TextGrid,2,25,one,12.080,12.300,CD,5.7546,6.47,3,0.137835
audio09.TextGrid,2,26,hundred,12.300,12.680,CD,8.4511,4.71,6,0.908115
audio09.TextGrid,2,27,and,12.680,12.920,CC,4.0274,7.41,3,-0.560589
audio09.TextGrid,2,28,one,12.920,13.100,CD,6.0031,6.47,3,0.386335
audio09.TextGrid,2,29,hundred,13.100,13.390,CD,8.3799,4.71,7,0.836915
audio09.TextGrid,2,30,and,13.390,13.530,CC,4.0571,7.41,3,-0.530889
audio09.TextGrid,2,31,twenty,13.530,13.770,VB,6.1736,4.65,5,-1.435052
audio09.TextGrid,2,32,five,13.770,14.070,CD,7.9812,5.45,3,1.248103
audio09.TextGrid,2,33,fathoms,14.070,14.620,NNS,5.8179,2.49,6,-4.154749
audio09.TextGrid,3,1,each,15.750,15.970,DT,6.4630,5.69,2,-0.007431
audio09.TextGrid,3,2,bait,15.970,16.260,NN,4.1353,3.85,3,-4.348906
audio09.TextGrid,3,3,hung,16.260,16.490,NN,10.0858,4.21,3,1.995593
audio09.TextGrid,3,4,head,16.490,16.730,VBP,9.8420,5.51,3,3.174569
audio09.TextGrid,3,5,down,16.730,17.110,IN,7.1152,5.88,3,0.852713
audio09.TextGrid,3,6,with,17.110,17.300,IN,5.2053,6.85,3,0.004423
audio09.TextGrid,3,7,the,17.300,17.390,DT,1.7171,7.73,2,-2.520667
audio09.TextGrid,3,8,shank,17.390,17.730,NN,4.1387,3.07,4,-5.199172
audio09.TextGrid,3,9,of,17.730,17.820,IN,3.2527,7.4,2,-1.346233
audio09.TextGrid,3,10,the,17.820,17.940,DT,1.6964,7.73,2,-2.541367
audio09.TextGrid,3,11,hook,17.940,18.210,NN,9.5430,4.37,3,1.627904
audio09.TextGrid,3,12,inside,18.210,18.650,IN,11.4851,5.19,5,4.467447
audio09.TextGrid,3,13,the,18.650,18.720,DT,3.9233,7.73,2,-0.314467
audio09.TextGrid,3,14,bait,18.720,18.980,NN,4.1412,3.85,3,-4.343006
audio09.TextGrid,3,15,fish,18.980,19.290,NN,5.3817,4.9,3,-1.953341
audio09.TextGrid,4,1,tied,19.740,20.180,VBN,12.0513,4.47,3,4.245648
audio09.TextGrid,4,2,and,20.180,20.360,CC,3.7192,7.41,3,-0.868789
audio09.TextGrid,4,3,sewed,20.360,20.680,VBN,6.2552,2.89,3,-3.279672
audio09.TextGrid,4,4,solid,20.680,21.210,JJ,10.4348,4.73,5,2.913704
audio09.TextGrid,4,5,and,21.210,21.370,CC,3.6106,7.41,3,-0.977389
audio09.TextGrid,4,6,all,21.370,21.580,PDT,6.3584,6.52,2,0.796357
audio09.TextGrid,4,7,the,21.580,21.660,DT,3.9551,7.73,2,-0.282667
audio09.TextGrid,4,8,projecting,21.660,22.240,VBG,7.7351,3.58,9,-1.044606
audio09.TextGrid,4,9,part,22.240,22.510,NN,7.7356,5.78,4,1.363669
audio09.TextGrid,4,10,of,22.510,22.580,IN,3.0700,7.4,2,-1.528933
audio09.TextGrid,4,11,the,22.580,22.710,DT,1.6971,7.73,2,-2.540667
audio09.TextGrid,4,12,hook,22.710,22.950,NN,9.5420,4.37,3,1.626904
audio09.TextGrid,4,13,the,23.190,23.300,DT,3.6371,7.73,2,-0.600667
audio09.TextGrid,4,14,curve,23.300,23.650,NN,4.1425,4.14,3,-4.024318
audio09.TextGrid,4,15,and,23.650,23.760,CC,4.2493,7.41,2,-0.338689
audio09.TextGrid,4,16,the,23.760,23.820,DT,2.1910,7.73,2,-2.046767
audio09.TextGrid,4,17,point,23.820,24.310,NN,6.9749,5.54,4,0.340302
audio09.TextGrid,4,18,was,24.310,24.460,VBD,4.6702,6.82,3,-0.563510
audio09.TextGrid,4,19,covered,24.460,24.780,VBN,9.5694,4.83,5,2.157748
audio09.TextGrid,4,20,with,24.780,24.920,IN,4.3116,6.85,3,-0.889277
audio09.TextGrid,4,21,fresh,24.950,25.180,JJ,10.0452,4.83,4,2.633548
audio09.TextGrid,4,22,sardines,25.180,25.950,NNS,4.9110,2.93,7,-4.580094
audio09.TextGrid,5,1,each,26.670,26.870,DT,6.4630,5.69,2,-0.007431
audio09.TextGrid,5,2,sardine,26.870,27.420,NN,4.1353,2.66,6,-5.651294
audio09.TextGrid,5,3,was,27.420,27.610,VBD,4.1804,6.82,3,-1.053310
audio09.TextGrid,5,4,hooked,27.610,27.820,VBN,6.3789,3.92,4,-2.028695
audio09.TextGrid,5,5,through,27.820,28.000,IN,6.4478,5.87,3,0.174369
audio09.TextGrid,5,6,both,28.000,28.310,DT,6.3786,5.79,3,0.017613
audio09.TextGrid,5,7,eyes,28.310,28.740,NNS,10.5166,5.21,2,3.520836
audio09.TextGrid,6,1,so,29.190,29.320,RB,6.6130,6.52,2,1.050957
audio09.TextGrid,6,2,that,29.320,29.510,IN,4.8596,7.01,3,-0.166166
audio09.TextGrid,6,3,they,29.510,29.580,PRP,5.2663,6.5,2,-0.317632
audio09.TextGrid,6,4,made,29.580,29.790,VBD,6.6325,5.92,3,0.413791
audio09.TextGrid,6,5,a,29.790,29.850,DT,3.5558,7.36,1,-1.086911
audio09.TextGrid,6,6,half,29.850,30.090,JJ,7.9721,5.41,3,1.195225
audio09.TextGrid,6,7,garland,30.110,30.620,NN,5.2731,3.46,7,-3.637939
audio09.TextGrid,6,8,on,30.620,30.730,IN,4.5955,6.91,2,-0.539710
audio09.TextGrid,6,9,the,30.730,30.800,DT,1.7043,7.73,2,-2.533467
audio09.TextGrid,6,10,projecting,30.800,31.320,NN,4.1369,3.58,9,-4.642806
audio09.TextGrid,6,11,steel,31.320,31.790,NN,8.7536,4.71,4,1.210615
audio09.TextGrid,7,1,there,32.340,32.470,EX,5.7321,6.31,3,-0.059776
audio09.TextGrid,7,2,was,32.470,32.610,VBD,3.9647,6.82,3,-1.269010
audio09.TextGrid,7,3,no,32.610,32.780,DT,6.2720,6.35,2,0.523901
audio09.TextGrid,7,4,part,32.780,33.030,NN,6.7401,5.78,4,0.368169
audio09.TextGrid,7,5,of,33.030,33.110,IN,3.1721,7.4,2,-1.426833
audio09.TextGrid,7,6,the,33.110,33.220,DT,1.6962,7.73,2,-2.541567
audio09.TextGrid,7,7,hook,33.220,33.480,NN,9.5432,4.37,3,1.628104
audio09.TextGrid,7,8,that,33.480,33.600,IN,4.3478,7.01,3,-0.677966
audio09.TextGrid,7,9,a,33.600,33.650,DT,2.8639,7.36,1,-1.778811
audio09.TextGrid,7,10,great,33.650,34.010,JJ,7.7247,5.88,4,1.462213
audio09.TextGrid,7,11,fish,34.010,34.250,NN,4.1865,4.9,3,-3.148541
audio09.TextGrid,7,12,could,34.250,34.470,MD,6.3548,6.06,3,0.289313
audio09.TextGrid,7,13,feel,34.470,34.830,VB,7.2566,5.67,3,0.764280
audio09.TextGrid,7,14,which,34.830,35.050,WDT,5.5916,6.3,3,-0.211221
audio09.TextGrid,7,15,was,35.050,35.180,VBD,5.0030,6.82,3,-0.230710
audio09.TextGrid,7,16,not,35.180,35.400,RB,5.5334,6.69,3,0.157412
audio09.TextGrid,7,17,sweet,35.400,35.740,JJ,10.6164,4.91,4,3.292303
audio09.TextGrid,7,18,smelling,35.740,36.190,NN,5.4372,3.58,6,-3.342506
audio09.TextGrid,7,19,and,36.190,36.310,CC,4.0892,7.41,3,-0.498789
audio09.TextGrid,7,20,good,36.310,36.570,JJ,7.4726,6.12,3,1.472779
audio09.TextGrid,7,21,tasting,36.590,37.120,NN,4.5903,3.65,6,-4.112795
audio09.TextGrid,8,1,the,38.490,38.580,DT,1.8241,7.73,2,-2.413667
audio09.TextGrid,8,2,boy,38.580,38.840,NN,10.2353,5.17,2,3.195759
audio09.TextGrid,8,3,had,38.840,39.000,VBD,4.9829,6.33,3,-0.787087
audio09.TextGrid,8,4,given,39.000,39.300,VBN,8.9140,5.41,5,2.137125
audio09.TextGrid,8,5,him,39.300,39.390,PRP,8.8373,6.11,2,2.826535
audio09.TextGrid,8,6,two,39.390,39.610,CD,7.7965,6.1,2,1.774791
audio09.TextGrid,8,7,fresh,39.610,39.950,JJ,10.8427,4.83,4,3.431048
audio09.TextGrid,8,8,small,39.950,40.240,JJ,7.4947,5.51,4,0.827269
audio09.TextGrid,8,9,tunas,40.240,40.900,NNS,5.7476,2.06,5,-4.695660
audio09.TextGrid,8,10,or,40.900,41.060,CC,5.9268,6.54,2,0.386646
audio09.TextGrid,8,11,albacores,41.060,41.870,NNS,6.5832,0.0,8,-6.114612
audio09.TextGrid,8,12,which,41.870,42.080,WDT,5.3222,6.3,3,-0.480621
audio09.TextGrid,8,13,hung,42.080,42.270,VBP,10.9088,4.21,3,2.818593
audio09.TextGrid,8,14,on,42.270,42.390,IN,5.1154,6.91,2,-0.019810
audio09.TextGrid,8,15,the,42.390,42.460,DT,1.7458,7.73,2,-2.491967
audio09.TextGrid,8,16,two,42.460,42.640,CD,7.2565,6.1,2,1.234791
audio09.TextGrid,8,17,deepest,42.640,43.150,JJS,7.1408,3.77,6,-1.430962
audio09.TextGrid,8,18,lines,43.150,43.530,NNS,8.9431,4.95,4,1.662781
audio09.TextGrid,8,19,like,43.530,43.720,IN,6.5292,6.41,3,0.846768
audio09.TextGrid,8,20,plummets,43.720,44.340,NNS,6.8306,2.42,7,-3.218660
audio09.TextGrid,8,21,and,44.660,44.920,CC,4.0359,7.41,3,-0.552089
audio09.TextGrid,8,22,on,44.920,45.050,IN,5.5188,6.91,2,0.383590
audio09.TextGrid,8,23,the,45.050,45.200,DT,1.8068,7.73,2,-2.430967
audio09.TextGrid,8,24,others,45.200,45.540,NNS,8.5564,5.42,4,1.790469
audio09.TextGrid,8,25,he,45.850,45.950,PRP,6.2482,6.69,2,0.872212
audio09.TextGrid,8,26,had,45.950,46.070,VBD,5.1211,6.33,3,-0.648887
audio09.TextGrid,8,27,a,46.070,46.110,DT,3.3196,7.36,1,-1.323111
audio09.TextGrid,8,28,big,46.110,46.390,JJ,6.5855,5.67,3,0.093180
audio09.TextGrid,8,29,blue,46.390,46.650,NN,9.3810,5.13,3,2.297681
audio09.TextGrid,8,30,runner,46.650,47.010,NN,4.1964,4.18,4,-3.926640
audio09.TextGrid,8,31,and,47.010,47.150,CC,4.1901,7.41,3,-0.397889
audio09.TextGrid,8,32,a,47.150,47.180,DT,3.2429,7.36,1,-1.399811
audio09.TextGrid,8,33,yellow,47.180,47.550,JJ,10.7303,4.69,4,3.165426
audio09.TextGrid,8,34,jack,47.550,47.890,NN,10.2331,4.82,3,2.810503
audio09.TextGrid,8,35,that,47.890,48.030,WDT,6.1750,7.01,3,1.149234
audio09.TextGrid,8,36,had,48.030,48.150,VBD,7.5350,6.33,3,1.765013
audio09.TextGrid,8,37,been,48.150,48.280,VBN,6.0802,6.27,3,0.244546
audio09.TextGrid,8,38,used,48.280,48.580,VBN,8.2206,5.8,4,1.870558
audio09.TextGrid,8,39,before,48.580,49.150,IN,6.2803,5.93,5,0.072535
audio09.TextGrid,8,40,but,49.530,49.650,CC,7.0721,6.63,3,1.630445
audio09.TextGrid,8,41,they,49.650,49.780,PRP,5.8332,6.5,2,0.249268
audio09.TextGrid,8,42,were,49.780,49.950,VBD,4.6491,6.34,2,-1.109943
audio09.TextGrid,8,43,in,49.950,50.060,IN,3.5805,7.27,2,-1.160711
audio09.TextGrid,8,44,good,50.060,50.270,JJ,7.4935,6.12,3,1.493679
audio09.TextGrid,8,45,condition,50.270,50.810,NN,10.0034,4.86,8,2.624581
audio09.TextGrid,8,46,still,50.810,51.240,RB,7.4139,5.92,4,1.195191
audio09.TextGrid,8,47,and,51.630,51.750,CC,3.4149,7.41,2,-1.173089
audio09.TextGrid,8,48,had,51.750,51.900,VBD,6.3591,6.33,3,0.589113
audio09.TextGrid,8,49,the,51.900,52.040,DT,2.4397,7.73,2,-1.798067
audio09.TextGrid,8,50,excellent,52.040,52.500,JJ,5.0779,4.73,8,-2.443196
audio09.TextGrid,8,51,sardines,52.500,53.340,NNS,6.0034,2.93,7,-3.487694
audio09.TextGrid,8,52,to,53.340,53.440,TO,3.1958,7.43,2,-1.370300
audio09.TextGrid,8,53,give,53.440,53.610,VB,7.2719,5.71,3,0.823358
audio09.TextGrid,8,54,them,53.610,53.790,PRP,6.5972,6.19,3,0.673990
audio09.TextGrid,8,55,scent,53.790,54.200,NN,6.4275,3.82,4,-2.089540
audio09.TextGrid,8,56,and,54.200,54.330,CC,4.0460,7.41,3,-0.541989
audio09.TextGrid,8,57,attractiveness,54.330,55.190,NN,5.3451,3.25,11,-3.795772
audio09.TextGrid,9,1,each,56.000,56.260,DT,6.4630,5.69,2,-0.007431
audio09.TextGrid,9,2,line,56.260,56.710,NN,7.6670,5.49,3,0.977680
audio09.TextGrid,9,3,as,56.880,57.070,IN,5.5441,6.77,2,0.255668
audio09.TextGrid,9,4,thick,57.070,57.240,NN,5.8552,4.46,3,-1.961396
audio09.TextGrid,9,5,around,57.240,57.610,IN,8.0166,5.77,4,1.633724
audio09.TextGrid,9,6,as,57.610,57.720,IN,6.3528,6.77,2,1.064368
audio09.TextGrid,9,7,a,57.720,57.780,DT,2.9156,7.36,1,-1.727111
audio09.TextGrid,9,8,big,57.780,58.000,JJ,6.5993,5.67,3,0.106980
audio09.TextGrid,9,9,pencil,58.000,58.520,NN,10.8751,3.95,6,2.500338
audio09.TextGrid,9,10,was,58.900,59.060,VBD,5.1997,6.82,3,-0.034010
audio09.TextGrid,9,11,looped,59.060,59.380,VBN,6.2730,2.95,4,-3.196205
audio09.TextGrid,9,12,onto,59.380,59.700,IN,9.4936,4.77,4,2.016281
audio09.TextGrid,9,13,a,59.700,59.740,DT,2.5523,7.36,1,-2.090411
audio09.TextGrid,9,14,green,59.740,60.120,JJ,8.9790,5.13,4,1.895681
audio09.TextGrid,9,15,sapped,60.120,60.500,VBN,7.9708,2.36,4,-2.144127
audio09.TextGrid,9,16,stick,60.500,60.900,NN,13.1540,4.76,4,5.665737
audio09.TextGrid,9,17,so,61.050,61.210,RB,6.0709,6.52,2,0.508857
audio09.TextGrid,9,18,that,61.210,61.370,IN,4.5825,7.01,3,-0.443266
audio09.TextGrid,9,19,any,61.370,61.550,DT,5.9095,6.07,3,-0.145043
audio09.TextGrid,9,20,pull,61.550,61.960,NN,13.6950,4.82,3,6.272403
audio09.TextGrid,9,21,or,61.960,62.120,CC,5.7820,6.54,2,0.241846
audio09.TextGrid,9,22,touch,62.120,62.480,NN,9.1013,4.91,3,1.777203
audio09.TextGrid,9,23,on,62.480,62.600,IN,4.8849,6.91,2,-0.250310
audio09.TextGrid,9,24,the,62.600,62.690,DT,1.7411,7.73,2,-2.496667
audio09.TextGrid,9,25,bait,62.690,63.070,NN,4.1390,3.85,3,-4.345206
audio09.TextGrid,9,26,would,63.070,63.230,MD,6.2229,6.27,3,0.387246
audio09.TextGrid,9,27,make,63.230,63.450,VB,5.2960,6.08,3,-0.747598
audio09.TextGrid,9,28,the,63.450,63.540,DT,2.3282,7.73,2,-1.909567
audio09.TextGrid,9,29,stick,63.540,63.860,NN,14.7346,4.76,4,7.246337
audio09.TextGrid,9,30,dip,63.860,64.170,NN,6.2448,4.05,3,-2.020518
audio09.TextGrid,9,31,and,64.520,64.650,CC,3.8793,7.41,3,-0.708689
audio09.TextGrid,9,32,each,64.650,64.890,DT,7.2012,5.69,2,0.730769
audio09.TextGrid,9,33,line,64.890,65.160,NN,7.6707,5.49,3,0.981380
audio09.TextGrid,9,34,had,65.160,65.330,VBD,5.8997,6.33,3,0.129713
audio09.TextGrid,9,35,two,65.330,65.390,CD,6.7852,6.1,2,0.763491
audio09.TextGrid,9,36,forty,65.390,65.830,JJ,6.4871,4.2,5,-1.614051
audio09.TextGrid,9,37,fathom,65.830,66.190,NN,4.4882,3.25,5,-4.652672
audio09.TextGrid,9,38,coils,66.190,66.800,NNS,6.9086,3.36,4,-2.111884
audio09.TextGrid,9,39,which,66.800,66.950,WDT,5.2535,6.3,3,-0.549321
audio09.TextGrid,9,40,could,66.950,67.120,MD,5.6233,6.06,3,-0.442187
audio09.TextGrid,9,41,be,67.120,67.250,VB,3.7092,6.79,2,-1.557344
audio09.TextGrid,9,42,made,67.250,67.520,VBN,7.3925,5.92,3,1.173791
audio09.TextGrid,9,43,fast,67.520,67.810,RB,9.6600,5.13,4,2.576681
audio09.TextGrid,9,44,to,67.810,67.910,TO,3.5339,7.43,2,-1.032200
audio09.TextGrid,9,45,the,67.910,68.060,DT,2.4771,7.73,2,-1.760667
audio09.TextGrid,9,46,other,68.060,68.260,JJ,5.7785,6.16,3,-0.177543
audio09.TextGrid,9,47,spare,68.260,68.580,NN,3.9968,4.28,4,-4.016796
audio09.TextGrid,9,48,coils,68.580,69.150,NNS,7.1566,3.36,4,-1.863884
audio09.TextGrid,9,49,so,69.150,69.410,RB,6.3092,6.52,2,0.747157
audio09.TextGrid,10,1,that,69.410,69.610,IN,4.4338,7.01,3,-0.591966
audio09.TextGrid,10,2,if,70.020,70.160,IN,7.8715,6.47,2,2.254735
audio09.TextGrid,10,3,it,70.160,70.270,PRP,4.0008,6.95,2,-1.090633
audio09.TextGrid,10,4,were,70.270,70.390,VBD,5.8509,6.34,2,0.091857
audio09.TextGrid,10,5,necessary,70.390,71.040,JJ,9.1718,4.91,8,1.847703
audio09.TextGrid,10,6,a,71.340,71.430,DT,4.9635,7.36,1,0.320789
audio09.TextGrid,10,7,fish,71.430,71.690,NN,4.1402,4.9,3,-3.194841
audio09.TextGrid,10,8,could,71.690,71.960,MD,5.8150,6.06,3,-0.250487
audio09.TextGrid,10,9,take,71.960,72.210,VB,5.6113,5.92,3,-0.607409
audio09.TextGrid,10,10,out,72.210,72.480,RP,5.7260,6.38,2,0.010735
audio09.TextGrid,10,11,over,72.480,72.700,IN,6.2288,6.08,3,0.185202
audio09.TextGrid,10,12,three,72.700,73.020,CD,6.8240,5.78,3,0.452069
audio09.TextGrid,10,13,hundred,73.020,73.360,VBD,8.4131,4.71,7,0.870115
audio09.TextGrid,10,14,fathoms,73.360,73.820,NNS,6.2798,2.49,6,-3.692849
audio09.TextGrid,10,15,of,73.820,73.940,IN,3.0138,7.4,2,-1.585133
audio09.TextGrid,10,16,line,73.940,74.380,NN,9.3097,5.49,3,2.620380
audio09.TextGrid,11,1,now,75.920,76.290,RB,6.7634,6.18,2,0.829246
audio09.TextGrid,11,2,the,76.290,76.490,DT,2.5625,7.73,2,-1.675267
audio09.TextGrid,11,3,man,76.490,76.740,NN,7.7310,5.82,3,1.402847
audio09.TextGrid,11,4,watched,76.740,77.170,VBD,10.3409,4.72,4,2.808859
audio09.TextGrid,11,5,the,77.170,77.250,DT,3.0359,7.73,2,-1.201867
audio09.TextGrid,11,6,dip,77.250,77.650,NN,4.1510,4.05,3,-4.114318
audio09.TextGrid,11,7,of,77.650,77.750,IN,2.9585,7.4,2,-1.640433
audio09.TextGrid,11,8,the,77.750,77.880,DT,1.6971,7.73,2,-2.540667
audio09.TextGrid,11,9,three,77.880,78.140,CD,7.9707,5.78,3,1.598769
audio09.TextGrid,11,10,sticks,78.140,78.540,NNS,5.4781,4.14,5,-2.688718
audio09.TextGrid,11,11,over,78.540,78.700,IN,6.3649,6.08,3,0.321302
audio09.TextGrid,11,12,the,78.700,78.810,DT,1.7240,7.73,2,-2.513767
audio09.TextGrid,11,13,side,78.810,79.130,NN,8.0387,5.5,3,1.360325
audio09.TextGrid,11,14,of,79.130,79.210,IN,3.0916,7.4,2,-1.507333
audio09.TextGrid,11,15,the,79.210,79.300,DT,1.6929,7.73,2,-2.544867
audio09.TextGrid,11,16,skiff,79.300,79.810,NN,4.1360,2.63,4,-5.683427
audio09.TextGrid,11,17,and,79.810,79.920,CC,4.3382,7.41,2,-0.249789
audio09.TextGrid,11,18,rowed,79.920,80.200,VBD,5.7892,2.78,3,-3.866061
audio09.TextGrid,11,19,gently,80.200,80.610,RB,4.6370,4.08,6,-3.595484
audio09.TextGrid,11,20,to,80.610,80.700,TO,3.6536,7.43,2,-0.912500
audio09.TextGrid,11,21,keep,80.700,80.930,VB,7.2374,5.66,3,0.734136
audio09.TextGrid,11,22,the,80.930,81.030,DT,2.3415,7.73,2,-1.896267
audio09.TextGrid,11,23,lines,81.030,81.400,NNS,9.0875,4.95,4,1.807181
audio09.TextGrid,11,24,straight,81.400,81.730,VBD,9.9340,5.04,5,2.752181
audio09.TextGrid,11,25,up,81.730,81.870,RB,6.5005,6.39,2,0.796179
audio09.TextGrid,11,26,and,81.870,81.970,CC,4.0701,7.41,2,-0.517889
audio09.TextGrid,11,27,down,81.970,82.370,RB,6.6970,5.88,3,0.434513
audio09.TextGrid,11,28,and,82.370,82.470,CC,3.8593,7.41,3,-0.728689
audio09.TextGrid,11,29,at,82.470,82.530,IN,4.9156,6.7,2,-0.449444
audio09.TextGrid,11,30,their,82.530,82.690,PRP$,5.0014,6.33,3,-0.768587
audio09.TextGrid,11,31,proper,82.690,83.040,JJ,10.7495,4.72,5,3.217459
audio09.TextGrid,11,32,depths,83.040,83.600,NNS,5.6153,3.78,5,-2.945517
audio09.TextGrid,12,1,it,84.410,84.540,PRP,3.8912,6.95,2,-1.200233
audio09.TextGrid,12,2,was,84.540,84.730,VBD,3.9158,6.82,3,-1.317910
audio09.TextGrid,12,3,quite,84.730,85.020,RB,9.0324,5.29,4,2.124192
audio09.TextGrid,12,4,light,85.020,85.470,JJ,8.5005,5.33,3,1.636069
audio09.TextGrid,12,5,and,85.470,85.740,CC,3.8838,7.41,3,-0.704189
audio09.TextGrid,12,6,any,85.740,85.900,DT,6.8984,6.07,3,0.843857
audio09.TextGrid,12,7,moment,85.900,86.280,NN,9.1857,5.24,6,2.222770
audio09.TextGrid,12,8,now,86.280,86.520,RB,7.3798,6.18,2,1.445646
audio09.TextGrid,12,9,the,86.520,86.630,DT,3.6064,7.73,2,-0.631367
audio09.TextGrid,12,10,sun,86.630,86.930,NN,10.4162,4.97,3,3.157770
audio09.TextGrid,12,11,would,86.930,87.100,MD,7.1367,6.27,3,1.301046
audio09.TextGrid,12,12,rise,87.100,87.570,VB,7.1331,4.81,3,-0.300441
audio09.TextGrid,13,1,the,88.850,88.940,DT,1.8241,7.73,2,-2.413667
audio09.TextGrid,13,2,sun,88.940,89.220,NN,10.3570,4.97,3,3.098570
audio09.TextGrid,13,3,rose,89.220,89.670,VBD,7.2969,4.82,3,-0.125697
audio09.TextGrid,13,4,thinly,89.670,90.120,RB,4.6372,3.27,5,-4.481783
audio09.TextGrid,13,5,from,90.120,90.340,IN,5.2428,6.63,3,-0.198855
audio09.TextGrid,13,6,the,90.340,90.420,DT,1.7361,7.73,2,-2.501667
audio09.TextGrid,13,7,sea,90.420,90.830,NN,8.2772,5.06,2,1.117270
audio09.TextGrid,13,8,and,91.010,91.120,CC,3.7490,7.41,2,-0.838989
audio09.TextGrid,13,9,the,91.120,91.240,DT,2.2377,7.73,2,-2.000067
audio09.TextGrid,13,10,old,91.240,91.460,JJ,7.3330,5.75,3,0.928236
audio09.TextGrid,13,11,man,91.460,91.690,NN,7.6942,5.82,3,1.366047
audio09.TextGrid,13,12,could,91.690,91.870,MD,6.7815,6.06,3,0.716013
audio09.TextGrid,13,13,see,91.870,92.060,VB,6.2330,6.1,2,0.211291
audio09.TextGrid,13,14,the,92.060,92.240,DT,2.3361,7.73,2,-1.901667
audio09.TextGrid,13,15,other,92.240,92.400,JJ,5.7842,6.16,3,-0.171843
audio09.TextGrid,13,16,boats,92.400,93.060,NNS,5.6217,4.25,4,-2.424729
audio09.TextGrid,13,17,low,93.060,93.320,JJ,8.6989,5.33,2,1.834469
audio09.TextGrid,13,18,on,93.320,93.450,IN,5.3659,6.91,2,0.230690
audio09.TextGrid,13,19,the,93.450,93.530,DT,1.7079,7.73,2,-2.529867
audio09.TextGrid,13,20,water,93.530,93.940,NN,8.3716,5.52,4,1.715114
audio09.TextGrid,13,21,and,93.940,94.060,CC,4.1273,7.41,3,-0.460689
audio09.TextGrid,13,22,well,94.060,94.330,RB,7.5445,6.03,3,1.446180
audio09.TextGrid,13,23,in,94.330,94.480,IN,3.7553,7.27,2,-0.985911
audio09.TextGrid,13,24,toward,94.480,94.750,IN,10.7404,4.72,6,3.208359
audio09.TextGrid,13,25,the,94.750,94.830,DT,1.8997,7.73,2,-2.338067
audio09.TextGrid,13,26,shore,94.830,95.270,NN,14.3171,4.33,3,6.358226
audio09.TextGrid,13,27,spread,95.640,95.910,NN,10.0105,4.81,5,2.576959
audio09.TextGrid,13,28,out,95.910,96.120,IN,5.7541,6.38,2,0.038835
audio09.TextGrid,13,29,across,96.120,96.450,IN,8.0260,5.25,5,1.074014
audio09.TextGrid,13,30,the,96.450,96.550,DT,1.7429,7.73,2,-2.494867
audio09.TextGrid,13,31,current,96.550,97.040,JJ,7.1613,5.27,5,0.231203
audio09.TextGrid,14,1,then,98.090,98.360,RB,7.4856,6.07,3,1.431057
audio09.TextGrid,14,2,the,98.360,98.440,DT,2.5625,7.73,2,-1.675267
audio09.TextGrid,14,3,sun,98.440,98.670,NN,10.4125,4.97,3,3.154070
audio09.TextGrid,14,4,was,98.670,98.830,VBD,5.5531,6.82,3,0.319390
audio09.TextGrid,14,5,brighter,98.830,99.340,NN,6.5129,3.73,5,-2.102640
audio09.TextGrid,14,6,and,99.610,99.710,CC,4.3920,7.41,2,-0.195989
audio09.TextGrid,14,7,the,99.710,99.820,DT,2.3176,7.73,2,-1.920167
audio09.TextGrid,14,8,glare,99.820,100.170,NN,4.1379,3.36,4,-4.882584
audio09.TextGrid,14,9,came,100.170,100.460,VBD,7.7005,5.5,3,1.022125
audio09.TextGrid,14,10,on,100.460,100.580,IN,4.9273,6.91,2,-0.207910
audio09.TextGrid,14,11,the,100.580,100.640,DT,1.7724,7.73,2,-2.465367
audio09.TextGrid,14,12,water,100.640,101.100,NN,8.3761,5.52,4,1.719614
audio09.TextGrid,14,13,and,101.490,101.610,CC,4.3345,7.41,2,-0.253489
audio09.TextGrid,14,14,then,101.610,101.880,RB,7.8770,6.07,3,1.822457
audio09.TextGrid,14,15,as,101.880,102.010,IN,5.0292,6.77,2,-0.259232
audio09.TextGrid,14,16,it,102.010,102.150,PRP,4.1390,6.95,2,-0.952433
audio09.TextGrid,14,17,rose,102.150,102.520,VBD,6.6615,4.82,3,-0.761097
audio09.TextGrid,14,18,clear,102.520,102.970,JJ,8.5952,5.25,4,1.643214
audio09.TextGrid,14,19,the,103.300,103.400,DT,3.4420,7.73,2,-0.795767
audio09.TextGrid,14,20,flat,103.400,103.710,JJ,8.6290,4.72,4,1.096959
audio09.TextGrid,14,21,sea,103.710,104.080,NN,9.0787,5.06,2,1.918770
audio09.TextGrid,14,22,sent,104.080,104.350,VBD,11.2200,5.16,4,4.169514
audio09.TextGrid,14,23,it,104.350,104.460,PRP,5.7775,6.95,2,0.686067
audio09.TextGrid,14,24,back,104.500,104.780,RP,7.7952,6.04,3,1.707824
audio09.TextGrid,14,25,at,104.780,104.860,IN,4.8449,6.7,2,-0.520144
audio09.TextGrid,14,26,his,104.860,105.010,PRP$,5.3321,6.51,3,-0.240888
audio09.TextGrid,14,27,eyes,105.010,105.580,NNS,9.6188,5.21,2,2.623036
audio09.TextGrid,14,28,so,105.640,105.800,IN,6.4461,6.52,2,0.884057
audio09.TextGrid,14,29,that,105.800,105.960,IN,4.6374,7.01,3,-0.388366
audio09.TextGrid,14,30,it,105.960,106.040,PRP,4.3109,6.95,2,-0.780533
audio09.TextGrid,14,31,hurt,106.040,106.310,VBD,8.5191,4.94,3,1.227837
audio09.TextGrid,14,32,sharply,106.310,106.920,RB,8.0851,3.89,6,-0.355329
audio09.TextGrid,15,1,and,107.330,107.390,CC,3.7036,7.41,2,-0.884389
audio09.TextGrid,15,2,he,107.390,107.510,PRP,4.7461,6.69,2,-0.629888
audio09.TextGrid,15,3,rowed,107.510,107.820,VBD,3.3478,2.78,3,-6.307461
audio09.TextGrid,15,4,without,107.820,108.210,IN,7.6266,5.69,5,1.156169
audio09.TextGrid,15,5,looking,108.210,108.490,VBG,9.5020,5.57,5,2.900236
audio09.TextGrid,15,6,into,108.490,108.780,IN,6.7889,6.11,4,0.778135
audio09.TextGrid,15,7,it,108.780,108.980,PRP,3.8210,6.95,2,-1.270433
audio09.TextGrid,16,1,he,110.180,110.290,PRP,4.5353,6.69,2,-0.840688
audio09.TextGrid,16,2,looked,110.290,110.490,VBD,9.9807,5.11,4,2.875492
audio09.TextGrid,16,3,down,110.490,110.720,RB,6.2006,5.88,3,-0.061887
audio09.TextGrid,16,4,into,110.720,110.860,IN,6.7241,6.11,4,0.713335
audio09.TextGrid,16,5,the,110.860,110.940,DT,1.7135,7.73,2,-2.524267
audio09.TextGrid,16,6,water,110.940,111.360,NN,8.3745,5.52,4,1.718014
audio09.TextGrid,16,7,and,111.360,111.440,CC,4.3957,7.41,2,-0.192289
audio09.TextGrid,16,8,watched,111.440,111.840,VBD,11.7179,4.72,4,4.185859
audio09.TextGrid,16,9,the,111.840,111.950,DT,3.1718,7.73,2,-1.065967
audio09.TextGrid,16,10,lines,111.950,112.440,NNS,9.0632,4.95,4,1.782881
audio09.TextGrid,16,11,that,112.440,112.600,WDT,4.3932,7.01,3,-0.632566
audio09.TextGrid,16,12,went,112.600,112.790,VBD,9.5000,5.5,4,2.821625
audio09.TextGrid,16,13,straight,112.790,113.160,RB,9.3843,5.04,5,2.202481
audio09.TextGrid,16,14,down,113.160,113.440,RB,6.9772,5.88,3,0.714713
audio09.TextGrid,16,15,into,113.440,113.590,IN,6.6260,6.11,4,0.615235
audio09.TextGrid,16,16,the,113.590,113.710,DT,1.7266,7.73,2,-2.511167
audio09.TextGrid,16,17,dark,113.710,114.010,NN,10.7246,5.04,4,3.542781
audio09.TextGrid,16,18,of,114.010,114.120,IN,4.9792,7.4,2,0.380267
audio09.TextGrid,16,19,the,114.120,114.180,DT,1.7033,7.73,2,-2.534467
audio09.TextGrid,16,20,water,114.180,114.620,NN,8.3670,5.52,4,1.710514
audio09.TextGrid,17,1,he,115.160,115.260,PRP,4.5353,6.69,2,-0.840688
audio09.TextGrid,17,2,kept,115.260,115.490,VBD,7.9405,5.0,4,0.714903
audio09.TextGrid,17,3,them,115.490,115.640,PRP,6.8502,6.19,3,0.926990
audio09.TextGrid,17,4,straighter,115.640,116.060,JJR,6.2259,2.68,6,-3.538805
audio09.TextGrid,17,5,than,116.060,116.200,IN,5.7352,6.13,3,-0.253676
audio09.TextGrid,17,6,anyone,116.200,116.570,NN,10.2999,5.38,6,3.490192
audio09.TextGrid,17,7,did,116.570,116.820,VBD,7.6816,5.96,3,1.506669
audio09.TextGrid,17,8,so,117.280,117.420,RB,6.0448,6.52,2,0.482757
audio09.TextGrid,17,9,that,117.420,117.580,IN,4.6020,7.01,3,-0.423766
audio09.TextGrid,17,10,at,117.580,117.670,IN,6.4632,6.7,2,1.098156
audio09.TextGrid,17,11,each,117.670,117.930,DT,6.4931,5.69,2,0.022669
audio09.TextGrid,17,12,level,117.930,118.220,NN,7.1987,5.41,5,0.421825
audio09.TextGrid,17,13,in,118.220,118.300,IN,3.5152,7.27,2,-1.226011
audio09.TextGrid,17,14,the,118.300,118.370,DT,1.7078,7.73,2,-2.529967
audio09.TextGrid,17,15,darkness,118.370,118.850,NN,4.1380,4.3,7,-3.853707
audio09.TextGrid,17,16,of,118.850,118.930,IN,3.0684,7.4,2,-1.530533
audio09.TextGrid,17,17,the,118.930,119.020,DT,1.6973,7.73,2,-2.540467
audio09.TextGrid,17,18,stream,119.020,119.490,NN,10.2361,4.62,5,2.594615
audio09.TextGrid,17,19,there,119.710,119.860,EX,7.3909,6.31,3,1.599024
audio09.TextGrid,17,20,would,119.860,119.970,MD,5.0053,6.27,3,-0.830354
audio09.TextGrid,17,21,be,119.970,120.120,VB,3.7167,6.79,2,-1.549844
audio09.TextGrid,17,22,a,120.120,120.160,DT,3.1548,7.36,1,-1.487911
audio09.TextGrid,17,23,bait,120.160,120.580,NN,4.1391,3.85,3,-4.345106
audio09.TextGrid,17,24,waiting,120.580,120.900,VBG,10.8723,5.06,5,3.712370
audio09.TextGrid,17,25,exactly,120.900,121.500,RB,10.8136,5.15,8,3.752170
audio09.TextGrid,17,26,where,121.500,121.740,WRB,7.7499,6.0,3,1.618746
audio09.TextGrid,17,27,he,121.740,121.850,PRP,4.6624,6.69,2,-0.713588
audio09.TextGrid,17,28,wished,121.850,122.180,VBD,3.3866,4.0,4,-4.933440
audio09.TextGrid,17,29,it,122.180,122.280,PRP,4.5180,6.95,2,-0.573433
audio09.TextGrid,17,30,to,122.280,122.360,TO,3.2096,7.43,2,-1.356500
audio09.TextGrid,17,31,be,122.360,122.640,VB,4.4043,6.79,2,-0.862244
audio09.TextGrid,17,32,for,122.640,122.890,IN,4.3565,7.01,3,-0.669266
audio09.TextGrid,17,33,any,122.890,123.080,DT,5.5165,6.07,3,-0.538043
audio09.TextGrid,17,34,fish,123.080,123.400,NN,4.1413,4.9,3,-3.193741
audio09.TextGrid,17,35,that,123.400,123.590,IN,3.9053,7.01,3,-1.120466
audio09.TextGrid,17,36,swam,123.590,124.000,NN,5.9045,3.34,4,-3.137872
audio09.TextGrid,18,1,there,124.000,124.260,EX,5.7321,6.31,3,-0.059776
audio09.TextGrid,18,2,others,125.000,125.350,NNS,10.5707,5.42,4,3.804769
audio09.TextGrid,18,3,let,125.350,125.470,VB,8.0388,5.6,3,1.469869
audio09.TextGrid,18,4,them,125.470,125.610,PRP,6.5644,6.19,3,0.641190
audio09.TextGrid,18,5,drift,125.610,125.930,VB,11.5280,3.82,5,3.010960
audio09.TextGrid,18,6,with,125.930,126.020,IN,5.2757,6.85,3,0.074823
audio09.TextGrid,18,7,the,126.020,126.110,DT,1.7233,7.73,2,-2.514467
audio09.TextGrid,18,8,current,126.110,126.560,JJ,7.1638,5.27,6,0.233703
audio09.TextGrid,19,1,and,127.020,127.110,CC,3.7036,7.41,2,-0.884389
audio09.TextGrid,19,2,sometimes,127.110,127.600,RB,7.6458,5.28,7,0.726647
audio09.TextGrid,19,3,they,127.600,127.740,PRP,7.0201,6.5,2,1.436168
audio09.TextGrid,19,4,were,127.740,127.880,VBD,4.6535,6.34,2,-1.105543
audio09.TextGrid,19,5,at,127.880,127.980,IN,5.1440,6.7,2,-0.221044
audio09.TextGrid,19,6,sixty,127.980,128.370,NN,5.8179,3.93,6,-2.578751
audio09.TextGrid,19,7,fathoms,128.370,128.900,NNS,5.5921,2.49,6,-4.380549
audio09.TextGrid,19,8,when,128.900,129.020,WRB,5.7797,6.37,3,0.053490
audio09.TextGrid,19,9,the,129.020,129.090,DT,1.9538,7.73,2,-2.283967
audio09.TextGrid,19,10,fishermen,129.090,129.530,NNS,6.4530,3.65,7,-2.250095
audio09.TextGrid,19,11,thought,129.530,129.710,VBD,8.0829,5.59,3,1.503025
audio09.TextGrid,19,12,they,129.710,129.870,PRP,5.4485,6.5,2,-0.135432
audio09.TextGrid,19,13,were,129.870,130.050,VBD,5.4666,6.34,2,-0.292443
audio09.TextGrid,19,14,at,130.050,130.150,IN,5.0858,6.7,2,-0.279244
audio09.TextGrid,19,15,a,130.150,130.230,DT,2.6176,7.36,1,-2.025111
audio09.TextGrid,19,16,hundred,130.230,130.700,JJ,10.8515,4.71,7,3.308515
audio09.TextGrid,20,1,but,131.760,132.150,CC,5.3198,6.63,3,-0.121855
audio09.TextGrid,20,2,he,132.260,132.380,PRP,4.7447,6.69,2,-0.631288
audio09.TextGrid,20,3,thought,132.380,132.740,VBD,7.8813,5.59,3,1.301425
audio09.TextGrid,20,4,i,133.420,133.510,RB,6.2896,7.09,1,1.351389
audio09.TextGrid,20,5,keep,133.510,133.780,VB,8.0479,5.66,3,1.544636
audio09.TextGrid,20,6,them,133.780,133.980,PRP,6.5155,6.19,3,0.592290
audio09.TextGrid,20,7,with,133.980,134.120,IN,4.7450,6.85,3,-0.455877
audio09.TextGrid,20,8,precision,134.120,134.710,NN,5.7893,4.01,8,-2.519796
audio09.TextGrid,21,1,only,135.600,135.910,RB,6.6217,6.12,4,0.621879
audio09.TextGrid,21,2,i,135.910,136.050,NN,6.4086,7.09,1,1.470389
audio09.TextGrid,21,3,have,136.050,136.250,VBP,4.1165,6.71,3,-1.237599
audio09.TextGrid,21,4,no,136.250,136.400,DT,6.3868,6.35,2,0.638701
audio09.TextGrid,21,5,luck,136.400,136.610,NN,10.4458,4.91,3,3.121703
audio09.TextGrid,21,6,any,136.610,136.780,DT,7.7925,6.07,3,1.737957
audio09.TextGrid,21,7,more,136.780,137.090,JJR,6.0723,6.36,3,0.335146
audio09.TextGrid,22,1,but,138.070,138.200,CC,5.3198,6.63,3,-0.121855
audio09.TextGrid,22,2,who,138.200,138.360,WP,6.8356,6.34,2,1.076557
audio09.TextGrid,22,3,knows,138.360,139.020,VBZ,8.9291,5.07,3,1.780114
audio09.TextGrid,22,4,maybe,139.100,139.350,RB,9.4304,5.45,4,2.697303
audio09.TextGrid,22,5,today,139.350,139.610,NN,9.7948,5.55,4,3.171147
audio09.TextGrid,23,1,every,139.610,139.910,DT,7.2471,5.79,4,0.886113
audio09.TextGrid,23,2,day,140.640,141.200,NN,7.0802,5.95,2,0.894324
audio09.TextGrid,23,3,is,141.200,141.330,VBZ,3.6297,7.07,2,-1.330400
audio09.TextGrid,23,4,a,141.330,141.390,DT,3.5077,7.36,1,-1.135011
audio09.TextGrid,23,5,new,141.390,141.560,JJ,5.0793,6.25,3,-0.778243
audio09.TextGrid,23,6,day,141.560,141.930,NN,7.2645,5.95,2,1.078624
audio09.TextGrid,24,1,it,142.390,142.520,PRP,3.8912,6.95,2,-1.200233
audio09.TextGrid,24,2,is,142.520,142.650,VBZ,3.3590,7.07,2,-1.601100
audio09.TextGrid,24,3,better,142.650,142.900,RBR,8.0665,5.76,4,1.672680
audio09.TextGrid,24,4,to,142.900,143.000,TO,3.8960,7.43,2,-0.670100
audio09.TextGrid,24,5,be,143.000,143.140,VB,5.2830,6.79,2,0.016456
audio09.TextGrid,24,6,lucky,143.140,143.580,JJ,11.4197,4.77,4,3.942381
audio09.TextGrid,25,1,but,144.020,144.140,CC,5.3198,6.63,3,-0.121855
audio09.TextGrid,25,2,i,144.140,144.260,NN,5.7238,7.09,1,0.785589
audio09.TextGrid,25,3,would,144.260,144.460,MD,4.4830,6.27,3,-1.352654
audio09.TextGrid,25,4,rather,144.460,144.670,RB,8.2344,5.32,4,1.359025
audio09.TextGrid,25,5,be,144.670,144.870,VB,4.4482,6.79,2,-0.818344
audio09.TextGrid,25,6,exact,144.870,145.470,JJ,9.6327,4.51,6,1.870826
audio09.TextGrid,26,1,then,145.820,146.220,RB,7.4856,6.07,3,1.431057
audio09.TextGrid,26,2,when,146.410,146.580,WRB,7.3407,6.37,3,1.614490
audio09.TextGrid,26,3,luck,146.580,146.840,NN,12.2359,4.91,3,4.911803
audio09.TextGrid,26,4,comes,146.840,147.410,VBZ,8.4942,5.36,4,1.662603
audio09.TextGrid,26,5,you,147.410,147.560,PRP,6.4008,6.98,2,1.342201
audio09.TextGrid,26,6,are,147.560,147.680,VBP,4.8616,6.74,2,-0.459666
audio09.TextGrid,26,7,ready,147.680,148.050,JJ,10.9814,5.28,4,4.062247
audio09.TextGrid,27,1,the,150.270,150.360,DT,1.8241,7.73,2,-2.413667
audio09.TextGrid,27,2,sun,150.360,150.660,NN,10.3570,4.97,3,3.098570
audio09.TextGrid,27,3,was,150.660,150.830,VBD,5.5024,6.82,3,0.268690
audio09.TextGrid,27,4,two,150.830,151.040,CD,6.8044,6.1,2,0.782691
audio09.TextGrid,27,5,hours,151.040,151.350,NNS,8.3111,5.4,3,1.523280
audio09.TextGrid,27,6,higher,151.350,151.660,RBR,7.7918,5.18,3,0.763203
audio09.TextGrid,27,7,now,151.660,152.010,RB,6.8960,6.18,2,0.961846
audio09.TextGrid,27,8,and,152.010,152.150,CC,3.7074,7.41,3,-0.880589
audio09.TextGrid,27,9,it,152.150,152.210,PRP,5.8165,6.95,2,0.725067
audio09.TextGrid,27,10,did,152.210,152.410,VBD,6.0207,5.96,3,-0.154231
audio09.TextGrid,27,11,not,152.410,152.610,RB,5.4589,6.69,3,0.082912
audio09.TextGrid,27,12,hurt,152.610,152.760,VB,7.9402,4.94,3,0.648937
audio09.TextGrid,27,13,his,152.760,152.910,PRP$,6.4552,6.51,3,0.882212
audio09.TextGrid,27,14,eyes,152.910,153.200,NNS,9.6341,5.21,2,2.638336
audio09.TextGrid,27,15,so,153.200,153.350,RB,6.4349,6.52,2,0.872857
audio09.TextGrid,27,16,much,153.350,153.590,JJ,6.9534,6.0,3,0.822246
audio09.TextGrid,27,17,to,153.590,153.700,TO,3.7298,7.43,2,-0.836300
audio09.TextGrid,27,18,look,153.700,153.890,VB,7.9085,5.81,3,1.569402
audio09.TextGrid,27,19,into,153.890,154.060,IN,6.6639,6.11,4,0.653135
audio09.TextGrid,27,20,the,154.060,154.220,DT,1.7149,7.73,2,-2.522867
audio09.TextGrid,27,21,east,154.220,154.640,NN,8.6365,5.16,3,1.586014
audio09.TextGrid,28,1,there,155.700,155.820,EX,5.7321,6.31,3,-0.059776
audio09.TextGrid,28,2,were,155.820,155.940,VBD,4.5868,6.34,2,-1.172243
audio09.TextGrid,28,3,only,155.940,156.180,RB,6.0839,6.12,4,0.084079
audio09.TextGrid,28,4,three,156.180,156.470,CD,7.9947,5.78,3,1.622769
audio09.TextGrid,28,5,boats,156.470,156.810,NNS,5.8323,4.25,4,-2.214129
audio09.TextGrid,28,6,in,156.810,156.930,IN,3.1491,7.27,2,-1.592111
audio09.TextGrid,28,7,sight,156.930,157.280,NN,11.8967,4.54,3,4.167659
audio09.TextGrid,28,8,now,157.280,157.600,RB,7.6823,6.18,2,1.748146
audio09.TextGrid,28,9,and,157.810,157.920,CC,3.5287,7.41,2,-1.059289
audio09.TextGrid,28,10,they,157.920,158.070,PRP,6.3566,6.5,2,0.772668
audio09.TextGrid,28,11,showed,158.070,158.420,VBD,7.6601,4.86,3,0.281281
audio09.TextGrid,28,12,very,158.420,158.730,RB,7.0314,6.0,4,0.900246
audio09.TextGrid,28,13,low,158.730,159.110,JJ,7.8296,5.33,2,0.965169
audio09.TextGrid,28,14,and,159.110,159.240,CC,3.6757,7.41,3,-0.912289
audio09.TextGrid,28,15,far,159.240,159.570,RB,7.0899,5.5,3,0.411525
audio09.TextGrid,28,16,inshore,159.570,160.150,NN,6.6185,2.7,5,-3.124316
audio09.TextGrid,29,1,all,161.830,162.020,DT,5.5566,6.52,2,-0.005443
audio09.TextGrid,29,2,my,162.020,162.230,PRP$,10.6483,6.57,2,5.140979
audio09.TextGrid,29,3,life,162.230,162.540,NN,7.7026,5.89,3,1.451058
audio09.TextGrid,29,4,the,162.610,162.760,DT,3.9897,7.73,2,-0.248067
audio09.TextGrid,29,5,early,162.760,163.010,JJ,7.3301,5.43,3,0.575114
audio09.TextGrid,29,6,sun,163.010,163.250,NN,11.1532,4.97,3,3.894770
audio09.TextGrid,29,7,has,163.250,163.440,VBZ,7.3987,6.37,3,1.672490
audio09.TextGrid,29,8,hurt,163.440,163.660,VBN,8.5731,4.94,3,1.281837
audio09.TextGrid,29,9,my,163.660,163.850,PRP$,8.1764,6.57,2,2.669079
audio09.TextGrid,29,10,eyes,163.850,164.280,NNS,9.6340,5.21,2,2.638236
audio09.TextGrid,29,11,he,164.490,164.610,PRP,6.5306,6.69,2,1.154612
audio09.TextGrid,29,12,thought,164.610,165.020,VBD,8.7666,5.59,3,2.186725
audio09.TextGrid,30,1,yet,165.520,165.700,RB,7.8867,5.54,3,1.252102
audio09.TextGrid,30,2,they,165.700,165.840,PRP,5.2930,6.5,2,-0.290932
audio09.TextGrid,30,3,are,165.840,165.950,VBP,3.9817,6.74,1,-1.339566
audio09.TextGrid,30,4,still,165.950,166.290,RB,6.7157,5.92,4,0.496991
audio09.TextGrid,30,5,good,166.290,166.730,JJ,6.9354,6.12,3,0.935579
audio09.TextGrid,31,1,in,167.280,167.380,IN,4.1039,7.27,2,-0.637311
audio09.TextGrid,31,2,the,167.380,167.470,DT,1.7509,7.73,2,-2.486867
audio09.TextGrid,31,3,evening,167.470,167.920,NN,8.8529,4.86,5,1.474081
audio09.TextGrid,31,4,i,167.920,168.010,NN,6.3716,7.09,1,1.433389
audio09.TextGrid,31,5,can,168.010,168.190,MD,5.3521,6.46,3,-0.275610
audio09.TextGrid,31,6,look,168.190,168.350,VB,7.4382,5.81,3,1.099102
audio09.TextGrid,31,7,straight,168.350,168.700,RB,9.3245,5.04,5,2.142681
audio09.TextGrid,31,8,into,168.700,168.960,IN,6.8113,6.11,4,0.800535
audio09.TextGrid,31,9,it,168.960,169.080,PRP,3.8246,6.95,2,-1.266833
audio09.TextGrid,31,10,without,169.080,169.320,IN,7.1405,5.69,5,0.670069
audio09.TextGrid,31,11,getting,169.320,169.640,VBG,9.4695,5.57,5,2.867736
audio09.TextGrid,31,12,the,169.640,169.710,DT,2.3304,7.73,2,-1.907367
audio09.TextGrid,31,13,blackness,169.710,170.330,NN,4.1365,3.09,7,-5.179483
audio09.TextGrid,32,1,it,171.020,171.110,PRP,3.8912,6.95,2,-1.200233
audio09.TextGrid,32,2,has,171.110,171.290,VBZ,4.0433,6.37,3,-1.682910
audio09.TextGrid,32,3,more,171.290,171.510,JJR,5.7179,6.36,3,-0.019254
audio09.TextGrid,32,4,force,171.510,171.860,NN,9.1765,5.23,4,2.202625
audio09.TextGrid,32,5,in,171.860,171.960,IN,3.6993,7.27,2,-1.041911
audio09.TextGrid,32,6,the,171.960,172.040,DT,1.7595,7.73,2,-2.478267
audio09.TextGrid,32,7,evening,172.040,172.410,NN,8.8508,4.86,5,1.471981
audio09.TextGrid,32,8,too,172.410,172.790,RB,8.5021,5.95,2,2.316224
audio09.TextGrid,32,9,but,173.530,173.660,CC,5.1293,6.63,3,-0.312355
audio09.TextGrid,32,10,in,173.660,173.750,IN,2.8953,7.27,2,-1.845911
audio09.TextGrid,32,11,the,173.750,173.820,DT,1.7611,7.73,2,-2.476667
audio09.TextGrid,32,12,morning,173.820,174.290,NN,8.8497,5.33,6,1.985269
audio09.TextGrid,32,13,it,174.290,174.380,PRP,6.1021,6.95,2,1.010667
audio09.TextGrid,32,14,is,174.380,174.490,VBZ,3.9287,7.07,2,-1.031400
audio09.TextGrid,32,15,painful,174.490,175.060,JJ,5.8666,4.32,6,-2.103218
audio10.TextGrid,1,1,just,1.130,1.380,RB,7.1407,6.43,3,1.480157
audio10.TextGrid,1,2,then,1.380,1.650,RB,6.6148,6.07,3,0.560257
audio10.TextGrid,1,3,he,1.650,1.770,PRP,5.8995,6.69,2,0.523512
audio10.TextGrid,1,4,saw,1.770,2.020,VBD,8.2579,5.34,2,1.404414
audio10.TextGrid,1,5,a,2.020,2.050,DT,3.3278,7.36,1,-1.314911
audio10.TextGrid,1,6,man,2.050,2.280,NN,7.6838,5.82,3,1.355647
audio10.TextGrid,1,7,of,2.280,2.420,IN,3.2144,7.4,2,-1.384533
audio10.TextGrid,1,8,war,2.420,2.640,NN,9.2731,5.46,3,2.550947
audio10.TextGrid,1,9,bird,2.640,3.040,NN,5.6921,4.63,3,-1.938441
audio10.TextGrid,1,10,with,3.040,3.200,IN,5.3226,6.85,3,0.121723
audio10.TextGrid,1,11,his,3.200,3.360,PRP$,5.3140,6.51,3,-0.258988
audio10.TextGrid,1,12,long,3.360,3.660,JJ,7.8757,5.81,3,1.536602
audio10.TextGrid,1,13,black,3.660,3.970,JJ,9.2976,5.46,4,2.575447
audio10.TextGrid,1,14,wings,3.970,4.490,NNS,10.5099,4.44,4,2.671415
audio10.TextGrid,1,15,circling,4.600,5.100,VBG,7.7295,3.33,6,-1.323817
audio10.TextGrid,1,16,in,5.100,5.190,IN,3.3771,7.27,2,-1.364111
audio10.TextGrid,1,17,the,5.190,5.270,DT,1.7084,7.73,2,-2.529367
audio10.TextGrid,1,18,sky,5.270,5.710,NN,10.2366,4.72,3,2.704559
audio10.TextGrid,1,19,ahead,5.710,5.890,RB,9.3110,5.01,4,2.096348
audio10.TextGrid,1,20,of,5.890,6.000,IN,3.2391,7.4,2,-1.359833
audio10.TextGrid,1,21,him,6.000,6.280,PRP,7.4269,6.11,3,1.416135
audio10.TextGrid,2,1,he,7.030,7.130,PRP,4.5353,6.69,2,-0.840688
audio10.TextGrid,2,2,made,7.130,7.340,VBD,5.8867,5.92,3,-0.332009
audio10.TextGrid,2,3,a,7.340,7.380,DT,3.6100,7.36,1,-1.032711
audio10.TextGrid,2,4,quick,7.380,7.640,JJ,9.6247,4.98,4,2.377214
audio10.TextGrid,2,5,drop,7.650,8.050,NN,7.3736,4.99,4,0.137059
audio10.TextGrid,2,6,slanting,8.190,8.680,VBG,7.6778,2.25,7,-2.557515
audio10.TextGrid,2,7,down,8.680,9.030,RP,6.3741,5.88,3,0.111613
audio10.TextGrid,2,8,on,9.030,9.160,IN,4.9199,6.91,2,-0.215310
audio10.TextGrid,2,9,his,9.160,9.390,PRP$,5.3392,6.51,3,-0.233788
audio10.TextGrid,2,10,back,9.390,9.660,NN,9.0290,6.04,3,2.941624
audio10.TextGrid,2,11,swept,9.660,9.950,NN,5.0513,3.94,5,-3.334407
audio10.TextGrid,2,12,wings,9.950,10.360,NNS,10.9317,4.44,4,3.093215
audio10.TextGrid,2,13,and,10.690,10.780,CC,4.1959,7.41,2,-0.392089
audio10.TextGrid,2,14,then,10.780,10.980,RB,7.8543,6.07,3,1.799757
audio10.TextGrid,2,15,circled,10.980,11.370,VBD,4.5059,3.17,6,-4.722528
audio10.TextGrid,2,16,again,11.370,11.780,RB,7.6612,5.7,4,1.201713
audio10.TextGrid,3,1,he,13.310,13.460,PRP,4.5353,6.69,2,-0.840688
audio10.TextGrid,3,2,s,13.460,13.520,VBZ,3.3590,5.86,1,-2.925376
audio10.TextGrid,3,3,got,13.520,13.780,VBD,7.9927,5.91,3,1.763046
audio10.TextGrid,3,4,something,13.780,14.270,NN,10.0755,5.81,6,3.736402
audio10.TextGrid,3,5,the,14.460,14.590,DT,4.2803,7.73,2,0.042533
audio10.TextGrid,3,6,old,14.590,14.790,JJ,7.3333,5.75,3,0.928536
audio10.TextGrid,3,7,man,14.790,15.010,NN,7.7138,5.82,3,1.385647
audio10.TextGrid,3,8,said,15.010,15.210,VBD,4.5644,6.01,3,-1.555809
audio10.TextGrid,4,1,aloud,15.210,15.660,NN,5.9246,3.51,4,-2.931717
audio10.TextGrid,4,2,he,16.250,16.360,PRP,7.2668,6.69,2,1.890812
audio10.TextGrid,4,3,s,16.360,16.430,VBZ,3.5546,5.86,1,-2.729776
audio10.TextGrid,4,4,not,16.430,16.640,RB,5.6593,6.69,3,0.283312
audio10.TextGrid,4,5,just,16.640,16.870,RB,6.6723,6.43,4,1.011757
audio10.TextGrid,4,6,looking,16.870,17.260,VBG,8.8296,5.57,5,2.227836
audio10.TextGrid,5,1,he,18.790,18.890,PRP,4.5353,6.69,2,-0.840688
audio10.TextGrid,5,2,rowed,18.890,19.200,VBD,3.3819,2.78,3,-6.273361
audio10.TextGrid,5,3,slowly,19.200,19.680,RB,9.0341,4.63,5,1.403559
audio10.TextGrid,5,4,and,19.680,19.800,CC,3.9170,7.41,3,-0.670989
audio10.TextGrid,5,5,steadily,19.800,20.310,RB,9.9875,3.84,7,1.492349
audio10.TextGrid,5,6,toward,20.310,20.730,IN,9.3284,4.72,6,1.796359
audio10.TextGrid,5,7,where,20.730,20.870,WRB,8.5780,6.0,3,2.446846
audio10.TextGrid,5,8,the,20.870,20.960,DT,2.0267,7.73,2,-2.211067
audio10.TextGrid,5,9,bird,20.960,21.260,NN,4.1363,4.63,3,-3.494241
audio10.TextGrid,5,10,was,21.260,21.370,VBD,4.1859,6.82,3,-1.047810
audio10.TextGrid,5,11,circling,21.370,21.980,VBG,7.4991,3.33,6,-1.554217
audio10.TextGrid,6,1,he,22.460,22.570,PRP,4.5353,6.69,2,-0.840688
audio10.TextGrid,6,2,did,22.570,22.710,VBD,5.6940,5.96,3,-0.480931
audio10.TextGrid,6,3,not,22.710,22.930,RB,5.4771,6.69,3,0.101112
audio10.TextGrid,6,4,hurry,22.930,23.300,VB,4.4982,4.14,3,-3.668618
audio10.TextGrid,6,5,and,23.300,23.410,CC,4.0890,7.41,3,-0.498989
audio10.TextGrid,6,6,he,23.410,23.500,PRP,6.4857,6.69,2,1.109712
audio10.TextGrid,6,7,kept,23.500,23.790,VBD,8.6543,5.0,4,1.428703
audio10.TextGrid,6,8,his,23.790,23.930,PRP$,6.2526,6.51,3,0.679612
audio10.TextGrid,6,9,lines,23.930,24.350,NNS,8.5554,4.95,4,1.275081
audio10.TextGrid,6,10,straight,24.350,24.730,VBD,9.9574,5.04,5,2.775581
audio10.TextGrid,6,11,up,24.730,24.870,RB,6.2609,6.39,2,0.556579
audio10.TextGrid,6,12,and,24.870,24.970,CC,4.0839,7.41,2,-0.504089
audio10.TextGrid,6,13,down,24.970,25.350,RB,6.6888,5.88,3,0.426313
audio10.TextGrid,7,1,but,25.960,26.090,CC,5.3198,6.63,3,-0.121855
audio10.TextGrid,7,2,he,26.090,26.200,PRP,4.7447,6.69,2,-0.631288
audio10.TextGrid,7,3,crowded,26.200,26.620,VBD,9.9526,3.98,6,1.610671
audio10.TextGrid,7,4,the,26.620,26.690,DT,3.0235,7.73,2,-1.214267
audio10.TextGrid,7,5,current,26.690,27.030,JJ,7.1572,5.27,5,0.227103
audio10.TextGrid,7,6,a,27.030,27.080,DT,5.8664,7.36,1,1.223689
audio10.TextGrid,7,7,little,27.080,27.380,JJ,7.8658,5.75,5,1.461036
audio10.TextGrid,7,8,so,27.380,27.530,RB,7.5416,6.52,2,1.979557
audio10.TextGrid,7,9,that,27.530,27.660,IN,4.2376,7.01,3,-0.788166
audio10.TextGrid,7,10,he,27.660,27.720,PRP,4.7516,6.69,2,-0.624388
audio10.TextGrid,7,11,was,27.720,27.850,VBD,5.3541,6.82,3,0.120390
audio10.TextGrid,7,12,still,27.850,28.090,RB,6.6145,5.92,4,0.395791
audio10.TextGrid,7,13,fishing,28.090,28.420,VBG,7.2307,4.47,5,-0.574952
audio10.TextGrid,7,14,correctly,28.420,28.970,RB,4.8250,4.21,7,-3.265207
audio10.TextGrid,7,15,though,29.150,29.350,IN,7.5796,5.5,2,0.901225
audio10.TextGrid,7,16,faster,29.350,29.860,JJR,9.2400,4.64,5,1.620404
audio10.TextGrid,7,17,than,29.860,29.990,IN,5.8723,6.13,3,-0.116576
audio10.TextGrid,7,18,he,29.990,30.050,PRP,4.9019,6.69,2,-0.474088
audio10.TextGrid,7,19,would,30.050,30.200,MD,5.7911,6.27,3,-0.044554
audio10.TextGrid,7,20,have,30.200,30.290,VB,3.8744,6.71,3,-1.479699
audio10.TextGrid,7,21,fished,30.290,30.620,VBN,5.9217,3.08,4,-3.405228
audio10.TextGrid,7,22,if,30.620,30.710,IN,5.3988,6.47,2,-0.217965
audio10.TextGrid,7,23,he,30.710,30.800,PRP,4.4243,6.69,2,-0.951688
audio10.TextGrid,7,24,was,30.800,30.960,VBD,5.8487,6.82,3,0.614990
audio10.TextGrid,7,25,not,30.960,31.180,RB,5.4416,6.69,3,0.065612
audio10.TextGrid,7,26,trying,31.180,31.410,VBG,7.7919,5.47,4,1.080691
audio10.TextGrid,7,27,to,31.410,31.510,TO,2.9530,7.43,2,-1.613100
audio10.TextGrid,7,28,use,31.510,31.800,VB,6.7793,5.81,3,0.440202
audio10.TextGrid,7,29,the,31.800,31.870,DT,2.4574,7.73,2,-1.780367
audio10.TextGrid,7,30,bird,31.870,32.320,NN,4.1387,4.63,3,-3.491841
audio10.TextGrid,8,1,the,33.610,33.690,DT,1.8241,7.73,2,-2.413667
audio10.TextGrid,8,2,bird,33.690,33.930,NN,4.1358,4.63,3,-3.494741
audio10.TextGrid,8,3,went,33.930,34.160,VBD,7.4468,5.5,4,0.768425
audio10.TextGrid,8,4,higher,34.160,34.450,JJR,7.3117,5.18,3,0.283103
audio10.TextGrid,8,5,in,34.450,34.550,IN,3.5854,7.27,2,-1.155811
audio10.TextGrid,8,6,the,34.550,34.790,DT,2.1681,7.73,2,-2.069667
audio10.TextGrid,8,7,air,34.790,34.980,NN,8.7453,5.37,2,1.924647
audio10.TextGrid,8,8,and,34.980,35.110,CC,3.9969,7.41,3,-0.591089
audio10.TextGrid,8,9,circled,35.110,35.460,VBD,6.0865,3.17,6,-3.141928
audio10.TextGrid,8,10,again,35.460,35.880,RB,7.7219,5.7,4,1.262413
audio10.TextGrid,8,11,his,35.990,36.160,PRP$,7.3805,6.51,3,1.807512
audio10.TextGrid,8,12,wings,36.160,36.530,NNS,9.6182,4.44,4,1.779715
audio10.TextGrid,8,13,motionless,36.530,37.240,NN,6.2453,2.97,8,-3.202016
audio10.TextGrid,9,1,then,38.090,38.260,RB,7.4856,6.07,3,1.431057
audio10.TextGrid,9,2,he,38.260,38.410,PRP,5.3385,6.69,2,-0.037488
audio10.TextGrid,9,3,dove,38.410,38.740,VB,3.9476,3.67,3,-4.733606
audio10.TextGrid,9,4,suddenly,38.740,39.230,RB,9.7490,4.69,7,2.184126
audio10.TextGrid,9,5,and,39.230,39.310,CC,3.9091,7.41,2,-0.678889
audio10.TextGrid,9,6,the,39.310,39.410,DT,3.5037,7.73,2,-0.734067
audio10.TextGrid,9,7,old,39.410,39.590,JJ,7.3381,5.75,3,0.933336
audio10.TextGrid,9,8,man,39.590,39.830,NN,7.7014,5.82,3,1.373247
audio10.TextGrid,9,9,saw,39.830,40.080,VBD,8.9258,5.34,2,2.072314
audio10.TextGrid,9,10,flying,40.080,40.520,VBG,7.5187,4.71,5,-0.024285
audio10.TextGrid,9,11,fish,40.520,40.830,JJ,5.7211,4.9,3,-1.613941
audio10.TextGrid,9,12,spurt,40.830,41.190,VBN,7.6288,2.84,4,-1.960794
audio10.TextGrid,9,13,out,41.190,41.320,IN,6.2226,6.38,2,0.507335
audio10.TextGrid,9,14,of,41.320,41.410,IN,3.2696,7.4,2,-1.329333
audio10.TextGrid,9,15,the,41.410,41.470,DT,1.7064,7.73,2,-2.531367
audio10.TextGrid,9,16,water,41.470,41.880,NN,8.3742,5.52,4,1.717714
audio10.TextGrid,9,17,and,41.880,41.990,CC,4.0344,7.41,3,-0.553589
audio10.TextGrid,9,18,sail,41.990,42.250,NN,5.6235,4.01,3,-2.685596
audio10.TextGrid,9,19,desperately,42.250,42.890,RB,11.6716,3.98,9,3.329671
audio10.TextGrid,9,20,over,42.890,43.080,IN,6.6896,6.08,3,0.646002
audio10.TextGrid,9,21,the,43.080,43.180,DT,1.8330,7.73,2,-2.404767
audio10.TextGrid,9,22,surface,43.180,43.780,NN,4.1436,4.83,5,-3.268052
audio10.TextGrid,9,23,dolphin,44.700,45.330,VBZ,12.2817,3.67,6,3.600494
audio10.TextGrid,9,24,the,45.700,45.810,DT,4.7307,7.73,2,0.492933
audio10.TextGrid,9,25,old,45.810,46.030,JJ,7.3638,5.75,3,0.959036
audio10.TextGrid,9,26,man,46.030,46.280,NN,7.7171,5.82,3,1.388947
audio10.TextGrid,9,27,said,46.280,46.510,VBD,4.4691,6.01,3,-1.651109
audio10.TextGrid,9,28,aloud,46.510,46.960,JJ,5.8194,3.51,4,-3.036917
audio10.TextGrid,10,1,big,47.570,47.800,JJ,6.9353,5.67,3,0.442980
audio10.TextGrid,10,2,dolphin,47.800,48.310,NN,10.6070,3.67,6,1.925794
audio10.TextGrid,10,3,he,49.810,49.940,PRP,7.0803,6.69,2,1.704312
audio10.TextGrid,10,4,shipped,49.940,50.200,VBD,8.3798,4.03,4,0.092593
audio10.TextGrid,10,5,his,50.200,50.380,PRP$,6.6509,6.51,3,1.077912
audio10.TextGrid,10,6,oars,50.380,50.830,NNS,5.6081,3.01,3,-3.795439
audio10.TextGrid,10,7,and,50.830,50.950,CC,4.3727,7.41,2,-0.215289
audio10.TextGrid,10,8,brought,50.950,51.170,VBD,9.1613,5.16,4,2.110814
audio10.TextGrid,10,9,a,51.170,51.240,DT,3.5903,7.36,1,-1.052411
audio10.TextGrid,10,10,small,51.240,51.660,JJ,6.8955,5.51,4,0.228069
audio10.TextGrid,10,11,line,51.660,51.930,NN,7.5205,5.49,3,0.831180
audio10.TextGrid,10,12,from,51.930,52.100,IN,4.7499,6.63,3,-0.691755
audio10.TextGrid,10,13,under,52.100,52.270,IN,8.4915,5.73,4,2.064847
audio10.TextGrid,10,14,the,52.270,52.360,DT,1.8971,7.73,2,-2.340667
audio10.TextGrid,10,15,bow,52.360,52.800,NN,4.1557,4.3,2,-3.836007
audio10.TextGrid,11,1,it,53.470,53.560,PRP,3.8912,6.95,2,-1.200233
audio10.TextGrid,11,2,had,53.560,53.690,VBD,4.7197,6.33,3,-1.050287
audio10.TextGrid,11,3,a,53.690,53.720,DT,3.3456,7.36,1,-1.297111
audio10.TextGrid,11,4,wire,53.720,54.150,NN,4.1408,4.43,3,-3.708629
audio10.TextGrid,11,5,leader,54.150,54.540,NN,9.9362,4.95,4,2.655881
audio10.TextGrid,11,6,and,54.540,54.700,CC,4.5121,7.41,3,-0.075889
audio10.TextGrid,11,7,a,54.700,54.740,DT,3.2516,7.36,1,-1.391111
audio10.TextGrid,11,8,medium,54.740,55.150,NN,4.1377,4.61,6,-3.514730
audio10.TextGrid,11,9,sized,55.150,55.610,VBN,5.7771,4.27,4,-2.247440
audio10.TextGrid,11,10,hook,55.610,55.890,NN,12.0044,4.37,3,4.089304
audio10.TextGrid,12,1,and,56.380,56.510,CC,3.7036,7.41,2,-0.884389
audio10.TextGrid,12,2,he,56.510,56.630,PRP,4.7461,6.69,2,-0.629888
audio10.TextGrid,12,3,baited,56.630,57.020,VBD,3.3478,2.78,5,-6.307461
audio10.TextGrid,12,4,it,57.020,57.170,PRP,4.5500,6.95,2,-0.541433
audio10.TextGrid,12,5,with,57.170,57.310,IN,4.7132,6.85,3,-0.487677
audio10.TextGrid,12,6,one,57.310,57.470,CD,5.7531,6.47,4,0.136335
audio10.TextGrid,12,7,of,57.470,57.550,IN,3.9312,7.4,2,-0.667733
audio10.TextGrid,12,8,the,57.550,57.640,DT,1.7451,7.73,2,-2.492667
audio10.TextGrid,12,9,sardines,57.640,58.470,NNS,6.4150,2.93,7,-3.076094
audio10.TextGrid,13,1,he,59.290,59.400,PRP,4.5353,6.69,2,-0.840688
audio10.TextGrid,13,2,let,59.400,59.550,VB,7.7261,5.6,3,1.157169
audio10.TextGrid,13,3,it,59.550,59.630,PRP,4.4574,6.95,2,-0.634033
audio10.TextGrid,13,4,go,59.630,59.810,VB,8.5291,6.03,2,2.430780
audio10.TextGrid,13,5,over,59.810,60.060,IN,6.4912,6.08,3,0.447602
audio10.TextGrid,13,6,the,60.060,60.170,DT,1.9105,7.73,2,-2.327267
audio10.TextGrid,13,7,side,60.170,60.640,NN,8.0423,5.5,3,1.363925
audio10.TextGrid,13,8,and,60.640,60.780,CC,4.3420,7.41,2,-0.245989
audio10.TextGrid,13,9,then,60.780,60.960,RB,7.7878,6.07,3,1.733257
audio10.TextGrid,13,10,made,60.960,61.120,VBD,6.7120,5.92,3,0.493291
audio10.TextGrid,13,11,it,61.120,61.230,PRP,5.0358,6.95,2,-0.055633
audio10.TextGrid,13,12,fast,61.230,61.630,VBZ,10.1906,5.13,4,3.107281
audio10.TextGrid,13,13,to,61.630,61.720,TO,3.8275,7.43,2,-0.738600
audio10.TextGrid,13,14,a,61.720,61.800,DT,3.3031,7.36,1,-1.339611
audio10.TextGrid,13,15,ring,61.800,62.030,NN,13.7307,4.81,3,6.297159
audio10.TextGrid,13,16,bolt,62.030,62.340,NN,6.3226,4.04,4,-1.953662
audio10.TextGrid,13,17,in,62.340,62.430,IN,3.3865,7.27,2,-1.354711
audio10.TextGrid,13,18,the,62.430,62.530,DT,1.7102,7.73,2,-2.527567
audio10.TextGrid,13,19,stern,62.530,63.070,NN,11.0440,3.9,4,2.614516
audio10.TextGrid,14,1,then,64.120,64.380,RB,7.4856,6.07,3,1.431057
audio10.TextGrid,14,2,he,64.380,64.560,PRP,5.3385,6.69,2,-0.037488
audio10.TextGrid,14,3,baited,64.560,64.950,VBD,3.4135,2.78,5,-6.241761
audio10.TextGrid,14,4,another,64.950,65.270,DT,7.0576,5.74,5,0.641891
audio10.TextGrid,14,5,line,65.270,65.650,NN,7.6725,5.49,3,0.983180
audio10.TextGrid,14,6,and,65.650,65.890,CC,4.4984,7.41,3,-0.089589
audio10.TextGrid,14,7,left,65.890,66.190,VBD,8.9515,5.62,4,2.404458
audio10.TextGrid,14,8,it,66.190,66.330,PRP,4.9616,6.95,2,-0.129833
audio10.TextGrid,14,9,coiled,66.330,66.790,VBD,4.6745,2.9,4,-4.849427
audio10.TextGrid,14,10,in,66.790,66.880,IN,3.6525,7.27,2,-1.088711
audio10.TextGrid,14,11,the,66.880,66.960,DT,1.7594,7.73,2,-2.478367
audio10.TextGrid,14,12,shade,66.960,67.250,NN,4.1398,4.16,3,-4.005129
audio10.TextGrid,14,13,of,67.250,67.340,IN,2.9115,7.4,2,-1.687433
audio10.TextGrid,14,14,the,67.340,67.410,DT,1.6990,7.73,2,-2.538767
audio10.TextGrid,14,15,bow,67.410,67.810,NN,4.1367,4.3,2,-3.855007
audio10.TextGrid,15,1,he,68.630,68.730,PRP,4.5353,6.69,2,-0.840688
audio10.TextGrid,15,2,went,68.730,68.920,VBD,7.1821,5.5,4,0.503725
audio10.TextGrid,15,3,back,68.920,69.130,RB,7.0568,6.04,3,0.969424
audio10.TextGrid,15,4,to,69.130,69.240,TO,3.3777,7.43,2,-1.188400
audio10.TextGrid,15,5,rowing,69.240,69.740,NN,6.4602,3.39,4,-2.527450
audio10.TextGrid,15,6,and,69.810,69.960,CC,4.4167,7.41,2,-0.171289
audio10.TextGrid,15,7,to,69.960,70.050,TO,4.4089,7.43,2,-0.157200
audio10.TextGrid,15,8,watching,70.050,70.500,VBG,10.9188,5.02,5,3.715092
audio10.TextGrid,15,9,the,70.500,70.560,DT,2.3781,7.73,2,-1.859667
audio10.TextGrid,15,10,long,70.560,70.900,JJ,7.8254,5.81,3,1.486302
audio10.TextGrid,15,11,winged,70.900,71.240,JJ,5.5997,3.44,4,-3.333228
audio10.TextGrid,15,12,black,71.240,71.580,JJ,9.0934,5.46,4,2.371247
audio10.TextGrid,15,13,bird,71.580,72.040,NN,4.9457,4.63,3,-2.684841
audio10.TextGrid,15,14,who,72.040,72.100,WP,5.8549,6.34,2,0.095857
audio10.TextGrid,15,15,was,72.100,72.370,VBD,4.9901,6.82,3,-0.243610
audio10.TextGrid,15,16,working,72.370,72.810,VBG,8.3019,5.45,5,1.568803
audio10.TextGrid,15,17,now,72.810,73.170,RB,6.6218,6.18,2,0.687646
audio10.TextGrid,15,18,low,73.320,73.600,JJ,8.0439,5.33,2,1.179469
audio10.TextGrid,15,19,over,73.600,73.810,IN,6.3219,6.08,3,0.278302
audio10.TextGrid,15,20,the,73.810,73.890,DT,1.7786,7.73,2,-2.459167
audio10.TextGrid,15,21,water,73.890,74.400,NN,8.3728,5.52,4,1.716314
audio10.TextGrid,16,1,as,75.540,75.670,IN,5.4550,6.77,2,0.166568
audio10.TextGrid,16,2,he,75.670,75.750,PRP,4.6183,6.69,2,-0.757688
audio10.TextGrid,16,3,watched,75.750,76.300,VBD,11.1259,4.72,4,3.593859
audio10.TextGrid,16,4,the,76.300,76.470,DT,2.9818,7.73,2,-1.255967
audio10.TextGrid,16,5,bird,76.470,76.760,NN,4.1493,4.63,3,-3.481241
audio10.TextGrid,16,6,dipped,76.760,77.010,VBD,5.0152,3.54,4,-3.808284
audio10.TextGrid,16,7,again,77.010,77.480,RB,7.6846,5.7,4,1.225113
audio10.TextGrid,16,8,slanting,77.480,77.980,VBG,7.2317,2.25,7,-3.003615
audio10.TextGrid,16,9,his,77.980,78.160,PRP$,5.9425,6.51,3,0.369512
audio10.TextGrid,16,10,wings,78.160,78.470,NNS,9.6193,4.44,4,1.780815
audio10.TextGrid,16,11,for,78.470,78.600,IN,3.9243,7.01,2,-1.101466
audio10.TextGrid,16,12,the,78.600,78.700,DT,1.7001,7.73,2,-2.537667
audio10.TextGrid,16,13,dive,78.700,79.160,NN,4.1369,4.12,3,-4.051807
audio10.TextGrid,16,14,and,79.160,79.270,CC,4.0325,7.41,2,-0.555489
audio10.TextGrid,16,15,then,79.270,79.490,RB,7.7028,6.07,3,1.648257
audio10.TextGrid,16,16,swinging,79.490,79.920,VBG,7.7314,3.79,6,-0.818473
audio10.TextGrid,16,17,them,79.920,80.090,PRP,6.6169,6.19,3,0.693690
audio10.TextGrid,16,18,wildly,80.090,80.630,RB,11.0204,3.71,6,2.382972
audio10.TextGrid,16,19,and,80.630,80.770,CC,3.7195,7.41,3,-0.868489
audio10.TextGrid,16,20,ineffectually,80.770,81.550,RB,4.1362,1.72,12,-6.679170
audio10.TextGrid,16,21,as,81.550,81.670,IN,5.1106,6.77,2,-0.177832
audio10.TextGrid,16,22,he,81.670,81.800,PRP,4.6348,6.69,2,-0.741188
audio10.TextGrid,16,23,followed,81.800,82.130,VBD,8.5112,5.05,5,1.340325
audio10.TextGrid,16,24,the,82.130,82.210,DT,2.6677,7.73,2,-1.570067
audio10.TextGrid,16,25,flying,82.210,82.600,VBG,8.5433,4.71,5,1.000315
audio10.TextGrid,16,26,fish,82.600,83.000,NN,4.1533,4.9,3,-3.181741
audio10.TextGrid,17,1,the,84.110,84.220,DT,1.8241,7.73,2,-2.413667
audio10.TextGrid,17,2,old,84.220,84.400,JJ,7.3292,5.75,3,0.924436
audio10.TextGrid,17,3,man,84.400,84.640,NN,7.6921,5.82,3,1.363947
audio10.TextGrid,17,4,could,84.640,84.820,MD,5.2306,6.06,3,-0.834887
audio10.TextGrid,17,5,see,84.820,84.960,VB,6.2362,6.1,2,0.214491
audio10.TextGrid,17,6,the,84.960,85.060,DT,2.3421,7.73,2,-1.895667
audio10.TextGrid,17,7,slight,85.060,85.410,JJ,5.0781,4.22,4,-3.001162
audio10.TextGrid,17,8,bulge,85.410,85.760,NN,4.3303,3.24,4,-4.821517
audio10.TextGrid,17,9,in,85.760,85.840,IN,3.4556,7.27,2,-1.285611
audio10.TextGrid,17,10,the,85.840,85.920,DT,1.6982,7.73,2,-2.539567
audio10.TextGrid,17,11,water,85.920,86.320,NN,8.3728,5.52,4,1.716314
audio10.TextGrid,17,12,that,86.320,86.460,IN,4.3677,7.01,3,-0.658066
audio10.TextGrid,17,13,the,86.460,86.540,DT,1.9890,7.73,2,-2.248767
audio10.TextGrid,17,14,big,86.540,86.780,JJ,6.5818,5.67,3,0.089480
audio10.TextGrid,17,15,dolphin,86.780,87.180,NN,10.8750,3.67,6,2.193794
audio10.TextGrid,17,16,raised,87.180,87.680,VBD,9.0078,4.84,4,1.607092
audio10.TextGrid,17,17,as,87.680,87.790,IN,4.6455,6.77,2,-0.642932
audio10.TextGrid,17,18,they,87.790,87.950,PRP,4.7273,6.5,2,-0.856632
audio10.TextGrid,17,19,followed,87.950,88.310,VBD,9.0052,5.05,5,1.834325
audio10.TextGrid,17,20,the,88.310,88.440,DT,2.7145,7.73,2,-1.523267
audio10.TextGrid,17,21,escaping,88.440,88.940,VBG,8.5454,3.73,7,-0.070140
audio10.TextGrid,17,22,fish,88.940,89.340,NN,4.1508,4.9,3,-3.184241
audio10.TextGrid,18,1,the,90.160,90.240,DT,1.8241,7.73,2,-2.413667
audio10.TextGrid,18,2,dolphin,90.240,90.630,NN,11.0501,3.67,6,2.368894
audio10.TextGrid,18,3,were,90.630,90.760,VBD,6.1245,6.34,2,0.365457
audio10.TextGrid,18,4,cutting,90.760,91.130,VBG,9.5969,4.61,5,1.944470
audio10.TextGrid,18,5,through,91.130,91.290,IN,7.1418,5.87,3,0.868369
audio10.TextGrid,18,6,the,91.290,91.350,DT,1.7463,7.73,2,-2.491467
audio10.TextGrid,18,7,water,91.350,91.700,NN,8.3747,5.52,4,1.718214
audio10.TextGrid,18,8,below,91.700,92.060,IN,7.3925,5.05,4,0.221625
audio10.TextGrid,18,9,the,92.060,92.160,DT,1.7099,7.73,2,-2.527867
audio10.TextGrid,18,10,flight,92.160,92.450,NN,4.1372,4.86,4,-3.241619
audio10.TextGrid,18,11,of,92.450,92.520,IN,3.1665,7.4,2,-1.432433
audio10.TextGrid,18,12,the,92.520,92.610,DT,1.6947,7.73,2,-2.543067
audio10.TextGrid,18,13,fish,92.610,92.920,NN,4.1365,4.9,3,-3.198541
audio10.TextGrid,18,14,and,93.320,93.410,CC,4.3947,7.41,2,-0.193289
audio10.TextGrid,18,15,would,93.410,93.570,MD,6.6548,6.27,3,0.819146
audio10.TextGrid,18,16,be,93.570,93.750,VB,3.7184,6.79,2,-1.548144
audio10.TextGrid,18,17,in,93.750,93.840,IN,3.6503,7.27,2,-1.090911
audio10.TextGrid,18,18,the,93.840,93.900,DT,1.7337,7.73,2,-2.504067
audio10.TextGrid,18,19,water,93.900,94.300,NN,8.3756,5.52,4,1.719114
audio10.TextGrid,18,20,driving,94.670,95.090,NN,10.3860,4.9,6,3.050959
audio10.TextGrid,18,21,at,95.090,95.200,IN,4.8593,6.7,2,-0.505744
audio10.TextGrid,18,22,speed,95.200,95.650,NN,11.1495,5.0,4,3.923903
audio10.TextGrid,18,23,when,95.650,95.810,WRB,6.4068,6.37,3,0.680590
audio10.TextGrid,18,24,the,95.810,95.870,DT,1.9613,7.73,2,-2.276467
audio10.TextGrid,18,25,fish,95.870,96.160,NN,4.1362,4.9,3,-3.198841
audio10.TextGrid,18,26,dropped,96.160,96.680,VBD,7.5374,4.73,5,0.016304
audio10.TextGrid,19,1,it,97.780,97.900,PRP,3.8912,6.95,2,-1.200233
audio10.TextGrid,19,2,is,97.900,98.010,VBZ,3.3590,7.07,2,-1.601100
audio10.TextGrid,19,3,a,98.010,98.070,DT,3.5087,7.36,1,-1.134011
audio10.TextGrid,19,4,big,98.070,98.340,JJ,6.5863,5.67,3,0.093980
audio10.TextGrid,19,5,school,98.340,98.630,NN,6.9588,5.71,4,0.510258
audio10.TextGrid,19,6,of,98.630,98.710,IN,3.2357,7.4,2,-1.363233
audio10.TextGrid,19,7,dolphin,98.710,99.140,NN,11.0001,3.67,6,2.318894
audio10.TextGrid,19,8,he,99.390,99.500,PRP,7.5664,6.69,2,2.190412
audio10.TextGrid,19,9,thought,99.500,99.910,VBD,8.8072,5.59,3,2.227325
audio10.TextGrid,20,1,they,100.440,100.570,PRP,4.6769,6.5,2,-0.907032
audio10.TextGrid,20,2,are,100.570,100.730,VBP,3.9761,6.74,2,-1.345166
audio10.TextGrid,20,3,widespread,100.730,101.580,JJ,9.8503,4.19,8,1.738204
audio10.TextGrid,20,4,and,101.940,102.030,CC,3.5355,7.41,2,-1.052489
audio10.TextGrid,20,5,the,102.030,102.120,DT,3.0887,7.73,2,-1.149067
audio10.TextGrid,20,6,flying,102.120,102.520,VBG,8.5661,4.71,5,1.023115
audio10.TextGrid,20,7,fish,102.520,102.790,NN,4.1268,4.9,3,-3.208241
audio10.TextGrid,20,8,have,102.790,102.960,VBP,5.3424,6.71,3,-0.011699
audio10.TextGrid,20,9,little,102.960,103.210,JJ,7.6621,5.75,5,1.257336
audio10.TextGrid,20,10,chance,103.210,103.840,NN,10.2457,5.26,4,3.304658
audio10.TextGrid,21,1,the,104.520,104.620,DT,1.8241,7.73,2,-2.413667
audio10.TextGrid,21,2,bird,104.620,104.940,NN,4.1358,4.63,3,-3.494741
audio10.TextGrid,21,3,has,104.940,105.120,VBZ,4.3013,6.37,3,-1.424910
audio10.TextGrid,21,4,no,105.120,105.320,DT,6.4201,6.35,2,0.672001
audio10.TextGrid,21,5,chance,105.320,105.890,NN,8.6632,5.26,4,1.722158
audio10.TextGrid,21,6,the,106.280,106.370,DT,4.1349,7.73,2,-0.102867
audio10.TextGrid,21,7,flying,106.370,106.700,VBG,8.5250,4.71,5,0.982015
audio10.TextGrid,21,8,fish,106.700,106.960,NN,4.1785,4.9,3,-3.156541
audio10.TextGrid,21,9,are,106.960,107.040,VBP,4.9400,6.74,1,-0.381266
audio10.TextGrid,21,10,too,107.040,107.220,RB,7.3186,5.95,2,1.132724
audio10.TextGrid,21,11,big,107.220,107.500,JJ,6.8808,5.67,3,0.388480
audio10.TextGrid,21,12,for,107.500,107.680,IN,4.2330,7.01,3,-0.792766
audio10.TextGrid,21,13,him,107.680,107.930,PRP,7.3985,6.11,3,1.387735
audio10.TextGrid,21,14,and,108.280,108.390,CC,4.1965,7.41,2,-0.391489
audio10.TextGrid,21,15,they,108.390,108.510,PRP,5.2769,6.5,2,-0.307032
audio10.TextGrid,21,16,go,108.510,108.720,VBP,7.1591,6.03,2,1.060780
audio10.TextGrid,21,17,too,108.720,108.880,RB,7.2638,5.95,2,1.077924
audio10.TextGrid,21,18,fast,108.880,109.560,RB,9.5468,5.13,4,2.463481
audio10.TextGrid,22,1,he,111.110,111.210,PRP,4.5353,6.69,2,-0.840688
audio10.TextGrid,22,2,watched,111.210,111.530,VBD,9.9807,4.72,4,2.448659
audio10.TextGrid,22,3,the,111.530,111.640,DT,3.0366,7.73,2,-1.201167
audio10.TextGrid,22,4,flying,111.640,112.000,VBG,8.5815,4.71,5,1.038515
audio10.TextGrid,22,5,fish,112.000,112.250,JJ,5.7727,4.9,3,-1.562341
audio10.TextGrid,22,6,burst,112.250,112.600,NN,4.3469,4.15,4,-3.808973
audio10.TextGrid,22,7,out,112.600,112.760,RB,6.6137,6.38,2,0.898435
audio10.TextGrid,22,8,again,112.760,113.150,RB,8.6055,5.7,4,2.146013
audio10.TextGrid,22,9,and,113.150,113.290,CC,3.7048,7.41,3,-0.883189
audio10.TextGrid,22,10,again,113.290,113.740,RB,7.4606,5.7,4,1.001113
audio10.TextGrid,22,11,and,113.850,113.970,CC,3.5224,7.41,2,-1.065589
audio10.TextGrid,22,12,the,113.970,114.110,DT,2.8872,7.73,2,-1.350567
audio10.TextGrid,22,13,ineffectual,114.110,114.650,JJ,5.0821,2.83,10,-4.518438
audio10.TextGrid,22,14,movements,114.650,115.120,NNS,10.0570,4.35,8,2.120015
audio10.TextGrid,22,15,of,115.120,115.190,IN,3.3429,7.4,2,-1.256033
audio10.TextGrid,22,16,the,115.190,115.290,DT,1.6978,7.73,2,-2.539967
audio10.TextGrid,22,17,bird,115.290,115.760,NN,4.1366,4.63,3,-3.493941
audio10.TextGrid,23,1,that,116.900,117.120,DT,4.4338,7.01,3,-0.591966
audio10.TextGrid,23,2,school,117.120,117.570,NN,7.5724,5.71,4,1.123858
audio10.TextGrid,23,3,has,117.570,117.680,VBZ,4.8044,6.37,3,-0.921810
audio10.TextGrid,23,4,gotten,117.680,117.990,VBN,9.5430,4.47,5,1.737348
audio10.TextGrid,23,5,away,117.990,118.240,RP,7.5271,5.62,3,0.980058
audio10.TextGrid,23,6,from,118.240,118.450,IN,4.9371,6.63,3,-0.504555
audio10.TextGrid,23,7,me,118.450,118.680,PRP,7.9709,6.48,2,2.365079
audio10.TextGrid,23,8,he,118.820,118.940,PRP,6.3775,6.69,2,1.001512
audio10.TextGrid,23,9,thought,118.940,119.300,VBD,8.5014,5.59,3,1.921525
audio10.TextGrid,24,1,they,119.950,120.080,PRP,4.6769,6.5,2,-0.907032
audio10.TextGrid,24,2,are,120.080,120.170,VBP,3.9761,6.74,2,-1.345166
audio10.TextGrid,24,3,moving,120.170,120.500,VBG,9.4068,5.02,5,2.203092
audio10.TextGrid,24,4,out,120.500,120.650,RP,5.4855,6.38,2,-0.229765
audio10.TextGrid,24,5,too,120.650,120.910,RB,7.6000,5.95,2,1.414124
audio10.TextGrid,24,6,fast,120.910,121.360,RB,9.7601,5.13,4,2.676781
audio10.TextGrid,24,7,and,121.360,121.550,CC,3.8321,7.41,3,-0.755889
audio10.TextGrid,24,8,too,121.550,121.630,RB,6.9516,5.95,2,0.765724
audio10.TextGrid,24,9,far,121.630,122.080,RB,7.2801,5.5,3,0.601725
audio10.TextGrid,25,1,but,122.980,123.120,CC,5.3198,6.63,3,-0.121855
audio10.TextGrid,25,2,perhaps,123.120,123.510,RB,7.4629,5.09,6,0.335803
audio10.TextGrid,25,3,i,123.510,123.590,VB,7.8494,7.09,1,2.911189
audio10.TextGrid,25,4,will,123.590,123.750,MD,4.3399,6.45,3,-1.298754
audio10.TextGrid,25,5,pick,123.750,123.940,VB,8.4935,5.08,3,1.355459
audio10.TextGrid,25,6,up,123.940,124.070,RP,5.0365,6.39,2,-0.667821
audio10.TextGrid,25,7,a,124.070,124.120,DT,3.4519,7.36,1,-1.190811
audio10.TextGrid,25,8,stray,124.120,124.660,NN,4.1460,3.74,4,-4.458595
audio10.TextGrid,25,9,and,124.880,124.970,CC,4.2547,7.41,2,-0.333289
audio10.TextGrid,25,10,perhaps,124.970,125.370,RB,8.8370,5.09,6,1.709903
audio10.TextGrid,25,11,my,125.370,125.560,PRP$,8.6703,6.57,2,3.162979
audio10.TextGrid,25,12,big,125.560,125.840,JJ,6.6801,5.67,3,0.187780
audio10.TextGrid,25,13,fish,125.840,126.070,NN,4.2407,4.9,3,-3.094341
audio10.TextGrid,25,14,is,126.070,126.190,VBZ,3.9180,7.07,2,-1.042100
audio10.TextGrid,25,15,around,126.190,126.530,IN,7.6540,5.77,4,1.271124
audio10.TextGrid,25,16,them,126.530,126.840,PRP,6.2646,6.19,3,0.341390
audio10.TextGrid,26,1,my,127.640,127.830,PRP$,7.2801,6.57,2,1.772779
audio10.TextGrid,26,2,big,127.830,128.140,JJ,6.6797,5.67,3,0.187380
audio10.TextGrid,26,3,fish,128.140,128.460,NN,4.2411,4.9,3,-3.093941
audio10.TextGrid,26,4,must,128.460,128.700,MD,7.0898,5.68,4,0.608425
audio10.TextGrid,26,5,be,128.750,128.900,VB,3.7167,6.79,2,-1.549844
audio10.TextGrid,26,6,somewhere,128.900,129.450,RB,4.6569,4.74,6,-2.853252
audio10.TextGrid,27,1,the,132.020,132.090,DT,1.8241,7.73,2,-2.413667
audio10.TextGrid,27,2,clouds,132.090,132.540,NN,11.1978,4.16,5,3.052871
audio10.TextGrid,27,3,over,132.540,132.710,IN,7.0886,6.08,3,1.045002
audio10.TextGrid,27,4,the,132.710,132.810,DT,1.7262,7.73,2,-2.511567
audio10.TextGrid,27,5,land,132.810,133.290,NN,9.1275,5.22,4,2.142681
audio10.TextGrid,27,6,now,133.290,133.620,RB,7.5825,6.18,2,1.648346
audio10.TextGrid,27,7,rose,133.620,134.010,VBD,6.4944,4.82,3,-0.928197
audio10.TextGrid,27,8,like,134.010,134.240,IN,7.1181,6.41,3,1.435668
audio10.TextGrid,27,9,mountains,134.240,135.030,NNS,6.9002,4.5,7,-0.872618
audio10.TextGrid,27,10,and,135.170,135.260,CC,4.4261,7.41,2,-0.161889
audio10.TextGrid,27,11,the,135.260,135.340,DT,2.3436,7.73,2,-1.894167
audio10.TextGrid,27,12,coast,135.340,135.780,NN,11.0484,4.87,4,3.680526
audio10.TextGrid,27,13,was,135.780,135.910,VBD,6.1060,6.82,3,0.872290
audio10.TextGrid,27,14,only,135.910,136.190,RB,6.0641,6.12,4,0.064279
audio10.TextGrid,27,15,a,136.190,136.260,DT,4.5456,7.36,1,-0.097111
audio10.TextGrid,27,16,long,136.260,136.590,JJ,7.7921,5.81,3,1.453002
audio10.TextGrid,27,17,green,136.590,136.940,JJ,9.4957,5.13,4,2.412381
audio10.TextGrid,27,18,line,136.940,137.340,NN,7.6778,5.49,3,0.988480
audio10.TextGrid,27,19,with,137.340,137.480,IN,4.5505,6.85,3,-0.650377
audio10.TextGrid,27,20,the,137.480,137.570,DT,1.6969,7.73,2,-2.540867
audio10.TextGrid,27,21,gray,137.570,137.820,JJ,9.9456,4.45,3,2.118059
audio10.TextGrid,27,22,blue,137.820,138.160,NN,9.0876,5.13,3,2.004281
audio10.TextGrid,27,23,hills,138.160,138.460,NNS,8.8140,4.46,4,0.997404
audio10.TextGrid,27,24,behind,138.460,138.890,IN,9.9125,5.29,6,3.004292
audio10.TextGrid,27,25,it,138.890,139.090,PRP,3.7938,6.95,2,-1.297633
audio10.TextGrid,28,1,the,139.760,139.820,DT,1.8241,7.73,2,-2.413667
audio10.TextGrid,28,2,water,139.820,140.200,NN,8.3723,5.52,4,1.715814
audio10.TextGrid,28,3,was,140.200,140.390,VBD,4.2309,6.82,3,-1.002810
audio10.TextGrid,28,4,a,140.390,140.450,DT,3.3338,7.36,1,-1.308911
audio10.TextGrid,28,5,dark,140.450,140.780,JJ,10.7265,5.04,4,3.544681
audio10.TextGrid,28,6,blue,140.780,141.130,NN,9.6056,5.13,3,2.522281
audio10.TextGrid,28,7,now,141.130,141.440,RB,8.7922,6.18,2,2.858046
audio10.TextGrid,29,1,so,141.970,142.150,RB,6.6130,6.52,2,1.050957
audio10.TextGrid,29,2,dark,142.150,142.480,JJ,11.2549,5.04,4,4.073081
audio10.TextGrid,29,3,that,142.480,142.610,IN,5.2988,7.01,3,0.273034
audio10.TextGrid,29,4,it,142.610,142.680,PRP,4.1441,6.95,2,-0.947333
audio10.TextGrid,29,5,was,142.680,142.800,VBD,4.8876,6.82,3,-0.346110
audio10.TextGrid,29,6,almost,142.800,143.160,RB,7.2693,5.39,6,0.470536
audio10.TextGrid,29,7,purple,143.190,143.620,JJ,5.7494,4.32,5,-2.220418
audio10.TextGrid,30,1,as,144.410,144.550,IN,5.4550,6.77,2,0.166568
audio10.TextGrid,30,2,he,144.550,144.660,PRP,4.6183,6.69,2,-0.757688
audio10.TextGrid,30,3,looked,144.660,144.850,VBD,11.1259,5.11,4,4.020692
audio10.TextGrid,30,4,down,144.850,145.180,RB,6.2248,5.88,3,-0.037687
audio10.TextGrid,30,5,into,145.180,145.430,IN,6.7186,6.11,4,0.707835
audio10.TextGrid,30,6,it,145.430,145.640,PRP,3.8210,6.95,2,-1.270433
audio10.TextGrid,30,7,he,145.640,145.750,PRP,5.6531,6.69,2,0.277112
audio10.TextGrid,30,8,saw,145.750,145.950,VBD,8.4267,5.34,2,1.573214
audio10.TextGrid,30,9,the,145.950,146.070,DT,2.4389,7.73,2,-1.798867
audio10.TextGrid,30,10,red,146.070,146.330,JJ,9.1026,5.32,3,2.227225
audio10.TextGrid,30,11,sifting,146.330,146.740,NN,4.5805,2.87,6,-4.976261
audio10.TextGrid,30,12,of,146.740,146.830,IN,3.0891,7.4,2,-1.509833
audio10.TextGrid,30,13,the,146.830,146.910,DT,1.6959,7.73,2,-2.541867
audio10.TextGrid,30,14,plankton,146.910,147.430,NN,4.1369,3.05,8,-5.222861
audio10.TextGrid,30,15,in,147.430,147.510,IN,3.4582,7.27,2,-1.283011
audio10.TextGrid,30,16,the,147.510,147.600,DT,1.6976,7.73,2,-2.540167
audio10.TextGrid,30,17,dark,147.600,147.910,JJ,10.7237,5.04,4,3.541881
audio10.TextGrid,30,18,water,147.910,148.250,NN,8.2706,5.52,4,1.614114
audio10.TextGrid,30,19,and,148.610,148.700,CC,4.1632,7.41,2,-0.424789
audio10.TextGrid,30,20,the,148.700,148.790,DT,2.1781,7.73,2,-2.059667
audio10.TextGrid,30,21,strange,148.790,149.300,JJ,5.0772,4.64,6,-2.542396
audio10.TextGrid,30,22,light,149.300,149.530,VBD,8.0875,5.33,3,1.223069
audio10.TextGrid,30,23,the,149.530,149.620,DT,4.3822,7.73,2,0.144433
audio10.TextGrid,30,24,sun,149.620,149.870,NN,10.3897,4.97,3,3.131270
audio10.TextGrid,30,25,made,149.870,150.210,VBD,7.8589,5.92,3,1.640191
audio10.TextGrid,30,26,now,150.210,150.510,RB,6.3545,6.18,2,0.420346
audio10.TextGrid,31,1,he,151.480,151.580,PRP,4.5353,6.69,2,-0.840688
audio10.TextGrid,31,2,watched,151.580,151.930,VBD,9.9807,4.72,4,2.448659
audio10.TextGrid,31,3,his,151.930,152.110,PRP$,6.6464,6.51,3,1.073412
audio10.TextGrid,31,4,lines,152.110,152.630,NNS,8.5842,4.95,4,1.303881
audio10.TextGrid,31,5,to,152.630,152.750,TO,3.3553,7.43,2,-1.210800
audio10.TextGrid,31,6,see,152.750,152.900,VB,7.0280,6.1,2,1.006291
audio10.TextGrid,31,7,them,152.900,153.040,PRP,6.5506,6.19,3,0.627390
audio10.TextGrid,31,8,go,153.040,153.250,VB,8.6071,6.03,2,2.508780
audio10.TextGrid,31,9,straight,153.250,153.550,RB,9.2911,5.04,5,2.109281
audio10.TextGrid,31,10,down,153.550,153.940,RB,7.0097,5.88,3,0.747213
audio10.TextGrid,31,11,out,153.940,154.070,IN,6.5401,6.38,2,0.824835
audio10.TextGrid,31,12,of,154.070,154.160,IN,3.0407,7.4,2,-1.558233
audio10.TextGrid,31,13,sight,154.160,154.540,NN,11.8840,4.54,3,4.154959
audio10.TextGrid,31,14,into,154.540,154.700,IN,6.6240,6.11,4,0.613235
audio10.TextGrid,31,15,the,154.700,154.780,DT,1.7058,7.73,2,-2.531967
audio10.TextGrid,31,16,water,154.780,155.210,NN,8.3728,5.52,4,1.716314
audio10.TextGrid,31,17,and,155.510,155.640,CC,4.2472,7.41,3,-0.340789
audio10.TextGrid,31,18,he,155.640,155.740,PRP,5.0356,6.69,2,-0.340388
audio10.TextGrid,31,19,was,155.740,155.880,VBD,4.7194,6.82,3,-0.514310
audio10.TextGrid,31,20,happy,155.880,156.210,JJ,11.5010,5.35,4,4.658458
audio10.TextGrid,31,21,to,156.210,156.330,TO,3.4422,7.43,2,-1.123900
audio10.TextGrid,31,22,see,156.330,156.510,VB,6.5070,6.1,2,0.485291
audio10.TextGrid,31,23,so,156.510,156.690,RB,6.0503,6.52,2,0.488257
audio10.TextGrid,31,24,much,156.690,156.890,JJ,6.6416,6.0,3,0.510446
audio10.TextGrid,31,25,plankton,156.890,157.410,NN,6.1275,3.05,8,-3.232261
audio10.TextGrid,31,26,because,157.410,157.850,IN,5.8437,6.03,5,-0.254620
audio10.TextGrid,31,27,it,157.850,157.970,PRP,3.8169,6.95,2,-1.274533
audio10.TextGrid,31,28,meant,157.970,158.170,VBD,10.1571,4.94,4,2.865837
audio10.TextGrid,31,29,fish,158.170,158.550,JJ,5.9336,4.9,3,-1.401441
audio10.TextGrid,32,1,the,159.430,159.500,DT,1.8241,7.73,2,-2.413667
audio10.TextGrid,32,2,strange,159.500,160.010,JJ,5.0760,4.64,6,-2.543596
audio10.TextGrid,32,3,light,160.010,160.220,VBD,8.0928,5.33,3,1.228369
audio10.TextGrid,32,4,the,160.220,160.380,DT,4.6174,7.73,2,0.379633
audio10.TextGrid,32,5,sun,160.380,160.590,NN,10.4022,4.97,3,3.143770
audio10.TextGrid,32,6,made,160.590,160.810,VBD,7.5928,5.92,3,1.374091
audio10.TextGrid,32,7,in,160.810,160.910,IN,3.1926,7.27,2,-1.548611
audio10.TextGrid,32,8,the,160.910,160.970,DT,1.7051,7.73,2,-2.532667
audio10.TextGrid,32,9,water,160.970,161.370,NN,8.3733,5.52,4,1.716814
audio10.TextGrid,32,10,now,161.750,161.900,RB,7.5087,6.18,2,1.574546
audio10.TextGrid,32,11,that,161.900,162.020,IN,4.5930,7.01,3,-0.432766
audio10.TextGrid,32,12,the,162.020,162.120,DT,1.9562,7.73,2,-2.281567
audio10.TextGrid,32,13,sun,162.120,162.340,NN,10.3563,4.97,3,3.097870
audio10.TextGrid,32,14,was,162.340,162.520,VBD,6.5712,6.82,3,1.337490
audio10.TextGrid,32,15,higher,162.520,162.880,RBR,7.2990,5.18,3,0.270403
audio10.TextGrid,32,16,meant,163.200,163.380,JJ,10.8442,4.94,4,3.552937
audio10.TextGrid,32,17,good,163.380,163.590,JJ,7.9812,6.12,3,1.981379
audio10.TextGrid,32,18,weather,163.590,164.020,NN,10.2006,4.87,4,2.832726
audio10.TextGrid,32,19,and,164.220,164.380,CC,4.2667,7.41,3,-0.321289
audio10.TextGrid,32,20,so,164.380,164.570,RB,6.8180,6.52,2,1.255957
audio10.TextGrid,32,21,did,164.570,164.720,VBD,6.8816,5.96,3,0.706669
audio10.TextGrid,32,22,the,164.720,164.800,DT,2.4571,7.73,2,-1.780667
audio10.TextGrid,32,23,shape,164.800,165.040,NN,9.1406,4.72,3,1.608559
audio10.TextGrid,32,24,of,165.040,165.130,IN,3.0453,7.4,2,-1.553633
audio10.TextGrid,32,25,the,165.130,165.220,DT,1.6963,7.73,2,-2.541467
audio10.TextGrid,32,26,clouds,165.220,165.710,NN,11.1928,4.16,5,3.047871
audio10.TextGrid,32,27,over,165.710,165.880,IN,6.3755,6.08,3,0.331902
audio10.TextGrid,32,28,the,165.880,165.980,DT,1.7294,7.73,2,-2.508367
audio10.TextGrid,32,29,land,165.980,166.350,NN,9.1331,5.22,4,2.148281
audio10.TextGrid,33,1,but,166.350,166.490,CC,5.3198,6.63,3,-0.121855
audio10.TextGrid,33,2,the,167.790,167.980,DT,2.0364,7.73,2,-2.201367
audio10.TextGrid,33,3,bird,167.980,168.280,NN,4.1425,4.63,3,-3.488041
audio10.TextGrid,33,4,was,168.280,168.430,VBD,4.1604,6.82,3,-1.073310
audio10.TextGrid,33,5,almost,168.430,168.790,RB,7.2785,5.39,6,0.479736
audio10.TextGrid,33,6,out,168.790,168.920,IN,6.6057,6.38,2,0.890435
audio10.TextGrid,33,7,of,168.920,169.030,IN,2.9562,7.4,2,-1.642733
audio10.TextGrid,33,8,sight,169.030,169.370,NN,11.8862,4.54,3,4.157159
audio10.TextGrid,33,9,now,169.370,169.660,RB,7.6466,6.18,2,1.712446
audio10.TextGrid,33,10,and,169.860,170.090,CC,3.5798,7.41,3,-1.008189
audio10.TextGrid,33,11,nothing,170.090,170.430,NN,10.4332,5.55,5,3.809547
audio10.TextGrid,33,12,showed,170.430,170.800,VBD,8.3325,4.86,3,0.953681
audio10.TextGrid,33,13,on,170.800,170.930,IN,4.9238,6.91,2,-0.211410
audio10.TextGrid,33,14,the,170.930,171.020,DT,1.7720,7.73,2,-2.465767
audio10.TextGrid,33,15,surface,171.020,171.400,NN,4.1399,4.83,5,-3.271752
audio10.TextGrid,33,16,of,171.400,171.470,IN,2.9057,7.4,2,-1.693233
audio10.TextGrid,33,17,the,171.470,171.550,DT,1.6987,7.73,2,-2.539067
audio10.TextGrid,33,18,water,171.550,171.920,NN,8.3727,5.52,4,1.716214
audio10.TextGrid,33,19,but,171.920,172.110,CC,5.8240,6.63,3,0.382345
audio10.TextGrid,33,20,some,172.110,172.240,DT,5.7308,6.2,3,-0.181465
audio10.TextGrid,33,21,patches,172.240,172.640,NNS,6.4590,3.86,5,-2.014262
audio10.TextGrid,33,22,of,172.640,172.750,IN,3.1293,7.4,2,-1.469633
audio10.TextGrid,33,23,yellow,172.750,173.200,JJ,11.1549,4.69,4,3.590026
audio10.TextGrid,33,24,sun,173.200,173.470,NN,10.9042,4.97,3,3.645770
audio10.TextGrid,33,25,bleached,173.470,173.880,VBD,6.0028,3.03,5,-3.378850
audio10.TextGrid,33,26,sargasso,173.940,174.550,NNS,7.4152,2.06,7,-3.028060
audio10.TextGrid,33,27,weed,174.550,174.970,VB,4.8885,4.27,3,-3.136040
audio10.TextGrid,34,1,and,175.420,175.510,CC,3.7036,7.41,2,-0.884389
audio10.TextGrid,34,2,the,175.510,175.590,DT,2.0380,7.73,2,-2.199767
audio10.TextGrid,34,3,purple,175.590,176.090,JJ,5.0832,4.32,5,-2.886618
audio10.TextGrid,34,4,formalized,176.090,177.180,JJ,5.2346,2.84,9,-4.354994
audio10.TextGrid,34,5,iridescent,177.180,177.860,NN,4.6509,2.8,9,-4.982472
audio10.TextGrid,34,6,gelatinous,177.860,178.550,JJ,6.5756,2.53,9,-3.353271
audio10.TextGrid,34,7,bladder,178.550,179.030,NN,4.4837,3.62,5,-4.252228
audio10.TextGrid,34,8,of,179.030,179.150,IN,3.6711,7.4,2,-0.927833
audio10.TextGrid,34,9,a,179.150,179.220,DT,2.5860,7.36,1,-2.056711
audio10.TextGrid,34,10,portuguese,179.220,179.880,JJ,5.0747,4.03,8,-3.212507
audio10.TextGrid,34,11,man,179.880,180.120,NN,7.8356,5.82,3,1.507447
audio10.TextGrid,34,12,of,180.120,180.260,IN,3.1887,7.4,2,-1.410233
audio10.TextGrid,34,13,war,180.260,180.690,NN,9.2726,5.46,3,2.550447
audio10.TextGrid,34,14,floating,180.690,181.080,VBG,7.9328,4.18,6,-0.190240
audio10.TextGrid,34,15,dose,181.080,181.390,JJ,5.7966,4.2,3,-2.304551
audio10.TextGrid,34,16,beside,181.390,181.780,IN,4.0086,4.19,5,-4.103496
audio10.TextGrid,34,17,the,181.780,181.850,DT,1.6968,7.73,2,-2.540967
audio10.TextGrid,34,18,boat,181.850,182.220,NN,4.1356,4.71,3,-3.407385
audio10.TextGrid,34,19,it,182.220,182.290,PRP,6.1094,6.95,2,1.017967
audio10.TextGrid,35,1,turned,183.340,183.720,VBN,11.3825,5.09,4,4.255403
audio10.TextGrid,35,2,on,183.720,183.850,IN,4.6358,6.91,2,-0.499410
audio10.TextGrid,35,3,its,183.850,184.000,PRP$,4.3027,6.14,3,-1.675232
audio10.TextGrid,35,4,side,184.000,184.410,NN,8.1599,5.5,3,1.481525
audio10.TextGrid,35,5,and,184.410,184.550,CC,3.4370,7.41,2,-1.150989
audio10.TextGrid,35,6,then,184.550,184.720,RB,7.5409,6.07,3,1.486357
audio10.TextGrid,35,7,righted,184.720,185.050,VBD,4.4599,2.37,5,-5.644082
audio10.TextGrid,35,8,itself,185.050,185.490,PRP,8.9441,5.1,6,1.827947
audio10.TextGrid,36,1,it,186.470,186.580,PRP,3.8912,6.95,2,-1.200233
audio10.TextGrid,36,2,floated,186.580,186.960,VBD,9.9807,3.41,6,1.014939
audio10.TextGrid,36,3,cheerfully,186.960,187.410,RB,4.7273,2.98,6,-4.709072
audio10.TextGrid,36,4,as,187.410,187.510,IN,5.0193,6.77,2,-0.269132
audio10.TextGrid,36,5,a,187.510,187.570,DT,2.8073,7.36,1,-1.835411
audio10.TextGrid,36,6,bubble,187.570,187.980,JJ,5.0774,4.16,5,-3.067529
audio10.TextGrid,36,7,with,187.980,188.140,IN,6.3974,6.85,3,1.196523
audio10.TextGrid,36,8,its,188.140,188.330,PRP$,4.3052,6.14,3,-1.672732
audio10.TextGrid,36,9,long,188.330,188.640,JJ,7.8755,5.81,3,1.536402
audio10.TextGrid,36,10,deadly,188.640,188.970,RB,6.6572,4.16,5,-1.487729
audio10.TextGrid,36,11,purple,188.970,189.330,JJ,5.3217,4.32,5,-2.648118
audio10.TextGrid,36,12,filaments,189.330,189.870,NNS,6.1963,2.95,9,-3.272905
audio10.TextGrid,36,13,trailing,189.870,190.250,VBG,7.8830,3.55,6,-0.929539
audio10.TextGrid,36,14,a,190.250,190.330,DT,3.2216,7.36,1,-1.421111
audio10.TextGrid,36,15,yard,190.330,190.620,NN,4.1368,4.57,4,-3.559407
audio10.TextGrid,36,16,behind,190.620,191.010,IN,9.0674,5.29,6,2.159192
audio10.TextGrid,36,17,it,191.010,191.120,PRP,3.7925,6.95,2,-1.298933
audio10.TextGrid,36,18,in,191.120,191.200,IN,3.0233,7.27,2,-1.717911
audio10.TextGrid,36,19,the,191.200,191.280,DT,1.6910,7.73,2,-2.546767
audio10.TextGrid,36,20,water,191.280,191.710,NN,8.3712,5.52,4,1.714714
audio11.TextGrid,1,1,agua,0.480,0.830,NN,5.9246,2.76,4,-3.752549
audio11.TextGrid,1,2,mala,0.830,1.300,VBZ,3.9034,2.87,4,-5.653361
audio11.TextGrid,1,3,the,1.610,1.690,DT,2.6327,7.73,2,-1.605067
audio11.TextGrid,1,4,man,1.690,1.950,NN,7.6837,5.82,3,1.355547
audio11.TextGrid,1,5,said,1.950,2.290,VBD,5.1661,6.01,3,-0.954109
audio11.TextGrid,1,6,you,2.670,2.920,PRP,6.3597,6.98,2,1.301101
audio11.TextGrid,1,7,whore,2.920,3.360,VBP,4.8968,3.86,3,-3.576462
audio11.TextGrid,2,1,from,4.710,4.880,IN,5.6069,6.63,4,0.165245
audio11.TextGrid,2,2,where,4.880,5.040,WRB,8.6490,6.0,3,2.517846
audio11.TextGrid,2,3,he,5.040,5.160,PRP,4.7670,6.69,2,-0.608988
audio11.TextGrid,2,4,swung,5.160,5.440,VBZ,3.3641,3.47,4,-5.535995
audio11.TextGrid,2,5,lightly,5.440,5.830,RB,4.6641,3.96,5,-3.699718
audio11.TextGrid,2,6,against,5.830,6.180,IN,7.8064,5.68,6,1.325025
audio11.TextGrid,2,7,his,6.180,6.310,PRP$,5.3624,6.51,3,-0.210588
audio11.TextGrid,2,8,oars,6.310,6.740,NNS,5.5669,3.01,3,-3.836639
audio11.TextGrid,2,9,he,6.740,6.840,PRP,5.5547,6.69,2,0.178712
audio11.TextGrid,2,10,looked,6.840,7.030,VBD,10.1382,5.11,4,3.032992
audio11.TextGrid,2,11,down,7.030,7.330,RB,6.1746,5.88,3,-0.087887
audio11.TextGrid,2,12,into,7.330,7.500,IN,6.7006,6.11,4,0.689835
audio11.TextGrid,2,13,the,7.500,7.590,DT,1.7168,7.73,2,-2.520967
audio11.TextGrid,2,14,water,7.590,8.030,NN,8.3741,5.52,4,1.717614
audio11.TextGrid,2,15,and,8.030,8.160,CC,3.5815,7.41,3,-1.006489
audio11.TextGrid,2,16,saw,8.160,8.320,VBD,10.8194,5.34,2,3.965914
audio11.TextGrid,2,17,the,8.320,8.420,DT,2.3857,7.73,2,-1.852067
audio11.TextGrid,2,18,tiny,8.420,8.790,JJ,10.1810,4.62,4,2.539515
audio11.TextGrid,2,19,fish,8.790,9.060,NN,4.3395,4.9,3,-2.995541
audio11.TextGrid,2,20,that,9.060,9.220,WDT,4.1958,7.01,3,-0.829966
audio11.TextGrid,2,21,were,9.220,9.300,VBD,6.8109,6.34,2,1.051857
audio11.TextGrid,2,22,coloured,9.300,9.660,VBN,6.0757,3.92,5,-2.331895
audio11.TextGrid,2,23,like,9.660,9.830,IN,6.2582,6.41,3,0.575768
audio11.TextGrid,2,24,the,9.830,9.920,DT,1.7011,7.73,2,-2.536667
audio11.TextGrid,2,25,trailing,9.920,10.330,NN,4.1361,3.55,6,-4.676439
audio11.TextGrid,2,26,filaments,10.330,10.920,NNS,6.6273,2.95,9,-2.841905
audio11.TextGrid,2,27,and,10.920,11.050,CC,3.6286,7.41,3,-0.959389
audio11.TextGrid,2,28,swam,11.050,11.370,NN,5.8132,3.34,4,-3.229172
audio11.TextGrid,2,29,between,11.370,11.800,IN,7.7048,5.77,6,1.321924
audio11.TextGrid,2,30,them,11.800,12.040,PRP,5.9093,6.19,3,-0.013910
audio11.TextGrid,2,31,and,12.040,12.260,CC,3.7521,7.41,3,-0.835889
audio11.TextGrid,2,32,under,12.260,12.460,IN,7.4109,5.73,4,0.984247
audio11.TextGrid,2,33,the,12.460,12.570,DT,1.7732,7.73,2,-2.464567
audio11.TextGrid,2,34,small,12.570,12.930,JJ,6.8935,5.51,4,0.226069
audio11.TextGrid,2,35,shade,12.930,13.300,VBD,7.5782,4.16,3,-0.566729
audio11.TextGrid,2,36,the,13.300,13.410,DT,2.4649,7.73,2,-1.772867
audio11.TextGrid,2,37,bubble,13.410,13.750,JJ,5.0771,4.16,5,-3.067829
audio11.TextGrid,2,38,made,13.750,14.040,VBN,8.6170,5.92,3,2.398291
audio11.TextGrid,2,39,as,14.040,14.170,IN,4.7342,6.77,2,-0.554232
audio11.TextGrid,2,40,it,14.170,14.240,PRP,3.9115,6.95,2,-1.179933
audio11.TextGrid,2,41,drifted,14.240,14.750,VBD,10.7706,3.41,7,1.804839
audio11.TextGrid,3,1,they,15.650,15.820,PRP,4.6769,6.5,2,-0.907032
audio11.TextGrid,3,2,were,15.820,16.010,VBD,4.5379,6.34,2,-1.221143
audio11.TextGrid,3,3,immune,16.010,16.410,JJ,10.8315,4.14,5,2.664682
audio11.TextGrid,3,4,to,16.410,16.580,TO,3.4667,7.43,2,-1.099400
audio11.TextGrid,3,5,its,16.580,16.700,PRP$,5.3368,6.14,3,-0.641132
audio11.TextGrid,3,6,poison,16.700,17.220,NN,9.6643,4.08,5,1.431816
audio11.TextGrid,4,1,but,17.790,17.980,CC,5.3198,6.63,3,-0.121855
audio11.TextGrid,4,2,men,17.980,18.260,NNS,9.6057,5.51,3,2.938269
audio11.TextGrid,4,3,were,18.260,18.400,VBD,4.6136,6.34,2,-1.145443
audio11.TextGrid,4,4,not,18.400,18.790,RB,5.4722,6.69,3,0.096212
audio11.TextGrid,5,1,and,19.330,19.430,CC,3.7036,7.41,2,-0.884389
audio11.TextGrid,5,2,when,19.430,19.640,WRB,7.3163,6.37,3,1.590090
audio11.TextGrid,5,3,same,19.640,19.870,JJ,7.3777,5.8,3,1.027658
audio11.TextGrid,5,4,of,19.870,19.940,IN,4.4163,7.4,2,-0.182633
audio11.TextGrid,5,5,the,19.940,20.050,DT,1.7168,7.73,2,-2.520967
audio11.TextGrid,5,6,filaments,20.050,20.490,NNS,6.4355,2.95,9,-3.033705
audio11.TextGrid,5,7,would,20.490,20.600,MD,6.0122,6.27,3,0.176546
audio11.TextGrid,5,8,catch,20.600,20.910,VB,9.5879,4.87,3,2.220026
audio11.TextGrid,5,9,on,20.910,21.040,IN,4.8677,6.91,2,-0.267510
audio11.TextGrid,5,10,a,21.040,21.110,DT,2.6142,7.36,1,-2.028511
audio11.TextGrid,5,11,line,21.110,21.480,NN,7.6729,5.49,3,0.983580
audio11.TextGrid,5,12,and,21.480,21.650,CC,3.7778,7.41,3,-0.810189
audio11.TextGrid,5,13,rest,21.650,21.940,NN,10.0521,5.23,4,3.078225
audio11.TextGrid,5,14,there,21.940,22.200,RB,7.5529,6.31,3,1.761024
audio11.TextGrid,5,15,slimy,22.200,22.700,JJ,6.2504,3.08,5,-3.076528
audio11.TextGrid,5,16,and,22.700,22.800,CC,3.6705,7.41,2,-0.917489
audio11.TextGrid,5,17,purple,22.800,23.290,JJ,4.8732,4.32,5,-3.096618
audio11.TextGrid,5,18,while,23.290,23.490,IN,7.0245,5.86,3,0.740124
audio11.TextGrid,5,19,the,23.490,23.600,DT,1.7367,7.73,2,-2.501067
audio11.TextGrid,5,20,old,23.600,23.810,JJ,7.3279,5.75,3,0.923136
audio11.TextGrid,5,21,man,23.810,24.020,NN,7.6888,5.82,3,1.360647
audio11.TextGrid,5,22,was,24.020,24.170,VBD,5.0778,6.82,3,-0.155910
audio11.TextGrid,5,23,working,24.170,24.510,VBG,8.7285,5.45,5,1.995403
audio11.TextGrid,5,24,a,24.510,24.570,DT,3.3019,7.36,1,-1.340811
audio11.TextGrid,5,25,fish,24.570,24.880,NN,4.1380,4.9,3,-3.197041
audio11.TextGrid,6,1,he,25.420,25.510,PRP,4.5353,6.69,2,-0.840688
audio11.TextGrid,6,2,would,25.510,25.630,MD,4.5105,6.27,3,-1.325154
audio11.TextGrid,6,3,have,25.630,25.780,VB,3.8741,6.71,3,-1.479999
audio11.TextGrid,6,4,welts,25.780,26.120,NNS,7.7051,2.27,5,-2.508327
audio11.TextGrid,6,5,and,26.120,26.230,CC,4.3497,7.41,2,-0.238289
audio11.TextGrid,6,6,sores,26.230,26.660,NNS,6.6856,3.03,4,-2.696050
audio11.TextGrid,6,7,on,26.660,26.800,IN,4.5733,6.91,2,-0.561910
audio11.TextGrid,6,8,his,26.800,26.950,PRP$,5.3118,6.51,3,-0.261188
audio11.TextGrid,6,9,arms,26.950,27.390,NNS,9.2134,4.82,4,1.790803
audio11.TextGrid,6,10,and,27.390,27.530,CC,4.3822,7.41,3,-0.205789
audio11.TextGrid,6,11,hands,27.530,28.020,NNS,9.4072,5.16,4,2.356714
audio11.TextGrid,6,12,of,28.020,28.120,IN,3.0316,7.4,2,-1.567333
audio11.TextGrid,6,13,the,28.120,28.230,DT,1.6928,7.73,2,-2.544967
audio11.TextGrid,6,14,sort,28.230,28.470,NN,8.8493,5.0,4,1.623703
audio11.TextGrid,6,15,that,28.470,28.670,IN,4.2316,7.01,3,-0.794166
audio11.TextGrid,6,16,poison,28.670,29.060,NN,11.2671,4.08,5,3.034616
audio11.TextGrid,6,17,ivy,29.060,29.410,NN,5.2313,3.83,3,-3.274795
audio11.TextGrid,6,18,or,29.410,29.510,CC,5.9849,6.54,2,0.444746
audio11.TextGrid,6,19,poison,29.510,29.940,NN,10.7064,4.08,5,2.473916
audio11.TextGrid,6,20,oak,29.940,30.110,NNS,12.2693,4.18,2,4.146260
audio11.TextGrid,6,21,can,30.110,30.280,MD,7.9624,6.46,3,2.334690
audio11.TextGrid,6,22,give,30.280,30.530,VB,6.5998,5.71,3,0.151258
audio11.TextGrid,7,1,but,30.530,30.710,CC,5.3198,6.63,3,-0.121855
audio11.TextGrid,7,2,these,31.650,32.050,DT,6.1601,6.04,3,0.072724
audio11.TextGrid,7,3,poisonings,32.050,32.690,NNS,6.4631,2.31,8,-3.706549
audio11.TextGrid,7,4,from,32.690,32.880,IN,5.4620,6.63,4,0.020345
audio11.TextGrid,7,5,the,32.880,33.000,DT,1.7143,7.73,2,-2.523467
audio11.TextGrid,7,6,agua,33.000,33.280,NN,4.1369,2.76,4,-5.540249
audio11.TextGrid,7,7,mala,33.280,33.570,NN,5.3626,2.87,4,-4.194161
audio11.TextGrid,7,8,came,33.570,33.810,VBD,7.2943,5.5,3,0.615925
audio11.TextGrid,7,9,quickly,33.810,34.350,RB,7.8467,5.0,6,0.621103
audio11.TextGrid,7,10,and,34.350,34.480,CC,3.9031,7.41,3,-0.684889
audio11.TextGrid,7,11,struck,34.480,34.810,VBP,5.0506,4.42,5,-2.809774
audio11.TextGrid,7,12,like,34.810,34.980,IN,7.0076,6.41,3,1.325168
audio11.TextGrid,7,13,a,34.980,35.010,DT,2.7792,7.36,1,-1.863511
audio11.TextGrid,7,14,whiplash,35.010,35.670,NN,4.1402,3.06,6,-5.208616
audio11.TextGrid,8,1,the,37.920,38.100,DT,1.8241,7.73,2,-2.413667
audio11.TextGrid,8,2,iridescent,38.100,38.540,NN,4.1358,2.8,9,-5.497572
audio11.TextGrid,8,3,bubbles,38.540,38.990,NNS,6.7578,3.79,6,-1.792073
audio11.TextGrid,8,4,were,38.990,39.060,VBD,4.6074,6.34,2,-1.151643
audio11.TextGrid,8,5,beautiful,39.060,39.570,JJ,10.1380,5.22,8,3.153181
audio11.TextGrid,9,1,but,40.040,40.150,CC,5.3198,6.63,3,-0.121855
audio11.TextGrid,9,2,they,40.150,40.260,PRP,4.8862,6.5,2,-0.697732
audio11.TextGrid,9,3,were,40.260,40.390,VBD,4.5054,6.34,2,-1.253643
audio11.TextGrid,9,4,the,40.390,40.480,DT,2.4535,7.73,2,-1.784267
audio11.TextGrid,9,5,falsest,40.480,41.010,JJS,6.2079,0.0,7,-6.489912
audio11.TextGrid,9,6,thing,41.010,41.290,NN,8.2235,5.72,3,1.785902
audio11.TextGrid,9,7,in,41.290,41.400,IN,3.4503,7.27,2,-1.290911
audio11.TextGrid,9,8,the,41.400,41.470,DT,1.7000,7.73,2,-2.537767
audio11.TextGrid,9,9,sea,41.470,41.920,NN,8.2727,5.06,2,1.112770
audio11.TextGrid,10,1,and,42.320,42.420,CC,3.7036,7.41,2,-0.884389
audio11.TextGrid,10,2,the,42.420,42.530,DT,2.0380,7.73,2,-2.199767
audio11.TextGrid,10,3,old,42.530,42.770,JJ,7.3360,5.75,3,0.931236
audio11.TextGrid,10,4,man,42.770,43.030,NN,7.6917,5.82,3,1.363547
audio11.TextGrid,10,5,loved,43.030,43.340,VBD,9.2790,5.0,4,2.053403
audio11.TextGrid,10,6,to,43.340,43.410,TO,3.3807,7.43,2,-1.185400
audio11.TextGrid,10,7,see,43.410,43.600,VB,6.4202,6.1,2,0.398491
audio11.TextGrid,10,8,the,43.600,43.690,DT,2.3413,7.73,2,-1.896467
audio11.TextGrid,10,9,big,43.690,43.960,JJ,6.5848,5.67,3,0.092480
audio11.TextGrid,10,10,sea,43.960,44.180,NN,8.1076,5.06,2,0.947670
audio11.TextGrid,10,11,turtles,44.180,44.720,NNS,7.5498,3.72,6,-1.076684
audio11.TextGrid,10,12,eating,44.760,45.100,VBG,11.5116,4.85,4,4.121837
audio11.TextGrid,10,13,them,45.100,45.380,PRP,6.5445,6.19,3,0.621290
audio11.TextGrid,11,1,the,46.130,46.230,DT,1.8241,7.73,2,-2.413667
audio11.TextGrid,11,2,turtles,46.230,46.630,NNS,6.4529,3.72,6,-2.173584
audio11.TextGrid,11,3,saw,46.630,46.930,VBD,8.3951,5.34,2,1.541614
audio11.TextGrid,11,4,them,46.930,47.200,PRP,6.6559,6.19,3,0.732690
audio11.TextGrid,11,5,approached,47.380,47.780,VBD,10.7368,4.16,6,2.591871
audio11.TextGrid,11,6,them,47.780,47.920,PRP,6.6484,6.19,3,0.725190
audio11.TextGrid,11,7,from,47.920,48.100,IN,4.7010,6.63,4,-0.740655
audio11.TextGrid,11,8,the,48.100,48.170,DT,1.6931,7.73,2,-2.544667
audio11.TextGrid,11,9,front,48.170,48.530,NN,8.4075,5.28,5,1.488347
audio11.TextGrid,12,1,then,48.950,49.160,RB,7.4856,6.07,3,1.431057
audio11.TextGrid,12,2,shut,49.160,49.450,VB,9.8783,4.78,3,2.411926
audio11.TextGrid,12,3,their,49.450,49.670,PRP$,5.7526,6.33,3,-0.017387
audio11.TextGrid,12,4,eyes,49.670,50.040,NNS,9.6257,5.21,2,2.629936
audio11.TextGrid,12,5,so,50.040,50.170,IN,6.6694,6.52,2,1.107357
audio11.TextGrid,12,6,they,50.170,50.260,PRP,5.2585,6.5,2,-0.325432
audio11.TextGrid,12,7,were,50.260,50.380,VBD,6.2048,6.34,2,0.445757
audio11.TextGrid,12,8,completely,50.380,50.960,RB,9.7066,5.0,9,2.481003
audio11.TextGrid,12,9,carapaced,50.960,51.680,VBN,5.1585,0.0,8,-7.539312
audio11.TextGrid,12,10,and,51.680,51.950,CC,4.0666,7.41,3,-0.521389
audio11.TextGrid,12,11,ate,51.950,52.100,VB,4.1735,4.34,2,-3.774429
audio11.TextGrid,12,12,them,52.120,52.400,PRP,6.5242,6.19,3,0.600990
audio11.TextGrid,12,13,filaments,52.400,52.880,NNS,8.2165,2.95,9,-1.252705
audio11.TextGrid,12,14,and,52.880,52.990,CC,4.1272,7.41,3,-0.460789
audio11.TextGrid,13,1,all,52.990,53.330,PDT,5.5566,6.52,2,-0.005443
audio11.TextGrid,13,2,the,54.210,54.320,DT,3.9289,7.73,2,-0.308867
audio11.TextGrid,13,3,old,54.320,54.500,JJ,7.9802,5.75,3,1.575436
audio11.TextGrid,13,4,man,54.500,54.720,NN,7.8041,5.82,3,1.475947
audio11.TextGrid,13,5,loved,54.720,54.920,VBD,9.7204,5.0,4,2.494803
audio11.TextGrid,13,6,to,54.920,54.990,TO,3.3747,7.43,2,-1.191400
audio11.TextGrid,13,7,see,54.990,55.140,VB,6.4218,6.1,2,0.400091
audio11.TextGrid,13,8,the,55.140,55.240,DT,2.3423,7.73,2,-1.895467
audio11.TextGrid,13,9,turtles,55.240,55.620,NNS,6.4508,3.72,6,-2.175684
audio11.TextGrid,13,10,eat,55.620,55.840,VBP,11.8201,5.13,2,4.736781
audio11.TextGrid,13,11,them,55.840,56.060,PRP,6.9093,6.19,3,0.986090
audio11.TextGrid,13,12,and,56.310,56.410,CC,4.2973,7.41,2,-0.290689
audio11.TextGrid,13,13,he,56.410,56.500,PRP,5.1708,6.69,2,-0.205188
audio11.TextGrid,13,14,loved,56.500,56.700,VBD,9.6273,5.0,4,2.401703
audio11.TextGrid,13,15,to,56.700,56.760,TO,3.3590,7.43,2,-1.207100
audio11.TextGrid,13,16,walk,56.760,57.090,VB,8.4828,5.08,3,1.344759
audio11.TextGrid,13,17,on,57.090,57.230,IN,5.0060,6.91,2,-0.129210
audio11.TextGrid,13,18,them,57.230,57.360,PRP,5.9561,6.19,3,0.032890
audio11.TextGrid,13,19,on,57.360,57.470,IN,4.2612,6.91,2,-0.874010
audio11.TextGrid,13,20,the,57.470,57.530,DT,1.7029,7.73,2,-2.534867
audio11.TextGrid,13,21,beach,57.530,57.880,NN,10.3514,4.92,3,3.038248
audio11.TextGrid,13,22,after,57.880,58.160,IN,7.4093,6.11,4,1.398535
audio11.TextGrid,13,23,a,58.160,58.200,DT,2.5818,7.36,1,-2.060911
audio11.TextGrid,13,24,storm,58.200,58.720,NN,10.2352,4.66,5,2.637493
audio11.TextGrid,13,25,and,58.720,58.860,CC,4.2622,7.41,3,-0.325789
audio11.TextGrid,13,26,hear,58.860,59.010,VB,10.5332,5.23,3,3.559325
audio11.TextGrid,13,27,them,59.010,59.160,PRP,6.5267,6.19,3,0.603490
audio11.TextGrid,13,28,pop,59.160,59.480,RB,10.1686,4.87,3,2.800726
audio11.TextGrid,13,29,when,59.590,59.740,WRB,7.6641,6.37,3,1.937890
audio11.TextGrid,13,30,he,59.740,59.860,PRP,4.6953,6.69,2,-0.680688
audio11.TextGrid,13,31,stepped,59.860,60.200,VBD,8.7782,4.2,5,0.677049
audio11.TextGrid,13,32,on,60.200,60.340,IN,4.5048,6.91,2,-0.630410
audio11.TextGrid,13,33,them,60.340,60.530,PRP,5.9378,6.19,3,0.014590
audio11.TextGrid,13,34,with,60.530,60.630,IN,4.4418,6.85,3,-0.759077
audio11.TextGrid,13,35,the,60.630,60.740,DT,1.6963,7.73,2,-2.541467
audio11.TextGrid,13,36,horny,60.740,61.070,NN,4.1364,3.79,5,-4.413473
audio11.TextGrid,13,37,soles,61.070,61.510,NNS,6.6709,3.18,4,-2.546583
audio11.TextGrid,13,38,of,61.510,61.620,IN,2.8051,7.4,2,-1.793833
audio11.TextGrid,13,39,his,61.620,61.810,PRP$,5.3070,6.51,3,-0.265988
audio11.TextGrid,13,40,feet,61.810,62.160,NNS,9.2133,4.99,3,1.976759
audio11.TextGrid,14,1,he,63.930,64.050,PRP,4.5353,6.69,2,-0.840688
audio11.TextGrid,14,2,loved,64.050,64.290,VBD,9.1280,5.0,4,1.902403
audio11.TextGrid,14,3,green,64.290,64.650,JJ,9.7688,5.13,4,2.685481
audio11.TextGrid,14,4,turtles,64.650,65.240,NNS,5.4360,3.72,6,-3.190484
audio11.TextGrid,14,5,and,65.240,65.370,CC,4.5858,7.41,2,-0.002189
audio11.TextGrid,14,6,hawk,65.370,65.600,NN,5.6740,3.81,3,-2.853984
audio11.TextGrid,14,7,bills,65.660,66.180,NNS,7.6724,4.52,4,-0.078530
audio11.TextGrid,14,8,with,66.180,66.320,IN,4.8081,6.85,3,-0.392777
audio11.TextGrid,14,9,their,66.320,66.520,PRP$,4.9238,6.33,3,-0.846187
audio11.TextGrid,14,10,elegance,66.520,66.990,NN,4.2576,3.42,7,-4.697217
audio11.TextGrid,14,11,and,66.990,67.110,CC,4.3895,7.41,3,-0.198489
audio11.TextGrid,14,12,speed,67.110,67.630,NN,10.4484,5.0,4,3.222803
audio11.TextGrid,14,13,and,67.630,67.740,CC,3.4503,7.41,2,-1.137689
audio11.TextGrid,14,14,their,67.740,67.890,PRP$,6.5883,6.33,3,0.818313
audio11.TextGrid,14,15,great,67.890,68.210,JJ,7.7961,5.88,4,1.533613
audio11.TextGrid,14,16,value,68.210,68.660,NN,7.0500,5.15,5,-0.011430
audio11.TextGrid,15,1,and,69.320,69.420,CC,3.7036,7.41,2,-0.884389
audio11.TextGrid,15,2,he,69.420,69.500,PRP,4.7461,6.69,2,-0.629888
audio11.TextGrid,15,3,had,69.500,69.630,VBD,4.6856,6.33,3,-1.084387
audio11.TextGrid,15,4,a,69.630,69.680,DT,3.3403,7.36,1,-1.302411
audio11.TextGrid,15,5,friendly,69.680,70.020,JJ,9.3400,4.64,6,1.720404
audio11.TextGrid,15,6,contempt,70.020,70.530,NN,3.9915,3.74,8,-4.613095
audio11.TextGrid,15,7,for,70.530,70.620,IN,4.0406,7.01,2,-0.985166
audio11.TextGrid,15,8,the,70.620,70.770,DT,1.6949,7.73,2,-2.542867
audio11.TextGrid,15,9,huge,70.770,71.110,JJ,8.0170,5.06,3,0.857070
audio11.TextGrid,15,10,stupid,71.110,71.530,JJ,9.9441,4.94,6,2.652837
audio11.TextGrid,15,11,loggerheads,71.530,72.340,NNS,5.6235,2.26,8,-4.600871
audio11.TextGrid,15,12,yellow,72.690,73.180,VBP,11.9221,4.69,4,4.357226
audio11.TextGrid,15,13,in,73.180,73.250,IN,4.3702,7.27,2,-0.371011
audio11.TextGrid,15,14,their,73.250,73.420,PRP$,4.9317,6.33,3,-0.838287
audio11.TextGrid,15,15,armour,73.420,73.690,NN,4.2575,3.75,4,-4.336151
audio11.TextGrid,15,16,plating,73.690,74.190,VBG,7.8371,3.14,6,-1.424161
audio11.TextGrid,15,17,strange,74.310,74.920,NN,5.5740,4.64,6,-2.045596
audio11.TextGrid,15,18,in,74.920,75.010,IN,3.2960,7.27,2,-1.445211
audio11.TextGrid,15,19,their,75.010,75.130,PRP$,4.9297,6.33,3,-0.840287
audio11.TextGrid,15,20,love,75.130,75.350,NN,4.2573,5.82,3,-2.070853
audio11.TextGrid,15,21,making,75.350,75.810,NN,8.5080,5.54,5,1.873402
audio11.TextGrid,16,1,and,76.250,76.390,CC,3.7036,7.41,2,-0.884389
audio11.TextGrid,16,2,happily,76.390,76.850,RB,4.1645,4.11,6,-4.035151
audio11.TextGrid,16,3,eating,76.850,77.140,VBG,10.5813,4.85,4,3.191537
audio11.TextGrid,16,4,the,77.140,77.220,DT,2.3782,7.73,2,-1.859567
audio11.TextGrid,16,5,portuguese,77.220,77.860,JJ,5.0783,4.03,8,-3.208907
audio11.TextGrid,16,6,men,77.860,78.060,NNS,8.4459,5.51,3,1.778469
audio11.TextGrid,16,7,of,78.060,78.200,IN,3.0770,7.4,2,-1.521933
audio11.TextGrid,16,8,war,78.200,78.510,NN,9.2703,5.46,3,2.548147
audio11.TextGrid,16,9,with,78.510,78.670,IN,5.5654,6.85,3,0.364523
audio11.TextGrid,16,10,their,78.670,78.890,PRP$,4.9231,6.33,3,-0.846887
audio11.TextGrid,16,11,eyes,78.890,79.210,NNS,9.6187,5.21,2,2.622936
audio11.TextGrid,16,12,shut,79.210,79.610,VBP,10.4916,4.78,3,3.025226
audio11.TextGrid,17,1,he,80.880,81.020,PRP,4.5353,6.69,2,-0.840688
audio11.TextGrid,17,2,had,81.020,81.190,VBD,4.7197,6.33,3,-1.050287
audio11.TextGrid,17,3,no,81.190,81.340,DT,6.2819,6.35,2,0.533801
audio11.TextGrid,17,4,mysticism,81.340,82.010,NN,4.3310,3.07,10,-5.006872
audio11.TextGrid,17,5,about,82.010,82.340,IN,5.6280,6.4,4,-0.065376
audio11.TextGrid,17,6,turtles,82.340,82.890,NNS,6.8901,3.72,6,-1.736384
audio11.TextGrid,17,7,although,82.950,83.190,IN,7.4700,5.3,4,0.572736
audio11.TextGrid,17,8,he,83.190,83.250,PRP,4.4405,6.69,2,-0.935488
audio11.TextGrid,17,9,had,83.250,83.370,VBD,5.9993,6.33,3,0.229313
audio11.TextGrid,17,10,gone,83.370,83.640,VBN,10.2427,5.17,3,3.203159
audio11.TextGrid,17,11,in,83.640,83.740,IN,2.6894,7.27,2,-2.051811
audio11.TextGrid,17,12,turtle,83.740,84.060,NN,5.7788,3.91,5,-2.639740
audio11.TextGrid,17,13,boats,84.060,84.360,NNS,5.5636,4.25,4,-2.482829
audio11.TextGrid,17,14,for,84.360,84.480,IN,3.8624,7.01,2,-1.163366
audio11.TextGrid,17,15,many,84.480,84.700,JJ,6.5513,5.91,4,0.321646
audio11.TextGrid,17,16,years,84.700,85.220,NNS,4.9143,5.96,3,-1.260631
audio11.TextGrid,18,1,he,85.880,85.980,PRP,4.5353,6.69,2,-0.840688
audio11.TextGrid,18,2,was,85.980,86.130,VBD,3.9158,6.82,3,-1.317910
audio11.TextGrid,18,3,sorry,86.130,86.470,NN,11.5247,5.18,4,4.496103
audio11.TextGrid,18,4,for,86.470,86.640,IN,4.5731,7.01,3,-0.452666
audio11.TextGrid,18,5,them,86.640,86.800,PRP,5.9100,6.19,3,-0.013210
audio11.TextGrid,18,6,all,86.800,87.100,DT,7.5314,6.52,2,1.969357
audio11.TextGrid,18,7,even,87.380,87.630,RB,7.7856,5.99,4,1.643502
audio11.TextGrid,18,8,the,87.630,87.700,DT,3.6733,7.73,2,-0.564467
audio11.TextGrid,18,9,great,87.700,88.020,JJ,7.7334,5.88,4,1.470913
audio11.TextGrid,18,10,trunk,88.020,88.260,NN,4.2328,4.03,5,-4.054407
audio11.TextGrid,18,11,backs,88.280,88.680,NNS,7.0357,4.1,4,-1.174896
audio11.TextGrid,18,12,that,88.680,88.820,WDT,3.9224,7.01,3,-1.103366
audio11.TextGrid,18,13,were,88.820,88.950,VBD,6.7925,6.34,2,1.033457
audio11.TextGrid,18,14,as,88.950,89.080,RB,5.1994,6.77,2,-0.089032
audio11.TextGrid,18,15,long,89.080,89.360,RB,7.9137,5.81,3,1.574602
audio11.TextGrid,18,16,as,89.360,89.510,IN,5.2947,6.77,2,0.006268
audio11.TextGrid,18,17,the,89.510,89.620,DT,1.8648,7.73,2,-2.372967
audio11.TextGrid,18,18,skiff,89.620,90.050,NN,4.1383,2.63,4,-5.681127
audio11.TextGrid,18,19,and,90.050,90.190,CC,4.1373,7.41,3,-0.450689
audio11.TextGrid,18,20,weighed,90.190,90.400,VBD,10.7403,3.81,3,2.212316
audio11.TextGrid,18,21,a,90.400,90.460,DT,3.3185,7.36,1,-1.324211
audio11.TextGrid,18,22,ton,90.460,90.910,NN,8.4481,4.29,3,0.445449
audio11.TextGrid,19,1,most,91.550,91.780,JJS,7.1376,6.0,3,1.006446
audio11.TextGrid,19,2,people,91.780,92.130,NNS,6.5101,6.25,5,0.652557
audio11.TextGrid,19,3,are,92.130,92.190,VBP,4.0267,6.74,1,-1.294566
audio11.TextGrid,19,4,heartless,92.190,92.600,JJ,5.9210,3.33,7,-3.132317
audio11.TextGrid,19,5,about,92.600,92.860,IN,5.9708,6.4,4,0.277424
audio11.TextGrid,19,6,turtles,92.860,93.290,NNS,6.8703,3.72,6,-1.756184
audio11.TextGrid,20,1,because,93.720,94.020,IN,6.7432,6.03,5,0.644880
audio11.TextGrid,20,2,a,94.020,94.080,DT,2.6385,7.36,1,-2.004211
audio11.TextGrid,20,3,turtle,94.080,94.440,JJ,5.0722,3.91,5,-3.346340
audio11.TextGrid,20,4,s,94.440,94.490,JJ,5.1972,5.86,1,-1.087176
audio11.TextGrid,20,5,heart,94.490,94.750,NN,9.6276,5.31,4,2.741281
audio11.TextGrid,20,6,will,94.750,94.870,MD,5.6832,6.45,3,0.044546
audio11.TextGrid,20,7,beat,94.870,95.100,VB,7.8315,5.01,3,0.616848
audio11.TextGrid,20,8,for,95.100,95.290,IN,4.4202,7.01,3,-0.605566
audio11.TextGrid,20,9,hours,95.290,95.650,NNS,9.2896,5.4,3,2.501780
audio11.TextGrid,20,10,after,95.650,95.910,IN,6.0347,6.11,4,0.023935
audio11.TextGrid,20,11,he,95.910,96.030,PRP,4.4621,6.69,2,-0.913888
audio11.TextGrid,20,12,has,96.030,96.170,VBZ,5.4140,6.37,3,-0.312210
audio11.TextGrid,20,13,been,96.170,96.340,VBN,5.8969,6.27,3,0.061246
audio11.TextGrid,20,14,cut,96.340,96.560,VBN,8.7262,5.24,3,1.763270
audio11.TextGrid,20,15,up,96.560,96.740,RP,5.0331,6.39,2,-0.671221
audio11.TextGrid,20,16,and,96.740,96.810,CC,3.9735,7.41,2,-0.614489
audio11.TextGrid,20,17,butchered,96.810,97.300,VBD,3.7243,3.01,5,-5.679239
audio11.TextGrid,21,1,but,98.230,98.400,CC,5.3198,6.63,3,-0.121855
audio11.TextGrid,21,2,the,98.420,98.560,DT,2.0364,7.73,2,-2.201367
audio11.TextGrid,21,3,old,98.560,98.770,JJ,7.3360,5.75,3,0.931236
audio11.TextGrid,21,4,man,98.770,98.990,NN,7.6917,5.82,3,1.363547
audio11.TextGrid,21,5,thought,98.990,99.350,VBD,8.0503,5.59,3,1.470425
audio11.TextGrid,22,1,i,99.830,100.030,NNS,5.5144,7.09,1,0.576189
audio11.TextGrid,22,2,have,100.030,100.180,VBP,4.0795,6.71,3,-1.274599
audio11.TextGrid,22,3,such,100.180,100.410,PDT,6.8332,5.84,3,0.526935
audio11.TextGrid,22,4,a,100.410,100.470,DT,4.7380,7.36,1,0.095289
audio11.TextGrid,22,5,heart,100.470,100.690,NN,9.6485,5.31,4,2.762181
audio11.TextGrid,22,6,too,100.710,101.020,RB,8.4528,5.95,2,2.266924
audio11.TextGrid,22,7,and,101.020,101.190,CC,3.5142,7.41,3,-1.073789
audio11.TextGrid,22,8,my,101.220,101.420,PRP$,9.0327,6.57,2,3.525379
audio11.TextGrid,22,9,feet,101.420,101.680,NNS,9.2133,4.99,3,1.976759
audio11.TextGrid,22,10,and,101.680,101.810,CC,4.3853,7.41,2,-0.202689
audio11.TextGrid,22,11,hands,101.810,102.180,NNS,9.4300,5.16,4,2.379514
audio11.TextGrid,22,12,are,102.180,102.260,VBP,4.5875,6.74,1,-0.733766
audio11.TextGrid,22,13,like,102.260,102.510,IN,6.9991,6.41,3,1.316668
audio11.TextGrid,23,1,theirs,102.510,103.010,NN,5.9246,3.96,4,-2.439218
audio11.TextGrid,23,2,he,103.920,104.080,PRP,7.2668,6.69,2,1.890812
audio11.TextGrid,23,3,ate,104.080,104.200,VBD,3.5781,4.34,2,-4.369829
audio11.TextGrid,23,4,the,104.200,104.330,DT,2.4636,7.73,2,-1.774167
audio11.TextGrid,23,5,white,104.330,104.620,JJ,7.9603,5.51,3,1.292869
audio11.TextGrid,23,6,eggs,104.620,104.960,NNS,6.7317,4.5,3,-1.041118
audio11.TextGrid,23,7,to,104.960,105.060,TO,3.3870,7.43,2,-1.179100
audio11.TextGrid,23,8,give,105.060,105.230,VB,7.2224,5.71,3,0.773858
audio11.TextGrid,23,9,himself,105.230,105.600,PRP,8.6590,5.25,7,1.707014
audio11.TextGrid,23,10,strength,105.600,105.990,NN,10.8516,4.8,7,3.407115
audio11.TextGrid,24,1,he,106.530,106.690,PRP,4.5353,6.69,2,-0.840688
audio11.TextGrid,24,2,ate,106.690,106.790,VB,3.9158,4.34,2,-4.032129
audio11.TextGrid,24,3,them,106.790,106.950,PRP,6.5024,6.19,3,0.579190
audio11.TextGrid,24,4,all,106.950,107.120,DT,7.5366,6.52,2,1.974557
audio11.TextGrid,24,5,through,107.120,107.350,IN,8.7159,5.87,3,2.442469
audio11.TextGrid,24,6,may,107.350,107.640,MD,8.0776,5.98,2,1.924557
audio11.TextGrid,24,7,to,107.640,107.750,TO,4.0073,7.43,2,-0.558800
audio11.TextGrid,24,8,be,107.750,107.910,VB,4.1061,6.79,2,-1.160444
audio11.TextGrid,24,9,strong,107.910,108.340,JJ,8.1866,5.22,5,1.201781
audio11.TextGrid,24,10,in,108.340,108.490,IN,3.7739,7.27,2,-0.967311
audio11.TextGrid,24,11,september,108.490,109.050,NN,7.2679,5.15,8,0.206470
audio11.TextGrid,24,12,and,109.050,109.160,CC,3.8884,7.41,3,-0.699589
audio11.TextGrid,24,13,october,109.160,109.780,NN,6.6985,5.11,6,-0.406708
audio11.TextGrid,24,14,for,109.780,109.920,IN,4.2725,7.01,2,-0.753266
audio11.TextGrid,24,15,the,109.920,110.030,DT,1.7006,7.73,2,-2.537167
audio11.TextGrid,24,16,truly,110.030,110.400,NN,4.1356,4.87,5,-3.232274
audio11.TextGrid,24,17,big,110.400,110.700,JJ,7.6660,5.67,3,1.173680
audio11.TextGrid,24,18,fish,110.700,111.010,NN,4.4779,4.9,3,-2.857141
audio11.TextGrid,25,1,he,112.940,113.050,PRP,4.5353,6.69,2,-0.840688
audio11.TextGrid,25,2,also,113.050,113.290,RB,6.6174,6.19,4,0.694190
audio11.TextGrid,25,3,drank,113.290,113.610,VBD,4.0428,3.95,5,-4.331962
audio11.TextGrid,25,4,a,113.610,113.670,DT,3.3662,7.36,1,-1.276511
audio11.TextGrid,25,5,cup,113.670,113.930,NN,4.1408,5.11,3,-2.964408
audio11.TextGrid,25,6,of,113.930,114.050,IN,3.1644,7.4,2,-1.434533
audio11.TextGrid,25,7,shark,114.050,114.430,NN,5.7911,4.1,4,-2.419496
audio11.TextGrid,25,8,liver,114.430,114.690,NN,5.2339,4.18,4,-2.889140
audio11.TextGrid,25,9,oil,114.690,115.070,NN,8.6171,5.1,2,1.500947
audio11.TextGrid,25,10,each,115.070,115.310,DT,8.7546,5.69,2,2.284169
audio11.TextGrid,25,11,day,115.310,115.570,NN,7.0844,5.95,2,0.898524
audio11.TextGrid,25,12,from,115.570,115.770,IN,4.9000,6.63,4,-0.541655
audio11.TextGrid,25,13,the,115.770,115.830,DT,1.7012,7.73,2,-2.536567
audio11.TextGrid,25,14,big,115.830,116.050,JJ,6.5812,5.67,3,0.088880
audio11.TextGrid,25,15,drum,116.050,116.350,NN,4.3001,4.11,4,-3.899551
audio11.TextGrid,25,16,in,116.350,116.440,IN,3.2884,7.27,2,-1.452811
audio11.TextGrid,25,17,the,116.440,116.500,DT,1.6952,7.73,2,-2.542567
audio11.TextGrid,25,18,shack,116.500,116.910,NN,4.1359,3.43,3,-4.807973
audio11.TextGrid,25,19,where,116.910,117.030,WRB,7.2912,6.0,3,1.160046
audio11.TextGrid,25,20,many,117.030,117.270,JJ,6.3141,5.91,4,0.084446
audio11.TextGrid,25,21,of,117.270,117.340,IN,4.2687,7.4,2,-0.330233
audio11.TextGrid,25,22,the,117.340,117.430,DT,1.7089,7.73,2,-2.528867
audio11.TextGrid,25,23,fishermen,117.430,117.820,NNS,6.4372,3.65,7,-2.265895
audio11.TextGrid,25,24,kept,117.820,118.090,VBD,9.4452,5.0,4,2.219603
audio11.TextGrid,25,25,their,118.090,118.200,PRP$,5.8950,6.33,3,0.125013
audio11.TextGrid,25,26,gear,118.200,118.610,NN,4.2401,4.46,3,-3.576496
audio11.TextGrid,26,1,it,119.300,119.430,PRP,3.8912,6.95,2,-1.200233
audio11.TextGrid,26,2,was,119.430,119.640,VBD,3.9158,6.82,3,-1.317910
audio11.TextGrid,26,3,there,119.640,119.830,RB,6.2307,6.31,3,0.438824
audio11.TextGrid,26,4,for,119.830,120.040,IN,4.0126,7.01,3,-1.013166
audio11.TextGrid,26,5,all,120.040,120.210,DT,5.4383,6.52,2,-0.123743
audio11.TextGrid,26,6,fishermen,120.210,120.650,NNS,6.5332,3.65,7,-2.169895
audio11.TextGrid,26,7,who,120.650,120.720,WP,5.8963,6.34,2,0.137257
audio11.TextGrid,26,8,wanted,120.720,121.130,VBD,8.3635,5.36,6,1.531903
audio11.TextGrid,26,9,it,121.130,121.300,PRP,4.5031,6.95,2,-0.588333
audio11.TextGrid,27,1,most,121.940,122.200,JJS,7.1376,6.0,4,1.006446
audio11.TextGrid,27,2,fishermen,122.200,122.640,NNS,5.8801,3.65,7,-2.822995
audio11.TextGrid,27,3,hated,122.640,122.910,VBD,3.4294,4.2,5,-4.671751
audio11.TextGrid,27,4,the,122.910,123.000,DT,2.4670,7.73,2,-1.770767
audio11.TextGrid,27,5,taste,123.000,123.500,NN,10.2397,4.73,4,2.718604
audio11.TextGrid,28,1,but,124.130,124.250,CC,5.3198,6.63,3,-0.121855
audio11.TextGrid,28,2,it,124.250,124.310,PRP,4.1006,6.95,2,-0.990833
audio11.TextGrid,28,3,was,124.310,124.430,VBD,3.8833,6.82,3,-1.350410
audio11.TextGrid,28,4,no,124.430,124.580,DT,6.2669,6.35,2,0.518801
audio11.TextGrid,28,5,worse,124.580,124.830,JJR,10.0120,4.89,3,2.666014
audio11.TextGrid,28,6,than,124.830,125.010,IN,6.0914,6.13,3,0.102524
audio11.TextGrid,28,7,getting,125.010,125.270,VBG,9.5234,5.57,5,2.921636
audio11.TextGrid,28,8,up,125.270,125.410,RP,4.9995,6.39,2,-0.704821
audio11.TextGrid,28,9,at,125.410,125.470,IN,4.9818,6.7,2,-0.383244
audio11.TextGrid,28,10,the,125.470,125.630,DT,1.6938,7.73,2,-2.543967
audio11.TextGrid,28,11,hours,125.630,125.980,NNS,8.8897,5.4,3,2.101880
audio11.TextGrid,28,12,that,125.980,126.130,IN,4.1344,7.01,3,-0.891366
audio11.TextGrid,28,13,they,126.130,126.260,PRP,4.8953,6.5,2,-0.688632
audio11.TextGrid,28,14,rose,126.260,126.810,VBD,7.0578,4.82,3,-0.364797
audio11.TextGrid,28,15,and,126.810,126.900,CC,3.9010,7.41,3,-0.686989
audio11.TextGrid,28,16,it,126.900,126.960,PRP,5.7143,6.95,2,0.622867
audio11.TextGrid,28,17,was,126.960,127.140,VBD,4.5853,6.82,3,-0.648410
audio11.TextGrid,28,18,very,127.140,127.390,RB,7.0105,6.0,4,0.879346
audio11.TextGrid,28,19,good,127.390,127.590,JJ,7.3598,6.12,3,1.359979
audio11.TextGrid,28,20,against,127.590,127.930,IN,7.1727,5.68,6,0.691325
audio11.TextGrid,28,21,all,127.930,128.110,DT,5.4558,6.52,2,-0.106243
audio11.TextGrid,28,22,colds,128.110,128.570,NNS,6.5003,2.97,5,-2.947016
audio11.TextGrid,28,23,and,128.570,128.710,CC,3.9522,7.41,3,-0.635789
audio11.TextGrid,28,24,grippes,128.710,129.140,NNS,6.6281,0.0,5,-6.069712
audio11.TextGrid,29,1,and,129.690,129.820,CC,3.7036,7.41,2,-0.884389
audio11.TextGrid,29,2,it,129.820,129.930,PRP,4.1020,6.95,2,-0.989433
audio11.TextGrid,29,3,was,129.930,130.050,VBD,3.8816,6.82,3,-1.352110
audio11.TextGrid,29,4,good,130.050,130.240,JJ,7.8160,6.12,3,1.816179
audio11.TextGrid,29,5,for,130.240,130.360,IN,4.5708,7.01,2,-0.454966
audio11.TextGrid,29,6,the,130.360,130.530,DT,1.6996,7.73,2,-2.538167
audio11.TextGrid,29,7,eyes,130.530,130.990,NNS,10.4949,5.21,2,3.499136
audio11.TextGrid,30,1,now,132.320,132.550,RB,6.7634,6.18,2,0.829246
audio11.TextGrid,30,2,the,132.550,132.670,DT,2.5625,7.73,2,-1.675267
audio11.TextGrid,30,3,old,132.670,132.890,JJ,7.3464,5.75,3,0.941636
audio11.TextGrid,30,4,man,132.890,133.090,NN,7.7268,5.82,3,1.398647
audio11.TextGrid,30,5,looked,133.090,133.330,VBD,10.1977,5.11,4,3.092492
audio11.TextGrid,30,6,up,133.330,133.570,RB,5.0393,6.39,2,-0.665021
audio11.TextGrid,30,7,and,133.570,133.690,CC,4.3317,7.41,3,-0.256289
audio11.TextGrid,30,8,saw,133.690,133.870,VBD,8.5299,5.34,2,1.676414
audio11.TextGrid,30,9,that,133.870,134.000,IN,4.2222,7.01,3,-0.803566
audio11.TextGrid,30,10,the,134.000,134.080,DT,2.3391,7.73,2,-1.898667
audio11.TextGrid,30,11,bird,134.080,134.380,NN,4.1398,4.63,3,-3.490741
audio11.TextGrid,30,12,was,134.380,134.470,VBD,5.2474,6.82,3,0.013690
audio11.TextGrid,30,13,circling,134.470,134.890,VBG,7.4737,3.33,6,-1.579617
audio11.TextGrid,30,14,again,134.890,135.230,RB,7.9734,5.7,4,1.513913
audio11.TextGrid,31,1,he,136.890,137.030,PRP,4.5353,6.69,2,-0.840688
audio11.TextGrid,31,2,s,137.030,137.100,VBZ,3.3590,5.86,1,-2.925376
audio11.TextGrid,31,3,found,137.100,137.430,VBD,7.7515,5.68,4,1.270125
audio11.TextGrid,31,4,fish,137.430,137.850,NN,6.6214,4.9,3,-0.713641
audio11.TextGrid,31,5,he,138.110,138.240,PRP,7.0630,6.69,2,1.687012
audio11.TextGrid,31,6,said,138.240,138.440,VBD,4.3873,6.01,3,-1.732909
audio11.TextGrid,31,7,aloud,138.440,138.890,NN,6.5184,3.51,4,-2.337917
audio11.TextGrid,32,1,no,139.730,139.910,DT,5.7679,6.35,2,0.019801
audio11.TextGrid,32,2,flying,139.910,140.370,VBG,8.4462,4.71,5,0.903215
audio11.TextGrid,32,3,fish,140.370,140.660,JJ,5.8180,4.9,3,-1.517041
audio11.TextGrid,32,4,broke,140.660,140.960,VBD,12.9576,4.85,4,5.567837
audio11.TextGrid,32,5,the,140.960,141.040,DT,2.4604,7.73,2,-1.777367
audio11.TextGrid,32,6,surface,141.040,141.550,NN,4.1396,4.83,5,-3.272052
audio11.TextGrid,32,7,and,141.550,141.650,CC,4.4759,7.41,2,-0.112089
audio11.TextGrid,32,8,there,141.650,141.760,EX,6.2494,6.31,3,0.457524
audio11.TextGrid,32,9,was,141.760,141.910,VBD,4.5489,6.82,3,-0.684810
audio11.TextGrid,32,10,no,141.910,142.060,DT,6.2580,6.35,2,0.509901
audio11.TextGrid,32,11,scattering,142.060,142.530,NN,4.3302,3.4,7,-4.646506
audio11.TextGrid,32,12,of,142.530,142.600,IN,3.1327,7.4,2,-1.466233
audio11.TextGrid,32,13,bait,142.600,142.890,NN,5.7919,3.85,3,-2.692306
audio11.TextGrid,32,14,fish,142.890,143.190,NN,5.2201,4.9,3,-2.114941
audio11.TextGrid,33,1,but,143.850,143.970,CC,5.3198,6.63,3,-0.121855
audio11.TextGrid,33,2,as,143.970,144.140,IN,5.3266,6.77,2,0.038168
audio11.TextGrid,33,3,the,144.140,144.240,DT,2.4350,7.73,2,-1.802767
audio11.TextGrid,33,4,old,144.240,144.490,JJ,7.3433,5.75,3,0.938536
audio11.TextGrid,33,5,man,144.490,144.730,NN,7.7156,5.82,3,1.387447
audio11.TextGrid,33,6,watched,144.730,145.180,VBD,10.6978,4.72,4,3.165759
audio11.TextGrid,33,7,a,145.520,145.600,DT,3.8978,7.36,1,-0.744911
audio11.TextGrid,33,8,small,145.600,145.900,JJ,6.8901,5.51,4,0.222669
audio11.TextGrid,33,9,tuna,145.900,146.320,NN,3.9798,3.64,4,-4.734239
audio11.TextGrid,33,10,rose,146.320,146.650,VBD,7.5191,4.82,3,0.096503
audio11.TextGrid,33,11,in,146.650,146.740,IN,3.6815,7.27,2,-1.059711
audio11.TextGrid,33,12,the,146.740,146.950,DT,1.7628,7.73,2,-2.474967
audio11.TextGrid,33,13,air,146.950,147.200,NN,8.6949,5.37,2,1.874247
audio11.TextGrid,33,14,turned,147.200,147.790,VBD,9.5573,5.09,4,2.430203
audio11.TextGrid,33,15,and,147.790,147.940,CC,3.9280,7.41,2,-0.659989
audio11.TextGrid,33,16,dropped,147.940,148.240,VBD,7.3645,4.73,5,-0.156596
audio11.TextGrid,33,17,head,148.240,148.430,NN,9.8313,5.51,3,3.163869
audio11.TextGrid,33,18,first,148.430,148.750,RB,6.9673,6.11,4,0.956535
audio11.TextGrid,33,19,into,148.750,148.910,IN,7.0972,6.11,4,1.086435
audio11.TextGrid,33,20,the,148.910,148.980,DT,1.7056,7.73,2,-2.532167
audio11.TextGrid,33,21,water,148.980,149.440,NN,8.3719,5.52,4,1.715414
audio11.TextGrid,33,22,the,150.130,150.220,DT,3.7777,7.73,2,-0.460067
audio11.TextGrid,33,23,tuna,150.220,150.500,NN,4.1431,3.64,4,-4.570939
audio11.TextGrid,33,24,shone,150.500,150.830,NN,5.3638,3.23,3,-3.798961
audio11.TextGrid,33,25,silver,150.830,151.280,NN,10.4837,4.81,5,3.050159
audio11.TextGrid,33,26,in,151.280,151.360,IN,3.3265,7.27,2,-1.414711
audio11.TextGrid,33,27,the,151.360,151.440,DT,1.7076,7.73,2,-2.530167
audio11.TextGrid,33,28,sun,151.440,151.880,NN,10.3503,4.97,3,3.091870
audio11.TextGrid,34,1,and,152.360,152.500,CC,3.7036,7.41,3,-0.884389
audio11.TextGrid,34,2,after,152.500,152.770,IN,7.3330,6.11,4,1.322235
audio11.TextGrid,34,3,he,152.770,152.830,PRP,4.7283,6.69,2,-0.647688
audio11.TextGrid,34,4,had,152.830,152.940,VBD,5.3508,6.33,3,-0.419187
audio11.TextGrid,34,5,dropped,152.940,153.220,VBN,8.7993,4.73,5,1.278204
audio11.TextGrid,34,6,back,153.220,153.430,RB,7.0207,6.04,3,0.933324
audio11.TextGrid,34,7,into,153.430,153.600,IN,6.4139,6.11,4,0.403135
audio11.TextGrid,34,8,the,153.600,153.680,DT,1.7075,7.73,2,-2.530267
audio11.TextGrid,34,9,water,153.680,154.040,NN,8.3738,5.52,4,1.717314
audio11.TextGrid,34,10,another,154.040,154.440,DT,8.2664,5.74,5,1.850691
audio11.TextGrid,34,11,and,154.440,154.590,CC,3.3901,7.41,3,-1.197889
audio11.TextGrid,34,12,another,154.590,154.980,DT,6.8263,5.74,5,0.410591
audio11.TextGrid,34,13,rose,154.980,155.370,VBD,9.8178,4.82,3,2.395203
audio11.TextGrid,34,14,and,155.710,155.790,CC,3.9334,7.41,2,-0.654589
audio11.TextGrid,34,15,they,155.790,155.870,PRP,6.2547,6.5,2,0.670768
audio11.TextGrid,34,16,were,155.870,156.000,VBD,5.2014,6.34,2,-0.557643
audio11.TextGrid,34,17,jumping,156.000,156.390,VBG,11.1720,4.23,6,3.103682
audio11.TextGrid,34,18,in,156.390,156.470,IN,3.4472,7.27,2,-1.294011
audio11.TextGrid,34,19,all,156.470,156.620,DT,5.4649,6.52,2,-0.097143
audio11.TextGrid,34,20,directions,156.620,157.400,NNS,6.5496,4.23,9,-1.518718
audio11.TextGrid,34,21,churning,157.400,157.820,VBG,7.7834,3.12,5,-1.499750
audio11.TextGrid,34,22,the,157.820,157.880,DT,2.2412,7.73,2,-1.996567
audio11.TextGrid,34,23,water,157.880,158.280,NN,8.3731,5.52,4,1.716614
audio11.TextGrid,34,24,and,158.280,158.430,CC,4.0718,7.41,3,-0.516189
audio11.TextGrid,34,25,leaping,158.430,158.770,NN,5.5984,3.23,5,-3.564361
audio11.TextGrid,34,26,in,158.770,158.850,IN,3.6095,7.27,2,-1.131711
audio11.TextGrid,34,27,long,158.850,159.190,JJ,8.0655,5.81,3,1.726402
audio11.TextGrid,34,28,jumps,159.190,159.560,NNS,9.9551,3.86,5,1.481838
audio11.TextGrid,34,29,after,159.560,159.790,IN,6.0892,6.11,4,0.078435
audio11.TextGrid,34,30,the,159.790,159.880,DT,1.7034,7.73,2,-2.534367
audio11.TextGrid,34,31,bait,159.880,160.230,NN,4.1364,3.85,3,-4.347806
audio11.TextGrid,35,1,they,161.040,161.130,PRP,4.6769,6.5,2,-0.907032
audio11.TextGrid,35,2,were,161.130,161.280,VBD,4.5379,6.34,2,-1.221143
audio11.TextGrid,35,3,circling,161.280,161.750,VBG,7.5415,3.33,6,-1.511817
audio11.TextGrid,35,4,it,161.750,161.930,PRP,4.3468,6.95,2,-0.744633
audio11.TextGrid,35,5,and,161.930,162.040,CC,4.4745,7.41,2,-0.113489
audio11.TextGrid,35,6,driving,162.040,162.490,VBG,10.0196,4.9,6,2.684559
audio11.TextGrid,35,7,it,162.490,162.660,PRP,4.4373,6.95,2,-0.654133
audio11.TextGrid,36,1,if,164.270,164.390,IN,6.7770,6.47,2,1.160235
audio11.TextGrid,36,2,they,164.390,164.500,PRP,4.6467,6.5,2,-0.937232
audio11.TextGrid,36,3,don,164.500,164.680,VBP,11.5770,4.6,3,3.913626
audio11.TextGrid,36,4,t,164.680,164.740,JJ,4.7413,5.43,1,-2.013686
audio11.TextGrid,36,5,travel,164.740,165.000,NN,9.2473,5.0,6,2.021703
audio11.TextGrid,36,6,too,165.000,165.220,RB,7.8273,5.95,2,1.641424
audio11.TextGrid,36,7,fast,165.220,165.690,JJ,9.5597,5.13,4,2.476381
audio11.TextGrid,36,8,i,165.690,165.790,NN,7.4645,7.09,1,2.526289
audio11.TextGrid,36,9,will,165.790,165.940,MD,5.0716,6.45,3,-0.567054
audio11.TextGrid,36,10,get,165.940,166.140,VB,5.7584,6.28,3,-0.066310
audio11.TextGrid,36,11,into,166.140,166.340,IN,6.7063,6.11,4,0.695535
audio11.TextGrid,36,12,them,166.340,166.550,PRP,5.9259,6.19,3,0.002690
audio11.TextGrid,36,13,the,166.550,166.650,DT,3.5563,7.73,2,-0.681467
audio11.TextGrid,36,14,old,166.650,166.870,JJ,7.3428,5.75,3,0.938036
audio11.TextGrid,36,15,man,166.870,167.100,NN,7.6961,5.82,3,1.367947
audio11.TextGrid,36,16,thought,167.100,167.440,VBD,8.7536,5.59,3,2.173725
audio11.TextGrid,37,1,and,167.960,168.050,CC,3.7036,7.41,2,-0.884389
audio11.TextGrid,37,2,he,168.050,168.120,PRP,4.7461,6.69,2,-0.629888
audio11.TextGrid,37,3,watched,168.120,168.510,VBD,9.9510,4.72,4,2.418959
audio11.TextGrid,37,4,the,168.510,168.610,DT,3.0236,7.73,2,-1.214167
audio11.TextGrid,37,5,school,168.610,169.020,NN,6.8993,5.71,4,0.450758
audio11.TextGrid,37,6,working,169.020,169.410,VBG,9.0164,5.45,5,2.283303
audio11.TextGrid,37,7,the,169.410,169.470,DT,2.7521,7.73,2,-1.485667
audio11.TextGrid,37,8,water,169.470,169.790,NN,8.3747,5.52,4,1.718214
audio11.TextGrid,37,9,white,169.790,170.220,JJ,8.9132,5.51,3,2.245769
audio11.TextGrid,37,10,and,170.590,170.660,CC,3.9055,7.41,2,-0.682489
audio11.TextGrid,37,11,the,170.660,170.750,DT,2.2654,7.73,2,-1.972367
audio11.TextGrid,37,12,bird,170.750,171.140,NN,4.1379,4.63,3,-3.492641
audio11.TextGrid,37,13,now,171.140,171.360,RB,7.4000,6.18,2,1.465846
audio11.TextGrid,37,14,dropping,171.360,171.840,VBG,7.5548,4.33,6,-0.404074
audio11.TextGrid,37,15,and,171.840,171.920,CC,4.0794,7.41,2,-0.508589
audio11.TextGrid,37,16,dipping,171.920,172.340,VBG,6.9144,3.48,5,-1.974750
audio11.TextGrid,37,17,into,172.340,172.490,IN,6.4813,6.11,4,0.470535
audio11.TextGrid,37,18,the,172.490,172.580,DT,1.7021,7.73,2,-2.535667
audio11.TextGrid,37,19,bait,172.580,172.840,NN,4.1383,3.85,3,-4.345906
audio11.TextGrid,37,20,fish,172.840,173.090,NN,5.4006,4.9,3,-1.934441
audio11.TextGrid,37,21,that,173.090,173.250,WDT,4.0559,7.01,3,-0.969866
audio11.TextGrid,37,22,were,173.250,173.340,VBD,6.6939,6.34,2,0.934857
audio11.TextGrid,37,23,forced,173.340,173.650,VBN,9.2563,4.83,5,1.844648
audio11.TextGrid,37,24,to,173.650,173.740,TO,2.8073,7.43,2,-1.758800
audio11.TextGrid,37,25,the,173.740,173.850,DT,2.4603,7.73,2,-1.777467
audio11.TextGrid,37,26,surface,173.850,174.260,NN,4.1360,4.83,5,-3.275652
audio11.TextGrid,37,27,in,174.260,174.350,IN,3.2187,7.27,2,-1.522511
audio11.TextGrid,37,28,their,174.350,174.480,PRP$,4.9345,6.33,3,-0.835487
audio11.TextGrid,37,29,panic,174.480,174.990,NN,9.6619,4.26,5,1.626415
audio12.TextGrid,1,1,the,1.220,1.310,DT,1.8241,7.73,2,-2.413667
audio12.TextGrid,1,2,bird,1.310,1.630,NN,4.1358,4.63,3,-3.494741
audio12.TextGrid,1,3,is,1.630,1.730,VBZ,3.6170,7.07,2,-1.343100
audio12.TextGrid,1,4,a,1.730,1.800,DT,3.5077,7.36,1,-1.135011
audio12.TextGrid,1,5,great,1.800,2.100,JJ,7.7282,5.88,4,1.465713
audio12.TextGrid,1,6,help,2.100,2.460,NN,8.6447,5.75,4,2.239936
audio12.TextGrid,1,7,the,2.790,2.920,DT,3.3167,7.73,2,-0.921067
audio12.TextGrid,1,8,old,2.920,3.120,JJ,7.3361,5.75,3,0.931336
audio12.TextGrid,1,9,man,3.120,3.390,NN,7.6945,5.82,3,1.366347
audio12.TextGrid,1,10,said,3.390,3.750,VBD,4.9432,6.01,3,-1.177009
audio12.TextGrid,2,1,just,4.710,4.930,RB,7.1407,6.43,3,1.480157
audio12.TextGrid,2,2,then,4.930,5.180,RB,6.6148,6.07,3,0.560257
audio12.TextGrid,2,3,the,5.180,5.300,DT,3.1369,7.73,2,-1.100867
audio12.TextGrid,2,4,stern,5.300,5.670,JJ,11.0960,3.9,4,2.666516
audio12.TextGrid,2,5,line,5.670,5.930,NN,8.6830,5.49,3,1.993680
audio12.TextGrid,2,6,came,5.930,6.200,VBD,7.4379,5.5,3,0.759525
audio12.TextGrid,2,7,taut,6.200,6.550,JJ,5.8346,2.91,3,-3.678383
audio12.TextGrid,2,8,under,6.550,6.760,IN,7.1654,5.73,4,0.738747
audio12.TextGrid,2,9,his,6.760,6.950,PRP$,5.3079,6.51,3,-0.265088
audio12.TextGrid,2,10,foot,6.950,7.250,NN,9.5651,4.87,3,2.197226
audio12.TextGrid,2,11,where,7.480,7.720,WRB,7.7004,6.0,4,1.569246
audio12.TextGrid,2,12,he,7.720,7.850,PRP,4.6698,6.69,2,-0.706188
audio12.TextGrid,2,13,had,7.850,7.970,VBD,4.7249,6.33,3,-1.045087
audio12.TextGrid,2,14,kept,7.970,8.130,VBN,9.3841,5.0,4,2.158503
audio12.TextGrid,2,15,a,8.130,8.180,DT,3.5227,7.36,1,-1.120011
audio12.TextGrid,2,16,loop,8.180,8.400,NN,4.1434,4.29,3,-3.859251
audio12.TextGrid,2,17,of,8.400,8.480,IN,2.9415,7.4,2,-1.657433
audio12.TextGrid,2,18,the,8.480,8.570,DT,1.6974,7.73,2,-2.540367
audio12.TextGrid,2,19,line,8.570,8.990,NN,7.6700,5.49,3,0.980680
audio12.TextGrid,2,20,and,9.240,9.360,CC,4.1787,7.41,2,-0.409289
audio12.TextGrid,2,21,he,9.360,9.450,PRP,5.0492,6.69,2,-0.326788
audio12.TextGrid,2,22,dropped,9.450,9.740,VBD,7.8381,4.73,5,0.317004
audio12.TextGrid,2,23,his,9.740,9.880,PRP$,6.0811,6.51,3,0.508112
audio12.TextGrid,2,24,oars,9.880,10.260,NNS,5.5719,3.01,3,-3.831639
audio12.TextGrid,2,25,and,10.260,10.410,CC,4.2305,7.41,3,-0.357489
audio12.TextGrid,2,26,felt,10.410,10.650,VBD,9.6402,5.13,4,2.556881
audio12.TextGrid,2,27,tile,10.650,10.750,JJ,5.8793,3.72,3,-2.747184
audio12.TextGrid,2,28,weight,10.750,10.970,NN,11.3096,5.02,3,4.105892
audio12.TextGrid,2,29,of,10.970,11.060,IN,3.1599,7.4,2,-1.439033
audio12.TextGrid,2,30,the,11.060,11.150,DT,1.6993,7.73,2,-2.538467
audio12.TextGrid,2,31,small,11.150,11.480,JJ,6.8953,5.51,4,0.227869
audio12.TextGrid,2,32,tuna,11.480,11.830,NN,3.9927,3.64,4,-4.721339
audio12.TextGrid,2,33,s,11.830,11.880,NN,5.8114,5.86,1,-0.472976
audio12.TextGrid,2,34,shivering,11.880,12.350,VBG,7.7149,3.14,6,-1.546361
audio12.TextGrid,2,35,pull,12.350,12.800,NN,11.6480,4.82,3,4.225403
audio12.TextGrid,2,36,as,12.800,12.890,IN,5.0116,6.77,2,-0.276832
audio12.TextGrid,2,37,he,12.890,13.010,PRP,4.6742,6.69,2,-0.701788
audio12.TextGrid,2,38,held,13.010,13.200,VBD,8.4045,5.24,4,1.441570
audio12.TextGrid,2,39,the,13.200,13.280,DT,2.9756,7.73,2,-1.262167
audio12.TextGrid,2,40,line,13.280,13.570,NN,7.6811,5.49,3,0.991780
audio12.TextGrid,2,41,firm,13.570,13.950,NN,7.8211,4.79,3,0.365670
audio12.TextGrid,2,42,and,13.950,14.070,CC,4.0435,7.41,3,-0.544489
audio12.TextGrid,2,43,commenced,14.070,14.460,VBD,4.6602,3.78,7,-3.900617
audio12.TextGrid,2,44,to,14.460,14.560,TO,3.3085,7.43,2,-1.257600
audio12.TextGrid,2,45,haul,14.560,14.790,VB,12.2799,3.88,3,3.828527
audio12.TextGrid,2,46,it,14.790,14.870,PRP,5.9636,6.95,2,0.872167
audio12.TextGrid,3,1,in,14.870,15.170,IN,4.1039,7.27,2,-0.637311
audio12.TextGrid,3,2,the,16.480,16.580,DT,1.7509,7.73,2,-2.486867
audio12.TextGrid,3,3,shivering,16.580,16.990,NN,4.1397,3.14,6,-5.121561
audio12.TextGrid,3,4,increased,16.990,17.460,VBD,8.4684,4.91,7,1.144303
audio12.TextGrid,3,5,as,17.460,17.580,IN,4.5164,6.77,2,-0.772032
audio12.TextGrid,3,6,he,17.580,17.670,PRP,4.5582,6.69,2,-0.817788
audio12.TextGrid,3,7,pulled,17.670,18.030,VBD,11.4849,4.67,4,3.898137
audio12.TextGrid,3,8,in,18.030,18.190,IN,3.6746,7.27,2,-1.066611
audio12.TextGrid,3,9,and,18.190,18.310,CC,4.8786,7.41,3,0.290611
audio12.TextGrid,3,10,he,18.620,18.750,PRP,5.0955,6.69,2,-0.280488
audio12.TextGrid,3,11,could,18.750,18.910,MD,5.0570,6.06,3,-1.008487
audio12.TextGrid,3,12,see,18.910,19.090,VB,6.2360,6.1,2,0.214291
audio12.TextGrid,3,13,the,19.090,19.190,DT,2.3089,7.73,2,-1.928867
audio12.TextGrid,3,14,blue,19.190,19.460,JJ,8.9791,5.13,3,1.895781
audio12.TextGrid,3,15,back,19.460,19.760,NN,8.8914,6.04,3,2.804024
audio12.TextGrid,3,16,of,19.760,19.840,IN,3.1908,7.4,2,-1.408133
audio12.TextGrid,3,17,the,19.840,19.950,DT,1.7177,7.73,2,-2.520067
audio12.TextGrid,3,18,fish,19.950,20.200,NN,4.1390,4.9,3,-3.196041
audio12.TextGrid,3,19,in,20.200,20.280,IN,3.3376,7.27,2,-1.403611
audio12.TextGrid,3,20,the,20.280,20.340,DT,1.7040,7.73,2,-2.533767
audio12.TextGrid,3,21,water,20.340,20.770,NN,8.3724,5.52,4,1.715914
audio12.TextGrid,3,22,and,20.770,20.860,CC,3.8071,7.41,2,-0.780889
audio12.TextGrid,3,23,the,20.860,20.940,DT,2.1527,7.73,2,-2.085067
audio12.TextGrid,3,24,gold,20.940,21.300,NN,7.9449,5.17,4,0.905359
audio12.TextGrid,3,25,of,21.300,21.410,IN,3.3872,7.4,2,-1.211733
audio12.TextGrid,3,26,his,21.410,21.560,PRP$,5.3078,6.51,3,-0.265188
audio12.TextGrid,3,27,sides,21.560,22.090,NNS,8.1146,4.73,4,0.593504
audio12.TextGrid,3,28,before,22.090,22.430,IN,6.7611,5.93,5,0.553335
audio12.TextGrid,3,29,he,22.430,22.550,PRP,4.4922,6.69,2,-0.883788
audio12.TextGrid,3,30,swung,22.550,22.910,VBD,4.3276,3.47,4,-4.572495
audio12.TextGrid,3,31,him,22.910,23.020,PRP,8.0993,6.11,2,2.088535
audio12.TextGrid,3,32,over,23.020,23.200,IN,6.1955,6.08,3,0.151902
audio12.TextGrid,3,33,the,23.200,23.300,DT,1.7407,7.73,2,-2.497067
audio12.TextGrid,3,34,side,23.300,23.700,NN,8.0391,5.5,3,1.360725
audio12.TextGrid,3,35,and,23.700,23.870,CC,4.0061,7.41,3,-0.581889
audio12.TextGrid,3,36,into,23.870,24.090,IN,7.2725,6.11,4,1.261735
audio12.TextGrid,3,37,the,24.090,24.170,DT,1.7861,7.73,2,-2.451667
audio12.TextGrid,3,38,boat,24.170,24.590,NN,4.1389,4.71,3,-3.404085
audio12.TextGrid,4,1,he,25.380,25.500,PRP,4.5353,6.69,2,-0.840688
audio12.TextGrid,4,2,lay,25.500,25.670,VBD,9.8211,4.64,2,2.201504
audio12.TextGrid,4,3,in,25.670,25.800,IN,3.7053,7.27,2,-1.035911
audio12.TextGrid,4,4,the,25.800,25.880,DT,1.7651,7.73,2,-2.472667
audio12.TextGrid,4,5,stern,25.880,26.320,NN,11.0494,3.9,4,2.619916
audio12.TextGrid,4,6,in,26.320,26.440,IN,4.2871,7.27,2,-0.454111
audio12.TextGrid,4,7,the,26.440,26.520,DT,1.7004,7.73,2,-2.537367
audio12.TextGrid,4,8,sun,26.520,26.890,NN,10.3510,4.97,3,3.092570
audio12.TextGrid,4,9,compact,27.120,27.670,NN,5.1724,4.06,7,-3.081973
audio12.TextGrid,4,10,and,27.670,27.750,CC,4.4331,7.41,2,-0.154889
audio12.TextGrid,4,11,bullet,27.750,28.140,NN,5.3026,4.24,5,-2.754774
audio12.TextGrid,4,12,shaped,28.140,28.580,VBD,5.2984,4.38,4,-2.605752
audio12.TextGrid,4,13,his,28.890,29.070,PRP$,6.0688,6.51,3,0.495812
audio12.TextGrid,4,14,big,29.070,29.390,JJ,6.6809,5.67,3,0.188580
audio12.TextGrid,4,15,unintelligent,29.390,30.090,JJ,5.2117,2.49,12,-4.760949
audio12.TextGrid,4,16,eyes,30.090,30.450,NNS,10.3573,5.21,2,3.361536
audio12.TextGrid,4,17,staring,30.450,30.970,VBG,7.4673,4.14,6,-0.699518
audio12.TextGrid,4,18,as,30.970,31.120,IN,4.8319,6.77,2,-0.456532
audio12.TextGrid,4,19,he,31.120,31.240,PRP,4.5762,6.69,2,-0.799788
audio12.TextGrid,4,20,thumped,31.240,31.570,VBD,5.0923,2.42,5,-4.956960
audio12.TextGrid,4,21,his,31.570,31.730,PRP$,6.0561,6.51,3,0.483112
audio12.TextGrid,4,22,life,31.730,32.000,NN,7.5798,5.89,3,1.328258
audio12.TextGrid,4,23,out,32.000,32.190,RP,6.8936,6.38,2,1.178335
audio12.TextGrid,4,24,against,32.190,32.480,IN,7.6937,5.68,6,1.212325
audio12.TextGrid,4,25,the,32.480,32.570,DT,1.7146,7.73,2,-2.523167
audio12.TextGrid,4,26,planking,32.570,33.000,NN,4.1392,2.5,7,-5.822505
audio12.TextGrid,4,27,of,33.000,33.080,IN,3.1059,7.4,2,-1.493033
audio12.TextGrid,4,28,the,33.080,33.170,DT,1.6988,7.73,2,-2.538967
audio12.TextGrid,4,29,boat,33.170,33.530,NN,4.1369,4.71,3,-3.406085
audio12.TextGrid,4,30,with,33.530,33.670,IN,4.8131,6.85,3,-0.387777
audio12.TextGrid,4,31,the,33.670,33.740,DT,1.6955,7.73,2,-2.542267
audio12.TextGrid,4,32,quick,33.740,34.010,JJ,9.6247,4.98,4,2.377214
audio12.TextGrid,4,33,shivering,34.010,34.430,NN,3.9923,3.14,6,-5.268961
audio12.TextGrid,4,34,strokes,34.430,34.840,NNS,7.1840,3.75,6,-1.409651
audio12.TextGrid,4,35,of,34.840,34.930,IN,2.8663,7.4,2,-1.732633
audio12.TextGrid,4,36,his,34.930,35.130,PRP$,5.3062,6.51,3,-0.266788
audio12.TextGrid,4,37,neat,35.130,35.390,NN,10.7484,3.99,3,2.417416
audio12.TextGrid,4,38,fast,35.390,35.720,RB,11.0631,5.13,4,3.979781
audio12.TextGrid,4,39,moving,35.720,36.070,VBG,10.6930,5.02,5,3.489292
audio12.TextGrid,4,40,tail,36.070,36.490,NN,4.7350,4.34,3,-3.212929
audio12.TextGrid,5,1,the,37.660,37.770,DT,1.8241,7.73,2,-2.413667
audio12.TextGrid,5,2,old,37.770,37.950,JJ,7.3292,5.75,3,0.924436
audio12.TextGrid,5,3,man,37.950,38.200,NN,7.6921,5.82,3,1.363947
audio12.TextGrid,5,4,hit,38.200,38.360,VBD,7.8311,5.37,3,1.010447
audio12.TextGrid,5,5,him,38.360,38.450,PRP,8.2822,6.11,2,2.271435
audio12.TextGrid,5,6,on,38.450,38.550,IN,4.4599,6.91,2,-0.675310
audio12.TextGrid,5,7,the,38.550,38.650,DT,1.6980,7.73,2,-2.539767
audio12.TextGrid,5,8,head,38.650,38.890,NN,7.8732,5.51,3,1.205769
audio12.TextGrid,5,9,for,38.890,38.980,IN,4.2468,7.01,2,-0.778966
audio12.TextGrid,5,10,kindness,38.980,39.590,NN,11.8913,4.0,7,3.571260
audio12.TextGrid,5,11,and,39.910,40.000,CC,4.3743,7.41,2,-0.213689
audio12.TextGrid,5,12,kicked,40.000,40.330,VBD,11.5238,4.38,4,3.619648
audio12.TextGrid,5,13,him,40.330,40.570,PRP,8.5314,6.11,3,2.520635
audio12.TextGrid,5,14,his,40.970,41.150,PRP$,7.4478,6.51,3,1.874812
audio12.TextGrid,5,15,body,41.150,41.500,NN,9.6634,5.4,4,2.875580
audio12.TextGrid,5,16,still,41.500,41.780,RB,7.6250,5.92,4,1.406291
audio12.TextGrid,5,17,shuddering,41.780,42.330,VBG,7.5213,2.62,6,-2.309071
audio12.TextGrid,5,18,under,42.510,42.710,IN,6.6117,5.73,4,0.185047
audio12.TextGrid,5,19,the,42.710,42.810,DT,1.7014,7.73,2,-2.536367
audio12.TextGrid,5,20,shade,42.810,43.100,NN,4.1380,4.16,3,-4.006929
audio12.TextGrid,5,21,of,43.100,43.180,IN,3.0613,7.4,2,-1.537633
audio12.TextGrid,5,22,the,43.180,43.270,DT,1.6970,7.73,2,-2.540767
audio12.TextGrid,5,23,stern,43.270,43.780,NN,11.0447,3.9,4,2.615216
audio12.TextGrid,6,1,albacore,45.520,46.200,NN,5.9246,2.23,7,-4.332604
audio12.TextGrid,6,2,he,46.520,46.640,PRP,7.2668,6.69,2,1.890812
audio12.TextGrid,6,3,said,46.640,46.830,VBD,3.5781,6.01,3,-2.542109
audio12.TextGrid,6,4,aloud,46.830,47.210,NN,6.5387,3.51,4,-2.317617
audio12.TextGrid,7,1,he,47.210,47.270,PRP,4.5353,6.69,2,-0.840688
audio12.TextGrid,7,2,ll,47.820,47.930,VBD,3.3819,4.66,2,-4.215807
audio12.TextGrid,7,3,make,47.930,48.130,VB,7.1053,6.08,3,1.061702
audio12.TextGrid,7,4,a,48.130,48.180,DT,3.1839,7.36,1,-1.458811
audio12.TextGrid,7,5,beautiful,48.180,48.610,JJ,9.3404,5.22,8,2.355581
audio12.TextGrid,7,6,bait,48.610,49.020,NN,3.9927,3.85,3,-4.491506
audio12.TextGrid,8,1,he,49.480,49.570,PRP,4.5353,6.69,2,-0.840688
audio12.TextGrid,8,2,ll,49.570,49.600,VBZ,3.3590,4.66,1,-4.238707
audio12.TextGrid,8,3,weigh,49.600,49.810,JJ,10.1565,3.99,2,1.825516
audio12.TextGrid,8,4,ten,49.810,50.100,CD,11.4848,5.05,3,4.313925
audio12.TextGrid,8,5,pounds,50.100,50.720,NNS,9.5342,4.53,5,1.794215
audio12.TextGrid,9,1,he,53.260,53.380,PRP,4.5353,6.69,2,-0.840688
audio12.TextGrid,9,2,did,53.380,53.500,VBD,5.6940,5.96,3,-0.480931
audio12.TextGrid,9,3,not,53.500,53.700,RB,5.4771,6.69,3,0.101112
audio12.TextGrid,9,4,remember,53.700,54.060,VB,10.3731,5.38,7,3.563392
audio12.TextGrid,9,5,when,54.060,54.420,WRB,6.7277,6.37,3,1.001490
audio12.TextGrid,9,6,he,54.420,54.580,PRP,4.7280,6.69,2,-0.647988
audio12.TextGrid,9,7,had,54.580,54.750,VBD,4.7251,6.33,3,-1.044887
audio12.TextGrid,9,8,first,54.750,55.150,RB,6.6857,6.11,4,0.674935
audio12.TextGrid,9,9,started,55.150,55.560,VBN,9.6820,5.39,7,2.883236
audio12.TextGrid,9,10,to,55.560,55.640,TO,3.0758,7.43,2,-1.490300
audio12.TextGrid,9,11,talk,55.640,55.920,VB,8.2780,5.42,3,1.512069
audio12.TextGrid,9,12,aloud,55.920,56.430,NN,6.3610,3.51,4,-2.495317
audio12.TextGrid,9,13,when,56.430,56.580,WRB,6.3092,6.37,3,0.582990
audio12.TextGrid,9,14,he,56.580,56.670,PRP,4.6788,6.69,2,-0.697188
audio12.TextGrid,9,15,was,56.670,56.830,VBD,3.9209,6.82,3,-1.312810
audio12.TextGrid,9,16,by,56.830,57.040,IN,5.0213,6.66,2,-0.387521
audio12.TextGrid,9,17,himself,57.040,57.540,PRP,8.0107,5.25,7,1.058714
audio12.TextGrid,10,1,he,58.260,58.380,PRP,4.5353,6.69,2,-0.840688
audio12.TextGrid,10,2,had,58.380,58.520,VBD,4.7197,6.33,3,-1.050287
audio12.TextGrid,10,3,sung,58.520,58.890,NN,6.5519,3.91,3,-1.866640
audio12.TextGrid,10,4,when,58.890,59.030,WRB,6.6985,6.37,3,0.972290
audio12.TextGrid,10,5,he,59.030,59.120,PRP,4.6839,6.69,2,-0.692088
audio12.TextGrid,10,6,was,59.120,59.270,VBD,3.9210,6.82,3,-1.312710
audio12.TextGrid,10,7,by,59.270,59.470,IN,5.0287,6.66,2,-0.380121
audio12.TextGrid,10,8,himself,59.470,59.900,PRP,8.0094,5.25,7,1.057414
audio12.TextGrid,10,9,in,59.900,59.970,IN,2.8986,7.27,2,-1.842611
audio12.TextGrid,10,10,the,59.970,60.090,DT,1.6972,7.73,2,-2.540567
audio12.TextGrid,10,11,old,60.090,60.280,JJ,7.3292,5.75,3,0.924436
audio12.TextGrid,10,12,days,60.280,60.690,NNS,6.5959,5.61,3,0.037913
audio12.TextGrid,10,13,and,60.690,60.800,CC,4.1591,7.41,2,-0.428889
audio12.TextGrid,10,14,he,60.800,60.880,PRP,5.0224,6.69,2,-0.353588
audio12.TextGrid,10,15,had,60.880,61.010,VBD,5.2058,6.33,3,-0.564187
audio12.TextGrid,10,16,sung,61.010,61.250,VBN,6.3361,3.91,3,-2.082440
audio12.TextGrid,10,17,at,61.250,61.400,IN,4.1075,6.7,2,-1.257544
audio12.TextGrid,10,18,night,61.400,61.660,NN,9.7961,5.61,3,3.238113
audio12.TextGrid,10,19,sometimes,61.660,62.300,RB,9.2756,5.28,7,2.356447
audio12.TextGrid,10,20,when,62.300,62.410,WRB,6.7796,6.37,3,1.053390
audio12.TextGrid,10,21,he,62.410,62.500,PRP,4.7087,6.69,2,-0.667288
audio12.TextGrid,10,22,was,62.500,62.650,VBD,3.9198,6.82,3,-1.313910
audio12.TextGrid,10,23,alone,62.650,63.060,RB,8.5847,5.16,4,1.534214
audio12.TextGrid,10,24,steering,63.060,63.540,VBG,7.2154,3.93,6,-1.181251
audio12.TextGrid,10,25,on,63.540,63.700,IN,4.5931,6.91,2,-0.542110
audio12.TextGrid,10,26,his,63.700,63.920,PRP$,5.3401,6.51,3,-0.232888
audio12.TextGrid,10,27,watch,63.920,64.300,NN,8.9644,5.34,3,2.110914
audio12.TextGrid,10,28,in,64.300,64.370,IN,3.2582,7.27,2,-1.483011
audio12.TextGrid,10,29,the,64.370,64.470,DT,1.7042,7.73,2,-2.533567
audio12.TextGrid,10,30,smacks,64.470,65.000,NNS,6.4483,3.03,5,-2.933350
audio12.TextGrid,10,31,or,65.000,65.120,CC,5.5723,6.54,2,0.032146
audio12.TextGrid,10,32,in,65.120,65.180,IN,3.9238,7.27,2,-0.817411
audio12.TextGrid,10,33,the,65.180,65.270,DT,1.8302,7.73,2,-2.407567
audio12.TextGrid,10,34,turtle,65.270,65.560,NN,4.1380,3.91,5,-4.280540
audio12.TextGrid,10,35,boats,65.560,66.000,NNS,6.6377,4.25,4,-1.408729
audio12.TextGrid,11,1,he,67.340,67.420,PRP,4.5353,6.69,2,-0.840688
audio12.TextGrid,11,2,had,67.420,67.540,VBD,4.7197,6.33,3,-1.050287
audio12.TextGrid,11,3,probably,67.540,68.010,RB,7.7129,5.37,8,0.892247
audio12.TextGrid,11,4,started,68.010,68.380,VBN,8.5288,5.39,7,1.730036
audio12.TextGrid,11,5,to,68.380,68.460,TO,3.1142,7.43,2,-1.451900
audio12.TextGrid,11,6,talk,68.460,68.800,VB,8.2640,5.42,3,1.498069
audio12.TextGrid,11,7,aloud,68.800,69.290,JJ,5.7581,3.51,4,-3.098217
audio12.TextGrid,11,8,when,69.290,69.400,WRB,7.1948,6.37,3,1.468590
audio12.TextGrid,11,9,alone,69.400,69.790,RB,8.9626,5.16,4,1.912114
audio12.TextGrid,11,10,when,69.830,69.980,WRB,7.3328,6.37,3,1.606590
audio12.TextGrid,11,11,the,69.980,70.050,DT,2.0813,7.73,2,-2.156467
audio12.TextGrid,11,12,boy,70.050,70.320,NN,10.2358,5.17,2,3.196259
audio12.TextGrid,11,13,had,70.320,70.490,VBD,4.9878,6.33,3,-0.782187
audio12.TextGrid,11,14,left,70.490,70.880,VBN,9.0187,5.62,4,2.471658
audio12.TextGrid,12,1,but,71.500,71.630,CC,5.3198,6.63,3,-0.121855
audio12.TextGrid,12,2,he,71.630,71.720,PRP,4.7447,6.69,2,-0.631288
audio12.TextGrid,12,3,did,71.720,71.870,VBD,5.6615,5.96,3,-0.513431
audio12.TextGrid,12,4,not,71.870,72.080,RB,5.4721,6.69,3,0.096112
audio12.TextGrid,12,5,remember,72.080,72.590,VB,10.3673,5.38,7,3.557592
audio12.TextGrid,13,1,when,73.340,73.480,WRB,6.5749,6.37,3,0.848690
audio12.TextGrid,13,2,he,73.480,73.660,PRP,4.6921,6.69,2,-0.683888
audio12.TextGrid,13,3,and,73.660,73.740,CC,4.6779,7.41,2,0.089911
audio12.TextGrid,13,4,the,73.740,73.810,DT,2.0109,7.73,2,-2.226867
audio12.TextGrid,13,5,boy,73.810,74.080,NN,10.2361,5.17,2,3.196559
audio12.TextGrid,13,6,fished,74.080,74.360,VBN,5.3226,3.08,4,-4.004328
audio12.TextGrid,13,7,together,74.360,74.770,RB,7.9655,5.46,6,1.243347
audio12.TextGrid,13,8,they,74.770,74.900,PRP,5.5484,6.5,2,-0.035532
audio12.TextGrid,13,9,usually,74.900,75.440,RB,8.4022,5.15,6,1.340770
audio12.TextGrid,13,10,spoke,75.440,75.790,VBD,10.0613,4.61,4,2.408870
audio12.TextGrid,13,11,only,75.790,76.030,RB,6.0529,6.12,4,0.053079
audio12.TextGrid,13,12,when,76.030,76.190,WRB,6.7798,6.37,3,1.053590
audio12.TextGrid,13,13,it,76.190,76.310,PRP,4.0141,6.95,2,-1.077333
audio12.TextGrid,13,14,was,76.310,76.450,VBD,3.9205,6.82,3,-1.313210
audio12.TextGrid,13,15,necessary,76.450,77.120,JJ,9.1892,4.91,8,1.865103
audio12.TextGrid,14,1,they,78.160,78.270,PRP,4.6769,6.5,2,-0.907032
audio12.TextGrid,14,2,talked,78.270,78.590,VBD,9.9807,4.62,4,2.339215
audio12.TextGrid,14,3,at,78.590,78.720,IN,4.2184,6.7,2,-1.146644
audio12.TextGrid,14,4,night,78.720,79.130,NN,9.7954,5.61,3,3.237413
audio12.TextGrid,14,5,or,79.130,79.240,CC,6.1226,6.54,2,0.582446
audio12.TextGrid,14,6,when,79.240,79.400,WRB,7.6781,6.37,3,1.951890
audio12.TextGrid,14,7,they,79.400,79.480,PRP,4.8567,6.5,2,-0.727232
audio12.TextGrid,14,8,were,79.480,79.610,VBD,4.5437,6.34,2,-1.215343
audio12.TextGrid,14,9,storm,79.610,80.000,VBN,12.5032,4.66,5,4.905493
audio12.TextGrid,14,10,bound,80.000,80.350,VBN,6.2312,4.46,4,-1.585396
audio12.TextGrid,14,11,by,80.350,80.540,IN,4.1776,6.66,2,-1.231221
audio12.TextGrid,14,12,bad,80.540,80.820,JJ,8.5030,5.53,3,1.857458
audio12.TextGrid,14,13,weather,80.820,81.190,NN,9.9745,4.87,4,2.606626
audio12.TextGrid,15,1,it,81.820,81.920,PRP,3.8912,6.95,2,-1.200233
audio12.TextGrid,15,2,was,81.920,82.090,VBD,3.9158,6.82,3,-1.317910
audio12.TextGrid,15,3,considered,82.090,82.550,VBN,9.1950,5.08,8,2.056959
audio12.TextGrid,15,4,a,82.550,82.600,DT,4.0109,7.36,1,-0.631811
audio12.TextGrid,15,5,virtue,82.600,83.180,NN,9.5590,3.94,4,1.173293
audio12.TextGrid,15,6,not,83.180,83.400,RB,6.3726,6.69,3,0.996612
audio12.TextGrid,15,7,to,83.400,83.480,TO,3.7797,7.43,2,-0.786400
audio12.TextGrid,15,8,talk,83.480,83.800,VB,8.4833,5.42,3,1.717369
audio12.TextGrid,15,9,unnecessarily,83.800,84.620,RB,4.7322,3.42,12,-4.222617
audio12.TextGrid,15,10,at,84.620,84.730,IN,5.1486,6.7,2,-0.216444
audio12.TextGrid,15,11,sea,84.730,85.080,NN,8.2760,5.06,2,1.116070
audio12.TextGrid,16,1,and,85.660,85.740,CC,3.7036,7.41,2,-0.884389
audio12.TextGrid,16,2,the,85.740,85.840,DT,2.0380,7.73,2,-2.199767
audio12.TextGrid,16,3,old,85.840,86.030,JJ,7.3360,5.75,3,0.931236
audio12.TextGrid,16,4,man,86.030,86.200,NN,7.6917,5.82,3,1.363547
audio12.TextGrid,16,5,had,86.200,86.290,VBD,4.8706,6.33,3,-0.899387
audio12.TextGrid,16,6,always,86.290,86.590,RB,7.6436,5.76,5,1.249780
audio12.TextGrid,16,7,considered,86.590,87.070,VBN,7.9687,5.08,8,0.830659
audio12.TextGrid,16,8,it,87.070,87.180,PRP,5.3650,6.95,2,0.273567
audio12.TextGrid,16,9,so,87.180,87.420,RB,6.3062,6.52,2,0.744157
audio12.TextGrid,16,10,and,87.420,87.530,CC,4.1753,7.41,3,-0.412689
audio12.TextGrid,16,11,respected,87.530,88.000,VBD,10.1538,4.11,9,1.954149
audio12.TextGrid,16,12,it,88.000,88.210,PRP,5.1826,6.95,2,0.091167
audio12.TextGrid,17,1,but,88.850,89.020,CC,5.3198,6.63,3,-0.121855
audio12.TextGrid,17,2,now,89.020,89.420,RB,5.6993,6.18,2,-0.234854
audio12.TextGrid,17,3,he,89.540,89.660,PRP,6.8735,6.69,2,1.497512
audio12.TextGrid,17,4,said,89.660,89.850,VBD,3.4967,6.01,3,-2.623509
audio12.TextGrid,17,5,his,89.850,90.010,PRP$,6.0744,6.51,3,0.501412
audio12.TextGrid,17,6,thoughts,90.010,90.310,NNS,5.5711,4.75,4,-1.928108
audio12.TextGrid,17,7,aloud,90.310,90.740,VBP,4.9222,3.51,4,-3.934117
audio12.TextGrid,17,8,many,90.740,90.960,JJ,6.8387,5.91,4,0.609046
audio12.TextGrid,17,9,times,90.960,91.500,NNS,7.5910,5.56,4,0.978291
audio12.TextGrid,18,1,since,91.940,92.240,IN,7.5503,5.75,4,1.145536
audio12.TextGrid,18,2,there,92.240,92.340,EX,5.6886,6.31,3,-0.103276
audio12.TextGrid,18,3,was,92.340,92.540,VBD,5.4459,6.82,3,0.212190
audio12.TextGrid,18,4,no,92.540,92.700,DT,6.1709,6.35,2,0.422801
audio12.TextGrid,18,5,one,92.700,92.930,NN,6.6853,6.47,3,1.068535
audio12.TextGrid,18,6,that,92.930,93.040,IN,5.0494,7.01,3,0.023634
audio12.TextGrid,18,7,they,93.040,93.160,PRP,4.9086,6.5,2,-0.675332
audio12.TextGrid,18,8,could,93.160,93.340,MD,6.1017,6.06,3,0.036213
audio12.TextGrid,18,9,annoy,93.340,93.730,VB,3.7195,3.46,3,-5.191539
audio12.TextGrid,19,1,if,96.180,96.340,IN,6.7770,6.47,2,1.160235
audio12.TextGrid,19,2,the,96.340,96.470,DT,1.7580,7.73,2,-2.479767
audio12.TextGrid,19,3,others,96.470,96.790,NNS,8.5532,5.42,4,1.787269
audio12.TextGrid,19,4,heard,96.790,97.010,VBD,10.1183,5.27,3,3.188203
audio12.TextGrid,19,5,me,97.010,97.120,PRP,9.0530,6.48,2,3.447179
audio12.TextGrid,19,6,talking,97.120,97.520,VBG,9.7671,5.29,5,2.858892
audio12.TextGrid,19,7,out,97.520,97.740,RP,5.6158,6.38,2,-0.099465
audio12.TextGrid,19,8,loud,97.740,97.980,NN,6.2843,4.53,3,-1.455685
audio12.TextGrid,19,9,they,97.980,98.060,PRP,6.3822,6.5,2,0.798268
audio12.TextGrid,19,10,would,98.060,98.220,MD,4.8010,6.27,3,-1.034654
audio12.TextGrid,19,11,think,98.220,98.410,VB,6.4225,6.08,4,0.378902
audio12.TextGrid,19,12,that,98.410,98.550,IN,4.4109,7.01,3,-0.614866
audio12.TextGrid,19,13,i,98.550,98.690,NN,5.9268,7.09,1,0.988589
audio12.TextGrid,19,14,am,98.690,98.780,VBP,10.5418,5.78,2,4.169869
audio12.TextGrid,19,15,crazy,98.780,99.340,NN,6.7640,5.07,5,-0.384986
audio12.TextGrid,19,16,he,99.730,99.850,PRP,6.7285,6.69,2,1.352512
audio12.TextGrid,19,17,said,99.850,100.040,VBD,4.0139,6.01,3,-2.106309
audio12.TextGrid,19,18,aloud,100.040,100.470,NN,6.5121,3.51,4,-2.344217
audio12.TextGrid,20,1,but,101.120,101.270,CC,5.3198,6.63,3,-0.121855
audio12.TextGrid,20,2,since,101.270,101.540,IN,7.9302,5.75,4,1.525436
audio12.TextGrid,20,3,i,101.540,101.660,NN,5.5666,7.09,1,0.628389
audio12.TextGrid,20,4,am,101.660,101.770,VBP,9.8330,5.78,2,3.461069
audio12.TextGrid,20,5,not,101.770,101.960,RB,5.5402,6.69,3,0.164212
audio12.TextGrid,20,6,crazy,101.960,102.510,JJ,5.4093,5.07,5,-1.739686
audio12.TextGrid,20,7,i,102.570,102.690,NNS,7.3343,7.09,1,2.396089
audio12.TextGrid,20,8,do,102.690,102.800,VBP,5.5794,6.35,2,-0.168699
audio12.TextGrid,20,9,not,102.800,103.020,RB,5.5251,6.69,3,0.149112
audio12.TextGrid,20,10,care,103.020,103.410,VB,8.9648,5.56,3,2.352091
audio12.TextGrid,21,1,and,104.120,104.230,CC,3.7036,7.41,2,-0.884389
audio12.TextGrid,21,2,the,104.230,104.320,DT,2.0380,7.73,2,-2.199767
audio12.TextGrid,21,3,rich,104.320,104.560,JJ,9.6304,4.91,3,2.306303
audio12.TextGrid,21,4,have,104.560,104.740,VBP,7.5072,6.71,3,2.153101
audio12.TextGrid,21,5,radios,104.740,105.290,VBN,5.9708,3.41,6,-2.994961
audio12.TextGrid,21,6,to,105.290,105.400,TO,2.6510,7.43,2,-1.915100
audio12.TextGrid,21,7,talk,105.400,105.680,VB,8.4626,5.42,3,1.696669
audio12.TextGrid,21,8,to,105.680,105.800,TO,3.4300,7.43,2,-1.136100
audio12.TextGrid,21,9,them,105.800,105.980,PRP,6.8520,6.19,3,0.928790
audio12.TextGrid,21,10,in,105.980,106.050,IN,2.9435,7.27,2,-1.797711
audio12.TextGrid,21,11,their,106.050,106.200,PRP$,4.9322,6.33,3,-0.837787
audio12.TextGrid,21,12,boats,106.200,106.600,NNS,5.5671,4.25,4,-2.479329
audio12.TextGrid,21,13,and,106.600,106.710,CC,4.2011,7.41,3,-0.386889
audio12.TextGrid,21,14,to,106.710,106.780,TO,4.2212,7.43,2,-0.344900
audio12.TextGrid,21,15,bring,106.780,106.980,VB,7.6580,5.27,4,0.727903
audio12.TextGrid,21,16,them,106.980,107.100,PRP,6.4912,6.19,3,0.567990
audio12.TextGrid,21,17,the,107.100,107.170,DT,3.4494,7.73,2,-0.788367
audio12.TextGrid,21,18,baseball,107.170,107.830,NN,9.1435,4.54,6,1.414459
audio12.TextGrid,22,1,now,109.740,110.070,RB,6.7634,6.18,2,0.829246
audio12.TextGrid,22,2,is,110.070,110.230,VBZ,4.5597,7.07,2,-0.400400
audio12.TextGrid,22,3,no,110.230,110.420,DT,6.4128,6.35,2,0.664701
audio12.TextGrid,22,4,time,110.420,110.700,NN,6.2668,6.29,3,0.453035
audio12.TextGrid,22,5,to,110.700,110.790,TO,3.5933,7.43,2,-0.972800
audio12.TextGrid,22,6,think,110.790,110.970,VB,7.0164,6.08,4,0.972802
audio12.TextGrid,22,7,of,110.970,111.040,IN,3.4367,7.4,2,-1.162233
audio12.TextGrid,22,8,baseball,111.040,111.600,NN,10.7971,4.54,6,3.068059
audio12.TextGrid,22,9,he,111.600,111.740,PRP,6.8731,6.69,2,1.497112
audio12.TextGrid,22,10,thought,111.740,112.090,VBD,8.8259,5.59,3,2.246025
audio12.TextGrid,23,1,now,112.570,112.840,RB,6.7634,6.18,2,0.829246
audio12.TextGrid,23,2,is,112.840,112.970,VBZ,4.5597,7.07,2,-0.400400
audio12.TextGrid,23,3,the,112.970,113.070,DT,2.6245,7.73,2,-1.613267
audio12.TextGrid,23,4,time,113.070,113.340,NN,6.0568,6.29,3,0.243035
audio12.TextGrid,23,5,to,113.340,113.460,TO,3.5950,7.43,2,-0.971100
audio12.TextGrid,23,6,think,113.460,113.640,VB,7.0201,6.08,4,0.976502
audio12.TextGrid,23,7,of,113.640,113.730,IN,3.4363,7.4,2,-1.162633
audio12.TextGrid,23,8,only,113.730,113.970,RB,7.3504,6.12,4,1.350579
audio12.TextGrid,23,9,one,113.970,114.220,CD,5.5374,6.47,3,-0.079365
audio12.TextGrid,23,10,thing,114.220,114.620,NN,8.3715,5.72,3,1.933902
audio12.TextGrid,24,1,that,115.250,115.510,IN,4.4338,7.01,3,-0.591966
audio12.TextGrid,24,2,which,115.510,115.670,WDT,6.7186,6.3,3,0.915779
audio12.TextGrid,24,3,i,115.670,115.760,NN,6.1002,7.09,1,1.161989
audio12.TextGrid,24,4,was,115.760,115.910,VBD,3.9284,6.82,3,-1.305310
audio12.TextGrid,24,5,born,115.910,116.230,VBN,11.3357,5.09,4,4.208603
audio12.TextGrid,25,1,for,116.230,116.580,IN,4.8270,7.01,3,-0.198766
audio12.TextGrid,25,2,there,117.190,117.320,EX,5.6896,6.31,3,-0.102276
audio12.TextGrid,25,3,might,117.320,117.480,MD,7.5857,5.66,3,1.082436
audio12.TextGrid,25,4,be,117.480,117.660,VB,3.7379,6.79,2,-1.528644
audio12.TextGrid,25,5,a,117.660,117.710,DT,3.1232,7.36,1,-1.519511
audio12.TextGrid,25,6,big,117.710,117.910,JJ,6.5804,5.67,3,0.088080
audio12.TextGrid,25,7,one,117.910,118.070,CD,6.8100,6.47,3,1.193235
audio12.TextGrid,25,8,around,118.070,118.370,IN,8.0060,5.77,4,1.623124
audio12.TextGrid,25,9,that,118.370,118.550,DT,4.8271,7.01,3,-0.198666
audio12.TextGrid,25,10,school,118.550,118.990,NN,7.3555,5.71,4,0.906958
audio12.TextGrid,25,11,he,118.990,119.110,PRP,6.1556,6.69,2,0.779612
audio12.TextGrid,25,12,thought,119.110,119.490,VBD,8.1609,5.59,3,1.581025
audio12.TextGrid,26,1,i,120.040,120.170,NN,5.5144,7.09,1,0.576189
audio12.TextGrid,26,2,picked,120.170,120.410,VBD,9.8261,4.72,4,2.294059
audio12.TextGrid,26,3,up,120.410,120.520,RP,5.0515,6.39,2,-0.652821
audio12.TextGrid,26,4,only,120.520,120.760,RB,6.3293,6.12,4,0.329479
audio12.TextGrid,26,5,a,120.760,120.800,DT,4.5899,7.36,1,-0.052811
audio12.TextGrid,26,6,straggler,120.800,121.310,NN,4.2091,1.96,7,-6.343604
audio12.TextGrid,26,7,from,121.310,121.480,IN,4.7173,6.63,4,-0.724355
audio12.TextGrid,26,8,the,121.480,121.590,DT,1.6965,7.73,2,-2.541267
audio12.TextGrid,26,9,albacore,121.590,122.090,NN,4.1367,2.23,7,-6.120504
audio12.TextGrid,26,10,that,122.090,122.280,WDT,4.2926,7.01,3,-0.733166
audio12.TextGrid,26,11,were,122.280,122.370,VBD,6.7896,6.34,2,1.030557
audio12.TextGrid,26,12,feeding,122.370,122.800,VBG,10.2949,4.28,5,2.281304
audio12.TextGrid,27,1,but,123.470,123.630,CC,5.3198,6.63,3,-0.121855
audio12.TextGrid,27,2,they,123.630,123.710,PRP,4.8862,6.5,2,-0.697732
audio12.TextGrid,27,3,are,123.710,123.810,VBP,3.9435,6.74,2,-1.377766
audio12.TextGrid,27,4,working,123.810,124.200,VBG,8.4517,5.45,5,1.718603
audio12.TextGrid,27,5,far,124.200,124.530,RB,7.2759,5.5,3,0.597525
audio12.TextGrid,27,6,out,124.530,124.760,RB,6.7047,6.38,2,0.989435
audio12.TextGrid,27,7,and,124.760,124.890,CC,4.2406,7.41,3,-0.347389
audio12.TextGrid,27,8,fast,124.890,125.450,RB,9.7115,5.13,4,2.628181
audio12.TextGrid,28,1,everything,126.640,127.090,NN,10.9288,5.54,7,4.294202
audio12.TextGrid,28,2,that,127.090,127.220,WDT,5.1538,7.01,3,0.128034
audio12.TextGrid,28,3,shows,127.220,127.480,VBZ,9.2545,5.23,3,2.280625
audio12.TextGrid,28,4,on,127.480,127.600,IN,5.0992,6.91,2,-0.036010
audio12.TextGrid,28,5,the,127.600,127.690,DT,1.7299,7.73,2,-2.507867
audio12.TextGrid,28,6,surface,127.690,128.040,NN,4.1380,4.83,5,-3.273652
audio12.TextGrid,28,7,today,128.040,128.260,NN,8.1271,5.55,4,1.503447
audio12.TextGrid,28,8,travels,128.260,128.690,VBZ,4.1429,4.05,7,-4.122418
audio12.TextGrid,28,9,very,128.690,128.960,RB,7.2205,6.0,4,1.089346
audio12.TextGrid,28,10,fast,128.960,129.420,RB,9.5215,5.13,4,2.438181
audio12.TextGrid,28,11,and,129.420,129.530,CC,3.7307,7.41,3,-0.857289
audio12.TextGrid,28,12,to,129.530,129.630,TO,4.3340,7.43,2,-0.232100
audio12.TextGrid,28,13,the,129.630,129.720,DT,2.3261,7.73,2,-1.911667
audio12.TextGrid,28,14,north,129.720,129.970,JJ,9.8261,5.34,4,2.972614
audio12.TextGrid,28,15,east,129.970,130.370,NN,8.4242,5.16,3,1.373714
audio12.TextGrid,29,1,can,131.110,131.240,MD,9.3799,6.46,3,3.752190
audio12.TextGrid,29,2,that,131.240,131.350,WDT,6.1992,7.01,3,1.173434
audio12.TextGrid,29,3,be,131.350,131.530,VB,7.2001,6.79,2,1.933556
audio12.TextGrid,29,4,the,131.530,131.650,DT,2.1429,7.73,2,-2.094867
audio12.TextGrid,29,5,time,131.650,131.930,NN,6.0534,6.29,3,0.239635
audio12.TextGrid,29,6,of,131.930,132.000,IN,3.0333,7.4,2,-1.565633
audio12.TextGrid,29,7,day,132.000,132.350,NN,8.6587,5.95,2,2.472824
audio12.TextGrid,30,1,or,132.800,132.930,CC,5.3683,6.54,2,-0.171854
audio12.TextGrid,30,2,is,132.930,133.050,VBZ,6.8449,7.07,2,1.884800
audio12.TextGrid,30,3,it,133.050,133.170,PRP,4.5712,6.95,2,-0.520233
audio12.TextGrid,30,4,some,133.170,133.330,DT,6.3023,6.2,3,0.390035
audio12.TextGrid,30,5,sign,133.330,133.600,NN,8.0420,5.08,3,0.903959
audio12.TextGrid,30,6,of,133.600,133.740,IN,3.3796,7.4,2,-1.219333
audio12.TextGrid,30,7,weather,133.740,134.090,NN,11.1252,4.87,4,3.757326
audio12.TextGrid,30,8,that,134.090,134.230,IN,4.5260,7.01,3,-0.499766
audio12.TextGrid,30,9,i,134.230,134.340,NN,5.7791,7.09,1,0.840889
audio12.TextGrid,30,10,do,134.340,134.450,VBP,6.3164,6.35,2,0.568301
audio12.TextGrid,30,11,not,134.450,134.650,RB,5.5120,6.69,3,0.136012
audio12.TextGrid,30,12,know,134.700,135.040,VB,7.7684,6.1,2,1.746691
audio12.TextGrid,31,1,he,136.760,136.860,PRP,4.5353,6.69,2,-0.840688
audio12.TextGrid,31,2,could,136.860,136.990,MD,5.0571,6.06,3,-1.008387
audio12.TextGrid,31,3,not,136.990,137.160,RB,6.1838,6.69,3,0.807812
audio12.TextGrid,31,4,see,137.160,137.340,VB,6.9659,6.1,2,0.944191
audio12.TextGrid,31,5,the,137.340,137.440,DT,2.3427,7.73,2,-1.895067
audio12.TextGrid,31,6,green,137.440,137.740,NN,8.9821,5.13,4,1.898781
audio12.TextGrid,31,7,of,137.740,137.830,IN,4.9129,7.4,2,0.313967
audio12.TextGrid,31,8,the,137.830,137.920,DT,1.7015,7.73,2,-2.536267
audio12.TextGrid,31,9,shore,137.920,138.240,NN,15.1547,4.33,3,7.195826
audio12.TextGrid,31,10,now,138.240,138.570,RB,6.1977,6.18,2,0.263546
audio12.TextGrid,31,11,but,138.570,138.730,CC,5.4464,6.63,3,0.004745
audio12.TextGrid,31,12,only,138.730,138.950,RB,5.6420,6.12,4,-0.357821
audio12.TextGrid,31,13,the,138.950,139.060,DT,3.7606,7.73,2,-0.477167
audio12.TextGrid,31,14,tops,139.060,139.440,NNS,6.4889,4.07,4,-1.754529
audio12.TextGrid,31,15,of,139.440,139.510,IN,2.7204,7.4,2,-1.878533
audio12.TextGrid,31,16,the,139.510,139.600,DT,1.7040,7.73,2,-2.533767
audio12.TextGrid,31,17,blue,139.600,139.920,NN,8.9781,5.13,3,1.894781
audio12.TextGrid,31,18,hills,139.920,140.300,VBZ,8.6964,4.46,4,0.879804
audio12.TextGrid,31,19,that,140.300,140.430,IN,4.6507,7.01,3,-0.375066
audio12.TextGrid,31,20,showed,140.430,140.750,VBD,9.4361,4.86,3,2.057281
audio12.TextGrid,31,21,white,140.750,141.160,JJ,8.7013,5.51,3,2.033869
audio12.TextGrid,31,22,as,141.160,141.300,IN,5.3124,6.77,2,0.023968
audio12.TextGrid,31,23,though,141.300,141.440,IN,8.9558,5.5,2,2.277425
audio12.TextGrid,31,24,they,141.440,141.530,PRP,4.9459,6.5,2,-0.638032
audio12.TextGrid,31,25,were,141.530,141.650,VBD,5.7878,6.34,2,0.028757
audio12.TextGrid,31,26,snow,141.650,141.950,VBN,12.5170,4.66,3,4.919293
audio12.TextGrid,31,27,capped,141.950,142.400,VBN,10.5314,3.67,4,1.850194
audio12.TextGrid,31,28,and,142.760,142.850,CC,3.8850,7.41,2,-0.702989
audio12.TextGrid,31,29,the,142.850,142.930,DT,2.7193,7.73,2,-1.518467
audio12.TextGrid,31,30,clouds,142.930,143.450,NN,11.1982,4.16,5,3.053271
audio12.TextGrid,31,31,that,143.450,143.630,WDT,3.9647,7.01,3,-1.061066
audio12.TextGrid,31,32,looked,143.630,143.790,VBD,12.3175,5.11,4,5.212292
audio12.TextGrid,31,33,like,143.790,144.020,IN,6.1659,6.41,3,0.483468
audio12.TextGrid,31,34,high,144.020,144.250,JJ,7.1782,5.75,2,0.773436
audio12.TextGrid,31,35,snow,144.250,144.600,NN,11.0958,4.66,3,3.498093
audio12.TextGrid,31,36,mountains,144.600,145.090,NNS,6.3994,4.5,7,-1.373418
audio12.TextGrid,31,37,above,145.090,145.410,IN,7.5935,5.2,4,0.586792
audio12.TextGrid,31,38,them,145.410,145.680,PRP,5.9707,6.19,3,0.047490
audio12.TextGrid,32,1,the,146.680,146.790,DT,1.8241,7.73,2,-2.413667
audio12.TextGrid,32,2,sea,146.790,147.010,NN,8.2776,5.06,2,1.117670
audio12.TextGrid,32,3,was,147.010,147.230,VBD,5.5024,6.82,3,0.268690
audio12.TextGrid,32,4,very,147.230,147.490,RB,7.0539,6.0,4,0.922746
audio12.TextGrid,32,5,dark,147.490,147.900,JJ,11.0339,5.04,4,3.852081
audio12.TextGrid,32,6,and,147.900,148.010,CC,3.8634,7.41,2,-0.724589
audio12.TextGrid,32,7,the,148.010,148.100,DT,3.1373,7.73,2,-1.100467
audio12.TextGrid,32,8,light,148.100,148.370,NN,7.7293,5.33,3,0.864869
audio12.TextGrid,32,9,made,148.370,148.600,VBD,7.5029,5.92,3,1.284191
audio12.TextGrid,32,10,prisms,148.600,149.110,NNS,7.3756,2.61,7,-2.465716
audio12.TextGrid,32,11,in,149.110,149.190,IN,3.1897,7.27,2,-1.551511
audio12.TextGrid,32,12,the,149.190,149.260,DT,1.7007,7.73,2,-2.537067
audio12.TextGrid,32,13,water,149.260,149.700,NN,8.3726,5.52,4,1.716114
audio12.TextGrid,33,1,the,150.490,150.560,DT,1.8241,7.73,2,-2.413667
audio12.TextGrid,33,2,myriad,150.560,150.990,NN,10.7225,3.49,6,1.844294
audio12.TextGrid,33,3,flecks,150.990,151.310,NNS,5.6277,2.53,5,-4.301171
audio12.TextGrid,33,4,of,151.310,151.390,IN,3.5721,7.4,2,-1.026833
audio12.TextGrid,33,5,the,151.390,151.470,DT,1.6935,7.73,2,-2.544267
audio12.TextGrid,33,6,plankton,151.470,152.000,NN,4.1370,3.05,8,-5.222761
audio12.TextGrid,33,7,were,152.000,152.160,VBD,5.1213,6.34,2,-0.637743
audio12.TextGrid,33,8,annulled,152.160,152.570,VBN,6.3324,2.95,5,-3.136805
audio12.TextGrid,33,9,now,152.570,152.820,RB,6.3798,6.18,2,0.445646
audio12.TextGrid,33,10,by,152.820,153.000,IN,4.9636,6.66,2,-0.445221
audio12.TextGrid,33,11,the,153.000,153.110,DT,1.7278,7.73,2,-2.509967
audio12.TextGrid,33,12,high,153.110,153.320,JJ,6.8827,5.75,2,0.477936
audio12.TextGrid,33,13,sun,153.320,153.710,NN,10.3269,4.97,3,3.068470
audio12.TextGrid,33,14,and,154.000,154.140,CC,3.9489,7.41,3,-0.639089
audio12.TextGrid,33,15,it,154.140,154.200,PRP,4.4079,6.95,2,-0.683533
audio12.TextGrid,33,16,was,154.200,154.360,VBD,5.0227,6.82,3,-0.211010
audio12.TextGrid,33,17,only,154.360,154.590,RB,6.0668,6.12,4,0.066979
audio12.TextGrid,33,18,the,154.590,154.680,DT,3.6751,7.73,2,-0.562667
audio12.TextGrid,33,19,great,154.680,154.960,JJ,7.7360,5.88,4,1.473513
audio12.TextGrid,33,20,deep,154.980,155.180,JJ,5.4349,5.05,3,-1.735975
audio12.TextGrid,33,21,prisms,155.210,155.700,NN,4.5467,2.61,7,-5.294616
audio12.TextGrid,33,22,in,155.700,155.790,IN,3.1085,7.27,2,-1.632711
audio12.TextGrid,33,23,the,155.790,155.860,DT,1.7004,7.73,2,-2.537367
audio12.TextGrid,33,24,blue,155.860,156.030,JJ,8.9788,5.13,3,1.895481
audio12.TextGrid,33,25,water,156.030,156.550,NN,8.3446,5.52,4,1.688114
audio12.TextGrid,33,26,that,156.550,156.710,IN,4.1192,7.01,3,-0.906566
audio12.TextGrid,33,27,the,156.710,156.790,DT,1.9879,7.73,2,-2.249867
audio12.TextGrid,33,28,old,156.790,157.010,JJ,7.3289,5.75,3,0.924136
audio12.TextGrid,33,29,man,157.010,157.250,NN,7.6926,5.82,3,1.364447
audio12.TextGrid,33,30,saw,157.250,157.520,VBD,9.5533,5.34,2,2.699814
audio12.TextGrid,33,31,now,157.520,157.880,RB,6.1433,6.18,2,0.209146
audio12.TextGrid,33,32,with,158.020,158.150,IN,5.1624,6.85,3,-0.038477
audio12.TextGrid,33,33,his,158.150,158.320,PRP$,5.3493,6.51,3,-0.223688
audio12.TextGrid,33,34,lines,158.320,158.800,NNS,8.5426,4.95,4,1.262281
audio12.TextGrid,33,35,going,158.800,159.100,VBG,8.4109,5.94,4,2.214080
audio12.TextGrid,33,36,straight,159.100,159.440,RB,9.5630,5.04,5,2.381181
audio12.TextGrid,33,37,down,159.480,159.840,RB,7.1341,5.88,3,0.871613
audio12.TextGrid,33,38,into,159.840,160.000,IN,6.5551,6.11,4,0.544335
audio12.TextGrid,33,39,the,160.000,160.090,DT,1.7528,7.73,2,-2.484967
audio12.TextGrid,33,40,water,160.090,160.440,NN,8.3740,5.52,4,1.717514
audio12.TextGrid,33,41,that,160.440,160.630,WDT,4.1610,7.01,3,-0.864766
audio12.TextGrid,33,42,was,160.630,160.770,VBD,6.0944,6.82,3,0.860690
audio12.TextGrid,33,43,a,160.770,160.820,DT,3.2522,7.36,1,-1.390511
audio12.TextGrid,33,44,mile,160.820,161.200,JJ,5.0758,4.59,3,-2.598518
audio12.TextGrid,33,45,deep,161.200,161.530,NN,4.3285,5.05,3,-2.842375
audio12.TextGrid,34,1,the,163.700,163.790,DT,1.8241,7.73,2,-2.413667
audio12.TextGrid,34,2,tuna,163.790,164.230,NN,4.1358,3.64,4,-4.578239
audio12.TextGrid,34,3,the,164.460,164.550,DT,4.2648,7.73,2,0.027033
audio12.TextGrid,34,4,fishermen,164.550,164.940,NNS,6.4802,3.65,7,-2.222895
audio12.TextGrid,34,5,called,164.940,165.210,VBD,7.2710,5.59,4,0.691125
audio12.TextGrid,34,6,all,165.210,165.350,PDT,6.4619,6.52,2,0.899857
audio12.TextGrid,34,7,the,165.350,165.430,DT,3.9476,7.73,2,-0.290167
audio12.TextGrid,34,8,fish,165.430,165.670,NN,4.8564,4.9,3,-2.478641
audio12.TextGrid,34,9,of,165.670,165.730,IN,3.0180,7.4,2,-1.580933
audio12.TextGrid,34,10,that,165.730,165.900,DT,4.8596,7.01,3,-0.166166
audio12.TextGrid,34,11,species,165.900,166.450,NNS,10.7000,4.85,6,3.310237
audio12.TextGrid,34,12,tuna,166.450,166.740,NN,5.3256,3.64,5,-3.388439
audio12.TextGrid,34,13,and,166.740,167.000,CC,4.1962,7.41,3,-0.391789
audio12.TextGrid,34,14,only,167.000,167.200,RB,6.9783,6.12,4,0.978479
audio12.TextGrid,34,15,distinguished,167.200,167.760,VBD,11.1942,4.2,11,3.093049
audio12.TextGrid,34,16,among,167.760,168.030,IN,7.3624,5.31,4,0.476081
audio12.TextGrid,34,17,them,168.030,168.150,PRP,5.9482,6.19,3,0.024990
audio12.TextGrid,34,18,by,168.150,168.310,IN,4.2897,6.66,2,-1.119121
audio12.TextGrid,34,19,their,168.310,168.430,PRP$,4.9348,6.33,3,-0.835187
audio12.TextGrid,34,20,proper,168.430,168.770,JJ,10.7487,4.72,5,3.216659
audio12.TextGrid,34,21,names,168.770,169.160,NNS,9.2624,4.91,4,1.938303
audio12.TextGrid,34,22,when,169.160,169.270,WRB,5.9485,6.37,3,0.222290
audio12.TextGrid,34,23,they,169.270,169.340,PRP,4.8187,6.5,2,-0.765232
audio12.TextGrid,34,24,came,169.340,169.570,VBD,6.7818,5.5,3,0.103425
audio12.TextGrid,34,25,to,169.570,169.670,TO,3.3209,7.43,2,-1.245200
audio12.TextGrid,34,26,sell,169.670,169.970,VB,6.0916,4.98,3,-1.155886
audio12.TextGrid,34,27,them,169.970,170.150,PRP,6.5369,6.19,3,0.613690
audio12.TextGrid,34,28,or,170.150,170.240,CC,5.6496,6.54,1,0.109446
audio12.TextGrid,34,29,to,170.240,170.350,TO,4.1691,7.43,2,-0.397000
audio12.TextGrid,34,30,trade,170.350,170.580,VB,7.0955,5.12,4,0.001236
audio12.TextGrid,34,31,them,170.580,170.710,PRP,6.7509,6.19,3,0.827690
audio12.TextGrid,34,32,for,170.710,170.820,IN,3.8314,7.01,2,-1.194366
audio12.TextGrid,34,33,baits,170.820,171.220,NNS,6.8200,2.65,4,-2.977538
audio12.TextGrid,34,34,were,171.920,172.010,VBD,5.8561,6.34,2,0.097057
audio12.TextGrid,34,35,down,172.010,172.240,RB,6.3080,5.88,3,0.045513
audio12.TextGrid,34,36,again,172.240,172.630,RB,7.9788,5.7,4,1.519313
audio12.TextGrid,35,1,the,173.360,173.460,DT,1.8241,7.73,2,-2.413667
audio12.TextGrid,35,2,sun,173.460,173.680,NN,10.3570,4.97,3,3.098570
audio12.TextGrid,35,3,was,173.680,173.880,VBD,5.5024,6.82,3,0.268690
audio12.TextGrid,35,4,hot,173.880,174.070,JJ,10.1915,5.16,3,3.141014
audio12.TextGrid,35,5,now,174.120,174.420,RB,7.8319,6.18,2,1.897746
audio12.TextGrid,35,6,and,174.670,174.750,CC,3.3651,7.41,2,-1.222889
audio12.TextGrid,35,7,the,174.750,174.850,DT,3.8504,7.73,2,-0.387367
audio12.TextGrid,35,8,old,174.850,175.070,JJ,7.3502,5.75,3,0.945436
audio12.TextGrid,35,9,man,175.070,175.360,NN,7.7012,5.82,3,1.373047
audio12.TextGrid,35,10,felt,175.360,175.590,VBD,8.8821,5.13,4,1.798781
audio12.TextGrid,35,11,it,175.590,175.680,PRP,4.6287,6.95,2,-0.462733
audio12.TextGrid,35,12,on,175.680,175.780,IN,4.3948,6.91,2,-0.740410
audio12.TextGrid,35,13,the,175.780,175.850,DT,1.7014,7.73,2,-2.536367
audio12.TextGrid,35,14,back,175.850,176.100,NN,8.8681,6.04,3,2.780724
audio12.TextGrid,35,15,of,176.100,176.180,IN,3.3869,7.4,2,-1.212033
audio12.TextGrid,35,16,his,176.180,176.340,PRP$,5.3311,6.51,3,-0.241888
audio12.TextGrid,35,17,neck,176.340,176.590,NN,4.2574,4.63,3,-3.373141
audio12.TextGrid,36,1,and,177.010,177.090,CC,3.7036,7.41,2,-0.884389
audio12.TextGrid,36,2,felt,177.090,177.270,VBD,11.6538,5.13,4,4.570481
audio12.TextGrid,36,3,the,177.270,177.380,DT,2.5190,7.73,2,-1.718767
audio12.TextGrid,36,4,sweat,177.380,177.690,NN,10.2377,4.14,4,2.070882
audio12.TextGrid,36,5,trickle,177.720,178.010,VBD,4.5061,3.25,6,-4.634772
audio12.TextGrid,36,6,down,178.010,178.230,IN,6.3079,5.88,3,0.045413
audio12.TextGrid,36,7,his,178.230,178.410,PRP$,6.1063,6.51,3,0.533312
audio12.TextGrid,36,8,back,178.410,178.750,NN,9.0240,6.04,3,2.936624
audio12.TextGrid,36,9,as,178.750,178.860,IN,5.0813,6.77,2,-0.207132
audio12.TextGrid,36,10,he,178.860,178.950,PRP,4.5990,6.69,2,-0.776988
audio12.TextGrid,36,11,rowed,178.950,179.420,VBD,4.8901,2.78,3,-4.765161
audio13.TextGrid,1,1,i,1.240,1.340,NN,5.5144,7.09,1,0.576189
audio13.TextGrid,1,2,could,1.340,1.510,MD,5.0621,6.06,3,-1.003387
audio13.TextGrid,1,3,just,1.510,1.820,RB,7.2542,6.43,4,1.593657
audio13.TextGrid,1,4,drift,1.820,2.230,VB,10.3968,3.82,5,1.879760
audio13.TextGrid,1,5,he,2.230,2.330,PRP,5.4922,6.69,2,0.116212
audio13.TextGrid,1,6,thought,2.330,2.730,VBD,9.2330,5.59,3,2.653125
audio13.TextGrid,1,7,and,2.950,3.070,CC,4.0128,7.41,2,-0.575189
audio13.TextGrid,1,8,sleep,3.070,3.560,JJ,9.0067,5.05,4,1.835825
audio13.TextGrid,1,9,and,3.560,3.680,CC,4.0944,7.41,2,-0.493589
audio13.TextGrid,1,10,put,3.680,3.890,VBD,6.5690,5.66,3,0.065736
audio13.TextGrid,1,11,a,3.890,3.930,DT,3.4054,7.36,1,-1.237311
audio13.TextGrid,1,12,bight,3.930,4.200,NN,4.1421,2.67,3,-5.633549
audio13.TextGrid,1,13,of,4.200,4.300,IN,3.0938,7.4,2,-1.505133
audio13.TextGrid,1,14,line,4.300,4.530,NN,9.3098,5.49,3,2.620480
audio13.TextGrid,1,15,around,4.530,4.820,IN,7.7867,5.77,4,1.403824
audio13.TextGrid,1,16,my,4.820,4.980,PRP$,7.2376,6.57,2,1.730279
audio13.TextGrid,1,17,toe,4.980,5.250,NN,4.2574,4.07,2,-3.986029
audio13.TextGrid,1,18,to,5.250,5.310,TO,3.4190,7.43,2,-1.147100
audio13.TextGrid,1,19,wake,5.310,5.570,VB,10.8464,4.76,3,3.358137
audio13.TextGrid,1,20,me,5.580,5.790,PRP,10.3699,6.48,2,4.764079
audio13.TextGrid,2,1,but,6.830,6.990,CC,5.3198,6.63,3,-0.121855
audio13.TextGrid,2,2,today,6.990,7.260,NN,8.8953,5.55,4,2.271647
audio13.TextGrid,2,3,is,7.260,7.390,VBZ,3.8797,7.07,2,-1.080400
audio13.TextGrid,2,4,eighty,7.390,7.670,JJ,5.8916,3.75,3,-2.702051
audio13.TextGrid,2,5,five,7.670,7.930,CD,8.4424,5.45,3,1.709303
audio13.TextGrid,2,6,days,7.930,8.410,NNS,7.0284,5.61,3,0.470413
audio13.TextGrid,3,1,and,8.820,8.950,CC,3.7036,7.41,3,-0.884389
audio13.TextGrid,3,2,i,8.950,9.050,NN,5.7252,7.09,1,0.786989
audio13.TextGrid,3,3,should,9.050,9.290,MD,6.1861,5.99,3,0.044002
audio13.TextGrid,3,4,fish,9.310,9.560,VB,3.7167,4.9,3,-3.618341
audio13.TextGrid,3,5,the,9.560,9.680,DT,2.2895,7.73,2,-1.948267
audio13.TextGrid,3,6,day,9.680,9.880,NN,7.0837,5.95,2,0.897824
audio13.TextGrid,3,7,well,9.880,10.350,RB,7.7292,6.03,3,1.630880
audio13.TextGrid,4,1,just,12.160,12.390,RB,7.1407,6.43,3,1.480157
audio13.TextGrid,4,2,then,12.390,12.700,RB,6.6148,6.07,3,0.560257
audio13.TextGrid,4,3,watching,13.080,13.460,VBG,10.8189,5.02,5,3.615192
audio13.TextGrid,4,4,his,13.460,13.630,PRP$,6.0024,6.51,3,0.429412
audio13.TextGrid,4,5,lines,13.630,14.140,NNS,8.5433,4.95,4,1.262981
audio13.TextGrid,5,1,he,14.590,14.680,PRP,4.5353,6.69,2,-0.840688
audio13.TextGrid,5,2,saw,14.680,14.890,VBD,8.2117,5.34,2,1.358214
audio13.TextGrid,5,3,one,14.890,15.080,CD,6.5033,6.47,3,0.886535
audio13.TextGrid,5,4,of,15.080,15.150,IN,3.8980,7.4,2,-0.700933
audio13.TextGrid,5,5,the,15.150,15.220,DT,1.7407,7.73,2,-2.497067
audio13.TextGrid,5,6,projecting,15.220,15.740,VBG,8.5851,3.58,9,-0.194606
audio13.TextGrid,5,7,green,15.740,16.080,JJ,9.6844,5.13,4,2.601081
audio13.TextGrid,5,8,sticks,16.080,16.670,NNS,5.6293,4.14,5,-2.537518
audio13.TextGrid,5,9,dip,16.810,17.090,VBP,5.4452,4.05,3,-2.820118
audio13.TextGrid,5,10,sharply,17.090,17.660,RB,8.0932,3.89,6,-0.347229
audio13.TextGrid,6,1,yes,18.810,19.270,RB,11.0119,5.5,3,4.333525
audio13.TextGrid,6,2,he,19.610,19.730,PRP,5.3385,6.69,2,-0.037488
audio13.TextGrid,6,3,said,19.730,20.030,VBD,3.4135,6.01,3,-2.706709
audio13.TextGrid,6,4,yes,20.410,20.860,UH,10.4148,5.5,3,3.736425
audio13.TextGrid,7,1,and,21.680,21.790,CC,3.7036,7.41,2,-0.884389
audio13.TextGrid,7,2,shipped,21.790,22.060,VBD,11.1724,4.03,4,2.885193
audio13.TextGrid,7,3,his,22.060,22.200,PRP$,7.0439,6.51,3,1.470912
audio13.TextGrid,7,4,oars,22.200,22.570,NNS,5.5800,3.01,3,-3.823539
audio13.TextGrid,7,5,without,22.570,22.810,IN,7.0123,5.69,5,0.541869
audio13.TextGrid,7,6,bumping,22.810,23.180,VBG,8.1471,3.29,6,-0.949995
audio13.TextGrid,7,7,the,23.180,23.250,DT,2.3122,7.73,2,-1.925567
audio13.TextGrid,7,8,boat,23.250,23.630,NN,4.1360,4.71,3,-3.406985
audio13.TextGrid,8,1,he,24.800,24.900,PRP,4.5353,6.69,2,-0.840688
audio13.TextGrid,8,2,reached,24.900,25.210,VBD,7.0526,4.85,4,-0.337163
audio13.TextGrid,8,3,out,25.210,25.390,RP,5.6444,6.38,2,-0.070865
audio13.TextGrid,8,4,for,25.390,25.480,IN,4.1265,7.01,2,-0.899266
audio13.TextGrid,8,5,the,25.480,25.580,DT,1.6985,7.73,2,-2.539267
audio13.TextGrid,8,6,line,25.580,25.980,NN,7.6718,5.49,3,0.982480
audio13.TextGrid,8,7,and,25.980,26.140,CC,4.4896,7.41,3,-0.098389
audio13.TextGrid,8,8,held,26.140,26.330,VBD,8.6011,5.24,4,1.638170
audio13.TextGrid,8,9,it,26.330,26.440,PRP,5.1366,6.95,2,0.045167
audio13.TextGrid,8,10,softly,26.440,26.900,RB,5.3482,3.77,6,-3.223562
audio13.TextGrid,8,11,between,26.900,27.240,IN,7.5004,5.77,6,1.117524
audio13.TextGrid,8,12,the,27.240,27.330,DT,1.7295,7.73,2,-2.508267
audio13.TextGrid,8,13,thumb,27.330,27.590,NN,4.1381,4.01,3,-4.170996
audio13.TextGrid,8,14,and,27.590,27.700,CC,4.3237,7.41,3,-0.264289
audio13.TextGrid,8,15,forefinger,27.700,28.280,NN,5.6226,2.38,8,-4.470438
audio13.TextGrid,8,16,of,28.280,28.370,IN,3.4060,7.4,2,-1.192933
audio13.TextGrid,8,17,his,28.370,28.540,PRP$,5.3068,6.51,3,-0.266188
audio13.TextGrid,8,18,right,28.540,28.770,JJ,7.0995,5.96,3,0.924569
audio13.TextGrid,8,19,hand,28.770,29.190,NN,9.0269,5.41,4,2.250025
audio13.TextGrid,9,1,he,30.220,30.330,PRP,4.5353,6.69,2,-0.840688
audio13.TextGrid,9,2,felt,30.330,30.570,VBD,8.2416,5.13,4,1.158281
audio13.TextGrid,9,3,no,30.570,30.740,DT,6.3408,6.35,2,0.592701
audio13.TextGrid,9,4,strain,30.740,31.230,NN,10.4413,4.15,5,2.285427
audio13.TextGrid,9,5,nor,31.230,31.400,CC,9.4066,4.78,3,1.940226
audio13.TextGrid,9,6,weight,31.400,31.790,NN,11.6545,5.02,3,4.450792
audio13.TextGrid,10,1,and,32.440,32.530,CC,3.7036,7.41,2,-0.884389
audio13.TextGrid,10,2,he,32.530,32.630,PRP,4.7461,6.69,2,-0.629888
audio13.TextGrid,10,3,held,32.630,32.820,VBD,6.8813,5.24,4,-0.081630
audio13.TextGrid,10,4,the,32.820,32.900,DT,2.9048,7.73,2,-1.332967
audio13.TextGrid,10,5,line,32.900,33.180,NN,7.6818,5.49,3,0.992480
audio13.TextGrid,10,6,lightly,33.180,33.700,RB,5.5892,3.96,5,-2.774618
audio13.TextGrid,11,1,then,34.530,34.690,RB,7.4856,6.07,3,1.431057
audio13.TextGrid,11,2,it,34.690,34.770,PRP,4.6944,6.95,2,-0.397033
audio13.TextGrid,11,3,came,34.770,35.000,VBD,6.8082,5.5,3,0.129825
audio13.TextGrid,11,4,again,35.000,35.400,RB,7.7051,5.7,4,1.245613
audio13.TextGrid,12,1,this,36.270,36.480,DT,4.8800,6.82,3,-0.353710
audio13.TextGrid,12,2,time,36.480,36.820,NN,6.0515,6.29,3,0.237735
audio13.TextGrid,12,3,it,36.820,36.930,PRP,6.4222,6.95,2,1.330767
audio13.TextGrid,12,4,was,36.930,37.040,VBD,4.0934,6.82,3,-1.140310
audio13.TextGrid,12,5,a,37.040,37.110,DT,3.3304,7.36,1,-1.312311
audio13.TextGrid,12,6,tentative,37.110,37.510,JJ,5.0792,3.45,7,-3.842784
audio13.TextGrid,12,7,pull,37.510,37.900,NN,12.2484,4.82,3,4.825803
audio13.TextGrid,12,8,not,38.050,38.240,RB,5.5247,6.69,3,0.148712
audio13.TextGrid,12,9,solid,38.240,38.640,JJ,9.4263,4.73,5,1.905204
audio13.TextGrid,12,10,nor,38.640,38.820,CC,8.5908,4.78,3,1.124426
audio13.TextGrid,12,11,heavy,38.820,39.200,JJ,8.0799,4.96,4,0.810525
audio13.TextGrid,12,12,and,39.480,39.600,CC,3.7631,7.41,2,-0.824889
audio13.TextGrid,12,13,he,39.600,39.700,PRP,5.6664,6.69,2,0.290412
audio13.TextGrid,12,14,knew,39.700,39.880,VBD,9.1014,5.2,3,2.094692
audio13.TextGrid,12,15,exactly,39.880,40.390,RB,10.4019,5.15,8,3.340470
audio13.TextGrid,12,16,what,40.390,40.540,WP,7.1668,6.38,3,1.451535
audio13.TextGrid,12,17,it,40.540,40.680,PRP,5.5153,6.95,2,0.423867
audio13.TextGrid,12,18,was,40.680,41.070,VBD,3.9255,6.82,3,-1.308210
audio13.TextGrid,12,19,one,42.070,42.250,CD,6.4784,6.47,3,0.861635
audio13.TextGrid,12,20,hundred,42.250,42.570,NN,8.6849,4.71,7,1.141915
audio13.TextGrid,12,21,fathoms,42.570,42.990,NNS,6.1284,2.49,6,-3.844249
audio13.TextGrid,12,22,down,42.990,43.380,RP,6.8862,5.88,3,0.623713
audio13.TextGrid,12,23,a,43.380,43.450,DT,3.1132,7.36,1,-1.529511
audio13.TextGrid,12,24,marlin,43.450,43.980,NN,4.1429,3.01,6,-5.260639
audio13.TextGrid,12,25,was,43.980,44.230,VBD,5.4069,6.82,3,0.173190
audio13.TextGrid,12,26,eating,44.230,44.510,VBG,11.1351,4.85,4,3.745337
audio13.TextGrid,12,27,the,44.510,44.600,DT,2.2460,7.73,2,-1.991767
audio13.TextGrid,12,28,sardines,44.600,45.340,NNS,6.4494,2.93,7,-3.041694
audio13.TextGrid,12,29,that,45.340,45.480,WDT,4.0198,7.01,3,-1.005966
audio13.TextGrid,12,30,covered,45.480,45.780,VBD,10.4639,4.83,5,3.052248
audio13.TextGrid,12,31,the,45.780,45.860,DT,3.1428,7.73,2,-1.094967
audio13.TextGrid,12,32,point,45.860,46.300,NN,6.9803,5.54,4,0.345702
audio13.TextGrid,12,33,and,46.300,46.390,CC,4.0434,7.41,2,-0.544589
audio13.TextGrid,12,34,the,46.390,46.490,DT,2.4706,7.73,2,-1.767167
audio13.TextGrid,12,35,shank,46.490,46.880,NN,4.1387,3.07,4,-5.199172
audio13.TextGrid,12,36,of,46.880,46.970,IN,2.9724,7.4,2,-1.626533
audio13.TextGrid,12,37,the,46.970,47.070,DT,1.6913,7.73,2,-2.546467
audio13.TextGrid,12,38,hook,47.070,47.420,NN,9.5423,4.37,3,1.627204
audio13.TextGrid,12,39,where,47.420,47.520,WRB,7.1982,6.0,3,1.067046
audio13.TextGrid,12,40,the,47.520,47.580,DT,1.9691,7.73,2,-2.268667
audio13.TextGrid,12,41,hand,47.580,47.900,NN,8.1562,5.41,4,1.379325
audio13.TextGrid,12,42,forged,47.900,48.340,VBD,3.6504,3.72,5,-4.976084
audio13.TextGrid,12,43,hook,48.340,48.500,NN,11.8796,4.37,3,3.964504
audio13.TextGrid,12,44,projected,48.530,49.030,VBN,6.2100,3.99,9,-2.120984
audio13.TextGrid,12,45,from,49.030,49.200,IN,4.2594,6.63,3,-1.182255
audio13.TextGrid,12,46,the,49.200,49.270,DT,1.6769,7.73,2,-2.560867
audio13.TextGrid,12,47,head,49.270,49.550,NN,7.8723,5.51,3,1.204869
audio13.TextGrid,12,48,of,49.550,49.630,IN,2.9825,7.4,2,-1.616433
audio13.TextGrid,12,49,the,49.630,49.730,DT,1.6990,7.73,2,-2.538767
audio13.TextGrid,12,50,small,49.730,50.060,JJ,6.8943,5.51,4,0.226869
audio13.TextGrid,12,51,tuna,50.060,50.410,NN,3.9924,3.64,4,-4.721639
audio13.TextGrid,13,1,the,52.100,52.220,DT,1.8241,7.73,2,-2.413667
audio13.TextGrid,13,2,old,52.220,52.420,JJ,7.3292,5.75,3,0.924436
audio13.TextGrid,13,3,man,52.420,52.660,NN,7.6921,5.82,3,1.363947
audio13.TextGrid,13,4,held,52.660,52.890,VBD,7.0827,5.24,4,0.119770
audio13.TextGrid,13,5,the,52.890,52.970,DT,2.9209,7.73,2,-1.316867
audio13.TextGrid,13,6,line,52.970,53.260,NN,7.6819,5.49,3,0.992580
audio13.TextGrid,13,7,delicately,53.260,53.980,RB,5.6188,3.05,9,-3.740961
audio13.TextGrid,13,8,and,54.290,54.470,CC,3.7075,7.41,3,-0.880489
audio13.TextGrid,13,9,softly,54.470,55.060,RB,4.2176,3.77,6,-4.354162
audio13.TextGrid,13,10,with,55.060,55.230,IN,4.9984,6.85,3,-0.202477
audio13.TextGrid,13,11,his,55.230,55.390,PRP$,5.3298,6.51,3,-0.243188
audio13.TextGrid,13,12,left,55.390,55.640,JJ,10.8399,5.62,4,4.292858
audio13.TextGrid,13,13,hand,55.640,56.030,NN,8.1778,5.41,4,1.400925
audio13.TextGrid,13,14,unleashed,56.030,56.490,VBD,11.3467,3.47,6,2.446605
audio13.TextGrid,13,15,it,56.490,56.600,PRP,4.5329,6.95,2,-0.558533
audio13.TextGrid,13,16,from,56.600,56.770,IN,4.6145,6.63,4,-0.827155
audio13.TextGrid,13,17,the,56.770,56.830,DT,1.6935,7.73,2,-2.544267
audio13.TextGrid,13,18,stick,56.830,57.230,NN,14.5316,4.76,4,7.043337
audio13.TextGrid,14,1,now,58.170,58.440,RB,6.7634,6.18,2,0.829246
audio13.TextGrid,14,2,he,58.440,58.540,PRP,5.3385,6.69,2,-0.037488
audio13.TextGrid,14,3,could,58.540,58.690,MD,5.0884,6.06,3,-0.977087
audio13.TextGrid,14,4,let,58.690,58.840,VB,7.5267,5.6,3,0.957769
audio13.TextGrid,14,5,it,58.840,58.970,PRP,4.4501,6.95,2,-0.641333
audio13.TextGrid,14,6,run,58.970,59.190,VB,8.7709,5.49,3,2.081580
audio13.TextGrid,14,7,through,59.190,59.360,IN,6.9526,5.87,3,0.679169
audio13.TextGrid,14,8,his,59.360,59.550,PRP$,5.3330,6.51,3,-0.239988
audio13.TextGrid,14,9,fingers,59.550,60.100,NNS,10.3119,4.5,6,2.539082
audio13.TextGrid,14,10,without,60.100,60.330,IN,7.1441,5.69,5,0.673669
audio13.TextGrid,14,11,the,60.330,60.450,DT,1.6981,7.73,2,-2.539667
audio13.TextGrid,14,12,fish,60.450,60.770,JJ,5.0749,4.9,3,-2.260141
audio13.TextGrid,14,13,feeling,60.770,61.100,NN,11.1868,5.13,5,4.103481
audio13.TextGrid,14,14,any,61.100,61.270,DT,7.0063,6.07,3,0.951757
audio13.TextGrid,14,15,tension,61.270,61.840,NN,10.2489,4.22,6,2.169638
audio13.TextGrid,15,1,this,63.250,63.470,DT,4.8800,6.82,3,-0.353710
audio13.TextGrid,15,2,far,63.470,63.730,RB,8.8193,5.5,3,2.140925
audio13.TextGrid,15,3,out,63.730,64.070,IN,7.8643,6.38,2,2.149035
audio13.TextGrid,15,4,he,64.260,64.350,PRP,4.9040,6.69,2,-0.471988
audio13.TextGrid,15,5,must,64.350,64.550,MD,7.7270,5.68,4,1.245625
audio13.TextGrid,15,6,be,64.550,64.730,VB,3.7148,6.79,2,-1.551744
audio13.TextGrid,15,7,huge,64.730,65.310,JJ,8.7061,5.06,4,1.546170
audio13.TextGrid,15,8,in,65.310,65.410,IN,3.9249,7.27,2,-0.816311
audio13.TextGrid,15,9,this,65.410,65.600,DT,4.7593,6.82,3,-0.474410
audio13.TextGrid,15,10,month,65.600,65.910,NN,6.4506,5.25,4,-0.501386
audio13.TextGrid,15,11,he,65.980,66.130,PRP,6.7737,6.69,2,1.397712
audio13.TextGrid,15,12,thought,66.130,66.530,VBD,8.6705,5.59,3,2.090625
audio13.TextGrid,16,1,eat,67.290,67.450,VB,13.8346,5.13,2,6.751281
audio13.TextGrid,16,2,them,67.450,67.720,PRP,6.7009,6.19,3,0.777690
audio13.TextGrid,16,3,fish,67.720,68.100,JJ,6.0481,4.9,3,-1.286941
audio13.TextGrid,16,4,eat,68.520,68.650,VB,12.0662,5.13,2,4.982881
audio13.TextGrid,16,5,them,68.650,68.950,PRP,6.9464,6.19,3,1.023190
audio13.TextGrid,17,1,please,69.470,70.020,VB,14.3897,5.66,4,7.886436
audio13.TextGrid,17,2,eat,70.020,70.350,VB,11.5785,5.13,2,4.495181
audio13.TextGrid,17,3,them,70.350,70.560,PRP,6.8878,6.19,3,0.964590
audio13.TextGrid,17,4,how,71.490,71.610,WRB,7.5888,6.24,2,1.720313
audio13.TextGrid,17,5,fresh,71.610,72.060,JJ,9.8193,4.83,4,2.407648
audio13.TextGrid,17,6,they,72.090,72.270,PRP,6.3263,6.5,2,0.742368
audio13.TextGrid,17,7,are,72.270,72.580,VBP,4.0524,6.74,2,-1.268866
audio13.TextGrid,17,8,and,72.950,73.070,CC,4.2414,7.41,3,-0.346589
audio13.TextGrid,17,9,you,73.070,73.300,PRP,7.4283,6.98,2,2.369701
audio13.TextGrid,17,10,down,73.300,73.690,RP,6.7584,5.88,3,0.495913
audio13.TextGrid,17,11,there,73.690,73.900,RB,6.0647,6.31,3,0.272824
audio13.TextGrid,17,12,six,73.900,74.170,CD,8.7413,5.29,4,1.833092
audio13.TextGrid,17,13,hundred,74.170,74.500,VBD,8.5647,4.71,7,1.021715
audio13.TextGrid,17,14,feet,74.550,74.770,NNS,9.8903,4.99,3,2.653759
audio13.TextGrid,17,15,in,74.770,74.860,IN,3.1499,7.27,2,-1.591311
audio13.TextGrid,17,16,that,74.860,75.010,DT,4.8730,7.01,3,-0.152766
audio13.TextGrid,17,17,cold,75.010,75.350,JJ,10.1411,5.02,4,2.937392
audio13.TextGrid,17,18,water,75.350,75.660,NN,8.8936,5.52,4,2.237114
audio13.TextGrid,17,19,in,75.660,75.750,IN,3.2677,7.27,2,-1.473511
audio13.TextGrid,17,20,the,75.750,75.830,DT,1.6957,7.73,2,-2.542067
audio13.TextGrid,17,21,dark,75.830,76.270,NN,10.7230,5.04,4,3.541181
audio13.TextGrid,18,1,make,76.830,77.040,VB,9.9901,6.08,3,3.946502
audio13.TextGrid,18,2,another,77.040,77.330,DT,7.0078,5.74,5,0.592091
audio13.TextGrid,18,3,turn,77.330,77.660,NN,9.5031,5.32,3,2.627725
audio13.TextGrid,18,4,in,77.660,77.760,IN,3.3945,7.27,2,-1.346711
audio13.TextGrid,18,5,the,77.760,77.830,DT,1.6973,7.73,2,-2.540467
audio13.TextGrid,18,6,dark,77.830,78.210,NN,10.7240,5.04,4,3.542181
audio13.TextGrid,18,7,and,78.210,78.290,CC,3.9096,7.41,2,-0.678389
audio13.TextGrid,18,8,come,78.290,78.540,VB,10.6584,5.78,3,4.286469
audio13.TextGrid,18,9,back,78.540,78.810,RB,7.9098,6.04,3,1.822424
audio13.TextGrid,18,10,and,78.920,79.220,CC,3.6817,7.41,3,-0.906289
audio13.TextGrid,18,11,eat,79.220,79.370,VB,10.9774,5.13,2,3.894081
audio13.TextGrid,18,12,them,79.410,79.710,PRP,6.9191,6.19,3,0.995890
audio13.TextGrid,19,1,he,81.490,81.600,PRP,4.5353,6.69,2,-0.840688
audio13.TextGrid,19,2,felt,81.600,81.790,VBD,8.2416,5.13,4,1.158281
audio13.TextGrid,19,3,the,81.790,81.900,DT,2.5389,7.73,2,-1.698867
audio13.TextGrid,19,4,light,81.900,82.100,JJ,7.7238,5.33,3,0.859369
audio13.TextGrid,19,5,delicate,82.100,82.560,NN,4.3609,4.01,7,-3.948196
audio13.TextGrid,19,6,pulling,82.560,82.980,NN,11.2544,4.35,5,3.317415
audio13.TextGrid,19,7,and,83.120,83.240,CC,4.0221,7.41,2,-0.565889
audio13.TextGrid,19,8,then,83.240,83.370,RB,7.2997,6.07,3,1.245157
audio13.TextGrid,19,9,a,83.370,83.400,DT,4.4614,7.36,1,-0.181311
audio13.TextGrid,19,10,harder,83.400,83.780,NN,10.0053,4.57,5,2.309093
audio13.TextGrid,19,11,pull,83.780,84.140,NN,11.6550,4.82,3,4.232403
audio13.TextGrid,19,12,when,84.140,84.280,WRB,6.5231,6.37,3,0.796890
audio13.TextGrid,19,13,a,84.280,84.340,DT,2.8487,7.36,1,-1.794011
audio13.TextGrid,19,14,sardine,84.340,84.830,NN,4.1380,2.66,6,-5.648594
audio13.TextGrid,19,15,s,84.830,84.920,JJ,6.5176,5.86,1,0.233224
audio13.TextGrid,19,16,head,84.920,85.160,NN,8.2569,5.51,3,1.589469
audio13.TextGrid,19,17,must,85.160,85.330,MD,7.2145,5.68,4,0.733125
audio13.TextGrid,19,18,have,85.330,85.420,VB,3.8736,6.71,3,-1.480499
audio13.TextGrid,19,19,been,85.420,85.580,VBN,5.9264,6.27,3,0.090746
audio13.TextGrid,19,20,more,85.580,85.750,RBR,6.0766,6.36,3,0.339446
audio13.TextGrid,19,21,difficult,85.750,86.230,JJ,8.3246,5.07,8,1.175614
audio13.TextGrid,19,22,to,86.230,86.300,TO,3.0928,7.43,2,-1.473300
audio13.TextGrid,19,23,break,86.300,86.570,VB,8.8529,5.18,4,1.824303
audio13.TextGrid,19,24,from,86.570,86.760,IN,5.1524,6.63,3,-0.289255
audio13.TextGrid,19,25,the,86.760,86.860,DT,1.7128,7.73,2,-2.524967
audio13.TextGrid,19,26,hook,86.860,87.220,NN,9.5454,4.37,3,1.630304
audio13.TextGrid,20,1,then,88.080,88.240,RB,7.4856,6.07,3,1.431057
audio13.TextGrid,20,2,there,88.240,88.330,EX,6.3065,6.31,3,0.514624
audio13.TextGrid,20,3,was,88.330,88.520,VBD,4.0250,6.82,3,-1.208710
audio13.TextGrid,20,4,nothing,88.520,88.900,NN,10.4459,5.55,5,3.822247
audio13.TextGrid,21,1,come,90.370,90.570,VBN,10.6226,5.78,3,4.250669
audio13.TextGrid,21,2,on,90.570,90.930,IN,4.6963,6.91,2,-0.438910
audio13.TextGrid,21,3,the,91.210,91.340,DT,1.6904,7.73,2,-2.547367
audio13.TextGrid,21,4,old,91.340,91.540,JJ,7.3264,5.75,3,0.921636
audio13.TextGrid,21,5,man,91.540,91.770,NN,7.6919,5.82,3,1.363747
audio13.TextGrid,21,6,said,91.770,91.970,VBD,5.2958,6.01,3,-0.824409
audio13.TextGrid,21,7,aloud,91.970,92.400,JJ,5.8175,3.51,4,-3.038817
audio13.TextGrid,22,1,make,93.060,93.280,VB,9.9901,6.08,3,3.946502
audio13.TextGrid,22,2,another,93.280,93.570,DT,7.0078,5.74,5,0.592091
audio13.TextGrid,22,3,turn,93.570,94.090,NN,9.5031,5.32,3,2.627725
audio13.TextGrid,22,4,just,94.790,95.210,RB,7.2204,6.43,4,1.559857
audio13.TextGrid,22,5,smell,95.210,95.700,VB,4.3132,4.49,4,-3.470563
audio13.TextGrid,22,6,them,95.700,96.000,PRP,6.4965,6.19,3,0.573290
audio13.TextGrid,22,7,aren,96.740,96.990,RP,6.0595,2.81,4,-3.562927
audio13.TextGrid,23,1,t,96.990,97.090,NN,5.9246,5.43,1,-0.830386
audio13.TextGrid,23,2,they,97.090,97.210,PRP,7.4084,6.5,2,1.824468
audio13.TextGrid,23,3,lovely,97.210,97.780,RB,11.9349,4.74,5,4.424748
audio13.TextGrid,23,4,eat,98.500,98.670,VBP,12.7983,5.13,2,5.714981
audio13.TextGrid,23,5,them,98.670,98.890,PRP,6.9064,6.19,3,0.983190
audio13.TextGrid,23,6,good,98.890,99.180,JJ,8.3143,6.12,3,2.314479
audio13.TextGrid,23,7,now,99.180,99.530,RB,8.0248,6.18,2,2.090646
audio13.TextGrid,24,1,and,99.940,100.020,CC,3.7036,7.41,2,-0.884389
audio13.TextGrid,24,2,then,100.020,100.350,RB,6.4220,6.07,3,0.367457
audio13.TextGrid,24,3,there,100.350,100.490,EX,7.4500,6.31,3,1.658124
audio13.TextGrid,24,4,is,100.490,100.630,VBZ,3.4627,7.07,2,-1.497400
audio13.TextGrid,24,5,the,100.630,100.730,DT,2.6256,7.73,2,-1.612167
audio13.TextGrid,24,6,tuna,100.730,101.210,JJ,5.0791,3.64,4,-3.634939
audio13.TextGrid,24,7,hard,101.740,102.280,NN,9.1578,5.53,4,2.512258
audio13.TextGrid,24,8,and,102.280,102.430,CC,3.8170,7.41,2,-0.770989
audio13.TextGrid,24,9,cold,102.430,102.880,NN,10.0976,5.02,4,2.893892
audio13.TextGrid,24,10,and,102.880,103.010,CC,3.7567,7.41,2,-0.831289
audio13.TextGrid,24,11,lovely,103.010,103.560,RB,10.1187,4.74,5,2.608548
audio13.TextGrid,25,1,don,104.320,104.520,NN,11.1384,4.6,3,3.475026
audio13.TextGrid,25,2,t,104.520,104.570,NN,6.0039,5.43,1,-0.751086
audio13.TextGrid,25,3,be,104.570,104.700,VB,5.4154,6.79,2,0.148856
audio13.TextGrid,25,4,shy,104.700,105.050,JJ,5.7028,4.16,2,-2.442129
audio13.TextGrid,25,5,fish,105.050,105.430,NN,5.2490,4.9,3,-2.086041
audio13.TextGrid,26,1,eat,105.910,106.030,VB,13.8346,5.13,2,6.751281
audio13.TextGrid,26,2,them,106.030,106.370,PRP,6.7009,6.19,3,0.777690
audio13.TextGrid,26,3,he,109.040,109.150,PRP,5.6524,6.69,2,0.276412
audio13.TextGrid,26,4,waited,109.150,109.480,VBD,10.0537,4.26,5,2.018215
audio13.TextGrid,26,5,with,109.480,109.600,IN,5.2163,6.85,3,0.015423
audio13.TextGrid,26,6,the,109.600,109.690,DT,1.7440,7.73,2,-2.493767
audio13.TextGrid,26,7,line,109.690,109.980,NN,7.6733,5.49,3,0.983980
audio13.TextGrid,26,8,between,109.980,110.280,IN,7.0776,5.77,6,0.694724
audio13.TextGrid,26,9,his,110.280,110.440,PRP$,5.3094,6.51,3,-0.263588
audio13.TextGrid,26,10,thumb,110.440,110.700,NN,4.2574,4.01,3,-4.051696
audio13.TextGrid,26,11,and,110.700,110.820,CC,4.3075,7.41,3,-0.280489
audio13.TextGrid,26,12,his,110.820,111.000,PRP$,5.8319,6.51,3,0.258912
audio13.TextGrid,26,13,finger,111.000,111.390,NN,4.2575,4.48,5,-3.537207
audio13.TextGrid,26,14,watching,111.590,111.970,VBG,11.1284,5.02,5,3.924692
audio13.TextGrid,26,15,it,111.970,112.200,PRP,4.4651,6.95,2,-0.626333
audio13.TextGrid,26,16,and,112.200,112.290,CC,4.1823,7.41,2,-0.405689
audio13.TextGrid,26,17,the,112.290,112.420,DT,2.2416,7.73,2,-1.996167
audio13.TextGrid,26,18,other,112.420,112.600,JJ,5.7832,6.16,3,-0.172843
audio13.TextGrid,26,19,lines,112.600,112.930,NNS,8.6543,4.95,4,1.373981
audio13.TextGrid,26,20,at,112.930,112.990,IN,4.9028,6.7,2,-0.462244
audio13.TextGrid,26,21,the,112.990,113.080,DT,1.6914,7.73,2,-2.546367
audio13.TextGrid,26,22,same,113.080,113.340,JJ,7.1122,5.8,3,0.762158
audio13.TextGrid,26,23,time,113.340,113.790,NN,5.9413,6.29,3,0.127535
audio13.TextGrid,26,24,for,113.790,113.930,IN,3.9739,7.01,2,-1.051866
audio13.TextGrid,26,25,the,113.930,114.030,DT,1.6908,7.73,2,-2.546967
audio13.TextGrid,26,26,fish,114.030,114.270,NN,4.1359,4.9,3,-3.199141
audio13.TextGrid,26,27,might,114.270,114.430,MD,7.2652,5.66,3,0.761936
audio13.TextGrid,26,28,have,114.430,114.550,VB,3.8843,6.71,3,-1.469799
audio13.TextGrid,26,29,swum,114.550,114.840,VBN,5.9123,2.43,4,-4.126016
audio13.TextGrid,26,30,up,114.840,115.010,RP,5.0773,6.39,2,-0.627021
audio13.TextGrid,26,31,or,115.010,115.110,CC,5.8382,6.54,2,0.298046
audio13.TextGrid,26,32,down,115.110,115.580,IN,6.8320,5.88,3,0.569513
audio13.TextGrid,27,1,then,116.500,116.760,RB,7.4856,6.07,3,1.431057
audio13.TextGrid,27,2,came,116.760,117.070,VBD,7.9811,5.5,3,1.302725
audio13.TextGrid,27,3,the,117.070,117.140,DT,2.4516,7.73,2,-1.786167
audio13.TextGrid,27,4,same,117.140,117.570,JJ,7.1154,5.8,3,0.765358
audio13.TextGrid,27,5,delicate,117.570,118.090,NN,3.9916,4.01,7,-4.317496
audio13.TextGrid,27,6,pulling,118.130,118.480,VBG,11.2162,4.35,5,3.279215
audio13.TextGrid,27,7,touch,118.480,118.810,NN,11.0999,4.91,3,3.775803
audio13.TextGrid,27,8,again,118.810,119.130,RB,8.0615,5.7,4,1.602013
audio13.TextGrid,28,1,he,119.130,119.210,PRP,4.5353,6.69,2,-0.840688
audio13.TextGrid,28,2,ll,121.090,121.220,MD,4.2179,4.66,2,-3.379807
audio13.TextGrid,28,3,take,121.220,121.510,VB,5.6108,5.92,3,-0.607909
audio13.TextGrid,28,4,it,121.510,121.780,PRP,4.4228,6.95,2,-0.668633
audio13.TextGrid,28,5,the,122.070,122.170,DT,3.8276,7.73,2,-0.410167
audio13.TextGrid,28,6,old,122.170,122.360,JJ,7.3408,5.75,3,0.936036
audio13.TextGrid,28,7,man,122.360,122.580,NN,7.6965,5.82,3,1.368347
audio13.TextGrid,28,8,said,122.580,122.770,VBD,4.4628,6.01,3,-1.657409
audio13.TextGrid,28,9,aloud,122.770,123.170,JJ,5.8359,3.51,4,-3.020417
audio13.TextGrid,29,1,god,124.040,124.390,NN,11.1384,5.57,3,4.536636
audio13.TextGrid,29,2,help,124.390,124.650,VBZ,7.2651,5.75,4,0.860336
audio13.TextGrid,29,3,him,124.650,124.760,PRP,8.0276,6.11,2,2.016835
audio13.TextGrid,29,4,to,124.760,124.890,TO,3.5419,7.43,2,-1.024200
audio13.TextGrid,29,5,take,124.890,125.160,VB,6.4853,5.92,3,0.266591
audio13.TextGrid,29,6,it,125.160,125.370,PRP,4.4245,6.95,2,-0.666933
audio13.TextGrid,30,1,he,126.930,127.070,PRP,4.5353,6.69,2,-0.840688
audio13.TextGrid,30,2,did,127.070,127.210,VBD,5.6940,5.96,3,-0.480931
audio13.TextGrid,30,3,not,127.210,127.460,RB,5.4771,6.69,3,0.101112
audio13.TextGrid,30,4,take,127.460,127.600,VB,6.3909,5.92,3,0.172191
audio13.TextGrid,30,5,it,127.600,127.690,PRP,4.4278,6.95,2,-0.663633
audio13.TextGrid,31,1,though,127.690,127.940,IN,8.0782,5.5,2,1.399825
audio13.TextGrid,31,2,he,128.340,128.450,PRP,4.6236,6.69,2,-0.752388
audio13.TextGrid,31,3,was,128.450,128.630,VBD,5.1218,6.82,3,-0.111910
audio13.TextGrid,31,4,gone,128.630,129.050,VBN,10.2642,5.17,3,3.224659
audio13.TextGrid,31,5,and,129.290,129.400,CC,3.9606,7.41,2,-0.627389
audio13.TextGrid,31,6,the,129.400,129.500,DT,2.9635,7.73,2,-1.274267
audio13.TextGrid,31,7,old,129.500,129.690,JJ,7.3320,5.75,3,0.927236
audio13.TextGrid,31,8,man,129.690,129.900,NN,7.6930,5.82,3,1.364847
audio13.TextGrid,31,9,felt,129.900,130.160,VBD,8.7860,5.13,4,1.702681
audio13.TextGrid,31,10,nothing,130.160,130.610,NN,10.4528,5.55,5,3.829147
audio13.TextGrid,32,1,he,132.080,132.180,PRP,4.5353,6.69,2,-0.840688
audio13.TextGrid,32,2,can,132.180,132.400,MD,5.3091,6.46,3,-0.318610
audio13.TextGrid,32,3,t,132.400,132.430,VB,3.7171,5.43,1,-3.037886
audio13.TextGrid,32,4,have,132.430,132.530,VB,5.7075,6.71,3,0.353401
audio13.TextGrid,32,5,gone,132.530,132.900,VBN,9.9423,5.17,3,2.902759
audio13.TextGrid,32,6,he,133.230,133.360,PRP,5.8598,6.69,2,0.483812
audio13.TextGrid,32,7,said,133.360,133.670,VBD,5.3794,6.01,3,-0.740809
audio13.TextGrid,33,1,christ,134.180,134.660,NN,5.9246,4.79,5,-1.530830
audio13.TextGrid,33,2,knows,134.660,135.040,VBZ,9.0274,5.07,3,1.878414
audio13.TextGrid,33,3,he,135.040,135.120,PRP,5.3684,6.69,2,-0.007588
audio13.TextGrid,33,4,can,135.120,135.330,MD,6.7731,6.46,3,1.145390
audio13.TextGrid,33,5,t,135.330,135.360,VB,3.7233,5.43,1,-3.031686
audio13.TextGrid,33,6,have,135.360,135.450,VB,5.7012,6.71,3,0.347101
audio13.TextGrid,33,7,gone,135.450,135.820,VBN,9.9386,5.17,3,2.899059
audio13.TextGrid,34,1,he,136.430,136.550,PRP,4.5353,6.69,2,-0.840688
audio13.TextGrid,34,2,s,136.550,136.590,VBD,3.3819,5.86,1,-2.902476
audio13.TextGrid,34,3,making,136.590,136.900,VBG,8.2018,5.54,5,1.567202
audio13.TextGrid,34,4,a,136.900,136.960,DT,3.1365,7.36,1,-1.506211
audio13.TextGrid,34,5,turn,136.960,137.500,NN,9.5219,5.32,3,2.646525
audio13.TextGrid,35,1,maybe,138.330,138.650,RB,9.9133,5.45,4,3.180203
audio13.TextGrid,35,2,he,138.650,138.780,PRP,5.3385,6.69,2,-0.037488
audio13.TextGrid,35,3,has,138.780,138.930,VBZ,4.0746,6.37,3,-1.651610
audio13.TextGrid,35,4,been,138.930,139.100,VBN,5.9193,6.27,3,0.083646
audio13.TextGrid,35,5,hooked,139.100,139.320,VBN,6.9107,3.92,4,-1.496895
audio13.TextGrid,35,6,before,139.320,139.800,IN,6.1678,5.93,5,-0.039965
audio13.TextGrid,35,7,and,139.800,139.900,CC,5.6077,7.41,3,1.019711
audio13.TextGrid,35,8,he,139.900,140.010,PRP,5.7849,6.69,2,0.408912
audio13.TextGrid,35,9,remembers,140.010,140.580,VBZ,3.4545,3.93,8,-4.942151
audio13.TextGrid,35,10,something,140.580,140.960,NN,10.1200,5.81,6,3.780902
audio13.TextGrid,35,11,of,140.960,141.090,IN,3.3742,7.4,2,-1.224733
audio13.TextGrid,35,12,it,141.090,141.260,PRP,3.8016,6.95,2,-1.289833
audio13.TextGrid,36,1,then,143.500,143.730,RB,7.4856,6.07,3,1.431057
audio13.TextGrid,36,2,he,143.730,143.850,PRP,5.3385,6.69,2,-0.037488
audio13.TextGrid,36,3,felt,143.850,144.030,VBD,8.2736,5.13,4,1.190281
audio13.TextGrid,36,4,the,144.030,144.140,DT,2.5323,7.73,2,-1.705467
audio13.TextGrid,36,5,gentle,144.140,144.450,JJ,10.7254,4.17,6,2.591415
audio13.TextGrid,36,6,touch,144.450,144.750,NN,10.0538,4.91,3,2.729703
audio13.TextGrid,36,7,on,144.750,144.850,IN,4.5556,6.91,2,-0.579610
audio13.TextGrid,36,8,the,144.850,144.920,DT,1.7005,7.73,2,-2.537267
audio13.TextGrid,36,9,line,144.920,145.340,NN,7.6705,5.49,3,0.981180
audio13.TextGrid,36,10,and,145.610,145.720,CC,4.4155,7.41,2,-0.172489
audio13.TextGrid,36,11,he,145.720,145.810,PRP,4.9547,6.69,2,-0.421288
audio13.TextGrid,36,12,was,145.810,145.960,VBD,4.5334,6.82,3,-0.700310
audio13.TextGrid,36,13,happy,145.960,146.440,JJ,11.5101,5.35,4,4.667558
audio13.TextGrid,37,1,it,147.410,147.560,PRP,3.8912,6.95,2,-1.200233
audio13.TextGrid,37,2,was,147.560,147.670,VBD,3.9158,6.82,3,-1.317910
audio13.TextGrid,37,3,only,147.670,147.910,RB,6.0839,6.12,4,0.084079
audio13.TextGrid,37,4,his,147.910,148.110,PRP$,7.4209,6.51,3,1.847912
audio13.TextGrid,37,5,turn,148.110,148.590,NN,9.6516,5.32,3,2.776225
audio13.TextGrid,37,6,he,148.850,148.970,PRP,6.7479,6.69,2,1.371912
audio13.TextGrid,37,7,said,148.970,149.310,VBD,4.5001,6.01,3,-1.620109
audio13.TextGrid,37,8,he,149.310,149.390,PRP,5.1869,6.69,2,-0.189088
audio13.TextGrid,37,9,ll,149.770,149.880,MD,5.1202,4.66,2,-2.477507
audio13.TextGrid,37,10,take,149.880,150.190,VB,5.6142,5.92,3,-0.604509
audio13.TextGrid,37,11,it,150.190,150.390,PRP,4.4171,6.95,2,-0.674333
audio13.TextGrid,38,1,he,152.250,152.360,PRP,4.5353,6.69,2,-0.840688
audio13.TextGrid,38,2,was,152.360,152.500,VBD,3.9158,6.82,3,-1.317910
audio13.TextGrid,38,3,happy,152.500,152.880,JJ,11.5247,5.35,4,4.682158
audio13.TextGrid,38,4,feeling,152.880,153.220,VBG,10.4025,5.13,5,3.319181
audio13.TextGrid,38,5,the,153.220,153.280,DT,2.3481,7.73,2,-1.889667
audio13.TextGrid,38,6,gentle,153.280,153.590,JJ,10.7259,4.17,6,2.591915
audio13.TextGrid,38,7,pulling,153.590,154.040,NN,12.3351,4.35,5,4.398115
audio13.TextGrid,38,8,and,154.380,154.470,CC,3.9941,7.41,2,-0.593889
audio13.TextGrid,38,9,then,154.470,154.620,RB,7.6928,6.07,3,1.638257
audio13.TextGrid,38,10,he,154.620,154.740,PRP,6.4720,6.69,2,1.096012
audio13.TextGrid,38,11,felt,154.740,154.950,VBD,9.6336,5.13,4,2.550281
audio13.TextGrid,38,12,something,154.950,155.270,NN,9.7633,5.81,6,3.424202
audio13.TextGrid,38,13,hard,155.270,155.750,JJ,9.2147,5.53,4,2.569158
audio13.TextGrid,38,14,and,155.750,156.000,CC,3.6578,7.41,3,-0.930189
audio13.TextGrid,38,15,unbelievably,156.000,156.740,RB,4.6565,3.42,11,-4.298317
audio13.TextGrid,38,16,heavy,156.740,157.120,JJ,9.1763,4.96,4,1.906925
audio13.TextGrid,39,1,it,158.120,158.230,PRP,3.8912,6.95,2,-1.200233
audio13.TextGrid,39,2,was,158.230,158.480,VBD,3.9158,6.82,3,-1.317910
audio13.TextGrid,39,3,the,158.480,158.550,DT,2.4587,7.73,2,-1.779067
audio13.TextGrid,39,4,weight,158.550,158.830,NN,10.2396,5.02,3,3.035892
audio13.TextGrid,39,5,of,158.830,158.910,IN,3.1714,7.4,2,-1.427533
audio13.TextGrid,39,6,the,158.910,159.010,DT,1.6958,7.73,2,-2.541967
audio13.TextGrid,39,7,fish,159.010,159.420,NN,4.1369,4.9,3,-3.198141
audio13.TextGrid,39,8,and,159.680,159.810,CC,4.5034,7.41,2,-0.084589
audio13.TextGrid,39,9,he,159.810,159.890,PRP,4.9816,6.69,2,-0.394388
audio13.TextGrid,39,10,let,159.890,160.050,VB,8.4388,5.6,3,1.869869
audio13.TextGrid,39,11,the,160.050,160.140,DT,2.3529,7.73,2,-1.884867
audio13.TextGrid,39,12,line,160.140,160.410,NN,7.6728,5.49,3,0.983480
audio13.TextGrid,39,13,slip,160.410,160.710,VBP,11.7201,4.28,4,3.706504
audio13.TextGrid,39,14,down,160.730,161.340,RP,6.3259,5.88,3,0.063413
audio13.TextGrid,39,15,down,161.450,161.960,RB,6.7455,5.88,3,0.483013
audio13.TextGrid,40,1,down,162.410,162.900,RB,7.4625,5.88,3,1.200013
audio13.TextGrid,40,2,unrolling,163.240,163.910,VBG,7.8831,1.94,7,-2.691493
audio13.TextGrid,40,3,off,163.910,164.130,RP,6.2103,5.93,2,0.002535
audio13.TextGrid,40,4,the,164.130,164.270,DT,2.3293,7.73,2,-1.908467
audio13.TextGrid,40,5,first,164.270,164.590,JJ,6.1609,6.11,4,0.150135
audio13.TextGrid,40,6,of,164.590,164.660,IN,4.7172,7.4,2,0.118267
audio13.TextGrid,40,7,the,164.660,164.750,DT,1.7025,7.73,2,-2.535267
audio13.TextGrid,40,8,two,164.750,164.890,CD,7.2483,6.1,2,1.226591
audio13.TextGrid,40,9,reserve,164.890,165.320,NN,9.5018,4.6,5,1.838426
audio13.TextGrid,41,1,coils,165.320,165.820,NNS,6.9453,3.36,4,-2.075184
audio13.TextGrid,41,2,as,165.820,165.880,IN,5.3541,6.77,2,0.065668
audio13.TextGrid,41,3,it,167.000,167.170,PRP,3.8806,6.95,2,-1.210833
audio13.TextGrid,41,4,went,167.170,167.400,VBD,7.4840,5.5,4,0.805625
audio13.TextGrid,41,5,down,167.400,167.860,RB,6.3409,5.88,3,0.078413
audio13.TextGrid,41,6,slipping,167.860,168.280,VBG,7.5438,3.69,6,-1.115517
audio13.TextGrid,41,7,lightly,168.280,168.700,RB,4.9560,3.96,5,-3.407818
audio13.TextGrid,41,8,through,168.700,168.860,IN,7.3787,5.87,3,1.105269
audio13.TextGrid,41,9,the,168.860,169.000,DT,1.7449,7.73,2,-2.492867
audio13.TextGrid,41,10,old,169.000,169.180,JJ,7.3318,5.75,3,0.927036
audio13.TextGrid,41,11,man,169.180,169.400,NN,7.6965,5.82,3,1.368347
audio13.TextGrid,41,12,s,169.400,169.490,VBZ,4.8571,5.86,1,-1.427276
audio13.TextGrid,41,13,fingers,169.490,169.920,NNS,12.4544,4.5,6,4.681582
audio13.TextGrid,42,1,he,169.990,170.050,PRP,4.5353,6.69,2,-0.840688
audio13.TextGrid,42,2,still,170.470,170.690,RB,7.9269,5.92,4,1.708191
audio13.TextGrid,42,3,could,170.690,171.070,MD,5.7668,6.06,3,-0.298687
audio13.TextGrid,42,4,feel,171.070,171.310,VB,7.2567,5.67,3,0.764380
audio13.TextGrid,42,5,the,171.310,171.410,DT,2.6097,7.73,2,-1.628067
audio13.TextGrid,42,6,great,171.410,171.800,JJ,7.7285,5.88,4,1.466013
audio13.TextGrid,42,7,weight,171.800,172.160,NN,10.2871,5.02,3,3.083392
audio13.TextGrid,43,1,though,172.610,172.750,IN,8.0782,5.5,2,1.399825
audio13.TextGrid,43,2,the,172.750,172.840,DT,1.8735,7.73,2,-2.364267
audio13.TextGrid,43,3,pressure,172.840,173.210,NN,7.4079,5.01,5,0.193248
audio13.TextGrid,43,4,of,173.210,173.300,IN,3.5341,7.4,2,-1.064833
audio13.TextGrid,43,5,his,173.300,173.450,PRP$,5.3331,6.51,3,-0.239888
audio13.TextGrid,43,6,thumb,173.450,173.660,NN,4.2573,4.01,3,-4.051796
audio13.TextGrid,43,7,and,173.660,173.780,CC,3.4867,7.41,3,-1.101289
audio13.TextGrid,43,8,finger,173.780,174.100,NN,5.6499,4.48,5,-2.144807
audio13.TextGrid,43,9,were,174.100,174.320,VBD,5.5002,6.34,2,-0.258843
audio13.TextGrid,43,10,almost,174.320,174.720,RB,7.2601,5.39,6,0.461336
audio13.TextGrid,43,11,imperceptible,174.720,175.530,JJ,5.7601,2.49,12,-4.212549
audio13.TextGrid,44,1,what,177.000,177.160,WP,6.9013,6.38,3,1.186035
audio13.TextGrid,44,2,a,177.160,177.220,DT,4.3187,7.36,1,-0.324011
audio13.TextGrid,44,3,fish,177.220,177.740,NN,4.1443,4.9,3,-3.190741
audio13.TextGrid,44,4,he,177.990,178.110,PRP,7.0230,6.69,2,1.647012
audio13.TextGrid,44,5,said,178.110,178.490,VBD,3.5579,6.01,3,-2.562309
audio13.TextGrid,45,1,he,179.080,179.190,PRP,4.5353,6.69,2,-0.840688
audio13.TextGrid,45,2,has,179.190,179.380,VBZ,4.0433,6.37,3,-1.682910
audio13.TextGrid,45,3,it,179.380,179.500,PRP,4.7253,6.95,2,-0.366133
audio13.TextGrid,45,4,sideways,179.500,180.060,VBZ,4.8303,3.54,6,-3.993184
audio13.TextGrid,45,5,in,180.060,180.160,IN,3.8935,7.27,2,-0.847711
audio13.TextGrid,45,6,his,180.160,180.310,PRP$,5.3742,6.51,3,-0.198788
audio13.TextGrid,45,7,mouth,180.310,180.670,NN,4.2570,4.83,3,-3.154652
audio13.TextGrid,45,8,now,180.670,180.980,RB,7.1821,6.18,2,1.247946
audio13.TextGrid,46,1,and,181.430,181.530,CC,3.7036,7.41,2,-0.884389
audio13.TextGrid,46,2,he,181.530,181.630,PRP,4.7461,6.69,2,-0.629888
audio13.TextGrid,46,3,is,181.630,181.730,VBZ,3.3247,7.07,2,-1.635400
audio13.TextGrid,46,4,moving,181.730,182.010,VBG,9.5632,5.02,5,2.359492
audio13.TextGrid,46,5,off,182.010,182.260,RP,6.0504,5.93,2,-0.157365
audio13.TextGrid,46,6,with,182.260,182.380,IN,5.0487,6.85,3,-0.152177
audio13.TextGrid,46,7,it,182.380,182.620,PRP,3.7972,6.95,2,-1.294233
audio14.TextGrid,1,1,then,1.320,1.530,RB,7.4856,6.07,3,1.431057
audio14.TextGrid,1,2,he,1.530,1.630,PRP,5.3385,6.69,2,-0.037488
audio14.TextGrid,1,3,will,1.630,1.790,MD,4.2493,6.45,3,-1.389354
audio14.TextGrid,1,4,turn,1.790,2.180,VB,7.7972,5.32,3,0.921825
audio14.TextGrid,1,5,and,2.180,2.290,CC,4.0785,7.41,2,-0.509489
audio14.TextGrid,1,6,swallow,2.290,2.730,VB,9.6858,3.87,5,1.223482
audio14.TextGrid,1,7,it,2.730,2.900,PRP,4.4206,6.95,2,-0.670833
audio14.TextGrid,1,8,he,2.990,3.110,PRP,6.4328,6.69,2,1.056812
audio14.TextGrid,1,9,thought,3.110,3.470,VBD,8.6736,5.59,3,2.093725
audio14.TextGrid,2,1,he,4.380,4.490,PRP,4.5353,6.69,2,-0.840688
audio14.TextGrid,2,2,did,4.490,4.620,VBD,5.6940,5.96,3,-0.480931
audio14.TextGrid,2,3,not,4.620,4.810,RB,5.4771,6.69,3,0.101112
audio14.TextGrid,2,4,say,4.810,5.070,VB,6.1115,5.89,2,-0.140042
audio14.TextGrid,2,5,that,5.070,5.240,IN,4.4329,7.01,3,-0.592866
audio14.TextGrid,2,6,because,5.240,5.660,IN,7.8321,6.03,5,1.733780
audio14.TextGrid,2,7,he,5.660,5.790,PRP,4.6356,6.69,2,-0.740388
audio14.TextGrid,2,8,knew,5.790,6.030,VBD,10.1724,5.2,3,3.165692
audio14.TextGrid,2,9,that,6.030,6.180,IN,4.1997,7.01,3,-0.826066
audio14.TextGrid,2,10,if,6.180,6.290,IN,7.7698,6.47,2,2.153035
audio14.TextGrid,2,11,you,6.290,6.390,PRP,5.7899,6.98,2,0.731301
audio14.TextGrid,2,12,said,6.390,6.610,VBD,4.7683,6.01,3,-1.351909
audio14.TextGrid,2,13,a,6.610,6.660,DT,3.2660,7.36,1,-1.376711
audio14.TextGrid,2,14,good,6.660,6.940,JJ,6.9579,6.12,3,0.958079
audio14.TextGrid,2,15,thing,6.940,7.240,NN,7.5099,5.72,3,1.072302
audio14.TextGrid,2,16,it,7.240,7.380,PRP,5.5152,6.95,2,0.423767
audio14.TextGrid,2,17,might,7.380,7.630,MD,6.4954,5.66,3,-0.007864
audio14.TextGrid,2,18,not,7.630,7.810,RB,6.1867,6.69,3,0.810712
audio14.TextGrid,2,19,happen,7.810,8.240,VB,8.7132,5.19,5,1.695547
audio14.TextGrid,3,1,he,9.000,9.120,PRP,4.5353,6.69,2,-0.840688
audio14.TextGrid,3,2,knew,9.120,9.290,VBD,8.7225,5.2,3,1.715792
audio14.TextGrid,3,3,what,9.290,9.600,WP,6.3195,6.38,3,0.604235
audio14.TextGrid,3,4,a,9.600,9.630,DT,4.3135,7.36,1,-0.329211
audio14.TextGrid,3,5,huge,9.630,10.020,JJ,8.0201,5.06,3,0.860170
audio14.TextGrid,3,6,fish,10.020,10.320,NN,3.9926,4.9,3,-3.342441
audio14.TextGrid,3,7,this,10.320,10.590,DT,7.1768,6.82,3,1.943090
audio14.TextGrid,3,8,was,10.590,11.010,VBD,7.5379,6.82,3,2.304190
audio14.TextGrid,3,9,and,11.150,11.280,CC,3.9380,7.41,3,-0.649989
audio14.TextGrid,3,10,he,11.280,11.350,PRP,6.2297,6.69,2,0.853712
audio14.TextGrid,3,11,thought,11.350,11.580,VBD,8.4812,5.59,3,1.901325
audio14.TextGrid,3,12,of,11.580,11.710,IN,3.0908,7.4,2,-1.508133
audio14.TextGrid,3,13,him,11.710,11.900,PRP,7.3978,6.11,2,1.387035
audio14.TextGrid,3,14,moving,11.900,12.210,VBG,9.9511,5.02,5,2.747392
audio14.TextGrid,3,15,away,12.210,12.520,RB,7.5224,5.62,3,0.975358
audio14.TextGrid,3,16,in,12.520,12.620,IN,3.4843,7.27,2,-1.256911
audio14.TextGrid,3,17,the,12.620,12.690,DT,1.7189,7.73,2,-2.518867
audio14.TextGrid,3,18,darkness,12.690,13.250,NN,4.1386,4.3,7,-3.853107
audio14.TextGrid,3,19,with,13.250,13.380,IN,4.9001,6.85,3,-0.300777
audio14.TextGrid,3,20,the,13.380,13.440,DT,1.7011,7.73,2,-2.536667
audio14.TextGrid,3,21,tuna,13.440,13.730,NN,4.1375,3.64,4,-4.576539
audio14.TextGrid,3,22,held,13.730,14.030,VBD,8.4453,5.24,4,1.482370
audio14.TextGrid,3,23,crosswise,14.030,14.640,NN,6.2920,2.21,7,-3.987093
audio14.TextGrid,3,24,in,14.640,14.750,IN,3.3942,7.27,2,-1.347011
audio14.TextGrid,3,25,his,14.750,14.890,PRP$,5.3139,6.51,3,-0.259088
audio14.TextGrid,3,26,mouth,14.890,15.260,NN,4.2574,4.83,3,-3.154252
audio14.TextGrid,4,1,at,15.260,15.330,IN,5.5118,6.7,2,0.146756
audio14.TextGrid,4,2,that,16.370,16.670,DT,4.7675,7.01,3,-0.258266
audio14.TextGrid,4,3,moment,16.670,17.030,NN,9.7093,5.24,6,2.746370
audio14.TextGrid,4,4,he,17.030,17.120,PRP,5.4613,6.69,2,0.085312
audio14.TextGrid,4,5,felt,17.120,17.320,VBD,8.2802,5.13,4,1.196881
audio14.TextGrid,4,6,him,17.320,17.430,PRP,8.1994,6.11,2,2.188635
audio14.TextGrid,4,7,stop,17.430,17.730,VB,8.9693,5.52,4,2.312814
audio14.TextGrid,4,8,moving,17.770,18.150,VBG,9.8321,5.02,5,2.628392
audio14.TextGrid,4,9,but,18.510,18.620,CC,5.4656,6.63,3,0.023945
audio14.TextGrid,4,10,the,18.620,18.690,DT,3.2878,7.73,2,-0.949967
audio14.TextGrid,4,11,weight,18.690,18.960,NN,10.2411,5.02,3,3.037392
audio14.TextGrid,4,12,was,18.960,19.060,VBD,5.5309,6.82,3,0.297190
audio14.TextGrid,4,13,still,19.060,19.400,RB,6.6046,5.92,4,0.385891
audio14.TextGrid,4,14,there,19.400,19.690,EX,7.1466,6.31,3,1.354724
audio14.TextGrid,5,1,then,20.510,20.680,RB,7.4856,6.07,3,1.431057
audio14.TextGrid,5,2,the,20.680,20.750,DT,2.5625,7.73,2,-1.675267
audio14.TextGrid,5,3,weight,20.750,20.970,NN,10.2869,5.02,3,3.083192
audio14.TextGrid,5,4,increased,20.970,21.630,VBD,7.0937,4.91,7,-0.230397
audio14.TextGrid,5,5,and,21.630,21.730,CC,4.0961,7.41,2,-0.491889
audio14.TextGrid,5,6,he,21.730,21.830,PRP,6.3807,6.69,2,1.004712
audio14.TextGrid,5,7,gave,21.830,22.120,VBD,8.2197,5.25,3,1.267714
audio14.TextGrid,5,8,more,22.120,22.530,JJR,5.7049,6.36,3,-0.032254
audio14.TextGrid,5,9,line,22.530,22.720,NN,9.4996,5.49,3,2.810280
audio14.TextGrid,6,1,he,23.420,23.510,PRP,4.5353,6.69,2,-0.840688
audio14.TextGrid,6,2,tightened,23.510,23.890,VBD,9.9807,3.29,6,0.883605
audio14.TextGrid,6,3,the,23.890,23.960,DT,3.0366,7.73,2,-1.201167
audio14.TextGrid,6,4,pressure,23.960,24.380,NN,7.4164,5.01,5,0.201748
audio14.TextGrid,6,5,of,24.380,24.460,IN,2.9567,7.4,2,-1.642233
audio14.TextGrid,6,6,his,24.460,24.620,PRP$,5.3077,6.51,3,-0.265288
audio14.TextGrid,6,7,thumb,24.620,24.820,NN,4.2576,4.01,3,-4.051496
audio14.TextGrid,6,8,and,24.820,24.930,CC,4.4571,7.41,3,-0.130889
audio14.TextGrid,6,9,finger,24.930,25.250,NN,5.3794,4.48,5,-2.415307
audio14.TextGrid,6,10,for,25.250,25.390,IN,4.4419,7.01,2,-0.583866
audio14.TextGrid,6,11,a,25.390,25.440,DT,2.5704,7.36,1,-2.072311
audio14.TextGrid,6,12,moment,25.440,25.810,NN,9.1373,5.24,6,2.174370
audio14.TextGrid,6,13,and,25.960,26.050,CC,4.2246,7.41,2,-0.363389
audio14.TextGrid,6,14,the,26.050,26.110,DT,2.4186,7.73,2,-1.819167
audio14.TextGrid,6,15,weight,26.110,26.330,NN,10.2305,5.02,3,3.026792
audio14.TextGrid,6,16,increased,26.330,26.900,VBD,7.8792,4.91,7,0.555103
audio14.TextGrid,6,17,and,26.900,27.010,CC,4.0558,7.41,2,-0.532189
audio14.TextGrid,6,18,was,27.010,27.180,VBD,3.9323,6.82,3,-1.301410
audio14.TextGrid,6,19,going,27.180,27.500,VBG,8.1853,5.94,4,1.988480
audio14.TextGrid,6,20,straight,27.500,27.850,RB,9.4735,5.04,5,2.291681
audio14.TextGrid,6,21,down,27.890,28.350,RP,7.1065,5.88,3,0.844013
audio14.TextGrid,7,1,he,29.660,29.780,PRP,4.5353,6.69,2,-0.840688
audio14.TextGrid,7,2,s,29.780,29.870,VBZ,3.3590,5.86,1,-2.925376
audio14.TextGrid,7,3,taken,29.870,30.200,VBN,8.1628,5.33,5,1.298369
audio14.TextGrid,7,4,it,30.200,30.420,PRP,5.2083,6.95,2,0.116867
audio14.TextGrid,7,5,he,30.570,30.670,PRP,6.4059,6.69,2,1.029912
audio14.TextGrid,7,6,said,30.670,30.990,VBD,4.6011,6.01,3,-1.519109
audio14.TextGrid,8,1,now,31.670,31.830,RB,6.7634,6.18,2,0.829246
audio14.TextGrid,8,2,i,31.830,31.860,VBZ,6.3159,7.09,1,1.377689
audio14.TextGrid,8,3,ll,31.860,32.010,VBP,4.0140,4.66,1,-3.583707
audio14.TextGrid,8,4,let,32.010,32.410,VB,8.5882,5.6,3,2.019269
audio14.TextGrid,8,5,him,32.410,32.560,PRP,8.0241,6.11,2,2.013335
audio14.TextGrid,8,6,eat,32.610,32.780,VB,11.6132,5.13,2,4.529881
audio14.TextGrid,8,7,it,32.780,32.950,PRP,4.8228,6.95,2,-0.268633
audio14.TextGrid,8,8,well,32.950,33.370,RB,7.2662,6.03,3,1.167880
audio14.TextGrid,9,1,he,34.760,34.870,PRP,4.5353,6.69,2,-0.840688
audio14.TextGrid,9,2,let,34.870,35.010,VBD,7.7261,5.6,3,1.157169
audio14.TextGrid,9,3,the,35.010,35.130,DT,2.3608,7.73,2,-1.876967
audio14.TextGrid,9,4,line,35.130,35.420,NN,7.6731,5.49,3,0.983780
audio14.TextGrid,9,5,slip,35.420,35.690,NN,11.8809,4.28,4,3.867304
audio14.TextGrid,9,6,through,35.690,35.880,IN,7.3533,5.87,3,1.079869
audio14.TextGrid,9,7,his,35.880,36.020,PRP$,5.3788,6.51,3,-0.194188
audio14.TextGrid,9,8,fingers,36.020,36.560,NNS,10.3120,4.5,6,2.539182
audio14.TextGrid,9,9,while,36.560,36.740,IN,6.2452,5.86,3,-0.039176
audio14.TextGrid,9,10,he,36.740,36.850,PRP,4.4452,6.69,2,-0.930788
audio14.TextGrid,9,11,reached,36.850,37.200,VBD,8.6008,4.85,4,1.211037
audio14.TextGrid,9,12,down,37.200,37.470,RP,6.2529,5.88,3,-0.009587
audio14.TextGrid,9,13,with,37.470,37.600,IN,5.0799,6.85,3,-0.120977
audio14.TextGrid,9,14,his,37.600,37.770,PRP$,5.3268,6.51,3,-0.246188
audio14.TextGrid,9,15,left,37.770,38.030,JJ,10.8473,5.62,4,4.300258
audio14.TextGrid,9,16,hand,38.030,38.420,NN,8.1708,5.41,4,1.393925
audio14.TextGrid,9,17,and,38.690,38.890,CC,4.0981,7.41,3,-0.489889
audio14.TextGrid,9,18,made,38.890,39.210,VBD,7.3321,5.92,3,1.113391
audio14.TextGrid,9,19,fast,39.210,39.590,VB,9.7281,5.13,4,2.644781
audio14.TextGrid,9,20,the,39.590,39.700,DT,3.7215,7.73,2,-0.516267
audio14.TextGrid,9,21,free,39.700,40.060,JJ,7.9820,5.63,3,1.445902
audio14.TextGrid,9,22,end,40.060,40.310,NN,7.0859,5.68,3,0.604525
audio14.TextGrid,9,23,of,40.310,40.410,IN,2.7558,7.4,2,-1.843133
audio14.TextGrid,9,24,the,40.410,40.510,DT,1.6964,7.73,2,-2.541367
audio14.TextGrid,9,25,two,40.510,40.680,CD,7.2566,6.1,2,1.234891
audio14.TextGrid,9,26,reserve,40.680,41.090,NN,9.5283,4.6,5,1.864926
audio14.TextGrid,9,27,coils,41.090,41.640,NNS,6.9703,3.36,4,-2.050184
audio14.TextGrid,9,28,to,41.640,41.740,TO,3.3423,7.43,2,-1.223800
audio14.TextGrid,9,29,the,41.740,41.840,DT,2.2094,7.73,2,-2.028367
audio14.TextGrid,9,30,loop,41.840,42.080,NN,4.1351,4.29,3,-3.867551
audio14.TextGrid,9,31,of,42.080,42.150,IN,2.9393,7.4,2,-1.659633
audio14.TextGrid,9,32,the,42.150,42.270,DT,1.6949,7.73,2,-2.542867
audio14.TextGrid,9,33,two,42.270,42.460,CD,7.2556,6.1,2,1.233891
audio14.TextGrid,9,34,reserve,42.460,42.850,NN,9.5204,4.6,5,1.857026
audio14.TextGrid,9,35,coils,42.850,43.280,NNS,6.9595,3.36,4,-2.060984
audio14.TextGrid,9,36,of,43.280,43.360,IN,2.8708,7.4,2,-1.728133
audio14.TextGrid,9,37,the,43.360,43.460,DT,1.6953,7.73,2,-2.542467
audio14.TextGrid,9,38,next,43.460,43.780,JJ,6.6255,5.7,5,0.166013
audio14.TextGrid,9,39,line,43.780,44.150,NN,7.5404,5.49,3,0.851080
audio14.TextGrid,10,1,now,44.890,45.130,RB,6.7634,6.18,2,0.829246
audio14.TextGrid,10,2,he,45.130,45.250,PRP,5.3385,6.69,2,-0.037488
audio14.TextGrid,10,3,was,45.250,45.410,VBD,3.9474,6.82,3,-1.286310
audio14.TextGrid,10,4,ready,45.410,45.760,JJ,10.9382,5.28,4,4.019047
audio14.TextGrid,11,1,he,46.460,46.600,PRP,4.5353,6.69,2,-0.840688
audio14.TextGrid,11,2,had,46.600,46.860,VBD,4.7197,6.33,3,-1.050287
audio14.TextGrid,11,3,three,46.860,47.160,CD,7.5584,5.78,3,1.186469
audio14.TextGrid,11,4,forty,47.160,47.530,NN,4.7797,4.2,5,-3.321451
audio14.TextGrid,11,5,fathom,47.530,47.820,NN,6.1149,3.25,5,-3.025972
audio14.TextGrid,11,6,coils,47.820,48.260,NNS,6.5524,3.36,4,-2.468084
audio14.TextGrid,11,7,of,48.260,48.370,IN,2.8897,7.4,2,-1.709233
audio14.TextGrid,11,8,line,48.370,48.660,NN,9.3086,5.49,3,2.619280
audio14.TextGrid,11,9,in,48.660,48.750,IN,3.7081,7.27,2,-1.033111
audio14.TextGrid,11,10,reserve,48.750,49.110,NN,8.9998,4.6,5,1.336426
audio14.TextGrid,11,11,now,49.160,49.420,RB,8.1381,6.18,2,2.203946
audio14.TextGrid,12,1,as,49.950,50.050,RB,5.4550,6.77,2,0.166568
audio14.TextGrid,12,2,well,50.050,50.240,RB,7.3028,6.03,3,1.204480
audio14.TextGrid,12,3,as,50.240,50.350,IN,5.4037,6.77,2,0.115268
audio14.TextGrid,12,4,the,50.350,50.430,DT,2.1956,7.73,2,-2.042167
audio14.TextGrid,12,5,coil,50.430,50.790,NN,4.1500,3.73,3,-4.465540
audio14.TextGrid,12,6,he,50.790,50.880,PRP,5.9184,6.69,2,0.542412
audio14.TextGrid,12,7,was,50.880,51.040,VBD,4.0274,6.82,3,-1.206310
audio14.TextGrid,12,8,using,51.040,51.440,VBG,8.4161,5.47,5,1.704891
audio14.TextGrid,13,1,eat,53.050,53.230,NN,13.8346,5.13,2,6.751281
audio14.TextGrid,13,2,it,53.230,53.340,PRP,4.5916,6.95,2,-0.499833
audio14.TextGrid,13,3,a,53.340,53.390,DT,3.7978,7.36,1,-0.844911
audio14.TextGrid,13,4,little,53.390,53.860,RB,7.7982,5.75,5,1.393436
audio14.TextGrid,13,5,more,53.860,54.020,RBR,6.2043,6.36,3,0.467146
audio14.TextGrid,13,6,he,54.330,54.450,PRP,7.6573,6.69,2,2.281312
audio14.TextGrid,13,7,said,54.450,54.800,VBD,4.0310,6.01,3,-2.089209
audio14.TextGrid,14,1,eat,55.460,55.600,NN,13.8346,5.13,2,6.751281
audio14.TextGrid,14,2,it,55.600,55.760,PRP,4.5916,6.95,2,-0.499833
audio14.TextGrid,14,3,well,55.760,56.160,RB,6.8537,6.03,3,0.755380
audio14.TextGrid,14,4,eat,57.890,58.040,VB,10.1943,5.13,2,3.110981
audio14.TextGrid,14,5,it,58.040,58.170,PRP,4.8516,6.95,2,-0.239833
audio14.TextGrid,14,6,so,58.170,58.330,RB,6.4390,6.52,2,0.876957
audio14.TextGrid,14,7,that,58.330,58.470,IN,4.7596,7.01,3,-0.266166
audio14.TextGrid,14,8,the,58.470,58.540,DT,2.2130,7.73,2,-2.024767
audio14.TextGrid,14,9,point,58.540,58.810,NN,6.9788,5.54,4,0.344202
audio14.TextGrid,14,10,of,58.810,58.890,IN,3.1974,7.4,2,-1.401533
audio14.TextGrid,14,11,the,58.890,58.980,DT,1.6957,7.73,2,-2.542067
audio14.TextGrid,14,12,hook,58.980,59.140,NN,9.5431,4.37,3,1.628004
audio14.TextGrid,14,13,goes,59.140,59.350,VBZ,8.7381,5.22,3,1.753281
audio14.TextGrid,14,14,into,59.350,59.530,IN,6.8640,6.11,4,0.853235
audio14.TextGrid,14,15,your,59.530,59.710,PRP$,6.7866,6.53,3,1.235501
audio14.TextGrid,14,16,heart,59.710,60.000,NN,9.2580,5.31,4,2.371681
audio14.TextGrid,14,17,and,60.000,60.090,CC,4.1777,7.41,2,-0.410289
audio14.TextGrid,14,18,kills,60.090,60.520,NNS,6.5815,4.34,4,-1.366429
audio14.TextGrid,14,19,you,60.520,60.710,PRP,7.5935,6.98,2,2.534901
audio14.TextGrid,14,20,he,60.920,61.030,PRP,6.4496,6.69,2,1.073612
audio14.TextGrid,14,21,thought,61.030,61.400,VBD,8.4544,5.59,3,1.874525
audio14.TextGrid,15,1,come,61.850,62.030,VB,10.6226,5.78,3,4.250669
audio14.TextGrid,15,2,up,62.030,62.270,RP,5.5646,6.39,2,-0.139721
audio14.TextGrid,15,3,easy,62.270,62.710,JJ,9.0433,5.29,3,2.135092
audio14.TextGrid,15,4,and,62.710,62.850,CC,3.5434,7.41,3,-1.044589
audio14.TextGrid,15,5,let,62.850,63.050,VB,10.6726,5.6,3,4.103669
audio14.TextGrid,15,6,me,63.050,63.160,PRP,8.6023,6.48,2,2.996479
audio14.TextGrid,15,7,put,63.160,63.340,VB,8.0567,5.66,3,1.553436
audio14.TextGrid,15,8,the,63.340,63.450,DT,2.5297,7.73,2,-1.708067
audio14.TextGrid,15,9,harpoon,63.450,63.890,NN,4.1411,2.83,6,-5.459438
audio14.TextGrid,15,10,into,63.890,64.090,IN,6.3527,6.11,4,0.341935
audio14.TextGrid,15,11,you,64.090,64.380,PRP,5.6127,6.98,2,0.554101
audio14.TextGrid,16,1,all,65.190,65.320,DT,5.5566,6.52,2,-0.005443
audio14.TextGrid,16,2,right,65.320,65.690,NN,7.0512,5.96,3,0.876269
audio14.TextGrid,16,3,are,66.230,66.330,VBP,4.4511,6.74,2,-0.870166
audio14.TextGrid,16,4,you,66.330,66.480,PRP,6.6903,6.98,2,1.631701
audio14.TextGrid,16,5,ready,66.480,66.830,JJ,11.6800,5.28,4,4.760847
audio14.TextGrid,17,1,have,67.730,67.880,VBP,8.1004,6.71,3,2.746301
audio14.TextGrid,17,2,you,67.880,68.000,PRP,6.4756,6.98,2,1.417001
audio14.TextGrid,17,3,been,68.000,68.230,VBN,6.1445,6.27,3,0.308846
audio14.TextGrid,17,4,long,68.230,68.640,RB,7.8206,5.81,3,1.481502
audio14.TextGrid,17,5,enough,68.640,68.970,RB,7.9332,5.54,4,1.298602
audio14.TextGrid,17,6,at,68.970,69.120,IN,4.8317,6.7,2,-0.533344
audio14.TextGrid,17,7,table,69.130,69.530,NN,11.9475,5.05,5,4.776625
audio14.TextGrid,18,1,now,71.090,71.760,RB,6.7634,6.18,2,0.829246
audio14.TextGrid,18,2,he,71.980,72.100,PRP,5.3385,6.69,2,-0.037488
audio14.TextGrid,18,3,said,72.100,72.300,VBD,3.4135,6.01,3,-2.706709
audio14.TextGrid,18,4,aloud,72.300,72.780,NN,6.5434,3.51,4,-2.312917
audio14.TextGrid,19,1,and,73.190,73.330,CC,3.7036,7.41,3,-0.884389
audio14.TextGrid,19,2,struck,73.330,73.710,VB,7.4005,4.42,5,-0.459874
audio14.TextGrid,19,3,hard,73.710,73.990,JJ,8.1723,5.53,4,1.526758
audio14.TextGrid,19,4,with,73.990,74.190,IN,5.5696,6.85,3,0.368723
audio14.TextGrid,19,5,both,74.240,74.510,DT,6.4141,5.79,3,0.053113
audio14.TextGrid,19,6,hands,74.510,75.010,NNS,9.3893,5.16,4,2.338814
audio14.TextGrid,19,7,gained,75.260,75.570,VBD,8.6429,4.49,4,0.859137
audio14.TextGrid,19,8,a,75.570,75.600,DT,3.3517,7.36,1,-1.291011
audio14.TextGrid,19,9,yard,75.600,75.940,NN,4.1404,4.57,4,-3.555807
audio14.TextGrid,19,10,of,75.940,76.050,IN,3.0826,7.4,2,-1.516333
audio14.TextGrid,19,11,line,76.050,76.420,NN,9.3093,5.49,3,2.619980
audio14.TextGrid,19,12,and,76.420,76.500,CC,4.1729,7.41,2,-0.415089
audio14.TextGrid,19,13,then,76.500,76.710,RB,7.8200,6.07,3,1.765457
audio14.TextGrid,19,14,struck,76.710,77.070,VB,5.0101,4.42,5,-2.850274
audio14.TextGrid,19,15,again,77.070,77.620,RB,7.7106,5.7,4,1.251113
audio14.TextGrid,19,16,and,77.630,77.780,CC,3.8621,7.41,3,-0.725889
audio14.TextGrid,19,17,again,77.780,78.290,RB,7.2946,5.7,4,0.835113
audio14.TextGrid,20,1,swinging,78.740,79.210,VBG,8.5729,3.79,6,0.023027
audio14.TextGrid,20,2,with,79.210,79.360,IN,5.2722,6.85,3,0.071323
audio14.TextGrid,20,3,each,79.360,79.590,DT,6.3403,5.69,2,-0.130131
audio14.TextGrid,20,4,arm,79.590,79.880,NN,9.1372,4.73,3,1.616104
audio14.TextGrid,20,5,alternately,79.880,80.500,RB,4.9509,3.22,9,-4.222806
audio14.TextGrid,20,6,on,80.500,80.600,IN,5.4547,6.91,2,0.319490
audio14.TextGrid,20,7,the,80.600,80.660,DT,1.7889,7.73,2,-2.448867
audio14.TextGrid,20,8,cord,80.660,81.030,NN,4.1425,3.98,4,-4.199429
audio14.TextGrid,20,9,with,81.030,81.290,IN,5.0249,6.85,3,-0.175977
audio14.TextGrid,20,10,all,81.290,81.550,PDT,5.4414,6.52,2,-0.120643
audio14.TextGrid,20,11,the,81.550,81.650,DT,3.9398,7.73,2,-0.297967
audio14.TextGrid,20,12,strength,81.650,82.050,NN,9.0140,4.8,6,1.569515
audio14.TextGrid,20,13,of,82.050,82.190,IN,3.2133,7.4,2,-1.385633
audio14.TextGrid,20,14,his,82.190,82.290,PRP$,5.3152,6.51,3,-0.257788
audio14.TextGrid,20,15,arms,82.290,82.720,NNS,9.2133,4.82,4,1.790703
audio14.TextGrid,20,16,and,82.720,82.820,CC,3.7468,7.41,2,-0.841189
audio14.TextGrid,20,17,the,82.820,82.900,DT,2.1239,7.73,2,-2.113867
audio14.TextGrid,20,18,pivoted,82.900,83.380,JJ,5.0764,2.53,7,-4.852471
audio14.TextGrid,20,19,weight,83.380,83.630,NN,10.4251,5.02,3,3.221392
audio14.TextGrid,20,20,of,83.630,83.720,IN,3.2365,7.4,2,-1.362433
audio14.TextGrid,20,21,his,83.720,83.890,PRP$,5.3054,6.51,3,-0.267588
audio14.TextGrid,20,22,body,83.890,84.340,NN,9.6638,5.4,4,2.875980
audio14.TextGrid,21,1,nothing,85.910,86.220,NN,9.8302,5.55,5,3.206547
audio14.TextGrid,21,2,happened,86.220,86.700,VBD,10.3618,5.2,6,3.355092
audio14.TextGrid,21,3,the,87.610,87.690,DT,2.4588,7.73,2,-1.778967
audio14.TextGrid,21,4,fish,87.690,87.980,NN,4.1401,4.9,3,-3.194941
audio14.TextGrid,21,5,just,87.980,88.310,RB,7.6183,6.43,4,1.957757
audio14.TextGrid,21,6,moved,88.310,88.600,VBN,8.9016,5.01,4,1.686948
audio14.TextGrid,21,7,away,88.600,88.860,RP,7.4823,5.62,3,0.935258
audio14.TextGrid,21,8,slowly,88.860,89.390,RB,9.2030,4.63,5,1.572459
audio14.TextGrid,22,1,and,89.790,89.870,CC,3.7036,7.41,2,-0.884389
audio14.TextGrid,22,2,the,89.870,89.960,DT,2.0380,7.73,2,-2.199767
audio14.TextGrid,22,3,old,89.960,90.170,JJ,7.3360,5.75,3,0.931236
audio14.TextGrid,22,4,man,90.170,90.390,NN,7.6917,5.82,3,1.363547
audio14.TextGrid,22,5,could,90.390,90.580,MD,5.2066,6.06,3,-0.858887
audio14.TextGrid,22,6,not,90.580,90.820,RB,6.1844,6.69,3,0.808412
audio14.TextGrid,22,7,raise,90.820,91.090,VB,7.3359,4.75,3,-0.163308
audio14.TextGrid,22,8,him,91.090,91.200,PRP,8.0290,6.11,2,2.018235
audio14.TextGrid,22,9,an,91.200,91.300,DT,6.3813,6.53,2,0.830201
audio14.TextGrid,22,10,inch,91.300,91.670,NN,4.1422,4.49,3,-3.641563
audio14.TextGrid,23,1,his,92.600,92.770,PRP$,5.4396,6.51,3,-0.133388
audio14.TextGrid,23,2,line,92.770,93.020,NN,7.7883,5.49,3,1.098980
audio14.TextGrid,23,3,was,93.020,93.170,VBD,4.2117,6.82,3,-1.022010
audio14.TextGrid,23,4,strong,93.170,93.710,JJ,8.3061,5.22,5,1.321281
audio14.TextGrid,23,5,and,93.710,93.900,CC,3.7493,7.41,3,-0.838689
audio14.TextGrid,23,6,made,93.900,94.210,VBN,8.3574,5.92,3,2.138691
audio14.TextGrid,23,7,for,94.210,94.350,IN,3.7444,7.01,2,-1.281366
audio14.TextGrid,23,8,heavy,94.350,94.600,JJ,9.0105,4.96,4,1.741125
audio14.TextGrid,23,9,fish,94.600,94.990,NN,4.9481,4.9,3,-2.386941
audio14.TextGrid,23,10,and,94.990,95.100,CC,4.2903,7.41,2,-0.297689
audio14.TextGrid,23,11,he,95.100,95.270,PRP,5.2138,6.69,2,-0.162188
audio14.TextGrid,23,12,held,95.270,95.480,VBD,7.7335,5.24,4,0.770570
audio14.TextGrid,23,13,it,95.480,95.570,PRP,5.0562,6.95,2,-0.035233
audio14.TextGrid,23,14,against,95.570,95.900,IN,6.9366,5.68,6,0.455225
audio14.TextGrid,23,15,his,95.900,96.070,PRP$,5.3063,6.51,3,-0.266688
audio14.TextGrid,23,16,hack,96.100,96.410,NN,4.2576,4.05,3,-4.007718
audio14.TextGrid,23,17,until,96.410,96.670,IN,7.3216,5.61,5,0.763613
audio14.TextGrid,23,18,it,96.670,96.770,PRP,3.7965,6.95,2,-1.294933
audio14.TextGrid,23,19,was,96.770,96.880,VBD,5.4093,6.82,3,0.175590
audio14.TextGrid,23,20,so,96.880,97.070,RB,6.0212,6.52,2,0.459157
audio14.TextGrid,23,21,taut,97.070,97.390,JJ,5.6735,2.91,3,-3.839483
audio14.TextGrid,23,22,that,97.390,97.570,IN,4.1558,7.01,3,-0.869966
audio14.TextGrid,23,23,beads,97.610,97.890,NNS,7.0850,3.69,4,-1.574317
audio14.TextGrid,23,24,of,97.890,98.040,IN,2.9892,7.4,2,-1.609733
audio14.TextGrid,23,25,water,98.040,98.410,NN,9.7720,5.52,4,3.115514
audio14.TextGrid,23,26,were,98.410,98.540,VBD,6.4017,6.34,2,0.642657
audio14.TextGrid,23,27,jumping,98.540,98.920,VBG,11.1368,4.23,6,3.068482
audio14.TextGrid,23,28,from,98.920,99.150,IN,4.9631,6.63,4,-0.478555
audio14.TextGrid,23,29,it,99.150,99.300,PRP,3.8075,6.95,2,-1.283933
audio14.TextGrid,24,1,then,100.280,100.440,RB,7.4856,6.07,3,1.431057
audio14.TextGrid,24,2,it,100.440,100.570,PRP,4.6944,6.95,2,-0.397033
audio14.TextGrid,24,3,began,100.570,100.890,VBD,6.3870,5.07,5,-0.761986
audio14.TextGrid,24,4,to,100.890,100.980,TO,3.3802,7.43,2,-1.185900
audio14.TextGrid,24,5,make,100.980,101.140,VB,5.4832,6.08,3,-0.560398
audio14.TextGrid,24,6,a,101.140,101.190,DT,3.2154,7.36,1,-1.427311
audio14.TextGrid,24,7,slow,101.190,101.550,JJ,8.8983,4.85,3,1.508537
audio14.TextGrid,24,8,hissing,101.550,101.920,NN,4.0256,2.88,5,-5.520216
audio14.TextGrid,24,9,sound,101.920,102.330,NN,9.9085,5.15,4,2.847070
audio14.TextGrid,24,10,in,102.330,102.420,IN,3.5907,7.27,2,-1.150511
audio14.TextGrid,24,11,the,102.420,102.480,DT,1.7126,7.73,2,-2.525167
audio14.TextGrid,24,12,water,102.480,102.880,NN,8.3735,5.52,4,1.717014
audio14.TextGrid,24,13,and,103.270,103.380,CC,4.2687,7.41,2,-0.319289
audio14.TextGrid,24,14,he,103.380,103.500,PRP,5.0149,6.69,2,-0.361088
audio14.TextGrid,24,15,still,103.500,103.860,RB,7.6893,5.92,4,1.470591
audio14.TextGrid,24,16,held,103.860,104.100,VBD,7.3145,5.24,4,0.351570
audio14.TextGrid,24,17,it,104.100,104.300,PRP,5.2383,6.95,2,0.146867
audio14.TextGrid,24,18,bracing,104.470,104.860,VBG,7.5596,3.12,6,-1.723550
audio14.TextGrid,24,19,himself,104.860,105.290,PRP,8.5312,5.25,7,1.579214
audio14.TextGrid,24,20,against,105.290,105.670,IN,7.0534,5.68,6,0.572025
audio14.TextGrid,24,21,the,105.670,105.740,DT,1.6941,7.73,2,-2.543667
audio14.TextGrid,24,22,thwart,105.740,106.140,NN,14.7686,3.06,5,5.419784
audio14.TextGrid,24,23,and,106.140,106.310,CC,4.0512,7.41,3,-0.536789
audio14.TextGrid,24,24,leaning,106.310,106.670,VBG,6.9266,3.89,5,-1.513829
audio14.TextGrid,24,25,back,106.670,106.920,RB,7.0162,6.04,3,0.928824
audio14.TextGrid,24,26,against,106.920,107.260,IN,7.2188,5.68,6,0.737425
audio14.TextGrid,24,27,the,107.260,107.350,DT,1.7142,7.73,2,-2.523567
audio14.TextGrid,24,28,pull,107.350,107.760,NN,14.0613,4.82,3,6.638703
audio14.TextGrid,25,1,the,108.740,108.810,DT,1.8241,7.73,2,-2.413667
audio14.TextGrid,25,2,boat,108.810,109.000,NN,4.1358,4.71,3,-3.407185
audio14.TextGrid,25,3,began,109.000,109.380,VBD,6.6201,5.07,5,-0.528886
audio14.TextGrid,25,4,to,109.380,109.460,TO,3.3830,7.43,2,-1.183100
audio14.TextGrid,25,5,move,109.460,109.800,VB,7.6131,5.35,3,0.770558
audio14.TextGrid,25,6,slowly,109.800,110.210,RB,9.1076,4.63,5,1.477059
audio14.TextGrid,25,7,off,110.210,110.470,RB,7.1276,5.93,2,0.919835
audio14.TextGrid,25,8,toward,110.470,110.790,IN,9.0688,4.72,6,1.536759
audio14.TextGrid,25,9,the,110.790,110.870,DT,1.7082,7.73,2,-2.529567
audio14.TextGrid,25,10,north,110.870,111.160,JJ,9.8293,5.34,4,2.975814
audio14.TextGrid,25,11,west,111.160,111.620,NN,8.0971,5.29,4,1.188892
audio14.TextGrid,26,1,the,113.140,113.220,DT,1.8241,7.73,2,-2.413667
audio14.TextGrid,26,2,fish,113.220,113.530,JJ,5.0760,4.9,3,-2.259041
audio14.TextGrid,26,3,moved,113.530,113.840,VBN,10.4465,5.01,4,3.231848
audio14.TextGrid,26,4,steadily,113.840,114.410,RB,10.5621,3.84,7,2.066949
audio14.TextGrid,26,5,and,114.410,114.500,CC,3.9179,7.41,2,-0.670089
audio14.TextGrid,26,6,they,114.500,114.620,PRP,6.6147,6.5,2,1.030768
audio14.TextGrid,26,7,travelled,114.620,115.080,VBD,3.8962,3.98,7,-4.445729
audio14.TextGrid,26,8,slowly,115.080,115.540,RB,9.0134,4.63,5,1.382859
audio14.TextGrid,26,9,on,115.540,115.660,IN,4.9669,6.91,2,-0.168310
audio14.TextGrid,26,10,the,115.660,115.720,DT,1.7483,7.73,2,-2.489467
audio14.TextGrid,26,11,calm,115.720,116.010,JJ,5.0774,4.54,3,-2.651641
audio14.TextGrid,26,12,water,116.010,116.470,NN,8.5336,5.52,4,1.877114
audio14.TextGrid,27,1,the,117.100,117.220,DT,1.8241,7.73,2,-2.413667
audio14.TextGrid,27,2,other,117.220,117.370,JJ,5.7808,6.16,3,-0.175243
audio14.TextGrid,27,3,baits,117.370,117.740,NNS,5.6277,2.65,4,-4.169838
audio14.TextGrid,27,4,were,117.740,117.810,VBD,4.6033,6.34,2,-1.155743
audio14.TextGrid,27,5,still,117.810,118.050,RB,6.6345,5.92,4,0.415791
audio14.TextGrid,27,6,in,118.050,118.120,IN,3.7313,7.27,2,-1.009911
audio14.TextGrid,27,7,the,118.120,118.190,DT,1.7439,7.73,2,-2.493867
audio14.TextGrid,27,8,water,118.190,118.580,NN,8.3749,5.52,4,1.718414
audio14.TextGrid,27,9,but,118.580,118.680,CC,6.0399,6.63,3,0.598245
audio14.TextGrid,27,10,there,118.860,119.040,EX,6.2128,6.31,3,0.420924
audio14.TextGrid,27,11,was,119.040,119.190,VBD,4.7512,6.82,3,-0.482510
audio14.TextGrid,27,12,nothing,119.190,119.460,NN,10.4288,5.55,5,3.805147
audio14.TextGrid,27,13,to,119.460,119.520,TO,3.7689,7.43,2,-0.797200
audio14.TextGrid,27,14,be,119.520,119.620,VB,4.3713,6.79,2,-0.895244
audio14.TextGrid,27,15,done,119.620,119.990,VBN,9.8394,5.58,3,3.248580
audio14.TextGrid,28,1,i,121.520,121.620,JJ,5.5144,7.09,1,0.576189
audio14.TextGrid,28,2,wish,121.620,121.830,NN,9.0633,5.18,3,2.034703
audio14.TextGrid,28,3,i,121.830,121.980,NN,6.0510,7.09,1,1.112789
audio14.TextGrid,28,4,had,121.980,122.130,VBD,6.7946,6.33,3,1.024613
audio14.TextGrid,28,5,the,122.130,122.210,DT,2.4537,7.73,2,-1.784067
audio14.TextGrid,28,6,boy,122.210,122.610,NN,10.2396,5.17,2,3.200059
audio14.TextGrid,28,7,the,122.610,122.910,DT,4.0728,7.73,2,-0.164967
audio14.TextGrid,28,8,old,122.910,123.100,JJ,7.3448,5.75,3,0.940036
audio14.TextGrid,28,9,man,123.100,123.310,NN,7.6996,5.82,3,1.371447
audio14.TextGrid,28,10,said,123.310,123.520,VBD,4.4164,6.01,3,-1.703809
audio14.TextGrid,28,11,aloud,123.520,123.920,JJ,5.8311,3.51,4,-3.025217
audio14.TextGrid,29,1,i,125.040,125.110,NN,5.5144,7.09,1,0.576189
audio14.TextGrid,29,2,m,125.110,125.190,VBP,3.9811,5.39,2,-2.817664
audio14.TextGrid,29,3,being,125.190,125.520,VBG,7.2667,5.95,4,1.080824
audio14.TextGrid,29,4,towed,125.520,125.850,VBN,7.2534,3.38,3,-1.745195
audio14.TextGrid,29,5,by,125.850,126.080,IN,4.0135,6.66,2,-1.395321
audio14.TextGrid,29,6,a,126.080,126.140,DT,2.5484,7.36,1,-2.094311
audio14.TextGrid,29,7,fish,126.140,126.460,JJ,5.0752,4.9,3,-2.259841
audio14.TextGrid,29,8,and,126.460,126.610,CC,3.8389,7.41,3,-0.749089
audio14.TextGrid,29,9,i,126.610,126.700,JJ,5.9925,7.09,1,1.054289
audio14.TextGrid,29,10,m,126.700,126.810,VBP,6.1587,5.39,2,-0.640064
audio14.TextGrid,29,11,the,126.810,126.900,DT,2.6986,7.73,2,-1.539167
audio14.TextGrid,29,12,towing,126.900,127.300,NN,4.1408,3.32,4,-4.923461
audio14.TextGrid,29,13,bitt,127.300,127.560,NN,5.4036,1.63,3,-5.510270
audio14.TextGrid,30,1,i,127.560,127.590,NN,5.5144,7.09,1,0.576189
audio14.TextGrid,30,2,could,128.320,128.530,MD,5.0621,6.06,3,-1.003387
audio14.TextGrid,30,3,make,128.530,128.750,VB,5.2992,6.08,3,-0.744398
audio14.TextGrid,30,4,the,128.750,128.840,DT,2.3410,7.73,2,-1.896767
audio14.TextGrid,30,5,line,128.840,129.160,NN,7.6730,5.49,3,0.983680
audio14.TextGrid,30,6,fast,129.160,129.710,RB,10.6360,5.13,4,3.552681
audio14.TextGrid,30,7,but,129.980,130.110,CC,5.3308,6.63,3,-0.110855
audio14.TextGrid,30,8,then,130.110,130.270,RB,6.6758,6.07,3,0.621257
audio14.TextGrid,30,9,he,130.270,130.360,PRP,6.5691,6.69,2,1.193112
audio14.TextGrid,30,10,could,130.360,130.520,MD,5.8241,6.06,3,-0.241387
audio14.TextGrid,30,11,break,130.520,130.780,VB,8.4956,5.18,4,1.467003
audio14.TextGrid,30,12,it,130.780,130.970,PRP,4.3835,6.95,2,-0.707933
audio14.TextGrid,31,1,i,131.700,131.800,NN,5.5144,7.09,1,0.576189
audio14.TextGrid,31,2,must,131.800,132.040,MD,6.9134,5.68,4,0.432025
audio14.TextGrid,31,3,hold,132.040,132.240,VB,7.5448,5.19,4,0.527147
audio14.TextGrid,31,4,him,132.240,132.350,PRP,8.1206,6.11,2,2.109835
audio14.TextGrid,31,5,all,132.350,132.540,DT,7.4944,6.52,2,1.932357
audio14.TextGrid,31,6,i,132.540,132.630,NN,8.5909,7.09,1,3.652689
audio14.TextGrid,31,7,can,132.630,132.980,MD,6.7913,6.46,3,1.163590
audio14.TextGrid,31,8,and,132.980,133.110,CC,4.6951,7.41,3,0.107111
audio14.TextGrid,31,9,give,133.110,133.310,VB,6.6139,5.71,3,0.165358
audio14.TextGrid,31,10,him,133.310,133.470,PRP,8.0997,6.11,2,2.088935
audio14.TextGrid,31,11,line,133.470,133.760,NN,9.9523,5.49,3,3.262980
audio14.TextGrid,31,12,when,133.760,133.880,WRB,6.5077,6.37,3,0.781490
audio14.TextGrid,31,13,he,133.880,133.970,PRP,4.6758,6.69,2,-0.700188
audio14.TextGrid,31,14,must,133.970,134.200,MD,6.9136,5.68,4,0.432225
audio14.TextGrid,31,15,have,134.200,134.370,VB,3.8737,6.71,3,-1.480399
audio14.TextGrid,31,16,it,134.370,134.570,PRP,4.6654,6.95,2,-0.426033
audio14.TextGrid,32,1,thank,135.360,135.570,NN,5.9246,5.48,4,-0.775664
audio14.TextGrid,32,2,god,135.570,135.900,NN,12.4404,5.57,3,5.838636
audio14.TextGrid,32,3,he,135.900,135.990,PRP,8.1975,6.69,2,2.821512
audio14.TextGrid,32,4,is,135.990,136.150,VBZ,4.1885,7.07,2,-0.771600
audio14.TextGrid,32,5,travelling,136.150,136.680,VBG,7.2780,4.16,8,-0.866929
audio14.TextGrid,32,6,and,136.680,136.840,CC,3.8438,7.41,3,-0.744189
audio14.TextGrid,32,7,not,136.880,137.080,RB,5.8014,6.69,3,0.425412
audio14.TextGrid,32,8,going,137.080,137.370,VBG,7.7816,5.94,4,1.584780
audio14.TextGrid,33,1,down,137.370,137.790,IN,7.4625,5.88,3,1.200013
audio14.TextGrid,33,2,what,139.270,139.420,WP,7.6682,6.38,3,1.952935
audio14.TextGrid,33,3,i,139.420,139.530,NN,6.3810,7.09,1,1.442789
audio14.TextGrid,33,4,will,139.530,139.750,MD,4.2271,6.45,3,-1.411554
audio14.TextGrid,33,5,do,139.750,140.110,VB,5.1557,6.35,2,-0.592399
audio14.TextGrid,33,6,if,140.110,140.200,IN,6.4230,6.47,2,0.806235
audio14.TextGrid,33,7,he,140.200,140.320,PRP,4.4725,6.69,2,-0.903488
audio14.TextGrid,33,8,decides,140.320,140.830,VBZ,11.2478,4.16,6,3.102871
audio14.TextGrid,33,9,to,140.830,140.900,TO,3.3261,7.43,2,-1.240000
audio14.TextGrid,33,10,go,140.900,141.070,VB,6.6302,6.03,2,0.531880
audio14.TextGrid,33,11,down,141.070,141.440,RP,6.3476,5.88,3,0.085113
audio14.TextGrid,33,12,i,141.440,141.560,RB,6.2080,7.09,1,1.269789
audio14.TextGrid,33,13,don,141.560,141.790,VBP,11.9619,4.6,3,4.298526
audio14.TextGrid,33,14,t,141.790,141.850,NNS,7.2838,5.43,1,0.528814
audio14.TextGrid,33,15,know,141.850,142.230,VBP,7.9252,6.1,2,1.903491
audio14.TextGrid,34,1,what,142.990,143.140,WP,6.9013,6.38,3,1.186035
audio14.TextGrid,34,2,i,143.140,143.220,NN,7.1428,7.09,1,2.204589
audio14.TextGrid,34,3,ll,143.220,143.300,VBP,3.9885,4.66,1,-3.609207
audio14.TextGrid,34,4,do,143.300,143.520,VBP,6.1641,6.35,2,0.416001
audio14.TextGrid,34,5,if,143.520,143.600,IN,6.4093,6.47,2,0.792535
audio14.TextGrid,34,6,he,143.600,143.720,PRP,4.4705,6.69,2,-0.905488
audio14.TextGrid,34,7,sounds,143.720,144.220,VBZ,10.6688,4.97,4,3.410370
audio14.TextGrid,34,8,and,144.220,144.340,CC,3.9610,7.41,2,-0.626989
audio14.TextGrid,34,9,dies,144.340,144.900,VBZ,4.1483,4.41,3,-3.723018
audio14.TextGrid,34,10,i,144.900,145.020,JJ,6.2422,7.09,1,1.303989
audio14.TextGrid,34,11,don,145.020,145.200,VBP,11.9818,4.6,3,4.318426
audio14.TextGrid,34,12,t,145.200,145.230,NN,5.6693,5.43,1,-1.085686
audio14.TextGrid,34,13,know,145.230,145.560,VBP,8.7234,6.1,2,2.701691
audio14.TextGrid,35,1,but,146.450,146.560,CC,5.3198,6.63,3,-0.121855
audio14.TextGrid,35,2,i,146.560,146.600,JJ,5.7238,7.09,1,0.785589
audio14.TextGrid,35,3,ll,146.600,146.680,NNS,8.6529,4.66,1,1.055193
audio14.TextGrid,35,4,do,146.680,146.850,VBP,5.6909,6.35,2,-0.057199
audio14.TextGrid,35,5,something,146.850,147.410,NN,10.0827,5.81,6,3.743602
audio14.TextGrid,36,1,there,148.120,148.250,EX,5.7321,6.31,3,-0.059776
audio14.TextGrid,36,2,are,148.250,148.350,VBP,4.0250,6.74,1,-1.296266
audio14.TextGrid,36,3,plenty,148.350,148.720,NN,11.0871,4.72,6,3.555059
audio14.TextGrid,36,4,of,148.720,148.800,IN,3.3550,7.4,2,-1.243933
audio14.TextGrid,36,5,things,148.800,149.120,NNS,8.8494,5.74,4,2.433691
audio14.TextGrid,36,6,i,149.120,149.230,NNS,7.7171,7.09,1,2.778889
audio14.TextGrid,36,7,can,149.230,149.410,MD,6.0671,6.46,3,0.439390
audio14.TextGrid,36,8,do,149.410,151.430,VB,5.1578,6.35,2,-0.590299
audio14.TextGrid,36,9,he,151.430,151.560,PRP,5.2818,6.69,2,-0.094188
audio14.TextGrid,36,10,held,151.560,151.770,VB,8.3750,5.24,4,1.412070
audio14.TextGrid,36,11,the,151.770,151.840,DT,2.9755,7.73,2,-1.262267
audio14.TextGrid,36,12,line,151.840,152.120,NN,7.6817,5.49,3,0.992380
audio14.TextGrid,36,13,against,152.120,152.470,IN,7.1086,5.68,6,0.627225
audio14.TextGrid,36,14,his,152.470,152.620,PRP$,5.3104,6.51,3,-0.262588
audio14.TextGrid,36,15,back,152.620,152.960,NN,9.0276,6.04,3,2.940224
audio14.TextGrid,36,16,and,153.040,153.200,CC,3.8328,7.41,2,-0.755189
audio14.TextGrid,36,17,watched,153.200,153.600,VBD,11.9254,4.72,4,4.393359
audio14.TextGrid,36,18,its,153.600,153.770,PRP$,5.9617,6.14,3,-0.016232
audio14.TextGrid,36,19,slant,153.770,154.160,NN,4.2217,3.18,5,-4.995783
audio14.TextGrid,36,20,in,154.160,154.240,IN,3.2614,7.27,2,-1.479811
audio14.TextGrid,36,21,the,154.240,154.310,DT,1.7038,7.73,2,-2.533967
audio14.TextGrid,36,22,water,154.310,154.780,NN,8.3724,5.52,4,1.715914
audio14.TextGrid,36,23,and,155.000,155.090,CC,4.1958,7.41,2,-0.392189
audio14.TextGrid,36,24,the,155.090,155.200,DT,2.3466,7.73,2,-1.891167
audio14.TextGrid,36,25,skiff,155.200,155.640,NN,4.1375,2.63,4,-5.681927
audio14.TextGrid,36,26,moving,155.720,156.130,VBG,9.8638,5.02,5,2.660092
audio14.TextGrid,36,27,steadily,156.130,156.660,RB,10.7146,3.84,7,2.219449
audio14.TextGrid,36,28,to,156.660,156.820,TO,3.6118,7.43,2,-0.954300
audio14.TextGrid,36,29,the,156.820,156.920,DT,2.4782,7.73,2,-1.759567
audio14.TextGrid,36,30,north,156.920,157.230,JJ,9.8254,5.34,4,2.971914
audio14.TextGrid,36,31,west,157.230,157.710,NN,8.0931,5.29,4,1.184892
audio14.TextGrid,37,1,this,159.010,159.240,DT,4.8800,6.82,3,-0.353710
audio14.TextGrid,37,2,will,159.240,159.380,MD,7.8043,6.45,3,2.165646
audio14.TextGrid,37,3,kill,159.380,159.660,VB,8.5549,5.09,3,1.427803
audio14.TextGrid,37,4,him,159.660,159.940,PRP,8.1027,6.11,3,2.091935
audio14.TextGrid,37,5,the,160.170,160.300,DT,3.8236,7.73,2,-0.414167
audio14.TextGrid,37,6,old,160.300,160.500,JJ,7.3416,5.75,3,0.936836
audio14.TextGrid,37,7,man,160.500,160.730,NN,7.6967,5.82,3,1.368547
audio14.TextGrid,37,8,thought,160.730,161.100,VBD,8.9227,5.59,3,2.342825
audio14.TextGrid,38,1,he,161.580,161.670,PRP,4.5353,6.69,2,-0.840688
audio14.TextGrid,38,2,can,161.670,161.870,MD,5.3091,6.46,3,-0.318610
audio14.TextGrid,38,3,t,161.870,161.900,VB,3.7171,5.43,1,-3.037886
audio14.TextGrid,38,4,do,161.900,162.070,VB,7.0054,6.35,2,1.257301
audio14.TextGrid,38,5,this,162.070,162.260,DT,5.5454,6.82,3,0.311690
audio14.TextGrid,38,6,forever,162.260,162.760,NN,4.1390,4.74,5,-3.371152
audio14.TextGrid,39,1,but,163.730,163.880,CC,5.3198,6.63,3,-0.121855
audio14.TextGrid,39,2,four,163.880,164.150,CD,8.1366,5.53,3,1.491058
audio14.TextGrid,39,3,hours,164.150,164.440,NNS,8.1261,5.4,3,1.338280
audio14.TextGrid,39,4,later,164.440,164.750,RB,9.5340,5.49,4,2.844680
audio14.TextGrid,39,5,the,164.750,164.870,DT,4.5028,7.73,2,0.265033
audio14.TextGrid,39,6,fish,164.870,165.170,NN,4.1600,4.9,3,-3.175041
audio14.TextGrid,39,7,was,165.170,165.300,VBD,4.7007,6.82,3,-0.533010
audio14.TextGrid,39,8,still,165.300,165.540,RB,6.6263,5.92,4,0.407591
audio14.TextGrid,39,9,swimming,165.540,165.940,VBG,7.2370,4.43,6,-0.612429
audio14.TextGrid,39,10,steadily,165.940,166.390,RB,10.6151,3.84,7,2.119949
audio14.TextGrid,39,11,out,166.390,166.530,IN,6.6366,6.38,2,0.921335
audio14.TextGrid,39,12,to,166.530,166.660,TO,3.2943,7.43,2,-1.271800
audio14.TextGrid,39,13,sea,166.660,167.070,VB,8.9205,5.06,2,1.760570
audio14.TextGrid,39,14,towing,167.070,167.610,VBG,8.6686,3.32,4,-0.395661
audio14.TextGrid,39,15,the,167.610,167.670,DT,2.7808,7.73,2,-1.456967
audio14.TextGrid,39,16,skiff,167.670,168.140,NN,4.1357,2.63,4,-5.683727
audio14.TextGrid,40,1,and,168.770,168.880,CC,3.7036,7.41,2,-0.884389
audio14.TextGrid,40,2,the,168.880,168.990,DT,2.0380,7.73,2,-2.199767
audio14.TextGrid,40,3,old,168.990,169.190,JJ,7.3360,5.75,3,0.931236
audio14.TextGrid,40,4,man,169.190,169.450,NN,7.6917,5.82,3,1.363547
audio14.TextGrid,40,5,was,169.450,169.610,VBD,4.0668,6.82,3,-1.166910
audio14.TextGrid,40,6,still,169.610,169.880,RB,6.6297,5.92,4,0.410991
audio14.TextGrid,40,7,braced,169.880,170.360,VBN,5.1505,3.03,5,-4.231150
audio14.TextGrid,40,8,solidly,170.360,170.890,RB,4.8975,3.15,7,-4.352817
audio14.TextGrid,40,9,with,170.890,171.050,IN,5.1776,6.85,3,-0.023277
audio14.TextGrid,40,10,the,171.050,171.140,DT,1.7300,7.73,2,-2.507767
audio14.TextGrid,40,11,line,171.140,171.420,NN,7.6718,5.49,3,0.982480
audio14.TextGrid,40,12,across,171.420,171.750,IN,8.3209,5.25,5,1.368914
audio14.TextGrid,40,13,his,171.750,171.910,PRP$,5.3201,6.51,3,-0.252888
audio14.TextGrid,40,14,back,171.910,172.300,NN,9.0298,6.04,3,2.942424
audio14.TextGrid,41,1,it,173.680,173.810,PRP,3.8912,6.95,2,-1.200233
audio14.TextGrid,41,2,was,173.810,174.000,VBD,3.9158,6.82,3,-1.317910
audio14.TextGrid,41,3,noon,174.000,174.440,RB,4.6349,4.11,3,-3.564751
audio14.TextGrid,41,4,when,174.440,174.540,WRB,6.7567,6.37,3,1.030490
audio14.TextGrid,41,5,i,174.540,174.710,NN,5.6353,7.09,1,0.697089
audio14.TextGrid,41,6,hooked,174.710,175.030,VBD,3.3916,3.92,4,-5.015995
audio14.TextGrid,41,7,him,175.030,175.260,PRP,8.1250,6.11,2,2.114235
audio14.TextGrid,41,8,he,175.560,175.680,PRP,6.5345,6.69,2,1.158512
audio14.TextGrid,41,9,said,175.680,176.040,VBD,4.1346,6.01,3,-1.985609
audio14.TextGrid,42,1,and,176.480,176.610,CC,3.7036,7.41,3,-0.884389
audio14.TextGrid,42,2,i,176.610,176.750,NN,5.7252,7.09,1,0.786989
audio14.TextGrid,42,3,have,176.750,176.920,VBP,4.0453,6.71,3,-1.308799
audio14.TextGrid,42,4,never,176.920,177.130,RB,7.4429,5.91,4,1.213246
audio14.TextGrid,42,5,seen,177.130,177.480,VBN,8.0506,5.52,3,1.394114
audio14.TextGrid,42,6,him,177.480,177.760,PRP,9.0966,6.11,3,3.085835
audio15.TextGrid,1,1,he,1.180,1.310,PRP,4.5353,6.69,2,-0.840688
audio15.TextGrid,1,2,had,1.310,1.450,VBD,4.7197,6.33,3,-1.050287
audio15.TextGrid,1,3,pushed,1.450,1.770,VBN,10.3005,4.43,4,2.451071
audio15.TextGrid,1,4,his,1.770,1.900,PRP$,6.4547,6.51,3,0.881712
audio15.TextGrid,1,5,straw,1.900,2.330,NN,4.2333,3.99,4,-4.097684
audio15.TextGrid,1,6,hat,2.330,2.590,RB,5.6306,4.53,3,-2.109385
audio15.TextGrid,1,7,hard,2.590,3.000,RB,8.4990,5.53,4,1.853458
audio15.TextGrid,1,8,down,3.000,3.270,RP,6.8240,5.88,3,0.561513
audio15.TextGrid,1,9,on,3.270,3.400,IN,4.8041,6.91,2,-0.331110
audio15.TextGrid,1,10,his,3.400,3.640,PRP$,5.4010,6.51,3,-0.171988
audio15.TextGrid,1,11,head,3.640,3.920,NN,7.9889,5.51,3,1.321469
audio15.TextGrid,1,12,before,3.920,4.290,IN,7.1474,5.93,5,0.939635
audio15.TextGrid,1,13,he,4.290,4.440,PRP,4.5044,6.69,2,-0.871588
audio15.TextGrid,1,14,hooked,4.440,4.630,VBD,4.9135,3.92,4,-3.494095
audio15.TextGrid,1,15,the,4.630,4.760,DT,2.4476,7.73,2,-1.790167
audio15.TextGrid,1,16,fish,4.760,5.090,NN,4.1400,4.9,3,-3.195041
audio15.TextGrid,2,1,and,5.630,5.720,CC,3.7036,7.41,2,-0.884389
audio15.TextGrid,2,2,it,5.720,5.780,PRP,4.1020,6.95,2,-0.989433
audio15.TextGrid,2,3,was,5.780,5.930,VBD,3.8816,6.82,3,-1.352110
audio15.TextGrid,2,4,cutting,5.930,6.280,VBG,9.5913,4.61,5,1.938870
audio15.TextGrid,2,5,his,6.280,6.450,PRP$,5.8766,6.51,3,0.303612
audio15.TextGrid,2,6,forehead,6.450,6.980,NN,4.2574,3.87,6,-4.204918
audio15.TextGrid,3,1,he,7.790,7.890,PRP,4.5353,6.69,2,-0.840688
audio15.TextGrid,3,2,was,7.890,8.090,VBD,3.9158,6.82,3,-1.317910
audio15.TextGrid,3,3,thirsty,8.090,8.500,JJ,5.8405,3.74,5,-2.764095
audio15.TextGrid,3,4,too,8.500,8.870,RB,8.9333,5.95,2,2.747424
audio15.TextGrid,3,5,and,8.870,9.030,CC,3.4278,7.41,3,-1.160189
audio15.TextGrid,3,6,he,9.540,9.680,PRP,6.5380,6.69,2,1.162012
audio15.TextGrid,3,7,got,9.680,9.870,VBD,7.4588,5.91,3,1.229146
audio15.TextGrid,3,8,down,9.870,10.130,RB,6.2900,5.88,3,0.027513
audio15.TextGrid,3,9,on,10.130,10.260,IN,4.7500,6.91,2,-0.385210
audio15.TextGrid,3,10,his,10.260,10.450,PRP$,5.3345,6.51,3,-0.238488
audio15.TextGrid,3,11,knees,10.450,10.910,NNS,5.5670,4.18,3,-2.556040
audio15.TextGrid,3,12,and,10.910,11.120,CC,4.0881,7.41,3,-0.499889
audio15.TextGrid,3,13,being,11.180,11.500,VBG,8.0785,5.95,4,1.892624
audio15.TextGrid,3,14,careful,11.500,11.880,JJ,10.8699,4.59,6,3.195582
audio15.TextGrid,3,15,not,11.880,12.080,RB,7.4266,6.69,3,2.050612
audio15.TextGrid,3,16,to,12.080,12.150,TO,3.4509,7.43,2,-1.115200
audio15.TextGrid,3,17,jerk,12.150,12.440,VB,3.8583,4.0,3,-4.461740
audio15.TextGrid,3,18,on,12.440,12.570,IN,4.9514,6.91,2,-0.183810
audio15.TextGrid,3,19,the,12.570,12.650,DT,1.7345,7.73,2,-2.503267
audio15.TextGrid,3,20,line,12.650,13.060,NN,7.6714,5.49,3,0.982080
audio15.TextGrid,3,21,moved,13.190,13.520,VBD,10.2985,5.01,4,3.083848
audio15.TextGrid,3,22,as,13.520,13.690,IN,4.5819,6.77,2,-0.706532
audio15.TextGrid,3,23,far,13.690,14.000,RB,8.0489,5.5,3,1.370525
audio15.TextGrid,3,24,into,14.000,14.160,IN,6.6893,6.11,4,0.678535
audio15.TextGrid,3,25,the,14.160,14.250,DT,1.8427,7.73,2,-2.395067
audio15.TextGrid,3,26,bow,14.250,14.560,NN,4.1393,4.3,2,-3.852407
audio15.TextGrid,3,27,as,14.560,14.660,IN,4.7736,6.77,2,-0.514832
audio15.TextGrid,3,28,he,14.660,14.740,PRP,4.5197,6.69,2,-0.856288
audio15.TextGrid,3,29,could,14.740,14.920,MD,6.3631,6.06,3,0.297613
audio15.TextGrid,3,30,get,14.920,15.230,VB,5.7548,6.28,3,-0.069910
audio15.TextGrid,4,1,and,15.630,15.780,CC,3.7036,7.41,3,-0.884389
audio15.TextGrid,4,2,reached,15.780,16.020,VBD,10.1483,4.85,4,2.758537
audio15.TextGrid,4,3,the,16.020,16.110,DT,3.1325,7.73,2,-1.105267
audio15.TextGrid,4,4,water,16.110,16.420,NN,8.3774,5.52,4,1.720914
audio15.TextGrid,4,5,bottle,16.420,16.740,NN,8.9527,4.57,5,1.256493
audio15.TextGrid,4,6,with,16.740,16.920,IN,4.8393,6.85,3,-0.361577
audio15.TextGrid,4,7,one,16.920,17.090,CD,5.7451,6.47,3,0.128335
audio15.TextGrid,4,8,hand,17.090,17.570,NN,8.9576,5.41,4,2.180725
audio15.TextGrid,5,1,he,18.160,18.310,PRP,4.5353,6.69,2,-0.840688
audio15.TextGrid,5,2,opened,18.310,18.620,VBD,7.6917,4.85,5,0.301937
audio15.TextGrid,5,3,it,18.620,18.840,PRP,4.7494,6.95,2,-0.342033
audio15.TextGrid,5,4,and,18.840,18.960,CC,4.4671,7.41,2,-0.120889
audio15.TextGrid,5,5,drank,18.960,19.270,VB,4.8571,3.95,5,-3.517662
audio15.TextGrid,5,6,a,19.270,19.300,DT,3.2028,7.36,1,-1.439911
audio15.TextGrid,5,7,little,19.300,19.640,JJ,7.7960,5.75,5,1.391236
audio15.TextGrid,6,1,then,20.350,20.610,RB,7.4856,6.07,3,1.431057
audio15.TextGrid,6,2,he,20.610,20.760,PRP,5.3385,6.69,2,-0.037488
audio15.TextGrid,6,3,rested,20.760,21.130,VBD,3.4135,3.59,6,-5.355262
audio15.TextGrid,6,4,against,21.130,21.420,IN,7.6259,5.68,6,1.144525
audio15.TextGrid,6,5,the,21.420,21.510,DT,1.7412,7.73,2,-2.496567
audio15.TextGrid,6,6,bow,21.510,21.910,NN,4.1398,4.3,2,-3.851907
audio15.TextGrid,7,1,he,22.780,22.900,PRP,4.5353,6.69,2,-0.840688
audio15.TextGrid,7,2,rested,22.900,23.420,VBD,3.3819,3.59,6,-5.386862
audio15.TextGrid,7,3,sitting,23.420,23.720,VBG,11.1975,4.86,5,3.818681
audio15.TextGrid,7,4,on,23.720,23.860,IN,4.6829,6.91,2,-0.452310
audio15.TextGrid,7,5,the,23.860,23.990,DT,1.7298,7.73,2,-2.507967
audio15.TextGrid,7,6,un,23.990,24.140,NN,4.1386,4.62,2,-3.502885
audio15.TextGrid,7,7,stepped,24.140,24.510,VBD,10.9291,4.2,5,2.827949
audio15.TextGrid,7,8,mast,24.510,24.860,NN,6.3456,3.52,4,-2.499773
audio15.TextGrid,7,9,and,24.860,24.960,CC,4.2799,7.41,2,-0.308089
audio15.TextGrid,7,10,sail,24.960,25.410,NN,5.5120,4.01,3,-2.797096
audio15.TextGrid,7,11,and,25.630,25.770,CC,3.8833,7.41,3,-0.704689
audio15.TextGrid,7,12,tried,25.770,26.130,VBD,10.3173,5.16,4,3.266814
audio15.TextGrid,7,13,not,26.130,26.330,RB,5.6741,6.69,3,0.298112
audio15.TextGrid,7,14,to,26.330,26.420,TO,3.6412,7.43,2,-0.924900
audio15.TextGrid,7,15,think,26.420,26.880,VB,6.8764,6.08,4,0.832802
audio15.TextGrid,7,16,but,26.950,27.090,CC,5.7560,6.63,3,0.314345
audio15.TextGrid,7,17,only,27.090,27.360,RB,6.5704,6.12,4,0.570579
audio15.TextGrid,7,18,to,27.360,27.540,TO,3.7284,7.43,2,-0.837700
audio15.TextGrid,7,19,endure,27.540,28.070,VB,4.1736,3.82,6,-4.343440
audio15.TextGrid,8,1,then,29.580,29.880,RB,7.4856,6.07,3,1.431057
audio15.TextGrid,8,2,he,29.880,30.020,PRP,5.3385,6.69,2,-0.037488
audio15.TextGrid,8,3,looked,30.020,30.230,VBD,10.0141,5.11,4,2.908892
audio15.TextGrid,8,4,behind,30.230,30.670,IN,8.6738,5.29,6,1.765592
audio15.TextGrid,8,5,him,30.670,30.920,PRP,7.3637,6.11,3,1.352935
audio15.TextGrid,8,6,and,30.920,31.070,CC,4.4527,7.41,3,-0.135289
audio15.TextGrid,8,7,saw,31.070,31.300,VBD,9.9935,5.34,2,3.140014
audio15.TextGrid,8,8,that,31.300,31.470,IN,4.2377,7.01,3,-0.788066
audio15.TextGrid,8,9,no,31.470,31.640,DT,6.3045,6.35,2,0.556401
audio15.TextGrid,8,10,land,31.640,31.950,NN,9.1658,5.22,4,2.180981
audio15.TextGrid,8,11,was,31.950,32.150,VBD,5.2554,6.82,3,0.021690
audio15.TextGrid,8,12,visible,32.150,32.660,JJ,10.8174,4.39,7,2.924193
audio15.TextGrid,9,1,that,33.340,33.530,DT,4.4338,7.01,3,-0.591966
audio15.TextGrid,9,2,makes,33.530,33.800,VBZ,9.0883,5.46,4,2.366147
audio15.TextGrid,9,3,no,33.800,33.920,DT,6.2470,6.35,2,0.498901
audio15.TextGrid,9,4,difference,33.920,34.430,NN,8.1088,5.01,7,0.894148
audio15.TextGrid,9,5,he,34.430,34.540,PRP,5.6690,6.69,2,0.293012
audio15.TextGrid,9,6,thought,34.540,34.940,VBD,8.0738,5.59,3,1.493925
audio15.TextGrid,10,1,i,35.370,35.450,NN,5.5144,7.09,1,0.576189
audio15.TextGrid,10,2,can,35.450,35.590,MD,5.3141,6.46,3,-0.313610
audio15.TextGrid,10,3,always,35.590,35.930,RB,8.3531,5.76,5,1.959280
audio15.TextGrid,10,4,come,35.930,36.130,VB,7.0814,5.78,3,0.709469
audio15.TextGrid,10,5,in,36.130,36.290,IN,3.3696,7.27,2,-1.371611
audio15.TextGrid,10,6,on,36.290,36.400,IN,6.3464,6.91,2,1.211190
audio15.TextGrid,10,7,the,36.400,36.470,DT,1.8821,7.73,2,-2.355667
audio15.TextGrid,10,8,glow,36.470,36.740,NN,4.1520,3.91,3,-4.266540
audio15.TextGrid,10,9,from,36.740,36.950,IN,5.0965,6.63,4,-0.345155
audio15.TextGrid,10,10,havana,36.950,37.320,NN,5.7915,3.53,6,-3.042928
audio15.TextGrid,11,1,there,38.460,38.590,EX,5.7321,6.31,3,-0.059776
audio15.TextGrid,11,2,are,38.590,38.710,VBP,4.0250,6.74,2,-1.296266
audio15.TextGrid,11,3,two,38.710,38.940,CD,6.9950,6.1,2,0.973291
audio15.TextGrid,11,4,more,38.940,39.200,JJR,6.7790,6.36,3,1.041846
audio15.TextGrid,11,5,hours,39.200,39.580,NNS,9.1768,5.4,3,2.388980
audio15.TextGrid,11,6,before,39.580,39.880,IN,6.8390,5.93,5,0.631235
audio15.TextGrid,11,7,the,39.880,39.980,DT,1.8081,7.73,2,-2.429667
audio15.TextGrid,11,8,sun,39.980,40.260,NN,10.3560,4.97,3,3.097570
audio15.TextGrid,11,9,sets,40.260,40.680,NNS,10.3158,4.69,4,2.750926
audio15.TextGrid,11,10,and,40.680,40.920,CC,4.2783,7.41,3,-0.309689
audio15.TextGrid,11,11,maybe,40.920,41.230,RB,10.3060,5.45,4,3.572903
audio15.TextGrid,11,12,he,41.230,41.330,PRP,6.1222,6.69,2,0.746212
audio15.TextGrid,11,13,will,41.330,41.500,MD,4.8272,6.45,3,-0.811454
audio15.TextGrid,11,14,come,41.500,41.690,VB,6.4454,5.78,3,0.073469
audio15.TextGrid,11,15,up,41.690,41.820,RP,5.0838,6.39,2,-0.620521
audio15.TextGrid,11,16,before,41.830,42.170,IN,6.8545,5.93,5,0.646735
audio15.TextGrid,12,1,that,42.170,42.540,IN,4.4338,7.01,3,-0.591966
audio15.TextGrid,12,2,if,43.140,43.260,IN,7.8715,6.47,2,2.254735
audio15.TextGrid,12,3,he,43.260,43.340,PRP,4.6449,6.69,2,-0.731088
audio15.TextGrid,12,4,doesn't,43.340,43.790,VBZ,4.6291,5.53,6,-2.016442
audio15.TextGrid,12,5,maybe,43.790,44.050,RB,9.4173,5.45,4,2.684203
audio15.TextGrid,12,6,he,44.050,44.120,PRP,6.3854,6.69,2,1.009412
audio15.TextGrid,12,7,will,44.120,44.260,MD,5.0561,6.45,3,-0.582554
audio15.TextGrid,12,8,come,44.260,44.440,VB,6.4492,5.78,3,0.077269
audio15.TextGrid,12,9,up,44.440,44.600,RP,5.0773,6.39,2,-0.627021
audio15.TextGrid,12,10,with,44.600,44.730,IN,4.7877,6.85,3,-0.413177
audio15.TextGrid,12,11,the,44.730,44.790,DT,1.7006,7.73,2,-2.537167
audio15.TextGrid,12,12,moon,44.790,45.260,NN,11.0437,4.7,3,3.489770
audio15.TextGrid,13,1,if,45.940,46.060,IN,6.7770,6.47,2,1.160235
audio15.TextGrid,13,2,he,46.060,46.140,PRP,4.5051,6.69,2,-0.870888
audio15.TextGrid,13,3,does,46.140,46.320,VBZ,7.3824,5.74,3,0.966691
audio15.TextGrid,13,4,not,46.320,46.570,RB,5.5377,6.69,3,0.161712
audio15.TextGrid,13,5,do,46.570,46.650,VB,5.9351,6.35,2,0.187001
audio15.TextGrid,13,6,that,46.650,46.920,DT,4.4008,7.01,3,-0.624966
audio15.TextGrid,13,7,maybe,46.990,47.280,RB,10.9160,5.45,4,4.182903
audio15.TextGrid,13,8,he,47.280,47.360,PRP,5.8744,6.69,2,0.498412
audio15.TextGrid,13,9,will,47.360,47.500,MD,4.5265,6.45,3,-1.112154
audio15.TextGrid,13,10,come,47.500,47.660,VB,6.4445,5.78,3,0.072569
audio15.TextGrid,13,11,up,47.660,47.840,RP,5.0720,6.39,2,-0.632321
audio15.TextGrid,13,12,with,47.840,47.940,IN,4.7799,6.85,3,-0.420977
audio15.TextGrid,13,13,the,47.940,48.020,DT,1.7009,7.73,2,-2.536867
audio15.TextGrid,13,14,sunrise,48.020,48.690,NN,4.1374,3.82,6,-4.379640
audio15.TextGrid,14,1,i,49.400,49.510,NNS,5.5144,7.09,1,0.576189
audio15.TextGrid,14,2,have,49.510,49.690,VBP,4.0795,6.71,3,-1.274599
audio15.TextGrid,14,3,no,49.690,49.810,DT,6.3912,6.35,2,0.643101
audio15.TextGrid,14,4,cramps,49.810,50.450,NNS,6.6453,3.32,6,-2.418961
audio15.TextGrid,14,5,and,50.450,50.580,CC,4.4039,7.41,3,-0.184089
audio15.TextGrid,14,6,i,50.580,50.680,JJ,6.0378,7.09,1,1.099589
audio15.TextGrid,14,7,feel,50.680,50.930,NN,8.2307,5.67,3,1.738380
audio15.TextGrid,14,8,strong,50.930,51.520,JJ,8.2185,5.22,5,1.233681
audio15.TextGrid,15,1,it,52.010,52.140,PRP,3.8912,6.95,2,-1.200233
audio15.TextGrid,15,2,is,52.140,52.310,VBZ,3.3590,7.07,2,-1.601100
audio15.TextGrid,15,3,he,52.310,52.580,PRP,5.3690,6.69,2,-0.006988
audio15.TextGrid,15,4,that,52.580,52.740,WDT,4.2020,7.01,3,-0.823766
audio15.TextGrid,15,5,has,52.740,52.950,VBZ,5.7421,6.37,3,0.015890
audio15.TextGrid,15,6,the,52.950,53.060,DT,2.4261,7.73,2,-1.811667
audio15.TextGrid,15,7,hook,53.060,53.260,NN,9.5444,4.37,3,1.629304
audio15.TextGrid,15,8,in,53.260,53.370,IN,3.2377,7.27,2,-1.503511
audio15.TextGrid,15,9,his,53.370,53.560,PRP$,5.3042,6.51,3,-0.268788
audio15.TextGrid,15,10,mouth,53.560,53.950,NN,4.2576,4.83,3,-3.154052
audio15.TextGrid,16,1,but,54.950,55.130,CC,5.3198,6.63,3,-0.121855
audio15.TextGrid,16,2,what,55.130,55.270,WP,7.6895,6.38,3,1.974235
audio15.TextGrid,16,3,a,55.270,55.330,DT,4.2793,7.36,1,-0.363411
audio15.TextGrid,16,4,fish,55.330,55.640,NN,4.1440,4.9,3,-3.191041
audio15.TextGrid,16,5,to,55.640,55.750,TO,3.7601,7.43,2,-0.806000
audio15.TextGrid,16,6,pull,55.750,56.140,VB,9.2457,4.82,3,1.823103
audio15.TextGrid,16,7,like,56.140,56.340,IN,7.0079,6.41,3,1.325468
audio15.TextGrid,17,1,that,56.340,56.650,IN,4.4338,7.01,3,-0.591966
audio15.TextGrid,17,2,he,57.300,57.410,PRP,5.2592,6.69,2,-0.116788
audio15.TextGrid,17,3,must,57.410,57.620,MD,8.0760,5.68,4,1.594625
audio15.TextGrid,17,4,have,57.620,57.750,VB,3.8831,6.71,3,-1.470999
audio15.TextGrid,17,5,his,57.750,57.920,PRP$,6.1285,6.51,3,0.555512
audio15.TextGrid,17,6,mouth,57.920,58.200,NN,4.2553,4.83,3,-3.156352
audio15.TextGrid,17,7,shut,58.200,58.440,VBD,10.2458,4.78,3,2.779426
audio15.TextGrid,17,8,tight,58.470,58.710,VBN,9.5841,4.57,3,1.887893
audio15.TextGrid,17,9,on,58.710,58.830,IN,5.0529,6.91,2,-0.082310
audio15.TextGrid,17,10,the,58.830,58.890,DT,1.7243,7.73,2,-2.513467
audio15.TextGrid,17,11,wire,58.890,59.300,NN,4.1374,4.43,3,-3.712029
audio15.TextGrid,18,1,i,59.300,59.330,JJ,5.5144,7.09,1,0.576189
audio15.TextGrid,18,2,wish,60.140,60.430,VBP,9.0633,5.18,3,2.034703
audio15.TextGrid,18,3,i,60.430,60.520,NN,6.0510,7.09,1,1.112789
audio15.TextGrid,18,4,could,60.520,60.690,MD,7.1028,6.06,3,1.037313
audio15.TextGrid,18,5,see,60.690,61.010,VB,6.2439,6.1,2,0.222191
audio15.TextGrid,18,6,him,61.010,61.210,PRP,8.0203,6.11,2,2.009535
audio15.TextGrid,19,1,i,61.960,62.040,JJ,5.5144,7.09,1,0.576189
audio15.TextGrid,19,2,wish,62.040,62.260,VBP,9.0633,5.18,3,2.034703
audio15.TextGrid,19,3,i,62.260,62.360,NN,6.0510,7.09,1,1.112789
audio15.TextGrid,19,4,could,62.360,62.510,MD,7.1028,6.06,3,1.037313
audio15.TextGrid,19,5,see,62.510,62.740,VB,6.2439,6.1,2,0.222191
audio15.TextGrid,19,6,him,62.740,62.840,PRP,8.0203,6.11,2,2.009535
audio15.TextGrid,19,7,only,62.840,63.060,RB,6.7977,6.12,4,0.797879
audio15.TextGrid,19,8,once,63.060,63.420,RB,7.7114,5.53,4,1.065858
audio15.TextGrid,19,9,to,63.420,63.590,TO,3.6758,7.43,2,-0.890300
audio15.TextGrid,19,10,know,63.590,63.760,VB,7.3068,6.1,2,1.285091
audio15.TextGrid,19,11,what,63.760,63.950,WP,6.8822,6.38,3,1.166935
audio15.TextGrid,19,12,i,63.950,64.040,NN,7.1488,7.09,1,2.210589
audio15.TextGrid,19,13,have,64.040,64.230,VBP,4.0883,6.71,3,-1.265799
audio15.TextGrid,19,14,against,64.230,64.670,IN,7.6460,5.68,6,1.164625
audio15.TextGrid,19,15,me,64.670,64.940,PRP,7.9830,6.48,2,2.377179
audio15.TextGrid,20,1,the,67.290,67.390,DT,1.8241,7.73,2,-2.413667
audio15.TextGrid,20,2,fish,67.390,67.720,JJ,5.0760,4.9,3,-2.259041
audio15.TextGrid,20,3,never,67.720,68.010,RB,9.8726,5.91,4,3.642946
audio15.TextGrid,20,4,changed,68.010,68.470,VBN,8.0566,5.07,5,0.907614
audio15.TextGrid,20,5,his,68.470,68.640,PRP$,7.1476,6.51,3,1.574612
audio15.TextGrid,20,6,course,68.640,69.130,NN,7.9464,5.44,4,1.202358
audio15.TextGrid,20,7,nor,69.130,69.360,CC,9.2997,4.78,3,1.833326
audio15.TextGrid,20,8,his,69.360,69.540,PRP$,5.9920,6.51,3,0.419012
audio15.TextGrid,20,9,direction,69.540,70.120,NN,8.7476,4.93,8,1.445392
audio15.TextGrid,20,10,all,70.120,70.380,DT,7.7260,6.52,2,2.163957
audio15.TextGrid,20,11,that,70.380,70.670,WDT,5.8873,7.01,3,0.861534
audio15.TextGrid,20,12,night,70.670,70.980,NN,9.6043,5.61,3,3.046313
audio15.TextGrid,20,13,as,70.980,71.130,RB,4.8156,6.77,2,-0.472832
audio15.TextGrid,20,14,far,71.130,71.310,RB,8.2382,5.5,3,1.559825
audio15.TextGrid,20,15,as,71.310,71.420,IN,5.1844,6.77,2,-0.104032
audio15.TextGrid,20,16,the,71.420,71.500,DT,2.0001,7.73,2,-2.237667
audio15.TextGrid,20,17,man,71.500,71.740,NN,7.6863,5.82,3,1.358147
audio15.TextGrid,20,18,could,71.740,71.940,MD,6.4079,6.06,3,0.342413
audio15.TextGrid,20,19,tell,71.940,72.210,VB,9.6792,5.53,3,3.033658
audio15.TextGrid,20,20,from,72.210,72.380,IN,5.2617,6.63,3,-0.179955
audio15.TextGrid,20,21,watching,72.380,72.740,VBG,11.7379,5.02,5,4.534192
audio15.TextGrid,20,22,the,72.740,72.820,DT,2.3131,7.73,2,-1.924667
audio15.TextGrid,20,23,stars,72.820,73.410,NNS,10.5012,4.86,5,3.122381
audio15.TextGrid,21,1,it,74.130,74.270,PRP,3.8912,6.95,2,-1.200233
audio15.TextGrid,21,2,was,74.270,74.410,VBD,3.9158,6.82,3,-1.317910
audio15.TextGrid,21,3,cold,74.410,74.850,VBN,11.2433,5.02,4,4.039592
audio15.TextGrid,21,4,after,74.850,75.060,IN,6.8064,6.11,4,0.795635
audio15.TextGrid,21,5,the,75.060,75.160,DT,1.7084,7.73,2,-2.529367
audio15.TextGrid,21,6,sun,75.160,75.400,NN,10.3525,4.97,3,3.094070
audio15.TextGrid,21,7,went,75.400,75.630,VBD,10.4674,5.5,4,3.789025
audio15.TextGrid,21,8,down,75.630,76.000,RB,6.3323,5.88,3,0.069813
audio15.TextGrid,22,1,and,76.460,76.560,CC,3.7036,7.41,2,-0.884389
audio15.TextGrid,22,2,the,76.560,76.680,DT,2.0380,7.73,2,-2.199767
audio15.TextGrid,22,3,old,76.680,76.960,JJ,7.3360,5.75,3,0.931236
audio15.TextGrid,22,4,man,76.960,77.200,NN,7.6917,5.82,3,1.363547
audio15.TextGrid,22,5,s,77.200,77.250,VBZ,3.5067,5.86,1,-2.777676
audio15.TextGrid,22,6,sweat,77.250,77.620,NN,12.7988,4.14,4,4.631982
audio15.TextGrid,22,7,dried,77.620,77.890,VBD,5.3541,4.04,4,-2.922162
audio15.TextGrid,22,8,cold,77.890,78.230,NN,11.2316,5.02,4,4.027892
audio15.TextGrid,22,9,on,78.230,78.370,IN,5.0312,6.91,2,-0.104010
audio15.TextGrid,22,10,his,78.370,78.540,PRP$,5.3167,6.51,3,-0.256288
audio15.TextGrid,22,11,back,78.540,78.960,NN,9.0278,6.04,3,2.940424
audio15.TextGrid,22,12,and,78.960,79.070,CC,3.8343,7.41,2,-0.753689
audio15.TextGrid,22,13,his,79.070,79.230,PRP$,6.4073,6.51,3,0.834312
audio15.TextGrid,22,14,arms,79.230,79.670,NNS,9.2080,4.82,4,1.785403
audio15.TextGrid,22,15,and,79.670,79.800,CC,4.2198,7.41,3,-0.368189
audio15.TextGrid,22,16,his,79.800,79.950,PRP$,5.9672,6.51,3,0.394212
audio15.TextGrid,22,17,old,79.950,80.220,JJ,7.3904,5.75,3,0.985636
audio15.TextGrid,22,18,legs,80.220,80.680,NN,4.1087,4.67,4,-3.478063
audio15.TextGrid,23,1,during,81.440,81.720,IN,7.8144,5.72,5,1.376802
audio15.TextGrid,23,2,the,81.720,81.790,DT,1.7472,7.73,2,-2.490567
audio15.TextGrid,23,3,day,81.790,82.080,NN,7.0843,5.95,2,0.898424
audio15.TextGrid,23,4,he,82.080,82.160,PRP,5.4077,6.69,2,0.031712
audio15.TextGrid,23,5,had,82.160,82.340,VBD,4.7560,6.33,3,-1.013987
audio15.TextGrid,23,6,taken,82.340,82.620,VBN,8.6198,5.33,5,1.755369
audio15.TextGrid,23,7,the,82.620,82.680,DT,3.1221,7.73,2,-1.115667
audio15.TextGrid,23,8,sack,82.680,83.030,NN,4.1503,3.91,3,-4.268240
audio15.TextGrid,23,9,that,83.030,83.190,WDT,4.1033,7.01,3,-0.922466
audio15.TextGrid,23,10,covered,83.190,83.500,VBD,10.4901,4.83,5,3.078448
audio15.TextGrid,23,11,the,83.500,83.560,DT,3.1738,7.73,2,-1.063967
audio15.TextGrid,23,12,bait,83.560,83.830,NN,4.1403,3.85,3,-4.343906
audio15.TextGrid,23,13,box,83.830,84.190,NN,10.1091,5.04,4,2.927281
audio15.TextGrid,23,14,and,84.190,84.350,CC,4.1013,7.41,3,-0.486689
audio15.TextGrid,23,15,spread,84.350,84.640,NN,9.4225,4.81,5,1.988959
audio15.TextGrid,23,16,it,84.640,84.740,PRP,4.7535,6.95,2,-0.337933
audio15.TextGrid,23,17,in,84.740,84.830,IN,3.0124,7.27,2,-1.728811
audio15.TextGrid,23,18,the,84.830,84.910,DT,1.6982,7.73,2,-2.539567
audio15.TextGrid,23,19,sun,84.910,85.170,NN,10.3508,4.97,3,3.092370
audio15.TextGrid,23,20,to,85.170,85.270,TO,4.6522,7.43,2,0.086100
audio15.TextGrid,23,21,dry,85.270,85.710,VB,10.0968,4.74,3,2.586648
audio15.TextGrid,24,1,after,86.650,86.920,IN,7.0701,6.11,4,1.059335
audio15.TextGrid,24,2,the,86.920,87.020,DT,1.7691,7.73,2,-2.468667
audio15.TextGrid,24,3,sun,87.020,87.280,NN,10.3485,4.97,3,3.090070
audio15.TextGrid,24,4,went,87.280,87.460,VBD,10.1426,5.5,4,3.464225
audio15.TextGrid,24,5,down,87.460,87.890,IN,6.3177,5.88,3,0.055213
audio15.TextGrid,24,6,he,87.890,88.050,PRP,5.2580,6.69,2,-0.117988
audio15.TextGrid,24,7,tied,88.050,88.370,VBD,9.8952,4.47,3,2.089548
audio15.TextGrid,24,8,it,88.370,88.470,PRP,4.9342,6.95,2,-0.157233
audio15.TextGrid,24,9,around,88.470,88.750,IN,7.1893,5.77,4,0.806424
audio15.TextGrid,24,10,his,88.750,88.940,PRP$,5.4150,6.51,3,-0.157988
audio15.TextGrid,24,11,neck,88.940,89.240,NN,4.2574,4.63,3,-3.373141
audio15.TextGrid,24,12,so,89.240,89.380,IN,6.6181,6.52,2,1.056057
audio15.TextGrid,24,13,that,89.380,89.530,IN,4.7863,7.01,3,-0.239466
audio15.TextGrid,24,14,it,89.530,89.650,PRP,4.3382,6.95,2,-0.753233
audio15.TextGrid,24,15,hung,89.650,89.850,VBD,10.7192,4.21,3,2.628993
audio15.TextGrid,24,16,down,89.850,90.100,RP,6.3104,5.88,3,0.047913
audio15.TextGrid,24,17,over,90.100,90.320,IN,6.4039,6.08,3,0.360302
audio15.TextGrid,24,18,his,90.320,90.490,PRP$,5.4067,6.51,3,-0.166288
audio15.TextGrid,24,19,back,90.490,90.890,NN,9.0257,6.04,3,2.938324
audio15.TextGrid,25,1,and,91.400,91.480,CC,3.7036,7.41,2,-0.884389
audio15.TextGrid,25,2,he,91.480,91.560,PRP,4.7461,6.69,2,-0.629888
audio15.TextGrid,25,3,cautiously,91.560,92.150,RB,11.8345,3.32,7,2.770239
audio15.TextGrid,25,4,worked,92.150,92.410,VBD,8.3682,5.16,4,1.317714
audio15.TextGrid,25,5,it,92.410,92.470,PRP,4.7862,6.95,2,-0.305233
audio15.TextGrid,25,6,down,92.470,92.920,RP,6.9399,5.88,3,0.677413
audio15.TextGrid,25,7,under,92.920,93.120,IN,7.1462,5.73,4,0.719547
audio15.TextGrid,25,8,the,93.120,93.230,DT,1.7309,7.73,2,-2.506867
audio15.TextGrid,25,9,line,93.230,93.640,NN,7.6732,5.49,3,0.983880
audio15.TextGrid,25,10,that,93.640,93.800,WDT,4.3597,7.01,3,-0.666066
audio15.TextGrid,25,11,was,93.800,93.970,VBD,6.1179,6.82,3,0.884190
audio15.TextGrid,25,12,across,93.970,94.320,IN,8.3566,5.25,5,1.404614
audio15.TextGrid,25,13,his,94.320,94.450,PRP$,5.4342,6.51,3,-0.138788
audio15.TextGrid,25,14,shoulders,94.450,94.940,NNS,5.5669,4.18,6,-2.556140
audio15.TextGrid,25,15,now,94.940,95.320,RB,6.8184,6.18,2,0.884246
audio15.TextGrid,26,1,the,96.010,96.100,DT,1.8241,7.73,2,-2.413667
audio15.TextGrid,26,2,sack,96.100,96.390,NN,4.1358,3.91,3,-4.282740
audio15.TextGrid,26,3,cushioned,96.390,96.780,VBD,10.2403,2.62,6,0.409929
audio15.TextGrid,26,4,the,96.780,96.860,DT,3.0440,7.73,2,-1.193767
audio15.TextGrid,26,5,line,96.860,97.250,NN,7.6850,5.49,3,0.995680
audio15.TextGrid,26,6,and,97.250,97.390,CC,4.4538,7.41,3,-0.134189
audio15.TextGrid,26,7,he,97.390,97.480,PRP,5.1212,6.69,2,-0.254788
audio15.TextGrid,26,8,had,97.480,97.610,VBD,5.7241,6.33,3,-0.045887
audio15.TextGrid,26,9,found,97.610,97.860,VBN,8.2495,5.68,4,1.768125
audio15.TextGrid,26,10,a,97.860,97.890,DT,3.5352,7.36,1,-1.107511
audio15.TextGrid,26,11,way,97.890,98.090,NN,6.8419,6.01,2,0.721691
audio15.TextGrid,26,12,of,98.090,98.230,IN,3.0386,7.4,2,-1.560333
audio15.TextGrid,26,13,leaning,98.230,98.590,VBG,8.1436,3.89,5,-0.296829
audio15.TextGrid,26,14,forward,98.590,99.040,RB,9.5463,5.12,6,2.452036
audio15.TextGrid,26,15,against,99.040,99.330,IN,7.4738,5.68,6,0.992425
audio15.TextGrid,26,16,the,99.330,99.430,DT,1.7284,7.73,2,-2.509367
audio15.TextGrid,26,17,bow,99.430,99.870,NN,4.1377,4.3,2,-3.854007
audio15.TextGrid,26,18,so,99.870,100.020,RB,6.6317,6.52,2,1.069657
audio15.TextGrid,26,19,that,100.020,100.170,IN,4.6349,7.01,3,-0.390866
audio15.TextGrid,26,20,he,100.170,100.230,PRP,4.9502,6.69,2,-0.425788
audio15.TextGrid,26,21,was,100.230,100.380,VBD,4.9740,6.82,3,-0.259710
audio15.TextGrid,26,22,almost,100.380,100.740,RB,7.2448,5.39,6,0.446036
audio15.TextGrid,26,23,comfortable,100.740,101.310,JJ,11.0361,4.66,10,3.438393
audio15.TextGrid,27,1,the,102.310,102.380,DT,1.8241,7.73,2,-2.413667
audio15.TextGrid,27,2,position,102.380,102.840,NN,7.7471,5.21,7,0.751336
audio15.TextGrid,27,3,actually,102.840,103.370,RB,10.5290,5.49,5,3.839680
audio15.TextGrid,27,4,was,103.370,103.560,VBD,4.6558,6.82,3,-0.577910
audio15.TextGrid,27,5,only,103.560,103.810,JJ,6.0921,6.12,4,0.092279
audio15.TextGrid,27,6,somewhat,103.810,104.260,RB,9.8656,4.55,6,2.147504
audio15.TextGrid,27,7,less,104.260,104.530,RBR,6.3661,5.49,3,-0.323220
audio15.TextGrid,27,8,intolerable,104.530,105.280,JJ,5.8306,3.17,10,-3.397828
audio15.TextGrid,28,1,but,106.040,106.200,CC,5.3198,6.63,3,-0.121855
audio15.TextGrid,28,2,he,106.200,106.310,PRP,4.7447,6.69,2,-0.631288
audio15.TextGrid,28,3,thought,106.310,106.540,VBD,7.8813,5.59,3,1.301425
audio15.TextGrid,28,4,of,106.540,106.640,IN,3.1354,7.4,2,-1.463533
audio15.TextGrid,28,5,it,106.640,106.740,PRP,3.8134,6.95,2,-1.278033
audio15.TextGrid,28,6,as,106.740,106.840,IN,4.6826,6.77,2,-0.605832
audio15.TextGrid,28,7,almost,106.840,107.210,RB,8.6608,5.39,6,1.862036
audio15.TextGrid,28,8,comfortable,107.210,107.750,JJ,10.8471,4.66,10,3.249393
audio15.TextGrid,29,1,i,109.400,109.540,NN,5.5144,7.09,1,0.576189
audio15.TextGrid,29,2,can,109.540,109.710,MD,5.3141,6.46,3,-0.313610
audio15.TextGrid,29,3,do,109.710,109.850,VB,5.1565,6.35,2,-0.591599
audio15.TextGrid,29,4,nothing,109.850,110.190,NN,10.5276,5.55,5,3.903947
audio15.TextGrid,29,5,with,110.190,110.340,IN,5.2388,6.85,3,0.037923
audio15.TextGrid,29,6,him,110.340,110.600,PRP,7.3815,6.11,3,1.370735
audio15.TextGrid,29,7,and,110.600,110.750,CC,4.4404,7.41,3,-0.147589
audio15.TextGrid,29,8,he,110.750,110.850,PRP,5.0371,6.69,2,-0.338888
audio15.TextGrid,29,9,can,110.850,111.030,MD,5.9184,6.46,3,0.290690
audio15.TextGrid,29,10,do,111.030,111.140,VB,5.1572,6.35,2,-0.590899
audio15.TextGrid,29,11,nothing,111.140,111.480,NN,10.5128,5.55,5,3.889147
audio15.TextGrid,29,12,with,111.480,111.630,IN,5.1721,6.85,3,-0.028777
audio15.TextGrid,29,13,me,111.630,111.960,PRP,7.9585,6.48,2,2.352679
audio15.TextGrid,29,14,he,112.150,112.260,PRP,6.3488,6.69,2,0.972812
audio15.TextGrid,29,15,thought,112.260,112.670,VBD,8.5235,5.59,3,1.943625
audio15.TextGrid,30,1,not,113.210,113.420,RB,6.0703,6.69,3,0.694312
audio15.TextGrid,30,2,as,113.420,113.540,RB,5.2424,6.77,2,-0.046032
audio15.TextGrid,30,3,long,113.540,113.770,RB,7.8818,5.81,3,1.542702
audio15.TextGrid,30,4,as,113.770,113.870,IN,5.6068,6.77,2,0.318368
audio15.TextGrid,30,5,he,113.870,113.970,PRP,4.8201,6.69,2,-0.555888
audio15.TextGrid,30,6,keeps,113.970,114.330,VBZ,9.9968,4.67,4,2.410037
audio15.TextGrid,30,7,this,114.330,114.560,DT,5.6552,6.82,3,0.421490
audio15.TextGrid,30,8,up,114.560,114.850,RP,8.2884,6.39,2,2.584079
audio15.TextGrid,31,1,once,116.920,117.200,RB,8.1706,5.53,4,1.525058
audio15.TextGrid,31,2,he,117.200,117.330,PRP,5.2541,6.69,2,-0.121888
audio15.TextGrid,31,3,stood,117.330,120.310,VBD,8.3593,4.57,4,0.663093
audio15.TextGrid,31,4,up,120.310,120.670,RP,5.0491,6.39,2,-0.655221
audio15.TextGrid,32,1,and,120.670,121.580,CC,3.7036,7.41,3,-0.884389
audio15.TextGrid,32,2,urinated,122.640,123.250,VBN,7.9536,2.31,9,-2.216049
audio15.TextGrid,32,3,over,123.250,123.430,IN,6.0617,6.08,3,0.018102
audio15.TextGrid,32,4,the,123.430,123.540,DT,1.7300,7.73,2,-2.507767
audio15.TextGrid,32,5,side,123.540,123.690,NN,8.0376,5.5,3,1.359225
audio15.TextGrid,32,6,of,123.690,123.780,IN,3.3203,7.4,2,-1.278633
audio15.TextGrid,32,7,the,123.780,123.980,DT,1.7102,7.73,2,-2.527567
audio15.TextGrid,32,8,skiff,123.980,124.140,NN,4.1372,2.63,4,-5.682227
audio15.TextGrid,32,9,and,124.140,124.200,CC,4.1554,7.41,2,-0.432589
audio15.TextGrid,32,10,looked,124.200,124.320,VBD,12.3300,5.11,4,5.224792
audio15.TextGrid,32,11,at,124.320,124.380,IN,4.4736,6.7,2,-0.891444
audio15.TextGrid,32,12,the,124.380,124.450,DT,1.6776,7.73,2,-2.560167
audio15.TextGrid,32,13,stars,124.450,124.750,NNS,10.4942,4.86,5,3.115381
audio15.TextGrid,32,14,and,124.750,124.890,CC,3.8656,7.41,3,-0.722389
audio15.TextGrid,32,15,checked,124.890,125.030,VBD,5.5968,4.54,4,-2.132241
audio15.TextGrid,32,16,his,125.030,125.120,PRP$,6.0089,6.51,3,0.435912
audio15.TextGrid,32,17,course,125.120,125.600,NN,7.9545,5.44,4,1.210458
audio15.TextGrid,32,18,the,125.600,125.660,DT,3.4869,7.73,2,-0.750867
audio15.TextGrid,32,19,line,125.660,125.750,NN,7.6708,5.49,3,0.981480
audio15.TextGrid,32,20,showed,125.750,126.060,VBD,8.2640,4.86,3,0.885181
audio15.TextGrid,32,21,like,126.060,126.160,IN,7.0951,6.41,3,1.412668
audio15.TextGrid,32,22,a,126.160,126.190,DT,2.7143,7.36,1,-1.928411
audio15.TextGrid,32,23,phosphorescent,126.190,126.890,NN,4.1402,2.22,11,-6.127949
audio15.TextGrid,33,1,streak,127.680,127.990,NN,5.9246,4.06,5,-2.329773
audio15.TextGrid,33,2,in,127.990,128.090,IN,4.3102,7.27,2,-0.431011
audio15.TextGrid,33,3,the,128.090,128.290,DT,1.7004,7.73,2,-2.537367
audio15.TextGrid,33,4,water,128.290,128.540,NN,8.3732,5.52,4,1.716714
audio15.TextGrid,33,5,straight,128.540,129.020,VBD,10.2289,5.04,5,3.047081
audio15.TextGrid,33,6,out,129.020,129.360,RP,7.1329,6.38,2,1.417635
audio15.TextGrid,33,7,from,129.460,129.600,IN,4.8102,6.63,4,-0.631455
audio15.TextGrid,33,8,his,129.600,129.770,PRP$,5.3141,6.51,3,-0.258888
audio15.TextGrid,33,9,shoulders,129.770,130.190,NNS,5.5669,4.18,6,-2.556140
audio15.TextGrid,33,10,they,130.190,130.350,PRP,6.7577,6.5,2,1.173768
audio15.TextGrid,33,11,were,130.350,130.620,VBD,5.1183,6.34,2,-0.640743
audio15.TextGrid,33,12,moving,130.620,130.890,VBG,9.7749,5.02,5,2.571192
audio15.TextGrid,33,13,more,130.890,130.980,RBR,5.8571,6.36,3,0.119946
audio15.TextGrid,33,14,slowly,130.980,131.470,RB,8.9983,4.63,5,1.367759
audio15.TextGrid,33,15,now,131.470,131.580,RB,6.5108,6.18,2,0.576646
audio15.TextGrid,33,16,and,131.780,131.980,CC,3.7329,7.41,2,-0.855089
audio15.TextGrid,33,17,the,131.980,132.060,DT,3.4920,7.73,2,-0.745767
audio15.TextGrid,33,18,glow,132.060,132.180,NN,4.1530,3.91,3,-4.265540
audio15.TextGrid,33,19,of,132.180,132.270,IN,3.2863,7.4,2,-1.312633
audio15.TextGrid,33,20,havana,132.270,132.530,NN,5.7966,3.53,6,-3.037828
audio15.TextGrid,33,21,was,132.530,132.660,VBD,5.2537,6.82,3,0.019990
audio15.TextGrid,33,22,not,132.660,133.000,RB,5.4529,6.69,3,0.076912
audio15.TextGrid,33,23,so,133.000,133.060,RB,6.1243,6.52,2,0.562257
audio15.TextGrid,33,24,strong,133.060,133.840,JJ,7.7709,5.22,5,0.786081
audio15.TextGrid,33,25,so,133.840,133.940,RB,6.6120,6.52,2,1.049957
audio15.TextGrid,33,26,that,133.940,134.080,IN,4.6861,7.01,3,-0.339666
audio15.TextGrid,33,27,he,134.080,134.280,PRP,4.9296,6.69,2,-0.446388
audio15.TextGrid,33,28,knew,134.280,134.660,VBD,9.5546,5.2,3,2.547892
audio15.TextGrid,34,1,the,134.660,134.790,DT,1.8241,7.73,2,-2.413667
audio15.TextGrid,34,2,current,135.850,136.200,JJ,7.1599,5.27,6,0.229803
audio15.TextGrid,34,3,must,136.200,136.530,MD,9.2160,5.68,4,2.734625
audio15.TextGrid,34,4,be,136.530,136.630,VB,3.7161,6.79,2,-1.550444
audio15.TextGrid,34,5,carrying,136.630,136.880,VBG,11.3291,4.61,6,3.676670
audio15.TextGrid,34,6,them,136.880,136.970,PRP,6.5090,6.19,3,0.585790
audio15.TextGrid,34,7,to,136.970,137.030,TO,3.3261,7.43,2,-1.240000
audio15.TextGrid,34,8,the,137.030,137.230,DT,2.1338,7.73,2,-2.103967
audio15.TextGrid,34,9,eastward,137.230,137.530,NN,4.1356,3.24,6,-5.016217
audio15.TextGrid,34,10,if,137.530,137.590,IN,6.0626,6.47,2,0.445835
audio15.TextGrid,34,11,i,137.590,137.620,JJ,5.4195,7.09,1,0.481289
audio15.TextGrid,34,12,lose,137.620,137.730,VBP,10.7826,5.08,3,3.644559
audio15.TextGrid,34,13,the,137.730,137.910,DT,2.2817,7.73,2,-1.956067
audio15.TextGrid,34,14,glare,137.910,138.110,NN,4.1383,3.36,4,-4.882184
audio15.TextGrid,34,15,of,138.110,138.170,IN,3.0055,7.4,2,-1.593433
audio15.TextGrid,34,16,havana,138.170,138.530,NN,5.7906,3.53,6,-3.043828
audio15.TextGrid,35,1,we,138.530,138.760,PRP,5.6952,6.54,2,0.155046
audio15.TextGrid,35,2,must,138.760,138.920,MD,6.9084,5.68,4,0.427025
audio15.TextGrid,35,3,be,138.920,139.070,VB,3.7168,6.79,2,-1.549744
audio15.TextGrid,35,4,going,139.070,139.300,VBG,8.3358,5.94,4,2.138980
audio15.TextGrid,35,5,more,139.350,139.490,JJR,5.8910,6.36,3,0.153846
audio15.TextGrid,35,6,to,139.490,139.550,TO,3.5087,7.43,2,-1.057400
audio15.TextGrid,36,1,the,139.550,139.650,DT,1.8241,7.73,2,-2.413667
audio15.TextGrid,36,2,eastward,140.250,140.570,NN,4.1358,3.24,6,-5.016017
audio15.TextGrid,36,3,he,140.570,140.650,PRP,7.0389,6.69,2,1.662912
audio15.TextGrid,36,4,thought,140.650,140.830,VBD,8.0737,5.59,3,1.493825
audio15.TextGrid,36,5,for,140.830,140.930,IN,4.1284,7.01,2,-0.897366
audio15.TextGrid,36,6,if,140.930,141.000,IN,7.7774,6.47,2,2.160635
audio15.TextGrid,36,7,the,141.000,141.240,DT,1.9089,7.73,2,-2.328867
audio15.TextGrid,36,8,fish,141.240,141.410,JJ,5.0908,4.9,3,-2.244241
audio15.TextGrid,36,9,s,141.410,141.440,NN,4.3385,5.86,1,-1.945876
audio15.TextGrid,36,10,course,141.440,141.760,NN,9.2620,5.44,4,2.517958
audio15.TextGrid,36,11,held,141.760,141.940,VBD,8.1470,5.24,4,1.184070
audio15.TextGrid,36,12,true,142.260,142.350,JJ,9.8884,5.4,3,3.100580
audio15.TextGrid,36,13,i,142.350,142.380,NN,8.0475,7.09,1,3.109289
audio15.TextGrid,36,14,must,142.380,142.660,MD,7.7116,5.68,4,1.230225
audio15.TextGrid,36,15,see,142.660,142.830,VB,6.2370,6.1,2,0.215291
audio15.TextGrid,36,16,it,142.830,142.920,PRP,4.4275,6.95,2,-0.663933
audio15.TextGrid,36,17,for,142.920,143.030,IN,3.8498,7.01,2,-1.175966
audio15.TextGrid,36,18,many,143.030,143.260,JJ,6.5554,5.91,4,0.325746
audio15.TextGrid,36,19,more,143.260,143.490,JJR,6.9103,6.36,3,1.173146
audio15.TextGrid,36,20,hours,143.490,143.940,NNS,8.3487,5.4,3,1.560880
audio15.TextGrid,37,1,i,145.230,145.310,NN,5.5144,7.09,1,0.576189
audio15.TextGrid,37,2,wonder,145.310,145.580,VBP,12.3205,4.93,5,5.018292
audio15.TextGrid,37,3,how,145.580,145.700,WRB,8.2637,6.24,2,2.395213
audio15.TextGrid,37,4,the,145.700,145.790,DT,1.9620,7.73,2,-2.275767
audio15.TextGrid,37,5,baseball,145.790,146.290,NN,9.1370,4.54,6,1.407959
audio15.TextGrid,37,6,came,146.290,146.550,VBD,7.0453,5.5,3,0.366925
audio15.TextGrid,37,7,out,146.550,146.740,RP,5.7137,6.38,2,-0.001565
audio15.TextGrid,37,8,in,146.740,146.830,IN,3.1310,7.27,2,-1.610211
audio15.TextGrid,37,9,the,146.830,146.890,DT,1.7002,7.73,2,-2.537567
audio15.TextGrid,37,10,grand,146.890,147.210,JJ,10.1784,4.91,5,2.854303
audio15.TextGrid,37,11,leagues,147.210,147.560,NNS,6.0125,3.9,4,-2.416984
audio15.TextGrid,37,12,today,147.560,148.000,NN,8.8484,5.55,4,2.224747
audio15.TextGrid,37,13,he,148.140,148.260,PRP,6.8420,6.69,2,1.466012
audio15.TextGrid,37,14,thought,148.260,148.600,VBD,8.2772,5.59,3,1.697325
audio15.TextGrid,38,1,it,149.270,149.400,PRP,3.8912,6.95,2,-1.200233
audio15.TextGrid,38,2,would,149.400,149.500,MD,4.5105,6.27,3,-1.325154
audio15.TextGrid,38,3,be,149.500,149.610,VB,3.7168,6.79,2,-1.549744
audio15.TextGrid,38,4,wonderful,149.610,150.060,JJ,5.7084,4.85,8,-1.681363
audio15.TextGrid,38,5,to,150.060,150.150,TO,3.9324,7.43,2,-0.633700
audio15.TextGrid,38,6,do,150.150,150.300,VB,5.5555,6.35,2,-0.192599
audio15.TextGrid,38,7,this,150.300,150.520,DT,5.6035,6.82,3,0.369790
audio15.TextGrid,38,8,with,150.520,150.630,IN,6.7918,6.85,3,1.590923
audio15.TextGrid,38,9,a,150.630,150.680,DT,2.5962,7.36,1,-2.046511
audio15.TextGrid,38,10,radio,150.680,151.160,NN,8.0757,5.01,5,0.861048
audio15.TextGrid,39,1,then,152.190,152.370,RB,7.4856,6.07,3,1.431057
audio15.TextGrid,39,2,he,152.370,152.520,PRP,5.3385,6.69,2,-0.037488
audio15.TextGrid,39,3,thought,152.520,152.820,VBD,7.9440,5.59,3,1.364125
audio15.TextGrid,39,4,think,153.330,153.540,NN,8.2334,6.08,4,2.189802
audio15.TextGrid,39,5,of,153.540,153.640,IN,3.4553,7.4,2,-1.143633
audio15.TextGrid,39,6,it,153.640,153.810,PRP,3.8196,6.95,2,-1.271833
audio15.TextGrid,39,7,always,153.810,154.440,RB,8.4172,5.76,5,2.023380
audio15.TextGrid,39,8,think,154.710,155.010,VBP,7.4465,6.08,4,1.402902
audio15.TextGrid,39,9,of,155.010,155.130,IN,3.4806,7.4,2,-1.118333
audio15.TextGrid,39,10,what,155.130,155.300,WP,7.3924,6.38,3,1.677135
audio15.TextGrid,39,11,you,155.300,155.400,PRP,6.2111,6.98,2,1.152501
audio15.TextGrid,39,12,are,155.400,155.440,VBP,3.9794,6.74,1,-1.341866
audio15.TextGrid,39,13,doing,155.440,155.850,VBG,8.5808,5.6,4,2.011869
audio15.TextGrid,40,1,you,156.380,156.490,PRP,5.7058,6.98,2,0.647201
audio15.TextGrid,40,2,must,156.490,156.790,MD,6.9084,5.68,4,0.427025
audio15.TextGrid,40,3,do,156.790,156.940,VB,5.1562,6.35,2,-0.591899
audio15.TextGrid,40,4,nothing,156.940,157.280,NN,10.5276,5.55,5,3.903947
audio15.TextGrid,40,5,stupid,157.280,157.830,VB,10.5336,4.94,6,3.242337
audio15.TextGrid,41,1,then,159.800,159.980,RB,7.4856,6.07,3,1.431057
audio15.TextGrid,41,2,he,159.980,160.200,PRP,5.3385,6.69,2,-0.037488
audio15.TextGrid,41,3,said,160.200,160.400,VBD,3.4135,6.01,3,-2.706709
audio15.TextGrid,41,4,aloud,160.400,160.840,NN,6.5434,3.51,4,-2.312917
audio15.TextGrid,42,1,i,161.380,161.500,JJ,5.5144,7.09,1,0.576189
audio15.TextGrid,42,2,wish,161.500,161.720,NN,9.0633,5.18,3,2.034703
audio15.TextGrid,42,3,i,161.720,161.900,NN,6.0510,7.09,1,1.112789
audio15.TextGrid,42,4,had,161.900,162.050,VBD,6.7946,6.33,3,1.024613
audio15.TextGrid,42,5,the,162.050,162.150,DT,2.4537,7.73,2,-1.784067
audio15.TextGrid,42,6,boy,162.150,162.590,NN,10.2396,5.17,2,3.200059
audio15.TextGrid,43,1,to,163.030,163.190,TO,4.2199,7.43,2,-0.346200
audio15.TextGrid,43,2,help,163.190,163.440,VB,6.4393,5.75,4,0.034536
audio15.TextGrid,43,3,me,163.440,163.710,PRP,8.5264,6.48,2,2.920579
audio15.TextGrid,43,4,and,163.930,164.040,CC,3.3375,7.41,2,-1.250489
audio15.TextGrid,43,5,to,164.040,164.160,TO,3.8018,7.43,2,-0.764300
audio15.TextGrid,43,6,see,164.160,164.440,VB,6.3761,6.1,2,0.354391
audio15.TextGrid,44,1,this,164.440,164.880,DT,4.8800,6.82,3,-0.353710
audio15.TextGrid,44,2,no,166.620,166.790,DT,8.8201,6.35,2,3.072001
audio15.TextGrid,44,3,one,166.790,166.990,NN,6.4370,6.47,3,0.820235
audio15.TextGrid,44,4,should,166.990,167.170,MD,7.5023,5.99,3,1.360202
audio15.TextGrid,44,5,be,167.170,167.300,VB,3.7165,6.79,2,-1.550044
audio15.TextGrid,44,6,alone,167.300,167.650,RB,8.6482,5.16,4,1.597714
audio15.TextGrid,44,7,in,167.650,167.750,IN,3.7581,7.27,2,-0.983111
audio15.TextGrid,44,8,their,167.750,167.920,PRP$,4.9826,6.33,3,-0.787387
audio15.TextGrid,44,9,old,167.920,168.120,JJ,7.3896,5.75,3,0.984836
audio15.TextGrid,44,10,age,168.120,168.540,NN,7.7237,5.32,2,0.848325
audio15.TextGrid,44,11,he,168.540,168.630,PRP,6.6507,6.69,2,1.274712
audio15.TextGrid,44,12,thought,168.630,169.040,VBD,8.6988,5.59,3,2.118925
audio15.TextGrid,45,1,but,169.550,169.790,CC,5.3198,6.63,3,-0.121855
audio15.TextGrid,45,2,it,169.790,169.920,PRP,4.1006,6.95,2,-0.990833
audio15.TextGrid,45,3,is,169.920,170.070,VBZ,3.3263,7.07,2,-1.633800
audio15.TextGrid,45,4,unavoidable,170.070,170.770,JJ,5.8948,3.35,10,-3.136628
audio15.TextGrid,46,1,i,171.780,171.860,NN,5.5144,7.09,1,0.576189
audio15.TextGrid,46,2,must,171.860,172.140,MD,6.9134,5.68,4,0.432025
audio15.TextGrid,46,3,remember,172.140,172.520,VB,9.5917,5.38,7,2.781992
audio15.TextGrid,46,4,to,172.520,172.670,TO,3.4988,7.43,2,-1.067300
audio15.TextGrid,46,5,eat,172.670,172.760,VB,10.0411,5.13,2,2.957781
audio15.TextGrid,46,6,the,172.760,172.870,DT,2.7763,7.73,2,-1.461467
audio15.TextGrid,46,7,tuna,172.870,173.180,NN,4.1417,3.64,4,-4.572339
audio15.TextGrid,46,8,before,173.180,173.520,IN,6.9824,5.93,5,0.774635
audio15.TextGrid,46,9,he,173.520,173.630,PRP,4.5100,6.69,2,-0.865988
audio15.TextGrid,46,10,spoils,173.630,174.290,VBZ,4.8248,3.33,5,-4.228517
audio15.TextGrid,46,11,in,174.290,174.400,IN,3.8290,7.27,2,-0.912211
audio15.TextGrid,46,12,order,174.400,174.640,NN,8.9157,5.49,4,2.226380
audio15.TextGrid,46,13,to,174.640,174.730,TO,3.5321,7.43,2,-1.034000
audio15.TextGrid,46,14,keep,174.730,174.980,VB,7.3959,5.66,3,0.892636
audio15.TextGrid,46,15,strong,174.980,175.480,JJ,8.1923,5.22,5,1.207481
audio15.TextGrid,47,1,remember,176.200,176.640,VB,14.3897,5.38,7,7.579992
audio15.TextGrid,47,2,no,177.040,177.140,DT,6.1731,6.35,2,0.425001
audio15.TextGrid,47,3,matter,177.140,177.380,NN,7.8675,5.38,4,1.057792
audio15.TextGrid,47,4,how,177.380,177.580,WRB,7.8634,6.24,2,1.994913
audio15.TextGrid,47,5,little,177.580,177.860,JJ,7.5481,5.75,5,1.143336
audio15.TextGrid,47,6,you,177.860,177.960,PRP,6.9604,6.98,2,1.901801
audio15.TextGrid,47,7,want,177.960,178.340,VBP,6.5277,6.04,4,0.440324
audio15.TextGrid,47,8,to,178.340,178.520,TO,3.2597,7.43,2,-1.306400
audio15.TextGrid,47,9,that,178.520,178.690,DT,6.2938,7.01,3,1.268034
audio15.TextGrid,47,10,you,178.690,178.750,PRP,7.9181,6.98,2,2.859501
audio15.TextGrid,47,11,must,178.750,179.030,MD,8.1352,5.68,4,1.653825
audio15.TextGrid,47,12,eat,179.030,179.200,VB,9.6809,5.13,2,2.597581
audio15.TextGrid,47,13,him,179.200,179.310,PRP,8.4258,6.11,2,2.415035
audio15.TextGrid,47,14,in,179.310,179.380,IN,2.9988,7.27,2,-1.742411
audio15.TextGrid,47,15,the,179.380,179.440,DT,1.6993,7.73,2,-2.538467
audio15.TextGrid,47,16,morning,179.440,179.860,NN,8.8498,5.33,6,1.985369
audio15.TextGrid,48,1,remember,180.610,181.260,VB,14.3897,5.38,7,7.579992
audio15.TextGrid,48,2,he,181.600,181.730,PRP,5.1320,6.69,2,-0.243988
audio15.TextGrid,48,3,said,181.730,181.990,VBD,4.7372,6.01,3,-1.383009
audio15.TextGrid,48,4,to,181.990,182.130,TO,3.3447,7.43,2,-1.221400
audio15.TextGrid,48,5,himself,182.130,182.630,PRP,9.0803,5.25,7,2.128314
audio16.TextGrid,1,1,during,1.480,1.800,IN,7.8144,5.72,5,1.376802
audio16.TextGrid,1,2,the,1.800,1.880,DT,1.7472,7.73,2,-2.490567
audio16.TextGrid,1,3,night,1.880,2.180,NN,8.1597,5.61,3,1.601713
audio16.TextGrid,1,4,two,2.210,2.400,CD,6.9972,6.1,2,0.975491
audio16.TextGrid,1,5,porpoises,2.400,3.050,NNS,5.7036,2.38,8,-4.389438
audio16.TextGrid,1,6,came,3.050,3.350,VBD,7.0135,5.5,3,0.335125
audio16.TextGrid,1,7,around,3.350,3.620,IN,7.4267,5.77,4,1.043824
audio16.TextGrid,1,8,the,3.620,3.680,DT,2.0647,7.73,2,-2.173067
audio16.TextGrid,1,9,boat,3.680,4.100,NN,4.1420,4.71,3,-3.400985
audio16.TextGrid,1,10,and,4.100,4.240,CC,4.3466,7.41,3,-0.241389
audio16.TextGrid,1,11,he,4.240,4.350,PRP,4.9615,6.69,2,-0.414488
audio16.TextGrid,1,12,could,4.350,4.520,MD,5.6402,6.06,3,-0.425287
audio16.TextGrid,1,13,hear,4.520,4.670,VB,8.2053,5.23,3,1.231425
audio16.TextGrid,1,14,them,4.670,4.880,PRP,6.4893,6.19,3,0.566090
audio16.TextGrid,1,15,rolling,4.880,5.270,VBG,11.2927,4.47,5,3.487048
audio16.TextGrid,1,16,and,5.270,5.350,CC,3.9491,7.41,2,-0.638889
audio16.TextGrid,1,17,blowing,5.350,6.000,VBG,7.2640,4.2,5,-0.837151
audio16.TextGrid,2,1,he,6.410,6.520,PRP,4.5353,6.69,2,-0.840688
audio16.TextGrid,2,2,could,6.520,6.700,MD,5.0571,6.06,3,-1.008387
audio16.TextGrid,2,3,tell,6.700,6.870,VB,9.6807,5.53,3,3.035158
audio16.TextGrid,2,4,the,6.870,6.950,DT,2.7772,7.73,2,-1.460567
audio16.TextGrid,2,5,difference,6.950,7.420,NN,7.9385,5.01,7,0.723848
audio16.TextGrid,2,6,between,7.420,7.790,IN,7.3369,5.77,6,0.954024
audio16.TextGrid,2,7,the,7.790,7.860,DT,1.6965,7.73,2,-2.541267
audio16.TextGrid,2,8,blowing,7.860,8.280,VBG,8.5826,4.2,5,0.481449
audio16.TextGrid,2,9,the,8.660,8.730,DT,4.2052,7.73,2,-0.032567
audio16.TextGrid,2,10,male,8.730,9.000,NN,9.0624,4.89,3,1.716414
audio16.TextGrid,2,11,made,9.000,9.410,VBD,8.1380,5.92,3,1.919291
audio16.TextGrid,2,12,and,9.790,9.900,CC,3.9855,7.41,2,-0.602489
audio16.TextGrid,2,13,the,9.900,10.000,DT,3.3373,7.73,2,-0.900467
audio16.TextGrid,2,14,sighing,10.000,10.470,VBG,8.5402,2.87,4,-1.016561
audio16.TextGrid,2,15,blow,10.470,10.880,NN,9.5527,4.59,3,1.878382
audio16.TextGrid,2,16,of,10.880,10.940,IN,2.6363,7.4,2,-1.962633
audio16.TextGrid,2,17,the,10.940,11.050,DT,1.6949,7.73,2,-2.542867
audio16.TextGrid,2,18,female,11.050,11.650,NN,8.9948,5.0,5,1.769203
audio16.TextGrid,3,1,they,13.030,13.200,PRP,4.6769,6.5,2,-0.907032
audio16.TextGrid,3,2,are,13.200,13.310,VBP,3.9761,6.74,2,-1.345166
audio16.TextGrid,3,3,good,13.310,13.890,JJ,7.7596,6.12,3,1.759779
audio16.TextGrid,3,4,he,14.140,14.270,PRP,7.1206,6.69,2,1.744612
audio16.TextGrid,3,5,said,14.270,14.670,VBD,4.2976,6.01,3,-1.822609
audio16.TextGrid,3,6,they,15.030,15.160,PRP,5.3350,6.5,2,-0.248932
audio16.TextGrid,3,7,play,15.160,15.570,VBP,9.3265,5.61,3,2.768513
audio16.TextGrid,3,8,and,15.570,15.770,CC,4.1095,7.41,3,-0.478489
audio16.TextGrid,3,9,make,15.770,16.030,VBP,5.4376,6.08,3,-0.605998
audio16.TextGrid,3,10,jokes,16.030,16.430,NNS,7.4780,4.33,4,-0.480874
audio16.TextGrid,3,11,and,16.430,16.570,CC,4.1183,7.41,2,-0.469689
audio16.TextGrid,3,12,love,16.570,16.830,VB,5.1009,5.82,3,-1.227253
audio16.TextGrid,3,13,one,16.830,16.990,CD,6.3965,6.47,3,0.779735
audio16.TextGrid,4,1,another,16.990,17.410,DT,6.4204,5.74,5,0.004691
audio16.TextGrid,4,2,they,17.850,18.030,PRP,8.3317,6.5,2,2.747768
audio16.TextGrid,4,3,are,18.030,18.260,VBP,5.1184,6.74,2,-0.202866
audio16.TextGrid,4,4,our,18.260,18.400,PRP$,7.9668,6.14,2,1.988868
audio16.TextGrid,4,5,brothers,18.400,19.020,NNS,9.9441,4.69,6,2.379226
audio16.TextGrid,4,6,like,19.020,19.210,IN,9.2362,6.41,3,3.553768
audio16.TextGrid,4,7,the,19.210,19.290,DT,1.8763,7.73,2,-2.361467
audio16.TextGrid,4,8,flying,19.290,19.740,VBG,8.5727,4.71,5,1.029715
audio16.TextGrid,4,9,fish,19.740,20.170,NN,4.1063,4.9,3,-3.228741
audio16.TextGrid,5,1,then,22.340,22.520,RB,7.4856,6.07,3,1.431057
audio16.TextGrid,5,2,he,22.520,22.670,PRP,5.3385,6.69,2,-0.037488
audio16.TextGrid,5,3,began,22.670,22.950,VBD,6.3870,5.07,5,-0.761986
audio16.TextGrid,5,4,to,22.950,23.050,TO,3.3802,7.43,2,-1.185900
audio16.TextGrid,5,5,pity,23.050,23.400,VB,3.9007,3.98,4,-4.441229
audio16.TextGrid,5,6,the,23.400,23.500,DT,2.2908,7.73,2,-1.946967
audio16.TextGrid,5,7,great,23.500,23.810,JJ,7.7270,5.88,4,1.464513
audio16.TextGrid,5,8,fish,23.810,24.140,NN,4.1877,4.9,3,-3.147341
audio16.TextGrid,5,9,that,24.140,24.300,IN,4.1884,7.01,3,-0.837366
audio16.TextGrid,5,10,he,24.300,24.380,PRP,4.7612,6.69,2,-0.614788
audio16.TextGrid,5,11,had,24.380,24.520,VBD,6.0992,6.33,3,0.329213
audio16.TextGrid,5,12,hooked,24.520,24.920,VBN,6.3549,3.92,4,-2.052695
audio16.TextGrid,6,1,he,25.340,25.500,PRP,4.5353,6.69,2,-0.840688
audio16.TextGrid,6,2,is,25.500,25.610,VBZ,3.3590,7.07,2,-1.601100
audio16.TextGrid,6,3,wonderful,25.610,26.220,JJ,5.8999,4.85,8,-1.489863
audio16.TextGrid,6,4,and,26.220,26.350,CC,3.7326,7.41,3,-0.855389
audio16.TextGrid,6,5,strange,26.350,26.990,JJ,4.5958,4.64,6,-3.023796
audio16.TextGrid,6,6,and,26.990,27.090,CC,3.9410,7.41,2,-0.646989
audio16.TextGrid,6,7,who,27.090,27.230,WP,6.8863,6.34,2,1.127257
audio16.TextGrid,6,8,knows,27.230,27.530,VBZ,9.0164,5.07,3,1.867414
audio16.TextGrid,6,9,how,27.530,27.630,WRB,8.5957,6.24,2,2.727213
audio16.TextGrid,6,10,old,27.630,27.940,JJ,7.5178,5.75,3,1.113036
audio16.TextGrid,6,11,he,27.940,28.180,PRP,6.2861,6.69,2,0.910112
audio16.TextGrid,6,12,is,28.180,28.450,VBZ,3.4329,7.07,2,-1.527200
audio16.TextGrid,6,13,he,28.450,28.560,PRP,5.2819,6.69,2,-0.094088
audio16.TextGrid,6,14,thought,28.560,28.940,VBD,9.0429,5.59,3,2.463025
audio16.TextGrid,7,1,never,29.710,29.980,RB,7.9765,5.91,4,1.746846
audio16.TextGrid,7,2,have,29.980,30.120,VBP,5.2884,6.71,3,-0.065699
audio16.TextGrid,7,3,i,30.120,30.230,VBN,6.3119,7.09,1,1.373689
audio16.TextGrid,7,4,had,30.230,30.530,VBD,6.3146,6.33,3,0.544613
audio16.TextGrid,7,5,such,30.530,30.770,JJ,6.8891,5.84,3,0.582835
audio16.TextGrid,7,6,a,30.770,30.830,DT,4.6770,7.36,1,0.034289
audio16.TextGrid,7,7,strong,30.830,31.390,JJ,7.9970,5.22,5,1.012181
audio16.TextGrid,7,8,fish,31.390,31.740,NN,4.0734,4.9,3,-3.261641
audio16.TextGrid,7,9,nor,32.120,32.280,CC,8.9742,4.78,3,1.507826
audio16.TextGrid,7,10,one,32.280,32.510,CD,6.1699,6.47,3,0.553135
audio16.TextGrid,7,11,who,32.510,32.710,WP,6.4981,6.34,2,0.739057
audio16.TextGrid,7,12,acted,32.710,33.000,VBD,10.8982,4.28,5,2.884604
audio16.TextGrid,7,13,so,33.000,33.190,RB,6.1409,6.52,2,0.578857
audio16.TextGrid,7,14,strangely,33.190,33.950,RB,4.8725,3.67,8,-3.808706
audio16.TextGrid,8,1,perhaps,34.600,34.950,RB,8.5270,5.09,6,1.399903
audio16.TextGrid,8,2,he,34.950,35.070,PRP,5.3385,6.69,2,-0.037488
audio16.TextGrid,8,3,is,35.070,35.190,VBZ,3.3904,7.07,2,-1.569700
audio16.TextGrid,8,4,too,35.190,35.320,RB,7.4214,5.95,2,1.235524
audio16.TextGrid,8,5,wise,35.320,35.810,JJ,5.4755,4.51,3,-2.286374
audio16.TextGrid,8,6,to,35.810,35.920,TO,3.5288,7.43,2,-1.037300
audio16.TextGrid,8,7,jump,35.920,36.340,VB,8.8687,4.69,4,1.303826
audio16.TextGrid,9,1,he,37.030,37.150,PRP,4.5353,6.69,2,-0.840688
audio16.TextGrid,9,2,could,37.150,37.340,MD,5.0571,6.06,3,-1.008387
audio16.TextGrid,9,3,ruin,37.340,37.640,VB,3.7168,4.31,4,-4.263963
audio16.TextGrid,9,4,me,37.640,37.820,PRP,8.5501,6.48,2,2.944279
audio16.TextGrid,9,5,by,37.820,38.020,IN,4.6995,6.66,2,-0.709321
audio16.TextGrid,9,6,jumping,38.020,38.570,VBG,11.8071,4.23,6,3.738782
audio16.TextGrid,9,7,or,38.570,38.720,CC,5.3664,6.54,2,-0.173754
audio16.TextGrid,9,8,by,38.720,38.940,IN,6.1234,6.66,2,0.714579
audio16.TextGrid,9,9,a,38.940,38.980,DT,2.6166,7.36,1,-2.026111
audio16.TextGrid,9,10,wild,38.980,39.450,JJ,9.3000,4.8,4,1.855515
audio16.TextGrid,9,11,rush,39.450,39.790,NN,4.4495,4.48,3,-3.345207
audio16.TextGrid,10,1,but,40.830,41.030,CC,5.3198,6.63,3,-0.121855
audio16.TextGrid,10,2,perhaps,41.030,41.390,RB,7.4629,5.09,6,0.335803
audio16.TextGrid,10,3,he,41.390,41.520,PRP,6.8735,6.69,2,1.497512
audio16.TextGrid,10,4,has,41.520,41.650,VBZ,4.1576,6.37,3,-1.568610
audio16.TextGrid,10,5,been,41.650,41.820,VBN,5.9188,6.27,3,0.083146
audio16.TextGrid,10,6,hooked,41.820,42.060,VBN,6.9092,3.92,4,-1.498395
audio16.TextGrid,10,7,many,42.060,42.300,JJ,7.4431,5.91,4,1.213446
audio16.TextGrid,10,8,times,42.300,42.700,NNS,7.4076,5.56,4,0.794891
audio16.TextGrid,10,9,before,42.700,43.230,RB,6.6082,5.93,5,0.400435
audio16.TextGrid,10,10,and,43.230,43.330,CC,5.2231,7.41,3,0.635111
audio16.TextGrid,10,11,he,43.330,43.440,PRP,5.4458,6.69,2,0.069812
audio16.TextGrid,10,12,knows,43.440,43.760,VBZ,8.5276,5.07,3,1.378614
audio16.TextGrid,10,13,that,43.760,43.920,IN,4.3555,7.01,3,-0.670266
audio16.TextGrid,10,14,this,43.920,44.110,DT,5.3695,6.82,3,0.135790
audio16.TextGrid,10,15,is,44.110,44.220,VBZ,7.8047,7.07,2,2.844600
audio16.TextGrid,10,16,how,44.220,44.420,WRB,7.3916,6.24,2,1.523113
audio16.TextGrid,10,17,he,44.420,44.530,PRP,4.6614,6.69,2,-0.714588
audio16.TextGrid,10,18,should,44.530,44.740,MD,6.2205,5.99,3,0.078402
audio16.TextGrid,10,19,make,44.740,44.950,VB,5.2990,6.08,3,-0.744598
audio16.TextGrid,10,20,his,44.950,45.160,PRP$,5.9359,6.51,3,0.362912
audio16.TextGrid,10,21,fight,45.160,45.530,NN,9.2564,5.23,3,2.282525
audio16.TextGrid,11,1,he,46.320,46.440,PRP,4.5353,6.69,2,-0.840688
audio16.TextGrid,11,2,cannot,46.440,46.910,VBZ,3.3590,5.11,5,-3.746208
audio16.TextGrid,11,3,know,46.910,47.150,VB,8.0784,6.1,2,2.056691
audio16.TextGrid,11,4,that,47.150,47.330,IN,4.4123,7.01,3,-0.613466
audio16.TextGrid,11,5,it,47.330,47.420,PRP,4.2942,6.95,2,-0.797233
audio16.TextGrid,11,6,is,47.420,47.540,VBZ,4.8558,7.07,2,-0.104300
audio16.TextGrid,11,7,only,47.540,47.800,RB,6.2283,6.12,4,0.228479
audio16.TextGrid,11,8,one,47.800,48.080,CD,6.9125,6.47,3,1.295735
audio16.TextGrid,11,9,man,48.080,48.370,NN,8.1243,5.82,3,1.796147
audio16.TextGrid,11,10,against,48.370,48.820,IN,7.2898,5.68,6,0.808425
audio16.TextGrid,11,11,him,48.820,48.990,PRP,7.4003,6.11,2,1.389535
audio16.TextGrid,11,12,nor,49.490,49.750,CC,9.0231,4.78,3,1.556726
audio16.TextGrid,11,13,that,49.750,50.010,IN,4.3587,7.01,3,-0.667066
audio16.TextGrid,11,14,it,50.010,50.130,PRP,4.6543,6.95,2,-0.437133
audio16.TextGrid,11,15,is,50.130,50.260,VBZ,4.0708,7.07,2,-0.889300
audio16.TextGrid,11,16,an,50.260,50.360,DT,5.2282,6.53,2,-0.322899
audio16.TextGrid,11,17,old,50.360,50.640,JJ,7.3309,5.75,3,0.926136
audio16.TextGrid,11,18,man,50.640,50.980,NN,7.6922,5.82,3,1.364047
audio16.TextGrid,12,1,but,51.610,51.760,CC,5.3198,6.63,3,-0.121855
audio16.TextGrid,12,2,what,51.760,51.920,WP,7.6895,6.38,3,1.974235
audio16.TextGrid,12,3,a,51.920,51.980,DT,4.2793,7.36,1,-0.363411
audio16.TextGrid,12,4,great,51.980,52.360,JJ,7.7298,5.88,4,1.467313
audio16.TextGrid,12,5,fish,52.360,52.630,NN,4.1874,4.9,3,-3.147641
audio16.TextGrid,12,6,he,52.630,52.840,PRP,6.9140,6.69,2,1.538012
audio16.TextGrid,12,7,is,52.840,53.060,VBZ,3.5219,7.07,2,-1.438200
audio16.TextGrid,12,8,and,53.500,53.660,CC,3.9335,7.41,3,-0.654489
audio16.TextGrid,12,9,what,53.660,53.790,WP,7.1519,6.38,3,1.436635
audio16.TextGrid,12,10,will,53.790,53.910,MD,4.8316,6.45,3,-0.807054
audio16.TextGrid,12,11,he,53.910,54.000,PRP,6.9945,6.69,2,1.618512
audio16.TextGrid,12,12,bring,54.000,54.240,VB,9.8031,5.27,4,2.873003
audio16.TextGrid,12,13,in,54.240,54.320,IN,3.6402,7.27,2,-1.101011
audio16.TextGrid,12,14,the,54.320,54.390,DT,1.7297,7.73,2,-2.508067
audio16.TextGrid,12,15,market,54.390,54.800,NN,5.0380,5.29,6,-1.870208
audio16.TextGrid,12,16,if,54.800,54.900,IN,5.8282,6.47,2,0.211435
audio16.TextGrid,12,17,the,54.900,54.990,DT,1.7070,7.73,2,-2.530767
audio16.TextGrid,12,18,flesh,54.990,55.330,NN,4.1371,4.2,4,-3.964051
audio16.TextGrid,12,19,is,55.330,55.490,VBZ,4.9023,7.07,2,-0.057800
audio16.TextGrid,12,20,good,55.490,55.890,JJ,7.7094,6.12,3,1.709579
audio16.TextGrid,13,1,he,56.700,56.810,PRP,4.5353,6.69,2,-0.840688
audio16.TextGrid,13,2,took,56.810,57.100,VBD,6.4889,5.51,3,-0.178531
audio16.TextGrid,13,3,the,57.100,57.180,DT,2.4587,7.73,2,-1.779067
audio16.TextGrid,13,4,bait,57.180,57.480,NN,4.1401,3.85,3,-4.344106
audio16.TextGrid,13,5,like,57.480,57.680,IN,6.8224,6.41,3,1.139968
audio16.TextGrid,13,6,a,57.680,57.720,DT,2.6762,7.36,1,-1.966511
audio16.TextGrid,13,7,male,57.720,58.180,NN,9.0654,4.89,3,1.719414
audio16.TextGrid,13,8,and,58.180,58.290,CC,4.2409,7.41,3,-0.347089
audio16.TextGrid,13,9,he,58.290,58.390,PRP,5.0180,6.69,2,-0.357988
audio16.TextGrid,13,10,pulls,58.390,58.860,VBZ,12.8239,4.01,4,4.514804
audio16.TextGrid,13,11,like,58.860,59.060,IN,6.7364,6.41,3,1.053968
audio16.TextGrid,13,12,a,59.060,59.100,DT,2.6706,7.36,1,-1.972111
audio16.TextGrid,13,13,male,59.100,59.480,NN,9.0642,4.89,3,1.718214
audio16.TextGrid,13,14,and,59.480,59.610,CC,4.1961,7.41,3,-0.391889
audio16.TextGrid,13,15,his,59.610,59.830,PRP$,5.8955,6.51,3,0.322512
audio16.TextGrid,13,16,fight,59.830,60.080,NN,9.2606,5.23,3,2.286725
audio16.TextGrid,13,17,has,60.080,60.280,VBZ,5.3379,6.37,3,-0.388310
audio16.TextGrid,13,18,no,60.280,60.410,DT,6.3929,6.35,2,0.644801
audio16.TextGrid,13,19,panic,60.410,60.870,NN,9.6701,4.26,5,1.634615
audio16.TextGrid,13,20,in,60.870,60.990,IN,3.3726,7.27,2,-1.368611
audio16.TextGrid,13,21,it,60.990,61.180,PRP,3.8020,6.95,2,-1.289433
audio16.TextGrid,14,1,i,62.150,62.220,JJ,5.5144,7.09,1,0.576189
audio16.TextGrid,14,2,wonder,62.220,62.500,VBP,12.3205,4.93,5,5.018292
audio16.TextGrid,14,3,if,62.500,62.620,IN,6.9474,6.47,2,1.330635
audio16.TextGrid,14,4,he,62.620,62.770,PRP,4.4629,6.69,2,-0.913088
audio16.TextGrid,14,5,has,62.770,62.970,VBZ,4.5388,6.37,3,-1.187410
audio16.TextGrid,14,6,any,62.970,63.140,DT,6.3976,6.07,3,0.343057
audio16.TextGrid,14,7,plans,63.140,63.770,NNS,8.2894,5.01,5,1.074748
audio16.TextGrid,15,1,or,64.300,64.440,CC,5.3683,6.54,2,-0.171854
audio16.TextGrid,15,2,if,64.440,64.560,IN,7.1544,6.47,2,1.537635
audio16.TextGrid,15,3,he,64.560,64.740,PRP,4.6012,6.69,2,-0.774788
audio16.TextGrid,15,4,is,64.740,64.870,VBZ,3.9973,7.07,2,-0.962800
audio16.TextGrid,15,5,just,64.870,65.170,RB,6.6983,6.43,4,1.037757
audio16.TextGrid,15,6,as,65.170,65.330,RB,5.1465,6.77,2,-0.141932
audio16.TextGrid,15,7,desperate,65.330,65.850,JJ,5.3983,4.32,7,-2.571518
audio16.TextGrid,15,8,as,65.850,65.980,IN,5.7377,6.77,2,0.449268
audio16.TextGrid,15,9,i,65.980,66.190,NN,5.5198,7.09,1,0.581589
audio16.TextGrid,15,10,am,66.190,66.550,VBP,10.6673,5.78,3,4.295369
audio16.TextGrid,15,11,he,68.660,68.770,PRP,5.4694,6.69,2,0.093412
audio16.TextGrid,15,12,remembered,68.770,69.190,VBD,4.5604,4.33,8,-3.398474
audio16.TextGrid,15,13,the,69.190,69.270,DT,2.4324,7.73,2,-1.805367
audio16.TextGrid,15,14,time,69.270,69.580,NN,6.0563,6.29,3,0.242535
audio16.TextGrid,15,15,he,69.580,69.700,PRP,6.6665,6.69,2,1.290512
audio16.TextGrid,15,16,had,69.700,69.840,VBD,5.3752,6.33,3,-0.394787
audio16.TextGrid,15,17,hooked,69.840,70.070,VBN,6.3480,3.92,4,-2.059595
audio16.TextGrid,15,18,one,70.070,70.270,CD,7.0693,6.47,3,1.452535
audio16.TextGrid,15,19,of,70.270,70.360,IN,3.6571,7.4,2,-0.941833
audio16.TextGrid,15,20,a,70.360,70.420,DT,2.6110,7.36,1,-2.031711
audio16.TextGrid,15,21,pair,70.420,70.790,NN,14.6916,4.72,3,7.159559
audio16.TextGrid,15,22,of,70.790,70.900,IN,3.3711,7.4,2,-1.227833
audio16.TextGrid,15,23,marlin,70.900,71.430,NN,5.7884,3.01,6,-3.615139
audio16.TextGrid,16,1,the,72.230,72.320,DT,1.8241,7.73,2,-2.413667
audio16.TextGrid,16,2,male,72.320,72.610,JJ,9.0632,4.89,3,1.717214
audio16.TextGrid,16,3,fish,72.610,72.930,NN,4.6360,4.9,3,-2.699041
audio16.TextGrid,16,4,always,72.930,73.330,RB,9.0448,5.76,5,2.650980
audio16.TextGrid,16,5,let,73.330,73.480,VB,8.4606,5.6,3,1.891669
audio16.TextGrid,16,6,the,73.480,73.590,DT,2.3569,7.73,2,-1.880867
audio16.TextGrid,16,7,female,73.590,74.030,JJ,8.9989,5.0,5,1.773303
audio16.TextGrid,16,8,fish,74.030,74.300,NN,4.2432,4.9,3,-3.091841
audio16.TextGrid,16,9,feed,74.300,74.590,NN,11.0676,4.67,3,3.480837
audio16.TextGrid,16,10,first,74.590,75.100,RB,6.7094,6.11,4,0.698635
audio16.TextGrid,17,1,and,75.600,75.730,CC,3.7036,7.41,2,-0.884389
audio16.TextGrid,17,2,the,75.730,75.860,DT,2.0380,7.73,2,-2.199767
audio16.TextGrid,17,3,hooked,75.860,76.120,JJ,5.0832,3.92,4,-3.324395
audio16.TextGrid,17,4,fish,76.120,76.590,NN,4.3273,4.9,3,-3.007741
audio16.TextGrid,17,5,the,76.640,76.720,DT,4.3155,7.73,2,0.077733
audio16.TextGrid,17,6,female,76.720,77.340,NN,9.0070,5.0,5,1.781403
audio16.TextGrid,17,7,made,77.510,77.670,VBD,7.3584,5.92,3,1.139691
audio16.TextGrid,17,8,a,77.670,77.710,DT,3.6631,7.36,1,-0.979611
audio16.TextGrid,17,9,wild,77.710,78.290,JJ,9.3042,4.8,4,1.859715
audio16.TextGrid,17,10,panic,78.320,78.700,NN,9.8028,4.26,5,1.767315
audio16.TextGrid,17,11,stricken,78.700,79.140,NN,5.6039,3.52,7,-3.241473
audio16.TextGrid,17,12,despairing,79.140,79.910,VBG,7.6356,2.63,8,-2.183827
audio16.TextGrid,17,13,fight,79.960,80.280,NN,10.8331,5.23,3,3.859225
audio16.TextGrid,17,14,that,80.300,80.480,WDT,4.3177,7.01,3,-0.708066
audio16.TextGrid,17,15,soon,80.480,80.730,RB,9.5037,5.32,3,2.628325
audio16.TextGrid,17,16,exhausted,80.730,81.370,VBD,10.9134,4.08,8,2.680916
audio16.TextGrid,17,17,her,81.370,81.610,PRP,8.0520,6.3,2,2.249179
audio16.TextGrid,18,1,and,82.210,82.330,CC,3.7036,7.41,3,-0.884389
audio16.TextGrid,18,2,all,82.330,82.520,PDT,5.7287,6.52,2,0.166657
audio16.TextGrid,18,3,the,82.520,82.620,DT,3.9879,7.73,2,-0.249867
audio16.TextGrid,18,4,time,82.620,83.020,NN,6.8099,6.29,3,0.996135
audio16.TextGrid,18,5,the,83.020,83.080,DT,3.9232,7.73,2,-0.314567
audio16.TextGrid,18,6,male,83.080,83.440,NN,9.0827,4.89,3,1.736714
audio16.TextGrid,18,7,had,83.440,83.580,VBD,5.9224,6.33,3,0.152413
audio16.TextGrid,18,8,stayed,83.580,83.870,VBN,11.3513,4.53,4,3.611315
audio16.TextGrid,18,9,with,83.870,84.110,IN,5.2213,6.85,3,0.020423
audio16.TextGrid,18,10,her,84.110,84.390,PRP,6.1876,6.3,2,0.384779
audio16.TextGrid,18,11,crossing,84.540,84.990,VBG,11.0630,4.33,6,3.104126
audio16.TextGrid,18,12,the,84.990,85.080,DT,2.6713,7.73,2,-1.566467
audio16.TextGrid,18,13,line,85.080,85.450,NN,7.6704,5.49,3,0.981080
audio16.TextGrid,18,14,and,85.450,85.590,CC,4.2282,7.41,3,-0.359789
audio16.TextGrid,18,15,circling,85.590,86.040,VBG,7.7799,3.33,6,-1.273417
audio16.TextGrid,18,16,with,86.040,86.180,IN,5.1115,6.85,3,-0.089377
audio16.TextGrid,18,17,her,86.180,86.360,PRP,6.1501,6.3,2,0.347279
audio16.TextGrid,18,18,on,86.360,86.470,IN,5.2951,6.91,2,0.159890
audio16.TextGrid,18,19,the,86.470,86.570,DT,1.6993,7.73,2,-2.538467
audio16.TextGrid,18,20,surface,86.570,87.160,NN,4.1366,4.83,5,-3.275052
audio16.TextGrid,19,1,he,88.150,88.230,PRP,4.5353,6.69,2,-0.840688
audio16.TextGrid,19,2,had,88.230,88.370,VBD,4.7197,6.33,3,-1.050287
audio16.TextGrid,19,3,stayed,88.370,88.690,VBN,11.3942,4.53,4,3.654215
audio16.TextGrid,19,4,so,88.690,88.930,RB,6.0357,6.52,2,0.473657
audio16.TextGrid,19,5,close,88.930,89.370,JJ,7.7610,5.36,4,0.929403
audio16.TextGrid,19,6,that,89.370,89.510,IN,4.3184,7.01,3,-0.707366
audio16.TextGrid,19,7,the,89.510,89.650,DT,2.1507,7.73,2,-2.087067
audio16.TextGrid,19,8,old,89.650,89.890,JJ,7.3319,5.75,3,0.927136
audio16.TextGrid,19,9,man,89.890,90.140,NN,7.6953,5.82,3,1.367147
audio16.TextGrid,19,10,was,90.140,90.310,VBD,5.5197,6.82,3,0.285990
audio16.TextGrid,19,11,afraid,90.310,90.700,JJ,10.4110,4.7,5,2.857070
audio16.TextGrid,19,12,he,90.700,90.770,PRP,7.2642,6.69,2,1.888212
audio16.TextGrid,19,13,would,90.770,90.960,MD,5.5058,6.27,3,-0.329854
audio16.TextGrid,19,14,cut,90.960,91.210,VB,6.4076,5.24,3,-0.555330
audio16.TextGrid,19,15,the,91.210,91.310,DT,2.4003,7.73,2,-1.837467
audio16.TextGrid,19,16,line,91.310,91.590,NN,7.6733,5.49,3,0.983980
audio16.TextGrid,19,17,with,91.610,91.760,IN,4.7936,6.85,3,-0.407277
audio16.TextGrid,19,18,his,91.760,91.960,PRP$,5.3145,6.51,3,-0.258488
audio16.TextGrid,19,19,tail,91.960,92.470,NN,4.2574,4.34,3,-3.690529
audio16.TextGrid,20,1,which,92.970,93.180,WDT,5.7335,6.3,3,-0.069321
audio16.TextGrid,20,2,was,93.180,93.290,VBD,4.9608,6.82,3,-0.272910
audio16.TextGrid,20,3,sharp,93.290,93.690,JJ,9.6367,4.48,4,1.841993
audio16.TextGrid,20,4,as,93.690,93.800,IN,5.4982,6.77,2,0.209768
audio16.TextGrid,20,5,a,93.800,93.890,DT,2.6543,7.36,1,-1.988411
audio16.TextGrid,20,6,scythe,93.890,94.430,NN,4.1371,2.78,3,-5.518161
audio16.TextGrid,20,7,and,94.430,94.620,CC,3.4679,7.41,3,-1.120089
audio16.TextGrid,20,8,almost,94.620,95.060,RB,7.8839,5.39,6,1.085136
audio16.TextGrid,20,9,of,95.060,95.130,IN,3.7109,7.4,2,-0.888033
audio16.TextGrid,20,10,that,95.130,95.370,DT,4.8999,7.01,3,-0.125866
audio16.TextGrid,20,11,size,95.370,95.800,NN,8.4407,5.13,3,1.357381
audio16.TextGrid,20,12,and,95.800,95.950,CC,3.5537,7.41,3,-1.034289
audio16.TextGrid,20,13,shape,95.950,96.310,NN,10.7523,4.72,3,3.220259
audio16.TextGrid,21,1,when,97.380,97.530,WRB,6.5749,6.37,4,0.848690
audio16.TextGrid,21,2,the,97.530,97.630,DT,1.9802,7.73,2,-2.257567
audio16.TextGrid,21,3,old,97.630,97.830,JJ,7.3293,5.75,3,0.924536
audio16.TextGrid,21,4,man,97.830,98.030,NN,7.6922,5.82,3,1.364047
audio16.TextGrid,21,5,had,98.030,98.180,VBD,4.9001,6.33,3,-0.869887
audio16.TextGrid,21,6,gaffed,98.180,98.560,VBN,6.3428,1.25,4,-4.986959
audio16.TextGrid,21,7,her,98.560,98.710,PRP$,7.3893,6.3,2,1.586479
audio16.TextGrid,21,8,and,98.710,98.860,CC,3.4715,7.41,3,-1.116489
audio16.TextGrid,21,9,clubbed,98.860,99.190,VBD,6.1593,2.54,5,-3.758627
audio16.TextGrid,21,10,her,99.190,99.380,PRP,6.8172,6.3,2,1.014379
audio16.TextGrid,21,11,holding,99.670,100.080,VBG,8.3404,4.89,6,0.994414
audio16.TextGrid,21,12,the,100.080,100.190,DT,3.0092,7.73,2,-1.228567
audio16.TextGrid,21,13,rapier,100.190,100.620,JJR,6.3662,2.58,5,-3.507949
audio16.TextGrid,21,14,bill,100.620,101.050,NN,7.1952,5.15,3,0.133770
audio16.TextGrid,21,15,with,101.050,101.200,IN,4.7872,6.85,3,-0.413677
audio16.TextGrid,21,16,its,101.200,101.350,PRP$,4.3177,6.14,3,-1.660232
audio16.TextGrid,21,17,sandpaper,101.350,102.050,NN,4.2574,2.73,8,-5.452583
audio16.TextGrid,21,18,edge,102.050,102.390,NN,11.9836,4.74,2,4.473448
audio16.TextGrid,21,19,and,102.390,102.510,CC,3.7554,7.41,2,-0.832589
audio16.TextGrid,21,20,dubbing,102.510,102.980,VBG,8.6964,2.77,5,-0.969805
audio16.TextGrid,21,21,her,102.980,103.140,PRP$,7.7109,6.3,2,1.908079
audio16.TextGrid,21,22,across,103.140,103.530,IN,8.8990,5.25,5,1.947014
audio16.TextGrid,21,23,the,103.530,103.640,DT,1.7082,7.73,2,-2.529567
audio16.TextGrid,21,24,top,103.640,103.920,NN,8.2675,5.57,3,1.665736
audio16.TextGrid,21,25,of,103.920,104.030,IN,4.3364,7.4,2,-0.262533
audio16.TextGrid,21,26,her,104.030,104.170,PRP$,6.1467,6.3,2,0.343879
audio16.TextGrid,21,27,head,104.170,104.420,NN,8.2485,5.51,3,1.581069
audio16.TextGrid,21,28,until,104.420,104.750,IN,7.1807,5.61,5,0.622713
audio16.TextGrid,21,29,her,104.750,104.840,PRP$,6.1438,6.3,2,0.340979
audio16.TextGrid,21,30,colour,104.840,105.200,NNS,5.9057,4.49,4,-1.878063
audio16.TextGrid,21,31,turned,105.200,105.570,VBD,8.6968,5.09,4,1.569703
audio16.TextGrid,21,32,to,105.570,105.670,TO,3.0092,7.43,2,-1.556900
audio16.TextGrid,21,33,a,105.670,105.700,DT,3.4467,7.36,1,-1.196011
audio16.TextGrid,21,34,colour,105.700,106.070,NN,4.1356,4.49,4,-3.648163
audio16.TextGrid,21,35,almost,106.070,106.500,RB,8.0402,5.39,6,1.241436
audio16.TextGrid,21,36,like,106.500,106.670,IN,6.7501,6.41,3,1.067668
audio16.TextGrid,21,37,the,106.680,106.760,DT,1.9071,7.73,2,-2.330667
audio16.TextGrid,21,38,backing,106.760,107.200,NN,10.1080,4.23,5,2.039682
audio16.TextGrid,21,39,of,107.200,107.320,IN,3.1089,7.4,2,-1.490033
audio16.TextGrid,21,40,mirrors,107.340,107.880,NNS,13.2612,3.81,5,4.733216
audio16.TextGrid,22,1,and,108.670,108.790,CC,3.7036,7.41,2,-0.884389
audio16.TextGrid,22,2,then,108.790,109.090,RB,6.4220,6.07,3,0.367457
audio16.TextGrid,22,3,with,109.090,109.220,IN,6.2678,6.85,3,1.066923
audio16.TextGrid,22,4,the,109.220,109.290,DT,1.8381,7.73,2,-2.399667
audio16.TextGrid,22,5,boy,109.290,109.590,NN,10.2432,5.17,2,3.203659
audio16.TextGrid,22,6,s,109.590,109.680,NN,5.4205,5.86,1,-0.863876
audio16.TextGrid,22,7,aid,109.680,110.050,NN,8.8886,4.75,2,1.389392
audio16.TextGrid,22,8,hoisted,110.050,110.420,VBD,4.0680,2.98,6,-5.368372
audio16.TextGrid,22,9,her,110.420,110.540,PRP$,6.8992,6.3,2,1.096379
audio16.TextGrid,23,1,aboard,110.540,111.060,IN,11.5756,4.14,5,3.408782
audio16.TextGrid,23,2,the,111.690,111.780,DT,1.7472,7.73,2,-2.490567
audio16.TextGrid,23,3,male,111.780,112.070,JJ,9.0654,4.89,3,1.719414
audio16.TextGrid,23,4,fish,112.070,112.310,NN,4.5827,4.9,3,-2.752341
audio16.TextGrid,23,5,had,112.310,112.470,VBD,6.2273,6.33,3,0.457313
audio16.TextGrid,23,6,stayed,112.470,112.790,VBN,11.3566,4.53,4,3.616615
audio16.TextGrid,23,7,by,112.790,112.950,IN,5.0994,6.66,2,-0.309421
audio16.TextGrid,23,8,the,112.950,113.050,DT,1.7506,7.73,2,-2.487167
audio16.TextGrid,23,9,side,113.050,113.340,NN,8.0425,5.5,3,1.364125
audio16.TextGrid,23,10,of,113.340,113.400,IN,2.8714,7.4,2,-1.727533
audio16.TextGrid,23,11,the,113.400,113.490,DT,1.6998,7.73,2,-2.537967
audio16.TextGrid,23,12,boat,113.490,113.910,NN,4.1367,4.71,3,-3.406285
audio16.TextGrid,24,1,then,114.700,115.100,RB,7.4856,6.07,3,1.431057
audio16.TextGrid,24,2,while,115.220,115.400,IN,7.3460,5.86,3,1.061624
audio16.TextGrid,24,3,the,115.400,115.510,DT,1.8441,7.73,2,-2.393667
audio16.TextGrid,24,4,old,115.510,115.720,JJ,7.3426,5.75,3,0.937836
audio16.TextGrid,24,5,man,115.720,115.970,NN,7.6988,5.82,3,1.370647
audio16.TextGrid,24,6,was,115.970,116.140,VBD,4.9692,6.82,3,-0.264510
audio16.TextGrid,24,7,clearing,116.140,116.520,VBG,11.1780,4.04,6,2.901738
audio16.TextGrid,24,8,the,116.520,116.590,DT,2.2539,7.73,2,-1.983867
audio16.TextGrid,24,9,lines,116.590,117.040,NNS,9.0870,4.95,4,1.806681
audio16.TextGrid,24,10,and,117.040,117.140,CC,3.8303,7.41,2,-0.757689
audio16.TextGrid,24,11,preparing,117.140,117.640,VBG,8.0606,4.33,7,0.101726
audio16.TextGrid,24,12,the,117.640,117.740,DT,2.4671,7.73,2,-1.770667
audio16.TextGrid,24,13,harpoon,117.740,118.340,NN,4.1371,2.83,6,-5.463438
audio16.TextGrid,25,1,the,118.790,118.870,DT,1.8241,7.73,2,-2.413667
audio16.TextGrid,25,2,male,118.870,119.140,JJ,9.0632,4.89,3,1.717214
audio16.TextGrid,25,3,fish,119.140,119.420,NN,4.6360,4.9,3,-2.699041
audio16.TextGrid,25,4,jumped,119.420,119.790,VBD,7.9391,4.25,5,-0.107329
audio16.TextGrid,25,5,high,119.790,120.040,JJ,7.7421,5.75,2,1.337336
audio16.TextGrid,25,6,into,120.040,120.240,IN,6.8935,6.11,4,0.882735
audio16.TextGrid,25,7,the,120.240,120.430,DT,1.7019,7.73,2,-2.535867
audio16.TextGrid,25,8,air,120.430,120.620,NN,8.6932,5.37,2,1.872547
audio16.TextGrid,25,9,beside,120.620,121.090,IN,3.5889,4.19,5,-4.523196
audio16.TextGrid,25,10,the,121.090,121.170,DT,1.7025,7.73,2,-2.535267
audio16.TextGrid,25,11,boat,121.170,121.530,NN,4.1360,4.71,3,-3.406985
audio16.TextGrid,25,12,to,121.530,121.650,TO,3.4044,7.43,2,-1.161700
audio16.TextGrid,25,13,see,121.650,121.830,VB,6.8253,6.1,2,0.803591
audio16.TextGrid,25,14,where,121.830,122.030,WRB,7.5898,6.0,3,1.458646
audio16.TextGrid,25,15,the,122.030,122.130,DT,1.9997,7.73,2,-2.238067
audio16.TextGrid,25,16,female,122.130,122.520,NN,8.9951,5.0,5,1.769503
audio16.TextGrid,25,17,was,122.520,123.020,VBD,5.3320,6.82,3,0.098290
audio16.TextGrid,25,18,and,123.530,123.640,CC,3.9109,7.41,2,-0.677089
audio16.TextGrid,25,19,then,123.640,123.860,RB,7.4066,6.07,3,1.352057
audio16.TextGrid,25,20,went,123.860,124.090,VBD,7.8072,5.5,4,1.128825
audio16.TextGrid,25,21,down,124.090,124.450,RB,6.2865,5.88,3,0.024013
audio16.TextGrid,25,22,deep,124.450,124.870,JJ,5.7537,5.05,3,-1.417175
audio16.TextGrid,25,23,his,125.260,125.460,PRP$,7.9644,6.51,3,2.391412
audio16.TextGrid,25,24,lavender,125.460,125.870,NN,4.2750,3.44,7,-4.657928
audio16.TextGrid,25,25,wings,125.870,126.410,NNS,10.6492,4.44,4,2.810715
audio16.TextGrid,25,26,that,126.410,126.600,WDT,3.9335,7.01,3,-1.092266
audio16.TextGrid,25,27,were,126.600,126.710,VBD,6.7266,6.34,2,0.967557
audio16.TextGrid,25,28,his,126.710,126.870,PRP$,5.9929,6.51,3,0.419912
audio16.TextGrid,25,29,pectoral,126.870,127.350,JJ,5.1757,2.91,7,-4.337283
audio16.TextGrid,25,30,fins,127.350,127.850,NNS,5.9293,3.36,4,-3.091184
audio16.TextGrid,25,31,spread,128.080,128.430,VBD,9.8230,4.81,5,2.389459
audio16.TextGrid,25,32,wide,128.430,128.930,JJ,9.7045,4.96,3,2.435125
audio16.TextGrid,25,33,and,128.930,129.070,CC,3.6770,7.41,3,-0.910989
audio16.TextGrid,25,34,all,129.070,129.320,DT,6.6385,6.52,2,1.076457
audio16.TextGrid,25,35,his,129.320,129.500,PRP$,8.7143,6.51,3,3.141312
audio16.TextGrid,25,36,wide,129.500,129.890,JJ,9.3847,4.96,3,2.115325
audio16.TextGrid,25,37,lavender,129.890,130.340,NN,4.0119,3.44,7,-4.921028
audio16.TextGrid,25,38,stripes,130.340,130.790,NNS,7.0429,3.76,6,-1.539806
audio16.TextGrid,25,39,showing,130.790,131.240,VBG,9.5830,4.88,4,2.226070
audio16.TextGrid,26,1,he,132.230,132.340,PRP,4.5353,6.69,2,-0.840688
audio16.TextGrid,26,2,was,132.340,132.510,VBD,3.9158,6.82,3,-1.317910
audio16.TextGrid,26,3,beautiful,132.510,133.050,JJ,10.1384,5.22,8,3.153581
audio16.TextGrid,26,4,the,133.240,133.360,DT,4.5491,7.73,2,0.311333
audio16.TextGrid,26,5,old,133.360,133.550,JJ,7.3433,5.75,3,0.938536
audio16.TextGrid,26,6,man,133.550,133.750,NN,7.7112,5.82,3,1.383047
audio16.TextGrid,26,7,remembered,133.750,134.250,VBD,4.6627,4.33,8,-3.296174
audio16.TextGrid,27,1,and,134.730,134.890,CC,3.7036,7.41,3,-0.884389
audio16.TextGrid,27,2,he,134.890,134.980,PRP,4.7461,6.69,2,-0.629888
audio16.TextGrid,27,3,had,134.980,135.120,VBD,4.6856,6.33,3,-1.084387
audio16.TextGrid,27,4,stayed,135.120,135.740,VBN,11.3864,4.53,4,3.646415
audio16.TextGrid,28,1,that,137.540,137.740,DT,4.4338,7.01,3,-0.591966
audio16.TextGrid,28,2,was,137.740,137.990,VBD,6.1096,6.82,3,0.875890
audio16.TextGrid,28,3,the,137.990,138.070,DT,2.3731,7.73,2,-1.864667
audio16.TextGrid,28,4,saddest,138.070,138.530,JJS,6.2082,3.24,6,-2.943617
audio16.TextGrid,28,5,thing,138.530,138.780,NN,8.1939,5.72,3,1.756302
audio16.TextGrid,28,6,i,138.780,138.950,NN,6.8233,7.09,1,1.885089
audio16.TextGrid,28,7,ever,138.950,139.150,RB,9.1903,5.66,3,2.687036
audio16.TextGrid,28,8,saw,139.150,139.390,VBD,8.7148,5.34,2,1.861314
audio16.TextGrid,28,9,with,139.390,139.610,IN,5.2241,6.85,3,0.023223
audio16.TextGrid,28,10,them,139.610,139.920,PRP,5.9534,6.19,3,0.030190
audio16.TextGrid,28,11,the,140.130,140.270,DT,3.5893,7.73,2,-0.648467
audio16.TextGrid,28,12,old,140.270,140.460,JJ,7.3436,5.75,3,0.938836
audio16.TextGrid,28,13,man,140.460,140.710,NN,7.6965,5.82,3,1.368347
audio16.TextGrid,28,14,thought,140.710,141.100,VBD,8.7781,5.59,3,2.198225
audio16.TextGrid,29,1,the,141.710,141.800,DT,1.8241,7.73,2,-2.413667
audio16.TextGrid,29,2,boy,141.800,142.070,NN,10.2353,5.17,2,3.195759
audio16.TextGrid,29,3,was,142.070,142.270,VBD,4.1791,6.82,3,-1.054610
audio16.TextGrid,29,4,sad,142.270,142.670,JJ,11.5250,4.84,3,4.124292
audio16.TextGrid,29,5,too,142.670,142.980,RB,8.8718,5.95,2,2.685924
audio16.TextGrid,29,6,and,142.980,143.190,CC,3.3160,7.41,3,-1.271989
audio16.TextGrid,29,7,we,143.190,143.290,PRP,7.8218,6.54,2,2.281646
audio16.TextGrid,29,8,begged,143.290,143.600,VBD,3.8483,3.58,4,-4.931406
audio16.TextGrid,29,9,her,143.600,143.720,PRP,6.8988,6.3,2,1.095979
audio16.TextGrid,29,10,pardon,143.720,144.250,NN,4.6137,3.82,6,-3.903340
audio16.TextGrid,30,1,and,144.690,144.790,CC,3.7036,7.41,2,-0.884389
audio16.TextGrid,30,2,butchered,144.790,145.240,VBD,6.9013,3.01,5,-2.502239
audio16.TextGrid,30,3,her,145.240,145.340,PRP,6.7889,6.3,2,0.986079
audio16.TextGrid,30,4,promptly,145.340,146.020,RB,10.7652,3.84,7,2.270049
audio16.TextGrid,31,1,i,147.410,147.550,JJ,5.5144,7.09,1,0.576189
audio16.TextGrid,31,2,wish,147.550,147.840,VBP,9.0633,5.18,3,2.034703
audio16.TextGrid,31,3,the,147.840,147.950,DT,2.3301,7.73,2,-1.907667
audio16.TextGrid,31,4,boy,147.950,148.220,NN,10.2384,5.17,2,3.198859
audio16.TextGrid,31,5,was,148.220,148.490,VBD,6.2243,6.82,3,0.990590
audio16.TextGrid,31,6,here,148.490,148.770,RB,7.2707,5.97,3,1.106713
audio16.TextGrid,31,7,he,149.120,149.230,PRP,6.4930,6.69,2,1.117012
audio16.TextGrid,31,8,said,149.230,149.440,VBD,4.9585,6.01,3,-1.161709
audio16.TextGrid,31,9,aloud,149.440,149.930,JJ,5.8292,3.51,4,-3.027117
audio16.TextGrid,31,10,and,150.230,150.400,CC,3.7947,7.41,3,-0.793289
audio16.TextGrid,31,11,settled,150.400,150.770,VBD,10.7690,4.44,6,2.930515
audio16.TextGrid,31,12,himself,150.770,151.130,PRP,9.0904,5.25,7,2.138414
audio16.TextGrid,31,13,against,151.130,151.460,IN,6.9837,5.68,6,0.502325
audio16.TextGrid,31,14,the,151.460,151.570,DT,1.6967,7.73,2,-2.541067
audio16.TextGrid,31,15,rounded,151.570,151.960,JJ,5.0748,3.98,6,-3.267129
audio16.TextGrid,31,16,planks,151.960,152.330,NNS,5.9996,3.13,6,-3.272605
audio16.TextGrid,31,17,of,152.330,152.410,IN,2.8673,7.4,2,-1.731633
audio16.TextGrid,31,18,the,152.410,152.490,DT,1.6971,7.73,2,-2.540667
audio16.TextGrid,31,19,bow,152.490,152.880,NN,4.1363,4.3,2,-3.855407
audio16.TextGrid,31,20,and,153.110,153.260,CC,4.2584,7.41,3,-0.329589
audio16.TextGrid,31,21,felt,153.260,153.470,VBD,10.0437,5.13,4,2.960381
audio16.TextGrid,31,22,the,153.470,153.580,DT,2.5452,7.73,2,-1.692567
audio16.TextGrid,31,23,strength,153.580,154.100,NN,8.2944,4.8,6,0.849915
audio16.TextGrid,31,24,of,154.100,154.180,IN,3.0435,7.4,2,-1.555433
audio16.TextGrid,31,25,the,154.200,154.290,DT,1.6983,7.73,2,-2.539467
audio16.TextGrid,31,26,great,154.290,154.580,JJ,7.7245,5.88,4,1.462013
audio16.TextGrid,31,27,fish,154.600,154.950,NN,4.1869,4.9,3,-3.148141
audio16.TextGrid,31,28,through,154.950,155.100,IN,6.9980,5.87,3,0.724569
audio16.TextGrid,31,29,the,155.100,155.200,DT,1.7009,7.73,2,-2.536867
audio16.TextGrid,31,30,line,155.200,155.500,NN,7.6699,5.49,3,0.980580
audio16.TextGrid,31,31,he,155.500,155.640,PRP,6.6461,6.69,2,1.270112
audio16.TextGrid,31,32,held,155.640,155.830,VBD,7.6459,5.24,4,0.682970
audio16.TextGrid,31,33,across,155.830,156.170,IN,7.5823,5.25,5,0.630314
audio16.TextGrid,31,34,his,156.170,156.300,PRP$,5.3530,6.51,3,-0.219988
audio16.TextGrid,31,35,shoulders,156.300,156.840,NNS,5.5669,4.18,6,-2.556140
audio16.TextGrid,32,1,moving,157.330,157.690,VBG,10.8751,5.02,5,3.671392
audio16.TextGrid,32,2,steadily,157.690,158.180,RB,11.1813,3.84,7,2.686149
audio16.TextGrid,32,3,toward,158.180,158.620,IN,9.4455,4.72,6,1.913459
audio16.TextGrid,32,4,whatever,158.620,158.960,WDT,6.5339,5.14,6,-0.538475
audio16.TextGrid,32,5,he,158.960,159.060,PRP,5.2885,6.69,2,-0.087488
audio16.TextGrid,32,6,had,159.060,159.240,VBD,4.7315,6.33,3,-1.038487
audio16.TextGrid,32,7,chosen,159.240,159.680,VBN,9.9024,4.61,5,2.249970
audio16.TextGrid,33,1,when,160.890,161.070,WRB,6.5749,6.37,3,0.848690
audio16.TextGrid,33,2,once,161.070,161.560,RB,7.9317,5.53,4,1.286158
audio16.TextGrid,33,3,through,161.560,161.720,IN,7.8349,5.87,3,1.561469
audio16.TextGrid,33,4,my,161.720,161.950,PRP$,7.2332,6.57,2,1.725879
audio16.TextGrid,33,5,treachery,161.950,162.560,NN,4.2576,3.13,6,-5.014605
audio16.TextGrid,33,6,it,162.560,162.640,PRP,4.9156,6.95,2,-0.175833
audio16.TextGrid,33,7,had,162.640,162.770,VBD,4.7757,6.33,3,-0.994287
audio16.TextGrid,33,8,been,162.770,162.890,VBN,6.3562,6.27,3,0.520546
audio16.TextGrid,33,9,necessary,162.890,163.460,JJ,9.5538,4.91,8,2.229703
audio16.TextGrid,33,10,to,163.460,163.610,TO,3.4977,7.43,2,-1.068400
audio16.TextGrid,33,11,him,163.610,163.740,PRP,8.3126,6.11,2,2.301835
audio16.TextGrid,33,12,to,163.740,163.840,TO,3.1920,7.43,2,-1.374100
audio16.TextGrid,33,13,make,163.840,164.040,VB,5.8932,6.08,3,-0.150398
audio16.TextGrid,33,14,a,164.040,164.090,DT,3.1922,7.36,1,-1.450511
audio16.TextGrid,33,15,choice,164.090,164.610,NN,9.5453,5.08,3,2.407259
audio16.TextGrid,33,16,the,164.690,164.830,DT,3.3500,7.73,2,-0.887767
audio16.TextGrid,33,17,old,164.830,165.050,JJ,7.3393,5.75,3,0.934536
audio16.TextGrid,33,18,man,165.050,165.310,NN,7.6952,5.82,3,1.367047
audio16.TextGrid,33,19,thought,165.310,165.700,VBD,8.4429,5.59,3,1.863025
audio16.TextGrid,34,1,his,167.120,167.350,PRP$,5.4396,6.51,3,-0.133388
audio16.TextGrid,34,2,choice,167.350,167.640,NN,9.6607,5.08,3,2.522659
audio16.TextGrid,34,3,had,167.640,167.760,VBD,5.0152,6.33,3,-0.754787
audio16.TextGrid,34,4,been,167.760,167.890,VBN,6.3880,6.27,3,0.552346
audio16.TextGrid,34,5,to,167.890,167.990,TO,2.6936,7.43,2,-1.872500
audio16.TextGrid,34,6,stay,167.990,168.250,VB,8.5803,5.33,3,1.715869
audio16.TextGrid,34,7,in,168.250,168.320,IN,3.6497,7.27,2,-1.091511
audio16.TextGrid,34,8,the,168.320,168.420,DT,1.7340,7.73,2,-2.503767
audio16.TextGrid,34,9,deep,168.420,168.680,JJ,5.0776,5.05,3,-2.093275
audio16.TextGrid,34,10,dark,168.680,169.000,NN,11.2421,5.04,4,4.060281
audio16.TextGrid,34,11,water,169.000,169.340,NN,8.2749,5.52,4,1.618414
audio16.TextGrid,34,12,far,169.340,169.660,RB,7.7947,5.5,3,1.116325
audio16.TextGrid,34,13,out,169.660,169.760,RP,6.7676,6.38,2,1.052335
audio16.TextGrid,34,14,beyond,169.760,170.180,IN,9.4699,4.98,5,2.222414
audio16.TextGrid,34,15,all,170.180,170.380,DT,5.4444,6.52,2,-0.117643
audio16.TextGrid,34,16,snares,170.380,170.910,NNS,6.5313,2.67,5,-3.244349
audio16.TextGrid,34,17,and,170.910,171.110,CC,4.1389,7.41,3,-0.449089
audio16.TextGrid,34,18,traps,171.110,171.430,NNS,6.5691,3.76,5,-2.013606
audio16.TextGrid,34,19,and,171.430,171.590,CC,3.9419,7.41,3,-0.646089
audio16.TextGrid,34,20,treacheries,171.590,172.190,NNS,6.4025,1.21,7,-4.971036
audio16.TextGrid,35,1,my,173.180,173.360,PRP$,7.2801,6.57,2,1.772779
audio16.TextGrid,35,2,choice,173.360,173.860,NN,9.6607,5.08,3,2.522659
audio16.TextGrid,35,3,was,173.860,174.040,VBD,4.2115,6.82,3,-1.022210
audio16.TextGrid,35,4,to,174.040,174.130,TO,3.3831,7.43,2,-1.183000
audio16.TextGrid,35,5,go,174.130,174.360,VB,6.7005,6.03,2,0.602180
audio16.TextGrid,35,6,there,174.360,174.550,RB,6.1509,6.31,3,0.359024
audio16.TextGrid,35,7,to,174.550,174.690,TO,3.4318,7.43,2,-1.134300
audio16.TextGrid,35,8,find,174.690,175.060,VB,7.5605,5.76,4,1.166680
audio16.TextGrid,35,9,him,175.060,175.240,PRP,8.0977,6.11,3,2.086935
audio16.TextGrid,35,10,beyond,175.240,175.650,IN,9.2081,4.98,5,1.960614
audio16.TextGrid,35,11,all,175.650,175.810,DT,5.4391,6.52,2,-0.122943
audio16.TextGrid,35,12,people,175.810,176.290,NNS,7.1599,6.25,5,1.302357
audio16.TextGrid,35,13,beyond,176.760,177.100,IN,9.3939,4.98,5,2.146414
audio16.TextGrid,35,14,all,177.100,177.290,DT,5.4416,6.52,2,-0.120443
audio16.TextGrid,35,15,people,177.290,177.700,NNS,7.1583,6.25,5,1.300757
audio16.TextGrid,35,16,in,177.700,177.770,IN,3.2660,7.27,2,-1.475211
audio16.TextGrid,35,17,the,177.770,177.840,DT,1.6993,7.73,2,-2.538467
audio16.TextGrid,35,18,world,177.840,178.370,NN,6.8411,5.89,4,0.589558
audio16.TextGrid,36,1,now,179.110,179.350,RB,6.7634,6.18,2,0.829246
audio16.TextGrid,36,2,we,179.350,179.520,PRP,6.4984,6.54,2,0.958246
audio16.TextGrid,36,3,are,179.520,179.630,VBP,4.0074,6.74,2,-1.313866
audio16.TextGrid,36,4,joined,179.630,180.030,VBN,9.2767,4.73,4,1.755604
audio16.TextGrid,36,5,together,180.030,180.490,RB,7.9113,5.46,6,1.189147
audio16.TextGrid,36,6,and,180.490,180.610,CC,4.0514,7.41,3,-0.536589
audio16.TextGrid,36,7,have,180.610,180.780,VBP,4.4973,6.71,3,-0.856799
audio16.TextGrid,36,8,been,180.780,181.040,VBN,5.9516,6.27,3,0.115946
audio16.TextGrid,36,9,since,181.040,181.380,IN,6.1956,5.75,4,-0.209164
audio16.TextGrid,36,10,noon,181.380,181.790,NN,5.7726,4.11,3,-2.427051
audio16.TextGrid,37,1,and,182.590,182.800,CC,3.7036,7.41,3,-0.884389
audio16.TextGrid,37,2,no,182.800,182.970,DT,5.8238,6.35,2,0.075701
audio16.TextGrid,37,3,one,182.970,183.170,NN,6.7594,6.47,3,1.142635
audio16.TextGrid,37,4,to,183.170,183.330,TO,4.3714,7.43,2,-0.194700
audio16.TextGrid,37,5,help,183.330,183.690,VB,6.6927,5.75,4,0.287936
audio16.TextGrid,37,6,either,183.690,183.930,DT,8.5571,5.33,3,1.692669
audio16.TextGrid,37,7,one,183.930,184.180,CD,6.8306,6.47,3,1.213835
audio16.TextGrid,37,8,of,184.180,184.310,IN,3.8457,7.4,2,-0.753233
audio16.TextGrid,37,9,us,184.310,184.610,PRP,6.9086,6.04,2,0.821224
audio17.TextGrid,1,1,perhaps,0.910,1.320,RB,8.5270,5.09,6,1.399903
audio17.TextGrid,1,2,i,1.320,1.420,NN,6.3159,7.09,1,1.377689
audio17.TextGrid,1,3,should,1.420,1.660,MD,6.2533,5.99,3,0.111202
audio17.TextGrid,1,4,not,1.660,1.820,RB,6.1834,6.69,3,0.807412
audio17.TextGrid,1,5,have,1.820,1.910,VB,4.5945,6.71,3,-0.759599
audio17.TextGrid,1,6,been,1.910,2.100,VBN,5.9577,6.27,3,0.122046
audio17.TextGrid,1,7,a,2.100,2.160,DT,3.9648,7.36,1,-0.677911
audio17.TextGrid,1,8,fisherman,2.160,2.720,NN,4.1525,3.49,7,-4.725706
audio17.TextGrid,1,9,he,2.970,3.090,PRP,6.6268,6.69,2,1.250812
audio17.TextGrid,1,10,thought,3.090,3.480,VBD,8.9025,5.59,3,2.322625
audio17.TextGrid,2,1,but,4.220,4.320,CC,5.3198,6.63,3,-0.121855
audio17.TextGrid,2,2,that,4.320,4.590,DT,4.8264,7.01,3,-0.199366
audio17.TextGrid,2,3,was,4.590,4.810,VBD,5.9688,6.82,3,0.735090
audio17.TextGrid,2,4,the,4.810,4.920,DT,2.4110,7.73,2,-1.826767
audio17.TextGrid,2,5,thing,4.920,5.220,NN,7.5991,5.72,3,1.161502
audio17.TextGrid,2,6,that,5.220,5.340,IN,4.2077,7.01,3,-0.818066
audio17.TextGrid,2,7,i,5.340,5.460,NN,5.7072,7.09,1,0.768989
audio17.TextGrid,2,8,was,5.460,5.660,VBD,5.0658,6.82,3,-0.167910
audio17.TextGrid,2,9,born,5.660,6.030,VBN,11.3305,5.09,4,4.203403
audio17.TextGrid,3,1,for,6.030,6.360,IN,4.8270,7.01,3,-0.198766
audio17.TextGrid,3,2,i,7.510,7.600,NN,5.4743,7.09,1,0.536089
audio17.TextGrid,3,3,must,7.600,7.910,MD,8.3947,5.68,4,1.913325
audio17.TextGrid,3,4,surely,7.910,8.370,RB,10.4451,4.55,5,2.727004
audio17.TextGrid,3,5,remember,8.370,8.790,VB,10.3228,5.38,7,3.513092
audio17.TextGrid,3,6,to,8.790,8.980,TO,3.5044,7.43,2,-1.061700
audio17.TextGrid,3,7,eat,8.980,9.100,VB,10.0489,5.13,2,2.965581
audio17.TextGrid,3,8,the,9.100,9.220,DT,2.6956,7.73,2,-1.542167
audio17.TextGrid,3,9,tuna,9.220,9.510,NN,4.1409,3.64,4,-4.573139
audio17.TextGrid,3,10,after,9.510,9.940,IN,6.3319,6.11,4,0.321135
audio17.TextGrid,3,11,it,9.940,10.060,PRP,3.8220,6.95,2,-1.269433
audio17.TextGrid,3,12,gets,10.060,10.350,VBZ,9.7202,5.25,4,2.768214
audio17.TextGrid,3,13,light,10.350,10.820,JJ,8.8444,5.33,3,1.979969
audio17.TextGrid,4,1,some,13.790,14.020,DT,5.3151,6.2,3,-0.597165
audio17.TextGrid,4,2,time,14.020,14.300,NN,6.0572,6.29,3,0.243435
audio17.TextGrid,4,3,before,14.300,14.620,IN,7.6898,5.93,5,1.482035
audio17.TextGrid,4,4,daylight,14.620,15.170,JJ,5.3161,3.84,5,-3.179051
audio17.TextGrid,4,5,something,15.170,15.540,NN,8.5461,5.81,6,2.207002
audio17.TextGrid,4,6,took,15.540,15.790,VBD,7.1808,5.51,3,0.513369
audio17.TextGrid,4,7,one,15.790,15.920,CD,6.4998,6.47,3,0.883035
audio17.TextGrid,4,8,of,15.920,16.000,IN,3.8706,7.4,2,-0.728333
audio17.TextGrid,4,9,the,16.000,16.080,DT,1.7393,7.73,2,-2.498467
audio17.TextGrid,4,10,baits,16.080,16.470,NNS,6.4185,2.65,4,-3.379038
audio17.TextGrid,4,11,that,16.470,16.670,WDT,4.1994,7.01,3,-0.826366
audio17.TextGrid,4,12,were,16.670,16.740,VBD,6.7781,6.34,2,1.019057
audio17.TextGrid,4,13,behind,16.740,17.210,IN,9.8006,5.29,6,2.892392
audio17.TextGrid,4,14,him,17.210,17.390,PRP,7.4094,6.11,3,1.398635
audio17.TextGrid,5,1,he,18.060,18.180,PRP,4.5353,6.69,2,-0.840688
audio17.TextGrid,5,2,heard,18.180,18.350,VBD,8.5521,5.27,3,1.622003
audio17.TextGrid,5,3,the,18.350,18.440,DT,2.8378,7.73,2,-1.399967
audio17.TextGrid,5,4,stick,18.440,18.740,JJ,14.5458,4.76,4,7.057537
audio17.TextGrid,5,5,break,18.820,19.160,NN,10.4579,5.18,4,3.429303
audio17.TextGrid,5,6,and,19.160,19.260,CC,4.0179,7.41,2,-0.570089
audio17.TextGrid,5,7,the,19.260,19.340,DT,3.7832,7.73,2,-0.454567
audio17.TextGrid,5,8,line,19.340,19.650,NN,7.6781,5.49,3,0.988780
audio17.TextGrid,5,9,begin,19.650,19.920,NN,8.6513,4.84,5,1.250592
audio17.TextGrid,5,10,to,19.920,20.050,TO,3.4427,7.43,2,-1.123400
audio17.TextGrid,5,11,rush,20.050,20.320,VB,4.0449,4.48,3,-3.749807
audio17.TextGrid,5,12,out,20.320,20.500,RP,5.6900,6.38,2,-0.025265
audio17.TextGrid,5,13,over,20.500,20.670,IN,6.1821,6.08,3,0.138502
audio17.TextGrid,5,14,the,20.670,20.770,DT,1.7782,7.73,2,-2.459567
audio17.TextGrid,5,15,gunwale,20.770,21.120,NN,4.1379,1.65,6,-6.754081
audio17.TextGrid,5,16,of,21.120,21.190,IN,3.0250,7.4,2,-1.573933
audio17.TextGrid,5,17,the,21.190,21.300,DT,1.7104,7.73,2,-2.527367
audio17.TextGrid,5,18,skiff,21.300,21.630,NN,4.1369,2.63,4,-5.682527
audio17.TextGrid,6,1,in,22.630,22.760,IN,4.1039,7.27,2,-0.637311
audio17.TextGrid,6,2,the,22.760,22.830,DT,1.7509,7.73,2,-2.486867
audio17.TextGrid,6,3,darkness,22.830,23.410,NN,4.1397,4.3,7,-3.852007
audio17.TextGrid,6,4,he,23.410,23.550,PRP,5.3963,6.69,2,0.020312
audio17.TextGrid,6,5,loosened,23.550,24.010,VBD,3.4178,2.98,6,-6.018572
audio17.TextGrid,6,6,his,24.010,24.170,PRP$,6.0741,6.51,3,0.501112
audio17.TextGrid,6,7,sheath,24.170,24.550,NN,4.2521,3.16,3,-4.987272
audio17.TextGrid,6,8,knife,24.550,24.950,NN,11.4696,4.41,3,3.598282
audio17.TextGrid,6,9,and,24.950,25.150,CC,4.3448,7.41,3,-0.243189
audio17.TextGrid,6,10,taking,25.150,25.470,VBG,9.0303,5.39,5,2.231536
audio17.TextGrid,6,11,all,25.470,25.680,PDT,6.1408,6.52,2,0.578757
audio17.TextGrid,6,12,the,25.680,25.790,DT,3.9481,7.73,2,-0.289667
audio17.TextGrid,6,13,strain,25.790,26.170,NN,10.9801,4.15,5,2.824227
audio17.TextGrid,6,14,of,26.170,26.260,IN,3.1437,7.4,2,-1.455233
audio17.TextGrid,6,15,the,26.260,26.360,DT,1.7008,7.73,2,-2.536967
audio17.TextGrid,6,16,fish,26.360,26.640,NN,4.1357,4.9,3,-3.199341
audio17.TextGrid,6,17,on,26.640,26.760,IN,4.6260,6.91,2,-0.509210
audio17.TextGrid,6,18,his,26.760,26.940,PRP$,5.3101,6.51,3,-0.262888
audio17.TextGrid,6,19,left,26.940,27.190,JJ,10.8398,5.62,4,4.292758
audio17.TextGrid,6,20,shoulder,27.190,27.580,NN,9.1581,4.5,5,1.385282
audio17.TextGrid,6,21,he,27.960,28.080,PRP,6.4510,6.69,2,1.075012
audio17.TextGrid,6,22,leaned,28.080,28.370,VBD,4.0462,3.41,4,-4.919561
audio17.TextGrid,6,23,back,28.370,28.760,RB,7.0438,6.04,3,0.956424
audio17.TextGrid,6,24,and,28.760,28.940,CC,4.0002,7.41,3,-0.587789
audio17.TextGrid,6,25,cut,28.940,29.130,VBD,7.1450,5.24,3,0.182070
audio17.TextGrid,6,26,the,29.130,29.260,DT,2.4294,7.73,2,-1.808367
audio17.TextGrid,6,27,line,29.260,29.540,NN,7.6732,5.49,3,0.983880
audio17.TextGrid,6,28,against,29.540,29.850,IN,7.2720,5.68,6,0.790625
audio17.TextGrid,6,29,the,29.850,29.920,DT,1.6973,7.73,2,-2.540467
audio17.TextGrid,6,30,wood,29.920,30.130,NN,9.9451,4.78,3,2.478726
audio17.TextGrid,6,31,of,30.130,30.210,IN,4.1203,7.4,2,-0.478633
audio17.TextGrid,6,32,the,30.210,30.310,DT,1.6905,7.73,2,-2.547267
audio17.TextGrid,6,33,gunwale,30.310,30.710,NN,4.1350,1.65,6,-6.756981
audio17.TextGrid,7,1,then,31.420,31.600,RB,7.4856,6.07,3,1.431057
audio17.TextGrid,7,2,he,31.600,31.770,PRP,5.3385,6.69,2,-0.037488
audio17.TextGrid,7,3,cut,31.770,31.990,VBD,6.6319,5.24,3,-0.331030
audio17.TextGrid,7,4,the,31.990,32.160,DT,2.4164,7.73,2,-1.821367
audio17.TextGrid,7,5,other,32.160,32.330,JJ,5.7844,6.16,3,-0.171643
audio17.TextGrid,7,6,line,32.330,32.630,NN,7.5240,5.49,3,0.834680
audio17.TextGrid,7,7,closest,32.630,33.090,JJS,7.6641,4.21,7,-0.426107
audio17.TextGrid,7,8,to,33.090,33.340,TO,5.4479,7.43,2,0.881800
audio17.TextGrid,7,9,him,33.340,33.490,PRP,7.8044,6.11,2,1.793635
audio17.TextGrid,7,10,and,33.890,34.020,CC,4.4349,7.41,3,-0.153089
audio17.TextGrid,7,11,in,34.020,34.100,IN,4.3253,7.27,2,-0.415911
audio17.TextGrid,7,12,the,34.100,34.190,DT,1.7342,7.73,2,-2.503567
audio17.TextGrid,7,13,dark,34.190,34.550,NN,10.7223,5.04,4,3.540481
audio17.TextGrid,7,14,made,34.550,34.800,VBD,9.4368,5.92,3,3.218091
audio17.TextGrid,7,15,the,34.800,34.890,DT,3.6837,7.73,2,-0.554067
audio17.TextGrid,7,16,loose,34.890,35.210,JJ,10.7291,4.46,3,2.912504
audio17.TextGrid,7,17,ends,35.210,35.530,NNS,10.3615,4.75,4,2.862292
audio17.TextGrid,7,18,of,35.530,35.600,IN,2.7628,7.4,2,-1.836133
audio17.TextGrid,7,19,the,35.600,35.700,DT,1.6975,7.73,2,-2.540267
audio17.TextGrid,7,20,reserve,35.700,36.140,NN,8.8183,4.6,5,1.154926
audio17.TextGrid,7,21,coils,36.140,36.640,VBZ,5.7832,3.36,4,-3.237284
audio17.TextGrid,7,22,fast,36.640,37.200,RB,9.6780,5.13,4,2.594681
audio17.TextGrid,8,1,he,37.880,37.970,PRP,4.5353,6.69,2,-0.840688
audio17.TextGrid,8,2,worked,37.970,38.260,VBD,7.9183,5.16,4,0.867814
audio17.TextGrid,8,3,skillfully,38.260,38.940,RB,4.6576,2.84,8,-4.931994
audio17.TextGrid,8,4,with,38.940,39.110,IN,5.2110,6.85,3,0.010123
audio17.TextGrid,8,5,the,39.110,39.190,DT,1.7338,7.73,2,-2.503967
audio17.TextGrid,8,6,one,39.190,39.490,CD,6.6478,6.47,3,1.031035
audio17.TextGrid,8,7,hand,39.490,39.880,NN,8.9514,5.41,4,2.174525
audio17.TextGrid,9,1,and,40.310,40.380,CC,3.7036,7.41,2,-0.884389
audio17.TextGrid,9,2,put,40.380,40.600,VB,9.8767,5.66,3,3.373436
audio17.TextGrid,9,3,his,40.600,40.780,PRP$,6.3939,6.51,3,0.820912
audio17.TextGrid,9,4,foot,40.780,40.950,NN,9.5649,4.87,3,2.197026
audio17.TextGrid,9,5,on,40.950,41.080,IN,5.3145,6.91,2,0.179290
audio17.TextGrid,9,6,the,41.080,41.140,DT,1.7115,7.73,2,-2.526267
audio17.TextGrid,9,7,coils,41.140,41.650,NNS,6.4462,3.36,4,-2.574284
audio17.TextGrid,9,8,to,41.650,41.760,TO,3.4273,7.43,2,-1.138800
audio17.TextGrid,9,9,hold,41.760,41.990,VB,8.2430,5.19,4,1.225347
audio17.TextGrid,9,10,them,41.990,42.140,PRP,6.6132,6.19,3,0.689990
audio17.TextGrid,9,11,as,42.140,42.250,IN,4.4677,6.77,2,-0.820732
audio17.TextGrid,9,12,he,42.250,42.340,PRP,4.5094,6.69,2,-0.866588
audio17.TextGrid,9,13,drew,42.340,42.520,VBD,10.7993,4.46,3,2.982704
audio17.TextGrid,9,14,his,42.520,42.750,PRP$,6.3677,6.51,3,0.794712
audio17.TextGrid,9,15,knots,42.750,43.100,NNS,5.5642,3.63,4,-3.160784
audio17.TextGrid,9,16,tight,43.100,43.480,VBD,10.0467,4.57,3,2.350493
audio17.TextGrid,10,1,now,44.700,45.040,RB,6.7634,6.18,2,0.829246
audio17.TextGrid,10,2,he,45.040,45.180,PRP,5.3385,6.69,2,-0.037488
audio17.TextGrid,10,3,had,45.180,45.360,VBD,4.7513,6.33,3,-1.018687
audio17.TextGrid,10,4,six,45.360,45.770,CD,8.0657,5.29,4,1.157492
audio17.TextGrid,10,5,reserve,45.770,46.180,NN,10.1299,4.6,5,2.466526
audio17.TextGrid,10,6,coils,46.180,46.680,NNS,7.2048,3.36,4,-1.815684
audio17.TextGrid,10,7,of,46.680,46.800,IN,3.0377,7.4,2,-1.561233
audio17.TextGrid,10,8,line,46.800,47.260,NN,9.3089,5.49,3,2.619580
audio17.TextGrid,11,1,there,47.980,48.100,EX,5.7321,6.31,3,-0.059776
audio17.TextGrid,11,2,were,48.100,48.220,VBD,4.5868,6.34,2,-1.172243
audio17.TextGrid,11,3,two,48.220,48.570,CD,6.8028,6.1,2,0.781091
audio17.TextGrid,11,4,from,48.570,48.800,IN,5.7378,6.63,3,0.296145
audio17.TextGrid,11,5,each,48.800,49.120,DT,6.3850,5.69,2,-0.085431
audio17.TextGrid,11,6,bait,49.140,49.400,NN,4.1370,3.85,3,-4.347206
audio17.TextGrid,11,7,he,49.400,49.490,PRP,6.8816,6.69,2,1.505612
audio17.TextGrid,11,8,had,49.490,49.640,VBD,5.4743,6.33,3,-0.295687
audio17.TextGrid,11,9,severed,49.640,50.080,VBN,6.3539,3.53,5,-2.480528
audio17.TextGrid,11,10,and,50.080,50.200,CC,4.1222,7.41,2,-0.465789
audio17.TextGrid,11,11,the,50.200,50.290,DT,3.4183,7.73,2,-0.819467
audio17.TextGrid,11,12,two,50.290,50.530,CD,7.2610,6.1,2,1.239291
audio17.TextGrid,11,13,from,50.530,50.740,IN,6.1472,6.63,4,0.705545
audio17.TextGrid,11,14,the,50.740,50.810,DT,1.7406,7.73,2,-2.497167
audio17.TextGrid,11,15,bait,50.810,51.070,NN,4.1425,3.85,3,-4.341706
audio17.TextGrid,11,16,the,51.070,51.180,DT,3.9369,7.73,2,-0.300867
audio17.TextGrid,11,17,fish,51.180,51.400,NN,4.1431,4.9,3,-3.191941
audio17.TextGrid,11,18,had,51.400,51.570,VBD,5.8251,6.33,3,0.055113
audio17.TextGrid,11,19,taken,51.570,51.900,VBN,8.5702,5.33,5,1.705769
audio17.TextGrid,12,1,and,52.500,52.600,CC,3.7036,7.41,2,-0.884389
audio17.TextGrid,12,2,they,52.600,52.700,PRP,4.8877,6.5,2,-0.696232
audio17.TextGrid,12,3,were,52.700,52.830,VBD,4.5038,6.34,2,-1.255243
audio17.TextGrid,12,4,all,52.830,53.020,DT,6.1523,6.52,2,0.590257
audio17.TextGrid,12,5,connected,53.020,53.700,VBN,11.4892,4.68,8,3.913381
audio17.TextGrid,13,1,after,54.990,55.330,IN,7.0701,6.11,4,1.059335
audio17.TextGrid,13,2,it,55.330,55.420,PRP,3.8725,6.95,2,-1.218933
audio17.TextGrid,13,3,is,55.420,55.580,VBZ,4.8058,7.07,2,-0.154300
audio17.TextGrid,13,4,light,55.580,55.950,JJ,8.8314,5.33,3,1.966969
audio17.TextGrid,13,5,he,55.950,56.050,PRP,6.4220,6.69,2,1.046012
audio17.TextGrid,13,6,thought,56.050,56.590,VBD,8.2101,5.59,3,1.630225
audio17.TextGrid,13,7,i,56.590,56.660,NN,6.2792,7.09,1,1.340989
audio17.TextGrid,13,8,will,56.660,56.850,MD,5.1763,6.45,3,-0.462354
audio17.TextGrid,13,9,work,56.850,57.080,VB,7.5048,5.96,3,1.329869
audio17.TextGrid,13,10,back,57.080,57.330,RB,7.0783,6.04,3,0.990924
audio17.TextGrid,13,11,to,57.350,57.450,TO,3.4239,7.43,2,-1.142200
audio17.TextGrid,13,12,the,57.450,57.550,DT,2.3869,7.73,2,-1.850867
audio17.TextGrid,13,13,forty,57.550,57.900,NN,4.1361,4.2,5,-3.965051
audio17.TextGrid,13,14,fathom,57.900,58.260,NN,5.3988,3.25,5,-3.742072
audio17.TextGrid,13,15,bait,58.260,58.590,NN,5.6191,3.85,3,-2.865106
audio17.TextGrid,13,16,and,58.590,58.700,CC,4.0120,7.41,2,-0.575989
audio17.TextGrid,13,17,cut,58.700,58.950,VB,8.2071,5.24,3,1.244170
audio17.TextGrid,13,18,it,58.950,59.050,PRP,4.5960,6.95,2,-0.495433
audio17.TextGrid,13,19,away,59.050,59.290,RB,8.1523,5.62,3,1.605258
audio17.TextGrid,13,20,too,59.290,59.630,RB,7.3339,5.95,2,1.148024
audio17.TextGrid,13,21,and,59.630,59.810,CC,3.7949,7.41,3,-0.793089
audio17.TextGrid,13,22,link,59.810,60.010,VB,10.1789,4.99,4,2.942359
audio17.TextGrid,13,23,up,60.010,60.110,RP,5.1200,6.39,2,-0.584321
audio17.TextGrid,13,24,the,60.110,60.220,DT,2.5447,7.73,2,-1.693067
audio17.TextGrid,13,25,reserve,60.220,60.590,NN,8.8291,4.6,5,1.165726
audio17.TextGrid,13,26,coils,60.590,61.140,NNS,6.9871,3.36,4,-2.033384
audio17.TextGrid,14,1,i,61.140,61.170,NN,5.5144,7.09,1,0.576189
audio17.TextGrid,14,2,will,62.360,62.570,MD,4.2229,6.45,3,-1.415754
audio17.TextGrid,14,3,have,62.570,62.700,VB,3.8742,6.71,3,-1.479899
audio17.TextGrid,14,4,lost,62.700,62.960,VBN,8.1957,5.39,4,1.396936
audio17.TextGrid,14,5,two,62.960,63.110,CD,6.9472,6.1,2,0.925491
audio17.TextGrid,14,6,hundred,63.110,63.400,JJ,8.6119,4.71,5,1.068915
audio17.TextGrid,14,7,fathoms,63.400,63.810,NNS,6.1706,2.49,6,-3.802049
audio17.TextGrid,14,8,of,63.810,63.930,IN,2.8876,7.4,2,-1.711333
audio17.TextGrid,14,9,good,63.930,64.260,JJ,7.4428,6.12,3,1.442979
audio17.TextGrid,14,10,catalan,64.260,64.730,NN,4.5920,3.42,7,-4.362817
audio17.TextGrid,14,11,cardel,64.730,65.460,NN,5.4743,0.0,6,-7.223512
audio17.TextGrid,14,12,and,65.760,65.880,CC,4.2710,7.41,2,-0.316989
audio17.TextGrid,14,13,the,65.880,65.990,DT,2.4558,7.73,2,-1.781967
audio17.TextGrid,14,14,hooks,65.990,66.280,NNS,6.4648,3.65,4,-2.238295
audio17.TextGrid,14,15,and,66.280,66.430,CC,4.2540,7.41,3,-0.333989
audio17.TextGrid,14,16,leaders,66.430,66.980,NNS,8.7597,4.81,5,1.326159
audio17.TextGrid,15,1,that,67.550,67.710,DT,4.4338,7.01,3,-0.591966
audio17.TextGrid,15,2,can,67.710,67.850,MD,7.0367,6.46,3,1.408990
audio17.TextGrid,15,3,be,67.850,68.010,VB,3.7221,6.79,2,-1.544444
audio17.TextGrid,15,4,replaced,68.010,68.630,VBN,9.6682,4.55,7,1.950104
audio17.TextGrid,16,1,but,69.240,69.430,CC,5.3198,6.63,3,-0.121855
audio17.TextGrid,16,2,who,69.430,69.570,WP,6.8356,6.34,2,1.076557
audio17.TextGrid,16,3,replaces,69.570,70.190,VBZ,3.8051,3.63,8,-4.919884
audio17.TextGrid,16,4,this,70.190,70.450,DT,5.4501,6.82,3,0.216390
audio17.TextGrid,16,5,fish,70.450,70.780,JJ,5.0721,4.9,3,-2.262941
audio17.TextGrid,16,6,if,70.780,70.910,IN,7.4901,6.47,2,1.873335
audio17.TextGrid,16,7,i,70.910,71.040,JJ,5.4475,7.09,1,0.509289
audio17.TextGrid,16,8,hook,71.040,71.250,VBP,11.0271,4.37,3,3.112004
audio17.TextGrid,16,9,some,71.250,71.480,DT,6.7116,6.2,3,0.799335
audio17.TextGrid,16,10,fish,71.480,71.780,NN,4.1655,4.9,3,-3.169541
audio17.TextGrid,16,11,and,71.780,71.910,CC,4.2929,7.41,3,-0.295089
audio17.TextGrid,16,12,it,71.910,72.010,PRP,4.1933,6.95,2,-0.898133
audio17.TextGrid,16,13,cuts,72.010,72.270,VBZ,11.5658,4.42,4,3.705426
audio17.TextGrid,16,14,him,72.270,72.400,PRP,9.4680,6.11,2,3.457235
audio17.TextGrid,16,15,off,72.400,72.750,RP,7.8616,5.93,2,1.653835
audio17.TextGrid,17,1,i,73.520,73.620,JJ,5.5144,7.09,1,0.576189
audio17.TextGrid,17,2,don,73.620,73.780,VBP,12.6352,4.6,3,4.971826
audio17.TextGrid,17,3,t,73.780,73.810,NN,5.4864,5.43,1,-1.268586
audio17.TextGrid,17,4,know,73.810,73.940,VBP,7.8352,6.1,2,1.813491
audio17.TextGrid,17,5,what,73.940,74.100,WP,6.9355,6.38,3,1.220235
audio17.TextGrid,17,6,that,74.100,74.330,IN,5.9282,7.01,3,0.902434
audio17.TextGrid,17,7,fish,74.330,74.570,NN,5.1125,4.9,3,-2.222541
audio17.TextGrid,17,8,was,74.570,74.860,VBD,4.3955,6.82,3,-0.838210
audio17.TextGrid,17,9,that,74.860,75.050,IN,4.2043,7.01,3,-0.821466
audio17.TextGrid,17,10,took,75.050,75.160,VBD,8.4279,5.51,3,1.760469
audio17.TextGrid,17,11,the,75.160,75.270,DT,2.3786,7.73,2,-1.859167
audio17.TextGrid,17,12,bait,75.270,75.520,NN,4.1382,3.85,3,-4.346006
audio17.TextGrid,17,13,just,75.520,75.770,RB,7.4466,6.43,4,1.786057
audio17.TextGrid,17,14,now,75.770,76.080,RB,6.2681,6.18,2,0.333946
audio17.TextGrid,17,15,it,76.080,76.140,PRP,5.7919,6.95,2,0.700467
audio17.TextGrid,18,1,could,76.540,76.720,MD,9.2009,6.06,3,3.135413
audio17.TextGrid,18,2,have,76.720,76.850,VB,3.8812,6.71,3,-1.472899
audio17.TextGrid,18,3,been,76.850,77.010,VBN,5.9132,6.27,3,0.077546
audio17.TextGrid,18,4,a,77.010,77.050,DT,3.8422,7.36,1,-0.800511
audio17.TextGrid,18,5,marlin,77.050,77.540,NN,4.1510,3.01,6,-5.252539
audio17.TextGrid,18,6,or,77.540,77.660,CC,5.5191,6.54,2,-0.021054
audio17.TextGrid,18,7,a,77.660,77.710,DT,3.0833,7.36,1,-1.559411
audio17.TextGrid,18,8,broadbill,77.710,78.360,NN,4.1377,1.17,7,-7.279614
audio17.TextGrid,18,9,or,78.360,78.500,CC,5.9977,6.54,2,0.457546
audio17.TextGrid,18,10,a,78.500,78.530,DT,3.0204,7.36,1,-1.622311
audio17.TextGrid,18,11,shark,78.530,79.000,NN,4.1377,4.1,4,-4.072896
audio17.TextGrid,19,1,i,79.580,79.690,NN,5.5144,7.09,1,0.576189
audio17.TextGrid,19,2,never,79.690,79.940,RB,8.6695,5.91,4,2.439846
audio17.TextGrid,19,3,felt,79.940,80.270,VBD,8.8093,5.13,4,1.725981
audio17.TextGrid,19,4,him,80.270,80.460,PRP,8.3384,6.11,2,2.327635
audio17.TextGrid,20,1,i,81.230,81.350,NN,5.5144,7.09,1,0.576189
audio17.TextGrid,20,2,had,81.350,81.480,VBD,4.7246,6.33,3,-1.045387
audio17.TextGrid,20,3,to,81.480,81.540,TO,3.3517,7.43,2,-1.214400
audio17.TextGrid,20,4,get,81.540,81.720,VB,5.9499,6.28,3,0.125190
audio17.TextGrid,20,5,rid,81.720,81.840,JJ,5.7353,4.5,3,-2.037518
audio17.TextGrid,20,6,of,81.840,81.930,IN,3.7361,7.4,2,-0.862833
audio17.TextGrid,20,7,him,81.930,82.060,PRP,7.3840,6.11,2,1.373235
audio17.TextGrid,20,8,too,82.060,82.250,RB,8.1524,5.95,2,1.966524
audio17.TextGrid,20,9,fast,82.250,82.840,RB,9.6127,5.13,4,2.529381
audio17.TextGrid,21,1,aloud,83.910,84.360,NN,5.9246,3.51,4,-2.931717
audio17.TextGrid,21,2,he,84.360,84.490,PRP,7.2668,6.69,2,1.890812
audio17.TextGrid,21,3,said,84.490,84.760,VBD,3.5781,6.01,3,-2.542109
audio17.TextGrid,21,4,i,85.400,85.510,JJ,6.1749,7.09,1,1.236689
audio17.TextGrid,21,5,wish,85.510,85.790,JJ,9.8843,5.18,3,2.855703
audio17.TextGrid,21,6,i,85.790,85.950,NN,6.0942,7.09,1,1.155989
audio17.TextGrid,21,7,had,85.950,86.160,VBD,6.4907,6.33,3,0.720713
audio17.TextGrid,21,8,the,86.160,86.250,DT,2.4527,7.73,2,-1.785067
audio17.TextGrid,21,9,boy,86.250,86.630,NN,10.2396,5.17,2,3.200059
audio17.TextGrid,22,1,but,88.230,88.410,CC,5.3198,6.63,3,-0.121855
audio17.TextGrid,22,2,you,88.410,88.500,PRP,5.9151,6.98,2,0.856501
audio17.TextGrid,22,3,haven,88.500,88.710,VBP,12.1224,4.13,5,3.944638
audio17.TextGrid,22,4,t,88.710,88.740,NNS,7.1755,5.43,1,0.420514
audio17.TextGrid,22,5,got,88.740,88.970,VBD,7.2853,5.91,3,1.055646
audio17.TextGrid,22,6,the,88.970,89.060,DT,2.6227,7.73,2,-1.615067
audio17.TextGrid,22,7,boy,89.060,89.390,NN,10.2421,5.17,2,3.202559
audio17.TextGrid,22,8,he,89.600,89.720,PRP,6.8460,6.69,2,1.470012
audio17.TextGrid,22,9,thought,89.720,90.100,VBD,8.6924,5.59,3,2.112525
audio17.TextGrid,22,10,you,90.450,90.590,PRP,6.4957,6.98,2,1.437101
audio17.TextGrid,22,11,have,90.590,90.760,VBP,5.0408,6.71,3,-0.313299
audio17.TextGrid,22,12,only,90.760,90.990,RB,6.1236,6.12,4,0.123779
audio17.TextGrid,22,13,yourself,90.990,91.580,PRP,11.1620,5.31,6,4.275681
audio17.TextGrid,22,14,and,91.580,91.710,CC,4.2706,7.41,3,-0.317389
audio17.TextGrid,22,15,you,91.710,91.810,PRP,6.4243,6.98,2,1.365701
audio17.TextGrid,22,16,had,91.810,91.930,VBD,5.2704,6.33,3,-0.499587
audio17.TextGrid,22,17,better,91.930,92.140,JJR,8.0581,5.76,4,1.664280
audio17.TextGrid,22,18,work,92.140,92.400,NN,8.8693,5.96,3,2.694369
audio17.TextGrid,22,19,back,92.400,92.640,RB,7.6579,6.04,3,1.570524
audio17.TextGrid,22,20,to,92.640,92.740,TO,3.4632,7.43,2,-1.102900
audio17.TextGrid,22,21,the,92.740,92.820,DT,2.3958,7.73,2,-1.841967
audio17.TextGrid,22,22,last,92.820,93.180,JJ,6.0991,5.86,4,-0.185276
audio17.TextGrid,22,23,line,93.180,93.430,NN,7.5426,5.49,3,0.853280
audio17.TextGrid,22,24,now,93.430,93.760,RB,6.9854,6.18,2,1.051246
audio17.TextGrid,22,25,in,93.970,94.100,IN,3.6757,7.27,2,-1.065511
audio17.TextGrid,22,26,the,94.100,94.240,DT,1.7469,7.73,2,-2.490867
audio17.TextGrid,22,27,dark,94.240,94.580,NN,10.7252,5.04,4,3.543381
audio17.TextGrid,22,28,or,94.580,94.680,CC,5.5873,6.54,2,0.047146
audio17.TextGrid,22,29,not,94.680,94.890,RB,7.0393,6.69,3,1.663312
audio17.TextGrid,22,30,in,94.890,95.000,IN,4.1203,7.27,2,-0.620911
audio17.TextGrid,22,31,the,95.000,95.070,DT,1.8665,7.73,2,-2.371267
audio17.TextGrid,22,32,dark,95.070,95.420,NN,10.7293,5.04,4,3.547481
audio17.TextGrid,23,1,and,95.920,96.050,CC,3.7036,7.41,2,-0.884389
audio17.TextGrid,23,2,cut,96.050,96.290,VB,9.7508,5.24,3,2.787870
audio17.TextGrid,23,3,it,96.290,96.390,PRP,4.7951,6.95,2,-0.296333
audio17.TextGrid,23,4,away,96.390,96.770,RB,8.1868,5.62,3,1.639758
audio17.TextGrid,23,5,and,96.770,96.920,CC,3.8045,7.41,2,-0.783489
audio17.TextGrid,23,6,hook,96.920,97.120,VB,11.8691,4.37,3,3.954004
audio17.TextGrid,23,7,up,97.120,97.220,RP,6.7136,6.39,2,1.009279
audio17.TextGrid,23,8,the,97.220,97.310,DT,2.4037,7.73,2,-1.834067
audio17.TextGrid,23,9,two,97.310,97.470,CD,7.2568,6.1,2,1.235091
audio17.TextGrid,23,10,reserve,97.470,97.880,NN,9.5113,4.6,5,1.847926
audio17.TextGrid,23,11,coils,97.880,98.480,NNS,6.9403,3.36,4,-2.080184
audio17.TextGrid,24,1,so,100.120,100.390,RB,6.6130,6.52,2,1.050957
audio17.TextGrid,24,2,he,100.390,100.500,PRP,5.1150,6.69,2,-0.260988
audio17.TextGrid,24,3,did,100.500,100.700,VBD,6.0417,5.96,3,-0.133231
audio17.TextGrid,24,4,it,100.700,100.910,PRP,4.5293,6.95,2,-0.562133
audio17.TextGrid,25,1,it,101.510,101.670,PRP,3.8912,6.95,2,-1.200233
audio17.TextGrid,25,2,was,101.670,101.810,VBD,3.9158,6.82,3,-1.317910
audio17.TextGrid,25,3,difficult,101.810,102.340,JJ,9.5788,5.07,8,2.429814
audio17.TextGrid,25,4,in,102.340,102.430,IN,3.8479,7.27,2,-0.893311
audio17.TextGrid,25,5,the,102.430,102.540,DT,1.7033,7.73,2,-2.534467
audio17.TextGrid,25,6,dark,102.540,103.020,NN,10.7249,5.04,4,3.543081
audio17.TextGrid,25,7,and,103.020,103.140,CC,3.9237,7.41,2,-0.664289
audio17.TextGrid,25,8,once,103.140,103.470,RB,9.1693,5.53,4,2.523758
audio17.TextGrid,25,9,the,103.470,103.570,DT,3.4895,7.73,2,-0.748267
audio17.TextGrid,25,10,fish,103.570,103.850,NN,4.3379,4.9,3,-2.997141
audio17.TextGrid,25,11,made,103.850,104.040,VBD,7.6057,5.92,3,1.386991
audio17.TextGrid,25,12,a,104.040,104.090,DT,3.7203,7.36,1,-0.922411
audio17.TextGrid,25,13,surge,104.090,104.560,NN,8.6320,3.82,3,0.114960
audio17.TextGrid,25,14,that,104.560,104.730,WDT,4.1025,7.01,3,-0.923266
audio17.TextGrid,25,15,pulled,104.770,105.000,VBD,12.0500,4.67,4,4.463237
audio17.TextGrid,25,16,him,105.000,105.120,PRP,8.0610,6.11,2,2.050235
audio17.TextGrid,25,17,down,105.120,105.340,RP,6.6313,5.88,3,0.368813
audio17.TextGrid,25,18,on,105.340,105.460,IN,5.1445,6.91,2,0.009290
audio17.TextGrid,25,19,his,105.460,105.650,PRP$,5.3516,6.51,3,-0.221388
audio17.TextGrid,25,20,face,105.650,105.970,NN,8.0497,5.45,3,1.316603
audio17.TextGrid,25,21,and,105.970,106.170,CC,4.0575,7.41,3,-0.530489
audio17.TextGrid,25,22,made,106.170,106.360,VBD,7.4626,5.92,3,1.243891
audio17.TextGrid,25,23,a,106.360,106.400,DT,3.6323,7.36,1,-1.010411
audio17.TextGrid,25,24,cut,106.400,106.690,NN,8.9517,5.24,3,1.988770
audio17.TextGrid,25,25,below,106.710,107.010,IN,7.2647,5.05,4,0.093825
audio17.TextGrid,25,26,his,107.010,107.180,PRP$,5.3280,6.51,3,-0.244988
audio17.TextGrid,25,27,eye,107.180,107.470,NN,9.2583,5.02,1,2.054592
audio17.TextGrid,26,1,the,108.130,108.210,DT,1.8241,7.73,2,-2.413667
audio17.TextGrid,26,2,blood,108.210,108.490,NN,9.1367,5.1,4,2.020547
audio17.TextGrid,26,3,ran,108.490,108.680,VBD,8.2927,4.87,3,0.924826
audio17.TextGrid,26,4,down,108.680,108.930,RP,6.3441,5.88,3,0.081613
audio17.TextGrid,26,5,his,108.930,109.130,PRP$,6.1841,6.51,3,0.611112
audio17.TextGrid,26,6,cheek,109.130,109.400,NN,4.2567,3.96,3,-4.107118
audio17.TextGrid,26,7,a,109.400,109.450,DT,4.9267,7.36,1,0.283989
audio17.TextGrid,26,8,little,109.450,109.700,JJ,7.8056,5.75,5,1.400836
audio17.TextGrid,26,9,way,109.700,109.970,NN,6.8262,6.01,2,0.705991
audio17.TextGrid,27,1,but,110.850,111.000,CC,5.3198,6.63,3,-0.121855
audio17.TextGrid,27,2,it,111.000,111.100,PRP,4.1006,6.95,2,-0.990833
audio17.TextGrid,27,3,coagulated,111.100,111.840,VBD,3.3495,2.08,11,-7.071871
audio17.TextGrid,27,4,and,111.840,111.970,CC,3.9958,7.41,2,-0.592189
audio17.TextGrid,27,5,dried,111.970,112.350,VBD,3.3061,4.04,4,-4.970162
audio17.TextGrid,27,6,before,112.350,112.670,IN,7.1378,5.93,5,0.930035
audio17.TextGrid,27,7,it,112.670,112.800,PRP,4.0605,6.95,2,-1.030933
audio17.TextGrid,27,8,reached,112.800,113.090,VBD,8.4088,4.85,4,1.019037
audio17.TextGrid,27,9,his,113.090,113.240,PRP$,6.5119,6.51,3,0.938912
audio17.TextGrid,27,10,chin,113.240,113.650,NN,4.2237,4.0,3,-4.096340
audio17.TextGrid,28,1,and,114.290,114.370,CC,3.7036,7.41,2,-0.884389
audio17.TextGrid,28,2,he,114.370,114.440,PRP,4.7461,6.69,2,-0.629888
audio17.TextGrid,28,3,worked,114.440,114.690,VBD,7.8853,5.16,4,0.834814
audio17.TextGrid,28,4,his,114.690,114.830,PRP$,6.1855,6.51,3,0.612512
audio17.TextGrid,28,5,way,114.830,114.990,NN,6.9428,6.01,2,0.822591
audio17.TextGrid,28,6,back,114.990,115.250,RB,8.2284,6.04,3,2.141024
audio17.TextGrid,28,7,to,115.250,115.320,TO,3.6383,7.43,2,-0.927800
audio17.TextGrid,28,8,the,115.320,115.410,DT,2.4173,7.73,2,-1.820467
audio17.TextGrid,28,9,bow,115.410,115.770,NN,4.1363,4.3,2,-3.855407
audio17.TextGrid,28,10,and,115.770,115.900,CC,4.3295,7.41,3,-0.258489
audio17.TextGrid,28,11,rested,115.900,116.250,VBN,6.5203,3.59,6,-2.248462
audio17.TextGrid,28,12,against,116.250,116.550,IN,6.9081,5.68,6,0.426725
audio17.TextGrid,28,13,the,116.550,116.630,DT,1.6773,7.73,2,-2.560467
audio17.TextGrid,28,14,wood,116.630,117.030,NN,9.9463,4.78,3,2.479926
audio17.TextGrid,29,1,he,117.830,117.970,PRP,4.5353,6.69,2,-0.840688
audio17.TextGrid,29,2,adjusted,117.970,118.370,VBD,8.3713,4.11,7,0.171649
audio17.TextGrid,29,3,the,118.370,118.460,DT,3.0366,7.73,2,-1.201167
audio17.TextGrid,29,4,sack,118.460,118.930,NN,4.1512,3.91,3,-4.267340
audio17.TextGrid,29,5,and,118.930,119.070,CC,4.4544,7.41,3,-0.133589
audio17.TextGrid,29,6,carefully,119.070,119.550,RB,11.2717,4.46,7,3.455104
audio17.TextGrid,29,7,worked,119.550,119.820,VBD,8.8893,5.16,4,1.838814
audio17.TextGrid,29,8,the,119.820,119.930,DT,2.6785,7.73,2,-1.559267
audio17.TextGrid,29,9,line,119.930,120.290,NN,7.6750,5.49,3,0.985680
audio17.TextGrid,29,10,so,120.290,120.440,IN,6.6745,6.52,2,1.112457
audio17.TextGrid,29,11,that,120.440,120.590,IN,4.7060,7.01,3,-0.319766
audio17.TextGrid,29,12,it,120.590,120.740,PRP,4.3297,6.95,2,-0.761733
audio17.TextGrid,29,13,came,120.740,120.940,VBD,7.8761,5.5,3,1.197725
audio17.TextGrid,29,14,across,120.940,121.310,IN,8.2491,5.25,5,1.297114
audio17.TextGrid,29,15,a,121.310,121.350,DT,2.7326,7.36,1,-1.910111
audio17.TextGrid,29,16,new,121.350,121.610,JJ,5.0766,6.25,3,-0.780943
audio17.TextGrid,29,17,part,121.610,121.900,NN,6.7423,5.78,4,0.370369
audio17.TextGrid,29,18,of,121.900,122.000,IN,2.8170,7.4,2,-1.781933
audio17.TextGrid,29,19,his,122.000,122.140,PRP$,5.3094,6.51,3,-0.263588
audio17.TextGrid,29,20,shoulders,122.140,122.700,NNS,5.5671,4.18,6,-2.555940
audio17.TextGrid,30,1,and,123.410,123.730,CC,3.7036,7.41,3,-0.884389
audio17.TextGrid,30,2,holding,123.880,124.270,VBG,9.0985,4.89,6,1.752514
audio17.TextGrid,30,3,it,124.270,124.370,PRP,5.1330,6.95,2,0.041567
audio17.TextGrid,30,4,anchored,124.370,124.770,VBD,4.0853,3.46,5,-4.825739
audio17.TextGrid,30,5,with,124.770,124.910,IN,5.1790,6.85,3,-0.021877
audio17.TextGrid,30,6,his,124.910,125.040,PRP$,5.3560,6.51,3,-0.216988
audio17.TextGrid,30,7,shoulders,125.040,125.510,NNS,5.5674,4.18,6,-2.555640
audio17.TextGrid,31,1,he,125.920,126.010,PRP,4.5353,6.69,2,-0.840688
audio17.TextGrid,31,2,carefully,126.010,126.510,RB,11.7111,4.46,7,3.894504
audio17.TextGrid,31,3,felt,126.510,126.770,VBD,8.7811,5.13,4,1.697781
audio17.TextGrid,31,4,the,126.770,126.870,DT,2.6622,7.73,2,-1.575567
audio17.TextGrid,31,5,pull,126.870,127.210,NN,13.5760,4.82,3,6.153403
audio17.TextGrid,31,6,of,127.210,127.270,IN,3.4454,7.4,2,-1.153533
audio17.TextGrid,31,7,the,127.270,127.390,DT,1.7179,7.73,2,-2.519867
audio17.TextGrid,31,8,fish,127.390,127.860,NN,4.1395,4.9,3,-3.195541
audio17.TextGrid,31,9,and,128.020,128.100,CC,4.3514,7.41,2,-0.236589
audio17.TextGrid,31,10,then,128.100,128.360,RB,7.7559,6.07,3,1.701357
audio17.TextGrid,31,11,felt,128.360,128.620,VBD,9.3269,5.13,4,2.243581
audio17.TextGrid,31,12,with,128.620,128.730,IN,4.9465,6.85,3,-0.254377
audio17.TextGrid,31,13,his,128.730,128.890,PRP$,5.3294,6.51,3,-0.243588
audio17.TextGrid,31,14,hand,128.890,129.280,NN,8.2774,5.41,4,1.500525
audio17.TextGrid,31,15,the,129.280,129.380,DT,3.8915,7.73,2,-0.346267
audio17.TextGrid,31,16,progress,129.380,129.950,NN,8.4530,4.78,7,0.986626
audio17.TextGrid,31,17,of,129.950,130.020,IN,3.0201,7.4,2,-1.578833
audio17.TextGrid,31,18,the,130.020,130.130,DT,1.7030,7.73,2,-2.534767
audio17.TextGrid,31,19,skiff,130.130,130.470,NN,4.1363,2.63,4,-5.683127
audio17.TextGrid,31,20,through,130.560,130.730,IN,7.0591,5.87,3,0.785669
audio17.TextGrid,31,21,the,130.730,130.820,DT,1.7015,7.73,2,-2.536267
audio17.TextGrid,31,22,water,130.820,131.270,NN,8.3722,5.52,4,1.715714
audio17.TextGrid,32,1,i,133.530,133.630,JJ,5.5144,7.09,1,0.576189
audio17.TextGrid,32,2,wonder,133.630,133.870,VBP,12.3205,4.93,5,5.018292
audio17.TextGrid,32,3,what,133.870,134.020,WP,7.3206,6.38,3,1.605335
audio17.TextGrid,32,4,he,134.020,134.110,PRP,6.1606,6.69,2,0.784612
audio17.TextGrid,32,5,made,134.110,134.290,VBD,5.8965,5.92,3,-0.322209
audio17.TextGrid,32,6,that,134.290,134.490,IN,3.9462,7.01,3,-1.079566
audio17.TextGrid,32,7,lurch,134.490,134.800,NN,5.6215,2.79,3,-4.022816
audio17.TextGrid,32,8,for,134.800,135.130,IN,4.1973,7.01,3,-0.828466
audio17.TextGrid,32,9,he,135.360,135.470,PRP,4.4427,6.69,2,-0.933288
audio17.TextGrid,32,10,thought,135.470,135.850,VBD,8.4971,5.59,3,1.917225
audio17.TextGrid,33,1,the,136.620,136.690,DT,1.8241,7.73,2,-2.413667
audio17.TextGrid,33,2,wire,136.690,137.040,NN,4.1358,4.43,3,-3.713629
audio17.TextGrid,33,3,must,137.040,137.280,MD,7.1700,5.68,4,0.688625
audio17.TextGrid,33,4,have,137.280,137.370,VB,3.8739,6.71,3,-1.480199
audio17.TextGrid,33,5,slipped,137.370,137.820,VBN,9.4929,3.99,5,1.161916
audio17.TextGrid,33,6,on,137.820,137.940,IN,4.9428,6.91,2,-0.192410
audio17.TextGrid,33,7,the,137.940,138.000,DT,1.7716,7.73,2,-2.466167
audio17.TextGrid,33,8,great,138.000,138.300,JJ,7.7275,5.88,4,1.465013
audio17.TextGrid,33,9,hill,138.300,138.450,NN,9.4481,4.82,3,2.025503
audio17.TextGrid,33,10,of,138.450,138.560,IN,3.0473,7.4,2,-1.551633
audio17.TextGrid,33,11,his,138.560,138.730,PRP$,5.3065,6.51,3,-0.266488
audio17.TextGrid,33,12,back,138.730,139.220,NN,9.0292,6.04,3,2.941824
audio17.TextGrid,33,13,certainly,139.570,140.020,RB,9.4702,5.0,7,2.244603
audio17.TextGrid,33,14,his,140.020,140.150,PRP$,6.9999,6.51,3,1.426912
audio17.TextGrid,33,15,back,140.150,140.410,NN,9.0296,6.04,3,2.942224
audio17.TextGrid,33,16,cannot,140.410,140.770,NN,5.0192,5.11,5,-2.086008
audio17.TextGrid,33,17,feel,140.770,141.040,NN,9.1573,5.67,3,2.664980
audio17.TextGrid,33,18,as,141.040,141.120,RB,5.0430,6.77,2,-0.245432
audio17.TextGrid,33,19,badly,141.120,141.540,RB,10.2759,4.44,5,2.437415
audio17.TextGrid,33,20,as,141.540,141.640,IN,4.9481,6.77,2,-0.340332
audio17.TextGrid,33,21,mine,141.640,141.950,NN,10.8802,5.04,3,3.698381
audio17.TextGrid,33,22,does,141.950,142.300,VBZ,8.5697,5.74,3,2.153991
audio17.TextGrid,33,23,but,142.870,143.010,CC,5.7038,6.63,3,0.262145
audio17.TextGrid,33,24,he,143.010,143.090,PRP,6.0927,6.69,2,0.716712
audio17.TextGrid,33,25,cannot,143.090,143.430,VBZ,4.0496,5.11,5,-3.055608
audio17.TextGrid,33,26,pull,143.430,143.720,VB,10.1368,4.82,3,2.714203
audio17.TextGrid,33,27,this,143.720,143.920,DT,5.5113,6.82,3,0.277590
audio17.TextGrid,33,28,skiff,143.920,144.150,NN,4.1381,2.63,4,-5.681327
audio17.TextGrid,33,29,forever,144.170,144.660,NN,5.3456,4.74,5,-2.164552
audio17.TextGrid,34,1,no,145.110,145.230,DT,5.7679,6.35,2,0.019801
audio17.TextGrid,34,2,matter,145.230,145.520,NN,7.7245,5.38,4,0.914792
audio17.TextGrid,34,3,how,145.520,145.700,WRB,8.2914,6.24,2,2.422913
audio17.TextGrid,34,4,great,145.700,145.970,JJ,7.9356,5.88,4,1.673113
audio17.TextGrid,34,5,he,145.970,146.120,PRP,6.4037,6.69,2,1.027712
audio17.TextGrid,34,6,is,146.120,146.440,VBZ,3.4306,7.07,2,-1.529500
audio17.TextGrid,34,7,now,147.140,147.440,RB,6.3225,6.18,2,0.388346
audio17.TextGrid,34,8,everything,147.440,147.840,NN,12.2157,5.54,7,5.581102
audio17.TextGrid,34,9,is,147.840,147.950,VBZ,4.7243,7.07,2,-0.235800
audio17.TextGrid,34,10,cleared,147.950,148.310,VBN,10.7780,4.2,5,2.676849
audio17.TextGrid,34,11,away,148.310,148.580,RP,7.3455,5.62,3,0.798458
audio17.TextGrid,34,12,that,148.580,148.770,IN,4.2625,7.01,3,-0.763266
audio17.TextGrid,34,13,might,148.770,149.010,MD,8.0087,5.66,3,1.505436
audio17.TextGrid,34,14,make,149.010,149.250,VB,5.3029,6.08,3,-0.740698
audio17.TextGrid,34,15,trouble,149.250,149.570,NN,10.9031,4.79,6,3.447670
audio17.TextGrid,35,1,and,149.980,150.080,CC,3.7036,7.41,2,-0.884389
audio17.TextGrid,35,2,i,150.080,150.170,NNS,5.7252,7.09,1,0.786989
audio17.TextGrid,35,3,have,150.170,150.300,VBP,4.0453,6.71,3,-1.308799
audio17.TextGrid,35,4,a,150.300,150.350,DT,3.4661,7.36,1,-1.176611
audio17.TextGrid,35,5,big,150.350,150.600,JJ,6.5862,5.67,3,0.093880
audio17.TextGrid,35,6,reserve,150.600,150.910,NN,8.7280,4.6,5,1.064626
audio17.TextGrid,35,7,of,150.910,151.080,IN,3.3769,7.4,2,-1.222033
audio17.TextGrid,35,8,line,151.080,151.520,NN,9.3041,5.49,3,2.614780
audio17.TextGrid,35,9,all,151.910,152.150,PDT,7.7935,6.52,2,2.231457
audio17.TextGrid,35,10,that,152.150,152.280,IN,5.9385,7.01,3,0.912734
audio17.TextGrid,35,11,a,152.280,152.330,DT,2.8685,7.36,1,-1.774211
audio17.TextGrid,35,12,man,152.330,152.580,NN,7.6804,5.82,3,1.352247
audio17.TextGrid,35,13,can,152.580,152.760,MD,7.0798,6.46,3,1.452090
audio17.TextGrid,35,14,ask,152.760,153.240,VB,8.2295,5.34,3,1.376014
audio17.TextGrid,36,1,fish,154.750,155.220,NN,5.9246,4.9,3,-1.410441
audio17.TextGrid,36,2,he,155.530,155.630,PRP,7.2668,6.69,2,1.890812
audio17.TextGrid,36,3,said,155.630,155.890,VBD,3.5781,6.01,3,-2.542109
audio17.TextGrid,36,4,softly,155.890,156.500,RB,4.6324,3.77,6,-3.939362
audio17.TextGrid,37,1,aloud,156.600,157.070,NN,5.9246,3.51,4,-2.931717
audio17.TextGrid,37,2,i,157.780,157.860,NN,8.2233,7.09,1,3.285089
audio17.TextGrid,37,3,ll,157.860,157.940,VBP,4.1972,4.66,1,-3.400507
audio17.TextGrid,37,4,stay,157.940,158.270,NN,9.0499,5.33,3,2.185469
audio17.TextGrid,37,5,with,158.270,158.540,IN,5.1894,6.85,3,-0.011477
audio17.TextGrid,37,6,you,158.540,158.720,PRP,5.6293,6.98,2,0.570701
audio17.TextGrid,37,7,until,158.720,159.090,IN,6.9062,5.61,5,0.348213
audio17.TextGrid,37,8,i,159.090,159.230,JJ,5.4167,7.09,1,0.478489
audio17.TextGrid,37,9,am,159.230,159.350,VBP,10.6672,5.78,3,4.295269
audio17.TextGrid,37,10,dead,159.350,159.900,JJ,10.7334,5.19,3,3.715747
audio17.TextGrid,38,1,he,162.500,162.600,PRP,4.5353,6.69,2,-0.840688
audio17.TextGrid,38,2,ll,162.600,162.710,VBZ,3.3590,4.66,2,-4.238707
audio17.TextGrid,38,3,stay,162.710,162.970,NN,9.2457,5.33,3,2.381269
audio17.TextGrid,38,4,with,162.970,163.200,IN,5.1986,6.85,3,-0.002277
audio17.TextGrid,38,5,me,163.200,163.450,PRP,7.9754,6.48,2,2.369579
audio17.TextGrid,38,6,too,163.450,163.770,RB,8.0347,5.95,2,1.848824
audio17.TextGrid,38,7,i,163.770,163.930,VBP,7.4912,7.09,1,2.552989
audio17.TextGrid,38,8,suppose,163.930,164.560,VBP,4.9678,4.56,5,-2.739352
audio17.TextGrid,38,9,the,164.790,164.890,DT,2.7431,7.73,2,-1.494667
audio17.TextGrid,38,10,old,164.890,165.120,JJ,7.3336,5.75,3,0.928836
audio17.TextGrid,38,11,man,165.120,165.370,NN,7.6945,5.82,3,1.366347
audio17.TextGrid,38,12,thought,165.370,165.750,VBD,9.2823,5.59,3,2.702425
audio17.TextGrid,39,1,and,166.680,166.760,CC,3.7036,7.41,2,-0.884389
audio17.TextGrid,39,2,he,166.760,166.880,PRP,4.7461,6.69,2,-0.629888
audio17.TextGrid,39,3,waited,166.880,167.230,VBD,9.7870,4.26,5,1.751515
audio17.TextGrid,39,4,for,167.230,167.390,IN,4.4564,7.01,3,-0.569366
audio17.TextGrid,39,5,it,167.390,167.490,PRP,3.8490,6.95,2,-1.242433
audio17.TextGrid,39,6,to,167.490,167.560,TO,2.9886,7.43,2,-1.577500
audio17.TextGrid,39,7,be,167.560,167.720,VB,4.2674,6.79,2,-0.999144
audio17.TextGrid,39,8,light,167.720,168.150,JJ,8.7965,5.33,3,1.932069
audio17.TextGrid,40,1,it,169.570,169.690,PRP,3.8912,6.95,2,-1.200233
audio17.TextGrid,40,2,was,169.690,169.870,VBD,3.9158,6.82,3,-1.317910
audio17.TextGrid,40,3,cold,169.870,170.270,VBN,11.2433,5.02,4,4.039592
audio17.TextGrid,40,4,now,170.270,170.560,RB,7.6934,6.18,2,1.759246
audio17.TextGrid,40,5,in,170.560,170.620,IN,3.5859,7.27,2,-1.155311
audio17.TextGrid,40,6,the,170.620,170.690,DT,1.7306,7.73,2,-2.507167
audio17.TextGrid,40,7,time,170.690,171.030,NN,6.0545,6.29,3,0.240735
audio17.TextGrid,40,8,before,171.030,171.370,IN,7.0626,5.93,5,0.854835
audio17.TextGrid,40,9,daylight,171.370,171.980,NN,5.8406,3.84,5,-2.654551
audio17.TextGrid,40,10,and,172.220,172.340,CC,4.3144,7.41,2,-0.273589
audio17.TextGrid,40,11,he,172.340,172.420,PRP,5.0657,6.69,2,-0.310288
audio17.TextGrid,40,12,pushed,172.420,172.740,VBD,9.7113,4.43,4,1.861871
audio17.TextGrid,40,13,against,172.740,173.040,IN,6.9296,5.68,6,0.448225
audio17.TextGrid,40,14,the,173.040,173.120,DT,1.6877,7.73,2,-2.550067
audio17.TextGrid,40,15,wood,173.120,173.400,NN,9.9463,4.78,3,2.479926
audio17.TextGrid,40,16,to,173.400,173.460,TO,4.6715,7.43,2,0.105400
audio17.TextGrid,40,17,be,173.460,173.600,VB,4.5843,6.79,2,-0.682244
audio17.TextGrid,40,18,warm,173.600,174.120,JJ,5.6974,4.71,4,-1.845585
audio17.TextGrid,41,1,i,174.910,175.020,NN,5.5144,7.09,1,0.576189
audio17.TextGrid,41,2,can,175.020,175.200,MD,5.3141,6.46,3,-0.313610
audio17.TextGrid,41,3,do,175.200,175.400,VB,5.1565,6.35,2,-0.591599
audio17.TextGrid,41,4,it,175.400,175.500,PRP,4.6433,6.95,2,-0.448133
audio17.TextGrid,41,5,as,175.500,175.610,RB,4.7681,6.77,2,-0.520332
audio17.TextGrid,41,6,long,175.610,175.830,RB,8.0353,5.81,3,1.696202
audio17.TextGrid,41,7,as,175.830,175.960,IN,5.8625,6.77,2,0.574068
audio17.TextGrid,41,8,he,175.960,176.080,PRP,4.6761,6.69,2,-0.699888
audio17.TextGrid,41,9,can,176.080,176.530,MD,6.8576,6.46,3,1.229890
audio17.TextGrid,41,10,he,176.680,176.820,PRP,7.0266,6.69,2,1.650612
audio17.TextGrid,41,11,thought,176.820,177.240,VB,9.8097,5.59,3,3.229825
audio17.TextGrid,42,1,and,177.980,178.100,CC,3.7036,7.41,2,-0.884389
audio17.TextGrid,42,2,in,178.100,178.180,IN,4.4761,7.27,2,-0.265111
audio17.TextGrid,42,3,the,178.180,178.260,DT,1.8219,7.73,2,-2.415867
audio17.TextGrid,42,4,first,178.260,178.640,JJ,6.1820,6.11,4,0.171235
audio17.TextGrid,42,5,light,178.640,178.830,VBD,8.0392,5.33,3,1.174769
audio17.TextGrid,42,6,the,178.830,178.970,DT,3.5442,7.73,2,-0.693567
audio17.TextGrid,42,7,line,178.970,179.230,NN,7.6796,5.49,3,0.990280
audio17.TextGrid,42,8,extended,179.230,179.710,VBN,9.0983,4.64,9,1.478704
audio17.TextGrid,42,9,out,179.710,179.970,IN,5.7458,6.38,2,0.030535
audio17.TextGrid,42,10,and,179.970,180.080,CC,4.3373,7.41,2,-0.250689
audio17.TextGrid,42,11,down,180.080,180.410,RB,7.0283,5.88,3,0.765813
audio17.TextGrid,42,12,into,180.410,180.560,IN,6.4078,6.11,4,0.397035
audio17.TextGrid,42,13,the,180.560,180.630,DT,1.7177,7.73,2,-2.520067
audio17.TextGrid,42,14,water,180.630,181.070,NN,8.3743,5.52,4,1.717814
audio17.TextGrid,43,1,the,181.830,181.910,DT,1.8241,7.73,2,-2.413667
audio17.TextGrid,43,2,boat,181.910,182.230,NN,4.1358,4.71,3,-3.407185
audio17.TextGrid,43,3,moved,182.230,182.530,VBD,8.5353,5.01,4,1.320648
audio17.TextGrid,43,4,steadily,182.530,183.100,RB,10.4544,3.84,7,1.959249
audio17.TextGrid,43,5,and,183.290,183.420,CC,3.9317,7.41,2,-0.656289
audio17.TextGrid,43,6,when,183.420,183.590,WRB,5.4403,6.37,3,-0.285910
audio17.TextGrid,43,7,the,183.590,183.660,DT,1.9462,7.73,2,-2.291567
audio17.TextGrid,43,8,first,183.660,184.010,JJ,6.1621,6.11,4,0.151335
audio17.TextGrid,43,9,edge,184.010,184.230,NN,11.0946,4.74,2,3.584448
audio17.TextGrid,43,10,of,184.230,184.300,IN,4.0497,7.4,2,-0.549233
audio17.TextGrid,43,11,the,184.300,184.390,DT,1.6913,7.73,2,-2.546467
audio17.TextGrid,43,12,sun,184.390,184.690,NN,10.3507,4.97,3,3.092270
audio17.TextGrid,43,13,rose,184.690,185.080,VBD,7.7289,4.82,3,0.306303
audio17.TextGrid,43,14,it,185.080,185.210,PRP,4.5340,6.95,2,-0.557433
audio17.TextGrid,43,15,was,185.210,185.340,VBD,4.7272,6.82,3,-0.506510
audio17.TextGrid,43,16,on,185.340,185.480,IN,4.8968,6.91,2,-0.238410
audio17.TextGrid,43,17,the,185.480,185.590,DT,1.7716,7.73,2,-2.466167
audio17.TextGrid,43,18,old,185.590,185.780,JJ,7.3318,5.75,3,0.927036
audio17.TextGrid,43,19,man,185.780,185.970,NN,7.6951,5.82,3,1.366947
audio17.TextGrid,43,20,s,185.970,186.030,NN,5.7759,5.86,1,-0.508476
audio17.TextGrid,43,21,right,186.030,186.310,JJ,7.9088,5.96,3,1.733869
audio17.TextGrid,43,22,shoulder,186.310,186.820,NN,10.5625,4.5,5,2.789682
audio18.TextGrid,1,1,he,0.710,0.820,PRP,4.5353,6.69,2,-0.840688
audio18.TextGrid,1,2,s,0.820,0.890,VBZ,3.3590,5.86,1,-2.925376
audio18.TextGrid,1,3,headed,0.890,1.160,VBD,10.9354,4.55,5,3.217304
audio18.TextGrid,1,4,north,1.160,1.590,RB,11.0759,5.34,4,4.222414
audio18.TextGrid,1,5,the,1.880,2.000,DT,4.4230,7.73,2,0.185233
audio18.TextGrid,1,6,old,2.000,2.190,JJ,7.3484,5.75,3,0.943636
audio18.TextGrid,1,7,man,2.190,2.430,NN,7.7067,5.82,3,1.378547
audio18.TextGrid,1,8,said,2.430,2.780,VBD,4.9974,6.01,3,-1.122809
audio18.TextGrid,2,1,the,3.770,3.870,DT,1.8241,7.73,2,-2.413667
audio18.TextGrid,2,2,current,3.870,4.340,JJ,7.1599,5.27,6,0.229803
audio18.TextGrid,2,3,will,4.340,4.450,MD,6.4996,6.45,3,0.860946
audio18.TextGrid,2,4,have,4.450,4.570,VB,3.8803,6.71,3,-1.473799
audio18.TextGrid,2,5,set,4.570,4.780,VBN,7.6352,5.59,3,1.055325
audio18.TextGrid,2,6,us,4.780,4.940,PRP,7.8321,6.04,2,1.744724
audio18.TextGrid,2,7,far,4.940,5.120,RB,7.6943,5.5,3,1.015925
audio18.TextGrid,2,8,to,5.120,5.230,TO,3.7789,7.43,2,-0.787200
audio18.TextGrid,2,9,the,5.230,5.380,DT,2.4498,7.73,2,-1.787967
audio18.TextGrid,2,10,eastward,5.380,5.890,NN,4.1360,3.24,6,-5.015817
audio18.TextGrid,2,11,he,5.890,6.010,PRP,6.6965,6.69,2,1.320512
audio18.TextGrid,2,12,thought,6.010,6.390,VBD,8.8200,5.59,3,2.240125
audio18.TextGrid,3,1,i,7.230,7.300,JJ,5.5144,7.09,1,0.576189
audio18.TextGrid,3,2,wish,7.300,7.550,NN,9.0633,5.18,3,2.034703
audio18.TextGrid,3,3,he,7.550,7.610,PRP,5.0723,6.69,2,-0.303688
audio18.TextGrid,3,4,would,7.610,7.800,MD,6.5510,6.27,3,0.715346
audio18.TextGrid,3,5,turn,7.800,8.080,VB,7.8045,5.32,3,0.929125
audio18.TextGrid,3,6,with,8.080,8.270,IN,5.1586,6.85,3,-0.042277
audio18.TextGrid,3,7,the,8.270,8.340,DT,1.7119,7.73,2,-2.525867
audio18.TextGrid,3,8,current,8.340,8.890,JJ,7.1637,5.27,5,0.233603
audio18.TextGrid,3,9,that,9.140,9.330,WDT,5.6707,7.01,3,0.644934
audio18.TextGrid,3,10,would,9.330,9.510,MD,6.4315,6.27,3,0.595846
audio18.TextGrid,3,11,show,9.510,9.810,VB,7.8220,5.68,2,1.340625
audio18.TextGrid,3,12,that,9.810,9.960,IN,4.3680,7.01,3,-0.657766
audio18.TextGrid,3,13,he,9.960,10.040,PRP,4.9357,6.69,2,-0.440288
audio18.TextGrid,3,14,was,10.040,10.230,VBD,5.2738,6.82,3,0.040090
audio18.TextGrid,3,15,tiring,10.230,10.810,VBG,7.4494,3.37,5,-1.560139
audio18.TextGrid,4,1,when,12.780,12.910,WRB,6.5749,6.37,3,0.848690
audio18.TextGrid,4,2,the,12.910,12.980,DT,1.9802,7.73,2,-2.257567
audio18.TextGrid,4,3,sun,12.980,13.270,NN,10.3571,4.97,3,3.098670
audio18.TextGrid,4,4,had,13.270,13.440,VBD,6.3072,6.33,3,0.537213
audio18.TextGrid,4,5,risen,13.440,13.720,VBN,10.6669,3.86,5,2.193638
audio18.TextGrid,4,6,further,13.720,14.280,RB,8.1802,5.31,4,1.293881
audio18.TextGrid,4,7,the,14.500,14.610,DT,3.4907,7.73,2,-0.747067
audio18.TextGrid,4,8,old,14.610,14.840,JJ,7.3083,5.75,3,0.903536
audio18.TextGrid,4,9,man,14.840,15.080,NN,7.7527,5.82,3,1.424547
audio18.TextGrid,4,10,realized,15.080,15.590,VBD,9.1854,4.59,7,1.511082
audio18.TextGrid,4,11,that,15.590,15.700,IN,4.2142,7.01,3,-0.811566
audio18.TextGrid,4,12,the,15.700,15.800,DT,2.3394,7.73,2,-1.898367
audio18.TextGrid,4,13,fish,15.800,16.080,NN,4.1398,4.9,3,-3.195241
audio18.TextGrid,4,14,was,16.080,16.240,VBD,5.2310,6.82,3,-0.002710
audio18.TextGrid,4,15,not,16.240,16.430,RB,5.4403,6.69,3,0.064312
audio18.TextGrid,4,16,tiring,16.460,17.000,VBG,7.2226,3.37,5,-1.786939
audio18.TextGrid,5,1,there,17.640,17.760,EX,5.7321,6.31,3,-0.059776
audio18.TextGrid,5,2,was,17.760,17.880,VBD,3.9647,6.82,3,-1.269010
audio18.TextGrid,5,3,only,17.880,18.110,RB,6.0839,6.12,4,0.084079
audio18.TextGrid,5,4,one,18.110,18.400,CD,6.9575,6.47,3,1.340735
audio18.TextGrid,5,5,favorable,18.400,18.990,JJ,10.9149,3.85,8,2.430694
audio18.TextGrid,5,6,sign,18.990,19.490,NN,8.2189,5.08,3,1.080859
audio18.TextGrid,6,1,the,19.960,20.050,DT,1.8241,7.73,2,-2.413667
audio18.TextGrid,6,2,slant,20.050,20.430,NN,4.1358,3.18,5,-5.081683
audio18.TextGrid,6,3,of,20.430,20.500,IN,3.7809,7.4,2,-0.818033
audio18.TextGrid,6,4,the,20.500,20.600,DT,1.6983,7.73,2,-2.539467
audio18.TextGrid,6,5,line,20.600,20.990,NN,7.6694,5.49,3,0.980080
audio18.TextGrid,6,6,showed,20.990,21.280,VBD,7.8268,4.86,3,0.447981
audio18.TextGrid,6,7,he,21.280,21.360,PRP,5.1878,6.69,2,-0.188188
audio18.TextGrid,6,8,was,21.360,21.510,VBD,4.7518,6.82,3,-0.481910
audio18.TextGrid,6,9,swimming,21.510,21.900,VBG,7.5021,4.43,6,-0.347329
audio18.TextGrid,6,10,at,21.900,22.000,IN,4.9054,6.7,2,-0.459644
audio18.TextGrid,6,11,a,22.000,22.060,DT,2.5828,7.36,1,-2.059911
audio18.TextGrid,6,12,lesser,22.060,22.350,JJR,11.7237,4.13,4,3.545938
audio18.TextGrid,6,13,depth,22.350,22.730,NN,4.1142,4.55,4,-3.603896
audio18.TextGrid,7,1,that,23.730,23.850,DT,4.4338,7.01,3,-0.591966
audio18.TextGrid,7,2,did,23.850,24.040,VBD,7.8878,5.96,3,1.712869
audio18.TextGrid,7,3,not,24.040,24.260,RB,5.5110,6.69,3,0.135012
audio18.TextGrid,7,4,necessarily,24.260,24.850,RB,9.6922,4.48,10,1.897493
audio18.TextGrid,7,5,mean,24.850,25.070,VB,8.9416,5.53,3,2.296058
audio18.TextGrid,7,6,that,25.070,25.190,IN,4.3765,7.01,3,-0.649266
audio18.TextGrid,7,7,he,25.190,25.250,PRP,4.9319,6.69,2,-0.444088
audio18.TextGrid,7,8,would,25.250,25.440,MD,5.9133,6.27,3,0.077646
audio18.TextGrid,7,9,jump,25.440,25.780,VB,8.4942,4.69,4,0.929326
audio18.TextGrid,8,1,but,26.360,26.490,CC,5.3198,6.63,3,-0.121855
audio18.TextGrid,8,2,he,26.490,26.590,PRP,4.7447,6.69,2,-0.631288
audio18.TextGrid,8,3,might,26.590,26.970,MD,6.0583,5.66,3,-0.444964
audio18.TextGrid,8,4,god,28.600,28.910,VB,13.6456,5.57,3,7.043836
audio18.TextGrid,8,5,let,28.910,29.070,VB,11.3922,5.6,3,4.823269
audio18.TextGrid,8,6,him,29.070,29.180,PRP,7.9850,6.11,2,1.974235
audio18.TextGrid,8,7,jump,29.180,29.630,VB,10.5193,4.69,4,2.954426
audio18.TextGrid,8,8,the,29.930,30.040,DT,2.2640,7.73,2,-1.973767
audio18.TextGrid,8,9,old,30.040,30.250,JJ,7.3309,5.75,3,0.926136
audio18.TextGrid,8,10,man,30.250,30.470,NN,7.6934,5.82,3,1.365247
audio18.TextGrid,8,11,said,30.470,30.860,VBD,5.4017,6.01,3,-0.718509
audio18.TextGrid,9,1,i,31.470,31.610,NNS,5.5144,7.09,1,0.576189
audio18.TextGrid,9,2,have,31.610,31.770,VBP,4.0795,6.71,3,-1.274599
audio18.TextGrid,9,3,enough,31.770,32.000,JJ,7.7979,5.54,4,1.163302
audio18.TextGrid,9,4,line,32.000,32.300,NN,9.6284,5.49,3,2.939080
audio18.TextGrid,9,5,to,32.300,32.440,TO,3.3782,7.43,2,-1.187900
audio18.TextGrid,9,6,handle,32.440,32.780,VB,9.2539,4.79,6,1.798470
audio18.TextGrid,9,7,him,32.780,33.010,PRP,7.9757,6.11,2,1.964935
audio18.TextGrid,10,1,maybe,35.210,35.510,RB,9.9133,5.45,4,3.180203
audio18.TextGrid,10,2,if,35.510,35.630,IN,6.8373,6.47,2,1.220535
audio18.TextGrid,10,3,i,35.630,35.740,NNS,5.5936,7.09,1,0.655389
audio18.TextGrid,10,4,can,35.740,35.910,MD,6.1978,6.46,3,0.570090
audio18.TextGrid,10,5,increase,35.910,36.390,VB,7.1821,5.08,6,0.044059
audio18.TextGrid,10,6,the,36.390,36.510,DT,2.2875,7.73,2,-1.950267
audio18.TextGrid,10,7,tension,36.510,37.040,NN,10.2380,4.22,6,2.158738
audio18.TextGrid,10,8,just,37.040,37.340,RB,7.3296,6.43,4,1.669057
audio18.TextGrid,10,9,a,37.340,37.410,DT,4.4840,7.36,1,-0.158711
audio18.TextGrid,10,10,little,37.410,37.800,JJ,7.7390,5.75,5,1.334236
audio18.TextGrid,10,11,it,37.800,37.940,PRP,7.0105,6.95,2,1.919067
audio18.TextGrid,10,12,will,37.940,38.110,MD,5.0024,6.45,3,-0.636254
audio18.TextGrid,10,13,hurt,38.110,38.350,VB,7.4148,4.94,3,0.123537
audio18.TextGrid,10,14,him,38.350,38.480,PRP,8.3575,6.11,2,2.346735
audio18.TextGrid,10,15,and,38.480,38.620,CC,4.0600,7.41,3,-0.527989
audio18.TextGrid,10,16,he,38.620,38.690,PRP,5.0491,6.69,2,-0.326888
audio18.TextGrid,10,17,will,38.690,38.880,MD,4.6672,6.45,3,-0.971454
audio18.TextGrid,10,18,jump,38.880,39.270,VB,8.4939,4.69,4,0.929026
audio18.TextGrid,10,19,he,39.490,39.620,PRP,5.0230,6.69,2,-0.352988
audio18.TextGrid,10,20,thought,39.620,40.030,VBD,9.7299,5.59,3,3.150025
audio18.TextGrid,11,1,now,40.910,41.120,RB,6.7634,6.18,2,0.829246
audio18.TextGrid,11,2,that,41.120,41.280,IN,4.8823,7.01,3,-0.143466
audio18.TextGrid,11,3,it,41.280,41.380,PRP,4.4051,6.95,2,-0.686333
audio18.TextGrid,11,4,is,41.380,41.510,VBZ,4.1800,7.07,2,-0.780100
audio18.TextGrid,11,5,daylight,41.510,42.080,JJ,5.8506,3.84,5,-2.644551
audio18.TextGrid,11,6,let,42.080,42.230,NN,10.4883,5.6,3,3.919369
audio18.TextGrid,11,7,him,42.230,42.380,PRP,8.0028,6.11,3,1.992035
audio18.TextGrid,11,8,jump,42.380,42.740,VB,10.3455,4.69,4,2.780626
audio18.TextGrid,11,9,so,42.740,42.870,RB,6.0455,6.52,2,0.483457
audio18.TextGrid,11,10,that,42.870,43.010,IN,4.6291,7.01,3,-0.396666
audio18.TextGrid,11,11,he,43.010,43.070,PRP,4.8786,6.69,2,-0.497388
audio18.TextGrid,11,12,ll,43.070,43.160,VBZ,4.6007,4.66,2,-2.997007
audio18.TextGrid,11,13,fill,43.160,43.460,VB,10.1394,4.64,3,2.519804
audio18.TextGrid,11,14,the,43.460,43.550,DT,2.2654,7.73,2,-1.972367
audio18.TextGrid,11,15,sacks,43.550,43.920,NNS,11.1941,3.59,4,2.425338
audio18.TextGrid,11,16,along,43.920,44.210,IN,8.6507,5.38,4,1.840992
audio18.TextGrid,11,17,his,44.210,44.370,PRP$,5.3153,6.51,3,-0.257688
audio18.TextGrid,11,18,backbone,44.370,44.860,NN,4.2574,3.53,6,-4.577028
audio18.TextGrid,11,19,with,44.860,45.030,IN,4.8460,6.85,3,-0.354877
audio18.TextGrid,11,20,air,45.030,45.330,NN,9.0706,5.37,2,2.249947
audio18.TextGrid,12,1,and,45.870,45.960,CC,3.7036,7.41,2,-0.884389
audio18.TextGrid,12,2,then,45.960,46.150,RB,6.4220,6.07,3,0.367457
audio18.TextGrid,12,3,he,46.150,46.290,PRP,6.8785,6.69,2,1.502512
audio18.TextGrid,12,4,cannot,46.290,46.670,VBZ,3.4740,5.11,5,-3.631208
audio18.TextGrid,12,5,go,46.670,46.870,VB,7.7567,6.03,2,1.658380
audio18.TextGrid,12,6,deep,46.870,47.180,JJ,5.7294,5.05,3,-1.441475
audio18.TextGrid,12,7,to,47.230,47.330,TO,3.8464,7.43,2,-0.719700
audio18.TextGrid,12,8,die,47.330,47.640,VB,8.5848,5.07,2,1.435814
audio18.TextGrid,13,1,he,47.640,47.830,PRP,4.5353,6.69,2,-0.840688
audio18.TextGrid,13,2,tried,49.510,50.000,VBD,8.2725,5.16,4,1.222014
audio18.TextGrid,13,3,to,50.000,50.070,TO,3.0222,7.43,2,-1.543900
audio18.TextGrid,13,4,increase,50.070,50.560,VB,7.4060,5.08,6,0.267959
audio18.TextGrid,13,5,the,50.560,50.630,DT,2.3737,7.73,2,-1.864067
audio18.TextGrid,13,6,tension,50.630,51.210,NN,10.2384,4.22,6,2.159138
audio18.TextGrid,13,7,but,51.210,51.420,CC,6.0860,6.63,3,0.644345
audio18.TextGrid,13,8,the,51.420,51.520,DT,2.3514,7.73,2,-1.886367
audio18.TextGrid,13,9,line,51.520,51.840,NN,7.6706,5.49,3,0.981280
audio18.TextGrid,13,10,had,51.840,51.980,VBD,5.7925,6.33,3,0.022513
audio18.TextGrid,13,11,been,51.980,52.170,VBN,6.3762,6.27,3,0.540546
audio18.TextGrid,13,12,taut,52.170,52.570,VBN,6.9865,2.91,3,-2.526483
audio18.TextGrid,13,13,up,52.570,52.670,RP,5.2359,6.39,2,-0.468421
audio18.TextGrid,13,14,to,52.670,52.750,TO,3.3728,7.43,2,-1.193300
audio18.TextGrid,13,15,the,52.750,52.860,DT,2.4214,7.73,2,-1.816367
audio18.TextGrid,13,16,very,52.860,53.220,RB,8.8274,6.0,4,2.696246
audio18.TextGrid,13,17,edge,53.220,53.370,NN,11.9979,4.74,2,4.487748
audio18.TextGrid,13,18,of,53.370,53.450,IN,4.5014,7.4,2,-0.097533
audio18.TextGrid,13,19,the,53.450,53.520,DT,1.6899,7.73,2,-2.547867
audio18.TextGrid,13,20,breaking,53.520,53.950,NN,12.2341,4.74,6,4.723948
audio18.TextGrid,13,21,point,53.950,54.340,NN,6.9226,5.54,4,0.288002
audio18.TextGrid,13,22,since,54.340,54.560,IN,6.4076,5.75,4,0.002836
audio18.TextGrid,13,23,he,54.560,54.630,PRP,4.4413,6.69,2,-0.934688
audio18.TextGrid,13,24,had,54.630,54.760,VBD,6.2481,6.33,3,0.478113
audio18.TextGrid,13,25,hooked,54.760,54.940,VBN,6.3394,3.92,4,-2.068195
audio18.TextGrid,13,26,the,54.940,55.040,DT,3.0957,7.73,2,-1.142067
audio18.TextGrid,13,27,fish,55.040,55.480,NN,4.1496,4.9,3,-3.185441
audio18.TextGrid,13,28,and,55.870,55.970,CC,4.0927,7.41,2,-0.495289
audio18.TextGrid,13,29,he,55.970,56.070,PRP,5.2217,6.69,2,-0.154288
audio18.TextGrid,13,30,felt,56.070,56.290,VBD,9.1154,5.13,4,2.032081
audio18.TextGrid,13,31,the,56.290,56.410,DT,2.5173,7.73,2,-1.720467
audio18.TextGrid,13,32,harshness,56.410,57.010,NN,4.1410,2.65,7,-5.656538
audio18.TextGrid,13,33,as,57.010,57.110,IN,4.7909,6.77,2,-0.497532
audio18.TextGrid,13,34,he,57.110,57.230,PRP,4.5131,6.69,2,-0.862888
audio18.TextGrid,13,35,leaned,57.230,57.550,VBD,4.7091,3.41,4,-4.256661
audio18.TextGrid,13,36,back,57.550,57.800,RB,7.0263,6.04,3,0.938924
audio18.TextGrid,13,37,to,57.800,57.940,TO,3.3391,7.43,2,-1.227000
audio18.TextGrid,13,38,pull,57.940,58.460,VB,9.4772,4.82,3,2.054603
audio18.TextGrid,13,39,and,58.460,58.630,CC,4.1226,7.41,3,-0.465389
audio18.TextGrid,13,40,knew,58.700,58.850,VB,8.7029,5.2,3,1.696192
audio18.TextGrid,13,41,he,58.850,58.910,PRP,5.1569,6.69,2,-0.219088
audio18.TextGrid,13,42,could,58.910,59.280,MD,5.8841,6.06,3,-0.181387
audio18.TextGrid,13,43,put,59.280,59.560,VB,6.4980,5.66,3,-0.005264
audio18.TextGrid,13,44,no,59.560,59.750,DT,6.2883,6.35,2,0.540201
audio18.TextGrid,13,45,more,59.750,59.970,JJR,5.8205,6.36,3,0.083346
audio18.TextGrid,13,46,strain,59.970,60.420,NN,11.3328,4.15,5,3.176927
audio18.TextGrid,13,47,on,60.420,60.590,IN,4.3399,6.91,2,-0.795310
audio18.TextGrid,13,48,it,60.590,60.790,PRP,3.8106,6.95,2,-1.280833
audio18.TextGrid,14,1,i,62.200,62.270,NN,5.5144,7.09,1,0.576189
audio18.TextGrid,14,2,must,62.270,62.510,MD,6.9134,5.68,4,0.432025
audio18.TextGrid,14,3,not,62.510,62.760,RB,6.1838,6.69,3,0.807812
audio18.TextGrid,14,4,jerk,62.760,63.110,VB,4.4485,4.0,3,-3.871540
audio18.TextGrid,14,5,it,63.110,63.310,PRP,4.3917,6.95,2,-0.699733
audio18.TextGrid,14,6,ever,63.310,63.670,RB,9.1282,5.66,3,2.624936
audio18.TextGrid,14,7,he,63.860,63.960,PRP,6.5084,6.69,2,1.132412
audio18.TextGrid,14,8,thought,63.960,64.350,VBD,9.0188,5.59,3,2.438925
audio18.TextGrid,15,1,each,65.030,65.370,DT,6.4630,5.69,2,-0.007431
audio18.TextGrid,15,2,jerk,65.370,65.740,NN,4.1353,4.0,3,-4.184740
audio18.TextGrid,15,3,widens,65.740,66.350,VBZ,3.6170,2.84,6,-5.972594
audio18.TextGrid,15,4,the,66.350,66.450,DT,2.6323,7.73,2,-1.605467
audio18.TextGrid,15,5,cut,66.450,66.710,NN,8.9712,5.24,3,2.008270
audio18.TextGrid,15,6,the,66.710,66.830,DT,3.8424,7.73,2,-0.395367
audio18.TextGrid,15,7,hook,66.830,67.020,NN,9.5481,4.37,3,1.633004
audio18.TextGrid,15,8,makes,67.020,67.550,VBZ,8.7322,5.46,4,2.010047
audio18.TextGrid,15,9,and,67.550,67.760,CC,4.2216,7.41,2,-0.366389
audio18.TextGrid,15,10,then,67.760,67.950,RB,7.3372,6.07,3,1.282657
audio18.TextGrid,15,11,when,67.950,68.120,WRB,7.0497,6.37,3,1.323490
audio18.TextGrid,15,12,he,68.120,68.230,PRP,4.6643,6.69,2,-0.711688
audio18.TextGrid,15,13,does,68.230,68.590,VBZ,5.8853,5.74,3,-0.530409
audio18.TextGrid,15,14,jump,68.590,68.950,VB,9.7205,4.69,4,2.155626
audio18.TextGrid,15,15,he,68.950,69.040,PRP,5.0123,6.69,2,-0.363688
audio18.TextGrid,15,16,might,69.040,69.320,MD,7.7474,5.66,3,1.244136
audio18.TextGrid,15,17,throw,69.320,69.570,VB,3.7306,4.83,3,-3.681052
audio18.TextGrid,15,18,it,69.570,69.740,PRP,4.3788,6.95,2,-0.712633
audio18.TextGrid,16,1,anyway,71.050,71.410,RB,11.0119,4.91,5,3.687803
audio18.TextGrid,16,2,i,71.410,71.540,JJ,6.3159,7.09,1,1.377689
audio18.TextGrid,16,3,feel,71.540,71.780,VBP,7.4966,5.67,3,1.004280
audio18.TextGrid,16,4,better,71.780,72.040,RB,7.9714,5.76,4,1.577580
audio18.TextGrid,16,5,with,72.040,72.230,IN,5.3393,6.85,3,0.138423
audio18.TextGrid,16,6,the,72.230,72.320,DT,2.1563,7.73,2,-2.081467
audio18.TextGrid,16,7,sun,72.320,72.720,NN,10.4214,4.97,3,3.162970
audio18.TextGrid,16,8,and,73.070,73.180,CC,3.7284,7.41,2,-0.859589
audio18.TextGrid,16,9,for,73.180,73.300,IN,6.3123,7.01,2,1.286534
audio18.TextGrid,16,10,once,73.300,73.740,RB,9.1877,5.53,4,2.542158
audio18.TextGrid,16,11,i,73.740,73.830,JJ,7.0565,7.09,1,2.118289
audio18.TextGrid,16,12,do,73.830,73.990,VBP,5.7639,6.35,2,0.015801
audio18.TextGrid,16,13,not,73.990,74.190,RB,5.5001,6.69,3,0.124112
audio18.TextGrid,16,14,have,74.190,74.330,VB,4.7793,6.71,3,-0.574799
audio18.TextGrid,16,15,to,74.330,74.450,TO,3.2429,7.43,2,-1.323200
audio18.TextGrid,16,16,look,74.450,74.640,VB,7.5921,5.81,3,1.253002
audio18.TextGrid,16,17,into,74.640,74.950,IN,6.7174,6.11,4,0.706635
audio18.TextGrid,16,18,it,74.950,75.140,PRP,3.8197,6.95,2,-1.271733
audio18.TextGrid,17,1,there,77.450,77.590,EX,5.7321,6.31,3,-0.059776
audio18.TextGrid,17,2,was,77.590,77.770,VBD,3.9647,6.82,3,-1.269010
audio18.TextGrid,17,3,yellow,77.770,78.050,JJ,11.5246,4.69,4,3.959726
audio18.TextGrid,17,4,weed,78.050,78.460,NN,4.9581,4.27,3,-3.066440
audio18.TextGrid,17,5,on,78.460,78.600,IN,4.6811,6.91,2,-0.454110
audio18.TextGrid,17,6,the,78.600,78.680,DT,1.7012,7.73,2,-2.536567
audio18.TextGrid,17,7,line,78.680,79.120,NN,7.6705,5.49,3,0.981180
audio18.TextGrid,17,8,but,79.120,79.250,CC,6.1113,6.63,3,0.669645
audio18.TextGrid,17,9,the,79.250,79.380,DT,2.2485,7.73,2,-1.989267
audio18.TextGrid,17,10,old,79.380,79.580,JJ,7.3320,5.75,3,0.927236
audio18.TextGrid,17,11,man,79.580,79.830,NN,7.6927,5.82,3,1.364547
audio18.TextGrid,17,12,knew,79.830,80.180,VBD,9.6181,5.2,3,2.611392
audio18.TextGrid,17,13,that,80.180,80.400,IN,4.2098,7.01,3,-0.815966
audio18.TextGrid,17,14,only,80.400,80.660,RB,7.4809,6.12,4,1.481079
audio18.TextGrid,17,15,made,80.660,80.910,VBD,7.2036,5.92,3,0.984891
audio18.TextGrid,17,16,an,80.910,81.080,DT,5.6742,6.53,2,0.123101
audio18.TextGrid,17,17,added,81.080,81.390,JJ,10.3492,5.16,4,3.298714
audio18.TextGrid,17,18,drag,81.390,81.970,NN,5.3748,4.29,4,-2.627851
audio18.TextGrid,17,19,and,81.970,82.110,CC,4.2295,7.41,3,-0.358489
audio18.TextGrid,17,20,he,82.110,82.200,PRP,5.0754,6.69,2,-0.300588
audio18.TextGrid,17,21,was,82.200,82.380,VBD,4.4363,6.82,3,-0.797410
audio18.TextGrid,17,22,pleased,82.380,83.060,JJ,9.9763,4.44,5,2.137815
audio18.TextGrid,18,1,it,83.560,83.700,PRP,3.8912,6.95,2,-1.200233
audio18.TextGrid,18,2,was,83.700,83.900,VBD,3.9158,6.82,3,-1.317910
audio18.TextGrid,18,3,the,83.900,83.960,DT,2.4587,7.73,2,-1.779067
audio18.TextGrid,18,4,yellow,83.960,84.310,JJ,10.7264,4.69,4,3.161526
audio18.TextGrid,18,5,gulf,84.310,84.710,NN,8.8503,4.28,4,0.836704
audio18.TextGrid,18,6,weed,84.710,85.040,VBD,7.1677,4.27,3,-0.856840
audio18.TextGrid,18,7,that,85.040,85.310,IN,4.2406,7.01,3,-0.785166
audio18.TextGrid,18,8,had,85.310,85.480,VBD,6.6822,6.33,3,0.912213
audio18.TextGrid,18,9,made,85.480,85.770,VBN,7.0453,5.92,3,0.826591
audio18.TextGrid,18,10,so,85.770,85.930,RB,5.9614,6.52,2,0.399357
audio18.TextGrid,18,11,much,85.930,86.150,JJ,6.7881,6.0,3,0.656946
audio18.TextGrid,18,12,phosphorescence,86.150,86.970,NN,5.9603,1.88,10,-4.679959
audio18.TextGrid,18,13,in,86.970,87.060,IN,3.2865,7.27,2,-1.454711
audio18.TextGrid,18,14,the,87.060,87.150,DT,1.7095,7.73,2,-2.528267
audio18.TextGrid,18,15,night,87.150,87.530,NN,8.1566,5.61,3,1.598613
audio18.TextGrid,19,1,fish,89.430,89.870,NN,5.9246,4.9,3,-1.410441
audio18.TextGrid,19,2,he,90.080,90.200,PRP,7.2668,6.69,2,1.890812
audio18.TextGrid,19,3,said,90.200,90.820,VBD,3.5781,6.01,3,-2.542109
audio18.TextGrid,19,4,i,90.820,90.960,JJ,6.1749,7.09,1,1.236689
audio18.TextGrid,19,5,love,90.960,91.270,VBP,4.8264,5.82,3,-1.501753
audio18.TextGrid,19,6,you,91.270,91.440,PRP,6.6649,6.98,2,1.606301
audio18.TextGrid,19,7,and,91.440,91.610,CC,4.3730,7.41,3,-0.214989
audio18.TextGrid,19,8,respect,91.610,92.100,VB,10.8532,5.03,7,3.660436
audio18.TextGrid,19,9,you,92.100,92.260,PRP,8.1623,6.98,2,3.103701
audio18.TextGrid,19,10,very,92.260,92.570,RB,7.9214,6.0,4,1.790246
audio18.TextGrid,19,11,much,92.570,93.050,RB,6.6677,6.0,3,0.536546
audio18.TextGrid,19,12,but,93.440,93.640,CC,5.3871,6.63,3,-0.054555
audio18.TextGrid,19,13,i,93.640,93.790,RB,6.9617,7.09,1,2.023489
audio18.TextGrid,19,14,will,93.790,93.980,MD,4.7250,6.45,3,-0.913654
audio18.TextGrid,19,15,kill,93.980,94.260,VB,8.5229,5.09,3,1.395803
audio18.TextGrid,19,16,you,94.260,94.420,PRP,6.3220,6.98,2,1.263401
audio18.TextGrid,19,17,dead,94.420,94.710,JJ,11.3495,5.19,3,4.331847
audio18.TextGrid,19,18,before,94.770,95.120,IN,7.7392,5.93,5,1.531435
audio18.TextGrid,19,19,this,95.120,95.330,DT,4.8119,6.82,3,-0.421810
audio18.TextGrid,19,20,day,95.330,95.590,NN,7.0797,5.95,2,0.893824
audio18.TextGrid,19,21,ends,95.590,96.010,VBZ,10.7771,4.75,4,3.277892
audio18.TextGrid,20,1,let,97.860,98.020,VB,12.2066,5.6,3,5.637669
audio18.TextGrid,20,2,us,98.020,98.170,PRP,7.5752,6.04,2,1.487824
audio18.TextGrid,20,3,hope,98.170,98.390,VB,9.5666,5.44,3,2.822558
audio18.TextGrid,20,4,so,98.390,98.700,IN,6.2272,6.52,2,0.665157
audio18.TextGrid,20,5,he,98.940,99.070,PRP,5.7016,6.69,2,0.325612
audio18.TextGrid,20,6,thought,99.070,99.520,VBD,9.2000,5.59,3,2.620125
audio18.TextGrid,21,1,a,101.300,101.380,DT,2.6983,7.36,1,-1.944411
audio18.TextGrid,21,2,small,101.380,101.690,JJ,6.8951,5.51,4,0.227669
audio18.TextGrid,21,3,bird,101.690,102.100,NN,3.9909,4.63,3,-3.639641
audio18.TextGrid,21,4,came,102.100,102.290,VBD,6.8983,5.5,3,0.219925
audio18.TextGrid,21,5,toward,102.290,102.560,IN,9.6031,4.72,4,2.071059
audio18.TextGrid,21,6,the,102.560,102.650,DT,1.7443,7.73,2,-2.493467
audio18.TextGrid,21,7,skiff,102.650,102.970,NN,4.1399,2.63,4,-5.679527
audio18.TextGrid,21,8,from,102.970,103.220,IN,4.7013,6.63,4,-0.740355
audio18.TextGrid,21,9,the,103.220,103.280,DT,1.6978,7.73,2,-2.539967
audio18.TextGrid,21,10,north,103.280,103.640,NN,9.8282,5.34,4,2.974714
audio18.TextGrid,22,1,he,104.100,104.200,PRP,4.5353,6.69,2,-0.840688
audio18.TextGrid,22,2,was,104.200,104.350,VBD,3.9158,6.82,3,-1.317910
audio18.TextGrid,22,3,a,104.350,104.380,DT,3.3341,7.36,1,-1.308611
audio18.TextGrid,22,4,warbler,104.380,105.020,NN,4.1407,2.77,6,-5.525505
audio18.TextGrid,22,5,and,105.020,105.110,CC,4.5537,7.41,2,-0.034289
audio18.TextGrid,22,6,flying,105.110,105.500,VBG,7.7707,4.71,5,0.227715
audio18.TextGrid,22,7,very,105.500,105.810,RB,7.3958,6.0,4,1.264646
audio18.TextGrid,22,8,low,105.810,106.150,JJ,8.0531,5.33,2,1.188669
audio18.TextGrid,22,9,over,106.150,106.340,IN,6.4625,6.08,3,0.418902
audio18.TextGrid,22,10,the,106.340,106.420,DT,1.7827,7.73,2,-2.455067
audio18.TextGrid,22,11,water,106.420,106.920,NN,8.3733,5.52,4,1.716814
audio18.TextGrid,23,1,the,107.530,107.630,DT,1.8241,7.73,2,-2.413667
audio18.TextGrid,23,2,old,107.630,107.880,JJ,7.3292,5.75,3,0.924436
audio18.TextGrid,23,3,man,107.880,108.030,NN,7.6921,5.82,3,1.363947
audio18.TextGrid,23,4,could,108.030,108.220,MD,5.2306,6.06,3,-0.834887
audio18.TextGrid,23,5,see,108.220,108.490,VB,6.2362,6.1,2,0.214491
audio18.TextGrid,23,6,that,108.490,108.620,IN,4.3969,7.01,3,-0.628866
audio18.TextGrid,23,7,he,108.620,108.690,PRP,4.9295,6.69,2,-0.446488
audio18.TextGrid,23,8,was,108.690,108.880,VBD,5.5172,6.82,3,0.283490
audio18.TextGrid,23,9,very,108.880,109.070,RB,7.0293,6.0,4,0.898146
audio18.TextGrid,23,10,tired,109.070,109.630,JJ,10.3718,4.71,4,2.828815
audio18.TextGrid,24,1,the,111.050,111.120,DT,1.8241,7.73,2,-2.413667
audio18.TextGrid,24,2,bird,111.120,111.390,NN,4.1358,4.63,3,-3.494741
audio18.TextGrid,24,3,made,111.390,111.590,VBD,6.1486,5.92,3,-0.070109
audio18.TextGrid,24,4,the,111.590,111.660,DT,2.7386,7.73,2,-1.499167
audio18.TextGrid,24,5,stern,111.660,112.020,NN,11.0641,3.9,4,2.634616
audio18.TextGrid,24,6,of,112.020,112.090,IN,4.1246,7.4,2,-0.474333
audio18.TextGrid,24,7,the,112.090,112.190,DT,1.6911,7.73,2,-2.546667
audio18.TextGrid,24,8,boat,112.190,112.550,NN,4.1355,4.71,3,-3.407485
audio18.TextGrid,24,9,and,112.550,112.700,CC,4.4720,7.41,3,-0.115989
audio18.TextGrid,24,10,rested,112.700,113.120,VBD,5.6168,3.59,6,-3.151962
audio18.TextGrid,24,11,there,113.120,113.370,EX,6.2388,6.31,3,0.446924
audio18.TextGrid,25,1,then,113.810,114.010,RB,7.4856,6.07,3,1.431057
audio18.TextGrid,25,2,he,114.010,114.180,PRP,5.3385,6.69,2,-0.037488
audio18.TextGrid,25,3,flew,114.180,114.550,VBD,3.4135,4.16,3,-4.731429
audio18.TextGrid,25,4,around,114.550,114.690,IN,7.4148,5.77,4,1.031924
audio18.TextGrid,25,5,the,114.690,114.770,DT,2.0585,7.73,2,-2.179267
audio18.TextGrid,25,6,old,114.770,114.950,JJ,7.3326,5.75,3,0.927836
audio18.TextGrid,25,7,man,114.950,115.170,NN,7.6971,5.82,3,1.368947
audio18.TextGrid,25,8,s,115.170,115.230,VBZ,5.0148,5.86,1,-1.269576
audio18.TextGrid,25,9,head,115.230,115.490,NN,9.7343,5.51,3,3.066869
audio18.TextGrid,25,10,and,115.490,115.640,CC,3.9534,7.41,3,-0.634589
audio18.TextGrid,25,11,rested,115.640,115.970,VBN,5.7019,3.59,6,-3.066862
audio18.TextGrid,25,12,on,115.970,116.090,IN,4.1481,6.91,2,-0.987110
audio18.TextGrid,25,13,the,116.090,116.160,DT,1.6909,7.73,2,-2.546867
audio18.TextGrid,25,14,line,116.160,116.540,NN,7.6709,5.49,3,0.981580
audio18.TextGrid,25,15,where,116.540,116.710,WRB,7.2642,6.0,3,1.133046
audio18.TextGrid,25,16,he,116.710,116.800,PRP,4.6802,6.69,2,-0.695788
audio18.TextGrid,25,17,was,116.800,116.940,VBD,3.9209,6.82,3,-1.312810
audio18.TextGrid,25,18,more,116.940,117.090,RBR,5.6860,6.36,3,-0.051154
audio18.TextGrid,25,19,comfortable,117.090,117.610,JJ,10.0793,4.66,10,2.481593
audio18.TextGrid,26,1,how,119.310,119.410,WRB,7.8277,6.24,2,1.959213
audio18.TextGrid,26,2,old,119.410,119.660,JJ,7.5297,5.75,3,1.124936
audio18.TextGrid,26,3,are,119.660,119.700,VBP,5.7813,6.74,1,0.460034
audio18.TextGrid,26,4,you,119.700,120.250,PRP,6.4220,6.98,2,1.363401
audio18.TextGrid,26,5,the,120.520,120.630,DT,2.8503,7.73,2,-1.387467
audio18.TextGrid,26,6,old,120.630,120.840,JJ,7.3370,5.75,3,0.932236
audio18.TextGrid,26,7,man,120.840,121.060,NN,7.6938,5.82,3,1.365647
audio18.TextGrid,26,8,asked,121.060,121.340,VBD,7.7612,5.3,3,0.863936
audio18.TextGrid,26,9,the,121.340,121.400,DT,2.5030,7.73,2,-1.734767
audio18.TextGrid,26,10,bird,121.400,121.770,NN,4.1409,4.63,3,-3.489641
audio18.TextGrid,26,11,is,122.520,122.680,VBZ,4.5043,7.07,2,-0.455800
audio18.TextGrid,26,12,this,122.680,122.860,DT,5.6471,6.82,3,0.413390
audio18.TextGrid,26,13,your,122.860,122.980,PRP$,10.4417,6.53,3,4.890601
audio18.TextGrid,26,14,first,122.980,123.290,JJ,6.3008,6.11,4,0.290035
audio18.TextGrid,26,15,trip,123.290,123.610,NN,10.2588,4.9,4,2.923759
audio18.TextGrid,27,1,the,125.110,125.190,DT,1.8241,7.73,2,-2.413667
audio18.TextGrid,27,2,bird,125.190,125.460,NN,4.1358,4.63,3,-3.494741
audio18.TextGrid,27,3,looked,125.460,125.680,VBD,10.2403,5.11,4,3.135092
audio18.TextGrid,27,4,at,125.680,125.830,IN,4.2211,6.7,2,-1.143944
audio18.TextGrid,27,5,him,125.830,125.970,PRP,7.3636,6.11,2,1.352835
audio18.TextGrid,27,6,when,125.970,126.090,WRB,6.4453,6.37,3,0.719090
audio18.TextGrid,27,7,he,126.090,126.180,PRP,4.6835,6.69,2,-0.692488
audio18.TextGrid,27,8,spoke,126.180,126.650,VBD,9.8264,4.61,4,2.173970
audio18.TextGrid,28,1,he,127.510,127.610,PRP,4.5353,6.69,2,-0.840688
audio18.TextGrid,28,2,was,127.610,127.760,VBD,3.9158,6.82,3,-1.317910
audio18.TextGrid,28,3,too,127.760,127.890,RB,7.2407,5.95,2,1.054824
audio18.TextGrid,28,4,tired,127.890,128.300,JJ,10.3310,4.71,4,2.788015
audio18.TextGrid,28,5,even,128.300,128.520,RB,7.0025,5.99,4,0.860402
audio18.TextGrid,28,6,to,128.520,128.660,TO,3.5397,7.43,2,-1.026400
audio18.TextGrid,28,7,examine,128.660,129.060,VB,9.9747,4.18,7,1.851660
audio18.TextGrid,28,8,the,129.060,129.130,DT,2.7805,7.73,2,-1.457267
audio18.TextGrid,28,9,line,129.130,129.470,NN,7.6750,5.49,3,0.985680
audio18.TextGrid,28,10,and,129.470,129.590,CC,4.3880,7.41,3,-0.199989
audio18.TextGrid,28,11,he,129.590,129.720,PRP,5.2173,6.69,2,-0.158688
audio18.TextGrid,28,12,teetered,129.720,130.170,VBD,4.1416,1.9,5,-6.476770
audio18.TextGrid,28,13,on,130.170,130.350,IN,4.8755,6.91,2,-0.259710
audio18.TextGrid,28,14,it,130.350,130.550,PRP,3.8681,6.95,2,-1.223333
audio18.TextGrid,28,15,as,130.550,130.690,IN,4.4589,6.77,2,-0.829532
audio18.TextGrid,28,16,his,130.690,130.870,PRP$,5.3702,6.51,3,-0.202788
audio18.TextGrid,28,17,delicate,130.870,131.270,JJ,5.1755,4.01,7,-3.133596
audio18.TextGrid,28,18,feet,131.290,131.520,NNS,9.5758,4.99,3,2.339259
audio18.TextGrid,28,19,gripped,131.520,131.810,VBD,4.9625,3.14,5,-4.298761
audio18.TextGrid,28,20,it,131.810,131.930,PRP,4.5301,6.95,2,-0.561333
audio18.TextGrid,28,21,fast,131.950,132.480,VBD,10.1761,5.13,4,3.092781
audio18.TextGrid,29,1,it,134.460,134.610,PRP,3.8912,6.95,2,-1.200233
audio18.TextGrid,29,2,s,134.610,134.640,VBD,3.3819,5.86,1,-2.902476
audio18.TextGrid,29,3,steady,134.640,135.200,JJ,9.7401,4.31,5,1.759337
audio18.TextGrid,29,4,the,135.470,135.570,DT,4.5478,7.73,2,0.310033
audio18.TextGrid,29,5,old,135.570,135.780,JJ,7.3433,5.75,3,0.938536
audio18.TextGrid,29,6,man,135.780,135.980,NN,7.7112,5.82,3,1.383047
audio18.TextGrid,29,7,told,135.980,136.240,VBD,8.4773,5.54,4,1.842702
audio18.TextGrid,29,8,him,136.240,136.390,PRP,8.1919,6.11,2,2.181135
audio18.TextGrid,30,1,it,137.110,137.250,PRP,3.8912,6.95,2,-1.200233
audio18.TextGrid,30,2,s,137.250,137.320,VBD,3.3819,5.86,1,-2.902476
audio18.TextGrid,30,3,too,137.320,137.490,RB,7.2423,5.95,2,1.056424
audio18.TextGrid,30,4,steady,137.490,138.020,JJ,9.2370,4.31,5,1.256237
audio18.TextGrid,31,1,you,138.700,138.830,PRP,5.7058,6.98,2,0.647201
audio18.TextGrid,31,2,shouldn't,138.830,139.110,VBP,3.9761,4.82,6,-3.446497
audio18.TextGrid,31,3,be,139.110,139.230,VB,4.7970,6.79,2,-0.469544
audio18.TextGrid,31,4,that,139.230,139.480,IN,4.4016,7.01,3,-0.624166
audio18.TextGrid,31,5,tired,139.480,139.820,JJ,10.5260,4.71,4,2.983015
audio18.TextGrid,31,6,after,139.820,140.070,IN,8.1005,6.11,4,2.089735
audio18.TextGrid,31,7,a,140.070,140.100,DT,2.6065,7.36,1,-2.036211
audio18.TextGrid,31,8,windless,140.100,140.590,NN,4.1341,1.83,7,-6.560882
audio18.TextGrid,31,9,night,140.590,140.990,NN,9.1156,5.61,3,2.557613
audio18.TextGrid,32,1,what,141.530,141.720,WDT,6.9013,6.38,4,1.186035
audio18.TextGrid,32,2,are,141.720,141.820,VBP,4.2956,6.74,1,-1.025666
audio18.TextGrid,32,3,birds,141.820,142.230,NNS,12.3008,4.6,4,4.637426
audio18.TextGrid,32,4,coming,142.230,142.650,VBG,8.6122,5.4,5,1.824380
audio18.TextGrid,33,1,to,142.650,143.120,TO,4.2199,7.43,2,-0.346200
audio18.TextGrid,33,2,the,145.570,145.670,DT,2.3639,7.73,2,-1.873867
audio18.TextGrid,33,3,hawks,145.670,146.050,NN,4.1345,3.89,4,-4.305929
audio18.TextGrid,33,4,he,146.050,146.160,PRP,5.2464,6.69,2,-0.129588
audio18.TextGrid,33,5,thought,146.160,146.410,VBD,7.9436,5.59,3,1.363725
audio18.TextGrid,33,6,that,146.410,146.570,IN,4.1119,7.01,3,-0.913866
audio18.TextGrid,33,7,come,146.570,146.740,VB,8.9594,5.78,3,2.587469
audio18.TextGrid,33,8,out,146.740,146.830,IN,5.7451,6.38,2,0.029835
audio18.TextGrid,33,9,to,146.830,146.960,TO,3.8040,7.43,2,-0.762100
audio18.TextGrid,33,10,sea,146.960,147.140,VB,8.6113,5.06,2,1.451370
audio18.TextGrid,33,11,to,147.140,147.240,TO,4.5291,7.43,2,-0.037000
audio18.TextGrid,33,12,meet,147.240,147.490,VB,8.1358,5.27,3,1.205703
audio18.TextGrid,33,13,them,147.490,147.700,PRP,6.5869,6.19,3,0.663690
audio18.TextGrid,34,1,but,148.390,148.520,CC,5.3198,6.63,3,-0.121855
audio18.TextGrid,34,2,he,148.520,148.610,PRP,4.7447,6.69,2,-0.631288
audio18.TextGrid,34,3,said,148.610,148.800,VBD,3.3495,6.01,3,-2.770709
audio18.TextGrid,34,4,nothing,148.800,149.090,NN,10.4525,5.55,5,3.828847
audio18.TextGrid,34,5,of,149.090,149.160,IN,3.4258,7.4,2,-1.173133
audio18.TextGrid,34,6,this,149.160,149.330,DT,4.7524,6.82,3,-0.481310
audio18.TextGrid,34,7,to,149.330,149.430,TO,5.7947,7.43,2,1.228600
audio18.TextGrid,34,8,the,149.430,149.520,DT,1.8454,7.73,2,-2.392367
audio18.TextGrid,34,9,bird,149.520,149.840,NN,4.1352,4.63,3,-3.495341
audio18.TextGrid,34,10,who,149.840,149.900,WP,4.7200,6.34,2,-1.039043
audio18.TextGrid,34,11,could,149.900,150.100,MD,5.6504,6.06,3,-0.415087
audio18.TextGrid,34,12,not,150.100,150.270,RB,6.5449,6.69,3,1.168912
audio18.TextGrid,34,13,understand,150.270,150.740,VB,9.3232,5.37,9,2.502547
audio18.TextGrid,34,14,him,150.740,150.840,PRP,8.0861,6.11,2,2.075335
audio18.TextGrid,34,15,anyway,150.840,151.270,RB,11.0500,4.91,5,3.725903
audio18.TextGrid,34,16,and,151.620,151.730,CC,3.5862,7.41,3,-1.001789
audio18.TextGrid,34,17,who,151.730,151.790,WP,4.2788,6.34,2,-1.480243
audio18.TextGrid,34,18,would,151.790,151.950,MD,5.0413,6.27,3,-0.794354
audio18.TextGrid,34,19,learn,151.950,152.170,VB,9.5949,5.17,3,2.555359
audio18.TextGrid,34,20,about,152.170,152.420,IN,5.5775,6.4,4,-0.115876
audio18.TextGrid,34,21,the,152.420,152.550,DT,1.9404,7.73,2,-2.297367
audio18.TextGrid,34,22,hawks,152.550,153.130,NN,4.1423,3.89,4,-4.298129
audio18.TextGrid,34,23,soon,153.130,153.360,RB,8.7041,5.32,3,1.828725
audio18.TextGrid,34,24,enough,153.360,153.720,RB,7.7782,5.54,4,1.143602
audio18.TextGrid,35,1,take,155.640,155.880,VB,10.3343,5.92,3,4.115591
audio18.TextGrid,35,2,a,155.880,155.960,DT,3.2802,7.36,1,-1.362511
audio18.TextGrid,35,3,good,155.960,156.240,JJ,6.9577,6.12,3,0.957879
audio18.TextGrid,35,4,rest,156.240,156.620,NN,8.3585,5.23,4,1.384625
audio18.TextGrid,35,5,small,156.620,156.940,JJ,8.0350,5.51,4,1.367569
audio18.TextGrid,35,6,bird,156.940,157.460,NN,4.3848,4.63,3,-3.245741
audio18.TextGrid,35,7,he,157.680,157.810,PRP,6.2032,6.69,2,0.827212
audio18.TextGrid,35,8,said,157.810,158.110,VBD,3.6974,6.01,3,-2.422809
audio18.TextGrid,36,1,then,158.630,158.940,RB,7.4856,6.07,3,1.431057
audio18.TextGrid,36,2,go,158.940,159.140,VB,7.9167,6.03,2,1.818380
audio18.TextGrid,36,3,in,159.140,159.280,IN,3.6929,7.27,2,-1.048311
audio18.TextGrid,36,4,and,159.280,159.450,CC,5.3362,7.41,3,0.748211
audio18.TextGrid,36,5,take,159.450,159.660,VB,7.6744,5.92,3,1.455691
audio18.TextGrid,36,6,your,159.660,159.760,PRP$,7.4063,6.53,3,1.855201
audio18.TextGrid,36,7,chance,159.760,160.180,NN,8.5634,5.26,4,1.622358
audio18.TextGrid,36,8,like,160.180,160.400,IN,7.0332,6.41,3,1.350768
audio18.TextGrid,36,9,any,160.400,160.610,DT,5.5433,6.07,3,-0.511243
audio18.TextGrid,36,10,man,160.610,161.020,NN,7.6826,5.82,3,1.354447
audio18.TextGrid,36,11,or,161.020,161.150,CC,5.9890,6.54,2,0.448846
audio18.TextGrid,36,12,bird,161.150,161.560,NN,5.4456,4.63,3,-2.184941
audio18.TextGrid,36,13,or,161.560,161.710,CC,5.7263,6.54,2,0.186146
audio18.TextGrid,36,14,fish,161.710,162.200,NN,5.0165,4.9,3,-2.318541
audio18.TextGrid,37,1,it,164.510,164.640,PRP,3.8912,6.95,2,-1.200233
audio18.TextGrid,37,2,encouraged,164.640,165.180,VBD,12.2755,4.32,7,4.305682
audio18.TextGrid,37,3,him,165.180,165.270,PRP,10.5743,6.11,2,4.563535
audio18.TextGrid,37,4,to,165.270,165.370,TO,3.5340,7.43,2,-1.032100
audio18.TextGrid,37,5,talk,165.370,165.700,VB,8.7779,5.42,3,2.011969
audio18.TextGrid,37,6,because,165.710,166.000,IN,6.3201,6.03,5,0.221780
audio18.TextGrid,37,7,his,166.000,166.140,PRP$,5.3518,6.51,3,-0.221188
audio18.TextGrid,37,8,back,166.140,166.420,NN,9.0275,6.04,3,2.940124
audio18.TextGrid,37,9,had,166.420,166.560,VBD,6.8573,6.33,3,1.087313
audio18.TextGrid,37,10,stiffened,166.560,167.060,VBN,6.3542,2.53,7,-3.574671
audio18.TextGrid,37,11,in,167.060,167.180,IN,2.7030,7.27,2,-2.038211
audio18.TextGrid,37,12,the,167.180,167.250,DT,1.6833,7.73,2,-2.554467
audio18.TextGrid,37,13,night,167.250,167.770,NN,8.1560,5.61,3,1.598013
audio18.TextGrid,37,14,and,167.890,168.040,CC,4.1680,7.41,3,-0.419989
audio18.TextGrid,37,15,it,168.040,168.150,PRP,4.4856,6.95,2,-0.605833
audio18.TextGrid,37,16,hurt,168.150,168.350,VBZ,8.2305,4.94,3,0.939237
audio18.TextGrid,37,17,truly,168.370,168.750,RB,4.7040,4.87,5,-2.663874
audio18.TextGrid,37,18,now,168.750,169.170,RB,6.2611,6.18,2,0.326946
audio18.TextGrid,38,1,stay,170.910,171.120,NN,12.7803,5.33,3,5.915869
audio18.TextGrid,38,2,at,171.120,171.250,IN,5.4349,6.7,2,0.069856
audio18.TextGrid,38,3,my,171.250,171.490,PRP$,7.1689,6.57,2,1.661579
audio18.TextGrid,38,4,house,171.490,171.760,NN,7.0556,5.71,3,0.607058
audio18.TextGrid,38,5,if,171.760,171.870,IN,7.0978,6.47,2,1.481035
audio18.TextGrid,38,6,you,171.870,171.960,PRP,5.6237,6.98,2,0.565101
audio18.TextGrid,38,7,like,171.960,172.180,VBP,6.4641,6.41,3,0.781668
audio18.TextGrid,38,8,bird,172.200,172.570,NN,5.8119,4.63,3,-1.818641
audio18.TextGrid,38,9,he,172.750,172.850,PRP,6.7789,6.69,2,1.402912
audio18.TextGrid,38,10,said,172.850,173.160,VBD,4.0157,6.01,3,-2.104509
audio18.TextGrid,39,1,i,173.960,174.010,NN,5.5144,7.09,1,0.576189
audio18.TextGrid,39,2,am,174.010,174.120,VBP,9.1941,5.78,2,2.822169
audio18.TextGrid,39,3,sorry,174.120,174.470,NN,11.4599,5.18,4,4.431303
audio18.TextGrid,39,4,i,174.470,174.560,NN,8.0725,7.09,1,3.134289
audio18.TextGrid,39,5,cannot,174.560,174.890,VBP,4.9034,5.11,5,-2.201808
audio18.TextGrid,39,6,hoist,174.890,175.130,PDT,6.4493,3.12,4,-2.833850
audio18.TextGrid,39,7,the,175.130,175.250,DT,3.9498,7.73,2,-0.287967
audio18.TextGrid,39,8,sail,175.250,175.610,NN,4.8768,4.01,3,-3.432296
audio18.TextGrid,39,9,and,175.610,175.700,CC,3.9758,7.41,2,-0.612189
audio18.TextGrid,39,10,take,175.700,175.940,VB,7.9849,5.92,3,1.766191
audio18.TextGrid,39,11,you,175.940,176.200,PRP,6.2706,6.98,2,1.212001
audio18.TextGrid,39,12,in,176.200,176.260,IN,3.1892,7.27,2,-1.552011
audio18.TextGrid,39,13,with,176.260,176.360,IN,6.7377,6.85,3,1.536823
audio18.TextGrid,39,14,the,176.360,176.440,DT,1.8789,7.73,2,-2.358867
audio18.TextGrid,39,15,small,176.440,176.770,JJ,6.8997,5.51,4,0.232269
audio18.TextGrid,39,16,breeze,176.770,177.240,NN,4.0103,3.86,4,-4.462962
audio18.TextGrid,39,17,that,177.240,177.390,WDT,4.2587,7.01,3,-0.767066
audio18.TextGrid,39,18,is,177.390,177.540,VBZ,5.0071,7.07,2,0.047000
audio18.TextGrid,39,19,rising,177.540,177.970,VBG,8.3533,4.52,5,0.602370
audio18.TextGrid,40,1,but,178.620,178.750,CC,5.3198,6.63,3,-0.121855
audio18.TextGrid,40,2,i,178.750,178.900,JJ,5.7238,7.09,1,0.785589
audio18.TextGrid,40,3,am,178.900,179.010,VBP,9.1613,5.78,2,2.789369
audio18.TextGrid,40,4,with,179.010,179.140,IN,5.3227,6.85,3,0.121823
audio18.TextGrid,40,5,a,179.140,179.210,DT,2.6004,7.36,1,-2.042311
audio18.TextGrid,40,6,friend,179.210,179.820,NN,8.8535,5.37,5,2.032847
audio19.TextGrid,1,1,just,1.000,1.220,RB,7.1407,6.43,3,1.480157
audio19.TextGrid,1,2,then,1.220,1.480,RB,6.6148,6.07,3,0.560257
audio19.TextGrid,1,3,the,1.480,1.550,DT,3.1369,7.73,2,-1.100867
audio19.TextGrid,1,4,fish,1.550,1.850,NN,4.1670,4.9,3,-3.168041
audio19.TextGrid,1,5,gave,1.850,2.040,VBD,7.8369,5.25,3,0.884914
audio19.TextGrid,1,6,a,2.040,2.100,DT,3.3274,7.36,1,-1.315311
audio19.TextGrid,1,7,sudden,2.100,2.400,JJ,10.0332,4.4,5,2.150937
audio19.TextGrid,1,8,lurch,2.400,2.800,NN,3.9917,2.79,3,-5.652616
audio19.TextGrid,1,9,that,2.800,2.960,WDT,4.2104,7.01,3,-0.815366
audio19.TextGrid,1,10,pulled,3.010,3.250,VBD,12.1040,4.67,4,4.517237
audio19.TextGrid,1,11,the,3.250,3.370,DT,2.3802,7.73,2,-1.857567
audio19.TextGrid,1,12,old,3.370,3.570,JJ,7.3314,5.75,3,0.926636
audio19.TextGrid,1,13,man,3.570,3.810,NN,7.6936,5.82,3,1.365447
audio19.TextGrid,1,14,down,3.810,4.120,RP,6.8677,5.88,3,0.605213
audio19.TextGrid,1,15,onto,4.120,4.290,IN,10.7816,4.77,4,3.304281
audio19.TextGrid,1,16,the,4.290,4.370,DT,1.7297,7.73,2,-2.508067
audio19.TextGrid,1,17,bow,4.370,4.660,NN,4.1400,4.3,2,-3.851707
audio19.TextGrid,1,18,and,4.660,4.720,CC,4.1373,7.41,2,-0.450689
audio19.TextGrid,1,19,would,4.720,4.830,MD,6.2421,6.27,3,0.406446
audio19.TextGrid,1,20,have,4.830,5.030,VB,3.8737,6.71,3,-1.480399
audio19.TextGrid,1,21,pulled,5.030,5.320,VBN,10.8572,4.67,4,3.270437
audio19.TextGrid,1,22,him,5.320,5.430,PRP,8.0998,6.11,2,2.089035
audio19.TextGrid,1,23,overboard,5.430,5.990,RB,5.2326,3.43,7,-3.711273
audio19.TextGrid,1,24,if,5.990,6.090,IN,6.2523,6.47,2,0.635535
audio19.TextGrid,1,25,he,6.090,6.170,PRP,4.4799,6.69,2,-0.896088
audio19.TextGrid,1,26,had,6.170,6.290,VBD,5.9671,6.33,3,0.197113
audio19.TextGrid,1,27,not,6.290,6.420,RB,5.4473,6.69,3,0.071312
audio19.TextGrid,1,28,braced,6.420,6.810,VBN,5.1545,3.03,5,-4.227150
audio19.TextGrid,1,29,himself,6.810,7.210,PRP,9.4354,5.25,7,2.483414
audio19.TextGrid,1,30,and,7.210,7.310,CC,4.0437,7.41,2,-0.544289
audio19.TextGrid,1,31,given,7.310,7.600,VBN,8.2264,5.41,5,1.449525
audio19.TextGrid,1,32,some,7.600,7.800,DT,6.4271,6.2,3,0.514835
audio19.TextGrid,1,33,line,7.800,8.230,NN,7.7095,5.49,3,1.020180
audio19.TextGrid,2,1,the,9.930,10.010,DT,1.8241,7.73,2,-2.413667
audio19.TextGrid,2,2,bird,10.010,10.310,NN,4.1358,4.63,3,-3.494741
audio19.TextGrid,2,3,had,10.310,10.470,VBD,4.9842,6.33,3,-0.785787
audio19.TextGrid,2,4,flown,10.470,10.720,VBN,6.3883,3.83,4,-2.117795
audio19.TextGrid,2,5,up,10.720,10.940,RP,5.1308,6.39,2,-0.573521
audio19.TextGrid,2,6,when,10.940,11.050,WRB,6.6628,6.37,3,0.936590
audio19.TextGrid,2,7,the,11.050,11.120,DT,1.9568,7.73,2,-2.280967
audio19.TextGrid,2,8,line,11.120,11.420,NN,7.6679,5.49,3,0.978580
audio19.TextGrid,2,9,jerked,11.420,11.790,VBN,5.2347,2.93,4,-4.256394
audio19.TextGrid,2,10,and,11.790,11.880,CC,4.1132,7.41,2,-0.474789
audio19.TextGrid,2,11,the,11.880,11.980,DT,3.5051,7.73,2,-0.732667
audio19.TextGrid,2,12,old,11.980,12.190,JJ,7.3346,5.75,3,0.929836
audio19.TextGrid,2,13,man,12.190,12.420,NN,7.6936,5.82,3,1.365447
audio19.TextGrid,2,14,had,12.420,12.570,VBD,5.5010,6.33,3,-0.268987
audio19.TextGrid,2,15,not,12.570,12.750,RB,5.4520,6.69,3,0.076012
audio19.TextGrid,2,16,even,12.750,12.980,RB,6.1865,5.99,4,0.044402
audio19.TextGrid,2,17,seen,12.980,13.240,VBN,8.2704,5.52,3,1.613914
audio19.TextGrid,2,18,him,13.240,13.350,PRP,8.8945,6.11,2,2.883735
audio19.TextGrid,2,19,go,13.350,13.740,VB,7.8088,6.03,2,1.710480
audio19.TextGrid,3,1,he,14.450,14.560,PRP,4.5353,6.69,2,-0.840688
audio19.TextGrid,3,2,felt,14.560,14.780,VBD,8.2416,5.13,4,1.158281
audio19.TextGrid,3,3,the,14.780,14.900,DT,2.5389,7.73,2,-1.698867
audio19.TextGrid,3,4,line,14.900,15.210,NN,7.6745,5.49,3,0.985180
audio19.TextGrid,3,5,carefully,15.210,15.670,RB,11.4739,4.46,7,3.657304
audio19.TextGrid,3,6,with,15.670,15.820,IN,5.1503,6.85,3,-0.050577
audio19.TextGrid,3,7,his,15.820,15.950,PRP$,5.3544,6.51,3,-0.218588
audio19.TextGrid,3,8,right,15.950,16.210,JJ,7.0997,5.96,3,0.924769
audio19.TextGrid,3,9,hand,16.210,16.540,NN,9.0591,5.41,4,2.282225
audio19.TextGrid,3,10,and,16.540,16.810,CC,4.2771,7.41,3,-0.310889
audio19.TextGrid,3,11,noticed,16.810,17.160,VBD,11.4952,4.63,6,3.864659
audio19.TextGrid,3,12,his,17.160,17.280,PRP$,6.7855,6.51,3,1.212512
audio19.TextGrid,3,13,hand,17.280,17.520,NN,8.2337,5.41,4,1.456825
audio19.TextGrid,3,14,was,17.520,17.620,VBD,6.0174,6.82,3,0.783690
audio19.TextGrid,3,15,bleeding,17.620,18.180,VBG,7.4536,4.08,6,-0.778884
audio19.TextGrid,4,1,something,20.010,20.410,NN,9.3884,5.81,6,3.049302
audio19.TextGrid,4,2,hurt,20.410,20.610,VBD,8.1393,4.94,3,0.848037
audio19.TextGrid,4,3,him,20.610,20.780,PRP,8.3974,6.11,2,2.386635
audio19.TextGrid,4,4,then,20.780,21.030,RB,7.7217,6.07,3,1.667157
audio19.TextGrid,4,5,he,21.030,21.410,PRP,6.4771,6.69,2,1.101112
audio19.TextGrid,4,6,said,21.410,21.610,VBD,4.5485,6.01,3,-1.571709
audio19.TextGrid,4,7,aloud,21.610,22.070,JJ,5.8368,3.51,4,-3.019517
audio19.TextGrid,4,8,and,22.070,22.200,CC,3.8136,7.41,2,-0.774389
audio19.TextGrid,4,9,pulled,22.200,22.500,VBD,12.7687,4.67,4,5.181937
audio19.TextGrid,4,10,back,22.500,22.780,RB,7.0440,6.04,3,0.956624
audio19.TextGrid,4,11,on,22.780,22.890,IN,4.6145,6.91,2,-0.520710
audio19.TextGrid,4,12,the,22.890,22.960,DT,1.7189,7.73,2,-2.518867
audio19.TextGrid,4,13,line,22.960,23.290,NN,7.6715,5.49,3,0.982180
audio19.TextGrid,4,14,to,23.290,23.400,TO,3.4594,7.43,2,-1.106700
audio19.TextGrid,4,15,see,23.400,23.580,VB,6.7642,6.1,2,0.742491
audio19.TextGrid,4,16,if,23.580,23.660,IN,6.3387,6.47,2,0.721935
audio19.TextGrid,4,17,he,23.660,23.740,PRP,4.4651,6.69,2,-0.910888
audio19.TextGrid,4,18,could,23.740,23.910,MD,6.6961,6.06,3,0.630613
audio19.TextGrid,4,19,turn,23.910,24.150,VB,7.8004,5.32,3,0.925025
audio19.TextGrid,4,20,the,24.150,24.210,DT,2.2840,7.73,2,-1.953767
audio19.TextGrid,4,21,fish,24.210,24.610,NN,4.1385,4.9,3,-3.196541
audio19.TextGrid,5,1,but,25.250,25.430,CC,5.3198,6.63,3,-0.121855
audio19.TextGrid,5,2,when,25.430,25.550,WRB,7.3152,6.37,3,1.588990
audio19.TextGrid,5,3,he,25.550,25.640,PRP,4.7732,6.69,2,-0.602788
audio19.TextGrid,5,4,was,25.640,25.810,VBD,3.9210,6.82,3,-1.312710
audio19.TextGrid,5,5,touching,25.810,26.170,VBG,7.4922,4.22,5,-0.587062
audio19.TextGrid,5,6,the,26.170,26.230,DT,2.2291,7.73,2,-2.008667
audio19.TextGrid,5,7,breaking,26.230,26.640,NN,12.2139,4.74,6,4.703748
audio19.TextGrid,5,8,point,26.640,27.050,NN,6.9457,5.54,4,0.311102
audio19.TextGrid,5,9,he,27.050,27.180,PRP,5.6167,6.69,2,0.240712
audio19.TextGrid,5,10,held,27.180,27.450,VBD,7.1048,5.24,4,0.141870
audio19.TextGrid,5,11,steady,27.450,27.880,JJ,10.0808,4.31,5,2.100037
audio19.TextGrid,5,12,and,27.880,28.010,CC,3.6663,7.41,2,-0.921689
audio19.TextGrid,5,13,settled,28.010,28.340,VBD,10.8753,4.44,6,3.036815
audio19.TextGrid,5,14,back,28.340,28.650,RB,7.3641,6.04,3,1.276724
audio19.TextGrid,5,15,against,28.650,28.970,IN,7.3045,5.68,6,0.823125
audio19.TextGrid,5,16,the,28.970,29.080,DT,1.7086,7.73,2,-2.529167
audio19.TextGrid,5,17,strain,29.080,29.440,NN,10.2372,4.15,5,2.081327
audio19.TextGrid,5,18,of,29.440,29.540,IN,3.1966,7.4,2,-1.402333
audio19.TextGrid,5,19,the,29.540,29.640,DT,1.7010,7.73,2,-2.536767
audio19.TextGrid,5,20,line,29.640,30.070,NN,7.6706,5.49,3,0.981280
audio19.TextGrid,6,1,you,31.520,31.650,PRP,5.7058,6.98,2,0.647201
audio19.TextGrid,6,2,re,31.650,31.730,VBP,3.9761,5.23,2,-2.997775
audio19.TextGrid,6,3,feeling,31.730,32.120,VBG,9.6945,5.13,5,2.611181
audio19.TextGrid,6,4,it,32.120,32.270,PRP,4.3514,6.95,2,-0.740033
audio19.TextGrid,6,5,now,32.270,32.600,RB,7.1393,6.18,2,1.205146
audio19.TextGrid,6,6,fish,32.600,33.030,VBZ,4.1266,4.9,3,-3.208441
audio19.TextGrid,6,7,he,33.260,33.410,PRP,5.3564,6.69,2,-0.019588
audio19.TextGrid,6,8,said,33.410,33.760,VBD,4.8856,6.01,3,-1.234609
audio19.TextGrid,7,1,and,34.240,34.420,CC,3.7036,7.41,2,-0.884389
audio19.TextGrid,7,2,so,34.420,34.770,RB,5.7053,6.52,2,0.143257
audio19.TextGrid,7,3,god,34.770,35.140,JJ,12.8402,5.57,3,6.238436
audio19.TextGrid,7,4,knows,35.140,35.500,VBZ,10.1106,5.07,3,2.961614
audio19.TextGrid,7,5,am,35.500,35.630,VBP,10.1339,5.78,2,3.761969
audio19.TextGrid,7,6,i,35.630,35.910,NN,6.4169,7.09,1,1.478689
audio19.TextGrid,7,7,he,37.960,38.070,PRP,6.4126,6.69,2,1.036612
audio19.TextGrid,7,8,looked,38.070,38.250,VBD,10.6571,5.11,4,3.551892
audio19.TextGrid,7,9,around,38.250,38.570,IN,6.8193,5.77,4,0.436424
audio19.TextGrid,7,10,for,38.570,38.670,IN,5.2043,7.01,2,0.178534
audio19.TextGrid,7,11,the,38.670,38.760,DT,1.7658,7.73,2,-2.471967
audio19.TextGrid,7,12,bird,38.760,39.120,NN,4.1408,4.63,3,-3.489741
audio19.TextGrid,7,13,now,39.120,39.360,RB,7.2221,6.18,2,1.287946
audio19.TextGrid,7,14,because,39.360,39.690,IN,6.3894,6.03,5,0.291080
audio19.TextGrid,7,15,he,39.690,39.760,PRP,4.5288,6.69,2,-0.847188
audio19.TextGrid,7,16,would,39.760,39.890,MD,5.6568,6.27,3,-0.178854
audio19.TextGrid,7,17,have,39.890,40.000,VB,3.8740,6.71,3,-1.480099
audio19.TextGrid,7,18,liked,40.000,40.250,VBN,5.9223,4.76,4,-1.565963
audio19.TextGrid,7,19,him,40.250,40.350,PRP,8.7512,6.11,2,2.740435
audio19.TextGrid,7,20,for,40.350,40.460,IN,3.6311,7.01,2,-1.394666
audio19.TextGrid,7,21,company,40.460,41.030,NN,6.3335,5.6,7,-0.235431
audio19.TextGrid,8,1,the,41.690,41.770,DT,1.8241,7.73,2,-2.413667
audio19.TextGrid,8,2,bird,41.770,42.000,NN,4.1358,4.63,3,-3.494741
audio19.TextGrid,8,3,was,42.000,42.180,VBD,4.1804,6.82,3,-1.053310
audio19.TextGrid,8,4,gone,42.180,42.630,VBN,10.2909,5.17,3,3.251359
audio19.TextGrid,9,1,you,44.380,44.520,PRP,5.7058,6.98,2,0.647201
audio19.TextGrid,9,2,did,44.520,44.670,VBD,5.6940,5.96,3,-0.480931
audio19.TextGrid,9,3,not,44.670,44.870,RB,5.4771,6.69,3,0.101112
audio19.TextGrid,9,4,stay,44.870,45.110,VB,8.7637,5.33,3,1.899269
audio19.TextGrid,9,5,long,45.110,45.530,RB,7.5953,5.81,3,1.256202
audio19.TextGrid,9,6,the,45.730,45.830,DT,3.9204,7.73,2,-0.317367
audio19.TextGrid,9,7,man,45.830,46.090,NN,7.7446,5.82,3,1.416447
audio19.TextGrid,9,8,thought,46.090,46.480,VBD,9.4976,5.59,3,2.917725
audio19.TextGrid,10,1,but,47.220,47.480,CC,5.3198,6.63,3,-0.121855
audio19.TextGrid,10,2,it,47.480,47.590,PRP,4.1006,6.95,2,-0.990833
audio19.TextGrid,10,3,is,47.590,47.740,VBZ,3.3263,7.07,2,-1.633800
audio19.TextGrid,10,4,rougher,47.740,48.140,RB,4.8166,2.84,4,-4.772994
audio19.TextGrid,10,5,where,48.140,48.340,WRB,7.8796,6.0,3,1.748446
audio19.TextGrid,10,6,you,48.340,48.530,PRP,5.8275,6.98,2,0.768901
audio19.TextGrid,10,7,are,48.530,48.640,VBP,3.9808,6.74,2,-1.340466
audio19.TextGrid,10,8,going,48.640,49.000,VBG,7.7857,5.94,4,1.588880
audio19.TextGrid,10,9,until,49.000,49.220,IN,7.3724,5.61,5,0.814413
audio19.TextGrid,10,10,you,49.220,49.370,PRP,5.6242,6.98,2,0.565601
audio19.TextGrid,10,11,make,49.370,49.570,VBP,7.3095,6.08,3,1.265902
audio19.TextGrid,10,12,the,49.570,49.650,DT,2.3220,7.73,2,-1.915767
audio19.TextGrid,10,13,shore,49.650,50.090,NN,14.8385,4.33,3,6.879626
audio19.TextGrid,11,1,how,51.600,51.790,WRB,7.8277,6.24,2,1.959213
audio19.TextGrid,11,2,did,51.790,51.950,VBD,8.9248,5.96,3,2.749869
audio19.TextGrid,11,3,i,51.950,52.110,VB,5.9866,7.09,1,1.048389
audio19.TextGrid,11,4,let,52.110,52.320,VB,8.6321,5.6,3,2.063169
audio19.TextGrid,11,5,the,52.320,52.420,DT,2.2980,7.73,2,-1.939767
audio19.TextGrid,11,6,fish,52.420,52.720,JJ,5.0736,4.9,3,-2.261441
audio19.TextGrid,11,7,cut,52.720,53.010,NN,8.9486,5.24,3,1.985670
audio19.TextGrid,11,8,me,53.070,53.250,PRP,9.0281,6.48,2,3.422279
audio19.TextGrid,11,9,with,53.250,53.430,IN,4.8306,6.85,3,-0.370277
audio19.TextGrid,11,10,that,53.430,53.640,DT,4.8814,7.01,3,-0.144366
audio19.TextGrid,11,11,one,53.640,53.890,CD,6.0829,6.47,3,0.466135
audio19.TextGrid,11,12,quick,53.890,54.140,NN,10.7281,4.98,4,3.480614
audio19.TextGrid,11,13,pull,54.190,54.470,NN,12.8600,4.82,3,5.437403
audio19.TextGrid,11,14,he,54.470,54.590,PRP,5.1948,6.69,2,-0.181188
audio19.TextGrid,11,15,made,54.590,55.050,VBD,7.2894,5.92,3,1.070691
audio19.TextGrid,12,1,i,55.510,55.610,NN,5.5144,7.09,1,0.576189
audio19.TextGrid,12,2,must,55.610,55.800,MD,6.9134,5.68,4,0.432025
audio19.TextGrid,12,3,be,55.800,55.900,VB,3.7168,6.79,2,-1.549744
audio19.TextGrid,12,4,getting,55.900,56.180,VBG,9.0290,5.57,5,2.427236
audio19.TextGrid,12,5,very,56.180,56.430,RB,7.3174,6.0,4,1.186246
audio19.TextGrid,12,6,stupid,56.430,57.000,JJ,9.9757,4.94,6,2.684437
audio19.TextGrid,13,1,or,57.990,58.100,CC,5.3683,6.54,2,-0.171854
audio19.TextGrid,13,2,perhaps,58.100,58.440,RB,7.4607,5.09,6,0.333603
audio19.TextGrid,13,3,i,58.440,58.510,NN,7.8547,7.09,1,2.916489
audio19.TextGrid,13,4,was,58.510,58.700,VBD,4.0392,6.82,3,-1.194510
audio19.TextGrid,13,5,looking,58.700,58.980,VBG,9.0016,5.57,5,2.399836
audio19.TextGrid,13,6,at,58.980,59.040,IN,4.8863,6.7,2,-0.478744
audio19.TextGrid,13,7,the,59.040,59.150,DT,1.7065,7.73,2,-2.531267
audio19.TextGrid,13,8,small,59.150,59.470,JJ,6.8973,5.51,4,0.229869
audio19.TextGrid,13,9,bird,59.470,59.820,NN,3.9942,4.63,3,-3.636341
audio19.TextGrid,13,10,and,59.820,59.940,CC,4.3082,7.41,2,-0.279789
audio19.TextGrid,13,11,thinking,59.940,60.290,NN,9.8139,5.24,6,2.850970
audio19.TextGrid,13,12,of,60.290,60.380,IN,3.3237,7.4,2,-1.275233
audio19.TextGrid,13,13,him,60.380,60.740,PRP,7.3908,6.11,3,1.380035
audio19.TextGrid,14,1,now,61.470,61.720,RB,6.7634,6.18,2,0.829246
audio19.TextGrid,14,2,i,61.720,61.750,VBP,6.3159,7.09,1,1.377689
audio19.TextGrid,14,3,will,61.750,61.970,MD,4.2559,6.45,3,-1.382754
audio19.TextGrid,14,4,pay,61.970,62.180,VB,6.1062,5.4,2,-0.681620
audio19.TextGrid,14,5,attention,62.180,62.570,NN,10.4489,5.11,7,3.343692
audio19.TextGrid,14,6,to,62.570,62.640,TO,3.9481,7.43,2,-0.618000
audio19.TextGrid,14,7,my,62.640,62.800,PRP$,7.6098,6.57,2,2.102479
audio19.TextGrid,14,8,work,62.800,63.150,NN,7.4117,5.96,3,1.236769
audio19.TextGrid,15,1,and,63.720,63.840,CC,3.7036,7.41,2,-0.884389
audio19.TextGrid,15,2,then,63.840,64.070,RB,6.4220,6.07,3,0.367457
audio19.TextGrid,15,3,i,64.070,64.170,VB,7.8544,7.09,1,2.916189
audio19.TextGrid,15,4,must,64.170,64.430,MD,7.0311,5.68,4,0.549725
audio19.TextGrid,15,5,eat,64.430,64.580,VB,9.6808,5.13,2,2.597481
audio19.TextGrid,15,6,the,64.580,64.680,DT,2.7686,7.73,2,-1.469167
audio19.TextGrid,15,7,tuna,64.680,65.030,NN,4.1416,3.64,4,-4.572439
audio19.TextGrid,15,8,so,65.030,65.190,IN,6.7163,6.52,2,1.154257
audio19.TextGrid,15,9,that,65.190,65.330,DT,4.7209,7.01,3,-0.304866
audio19.TextGrid,15,10,i,65.330,65.410,NN,5.9450,7.09,1,1.006789
audio19.TextGrid,15,11,will,65.410,65.580,MD,5.2995,6.45,3,-0.339154
audio19.TextGrid,15,12,not,65.580,65.730,RB,6.1970,6.69,3,0.821012
audio19.TextGrid,15,13,have,65.730,65.870,VB,4.5970,6.71,3,-0.757099
audio19.TextGrid,15,14,a,65.870,65.930,DT,3.4351,7.36,1,-1.207611
audio19.TextGrid,15,15,failure,65.930,66.400,NN,10.2401,4.72,5,2.708059
audio19.TextGrid,15,16,of,66.400,66.500,IN,3.0550,7.4,2,-1.543933
audio19.TextGrid,15,17,strength,66.500,66.910,NN,9.9497,4.8,6,2.505215
audio19.TextGrid,16,1,i,69.260,69.340,JJ,5.5144,7.09,1,0.576189
audio19.TextGrid,16,2,wish,69.340,69.580,VBP,9.0633,5.18,3,2.034703
audio19.TextGrid,16,3,the,69.580,69.700,DT,2.3301,7.73,2,-1.907667
audio19.TextGrid,16,4,boy,69.700,69.990,NN,10.2384,5.17,2,3.198859
audio19.TextGrid,16,5,were,69.990,70.230,VBD,6.8464,6.34,2,1.087357
audio19.TextGrid,16,6,here,70.230,70.440,RB,7.2707,5.97,3,1.106713
audio19.TextGrid,16,7,and,70.440,70.520,CC,3.9128,7.41,2,-0.675189
audio19.TextGrid,16,8,that,70.520,70.630,IN,4.0024,7.01,3,-1.023366
audio19.TextGrid,16,9,i,70.630,70.720,NN,6.2493,7.09,1,1.311089
audio19.TextGrid,16,10,had,70.720,70.880,VBD,5.2314,6.33,3,-0.538587
audio19.TextGrid,16,11,some,70.880,71.030,DT,5.9196,6.2,3,0.007335
audio19.TextGrid,16,12,salt,71.030,71.660,NN,11.0715,4.6,4,3.408126
audio19.TextGrid,17,1,he,72.040,72.160,PRP,4.5353,6.69,2,-0.840688
audio19.TextGrid,17,2,said,72.160,72.370,VBD,3.3819,6.01,3,-2.738309
audio19.TextGrid,17,3,aloud,72.370,72.900,JJ,5.8479,3.51,4,-3.008417
audio19.TextGrid,17,4,shifting,74.730,75.090,VBG,8.0016,3.98,6,-0.340329
audio19.TextGrid,17,5,the,75.090,75.150,DT,2.4094,7.73,2,-1.828367
audio19.TextGrid,17,6,weight,75.150,75.380,NN,10.2364,5.02,3,3.032692
audio19.TextGrid,17,7,of,75.380,75.450,IN,3.0128,7.4,2,-1.586133
audio19.TextGrid,17,8,the,75.450,75.540,DT,1.7005,7.73,2,-2.537267
audio19.TextGrid,17,9,line,75.540,75.790,NN,7.6701,5.49,3,0.980780
audio19.TextGrid,17,10,to,75.790,75.900,TO,3.4339,7.43,2,-1.132200
audio19.TextGrid,17,11,his,75.900,76.120,PRP$,5.9223,6.51,3,0.349312
audio19.TextGrid,17,12,left,76.120,76.340,JJ,10.8510,5.62,4,4.303958
audio19.TextGrid,17,13,shoulder,76.340,76.810,NN,9.1478,4.5,5,1.374982
audio19.TextGrid,17,14,and,76.810,77.010,CC,4.3325,7.41,3,-0.255489
audio19.TextGrid,17,15,kneeling,77.010,77.350,VBG,7.9321,3.32,5,-1.132161
audio19.TextGrid,17,16,carefully,77.350,77.910,RB,10.9441,4.46,7,3.127504
audio19.TextGrid,17,17,he,78.060,78.160,PRP,6.4984,6.69,2,1.122412
audio19.TextGrid,17,18,washed,78.160,78.520,VBD,4.7265,4.1,4,-3.484096
audio19.TextGrid,17,19,his,78.520,78.680,PRP$,6.0616,6.51,3,0.488612
audio19.TextGrid,17,20,hand,78.680,79.020,NN,8.2725,5.41,4,1.495625
audio19.TextGrid,17,21,in,79.020,79.100,IN,3.3951,7.27,2,-1.346111
audio19.TextGrid,17,22,the,79.100,79.240,DT,1.7032,7.73,2,-2.534567
audio19.TextGrid,17,23,ocean,79.240,79.640,NN,4.1367,4.7,4,-3.417230
audio19.TextGrid,17,24,and,79.640,79.790,CC,4.2516,7.41,3,-0.336389
audio19.TextGrid,17,25,held,79.790,80.020,VBD,8.5926,5.24,4,1.629670
audio19.TextGrid,17,26,it,80.020,80.150,PRP,5.0692,6.95,2,-0.022233
audio19.TextGrid,17,27,there,80.150,80.400,EX,7.2853,6.31,3,1.493424
audio19.TextGrid,17,28,submerged,80.520,81.260,VBN,5.7035,3.51,7,-3.152817
audio19.TextGrid,17,29,for,81.260,81.390,IN,3.5078,7.01,2,-1.517966
audio19.TextGrid,17,30,more,81.390,81.610,JJR,5.7535,6.36,3,0.016346
audio19.TextGrid,17,31,than,81.610,81.760,IN,6.0011,6.13,3,0.012224
audio19.TextGrid,17,32,a,81.760,81.790,DT,3.3981,7.36,1,-1.244611
audio19.TextGrid,17,33,minute,81.790,82.210,NN,9.3319,4.98,5,2.084414
audio19.TextGrid,17,34,watching,82.390,82.790,VBG,11.6816,5.02,5,4.477892
audio19.TextGrid,17,35,the,82.790,82.860,DT,2.3964,7.73,2,-1.841367
audio19.TextGrid,17,36,blood,82.860,83.300,NN,9.1373,5.1,4,2.021147
audio19.TextGrid,17,37,trail,83.300,83.460,VB,11.8432,4.45,4,4.015659
audio19.TextGrid,17,38,away,83.460,83.950,RB,7.3698,5.62,3,0.822758
audio19.TextGrid,17,39,and,84.090,84.190,CC,3.9422,7.41,2,-0.645789
audio19.TextGrid,17,40,the,84.190,84.280,DT,3.3400,7.73,2,-0.897767
audio19.TextGrid,17,41,steady,84.280,84.650,JJ,8.9361,4.31,5,0.955337
audio19.TextGrid,17,42,movement,84.650,85.080,NN,8.9981,4.97,7,1.739670
audio19.TextGrid,17,43,of,85.080,85.160,IN,3.0117,7.4,2,-1.587233
audio19.TextGrid,17,44,the,85.160,85.230,DT,1.6975,7.73,2,-2.540267
audio19.TextGrid,17,45,water,85.230,85.620,NN,8.3722,5.52,4,1.715714
audio19.TextGrid,17,46,against,85.620,85.970,IN,7.2564,5.68,6,0.775025
audio19.TextGrid,17,47,his,85.970,86.120,PRP$,5.3077,6.51,3,-0.265288
audio19.TextGrid,17,48,hand,86.120,86.430,NN,8.2775,5.41,4,1.500625
audio19.TextGrid,17,49,as,86.430,86.540,IN,4.7945,6.77,2,-0.493932
audio19.TextGrid,17,50,the,86.540,86.630,DT,1.7464,7.73,2,-2.491367
audio19.TextGrid,17,51,boat,86.630,86.890,NN,4.1361,4.71,3,-3.406885
audio19.TextGrid,17,52,moved,86.930,87.400,VBD,9.6552,5.01,4,2.440548
audio19.TextGrid,18,1,he,89.180,89.320,PRP,4.5353,6.69,2,-0.840688
audio19.TextGrid,18,2,has,89.320,89.470,VBZ,4.0433,6.37,3,-1.682910
audio19.TextGrid,18,3,slowed,89.470,89.870,VBN,10.9348,3.71,4,2.297372
audio19.TextGrid,18,4,much,89.870,90.350,RB,6.8997,6.0,3,0.768546
audio19.TextGrid,18,5,he,90.590,90.720,PRP,6.6170,6.69,2,1.241012
audio19.TextGrid,18,6,said,90.720,91.190,VBD,4.9164,6.01,3,-1.203809
audio19.TextGrid,19,1,the,92.910,93.020,DT,1.8241,7.73,2,-2.413667
audio19.TextGrid,19,2,old,93.020,93.200,JJ,7.3292,5.75,3,0.924436
audio19.TextGrid,19,3,man,93.200,93.400,NN,7.6921,5.82,3,1.363947
audio19.TextGrid,19,4,would,93.400,93.530,MD,4.6841,6.27,3,-1.151554
audio19.TextGrid,19,5,have,93.530,93.620,VB,3.8740,6.71,3,-1.480099
audio19.TextGrid,19,6,liked,93.620,93.820,VBN,5.9399,4.76,4,-1.548363
audio19.TextGrid,19,7,to,93.820,93.880,TO,2.6529,7.43,2,-1.913200
audio19.TextGrid,19,8,keep,93.880,94.090,VB,7.3418,5.66,3,0.838536
audio19.TextGrid,19,9,his,94.090,94.210,PRP$,5.9280,6.51,3,0.355012
audio19.TextGrid,19,10,hand,94.210,94.560,NN,8.2757,5.41,4,1.498825
audio19.TextGrid,19,11,in,94.560,94.670,IN,3.4834,7.27,2,-1.257811
audio19.TextGrid,19,12,the,94.670,94.750,DT,1.7031,7.73,2,-2.534667
audio19.TextGrid,19,13,salt,94.750,95.070,NN,11.0448,4.6,4,3.381426
audio19.TextGrid,19,14,water,95.070,95.310,NN,9.0908,5.52,4,2.434314
audio19.TextGrid,19,15,longer,95.310,95.720,RB,9.6454,5.16,5,2.594914
audio19.TextGrid,19,16,but,95.720,95.850,CC,5.1570,6.63,3,-0.284655
audio19.TextGrid,19,17,he,95.850,95.930,PRP,6.0052,6.69,2,0.629212
audio19.TextGrid,19,18,was,95.930,96.060,VBD,4.7827,6.82,3,-0.451010
audio19.TextGrid,19,19,afraid,96.060,96.370,JJ,10.4017,4.7,5,2.847770
audio19.TextGrid,19,20,of,96.370,96.460,IN,3.5070,7.4,2,-1.091933
audio19.TextGrid,19,21,another,96.460,96.750,DT,6.2956,5.74,5,-0.120109
audio19.TextGrid,19,22,sudden,96.750,97.050,JJ,10.0303,4.4,5,2.148037
audio19.TextGrid,19,23,lurch,97.050,97.330,NN,3.9931,2.79,3,-5.651216
audio19.TextGrid,19,24,by,97.330,97.490,IN,4.5274,6.66,2,-0.881421
audio19.TextGrid,19,25,the,97.490,97.600,DT,1.7102,7.73,2,-2.527567
audio19.TextGrid,19,26,fish,97.600,98.010,NN,4.1364,4.9,3,-3.198641
audio19.TextGrid,20,1,and,98.530,98.620,CC,3.7036,7.41,2,-0.884389
audio19.TextGrid,20,2,he,98.620,98.710,PRP,4.7461,6.69,2,-0.629888
audio19.TextGrid,20,3,stood,98.710,98.940,VBD,8.1776,4.57,4,0.481393
audio19.TextGrid,20,4,up,98.940,99.140,RB,5.0501,6.39,2,-0.654221
audio19.TextGrid,20,5,and,99.140,99.230,CC,4.2028,7.41,2,-0.385189
audio19.TextGrid,20,6,braced,99.230,99.590,VBD,3.5950,3.03,5,-5.786650
audio19.TextGrid,20,7,himself,99.590,100.040,PRP,8.7073,5.25,7,1.755314
audio19.TextGrid,20,8,and,100.040,100.180,CC,4.4594,7.41,3,-0.128589
audio19.TextGrid,20,9,held,100.180,100.390,VBD,7.7309,5.24,4,0.767970
audio19.TextGrid,20,10,his,100.390,100.510,PRP$,6.5413,6.51,3,0.968312
audio19.TextGrid,20,11,hand,100.510,100.780,NN,8.2421,5.41,4,1.465225
audio19.TextGrid,20,12,up,100.780,100.910,RP,6.1665,6.39,2,0.462179
audio19.TextGrid,20,13,against,100.910,101.210,IN,7.5266,5.68,6,1.045225
audio19.TextGrid,20,14,the,101.210,101.310,DT,1.7108,7.73,2,-2.526967
audio19.TextGrid,20,15,sun,101.310,101.690,NN,10.3543,4.97,3,3.095870
audio19.TextGrid,21,1,it,103.040,103.150,PRP,3.8912,6.95,2,-1.200233
audio19.TextGrid,21,2,was,103.150,103.260,VBD,3.9158,6.82,3,-1.317910
audio19.TextGrid,21,3,only,103.260,103.500,RB,6.0839,6.12,4,0.084079
audio19.TextGrid,21,4,a,103.500,103.540,DT,4.5826,7.36,1,-0.060111
audio19.TextGrid,21,5,line,103.540,103.870,NN,7.7424,5.49,3,1.053080
audio19.TextGrid,21,6,burn,103.870,104.200,NN,11.6774,4.53,3,3.937415
audio19.TextGrid,21,7,that,104.200,104.290,WDT,4.4009,7.01,3,-0.624866
audio19.TextGrid,21,8,had,104.290,104.410,VBD,6.8657,6.33,3,1.095713
audio19.TextGrid,21,9,cut,104.410,104.640,VBN,7.7886,5.24,3,0.825670
audio19.TextGrid,21,10,his,104.640,104.820,PRP$,6.0451,6.51,3,0.472112
audio19.TextGrid,21,11,flesh,104.820,105.190,NN,4.2518,4.2,4,-3.849351
audio19.TextGrid,22,1,but,106.300,106.430,CC,5.3198,6.63,3,-0.121855
audio19.TextGrid,22,2,it,106.430,106.530,PRP,4.1006,6.95,2,-0.990833
audio19.TextGrid,22,3,was,106.530,106.690,VBD,3.8833,6.82,3,-1.350410
audio19.TextGrid,22,4,in,106.690,106.790,IN,3.7035,7.27,2,-1.037711
audio19.TextGrid,22,5,the,106.790,106.860,DT,1.7650,7.73,2,-2.472767
audio19.TextGrid,22,6,working,106.860,107.320,JJ,8.5347,5.45,5,1.801603
audio19.TextGrid,22,7,part,107.320,107.530,NN,6.9937,5.78,4,0.621769
audio19.TextGrid,22,8,of,107.530,107.600,IN,2.8040,7.4,2,-1.794933
audio19.TextGrid,22,9,his,107.600,107.780,PRP$,5.3076,6.51,3,-0.265388
audio19.TextGrid,22,10,hand,107.780,108.230,NN,8.2776,5.41,4,1.500725
audio19.TextGrid,23,1,he,108.730,108.850,PRP,4.5353,6.69,2,-0.840688
audio19.TextGrid,23,2,knew,108.850,109.040,VBD,8.7225,5.2,3,1.715792
audio19.TextGrid,23,3,he,109.040,109.180,PRP,5.1908,6.69,2,-0.185188
audio19.TextGrid,23,4,would,109.180,109.380,MD,5.4163,6.27,3,-0.419354
audio19.TextGrid,23,5,need,109.380,109.650,VB,7.0349,5.97,3,0.870913
audio19.TextGrid,23,6,his,109.650,109.820,PRP$,6.3459,6.51,3,0.772912
audio19.TextGrid,23,7,hands,109.820,110.210,NNS,8.5218,5.16,4,1.471314
audio19.TextGrid,23,8,before,110.210,110.530,IN,6.8475,5.93,5,0.639735
audio19.TextGrid,23,9,this,110.530,110.740,DT,4.8202,6.82,3,-0.413510
audio19.TextGrid,23,10,was,110.740,110.860,VBD,8.6329,6.82,3,3.399190
audio19.TextGrid,23,11,over,110.860,111.240,RB,6.4984,6.08,3,0.454802
audio19.TextGrid,23,12,and,111.240,111.370,CC,4.6717,7.41,3,0.083711
audio19.TextGrid,23,13,he,111.370,111.460,PRP,5.4797,6.69,2,0.103712
audio19.TextGrid,23,14,did,111.460,111.630,VBD,5.8016,5.96,3,-0.373331
audio19.TextGrid,23,15,not,111.630,111.870,RB,5.4366,6.69,3,0.060612
audio19.TextGrid,23,16,like,111.870,112.040,IN,6.8103,6.41,3,1.127868
audio19.TextGrid,23,17,to,112.040,112.120,TO,3.6909,7.43,2,-0.875200
audio19.TextGrid,23,18,be,112.120,112.250,VB,3.8330,6.79,2,-1.433544
audio19.TextGrid,23,19,cut,112.250,112.530,VBN,8.2076,5.24,3,1.244670
audio19.TextGrid,23,20,before,112.560,112.890,IN,6.9437,5.93,5,0.735935
audio19.TextGrid,23,21,it,112.890,113.000,PRP,3.9846,6.95,2,-1.106833
audio19.TextGrid,23,22,started,113.000,113.550,VBD,9.6005,5.39,7,2.801736
audio19.TextGrid,24,1,now,115.450,115.880,RB,6.7634,6.18,2,0.829246
audio19.TextGrid,24,2,he,115.880,116.270,PRP,5.3385,6.69,2,-0.037488
audio19.TextGrid,24,3,said,116.270,116.570,VBD,3.4135,6.01,3,-2.706709
audio19.TextGrid,24,4,when,116.570,116.720,WRB,6.0247,6.37,3,0.298490
audio19.TextGrid,24,5,his,116.720,116.850,PRP$,5.5599,6.51,3,-0.013088
audio19.TextGrid,24,6,hand,116.850,117.100,NN,8.2745,5.41,4,1.497625
audio19.TextGrid,24,7,had,117.100,117.210,VBD,5.0206,6.33,3,-0.749387
audio19.TextGrid,24,8,dried,117.210,117.650,VBN,6.3719,4.04,4,-1.904362
audio19.TextGrid,25,1,i,118.180,118.260,NN,5.5144,7.09,1,0.576189
audio19.TextGrid,25,2,must,118.260,118.480,MD,6.9134,5.68,4,0.432025
audio19.TextGrid,25,3,eat,118.480,118.600,VB,9.6807,5.13,2,2.597381
audio19.TextGrid,25,4,the,118.600,118.720,DT,2.7772,7.73,2,-1.460567
audio19.TextGrid,25,5,small,118.720,119.020,JJ,6.8996,5.51,4,0.232169
audio19.TextGrid,25,6,tuna,119.020,119.400,NN,3.9934,3.64,4,-4.720639
audio19.TextGrid,26,1,i,119.960,120.050,NNS,5.5144,7.09,1,0.576189
audio19.TextGrid,26,2,can,120.050,120.220,MD,5.3141,6.46,3,-0.313610
audio19.TextGrid,26,3,reach,120.220,120.430,VB,8.5162,4.94,3,1.224937
audio19.TextGrid,26,4,him,120.430,120.550,PRP,8.1072,6.11,2,2.096435
audio19.TextGrid,26,5,with,120.550,120.640,IN,4.7772,6.85,3,-0.423677
audio19.TextGrid,26,6,the,120.640,120.740,DT,1.6915,7.73,2,-2.546267
audio19.TextGrid,26,7,gaff,120.740,121.280,NN,4.1368,2.68,3,-5.627905
audio19.TextGrid,26,8,and,121.280,121.450,CC,4.4504,7.41,3,-0.137589
audio19.TextGrid,26,9,eat,121.450,121.670,NN,11.6102,5.13,2,4.526881
audio19.TextGrid,26,10,him,121.670,121.810,PRP,8.4329,6.11,2,2.422135
audio19.TextGrid,26,11,here,121.810,122.010,RB,8.0288,5.97,3,1.864813
audio19.TextGrid,26,12,in,122.010,122.100,IN,3.6363,7.27,2,-1.104911
audio19.TextGrid,26,13,comfort,122.160,122.700,NN,11.8849,4.41,6,4.013582
audio19.TextGrid,27,1,he,124.950,125.060,PRP,4.5353,6.69,2,-0.840688
audio19.TextGrid,27,2,knelt,125.060,125.220,VBD,3.3819,2.8,4,-6.251472
audio19.TextGrid,27,3,down,125.220,125.620,RB,6.3418,5.88,3,0.079313
audio19.TextGrid,27,4,and,125.620,125.910,CC,4.1990,7.41,3,-0.388989
audio19.TextGrid,27,5,found,125.910,126.100,VBD,7.1390,5.68,4,0.657625
audio19.TextGrid,27,6,the,126.100,126.170,DT,2.6703,7.73,2,-1.567467
audio19.TextGrid,27,7,tuna,126.170,126.440,NN,4.1428,3.64,4,-4.571239
audio19.TextGrid,27,8,under,126.440,126.710,IN,6.5645,5.73,4,0.137847
audio19.TextGrid,27,9,the,126.710,126.820,DT,1.6963,7.73,2,-2.541467
audio19.TextGrid,27,10,stem,126.820,127.280,NN,13.6160,4.3,4,5.624293
audio19.TextGrid,27,11,with,127.280,127.400,IN,5.1693,6.85,3,-0.031577
audio19.TextGrid,27,12,the,127.400,127.470,DT,1.7163,7.73,2,-2.521467
audio19.TextGrid,27,13,gaff,127.470,127.910,NN,4.1392,2.68,3,-5.625505
audio19.TextGrid,27,14,and,127.910,128.040,CC,4.2658,7.41,2,-0.322189
audio19.TextGrid,27,15,drew,128.040,128.230,VBD,10.5719,4.46,3,2.755304
audio19.TextGrid,27,16,it,128.230,128.290,PRP,5.1344,6.95,2,0.042967
audio19.TextGrid,27,17,toward,128.290,128.650,IN,8.9364,4.72,6,1.404359
audio19.TextGrid,27,18,him,128.650,128.890,PRP,7.3812,6.11,3,1.370435
audio19.TextGrid,27,19,keeping,128.890,129.250,VBG,9.7881,4.84,5,2.387392
audio19.TextGrid,27,20,it,129.250,129.340,PRP,4.4605,6.95,2,-0.630933
audio19.TextGrid,27,21,clear,129.340,129.630,JJ,9.0320,5.25,4,2.080014
audio19.TextGrid,27,22,of,129.630,129.700,IN,3.6179,7.4,2,-0.981033
audio19.TextGrid,27,23,the,129.700,129.780,DT,1.7051,7.73,2,-2.532667
audio19.TextGrid,27,24,coiled,129.780,130.220,JJ,5.0748,2.9,4,-4.449127
audio19.TextGrid,27,25,lines,130.220,130.770,NNS,8.8067,4.95,4,1.526381
audio19.TextGrid,28,1,holding,131.450,131.760,VBG,8.8598,4.89,6,1.513814
audio19.TextGrid,28,2,the,131.760,131.820,DT,2.9928,7.73,2,-1.244967
audio19.TextGrid,28,3,line,131.820,132.110,NN,7.6689,5.49,3,0.979580
audio19.TextGrid,28,4,with,132.110,132.240,IN,4.9287,6.85,3,-0.272177
audio19.TextGrid,28,5,his,132.240,132.450,PRP$,5.3123,6.51,3,-0.260688
audio19.TextGrid,28,6,left,132.450,132.690,JJ,10.8326,5.62,4,4.285558
audio19.TextGrid,28,7,shoulder,132.690,133.060,NN,9.1649,4.5,5,1.392082
audio19.TextGrid,28,8,again,133.060,133.440,RB,8.1613,5.7,4,1.701813
audio19.TextGrid,28,9,and,133.740,133.820,CC,3.7523,7.41,2,-0.835689
audio19.TextGrid,28,10,bracing,133.820,134.270,VBG,7.9394,3.12,6,-1.343750
audio19.TextGrid,28,11,on,134.270,134.400,IN,4.7523,6.91,2,-0.382910
audio19.TextGrid,28,12,his,134.400,134.570,PRP$,5.3283,6.51,3,-0.244688
audio19.TextGrid,28,13,left,134.570,134.830,JJ,10.8407,5.62,4,4.293658
audio19.TextGrid,28,14,hand,134.830,135.110,NN,8.1766,5.41,4,1.399725
audio19.TextGrid,28,15,and,135.110,135.270,CC,3.7102,7.41,3,-0.877789
audio19.TextGrid,28,16,arm,135.270,135.650,NN,10.7254,4.73,3,3.204304
audio19.TextGrid,29,1,he,136.330,136.430,PRP,4.5353,6.69,2,-0.840688
audio19.TextGrid,29,2,took,136.430,136.600,VBD,6.4889,5.51,3,-0.178531
audio19.TextGrid,29,3,the,136.600,136.720,DT,2.4587,7.73,2,-1.779067
audio19.TextGrid,29,4,tuna,136.720,137.000,NN,4.1401,3.64,4,-4.573939
audio19.TextGrid,29,5,off,137.000,137.370,IN,7.5351,5.93,2,1.327335
audio19.TextGrid,29,6,the,137.370,137.450,DT,2.2095,7.73,2,-2.028267
audio19.TextGrid,29,7,gaff,137.450,137.820,NN,4.1387,2.68,3,-5.626005
audio19.TextGrid,29,8,hook,137.820,138.100,NN,10.8199,4.37,3,2.904804
audio19.TextGrid,29,9,and,138.100,138.210,CC,4.4134,7.41,2,-0.174589
audio19.TextGrid,29,10,put,138.210,138.400,VBD,8.3985,5.66,3,1.895236
audio19.TextGrid,29,11,the,138.400,138.490,DT,2.6343,7.73,2,-1.603467
audio19.TextGrid,29,12,gaff,138.490,138.780,NN,4.1410,2.68,3,-5.623705
audio19.TextGrid,29,13,back,138.810,139.080,RB,8.2635,6.04,3,2.176124
audio19.TextGrid,29,14,in,139.080,139.150,IN,3.4976,7.27,2,-1.243611
audio19.TextGrid,29,15,place,139.150,139.680,NN,8.9074,5.71,4,2.458858
audio19.TextGrid,30,1,he,140.440,140.520,PRP,4.5353,6.69,2,-0.840688
audio19.TextGrid,30,2,put,140.520,140.780,VBD,6.6820,5.66,3,0.178736
audio19.TextGrid,30,3,one,140.780,140.950,CD,6.5671,6.47,3,0.950335
audio19.TextGrid,30,4,knee,140.950,141.230,NN,4.8173,4.33,2,-3.141574
audio19.TextGrid,30,5,on,141.230,141.350,IN,4.6371,6.91,2,-0.498110
audio19.TextGrid,30,6,the,141.350,141.430,DT,1.7124,7.73,2,-2.525367
audio19.TextGrid,30,7,fish,141.430,141.810,NN,4.1370,4.9,3,-3.198041
audio19.TextGrid,30,8,and,141.810,141.980,CC,4.4833,7.41,3,-0.104689
audio19.TextGrid,30,9,cut,141.980,142.120,VB,8.4454,5.24,3,1.482470
audio19.TextGrid,30,10,strips,142.120,142.490,NNS,6.9883,3.86,6,-1.484962
audio19.TextGrid,30,11,of,142.490,142.580,IN,3.0100,7.4,2,-1.588933
audio19.TextGrid,30,12,dark,142.580,142.970,JJ,11.1546,5.04,4,3.972781
audio19.TextGrid,30,13,red,142.970,143.220,JJ,9.6109,5.32,3,2.735525
audio19.TextGrid,30,14,meat,143.220,143.490,NN,4.6043,4.63,3,-3.026241
audio19.TextGrid,30,15,longitudinally,143.490,144.370,RB,5.9224,2.53,13,-4.006471
audio19.TextGrid,30,16,from,144.370,144.540,IN,5.0275,6.63,4,-0.414155
audio19.TextGrid,30,17,the,144.540,144.600,DT,1.7364,7.73,2,-2.501367
audio19.TextGrid,30,18,back,144.600,144.870,NN,8.8689,6.04,3,2.781524
audio19.TextGrid,30,19,of,144.870,144.950,IN,3.3196,7.4,2,-1.279333
audio19.TextGrid,30,20,the,144.950,145.050,DT,1.7108,7.73,2,-2.526967
audio19.TextGrid,30,21,head,145.050,145.300,NN,7.8742,5.51,3,1.206769
audio19.TextGrid,30,22,to,145.300,145.400,TO,3.4194,7.43,2,-1.146700
audio19.TextGrid,30,23,the,145.400,145.500,DT,2.2389,7.73,2,-1.998867
audio19.TextGrid,30,24,tail,145.500,145.950,NN,4.1351,4.34,3,-3.812829
audio19.TextGrid,31,1,they,146.750,146.850,PRP,4.6769,6.5,2,-0.907032
audio19.TextGrid,31,2,were,146.850,146.970,VBD,4.5379,6.34,2,-1.221143
audio19.TextGrid,31,3,wedge,146.970,147.310,NN,6.5436,3.62,3,-2.192328
audio19.TextGrid,31,4,shaped,147.310,147.630,VBN,6.3603,4.38,4,-1.543852
audio19.TextGrid,31,5,strips,147.630,148.280,NNS,7.6117,3.86,6,-0.861562
audio19.TextGrid,31,6,and,148.280,148.450,CC,4.3610,7.41,2,-0.226989
audio19.TextGrid,31,7,he,148.450,148.580,PRP,5.1660,6.69,2,-0.209988
audio19.TextGrid,31,8,cut,148.580,148.850,VBD,7.2995,5.24,3,0.336570
audio19.TextGrid,31,9,them,148.850,149.070,PRP,6.6254,6.19,3,0.702190
audio19.TextGrid,31,10,from,149.070,149.330,IN,4.7205,6.63,4,-0.721155
audio19.TextGrid,31,11,next,149.330,149.560,JJ,7.0483,5.7,4,0.588813
audio19.TextGrid,31,12,to,149.560,149.670,TO,5.0501,7.43,2,0.484000
audio19.TextGrid,31,13,the,149.670,149.760,DT,2.4405,7.73,2,-1.797267
audio19.TextGrid,31,14,back,149.760,150.010,NN,8.8755,6.04,3,2.788124
audio19.TextGrid,31,15,bone,150.010,150.350,NN,9.5144,4.47,3,1.708748
audio19.TextGrid,31,16,down,150.350,150.590,RB,7.2068,5.88,3,0.944313
audio19.TextGrid,31,17,to,150.590,150.660,TO,3.7558,7.43,2,-0.810300
audio19.TextGrid,31,18,the,150.660,150.830,DT,3.0308,7.73,2,-1.206967
audio19.TextGrid,31,19,edge,150.830,150.970,NN,11.0435,4.74,2,3.533348
audio19.TextGrid,31,20,of,150.970,151.040,IN,4.0843,7.4,2,-0.514633
audio19.TextGrid,31,21,the,151.040,151.110,DT,1.6923,7.73,2,-2.545467
audio19.TextGrid,31,22,belly,151.110,151.510,NN,4.1351,4.1,4,-4.075496
audio19.TextGrid,32,1,when,152.340,152.470,WRB,6.5749,6.37,3,0.848690
audio19.TextGrid,32,2,he,152.470,152.530,PRP,4.6921,6.69,2,-0.683888
audio19.TextGrid,32,3,had,152.530,152.640,VBD,4.7250,6.33,3,-1.044987
audio19.TextGrid,32,4,cut,152.640,152.910,VBN,8.1048,5.24,3,1.141870
audio19.TextGrid,32,5,six,152.910,153.200,CD,7.9801,5.29,4,1.071892
audio19.TextGrid,32,6,strips,153.200,153.630,NNS,5.8090,3.86,6,-2.664262
audio19.TextGrid,32,7,he,153.630,153.780,PRP,5.6020,6.69,2,0.226012
audio19.TextGrid,32,8,spread,153.780,154.090,VBD,8.6782,4.81,5,1.244659
audio19.TextGrid,32,9,them,154.090,154.240,PRP,6.7747,6.19,3,0.851490
audio19.TextGrid,32,10,out,154.240,154.420,RP,6.5699,6.38,2,0.854635
audio19.TextGrid,32,11,on,154.420,154.520,IN,5.0242,6.91,2,-0.111010
audio19.TextGrid,32,12,the,154.520,154.580,DT,1.7223,7.73,2,-2.515467
audio19.TextGrid,32,13,wood,154.580,154.780,NN,9.9481,4.78,3,2.481726
audio19.TextGrid,32,14,of,154.780,154.860,IN,4.2982,7.4,2,-0.300733
audio19.TextGrid,32,15,the,154.860,154.950,DT,1.6925,7.73,2,-2.545267
audio19.TextGrid,32,16,bow,154.950,155.360,NN,4.1356,4.3,2,-3.856107
audio19.TextGrid,32,17,wiped,155.480,155.770,VBD,5.2931,3.86,4,-3.180162
audio19.TextGrid,32,18,his,155.770,155.940,PRP$,6.0536,6.51,3,0.480612
audio19.TextGrid,32,19,knife,155.940,156.220,NN,10.3521,4.41,3,2.480782
audio19.TextGrid,32,20,on,156.220,156.360,IN,4.5832,6.91,2,-0.552010
audio19.TextGrid,32,21,his,156.360,156.520,PRP$,5.3132,6.51,3,-0.259788
audio19.TextGrid,32,22,trousers,156.520,157.070,NNS,5.5670,3.7,6,-3.081373
audio19.TextGrid,33,1,and,157.540,157.680,CC,3.7036,7.41,3,-0.884389
audio19.TextGrid,33,2,lifted,157.680,157.980,VBD,12.4473,4.1,6,4.236704
audio19.TextGrid,33,3,the,157.980,158.060,DT,2.8250,7.73,2,-1.412767
audio19.TextGrid,33,4,carcass,158.060,158.540,NN,4.1392,3.21,6,-5.045450
audio19.TextGrid,33,5,of,158.540,158.620,IN,3.1154,7.4,2,-1.483533
audio19.TextGrid,33,6,the,158.620,158.720,DT,1.7016,7.73,2,-2.536167
audio19.TextGrid,33,7,bonito,158.720,159.090,NN,4.1366,2.5,6,-5.825105
audio19.TextGrid,33,8,by,159.090,159.260,IN,4.8203,6.66,2,-0.588521
audio19.TextGrid,33,9,the,159.260,159.370,DT,1.7030,7.73,2,-2.534767
audio19.TextGrid,33,10,tail,159.370,159.810,NN,4.1364,4.34,3,-3.811529
audio19.TextGrid,33,11,and,159.810,159.880,CC,4.2206,7.41,2,-0.367389
audio19.TextGrid,33,12,dropped,159.880,160.190,VBD,9.7527,4.73,5,2.231604
audio19.TextGrid,33,13,it,160.190,160.270,PRP,4.5090,6.95,2,-0.582433
audio19.TextGrid,33,14,overboard,160.270,160.870,RP,5.9086,3.43,7,-3.035273
audio19.TextGrid,34,1,i,162.540,162.660,JJ,5.5144,7.09,1,0.576189
audio19.TextGrid,34,2,don,162.660,162.850,VBP,12.6352,4.6,3,4.971826
audio19.TextGrid,34,3,t,162.850,162.880,JJ,4.7475,5.43,1,-2.007486
audio19.TextGrid,34,4,think,162.880,163.070,VBP,7.2357,6.08,4,1.192102
audio19.TextGrid,34,5,i,163.070,163.180,NNS,6.2474,7.09,1,1.309189
audio19.TextGrid,34,6,can,163.180,163.330,MD,6.8873,6.46,3,1.259590
audio19.TextGrid,34,7,eat,163.330,163.490,VB,9.6874,5.13,2,2.604081
audio19.TextGrid,34,8,an,163.490,163.590,DT,5.4231,6.53,2,-0.127999
audio19.TextGrid,34,9,entire,163.590,164.060,JJ,9.1178,5.09,5,1.990703
audio19.TextGrid,34,10,one,164.060,164.370,NN,6.8322,6.47,3,1.215435
audio19.TextGrid,34,11,he,164.620,164.740,PRP,7.0868,6.69,2,1.710812
audio19.TextGrid,34,12,said,164.740,165.090,VBD,4.3020,6.01,3,-1.818209
audio19.TextGrid,34,13,and,165.420,165.520,CC,3.9463,7.41,2,-0.641689
audio19.TextGrid,34,14,drew,165.520,165.720,VBD,9.7350,4.46,3,1.918404
audio19.TextGrid,34,15,his,165.720,165.920,PRP$,6.0942,6.51,3,0.521212
audio19.TextGrid,34,16,knife,165.920,166.230,NN,10.3524,4.41,3,2.481082
audio19.TextGrid,34,17,across,166.230,166.620,IN,8.1810,5.25,5,1.229014
audio19.TextGrid,34,18,one,166.620,166.730,CD,5.7764,6.47,3,0.159635
audio19.TextGrid,34,19,of,166.730,166.800,IN,3.8165,7.4,2,-0.782433
audio19.TextGrid,34,20,the,166.800,166.890,DT,1.7425,7.73,2,-2.495267
audio19.TextGrid,34,21,strips,166.890,167.420,NNS,6.4188,3.86,6,-2.054462
audio19.TextGrid,35,1,he,168.790,168.880,PRP,4.5353,6.69,2,-0.840688
audio19.TextGrid,35,2,could,168.880,169.070,MD,5.0571,6.06,3,-1.008387
audio19.TextGrid,35,3,feel,169.070,169.300,VB,7.2578,5.67,3,0.765480
audio19.TextGrid,35,4,the,169.300,169.400,DT,2.6103,7.73,2,-1.627467
audio19.TextGrid,35,5,steady,169.400,169.800,JJ,8.9359,4.31,5,0.955137
audio19.TextGrid,35,6,hard,169.800,170.030,JJ,9.2740,5.53,4,2.628458
audio19.TextGrid,35,7,pull,170.030,170.230,NN,13.1042,4.82,3,5.681603
audio19.TextGrid,35,8,of,170.230,170.290,IN,3.4255,7.4,2,-1.173433
audio19.TextGrid,35,9,the,170.290,170.400,DT,1.7134,7.73,2,-2.524367
audio19.TextGrid,35,10,line,170.400,170.840,NN,7.6696,5.49,3,0.980280
audio19.TextGrid,35,11,and,171.020,171.140,CC,4.2309,7.41,2,-0.357089
audio19.TextGrid,35,12,his,171.140,171.280,PRP$,6.0673,6.51,3,0.494312
audio19.TextGrid,35,13,left,171.280,171.510,JJ,10.8282,5.62,4,4.281158
audio19.TextGrid,35,14,hand,171.510,171.730,NN,8.1891,5.41,4,1.412225
audio19.TextGrid,35,15,was,171.730,171.880,VBD,5.0357,6.82,3,-0.198010
audio19.TextGrid,35,16,cramped,171.880,172.470,VBN,6.3543,3.28,6,-2.753739
audio19.TextGrid,36,1,it,173.390,173.580,PRP,3.8912,6.95,2,-1.200233
audio19.TextGrid,36,2,drew,173.580,173.740,VBD,9.7677,4.46,3,1.951104
audio19.TextGrid,36,3,up,173.740,173.890,RP,5.1026,6.39,2,-0.601721
audio19.TextGrid,36,4,tight,173.940,174.230,NN,9.6520,4.57,3,1.955793
audio19.TextGrid,36,5,on,174.230,174.350,IN,5.0002,6.91,2,-0.135010
audio19.TextGrid,36,6,the,174.350,174.410,DT,1.7447,7.73,2,-2.493067
audio19.TextGrid,36,7,heavy,174.410,174.670,JJ,8.7552,4.96,4,1.485825
audio19.TextGrid,36,8,cord,174.670,175.120,NN,4.2318,3.98,4,-4.110129
audio19.TextGrid,36,9,and,175.120,175.260,CC,4.2621,7.41,2,-0.325889
audio19.TextGrid,36,10,he,175.260,175.410,PRP,5.2307,6.69,2,-0.145288
audio19.TextGrid,36,11,looked,175.410,175.660,VBD,10.6870,5.11,4,3.581792
audio19.TextGrid,36,12,at,175.660,175.810,IN,4.1943,6.7,2,-1.170744
audio19.TextGrid,36,13,it,175.810,175.920,PRP,3.7780,6.95,2,-1.313433
audio19.TextGrid,36,14,in,175.920,176.040,IN,3.3514,7.27,2,-1.389811
audio19.TextGrid,36,15,disgust,176.040,176.670,NN,5.7909,3.61,7,-2.955973
audio20.TextGrid,1,1,what,0.910,1.140,WP,6.9013,6.38,4,1.186035
audio20.TextGrid,1,2,kind,1.150,1.420,NN,10.6086,5.45,3,3.875503
audio20.TextGrid,1,3,of,1.420,1.520,IN,4.1952,7.4,2,-0.403733
audio20.TextGrid,1,4,a,1.520,1.560,DT,2.5832,7.36,1,-2.059511
audio20.TextGrid,1,5,hand,1.560,1.940,NN,8.1580,5.41,4,1.381125
audio20.TextGrid,1,6,is,1.940,2.110,VBZ,4.2075,7.07,2,-0.752600
audio20.TextGrid,1,7,that,2.110,2.560,IN,4.3813,7.01,3,-0.644466
audio20.TextGrid,1,8,he,2.780,2.890,PRP,5.0791,6.69,2,-0.296888
audio20.TextGrid,1,9,said,2.890,3.310,VBD,4.2919,6.01,3,-1.828309
audio20.TextGrid,2,1,cramp,3.920,4.340,NN,5.9246,3.04,5,-3.446105
audio20.TextGrid,2,2,then,4.340,4.540,RB,8.5967,6.07,3,2.542157
audio20.TextGrid,2,3,if,4.540,4.650,IN,6.4481,6.47,2,0.831335
audio20.TextGrid,2,4,you,4.650,4.730,PRP,5.6745,6.98,2,0.615901
audio20.TextGrid,2,5,want,4.730,5.120,VBP,7.2031,6.04,4,1.115724
audio20.TextGrid,2,6,make,5.370,5.580,VB,6.6599,6.08,3,0.616302
audio20.TextGrid,2,7,yourself,5.580,5.980,PRP,9.6789,5.31,6,2.792581
audio20.TextGrid,2,8,into,5.980,6.190,IN,6.2156,6.11,4,0.204835
audio20.TextGrid,2,9,a,6.190,6.230,DT,2.5681,7.36,1,-2.074611
audio20.TextGrid,2,10,claw,6.230,6.730,NN,4.1371,3.59,3,-4.631662
audio20.TextGrid,3,1,it,7.170,7.300,PRP,3.8912,6.95,2,-1.200233
audio20.TextGrid,3,2,will,7.300,7.400,MD,4.2179,6.45,3,-1.420754
audio20.TextGrid,3,3,do,7.400,7.530,VB,5.1563,6.35,2,-0.591799
audio20.TextGrid,3,4,you,7.530,7.680,PRP,6.4578,6.98,2,1.399201
audio20.TextGrid,3,5,no,7.680,7.870,DT,7.5367,6.35,2,1.788601
audio20.TextGrid,3,6,good,7.870,8.260,JJ,7.1357,6.12,3,1.135879
audio20.TextGrid,4,1,come,10.400,10.590,VB,10.6226,5.78,3,4.250669
audio20.TextGrid,4,2,on,10.590,10.930,IN,4.6963,6.91,2,-0.438910
audio20.TextGrid,4,3,he,10.930,11.260,PRP,4.4365,6.69,2,-0.939488
audio20.TextGrid,4,4,thought,11.260,11.620,VBD,9.5943,5.59,3,3.014425
audio20.TextGrid,4,5,and,11.620,11.790,CC,3.9437,7.41,3,-0.644289
audio20.TextGrid,4,6,looked,11.790,11.970,VBD,9.9287,5.11,4,2.823492
audio20.TextGrid,4,7,down,11.970,12.230,RB,6.2951,5.88,3,0.032613
audio20.TextGrid,4,8,into,12.230,12.380,IN,6.6686,6.11,4,0.657835
audio20.TextGrid,4,9,the,12.380,12.480,DT,1.7138,7.73,2,-2.523967
audio20.TextGrid,4,10,dark,12.480,12.780,JJ,10.7242,5.04,4,3.542381
audio20.TextGrid,4,11,water,12.780,13.120,NN,8.2731,5.52,4,1.616614
audio20.TextGrid,4,12,at,13.120,13.230,IN,4.7502,6.7,2,-0.614844
audio20.TextGrid,4,13,the,13.230,13.310,DT,1.6948,7.73,2,-2.542967
audio20.TextGrid,4,14,slant,13.310,13.640,NN,4.1368,3.18,5,-5.080683
audio20.TextGrid,4,15,of,13.640,13.700,IN,3.1092,7.4,2,-1.489733
audio20.TextGrid,4,16,the,13.700,13.800,DT,1.6943,7.73,2,-2.543467
audio20.TextGrid,4,17,line,13.800,14.160,NN,7.6699,5.49,3,0.980580
audio20.TextGrid,5,1,eat,15.000,15.160,NN,13.8346,5.13,2,6.751281
audio20.TextGrid,5,2,it,15.160,15.330,PRP,4.5916,6.95,2,-0.499833
audio20.TextGrid,5,3,now,15.330,15.660,RB,6.4338,6.18,2,0.499646
audio20.TextGrid,5,4,and,15.660,15.760,CC,3.6608,7.41,3,-0.927189
audio20.TextGrid,5,5,it,15.760,15.880,PRP,4.7139,6.95,2,-0.377533
audio20.TextGrid,5,6,will,15.880,15.970,MD,4.3108,6.45,3,-1.327854
audio20.TextGrid,5,7,strengthen,15.970,16.350,VB,3.7172,4.04,8,-4.559062
audio20.TextGrid,5,8,the,16.350,16.430,DT,2.2845,7.73,2,-1.953267
audio20.TextGrid,5,9,hand,16.430,16.900,NN,8.1588,5.41,4,1.381925
audio20.TextGrid,6,1,it,17.520,17.610,PRP,3.8912,6.95,2,-1.200233
audio20.TextGrid,6,2,is,17.610,17.700,VBZ,3.3590,7.07,2,-1.601100
audio20.TextGrid,6,3,not,17.700,17.850,RB,5.6653,6.69,3,0.289312
audio20.TextGrid,6,4,the,17.850,17.960,DT,3.7103,7.73,2,-0.527467
audio20.TextGrid,6,5,hand,17.960,18.230,NN,8.2472,5.41,4,1.470325
audio20.TextGrid,6,6,s,18.230,18.330,NN,5.4342,5.86,1,-0.850176
audio20.TextGrid,6,7,fault,18.330,18.670,NN,10.5970,4.64,4,2.977404
audio20.TextGrid,6,8,and,18.670,18.770,CC,4.3076,7.41,2,-0.280389
audio20.TextGrid,6,9,you,18.770,18.900,PRP,6.7382,6.98,2,1.679601
audio20.TextGrid,6,10,have,18.900,18.990,VBP,4.9527,6.71,3,-0.401399
audio20.TextGrid,6,11,been,18.990,19.130,VBN,5.9422,6.27,3,0.106546
audio20.TextGrid,6,12,many,19.130,19.400,JJ,7.3308,5.91,4,1.101146
audio20.TextGrid,6,13,hours,19.400,19.790,NNS,7.9071,5.4,3,1.119280
audio20.TextGrid,6,14,with,19.790,19.900,IN,4.4441,6.85,3,-0.756777
audio20.TextGrid,6,15,the,19.900,19.980,DT,1.6967,7.73,2,-2.541067
audio20.TextGrid,6,16,fish,19.980,20.350,NN,4.1366,4.9,3,-3.198441
audio20.TextGrid,7,1,but,21.270,21.470,CC,5.3198,6.63,3,-0.121855
audio20.TextGrid,7,2,you,21.470,21.540,PRP,5.9151,6.98,2,0.856501
audio20.TextGrid,7,3,can,21.540,21.660,MD,5.2767,6.46,3,-0.351010
audio20.TextGrid,7,4,stay,21.660,21.900,VB,7.9825,5.33,3,1.118069
audio20.TextGrid,7,5,with,21.900,22.060,IN,5.1807,6.85,3,-0.020177
audio20.TextGrid,7,6,him,22.060,22.190,PRP,7.4001,6.11,3,1.389335
audio20.TextGrid,7,7,forever,22.190,22.730,RB,5.4146,4.74,5,-2.095552
audio20.TextGrid,8,1,eat,23.430,23.570,VB,13.8346,5.13,2,6.751281
audio20.TextGrid,8,2,the,23.570,23.680,DT,2.4931,7.73,2,-1.744667
audio20.TextGrid,8,3,bonito,23.680,24.110,NN,4.1381,2.5,6,-5.823605
audio20.TextGrid,8,4,now,24.110,24.590,RB,6.6871,6.18,2,0.752946
audio20.TextGrid,9,1,he,26.760,26.860,PRP,4.5353,6.69,2,-0.840688
audio20.TextGrid,9,2,picked,26.860,27.100,VBD,9.8211,4.72,4,2.289059
audio20.TextGrid,9,3,up,27.100,27.220,RP,5.0515,6.39,2,-0.652821
audio20.TextGrid,9,4,a,27.220,27.270,DT,3.4064,7.36,1,-1.236311
audio20.TextGrid,9,5,piece,27.270,27.630,NN,9.5520,5.04,3,2.370181
audio20.TextGrid,9,6,and,27.630,27.740,CC,4.4051,7.41,2,-0.182889
audio20.TextGrid,9,7,put,27.740,27.980,VB,8.1861,5.66,3,1.682836
audio20.TextGrid,9,8,it,27.980,28.080,PRP,4.7086,6.95,2,-0.382833
audio20.TextGrid,9,9,in,28.080,28.190,IN,3.2221,7.27,2,-1.519111
audio20.TextGrid,9,10,his,28.190,28.340,PRP$,5.3068,6.51,3,-0.266188
audio20.TextGrid,9,11,mouth,28.340,28.690,NN,4.2576,4.83,3,-3.154052
audio20.TextGrid,9,12,and,28.690,28.830,CC,4.3930,7.41,3,-0.194989
audio20.TextGrid,9,13,chewed,28.830,29.100,VBD,5.2131,3.24,3,-3.938717
audio20.TextGrid,9,14,it,29.100,29.210,PRP,4.5510,6.95,2,-0.540433
audio20.TextGrid,9,15,slowly,29.210,29.720,RB,9.7538,4.63,5,2.123259
audio20.TextGrid,10,1,it,30.490,30.600,PRP,3.8912,6.95,2,-1.200233
audio20.TextGrid,10,2,was,30.600,30.730,VBD,3.9158,6.82,3,-1.317910
audio20.TextGrid,10,3,not,30.730,30.910,RB,5.4771,6.69,3,0.101112
audio20.TextGrid,10,4,unpleasant,30.910,31.530,JJ,11.0242,3.8,9,2.485271
audio20.TextGrid,11,1,chew,33.000,33.220,NN,5.9246,3.66,2,-2.767551
audio20.TextGrid,11,2,it,33.220,33.310,PRP,6.6227,6.95,2,1.531267
audio20.TextGrid,11,3,well,33.310,33.640,RB,7.8931,6.03,3,1.794780
audio20.TextGrid,11,4,he,33.800,33.930,PRP,6.2184,6.69,2,0.842412
audio20.TextGrid,11,5,thought,33.930,34.300,VBD,8.9000,5.59,3,2.320125
audio20.TextGrid,11,6,and,34.580,34.640,CC,4.0128,7.41,2,-0.575189
audio20.TextGrid,11,7,get,34.640,34.810,VB,5.8999,6.28,3,0.075190
audio20.TextGrid,11,8,all,34.810,34.970,DT,6.0741,6.52,2,0.512057
audio20.TextGrid,11,9,the,34.970,35.070,DT,3.9508,7.73,2,-0.286967
audio20.TextGrid,11,10,juices,35.070,35.740,NNS,7.2860,3.42,5,-1.668817
audio20.TextGrid,12,1,it,36.570,36.720,PRP,3.8912,6.95,2,-1.200233
audio20.TextGrid,12,2,would,36.720,36.840,MD,4.5105,6.27,3,-1.325154
audio20.TextGrid,12,3,not,36.840,37.110,RB,6.1838,6.69,3,0.807812
audio20.TextGrid,12,4,be,37.110,37.210,VB,4.4485,6.79,2,-0.818044
audio20.TextGrid,12,5,had,37.210,37.450,VBN,6.4218,6.33,3,0.651813
audio20.TextGrid,12,6,to,37.450,37.530,TO,3.3392,7.43,2,-1.226900
audio20.TextGrid,12,7,eat,37.530,37.710,VB,9.8851,5.13,2,2.801781
audio20.TextGrid,12,8,with,37.710,37.830,IN,5.2889,6.85,3,0.088023
audio20.TextGrid,12,9,a,37.830,37.860,DT,2.6003,7.36,1,-2.042411
audio20.TextGrid,12,10,little,37.860,38.070,JJ,7.7935,5.75,5,1.388736
audio20.TextGrid,12,11,lime,38.070,38.560,NN,4.1207,3.86,3,-4.352562
audio20.TextGrid,12,12,or,38.560,38.710,CC,5.9926,6.54,2,0.452446
audio20.TextGrid,12,13,with,38.710,38.930,IN,5.9948,6.85,3,0.793923
audio20.TextGrid,12,14,lemon,38.930,39.240,JJ,5.3205,4.1,5,-2.890096
audio20.TextGrid,12,15,or,39.240,39.270,CC,5.4508,6.54,1,-0.089354
audio20.TextGrid,12,16,with,39.570,39.910,IN,6.6589,6.85,3,1.458023
audio20.TextGrid,12,17,salt,39.910,40.380,NN,11.0883,4.6,4,3.424926
audio20.TextGrid,13,1,how,42.470,42.610,WRB,7.8277,6.24,2,1.959213
audio20.TextGrid,13,2,do,42.610,42.690,VBP,7.7790,6.35,2,2.030901
audio20.TextGrid,13,3,you,42.690,42.800,PRP,6.0882,6.98,2,1.029601
audio20.TextGrid,13,4,feel,42.800,43.160,VB,7.9960,5.67,3,1.503680
audio20.TextGrid,13,5,hand,43.160,43.520,NN,10.5897,5.41,4,3.812825
audio20.TextGrid,13,6,he,43.520,43.860,PRP,6.0597,6.69,2,0.683712
audio20.TextGrid,13,7,asked,43.860,44.080,VBD,7.5614,5.3,3,0.664136
audio20.TextGrid,13,8,the,44.100,44.190,DT,2.5073,7.73,2,-1.730467
audio20.TextGrid,13,9,cramped,44.190,44.560,JJ,5.0794,3.28,6,-4.028639
audio20.TextGrid,13,10,hand,44.560,44.790,NN,8.3465,5.41,4,1.569625
audio20.TextGrid,13,11,that,44.790,44.920,WDT,4.2298,7.01,3,-0.795966
audio20.TextGrid,13,12,was,44.920,45.020,VBD,6.1787,6.82,3,0.944990
audio20.TextGrid,13,13,almost,45.020,45.440,RB,7.3344,5.39,6,0.535636
audio20.TextGrid,13,14,as,45.440,45.530,RB,4.9675,6.77,2,-0.320932
audio20.TextGrid,13,15,stiff,45.530,45.890,JJ,10.4685,3.9,4,2.039016
audio20.TextGrid,13,16,as,45.890,46.030,IN,5.8229,6.77,2,0.534468
audio20.TextGrid,13,17,rigor,46.030,46.310,NN,5.8657,3.07,4,-3.472172
audio20.TextGrid,13,18,mortis,46.310,46.840,NN,5.1436,2.63,6,-4.675827
audio20.TextGrid,14,1,i,47.760,47.890,NN,5.5144,7.09,1,0.576189
audio20.TextGrid,14,2,ll,47.890,47.960,VBP,3.9811,4.66,1,-3.616607
audio20.TextGrid,14,3,eat,47.960,48.120,VB,10.6645,5.13,2,3.581181
audio20.TextGrid,14,4,some,48.120,48.280,DT,6.1889,6.2,3,0.276635
audio20.TextGrid,14,5,more,48.280,48.540,JJR,6.2241,6.36,3,0.486946
audio20.TextGrid,14,6,for,48.540,48.790,IN,4.8145,7.01,3,-0.211266
audio20.TextGrid,14,7,you,48.790,48.980,PRP,5.9881,6.98,2,0.929501
audio20.TextGrid,15,1,he,50.810,50.970,PRP,4.5353,6.69,2,-0.840688
audio20.TextGrid,15,2,ate,50.970,51.060,VBD,3.3819,4.34,2,-4.566029
audio20.TextGrid,15,3,the,51.060,51.240,DT,2.4671,7.73,2,-1.770667
audio20.TextGrid,15,4,other,51.240,51.390,JJ,5.7847,6.16,3,-0.171343
audio20.TextGrid,15,5,part,51.390,51.620,NN,6.4012,5.78,4,0.029269
audio20.TextGrid,15,6,of,51.620,51.690,IN,3.0376,7.4,2,-1.561333
audio20.TextGrid,15,7,the,51.690,51.770,DT,1.6935,7.73,2,-2.544267
audio20.TextGrid,15,8,piece,51.770,52.100,NN,9.5432,5.04,3,2.361381
audio20.TextGrid,15,9,that,52.100,52.220,IN,4.3520,7.01,3,-0.673766
audio20.TextGrid,15,10,he,52.220,52.280,PRP,4.7295,6.69,2,-0.646488
audio20.TextGrid,15,11,had,52.280,52.390,VBD,5.8934,6.33,3,0.123413
audio20.TextGrid,15,12,cut,52.390,52.610,VBN,8.0876,5.24,3,1.124670
audio20.TextGrid,15,13,in,52.610,52.730,IN,3.4768,7.27,2,-1.264411
audio20.TextGrid,15,14,two,52.730,53.090,CD,6.0259,6.1,2,0.004191
audio20.TextGrid,15,15,he,53.480,53.590,PRP,7.4890,6.69,2,2.113012
audio20.TextGrid,15,16,chewed,53.590,53.830,VBD,4.2817,3.24,3,-4.870117
audio20.TextGrid,15,17,it,53.830,53.930,PRP,4.5357,6.95,2,-0.555733
audio20.TextGrid,15,18,carefully,53.930,54.440,RB,11.0588,4.46,7,3.242204
audio20.TextGrid,15,19,and,54.440,54.520,CC,3.6905,7.41,2,-0.897489
audio20.TextGrid,15,20,then,54.520,54.720,RB,6.4455,6.07,3,0.390957
audio20.TextGrid,15,21,spat,54.720,55.040,VB,4.6301,3.3,4,-4.456050
audio20.TextGrid,15,22,out,55.040,55.160,RP,5.7004,6.38,2,-0.014865
audio20.TextGrid,15,23,the,55.160,55.290,DT,2.3595,7.73,2,-1.878267
audio20.TextGrid,15,24,skin,55.290,55.520,NN,9.1409,4.91,4,1.816803
audio20.TextGrid,15,25,how,55.520,55.610,WRB,7.4019,6.24,2,1.533413
audio20.TextGrid,16,1,does,56.850,57.050,VBZ,9.8908,5.74,3,3.475091
audio20.TextGrid,16,2,it,57.050,57.230,PRP,4.5538,6.95,2,-0.537633
audio20.TextGrid,16,3,go,57.230,57.570,VB,8.0097,6.03,2,1.911380
audio20.TextGrid,16,4,hand,57.570,58.000,NN,10.4328,5.41,4,3.655925
audio20.TextGrid,16,5,or,58.320,58.450,CC,5.5228,6.54,2,-0.017354
audio20.TextGrid,16,6,is,58.450,58.560,VBZ,5.2993,7.07,2,0.339200
audio20.TextGrid,16,7,it,58.560,58.740,PRP,4.6653,6.95,2,-0.426133
audio20.TextGrid,16,8,too,58.740,58.920,RB,7.7362,5.95,2,1.550324
audio20.TextGrid,16,9,early,58.920,59.100,JJ,7.2903,5.43,3,0.535314
audio20.TextGrid,16,10,to,59.100,59.240,TO,3.5302,7.43,2,-1.035900
audio20.TextGrid,16,11,know,59.240,59.580,VB,7.2707,6.1,2,1.248991
audio20.TextGrid,17,1,he,61.050,61.150,PRP,4.5353,6.69,2,-0.840688
audio20.TextGrid,17,2,took,61.150,61.330,VBD,6.4889,5.51,3,-0.178531
audio20.TextGrid,17,3,another,61.330,61.650,DT,7.0552,5.74,5,0.639491
audio20.TextGrid,17,4,full,61.650,61.900,JJ,7.6813,5.54,3,1.046702
audio20.TextGrid,17,5,piece,61.900,62.300,NN,9.3970,5.04,3,2.215181
audio20.TextGrid,17,6,and,62.300,62.470,CC,4.5491,7.41,3,-0.038889
audio20.TextGrid,17,7,chewed,62.470,62.720,VBD,4.6551,3.24,3,-4.496717
audio20.TextGrid,17,8,it,62.720,62.930,PRP,4.5513,6.95,2,-0.540133
audio20.TextGrid,18,1,it,64.310,64.470,PRP,3.8912,6.95,2,-1.200233
audio20.TextGrid,18,2,is,64.470,64.580,VBZ,3.3590,7.07,2,-1.601100
audio20.TextGrid,18,3,a,64.580,64.660,DT,3.5087,7.36,1,-1.134011
audio20.TextGrid,18,4,strong,64.660,65.270,JJ,7.5078,5.22,5,0.522981
audio20.TextGrid,18,5,full,65.270,65.540,JJ,8.2836,5.54,3,1.649002
audio20.TextGrid,18,6,blooded,65.540,65.970,VBD,7.9993,3.34,6,-1.043072
audio20.TextGrid,18,7,fish,65.970,66.380,NN,5.7808,4.9,3,-1.554241
audio20.TextGrid,18,8,he,66.520,66.610,PRP,6.9298,6.69,2,1.553812
audio20.TextGrid,18,9,thought,66.610,66.980,VBD,8.8251,5.59,3,2.245225
audio20.TextGrid,18,10,i,67.300,67.410,NN,6.3189,7.09,1,1.380689
audio20.TextGrid,18,11,was,67.410,67.600,VBD,4.9189,6.82,3,-0.314810
audio20.TextGrid,18,12,lucky,67.600,67.850,JJ,11.5070,4.77,4,4.029681
audio20.TextGrid,18,13,to,67.850,67.950,TO,3.4430,7.43,2,-1.123100
audio20.TextGrid,18,14,get,67.950,68.150,VB,6.0253,6.28,3,0.200590
audio20.TextGrid,18,15,him,68.150,68.330,PRP,8.0270,6.11,3,2.016235
audio20.TextGrid,18,16,instead,68.330,68.650,RB,8.3435,5.24,6,1.380570
audio20.TextGrid,18,17,of,68.650,68.720,IN,3.2155,7.4,2,-1.383433
audio20.TextGrid,18,18,dolphin,68.720,69.240,NN,11.0449,3.67,6,2.363694
audio20.TextGrid,19,1,dolphin,70.000,70.330,NN,11.1384,3.67,6,2.457194
audio20.TextGrid,19,2,is,70.330,70.440,VBZ,4.5180,7.07,2,-0.442100
audio20.TextGrid,19,3,too,70.440,70.610,RB,7.4339,5.95,2,1.248024
audio20.TextGrid,19,4,sweet,70.610,71.120,JJ,10.0055,4.91,4,2.681403
audio20.TextGrid,20,1,this,71.770,71.940,DT,4.8800,6.82,3,-0.353710
audio20.TextGrid,20,2,is,71.940,72.050,VBZ,7.0374,7.07,2,2.077300
audio20.TextGrid,20,3,hardly,72.050,72.390,RB,9.2200,4.53,6,1.480015
audio20.TextGrid,20,4,sweet,72.390,72.650,JJ,10.0034,4.91,4,2.679303
audio20.TextGrid,20,5,at,72.650,72.750,IN,4.9198,6.7,2,-0.445244
audio20.TextGrid,20,6,all,72.750,73.140,DT,5.4515,6.52,2,-0.110543
audio20.TextGrid,20,7,and,73.140,73.260,CC,3.3257,7.41,2,-1.262289
audio20.TextGrid,20,8,all,73.260,73.430,PDT,5.9538,6.52,2,0.391757
audio20.TextGrid,20,9,the,73.430,73.540,DT,3.9788,7.73,2,-0.258967
audio20.TextGrid,20,10,strength,73.540,73.940,NN,9.0444,4.8,6,1.599915
audio20.TextGrid,20,11,is,73.940,74.060,VBZ,5.2155,7.07,2,0.255400
audio20.TextGrid,20,12,still,74.060,74.350,RB,6.8091,5.92,4,0.590391
audio20.TextGrid,20,13,in,74.350,74.450,IN,3.7520,7.27,2,-0.989211
audio20.TextGrid,20,14,it,74.490,74.660,PRP,3.8482,6.95,2,-1.243233
audio20.TextGrid,21,1,there,76.910,77.060,EX,5.7321,6.31,3,-0.059776
audio20.TextGrid,21,2,is,77.060,77.190,VBZ,3.4079,7.07,2,-1.552200
audio20.TextGrid,21,3,no,77.190,77.380,DT,6.4200,6.35,2,0.671901
audio20.TextGrid,21,4,sense,77.380,77.730,NN,8.4869,5.19,4,1.469247
audio20.TextGrid,21,5,in,77.730,77.850,IN,3.5196,7.27,2,-1.221611
audio20.TextGrid,21,6,being,77.850,78.150,VBG,8.2654,5.95,4,2.079524
audio20.TextGrid,21,7,anything,78.150,78.510,NN,9.1298,5.55,6,2.506147
audio20.TextGrid,21,8,but,78.510,78.660,CC,5.9521,6.63,3,0.510445
audio20.TextGrid,21,9,practical,78.660,79.190,JJ,10.3335,4.48,9,2.538793
audio20.TextGrid,21,10,though,79.190,79.460,IN,8.4503,5.5,2,1.771925
audio20.TextGrid,21,11,he,79.640,79.760,PRP,4.5033,6.69,2,-0.872688
audio20.TextGrid,21,12,thought,79.760,80.090,VBD,9.3153,5.59,3,2.735425
audio20.TextGrid,22,1,i,80.730,80.830,JJ,5.5144,7.09,1,0.576189
audio20.TextGrid,22,2,wish,80.830,81.040,NN,9.0633,5.18,3,2.034703
audio20.TextGrid,22,3,i,81.040,81.150,NN,6.0510,7.09,1,1.112789
audio20.TextGrid,22,4,had,81.150,81.320,VBD,6.7946,6.33,3,1.024613
audio20.TextGrid,22,5,some,81.320,81.450,DT,5.9286,6.2,3,0.016335
audio20.TextGrid,22,6,salt,81.450,81.910,NN,11.0715,4.6,4,3.408126
audio20.TextGrid,23,1,and,83.010,83.110,CC,3.7036,7.41,3,-0.884389
audio20.TextGrid,23,2,i,83.110,83.220,VB,5.7252,7.09,1,0.786989
audio20.TextGrid,23,3,do,83.220,83.350,VBP,5.3274,6.35,2,-0.420699
audio20.TextGrid,23,4,not,83.350,83.560,RB,5.5340,6.69,3,0.158012
audio20.TextGrid,23,5,know,83.560,83.690,VB,7.8083,6.1,2,1.786591
audio20.TextGrid,23,6,whether,83.690,83.940,IN,7.8502,5.32,4,0.974825
audio20.TextGrid,23,7,the,83.940,84.050,DT,1.7162,7.73,2,-2.521567
audio20.TextGrid,23,8,sun,84.050,84.290,NN,10.3551,4.97,3,3.096670
audio20.TextGrid,23,9,will,84.290,84.620,MD,7.5266,6.45,3,1.887946
audio20.TextGrid,23,10,rot,84.620,84.910,VB,3.7358,3.7,3,-4.912573
audio20.TextGrid,23,11,or,84.910,85.090,CC,5.7148,6.54,2,0.174646
audio20.TextGrid,23,12,dry,85.090,85.450,VB,11.3472,4.74,3,3.837048
audio20.TextGrid,23,13,what,85.450,85.630,WP,6.9341,6.38,3,1.218835
audio20.TextGrid,23,14,is,85.630,85.790,VBZ,3.7969,7.07,2,-1.163200
audio20.TextGrid,23,15,left,85.790,86.090,VBN,8.6152,5.62,4,2.068158
audio20.TextGrid,23,16,so,86.090,86.240,RB,5.9390,6.52,2,0.376957
audio20.TextGrid,23,17,i,86.240,86.340,JJ,6.3194,7.09,1,1.381189
audio20.TextGrid,23,18,had,86.340,86.500,VBD,6.5058,6.33,3,0.735813
audio20.TextGrid,23,19,better,86.500,86.790,RBR,8.0583,5.76,4,1.664480
audio20.TextGrid,23,20,eat,86.790,86.980,VB,12.1149,5.13,2,5.031581
audio20.TextGrid,23,21,it,86.980,87.090,PRP,4.8064,6.95,2,-0.285033
audio20.TextGrid,23,22,all,87.090,87.510,DT,7.1723,6.52,2,1.610257
audio20.TextGrid,23,23,although,87.790,88.110,IN,9.0659,5.3,4,2.168636
audio20.TextGrid,23,24,i,88.110,88.240,NN,5.4575,7.09,1,0.519289
audio20.TextGrid,23,25,am,88.240,88.340,VBP,10.7755,5.78,2,4.403569
audio20.TextGrid,23,26,not,88.340,88.530,RB,5.5234,6.69,3,0.147412
audio20.TextGrid,23,27,hungry,88.530,88.970,JJ,5.3580,4.45,6,-2.469541
audio20.TextGrid,24,1,the,89.700,89.780,DT,1.8241,7.73,2,-2.413667
audio20.TextGrid,24,2,fish,89.780,90.060,NN,4.1358,4.9,3,-3.199241
audio20.TextGrid,24,3,is,90.060,90.160,VBZ,3.6170,7.07,2,-1.343100
audio20.TextGrid,24,4,calm,90.160,90.510,JJ,5.8983,4.54,4,-1.830741
audio20.TextGrid,24,5,and,90.510,90.620,CC,3.7331,7.41,3,-0.854889
audio20.TextGrid,24,6,steady,90.620,91.050,JJ,8.1743,4.31,5,0.193537
audio20.TextGrid,25,1,i,91.450,91.550,NN,5.5144,7.09,1,0.576189
audio20.TextGrid,25,2,will,91.550,91.700,MD,4.2229,6.45,3,-1.415754
audio20.TextGrid,25,3,eat,91.700,91.860,VB,9.6808,5.13,2,2.597481
audio20.TextGrid,25,4,it,91.860,91.960,PRP,4.8722,6.95,2,-0.219233
audio20.TextGrid,25,5,all,91.960,92.230,DT,7.5092,6.52,2,1.947157
audio20.TextGrid,25,6,and,92.630,92.730,CC,3.3449,7.41,2,-1.243089
audio20.TextGrid,25,7,then,92.730,92.870,RB,8.1088,6.07,3,2.054257
audio20.TextGrid,25,8,i,92.870,92.950,VB,7.5555,7.09,1,2.617289
audio20.TextGrid,25,9,will,92.950,93.130,MD,5.2727,6.45,3,-0.365954
audio20.TextGrid,25,10,be,93.130,93.260,VB,3.7206,6.79,2,-1.545944
audio20.TextGrid,25,11,ready,93.260,93.650,JJ,10.8037,5.28,4,3.884547
audio20.TextGrid,26,1,be,95.280,95.390,VB,8.5148,6.79,2,3.248256
audio20.TextGrid,26,2,patient,95.390,95.810,JJ,11.7817,4.77,6,4.304381
audio20.TextGrid,26,3,hand,95.810,96.190,NN,9.5833,5.41,4,2.806425
audio20.TextGrid,26,4,he,96.440,96.570,PRP,6.3859,6.69,2,1.009912
audio20.TextGrid,26,5,said,96.570,96.830,VBD,3.6736,6.01,3,-2.446609
audio20.TextGrid,26,6,i,96.830,96.940,RB,6.1705,7.09,1,1.232289
audio20.TextGrid,26,7,do,96.940,97.130,VBP,6.2478,6.35,2,0.499701
audio20.TextGrid,26,8,this,97.130,97.340,DT,5.5933,6.82,3,0.359590
audio20.TextGrid,26,9,for,97.340,97.450,IN,6.0659,7.01,2,1.040134
audio20.TextGrid,26,10,you,97.450,99.320,PRP,5.6388,6.98,2,0.580201
audio20.TextGrid,26,11,i,99.350,99.430,VBP,7.5485,7.09,1,2.610289
audio20.TextGrid,26,12,wish,99.430,99.630,JJ,10.0235,5.18,3,2.994903
audio20.TextGrid,26,13,i,99.630,99.710,NN,6.1713,7.09,1,1.233089
audio20.TextGrid,26,14,could,99.710,99.910,MD,6.7477,6.06,3,0.682213
audio20.TextGrid,26,15,feed,99.910,100.100,VB,8.9917,4.67,3,1.404937
audio20.TextGrid,26,16,the,100.100,100.210,DT,2.7591,7.73,2,-1.478667
audio20.TextGrid,26,17,fish,100.210,100.640,NN,4.1414,4.9,3,-3.193641
audio20.TextGrid,26,18,he,100.820,100.920,PRP,6.6394,6.69,2,1.263412
audio20.TextGrid,26,19,thought,100.920,101.300,VBD,8.7437,5.59,3,2.163825
audio20.TextGrid,26,20,he,101.560,101.700,PRP,5.3195,6.69,2,-0.056488
audio20.TextGrid,26,21,is,101.700,101.790,VBZ,4.3074,7.07,2,-0.652700
audio20.TextGrid,26,22,my,101.790,101.950,PRP$,8.0498,6.57,2,2.542479
audio20.TextGrid,26,23,brother,101.950,102.380,NN,4.2530,5.11,5,-2.852208
audio20.TextGrid,27,1,but,103.090,103.210,CC,5.3198,6.63,3,-0.121855
audio20.TextGrid,27,2,i,103.210,103.290,NN,5.7238,7.09,1,0.785589
audio20.TextGrid,27,3,must,103.290,103.540,MD,6.8809,5.68,4,0.399525
audio20.TextGrid,27,4,kill,103.540,103.800,VB,8.5218,5.09,3,1.394703
audio20.TextGrid,27,5,him,103.800,104.060,PRP,8.0999,6.11,2,2.089135
audio20.TextGrid,27,6,and,104.060,104.180,CC,4.3918,7.41,2,-0.196189
audio20.TextGrid,27,7,keep,104.180,104.480,VB,8.0245,5.66,3,1.521236
audio20.TextGrid,27,8,strong,104.480,105.010,JJ,8.2347,5.22,5,1.249881
audio20.TextGrid,27,9,to,105.010,105.140,TO,3.5796,7.43,2,-0.986500
audio20.TextGrid,27,10,do,105.140,105.390,VB,5.4297,6.35,2,-0.318399
audio20.TextGrid,27,11,it,105.390,105.590,PRP,4.6409,6.95,2,-0.450533
audio20.TextGrid,28,1,slowly,106.700,107.110,RB,9.6256,4.63,5,1.995059
audio20.TextGrid,28,2,and,107.110,107.190,CC,2.9248,7.41,2,-1.663189
audio20.TextGrid,28,3,conscientiously,107.190,108.090,RB,4.5423,2.36,12,-5.572627
audio20.TextGrid,28,4,he,108.090,108.270,PRP,5.2958,6.69,2,-0.080188
audio20.TextGrid,28,5,ate,108.270,108.480,VB,3.9308,4.34,2,-4.017129
audio20.TextGrid,28,6,all,108.480,108.870,DT,5.9972,6.52,2,0.435157
audio20.TextGrid,28,7,of,108.870,108.940,IN,4.8945,7.4,2,0.295567
audio20.TextGrid,28,8,the,108.940,109.020,DT,1.7151,7.73,2,-2.522667
audio20.TextGrid,28,9,wedge,109.020,109.340,NN,4.1365,3.62,3,-4.599428
audio20.TextGrid,28,10,shaped,109.340,109.630,VBD,5.5088,4.38,4,-2.395352
audio20.TextGrid,28,11,strips,109.630,110.020,NNS,7.5291,3.86,6,-0.944162
audio20.TextGrid,28,12,of,110.020,110.100,IN,2.7594,7.4,2,-1.839533
audio20.TextGrid,28,13,fish,110.100,110.500,NN,5.7934,4.9,3,-1.541641
audio20.TextGrid,29,1,he,111.730,111.840,PRP,4.5353,6.69,2,-0.840688
audio20.TextGrid,29,2,straightened,111.840,112.260,VBD,3.3819,3.13,8,-5.890305
audio20.TextGrid,29,3,up,112.260,112.440,RP,5.0512,6.39,2,-0.653121
audio20.TextGrid,29,4,wiping,112.780,113.150,VBG,7.6302,3.44,5,-1.302728
audio20.TextGrid,29,5,his,113.150,113.310,PRP$,5.8503,6.51,3,0.277312
audio20.TextGrid,29,6,hand,113.310,113.590,NN,8.2777,5.41,4,1.500825
audio20.TextGrid,29,7,on,113.590,113.720,IN,4.7006,6.91,2,-0.434610
audio20.TextGrid,29,8,his,113.720,113.880,PRP$,5.3090,6.51,3,-0.263988
audio20.TextGrid,29,9,trousers,113.880,114.460,NNS,5.5671,3.7,6,-3.081273
audio20.TextGrid,30,1,now,115.620,116.060,RB,6.7634,6.18,2,0.829246
audio20.TextGrid,30,2,he,116.060,116.480,PRP,5.3385,6.69,2,-0.037488
audio20.TextGrid,30,3,said,116.480,116.870,VBD,3.4135,6.01,3,-2.706709
audio20.TextGrid,30,4,you,117.360,117.460,PRP,6.3638,6.98,2,1.305201
audio20.TextGrid,30,5,can,117.460,117.630,MD,6.2010,6.46,3,0.573290
audio20.TextGrid,30,6,let,117.630,117.790,VB,7.5307,5.6,3,0.961769
audio20.TextGrid,30,7,the,117.790,117.900,DT,2.3522,7.73,2,-1.885567
audio20.TextGrid,30,8,cord,117.900,118.200,NN,4.1392,3.98,4,-4.202729
audio20.TextGrid,30,9,go,118.200,118.540,VB,8.6847,6.03,2,2.586380
audio20.TextGrid,30,10,hand,118.540,118.910,NN,10.4384,5.41,4,3.661525
audio20.TextGrid,30,11,and,118.910,119.070,CC,4.0736,7.41,3,-0.514389
audio20.TextGrid,30,12,i,119.070,119.210,NN,6.1671,7.09,1,1.228889
audio20.TextGrid,30,13,will,119.210,119.400,MD,5.0807,6.45,3,-0.557954
audio20.TextGrid,30,14,handle,119.400,119.720,VB,8.9003,4.79,6,1.444870
audio20.TextGrid,30,15,him,119.720,119.870,PRP,7.9661,6.11,2,1.955335
audio20.TextGrid,30,16,with,119.870,119.990,IN,4.6987,6.85,3,-0.502177
audio20.TextGrid,30,17,the,119.990,120.070,DT,1.6961,7.73,2,-2.541667
audio20.TextGrid,30,18,right,120.070,120.320,JJ,6.9867,5.96,3,0.811769
audio20.TextGrid,30,19,arm,120.320,120.530,NN,10.0846,4.73,3,2.563504
audio20.TextGrid,30,20,alone,120.530,120.900,RB,9.5795,5.16,4,2.529014
audio20.TextGrid,30,21,until,120.900,121.160,IN,7.5296,5.61,5,0.971613
audio20.TextGrid,30,22,you,121.160,121.360,PRP,5.6600,6.98,2,0.601401
audio20.TextGrid,30,23,stop,121.360,121.740,VBP,9.2834,5.52,4,2.626914
audio20.TextGrid,30,24,that,121.740,121.990,IN,4.3693,7.01,3,-0.656466
audio20.TextGrid,30,25,nonsense,121.990,122.670,NN,5.3263,4.21,7,-2.763907
audio20.TextGrid,31,1,he,123.920,124.020,PRP,4.5353,6.69,2,-0.840688
audio20.TextGrid,31,2,put,124.020,124.220,VBD,6.6820,5.66,3,0.178736
audio20.TextGrid,31,3,his,124.220,124.380,PRP$,6.1255,6.51,3,0.552512
audio20.TextGrid,31,4,left,124.380,124.630,JJ,10.8583,5.62,4,4.311258
audio20.TextGrid,31,5,foot,124.630,124.890,NN,9.7483,4.87,3,2.380426
audio20.TextGrid,31,6,on,124.890,125.030,IN,5.0250,6.91,2,-0.110210
audio20.TextGrid,31,7,the,125.030,125.090,DT,1.7012,7.73,2,-2.536567
audio20.TextGrid,31,8,heavy,125.090,125.370,JJ,8.7535,4.96,4,1.484125
audio20.TextGrid,31,9,line,125.370,125.680,NN,7.7618,5.49,3,1.072480
audio20.TextGrid,31,10,that,125.680,125.790,IN,4.1860,7.01,3,-0.839766
audio20.TextGrid,31,11,the,125.790,125.860,DT,1.9971,7.73,2,-2.240667
audio20.TextGrid,31,12,left,125.860,126.130,JJ,10.6564,5.62,4,4.109358
audio20.TextGrid,31,13,hand,126.130,126.350,NN,8.3174,5.41,4,1.540525
audio20.TextGrid,31,14,had,126.350,126.490,VBD,6.2115,6.33,3,0.441513
audio20.TextGrid,31,15,held,126.490,126.810,VBN,8.3003,5.24,4,1.337370
audio20.TextGrid,32,1,and,127.420,127.560,CC,3.7036,7.41,3,-0.884389
audio20.TextGrid,32,2,lay,127.560,127.730,VB,13.3545,4.64,2,5.734904
audio20.TextGrid,32,3,back,127.730,128.050,RB,7.0506,6.04,3,0.963224
audio20.TextGrid,32,4,against,128.050,128.380,IN,7.3326,5.68,6,0.851225
audio20.TextGrid,32,5,the,128.380,128.460,DT,1.7089,7.73,2,-2.528867
audio20.TextGrid,32,6,pull,128.460,128.700,NN,14.0911,4.82,3,6.668503
audio20.TextGrid,32,7,against,128.700,129.000,IN,7.6177,5.68,6,1.136325
audio20.TextGrid,32,8,his,129.000,129.130,PRP$,5.3325,6.51,3,-0.240488
audio20.TextGrid,32,9,back,129.130,129.590,NN,9.0263,6.04,3,2.938924
audio20.TextGrid,33,1,god,130.860,131.200,NN,11.1384,5.57,3,4.536636
audio20.TextGrid,33,2,help,131.200,131.440,VB,7.2651,5.75,4,0.860336
audio20.TextGrid,33,3,me,131.440,131.560,PRP,8.6029,6.48,2,2.997079
audio20.TextGrid,33,4,to,131.560,131.670,TO,3.5419,7.43,2,-1.024200
audio20.TextGrid,33,5,have,131.670,131.800,VB,4.7422,6.71,3,-0.611899
audio20.TextGrid,33,6,the,131.800,131.890,DT,2.5894,7.73,2,-1.648367
audio20.TextGrid,33,7,cramp,131.890,132.230,NN,4.1403,3.04,5,-5.230405
audio20.TextGrid,33,8,go,132.240,132.610,VB,8.4704,6.03,2,2.372080
audio20.TextGrid,33,9,he,132.880,133.020,PRP,5.0871,6.69,2,-0.288888
audio20.TextGrid,33,10,said,133.020,133.360,VBD,5.1604,6.01,3,-0.959809
audio20.TextGrid,34,1,because,133.880,134.130,IN,6.7432,6.03,5,0.644880
audio20.TextGrid,34,2,i,134.130,134.230,NNS,5.4891,7.09,1,0.550889
audio20.TextGrid,34,3,do,134.230,134.400,VBP,6.8244,6.35,2,1.076301
audio20.TextGrid,34,4,not,134.400,134.650,RB,5.4587,6.69,3,0.082712
audio20.TextGrid,34,5,know,134.650,134.840,VB,7.7153,6.1,2,1.693591
audio20.TextGrid,34,6,what,134.840,135.000,WP,6.9060,6.38,3,1.190735
audio20.TextGrid,34,7,the,135.000,135.110,DT,3.4511,7.73,2,-0.786667
audio20.TextGrid,34,8,fish,135.110,135.370,NN,4.1424,4.9,3,-3.192641
audio20.TextGrid,34,9,is,135.370,135.490,VBZ,3.6257,7.07,2,-1.334400
audio20.TextGrid,34,10,going,135.490,135.730,VBG,7.9196,5.94,4,1.722780
audio20.TextGrid,34,11,to,135.730,135.830,TO,3.1700,7.43,2,-1.396100
audio20.TextGrid,34,12,do,135.830,136.170,VB,5.4343,6.35,2,-0.313799
audio20.TextGrid,34,13,but,138.430,138.570,CC,5.6632,6.63,3,0.221545
audio20.TextGrid,34,14,he,138.570,138.660,PRP,5.9491,6.69,2,0.573112
audio20.TextGrid,34,15,seems,138.660,138.980,VBZ,8.1355,5.24,4,1.172570
audio20.TextGrid,34,16,calm,138.980,139.480,NN,6.6401,4.54,3,-1.088941
audio20.TextGrid,34,17,he,139.660,139.770,PRP,6.5800,6.69,2,1.204012
audio20.TextGrid,34,18,thought,139.770,140.170,VBD,8.3438,5.59,3,1.763925
audio20.TextGrid,35,1,and,140.630,140.760,CC,3.7036,7.41,3,-0.884389
audio20.TextGrid,35,2,following,140.760,141.180,VBG,9.5410,5.46,6,2.818847
audio20.TextGrid,35,3,his,141.180,141.330,PRP$,6.4295,6.51,3,0.856512
audio20.TextGrid,35,4,plan,141.330,141.820,NN,6.5341,5.29,4,-0.374108
audio20.TextGrid,36,1,but,142.750,142.890,CC,5.3198,6.63,3,-0.121855
audio20.TextGrid,36,2,what,142.890,143.080,WP,7.6895,6.38,3,1.974235
audio20.TextGrid,36,3,is,143.080,143.260,VBZ,3.8047,7.07,2,-1.155400
audio20.TextGrid,36,4,his,143.260,143.410,PRP$,6.0075,6.51,3,0.434512
audio20.TextGrid,36,5,plan,143.410,143.780,NN,6.5322,5.29,4,-0.376008
audio20.TextGrid,36,6,he,144.030,144.150,PRP,5.7514,6.69,2,0.375412
audio20.TextGrid,36,7,thought,144.150,144.520,VBD,8.0734,5.59,3,1.493525
audio20.TextGrid,37,1,and,145.230,145.360,CC,3.7036,7.41,2,-0.884389
audio20.TextGrid,37,2,what,145.360,145.540,WP,7.6912,6.38,3,1.975935
audio20.TextGrid,37,3,is,145.540,145.690,VBZ,3.8036,7.07,2,-1.156500
audio20.TextGrid,37,4,mine,145.690,146.180,JJ,11.0048,5.04,3,3.822981
audio20.TextGrid,38,1,mine,147.000,147.350,NN,10.8914,5.04,3,3.709581
audio20.TextGrid,38,2,i,147.350,147.480,NN,8.6785,7.09,1,3.740289
audio20.TextGrid,38,3,must,147.480,147.720,MD,7.3860,5.68,4,0.904625
audio20.TextGrid,38,4,improvise,147.720,148.280,VB,3.7164,3.02,8,-5.676194
audio20.TextGrid,38,5,to,148.280,148.420,TO,3.4931,7.43,2,-1.073000
audio20.TextGrid,38,6,his,148.420,148.870,PRP$,6.1593,6.51,3,0.586312
audio20.TextGrid,38,7,because,148.870,149.190,IN,8.2543,6.03,5,2.155980
audio20.TextGrid,38,8,of,149.190,149.300,IN,5.2069,7.4,2,0.607967
audio20.TextGrid,38,9,his,149.300,149.460,PRP$,5.6355,6.51,3,0.062512
audio20.TextGrid,38,10,great,149.460,149.720,JJ,7.7953,5.88,4,1.532813
audio20.TextGrid,38,11,size,149.720,150.300,NN,7.9435,5.13,3,0.860181
audio20.TextGrid,39,1,if,151.430,151.560,IN,6.7770,6.47,2,1.160235
audio20.TextGrid,39,2,he,151.560,151.680,PRP,4.5051,6.69,2,-0.870888
audio20.TextGrid,39,3,will,151.680,151.880,MD,5.7005,6.45,3,0.061846
audio20.TextGrid,39,4,jump,151.880,152.220,VB,8.5087,4.69,4,0.943826
audio20.TextGrid,39,5,i,152.220,152.310,NN,5.9659,7.09,1,1.027689
audio20.TextGrid,39,6,can,152.310,152.490,MD,6.8723,6.46,3,1.244590
audio20.TextGrid,39,7,kill,152.490,152.770,VB,8.5378,5.09,3,1.410703
audio20.TextGrid,39,8,him,152.770,153.010,PRP,8.0686,6.11,2,2.057835
audio20.TextGrid,40,1,but,153.580,153.700,CC,5.3198,6.63,3,-0.121855
audio20.TextGrid,40,2,he,153.700,153.820,PRP,4.7447,6.69,2,-0.631288
audio20.TextGrid,40,3,stays,153.820,154.140,VBZ,9.8366,4.26,4,1.801115
audio20.TextGrid,40,4,down,154.140,154.470,RB,6.5973,5.88,3,0.334813
audio20.TextGrid,40,5,forever,154.470,154.950,RB,4.9440,4.74,5,-2.566152
audio20.TextGrid,41,1,then,155.900,156.050,RB,7.4856,6.07,3,1.431057
audio20.TextGrid,41,2,i,156.050,156.180,NN,6.3159,7.09,1,1.377689
audio20.TextGrid,41,3,will,156.180,156.340,MD,4.2559,6.45,3,-1.382754
audio20.TextGrid,41,4,stay,156.340,156.600,VB,7.9824,5.33,3,1.117969
audio20.TextGrid,41,5,down,156.600,156.940,RB,6.3331,5.88,3,0.070613
audio20.TextGrid,41,6,with,156.940,157.100,IN,5.0033,6.85,3,-0.197577
audio20.TextGrid,41,7,him,157.100,157.280,PRP,7.3969,6.11,3,1.386135
audio20.TextGrid,41,8,forever,157.280,157.800,RB,5.6120,4.74,5,-1.898152
audio20.TextGrid,42,1,he,160.140,160.250,PRP,4.5353,6.69,2,-0.840688
audio20.TextGrid,42,2,rubbed,160.250,160.460,VBD,3.3819,3.57,4,-5.408750
audio20.TextGrid,42,3,the,160.460,160.540,DT,2.4671,7.73,2,-1.770667
audio20.TextGrid,42,4,cramped,160.540,160.870,JJ,5.0793,3.28,6,-4.028739
audio20.TextGrid,42,5,hand,160.870,161.130,NN,8.3483,5.41,4,1.571425
audio20.TextGrid,42,6,against,161.130,161.440,IN,7.2922,5.68,6,0.810825
audio20.TextGrid,42,7,his,161.440,161.610,PRP$,5.3057,6.51,3,-0.267288
audio20.TextGrid,42,8,trousers,161.610,162.180,NNS,5.5670,3.7,6,-3.081373
audio20.TextGrid,42,9,and,162.180,162.340,CC,4.4479,7.41,3,-0.140089
audio20.TextGrid,42,10,tried,162.340,162.570,VBD,10.0562,5.16,4,3.005714
audio20.TextGrid,42,11,to,162.570,162.630,TO,3.1404,7.43,2,-1.425700
audio20.TextGrid,42,12,gentle,162.630,162.940,VB,12.0388,4.17,6,3.904815
audio20.TextGrid,42,13,the,162.940,163.040,DT,5.1526,7.73,2,0.914833
audio20.TextGrid,42,14,fingers,163.040,163.630,NNS,11.3208,4.5,6,3.547982
audio20.TextGrid,42,15,but,164.010,164.130,CC,5.4710,6.63,3,0.029345
audio20.TextGrid,42,16,it,164.130,164.220,PRP,4.4065,6.95,2,-0.684933
audio20.TextGrid,42,17,would,164.220,164.330,MD,5.9301,6.27,3,0.094446
audio20.TextGrid,42,18,not,164.330,164.520,RB,6.2045,6.69,3,0.828512
audio20.TextGrid,42,19,open,164.520,164.930,VB,8.8745,5.48,4,2.174236
audio20.TextGrid,43,1,maybe,165.710,165.990,RB,9.9133,5.45,4,3.180203
audio20.TextGrid,43,2,it,165.990,166.120,PRP,4.6944,6.95,2,-0.397033
audio20.TextGrid,43,3,will,166.120,166.280,MD,4.2493,6.45,3,-1.389354
audio20.TextGrid,43,4,open,166.280,166.490,VB,8.8027,5.48,4,2.102436
audio20.TextGrid,43,5,with,166.490,166.650,IN,5.1427,6.85,3,-0.058177
audio20.TextGrid,43,6,the,166.650,166.730,DT,1.7108,7.73,2,-2.526967
audio20.TextGrid,43,7,sun,166.730,167.150,NN,10.3545,4.97,3,3.096070
audio20.TextGrid,43,8,he,167.270,167.390,PRP,7.6594,6.69,2,2.283412
audio20.TextGrid,43,9,thought,167.390,167.740,VBD,8.9366,5.59,3,2.356725
audio20.TextGrid,43,10,maybe,168.030,168.270,RB,9.3791,5.45,4,2.646003
audio20.TextGrid,43,11,it,168.270,168.380,PRP,5.8250,6.95,2,0.733567
audio20.TextGrid,43,12,will,168.380,168.500,MD,5.6353,6.45,3,-0.003354
audio20.TextGrid,43,13,open,168.500,168.730,VB,8.8031,5.48,4,2.102836
audio20.TextGrid,43,14,when,168.730,168.910,WRB,6.5869,6.37,3,0.860690
audio20.TextGrid,43,15,the,168.910,168.970,DT,2.0015,7.73,2,-2.236267
audio20.TextGrid,43,16,strong,168.970,169.520,JJ,7.5038,5.22,5,0.518981
audio20.TextGrid,43,17,raw,169.520,169.760,JJ,11.3228,4.53,2,3.582815
audio20.TextGrid,43,18,tuna,169.760,170.350,NN,4.0032,3.64,4,-4.710839
audio20.TextGrid,43,19,is,170.350,170.440,VBZ,3.4971,7.07,2,-1.463000
audio20.TextGrid,43,20,digested,170.440,171.140,VBN,5.8998,3.01,8,-3.503739
audio20.TextGrid,44,1,if,171.970,172.090,IN,6.7770,6.47,2,1.160235
audio20.TextGrid,44,2,i,172.090,172.200,NNS,5.4838,7.09,1,0.545589
audio20.TextGrid,44,3,have,172.200,172.360,VBP,5.5772,6.71,3,0.223101
audio20.TextGrid,44,4,to,172.360,172.500,TO,3.2535,7.43,2,-1.312600
audio20.TextGrid,44,5,have,172.500,172.670,VB,4.0392,6.71,3,-1.314899
audio20.TextGrid,44,6,it,172.670,172.760,PRP,4.6157,6.95,2,-0.475733
audio20.TextGrid,44,7,i,172.760,172.870,VB,6.6116,7.09,1,1.673389
audio20.TextGrid,44,8,will,172.870,173.040,MD,4.4932,6.45,3,-1.145454
audio20.TextGrid,44,9,open,173.040,173.290,VB,8.8027,5.48,4,2.102436
audio20.TextGrid,44,10,it,173.290,173.480,PRP,4.4626,6.95,2,-0.628833
audio20.TextGrid,44,11,cost,173.480,173.930,VB,9.6362,5.24,4,2.673270
audio20.TextGrid,44,12,whatever,173.930,174.230,IN,3.5027,5.14,6,-3.569675
audio20.TextGrid,44,13,it,174.230,174.350,PRP,3.8119,6.95,2,-1.279533
audio20.TextGrid,44,14,costs,174.350,174.990,VBZ,9.2035,4.96,5,1.934125
audio20.TextGrid,45,1,but,175.440,175.560,CC,5.3198,6.63,3,-0.121855
audio20.TextGrid,45,2,i,175.560,175.650,NNS,5.7238,7.09,1,0.785589
audio20.TextGrid,45,3,do,175.650,175.760,VBP,5.3290,6.35,2,-0.419099
audio20.TextGrid,45,4,not,175.760,176.020,RB,5.5340,6.69,3,0.158012
audio20.TextGrid,45,5,want,176.020,176.310,VB,7.2267,6.04,4,1.139324
audio20.TextGrid,45,6,to,176.310,176.380,TO,3.3067,7.43,2,-1.259400
audio20.TextGrid,45,7,open,176.380,176.650,VB,8.8022,5.48,4,2.101936
audio20.TextGrid,45,8,it,176.650,176.790,PRP,4.6605,6.95,2,-0.430933
audio20.TextGrid,45,9,now,176.790,177.020,RB,6.9136,6.18,2,0.979446
audio20.TextGrid,45,10,by,177.020,177.210,IN,5.0128,6.66,2,-0.396021
audio20.TextGrid,45,11,force,177.210,177.750,NN,8.6926,5.23,4,1.718725
audio20.TextGrid,46,1,let,178.450,178.610,VB,12.2066,5.6,3,5.637669
audio20.TextGrid,46,2,it,178.610,178.710,PRP,4.5098,6.95,2,-0.581633
audio20.TextGrid,46,3,open,178.710,178.990,VB,9.3785,5.48,4,2.678236
audio20.TextGrid,46,4,by,178.990,179.180,IN,5.3714,6.66,2,-0.037421
audio20.TextGrid,46,5,itself,179.180,179.640,PRP,8.2212,5.1,6,1.105047
audio20.TextGrid,46,6,and,179.640,179.740,CC,3.9340,7.41,2,-0.653989
audio20.TextGrid,46,7,come,179.740,179.940,VB,8.4064,5.78,3,2.034469
audio20.TextGrid,46,8,back,179.940,180.160,RB,7.1568,6.04,3,1.069424
audio20.TextGrid,46,9,of,180.160,180.250,IN,3.1652,7.4,2,-1.433733
audio20.TextGrid,46,10,its,180.250,180.400,PRP$,4.3204,6.14,3,-1.657532
audio20.TextGrid,46,11,own,180.400,180.560,JJ,7.0553,5.74,2,0.639591
audio20.TextGrid,46,12,accord,180.560,181.080,NN,9.4028,3.81,5,0.874816
audio20.TextGrid,47,1,after,182.200,182.450,IN,7.0701,6.11,4,1.059335
audio20.TextGrid,47,2,all,182.450,182.680,DT,5.5098,6.52,2,-0.052243
audio20.TextGrid,47,3,i,182.680,182.810,NN,8.5440,7.09,1,3.605789
audio20.TextGrid,47,4,abused,182.810,183.220,VBD,4.3105,4.0,6,-4.009540
audio20.TextGrid,47,5,it,183.220,183.340,PRP,4.5355,6.95,2,-0.555933
audio20.TextGrid,47,6,much,183.340,183.610,RB,7.3352,6.0,3,1.204046
audio20.TextGrid,47,7,in,183.610,183.690,IN,3.7864,7.27,2,-0.954811
audio20.TextGrid,47,8,the,183.690,183.760,DT,1.7338,7.73,2,-2.503967
audio20.TextGrid,47,9,night,183.760,184.120,NN,8.1581,5.61,3,1.600113
audio20.TextGrid,47,10,when,184.120,184.210,WRB,6.2244,6.37,3,0.498190
audio20.TextGrid,47,11,it,184.210,184.300,PRP,4.0311,6.95,2,-1.060333
audio20.TextGrid,47,12,was,184.300,184.430,VBD,3.9210,6.82,3,-1.312710
audio20.TextGrid,47,13,necessary,184.430,184.930,JJ,9.1746,4.91,8,1.850503
audio20.TextGrid,47,14,to,184.930,185.060,TO,3.4188,7.43,2,-1.147300
audio20.TextGrid,47,15,free,185.060,185.420,VB,8.8367,5.63,3,2.300602
audio20.TextGrid,47,16,and,185.420,185.560,CC,3.8886,7.41,3,-0.699389
audio20.TextGrid,47,17,untie,185.560,186.000,VB,4.8650,2.51,4,-5.085760
audio20.TextGrid,47,18,the,186.000,186.110,DT,2.3097,7.73,2,-1.928067
audio20.TextGrid,47,19,various,186.110,186.570,JJ,8.9322,5.12,6,1.837936
audio20.TextGrid,47,20,lines,186.570,187.070,NNS,8.6501,4.95,4,1.369781
