fichier,phrase_id,position,mot,onset,offset,POS,surprise_syn,freq_zipf,n_phones,surprise_syn_apres_controle
audio01.TextGrid,1,1,he,0.760,0.880,PRP,4.5353,6.69,2,-0.160641
audio01.TextGrid,1,2,was,0.880,1.040,VBD,3.9158,6.82,3,-2.556457
audio01.TextGrid,1,3,an,1.040,1.120,DT,5.1122,6.53,2,0.230816
audio01.TextGrid,1,4,old,1.120,1.410,JJ,7.3324,5.75,3,0.090560
audio01.TextGrid,1,5,man,1.410,1.790,NN,7.6927,5.82,3,0.501207
audio01.TextGrid,1,6,who,1.870,2.080,WP,5.8915,6.34,2,0.789902
audio01.TextGrid,1,7,fished,2.080,2.410,VBD,4.4621,3.08,4,-4.029049
audio01.TextGrid,1,8,alone,2.410,2.770,RB,8.6923,5.16,4,0.782414
audio01.TextGrid,1,9,in,2.770,2.880,IN,3.6035,7.27,2,-0.420210
audio01.TextGrid,1,10,a,2.880,2.950,DT,2.6043,7.36,1,-0.103880
audio01.TextGrid,1,11,skiff,2.950,3.410,NN,4.1382,2.63,4,-4.478703
audio01.TextGrid,1,12,in,3.410,3.490,IN,3.3450,7.27,2,-0.678710
audio01.TextGrid,1,13,the,3.490,3.590,DT,1.6958,7.73,2,-1.794761
audio01.TextGrid,1,14,gulf,3.590,3.900,NN,8.0487,4.28,4,-0.107105
audio01.TextGrid,1,15,stream,3.900,4.370,NN,11.2875,4.62,5,3.220496
audio01.TextGrid,1,16,and,4.500,4.650,CC,4.2898,7.41,3,-0.804855
audio01.TextGrid,1,17,he,4.650,4.710,PRP,5.0885,6.69,2,0.392559
audio01.TextGrid,1,18,had,4.710,4.820,VBD,5.6874,6.33,3,-1.137283
audio01.TextGrid,1,19,gone,4.820,5.080,VBN,10.2593,5.17,3,2.600303
audio01.TextGrid,1,20,eighty,5.080,5.370,RB,4.8262,3.75,3,-3.854112
audio01.TextGrid,1,21,four,5.370,5.590,CD,9.0129,5.53,3,2.566081
audio01.TextGrid,1,22,days,5.590,6.010,NNS,6.6819,5.61,3,-0.660633
audio01.TextGrid,1,23,now,6.010,6.250,RB,6.7048,6.18,2,0.464507
audio01.TextGrid,1,24,without,6.250,6.550,IN,7.4165,5.69,5,0.131196
audio01.TextGrid,1,25,taking,6.550,6.950,VBG,9.2938,5.39,5,1.103342
audio01.TextGrid,1,26,a,6.950,7.000,DT,3.2081,7.36,1,0.499920
audio01.TextGrid,1,27,fish,7.000,7.420,NN,4.1374,4.9,3,-3.715791
audio01.TextGrid,2,1,in,7.420,7.480,IN,4.1039,7.27,2,0.080190
audio01.TextGrid,2,2,the,8.580,8.770,DT,1.7509,7.73,2,-1.739661
audio01.TextGrid,2,3,first,8.770,9.090,JJ,6.1560,6.11,4,-1.488405
audio01.TextGrid,2,4,forty,9.090,9.390,NN,4.2162,4.2,5,-3.783466
audio01.TextGrid,2,5,days,9.390,9.770,NNS,7.5673,5.61,3,0.224767
audio01.TextGrid,2,6,a,9.770,9.820,DT,3.7481,7.36,1,1.039920
audio01.TextGrid,2,7,boy,9.820,10.140,NN,10.2424,5.17,2,2.831498
audio01.TextGrid,2,8,had,10.140,10.310,VBD,5.0566,6.33,3,-1.768083
audio01.TextGrid,2,9,been,10.310,10.450,VBN,6.3758,6.27,3,-0.492037
audio01.TextGrid,2,10,with,10.450,10.650,IN,4.2025,6.85,3,-1.294927
audio01.TextGrid,2,11,him,10.650,10.900,PRP,7.3625,6.11,3,1.332838
audio01.TextGrid,2,12,but,11.200,11.340,CC,5.8667,6.63,3,0.211041
audio01.TextGrid,2,13,after,11.340,11.590,IN,7.2738,6.11,4,0.582648
audio01.TextGrid,2,14,forty,11.590,11.910,JJ,5.3408,4.2,5,-2.658866
audio01.TextGrid,2,15,days,11.910,12.270,NNS,6.3938,5.61,3,-0.948733
audio01.TextGrid,2,16,without,12.270,12.560,IN,7.2465,5.69,5,-0.038804
audio01.TextGrid,2,17,a,12.560,12.600,DT,2.5781,7.36,1,-0.130080
audio01.TextGrid,2,18,fish,12.600,13.030,NN,4.1389,4.9,3,-3.714291
audio01.TextGrid,2,19,the,13.030,13.140,DT,3.4395,7.73,2,-0.051061
audio01.TextGrid,2,20,boy,13.140,13.360,NN,10.2405,5.17,2,2.829598
audio01.TextGrid,2,21,s,13.360,13.430,NN,5.4005,5.86,1,-0.659135
audio01.TextGrid,2,22,parents,13.430,13.860,NNS,9.8143,5.21,7,1.121330
audio01.TextGrid,2,23,had,13.860,14.030,VBD,5.2655,6.33,3,-1.559183
audio01.TextGrid,2,24,told,14.030,14.280,VBN,8.7211,5.54,4,0.917406
audio01.TextGrid,2,25,him,14.280,14.460,PRP,8.1529,6.11,2,2.784728
audio01.TextGrid,2,26,that,14.460,14.590,IN,4.0345,7.01,3,-1.347850
audio01.TextGrid,2,27,the,14.590,14.720,DT,1.9654,7.73,2,-1.525161
audio01.TextGrid,2,28,old,14.720,14.930,JJ,7.3296,5.75,3,0.087760
audio01.TextGrid,2,29,man,14.930,15.160,NN,7.6932,5.82,3,0.501707
audio01.TextGrid,2,30,was,15.160,15.330,VBD,5.2943,6.82,3,-1.177957
audio01.TextGrid,2,31,now,15.330,15.510,RB,6.1313,6.18,2,-0.108993
audio01.TextGrid,2,32,definitely,15.510,16.240,RB,10.4942,4.96,9,1.749723
audio01.TextGrid,2,33,and,16.240,16.390,CC,3.7124,7.41,3,-1.382255
audio01.TextGrid,2,34,finally,16.390,16.900,RB,8.7115,5.17,6,0.308220
audio01.TextGrid,2,35,salao,16.900,17.510,VB,4.9683,0.0,5,-2.357982
audio01.TextGrid,2,36,which,17.890,18.080,WDT,5.8722,6.3,3,-0.020807
audio01.TextGrid,2,37,is,18.080,18.200,VBZ,3.7454,7.07,2,-1.463366
audio01.TextGrid,2,38,the,18.200,18.290,DT,2.4396,7.73,2,-1.050961
audio01.TextGrid,2,39,worst,18.290,18.660,JJS,8.9341,4.93,4,0.959940
audio01.TextGrid,2,40,form,18.660,18.970,NN,7.8071,5.31,4,-0.060868
audio01.TextGrid,2,41,of,18.970,19.080,IN,2.9465,7.4,2,-0.926538
audio01.TextGrid,2,42,unlucky,19.080,19.670,JJ,5.2861,3.63,6,-2.193007
audio01.TextGrid,3,1,and,20.430,20.510,CC,3.7036,7.41,2,-0.157847
audio01.TextGrid,3,2,the,20.510,20.590,DT,2.0380,7.73,2,-1.452561
audio01.TextGrid,3,3,boy,20.590,20.890,NN,10.2419,5.17,2,2.830998
audio01.TextGrid,3,4,had,20.890,21.050,VBD,4.9612,6.33,3,-1.863483
audio01.TextGrid,3,5,gone,21.050,21.310,VBN,10.2930,5.17,3,2.634003
audio01.TextGrid,3,6,at,21.310,21.380,IN,4.1259,6.7,2,-0.558451
audio01.TextGrid,3,7,their,21.380,21.570,PRP$,4.9081,6.33,3,-0.963330
audio01.TextGrid,3,8,orders,21.570,22.040,NNS,6.9444,4.73,5,-1.140241
audio01.TextGrid,3,9,in,22.040,22.150,IN,3.4262,7.27,2,-0.597510
audio01.TextGrid,3,10,another,22.150,22.470,DT,6.2963,5.74,5,-0.997021
audio01.TextGrid,3,11,boat,22.470,22.840,NN,4.1362,4.71,3,-3.853645
audio01.TextGrid,3,12,which,22.840,23.040,WDT,5.4999,6.3,3,-0.393107
audio01.TextGrid,3,13,caught,23.040,23.300,VBD,10.0299,4.9,3,2.176709
audio01.TextGrid,3,14,three,23.300,23.650,CD,8.4709,5.78,3,2.203890
audio01.TextGrid,3,15,good,23.650,24.010,JJ,8.1384,6.12,3,1.162677
audio01.TextGrid,3,16,fish,24.010,24.330,VB,7.4884,4.9,3,-0.364791
audio01.TextGrid,3,17,the,24.330,24.450,DT,2.2656,7.73,2,-1.224961
audio01.TextGrid,3,18,first,24.450,24.870,JJ,6.1624,6.11,4,-1.482005
audio01.TextGrid,3,19,week,24.870,25.210,NN,6.2952,5.56,3,-1.083295
audio01.TextGrid,4,1,it,26.510,26.640,PRP,3.8912,6.95,2,-0.503396
audio01.TextGrid,4,2,made,26.640,26.830,VBD,5.8867,5.92,3,-1.232870
audio01.TextGrid,4,3,the,26.830,26.900,DT,2.7351,7.73,2,-0.755461
audio01.TextGrid,4,4,boy,26.900,27.130,JJ,10.2441,5.17,2,2.833198
audio01.TextGrid,4,5,sad,27.130,27.560,NN,12.0905,4.84,3,4.194155
audio01.TextGrid,4,6,to,27.560,27.650,TO,4.2765,7.43,2,0.438233
audio01.TextGrid,4,7,see,27.650,27.820,VB,6.6990,6.1,2,0.365985
audio01.TextGrid,4,8,the,27.820,27.960,DT,2.3432,7.73,2,-1.147361
audio01.TextGrid,4,9,old,27.960,28.170,JJ,7.3302,5.75,3,0.088360
audio01.TextGrid,4,10,man,28.170,28.400,NN,7.6875,5.82,3,0.496007
audio01.TextGrid,4,11,come,28.400,28.660,VBN,8.5049,5.78,3,1.284637
audio01.TextGrid,4,12,in,28.660,28.780,IN,3.2726,7.27,2,-0.751110
audio01.TextGrid,4,13,each,28.780,29.040,DT,6.3457,5.69,2,0.490740
audio01.TextGrid,4,14,day,29.040,29.270,NN,7.0805,5.95,2,0.573632
audio01.TextGrid,4,15,with,29.270,29.470,IN,4.7219,6.85,3,-0.775527
audio01.TextGrid,4,16,his,29.470,29.660,PRP$,5.3146,6.51,3,-0.427368
audio01.TextGrid,4,17,skiff,29.660,30.000,NN,4.2571,2.63,4,-4.359803
audio01.TextGrid,4,18,empty,30.000,30.310,NN,11.8417,4.59,4,3.772526
audio01.TextGrid,4,19,and,30.620,30.730,CC,3.7462,7.41,2,-0.115247
audio01.TextGrid,4,20,he,30.730,30.820,PRP,5.2885,6.69,2,0.592559
audio01.TextGrid,4,21,always,30.820,31.060,RB,8.6020,5.76,5,0.352220
audio01.TextGrid,4,22,went,31.060,31.220,VBD,8.2315,5.5,4,0.416628
audio01.TextGrid,4,23,down,31.220,31.490,RB,6.3192,5.88,3,-0.829139
audio01.TextGrid,4,24,to,31.490,31.630,TO,3.3440,7.43,2,-0.494267
audio01.TextGrid,4,25,help,31.630,31.830,VB,6.4035,5.75,4,-1.341508
audio01.TextGrid,4,26,him,31.830,31.980,PRP,8.0063,6.11,2,2.638128
audio01.TextGrid,4,27,carry,31.980,32.450,VB,9.3661,4.89,4,1.380762
audio01.TextGrid,4,28,either,32.450,32.770,CC,8.5509,5.33,3,1.960234
audio01.TextGrid,4,29,the,32.770,32.870,DT,4.1271,7.73,2,0.636539
audio01.TextGrid,4,30,coiled,32.870,33.340,JJ,5.0976,2.9,4,-3.443850
audio01.TextGrid,4,31,lines,33.340,33.920,NNS,8.8440,4.95,4,0.875429
audio01.TextGrid,4,32,or,33.920,34.020,CC,5.6876,6.54,1,1.668403
audio01.TextGrid,4,33,the,34.020,34.130,DT,2.3994,7.73,2,-1.091161
audio01.TextGrid,4,34,gaff,34.130,34.490,NN,4.1369,2.68,3,-5.312995
audio01.TextGrid,4,35,and,34.490,34.660,CC,4.2335,7.41,3,-0.861155
audio01.TextGrid,4,36,harpoon,34.660,35.270,NN,5.3446,2.83,6,-1.654417
audio01.TextGrid,4,37,and,35.610,35.700,CC,3.4400,7.41,2,-0.421447
audio01.TextGrid,4,38,the,35.700,35.800,DT,2.9850,7.73,2,-0.505561
audio01.TextGrid,4,39,sail,35.800,36.150,NN,4.1073,4.01,3,-4.386011
audio01.TextGrid,4,40,that,36.150,36.340,WDT,4.0514,7.01,3,-1.330950
audio01.TextGrid,4,41,was,36.340,36.520,VBD,6.1028,6.82,3,-0.369457
audio01.TextGrid,4,42,furled,36.520,36.960,VBN,6.0599,1.74,4,-2.805716
audio01.TextGrid,4,43,around,36.960,37.110,IN,6.7776,5.77,4,-0.008567
audio01.TextGrid,4,44,the,37.110,37.190,DT,1.8206,7.73,2,-1.669961
audio01.TextGrid,4,45,mast,37.190,37.760,NN,4.1360,3.52,4,-4.232189
audio01.TextGrid,5,1,the,38.590,38.670,DT,1.8241,7.73,2,-1.666461
audio01.TextGrid,5,2,sail,38.670,39.060,NN,4.1358,4.01,3,-4.357511
audio01.TextGrid,5,3,was,39.060,39.300,VBD,4.1804,6.82,3,-2.291857
audio01.TextGrid,5,4,patched,39.300,39.740,VBN,6.3789,3.19,4,-2.081509
audio01.TextGrid,5,5,with,39.740,39.890,IN,4.2060,6.85,3,-1.291427
audio01.TextGrid,5,6,flour,39.930,40.260,JJ,5.2680,4.0,4,-2.966052
audio01.TextGrid,5,7,sacks,40.260,40.790,NNS,10.3161,3.59,4,1.967473
audio01.TextGrid,5,8,and,40.790,41.030,CC,4.4364,7.41,3,-0.658255
audio01.TextGrid,5,9,furled,41.330,41.910,VBD,4.6737,1.74,4,-4.191916
audio01.TextGrid,5,10,it,41.910,42.130,PRP,4.5495,6.95,2,0.154904
audio01.TextGrid,5,11,looked,42.130,42.370,VBD,10.8729,5.11,4,2.949042
audio01.TextGrid,5,12,like,42.370,42.590,IN,6.2965,6.41,3,0.482609
audio01.TextGrid,5,13,the,42.630,42.730,DT,1.7004,7.73,2,-1.790161
audio01.TextGrid,5,14,flag,42.780,43.180,NN,9.1378,4.58,4,1.065831
audio01.TextGrid,5,15,of,43.180,43.280,IN,3.2692,7.4,2,-0.603838
audio01.TextGrid,5,16,permanent,43.340,43.790,JJ,10.4665,4.57,8,2.454838
audio01.TextGrid,5,17,defeat,43.790,44.350,NN,10.6582,4.51,5,2.608832
audio01.TextGrid,6,1,the,45.910,46.010,DT,1.8241,7.73,2,-1.666461
audio01.TextGrid,6,2,old,46.010,46.220,JJ,7.3292,5.75,3,0.087360
audio01.TextGrid,6,3,man,46.220,46.460,NN,7.6921,5.82,3,0.500607
audio01.TextGrid,6,4,was,46.460,46.690,VBD,4.0908,6.82,3,-2.381457
audio01.TextGrid,6,5,thin,46.710,47.000,JJ,9.7330,4.47,3,1.570538
audio01.TextGrid,6,6,and,47.000,47.150,CC,3.7491,7.41,3,-1.345555
audio01.TextGrid,6,7,gaunt,47.150,47.650,NN,5.5950,2.9,4,-2.946450
audio01.TextGrid,6,8,with,47.650,47.800,IN,5.0956,6.85,3,-0.401827
audio01.TextGrid,6,9,deep,47.800,48.110,JJ,5.2921,5.05,3,-2.453205
audio01.TextGrid,6,10,wrinkles,48.110,48.570,NNS,5.5734,3.31,7,-1.143770
audio01.TextGrid,6,11,in,48.570,48.650,IN,3.2392,7.27,2,-0.784510
audio01.TextGrid,6,12,the,48.650,48.730,DT,1.6929,7.73,2,-1.797661
audio01.TextGrid,6,13,back,48.730,49.000,NN,8.8784,6.04,3,1.845139
audio01.TextGrid,6,14,of,49.000,49.090,IN,3.3510,7.4,2,-0.522038
audio01.TextGrid,6,15,his,49.090,49.270,PRP$,5.3252,6.51,3,-0.416768
audio01.TextGrid,6,16,neck,49.270,49.630,NN,4.2575,4.63,3,-3.789884
audio01.TextGrid,7,1,the,50.470,50.550,DT,1.8241,7.73,2,-1.666461
audio01.TextGrid,7,2,brown,50.550,50.840,JJ,10.3570,5.01,4,2.405196
audio01.TextGrid,7,3,blotches,50.840,51.470,NNS,7.1307,2.45,7,1.307840
audio01.TextGrid,7,4,of,51.470,51.570,IN,3.6762,7.4,2,-0.196838
audio01.TextGrid,7,5,the,51.570,51.660,DT,1.7026,7.73,2,-1.787961
audio01.TextGrid,7,6,benevolent,51.660,52.170,NN,10.7237,3.34,10,5.645458
audio01.TextGrid,7,7,skin,52.170,52.510,NN,8.9919,4.91,4,1.012151
audio01.TextGrid,7,8,cancer,52.510,52.990,NN,9.6649,4.93,5,1.548193
audio01.TextGrid,7,9,the,52.990,53.100,DT,4.2097,7.73,2,0.719139
audio01.TextGrid,7,10,sun,53.100,53.390,JJ,10.3676,4.97,3,2.564756
audio01.TextGrid,7,11,brings,53.390,53.800,NNS,11.0804,4.61,5,3.014999
audio01.TextGrid,7,12,from,53.800,53.980,IN,5.4144,6.63,4,-1.131437
audio01.TextGrid,7,13,its,53.980,54.170,PRP$,4.3544,6.14,3,-1.653685
audio01.TextGrid,7,14,reflection,54.170,54.640,NN,9.2580,4.17,9,2.029897
audio01.TextGrid,7,15,on,54.640,54.780,IN,4.5213,6.91,2,0.080343
audio01.TextGrid,7,16,the,54.780,54.860,DT,1.7010,7.73,2,-1.789561
audio01.TextGrid,7,17,tropic,54.860,55.280,NN,4.1366,2.83,6,-2.862417
audio01.TextGrid,7,18,sea,55.280,55.650,NN,9.5599,5.06,2,2.021506
audio01.TextGrid,7,19,were,55.650,55.820,VBD,7.0805,6.34,2,1.025650
audio01.TextGrid,7,20,on,55.820,55.980,IN,4.8992,6.91,2,0.458243
audio01.TextGrid,7,21,his,55.980,56.160,PRP$,5.3852,6.51,3,-0.356768
audio01.TextGrid,7,22,cheeks,56.160,56.630,NN,4.2570,3.82,4,-4.027353
audio01.TextGrid,8,1,the,57.690,57.760,DT,1.8241,7.73,2,-1.666461
audio01.TextGrid,8,2,blotches,57.760,58.200,NNS,6.4529,2.45,7,0.630040
audio01.TextGrid,8,3,ran,58.200,58.380,VBD,8.2128,4.87,3,0.338032
audio01.TextGrid,8,4,well,58.380,58.610,RB,6.5903,6.03,3,-0.450154
audio01.TextGrid,8,5,down,58.610,58.890,IN,6.7948,5.88,3,0.599714
audio01.TextGrid,8,6,the,58.890,58.980,DT,2.5868,7.73,2,-0.903761
audio01.TextGrid,8,7,sides,58.980,59.290,NNS,8.9977,4.73,4,0.967649
audio01.TextGrid,8,8,of,59.290,59.400,IN,3.0724,7.4,2,-0.800638
audio01.TextGrid,8,9,his,59.400,59.600,PRP$,5.3081,6.51,3,-0.433868
audio01.TextGrid,8,10,face,59.600,60.070,NN,8.0499,5.45,3,0.592289
audio01.TextGrid,8,11,and,60.070,60.220,CC,4.4049,7.41,3,-0.689755
audio01.TextGrid,8,12,his,60.220,60.410,PRP$,5.9137,6.51,3,0.171732
audio01.TextGrid,8,13,hands,60.410,60.870,NNS,8.5163,5.16,4,0.606414
audio01.TextGrid,8,14,had,60.870,61.020,VBD,5.6372,6.33,3,-1.187483
audio01.TextGrid,8,15,the,61.020,61.090,DT,2.4552,7.73,2,-1.035361
audio01.TextGrid,8,16,deep,61.090,61.370,JJ,5.0788,5.05,3,-2.666505
audio01.TextGrid,8,17,creased,61.370,61.820,JJ,5.2306,2.46,5,-2.490093
audio01.TextGrid,8,18,scars,61.820,62.350,NNS,6.3205,3.76,5,-1.608621
audio01.TextGrid,8,19,from,62.350,62.520,IN,4.7168,6.63,3,-0.938859
audio01.TextGrid,8,20,handling,62.520,62.900,VBG,10.2837,4.39,7,2.443444
audio01.TextGrid,8,21,heavy,62.900,63.190,JJ,9.8824,4.96,4,1.916624
audio01.TextGrid,8,22,fish,63.190,63.470,NN,4.3346,4.9,3,-3.518591
audio01.TextGrid,8,23,on,63.470,63.590,IN,4.5826,6.91,2,0.141643
audio01.TextGrid,8,24,the,63.590,63.680,DT,1.6979,7.73,2,-1.792661
audio01.TextGrid,8,25,cords,63.680,64.240,NNS,6.4477,3.35,5,-1.415686
audio01.TextGrid,9,1,but,64.840,65.070,CC,5.3198,6.63,3,-0.335859
audio01.TextGrid,9,2,none,65.070,65.290,NN,9.9881,4.93,3,2.156487
audio01.TextGrid,9,3,of,65.290,65.390,IN,4.1324,7.4,2,0.259362
audio01.TextGrid,9,4,these,65.390,65.580,DT,5.8354,6.04,3,-0.244609
audio01.TextGrid,9,5,scars,65.580,66.030,NNS,6.4496,3.76,5,-1.479521
audio01.TextGrid,9,6,were,66.030,66.100,VBD,5.0550,6.34,2,-0.999850
audio01.TextGrid,9,7,fresh,66.100,66.570,JJ,10.4174,4.83,4,2.415295
audio01.TextGrid,10,1,they,67.230,67.350,PRP,4.6769,6.5,2,-0.239255
audio01.TextGrid,10,2,were,67.350,67.580,VBD,4.5379,6.34,2,-1.516950
audio01.TextGrid,10,3,as,67.580,67.690,RB,5.0402,6.77,2,-0.516272
audio01.TextGrid,10,4,old,67.690,68.040,JJ,7.7181,5.75,3,0.476260
audio01.TextGrid,10,5,as,68.040,68.160,IN,5.7120,6.77,2,1.108781
audio01.TextGrid,10,6,erosions,68.160,68.830,NNS,6.8932,1.72,7,1.829464
audio01.TextGrid,10,7,in,68.830,68.920,IN,3.2273,7.27,2,-0.796410
audio01.TextGrid,10,8,a,68.920,68.980,DT,2.5837,7.36,1,-0.124480
audio01.TextGrid,10,9,fishless,68.980,69.530,NN,4.1366,1.32,6,-1.956248
audio01.TextGrid,10,10,desert,69.550,70.050,NN,5.3499,4.4,5,-2.681832
audio01.TextGrid,11,1,everything,71.720,72.090,NN,10.9288,5.54,7,1.892664
audio01.TextGrid,11,2,about,72.090,72.400,IN,6.4722,6.4,4,-0.137911
audio01.TextGrid,11,3,him,72.400,72.500,PRP,7.4669,6.11,2,2.098728
audio01.TextGrid,11,4,was,72.500,72.650,VBD,4.2582,6.82,3,-2.214057
audio01.TextGrid,11,5,old,72.650,72.980,JJ,8.1068,5.75,3,0.864960
audio01.TextGrid,11,6,except,72.980,73.300,IN,9.2955,5.02,6,1.935489
audio01.TextGrid,11,7,his,73.300,73.450,PRP$,5.3089,6.51,3,-0.433068
audio01.TextGrid,11,8,eyes,73.450,73.940,NNS,9.6187,5.21,2,2.254158
audio01.TextGrid,11,9,and,74.100,74.200,CC,4.2456,7.41,2,0.384153
audio01.TextGrid,11,10,they,74.200,74.290,PRP,5.3608,6.5,2,0.444645
audio01.TextGrid,11,11,were,74.290,74.420,VBD,5.1686,6.34,2,-0.886250
audio01.TextGrid,11,12,the,74.420,74.510,DT,2.4432,7.73,2,-1.047361
audio01.TextGrid,11,13,same,74.510,74.820,JJ,7.1150,5.8,3,-0.090878
audio01.TextGrid,11,14,color,74.820,75.160,NN,10.0719,4.91,4,2.092151
audio01.TextGrid,11,15,as,75.160,75.290,IN,4.7769,6.77,2,0.173681
audio01.TextGrid,11,16,the,75.290,75.390,DT,1.7692,7.73,2,-1.721361
audio01.TextGrid,11,17,sea,75.390,75.750,NN,8.2729,5.06,2,0.734506
audio01.TextGrid,11,18,and,75.910,76.040,CC,3.7221,7.41,2,-0.139347
audio01.TextGrid,11,19,were,76.040,76.180,VBD,8.4229,6.34,2,2.368050
audio01.TextGrid,11,20,cheerful,76.180,76.740,JJ,5.8219,3.6,6,-1.639204
audio01.TextGrid,11,21,and,76.740,76.900,CC,3.7954,7.41,3,-1.299255
audio01.TextGrid,11,22,undefeated,76.900,77.660,JJ,4.7400,3.62,9,-1.432399
audio01.TextGrid,12,1,santiago,79.390,80.080,RB,5.2281,3.66,8,-1.437055
audio01.TextGrid,12,2,the,80.330,80.400,DT,2.5625,7.73,2,-0.928061
audio01.TextGrid,12,3,boy,80.400,80.630,NN,10.2869,5.17,2,2.875998
audio01.TextGrid,12,4,said,80.630,80.900,VBD,3.6982,6.01,3,-3.356638
audio01.TextGrid,12,5,to,80.900,81.000,TO,3.3587,7.43,2,-0.479567
audio01.TextGrid,12,6,him,81.000,81.130,PRP,8.5304,6.11,2,3.162228
audio01.TextGrid,12,7,as,81.130,81.260,IN,4.3640,6.77,2,-0.239219
audio01.TextGrid,12,8,they,81.260,81.350,PRP,4.6369,6.5,2,-0.279255
audio01.TextGrid,12,9,climbed,81.350,81.700,VBD,9.9727,3.85,5,2.029149
audio01.TextGrid,12,10,the,81.700,81.770,DT,2.5374,7.73,2,-0.953161
audio01.TextGrid,12,11,bank,81.770,82.110,NN,6.2858,5.16,4,-1.624086
audio01.TextGrid,12,12,from,82.110,82.240,IN,5.0219,6.63,3,-0.633759
audio01.TextGrid,12,13,where,82.240,82.360,WRB,8.8298,6.0,3,2.721022
audio01.TextGrid,12,14,the,82.360,82.460,DT,2.0523,7.73,2,-1.438261
audio01.TextGrid,12,15,skiff,82.460,82.770,NN,4.1364,2.63,4,-4.480503
audio01.TextGrid,12,16,was,82.770,82.910,VBD,4.1860,6.82,3,-2.286257
audio01.TextGrid,12,17,hauled,82.910,83.140,VBN,11.3150,3.43,4,2.921660
audio01.TextGrid,12,18,up,83.140,83.360,RP,4.9830,6.39,2,-0.060647
audio01.TextGrid,13,1,i,84.080,84.170,NN,5.5144,7.09,1,1.421291
audio01.TextGrid,13,2,could,84.170,84.340,MD,5.0621,6.06,3,-1.003524
audio01.TextGrid,13,3,go,84.340,84.480,VB,6.5163,6.03,2,0.102154
audio01.TextGrid,13,4,with,84.480,84.640,IN,5.2035,6.85,3,-0.293927
audio01.TextGrid,13,5,you,84.640,84.780,PRP,5.6312,6.98,2,1.271375
audio01.TextGrid,13,6,again,84.780,85.140,RB,8.5368,5.7,4,0.777819
audio01.TextGrid,13,7,we,85.330,85.420,PRP,7.6782,6.54,2,2.808406
audio01.TextGrid,13,8,ve,85.420,85.480,VBP,4.9421,4.56,2,-3.175804
audio01.TextGrid,13,9,made,85.480,85.670,VBD,6.7141,5.92,3,-0.405470
audio01.TextGrid,13,10,some,85.670,85.840,DT,6.2143,6.2,3,0.249369
audio01.TextGrid,13,11,money,85.840,86.220,NN,6.2137,5.64,4,-1.562048
audio01.TextGrid,14,1,the,87.640,87.740,DT,1.8241,7.73,2,-1.666461
audio01.TextGrid,14,2,old,87.740,87.970,JJ,7.3292,5.75,3,0.087360
audio01.TextGrid,14,3,man,87.970,88.170,NN,7.6921,5.82,3,0.500607
audio01.TextGrid,14,4,had,88.170,88.330,VBD,4.8945,6.33,3,-1.930183
audio01.TextGrid,14,5,taught,88.330,88.480,VBN,10.2937,4.68,3,2.282278
audio01.TextGrid,14,6,the,88.480,88.590,DT,2.4234,7.73,2,-1.067161
audio01.TextGrid,14,7,boy,88.590,88.760,NN,10.2393,5.17,2,2.828398
audio01.TextGrid,14,8,to,88.760,88.870,TO,3.4315,7.43,2,-0.406767
audio01.TextGrid,14,9,fish,88.870,89.240,VB,4.2924,4.9,3,-3.560791
audio01.TextGrid,14,10,and,89.240,89.330,CC,4.0818,7.41,2,0.220353
audio01.TextGrid,14,11,the,89.330,89.400,DT,3.7803,7.73,2,0.289739
audio01.TextGrid,14,12,boy,89.400,89.600,NN,10.2450,5.17,2,2.834098
audio01.TextGrid,14,13,loved,89.600,89.910,VBD,10.1718,5.0,4,2.217202
audio01.TextGrid,14,14,him,89.910,90.060,PRP,8.1050,6.11,2,2.736828
audio01.TextGrid,15,1,no,90.830,91.140,DT,5.7679,6.35,2,0.677893
audio01.TextGrid,15,2,the,91.480,91.600,DT,4.4496,7.73,2,0.959039
audio01.TextGrid,15,3,old,91.600,91.790,JJ,7.3517,5.75,3,0.109860
audio01.TextGrid,15,4,man,91.790,92.010,NN,7.7332,5.82,3,0.541707
audio01.TextGrid,15,5,said,92.010,92.360,VBD,3.8535,6.01,3,-3.201338
audio01.TextGrid,16,1,you,92.900,93.040,PRP,5.7058,6.98,2,1.345975
audio01.TextGrid,16,2,re,93.040,93.100,VBP,3.9761,5.23,2,-3.365261
audio01.TextGrid,16,3,with,93.100,93.280,IN,5.3247,6.85,3,-0.172727
audio01.TextGrid,16,4,a,93.280,93.360,DT,2.6003,7.36,1,-0.107880
audio01.TextGrid,16,5,lucky,93.360,93.670,JJ,10.7270,4.77,4,2.708127
audio01.TextGrid,16,6,boat,93.670,94.070,NN,3.9945,4.71,3,-3.995345
audio01.TextGrid,16,7,stay,94.220,94.450,NN,10.0038,5.33,3,2.459881
audio01.TextGrid,16,8,with,94.450,94.710,IN,5.1829,6.85,3,-0.314527
audio01.TextGrid,16,9,them,94.710,94.930,PRP,5.9246,6.19,3,-0.047523
audio01.TextGrid,17,1,but,96.070,96.240,CC,5.3198,6.63,3,-0.335859
audio01.TextGrid,17,2,remember,96.240,96.600,VB,13.2609,5.38,7,4.391147
audio01.TextGrid,17,3,how,96.600,96.720,WRB,8.0510,6.24,2,2.833501
audio01.TextGrid,17,4,you,96.720,96.880,PRP,5.9058,6.98,2,1.545975
audio01.TextGrid,17,5,went,96.880,97.040,VBD,7.1878,5.5,4,-0.627072
audio01.TextGrid,17,6,eighty,97.040,97.280,VB,5.5200,3.75,3,-3.160312
audio01.TextGrid,17,7,seven,97.280,97.550,CD,9.0967,5.08,5,1.909197
audio01.TextGrid,17,8,days,97.550,97.820,NNS,6.5965,5.61,3,-0.746033
audio01.TextGrid,17,9,without,97.820,98.090,IN,7.0949,5.69,5,-0.190404
audio01.TextGrid,17,10,fish,98.090,98.370,JJ,5.2954,4.9,3,-2.557791
audio01.TextGrid,17,11,and,98.630,98.710,CC,3.8400,7.41,2,-0.021447
audio01.TextGrid,17,12,then,98.710,98.870,RB,8.3473,6.07,3,1.335616
audio01.TextGrid,17,13,we,98.870,98.960,PRP,7.3150,6.54,2,2.445206
audio01.TextGrid,17,14,caught,98.960,99.170,VBD,9.1326,4.9,3,1.279409
audio01.TextGrid,17,15,big,99.170,99.420,JJ,7.7481,5.67,3,0.448721
audio01.TextGrid,17,16,ones,99.420,99.670,NNS,8.3585,5.07,4,0.423463
audio01.TextGrid,17,17,every,99.670,99.870,DT,8.6415,5.79,4,1.860923
audio01.TextGrid,17,18,day,99.870,100.040,NN,7.0845,5.95,2,0.577632
audio01.TextGrid,17,19,for,100.040,100.160,IN,4.2248,7.01,2,-0.100255
audio01.TextGrid,17,20,three,100.160,100.390,CD,6.7924,5.78,3,0.525390
audio01.TextGrid,17,21,weeks,100.390,100.780,NNS,7.4745,5.19,4,-0.427002
audio01.TextGrid,18,1,i,102.110,102.220,JJ,5.5144,7.09,1,1.421291
audio01.TextGrid,18,2,remember,102.220,102.740,VBP,9.7957,5.38,7,0.925947
audio01.TextGrid,18,3,the,102.930,103.060,DT,2.2952,7.73,2,-1.195361
audio01.TextGrid,18,4,old,103.060,103.240,JJ,7.3324,5.75,3,0.090560
audio01.TextGrid,18,5,man,103.240,103.490,NN,7.6939,5.82,3,0.502407
audio01.TextGrid,18,6,said,103.490,103.820,VBD,5.6297,6.01,3,-1.425138
audio01.TextGrid,19,1,i,104.350,104.480,NN,5.5144,7.09,1,1.421291
audio01.TextGrid,19,2,know,104.480,104.650,VBP,7.0565,6.1,2,0.723485
audio01.TextGrid,19,3,you,104.650,104.760,PRP,6.3547,6.98,2,1.994875
audio01.TextGrid,19,4,did,104.760,104.950,VBD,7.5224,5.96,3,0.431600
audio01.TextGrid,19,5,not,104.950,105.180,RB,5.4604,6.69,3,-1.105358
audio01.TextGrid,19,6,leave,105.180,105.370,VB,8.4371,5.34,3,0.900373
audio01.TextGrid,19,7,me,105.370,105.480,PRP,8.6023,6.48,2,3.662965
audio01.TextGrid,19,8,because,105.480,105.840,IN,5.8648,6.03,5,-1.475016
audio01.TextGrid,19,9,you,105.840,105.940,PRP,5.6190,6.98,2,1.259175
audio01.TextGrid,19,10,doubted,105.940,106.480,VBD,10.8174,3.44,5,2.939584
audio01.TextGrid,20,1,it,107.590,107.740,PRP,3.8912,6.95,2,-0.503396
audio01.TextGrid,20,2,was,107.740,107.930,VBD,3.9158,6.82,3,-2.556457
audio01.TextGrid,20,3,papa,107.930,108.250,VBN,6.3816,3.91,4,-1.877602
audio01.TextGrid,20,4,made,108.250,108.560,VBN,8.0445,5.92,3,0.924930
audio01.TextGrid,20,5,me,108.560,108.650,PRP,9.1262,6.48,2,4.186865
audio01.TextGrid,20,6,leave,108.650,109.060,VBP,9.3797,5.34,3,1.842973
audio01.TextGrid,20,7,i,109.300,109.410,JJ,6.0506,7.09,1,1.957491
audio01.TextGrid,20,8,am,109.410,109.510,VBP,11.0538,5.78,2,4.349899
audio01.TextGrid,20,9,a,109.510,109.560,DT,3.5699,7.36,1,0.861720
audio01.TextGrid,20,10,boy,109.560,109.840,NN,10.2411,5.17,2,2.830198
audio01.TextGrid,20,11,and,109.840,110.030,CC,4.2106,7.41,3,-0.884055
audio01.TextGrid,20,12,i,110.030,110.120,NN,6.2108,7.09,1,2.117691
audio01.TextGrid,20,13,must,110.120,110.360,MD,7.6273,5.68,4,0.815983
audio01.TextGrid,20,14,obey,110.360,110.660,VB,3.7188,3.83,3,-4.903973
audio01.TextGrid,20,15,him,110.660,110.850,PRP,7.9649,6.11,3,1.935238
audio01.TextGrid,21,1,i,111.730,111.850,NN,5.5144,7.09,1,1.421291
audio01.TextGrid,21,2,know,111.850,112.130,VBP,7.0565,6.1,2,0.723485
audio01.TextGrid,21,3,the,112.430,112.550,DT,2.4431,7.73,2,-1.047461
audio01.TextGrid,21,4,old,112.550,112.720,JJ,7.3329,5.75,3,0.091060
audio01.TextGrid,21,5,man,112.720,112.950,NN,7.6941,5.82,3,0.502607
audio01.TextGrid,21,6,said,112.950,113.310,VBD,5.3724,6.01,3,-1.682438
audio01.TextGrid,22,1,it,113.760,113.890,PRP,3.8912,6.95,2,-0.503396
audio01.TextGrid,22,2,is,113.890,114.040,VBZ,3.3590,7.07,2,-1.849766
audio01.TextGrid,22,3,quite,114.040,114.370,RB,9.2207,5.29,4,1.347143
audio01.TextGrid,22,4,normal,114.370,114.780,JJ,9.0885,5.01,6,0.781238
audio01.TextGrid,23,1,he,115.950,116.100,PRP,4.5353,6.69,2,-0.160641
audio01.TextGrid,23,2,hasn't,116.100,116.360,RB,5.9273,4.71,6,-2.199928
audio01.TextGrid,23,3,much,116.360,116.600,RB,6.3881,6.0,3,-0.673931
audio01.TextGrid,23,4,faith,116.600,116.980,NN,12.4517,4.82,3,4.540971
audio01.TextGrid,24,1,no,117.670,118.080,DT,5.7679,6.35,2,0.677893
audio01.TextGrid,24,2,the,118.360,118.470,DT,4.4496,7.73,2,0.959039
audio01.TextGrid,24,3,old,118.470,118.670,JJ,7.3517,5.75,3,0.109860
audio01.TextGrid,24,4,man,118.670,118.910,NN,7.7332,5.82,3,0.541707
audio01.TextGrid,24,5,said,118.910,119.240,VBD,3.8535,6.01,3,-3.201338
audio01.TextGrid,25,1,but,119.970,120.130,CC,5.3198,6.63,3,-0.335859
audio01.TextGrid,25,2,we,120.130,120.350,PRP,5.9045,6.54,2,1.034706
audio01.TextGrid,25,3,have,120.350,120.650,VBP,4.0420,6.71,3,-2.509373
audio01.TextGrid,25,4,haven,120.910,121.180,VBN,11.1924,4.13,5,3.203957
audio01.TextGrid,25,5,t,121.180,121.220,NNS,7.4338,5.43,1,0.686681
audio01.TextGrid,26,1,we,121.220,121.440,PRP,5.6952,6.54,2,0.825406
audio01.TextGrid,26,2,yes,122.440,122.880,VBP,11.7111,5.5,3,4.289451
audio01.TextGrid,26,3,the,123.010,123.090,DT,3.4191,7.73,2,-0.071461
audio01.TextGrid,26,4,boy,123.090,123.300,NN,10.2831,5.17,2,2.872198
audio01.TextGrid,26,5,said,123.300,123.660,VBD,4.5667,6.01,3,-2.488138
audio01.TextGrid,27,1,can,124.250,124.450,MD,9.3799,6.46,3,3.601970
audio01.TextGrid,27,2,i,124.450,124.560,VB,7.8129,7.09,1,3.719791
audio01.TextGrid,27,3,offer,124.560,124.830,NN,8.3162,5.05,3,0.570895
audio01.TextGrid,27,4,you,124.830,124.990,PRP,6.6940,6.98,2,2.334175
audio01.TextGrid,27,5,a,124.990,125.030,DT,3.7716,7.36,1,1.063420
audio01.TextGrid,27,6,beer,125.030,125.300,NN,10.2439,4.7,3,2.246862
audio01.TextGrid,27,7,on,125.300,125.400,IN,4.9262,6.91,2,0.485243
audio01.TextGrid,27,8,the,125.400,125.480,DT,1.7093,7.73,2,-1.781261
audio01.TextGrid,27,9,terrace,125.480,125.940,NN,11.0428,3.88,5,3.094439
audio01.TextGrid,27,10,and,125.940,126.060,CC,3.6631,7.41,2,-0.198347
audio01.TextGrid,27,11,then,126.060,126.220,RB,8.5583,6.07,3,1.546616
audio01.TextGrid,27,12,we,126.220,126.290,PRP,7.1867,6.54,2,2.316906
audio01.TextGrid,27,13,ll,126.290,126.320,VBP,4.3026,4.66,1,-3.675597
audio01.TextGrid,27,14,take,126.320,126.550,VB,6.6767,5.92,3,-0.442870
audio01.TextGrid,27,15,the,126.550,126.610,DT,2.3045,7.73,2,-1.186061
audio01.TextGrid,27,16,stuff,126.610,126.890,NN,10.2382,5.14,4,2.322725
audio01.TextGrid,27,17,home,126.890,127.230,NN,8.5170,5.81,3,1.318314
audio01.TextGrid,28,1,why,128.170,128.360,WRB,8.5208,5.93,2,2.944005
audio01.TextGrid,28,2,not,128.360,128.740,RB,5.8126,6.69,3,-0.753158
audio01.TextGrid,28,3,the,129.010,129.120,DT,2.6149,7.73,2,-0.875661
audio01.TextGrid,28,4,old,129.120,129.300,JJ,7.3404,5.75,3,0.098560
audio01.TextGrid,28,5,man,129.300,129.520,NN,7.7181,5.82,3,0.526607
audio01.TextGrid,28,6,said,129.520,129.890,VBD,3.6094,6.01,3,-3.445438
audio01.TextGrid,29,1,between,130.510,130.890,IN,7.9921,5.77,6,0.182005
audio01.TextGrid,29,2,fishermen,130.890,131.500,NNS,6.8721,3.65,7,-0.198634
audio01.TextGrid,29,3,they,133.810,133.940,PRP,5.3688,6.5,2,0.452645
audio01.TextGrid,29,4,sat,133.940,134.150,VBD,12.6397,4.64,3,4.599508
audio01.TextGrid,29,5,on,134.150,134.270,IN,6.0914,6.91,2,1.650443
audio01.TextGrid,29,6,the,134.270,134.360,DT,1.7173,7.73,2,-1.773261
audio01.TextGrid,29,7,terrace,134.360,134.820,NN,11.0425,3.88,5,3.094139
audio01.TextGrid,29,8,and,134.820,135.040,CC,3.7259,7.41,3,-1.368755
audio01.TextGrid,29,9,many,135.040,135.290,JJ,6.3516,5.91,4,-1.348696
audio01.TextGrid,29,10,of,135.290,135.350,IN,4.8737,7.4,2,1.000662
audio01.TextGrid,29,11,the,135.350,135.460,DT,1.7050,7.73,2,-1.785561
audio01.TextGrid,29,12,fishermen,135.460,135.860,NNS,6.4293,3.65,7,-0.641434
audio01.TextGrid,29,13,made,135.860,136.130,VBD,7.2470,5.92,3,0.127430
audio01.TextGrid,29,14,fun,136.130,136.300,NN,6.2293,5.3,3,-1.336196
audio01.TextGrid,29,15,of,136.300,136.390,IN,3.0310,7.4,2,-0.842038
audio01.TextGrid,29,16,the,136.390,136.530,DT,1.6996,7.73,2,-1.790961
audio01.TextGrid,29,17,old,136.530,136.750,JJ,7.3274,5.75,3,0.085560
audio01.TextGrid,29,18,man,136.750,137.160,NN,7.6897,5.82,3,0.498207
audio01.TextGrid,29,19,and,137.280,137.450,CC,4.1999,7.41,3,-0.894755
audio01.TextGrid,29,20,he,137.450,137.560,PRP,4.9544,6.69,2,0.258459
audio01.TextGrid,29,21,was,137.560,137.760,VBD,4.4427,6.82,3,-2.029557
audio01.TextGrid,29,22,not,137.760,137.950,RB,5.4580,6.69,3,-1.107758
audio01.TextGrid,29,23,angry,137.950,138.400,JJ,10.3326,4.66,5,2.259182
audio01.TextGrid,30,1,others,138.910,139.320,NNS,9.0512,5.42,4,1.213972
audio01.TextGrid,30,2,of,139.320,139.390,IN,3.5872,7.4,2,-0.285838
audio01.TextGrid,30,3,the,139.390,139.520,DT,1.7046,7.73,2,-1.785961
audio01.TextGrid,30,4,older,139.520,139.740,JJR,10.1099,4.92,4,2.132945
audio01.TextGrid,30,5,fishermen,139.740,140.260,NNS,5.5346,3.65,7,-1.536134
audio01.TextGrid,30,6,looked,140.320,140.550,VBD,10.3051,5.11,4,2.381242
audio01.TextGrid,30,7,at,140.550,140.640,IN,4.2082,6.7,2,-0.476151
audio01.TextGrid,30,8,him,140.640,140.790,PRP,7.3637,6.11,2,1.995528
audio01.TextGrid,30,9,and,140.790,140.900,CC,4.4651,7.41,3,-0.629555
audio01.TextGrid,30,10,were,140.900,141.010,VBD,6.3286,6.34,2,0.273750
audio01.TextGrid,30,11,sad,141.010,141.500,VBN,11.5130,4.84,3,3.616655
audio01.TextGrid,30,12,but,141.850,141.980,CC,5.3473,6.63,3,-0.308359
audio01.TextGrid,30,13,they,141.980,142.110,PRP,5.5886,6.5,2,0.672445
audio01.TextGrid,30,14,did,142.110,142.250,VBD,6.6210,5.96,3,-0.469800
audio01.TextGrid,30,15,not,142.250,142.430,RB,5.4571,6.69,3,-1.108658
audio01.TextGrid,30,16,show,142.430,142.690,VB,8.5324,5.68,2,1.712597
audio01.TextGrid,30,17,it,142.690,142.830,PRP,4.7223,6.95,2,0.327704
audio01.TextGrid,30,18,and,142.830,142.940,CC,4.2553,7.41,2,0.393853
audio01.TextGrid,30,19,they,142.940,143.070,PRP,5.2912,6.5,2,0.375045
audio01.TextGrid,30,20,spoke,143.070,143.330,VBD,10.2550,4.61,4,2.191415
audio01.TextGrid,30,21,politely,143.340,143.800,RB,10.3947,3.47,7,3.511147
audio01.TextGrid,30,22,about,143.800,143.990,IN,5.7188,6.4,4,-0.891311
audio01.TextGrid,30,23,the,143.990,144.100,DT,1.9605,7.73,2,-1.530061
audio01.TextGrid,30,24,current,144.100,144.590,JJ,7.1621,5.27,5,-1.009119
audio01.TextGrid,30,25,and,144.590,144.710,CC,3.9475,7.41,2,0.086053
audio01.TextGrid,30,26,the,144.710,144.800,DT,2.2986,7.73,2,-1.191961
audio01.TextGrid,30,27,depths,144.800,145.190,NNS,6.4534,3.78,5,-1.478928
audio01.TextGrid,30,28,they,145.190,145.330,PRP,6.6145,6.5,2,1.698345
audio01.TextGrid,30,29,had,145.330,145.450,VBD,5.4464,6.33,3,-1.378283
audio01.TextGrid,30,30,drifted,145.450,145.780,VBN,10.6314,3.41,7,3.810241
audio01.TextGrid,30,31,their,145.780,145.930,PRP$,5.6479,6.33,3,-0.223530
audio01.TextGrid,30,32,lines,145.930,146.290,NNS,8.5456,4.95,4,0.577029
audio01.TextGrid,30,33,at,146.290,146.530,IN,4.7026,6.7,2,0.018249
audio01.TextGrid,30,34,and,146.920,147.000,CC,5.5166,7.41,2,1.655153
audio01.TextGrid,30,35,the,147.000,147.100,DT,2.4629,7.73,2,-1.027661
audio01.TextGrid,30,36,steady,147.100,147.400,JJ,8.9376,4.31,5,0.920298
audio01.TextGrid,30,37,good,147.400,147.600,JJ,7.4750,6.12,3,0.499277
audio01.TextGrid,30,38,weather,147.600,147.980,NN,9.4306,4.87,4,1.439673
audio01.TextGrid,30,39,and,148.130,148.250,CC,4.5156,7.41,2,0.654153
audio01.TextGrid,30,40,of,148.250,148.360,IN,4.5015,7.4,2,0.628462
audio01.TextGrid,30,41,what,148.360,148.530,WP,7.2944,6.38,3,1.458932
audio01.TextGrid,30,42,they,148.530,148.630,PRP,5.1537,6.5,2,0.237545
audio01.TextGrid,30,43,had,148.630,148.770,VBD,4.7231,6.33,3,-2.101583
audio01.TextGrid,30,44,seen,148.770,149.220,VBN,9.2545,5.52,3,1.847236
audio01.TextGrid,31,1,the,150.140,150.230,DT,1.8241,7.73,2,-1.666461
audio01.TextGrid,31,2,successful,150.230,150.860,JJ,9.1130,4.94,9,0.406912
audio01.TextGrid,31,3,fishermen,150.860,151.340,NNS,5.6277,3.65,7,-1.443034
audio01.TextGrid,31,4,of,151.340,151.430,IN,3.5721,7.4,2,-0.300938
audio01.TextGrid,31,5,that,151.430,151.640,DT,4.9108,7.01,3,-0.471550
audio01.TextGrid,31,6,day,151.640,151.880,NN,7.4963,5.95,2,0.989432
audio01.TextGrid,31,7,were,151.880,152.070,VBD,5.1632,6.34,2,-0.891650
audio01.TextGrid,31,8,already,152.070,152.550,RB,6.8312,5.55,6,-1.800123
audio01.TextGrid,31,9,in,152.550,152.750,IN,3.7204,7.27,2,-0.303310
audio01.TextGrid,31,10,and,152.750,152.920,CC,5.1508,7.41,3,0.056145
audio01.TextGrid,31,11,had,152.970,153.210,VBD,6.8980,6.33,3,0.073317
audio01.TextGrid,31,12,butchered,153.210,153.650,VBN,6.3457,3.01,5,-1.463174
audio01.TextGrid,31,13,their,153.650,153.820,PRP$,6.3372,6.33,3,0.465770
audio01.TextGrid,31,14,marlin,153.820,154.250,NN,4.2140,3.01,6,-2.893038
audio01.TextGrid,31,15,out,154.250,154.570,IN,6.5625,6.38,2,1.507263
audio01.TextGrid,31,16,and,154.570,154.710,CC,4.5597,7.41,2,0.698253
audio01.TextGrid,31,17,carried,154.710,155.100,VBD,8.5569,4.77,5,0.465846
audio01.TextGrid,31,18,them,155.100,155.360,PRP,6.9168,6.19,3,0.944677
audio01.TextGrid,31,19,laid,155.360,155.680,JJS,11.0378,4.56,3,2.940069
audio01.TextGrid,31,20,full,155.680,155.900,JJ,8.9198,5.54,3,1.526921
audio01.TextGrid,31,21,length,155.900,156.270,NN,10.9788,4.77,4,2.959927
audio01.TextGrid,31,22,across,156.270,156.630,IN,7.9577,5.25,5,0.742941
audio01.TextGrid,31,23,two,156.630,156.750,CD,6.0796,6.1,2,0.699838
audio01.TextGrid,31,24,planks,156.750,157.460,NNS,5.8234,3.13,6,-1.355651
audio01.TextGrid,31,25,with,157.510,157.630,IN,4.6333,6.85,3,-0.864127
audio01.TextGrid,31,26,two,157.630,157.860,CD,6.0447,6.1,2,0.664938
audio01.TextGrid,31,27,men,157.860,158.130,NNS,8.2508,5.51,3,0.836343
audio01.TextGrid,31,28,staggering,158.130,158.780,VBG,11.8565,3.5,7,4.941750
audio01.TextGrid,31,29,at,158.780,158.840,IN,5.6504,6.7,2,0.966049
audio01.TextGrid,31,30,the,158.840,159.010,DT,1.6945,7.73,2,-1.796061
audio01.TextGrid,31,31,end,159.010,159.120,NN,7.0528,5.68,3,-0.239386
audio01.TextGrid,31,32,of,159.120,159.210,IN,2.9025,7.4,2,-0.970538
audio01.TextGrid,31,33,each,159.210,159.420,DT,6.3390,5.69,2,0.484040
audio01.TextGrid,31,34,plank,159.420,159.800,NN,4.1348,3.46,5,-3.746222
audio01.TextGrid,32,1,to,160.210,160.320,TO,4.2199,7.43,2,0.381633
audio01.TextGrid,32,2,the,160.320,160.420,DT,2.3639,7.73,2,-1.126661
audio01.TextGrid,32,3,fish,160.420,160.670,NN,4.1345,4.9,3,-3.718691
audio01.TextGrid,32,4,house,160.670,161.020,NN,7.4548,5.71,3,0.184191
audio01.TextGrid,32,5,where,161.020,161.120,WRB,8.9365,6.0,3,2.827722
audio01.TextGrid,32,6,they,161.120,161.200,PRP,4.8419,6.5,2,-0.074255
audio01.TextGrid,32,7,waited,161.200,161.490,VBD,9.8263,4.26,5,1.817014
audio01.TextGrid,32,8,for,161.490,161.590,IN,4.3663,7.01,2,0.041245
audio01.TextGrid,32,9,the,161.590,161.740,DT,1.7454,7.73,2,-1.745161
audio01.TextGrid,32,10,ice,161.740,161.970,JJ,5.0760,5.0,2,-2.531936
audio01.TextGrid,32,11,truck,161.970,162.170,NN,9.5777,4.64,4,1.522499
audio01.TextGrid,32,12,to,162.170,162.290,TO,3.2545,7.43,2,-0.583767
audio01.TextGrid,32,13,carry,162.290,162.560,VB,7.8635,4.89,4,-0.121838
audio01.TextGrid,32,14,them,162.560,162.710,PRP,6.5517,6.19,3,0.579577
audio01.TextGrid,32,15,to,162.710,162.840,TO,3.1956,7.43,2,-0.642667
audio01.TextGrid,32,16,the,162.840,162.930,DT,2.1500,7.73,2,-1.340561
audio01.TextGrid,32,17,market,162.930,163.320,NN,5.0328,5.29,6,-3.442494
audio01.TextGrid,32,18,in,163.320,163.440,IN,3.2259,7.27,2,-0.797810
audio01.TextGrid,32,19,havana,163.440,163.900,NN,5.7913,3.53,6,-1.627796
audio01.TextGrid,33,1,those,165.050,165.310,DT,6.1807,5.9,3,-0.000002
audio01.TextGrid,33,2,who,165.310,165.380,WP,9.6955,6.34,2,4.593902
audio01.TextGrid,33,3,had,165.380,165.480,VBD,5.8750,6.33,3,-0.949683
audio01.TextGrid,33,4,caught,165.480,165.760,VBN,9.6628,4.9,3,1.809609
audio01.TextGrid,33,5,sharks,165.760,166.180,NNS,7.6100,3.96,5,-0.351187
audio01.TextGrid,33,6,had,166.180,166.350,VBD,5.8483,6.33,3,-0.976383
audio01.TextGrid,33,7,taken,166.350,166.610,VBN,8.5674,5.33,5,0.386562
audio01.TextGrid,33,8,them,166.610,166.730,PRP,7.3444,6.19,3,1.372277
audio01.TextGrid,33,9,to,166.730,166.830,TO,3.0689,7.43,2,-0.769367
audio01.TextGrid,33,10,the,166.830,166.930,DT,2.1178,7.73,2,-1.372761
audio01.TextGrid,33,11,shark,166.930,167.240,NN,4.1357,4.1,4,-4.070406
audio01.TextGrid,33,12,factory,167.240,167.710,NN,8.7352,4.55,6,0.703989
audio01.TextGrid,33,13,on,167.710,167.800,IN,4.4589,6.91,2,0.017943
audio01.TextGrid,33,14,the,167.800,167.930,DT,1.6949,7.73,2,-1.795661
audio01.TextGrid,33,15,other,167.930,168.100,JJ,5.7818,6.16,3,-1.165153
audio01.TextGrid,33,16,side,168.100,168.340,NN,7.8939,5.5,3,0.472251
audio01.TextGrid,33,17,of,168.340,168.410,IN,2.8272,7.4,2,-1.045838
audio01.TextGrid,33,18,the,168.410,168.490,DT,1.6886,7.73,2,-1.801961
audio01.TextGrid,33,19,cove,168.490,168.980,NN,4.1358,3.64,3,-4.623628
audio01.TextGrid,33,20,where,168.980,169.120,WRB,7.2741,6.0,4,0.552208
audio01.TextGrid,33,21,they,169.120,169.200,PRP,4.8241,6.5,2,-0.092055
audio01.TextGrid,33,22,were,169.200,169.370,VBD,4.5431,6.34,2,-1.511750
audio01.TextGrid,33,23,hoisted,169.370,169.750,VBN,6.2526,2.98,6,-0.836434
audio01.TextGrid,33,24,on,169.750,169.870,IN,3.9188,6.91,2,-0.522157
audio01.TextGrid,33,25,a,169.870,169.920,DT,2.5618,7.36,1,-0.146380
audio01.TextGrid,33,26,block,169.920,170.220,NN,9.1119,4.88,4,1.123767
audio01.TextGrid,33,27,and,170.220,170.370,CC,4.0096,7.41,3,-1.085055
audio01.TextGrid,33,28,tackle,170.370,170.760,VB,11.2791,4.15,5,3.287450
audio01.TextGrid,33,29,their,171.110,171.270,PRP$,5.5476,6.33,3,-0.323830
audio01.TextGrid,33,30,livers,171.270,171.610,NNS,5.5683,2.78,5,-2.203698
audio01.TextGrid,33,31,removed,171.610,172.110,VBD,10.1436,4.79,6,1.968363
audio01.TextGrid,33,32,their,172.430,172.580,PRP$,6.0692,6.33,3,0.197770
audio01.TextGrid,33,33,fins,172.580,173.020,NNS,5.5873,3.36,4,-2.825602
audio01.TextGrid,33,34,cut,173.020,173.210,VBN,7.8058,5.24,3,0.197150
audio01.TextGrid,33,35,off,173.210,173.530,RB,6.2556,5.93,2,-0.274448
audio01.TextGrid,33,36,and,173.530,173.600,CC,4.2108,7.41,2,0.349353
audio01.TextGrid,33,37,their,173.600,173.790,PRP$,6.6192,6.33,3,0.747770
audio01.TextGrid,33,38,hides,173.790,174.190,NNS,5.5688,3.69,4,-2.751882
audio01.TextGrid,33,39,skinned,174.190,174.590,VBN,5.5603,3.54,5,-2.333549
audio01.TextGrid,33,40,out,174.590,174.920,RP,5.6204,6.38,2,0.565163
audio01.TextGrid,33,41,and,174.920,175.000,CC,4.3475,7.41,2,0.486053
audio01.TextGrid,33,42,their,175.000,175.170,PRP$,6.2973,6.33,3,0.425870
audio01.TextGrid,33,43,flesh,175.170,175.570,JJ,5.1783,4.2,4,-2.999861
audio01.TextGrid,33,44,cut,175.570,175.780,VBN,8.9055,5.24,3,1.296850
audio01.TextGrid,33,45,into,175.780,175.980,IN,6.5138,6.11,4,-0.177352
audio01.TextGrid,33,46,strips,175.980,176.370,NNS,6.8222,3.86,6,-0.794933
audio01.TextGrid,33,47,for,176.370,176.480,IN,3.8493,7.01,2,-0.475755
audio01.TextGrid,33,48,salting,176.480,177.010,VBG,8.1155,2.46,6,1.338524
audio02.TextGrid,1,1,when,1.170,1.310,WRB,6.5749,6.37,4,-0.043595
audio02.TextGrid,1,2,the,1.310,1.370,DT,1.9802,7.73,2,-1.510361
audio02.TextGrid,1,3,wind,1.370,1.610,NN,4.1362,4.84,4,-3.863111
audio02.TextGrid,1,4,was,1.610,1.770,VBD,4.1860,6.82,3,-2.286257
audio02.TextGrid,1,5,in,1.770,1.870,IN,3.6643,7.27,2,-0.359410
audio02.TextGrid,1,6,the,1.870,1.990,DT,1.7635,7.73,2,-1.727061
audio02.TextGrid,1,7,east,1.990,2.360,NN,8.6358,5.16,3,0.969611
audio02.TextGrid,1,8,a,2.360,2.420,DT,5.3447,7.36,1,2.636520
audio02.TextGrid,1,9,smell,2.420,2.710,NN,4.1590,4.49,4,-3.938119
audio02.TextGrid,1,10,came,2.710,2.960,VBD,7.6376,5.5,3,0.215951
audio02.TextGrid,1,11,across,2.960,3.300,IN,8.2796,5.25,5,1.064841
audio02.TextGrid,1,12,the,3.300,3.390,DT,1.8602,7.73,2,-1.630361
audio02.TextGrid,1,13,harbour,3.390,3.680,NN,4.1398,3.98,5,-3.824594
audio02.TextGrid,1,14,from,3.680,3.830,IN,4.7137,6.63,3,-0.941959
audio02.TextGrid,1,15,the,3.830,3.910,DT,1.6993,7.73,2,-1.791261
audio02.TextGrid,1,16,shark,3.910,4.220,NN,4.1366,4.1,4,-4.069506
audio02.TextGrid,1,17,factory,4.230,4.760,NN,8.7100,4.55,6,0.678789
audio02.TextGrid,2,1,but,5.250,5.370,CC,5.3198,6.63,3,-0.335859
audio02.TextGrid,2,2,today,5.370,5.660,NN,8.8953,5.55,4,1.094401
audio02.TextGrid,2,3,there,5.660,5.770,RB,8.2932,6.31,3,1.454132
audio02.TextGrid,2,4,was,5.770,5.920,VBD,4.2248,6.82,3,-2.247457
audio02.TextGrid,2,5,only,5.920,6.150,RB,6.0781,6.12,4,-1.563511
audio02.TextGrid,2,6,the,6.150,6.240,DT,3.6922,7.73,2,0.201639
audio02.TextGrid,2,7,faint,6.240,6.570,NN,13.4565,3.78,4,5.160969
audio02.TextGrid,2,8,edge,6.570,6.760,NN,11.5878,4.74,2,3.678520
audio02.TextGrid,2,9,of,6.760,6.830,IN,3.9334,7.4,2,0.060362
audio02.TextGrid,2,10,the,6.830,7.020,DT,1.6967,7.73,2,-1.793861
audio02.TextGrid,2,11,odour,7.020,7.260,NN,4.1365,2.96,4,-4.388183
audio02.TextGrid,2,12,because,7.260,7.740,IN,5.9392,6.03,5,-1.400616
audio02.TextGrid,2,13,the,7.760,7.850,DT,1.7055,7.73,2,-1.785061
audio02.TextGrid,2,14,wind,7.850,8.120,NN,4.1361,4.84,4,-3.863211
audio02.TextGrid,2,15,had,8.120,8.250,VBD,6.3160,6.33,3,-0.508683
audio02.TextGrid,2,16,backed,8.250,8.530,VBN,10.2300,4.26,4,2.068606
audio02.TextGrid,2,17,into,8.530,8.680,IN,5.9289,6.11,4,-0.762252
audio02.TextGrid,2,18,the,8.680,8.790,DT,1.6865,7.73,2,-1.804061
audio02.TextGrid,2,19,north,8.790,9.170,NN,9.8270,5.34,4,1.967416
audio02.TextGrid,2,20,and,9.170,9.280,CC,3.7814,7.41,2,-0.080047
audio02.TextGrid,2,21,then,9.280,9.500,RB,8.5606,6.07,3,1.548916
audio02.TextGrid,2,22,dropped,9.500,9.810,VBD,9.1704,4.73,5,1.085759
audio02.TextGrid,2,23,off,9.810,10.120,IN,6.4745,5.93,2,0.897705
audio02.TextGrid,2,24,and,10.230,10.360,CC,4.2168,7.41,3,-0.877855
audio02.TextGrid,2,25,it,10.360,10.470,PRP,5.4641,6.95,2,1.069504
audio02.TextGrid,2,26,was,10.470,10.590,VBD,4.4626,6.82,3,-2.009657
audio02.TextGrid,2,27,pleasant,10.590,11.000,JJ,5.8075,4.22,7,-1.855974
audio02.TextGrid,2,28,and,11.000,11.130,CC,3.7672,7.41,3,-1.327455
audio02.TextGrid,2,29,sunny,11.130,11.480,JJ,10.2264,4.07,4,2.011910
audio02.TextGrid,2,30,on,11.480,11.600,IN,4.7521,6.91,2,0.311143
audio02.TextGrid,2,31,the,11.600,11.690,DT,1.7369,7.73,2,-1.753661
audio02.TextGrid,2,32,terrace,11.690,12.190,NN,11.0456,3.88,5,3.097239
audio02.TextGrid,2,33,santiago,13.870,14.470,VBD,6.1534,3.66,8,-0.511755
audio02.TextGrid,2,34,the,14.590,14.700,DT,2.4540,7.73,2,-1.036561
audio02.TextGrid,2,35,boy,14.700,14.900,NN,10.2392,5.17,2,2.828298
audio02.TextGrid,2,36,said,14.900,15.270,VBD,4.5006,6.01,3,-2.554238
audio02.TextGrid,3,1,yes,16.000,16.470,RB,11.0119,5.5,3,3.590251
audio02.TextGrid,3,2,the,16.640,16.740,DT,2.5625,7.73,2,-0.928061
audio02.TextGrid,3,3,old,16.740,16.910,JJ,7.3464,5.75,3,0.104560
audio02.TextGrid,3,4,man,16.910,17.130,NN,7.7268,5.82,3,0.535307
audio02.TextGrid,3,5,said,17.130,17.450,VBD,3.6026,6.01,3,-3.452238
audio02.TextGrid,4,1,he,17.960,18.040,PRP,4.5353,6.69,2,-0.160641
audio02.TextGrid,4,2,was,18.040,18.170,VBD,3.9158,6.82,3,-2.556457
audio02.TextGrid,4,3,holding,18.170,18.450,VBG,8.2383,4.89,6,0.003051
audio02.TextGrid,4,4,his,18.450,18.590,PRP$,5.9992,6.51,3,0.257232
audio02.TextGrid,4,5,glass,18.590,19.060,NN,8.5007,4.85,4,0.504184
audio02.TextGrid,4,6,and,19.060,19.200,CC,4.3655,7.41,3,-0.729155
audio02.TextGrid,4,7,thinking,19.200,19.510,NN,9.9156,5.24,6,1.470312
audio02.TextGrid,4,8,of,19.510,19.630,IN,3.3841,7.4,2,-0.488938
audio02.TextGrid,4,9,many,19.630,19.830,JJ,6.5571,5.91,4,-1.143196
audio02.TextGrid,4,10,years,19.830,20.150,NNS,4.9157,5.96,3,-2.175100
audio02.TextGrid,4,11,ago,20.150,20.490,RB,7.1701,5.42,3,-0.309088
audio02.TextGrid,5,1,can,22.130,22.260,MD,9.3799,6.46,3,3.601970
audio02.TextGrid,5,2,i,22.260,22.340,VB,7.8129,7.09,1,3.719791
audio02.TextGrid,5,3,go,22.340,22.510,VB,8.0906,6.03,2,1.676454
audio02.TextGrid,5,4,out,22.510,22.630,RP,5.7592,6.38,2,0.703963
audio02.TextGrid,5,5,to,22.630,22.700,TO,3.2294,7.43,2,-0.608867
audio02.TextGrid,5,6,get,22.700,22.890,VB,6.3151,6.28,3,-0.545545
audio02.TextGrid,5,7,sardines,22.890,23.370,NNS,7.4163,2.93,7,1.094290
audio02.TextGrid,5,8,for,23.370,23.470,IN,3.8408,7.01,2,-0.484255
audio02.TextGrid,5,9,you,23.470,23.540,PRP,5.6252,6.98,2,1.265375
audio02.TextGrid,5,10,for,23.540,23.610,IN,3.8274,7.01,2,-0.497655
audio02.TextGrid,5,11,tomorrow,23.610,24.040,NN,10.1023,5.02,6,1.789037
audio02.TextGrid,6,1,no,24.830,25.090,DT,5.7679,6.35,2,0.677893
audio02.TextGrid,6,2,go,25.870,26.060,NN,9.9020,6.03,2,3.487854
audio02.TextGrid,6,3,and,26.060,26.120,CC,4.1294,7.41,2,0.267953
audio02.TextGrid,6,4,play,26.120,26.340,VB,8.3296,5.61,3,0.987067
audio02.TextGrid,6,5,baseball,26.340,27.010,NN,11.4869,4.54,6,3.461691
audio02.TextGrid,6,6,i,27.240,27.360,NN,7.9681,7.09,1,3.874991
audio02.TextGrid,6,7,can,27.360,27.540,MD,6.2284,6.46,3,0.450470
audio02.TextGrid,6,8,still,27.540,27.930,RB,7.3573,5.92,4,-0.340201
audio02.TextGrid,6,9,row,27.930,28.280,VB,12.6763,4.6,2,4.604757
audio02.TextGrid,6,10,and,28.280,28.640,CC,4.1509,7.41,3,-0.943755
audio02.TextGrid,6,11,rogelio,28.640,29.170,VB,5.1033,2.4,7,-0.667565
audio02.TextGrid,6,12,will,29.170,29.340,MD,5.9249,6.45,3,0.139778
audio02.TextGrid,6,13,throw,29.340,29.550,VB,3.7121,4.83,3,-4.191437
audio02.TextGrid,6,14,the,29.550,29.650,DT,2.2850,7.73,2,-1.205561
audio02.TextGrid,6,15,net,29.650,29.940,JJ,6.5147,4.76,3,-1.439184
audio02.TextGrid,7,1,i,31.340,31.450,NN,5.5144,7.09,1,1.421291
audio02.TextGrid,7,2,would,31.450,31.580,MD,4.5155,6.27,3,-1.399084
audio02.TextGrid,7,3,like,31.580,31.750,VB,6.9481,6.41,3,0.180956
audio02.TextGrid,7,4,to,31.750,31.840,TO,3.4544,7.43,2,-0.383867
audio02.TextGrid,7,5,go,31.840,32.170,VB,6.7340,6.03,2,0.319854
audio02.TextGrid,7,6,if,32.450,32.580,IN,6.3617,6.47,2,1.410775
audio02.TextGrid,7,7,i,32.580,32.660,JJ,5.4453,7.09,1,1.352191
audio02.TextGrid,7,8,cannot,32.660,33.010,VBP,5.7142,5.11,5,-2.431366
audio02.TextGrid,7,9,fish,33.010,33.270,JJ,5.8441,4.9,3,-2.009091
audio02.TextGrid,7,10,with,33.270,33.410,IN,5.1531,6.85,3,-0.344327
audio02.TextGrid,7,11,you,33.410,33.620,PRP,5.6098,6.98,2,1.249975
audio02.TextGrid,7,12,i,33.620,33.670,VBP,7.3481,7.09,1,3.254991
audio02.TextGrid,7,13,would,33.670,33.840,MD,5.2736,6.27,3,-0.640984
audio02.TextGrid,7,14,like,33.840,33.970,VB,6.9533,6.41,3,0.186156
audio02.TextGrid,7,15,to,33.970,34.040,TO,3.4287,7.43,2,-0.409567
audio02.TextGrid,7,16,serve,34.040,34.320,VB,8.4275,4.85,3,0.538348
audio02.TextGrid,7,17,in,34.320,34.430,IN,3.6050,7.27,2,-0.418710
audio02.TextGrid,7,18,some,34.430,34.700,DT,5.2277,6.2,3,-0.737231
audio02.TextGrid,7,19,way,34.700,34.970,NN,6.8393,6.01,2,0.401974
audio02.TextGrid,8,1,you,35.990,36.120,PRP,5.7058,6.98,2,1.345975
audio02.TextGrid,8,2,bought,36.120,36.390,VBD,7.5485,4.91,3,-0.297498
audio02.TextGrid,8,3,me,36.390,36.540,PRP,8.7902,6.48,2,3.850865
audio02.TextGrid,8,4,a,36.540,36.580,DT,4.7998,7.36,1,2.091620
audio02.TextGrid,8,5,beer,36.580,37.020,NN,10.2484,4.7,3,2.251362
audio02.TextGrid,8,6,the,37.210,37.330,DT,4.0259,7.73,2,0.535339
audio02.TextGrid,8,7,old,37.330,37.510,JJ,7.3447,5.75,3,0.102860
audio02.TextGrid,8,8,man,37.510,37.730,NN,7.7023,5.82,3,0.510807
audio02.TextGrid,8,9,said,37.730,38.090,VBD,4.4883,6.01,3,-2.566538
audio02.TextGrid,9,1,you,38.720,38.930,PRP,5.7058,6.98,2,1.345975
audio02.TextGrid,9,2,are,38.930,39.080,VBP,3.9761,6.74,2,-1.615143
audio02.TextGrid,9,3,already,39.080,39.530,RB,6.9204,5.55,6,-1.710923
audio02.TextGrid,9,4,a,39.530,39.570,DT,4.6453,7.36,1,1.937120
audio02.TextGrid,9,5,man,39.570,40.050,NN,7.7729,5.82,3,0.581407
audio02.TextGrid,10,1,how,41.460,41.590,WRB,7.8277,6.24,2,2.610201
audio02.TextGrid,10,2,old,41.590,41.810,JJ,7.5297,5.75,3,0.287860
audio02.TextGrid,10,3,was,41.810,41.970,VBD,6.0818,6.82,3,-0.390457
audio02.TextGrid,10,4,i,41.970,42.110,RB,6.0590,7.09,1,1.965891
audio02.TextGrid,10,5,when,42.110,42.290,WRB,6.3044,6.37,3,0.461739
audio02.TextGrid,10,6,you,42.290,42.410,PRP,5.8654,6.98,2,1.505575
audio02.TextGrid,10,7,first,42.410,42.690,RB,7.5845,6.11,4,-0.059905
audio02.TextGrid,10,8,took,42.690,42.870,VBD,8.3887,5.51,3,0.974243
audio02.TextGrid,10,9,me,42.870,42.990,PRP,8.6264,6.48,2,3.687065
audio02.TextGrid,10,10,in,42.990,43.050,IN,3.1067,7.27,2,-0.917010
audio02.TextGrid,10,11,a,43.050,43.090,DT,2.5751,7.36,1,-0.133080
audio02.TextGrid,10,12,boat,43.090,43.520,NN,4.1372,4.71,3,-3.852645
audio02.TextGrid,11,1,five,44.460,44.960,CD,7.6116,5.45,3,1.107242
audio02.TextGrid,11,2,and,45.020,45.170,CC,4.6222,7.41,2,0.760753
audio02.TextGrid,11,3,you,45.170,45.330,PRP,6.1185,6.98,2,1.758675
audio02.TextGrid,11,4,nearly,45.330,45.680,RB,8.8810,5.0,5,0.753070
audio02.TextGrid,11,5,were,45.680,45.810,VBD,5.3214,6.34,2,-0.733450
audio02.TextGrid,11,6,killed,45.810,46.260,VBN,10.3091,5.22,4,2.415981
audio02.TextGrid,11,7,when,46.260,46.370,WRB,6.2045,6.37,3,0.361839
audio02.TextGrid,11,8,i,46.370,46.470,NN,5.6377,7.09,1,1.544591
audio02.TextGrid,11,9,brought,46.470,46.730,VBD,8.1160,5.16,4,0.206114
audio02.TextGrid,11,10,the,46.730,46.840,DT,2.6577,7.73,2,-0.832861
audio02.TextGrid,11,11,fish,46.840,47.120,NN,4.1435,4.9,3,-3.709691
audio02.TextGrid,11,12,in,47.120,47.250,IN,3.3177,7.27,2,-0.706010
audio02.TextGrid,11,13,too,47.250,47.410,RB,8.7851,5.95,2,2.278232
audio02.TextGrid,11,14,green,47.410,47.880,JJ,9.0571,5.13,4,1.138831
audio02.TextGrid,11,15,and,48.060,48.200,CC,3.6804,7.41,3,-1.414255
audio02.TextGrid,11,16,he,48.200,48.300,PRP,5.2495,6.69,2,0.553559
audio02.TextGrid,11,17,nearly,48.300,48.610,RB,8.5806,5.0,5,0.452670
audio02.TextGrid,11,18,tore,48.610,48.820,VBD,4.1315,3.71,3,-4.577581
audio02.TextGrid,11,19,the,48.820,48.920,DT,2.4554,7.73,2,-1.035161
audio02.TextGrid,11,20,boat,48.920,49.130,NN,4.1401,4.71,3,-3.849745
audio02.TextGrid,11,21,to,49.130,49.230,TO,3.3939,7.43,2,-0.444367
audio02.TextGrid,11,22,pieces,49.230,49.790,NNS,11.4958,4.72,5,3.412763
audio02.TextGrid,12,1,can,50.310,50.460,MD,9.3799,6.46,3,3.601970
audio02.TextGrid,12,2,you,50.460,50.620,PRP,8.0054,6.98,2,3.645575
audio02.TextGrid,12,3,remember,50.620,51.160,VB,11.1893,5.38,7,2.319547
audio02.TextGrid,12,4,i,52.710,52.800,NNS,5.9592,7.09,1,1.866091
audio02.TextGrid,12,5,can,52.800,53.030,MD,6.9802,6.46,3,1.202270
audio02.TextGrid,12,6,remember,53.030,53.380,VB,9.6172,5.38,7,0.747447
audio02.TextGrid,12,7,the,53.380,53.500,DT,2.2640,7.73,2,-1.226561
audio02.TextGrid,12,8,tail,53.500,53.890,NN,4.1383,4.34,3,-4.117663
audio02.TextGrid,12,9,slapping,53.890,54.470,NN,5.3560,3.36,6,-1.961077
audio02.TextGrid,12,10,and,54.470,54.560,CC,3.7509,7.41,2,-0.110547
audio02.TextGrid,12,11,banging,54.560,55.080,NN,5.7344,3.68,5,-2.181895
audio02.TextGrid,12,12,and,55.080,55.170,CC,3.7316,7.41,2,-0.129847
audio02.TextGrid,12,13,the,55.170,55.290,DT,2.4480,7.73,2,-1.042561
audio02.TextGrid,12,14,thwart,55.290,55.540,NN,13.7483,3.06,5,5.931410
audio02.TextGrid,12,15,breaking,55.540,56.040,NN,11.3306,4.74,6,3.185368
audio02.TextGrid,12,16,and,56.040,56.140,CC,3.8653,7.41,2,0.003853
audio02.TextGrid,12,17,the,56.140,56.220,DT,3.2701,7.73,2,-0.220461
audio02.TextGrid,12,18,of,56.510,56.580,IN,4.8961,7.4,2,1.023062
audio02.TextGrid,12,19,the,56.580,56.660,DT,1.7148,7.73,2,-1.775761
audio02.TextGrid,12,20,clubbing,56.660,57.120,NN,4.1361,2.99,6,-2.958935
audio02.TextGrid,13,1,i,57.570,57.600,NN,5.5144,7.09,1,1.421291
audio02.TextGrid,13,2,can,57.750,58.010,MD,5.3141,6.46,3,-0.463830
audio02.TextGrid,13,3,remember,58.010,58.360,VB,9.5920,5.38,7,0.722247
audio02.TextGrid,13,4,you,58.360,58.510,PRP,6.2041,6.98,2,1.844275
audio02.TextGrid,13,5,throwing,58.510,58.890,VBG,8.1348,4.4,5,0.103068
audio02.TextGrid,13,6,me,58.890,59.030,PRP,8.5369,6.48,2,3.597565
audio02.TextGrid,13,7,into,59.030,59.150,IN,6.1716,6.11,4,-0.519552
audio02.TextGrid,13,8,the,59.150,59.250,DT,1.6909,7.73,2,-1.799661
audio02.TextGrid,13,9,bow,59.250,59.560,NN,4.1365,4.3,2,-4.282749
audio02.TextGrid,13,10,where,59.560,59.720,WRB,7.3334,6.0,3,1.224622
audio02.TextGrid,13,11,the,59.720,59.780,DT,1.9695,7.73,2,-1.521061
audio02.TextGrid,13,12,wet,59.780,59.980,NN,4.1362,4.54,3,-3.975916
audio02.TextGrid,13,13,coiled,59.980,60.340,VBD,3.6519,2.9,4,-4.889550
audio02.TextGrid,13,14,lines,60.340,60.730,NNS,10.2950,4.95,4,2.326429
audio02.TextGrid,13,15,were,60.730,60.940,VBD,5.6927,6.34,2,-0.362150
audio02.TextGrid,13,16,and,61.250,61.340,CC,3.9087,7.41,2,0.047253
audio02.TextGrid,13,17,feeling,61.340,61.710,VBG,9.4497,5.13,5,1.300927
audio02.TextGrid,13,18,the,61.710,61.810,DT,2.3523,7.73,2,-1.138261
audio02.TextGrid,13,19,whole,61.810,62.000,JJ,10.0321,5.46,3,2.581682
audio02.TextGrid,13,20,boat,62.000,62.330,NN,3.9928,4.71,3,-3.997045
audio02.TextGrid,13,21,shiver,62.330,62.800,NN,5.8288,3.05,4,-2.670732
audio02.TextGrid,13,22,and,62.800,62.870,CC,4.0648,7.41,2,0.203353
audio02.TextGrid,13,23,the,62.870,62.960,DT,2.4223,7.73,2,-1.068261
audio02.TextGrid,13,24,of,63.310,63.430,IN,5.0472,7.4,2,1.174162
audio02.TextGrid,13,25,you,63.430,63.580,PRP,5.6334,6.98,2,1.273575
audio02.TextGrid,13,26,clubbing,63.580,64.080,VBG,7.6291,2.99,6,0.534065
audio02.TextGrid,13,27,him,64.080,64.220,PRP,7.9452,6.11,2,2.577028
audio02.TextGrid,13,28,like,64.220,64.420,IN,6.3130,6.41,3,0.499109
audio02.TextGrid,13,29,chopping,64.420,64.820,VBG,8.0420,3.37,5,0.175407
audio02.TextGrid,13,30,a,64.820,64.870,DT,3.1943,7.36,1,0.486120
audio02.TextGrid,13,31,tree,64.870,65.140,JJ,9.1382,4.85,3,1.249048
audio02.TextGrid,13,32,down,65.140,65.470,NN,6.9620,5.88,3,-0.186339
audio02.TextGrid,13,33,and,65.890,65.980,CC,4.2606,7.41,2,0.399153
audio02.TextGrid,13,34,the,65.980,66.090,DT,3.0391,7.73,2,-0.451461
audio02.TextGrid,13,35,sweet,66.090,66.400,JJ,10.0382,4.91,4,2.058451
audio02.TextGrid,13,36,blood,66.400,66.680,NN,8.9946,5.1,4,1.067947
audio02.TextGrid,13,37,smell,66.680,67.000,NN,5.8968,4.49,4,-2.200319
audio02.TextGrid,13,38,all,67.000,67.160,DT,7.7093,6.52,2,2.816326
audio02.TextGrid,13,39,over,67.160,67.380,IN,7.8974,6.08,3,1.846161
audio02.TextGrid,13,40,me,67.380,67.600,PRP,8.1060,6.48,2,3.166665
audio02.TextGrid,14,1,can,69.270,69.420,MD,9.3799,6.46,3,3.601970
audio02.TextGrid,14,2,you,69.420,69.800,PRP,8.0054,6.98,2,3.645575
audio02.TextGrid,14,3,really,69.800,70.020,RB,8.1938,5.97,4,0.510271
audio02.TextGrid,14,4,remember,70.020,70.470,VB,10.8089,5.38,7,1.939147
audio02.TextGrid,14,5,that,70.470,70.720,IN,4.3732,7.01,3,-1.009150
audio02.TextGrid,14,6,or,70.720,70.780,CC,6.1828,6.54,1,2.163603
audio02.TextGrid,14,7,did,70.780,70.940,VBD,9.3234,5.96,3,2.232600
audio02.TextGrid,14,8,i,70.940,71.050,VB,6.0927,7.09,1,1.999591
audio02.TextGrid,14,9,just,71.050,71.260,RB,7.0019,6.43,3,0.249141
audio02.TextGrid,14,10,tell,71.260,71.480,VB,10.3776,5.53,3,2.977528
audio02.TextGrid,14,11,it,71.480,71.630,PRP,4.8217,6.95,2,0.427104
audio02.TextGrid,14,12,to,71.630,71.710,TO,3.2757,7.43,2,-0.562567
audio02.TextGrid,14,13,you,71.710,71.900,PRP,6.1353,6.98,2,1.775475
audio02.TextGrid,15,1,i,73.100,73.210,JJ,5.5144,7.09,1,1.421291
audio02.TextGrid,15,2,remember,73.210,73.610,VBP,9.7957,5.38,7,0.925947
audio02.TextGrid,15,3,everything,73.610,74.090,NN,11.3861,5.54,7,2.349964
audio02.TextGrid,15,4,from,74.090,74.270,IN,5.3148,6.63,3,-0.340859
audio02.TextGrid,15,5,when,74.270,74.370,WRB,7.8349,6.37,3,1.992239
audio02.TextGrid,15,6,we,74.370,74.530,PRP,5.9243,6.54,2,1.054506
audio02.TextGrid,15,7,first,74.530,74.830,RB,7.5832,6.11,4,-0.061205
audio02.TextGrid,15,8,went,74.830,74.980,VBD,9.1199,5.5,4,1.305028
audio02.TextGrid,15,9,together,74.980,75.370,RB,7.9003,5.46,6,-0.677013
audio02.TextGrid,16,1,the,77.590,77.700,DT,1.8241,7.73,2,-1.666461
audio02.TextGrid,16,2,old,77.700,77.920,JJ,7.3292,5.75,3,0.087360
audio02.TextGrid,16,3,man,77.920,78.180,NN,7.6921,5.82,3,0.500607
audio02.TextGrid,16,4,looked,78.180,78.380,VBD,10.1509,5.11,4,2.227042
audio02.TextGrid,16,5,at,78.380,78.450,IN,4.2210,6.7,2,-0.463351
audio02.TextGrid,16,6,him,78.450,78.640,PRP,7.3636,6.11,3,1.333938
audio02.TextGrid,16,7,with,78.640,78.780,IN,4.9530,6.85,3,-0.544427
audio02.TextGrid,16,8,his,78.780,78.950,PRP$,5.3014,6.51,3,-0.440568
audio02.TextGrid,16,9,sun,78.950,79.190,NN,10.5737,4.97,3,2.770856
audio02.TextGrid,16,10,burned,79.190,79.630,VBD,12.9121,4.31,4,4.764679
audio02.TextGrid,16,11,confident,79.630,80.260,JJ,11.3136,4.43,9,3.586437
audio02.TextGrid,16,12,loving,80.260,80.580,VBG,8.5798,4.47,5,0.536845
audio02.TextGrid,16,13,eyes,80.580,81.010,NNS,10.1536,5.21,2,2.789058
audio02.TextGrid,17,1,if,82.630,82.760,IN,6.7770,6.47,2,1.826075
audio02.TextGrid,17,2,you,82.760,82.910,PRP,5.6755,6.98,2,1.315675
audio02.TextGrid,17,3,were,82.910,83.010,VBD,6.0445,6.34,2,-0.010350
audio02.TextGrid,17,4,my,83.010,83.250,PRP$,7.8134,6.57,2,2.978377
audio02.TextGrid,17,5,boy,83.250,83.550,NN,10.3524,5.17,2,2.941498
audio02.TextGrid,17,6,i,83.550,83.640,NN,7.1690,7.09,1,3.075891
audio02.TextGrid,17,7,d,83.640,83.750,VBP,4.2668,5.46,2,-2.807987
audio02.TextGrid,17,8,take,83.750,83.940,VB,6.6803,5.92,3,-0.439270
audio02.TextGrid,17,9,you,83.940,84.090,PRP,6.2149,6.98,2,1.855075
audio02.TextGrid,17,10,out,84.090,84.210,RP,6.5632,6.38,2,1.507963
audio02.TextGrid,17,11,and,84.210,84.330,CC,4.4952,7.41,2,0.633753
audio02.TextGrid,17,12,gamble,84.330,84.800,VB,4.2895,3.79,6,-3.285625
audio02.TextGrid,17,13,he,85.080,85.210,PRP,5.0485,6.69,2,0.352559
audio02.TextGrid,17,14,said,85.210,85.560,VBD,5.1816,6.01,3,-1.873238
audio02.TextGrid,18,1,but,85.990,86.150,CC,5.3198,6.63,3,-0.335859
audio02.TextGrid,18,2,you,86.150,86.320,PRP,5.9151,6.98,2,1.555275
audio02.TextGrid,18,3,are,86.320,86.440,VBP,3.9435,6.74,2,-1.647743
audio02.TextGrid,18,4,your,86.440,86.600,PRP$,7.8340,6.53,3,2.106417
audio02.TextGrid,18,5,father,86.600,86.950,NN,8.9688,5.26,4,1.086860
audio02.TextGrid,18,6,s,86.950,87.020,NN,5.3686,5.86,1,-0.691035
audio02.TextGrid,18,7,and,87.020,87.140,CC,4.3360,7.41,2,0.474553
audio02.TextGrid,18,8,your,87.140,87.270,PRP$,7.4840,6.53,3,1.756417
audio02.TextGrid,18,9,mother,87.270,87.620,NN,9.2585,5.24,4,1.370970
audio02.TextGrid,18,10,s,87.620,87.760,NN,5.3196,5.86,1,-0.740035
audio02.TextGrid,18,11,and,87.760,87.890,CC,4.3508,7.41,2,0.489353
audio02.TextGrid,18,12,you,87.890,88.110,PRP,6.2360,6.98,2,1.876175
audio02.TextGrid,18,13,are,88.110,88.260,VBP,4.4683,6.74,2,-1.122943
audio02.TextGrid,18,14,in,88.260,88.340,IN,3.8005,7.27,2,-0.223210
audio02.TextGrid,18,15,a,88.340,88.400,DT,2.6144,7.36,1,-0.093780
audio02.TextGrid,18,16,lucky,88.400,88.690,JJ,10.7264,4.77,4,2.707527
audio02.TextGrid,18,17,boat,88.690,89.120,NN,3.9947,4.71,3,-3.995145
audio02.TextGrid,19,1,may,90.940,91.080,MD,8.3649,5.98,2,2.846056
audio02.TextGrid,19,2,i,91.080,91.180,VB,8.1452,7.09,1,4.052091
audio02.TextGrid,19,3,get,91.180,91.320,VB,6.5447,6.28,3,-0.315945
audio02.TextGrid,19,4,the,91.320,91.430,DT,2.3384,7.73,2,-1.152161
audio02.TextGrid,19,5,sardines,91.430,92.050,NNS,6.4504,2.93,7,0.128390
audio02.TextGrid,19,6,i,92.290,92.390,NN,7.4320,7.09,1,3.338891
audio02.TextGrid,19,7,know,92.390,92.530,VBP,7.5629,6.1,2,1.229885
audio02.TextGrid,19,8,where,92.530,92.670,WRB,7.5802,6.0,3,1.471422
audio02.TextGrid,19,9,i,92.670,92.730,NN,5.6761,7.09,1,1.582991
audio02.TextGrid,19,10,can,92.730,92.880,MD,5.3193,6.46,3,-0.458630
audio02.TextGrid,19,11,get,92.880,93.060,VB,5.7545,6.28,3,-1.106145
audio02.TextGrid,19,12,four,93.090,93.280,CD,8.3406,5.53,3,1.893781
audio02.TextGrid,19,13,baits,93.280,93.660,NNS,5.8449,2.65,4,-2.766413
audio02.TextGrid,19,14,too,93.660,93.980,RB,7.8899,5.95,2,1.383032
audio02.TextGrid,19,15,i,95.500,95.630,RB,7.3872,7.09,1,3.294091
audio02.TextGrid,19,16,have,95.630,95.870,VBP,4.8505,6.71,3,-1.700873
audio02.TextGrid,19,17,mine,95.870,96.150,NN,11.1912,5.04,3,3.438703
audio02.TextGrid,19,18,left,96.150,96.390,VBN,10.0292,5.62,4,2.247863
audio02.TextGrid,19,19,from,96.390,96.540,IN,4.4265,6.63,3,-1.229159
audio02.TextGrid,19,20,today,96.540,97.030,NN,8.5456,5.55,4,0.744701
audio02.TextGrid,19,21,i,97.200,97.320,NN,7.6975,7.09,1,3.604391
audio02.TextGrid,19,22,put,97.320,97.560,VBD,7.2849,5.66,3,-0.021671
audio02.TextGrid,19,23,them,97.560,97.700,PRP,6.7173,6.19,3,0.745177
audio02.TextGrid,19,24,in,97.700,97.800,IN,3.1289,7.27,2,-0.894810
audio02.TextGrid,19,25,salt,97.800,98.140,NN,11.0086,4.6,4,2.942220
audio02.TextGrid,19,26,in,98.140,98.210,IN,4.1651,7.27,2,0.141390
audio02.TextGrid,19,27,the,98.210,98.300,DT,1.7007,7.73,2,-1.789861
audio02.TextGrid,19,28,box,98.300,98.810,NN,8.8495,5.04,4,0.906080
audio02.TextGrid,20,1,let,99.830,100.000,VB,12.2066,5.6,3,4.856875
audio02.TextGrid,20,2,me,100.000,100.090,PRP,8.6704,6.48,2,3.731065
audio02.TextGrid,20,3,get,100.090,100.290,VB,7.2640,6.28,3,0.403355
audio02.TextGrid,20,4,four,100.290,100.490,CD,8.3395,5.53,3,1.892681
audio02.TextGrid,20,5,fresh,100.490,100.810,JJ,10.9176,4.83,4,2.915495
audio02.TextGrid,20,6,ones,100.810,101.240,NNS,8.2129,5.07,4,0.277863
audio02.TextGrid,21,1,one,102.180,102.580,CD,6.0137,6.47,3,0.242963
audio02.TextGrid,21,2,the,102.890,103.010,DT,4.8272,7.73,2,1.336639
audio02.TextGrid,21,3,old,103.010,103.210,JJ,7.3346,5.75,3,0.092760
audio02.TextGrid,21,4,man,103.210,103.440,NN,7.7316,5.82,3,0.540107
audio02.TextGrid,21,5,said,103.440,103.830,VBD,3.7723,6.01,3,-3.282538
audio02.TextGrid,22,1,his,105.070,105.240,PRP$,5.4396,6.51,3,-0.302368
audio02.TextGrid,22,2,hope,105.240,105.530,NN,8.9591,5.44,3,1.494297
audio02.TextGrid,22,3,and,105.530,105.710,CC,4.5618,7.41,3,-0.532855
audio02.TextGrid,22,4,his,105.710,105.880,PRP$,5.7517,6.51,3,0.009732
audio02.TextGrid,22,5,confidence,105.880,106.430,NN,8.3554,4.65,9,0.205956
audio02.TextGrid,22,6,had,106.430,106.560,VBD,5.2213,6.33,3,-1.603383
audio02.TextGrid,22,7,never,106.560,106.780,RB,7.3862,5.91,4,-0.314096
audio02.TextGrid,22,8,gone,106.780,107.190,VBN,9.0889,5.17,3,1.429903
audio02.TextGrid,22,9,but,107.430,107.630,CC,5.7498,6.63,3,0.094141
audio02.TextGrid,22,10,now,107.630,107.850,RB,6.6142,6.18,2,0.373907
audio02.TextGrid,22,11,they,107.850,107.910,PRP,6.4602,6.5,2,1.544045
audio02.TextGrid,22,12,were,107.910,107.970,VBD,5.4334,6.34,2,-0.621450
audio02.TextGrid,22,13,freshening,107.970,108.530,VBG,7.5131,2.25,7,1.898219
audio02.TextGrid,22,14,as,108.530,108.690,IN,4.9023,6.77,2,0.299081
audio02.TextGrid,22,15,when,108.690,108.820,WRB,7.5769,6.37,3,1.734239
audio02.TextGrid,22,16,the,108.820,108.890,DT,2.0144,7.73,2,-1.476161
audio02.TextGrid,22,17,breeze,108.890,109.300,NN,4.1363,3.86,4,-4.136875
audio02.TextGrid,22,18,rises,109.300,109.900,NNS,11.5000,4.07,5,3.521177
audio02.TextGrid,23,1,two,111.180,111.460,CD,6.3214,6.1,2,0.941638
audio02.TextGrid,23,2,the,111.760,111.840,DT,4.8774,7.73,2,1.386839
audio02.TextGrid,23,3,boy,111.840,112.060,NN,10.2307,5.17,2,2.819798
audio02.TextGrid,23,4,said,112.060,112.440,VBD,3.8702,6.01,3,-3.184638
audio02.TextGrid,24,1,two,113.630,114.050,CD,6.3214,6.1,2,0.941638
audio02.TextGrid,24,2,the,114.290,114.400,DT,4.8774,7.73,2,1.386839
audio02.TextGrid,24,3,old,114.400,114.590,JJ,7.3340,5.75,3,0.092160
audio02.TextGrid,24,4,man,114.590,114.780,NN,7.7351,5.82,3,0.543607
audio02.TextGrid,24,5,agreed,114.780,115.250,VBD,7.4742,4.84,5,-0.628077
audio02.TextGrid,25,1,you,115.980,116.090,PRP,5.7058,6.98,2,1.345975
audio02.TextGrid,25,2,didn't,116.090,116.400,VBP,3.9761,5.68,5,-4.260854
audio02.TextGrid,25,3,steal,116.400,116.690,VB,10.6720,4.41,4,2.552524
audio02.TextGrid,25,4,them,116.690,116.910,PRP,6.4865,6.19,3,0.514377
audio02.TextGrid,26,1,i,118.030,118.140,NN,5.5144,7.09,1,1.421291
audio02.TextGrid,26,2,would,118.140,118.550,MD,4.5155,6.27,3,-1.399084
audio02.TextGrid,26,3,the,118.740,118.820,DT,4.3332,7.73,2,0.842639
audio02.TextGrid,26,4,boy,118.820,119.030,NN,10.2490,5.17,2,2.838098
audio02.TextGrid,26,5,said,119.030,119.280,VBD,6.0167,6.01,3,-1.038138
audio02.TextGrid,26,6,but,119.280,119.440,CC,5.3773,6.63,3,-0.278359
audio02.TextGrid,26,7,i,119.440,119.530,JJ,7.2399,7.09,1,3.146791
audio02.TextGrid,26,8,bought,119.530,119.840,VBD,8.7765,4.91,3,0.930502
audio02.TextGrid,27,1,these,119.840,120.190,DT,5.9478,6.04,3,-0.132209
audio02.TextGrid,27,2,thank,121.910,122.220,NN,4.1353,5.48,4,-3.685161
audio02.TextGrid,27,3,you,122.220,122.760,PRP,8.2093,6.98,2,3.849475
audio02.TextGrid,27,4,the,122.760,122.900,DT,4.0045,7.73,2,0.513939
audio02.TextGrid,27,5,old,122.900,123.100,JJ,7.3440,5.75,3,0.102160
audio02.TextGrid,27,6,man,123.100,123.340,NN,7.7010,5.82,3,0.509507
audio02.TextGrid,27,7,said,123.340,123.730,VBD,3.8168,6.01,3,-3.238038
audio02.TextGrid,28,1,he,124.860,124.970,PRP,4.5353,6.69,2,-0.160641
audio02.TextGrid,28,2,was,124.970,125.180,VBD,3.9158,6.82,3,-2.556457
audio02.TextGrid,28,3,too,125.180,125.330,RB,7.2407,5.95,2,0.733832
audio02.TextGrid,28,4,simple,125.330,125.670,JJ,9.6379,5.08,6,1.288630
audio02.TextGrid,28,5,to,125.670,125.770,TO,3.2459,7.43,2,-0.592367
audio02.TextGrid,28,6,wonder,125.770,126.060,VB,12.1104,4.93,5,3.993693
audio02.TextGrid,28,7,when,126.060,126.340,WRB,6.2841,6.37,3,0.441439
audio02.TextGrid,28,8,he,126.340,126.580,PRP,4.6673,6.69,2,-0.028641
audio02.TextGrid,28,9,had,126.580,126.720,VBD,4.7249,6.33,3,-2.099783
audio02.TextGrid,28,10,attained,126.720,127.110,VBN,6.3663,3.57,5,-1.532358
audio02.TextGrid,28,11,humility,127.110,127.710,NN,6.5273,3.59,9,0.412484
audio02.TextGrid,28,12,but,127.970,128.130,CC,5.5672,6.63,3,-0.088459
audio02.TextGrid,28,13,he,128.130,128.220,PRP,5.3360,6.69,2,0.640059
audio02.TextGrid,28,14,knew,128.220,128.440,VBD,9.5699,5.2,3,1.932480
audio02.TextGrid,28,15,he,128.440,128.620,PRP,5.1676,6.69,2,0.471659
audio02.TextGrid,28,16,had,128.620,128.760,VBD,5.6005,6.33,3,-1.224183
audio02.TextGrid,28,17,attained,128.760,129.170,VBN,6.3598,3.57,5,-1.538858
audio02.TextGrid,28,18,it,129.170,129.420,PRP,5.2121,6.95,2,0.817504
audio02.TextGrid,28,19,and,129.420,129.590,CC,3.9538,7.41,3,-1.140855
audio02.TextGrid,28,20,he,129.590,129.730,PRP,5.1981,6.69,2,0.502159
audio02.TextGrid,28,21,knew,129.730,129.970,VBD,9.4058,5.2,3,1.768380
audio02.TextGrid,28,22,it,129.970,130.080,PRP,4.5195,6.95,2,0.124904
audio02.TextGrid,28,23,was,130.080,130.220,VBD,4.7894,6.82,3,-1.682857
audio02.TextGrid,28,24,not,130.220,130.360,RB,5.4355,6.69,3,-1.130258
audio02.TextGrid,28,25,disgraceful,130.360,131.080,JJ,5.7673,3.33,10,0.712650
audio02.TextGrid,28,26,and,131.150,131.290,CC,3.6188,7.41,2,-0.242647
audio02.TextGrid,28,27,it,131.290,131.410,PRP,4.8653,6.95,2,0.470704
audio02.TextGrid,28,28,carried,131.410,131.760,VBD,8.7387,4.77,5,0.647646
audio02.TextGrid,28,29,no,131.760,131.990,DT,6.4890,6.35,2,1.398993
audio02.TextGrid,28,30,loss,131.990,132.330,NN,7.0100,5.07,3,-0.720920
audio02.TextGrid,28,31,of,132.330,132.400,IN,3.0090,7.4,2,-0.864038
audio02.TextGrid,28,32,true,132.400,132.650,JJ,9.2138,5.4,3,1.720228
audio02.TextGrid,28,33,pride,132.650,133.220,NN,10.6798,4.49,4,2.582681
audio02.TextGrid,29,1,tomorrow,135.440,135.900,NN,10.2357,5.02,6,1.922437
audio02.TextGrid,29,2,is,135.900,135.990,VBZ,3.8990,7.07,2,-1.309766
audio02.TextGrid,29,3,going,135.990,136.210,VBG,7.9566,5.94,4,0.264688
audio02.TextGrid,29,4,to,136.210,136.300,TO,3.1752,7.43,2,-0.663067
audio02.TextGrid,29,5,be,136.300,136.470,VB,3.9942,6.79,2,-1.539092
audio02.TextGrid,29,6,a,136.470,136.510,DT,3.1678,7.36,1,0.459620
audio02.TextGrid,29,7,good,136.510,136.760,JJ,6.9594,6.12,3,-0.016323
audio02.TextGrid,29,8,day,136.760,136.990,NN,7.0075,5.95,2,0.500632
audio02.TextGrid,29,9,with,136.990,137.230,IN,4.8341,6.85,3,-0.663327
audio02.TextGrid,29,10,this,137.230,137.400,DT,4.7508,6.82,3,-0.768205
audio02.TextGrid,29,11,current,137.400,137.900,JJ,7.1614,5.27,6,-1.301891
audio02.TextGrid,29,12,he,138.090,138.220,PRP,8.1935,6.69,2,3.497559
audio02.TextGrid,29,13,said,138.220,138.570,VBD,4.6426,6.01,3,-2.412238
audio02.TextGrid,30,1,where,139.910,140.110,WRB,7.5764,6.0,3,1.467622
audio02.TextGrid,30,2,are,140.110,140.140,VBP,5.9451,6.74,1,1.292411
audio02.TextGrid,30,3,you,140.140,140.240,PRP,6.0897,6.98,2,1.729875
audio02.TextGrid,30,4,going,140.240,140.720,VBG,7.9756,5.94,4,0.283688
audio02.TextGrid,30,5,the,140.930,141.000,DT,2.3256,7.73,2,-1.164961
audio02.TextGrid,30,6,boy,141.000,141.300,NN,10.2370,5.17,2,2.826098
audio02.TextGrid,30,7,asked,141.300,141.690,VBD,9.1736,5.3,3,1.608104
audio02.TextGrid,31,1,far,142.860,143.210,RB,7.5504,5.5,3,0.128751
audio02.TextGrid,31,2,out,143.210,143.430,RB,7.7516,6.38,2,1.743111
audio02.TextGrid,31,3,to,143.470,143.550,TO,3.5864,7.43,2,-0.251867
audio02.TextGrid,31,4,come,143.550,143.790,VB,6.5228,5.78,3,-0.697463
audio02.TextGrid,31,5,in,143.790,143.950,IN,3.3832,7.27,2,-0.640510
audio02.TextGrid,31,6,when,143.950,144.110,WRB,7.8169,6.37,3,1.974239
audio02.TextGrid,31,7,the,144.110,144.170,DT,2.0365,7.73,2,-1.454061
audio02.TextGrid,31,8,wind,144.170,144.460,NN,4.1363,4.84,4,-3.863011
audio02.TextGrid,31,9,shifts,144.460,145.010,NNS,6.7550,4.01,5,-1.214203
audio02.TextGrid,31,10,i,145.280,145.380,VBP,7.7416,7.09,1,3.648491
audio02.TextGrid,31,11,want,145.380,145.530,VBP,6.6837,6.04,4,-0.980267
audio02.TextGrid,31,12,to,145.530,145.620,TO,3.2644,7.43,2,-0.573867
audio02.TextGrid,31,13,be,145.620,145.800,VB,3.9105,6.79,2,-1.622792
audio02.TextGrid,31,14,out,145.800,145.940,RP,5.6937,6.38,2,0.638463
audio02.TextGrid,31,15,before,145.940,146.360,IN,6.7483,5.93,5,-0.575483
audio02.TextGrid,31,16,it,146.360,146.440,PRP,3.9054,6.95,2,-0.489196
audio02.TextGrid,31,17,is,146.440,146.580,VBZ,4.4253,7.07,2,-0.783466
audio02.TextGrid,31,18,light,146.580,146.930,JJ,8.8664,5.33,3,1.322481
audio02.TextGrid,32,1,i,146.930,146.960,NN,5.5144,7.09,1,1.421291
audio02.TextGrid,32,2,ll,148.660,148.790,VBP,3.9811,4.66,2,-4.020902
audio02.TextGrid,32,3,try,148.790,149.020,NN,9.2585,5.5,3,1.836851
audio02.TextGrid,32,4,to,149.020,149.110,TO,3.4347,7.43,2,-0.403567
audio02.TextGrid,32,5,get,149.110,149.280,VB,6.0457,6.28,3,-0.814945
audio02.TextGrid,32,6,him,149.280,149.400,PRP,8.0292,6.11,3,1.999538
audio02.TextGrid,32,7,to,149.400,149.490,TO,3.3838,7.43,2,-0.454467
audio02.TextGrid,32,8,work,149.490,149.760,VB,8.0082,5.96,3,0.917400
audio02.TextGrid,32,9,far,149.760,150.020,RB,7.2085,5.5,3,-0.213149
audio02.TextGrid,32,10,out,150.020,150.320,RP,6.6261,6.38,2,1.570863
audio02.TextGrid,32,11,the,150.480,150.550,DT,2.1445,7.73,2,-1.346061
audio02.TextGrid,32,12,boy,150.550,150.760,NN,10.2713,5.17,2,2.860398
audio02.TextGrid,32,13,said,150.760,151.070,VBD,5.5255,6.01,3,-1.529338
audio02.TextGrid,32,14,then,151.240,151.420,RB,6.8771,6.07,3,-0.134584
audio02.TextGrid,32,15,if,151.420,151.530,IN,6.3468,6.47,2,1.395875
audio02.TextGrid,32,16,you,151.530,151.660,PRP,5.6599,6.98,2,1.300075
audio02.TextGrid,32,17,hook,151.660,151.810,VBP,12.0872,4.37,3,3.852814
audio02.TextGrid,32,18,something,151.810,152.120,NN,8.2770,5.81,6,-0.510352
audio02.TextGrid,32,19,truly,152.120,152.410,RB,5.4809,4.87,5,-2.626187
audio02.TextGrid,32,20,big,152.410,152.650,JJ,7.5036,5.67,3,0.204221
audio02.TextGrid,32,21,we,152.650,152.730,PRP,8.0412,6.54,2,3.171406
audio02.TextGrid,32,22,can,152.730,152.880,MD,6.2877,6.46,3,0.509770
audio02.TextGrid,32,23,come,152.880,153.080,VB,6.4522,5.78,3,-0.768063
audio02.TextGrid,32,24,to,153.080,153.160,TO,3.1062,7.43,2,-0.732067
audio02.TextGrid,32,25,your,153.160,153.350,PRP$,7.6416,6.53,3,1.914017
audio02.TextGrid,32,26,aid,153.350,153.670,NN,7.7923,4.75,2,-0.105390
audio02.TextGrid,33,1,he,154.920,155.030,PRP,4.5353,6.69,2,-0.160641
audio02.TextGrid,33,2,does,155.030,155.210,VBZ,5.8803,5.74,3,-1.368732
audio02.TextGrid,33,3,not,155.210,155.420,RB,5.6653,6.69,3,-0.900458
audio02.TextGrid,33,4,like,155.420,155.620,VB,6.9629,6.41,3,0.195756
audio02.TextGrid,33,5,to,155.620,155.680,TO,3.7267,7.43,2,-0.111567
audio02.TextGrid,33,6,work,155.680,155.900,VB,7.5708,5.96,3,0.480000
audio02.TextGrid,33,7,too,155.900,156.090,RB,7.3042,5.95,2,0.797332
audio02.TextGrid,33,8,far,156.090,156.400,RB,7.0702,5.5,3,-0.351449
audio02.TextGrid,34,1,out,156.400,156.690,IN,7.9482,6.38,2,2.892963
audio02.TextGrid,34,2,no,157.580,157.940,DT,5.8594,6.35,2,0.769393
audio02.TextGrid,34,3,the,157.940,158.220,DT,4.5176,7.73,2,1.027039
audio02.TextGrid,34,4,boy,158.220,158.430,NN,10.2224,5.17,2,2.811498
audio02.TextGrid,34,5,said,158.430,158.780,VBD,4.2560,6.01,3,-2.798838
audio02.TextGrid,35,1,but,159.250,159.380,CC,5.3198,6.63,3,-0.335859
audio02.TextGrid,35,2,i,159.380,159.540,NN,5.7238,7.09,1,1.630691
audio02.TextGrid,35,3,will,159.540,159.690,MD,4.1904,6.45,3,-1.594722
audio02.TextGrid,35,4,see,159.690,159.850,VB,6.2362,6.1,2,-0.096815
audio02.TextGrid,35,5,something,159.850,160.180,NN,9.8886,5.81,6,1.101248
audio02.TextGrid,35,6,that,160.180,160.300,IN,4.6473,7.01,3,-0.735050
audio02.TextGrid,35,7,he,160.300,160.420,PRP,4.7380,6.69,2,0.042059
audio02.TextGrid,35,8,cannot,160.420,160.780,VB,5.3740,5.11,5,-2.771566
audio02.TextGrid,35,9,see,160.780,161.050,VB,8.1317,6.1,2,1.798685
audio02.TextGrid,35,10,such,161.050,161.290,JJ,6.7627,5.84,3,-0.414409
audio02.TextGrid,35,11,as,161.290,161.360,IN,5.4197,6.77,2,0.816481
audio02.TextGrid,35,12,a,161.360,161.420,DT,2.6404,7.36,1,-0.067780
audio02.TextGrid,35,13,bird,161.420,161.790,NN,4.1368,4.63,3,-3.910584
audio02.TextGrid,35,14,working,161.790,162.150,VBG,8.8819,5.45,5,0.681822
audio02.TextGrid,35,15,and,162.540,162.630,CC,3.8713,7.41,2,0.009853
audio02.TextGrid,35,16,get,162.630,162.790,VB,6.4640,6.28,3,-0.396645
audio02.TextGrid,35,17,him,162.790,162.880,PRP,8.0287,6.11,2,2.660528
audio02.TextGrid,35,18,to,162.880,162.970,TO,3.1848,7.43,2,-0.653467
audio02.TextGrid,35,19,come,162.970,163.150,VB,7.2290,5.78,3,0.008737
audio02.TextGrid,35,20,out,163.150,163.310,RP,5.7290,6.38,2,0.673763
audio02.TextGrid,35,21,after,163.310,163.540,IN,6.1867,6.11,4,-0.504452
audio02.TextGrid,35,22,dolphin,163.540,164.020,NN,11.0204,3.67,6,3.517288
audio02.TextGrid,36,1,are,165.630,165.750,VBP,7.8874,6.74,2,2.296157
audio02.TextGrid,36,2,his,165.750,165.950,PRP$,6.0936,6.51,3,0.351632
audio02.TextGrid,36,3,eyes,165.950,166.270,NNS,9.6189,5.21,2,2.254358
audio02.TextGrid,36,4,that,166.270,166.470,IN,4.0598,7.01,3,-1.322550
audio02.TextGrid,36,5,bad,166.490,166.910,JJ,8.6463,5.53,3,1.246228
audio02.TextGrid,37,1,he,167.720,167.860,PRP,4.5353,6.69,2,-0.160641
audio02.TextGrid,37,2,is,167.860,167.940,VBZ,3.3590,7.07,2,-1.849766
audio02.TextGrid,37,3,almost,167.940,168.300,RB,7.4715,5.39,6,-1.063805
audio02.TextGrid,37,4,blind,168.300,168.810,IN,10.0048,4.52,5,2.907081
audio02.TextGrid,37,5,it,169.660,169.770,PRP,6.4151,6.95,2,2.020504
audio02.TextGrid,37,6,is,169.770,169.880,VBZ,3.8730,7.07,2,-1.335766
audio02.TextGrid,37,7,strange,169.880,170.460,JJ,5.8848,4.64,6,-2.200421
audio02.TextGrid,37,8,the,170.740,170.850,DT,4.4569,7.73,2,0.966339
audio02.TextGrid,37,9,old,170.850,171.030,JJ,7.3482,5.75,3,0.106360
audio02.TextGrid,37,10,man,171.030,171.250,NN,7.7070,5.82,3,0.515507
audio02.TextGrid,37,11,said,171.250,171.610,VBD,4.4878,6.01,3,-2.567038
audio02.TextGrid,38,1,he,172.210,172.310,PRP,4.5353,6.69,2,-0.160641
audio02.TextGrid,38,2,never,172.310,172.550,RB,8.6655,5.91,4,0.965204
audio02.TextGrid,38,3,went,172.550,172.760,VBD,7.8859,5.5,4,0.071028
audio02.TextGrid,38,4,turtle,172.760,173.180,JJ,5.8552,3.91,5,-2.097970
audio02.TextGrid,38,5,ing,173.180,173.350,NN,5.2812,3.95,2,-3.543705
audio02.TextGrid,38,6,that,173.650,173.850,WDT,4.4291,7.01,3,-0.953250
audio02.TextGrid,38,7,is,173.850,173.990,VBZ,4.9479,7.07,2,-0.260866
audio02.TextGrid,38,8,what,173.990,174.150,WP,7.5241,6.38,3,1.688632
audio02.TextGrid,38,9,kills,174.150,174.510,VBZ,3.8004,4.34,4,-4.338637
audio02.TextGrid,38,10,the,174.510,174.650,DT,2.4081,7.73,2,-1.082461
audio02.TextGrid,38,11,eyes,174.650,175.050,NNS,10.5014,5.21,2,3.136858
audio02.TextGrid,39,1,but,176.840,176.990,CC,5.3198,6.63,3,-0.335859
audio02.TextGrid,39,2,you,176.990,177.100,PRP,5.9151,6.98,2,1.555275
audio02.TextGrid,39,3,went,177.100,177.330,VBD,7.1496,5.5,4,-0.665272
audio02.TextGrid,39,4,turtle,177.330,177.610,JJ,5.8362,3.91,5,-2.116970
audio02.TextGrid,39,5,ing,177.610,177.730,NN,5.2833,3.95,2,-3.541605
audio02.TextGrid,39,6,for,177.730,177.850,IN,4.2939,7.01,2,-0.031155
audio02.TextGrid,39,7,years,177.850,178.210,NNS,6.8205,5.96,3,-0.270300
audio02.TextGrid,39,8,off,178.210,178.340,IN,7.6822,5.93,2,2.105405
audio02.TextGrid,39,9,the,178.340,178.430,DT,2.0547,7.73,2,-1.435861
audio02.TextGrid,39,10,mosquito,178.430,178.890,NN,4.1386,3.61,7,-2.890538
audio02.TextGrid,39,11,coast,178.890,179.260,NN,12.3291,4.87,4,4.338173
audio02.TextGrid,39,12,and,179.260,179.350,CC,3.7342,7.41,2,-0.127247
audio02.TextGrid,39,13,your,179.350,179.560,PRP$,7.2685,6.53,3,1.540917
audio02.TextGrid,39,14,eyes,179.560,179.770,NNS,9.6116,5.21,2,2.247058
audio02.TextGrid,39,15,are,179.770,179.830,VBP,5.2816,6.74,1,0.628911
audio02.TextGrid,39,16,good,179.830,180.160,JJ,7.7249,6.12,3,0.749177
audio03.TextGrid,1,1,i,0.590,0.790,NN,5.5144,7.09,1,1.421291
audio03.TextGrid,1,2,am,0.790,0.930,VBP,9.1941,5.78,2,2.490199
audio03.TextGrid,1,3,a,0.930,0.990,DT,3.6625,7.36,1,0.954320
audio03.TextGrid,1,4,strange,0.990,1.520,JJ,5.0804,4.64,6,-3.004821
audio03.TextGrid,1,5,old,1.520,1.800,JJ,7.6593,5.75,3,0.417460
audio03.TextGrid,1,6,man,1.800,2.220,NN,7.8670,5.82,3,0.675507
audio03.TextGrid,2,1,but,3.350,3.590,CC,5.3198,6.63,3,-0.335859
audio03.TextGrid,2,2,are,3.590,3.700,VBP,7.4006,6.74,2,1.809357
audio03.TextGrid,2,3,you,3.700,3.850,PRP,6.5296,6.98,2,2.169775
audio03.TextGrid,2,4,strong,3.850,4.200,JJ,8.5746,5.22,5,0.411398
audio03.TextGrid,2,5,enough,4.200,4.470,RB,8.8705,5.54,4,1.066806
audio03.TextGrid,2,6,now,4.470,4.710,RB,6.8999,6.18,2,0.659607
audio03.TextGrid,2,7,for,4.710,4.880,IN,3.5156,7.01,2,-0.809455
audio03.TextGrid,2,8,a,4.880,4.940,DT,2.6748,7.36,1,-0.033380
audio03.TextGrid,2,9,truly,4.940,5.270,RB,6.9641,4.87,5,-1.142987
audio03.TextGrid,2,10,big,5.270,5.510,JJ,6.4310,5.67,3,-0.868379
audio03.TextGrid,2,11,fish,5.510,5.830,NN,4.2377,4.9,3,-3.615491
audio03.TextGrid,3,1,i,6.750,6.860,NN,5.5144,7.09,1,1.421291
audio03.TextGrid,3,2,think,6.860,7.140,VBP,6.6270,6.08,4,-1.025789
audio03.TextGrid,3,3,so,7.140,7.430,RB,6.1125,6.52,2,0.266273
audio03.TextGrid,3,4,and,7.820,7.950,CC,3.9322,7.41,2,0.070753
audio03.TextGrid,3,5,there,7.950,8.150,EX,6.9014,6.31,3,1.015585
audio03.TextGrid,3,6,are,8.150,8.240,VBP,4.7396,6.74,2,-0.851643
audio03.TextGrid,3,7,many,8.240,8.520,JJ,6.8423,5.91,4,-0.857996
audio03.TextGrid,3,8,tricks,8.520,9.020,NNS,5.6631,4.15,5,-2.328550
audio03.TextGrid,4,1,let,10.180,10.350,VB,12.2066,5.6,3,4.856875
audio03.TextGrid,4,2,us,10.350,10.510,PRP,7.5752,6.04,2,2.125897
audio03.TextGrid,4,3,take,10.510,10.730,VB,7.1469,5.92,3,0.027330
audio03.TextGrid,4,4,the,10.730,10.800,DT,2.3126,7.73,2,-1.177961
audio03.TextGrid,4,5,stuff,10.800,11.080,NN,10.2382,5.14,4,2.322725
audio03.TextGrid,4,6,home,11.080,11.410,NN,8.5046,5.81,3,1.305914
audio03.TextGrid,4,7,the,11.560,11.640,DT,3.6310,7.73,2,0.140439
audio03.TextGrid,4,8,boy,11.640,11.850,NN,10.2439,5.17,2,2.832998
audio03.TextGrid,4,9,said,11.850,12.220,VBD,4.2153,6.01,3,-2.839538
audio03.TextGrid,4,10,so,12.390,12.560,RB,6.0411,6.52,2,0.194873
audio03.TextGrid,4,11,i,12.560,12.640,JJ,6.7507,7.09,1,2.657591
audio03.TextGrid,4,12,can,12.640,12.810,MD,6.6992,6.46,3,0.921270
audio03.TextGrid,4,13,get,12.810,12.930,VB,5.7575,6.28,3,-1.103145
audio03.TextGrid,4,14,the,12.930,13.050,DT,2.3360,7.73,2,-1.154561
audio03.TextGrid,4,15,cast,13.050,13.440,NN,11.6017,4.79,4,3.588417
audio03.TextGrid,4,16,net,13.440,13.680,NN,6.8722,4.76,3,-1.081684
audio03.TextGrid,4,17,and,13.680,13.750,CC,3.9740,7.41,2,0.112553
audio03.TextGrid,4,18,go,13.750,13.970,VB,8.8425,6.03,2,2.428354
audio03.TextGrid,4,19,after,13.970,14.150,IN,6.6390,6.11,4,-0.052152
audio03.TextGrid,4,20,the,14.150,14.230,DT,1.7509,7.73,2,-1.739661
audio03.TextGrid,4,21,sardines,14.230,14.850,NNS,6.4510,2.93,7,0.128990
audio03.TextGrid,5,1,they,16.750,16.860,PRP,4.6769,6.5,2,-0.239255
audio03.TextGrid,5,2,picked,16.860,17.120,VBD,9.8211,4.72,4,1.788255
audio03.TextGrid,5,3,up,17.120,17.230,RP,5.0515,6.39,2,0.007853
audio03.TextGrid,5,4,the,17.230,17.310,DT,2.5313,7.73,2,-0.959261
audio03.TextGrid,5,5,gear,17.310,17.610,NN,4.1448,4.46,3,-4.024854
audio03.TextGrid,5,6,from,17.610,17.780,IN,4.9992,6.63,3,-0.656459
audio03.TextGrid,5,7,the,17.780,17.850,DT,1.6961,7.73,2,-1.794461
audio03.TextGrid,5,8,boat,17.850,18.260,NN,4.1366,4.71,3,-3.853245
audio03.TextGrid,6,1,the,19.200,19.340,DT,1.8241,7.73,2,-1.666461
audio03.TextGrid,6,2,old,19.340,19.550,JJ,7.3292,5.75,3,0.087360
audio03.TextGrid,6,3,man,19.550,19.800,NN,7.6921,5.82,3,0.500607
audio03.TextGrid,6,4,carried,19.800,20.120,VBD,8.4766,4.77,5,0.385546
audio03.TextGrid,6,5,the,20.120,20.200,DT,2.7444,7.73,2,-0.746161
audio03.TextGrid,6,6,mast,20.200,20.620,NN,4.1447,3.52,4,-4.223489
audio03.TextGrid,6,7,on,20.620,20.740,IN,4.6052,6.91,2,0.164243
audio03.TextGrid,6,8,his,20.740,20.910,PRP$,5.3130,6.51,3,-0.428968
audio03.TextGrid,6,9,shoulder,20.910,21.380,NN,9.2586,4.5,5,1.210835
audio03.TextGrid,6,10,and,21.530,21.630,CC,4.4621,7.41,2,0.600653
audio03.TextGrid,6,11,the,21.630,21.720,DT,2.2828,7.73,2,-1.207761
audio03.TextGrid,6,12,boy,21.720,22.000,NN,10.2357,5.17,2,2.824798
audio03.TextGrid,6,13,carried,22.000,22.350,VBD,9.3239,4.77,5,1.232846
audio03.TextGrid,6,14,the,22.350,22.440,DT,2.7550,7.73,2,-0.735561
audio03.TextGrid,6,15,wooden,22.440,22.770,JJ,5.0816,4.33,5,-2.938909
audio03.TextGrid,6,16,boat,22.770,23.280,NN,4.3203,4.71,3,-3.669545
audio03.TextGrid,6,17,with,23.280,23.410,IN,4.7252,6.85,3,-0.772227
audio03.TextGrid,6,18,the,23.410,23.480,DT,1.6958,7.73,2,-1.794761
audio03.TextGrid,6,19,coiled,23.480,24.020,JJ,5.0749,2.9,4,-3.466550
audio03.TextGrid,6,20,hard,24.020,24.280,NN,9.1543,5.53,4,1.347812
audio03.TextGrid,6,21,braided,24.280,24.580,VBD,6.6609,3.08,6,-0.488145
audio03.TextGrid,6,22,brown,24.580,24.900,JJ,11.0567,5.01,4,3.104896
audio03.TextGrid,6,23,lines,24.900,25.440,NNS,8.8965,4.95,4,0.927929
audio03.TextGrid,6,24,the,25.920,26.000,DT,3.9544,7.73,2,0.463839
audio03.TextGrid,6,25,gaff,26.000,26.610,NN,4.1442,2.68,3,-5.305695
audio03.TextGrid,6,26,and,26.610,26.720,CC,4.3290,7.41,2,0.467553
audio03.TextGrid,6,27,the,26.720,26.820,DT,2.3134,7.73,2,-1.177161
audio03.TextGrid,6,28,harpoon,26.820,27.390,NN,4.1368,2.83,6,-2.862217
audio03.TextGrid,6,29,with,27.390,27.580,IN,4.8271,6.85,3,-0.670327
audio03.TextGrid,6,30,its,27.580,27.740,PRP$,4.3054,6.14,3,-1.702685
audio03.TextGrid,6,31,shaft,27.740,28.280,NN,4.2574,3.9,4,-4.004597
audio03.TextGrid,7,1,the,29.120,29.210,DT,1.8241,7.73,2,-1.666461
audio03.TextGrid,7,2,box,29.210,29.560,NN,8.8490,5.04,4,0.905580
audio03.TextGrid,7,3,with,29.560,29.680,IN,5.5449,6.85,3,0.047473
audio03.TextGrid,7,4,the,29.680,29.760,DT,1.6983,7.73,2,-1.792261
audio03.TextGrid,7,5,baits,29.760,30.260,NNS,6.4487,2.65,4,-2.162613
audio03.TextGrid,7,6,was,30.260,30.460,VBD,4.4045,6.82,3,-2.067757
audio03.TextGrid,7,7,under,30.460,30.690,IN,6.8961,5.73,4,0.098755
audio03.TextGrid,7,8,the,30.690,30.820,DT,1.7435,7.73,2,-1.747061
audio03.TextGrid,7,9,stern,30.820,31.260,NN,11.0491,3.9,4,2.787103
audio03.TextGrid,7,10,of,31.260,31.360,IN,3.9971,7.4,2,0.124062
audio03.TextGrid,7,11,the,31.360,31.460,DT,1.6930,7.73,2,-1.797561
audio03.TextGrid,7,12,skiff,31.460,31.860,NN,4.1355,2.63,4,-4.481403
audio03.TextGrid,7,13,along,32.000,32.350,IN,8.6872,5.38,4,1.792047
audio03.TextGrid,7,14,with,32.350,32.470,IN,6.7368,6.85,3,1.239373
audio03.TextGrid,7,15,the,32.470,32.550,DT,1.8798,7.73,2,-1.610761
audio03.TextGrid,7,16,club,32.550,32.890,NN,9.0213,5.2,4,1.122592
audio03.TextGrid,7,17,that,32.890,33.060,WDT,4.4250,7.01,3,-0.957350
audio03.TextGrid,7,18,was,33.060,33.200,VBD,6.1379,6.82,3,-0.334357
audio03.TextGrid,7,19,used,33.200,33.470,VBN,7.5998,5.8,4,-0.131236
audio03.TextGrid,7,20,to,33.470,33.590,TO,2.7046,7.43,2,-1.133667
audio03.TextGrid,7,21,subdue,33.590,33.970,VB,4.1947,3.06,5,-3.622190
audio03.TextGrid,7,22,the,33.970,34.070,DT,2.2759,7.73,2,-1.214661
audio03.TextGrid,7,23,big,34.070,34.390,JJ,6.5819,5.67,3,-0.717479
audio03.TextGrid,7,24,fish,34.390,34.650,NN,4.2997,4.9,3,-3.553491
audio03.TextGrid,7,25,when,34.650,34.810,WRB,6.0380,6.37,4,-0.580495
audio03.TextGrid,7,26,they,34.810,34.880,PRP,4.8210,6.5,2,-0.095155
audio03.TextGrid,7,27,were,34.880,35.010,VBD,4.5431,6.34,2,-1.511750
audio03.TextGrid,7,28,brought,35.010,35.240,VBN,9.4983,5.16,4,1.588414
audio03.TextGrid,7,29,alongside,35.240,35.970,RB,4.6697,4.45,7,-3.232950
audio03.TextGrid,8,1,no,36.990,37.120,DT,5.7679,6.35,2,0.677893
audio03.TextGrid,8,2,one,37.120,37.300,NN,6.6037,6.47,3,-0.120290
audio03.TextGrid,8,3,would,37.300,37.440,MD,5.6654,6.27,3,-0.249184
audio03.TextGrid,8,4,steal,37.440,37.770,VB,9.5916,4.41,4,1.472124
audio03.TextGrid,8,5,from,37.770,37.950,IN,5.1982,6.63,4,-1.347637
audio03.TextGrid,8,6,the,37.950,38.050,DT,1.7116,7.73,2,-1.778961
audio03.TextGrid,8,7,old,38.050,38.250,JJ,7.3323,5.75,3,0.090460
audio03.TextGrid,8,8,man,38.250,38.550,NN,7.6955,5.82,3,0.504007
audio03.TextGrid,8,9,but,38.550,38.710,CC,5.9864,6.63,3,0.330741
audio03.TextGrid,8,10,it,38.710,38.800,PRP,4.4417,6.95,2,0.047104
audio03.TextGrid,8,11,was,38.800,38.940,VBD,4.6291,6.82,3,-1.843157
audio03.TextGrid,8,12,better,38.940,39.220,RBR,8.0567,5.76,4,0.314486
audio03.TextGrid,8,13,to,39.220,39.310,TO,3.6833,7.43,2,-0.154967
audio03.TextGrid,8,14,take,39.310,39.560,VB,7.0325,5.92,3,-0.087070
audio03.TextGrid,8,15,the,39.560,39.640,DT,2.3202,7.73,2,-1.170361
audio03.TextGrid,8,16,sail,39.640,40.010,NN,4.1389,4.01,3,-4.354411
audio03.TextGrid,8,17,and,40.010,40.090,CC,4.2225,7.41,2,0.361053
audio03.TextGrid,8,18,the,40.090,40.170,DT,2.3065,7.73,2,-1.184061
audio03.TextGrid,8,19,heavy,40.170,40.430,JJ,8.7555,4.96,4,0.789724
audio03.TextGrid,8,20,lines,40.430,40.810,NNS,8.7684,4.95,4,0.799829
audio03.TextGrid,8,21,home,40.810,41.100,NN,9.0049,5.81,3,1.806214
audio03.TextGrid,8,22,as,41.100,41.250,IN,5.2964,6.77,2,0.693181
audio03.TextGrid,8,23,the,41.250,41.340,DT,1.7849,7.73,2,-1.705661
audio03.TextGrid,8,24,dew,41.340,41.520,NN,4.1372,3.52,2,-5.186083
audio03.TextGrid,8,25,was,41.520,41.720,VBD,5.2167,6.82,3,-1.255557
audio03.TextGrid,8,26,bad,41.720,42.000,JJ,8.8588,5.53,3,1.458728
audio03.TextGrid,8,27,for,42.000,42.110,IN,4.5165,7.01,2,0.191445
audio03.TextGrid,8,28,them,42.110,42.390,PRP,5.9103,6.19,3,-0.061823
audio03.TextGrid,9,1,and,43.130,43.430,CC,3.7036,7.41,3,-1.391055
audio03.TextGrid,9,2,though,43.540,43.720,IN,7.9350,5.5,2,1.859827
audio03.TextGrid,9,3,he,43.720,43.800,PRP,5.2416,6.69,2,0.545659
audio03.TextGrid,9,4,was,43.800,43.970,VBD,4.4896,6.82,3,-1.982657
audio03.TextGrid,9,5,quite,43.970,44.240,RB,9.0085,5.29,4,1.134943
audio03.TextGrid,9,6,sure,44.240,44.500,JJ,8.9081,5.67,3,1.608721
audio03.TextGrid,9,7,no,44.500,44.660,DT,7.2987,6.35,2,2.208693
audio03.TextGrid,9,8,local,44.660,45.010,JJ,7.6690,5.43,5,-0.527871
audio03.TextGrid,9,9,people,45.010,45.380,NNS,6.4832,6.25,5,-1.845142
audio03.TextGrid,9,10,would,45.380,45.560,MD,5.2040,6.27,3,-0.710584
audio03.TextGrid,9,11,steal,45.560,45.850,VB,9.5945,4.41,4,1.475024
audio03.TextGrid,9,12,from,45.850,46.080,IN,5.1875,6.63,4,-1.358337
audio03.TextGrid,9,13,him,46.080,46.230,PRP,7.4003,6.11,3,1.370638
audio03.TextGrid,9,14,the,46.550,46.660,DT,3.5034,7.73,2,0.012839
audio03.TextGrid,9,15,old,46.660,46.840,JJ,7.3425,5.75,3,0.100660
audio03.TextGrid,9,16,man,46.840,47.080,NN,7.6959,5.82,3,0.504407
audio03.TextGrid,9,17,thought,47.080,47.290,VBD,8.7022,5.59,3,1.345282
audio03.TextGrid,9,18,that,47.290,47.460,IN,4.0889,7.01,3,-1.293450
audio03.TextGrid,9,19,a,47.460,47.500,DT,3.0134,7.36,1,0.305220
audio03.TextGrid,9,20,gaff,47.500,47.910,NN,4.1390,2.68,3,-5.310895
audio03.TextGrid,9,21,and,47.910,48.050,CC,4.2473,7.41,3,-0.847355
audio03.TextGrid,9,22,a,48.050,48.090,DT,3.1136,7.36,1,0.405420
audio03.TextGrid,9,23,harpoon,48.090,48.670,NN,4.1387,2.83,6,-2.860317
audio03.TextGrid,9,24,were,48.670,48.790,VBD,5.2644,6.34,2,-0.790450
audio03.TextGrid,9,25,needless,48.790,49.190,JJ,5.8151,3.66,6,-1.682011
audio03.TextGrid,9,26,temptations,49.190,49.900,NNS,5.7733,3.16,9,0.483853
audio03.TextGrid,9,27,to,49.900,50.020,TO,3.3195,7.43,2,-0.518767
audio03.TextGrid,9,28,leave,50.020,50.220,VB,8.3538,5.34,3,0.817073
audio03.TextGrid,9,29,in,50.220,50.300,IN,3.6428,7.27,2,-0.380910
audio03.TextGrid,9,30,a,50.300,50.350,DT,2.6086,7.36,1,-0.099580
audio03.TextGrid,9,31,boat,50.350,50.800,NN,4.1397,4.71,3,-3.850145
audio03.TextGrid,10,1,they,52.500,52.600,PRP,4.6769,6.5,2,-0.239255
audio03.TextGrid,10,2,walked,52.600,52.880,VBD,3.3819,4.67,4,-4.664918
audio03.TextGrid,10,3,up,52.880,52.990,RP,5.0512,6.39,2,0.007553
audio03.TextGrid,10,4,the,52.990,53.070,DT,2.5306,7.73,2,-0.959961
audio03.TextGrid,10,5,road,53.070,53.370,NN,8.8579,5.24,3,1.249250
audio03.TextGrid,10,6,together,53.370,53.700,RB,9.4694,5.46,6,0.892087
audio03.TextGrid,10,7,to,53.700,53.800,TO,3.5600,7.43,2,-0.278267
audio03.TextGrid,10,8,the,53.800,53.920,DT,2.4246,7.73,2,-1.065961
audio03.TextGrid,10,9,old,53.920,54.200,JJ,7.3294,5.75,3,0.087560
audio03.TextGrid,10,10,man,54.200,54.350,NN,7.6958,5.82,3,0.504307
audio03.TextGrid,10,11,s,54.350,54.380,VBZ,5.8675,5.86,1,-0.192135
audio03.TextGrid,10,12,shack,54.380,54.790,NN,6.6219,3.43,3,-2.288568
audio03.TextGrid,10,13,and,54.790,54.930,CC,4.1464,7.41,3,-0.948255
audio03.TextGrid,10,14,went,54.930,55.130,VBD,9.0043,5.5,4,1.189428
audio03.TextGrid,10,15,in,55.130,55.280,IN,3.6660,7.27,2,-0.357710
audio03.TextGrid,10,16,through,55.280,55.470,IN,8.4976,5.87,3,2.295321
audio03.TextGrid,10,17,its,55.470,55.610,PRP$,4.4595,6.14,3,-1.548585
audio03.TextGrid,10,18,open,55.610,55.890,JJ,8.7195,5.48,4,0.899039
audio03.TextGrid,10,19,door,55.890,56.260,NN,8.3561,5.08,3,0.632372
audio03.TextGrid,11,1,the,56.900,57.040,DT,1.8241,7.73,2,-1.666461
audio03.TextGrid,11,2,old,57.040,57.210,JJ,7.3292,5.75,3,0.087360
audio03.TextGrid,11,3,man,57.210,57.450,NN,7.6921,5.82,3,0.500607
audio03.TextGrid,11,4,leaned,57.450,57.690,VBD,3.5568,3.41,4,-4.842129
audio03.TextGrid,11,5,the,57.690,57.760,DT,2.4670,7.73,2,-1.023561
audio03.TextGrid,11,6,mast,57.760,58.170,NN,4.1402,3.52,4,-4.227989
audio03.TextGrid,11,7,with,58.170,58.280,IN,4.9336,6.85,3,-0.563827
audio03.TextGrid,11,8,its,58.280,58.480,PRP$,4.3056,6.14,3,-1.702485
audio03.TextGrid,11,9,wrapped,58.480,58.790,JJ,5.1755,4.15,4,-3.016634
audio03.TextGrid,11,10,sail,58.790,59.130,NN,4.2629,4.01,3,-4.230411
audio03.TextGrid,11,11,against,59.130,59.420,IN,7.3218,5.68,6,-0.434285
audio03.TextGrid,11,12,the,59.420,59.510,DT,1.6917,7.73,2,-1.798861
audio03.TextGrid,11,13,wall,59.510,59.890,NN,7.4334,5.04,3,-0.319097
audio03.TextGrid,12,1,and,60.550,60.630,CC,3.7036,7.41,2,-0.157847
audio03.TextGrid,12,2,the,60.630,60.700,DT,2.0380,7.73,2,-1.452561
audio03.TextGrid,12,3,boy,60.700,60.910,NN,10.2419,5.17,2,2.830998
audio03.TextGrid,12,4,put,60.910,61.090,VBD,6.9173,5.66,3,-0.389271
audio03.TextGrid,12,5,the,61.090,61.170,DT,2.5153,7.73,2,-0.975261
audio03.TextGrid,12,6,box,61.170,61.560,NN,8.8546,5.04,4,0.911180
audio03.TextGrid,12,7,and,61.560,61.630,CC,4.4454,7.41,2,0.583953
audio03.TextGrid,12,8,the,61.630,61.800,DT,2.2878,7.73,2,-1.202761
audio03.TextGrid,12,9,other,61.800,61.950,JJ,5.7837,6.16,3,-1.163253
audio03.TextGrid,12,10,gear,61.950,62.200,JJ,5.7502,4.46,3,-2.419454
audio03.TextGrid,12,11,beside,62.200,62.650,IN,4.8262,4.19,5,-2.218610
audio03.TextGrid,12,12,it,62.650,62.800,PRP,3.7998,6.95,2,-0.594796
audio03.TextGrid,13,1,the,63.550,63.630,DT,1.8241,7.73,2,-1.666461
audio03.TextGrid,13,2,mast,63.630,63.980,NN,4.1358,3.52,4,-4.232389
audio03.TextGrid,13,3,was,63.980,64.160,VBD,4.1804,6.82,3,-2.291857
audio03.TextGrid,13,4,nearly,64.160,64.450,RB,7.5859,5.0,5,-0.542030
audio03.TextGrid,13,5,as,64.450,64.590,RB,5.0650,6.77,2,-0.491472
audio03.TextGrid,13,6,long,64.590,64.860,RB,7.8841,5.81,3,0.685414
audio03.TextGrid,13,7,as,64.860,65.000,IN,5.4864,6.77,2,0.883181
audio03.TextGrid,13,8,the,65.000,65.060,DT,1.9037,7.73,2,-1.586861
audio03.TextGrid,13,9,one,65.060,65.310,CD,6.6473,6.47,3,0.876563
audio03.TextGrid,13,10,room,65.310,65.540,NN,4.9128,5.39,3,-2.587965
audio03.TextGrid,13,11,of,65.540,65.610,IN,3.1821,7.4,2,-0.690938
audio03.TextGrid,13,12,the,65.610,65.720,DT,1.7020,7.73,2,-1.788561
audio03.TextGrid,13,13,shack,65.720,66.180,NN,4.1361,3.43,3,-4.774368
audio03.TextGrid,14,1,the,66.890,66.970,DT,1.8241,7.73,2,-1.666461
audio03.TextGrid,14,2,shack,66.970,67.260,NN,4.1358,3.43,3,-4.774668
audio03.TextGrid,14,3,was,67.260,67.430,VBD,4.1804,6.82,3,-2.291857
audio03.TextGrid,14,4,made,67.430,67.680,VBN,7.3604,5.92,3,0.240830
audio03.TextGrid,14,5,of,67.680,67.760,IN,2.7502,7.4,2,-1.122838
audio03.TextGrid,14,6,the,67.760,67.850,DT,1.6890,7.73,2,-1.801561
audio03.TextGrid,14,7,tough,67.850,68.160,JJ,10.0328,4.77,3,2.086109
audio03.TextGrid,14,8,budshields,68.160,68.900,NNS,5.6202,0.0,8,4.370666
audio03.TextGrid,14,9,of,68.900,68.970,IN,3.0254,7.4,2,-0.847638
audio03.TextGrid,14,10,the,68.970,69.090,DT,1.6958,7.73,2,-1.794761
audio03.TextGrid,14,11,royal,69.090,69.430,NN,11.0448,4.85,4,3.048284
audio03.TextGrid,14,12,palm,69.430,69.950,NN,5.1909,4.23,3,-3.144179
audio03.TextGrid,14,13,which,69.950,70.180,WDT,5.6621,6.3,3,-0.230907
audio03.TextGrid,14,14,are,70.180,70.320,VBP,4.3290,6.74,2,-1.262243
audio03.TextGrid,14,15,called,70.320,70.690,VBN,8.1551,5.59,4,0.365379
audio03.TextGrid,14,16,guano,70.690,71.280,NN,6.5618,2.61,5,-1.182942
audio03.TextGrid,14,17,and,71.610,71.950,CC,4.2277,7.41,3,-0.866955
audio03.TextGrid,14,18,in,71.950,72.010,IN,4.5312,7.27,2,0.507490
audio03.TextGrid,14,19,it,72.010,72.200,PRP,3.9194,6.95,2,-0.475196
audio03.TextGrid,14,20,there,72.200,72.380,EX,7.1079,6.31,3,1.222085
audio03.TextGrid,14,21,was,72.380,72.550,VBD,4.3723,6.82,3,-2.099957
audio03.TextGrid,14,22,a,72.550,72.590,DT,3.3093,7.36,1,0.601120
audio03.TextGrid,14,23,bed,72.590,73.020,NN,4.1404,5.07,3,-3.590520
audio03.TextGrid,14,24,a,73.400,73.480,DT,4.8140,7.36,1,2.105820
audio03.TextGrid,14,25,table,73.480,73.990,JJ,10.2491,5.05,5,2.113154
audio03.TextGrid,14,26,one,74.140,74.400,CD,7.3689,6.47,3,1.598163
audio03.TextGrid,14,27,chair,74.400,74.810,NN,4.9624,4.69,3,-3.041830
audio03.TextGrid,15,1,and,75.190,75.290,CC,3.7036,7.41,2,-0.157847
audio03.TextGrid,15,2,a,75.290,75.340,DT,2.9137,7.36,1,0.205520
audio03.TextGrid,15,3,place,75.340,75.690,NN,7.3776,5.71,4,-0.378586
audio03.TextGrid,15,4,on,75.690,75.820,IN,5.3249,6.91,2,0.883943
audio03.TextGrid,15,5,the,75.820,75.900,DT,1.7150,7.73,2,-1.775561
audio03.TextGrid,15,6,dirt,75.900,76.210,NN,4.1370,4.24,3,-4.190886
audio03.TextGrid,15,7,floor,76.210,76.560,NN,8.9771,4.94,4,1.005735
audio03.TextGrid,15,8,to,76.560,76.680,TO,3.5525,7.43,2,-0.285767
audio03.TextGrid,15,9,cook,76.680,76.930,VB,4.3028,4.65,3,-3.730200
audio03.TextGrid,15,10,with,76.930,77.070,IN,5.1414,6.85,3,-0.356027
audio03.TextGrid,15,11,charcoal,77.070,77.690,NN,5.7857,3.58,6,-1.663402
audio03.TextGrid,16,1,on,78.400,78.510,IN,5.3533,6.91,2,0.912343
audio03.TextGrid,16,2,the,78.510,78.580,DT,1.7528,7.73,2,-1.737761
audio03.TextGrid,16,3,brown,78.580,78.880,JJ,10.3475,5.01,4,2.395696
audio03.TextGrid,16,4,walls,78.880,79.300,NNS,11.7754,4.62,4,3.714609
audio03.TextGrid,16,5,of,79.300,79.380,IN,3.4628,7.4,2,-0.410238
audio03.TextGrid,16,6,the,79.380,79.480,DT,1.7167,7.73,2,-1.773861
audio03.TextGrid,16,7,flattened,79.480,79.950,JJ,5.0748,3.36,7,-1.694364
audio03.TextGrid,16,8,overlapping,79.950,80.510,VBG,8.5762,3.56,8,2.059012
audio03.TextGrid,16,9,leaves,80.510,80.940,NNS,11.2796,4.79,4,3.266317
audio03.TextGrid,16,10,of,80.940,81.020,IN,3.6636,7.4,2,-0.209438
audio03.TextGrid,16,11,the,81.020,81.130,DT,1.7368,7.73,2,-1.753761
audio03.TextGrid,16,12,sturdy,81.130,81.540,NN,4.1391,3.44,5,-3.738716
audio03.TextGrid,16,13,fibered,81.540,82.030,VBD,5.0043,1.51,5,-2.564080
audio03.TextGrid,16,14,guano,82.030,82.510,NN,6.4429,2.61,5,-1.301842
audio03.TextGrid,16,15,there,82.510,82.630,RB,7.5722,6.31,3,0.733132
audio03.TextGrid,17,1,was,83.050,83.260,VBD,8.3610,6.82,3,1.888743
audio03.TextGrid,17,2,a,83.260,83.320,DT,3.2883,7.36,1,0.580120
audio03.TextGrid,17,3,picture,83.320,83.750,NN,8.6291,5.13,5,0.480327
audio03.TextGrid,17,4,in,83.750,83.900,IN,3.2699,7.27,2,-0.753810
audio03.TextGrid,17,5,color,83.900,84.290,NN,11.7695,4.91,4,3.789751
audio03.TextGrid,17,6,of,84.290,84.380,IN,3.4107,7.4,2,-0.462338
audio03.TextGrid,17,7,the,84.380,84.480,DT,1.6973,7.73,2,-1.793261
audio03.TextGrid,17,8,sacred,84.480,84.860,JJ,5.0736,4.24,6,-2.771576
audio03.TextGrid,17,9,heart,84.860,85.050,NN,9.3281,5.31,4,1.460132
audio03.TextGrid,17,10,of,85.050,85.120,IN,2.9804,7.4,2,-0.892638
audio03.TextGrid,17,11,jesus,85.120,85.660,NN,5.7855,4.99,5,-2.340826
audio03.TextGrid,17,12,and,85.960,86.070,CC,3.9421,7.41,3,-1.152555
audio03.TextGrid,17,13,another,86.070,86.460,DT,6.7332,5.74,5,-0.560121
audio03.TextGrid,17,14,of,86.460,86.530,IN,5.0892,7.4,2,1.216162
audio03.TextGrid,17,15,the,86.530,86.630,DT,1.7096,7.73,2,-1.780961
audio03.TextGrid,17,16,virgin,86.630,86.980,NN,10.3507,4.35,5,2.326985
audio03.TextGrid,17,17,of,86.980,87.050,IN,3.6902,7.4,2,-0.182838
audio03.TextGrid,17,18,cobre,87.050,87.600,NN,5.7917,1.78,5,-1.819969
audio03.TextGrid,18,1,these,88.540,88.770,DT,5.9478,6.04,3,-0.132209
audio03.TextGrid,18,2,were,88.770,88.920,VBD,8.1570,6.34,2,2.102150
audio03.TextGrid,18,3,relics,88.920,89.260,NNS,7.2935,3.46,6,-0.083588
audio03.TextGrid,18,4,of,89.260,89.370,IN,3.1027,7.4,2,-0.770338
audio03.TextGrid,18,5,his,89.370,89.560,PRP$,5.3106,6.51,3,-0.431368
audio03.TextGrid,18,6,wife,89.560,89.930,NN,9.6639,5.23,3,2.048057
audio03.TextGrid,19,1,once,90.460,90.830,RB,8.1706,5.53,4,0.364112
audio03.TextGrid,19,2,there,90.830,91.020,EX,6.2512,6.31,3,0.365385
audio03.TextGrid,19,3,had,91.020,91.160,VBD,4.9210,6.33,3,-1.903683
audio03.TextGrid,19,4,been,91.160,91.310,VBN,6.3852,6.27,3,-0.482637
audio03.TextGrid,19,5,a,91.310,91.380,DT,3.9980,7.36,1,1.289820
audio03.TextGrid,19,6,tinted,91.380,91.730,JJ,5.0866,3.27,6,-2.176467
audio03.TextGrid,19,7,photograph,91.730,92.240,NN,9.4409,4.23,8,1.932328
audio03.TextGrid,19,8,of,92.240,92.340,IN,2.9353,7.4,2,-0.937738
audio03.TextGrid,19,9,his,92.340,92.500,PRP$,5.3063,6.51,3,-0.435668
audio03.TextGrid,19,10,wife,92.500,92.780,NN,9.6640,5.23,3,2.048157
audio03.TextGrid,19,11,on,92.780,92.900,IN,4.7059,6.91,2,0.264943
audio03.TextGrid,19,12,the,92.900,92.960,DT,1.6996,7.73,2,-1.790961
audio03.TextGrid,19,13,wall,92.960,93.310,NN,7.4331,5.04,3,-0.319397
audio03.TextGrid,19,14,but,93.310,93.480,CC,5.3426,6.63,3,-0.313059
audio03.TextGrid,19,15,he,93.480,93.560,PRP,4.9711,6.69,2,0.275159
audio03.TextGrid,19,16,had,93.560,93.710,VBD,6.2596,6.33,3,-0.565083
audio03.TextGrid,19,17,taken,93.710,93.990,VBN,8.5868,5.33,5,0.405962
audio03.TextGrid,19,18,it,93.990,94.100,PRP,5.2143,6.95,2,0.819704
audio03.TextGrid,19,19,down,94.100,94.460,RP,6.5820,5.88,3,0.386914
audio03.TextGrid,19,20,because,94.460,94.780,IN,6.4414,6.03,5,-0.898416
audio03.TextGrid,19,21,it,94.780,94.890,PRP,3.8451,6.95,2,-0.549496
audio03.TextGrid,19,22,made,94.890,95.090,VBD,7.4298,5.92,3,0.310230
audio03.TextGrid,19,23,him,95.090,95.180,PRP,8.4461,6.11,2,3.077928
audio03.TextGrid,19,24,too,95.180,95.420,RB,7.7696,5.95,2,1.262732
audio03.TextGrid,19,25,lonely,95.420,95.770,RB,4.6690,4.25,5,-3.338683
audio03.TextGrid,19,26,to,95.770,95.900,TO,3.6052,7.43,2,-0.233067
audio03.TextGrid,19,27,see,95.900,96.120,VB,6.7346,6.1,2,0.401585
audio03.TextGrid,19,28,it,96.120,96.260,PRP,4.4715,6.95,2,0.076904
audio03.TextGrid,20,1,and,96.740,96.830,CC,3.7036,7.41,2,-0.157847
audio03.TextGrid,20,2,it,96.830,96.900,PRP,4.1020,6.95,2,-0.292596
audio03.TextGrid,20,3,was,96.900,97.020,VBD,3.8816,6.82,3,-2.590657
audio03.TextGrid,20,4,on,97.020,97.150,IN,4.9393,6.91,2,0.498343
audio03.TextGrid,20,5,the,97.150,97.230,DT,1.7737,7.73,2,-1.716861
audio03.TextGrid,20,6,shelf,97.230,97.510,NN,10.2394,4.02,4,2.010938
audio03.TextGrid,20,7,in,97.510,97.600,IN,3.2060,7.27,2,-0.817710
audio03.TextGrid,20,8,the,97.600,97.660,DT,1.7002,7.73,2,-1.790361
audio03.TextGrid,20,9,corner,97.660,98.120,NN,4.1367,4.75,5,-3.951147
audio03.TextGrid,20,10,under,98.120,98.340,IN,6.6521,5.73,4,-0.145245
audio03.TextGrid,20,11,his,98.340,98.480,PRP$,5.3059,6.51,3,-0.436068
audio03.TextGrid,20,12,clean,98.480,98.820,JJ,15.8745,4.97,4,7.911518
audio03.TextGrid,20,13,shirt,98.820,99.270,NN,6.0791,4.63,3,-1.968284
audio03.TextGrid,21,1,what,100.590,100.790,WP,6.9013,6.38,3,1.065832
audio03.TextGrid,21,2,do,100.790,100.850,VBP,6.0998,6.35,2,0.056540
audio03.TextGrid,21,3,you,100.850,100.980,PRP,6.2797,6.98,2,1.919875
audio03.TextGrid,21,4,have,100.980,101.120,VB,5.7216,6.71,3,-0.829773
audio03.TextGrid,21,5,to,101.120,101.270,TO,3.2756,7.43,2,-0.562667
audio03.TextGrid,21,6,eat,101.270,101.650,VB,9.8610,5.13,2,2.403737
audio03.TextGrid,21,7,the,101.840,101.920,DT,2.7079,7.73,2,-0.782661
audio03.TextGrid,21,8,boy,101.920,102.220,NN,10.2405,5.17,2,2.829598
audio03.TextGrid,21,9,asked,102.220,102.630,VBD,8.6957,5.3,3,1.130204
audio03.TextGrid,22,1,a,103.420,103.510,DT,2.6983,7.36,1,-0.009880
audio03.TextGrid,22,2,pot,103.510,103.760,NN,4.1377,4.4,3,-4.075109
audio03.TextGrid,22,3,of,103.760,103.870,IN,3.7810,7.4,2,-0.092038
audio03.TextGrid,22,4,yellow,103.870,104.160,JJ,11.1585,4.69,4,3.117271
audio03.TextGrid,22,5,rice,104.160,104.520,NN,10.9074,4.55,3,2.802477
audio03.TextGrid,22,6,with,104.520,104.650,IN,6.0629,6.85,3,0.565473
audio03.TextGrid,22,7,fish,104.690,105.040,JJ,5.2688,4.9,3,-2.584391
audio03.TextGrid,22,8,do,105.040,105.120,VBP,7.6706,6.35,2,1.627340
audio03.TextGrid,22,9,you,105.320,105.430,PRP,6.4674,6.98,2,2.107575
audio03.TextGrid,22,10,want,105.430,105.730,VB,7.7687,6.04,4,0.104733
audio03.TextGrid,23,1,some,105.730,106.060,DT,5.3151,6.2,3,-0.649831
audio03.TextGrid,23,2,no,106.880,107.250,DT,8.7449,6.35,2,3.654893
audio03.TextGrid,23,3,i,107.500,107.640,NN,8.1899,7.09,1,4.096791
audio03.TextGrid,23,4,will,107.640,107.820,MD,4.9159,6.45,3,-0.869222
audio03.TextGrid,23,5,eat,107.820,107.950,VB,9.6810,5.13,2,2.223737
audio03.TextGrid,23,6,at,107.950,108.050,IN,5.2290,6.7,2,0.544649
audio03.TextGrid,23,7,home,108.050,108.220,NN,8.7326,5.81,3,1.533914
audio03.TextGrid,23,8,do,108.220,108.370,VBP,7.4811,6.35,2,1.437840
audio03.TextGrid,23,9,you,108.910,109.010,PRP,6.4343,6.98,2,2.074475
audio03.TextGrid,23,10,want,109.010,109.240,VB,8.0159,6.04,4,0.351933
audio03.TextGrid,23,11,me,109.240,109.360,PRP,8.7530,6.48,2,3.813665
audio03.TextGrid,23,12,to,109.360,109.430,TO,3.2947,7.43,2,-0.543567
audio03.TextGrid,23,13,make,109.430,109.600,VB,6.0617,6.08,3,-0.942792
audio03.TextGrid,23,14,the,109.600,109.680,DT,2.3356,7.73,2,-1.154961
audio03.TextGrid,23,15,fire,109.680,110.120,NN,9.1769,5.3,3,1.611404
audio03.TextGrid,24,1,no,110.870,111.120,DT,5.7679,6.35,2,0.677893
audio03.TextGrid,24,2,i,111.120,111.150,NN,8.2555,7.09,1,4.162391
audio03.TextGrid,24,3,will,111.150,111.530,MD,4.6608,6.45,3,-1.124322
audio03.TextGrid,24,4,make,111.530,111.760,VB,5.2999,6.08,3,-1.704592
audio03.TextGrid,24,5,it,111.760,111.870,PRP,4.4356,6.95,2,0.041004
audio03.TextGrid,24,6,later,111.870,112.150,RB,9.3710,5.49,4,1.553334
audio03.TextGrid,24,7,on,112.150,112.410,IN,5.2052,6.91,2,0.764243
audio03.TextGrid,25,1,or,112.960,113.220,CC,5.3683,6.54,2,0.498506
audio03.TextGrid,25,2,i,113.220,113.340,NN,5.7229,7.09,1,1.629791
audio03.TextGrid,25,3,may,113.340,113.480,MD,5.5654,5.98,2,0.046556
audio03.TextGrid,25,4,eat,113.480,113.730,VB,9.6882,5.13,2,2.230937
audio03.TextGrid,25,5,the,113.730,113.850,DT,2.7724,7.73,2,-0.718161
audio03.TextGrid,25,6,rice,113.850,114.160,NN,10.3587,4.55,3,2.253777
audio03.TextGrid,25,7,cold,114.160,114.700,NN,10.5180,5.02,4,2.568991
audio03.TextGrid,26,1,may,115.910,116.070,MD,8.3649,5.98,2,2.846056
audio03.TextGrid,26,2,i,116.070,116.220,VB,8.1452,7.09,1,4.052091
audio03.TextGrid,26,3,take,116.220,116.460,VB,6.4025,5.92,3,-0.717070
audio03.TextGrid,26,4,the,116.460,116.540,DT,2.3177,7.73,2,-1.172861
audio03.TextGrid,26,5,cast,116.540,116.930,JJ,11.6059,4.79,4,3.592617
audio03.TextGrid,26,6,net,116.930,117.210,NN,6.8694,4.76,3,-1.084484
audio03.TextGrid,26,7,of,118.050,118.170,IN,3.6611,7.4,2,-0.211938
audio03.TextGrid,26,8,course,118.170,118.760,NN,9.4943,5.44,4,1.662661
audio03.TextGrid,27,1,there,120.650,120.800,EX,5.7321,6.31,3,-0.153715
audio03.TextGrid,27,2,was,120.800,121.070,VBD,3.9647,6.82,3,-2.507557
audio03.TextGrid,27,3,no,121.070,121.260,DT,6.2720,6.35,2,1.181993
audio03.TextGrid,27,4,cast,121.260,121.690,JJ,10.4734,4.79,4,2.460117
audio03.TextGrid,27,5,net,121.690,121.930,NN,7.6633,4.76,3,-0.290584
audio03.TextGrid,27,6,and,121.930,122.000,CC,3.9221,7.41,2,0.060653
audio03.TextGrid,27,7,the,122.000,122.070,DT,2.6233,7.73,2,-0.867261
audio03.TextGrid,27,8,boy,122.070,122.260,NN,10.2395,5.17,2,2.828598
audio03.TextGrid,27,9,remembered,122.260,122.740,VBD,4.7410,4.33,8,-2.915540
audio03.TextGrid,27,10,when,122.740,122.910,WRB,6.0284,6.37,3,0.185739
audio03.TextGrid,27,11,they,122.910,123.010,PRP,4.7981,6.5,2,-0.118055
audio03.TextGrid,27,12,had,123.010,123.170,VBD,4.7249,6.33,3,-2.099783
audio03.TextGrid,27,13,sold,123.170,123.500,VBN,7.7120,4.97,4,-0.250982
audio03.TextGrid,27,14,it,123.500,123.700,PRP,4.8930,6.95,2,0.498404
audio03.TextGrid,28,1,but,124.270,124.400,CC,5.3198,6.63,3,-0.335859
audio03.TextGrid,28,2,they,124.400,124.500,PRP,4.8862,6.5,2,-0.029955
audio03.TextGrid,28,3,went,124.500,124.760,VBD,7.1496,5.5,4,-0.665272
audio03.TextGrid,28,4,through,124.760,124.890,IN,7.3952,5.87,3,1.192921
audio03.TextGrid,28,5,this,124.890,125.120,DT,4.8484,6.82,3,-0.670605
audio03.TextGrid,28,6,fiction,125.120,125.480,NN,4.1394,4.44,6,-3.825798
audio03.TextGrid,28,7,every,125.480,125.690,DT,9.3565,5.79,4,2.575923
audio03.TextGrid,28,8,day,125.690,126.100,NN,7.0899,5.95,2,0.583032
audio03.TextGrid,29,1,there,126.590,126.710,EX,5.7321,6.31,3,-0.153715
audio03.TextGrid,29,2,was,126.710,126.850,VBD,3.9647,6.82,3,-2.507557
audio03.TextGrid,29,3,no,126.850,127.030,DT,6.2720,6.35,2,1.181993
audio03.TextGrid,29,4,pot,127.030,127.290,NN,4.3293,4.4,3,-3.883509
audio03.TextGrid,29,5,of,127.290,127.400,IN,3.1732,7.4,2,-0.699838
audio03.TextGrid,29,6,yellow,127.400,127.700,JJ,11.1566,4.69,4,3.115371
audio03.TextGrid,29,7,rice,127.700,127.970,NN,10.9096,4.55,3,2.804677
audio03.TextGrid,29,8,and,127.970,128.100,CC,3.7088,7.41,3,-1.385855
audio03.TextGrid,29,9,fish,128.120,128.480,NN,5.1061,4.9,3,-2.747091
audio03.TextGrid,30,1,and,129.000,129.110,CC,3.7036,7.41,2,-0.157847
audio03.TextGrid,30,2,the,129.110,129.190,DT,2.0380,7.73,2,-1.452561
audio03.TextGrid,30,3,boy,129.190,129.410,NN,10.2419,5.17,2,2.830998
audio03.TextGrid,30,4,knew,129.410,129.640,VBD,8.9641,5.2,3,1.326680
audio03.TextGrid,30,5,this,129.640,129.970,DT,5.5090,6.82,3,-0.010005
audio03.TextGrid,30,6,too,129.970,130.390,RB,9.5707,5.95,2,3.063832
audio03.TextGrid,30,7,eighty,131.850,132.200,JJ,4.9615,3.75,3,-3.718812
audio03.TextGrid,30,8,five,132.200,132.600,CD,8.5141,5.45,3,2.009742
audio03.TextGrid,30,9,is,132.600,132.720,VBZ,5.3415,7.07,2,0.132734
audio03.TextGrid,30,10,a,132.720,132.800,DT,3.4860,7.36,1,0.777820
audio03.TextGrid,30,11,lucky,132.800,133.100,JJ,10.7263,4.77,4,2.707427
audio03.TextGrid,30,12,number,133.100,133.620,NN,6.2842,5.62,5,-1.943134
audio03.TextGrid,30,13,the,133.860,133.990,DT,3.8648,7.73,2,0.374239
audio03.TextGrid,30,14,old,133.990,134.170,JJ,7.3429,5.75,3,0.101060
audio03.TextGrid,30,15,man,134.170,134.430,NN,7.6973,5.82,3,0.505807
audio03.TextGrid,30,16,said,134.430,134.810,VBD,4.3352,6.01,3,-2.719638
audio03.TextGrid,31,1,how,135.500,135.650,WRB,7.8277,6.24,2,2.610201
audio03.TextGrid,31,2,would,135.650,135.780,MD,6.7205,6.27,3,0.805916
audio03.TextGrid,31,3,you,135.780,135.870,PRP,6.3883,6.98,2,2.028475
audio03.TextGrid,31,4,like,135.870,136.080,VB,6.7287,6.41,3,-0.038444
audio03.TextGrid,31,5,to,136.080,136.160,TO,3.7285,7.43,2,-0.109767
audio03.TextGrid,31,6,see,136.160,136.330,VB,6.3344,6.1,2,0.001385
audio03.TextGrid,31,7,me,136.330,136.470,PRP,8.5632,6.48,2,3.623865
audio03.TextGrid,31,8,bring,136.470,136.680,VBG,8.7774,5.27,4,0.898254
audio03.TextGrid,31,9,one,136.680,136.920,CD,6.3258,6.47,3,0.555063
audio03.TextGrid,31,10,in,136.920,137.100,IN,4.0880,7.27,2,0.064290
audio03.TextGrid,31,11,that,137.100,137.310,DT,4.8791,7.01,3,-0.503250
audio03.TextGrid,31,12,dressed,137.310,137.610,VBD,12.4826,4.42,5,4.447661
audio03.TextGrid,31,13,out,137.610,137.830,RP,6.3075,6.38,2,1.252263
audio03.TextGrid,31,14,over,137.830,138.070,IN,6.6910,6.08,3,0.639761
audio03.TextGrid,31,15,a,138.070,138.130,DT,2.6722,7.36,1,-0.035980
audio03.TextGrid,31,16,thousand,138.130,138.630,CD,11.9436,4.64,6,4.811632
audio03.TextGrid,31,17,pounds,138.630,139.170,NNS,9.0812,4.53,5,1.028625
audio03.TextGrid,32,1,i,139.170,139.210,NN,5.5144,7.09,1,1.421291
audio03.TextGrid,32,2,ll,141.000,141.170,VBP,3.9811,4.66,2,-4.020902
audio03.TextGrid,32,3,get,141.170,141.300,VB,6.8207,6.28,3,-0.039945
audio03.TextGrid,32,4,the,141.300,141.400,DT,2.3340,7.73,2,-1.156561
audio03.TextGrid,32,5,cast,141.400,141.780,NN,11.6179,4.79,4,3.604617
audio03.TextGrid,32,6,net,141.780,141.910,NN,6.8623,4.76,3,-1.091584
audio03.TextGrid,32,7,and,141.910,142.030,CC,4.1230,7.41,2,0.261553
audio03.TextGrid,32,8,go,142.030,142.190,VB,8.9319,6.03,2,2.517754
audio03.TextGrid,32,9,for,142.190,142.330,IN,4.4380,7.01,2,0.112945
audio03.TextGrid,32,10,sardines,142.330,143.020,NNS,6.8399,2.93,7,0.517890
audio03.TextGrid,32,11,will,143.340,143.480,MD,6.1575,6.45,3,0.372378
audio03.TextGrid,32,12,you,143.480,143.610,PRP,8.1924,6.98,2,3.832575
audio03.TextGrid,32,13,sit,143.610,143.800,VB,11.2311,4.9,3,3.377909
audio03.TextGrid,32,14,in,143.800,143.880,IN,3.6366,7.27,2,-0.387110
audio03.TextGrid,32,15,the,143.880,143.960,DT,1.7337,7.73,2,-1.756861
audio03.TextGrid,32,16,sun,143.960,144.250,NN,10.3532,4.97,3,2.550356
audio03.TextGrid,32,17,in,144.250,144.330,IN,4.1876,7.27,2,0.163890
audio03.TextGrid,32,18,the,144.330,144.400,DT,1.7075,7.73,2,-1.783061
audio03.TextGrid,32,19,doorway,144.400,144.840,NN,4.1358,3.51,5,-3.753239
audio03.TextGrid,33,1,yes,145.950,146.370,RB,11.0119,5.5,3,3.590251
audio03.TextGrid,33,2,i,146.800,146.960,NN,6.3159,7.09,1,2.222791
audio03.TextGrid,33,3,have,146.960,147.120,VBP,4.1126,6.71,3,-2.438773
audio03.TextGrid,33,4,yesterday,147.120,147.530,NN,8.5594,4.91,7,0.178398
audio03.TextGrid,33,5,s,147.530,147.570,VBN,6.8959,5.86,1,0.836265
audio03.TextGrid,33,6,paper,147.570,148.080,NN,8.6573,5.07,4,0.722263
audio03.TextGrid,33,7,and,148.220,148.370,CC,4.2804,7.41,2,0.418953
audio03.TextGrid,33,8,i,148.370,148.460,NN,6.0501,7.09,1,1.956991
audio03.TextGrid,33,9,will,148.460,148.650,MD,4.9801,6.45,3,-0.805022
audio03.TextGrid,33,10,read,148.650,148.820,VB,7.2334,5.54,3,-0.159479
audio03.TextGrid,33,11,the,148.820,148.900,DT,2.4254,7.73,2,-1.065161
audio03.TextGrid,33,12,baseball,148.900,149.530,NN,9.1407,4.54,6,1.115491
audio03.TextGrid,34,1,the,150.980,151.070,DT,1.8241,7.73,2,-1.666461
audio03.TextGrid,34,2,boy,151.070,151.260,NN,10.2353,5.17,2,2.824398
audio03.TextGrid,34,3,did,151.260,151.450,VBD,5.9574,5.96,3,-1.133400
audio03.TextGrid,34,4,not,151.450,151.660,RB,5.4775,6.69,3,-1.088258
audio03.TextGrid,34,5,know,151.660,151.830,VB,7.6271,6.1,2,1.294085
audio03.TextGrid,34,6,whether,151.830,152.110,IN,7.8509,5.32,4,0.938979
audio03.TextGrid,34,7,yesterday,152.110,152.620,NN,7.6890,4.91,7,-0.692002
audio03.TextGrid,34,8,s,152.620,152.670,VBP,6.2192,5.86,1,0.159565
audio03.TextGrid,34,9,paper,152.670,152.990,NN,9.2152,5.07,4,1.280163
audio03.TextGrid,34,10,was,152.990,153.160,VBD,5.9750,6.82,3,-0.497257
audio03.TextGrid,34,11,a,153.160,153.230,DT,3.3090,7.36,1,0.600820
audio03.TextGrid,34,12,fiction,153.230,153.620,NN,4.1405,4.44,6,-3.824698
audio03.TextGrid,34,13,too,153.620,154.070,RB,8.1324,5.95,2,1.625532
audio03.TextGrid,34,14,but,154.410,154.520,CC,5.2573,6.63,3,-0.398359
audio03.TextGrid,34,15,the,154.520,154.630,DT,3.4018,7.73,2,-0.088761
audio03.TextGrid,34,16,old,154.630,154.820,JJ,7.3417,5.75,3,0.099860
audio03.TextGrid,34,17,man,154.820,155.070,NN,7.6983,5.82,3,0.506807
audio03.TextGrid,34,18,brought,155.070,155.290,VBD,8.6082,5.16,4,0.698314
audio03.TextGrid,34,19,it,155.290,155.390,PRP,4.7636,6.95,2,0.369004
audio03.TextGrid,34,20,out,155.390,155.590,RP,6.4040,6.38,2,1.348763
audio03.TextGrid,34,21,from,155.590,155.730,IN,5.1982,6.63,3,-0.457459
audio03.TextGrid,34,22,under,155.730,155.910,IN,8.4010,5.73,4,1.603655
audio03.TextGrid,34,23,the,155.910,156.010,DT,1.9470,7.73,2,-1.543561
audio03.TextGrid,34,24,bed,156.010,156.410,NN,4.1551,5.07,3,-3.575820
audio03.TextGrid,35,1,perico,157.540,157.990,NNS,6.9453,1.53,6,0.726429
audio03.TextGrid,35,2,gave,157.990,158.200,VBD,7.6139,5.25,3,0.012442
audio03.TextGrid,35,3,it,158.200,158.310,PRP,4.5466,6.95,2,0.152004
audio03.TextGrid,35,4,to,158.310,158.380,TO,3.3640,7.43,2,-0.474267
audio03.TextGrid,35,5,me,158.380,158.540,PRP,8.4453,6.48,2,3.505965
audio03.TextGrid,35,6,at,158.540,158.610,IN,4.6155,6.7,2,-0.068851
audio03.TextGrid,35,7,the,158.610,158.700,DT,1.6890,7.73,2,-1.801561
audio03.TextGrid,35,8,bodega,158.700,159.270,NN,4.1363,2.74,6,-2.808707
audio03.TextGrid,36,1,he,159.440,159.570,PRP,4.5353,6.69,2,-0.160641
audio03.TextGrid,36,2,explained,159.570,160.190,VBD,8.7225,4.59,8,0.681244
audio03.TextGrid,36,3,i,161.180,161.210,JJ,6.1697,7.09,1,2.076591
audio03.TextGrid,36,4,ll,161.730,161.860,NN,6.8911,4.66,2,-1.110902
audio03.TextGrid,36,5,be,161.860,162.000,VB,5.6446,6.79,2,0.111308
audio03.TextGrid,36,6,back,162.000,162.250,RB,7.0578,6.04,3,0.024539
audio03.TextGrid,36,7,when,162.250,162.350,WRB,6.5706,6.37,3,0.727939
audio03.TextGrid,36,8,i,162.350,162.450,NN,5.6631,7.09,1,1.569991
audio03.TextGrid,36,9,have,162.450,162.590,VBP,4.0846,6.71,3,-2.466773
audio03.TextGrid,36,10,the,162.590,162.660,DT,2.5803,7.73,2,-0.910261
audio03.TextGrid,36,11,sardines,162.660,163.340,NNS,6.4523,2.93,7,0.130290
audio03.TextGrid,36,12,i,163.680,163.770,VBP,7.4875,7.09,1,3.394391
audio03.TextGrid,36,13,ll,163.770,163.820,VBP,4.6386,4.66,1,-3.339597
audio03.TextGrid,36,14,keep,163.820,164.070,VB,7.9052,5.66,3,0.598629
audio03.TextGrid,36,15,yours,164.070,164.410,NNS,7.3996,4.75,4,-0.624862
audio03.TextGrid,36,16,and,164.410,164.620,CC,3.9802,7.41,3,-1.114455
audio03.TextGrid,36,17,mine,164.620,164.880,VB,10.7185,5.04,3,2.966003
audio03.TextGrid,36,18,together,164.880,165.250,RB,9.5784,5.46,6,1.001087
audio03.TextGrid,36,19,on,165.250,165.420,IN,4.6962,6.91,2,0.255243
audio03.TextGrid,36,20,ice,165.420,165.750,NN,5.7910,5.0,2,-1.816936
audio03.TextGrid,36,21,and,165.750,165.820,CC,4.0967,7.41,2,0.235253
audio03.TextGrid,36,22,we,165.820,165.960,PRP,6.2771,6.54,2,1.407306
audio03.TextGrid,36,23,can,165.960,166.110,MD,5.9907,6.46,3,0.212770
audio03.TextGrid,36,24,share,166.110,166.360,NN,8.1890,5.2,3,0.551580
audio03.TextGrid,36,25,them,166.360,166.520,PRP,6.7130,6.19,3,0.740877
audio03.TextGrid,36,26,in,166.520,166.590,IN,3.1474,7.27,2,-0.876310
audio03.TextGrid,36,27,the,166.590,166.650,DT,1.7016,7.73,2,-1.788961
audio03.TextGrid,36,28,morning,166.650,167.050,NN,8.8503,5.33,6,0.351002
audio03.TextGrid,37,1,when,167.500,167.630,WRB,6.5749,6.37,3,0.732239
audio03.TextGrid,37,2,i,167.630,167.720,NN,5.6712,7.09,1,1.578091
audio03.TextGrid,37,3,come,167.720,167.900,VBP,6.6503,5.78,3,-0.569963
audio03.TextGrid,37,4,back,167.900,168.230,RB,7.0673,6.04,3,0.034039
audio03.TextGrid,37,5,you,168.230,168.310,PRP,6.6930,6.98,2,2.333175
audio03.TextGrid,37,6,can,168.310,168.460,MD,6.1950,6.46,3,0.417070
audio03.TextGrid,37,7,tell,168.460,168.610,VB,9.6875,5.53,3,2.287428
audio03.TextGrid,37,8,me,168.610,168.750,PRP,9.0027,6.48,2,4.063365
audio03.TextGrid,37,9,about,168.750,168.940,IN,5.3510,6.4,4,-1.259111
audio03.TextGrid,37,10,the,168.940,169.040,DT,1.7856,7.73,2,-1.704961
audio03.TextGrid,37,11,baseball,169.040,169.620,NN,9.1385,4.54,6,1.113291
audio03.TextGrid,38,1,the,171.090,171.160,DT,1.8241,7.73,2,-1.666461
audio03.TextGrid,38,2,yankees,171.160,171.670,NNS,6.4529,3.93,6,-1.206241
audio03.TextGrid,38,3,cannot,171.670,172.070,VBP,4.1555,5.11,5,-3.990066
audio03.TextGrid,38,4,lose,172.070,172.500,VB,9.9808,5.08,3,2.257072
audio03.TextGrid,39,1,but,173.390,173.520,CC,5.3198,6.63,3,-0.335859
audio03.TextGrid,39,2,i,173.520,173.640,JJ,5.7238,7.09,1,1.630691
audio03.TextGrid,39,3,fear,173.640,173.910,VBP,9.7052,4.95,3,1.887971
audio03.TextGrid,39,4,the,173.910,174.080,DT,2.9034,7.73,2,-0.587161
audio03.TextGrid,39,5,indians,174.080,174.460,NNS,6.4556,4.25,7,-1.239071
audio03.TextGrid,39,6,of,174.460,174.550,IN,3.0931,7.4,2,-0.779938
audio03.TextGrid,39,7,cleveland,174.550,175.130,NN,9.2134,4.27,8,1.645641
audio03.TextGrid,40,1,have,175.840,176.080,VB,8.1004,6.71,3,1.549027
audio03.TextGrid,40,2,faith,176.080,176.470,VBN,12.3804,4.82,3,4.469671
audio03.TextGrid,40,3,in,176.470,176.600,IN,3.7529,7.27,2,-0.270810
audio03.TextGrid,40,4,the,176.600,176.700,DT,1.6994,7.73,2,-1.791161
audio03.TextGrid,40,5,yankees,176.700,177.190,NNS,6.4473,3.93,6,-1.211841
audio03.TextGrid,40,6,my,177.190,177.390,PRP$,8.7371,6.57,2,3.902077
audio03.TextGrid,40,7,son,177.390,177.760,NN,9.6656,5.28,3,2.085719
audio03.TextGrid,40,8,think,178.250,178.460,NN,7.1464,6.08,4,-0.506389
audio03.TextGrid,40,9,of,178.460,178.560,IN,3.4795,7.4,2,-0.393538
audio03.TextGrid,40,10,the,178.560,178.660,DT,1.7176,7.73,2,-1.772961
audio03.TextGrid,40,11,great,178.660,178.880,JJ,7.7270,5.88,4,0.018321
audio03.TextGrid,40,12,dimaggio,178.880,179.600,NN,4.1893,2.53,7,-1.716751
audio04.TextGrid,1,1,i,0.880,1.000,NN,5.5144,7.09,1,1.421291
audio04.TextGrid,1,2,fear,1.000,1.240,VBP,9.7255,4.95,3,1.908271
audio04.TextGrid,1,3,both,1.240,1.490,DT,7.6025,5.79,3,1.342682
audio04.TextGrid,1,4,the,1.490,1.590,DT,4.7214,7.73,2,1.230839
audio04.TextGrid,1,5,tigers,1.590,2.120,NNS,11.6087,4.15,5,3.617050
audio04.TextGrid,1,6,of,2.120,2.200,IN,3.0711,7.4,2,-0.801938
audio04.TextGrid,1,7,detroit,2.200,2.750,NN,9.6218,4.35,6,1.710612
audio04.TextGrid,1,8,and,2.750,2.910,CC,3.8840,7.41,2,0.022553
audio04.TextGrid,1,9,the,2.910,3.080,DT,2.2302,7.73,2,-1.260361
audio04.TextGrid,1,10,indians,3.080,3.460,NNS,6.4527,4.25,7,-1.241971
audio04.TextGrid,1,11,of,3.460,3.580,IN,2.8507,7.4,2,-1.022338
audio04.TextGrid,1,12,cleveland,3.580,4.130,NN,9.2067,4.27,8,1.638941
audio04.TextGrid,2,1,be,5.350,5.450,VB,8.5148,6.79,2,2.981508
audio04.TextGrid,2,2,careful,5.450,5.950,JJ,10.7707,4.59,6,2.715485
audio04.TextGrid,2,3,or,6.060,6.210,CC,5.3292,6.54,2,0.459406
audio04.TextGrid,2,4,you,6.210,6.300,PRP,6.4601,6.98,2,2.100275
audio04.TextGrid,2,5,will,6.300,6.500,MD,5.1959,6.45,3,-0.589222
audio04.TextGrid,2,6,fear,6.500,6.820,VB,9.6433,4.95,3,1.826071
audio04.TextGrid,2,7,even,6.820,7.050,RB,6.1994,5.99,4,-1.478540
audio04.TextGrid,2,8,the,7.050,7.140,DT,3.6684,7.73,2,0.177839
audio04.TextGrid,2,9,reds,7.140,7.420,NNS,11.2809,3.91,4,3.021698
audio04.TextGrid,2,10,of,7.420,7.510,IN,2.8083,7.4,2,-1.064738
audio04.TextGrid,2,11,cincinnati,7.510,8.220,NN,10.3107,3.96,9,3.485684
audio04.TextGrid,2,12,and,8.220,8.320,CC,3.9006,7.41,2,0.039153
audio04.TextGrid,2,13,the,8.320,8.400,DT,2.2374,7.73,2,-1.253161
audio04.TextGrid,2,14,white,8.400,8.690,JJ,7.9534,5.51,3,0.538943
audio04.TextGrid,2,15,sax,8.690,9.030,NN,4.9416,3.15,4,-3.529987
audio04.TextGrid,2,16,of,9.030,9.120,IN,3.0944,7.4,2,-0.778638
audio04.TextGrid,2,17,chicago,9.120,9.760,NN,7.2151,4.83,6,-0.984142
audio04.TextGrid,3,1,you,11.120,11.280,PRP,5.7058,6.98,2,1.345975
audio04.TextGrid,3,2,study,11.280,11.670,VBP,8.5948,5.26,5,0.425185
audio04.TextGrid,3,3,it,11.670,11.780,PRP,4.6335,6.95,2,0.238904
audio04.TextGrid,3,4,and,11.780,11.870,CC,4.5351,7.41,2,0.673653
audio04.TextGrid,3,5,tell,11.870,12.090,VB,10.9603,5.53,3,3.560228
audio04.TextGrid,3,6,me,12.090,12.230,PRP,9.0160,6.48,2,4.076665
audio04.TextGrid,3,7,when,12.230,12.370,WRB,6.3443,6.37,3,0.501639
audio04.TextGrid,3,8,i,12.370,12.480,NN,5.6702,7.09,1,1.577091
audio04.TextGrid,3,9,come,12.480,12.670,VBP,6.6502,5.78,3,-0.570063
audio04.TextGrid,3,10,back,12.670,13.010,RB,7.1028,6.04,3,0.069539
audio04.TextGrid,3,11,do,13.010,13.080,VBP,6.4896,6.35,2,0.446340
audio04.TextGrid,3,12,you,14.530,14.740,PRP,6.4291,6.98,2,2.069275
audio04.TextGrid,3,13,think,14.740,14.950,VB,8.0406,6.08,4,0.387811
audio04.TextGrid,3,14,we,14.950,15.030,PRP,6.3999,6.54,2,1.530106
audio04.TextGrid,3,15,should,15.030,15.210,MD,7.6731,5.99,3,1.557130
audio04.TextGrid,3,16,buy,15.210,15.430,VB,5.6509,5.32,2,-1.586149
audio04.TextGrid,3,17,a,15.430,15.470,DT,3.1715,7.36,1,0.463320
audio04.TextGrid,3,18,terminal,15.470,15.950,NN,4.1392,4.31,7,-3.617865
audio04.TextGrid,3,19,of,15.950,16.020,IN,3.0183,7.4,2,-0.854738
audio04.TextGrid,3,20,the,16.020,16.100,DT,1.7012,7.73,2,-1.789361
audio04.TextGrid,3,21,lottery,16.100,16.520,NN,9.5431,4.0,5,1.575500
audio04.TextGrid,3,22,with,16.520,16.700,IN,4.7771,6.85,3,-0.720327
audio04.TextGrid,3,23,an,16.700,16.800,DT,4.3511,6.53,2,-0.530284
audio04.TextGrid,3,24,eighty,16.800,17.040,NN,4.1358,3.75,3,-4.544512
audio04.TextGrid,3,25,five,17.040,17.450,CD,8.9899,5.45,3,2.485542
audio04.TextGrid,4,1,tomorrow,18.010,18.480,NN,10.2357,5.02,6,1.922437
audio04.TextGrid,4,2,is,18.480,18.610,VBZ,3.8990,7.07,2,-1.309766
audio04.TextGrid,4,3,the,18.610,18.820,DT,2.6327,7.73,2,-0.857861
audio04.TextGrid,4,4,eighty,18.820,19.030,JJ,5.0793,3.75,3,-3.601012
audio04.TextGrid,4,5,fifth,19.030,19.240,JJ,9.2968,4.78,3,1.357301
audio04.TextGrid,4,6,day,19.330,19.750,NN,6.9514,5.95,2,0.444532
audio04.TextGrid,5,1,we,21.200,21.320,PRP,5.6952,6.54,2,0.825406
audio04.TextGrid,5,2,can,21.320,21.490,MD,5.3091,6.46,3,-0.468830
audio04.TextGrid,5,3,do,21.490,21.660,VB,5.1564,6.35,2,-0.886860
audio04.TextGrid,5,4,that,21.660,22.010,IN,4.4241,7.01,3,-0.958250
audio04.TextGrid,5,5,the,22.110,22.190,DT,2.2046,7.73,2,-1.285961
audio04.TextGrid,5,6,boy,22.190,22.400,NN,10.2391,5.17,2,2.828198
audio04.TextGrid,5,7,said,22.400,22.810,VBD,5.0845,6.01,3,-1.970338
audio04.TextGrid,5,8,but,23.370,23.540,CC,5.5026,6.63,3,-0.153059
audio04.TextGrid,5,9,what,23.540,23.680,WP,7.7382,6.38,3,1.902732
audio04.TextGrid,5,10,about,23.680,23.890,IN,7.2129,6.4,4,0.602789
audio04.TextGrid,5,11,the,23.890,24.040,DT,2.0413,7.73,2,-1.449261
audio04.TextGrid,5,12,eighty,24.040,24.270,JJ,5.0804,3.75,3,-3.599912
audio04.TextGrid,5,13,seven,24.270,24.590,CD,9.9088,5.08,5,2.721297
audio04.TextGrid,5,14,of,24.590,24.680,IN,4.0964,7.4,2,0.223362
audio04.TextGrid,5,15,your,24.680,24.830,PRP$,6.7960,6.53,3,1.068417
audio04.TextGrid,5,16,great,24.830,25.090,JJ,7.7949,5.88,4,0.086221
audio04.TextGrid,5,17,record,25.090,25.520,NN,6.9957,5.21,5,-1.165899
audio04.TextGrid,6,1,it,26.440,26.580,PRP,3.8912,6.95,2,-0.503396
audio04.TextGrid,6,2,could,26.580,26.830,MD,5.0571,6.06,3,-1.008524
audio04.TextGrid,6,3,not,26.830,27.020,RB,6.1838,6.69,3,-0.381958
audio04.TextGrid,6,4,happen,27.020,27.320,VB,8.7140,5.19,5,0.555608
audio04.TextGrid,6,5,twice,27.320,27.810,RB,10.4435,4.84,4,2.444189
audio04.TextGrid,6,6,do,28.150,28.260,VBP,6.0088,6.35,2,-0.034460
audio04.TextGrid,6,7,you,28.260,28.390,PRP,6.4541,6.98,2,2.094275
audio04.TextGrid,6,8,think,28.390,28.620,VB,8.2773,6.08,4,0.624511
audio04.TextGrid,6,9,you,28.620,28.710,PRP,6.4154,6.98,2,2.055575
audio04.TextGrid,6,10,can,28.710,28.880,MD,6.9480,6.46,3,1.170070
audio04.TextGrid,6,11,find,28.880,29.170,VB,6.8563,5.76,4,-0.885914
audio04.TextGrid,6,12,an,29.170,29.270,DT,5.0568,6.53,2,0.175416
audio04.TextGrid,6,13,eighty,29.270,29.490,NN,4.1385,3.75,3,-4.541812
audio04.TextGrid,6,14,five,29.490,29.880,CD,9.0834,5.45,3,2.579042
audio04.TextGrid,7,1,i,30.900,31.020,NN,5.5144,7.09,1,1.421291
audio04.TextGrid,7,2,can,31.020,31.180,MD,5.3141,6.46,3,-0.463830
audio04.TextGrid,7,3,order,31.180,31.410,NN,11.3338,5.49,4,3.516134
audio04.TextGrid,7,4,one,31.410,31.710,CD,7.0424,6.47,3,1.271663
audio04.TextGrid,8,1,one,32.340,32.600,CD,6.0137,6.47,3,0.242963
audio04.TextGrid,8,2,sheet,32.600,33.020,NN,9.8609,4.4,3,1.648091
audio04.TextGrid,8,3,that,33.230,33.440,WDT,4.8405,7.01,3,-0.541850
audio04.TextGrid,8,4,s,33.440,33.510,VBD,5.6599,5.86,1,-0.399735
audio04.TextGrid,8,5,two,33.510,33.640,CD,6.8097,6.1,2,1.429938
audio04.TextGrid,8,6,dollars,33.640,34.030,NNS,7.6920,4.78,5,-0.400657
audio04.TextGrid,8,7,and,34.030,34.150,CC,4.2243,7.41,2,0.362853
audio04.TextGrid,8,8,a,34.150,34.190,DT,3.2801,7.36,1,0.571920
audio04.TextGrid,8,9,half,34.190,34.510,NN,7.9711,5.41,3,0.484720
audio04.TextGrid,9,1,who,35.100,35.210,WP,6.0467,6.34,2,0.945102
audio04.TextGrid,9,2,can,35.210,35.410,MD,5.8562,6.46,3,0.078270
audio04.TextGrid,9,3,we,35.410,35.520,PRP,8.0828,6.54,2,3.213006
audio04.TextGrid,9,4,borrow,35.520,35.850,VB,5.6973,4.0,4,-2.536752
audio04.TextGrid,9,5,that,35.850,36.050,IN,4.3483,7.01,3,-1.034050
audio04.TextGrid,10,1,from,36.050,36.410,IN,5.6069,6.63,4,-0.938937
audio04.TextGrid,10,2,that,37.320,37.550,DT,4.7675,7.01,3,-0.614850
audio04.TextGrid,10,3,s,37.550,37.630,JJ,5.3323,5.86,1,-0.727335
audio04.TextGrid,10,4,easy,37.630,38.010,JJ,8.9299,5.29,3,1.357212
audio04.TextGrid,10,5,i,38.010,38.110,NN,9.2523,7.09,1,5.159191
audio04.TextGrid,10,6,can,38.110,38.250,MD,6.3725,6.46,3,0.594570
audio04.TextGrid,10,7,always,38.250,38.560,RB,8.3566,5.76,5,0.106820
audio04.TextGrid,10,8,borrow,38.560,38.860,VB,4.4464,4.0,4,-3.787652
audio04.TextGrid,10,9,two,38.860,39.000,CD,6.6476,6.1,2,1.267838
audio04.TextGrid,10,10,dollars,39.000,39.350,NNS,7.7352,4.78,5,-0.357457
audio04.TextGrid,10,11,and,39.350,39.450,CC,3.9127,7.41,2,0.051253
audio04.TextGrid,10,12,a,39.450,39.510,DT,3.0920,7.36,1,0.383820
audio04.TextGrid,10,13,half,39.510,39.840,NN,7.9704,5.41,3,0.484020
audio04.TextGrid,11,1,i,41.040,41.150,NN,5.5144,7.09,1,1.421291
audio04.TextGrid,11,2,think,41.150,41.340,VBP,6.6270,6.08,4,-1.025789
audio04.TextGrid,11,3,perhaps,41.340,41.730,RB,7.9912,5.09,6,-0.364071
audio04.TextGrid,11,4,i,41.730,41.860,NNS,7.5430,7.09,1,3.449891
audio04.TextGrid,11,5,can,41.860,42.150,MD,6.8037,6.46,3,1.025770
audio04.TextGrid,11,6,too,42.150,42.550,RB,7.9848,5.95,2,1.477932
audio04.TextGrid,11,7,but,42.770,42.900,CC,5.5704,6.63,3,-0.085259
audio04.TextGrid,11,8,i,42.900,43.000,JJ,7.8865,7.09,1,3.793391
audio04.TextGrid,11,9,try,43.000,43.250,NN,10.2844,5.5,3,2.862751
audio04.TextGrid,11,10,not,43.250,43.450,RB,5.5423,6.69,3,-1.023458
audio04.TextGrid,11,11,to,43.450,43.550,TO,3.5621,7.43,2,-0.276167
audio04.TextGrid,11,12,borrow,43.550,44.060,VB,4.1065,4.0,4,-4.127552
audio04.TextGrid,12,1,first,44.690,45.010,RB,6.4720,6.11,4,-1.172405
audio04.TextGrid,12,2,you,45.010,45.100,PRP,8.3364,6.98,2,3.976575
audio04.TextGrid,12,3,borrow,45.100,45.540,VBP,4.1816,4.0,4,-4.052452
audio04.TextGrid,12,4,then,45.780,45.940,RB,6.9736,6.07,3,-0.038084
audio04.TextGrid,12,5,you,45.940,46.100,PRP,7.7583,6.98,2,3.398475
audio04.TextGrid,12,6,beg,46.100,46.560,VBP,11.2238,4.05,3,2.759259
audio04.TextGrid,13,1,keep,47.970,48.230,VB,11.5718,5.66,3,4.265229
audio04.TextGrid,13,2,warm,48.230,48.530,JJ,5.7428,4.71,4,-2.292840
audio04.TextGrid,13,3,old,48.530,48.730,JJ,7.6332,5.75,3,0.391360
audio04.TextGrid,13,4,man,48.730,49.060,NN,8.0502,5.82,3,0.858707
audio04.TextGrid,13,5,the,49.240,49.330,DT,3.4314,7.73,2,-0.059161
audio04.TextGrid,13,6,boy,49.330,49.560,NN,10.2417,5.17,2,2.830798
audio04.TextGrid,13,7,said,49.560,49.890,VBD,3.9699,6.01,3,-3.084938
audio04.TextGrid,14,1,remember,50.430,50.810,NN,14.3897,5.38,7,5.519947
audio04.TextGrid,14,2,we,50.810,50.980,PRP,6.2919,6.54,2,1.422106
audio04.TextGrid,14,3,are,50.980,51.110,VBP,5.2978,6.74,2,-0.293443
audio04.TextGrid,14,4,in,51.110,51.230,IN,3.7784,7.27,2,-0.245310
audio04.TextGrid,14,5,september,51.230,51.810,NN,7.3076,5.15,8,-1.562276
audio04.TextGrid,15,1,the,53.150,53.240,DT,1.8241,7.73,2,-1.666461
audio04.TextGrid,15,2,month,53.240,53.590,NN,6.4511,5.25,4,-1.433635
audio04.TextGrid,15,3,when,53.590,53.780,WRB,7.0444,6.37,4,0.425905
audio04.TextGrid,15,4,the,53.780,53.870,DT,1.9759,7.73,2,-1.514661
audio04.TextGrid,15,5,great,53.870,54.220,JJ,7.7247,5.88,4,0.016021
audio04.TextGrid,15,6,fish,54.220,54.520,JJ,5.4002,4.9,3,-2.452991
audio04.TextGrid,15,7,come,54.520,54.960,VBP,7.9324,5.78,3,0.712137
audio04.TextGrid,15,8,the,55.280,55.400,DT,2.5349,7.73,2,-0.955661
audio04.TextGrid,15,9,old,55.400,55.600,JJ,7.3306,5.75,3,0.088760
audio04.TextGrid,15,10,man,55.600,55.850,NN,7.6905,5.82,3,0.499007
audio04.TextGrid,15,11,said,55.850,56.230,VBD,4.1588,6.01,3,-2.896038
audio04.TextGrid,16,1,anyone,56.930,57.320,NN,10.2357,5.38,6,1.706396
audio04.TextGrid,16,2,can,57.320,57.510,MD,5.8457,6.46,3,0.067770
audio04.TextGrid,16,3,be,57.510,57.660,VB,3.7181,6.79,2,-1.815192
audio04.TextGrid,16,4,a,57.660,57.720,DT,3.1672,7.36,1,0.459020
audio04.TextGrid,16,5,fisherman,57.720,58.190,NN,4.1395,3.49,7,-2.764851
audio04.TextGrid,16,6,in,58.190,58.310,IN,3.5381,7.27,2,-0.485610
audio04.TextGrid,17,1,may,58.310,58.690,MD,8.3649,5.98,2,2.846056
audio04.TextGrid,17,2,i,60.450,60.590,VB,8.1452,7.09,1,4.052091
audio04.TextGrid,17,3,go,60.590,60.790,VB,7.3058,6.03,2,0.891654
audio04.TextGrid,17,4,now,60.790,61.000,RB,6.1919,6.18,2,-0.048393
audio04.TextGrid,17,5,for,61.000,61.130,IN,4.5148,7.01,2,0.189745
audio04.TextGrid,17,6,the,61.130,61.240,DT,1.7407,7.73,2,-1.749861
audio04.TextGrid,17,7,sardines,61.240,61.800,NNS,6.4373,2.93,7,0.115290
audio04.TextGrid,17,8,the,62.160,62.230,DT,3.6781,7.73,2,0.187539
audio04.TextGrid,17,9,boy,62.230,62.440,NN,10.2429,5.17,2,2.831998
audio04.TextGrid,17,10,said,62.440,62.920,VBD,4.1975,6.01,3,-2.857338
audio04.TextGrid,18,1,when,65.380,65.500,WRB,6.5749,6.37,3,0.732239
audio04.TextGrid,18,2,the,65.500,65.560,DT,1.9802,7.73,2,-1.510361
audio04.TextGrid,18,3,boy,65.560,65.770,NN,10.2357,5.17,2,2.824798
audio04.TextGrid,18,4,came,65.770,66.060,VBD,7.0455,5.5,3,-0.376149
audio04.TextGrid,18,5,back,66.060,66.370,RB,6.9835,6.04,3,-0.049761
audio04.TextGrid,18,6,the,66.370,66.490,DT,2.8375,7.73,2,-0.653061
audio04.TextGrid,18,7,old,66.490,66.700,JJ,7.3268,5.75,3,0.084960
audio04.TextGrid,18,8,man,66.700,66.980,NN,7.7118,5.82,3,0.520307
audio04.TextGrid,18,9,was,66.980,67.130,VBD,5.2741,6.82,3,-1.198157
audio04.TextGrid,18,10,asleep,67.130,67.500,RB,4.5990,4.36,5,-3.426319
audio04.TextGrid,18,11,in,67.500,67.580,IN,3.7304,7.27,2,-0.293310
audio04.TextGrid,18,12,the,67.580,67.670,DT,1.7446,7.73,2,-1.745961
audio04.TextGrid,18,13,chair,67.670,68.090,NN,4.1385,4.69,3,-3.865730
audio04.TextGrid,18,14,and,68.090,68.170,CC,4.0070,7.41,2,0.145553
audio04.TextGrid,18,15,the,68.170,68.250,DT,2.1655,7.73,2,-1.325061
audio04.TextGrid,18,16,sun,68.250,68.500,NN,10.3557,4.97,3,2.552856
audio04.TextGrid,18,17,was,68.500,68.720,VBD,5.8241,6.82,3,-0.648157
audio04.TextGrid,18,18,down,68.720,69.120,IN,6.3332,5.88,3,0.138114
audio04.TextGrid,18,19,the,69.680,69.770,DT,2.5406,7.73,2,-0.949961
audio04.TextGrid,18,20,boy,69.770,70.010,NN,10.2474,5.17,2,2.836498
audio04.TextGrid,18,21,took,70.010,70.230,VBD,8.4382,5.51,3,1.023743
audio04.TextGrid,18,22,the,70.230,70.380,DT,2.4183,7.73,2,-1.072261
audio04.TextGrid,18,23,old,70.380,70.610,JJ,7.3319,5.75,3,0.090060
audio04.TextGrid,18,24,army,70.610,70.910,NN,9.6300,5.06,4,1.692169
audio04.TextGrid,18,25,blanket,70.910,71.300,NN,5.4563,4.07,7,-2.051190
audio04.TextGrid,18,26,off,71.300,71.460,IN,7.7422,5.93,2,2.165405
audio04.TextGrid,18,27,the,71.460,71.550,DT,2.1638,7.73,2,-1.326761
audio04.TextGrid,18,28,bed,71.550,71.900,NN,4.1393,5.07,3,-3.591620
audio04.TextGrid,18,29,and,71.900,72.070,CC,4.0701,7.41,2,0.208653
audio04.TextGrid,18,30,spread,72.070,72.400,NN,10.1043,4.81,5,2.006833
audio04.TextGrid,18,31,it,72.400,72.500,PRP,4.8683,6.95,2,0.473704
audio04.TextGrid,18,32,over,72.500,72.680,IN,6.1825,6.08,3,0.131261
audio04.TextGrid,18,33,the,72.680,72.770,DT,1.7436,7.73,2,-1.746961
audio04.TextGrid,18,34,back,72.770,73.020,NN,8.8588,6.04,3,1.825539
audio04.TextGrid,18,35,of,73.020,73.100,IN,3.3504,7.4,2,-0.522638
audio04.TextGrid,18,36,the,73.100,73.200,DT,1.7152,7.73,2,-1.775361
audio04.TextGrid,18,37,chair,73.200,73.650,NN,4.1386,4.69,3,-3.865630
audio04.TextGrid,18,38,and,73.650,73.800,CC,4.0908,7.41,3,-1.003855
audio04.TextGrid,18,39,over,73.800,73.980,IN,7.3099,6.08,3,1.258661
audio04.TextGrid,18,40,the,73.980,74.120,DT,1.8192,7.73,2,-1.671361
audio04.TextGrid,18,41,old,74.120,74.330,JJ,7.3279,5.75,3,0.086060
audio04.TextGrid,18,42,man,74.330,74.570,NN,7.6938,5.82,3,0.502307
audio04.TextGrid,18,43,s,74.570,74.610,VBZ,4.7240,5.86,1,-1.335635
audio04.TextGrid,18,44,shoulders,74.610,75.210,NNS,7.5997,4.18,6,-0.209469
audio04.TextGrid,19,1,they,76.070,76.170,PRP,4.6769,6.5,2,-0.239255
audio04.TextGrid,19,2,were,76.170,76.300,VBD,4.5379,6.34,2,-1.516950
audio04.TextGrid,19,3,strange,76.300,76.850,JJ,5.8405,4.64,6,-2.244721
audio04.TextGrid,19,4,shoulders,76.850,77.380,NNS,5.7828,4.18,6,-2.026369
audio04.TextGrid,20,1,still,77.920,78.150,RB,7.2277,5.92,4,-0.469801
audio04.TextGrid,20,2,powerful,78.150,78.790,JJ,10.5758,4.85,6,2.364556
audio04.TextGrid,20,3,although,78.790,79.090,IN,8.4678,5.3,4,1.550290
audio04.TextGrid,20,4,very,79.090,79.400,RB,8.4899,6.0,4,0.814755
audio04.TextGrid,20,5,old,79.400,79.860,JJ,7.4685,5.75,3,0.226660
audio04.TextGrid,20,6,and,80.100,80.200,CC,3.6252,7.41,2,-0.236247
audio04.TextGrid,20,7,the,80.200,80.290,DT,2.4292,7.73,2,-1.061361
audio04.TextGrid,20,8,neck,80.290,80.580,NN,4.1362,4.63,3,-3.911184
audio04.TextGrid,20,9,was,80.580,80.720,VBD,4.8766,6.82,3,-1.595657
audio04.TextGrid,20,10,still,80.720,80.980,RB,6.6214,5.92,4,-1.076101
audio04.TextGrid,20,11,strong,80.980,81.400,JJ,7.8074,5.22,5,-0.355802
audio04.TextGrid,20,12,too,81.400,81.760,RB,7.9844,5.95,2,1.477532
audio04.TextGrid,20,13,and,81.760,81.870,CC,3.4938,7.41,2,-0.367647
audio04.TextGrid,20,14,the,81.870,81.960,DT,3.4182,7.73,2,-0.072361
audio04.TextGrid,20,15,creases,81.960,82.420,NNS,6.4698,2.71,6,-0.457204
audio04.TextGrid,20,16,did,82.420,82.600,VBD,6.0502,5.96,3,-1.040600
audio04.TextGrid,20,17,not,82.600,82.830,RB,5.4534,6.69,3,-1.112358
audio04.TextGrid,20,18,show,82.830,83.090,VB,8.5348,5.68,2,1.714997
audio04.TextGrid,20,19,so,83.090,83.270,RB,6.1354,6.52,2,0.289173
audio04.TextGrid,20,20,much,83.270,83.550,JJ,6.5970,6.0,3,-0.465031
audio04.TextGrid,20,21,when,83.550,83.670,WRB,6.3101,6.37,3,0.467439
audio04.TextGrid,20,22,the,83.670,83.760,DT,1.9579,7.73,2,-1.532661
audio04.TextGrid,20,23,old,83.760,83.960,JJ,7.3293,5.75,3,0.087460
audio04.TextGrid,20,24,man,83.960,84.190,NN,7.6922,5.82,3,0.500707
audio04.TextGrid,20,25,was,84.190,84.330,VBD,4.0960,6.82,3,-2.376257
audio04.TextGrid,20,26,asleep,84.330,84.770,JJ,5.8014,4.36,5,-2.223919
audio04.TextGrid,20,27,and,85.090,85.180,CC,3.7373,7.41,2,-0.124147
audio04.TextGrid,20,28,his,85.180,85.330,PRP$,6.1293,6.51,3,0.387332
audio04.TextGrid,20,29,head,85.330,85.590,NN,7.9905,5.51,3,0.576043
audio04.TextGrid,20,30,fallen,85.590,85.930,VBN,9.2689,4.39,5,1.238771
audio04.TextGrid,20,31,forward,85.930,86.490,RB,9.1558,5.12,6,0.782525
audio04.TextGrid,21,1,his,87.510,87.650,PRP$,5.4396,6.51,3,-0.302368
audio04.TextGrid,21,2,shirt,87.650,87.970,NN,4.2543,4.63,3,-3.793084
audio04.TextGrid,21,3,had,87.970,88.090,VBD,5.0166,6.33,3,-1.808083
audio04.TextGrid,21,4,been,88.090,88.270,VBN,6.3880,6.27,3,-0.479837
audio04.TextGrid,21,5,patched,88.270,88.790,VBN,7.0021,3.19,4,-1.458309
audio04.TextGrid,21,6,so,88.790,88.960,RB,5.9793,6.52,2,0.133073
audio04.TextGrid,21,7,many,88.960,89.190,JJ,6.6223,5.91,4,-1.077996
audio04.TextGrid,21,8,times,89.190,89.750,NNS,7.3011,5.56,4,-0.497004
audio04.TextGrid,21,9,that,89.750,89.860,IN,4.1667,7.01,3,-1.215650
audio04.TextGrid,21,10,it,89.860,89.920,PRP,4.1063,6.95,2,-0.288296
audio04.TextGrid,21,11,was,89.920,90.090,VBD,5.3555,6.82,3,-1.116757
audio04.TextGrid,21,12,like,90.090,90.310,IN,7.0603,6.41,3,1.246409
audio04.TextGrid,21,13,the,90.310,90.380,DT,1.8334,7.73,2,-1.657161
audio04.TextGrid,21,14,sail,90.380,90.840,NN,4.1396,4.01,3,-4.353711
audio04.TextGrid,22,1,and,91.300,91.390,CC,3.7036,7.41,2,-0.157847
audio04.TextGrid,22,2,the,91.390,91.480,DT,2.0380,7.73,2,-1.452561
audio04.TextGrid,22,3,patches,91.480,91.930,NNS,6.4618,3.86,5,-1.483354
audio04.TextGrid,22,4,were,91.930,92.070,VBD,4.7012,6.34,2,-1.353650
audio04.TextGrid,22,5,faded,92.070,92.470,VBN,11.3828,3.73,5,3.458489
audio04.TextGrid,22,6,to,92.470,92.540,TO,2.6922,7.43,2,-1.146067
audio04.TextGrid,22,7,many,92.540,92.780,JJ,7.1484,5.91,4,-0.551896
audio04.TextGrid,22,8,different,92.780,93.110,JJ,8.1960,5.59,7,-0.892131
audio04.TextGrid,22,9,shades,93.110,93.540,NNS,5.6300,4.0,4,-2.604052
audio04.TextGrid,22,10,by,93.540,93.730,IN,4.7650,6.66,2,0.034289
audio04.TextGrid,22,11,the,93.730,93.830,DT,1.6987,7.73,2,-1.791861
audio04.TextGrid,22,12,sun,93.830,94.260,NN,10.3515,4.97,3,2.548656
audio04.TextGrid,23,1,the,95.130,95.230,DT,1.8241,7.73,2,-1.666461
audio04.TextGrid,23,2,old,95.230,95.480,JJ,7.3292,5.75,3,0.087360
audio04.TextGrid,23,3,man,95.480,95.720,NN,7.6921,5.82,3,0.500607
audio04.TextGrid,23,4,s,95.720,95.810,VBZ,3.5309,5.86,1,-2.528735
audio04.TextGrid,23,5,head,95.810,96.070,NN,9.7751,5.51,3,2.360643
audio04.TextGrid,23,6,was,96.070,96.230,VBD,5.9522,6.82,3,-0.520057
audio04.TextGrid,23,7,very,96.230,96.560,RB,7.0299,6.0,4,-0.645245
audio04.TextGrid,23,8,old,96.560,96.800,JJ,7.8457,5.75,3,0.603860
audio04.TextGrid,23,9,though,96.800,97.140,IN,7.4939,5.5,2,1.418727
audio04.TextGrid,23,10,and,97.320,97.450,CC,4.7490,7.41,3,-0.345655
audio04.TextGrid,23,11,with,97.450,97.610,IN,4.8556,6.85,3,-0.641827
audio04.TextGrid,23,12,his,97.610,97.740,PRP$,5.4020,6.51,3,-0.339968
audio04.TextGrid,23,13,eyes,97.740,98.050,NNS,9.6199,5.21,2,2.255358
audio04.TextGrid,23,14,closed,98.050,98.550,VBD,7.3333,4.9,5,-0.778597
audio04.TextGrid,23,15,there,98.550,98.660,EX,6.2684,6.31,3,0.382585
audio04.TextGrid,23,16,was,98.660,98.830,VBD,4.7734,6.82,3,-1.698857
audio04.TextGrid,23,17,no,98.830,99.000,DT,6.2410,6.35,2,1.150993
audio04.TextGrid,23,18,life,99.000,99.350,NN,7.6404,5.89,3,0.499253
audio04.TextGrid,23,19,in,99.350,99.450,IN,3.4446,7.27,2,-0.579110
audio04.TextGrid,23,20,his,99.450,99.670,PRP$,5.3162,6.51,3,-0.425768
audio04.TextGrid,23,21,face,99.670,100.160,NN,8.0490,5.45,3,0.591389
audio04.TextGrid,24,1,the,100.870,100.960,DT,1.8241,7.73,2,-1.666461
audio04.TextGrid,24,2,newspaper,100.960,101.540,NN,7.6703,4.6,7,-0.388334
audio04.TextGrid,24,3,lay,101.540,101.710,VBD,10.0845,4.64,2,2.059318
audio04.TextGrid,24,4,across,101.710,102.050,IN,8.3005,5.25,5,1.085741
audio04.TextGrid,24,5,his,102.050,102.230,PRP$,5.4833,6.51,3,-0.258668
audio04.TextGrid,24,6,knees,102.230,102.640,NNS,5.5676,4.18,3,-2.803440
audio04.TextGrid,24,7,and,103.030,103.120,CC,4.4610,7.41,2,0.599553
audio04.TextGrid,24,8,the,103.120,103.190,DT,2.3419,7.73,2,-1.148661
audio04.TextGrid,24,9,weight,103.190,103.400,NN,10.2358,5.02,3,2.468918
audio04.TextGrid,24,10,of,103.400,103.470,IN,3.1558,7.4,2,-0.717238
audio04.TextGrid,24,11,his,103.470,103.630,PRP$,5.3058,6.51,3,-0.436168
audio04.TextGrid,24,12,arm,103.630,103.940,NN,9.2584,4.73,3,1.282939
audio04.TextGrid,24,13,held,103.940,104.160,VBD,8.2624,5.24,4,0.374870
audio04.TextGrid,24,14,it,104.160,104.220,PRP,5.0754,6.95,2,0.680804
audio04.TextGrid,24,15,there,104.220,104.500,RB,7.2603,6.31,3,0.421232
audio04.TextGrid,24,16,in,104.500,104.580,IN,3.1266,7.27,2,-0.897110
audio04.TextGrid,24,17,the,104.580,104.690,DT,1.7080,7.73,2,-1.782561
audio04.TextGrid,24,18,evening,104.690,104.990,NN,8.8499,4.86,5,0.744416
audio04.TextGrid,24,19,breeze,104.990,105.580,NN,5.3710,3.86,4,-2.902175
audio04.TextGrid,25,1,he,106.220,106.300,PRP,4.5353,6.69,2,-0.160641
audio04.TextGrid,25,2,was,106.300,106.820,VBD,3.9158,6.82,3,-2.556457
audio04.TextGrid,25,3,barefooted,106.820,107.370,VBN,6.3816,2.11,8,2.009945
audio04.TextGrid,25,4,the,108.690,108.760,DT,3.1374,7.73,2,-0.353161
audio04.TextGrid,25,5,boy,108.760,108.990,NN,10.2501,5.17,2,2.839198
audio04.TextGrid,25,6,left,108.990,109.250,VBD,9.7668,5.62,4,1.985463
audio04.TextGrid,25,7,him,109.250,109.360,PRP,8.6141,6.11,2,3.245928
audio04.TextGrid,25,8,there,109.360,109.650,RB,7.3367,6.31,3,0.497632
audio04.TextGrid,25,9,and,109.650,109.780,CC,4.0934,7.41,3,-1.001255
audio04.TextGrid,25,10,when,109.780,109.890,WRB,5.4089,6.37,3,-0.433761
audio04.TextGrid,25,11,he,109.890,110.010,PRP,4.6953,6.69,2,-0.000641
audio04.TextGrid,25,12,came,110.010,110.230,VBD,6.7819,5.5,3,-0.639749
audio04.TextGrid,25,13,back,110.230,110.470,RP,7.0253,6.04,3,0.945291
audio04.TextGrid,25,14,the,110.470,110.600,DT,2.9198,7.73,2,-0.570761
audio04.TextGrid,25,15,old,110.600,110.790,JJ,7.3324,5.75,3,0.090560
audio04.TextGrid,25,16,man,110.790,111.000,NN,7.7121,5.82,3,0.520607
audio04.TextGrid,25,17,was,111.000,111.130,VBD,5.8436,6.82,3,-0.628657
audio04.TextGrid,25,18,still,111.130,111.360,RB,6.5981,5.92,4,-1.099401
audio04.TextGrid,25,19,asleep,111.360,111.800,JJ,5.7827,4.36,5,-2.242619
audio04.TextGrid,26,1,wake,113.380,113.580,VB,10.4180,4.76,3,2.464116
audio04.TextGrid,26,2,up,113.580,113.760,RP,7.6012,6.39,2,2.557553
audio04.TextGrid,26,3,old,113.760,113.950,JJ,7.7225,5.75,3,0.480660
audio04.TextGrid,26,4,man,113.950,114.260,NN,8.4298,5.82,3,1.238307
audio04.TextGrid,26,5,the,114.500,114.600,DT,4.0766,7.73,2,0.586039
audio04.TextGrid,26,6,boy,114.600,114.820,NN,10.2413,5.17,2,2.830398
audio04.TextGrid,26,7,said,114.820,115.180,VBD,3.9584,6.01,3,-3.096438
audio04.TextGrid,26,8,and,115.180,115.300,CC,3.9814,7.41,2,0.119953
audio04.TextGrid,26,9,put,115.300,115.490,VBD,6.5426,5.66,3,-0.763971
audio04.TextGrid,26,10,his,115.490,115.610,PRP$,6.1453,6.51,3,0.403332
audio04.TextGrid,26,11,hand,115.610,115.880,NN,8.2654,5.41,4,0.425378
audio04.TextGrid,26,12,on,115.880,116.020,IN,4.6900,6.91,2,0.249043
audio04.TextGrid,26,13,one,116.020,116.160,CD,5.7526,6.47,3,-0.018137
audio04.TextGrid,26,14,of,116.160,116.250,IN,3.8574,7.4,2,-0.015638
audio04.TextGrid,26,15,the,116.250,116.350,DT,1.7420,7.73,2,-1.748561
audio04.TextGrid,26,16,old,116.350,116.550,JJ,7.3317,5.75,3,0.089860
audio04.TextGrid,26,17,man,116.550,116.790,NN,7.6954,5.82,3,0.503907
audio04.TextGrid,26,18,s,116.790,116.880,NN,5.6831,5.86,1,-0.376535
audio04.TextGrid,26,19,knees,116.880,117.390,NNS,6.3994,4.18,3,-1.971640
audio04.TextGrid,27,1,the,118.440,118.540,DT,1.8241,7.73,2,-1.666461
audio04.TextGrid,27,2,old,118.540,118.720,JJ,7.3292,5.75,3,0.087360
audio04.TextGrid,27,3,man,118.720,118.940,NN,7.6921,5.82,3,0.500607
audio04.TextGrid,27,4,opened,118.940,119.260,VBD,7.8647,4.85,5,-0.239180
audio04.TextGrid,27,5,his,119.260,119.420,PRP$,6.2713,6.51,3,0.529332
audio04.TextGrid,27,6,eyes,119.420,119.970,NNS,9.6328,5.21,2,2.268258
audio04.TextGrid,27,7,and,120.050,120.180,CC,4.4953,7.41,2,0.633853
audio04.TextGrid,27,8,for,120.180,120.320,IN,5.5922,7.01,2,1.267145
audio04.TextGrid,27,9,a,120.320,120.370,DT,2.6377,7.36,1,-0.070480
audio04.TextGrid,27,10,moment,120.370,120.740,NN,9.1426,5.24,6,0.697312
audio04.TextGrid,27,11,he,120.740,120.820,PRP,5.8648,6.69,2,1.168859
audio04.TextGrid,27,12,was,120.820,120.970,VBD,4.1078,6.82,3,-2.364457
audio04.TextGrid,27,13,coming,120.970,121.310,VBG,8.4170,5.4,5,0.224939
audio04.TextGrid,27,14,back,121.310,121.560,RB,7.0931,6.04,3,0.059839
audio04.TextGrid,27,15,from,121.560,121.740,IN,5.0612,6.63,4,-1.484637
audio04.TextGrid,27,16,a,121.740,121.770,DT,2.5831,7.36,1,-0.125080
audio04.TextGrid,27,17,long,121.770,122.170,JJ,7.8262,5.81,3,0.627514
audio04.TextGrid,27,18,way,122.170,122.360,NN,6.7978,6.01,2,0.360474
audio04.TextGrid,27,19,away,122.360,122.840,RB,8.5081,5.62,3,1.172759
audio04.TextGrid,28,1,then,123.770,123.950,RB,7.4856,6.07,3,0.473916
audio04.TextGrid,28,2,he,123.950,124.080,PRP,5.3385,6.69,2,0.642559
audio04.TextGrid,28,3,smiled,124.080,124.670,VBD,3.4135,3.86,5,-4.531654
audio04.TextGrid,28,4,what,126.040,126.170,WP,6.3266,6.38,3,0.491132
audio04.TextGrid,28,5,have,126.170,126.270,VBP,4.7404,6.71,3,-1.810973
audio04.TextGrid,28,6,you,126.270,126.390,PRP,6.3105,6.98,2,1.950675
audio04.TextGrid,28,7,got,126.390,126.910,VBD,8.9692,5.91,3,1.842438
audio04.TextGrid,28,8,he,126.970,127.140,PRP,5.4017,6.69,2,0.705759
audio04.TextGrid,28,9,asked,127.140,127.590,VBD,8.4372,5.3,3,0.871704
audio04.TextGrid,29,1,supper,128.350,128.750,NN,5.9246,3.74,4,-2.382109
audio04.TextGrid,29,2,said,128.940,129.130,VBD,3.9267,6.01,3,-3.128138
audio04.TextGrid,29,3,the,129.130,129.200,DT,2.4675,7.73,2,-1.023061
audio04.TextGrid,29,4,boy,129.200,129.480,NN,10.2397,5.17,2,2.828798
audio04.TextGrid,29,5,we,129.480,129.540,PRP,8.1374,6.54,2,3.267606
audio04.TextGrid,29,6,re,129.860,129.940,VBP,4.8397,5.23,2,-2.501661
audio04.TextGrid,29,7,going,129.940,130.170,VBG,7.7912,5.94,4,0.099288
audio04.TextGrid,29,8,to,130.170,130.310,TO,3.1641,7.43,2,-0.674167
audio04.TextGrid,29,9,have,130.310,130.450,VB,4.1513,6.71,3,-2.400073
audio04.TextGrid,29,10,supper,130.450,130.840,NN,6.6447,3.74,4,-1.662009
audio04.TextGrid,30,1,i,132.000,132.070,NNS,5.5144,7.09,1,1.421291
audio04.TextGrid,30,2,m,132.070,132.140,VBP,3.9811,5.39,2,-3.174818
audio04.TextGrid,30,3,not,132.140,132.370,RB,5.5623,6.69,3,-1.003458
audio04.TextGrid,30,4,very,132.370,132.590,RB,7.1505,6.0,4,-0.524645
audio04.TextGrid,30,5,hungry,132.590,133.060,JJ,5.7134,4.45,6,-2.257799
audio04.TextGrid,31,1,come,133.830,133.990,VBN,10.6226,5.78,3,3.402337
audio04.TextGrid,31,2,on,133.990,134.180,IN,4.6963,6.91,2,0.255343
audio04.TextGrid,31,3,and,134.180,134.330,CC,5.7436,7.41,3,0.648945
audio04.TextGrid,31,4,eat,134.330,134.610,VB,11.7397,5.13,2,4.282437
audio04.TextGrid,31,5,you,134.610,134.670,PRP,6.5927,6.98,2,2.232875
audio04.TextGrid,31,6,can,134.670,134.910,MD,6.3070,6.46,3,0.529070
audio04.TextGrid,31,7,t,134.910,134.940,VB,3.7237,5.43,1,-3.023419
audio04.TextGrid,31,8,fish,134.940,135.230,JJ,5.6885,4.9,3,-2.164691
audio04.TextGrid,31,9,and,135.230,135.440,CC,3.6625,7.41,3,-1.432155
audio04.TextGrid,31,10,not,135.440,135.680,RB,6.3385,6.69,3,-0.227258
audio04.TextGrid,31,11,eat,135.680,135.980,VB,11.7277,5.13,2,4.270437
audio04.TextGrid,32,1,i,136.980,137.160,NNS,5.5144,7.09,1,1.421291
audio04.TextGrid,32,2,have,137.160,137.540,VBP,4.0795,6.71,3,-2.471873
audio04.TextGrid,32,3,the,137.940,138.050,DT,2.5947,7.73,2,-0.895861
audio04.TextGrid,32,4,old,138.050,138.240,JJ,7.3335,5.75,3,0.091660
audio04.TextGrid,32,5,man,138.240,138.470,NN,7.6943,5.82,3,0.502807
audio04.TextGrid,32,6,said,138.470,138.840,VBD,5.1292,6.01,3,-1.925638
audio04.TextGrid,32,7,getting,138.840,139.120,VBG,8.8507,5.57,5,0.631382
audio04.TextGrid,32,8,up,139.120,139.290,RB,4.9442,6.39,2,-1.052699
audio04.TextGrid,32,9,and,139.370,139.560,CC,3.9597,7.41,3,-1.134955
audio04.TextGrid,32,10,taking,139.560,139.870,VBG,8.0131,5.39,5,-0.177358
audio04.TextGrid,32,11,the,139.870,139.940,DT,2.2272,7.73,2,-1.263361
audio04.TextGrid,32,12,newspaper,139.940,140.490,NN,7.6724,4.6,7,-0.386234
audio04.TextGrid,32,13,and,140.490,140.600,CC,4.3288,7.41,3,-0.765855
audio04.TextGrid,32,14,folding,140.600,140.950,VBG,7.6916,3.7,6,0.170485
audio04.TextGrid,32,15,it,140.950,141.100,PRP,4.5058,6.95,2,0.111204
audio04.TextGrid,33,1,then,141.930,142.110,RB,7.4856,6.07,3,0.473916
audio04.TextGrid,33,2,he,142.110,142.240,PRP,5.3385,6.69,2,0.642559
audio04.TextGrid,33,3,started,142.240,142.600,VBD,8.1119,5.39,7,-0.768252
audio04.TextGrid,33,4,to,142.600,142.670,TO,3.0757,7.43,2,-0.762567
audio04.TextGrid,33,5,fold,142.670,142.910,VB,9.1875,4.08,4,0.975805
audio04.TextGrid,33,6,the,142.910,142.970,DT,2.2911,7.73,2,-1.199461
audio04.TextGrid,33,7,blanket,142.970,143.470,NN,4.1389,4.07,7,-3.368590
audio04.TextGrid,34,1,keep,144.910,145.110,VB,11.5718,5.66,3,4.265229
audio04.TextGrid,34,2,the,145.110,145.190,DT,2.4004,7.73,2,-1.090161
audio04.TextGrid,34,3,blanket,145.190,145.540,NN,4.1376,4.07,7,-3.369890
audio04.TextGrid,34,4,around,145.540,145.870,IN,7.5362,5.77,4,0.750033
audio04.TextGrid,34,5,you,145.870,146.050,PRP,5.7105,6.98,2,1.350675
audio04.TextGrid,34,6,the,146.220,146.300,DT,3.2521,7.73,2,-0.238461
audio04.TextGrid,34,7,boy,146.300,146.540,NN,10.2411,5.17,2,2.830198
audio04.TextGrid,34,8,said,146.540,146.920,VBD,3.9914,6.01,3,-3.063438
audio04.TextGrid,35,1,you,147.340,147.470,PRP,5.7058,6.98,2,1.345975
audio04.TextGrid,35,2,ll,147.470,147.500,VBP,3.9761,4.66,1,-4.002097
audio04.TextGrid,35,3,not,147.500,147.700,RB,5.5623,6.69,3,-1.003458
audio04.TextGrid,35,4,fish,147.700,147.930,VB,4.7686,4.9,3,-3.084591
audio04.TextGrid,35,5,without,147.930,148.240,IN,7.6238,5.69,5,0.338496
audio04.TextGrid,35,6,eating,148.240,148.440,VBG,11.8113,4.85,4,3.814784
audio04.TextGrid,35,7,while,148.440,148.620,IN,6.9997,5.86,3,0.790229
audio04.TextGrid,35,8,i,148.620,148.700,JJ,5.4609,7.09,1,1.367791
audio04.TextGrid,35,9,m,148.700,148.800,VBP,5.6008,5.39,2,-1.555118
audio04.TextGrid,35,10,alive,148.800,149.260,JJ,10.7226,4.76,4,2.700933
audio04.TextGrid,36,1,then,150.720,150.900,RB,7.4856,6.07,3,0.473916
audio04.TextGrid,36,2,live,150.900,151.080,VB,9.4689,5.54,3,2.076021
audio04.TextGrid,36,3,a,151.080,151.140,DT,3.5216,7.36,1,0.813420
audio04.TextGrid,36,4,long,151.140,151.430,JJ,7.8292,5.81,3,0.630514
audio04.TextGrid,36,5,time,151.430,151.800,NN,6.0414,6.29,3,-0.812052
audio04.TextGrid,36,6,and,151.800,151.970,CC,4.4581,7.41,3,-0.636555
audio04.TextGrid,36,7,take,151.970,152.180,VB,7.2584,5.92,3,0.138830
audio04.TextGrid,36,8,care,152.180,152.320,NN,9.1236,5.56,3,1.745105
audio04.TextGrid,36,9,of,152.320,152.420,IN,3.6817,7.4,2,-0.191338
audio04.TextGrid,36,10,yourself,152.420,153.040,PRP,9.0629,5.31,6,1.528857
audio04.TextGrid,36,11,the,153.300,153.420,DT,3.6450,7.73,2,0.154439
audio04.TextGrid,36,12,old,153.420,153.610,JJ,7.3427,5.75,3,0.100860
audio04.TextGrid,36,13,man,153.610,153.870,NN,7.6966,5.82,3,0.505107
audio04.TextGrid,36,14,said,153.870,154.260,VBD,4.4801,6.01,3,-2.574738
audio04.TextGrid,37,1,what,155.100,155.270,WDT,6.9013,6.38,3,1.065832
audio04.TextGrid,37,2,are,155.270,155.300,VBP,4.2956,6.74,1,-0.357089
audio04.TextGrid,37,3,we,155.300,155.490,PRP,6.3416,6.54,2,1.471806
audio04.TextGrid,37,4,eating,155.490,155.920,VBG,11.3787,4.85,4,3.382184
audio04.TextGrid,38,1,black,157.040,157.250,JJ,9.4996,5.46,4,1.673550
audio04.TextGrid,38,2,beans,157.250,157.570,NNS,5.7762,4.14,4,-2.418728
audio04.TextGrid,38,3,and,157.570,157.720,CC,4.6360,7.41,3,-0.458655
audio04.TextGrid,38,4,rice,157.720,158.120,NN,10.2556,4.55,3,2.150677
audio04.TextGrid,38,5,fried,158.120,158.410,VBN,5.8716,4.06,4,-2.345684
audio04.TextGrid,38,6,bananas,158.410,158.850,NNS,7.5320,3.7,7,0.409271
audio04.TextGrid,38,7,and,158.850,158.970,CC,4.0623,7.41,3,-1.032355
audio04.TextGrid,38,8,some,158.970,159.110,DT,6.0486,6.2,3,0.083669
audio04.TextGrid,38,9,stew,159.110,161.140,VBP,7.8210,3.48,3,-1.053506
audio04.TextGrid,38,10,the,161.250,161.330,DT,2.8222,7.73,2,-0.668361
audio04.TextGrid,38,11,boy,161.330,161.570,NN,10.2409,5.17,2,2.829998
audio04.TextGrid,38,12,had,161.570,161.710,VBD,6.2134,6.33,3,-0.611283
audio04.TextGrid,38,13,brought,161.710,161.950,VBN,9.5715,5.16,4,1.661614
audio04.TextGrid,38,14,them,161.950,162.160,PRP,6.9048,6.19,3,0.932677
audio04.TextGrid,38,15,in,162.160,162.260,IN,3.0362,7.27,2,-0.987510
audio04.TextGrid,38,16,a,162.260,162.320,DT,2.5756,7.36,1,-0.132580
audio04.TextGrid,38,17,two,162.320,162.520,CD,7.2580,6.1,2,1.878238
audio04.TextGrid,38,18,decker,162.520,162.900,NN,4.7661,3.42,4,-3.630034
audio04.TextGrid,38,19,metal,162.900,163.210,NN,9.9947,4.82,5,1.895630
audio04.TextGrid,38,20,container,163.210,163.760,NN,11.6205,4.03,7,4.154606
audio04.TextGrid,38,21,from,163.760,163.950,IN,4.9073,6.63,4,-1.638537
audio04.TextGrid,38,22,the,163.950,164.020,DT,1.6995,7.73,2,-1.791061
audio04.TextGrid,38,23,terrace,164.020,164.630,NN,11.0438,3.88,5,3.095439
audio04.TextGrid,39,1,the,165.290,165.380,DT,1.8241,7.73,2,-1.666461
audio04.TextGrid,39,2,two,165.380,165.570,CD,7.2718,6.1,2,1.892038
audio04.TextGrid,39,3,sets,165.570,165.840,NNS,8.7153,4.69,4,0.674071
audio04.TextGrid,39,4,of,165.840,165.970,IN,3.5487,7.4,2,-0.324338
audio04.TextGrid,39,5,knives,165.970,166.320,NNS,6.8206,3.84,4,-1.458164
audio04.TextGrid,39,6,and,166.320,166.480,CC,4.3376,7.41,3,-0.757055
audio04.TextGrid,39,7,forks,166.480,166.760,NNS,6.3460,3.45,5,-1.533419
audio04.TextGrid,39,8,and,166.760,166.850,CC,4.3248,7.41,3,-0.769855
audio04.TextGrid,39,9,spoons,166.850,167.420,NNS,6.3086,3.28,5,-1.543563
audio04.TextGrid,39,10,were,167.420,167.540,VBD,4.9333,6.34,2,-1.121550
audio04.TextGrid,39,11,in,167.540,167.640,IN,3.6975,7.27,2,-0.326210
audio04.TextGrid,39,12,his,167.640,167.800,PRP$,5.3796,6.51,3,-0.362368
audio04.TextGrid,39,13,pocket,167.800,168.290,NN,10.3566,4.48,5,2.312042
audio04.TextGrid,39,14,with,168.290,168.400,IN,4.7104,6.85,3,-0.787027
audio04.TextGrid,39,15,a,168.400,168.450,DT,2.5738,7.36,1,-0.134380
audio04.TextGrid,39,16,paper,168.450,168.770,NN,6.7917,5.07,4,-1.143337
audio04.TextGrid,39,17,napkin,168.770,169.250,NN,5.3902,3.16,6,-1.806854
audio04.TextGrid,39,18,wrapped,169.250,169.510,VBD,4.9606,4.15,4,-3.231534
audio04.TextGrid,39,19,around,169.510,169.870,IN,7.3811,5.77,4,0.594933
audio04.TextGrid,39,20,each,169.870,170.050,DT,6.6794,5.69,2,0.824440
audio04.TextGrid,39,21,set,170.050,170.460,NN,8.7852,5.59,3,1.428282
audio04.TextGrid,40,1,who,171.800,171.910,WP,6.0467,6.34,2,0.945102
audio04.TextGrid,40,2,gave,171.910,172.130,VBD,8.5884,5.25,3,0.986942
audio04.TextGrid,40,3,this,172.130,172.350,DT,5.4090,6.82,3,-0.110005
audio04.TextGrid,40,4,to,172.350,172.460,TO,5.7301,7.43,2,1.891833
audio04.TextGrid,40,5,you,172.460,172.830,PRP,5.7722,6.98,2,1.412375
audio04.TextGrid,41,1,martin,173.910,174.470,VB,8.8359,4.74,6,0.690668
audio04.TextGrid,41,2,the,174.470,174.700,DT,4.7678,7.73,2,1.277239
audio04.TextGrid,41,3,owner,174.700,175.000,NN,8.7448,4.83,3,0.841263
audio04.TextGrid,41,4,i,175.870,175.950,NN,7.8971,7.09,1,3.803991
audio04.TextGrid,41,5,must,175.950,176.170,MD,7.2633,5.68,4,0.451983
audio04.TextGrid,41,6,thank,176.170,176.430,VB,3.7161,5.48,4,-4.104361
audio04.TextGrid,41,7,him,176.430,176.630,PRP,7.9727,6.11,3,1.943038
audio04.TextGrid,42,1,i,177.480,177.600,NN,5.5144,7.09,1,1.421291
audio04.TextGrid,42,2,thanked,177.600,177.880,VBD,3.3869,3.64,5,-4.522982
audio04.TextGrid,42,3,him,177.880,177.980,PRP,8.1406,6.11,2,2.772428
audio04.TextGrid,42,4,already,177.980,178.420,RB,7.6306,5.55,6,-1.000723
audio04.TextGrid,42,5,the,178.600,178.680,DT,3.7270,7.73,2,0.236439
audio04.TextGrid,42,6,boy,178.680,178.880,NN,10.2780,5.17,2,2.867098
audio04.TextGrid,42,7,said,178.880,179.240,VBD,4.8199,6.01,3,-2.234938
audio04.TextGrid,42,8,you,179.610,179.720,PRP,6.3579,6.98,2,1.998075
audio04.TextGrid,42,9,don,179.720,179.920,VBP,12.5870,4.6,3,4.518039
audio04.TextGrid,42,10,t,179.920,179.950,JJ,4.6894,5.43,1,-2.057719
audio04.TextGrid,42,11,need,179.950,180.060,NN,8.3562,5.97,3,1.272592
audio04.TextGrid,42,12,to,180.060,180.140,TO,3.2068,7.43,2,-0.631467
audio04.TextGrid,42,13,thank,180.140,180.430,VB,3.9272,5.48,4,-3.893261
audio04.TextGrid,42,14,him,180.430,180.590,PRP,7.9723,6.11,3,1.942638
audio05.TextGrid,1,1,i,0.950,1.030,NN,5.5144,7.09,1,1.421291
audio05.TextGrid,1,2,ll,1.030,1.080,VBP,3.9811,4.66,1,-3.997097
audio05.TextGrid,1,3,give,1.080,1.320,VB,7.6253,5.71,3,0.354691
audio05.TextGrid,1,4,him,1.320,1.480,PRP,8.0696,6.11,2,2.701428
audio05.TextGrid,1,5,the,1.480,1.560,DT,3.8174,7.73,2,0.326839
audio05.TextGrid,1,6,belly,1.560,1.980,RB,6.9289,4.1,4,-1.277206
audio05.TextGrid,1,7,meat,1.980,2.190,NN,6.3377,4.63,3,-1.709684
audio05.TextGrid,1,8,of,2.190,2.280,IN,3.4813,7.4,2,-0.391738
audio05.TextGrid,1,9,a,2.280,2.340,DT,2.6013,7.36,1,-0.106880
audio05.TextGrid,1,10,big,2.340,2.610,JJ,6.5823,5.67,3,-0.717079
audio05.TextGrid,1,11,fish,2.610,3.030,NN,4.2995,4.9,3,-3.553691
audio05.TextGrid,1,12,the,3.410,3.540,DT,3.8960,7.73,2,0.405439
audio05.TextGrid,1,13,old,3.540,3.730,JJ,7.3436,5.75,3,0.101760
audio05.TextGrid,1,14,man,3.730,3.970,NN,7.6985,5.82,3,0.507007
audio05.TextGrid,1,15,said,3.970,4.370,VBD,4.3991,6.01,3,-2.655738
audio05.TextGrid,2,1,has,5.300,5.460,VBZ,8.0537,6.37,3,1.257786
audio05.TextGrid,2,2,he,5.460,5.560,PRP,5.1980,6.69,2,0.502059
audio05.TextGrid,2,3,done,5.560,5.790,VBN,9.5757,5.58,3,2.211590
audio05.TextGrid,2,4,this,5.790,5.950,DT,6.1002,6.82,3,0.581195
audio05.TextGrid,2,5,for,5.950,6.130,IN,5.9798,7.01,3,0.597450
audio05.TextGrid,2,6,us,6.130,6.270,PRP,6.8979,6.04,2,1.448597
audio05.TextGrid,2,7,more,6.270,6.490,JJR,6.4641,6.36,3,-0.339006
audio05.TextGrid,2,8,than,6.490,6.640,IN,5.8024,6.13,3,-0.212877
audio05.TextGrid,2,9,once,6.640,7.150,RB,8.9909,5.53,4,1.184412
audio05.TextGrid,3,1,i,8.260,8.350,NN,5.5144,7.09,1,1.421291
audio05.TextGrid,3,2,think,8.350,8.590,VBP,6.6270,6.08,4,-1.025789
audio05.TextGrid,3,3,so,8.590,8.900,IN,6.1125,6.52,2,1.219526
audio05.TextGrid,3,4,i,10.040,10.130,JJ,6.7805,7.09,1,2.687391
audio05.TextGrid,3,5,must,10.130,10.380,MD,8.5535,5.68,4,1.742183
audio05.TextGrid,3,6,give,10.380,10.550,VB,6.5729,5.71,3,-0.697709
audio05.TextGrid,3,7,him,10.550,10.670,PRP,8.0766,6.11,2,2.708428
audio05.TextGrid,3,8,something,10.670,11.060,NN,10.2127,5.81,6,1.425348
audio05.TextGrid,3,9,more,11.060,11.340,JJR,6.5017,6.36,3,-0.301406
audio05.TextGrid,3,10,than,11.340,11.490,IN,5.8123,6.13,3,-0.202977
audio05.TextGrid,3,11,the,11.490,11.560,DT,2.0480,7.73,2,-1.442561
audio05.TextGrid,3,12,belly,11.560,11.860,RB,6.7940,4.1,4,-1.412106
audio05.TextGrid,3,13,meat,11.860,12.080,NN,6.4580,4.63,3,-1.589384
audio05.TextGrid,3,14,then,12.080,12.440,RB,8.2240,6.07,3,1.212316
audio05.TextGrid,4,1,he,13.070,13.190,PRP,4.5353,6.69,2,-0.160641
audio05.TextGrid,4,2,is,13.190,13.320,VBZ,3.3590,7.07,2,-1.849766
audio05.TextGrid,4,3,very,13.320,13.610,RB,7.2322,6.0,4,-0.442945
audio05.TextGrid,4,4,thoughtful,13.610,14.060,JJ,5.4863,3.83,6,-2.112830
audio05.TextGrid,4,5,for,14.060,14.330,IN,4.3845,7.01,3,-0.997850
audio05.TextGrid,4,6,us,14.330,14.530,PRP,6.8817,6.04,2,1.432397
audio05.TextGrid,5,1,he,16.090,16.200,PRP,4.5353,6.69,2,-0.160641
audio05.TextGrid,5,2,sent,16.200,16.520,VBD,8.1329,5.16,4,0.223014
audio05.TextGrid,5,3,two,16.520,16.630,CD,7.1084,6.1,2,1.728638
audio05.TextGrid,5,4,beers,16.630,17.170,NNS,10.6394,3.9,4,2.377403
audio05.TextGrid,6,1,i,18.190,18.290,NN,5.5144,7.09,1,1.421291
audio05.TextGrid,6,2,like,18.290,18.490,IN,6.7047,6.41,3,0.890809
audio05.TextGrid,6,3,the,18.490,18.550,DT,2.0183,7.73,2,-1.472261
audio05.TextGrid,6,4,beer,18.550,18.810,NN,10.2376,4.7,3,2.240562
audio05.TextGrid,6,5,in,18.810,18.970,IN,3.5512,7.27,2,-0.472510
audio05.TextGrid,6,6,cans,18.970,19.390,NNS,6.8155,3.8,4,-1.474442
audio05.TextGrid,6,7,best,19.390,19.840,RB,9.4303,5.84,4,1.710442
audio05.TextGrid,7,1,i,20.620,20.770,NN,5.5144,7.09,1,1.421291
audio05.TextGrid,7,2,know,20.770,21.030,VBP,7.0565,6.1,2,0.723485
audio05.TextGrid,7,3,but,21.030,21.230,CC,5.7831,6.63,3,0.127441
audio05.TextGrid,7,4,this,21.230,21.430,DT,6.7991,6.82,3,1.280095
audio05.TextGrid,7,5,is,21.430,21.550,VBZ,7.4551,7.07,2,2.246334
audio05.TextGrid,7,6,in,21.550,21.660,IN,3.8546,7.27,2,-0.169110
audio05.TextGrid,7,7,bottles,21.660,22.100,NNS,11.6277,4.19,6,3.812530
audio05.TextGrid,7,8,hatuey,22.100,22.610,VBP,5.3645,0.0,6,0.063801
audio05.TextGrid,7,9,beer,22.610,22.940,NN,12.8532,4.7,3,4.856162
audio05.TextGrid,7,10,and,23.280,23.410,CC,3.9009,7.41,2,0.039453
audio05.TextGrid,7,11,i,23.410,23.510,NNS,6.2676,7.09,1,2.174491
audio05.TextGrid,7,12,take,23.510,23.750,VBP,6.5990,5.92,3,-0.520570
audio05.TextGrid,7,13,back,23.750,23.990,RP,7.0644,6.04,3,0.984391
audio05.TextGrid,7,14,the,23.990,24.070,DT,2.9473,7.73,2,-0.543261
audio05.TextGrid,7,15,bottles,24.070,24.580,NNS,11.2190,4.19,6,3.403830
audio05.TextGrid,8,1,that,25.840,26.050,DT,4.4338,7.01,3,-0.948550
audio05.TextGrid,8,2,s,26.050,26.110,VBZ,4.9759,5.86,1,-1.083735
audio05.TextGrid,8,3,very,26.110,26.320,RB,7.1213,6.0,4,-0.553845
audio05.TextGrid,8,4,kind,26.320,26.670,NN,9.3642,5.45,4,1.535356
audio05.TextGrid,8,5,of,26.670,26.760,IN,3.1429,7.4,2,-0.730138
audio05.TextGrid,8,6,you,26.760,26.990,PRP,5.6344,6.98,2,1.274575
audio05.TextGrid,8,7,the,27.320,27.420,DT,2.6785,7.73,2,-0.812061
audio05.TextGrid,8,8,old,27.420,27.600,JJ,7.3372,5.75,3,0.095360
audio05.TextGrid,8,9,man,27.600,27.830,NN,7.6930,5.82,3,0.501507
audio05.TextGrid,8,10,said,27.830,28.170,VBD,3.6670,6.01,3,-3.387838
audio05.TextGrid,9,1,should,29.050,29.200,MD,10.3591,5.99,3,4.243130
audio05.TextGrid,9,2,we,29.200,29.450,PRP,7.9686,6.54,2,3.098806
audio05.TextGrid,9,3,eat,29.450,29.690,VB,11.2099,5.13,2,3.752637
audio05.TextGrid,9,4,i,30.800,30.870,JJ,6.2878,7.09,1,2.194691
audio05.TextGrid,9,5,ve,30.870,30.930,NNS,7.8498,4.56,2,-0.268104
audio05.TextGrid,9,6,been,30.930,31.100,VBN,5.4708,6.27,3,-1.397037
audio05.TextGrid,9,7,asking,31.100,31.470,VBG,8.9400,4.96,5,0.818484
audio05.TextGrid,9,8,you,31.470,31.590,PRP,6.0675,6.98,2,1.707675
audio05.TextGrid,9,9,to,31.590,31.940,TO,3.3797,7.43,2,-0.458567
audio05.TextGrid,9,10,the,32.150,32.240,DT,2.0995,7.73,2,-1.391061
audio05.TextGrid,9,11,boy,32.240,32.450,NN,10.2350,5.17,2,2.824098
audio05.TextGrid,9,12,told,32.450,32.750,VBD,9.6023,5.54,4,1.798606
audio05.TextGrid,9,13,him,32.750,32.860,PRP,8.1839,6.11,2,2.815728
audio05.TextGrid,9,14,gently,32.860,33.360,RB,5.2519,4.08,6,-2.497258
audio05.TextGrid,10,1,i,34.350,34.410,NNS,5.5144,7.09,1,1.421291
audio05.TextGrid,10,2,have,34.410,34.530,VBP,4.0795,6.71,3,-2.471873
audio05.TextGrid,10,3,not,34.530,34.750,RB,5.5421,6.69,3,-1.023658
audio05.TextGrid,10,4,wished,34.750,34.970,VBN,5.0950,4.0,4,-3.139052
audio05.TextGrid,10,5,to,34.970,35.060,TO,3.0085,7.43,2,-0.829767
audio05.TextGrid,10,6,open,35.060,35.260,VB,8.8457,5.48,4,1.025239
audio05.TextGrid,10,7,the,35.260,35.330,DT,2.7203,7.73,2,-0.770261
audio05.TextGrid,10,8,container,35.330,35.810,NN,10.2370,4.03,7,2.771106
audio05.TextGrid,10,9,until,35.810,36.070,IN,7.3647,5.61,5,0.092222
audio05.TextGrid,10,10,you,36.070,36.180,PRP,5.6128,6.98,2,1.252975
audio05.TextGrid,10,11,were,36.180,36.350,VBD,6.2330,6.34,2,0.178150
audio05.TextGrid,10,12,ready,36.350,36.710,JJ,10.9143,5.28,4,3.037949
audio05.TextGrid,11,1,i,38.310,38.390,JJ,5.5144,7.09,1,1.421291
audio05.TextGrid,11,2,m,38.390,38.510,VBP,3.9811,5.39,2,-3.174818
audio05.TextGrid,11,3,ready,38.510,38.730,JJ,11.0286,5.28,4,3.152249
audio05.TextGrid,11,4,now,38.730,39.070,RB,7.7336,6.18,2,1.493307
audio05.TextGrid,12,1,the,39.520,39.620,DT,1.8241,7.73,2,-1.666461
audio05.TextGrid,12,2,old,39.620,39.810,JJ,7.3292,5.75,3,0.087360
audio05.TextGrid,12,3,man,39.810,40.020,NN,7.6921,5.82,3,0.500607
audio05.TextGrid,12,4,said,40.020,40.330,VBD,3.5568,6.01,3,-3.498038
audio05.TextGrid,13,1,i,41.190,41.360,NN,5.5144,7.09,1,1.421291
audio05.TextGrid,13,2,only,41.360,41.610,RB,7.3487,6.12,4,-0.292911
audio05.TextGrid,13,3,needed,41.610,41.940,VBD,7.5869,5.18,5,-0.569889
audio05.TextGrid,13,4,time,41.940,42.170,NN,8.2726,6.29,3,1.419148
audio05.TextGrid,13,5,to,42.170,42.270,TO,3.8001,7.43,2,-0.038167
audio05.TextGrid,13,6,wash,42.270,42.710,VB,4.3008,4.46,3,-3.868854
audio05.TextGrid,14,1,where,44.540,44.770,WRB,7.5764,6.0,3,1.467622
audio05.TextGrid,14,2,did,44.770,44.930,VBD,8.9248,5.96,3,1.834000
audio05.TextGrid,14,3,you,44.930,45.100,PRP,6.1782,6.98,2,1.818375
audio05.TextGrid,14,4,wash,45.100,45.630,VB,4.8258,4.46,3,-3.343854
audio05.TextGrid,14,5,the,45.630,45.740,DT,2.2452,7.73,2,-1.245361
audio05.TextGrid,14,6,boy,45.740,45.960,NN,10.2373,5.17,2,2.826398
audio05.TextGrid,14,7,thought,45.960,46.420,VBD,9.6017,5.59,3,2.244782
audio05.TextGrid,15,1,the,46.970,47.060,DT,1.8241,7.73,2,-1.666461
audio05.TextGrid,15,2,village,47.060,47.390,NN,11.0501,4.82,5,2.951030
audio05.TextGrid,15,3,water,47.390,47.700,NN,9.1017,5.52,4,1.292417
audio05.TextGrid,15,4,supply,47.700,48.140,NN,9.1033,4.81,5,1.005833
audio05.TextGrid,15,5,was,48.140,48.390,VBD,4.3985,6.82,3,-2.073757
audio05.TextGrid,15,6,two,48.390,48.570,CD,6.8008,6.1,2,1.421038
audio05.TextGrid,15,7,streets,48.570,48.950,NNS,8.6666,4.66,6,0.569377
audio05.TextGrid,15,8,down,48.950,49.210,IN,7.0124,5.88,3,0.817314
audio05.TextGrid,15,9,the,49.210,49.290,DT,2.2170,7.73,2,-1.273561
audio05.TextGrid,15,10,road,49.290,49.730,NN,8.8534,5.24,3,1.244750
audio05.TextGrid,16,1,i,50.550,50.630,NN,5.5144,7.09,1,1.421291
audio05.TextGrid,16,2,must,50.630,50.850,MD,6.9134,5.68,4,0.102083
audio05.TextGrid,16,3,have,50.850,51.030,VB,3.8741,6.71,3,-2.677273
audio05.TextGrid,16,4,water,51.030,51.370,NN,10.6340,5.52,4,2.824717
audio05.TextGrid,16,5,here,51.370,51.540,RB,8.6655,5.97,3,1.581892
audio05.TextGrid,16,6,for,51.540,51.790,IN,4.3888,7.01,3,-0.993550
audio05.TextGrid,16,7,him,51.790,51.980,PRP,7.4247,6.11,3,1.395038
audio05.TextGrid,16,8,the,52.150,52.220,DT,3.7647,7.73,2,0.274139
audio05.TextGrid,16,9,boy,52.220,52.420,NN,10.2429,5.17,2,2.831998
audio05.TextGrid,16,10,thought,52.420,52.790,NN,8.9052,5.59,3,1.548282
audio05.TextGrid,16,11,and,53.290,53.420,CC,4.0122,7.41,3,-1.082455
audio05.TextGrid,16,12,soap,53.420,53.830,NN,7.1600,4.18,3,-1.211040
audio05.TextGrid,16,13,and,53.830,53.940,CC,4.0080,7.41,3,-1.086655
audio05.TextGrid,16,14,a,53.940,53.980,DT,3.5217,7.36,1,0.813520
audio05.TextGrid,16,15,good,53.980,54.220,JJ,6.9752,6.12,3,-0.000523
audio05.TextGrid,16,16,towel,54.220,54.610,NN,4.0510,3.94,3,-4.492657
audio05.TextGrid,17,1,why,55.230,55.420,WRB,8.5208,5.93,2,2.944005
audio05.TextGrid,17,2,am,55.420,55.520,VBP,11.1627,5.78,2,4.458799
audio05.TextGrid,17,3,i,55.520,55.630,RB,5.8979,7.09,1,1.804791
audio05.TextGrid,17,4,so,55.630,55.830,RB,6.1187,6.52,2,0.272473
audio05.TextGrid,17,5,thoughtless,55.830,56.470,JJ,5.5874,2.9,6,-1.453625
audio05.TextGrid,18,1,i,57.150,57.220,NN,5.5144,7.09,1,1.421291
audio05.TextGrid,18,2,must,57.220,57.470,MD,6.9134,5.68,4,0.102083
audio05.TextGrid,18,3,get,57.470,57.650,VB,5.7544,6.28,3,-1.106245
audio05.TextGrid,18,4,him,57.650,57.750,PRP,8.0291,6.11,2,2.660928
audio05.TextGrid,18,5,another,57.750,58.010,DT,8.4262,5.74,5,1.132879
audio05.TextGrid,18,6,shirt,58.010,58.400,NN,4.1425,4.63,3,-3.904884
audio05.TextGrid,18,7,and,58.400,58.510,CC,4.4452,7.41,3,-0.649455
audio05.TextGrid,18,8,a,58.510,58.560,DT,3.2084,7.36,1,0.500220
audio05.TextGrid,18,9,jacket,58.560,58.950,NN,4.1382,4.32,5,-3.880706
audio05.TextGrid,18,10,for,58.950,59.060,IN,4.0740,7.01,2,-0.251055
audio05.TextGrid,18,11,the,59.060,59.140,DT,1.6954,7.73,2,-1.795161
audio05.TextGrid,18,12,winter,59.140,59.520,NN,10.2355,4.89,5,2.125207
audio05.TextGrid,18,13,and,59.960,60.060,CC,4.4028,7.41,3,-0.691855
audio05.TextGrid,18,14,some,60.060,60.230,DT,5.7625,6.2,3,-0.202431
audio05.TextGrid,18,15,sort,60.230,60.440,NN,8.8539,5.0,4,0.899302
audio05.TextGrid,18,16,of,60.440,60.540,IN,3.0736,7.4,2,-0.799438
audio05.TextGrid,18,17,shoes,60.540,61.260,NNS,6.8120,4.67,3,-1.206615
audio05.TextGrid,18,18,and,61.420,61.550,CC,4.2792,7.41,2,0.417753
audio05.TextGrid,18,19,another,61.550,61.830,DT,6.8674,5.74,5,-0.425921
audio05.TextGrid,18,20,blanket,61.830,62.370,NN,4.1349,4.07,7,-3.372590
audio05.TextGrid,19,1,your,64.420,64.610,PRP$,6.8747,6.53,3,1.147117
audio05.TextGrid,19,2,stew,64.610,65.030,NN,4.2543,3.48,3,-4.620206
audio05.TextGrid,19,3,is,65.030,65.200,VBZ,3.6487,7.07,2,-1.560066
audio05.TextGrid,19,4,excellent,65.200,65.940,JJ,5.8982,4.73,8,-2.350211
audio05.TextGrid,19,5,the,66.320,66.440,DT,4.5214,7.73,2,1.030839
audio05.TextGrid,19,6,old,66.440,66.660,JJ,7.3488,5.75,3,0.106960
audio05.TextGrid,19,7,man,66.660,66.900,NN,7.7079,5.82,3,0.516407
audio05.TextGrid,19,8,said,66.900,67.340,VBD,4.5701,6.01,3,-2.484738
audio05.TextGrid,20,1,tell,68.820,68.980,VB,13.8346,5.53,3,6.434528
audio05.TextGrid,20,2,me,68.980,69.130,PRP,8.7522,6.48,2,3.812865
audio05.TextGrid,20,3,about,69.130,69.330,IN,5.2289,6.4,4,-1.381211
audio05.TextGrid,20,4,the,69.330,69.420,DT,1.7953,7.73,2,-1.695261
audio05.TextGrid,20,5,baseball,69.420,69.950,NN,9.1391,4.54,6,1.113891
audio05.TextGrid,20,6,the,70.180,70.250,DT,3.1388,7.73,2,-0.351761
audio05.TextGrid,20,7,boy,70.250,70.540,NN,10.2409,5.17,2,2.829998
audio05.TextGrid,20,8,asked,70.540,70.810,VBD,7.8238,5.3,3,0.258304
audio05.TextGrid,20,9,him,70.810,70.990,PRP,8.1899,6.11,2,2.821728
audio05.TextGrid,21,1,in,72.830,72.950,IN,4.1039,7.27,2,0.080190
audio05.TextGrid,21,2,the,72.950,73.080,DT,1.7509,7.73,2,-1.739661
audio05.TextGrid,21,3,american,73.080,73.610,JJ,6.6744,5.49,8,-2.698566
audio05.TextGrid,21,4,league,73.610,73.920,NN,4.4322,5.13,3,-3.255566
audio05.TextGrid,21,5,it,73.920,74.030,PRP,4.7113,6.95,2,0.316704
audio05.TextGrid,21,6,is,74.030,74.210,VBZ,3.3952,7.07,2,-1.813566
audio05.TextGrid,21,7,the,74.210,74.360,DT,2.6210,7.73,2,-0.869561
audio05.TextGrid,21,8,yankees,74.360,74.880,NNS,6.4524,3.93,6,-1.206741
audio05.TextGrid,21,9,as,74.880,75.000,IN,4.9138,6.77,2,0.310581
audio05.TextGrid,21,10,i,75.000,75.130,NN,5.4940,7.09,1,1.400891
audio05.TextGrid,21,11,said,75.130,75.620,VBD,4.9106,6.01,3,-2.144238
audio05.TextGrid,22,1,the,76.220,76.310,DT,1.8241,7.73,2,-1.666461
audio05.TextGrid,22,2,old,76.310,76.500,JJ,7.3292,5.75,3,0.087360
audio05.TextGrid,22,3,man,76.500,76.720,NN,7.6921,5.82,3,0.500607
audio05.TextGrid,22,4,said,76.720,76.930,VBD,3.5568,6.01,3,-3.498038
audio05.TextGrid,22,5,happily,76.930,77.410,RB,4.6369,4.11,6,-3.130261
audio05.TextGrid,23,1,they,78.600,78.740,PRP,4.6769,6.5,2,-0.239255
audio05.TextGrid,23,2,lost,78.740,79.020,VBD,7.1635,5.39,4,-0.682112
audio05.TextGrid,23,3,today,79.020,79.480,NN,9.4160,5.55,4,1.615101
audio05.TextGrid,23,4,the,79.740,79.820,DT,4.3423,7.73,2,0.851739
audio05.TextGrid,23,5,boy,79.820,80.020,NN,10.2409,5.17,2,2.829998
audio05.TextGrid,23,6,told,80.020,80.310,VBD,8.3753,5.54,4,0.571606
audio05.TextGrid,23,7,him,80.310,80.460,PRP,8.1879,6.11,2,2.819728
audio05.TextGrid,24,1,that,81.300,81.540,DT,4.4338,7.01,3,-0.948550
audio05.TextGrid,24,2,means,81.540,81.890,VBZ,9.7152,5.44,4,1.883561
audio05.TextGrid,24,3,nothing,81.890,82.270,NN,10.3038,5.55,5,2.087689
audio05.TextGrid,24,4,the,82.500,82.640,DT,3.3329,7.73,2,-0.157661
audio05.TextGrid,24,5,great,82.640,82.870,JJ,7.7309,5.88,4,0.022221
audio05.TextGrid,24,6,dimaggio,82.870,83.510,NN,4.1913,2.53,7,-1.714751
audio05.TextGrid,24,7,is,83.510,83.600,VBZ,3.7080,7.07,2,-1.500766
audio05.TextGrid,24,8,himself,83.600,84.020,PRP,8.8687,5.25,7,1.087386
audio05.TextGrid,24,9,again,84.020,84.410,RB,8.5221,5.7,4,0.763119
audio05.TextGrid,25,1,they,85.860,85.990,PRP,4.6769,6.5,2,-0.239255
audio05.TextGrid,25,2,have,85.990,86.140,VBP,4.0745,6.71,3,-2.476873
audio05.TextGrid,25,3,other,86.140,86.330,JJ,6.5057,6.16,3,-0.441253
audio05.TextGrid,25,4,men,86.330,86.510,NNS,7.9562,5.51,3,0.541743
audio05.TextGrid,25,5,on,86.510,86.640,IN,4.5329,6.91,2,0.091943
audio05.TextGrid,25,6,the,86.640,86.730,DT,1.6978,7.73,2,-1.792761
audio05.TextGrid,25,7,team,86.730,87.170,NN,7.3771,5.67,3,0.077721
audio05.TextGrid,26,1,naturally,87.850,88.550,RB,5.2281,4.48,7,-2.705747
audio05.TextGrid,26,2,but,88.620,88.780,CC,4.5400,6.63,3,-1.115659
audio05.TextGrid,26,3,he,88.780,88.910,PRP,4.7972,6.69,2,0.101259
audio05.TextGrid,26,4,makes,88.910,89.230,VBZ,7.5017,5.46,4,-0.324350
audio05.TextGrid,26,5,the,89.230,89.300,DT,2.6170,7.73,2,-0.873561
audio05.TextGrid,26,6,difference,89.300,89.880,NN,7.9373,5.01,7,-0.547691
audio05.TextGrid,27,1,in,90.430,90.560,IN,4.1039,7.27,2,0.080190
audio05.TextGrid,27,2,the,90.560,90.700,DT,1.7509,7.73,2,-1.739661
audio05.TextGrid,27,3,other,90.700,90.900,JJ,5.7802,6.16,3,-1.166753
audio05.TextGrid,27,4,league,90.900,91.160,NN,3.9961,5.13,3,-3.691666
audio05.TextGrid,27,5,between,91.160,91.500,IN,7.5637,5.77,6,-0.246395
audio05.TextGrid,27,6,brooklyn,91.500,91.870,NN,9.6393,4.25,7,1.944629
audio05.TextGrid,27,7,and,91.870,91.990,CC,3.5853,7.41,3,-1.509355
audio05.TextGrid,27,8,philadelphia,91.990,92.660,NN,8.7712,4.42,10,1.144975
audio05.TextGrid,27,9,i,92.840,92.980,NN,7.2821,7.09,1,3.188991
audio05.TextGrid,27,10,must,92.980,93.200,MD,7.1383,5.68,4,0.326983
audio05.TextGrid,27,11,take,93.200,93.400,VB,5.6107,5.92,3,-1.508870
audio05.TextGrid,27,12,brooklyn,93.400,93.900,NN,10.2332,4.25,7,2.538529
audio05.TextGrid,28,1,but,94.770,94.890,CC,5.3198,6.63,3,-0.335859
audio05.TextGrid,28,2,then,94.890,95.100,RB,6.4214,6.07,3,-0.590284
audio05.TextGrid,28,3,i,95.100,95.230,JJ,7.8494,7.09,1,3.756291
audio05.TextGrid,28,4,think,95.230,95.490,VBP,6.7447,6.08,4,-0.908089
audio05.TextGrid,28,5,of,95.490,95.590,IN,3.4884,7.4,2,-0.384638
audio05.TextGrid,28,6,dick,95.590,95.810,NN,11.0280,4.7,3,3.030962
audio05.TextGrid,28,7,sisler,95.810,96.280,NN,5.9878,1.55,5,-1.586993
audio05.TextGrid,28,8,and,96.280,96.350,CC,4.3162,7.41,2,0.454753
audio05.TextGrid,28,9,those,96.350,96.550,DT,6.6535,5.9,3,0.472798
audio05.TextGrid,28,10,great,96.550,96.770,JJ,7.7283,5.88,4,0.019621
audio05.TextGrid,28,11,drives,96.770,97.310,NNS,9.8877,4.28,5,1.875208
audio05.TextGrid,28,12,in,97.310,97.390,IN,3.0605,7.27,2,-0.963210
audio05.TextGrid,28,13,the,97.390,97.510,DT,1.6935,7.73,2,-1.797061
audio05.TextGrid,28,14,old,97.510,97.770,JJ,7.3285,5.75,3,0.086660
audio05.TextGrid,28,15,park,97.770,98.160,NN,8.5357,5.16,4,0.625814
audio05.TextGrid,29,1,there,99.220,99.340,EX,5.7321,6.31,3,-0.153715
audio05.TextGrid,29,2,was,99.340,99.510,VBD,3.9647,6.82,3,-2.507557
audio05.TextGrid,29,3,nothing,99.510,99.910,NN,10.4511,5.55,5,2.234989
audio05.TextGrid,29,4,ever,99.910,100.140,RB,9.4719,5.66,3,2.165329
audio05.TextGrid,29,5,like,100.140,100.410,IN,6.8899,6.41,3,1.076009
audio05.TextGrid,29,6,them,100.410,100.740,PRP,6.1080,6.19,3,0.135877
audio05.TextGrid,29,7,he,101.050,101.190,PRP,6.5594,6.69,2,1.863459
audio05.TextGrid,29,8,hits,101.190,101.420,VBZ,13.0594,4.65,4,5.006993
audio05.TextGrid,29,9,the,101.420,101.490,DT,3.9017,7.73,2,0.411139
audio05.TextGrid,29,10,longest,101.490,102.070,JJS,10.3424,4.22,7,2.678926
audio05.TextGrid,29,11,ball,102.070,102.430,NN,10.6543,5.04,3,2.901803
audio05.TextGrid,29,12,i,102.430,102.480,NN,7.6414,7.09,1,3.548291
audio05.TextGrid,29,13,have,102.480,102.620,VBP,4.9255,6.71,3,-1.625873
audio05.TextGrid,29,14,ever,102.620,102.810,RB,8.2716,5.66,3,0.965029
audio05.TextGrid,29,15,seen,102.810,103.290,VBN,8.0145,5.52,3,0.607236
audio05.TextGrid,30,1,do,104.560,104.660,VB,9.5293,6.35,2,3.486040
audio05.TextGrid,30,2,you,104.660,104.850,PRP,6.3769,6.98,2,2.017075
audio05.TextGrid,30,3,remember,104.850,105.280,VB,11.0812,5.38,7,2.211447
audio05.TextGrid,30,4,when,105.280,105.490,WRB,6.7011,6.37,3,0.858439
audio05.TextGrid,30,5,he,105.490,105.630,PRP,4.7271,6.69,2,0.031159
audio05.TextGrid,30,6,used,105.630,105.810,VBD,6.5235,5.8,4,-1.207536
audio05.TextGrid,30,7,to,105.810,105.890,TO,2.6624,7.43,2,-1.175867
audio05.TextGrid,30,8,come,105.890,106.080,VB,6.8389,5.78,3,-0.381363
audio05.TextGrid,30,9,to,106.080,106.170,TO,3.1060,7.43,2,-0.732267
audio05.TextGrid,30,10,the,106.170,106.280,DT,2.6036,7.73,2,-0.886961
audio05.TextGrid,30,11,terrace,106.280,106.860,NN,11.0423,3.88,5,3.093939
audio05.TextGrid,31,1,i,107.290,107.410,RB,5.5144,7.09,1,1.421291
audio05.TextGrid,31,2,wanted,107.410,107.750,VBD,7.2726,5.36,5,-0.913048
audio05.TextGrid,31,3,to,107.750,107.810,TO,3.3059,7.43,2,-0.532367
audio05.TextGrid,31,4,take,107.810,108.030,VB,5.8231,5.92,3,-1.296470
audio05.TextGrid,31,5,him,108.030,108.130,PRP,8.0096,6.11,2,2.641428
audio05.TextGrid,31,6,fishing,108.130,108.640,VBG,7.9803,4.47,5,-0.062655
audio05.TextGrid,31,7,but,108.640,108.800,CC,5.6559,6.63,3,0.000241
audio05.TextGrid,31,8,i,108.800,108.920,NN,6.9358,7.09,1,2.842691
audio05.TextGrid,31,9,was,108.920,109.120,VBD,5.2902,6.82,3,-1.182057
audio05.TextGrid,31,10,too,109.120,109.250,RB,7.2125,5.95,2,0.705632
audio05.TextGrid,31,11,timid,109.250,109.650,JJ,5.7767,3.25,5,-2.070653
audio05.TextGrid,31,12,to,109.650,109.760,TO,3.2132,7.43,2,-0.625067
audio05.TextGrid,31,13,ask,109.760,110.030,VB,8.5843,5.34,3,1.047573
audio05.TextGrid,31,14,him,110.030,110.210,PRP,8.0625,6.11,3,2.032838
audio05.TextGrid,32,1,then,110.810,110.970,RB,7.4856,6.07,3,0.473916
audio05.TextGrid,32,2,i,110.970,111.110,VB,6.3159,7.09,1,2.222791
audio05.TextGrid,32,3,asked,111.110,111.410,VBD,7.3996,5.3,3,-0.165896
audio05.TextGrid,32,4,you,111.410,111.580,PRP,6.4228,6.98,2,2.062975
audio05.TextGrid,32,5,to,111.580,111.820,TO,3.3461,7.43,2,-0.492167
audio05.TextGrid,32,6,ask,111.820,112.030,VB,8.9655,5.34,3,1.428773
audio05.TextGrid,32,7,him,112.030,112.250,PRP,8.0684,6.11,3,2.038738
audio05.TextGrid,32,8,and,112.250,112.470,CC,4.3395,7.41,3,-0.755155
audio05.TextGrid,32,9,you,112.470,112.610,PRP,6.2757,6.98,2,1.915875
audio05.TextGrid,32,10,were,112.610,112.730,VBD,5.0172,6.34,2,-1.037650
audio05.TextGrid,32,11,too,112.730,112.900,RB,7.2215,5.95,2,0.714632
audio05.TextGrid,32,12,timid,112.900,113.410,JJ,5.7622,3.25,5,-2.085153
audio05.TextGrid,33,1,i,114.260,114.400,NN,5.5144,7.09,1,1.421291
audio05.TextGrid,33,2,know,114.400,114.730,VBP,7.0565,6.1,2,0.723485
audio05.TextGrid,33,3,it,114.950,115.130,PRP,4.5402,6.95,2,0.145604
audio05.TextGrid,33,4,was,115.130,115.240,VBD,5.7442,6.82,3,-0.728057
audio05.TextGrid,33,5,a,115.240,115.300,DT,3.3171,7.36,1,0.608920
audio05.TextGrid,33,6,great,115.300,115.580,JJ,7.7279,5.88,4,0.019221
audio05.TextGrid,33,7,mistake,115.580,116.100,NN,9.5924,4.67,6,1.489176
audio05.TextGrid,33,8,he,116.300,116.410,PRP,6.7677,6.69,2,2.071759
audio05.TextGrid,33,9,might,116.410,116.570,MD,6.9465,5.66,3,0.593182
audio05.TextGrid,33,10,have,116.570,116.670,VB,3.8792,6.71,3,-2.672173
audio05.TextGrid,33,11,gone,116.670,116.880,VBN,9.8402,5.17,3,2.181203
audio05.TextGrid,33,12,with,116.880,117.090,IN,4.2184,6.85,3,-1.279027
audio05.TextGrid,33,13,us,117.090,117.430,PRP,6.8459,6.04,2,1.396597
audio05.TextGrid,34,1,then,117.880,118.120,RB,7.4856,6.07,3,0.473916
audio05.TextGrid,34,2,we,118.120,118.210,PRP,6.4984,6.54,2,1.628606
audio05.TextGrid,34,3,would,118.210,118.390,MD,4.5419,6.27,3,-1.372684
audio05.TextGrid,34,4,have,118.390,118.500,VB,3.8741,6.71,3,-2.677273
audio05.TextGrid,34,5,that,118.500,118.840,DT,4.4262,7.01,3,-0.956150
audio05.TextGrid,34,6,for,118.840,119.000,IN,5.9184,7.01,3,0.536050
audio05.TextGrid,34,7,all,119.000,119.220,DT,5.5476,6.52,2,0.654626
audio05.TextGrid,34,8,of,119.220,119.310,IN,5.0302,7.4,2,1.157162
audio05.TextGrid,34,9,our,119.310,119.440,PRP$,6.9085,6.14,2,1.575099
audio05.TextGrid,34,10,lives,119.440,120.040,NNS,8.9238,5.14,4,1.008325
audio05.TextGrid,35,1,i,121.570,121.720,NN,5.5144,7.09,1,1.421291
audio05.TextGrid,35,2,would,121.720,121.940,MD,4.5155,6.27,3,-1.399084
audio05.TextGrid,35,3,like,121.940,122.190,VB,6.9481,6.41,3,0.180956
audio05.TextGrid,35,4,to,122.190,122.270,TO,3.4544,7.43,2,-0.383867
audio05.TextGrid,35,5,take,122.270,122.500,VB,5.8283,5.92,3,-1.291270
audio05.TextGrid,35,6,the,122.510,122.620,DT,2.3250,7.73,2,-1.165561
audio05.TextGrid,35,7,great,122.620,122.860,JJ,7.7272,5.88,4,0.018521
audio05.TextGrid,35,8,dimaggio,122.860,123.480,NN,4.1878,2.53,7,-1.718251
audio05.TextGrid,35,9,fishing,123.480,123.900,VBG,7.8915,4.47,5,-0.151455
audio05.TextGrid,35,10,the,124.230,124.360,DT,2.2321,7.73,2,-1.258461
audio05.TextGrid,35,11,old,124.360,124.570,JJ,7.3311,5.75,3,0.089260
audio05.TextGrid,35,12,man,124.570,124.790,NN,7.6939,5.82,3,0.502407
audio05.TextGrid,35,13,said,124.790,125.150,VBD,5.4724,6.01,3,-1.582438
audio05.TextGrid,36,1,they,125.950,126.070,PRP,4.6769,6.5,2,-0.239255
audio05.TextGrid,36,2,say,126.070,126.310,VBP,5.5408,5.89,2,-1.035609
audio05.TextGrid,36,3,his,126.310,126.490,PRP$,6.2445,6.51,3,0.502532
audio05.TextGrid,36,4,father,126.490,126.790,NN,8.9688,5.26,4,1.086860
audio05.TextGrid,36,5,was,126.790,126.990,VBD,5.7322,6.82,3,-0.740057
audio05.TextGrid,36,6,a,126.990,127.040,DT,3.3196,7.36,1,0.611420
audio05.TextGrid,36,7,fisherman,127.040,127.630,NN,4.1405,3.49,7,-2.763851
audio05.TextGrid,37,1,maybe,128.130,128.460,RB,9.9133,5.45,4,2.084456
audio05.TextGrid,37,2,he,128.460,128.550,PRP,5.3385,6.69,2,0.642559
audio05.TextGrid,37,3,was,128.550,128.780,VBD,3.9474,6.82,3,-2.524857
audio05.TextGrid,37,4,as,128.780,128.910,RB,5.0370,6.77,2,-0.519472
audio05.TextGrid,37,5,poor,128.910,129.250,JJ,8.5030,5.09,3,0.786464
audio05.TextGrid,37,6,as,129.250,129.350,IN,5.5795,6.77,2,0.976281
audio05.TextGrid,37,7,we,129.350,129.590,PRP,5.6757,6.54,2,0.805906
audio05.TextGrid,37,8,are,129.590,129.830,VBP,5.5157,6.74,2,-0.075543
audio05.TextGrid,37,9,and,129.830,129.990,CC,4.2389,7.41,3,-0.855755
audio05.TextGrid,37,10,would,129.990,130.110,MD,4.5194,6.27,3,-1.395184
audio05.TextGrid,37,11,understand,130.110,130.860,VB,8.5214,5.37,9,-1.010056
audio05.TextGrid,38,1,the,132.500,132.590,DT,1.8241,7.73,2,-1.666461
audio05.TextGrid,38,2,great,132.590,132.850,JJ,7.7245,5.88,4,0.015821
audio05.TextGrid,38,3,sisler,132.850,133.250,NN,4.1855,1.55,6,-2.045374
audio05.TextGrid,38,4,s,133.250,133.350,NN,5.8183,5.86,1,-0.241335
audio05.TextGrid,38,5,father,133.350,133.620,NN,10.2351,5.26,4,2.353160
audio05.TextGrid,38,6,was,133.620,133.800,VBD,4.1705,6.82,3,-2.301757
audio05.TextGrid,38,7,never,133.800,134.000,RB,7.3886,5.91,4,-0.311696
audio05.TextGrid,38,8,poor,134.000,134.370,JJ,9.0521,5.09,3,1.335564
audio05.TextGrid,38,9,and,134.370,134.490,CC,3.8894,7.41,3,-1.205255
audio05.TextGrid,38,10,he,134.490,134.760,PRP,5.6085,6.69,2,0.912559
audio05.TextGrid,38,11,the,134.760,134.880,DT,3.7670,7.73,2,0.276439
audio05.TextGrid,38,12,father,134.880,135.240,NN,8.8567,5.26,4,0.974760
audio05.TextGrid,38,13,was,135.240,135.410,VBD,4.9934,6.82,3,-1.478857
audio05.TextGrid,38,14,playing,135.410,135.710,VBG,9.4629,5.37,5,1.275648
audio05.TextGrid,38,15,in,135.710,135.780,IN,3.4599,7.27,2,-0.563810
audio05.TextGrid,38,16,the,135.780,135.840,DT,1.7209,7.73,2,-1.769661
audio05.TextGrid,38,17,big,135.840,136.090,JJ,6.5831,5.67,3,-0.716279
audio05.TextGrid,38,18,leagues,136.090,136.370,NNS,5.9694,3.9,4,-2.292597
audio05.TextGrid,38,19,when,136.370,136.490,WRB,5.9568,6.37,3,0.114139
audio05.TextGrid,38,20,he,136.490,136.600,PRP,4.6755,6.69,2,-0.020441
audio05.TextGrid,38,21,was,136.600,136.740,VBD,3.9210,6.82,3,-2.551257
audio05.TextGrid,38,22,my,136.740,137.000,PRP$,7.8896,6.57,2,3.054577
audio05.TextGrid,38,23,age,137.000,137.320,NN,7.8674,5.32,2,0.630351
audio05.TextGrid,39,1,when,138.800,138.920,WRB,6.5749,6.37,3,0.732239
audio05.TextGrid,39,2,i,138.920,139.090,NN,5.6712,7.09,1,1.578091
audio05.TextGrid,39,3,was,139.090,139.310,VBD,3.9261,6.82,3,-2.546157
audio05.TextGrid,39,4,your,139.310,139.600,PRP$,7.3915,6.53,3,1.663917
audio05.TextGrid,39,5,age,139.600,139.800,NN,7.8674,5.32,2,0.630351
audio05.TextGrid,39,6,i,139.800,139.960,NN,7.0890,7.09,1,2.995891
audio05.TextGrid,39,7,was,139.960,140.220,VBD,4.1370,6.82,3,-2.335257
audio05.TextGrid,39,8,before,140.220,140.690,IN,7.1474,5.93,5,-0.176383
audio05.TextGrid,39,9,the,140.690,140.770,DT,1.9651,7.73,2,-1.525461
audio05.TextGrid,39,10,mast,140.770,141.140,NN,4.1428,3.52,4,-4.225389
audio05.TextGrid,39,11,on,141.140,141.280,IN,4.4392,6.91,2,-0.001757
audio05.TextGrid,39,12,a,141.280,141.350,DT,2.5775,7.36,1,-0.130680
audio05.TextGrid,39,13,square,141.350,141.890,NN,10.0312,4.84,5,1.928923
audio05.TextGrid,39,14,rigged,141.890,142.230,VBN,13.1171,3.63,4,4.779651
audio05.TextGrid,39,15,ship,142.230,142.570,NN,9.0617,4.93,3,1.230087
audio05.TextGrid,39,16,that,142.570,142.740,WDT,4.1861,7.01,3,-1.196250
audio05.TextGrid,39,17,ran,142.740,143.010,VBD,10.2378,4.87,3,2.363032
audio05.TextGrid,39,18,to,143.010,143.180,TO,3.5273,7.43,2,-0.310967
audio05.TextGrid,39,19,africa,143.180,143.710,VB,12.0972,4.92,6,3.843948
audio05.TextGrid,39,20,and,143.840,143.990,CC,3.8382,7.41,3,-1.256455
audio05.TextGrid,39,21,i,143.990,144.170,VB,5.9680,7.09,1,1.874891
audio05.TextGrid,39,22,have,144.170,144.300,VBP,5.5546,6.71,3,-0.996773
audio05.TextGrid,39,23,seen,144.300,144.570,VBN,8.8792,5.52,3,1.471936
audio05.TextGrid,39,24,lions,144.570,145.100,NNS,7.6948,4.18,5,-0.301659
audio05.TextGrid,39,25,on,145.100,145.260,IN,4.2760,6.91,2,-0.164957
audio05.TextGrid,39,26,the,145.260,145.330,DT,1.7038,7.73,2,-1.786761
audio05.TextGrid,39,27,beaches,145.330,145.850,NNS,6.4476,3.96,5,-1.513587
audio05.TextGrid,39,28,in,145.850,145.920,IN,3.2303,7.27,2,-0.793410
audio05.TextGrid,39,29,the,145.920,146.050,DT,1.6994,7.73,2,-1.791161
audio05.TextGrid,39,30,evening,146.050,146.580,NN,8.8496,4.86,5,0.744116
audio05.TextGrid,40,1,i,148.130,148.250,NN,5.5144,7.09,1,1.421291
audio05.TextGrid,40,2,know,148.250,148.500,VBP,7.0565,6.1,2,0.723485
audio05.TextGrid,40,3,you,148.700,148.790,PRP,6.3547,6.98,2,1.994875
audio05.TextGrid,40,4,told,148.790,149.150,VBD,9.0167,5.54,4,1.213006
audio05.TextGrid,40,5,me,149.150,149.350,PRP,8.7643,6.48,2,3.824965
audio05.TextGrid,41,1,should,151.210,151.350,MD,10.3591,5.99,3,4.243130
audio05.TextGrid,41,2,we,151.350,151.500,PRP,7.9686,6.54,2,3.098806
audio05.TextGrid,41,3,talk,151.500,151.790,VB,9.5555,5.42,3,2.076312
audio05.TextGrid,41,4,about,151.790,152.070,IN,5.6268,6.4,4,-0.983311
audio05.TextGrid,41,5,africa,152.070,152.620,NN,11.2287,4.92,6,2.975448
audio05.TextGrid,41,6,or,152.620,152.840,CC,5.3181,6.54,2,0.448306
audio05.TextGrid,41,7,about,152.840,153.070,IN,6.9146,6.4,4,0.304489
audio05.TextGrid,41,8,baseball,153.070,153.740,NN,10.8157,4.54,6,2.790491
audio05.TextGrid,42,1,baseball,154.930,155.520,NN,10.9288,4.54,6,2.903591
audio05.TextGrid,42,2,i,155.520,155.570,NN,8.2207,7.09,1,4.127591
audio05.TextGrid,42,3,think,155.570,155.970,VBP,6.8436,6.08,4,-0.809189
audio05.TextGrid,42,4,the,156.120,156.200,DT,2.5267,7.73,2,-0.963861
audio05.TextGrid,42,5,boy,156.200,156.410,NN,10.2395,5.17,2,2.828598
audio05.TextGrid,42,6,said,156.410,156.800,VBD,5.1241,6.01,3,-1.930738
audio05.TextGrid,42,7,tell,157.210,157.370,IN,11.2979,5.53,3,4.851081
audio05.TextGrid,42,8,me,157.370,157.500,PRP,8.9076,6.48,2,3.968265
audio05.TextGrid,42,9,about,157.500,157.700,IN,5.3018,6.4,4,-1.308311
audio05.TextGrid,42,10,the,157.700,157.820,DT,1.7728,7.73,2,-1.717761
audio05.TextGrid,42,11,great,157.820,158.220,JJ,7.7242,5.88,4,0.015521
audio05.TextGrid,42,12,john,158.220,158.840,NN,7.5817,5.38,3,0.073743
audio05.TextGrid,42,13,j,158.840,158.980,NN,5.5050,5.0,2,-2.102936
audio05.TextGrid,42,14,mcgraw,158.980,159.610,NN,4.8735,3.37,5,-2.993093
audio05.TextGrid,43,1,he,160.530,160.660,PRP,4.5353,6.69,2,-0.160641
audio05.TextGrid,43,2,said,160.660,160.930,VBD,3.3819,6.01,3,-3.672938
audio05.TextGrid,43,3,jota,160.930,161.330,NN,6.5497,2.16,4,-2.198546
audio05.TextGrid,43,4,for,161.330,161.520,IN,4.4309,7.01,3,-0.951450
audio05.TextGrid,43,5,j,161.520,161.950,NN,5.7876,5.0,2,-1.820336
audio05.TextGrid,44,1,he,163.850,164.040,PRP,4.5353,6.69,2,-0.160641
audio05.TextGrid,44,2,used,164.040,164.250,VBD,6.5183,5.8,4,-1.212736
audio05.TextGrid,44,3,to,164.250,164.320,TO,2.6845,7.43,2,-1.153767
audio05.TextGrid,44,4,come,164.320,164.500,VB,6.8395,5.78,3,-0.380763
audio05.TextGrid,44,5,to,164.500,164.600,TO,3.1276,7.43,2,-0.710667
audio05.TextGrid,44,6,the,164.600,164.730,DT,2.6069,7.73,2,-0.883661
audio05.TextGrid,44,7,terrace,164.730,165.080,NN,11.0453,3.88,5,3.096939
audio05.TextGrid,44,8,sometimes,165.080,165.600,RB,10.1554,5.28,7,1.389637
audio05.TextGrid,44,9,too,165.600,165.820,RB,7.2427,5.95,2,0.735832
audio05.TextGrid,44,10,in,165.820,165.920,IN,2.7257,7.27,2,-1.298010
audio05.TextGrid,44,11,the,165.920,166.040,DT,1.7496,7.73,2,-1.740961
audio05.TextGrid,44,12,older,166.040,166.310,JJR,10.1167,4.92,4,2.139745
audio05.TextGrid,44,13,days,166.310,166.720,NNS,6.3831,5.61,3,-0.959433
audio05.TextGrid,44,14,but,167.020,167.180,CC,5.8345,6.63,3,0.178841
audio05.TextGrid,44,15,he,167.180,167.290,PRP,5.0702,6.69,2,0.374259
audio05.TextGrid,44,16,was,167.290,167.500,VBD,4.9100,6.82,3,-1.562257
audio05.TextGrid,44,17,rough,167.500,167.880,JJ,10.8142,4.49,3,2.666123
audio05.TextGrid,44,18,and,167.880,167.990,CC,3.7098,7.41,2,-0.151647
audio05.TextGrid,44,19,harsh,167.990,168.270,JJ,8.8301,4.14,4,0.635172
audio05.TextGrid,44,20,spoken,168.270,168.800,NN,5.5329,4.45,6,-2.438299
audio05.TextGrid,44,21,and,168.800,168.910,CC,4.2891,7.41,2,0.427653
audio05.TextGrid,44,22,difficult,168.910,169.500,JJ,9.1367,5.07,8,0.385199
audio05.TextGrid,44,23,when,169.500,169.610,WRB,7.5100,6.37,3,1.667339
audio05.TextGrid,44,24,he,169.610,169.720,PRP,4.6648,6.69,2,-0.031141
audio05.TextGrid,44,25,was,169.720,169.870,VBD,3.9210,6.82,3,-2.551257
audio05.TextGrid,44,26,drinking,169.870,170.410,VBG,11.1678,4.71,7,2.994777
audio05.TextGrid,45,1,his,170.960,171.130,PRP$,5.4396,6.51,3,-0.302368
audio05.TextGrid,45,2,mind,171.130,171.420,NN,10.3447,5.41,4,2.504678
audio05.TextGrid,45,3,was,171.420,171.590,VBD,4.2184,6.82,3,-2.253857
audio05.TextGrid,45,4,on,171.590,171.770,IN,4.9418,6.91,2,0.500843
audio05.TextGrid,45,5,horses,171.770,172.230,NNS,6.8972,4.45,6,-1.073999
audio05.TextGrid,45,6,as,172.230,172.350,RB,4.5402,6.77,2,-1.016272
audio05.TextGrid,45,7,well,172.350,172.560,RB,7.9462,6.03,3,0.905746
audio05.TextGrid,45,8,as,172.560,172.680,IN,5.1778,6.77,2,0.574581
audio05.TextGrid,45,9,baseball,172.680,173.240,NN,11.0385,4.54,6,3.013291
audio05.TextGrid,46,1,at,173.830,173.980,IN,5.5118,6.7,2,0.827449
audio05.TextGrid,46,2,least,173.980,174.270,JJS,7.3693,5.44,4,-0.462339
audio05.TextGrid,46,3,he,174.270,174.380,PRP,5.3865,6.69,2,0.690559
audio05.TextGrid,46,4,carried,174.380,174.820,VBD,8.2993,4.77,5,0.208246
audio05.TextGrid,46,5,lists,174.820,175.150,NNS,7.8040,4.38,5,-0.224525
audio05.TextGrid,46,6,of,175.150,175.280,IN,2.9201,7.4,2,-0.952938
audio05.TextGrid,46,7,horses,175.280,175.710,NNS,6.8212,4.45,6,-1.149999
audio05.TextGrid,46,8,at,175.710,175.830,IN,4.7074,6.7,2,0.023049
audio05.TextGrid,46,9,all,175.830,175.990,DT,5.4409,6.52,2,0.547926
audio05.TextGrid,46,10,times,175.990,176.410,NNS,8.2307,5.56,4,0.432596
audio05.TextGrid,46,11,in,176.410,176.490,IN,3.5253,7.27,2,-0.498410
audio05.TextGrid,46,12,his,176.490,176.630,PRP$,5.3078,6.51,3,-0.434168
audio05.TextGrid,46,13,pocket,176.630,177.060,NN,10.3571,4.48,5,2.312542
audio05.TextGrid,46,14,and,177.450,177.580,CC,4.3268,7.41,2,0.465353
audio05.TextGrid,46,15,frequently,177.580,178.120,RB,9.9437,4.56,10,1.987181
audio05.TextGrid,46,16,spoke,178.120,178.460,VBD,11.1076,4.61,4,3.044015
audio05.TextGrid,46,17,the,178.460,178.550,DT,2.4451,7.73,2,-1.045461
audio05.TextGrid,46,18,names,178.550,178.840,NNS,10.0988,4.91,4,2.119051
audio05.TextGrid,46,19,of,178.840,178.960,IN,3.0194,7.4,2,-0.853638
audio05.TextGrid,46,20,horses,178.960,179.330,NNS,6.8178,4.45,6,-1.153399
audio05.TextGrid,46,21,on,179.330,179.450,IN,4.4781,6.91,2,0.037143
audio05.TextGrid,46,22,the,179.450,179.550,DT,1.7015,7.73,2,-1.789061
audio05.TextGrid,46,23,telephone,179.550,180.200,NN,7.7308,4.41,7,-0.130254
audio06.TextGrid,1,1,he,0.890,1.000,PRP,4.5353,6.69,2,-0.160641
audio06.TextGrid,1,2,was,1.000,1.160,VBD,3.9158,6.82,3,-2.556457
audio06.TextGrid,1,3,a,1.160,1.220,DT,3.3341,7.36,1,0.625920
audio06.TextGrid,1,4,great,1.220,1.540,JJ,7.7281,5.88,4,0.019421
audio06.TextGrid,1,5,manager,1.540,2.010,NN,6.9896,4.97,6,-1.293658
audio06.TextGrid,1,6,the,2.160,2.230,DT,4.1027,7.73,2,0.612139
audio06.TextGrid,1,7,boy,2.230,2.450,NN,10.2457,5.17,2,2.834798
audio06.TextGrid,1,8,said,2.450,2.800,VBD,4.5301,6.01,3,-2.524738
audio06.TextGrid,2,1,my,3.440,3.570,PRP$,7.2801,6.57,2,2.445077
audio06.TextGrid,2,2,father,3.570,3.910,NN,8.9676,5.26,4,1.085660
audio06.TextGrid,2,3,thinks,3.910,4.170,VBZ,9.0589,4.78,5,0.966243
audio06.TextGrid,2,4,he,4.170,4.250,PRP,5.3680,6.69,2,0.672059
audio06.TextGrid,2,5,was,4.250,4.460,VBD,5.3812,6.82,3,-1.091057
audio06.TextGrid,2,6,the,4.480,4.570,DT,2.4462,7.73,2,-1.044361
audio06.TextGrid,2,7,greatest,4.570,5.150,JJS,9.6204,4.79,7,1.364186
audio06.TextGrid,3,1,because,6.250,6.600,IN,6.7432,6.03,5,-0.596616
audio06.TextGrid,3,2,he,6.600,6.710,PRP,4.5103,6.69,2,-0.185641
audio06.TextGrid,3,3,came,6.710,6.960,VBD,8.2431,5.5,3,0.821451
audio06.TextGrid,3,4,here,6.960,7.190,RB,7.1930,5.97,3,0.109392
audio06.TextGrid,3,5,the,7.190,7.290,DT,3.5068,7.73,2,0.016239
audio06.TextGrid,3,6,most,7.290,7.550,RBS,6.2597,6.0,3,-0.802331
audio06.TextGrid,3,7,times,7.550,8.110,NNS,8.0015,5.56,4,0.203396
audio06.TextGrid,3,8,the,8.410,8.520,DT,3.3370,7.73,2,-0.153561
audio06.TextGrid,3,9,old,8.520,8.720,JJ,7.3398,5.75,3,0.097960
audio06.TextGrid,3,10,man,8.720,8.960,NN,7.6961,5.82,3,0.504607
audio06.TextGrid,3,11,said,8.960,9.320,VBD,3.9372,6.01,3,-3.117638
audio06.TextGrid,4,1,if,9.850,9.970,IN,6.7770,6.47,2,1.826075
audio06.TextGrid,4,2,durocher,9.970,10.500,NN,5.7709,1.86,7,0.561578
audio06.TextGrid,4,3,had,10.500,10.630,VBD,6.4487,6.33,3,-0.375983
audio06.TextGrid,4,4,continued,10.630,11.100,VBN,8.6627,4.96,9,-0.081777
audio06.TextGrid,4,5,to,11.100,11.170,TO,2.9941,7.43,2,-0.844167
audio06.TextGrid,4,6,come,11.170,11.420,VB,6.8642,5.78,3,-0.356063
audio06.TextGrid,4,7,here,11.420,11.650,RB,7.2847,5.97,3,0.201092
audio06.TextGrid,4,8,each,11.650,11.890,DT,8.1033,5.69,2,2.248340
audio06.TextGrid,4,9,year,11.890,12.060,NN,4.9255,5.96,3,-2.165300
audio06.TextGrid,4,10,your,12.060,12.240,PRP$,8.6738,6.53,3,2.946217
audio06.TextGrid,4,11,father,12.240,12.520,NN,8.9722,5.26,4,1.090260
audio06.TextGrid,4,12,would,12.520,12.710,MD,5.3258,6.27,3,-0.588784
audio06.TextGrid,4,13,think,12.710,12.950,VB,6.4251,6.08,4,-1.227689
audio06.TextGrid,4,14,him,12.950,13.120,PRP,8.1915,6.11,3,2.161838
audio06.TextGrid,4,15,the,13.120,13.210,DT,3.5322,7.73,2,0.041639
audio06.TextGrid,4,16,greatest,13.210,13.650,JJS,9.6264,4.79,7,1.370186
audio06.TextGrid,4,17,manager,13.650,14.160,NN,7.3790,4.97,6,-0.904258
audio06.TextGrid,5,1,who,15.780,15.960,WP,6.0467,6.34,2,0.945102
audio06.TextGrid,5,2,is,15.960,16.080,VBZ,3.7676,7.07,2,-1.441166
audio06.TextGrid,5,3,the,16.080,16.160,DT,2.4046,7.73,2,-1.085961
audio06.TextGrid,5,4,greatest,16.160,16.580,JJS,9.6249,4.79,7,1.368686
audio06.TextGrid,5,5,manager,16.580,17.050,NN,7.3403,4.97,6,-0.942958
audio06.TextGrid,5,6,really,17.050,17.410,RB,8.2417,5.97,4,0.558171
audio06.TextGrid,5,7,luque,17.780,18.020,VBZ,3.5465,1.8,3,-6.536322
audio06.TextGrid,5,8,or,18.020,18.270,CC,5.9119,6.54,1,1.892703
audio06.TextGrid,5,9,mike,18.270,18.450,VB,12.7460,4.8,3,4.820886
audio06.TextGrid,5,10,gonzalez,18.450,19.120,NN,5.9859,3.48,8,-0.412913
audio06.TextGrid,6,1,i,20.070,20.140,NN,5.5144,7.09,1,1.421291
audio06.TextGrid,6,2,think,20.140,20.370,VBP,6.6270,6.08,4,-1.025789
audio06.TextGrid,6,3,they,20.370,20.520,PRP,5.4117,6.5,2,0.495545
audio06.TextGrid,6,4,are,20.520,20.700,VBP,5.6221,6.74,2,0.030857
audio06.TextGrid,6,5,equal,20.700,21.160,JJ,9.7203,4.65,5,1.648486
audio06.TextGrid,7,1,and,22.330,22.430,CC,3.7036,7.41,2,-0.157847
audio06.TextGrid,7,2,the,22.430,22.510,DT,2.0380,7.73,2,-1.452561
audio06.TextGrid,7,3,best,22.510,22.810,JJS,7.8104,5.84,4,0.090542
audio06.TextGrid,7,4,fisherman,22.810,23.230,NN,4.6035,3.49,7,-2.300851
audio06.TextGrid,7,5,is,23.230,23.370,VBZ,3.5679,7.07,2,-1.640866
audio06.TextGrid,7,6,you,23.370,23.670,PRP,6.5314,6.98,2,2.171575
audio06.TextGrid,8,1,no,24.420,25.030,DT,5.7679,6.35,2,0.677893
audio06.TextGrid,8,2,i,25.170,25.350,NN,8.2555,7.09,1,4.162391
audio06.TextGrid,8,3,know,25.350,25.580,VBP,7.4964,6.1,2,1.163385
audio06.TextGrid,8,4,others,25.580,25.880,NNS,9.6622,5.42,4,1.824972
audio06.TextGrid,8,5,better,25.880,26.270,RBR,8.7007,5.76,4,0.958486
audio06.TextGrid,9,1,que,27.150,27.340,NN,5.9246,3.84,3,-2.690981
audio06.TextGrid,9,2,va,27.340,27.770,VBZ,3.9034,4.26,2,-4.562209
audio06.TextGrid,9,3,the,27.880,27.960,DT,2.6327,7.73,2,-0.857861
audio06.TextGrid,9,4,boy,27.960,28.200,NN,10.2400,5.17,2,2.829098
audio06.TextGrid,9,5,said,28.200,28.540,VBD,5.1149,6.01,3,-1.939938
audio06.TextGrid,9,6,there,28.800,28.940,EX,6.2268,6.31,3,0.340985
audio06.TextGrid,9,7,are,28.940,29.080,VBP,4.8256,6.74,2,-0.765643
audio06.TextGrid,9,8,many,29.080,29.330,JJ,6.8394,5.91,4,-0.860896
audio06.TextGrid,9,9,good,29.330,29.560,JJ,7.6818,6.12,3,0.706077
audio06.TextGrid,9,10,fishermen,29.560,30.020,NNS,5.9575,3.65,7,-1.113234
audio06.TextGrid,9,11,and,30.020,30.150,CC,4.1840,7.41,2,0.322553
audio06.TextGrid,9,12,some,30.150,30.340,DT,6.0003,6.2,3,0.035369
audio06.TextGrid,9,13,great,30.340,30.670,JJ,7.7368,5.88,4,0.028121
audio06.TextGrid,9,14,ones,30.670,31.020,NNS,8.3899,5.07,4,0.454863
audio06.TextGrid,9,15,but,31.330,31.500,CC,5.8407,6.63,3,0.185041
audio06.TextGrid,9,16,there,31.500,31.640,EX,6.2862,6.31,3,0.400385
audio06.TextGrid,9,17,is,31.640,31.760,VBZ,3.8793,7.07,2,-1.329466
audio06.TextGrid,9,18,only,31.760,32.100,RB,6.2264,6.12,4,-1.415211
audio06.TextGrid,9,19,you,32.100,32.390,PRP,7.6997,6.98,2,3.339875
audio06.TextGrid,10,1,thank,33.610,33.920,NN,5.9246,5.48,4,-1.895861
audio06.TextGrid,10,2,you,33.920,34.120,PRP,8.4373,6.98,2,4.077475
audio06.TextGrid,10,3,you,34.280,34.380,PRP,7.9349,6.98,2,3.575075
audio06.TextGrid,10,4,make,34.380,34.580,VBP,5.7712,6.08,3,-1.233292
audio06.TextGrid,10,5,me,34.580,34.770,PRP,8.6002,6.48,2,3.660865
audio06.TextGrid,10,6,happy,34.770,35.230,JJ,12.1329,5.35,4,4.276110
audio06.TextGrid,11,1,i,36.040,36.140,NNS,5.5144,7.09,1,1.421291
audio06.TextGrid,11,2,hope,36.140,36.410,VBP,8.4353,5.44,3,0.970497
audio06.TextGrid,11,3,no,36.410,36.580,DT,6.4551,6.35,2,1.365093
audio06.TextGrid,11,4,fish,36.580,36.860,NN,4.3532,4.9,3,-3.499991
audio06.TextGrid,11,5,will,36.860,36.970,MD,5.9497,6.45,3,0.164578
audio06.TextGrid,11,6,come,36.970,37.190,VB,6.4504,5.78,3,-0.769863
audio06.TextGrid,11,7,along,37.190,37.510,RB,8.7893,5.38,4,0.940894
audio06.TextGrid,11,8,so,37.510,37.730,RB,7.6288,6.52,2,1.782573
audio06.TextGrid,11,9,great,37.730,37.960,JJ,7.9208,5.88,4,0.212121
audio06.TextGrid,11,10,that,37.960,38.120,IN,4.9122,7.01,3,-0.470150
audio06.TextGrid,11,11,he,38.120,38.200,PRP,4.7839,6.69,2,0.087959
audio06.TextGrid,11,12,will,38.200,38.350,MD,5.6209,6.45,3,-0.164222
audio06.TextGrid,11,13,prove,38.350,38.610,VB,7.4040,4.77,4,-0.614873
audio06.TextGrid,11,14,us,38.610,38.820,PRP,7.4875,6.04,2,2.038197
audio06.TextGrid,11,15,wrong,38.820,39.270,JJ,10.0249,5.39,3,2.524135
audio06.TextGrid,12,1,there,40.830,41.030,EX,5.7321,6.31,3,-0.153715
audio06.TextGrid,12,2,is,41.030,41.210,VBZ,3.4079,7.07,2,-1.800866
audio06.TextGrid,12,3,no,41.210,41.370,DT,6.4200,6.35,2,1.329993
audio06.TextGrid,12,4,such,41.370,41.650,JJ,6.2326,5.84,3,-0.944509
audio06.TextGrid,12,5,fish,41.650,41.910,NN,4.1721,4.9,3,-3.681091
audio06.TextGrid,12,6,if,41.910,42.020,IN,6.0693,6.47,2,1.118375
audio06.TextGrid,12,7,you,42.020,42.200,PRP,5.6101,6.98,2,1.250275
audio06.TextGrid,12,8,are,42.200,42.230,VBP,5.5575,6.74,1,0.904811
audio06.TextGrid,12,9,still,42.230,42.500,RB,6.7051,5.92,4,-0.992401
audio06.TextGrid,12,10,strong,42.500,42.860,JJ,7.3958,5.22,5,-0.767402
audio06.TextGrid,12,11,as,42.860,42.970,IN,4.8547,6.77,2,0.251481
audio06.TextGrid,12,12,you,42.970,43.070,PRP,5.7060,6.98,2,1.346175
audio06.TextGrid,12,13,say,43.070,43.470,VBP,6.9644,5.89,2,0.387991
audio06.TextGrid,13,1,i,44.620,44.740,NN,5.5144,7.09,1,1.421291
audio06.TextGrid,13,2,may,44.740,44.880,MD,5.5988,5.98,2,0.079956
audio06.TextGrid,13,3,not,44.880,45.000,RB,6.1920,6.69,3,-0.373758
audio06.TextGrid,13,4,be,45.000,45.230,VB,4.4496,6.79,2,-1.083692
audio06.TextGrid,13,5,as,45.230,45.320,RB,5.0211,6.77,2,-0.535372
audio06.TextGrid,13,6,strong,45.320,45.650,JJ,7.9166,5.22,5,-0.246602
audio06.TextGrid,13,7,as,45.650,45.770,IN,5.8368,6.77,2,1.233581
audio06.TextGrid,13,8,i,45.770,45.900,NN,5.5305,7.09,1,1.437391
audio06.TextGrid,13,9,think,45.900,46.250,VBP,8.2903,6.08,4,0.637511
audio06.TextGrid,14,1,the,46.740,46.850,DT,1.8241,7.73,2,-1.666461
audio06.TextGrid,14,2,old,46.850,47.060,JJ,7.3292,5.75,3,0.087360
audio06.TextGrid,14,3,man,47.060,47.280,NN,7.6921,5.82,3,0.500607
audio06.TextGrid,14,4,said,47.280,47.600,VBD,3.5568,6.01,3,-3.498038
audio06.TextGrid,14,5,but,47.890,48.030,CC,5.6168,6.63,3,-0.038859
audio06.TextGrid,14,6,i,48.030,48.170,VBD,7.5242,7.09,1,3.431091
audio06.TextGrid,14,7,know,48.170,48.340,VBP,7.9210,6.1,2,1.587985
audio06.TextGrid,14,8,many,48.340,48.620,JJ,6.8180,5.91,4,-0.882296
audio06.TextGrid,14,9,tricks,48.620,49.270,NNS,5.3688,4.15,5,-2.622850
audio06.TextGrid,14,10,and,49.470,49.590,CC,4.2060,7.41,2,0.344553
audio06.TextGrid,14,11,i,49.590,49.720,NNS,5.9400,7.09,1,1.846891
audio06.TextGrid,14,12,have,49.720,49.890,VBP,4.4129,6.71,3,-2.138473
audio06.TextGrid,14,13,resolution,49.890,50.510,NN,11.6524,4.59,9,3.618124
audio06.TextGrid,15,1,you,52.370,52.550,PRP,5.7058,6.98,2,1.345975
audio06.TextGrid,15,2,ought,52.550,52.630,MD,8.7543,4.35,2,1.346255
audio06.TextGrid,15,3,to,52.630,52.700,TO,4.2062,7.43,2,0.367933
audio06.TextGrid,15,4,go,52.700,52.830,VB,6.5777,6.03,2,0.163554
audio06.TextGrid,15,5,to,52.830,52.900,TO,3.4124,7.43,2,-0.425867
audio06.TextGrid,15,6,bed,52.900,53.140,RB,6.5585,5.07,3,-1.172420
audio06.TextGrid,15,7,now,53.140,53.390,RB,5.8335,6.18,2,-0.406793
audio06.TextGrid,15,8,so,53.390,53.540,RB,5.8795,6.52,2,0.033273
audio06.TextGrid,15,9,that,53.540,53.700,IN,4.3575,7.01,3,-1.024850
audio06.TextGrid,15,10,you,53.700,53.790,PRP,6.0340,6.98,2,1.674175
audio06.TextGrid,15,11,will,53.790,53.900,MD,5.5489,6.45,3,-0.236222
audio06.TextGrid,15,12,be,53.900,54.050,VB,3.7609,6.79,2,-1.772392
audio06.TextGrid,15,13,fresh,54.050,54.340,JJ,10.3108,4.83,4,2.308695
audio06.TextGrid,15,14,in,54.340,54.410,IN,3.8586,7.27,2,-0.165110
audio06.TextGrid,15,15,the,54.410,54.490,DT,1.7063,7.73,2,-1.784261
audio06.TextGrid,15,16,morning,54.490,54.890,NN,8.8494,5.33,6,0.350102
audio06.TextGrid,16,1,i,55.550,55.640,NN,5.5144,7.09,1,1.421291
audio06.TextGrid,16,2,will,55.640,55.770,MD,4.2229,6.45,3,-1.562222
audio06.TextGrid,16,3,take,55.770,55.990,VB,5.6108,5.92,3,-1.508770
audio06.TextGrid,16,4,the,55.990,56.070,DT,2.3251,7.73,2,-1.165461
audio06.TextGrid,16,5,things,56.070,56.400,NNS,8.4878,5.74,4,0.739997
audio06.TextGrid,16,6,back,56.400,56.600,RB,8.2568,6.04,3,1.223539
audio06.TextGrid,16,7,to,56.600,56.710,TO,3.5812,7.43,2,-0.257067
audio06.TextGrid,16,8,the,56.710,56.800,DT,2.3998,7.73,2,-1.090761
audio06.TextGrid,16,9,terrace,56.800,57.330,NN,11.0455,3.88,5,3.097139
audio06.TextGrid,17,1,good,58.690,58.910,JJ,7.5665,6.12,3,0.590777
audio06.TextGrid,17,2,night,58.910,59.040,NN,8.6122,5.61,3,1.269667
audio06.TextGrid,17,3,then,59.040,59.370,RB,8.3709,6.07,3,1.359216
audio06.TextGrid,17,4,i,59.400,59.450,VB,7.1917,7.09,1,3.098591
audio06.TextGrid,17,5,will,59.880,60.030,MD,5.1356,6.45,3,-0.649522
audio06.TextGrid,17,6,wake,60.030,60.400,VB,12.6322,4.76,3,4.678316
audio06.TextGrid,17,7,you,60.400,60.510,PRP,7.7283,6.98,2,3.368475
audio06.TextGrid,17,8,in,60.510,60.570,IN,2.8943,7.27,2,-1.129410
audio06.TextGrid,17,9,the,60.570,60.650,DT,1.7015,7.73,2,-1.789061
audio06.TextGrid,17,10,morning,60.650,61.110,NN,8.8497,5.33,6,0.350402
audio06.TextGrid,18,1,you,62.260,62.380,PRP,5.7058,6.98,2,1.345975
audio06.TextGrid,18,2,re,62.380,62.440,VBP,3.9761,5.23,2,-3.365261
audio06.TextGrid,18,3,my,62.440,62.650,PRP$,8.2445,6.57,2,3.409477
audio06.TextGrid,18,4,alarm,62.650,62.970,NN,4.2555,4.28,5,-3.756992
audio06.TextGrid,18,5,clock,62.970,63.320,NN,11.4676,4.43,4,3.353713
audio06.TextGrid,18,6,the,63.440,63.540,DT,4.0686,7.73,2,0.578039
audio06.TextGrid,18,7,boy,63.540,63.760,NN,10.2442,5.17,2,2.833298
audio06.TextGrid,18,8,said,63.760,64.130,VBD,4.5292,6.01,3,-2.525638
audio06.TextGrid,19,1,age,64.960,65.410,NN,9.5425,5.32,2,2.305451
audio06.TextGrid,19,2,is,65.410,65.550,VBZ,3.8990,7.07,2,-1.309766
audio06.TextGrid,19,3,my,65.550,65.790,PRP$,8.0894,6.57,2,3.254377
audio06.TextGrid,19,4,alarm,65.790,66.080,NN,4.2527,4.28,5,-3.759792
audio06.TextGrid,19,5,clock,66.080,66.450,NN,11.4719,4.43,4,3.358013
audio06.TextGrid,19,6,the,66.750,66.870,DT,4.0616,7.73,2,0.571039
audio06.TextGrid,19,7,old,66.870,67.060,JJ,7.3427,5.75,3,0.100860
audio06.TextGrid,19,8,man,67.060,67.290,NN,7.6998,5.82,3,0.508307
audio06.TextGrid,19,9,said,67.290,67.670,VBD,4.4049,6.01,3,-2.649938
audio06.TextGrid,20,1,why,68.300,68.500,WRB,8.5208,5.93,2,2.944005
audio06.TextGrid,20,2,do,68.500,68.690,VBP,7.7790,6.35,2,1.735740
audio06.TextGrid,20,3,old,68.690,68.920,JJ,7.9634,5.75,3,0.721560
audio06.TextGrid,20,4,men,68.920,69.100,NNS,7.7984,5.51,3,0.383943
audio06.TextGrid,20,5,wake,69.100,69.390,VBP,10.8385,4.76,3,2.884616
audio06.TextGrid,20,6,so,69.390,69.680,RB,6.7334,6.52,2,0.887173
audio06.TextGrid,20,7,early,69.680,70.040,JJ,7.0740,5.43,3,-0.397995
audio06.TextGrid,21,1,is,70.620,70.760,VBZ,7.3696,7.07,2,2.160834
audio06.TextGrid,21,2,it,70.760,70.920,PRP,4.5538,6.95,2,0.159204
audio06.TextGrid,21,3,to,70.920,71.000,TO,3.3152,7.43,2,-0.523067
audio06.TextGrid,21,4,have,71.000,71.210,VB,4.6865,6.71,3,-1.864873
audio06.TextGrid,21,5,one,71.210,71.510,CD,6.5411,6.47,3,0.770363
audio06.TextGrid,21,6,longer,71.510,71.990,JJR,9.5618,5.16,5,1.408218
audio06.TextGrid,21,7,day,71.990,72.430,NN,8.7813,5.95,2,2.274432
audio06.TextGrid,22,1,i,73.870,74.000,JJ,5.5144,7.09,1,1.421291
audio06.TextGrid,22,2,don,74.000,74.170,VBP,12.6352,4.6,3,4.566239
audio06.TextGrid,22,3,t,74.170,74.200,NN,5.4864,5.43,1,-1.260719
audio06.TextGrid,22,4,know,74.200,74.500,VBP,7.8352,6.1,2,1.502185
audio06.TextGrid,22,5,the,74.660,74.770,DT,2.4396,7.73,2,-1.050961
audio06.TextGrid,22,6,boy,74.770,74.990,NN,10.2391,5.17,2,2.828198
audio06.TextGrid,22,7,said,74.990,75.350,VBD,5.3696,6.01,3,-1.685238
audio06.TextGrid,23,1,all,75.910,76.140,DT,5.5566,6.52,2,0.663626
audio06.TextGrid,23,2,i,76.140,76.270,NN,8.6922,7.09,1,4.599091
audio06.TextGrid,23,3,know,76.270,76.490,VBP,7.9885,6.1,2,1.655485
audio06.TextGrid,23,4,is,76.490,76.630,VBZ,4.6100,7.07,2,-0.598766
audio06.TextGrid,23,5,that,76.630,76.820,IN,4.4601,7.01,3,-0.922250
audio06.TextGrid,23,6,young,76.820,77.040,JJ,8.5433,5.43,3,1.071305
audio06.TextGrid,23,7,boys,77.040,77.430,NNS,9.4588,5.03,3,1.699110
audio06.TextGrid,23,8,sleep,77.430,77.770,JJ,10.2548,5.05,4,2.314174
audio06.TextGrid,23,9,late,77.770,78.010,JJ,8.1192,5.34,3,0.582473
audio06.TextGrid,23,10,and,78.010,78.150,CC,3.7166,7.41,3,-1.378055
audio06.TextGrid,23,11,hard,78.150,78.630,JJ,7.7833,5.53,4,-0.023188
audio06.TextGrid,24,1,i,79.990,80.110,NN,5.5144,7.09,1,1.421291
audio06.TextGrid,24,2,can,80.110,80.340,MD,5.3141,6.46,3,-0.463830
audio06.TextGrid,24,3,remember,80.340,80.890,VB,9.5920,5.38,7,0.722247
audio06.TextGrid,24,4,it,80.890,81.090,PRP,4.3895,6.95,2,-0.005096
audio06.TextGrid,24,5,the,81.470,81.570,DT,3.8258,7.73,2,0.335239
audio06.TextGrid,24,6,old,81.570,81.780,JJ,7.3408,5.75,3,0.098960
audio06.TextGrid,24,7,man,81.780,82.050,NN,7.6964,5.82,3,0.504907
audio06.TextGrid,24,8,said,82.050,82.460,VBD,4.4602,6.01,3,-2.594638
audio06.TextGrid,25,1,i,83.390,83.490,NN,5.5144,7.09,1,1.421291
audio06.TextGrid,25,2,ll,83.490,83.570,VBP,3.9811,4.66,1,-3.997097
audio06.TextGrid,25,3,waken,83.570,83.860,VBN,5.7477,2.29,5,-1.945737
audio06.TextGrid,25,4,you,83.860,84.020,PRP,7.0189,6.98,2,2.659075
audio06.TextGrid,25,5,in,84.020,84.130,IN,2.9842,7.27,2,-1.039510
audio06.TextGrid,25,6,time,84.130,84.570,NN,7.4945,6.29,3,0.641048
audio06.TextGrid,26,1,i,85.970,86.040,NNS,5.5144,7.09,1,1.421291
audio06.TextGrid,26,2,do,86.040,86.130,VBP,5.3616,6.35,2,-0.681660
audio06.TextGrid,26,3,not,86.130,86.350,RB,5.5372,6.69,3,-1.028558
audio06.TextGrid,26,4,like,86.350,86.520,VB,6.9985,6.41,3,0.231356
audio06.TextGrid,26,5,for,86.520,86.670,IN,5.1162,7.01,2,0.791145
audio06.TextGrid,26,6,him,86.670,86.800,PRP,7.4668,6.11,3,1.437138
audio06.TextGrid,26,7,to,86.800,86.900,TO,3.2404,7.43,2,-0.597867
audio06.TextGrid,26,8,waken,86.900,87.230,VB,4.3477,2.29,5,-3.345737
audio06.TextGrid,26,9,me,87.230,87.440,PRP,8.5498,6.48,2,3.610465
audio06.TextGrid,26,10,it,87.730,87.860,PRP,5.7812,6.95,2,1.386604
audio06.TextGrid,26,11,is,87.860,87.990,VBZ,4.2030,7.07,2,-1.005766
audio06.TextGrid,26,12,as,87.990,88.120,IN,5.1941,6.77,2,0.590881
audio06.TextGrid,26,13,though,88.120,88.280,IN,8.4739,5.5,2,2.398727
audio06.TextGrid,26,14,i,88.280,88.370,NN,5.7477,7.09,1,1.654591
audio06.TextGrid,26,15,were,88.370,88.570,VBD,5.8659,6.34,2,-0.188950
audio06.TextGrid,26,16,inferior,88.570,89.180,JJ,5.8008,3.81,7,-1.436317
audio06.TextGrid,27,1,i,90.210,90.340,NN,5.5144,7.09,1,1.421291
audio06.TextGrid,27,2,know,90.340,90.620,VBP,7.0565,6.1,2,0.723485
audio06.TextGrid,27,3,sleep,92.040,92.340,RB,10.3310,5.05,4,2.390374
audio06.TextGrid,27,4,well,92.340,92.530,RB,6.6817,6.03,3,-0.358754
audio06.TextGrid,27,5,old,92.530,92.740,JJ,7.8123,5.75,3,0.570460
audio06.TextGrid,27,6,man,92.740,93.030,NN,9.2768,5.82,3,2.085307
audio06.TextGrid,28,1,the,95.230,95.320,DT,1.8241,7.73,2,-1.666461
audio06.TextGrid,28,2,boy,95.320,95.570,NN,10.2353,5.17,2,2.824398
audio06.TextGrid,28,3,went,95.570,95.780,VBD,7.4454,5.5,4,-0.369472
audio06.TextGrid,28,4,out,95.780,96.110,IN,5.7251,6.38,2,0.669863
audio06.TextGrid,28,5,they,96.580,96.730,PRP,5.2122,6.5,2,0.296045
audio06.TextGrid,28,6,had,96.730,96.840,VBD,6.8348,6.33,3,0.010117
audio06.TextGrid,28,7,eaten,96.840,97.220,VBN,6.3642,4.13,4,-1.833523
audio06.TextGrid,28,8,with,97.220,97.390,IN,4.1907,6.85,3,-1.306727
audio06.TextGrid,28,9,no,97.390,97.570,DT,5.6710,6.35,2,0.580993
audio06.TextGrid,28,10,light,97.570,97.810,NN,7.7264,5.33,3,0.182481
audio06.TextGrid,28,11,on,97.810,97.920,IN,5.4019,6.91,2,0.960943
audio06.TextGrid,28,12,the,97.920,98.010,DT,1.7097,7.73,2,-1.780861
audio06.TextGrid,28,13,table,98.010,98.430,NN,10.2351,5.05,5,2.099154
audio06.TextGrid,28,14,and,98.660,98.760,CC,4.2567,7.41,2,0.395253
audio06.TextGrid,28,15,the,98.760,98.850,DT,2.3299,7.73,2,-1.160661
audio06.TextGrid,28,16,old,98.850,99.070,JJ,7.3317,5.75,3,0.089860
audio06.TextGrid,28,17,man,99.070,99.290,NN,7.6917,5.82,3,0.500207
audio06.TextGrid,28,18,took,99.290,99.500,VBD,7.5031,5.51,3,0.088643
audio06.TextGrid,28,19,off,99.500,99.670,RP,6.2500,5.93,2,0.673205
audio06.TextGrid,28,20,his,99.670,99.850,PRP$,5.9786,6.51,3,0.236632
audio06.TextGrid,28,21,trousers,99.850,100.400,NNS,5.5675,3.7,6,-1.953615
audio06.TextGrid,28,22,and,100.400,100.590,CC,3.9923,7.41,3,-1.102355
audio06.TextGrid,28,23,went,100.590,100.740,VBD,8.8229,5.5,4,1.008028
audio06.TextGrid,28,24,to,100.740,100.840,TO,3.3583,7.43,2,-0.479967
audio06.TextGrid,28,25,bed,100.840,101.110,NN,6.9052,5.07,3,-0.825720
audio06.TextGrid,28,26,in,101.110,101.190,IN,3.2658,7.27,2,-0.757910
audio06.TextGrid,28,27,the,101.190,101.290,DT,1.7011,7.73,2,-1.789461
audio06.TextGrid,28,28,dark,101.290,101.710,NN,10.7240,5.04,4,2.780580
audio06.TextGrid,29,1,he,102.400,102.470,PRP,4.5353,6.69,2,-0.160641
audio06.TextGrid,29,2,rolled,102.470,102.810,VBD,9.2046,4.21,4,1.029234
audio06.TextGrid,29,3,his,102.810,103.030,PRP$,6.2985,6.51,3,0.556532
audio06.TextGrid,29,4,trousers,103.030,103.460,NNS,5.5828,3.7,6,-1.938315
audio06.TextGrid,29,5,up,103.460,103.640,VBP,6.0907,6.39,2,0.093801
audio06.TextGrid,29,6,to,103.640,103.710,TO,3.5765,7.43,2,-0.261767
audio06.TextGrid,29,7,make,103.710,103.870,VB,5.6504,6.08,3,-1.354092
audio06.TextGrid,29,8,a,103.870,103.920,DT,3.2147,7.36,1,0.506520
audio06.TextGrid,29,9,pillow,103.920,104.370,NN,10.2390,3.96,4,1.993770
audio06.TextGrid,29,10,putting,104.570,104.900,VBG,10.8768,4.86,5,2.771316
audio06.TextGrid,29,11,the,104.900,105.010,DT,2.3037,7.73,2,-1.186861
audio06.TextGrid,29,12,newspaper,105.010,105.460,NN,7.6719,4.6,7,-0.386734
audio06.TextGrid,29,13,inside,105.460,105.870,IN,11.5059,5.19,5,4.300760
audio06.TextGrid,29,14,them,105.870,106.100,PRP,8.1005,6.19,3,2.128377
audio06.TextGrid,30,1,he,107.170,107.280,PRP,4.5353,6.69,2,-0.160641
audio06.TextGrid,30,2,rolled,107.280,107.530,VBD,9.2046,4.21,4,1.029234
audio06.TextGrid,30,3,himself,107.530,107.920,PRP,8.9408,5.25,7,1.159486
audio06.TextGrid,30,4,in,107.920,107.990,IN,3.1490,7.27,2,-0.874710
audio06.TextGrid,30,5,the,107.990,108.060,DT,1.6968,7.73,2,-1.793761
audio06.TextGrid,30,6,blanket,108.060,108.590,NN,4.1369,4.07,7,-3.370590
audio06.TextGrid,30,7,and,108.590,108.690,CC,4.5017,7.41,2,0.640253
audio06.TextGrid,30,8,slept,108.690,108.990,NN,5.4532,4.18,5,-2.543259
audio06.TextGrid,30,9,on,108.990,109.100,IN,4.9346,6.91,2,0.493643
audio06.TextGrid,30,10,the,109.100,109.230,DT,1.6982,7.73,2,-1.792361
audio06.TextGrid,30,11,other,109.230,109.450,JJ,5.7822,6.16,3,-1.164753
audio06.TextGrid,30,12,old,109.450,109.690,JJ,7.9674,5.75,3,0.725560
audio06.TextGrid,30,13,newspapers,109.690,110.350,NNS,9.0005,4.25,8,1.462335
audio06.TextGrid,30,14,that,110.350,110.520,WDT,4.1148,7.01,3,-1.267550
audio06.TextGrid,30,15,covered,110.520,110.820,VBD,10.5026,4.83,5,2.401926
audio06.TextGrid,30,16,the,110.820,110.930,DT,3.1974,7.73,2,-0.293161
audio06.TextGrid,30,17,springs,110.930,111.390,NNS,9.7180,4.24,6,1.872824
audio06.TextGrid,30,18,of,111.390,111.460,IN,3.5812,7.4,2,-0.291838
audio06.TextGrid,30,19,the,111.460,111.550,DT,1.6869,7.73,2,-1.803661
audio06.TextGrid,30,20,bed,111.550,111.960,NN,4.1354,5.07,3,-3.595520
audio06.TextGrid,31,1,he,113.760,113.850,PRP,4.5353,6.69,2,-0.160641
audio06.TextGrid,31,2,was,113.850,114.020,VBD,3.9158,6.82,3,-2.556457
audio06.TextGrid,31,3,asleep,114.020,114.430,RB,4.6349,4.36,5,-3.390419
audio06.TextGrid,31,4,in,114.430,114.520,IN,3.7318,7.27,2,-0.291910
audio06.TextGrid,31,5,a,114.520,114.590,DT,2.6196,7.36,1,-0.088580
audio06.TextGrid,31,6,short,114.590,114.900,JJ,8.2204,5.33,4,0.358021
audio06.TextGrid,31,7,time,114.930,115.410,NN,5.9638,6.29,3,-0.889652
audio06.TextGrid,31,8,and,115.690,115.820,CC,4.4647,7.41,3,-0.629955
audio06.TextGrid,31,9,he,115.820,115.910,PRP,5.0715,6.69,2,0.375559
audio06.TextGrid,31,10,dreamed,115.910,116.320,VBD,10.4594,3.75,5,2.531882
audio06.TextGrid,31,11,of,116.320,116.430,IN,3.4431,7.4,2,-0.429938
audio06.TextGrid,31,12,africa,116.430,116.830,NN,11.0544,4.92,6,2.801148
audio06.TextGrid,31,13,when,116.830,117.170,WRB,6.8892,6.37,4,0.270705
audio06.TextGrid,31,14,he,117.170,117.260,PRP,4.6675,6.69,2,-0.028441
audio06.TextGrid,31,15,was,117.260,117.430,VBD,3.9210,6.82,3,-2.551257
audio06.TextGrid,31,16,a,117.430,117.490,DT,3.3069,7.36,1,0.598720
audio06.TextGrid,31,17,boy,117.490,117.930,NN,10.2400,5.17,2,2.829098
audio06.TextGrid,31,18,and,118.250,118.370,CC,4.2729,7.41,2,0.411453
audio06.TextGrid,31,19,the,118.370,118.440,DT,2.3162,7.73,2,-1.174361
audio06.TextGrid,31,20,long,118.440,118.800,JJ,7.8280,5.81,3,0.629314
audio06.TextGrid,31,21,golden,118.800,119.220,JJ,11.1629,4.67,6,3.059676
audio06.TextGrid,31,22,beaches,119.220,119.860,NNS,5.7262,3.96,5,-2.234987
audio06.TextGrid,31,23,and,119.860,119.960,CC,4.2783,7.41,2,0.416853
audio06.TextGrid,31,24,the,119.960,120.040,DT,2.2568,7.73,2,-1.233761
audio06.TextGrid,31,25,white,120.040,120.340,JJ,7.9595,5.51,3,0.545043
audio06.TextGrid,31,26,beaches,120.380,121.040,NNS,6.7145,3.96,5,-1.246687
audio06.TextGrid,31,27,so,121.350,121.510,RB,6.7843,6.52,2,0.938073
audio06.TextGrid,31,28,white,121.510,121.780,JJ,8.5377,5.51,3,1.123243
audio06.TextGrid,31,29,they,121.780,122.040,PRP,7.5201,6.5,2,2.603945
audio06.TextGrid,31,30,hurt,122.040,122.270,VBP,8.2812,4.94,3,0.456779
audio06.TextGrid,31,31,your,122.270,122.420,PRP$,7.7500,6.53,3,2.022417
audio06.TextGrid,31,32,eyes,122.420,122.910,NNS,9.6352,5.21,2,2.270658
audio06.TextGrid,31,33,and,123.220,123.340,CC,4.0101,7.41,2,0.148653
audio06.TextGrid,31,34,the,123.340,123.450,DT,2.3284,7.73,2,-1.162161
audio06.TextGrid,31,35,high,123.450,123.680,JJ,6.8855,5.75,2,0.146829
audio06.TextGrid,31,36,capes,123.680,124.290,NNS,6.0017,3.0,4,-2.511805
audio06.TextGrid,31,37,and,124.290,124.400,CC,4.2801,7.41,2,0.418653
audio06.TextGrid,31,38,the,124.400,124.490,DT,2.2336,7.73,2,-1.256961
audio06.TextGrid,31,39,great,124.490,124.770,JJ,7.7303,5.88,4,0.021621
audio06.TextGrid,31,40,brown,124.810,125.110,NN,10.4150,5.01,4,2.463196
audio06.TextGrid,31,41,mountains,125.110,125.820,NNS,7.3903,4.5,7,-0.564345
audio06.TextGrid,32,1,he,126.800,126.940,PRP,4.5353,6.69,2,-0.160641
audio06.TextGrid,32,2,lived,126.940,127.130,VBD,3.3819,4.88,4,-4.606233
audio06.TextGrid,32,3,along,127.130,127.430,RP,9.1040,5.38,4,2.208847
audio06.TextGrid,32,4,that,127.430,127.620,IN,4.7006,7.01,3,-0.681750
audio06.TextGrid,32,5,coast,127.620,128.030,NN,11.2196,4.87,4,3.228673
audio06.TextGrid,32,6,now,128.030,128.320,RB,7.9723,6.18,2,1.732007
audio06.TextGrid,32,7,every,128.320,128.540,DT,9.0334,5.79,4,2.252823
audio06.TextGrid,32,8,night,128.540,128.910,NN,8.1900,5.61,3,0.847467
audio06.TextGrid,32,9,and,129.180,129.370,CC,4.3494,7.41,3,-0.745255
audio06.TextGrid,32,10,in,129.370,129.490,IN,4.3180,7.27,2,0.294290
audio06.TextGrid,32,11,his,129.490,129.670,PRP$,5.3634,6.51,3,-0.378568
audio06.TextGrid,32,12,dreams,129.670,130.210,NN,4.2571,4.59,5,-3.805095
audio06.TextGrid,32,13,he,130.210,130.340,PRP,6.1481,6.69,2,1.452159
audio06.TextGrid,32,14,heard,130.340,130.540,VBD,8.7915,5.27,3,1.204427
audio06.TextGrid,32,15,the,130.540,130.630,DT,2.8022,7.73,2,-0.688361
audio06.TextGrid,32,16,surf,130.630,131.050,NN,4.1462,3.86,3,-4.454996
audio06.TextGrid,32,17,roar,131.050,131.460,NN,5.4072,3.7,3,-3.309074
audio06.TextGrid,32,18,and,131.460,131.620,CC,4.1343,7.41,3,-0.960355
audio06.TextGrid,32,19,saw,131.620,131.820,VBD,9.7195,5.34,2,2.505631
audio06.TextGrid,32,20,the,131.820,131.920,DT,2.4266,7.73,2,-1.063961
audio06.TextGrid,32,21,native,131.920,132.170,JJ,10.7257,4.69,5,2.647472
audio06.TextGrid,32,22,boats,132.170,132.560,NNS,5.6247,4.25,4,-2.539488
audio06.TextGrid,32,23,come,132.560,132.790,VBP,7.5638,5.78,3,0.343537
audio06.TextGrid,32,24,riding,132.790,133.180,VBG,11.0724,4.49,5,3.026238
audio06.TextGrid,32,25,through,133.180,133.460,IN,7.1108,5.87,3,0.908521
audio06.TextGrid,32,26,it,133.460,133.630,PRP,3.8411,6.95,2,-0.553496
audio06.TextGrid,33,1,he,134.140,134.260,PRP,4.5353,6.69,2,-0.160641
audio06.TextGrid,33,2,smelled,134.260,134.590,VBD,3.3819,3.5,5,-4.505535
audio06.TextGrid,33,3,the,134.590,134.670,DT,2.4671,7.73,2,-1.023461
audio06.TextGrid,33,4,tar,134.670,135.100,NN,4.1402,3.63,3,-4.626420
audio06.TextGrid,33,5,and,135.100,135.310,CC,4.5526,7.41,3,-0.542055
audio06.TextGrid,33,6,oakum,135.310,135.600,NN,5.5401,1.51,4,-3.389790
audio06.TextGrid,33,7,of,135.600,135.680,IN,3.3924,7.4,2,-0.480638
audio06.TextGrid,33,8,the,135.680,135.790,DT,1.6963,7.73,2,-1.794261
audio06.TextGrid,33,9,deck,135.790,136.190,NN,10.2361,4.41,3,2.030484
audio06.TextGrid,33,10,as,136.190,136.350,IN,4.9490,6.77,2,0.345781
audio06.TextGrid,33,11,he,136.350,136.450,PRP,4.4883,6.69,2,-0.207641
audio06.TextGrid,33,12,slept,136.450,136.900,VBD,4.5943,4.18,5,-3.402159
audio06.TextGrid,34,1,and,137.470,137.560,CC,3.7036,7.41,2,-0.157847
audio06.TextGrid,34,2,he,137.560,137.670,PRP,4.7461,6.69,2,0.050159
audio06.TextGrid,34,3,smelled,137.670,138.140,VBD,3.3478,3.5,5,-4.539635
audio06.TextGrid,34,4,the,138.140,138.260,DT,2.4618,7.73,2,-1.028761
audio06.TextGrid,34,5,smell,138.260,138.580,NN,4.1402,4.49,4,-3.956919
audio06.TextGrid,34,6,of,138.580,138.680,IN,3.1696,7.4,2,-0.703438
audio06.TextGrid,34,7,africa,138.680,139.050,NN,11.0037,4.92,6,2.750448
audio06.TextGrid,34,8,that,139.050,139.290,IN,5.1755,7.01,3,-0.206850
audio06.TextGrid,34,9,the,139.400,139.630,DT,1.9498,7.73,2,-1.540761
audio06.TextGrid,34,10,land,139.630,140.060,NN,9.1327,5.22,4,1.239581
audio06.TextGrid,34,11,breeze,140.060,140.560,NN,5.3671,3.86,4,-2.906075
audio06.TextGrid,34,12,brought,140.560,140.850,VBD,9.5049,5.16,4,1.595014
audio06.TextGrid,34,13,at,140.850,141.000,IN,4.5311,6.7,2,-0.153251
audio06.TextGrid,34,14,morning,141.000,141.450,NN,10.5004,5.33,6,2.001102
audio06.TextGrid,35,1,usually,143.490,144.030,RB,8.7093,5.15,6,0.318022
audio06.TextGrid,35,2,when,144.030,144.190,WRB,7.3407,6.37,3,1.498039
audio06.TextGrid,35,3,he,144.190,144.330,PRP,4.7749,6.69,2,0.078959
audio06.TextGrid,35,4,smelled,144.330,144.680,VBD,3.3861,3.5,5,-4.501335
audio06.TextGrid,35,5,the,144.680,144.750,DT,2.3624,7.73,2,-1.128161
audio06.TextGrid,35,6,land,144.750,145.060,NN,9.1326,5.22,4,1.239481
audio06.TextGrid,35,7,breeze,145.060,145.620,NN,5.3842,3.86,4,-2.888975
audio06.TextGrid,35,8,he,145.620,145.710,PRP,6.1418,6.69,2,1.445859
audio06.TextGrid,35,9,woke,145.710,145.980,VBD,3.6232,4.22,3,-4.719071
audio06.TextGrid,35,10,up,145.980,146.250,RB,5.0410,6.39,2,-0.955899
audio06.TextGrid,35,11,and,146.250,146.370,CC,4.1287,7.41,2,0.267253
audio06.TextGrid,35,12,dressed,146.370,146.710,VBD,10.1163,4.42,5,2.081361
audio06.TextGrid,35,13,to,146.710,146.780,TO,2.7264,7.43,2,-1.111867
audio06.TextGrid,35,14,go,146.780,146.970,VB,6.9382,6.03,2,0.524054
audio06.TextGrid,35,15,and,146.970,147.070,CC,4.0736,7.41,3,-1.021055
audio06.TextGrid,35,16,wake,147.070,147.300,VB,12.0049,4.76,3,4.051016
audio06.TextGrid,35,17,the,147.300,147.380,DT,3.9491,7.73,2,0.458539
audio06.TextGrid,35,18,boy,147.380,147.760,NN,10.2427,5.17,2,2.831798
audio06.TextGrid,36,1,but,147.760,147.920,CC,5.3198,6.63,3,-0.335859
audio06.TextGrid,36,2,tonight,148.770,149.280,VBD,6.8858,5.03,5,-1.246940
audio06.TextGrid,36,3,the,149.280,149.390,DT,2.3457,7.73,2,-1.144861
audio06.TextGrid,36,4,smell,149.390,149.690,NN,4.1378,4.49,4,-3.959319
audio06.TextGrid,36,5,of,149.690,149.750,IN,3.1660,7.4,2,-0.707038
audio06.TextGrid,36,6,the,149.750,149.840,DT,1.7006,7.73,2,-1.789961
audio06.TextGrid,36,7,land,149.840,150.110,NN,9.1322,5.22,4,1.239081
audio06.TextGrid,36,8,breeze,150.110,150.490,NN,5.3221,3.86,4,-2.951075
audio06.TextGrid,36,9,came,150.490,150.740,VBD,8.1203,5.5,3,0.698651
audio06.TextGrid,36,10,very,150.740,151.060,RB,7.0117,6.0,4,-0.663445
audio06.TextGrid,36,11,early,151.060,151.530,RB,7.0799,5.43,3,-0.392095
audio06.TextGrid,36,12,and,151.800,151.900,CC,3.6747,7.41,3,-1.419955
audio06.TextGrid,36,13,he,151.900,152.030,PRP,5.7452,6.69,2,1.049259
audio06.TextGrid,36,14,knew,152.030,152.240,VBD,9.0498,5.2,3,1.412380
audio06.TextGrid,36,15,it,152.240,152.370,PRP,4.5179,6.95,2,0.123304
audio06.TextGrid,36,16,was,152.370,152.540,VBD,4.7907,6.82,3,-1.681557
audio06.TextGrid,36,17,too,152.540,152.830,RB,7.2063,5.95,2,0.699432
audio06.TextGrid,36,18,early,152.830,153.080,JJ,7.0707,5.43,3,-0.401295
audio06.TextGrid,36,19,in,153.080,153.180,IN,3.3562,7.27,2,-0.667510
audio06.TextGrid,36,20,his,153.180,153.370,PRP$,5.3902,6.51,3,-0.351768
audio06.TextGrid,36,21,dream,153.370,153.840,NN,4.2571,4.91,4,-3.722649
audio06.TextGrid,36,22,and,153.900,154.070,CC,4.1325,7.41,3,-0.962155
audio06.TextGrid,36,23,went,154.070,154.290,VBD,8.9848,5.5,4,1.169928
audio06.TextGrid,36,24,on,154.290,154.530,IN,4.9073,6.91,2,0.466343
audio06.TextGrid,36,25,dreaming,154.530,155.070,VBG,8.0215,3.94,6,0.356358
audio06.TextGrid,36,26,to,155.070,155.240,TO,3.7807,7.43,2,-0.057567
audio06.TextGrid,36,27,see,155.240,155.400,VB,6.7538,6.1,2,0.420785
audio06.TextGrid,36,28,the,155.400,155.490,DT,2.3264,7.73,2,-1.164161
audio06.TextGrid,36,29,white,155.490,155.710,JJ,7.9556,5.51,3,0.541143
audio06.TextGrid,36,30,peaks,155.710,156.090,NNS,10.7600,3.87,4,2.489620
audio06.TextGrid,36,31,of,156.090,156.160,IN,2.7955,7.4,2,-1.077538
audio06.TextGrid,36,32,the,156.160,156.330,DT,1.6990,7.73,2,-1.791561
audio06.TextGrid,36,33,islands,156.330,156.790,NNS,9.7745,4.5,6,1.773295
audio06.TextGrid,36,34,rising,156.790,157.290,VBG,9.5122,4.52,5,1.461228
audio06.TextGrid,36,35,from,157.290,157.460,IN,5.1311,6.63,3,-0.524559
audio06.TextGrid,36,36,the,157.460,157.540,DT,1.6940,7.73,2,-1.796561
audio06.TextGrid,36,37,sea,157.540,157.940,NN,8.2708,5.06,2,0.732406
audio06.TextGrid,37,1,and,158.600,158.700,CC,3.7036,7.41,2,-0.157847
audio06.TextGrid,37,2,then,158.700,158.830,RB,6.4220,6.07,3,-0.589684
audio06.TextGrid,37,3,he,158.830,158.950,PRP,6.8785,6.69,2,2.182559
audio06.TextGrid,37,4,dreamed,158.950,159.270,VBD,9.9367,3.75,5,2.009182
audio06.TextGrid,37,5,of,159.270,159.340,IN,3.4563,7.4,2,-0.416738
audio06.TextGrid,37,6,the,159.340,159.450,DT,1.7444,7.73,2,-1.746161
audio06.TextGrid,37,7,different,159.450,159.770,JJ,7.6481,5.59,7,-1.440031
audio06.TextGrid,37,8,harbours,159.770,160.250,NNS,5.6483,2.93,9,0.800328
audio06.TextGrid,37,9,and,160.250,160.390,CC,4.3780,7.41,3,-0.716655
audio06.TextGrid,37,10,roadsteads,160.390,161.150,NNS,6.6098,0.0,8,5.360266
audio06.TextGrid,37,11,of,161.150,161.210,IN,2.8783,7.4,2,-0.994738
audio06.TextGrid,37,12,the,161.210,161.310,DT,1.6975,7.73,2,-1.793061
audio06.TextGrid,37,13,canary,161.310,161.740,JJ,5.0748,3.44,6,-2.290286
audio06.TextGrid,37,14,islands,161.740,162.300,NNS,10.0417,4.5,6,2.040495
audio06.TextGrid,38,1,he,163.980,164.060,PRP,4.5353,6.69,2,-0.160641
audio06.TextGrid,38,2,no,164.060,164.220,RB,7.7850,6.35,2,1.741740
audio06.TextGrid,38,3,longer,164.220,164.550,RBR,8.6320,5.16,5,0.478418
audio06.TextGrid,38,4,dreamed,164.550,164.890,VBN,10.8758,3.75,5,2.948282
audio06.TextGrid,38,5,of,164.890,164.990,IN,3.4750,7.4,2,-0.398038
audio06.TextGrid,38,6,storms,164.990,165.840,NNS,6.8682,3.94,6,-0.796942
audio06.TextGrid,38,7,nor,165.880,166.090,CC,9.3298,4.78,3,2.343554
audio06.TextGrid,38,8,of,166.090,166.220,IN,4.3658,7.4,2,0.492762
audio06.TextGrid,38,9,women,166.220,166.650,NNS,8.7919,5.57,5,0.572582
audio06.TextGrid,38,10,nor,166.860,167.080,CC,8.4647,4.78,3,1.478454
audio06.TextGrid,38,11,of,167.080,167.180,IN,3.9986,7.4,2,0.125562
audio06.TextGrid,38,12,great,167.180,167.470,JJ,8.0546,5.88,4,0.345921
audio06.TextGrid,38,13,occurrences,167.470,168.410,NNS,10.0491,3.26,8,3.975816
audio06.TextGrid,38,14,nor,168.530,168.740,CC,8.0157,4.78,3,1.029454
audio06.TextGrid,38,15,of,168.740,168.800,IN,3.8750,7.4,2,0.001962
audio06.TextGrid,38,16,great,168.800,169.130,JJ,8.0547,5.88,4,0.346021
audio06.TextGrid,38,17,fish,169.130,169.570,JJ,5.1983,4.9,3,-2.654891
audio06.TextGrid,38,18,nor,169.960,170.150,CC,8.2739,4.78,3,1.287654
audio06.TextGrid,38,19,fights,170.150,170.750,NNS,11.2237,4.19,4,3.042745
audio06.TextGrid,38,20,nor,170.750,170.890,CC,8.1559,4.78,3,1.169654
audio06.TextGrid,38,21,contests,170.890,171.590,NNS,10.6430,3.7,6,3.121885
audio06.TextGrid,38,22,of,171.590,171.670,IN,3.5247,7.4,2,-0.348338
audio06.TextGrid,38,23,strength,171.670,172.100,NN,9.9490,4.8,6,1.767761
audio06.TextGrid,38,24,nor,172.640,172.850,CC,8.6793,4.78,3,1.693054
audio06.TextGrid,38,25,of,172.850,172.950,IN,4.4041,7.4,2,0.531062
audio06.TextGrid,38,26,his,172.950,173.150,PRP$,5.3745,6.51,3,-0.367468
audio06.TextGrid,38,27,wife,173.150,173.470,NN,9.6635,5.23,3,2.047657
audio06.TextGrid,39,1,he,174.450,174.580,PRP,4.5353,6.69,2,-0.160641
audio06.TextGrid,39,2,only,174.580,174.800,RB,7.3457,6.12,4,-0.295911
audio06.TextGrid,39,3,dreamed,174.800,175.130,VBD,10.5652,3.75,5,2.637682
audio06.TextGrid,39,4,of,175.130,175.210,IN,3.4796,7.4,2,-0.393438
audio06.TextGrid,39,5,places,175.210,175.810,NNS,10.1742,5.03,6,1.854936
audio06.TextGrid,39,6,now,175.810,176.160,RB,6.9503,6.18,2,0.710007
audio06.TextGrid,39,7,and,176.360,176.490,CC,3.5613,7.41,2,-0.300147
audio06.TextGrid,39,8,of,176.490,176.570,IN,2.6221,7.4,2,-1.250938
audio06.TextGrid,39,9,the,176.570,176.660,DT,1.7750,7.73,2,-1.715561
audio06.TextGrid,39,10,lions,176.660,177.130,NNS,6.4489,4.18,5,-1.547559
audio06.TextGrid,39,11,on,177.130,177.270,IN,4.7378,6.91,2,0.296843
audio06.TextGrid,39,12,the,177.270,177.350,DT,1.6992,7.73,2,-1.791361
audio06.TextGrid,39,13,beach,177.350,177.860,NN,10.3513,4.92,3,2.512494
audio06.TextGrid,40,1,they,178.350,178.450,PRP,4.6769,6.5,2,-0.239255
audio06.TextGrid,40,2,played,178.450,178.890,VBP,8.8821,5.23,4,0.991776
audio06.TextGrid,40,3,like,178.890,179.120,IN,6.3396,6.41,3,0.525709
audio06.TextGrid,40,4,young,179.120,179.390,JJ,8.2750,5.43,3,0.803005
audio06.TextGrid,40,5,cats,179.390,179.820,NNS,5.2777,4.46,4,-2.827803
audio06.TextGrid,40,6,in,179.820,179.910,IN,3.4773,7.27,2,-0.546410
audio06.TextGrid,40,7,the,179.910,179.990,DT,1.6932,7.73,2,-1.797361
audio06.TextGrid,40,8,dusk,179.990,180.460,NN,4.1366,3.44,4,-4.253945
audio06.TextGrid,41,1,and,180.930,181.040,CC,3.7036,7.41,2,-0.157847
audio06.TextGrid,41,2,he,181.040,181.150,PRP,4.7461,6.69,2,0.050159
audio06.TextGrid,41,3,loved,181.150,181.400,VBD,9.0938,5.0,4,1.139202
audio06.TextGrid,41,4,them,181.400,181.660,PRP,6.6508,6.19,3,0.678677
audio06.TextGrid,41,5,as,181.660,181.760,IN,4.7247,6.77,2,0.121481
audio06.TextGrid,41,6,he,181.760,181.850,PRP,4.5114,6.69,2,-0.184541
audio06.TextGrid,41,7,loved,181.850,182.040,VBD,10.4925,5.0,4,2.537902
audio06.TextGrid,41,8,the,182.040,182.120,DT,2.4438,7.73,2,-1.046761
audio06.TextGrid,41,9,boy,182.120,182.510,NN,10.2394,5.17,2,2.828498
audio06.TextGrid,42,1,he,183.390,183.490,PRP,4.5353,6.69,2,-0.160641
audio06.TextGrid,42,2,never,183.490,183.690,RB,8.6655,5.91,4,0.965204
audio06.TextGrid,42,3,dreamed,183.690,184.020,VBD,10.5250,3.75,5,2.597482
audio06.TextGrid,42,4,about,184.020,184.240,IN,5.6871,6.4,4,-0.923011
audio06.TextGrid,42,5,the,184.240,184.350,DT,2.0017,7.73,2,-1.488861
audio06.TextGrid,42,6,boy,184.350,184.720,NN,10.2425,5.17,2,2.831598
audio06.TextGrid,43,1,he,185.820,185.930,PRP,4.5353,6.69,2,-0.160641
audio06.TextGrid,43,2,simply,185.930,186.250,RB,9.7652,5.08,6,1.415930
audio06.TextGrid,43,3,woke,186.250,186.720,VBD,4.0428,4.22,3,-4.299471
audio06.TextGrid,43,4,looked,186.850,187.400,VBD,11.4331,5.11,4,3.509242
audio06.TextGrid,43,5,out,187.400,187.600,RP,5.6849,6.38,2,0.629663
audio06.TextGrid,43,6,the,187.600,187.730,DT,2.1695,7.73,2,-1.321061
audio06.TextGrid,43,7,open,187.730,188.430,JJ,8.6792,5.48,4,0.858739
audio06.TextGrid,44,1,door,188.430,188.750,NN,10.2357,5.08,3,2.511972
audio06.TextGrid,44,2,at,188.750,188.980,IN,5.7131,6.7,2,1.028749
audio06.TextGrid,44,3,the,188.980,189.340,DT,1.6980,7.73,2,-1.792561
audio06.TextGrid,44,4,moon,189.340,189.590,NN,11.0450,4.7,3,3.047962
audio06.TextGrid,44,5,and,189.620,189.950,CC,3.7416,7.41,3,-1.353055
audio06.TextGrid,44,6,unrolled,189.950,190.460,VBD,8.5299,2.21,6,1.902952
audio06.TextGrid,45,1,his,191.090,191.420,PRP$,5.4396,6.51,3,-0.302368
audio06.TextGrid,45,2,trousers,191.420,192.310,NNS,5.5695,3.7,6,-1.951615
audio06.TextGrid,45,3,and,192.310,192.600,CC,4.5868,7.41,3,-0.507855
audio06.TextGrid,45,4,put,193.110,193.910,VB,10.0086,5.66,3,2.702029
audio06.TextGrid,45,5,them,193.910,194.440,PRP,7.4598,6.19,3,1.487677
audio06.TextGrid,45,6,on,194.440,194.720,IN,4.4145,6.91,2,-0.026457
audio06.TextGrid,46,1,he,194.720,194.790,PRP,4.5353,6.69,2,-0.160641
audio06.TextGrid,46,2,urinated,195.480,196.010,VBD,3.3819,2.31,9,-0.276006
audio06.TextGrid,46,3,outside,196.010,196.250,IN,9.0476,5.25,5,1.832841
audio06.TextGrid,46,4,the,196.250,196.400,DT,2.4248,7.73,2,-1.065761
audio06.TextGrid,46,5,shack,196.400,196.610,NN,4.1392,3.43,3,-4.771268
audio06.TextGrid,46,6,and,196.610,196.840,CC,4.5143,7.41,3,-0.580355
audio06.TextGrid,46,7,then,196.840,196.930,RB,7.8712,6.07,3,0.859516
audio06.TextGrid,46,8,went,196.930,197.270,VBD,8.2522,5.5,4,0.437328
audio06.TextGrid,47,1,up,197.270,197.340,IN,6.7863,6.39,2,1.742653
audio06.TextGrid,47,2,the,197.770,197.870,DT,2.3201,7.73,2,-1.170461
audio06.TextGrid,47,3,road,197.870,197.970,NN,8.8797,5.24,3,1.271050
audio06.TextGrid,47,4,to,197.970,198.030,TO,3.8413,7.43,2,0.003033
audio06.TextGrid,47,5,wake,198.030,198.130,VB,10.9967,4.76,3,3.042816
audio06.TextGrid,47,6,the,198.130,198.190,DT,3.5274,7.73,2,0.036839
audio06.TextGrid,47,7,boy,198.190,198.260,NN,10.2387,5.17,2,2.827798
audio06.TextGrid,47,8,he,198.260,198.360,PRP,6.7276,6.69,2,2.031659
audio06.TextGrid,47,9,was,198.360,198.520,VBD,4.1502,6.82,3,-2.322057
audio06.TextGrid,47,10,shivering,198.520,198.820,VBG,7.5226,3.14,6,0.337548
audio06.TextGrid,47,11,with,198.820,198.980,IN,4.9796,6.85,3,-0.517827
audio06.TextGrid,47,12,the,198.980,199.050,DT,1.7071,7.73,2,-1.783461
audio06.TextGrid,47,13,morning,199.050,199.230,NN,8.8517,5.33,6,0.352402
audio06.TextGrid,47,14,cold,199.230,199.560,NN,11.0308,5.02,4,3.081791
audio06.TextGrid,47,15,but,199.560,199.720,CC,5.5940,6.63,3,-0.061659
audio06.TextGrid,47,16,he,199.790,199.850,PRP,5.1584,6.69,2,0.462459
audio06.TextGrid,47,17,knew,200.040,200.100,VBD,9.5337,5.2,2,2.157568
audio06.TextGrid,47,18,he,200.100,200.160,PRP,5.1687,6.69,2,0.472759
audio06.TextGrid,47,19,would,200.160,200.300,MD,5.3614,6.27,3,-0.553184
audio06.TextGrid,47,20,shiver,200.300,200.430,VB,3.7215,3.05,4,-4.778032
audio06.TextGrid,47,21,himself,200.430,200.640,PRP,8.5403,5.25,7,0.758986
audio06.TextGrid,47,22,warm,200.640,200.780,JJ,6.3668,4.71,4,-1.668840
audio06.TextGrid,47,23,and,200.780,200.870,CC,3.7646,7.41,2,-0.096847
audio06.TextGrid,47,24,that,200.870,201.000,DT,5.0585,7.01,3,-0.323850
audio06.TextGrid,47,25,soon,201.000,201.170,RB,9.7014,5.32,3,2.150289
audio06.TextGrid,47,26,he,201.170,201.230,PRP,6.2700,6.69,2,1.574059
audio06.TextGrid,47,27,would,201.230,201.350,MD,5.0033,6.27,3,-0.911284
audio06.TextGrid,47,28,be,201.350,201.430,VB,3.7181,6.79,2,-1.815192
audio06.TextGrid,47,29,rowing,201.430,201.550,VBG,7.6388,3.39,4,-0.765718
audio07.TextGrid,1,1,the,1.220,1.310,DT,1.8241,7.73,2,-1.666461
audio07.TextGrid,1,2,door,1.310,1.550,NN,8.4435,5.08,3,0.719772
audio07.TextGrid,1,3,of,1.550,1.620,IN,3.7798,7.4,2,-0.093238
audio07.TextGrid,1,4,the,1.620,1.740,DT,1.6983,7.73,2,-1.792261
audio07.TextGrid,1,5,house,1.740,2.020,NN,6.8499,5.71,3,-0.420709
audio07.TextGrid,1,6,where,2.020,2.170,WRB,8.4892,6.0,4,1.767308
audio07.TextGrid,1,7,the,2.170,2.240,DT,1.9716,7.73,2,-1.518961
audio07.TextGrid,1,8,boy,2.240,2.500,NN,10.2357,5.17,2,2.824798
audio07.TextGrid,1,9,lived,2.500,2.830,VBD,3.6505,4.88,4,-4.337633
audio07.TextGrid,1,10,was,2.830,2.980,VBD,5.1959,6.82,3,-1.276357
audio07.TextGrid,1,11,unlocked,2.980,3.590,JJ,5.8004,3.76,6,-1.756722
audio07.TextGrid,1,12,and,3.890,4.000,CC,3.7959,7.41,2,-0.065547
audio07.TextGrid,1,13,he,4.000,4.130,PRP,5.2371,6.69,2,0.541159
audio07.TextGrid,1,14,opened,4.130,4.450,VBD,8.4420,4.85,5,0.338120
audio07.TextGrid,1,15,it,4.450,4.670,PRP,4.7536,6.95,2,0.359004
audio07.TextGrid,1,16,and,4.670,4.820,CC,4.2475,7.41,3,-0.847155
audio07.TextGrid,1,17,walked,4.820,5.120,VBD,4.4410,4.67,4,-3.605818
audio07.TextGrid,1,18,in,5.120,5.300,IN,3.6126,7.27,2,-0.411110
audio07.TextGrid,1,19,quietly,5.300,5.800,RB,11.6953,4.15,7,4.104618
audio07.TextGrid,1,20,with,5.800,5.960,IN,5.2528,6.85,3,-0.244627
audio07.TextGrid,1,21,his,5.960,6.110,PRP$,5.4704,6.51,3,-0.271568
audio07.TextGrid,1,22,bare,6.110,6.380,NN,4.2575,4.18,3,-4.113540
audio07.TextGrid,1,23,feet,6.440,6.810,NNS,10.2370,4.99,3,2.448541
audio07.TextGrid,2,1,the,7.340,7.430,DT,1.8241,7.73,2,-1.666461
audio07.TextGrid,2,2,boy,7.430,7.650,NN,10.2353,5.17,2,2.824398
audio07.TextGrid,2,3,was,7.650,7.820,VBD,4.1791,6.82,3,-2.293157
audio07.TextGrid,2,4,asleep,7.820,8.190,RB,4.6353,4.36,5,-3.390019
audio07.TextGrid,2,5,on,8.190,8.310,IN,4.9767,6.91,2,0.535743
audio07.TextGrid,2,6,a,8.310,8.360,DT,2.6232,7.36,1,-0.084980
audio07.TextGrid,2,7,cot,8.360,8.760,NN,4.1391,3.21,3,-4.929599
audio07.TextGrid,2,8,in,8.760,8.830,IN,3.4829,7.27,2,-0.540810
audio07.TextGrid,2,9,the,8.830,8.920,DT,1.6985,7.73,2,-1.792061
audio07.TextGrid,2,10,first,8.920,9.280,JJ,6.1622,6.11,4,-1.482205
audio07.TextGrid,2,11,room,9.280,9.580,NN,4.2125,5.39,3,-3.288265
audio07.TextGrid,3,1,and,10.060,10.150,CC,3.7036,7.41,2,-0.157847
audio07.TextGrid,3,2,the,10.150,10.260,DT,2.0380,7.73,2,-1.452561
audio07.TextGrid,3,3,old,10.260,10.440,JJ,7.3360,5.75,3,0.094160
audio07.TextGrid,3,4,man,10.440,10.660,NN,7.6917,5.82,3,0.500207
audio07.TextGrid,3,5,could,10.660,10.810,MD,5.2066,6.06,3,-0.859024
audio07.TextGrid,3,6,see,10.810,11.050,VB,6.2361,6.1,2,-0.096915
audio07.TextGrid,3,7,him,11.050,11.140,PRP,8.0223,6.11,2,2.654128
audio07.TextGrid,3,8,clearly,11.140,11.630,RB,9.4751,4.92,6,1.221848
audio07.TextGrid,3,9,with,11.630,11.780,IN,5.1540,6.85,3,-0.343427
audio07.TextGrid,3,10,the,11.780,11.880,DT,1.7332,7.73,2,-1.757361
audio07.TextGrid,3,11,light,11.880,12.090,NN,7.7223,5.33,3,0.178381
audio07.TextGrid,3,12,that,12.090,12.260,WDT,5.0238,7.01,3,-0.358550
audio07.TextGrid,3,13,came,12.260,12.510,VBD,9.0924,5.5,3,1.670751
audio07.TextGrid,3,14,in,12.510,12.670,IN,3.8838,7.27,2,-0.139910
audio07.TextGrid,3,15,from,12.670,12.860,IN,6.3912,6.63,3,0.735541
audio07.TextGrid,3,16,the,12.860,12.930,DT,1.8406,7.73,2,-1.649961
audio07.TextGrid,3,17,dying,12.930,13.240,VBG,8.5562,4.63,4,0.498204
audio07.TextGrid,3,18,moon,13.240,13.740,NN,11.7556,4.7,3,3.758562
audio07.TextGrid,4,1,he,14.590,14.680,PRP,4.5353,6.69,2,-0.160641
audio07.TextGrid,4,2,took,14.680,14.900,VBD,6.4889,5.51,3,-0.925557
audio07.TextGrid,4,3,hold,14.900,15.120,NN,9.3051,5.19,4,1.403598
audio07.TextGrid,4,4,of,15.120,15.240,IN,3.4570,7.4,2,-0.416038
audio07.TextGrid,4,5,one,15.240,15.460,CD,5.6953,6.47,3,-0.075437
audio07.TextGrid,4,6,foot,15.460,15.790,NN,10.5775,4.87,3,2.702732
audio07.TextGrid,4,7,gently,15.790,16.310,RB,5.8706,4.08,6,-1.878558
audio07.TextGrid,4,8,and,16.310,16.470,CC,3.6017,7.41,3,-1.492955
audio07.TextGrid,4,9,held,16.470,16.730,VBD,8.3957,5.24,4,0.508170
audio07.TextGrid,4,10,it,16.730,16.900,PRP,5.0980,6.95,2,0.703404
audio07.TextGrid,4,11,until,16.900,17.130,IN,6.9439,5.61,5,-0.328578
audio07.TextGrid,4,12,the,17.130,17.210,DT,1.6943,7.73,2,-1.796261
audio07.TextGrid,4,13,boy,17.210,17.450,NN,10.2362,5.17,2,2.825298
audio07.TextGrid,4,14,woke,17.450,17.850,NN,5.3965,4.22,3,-2.945771
audio07.TextGrid,4,15,and,17.850,18.000,CC,4.2960,7.41,3,-0.798655
audio07.TextGrid,4,16,turned,18.000,18.330,VBD,8.9034,5.09,4,0.973952
audio07.TextGrid,4,17,and,18.330,18.500,CC,4.0425,7.41,3,-1.052155
audio07.TextGrid,4,18,looked,18.500,18.750,VBD,9.8415,5.11,4,1.917642
audio07.TextGrid,4,19,at,18.750,18.930,IN,4.3315,6.7,2,-0.352851
audio07.TextGrid,4,20,him,18.930,19.020,PRP,7.3654,6.11,2,1.997228
audio07.TextGrid,5,1,the,19.680,19.780,DT,1.8241,7.73,2,-1.666461
audio07.TextGrid,5,2,old,19.780,19.990,JJ,7.3292,5.75,3,0.087360
audio07.TextGrid,5,3,man,19.990,20.240,NN,7.6921,5.82,3,0.500607
audio07.TextGrid,5,4,nodded,20.240,20.690,VBD,3.5568,3.41,5,-4.316206
audio07.TextGrid,5,5,and,20.890,21.030,CC,4.0073,7.41,2,0.145853
audio07.TextGrid,5,6,the,21.030,21.110,DT,3.8473,7.73,2,0.356739
audio07.TextGrid,5,7,boy,21.110,21.350,NN,10.2447,5.17,2,2.833798
audio07.TextGrid,5,8,took,21.350,21.600,VBD,7.5973,5.51,3,0.182843
audio07.TextGrid,5,9,his,21.600,21.760,PRP$,6.0535,6.51,3,0.311532
audio07.TextGrid,5,10,trousers,21.760,22.290,NNS,5.5704,3.7,6,-1.950715
audio07.TextGrid,5,11,from,22.290,22.450,IN,4.7107,6.63,4,-1.835137
audio07.TextGrid,5,12,the,22.450,22.520,DT,1.6978,7.73,2,-1.792761
audio07.TextGrid,5,13,chair,22.520,22.790,NN,4.1370,4.69,3,-3.867230
audio07.TextGrid,5,14,by,22.790,22.960,IN,4.8068,6.66,2,0.076089
audio07.TextGrid,5,15,the,22.960,23.060,DT,1.7004,7.73,2,-1.790161
audio07.TextGrid,5,16,bed,23.060,23.460,NN,4.1367,5.07,3,-3.594220
audio07.TextGrid,6,1,and,23.980,24.260,CC,3.7036,7.41,3,-1.391055
audio07.TextGrid,6,2,sitting,24.260,24.570,VBG,12.5222,4.86,5,4.416716
audio07.TextGrid,6,3,on,24.570,24.690,IN,5.0988,6.91,2,0.657843
audio07.TextGrid,6,4,the,24.690,24.760,DT,1.7186,7.73,2,-1.771961
audio07.TextGrid,6,5,bed,24.760,25.120,NN,4.1372,5.07,3,-3.593720
audio07.TextGrid,6,6,pulled,25.150,25.360,VBD,11.0013,4.67,4,2.954482
audio07.TextGrid,6,7,them,25.360,25.510,PRP,6.6377,6.19,3,0.665577
audio07.TextGrid,7,1,on,25.510,25.840,IN,5.3533,6.91,2,0.912343
audio07.TextGrid,7,2,the,26.930,27.040,DT,1.7528,7.73,2,-1.737761
audio07.TextGrid,7,3,old,27.040,27.220,JJ,7.3268,5.75,3,0.084960
audio07.TextGrid,7,4,man,27.220,27.450,NN,7.6934,5.82,3,0.501907
audio07.TextGrid,7,5,went,27.450,27.630,VBD,8.8342,5.5,4,1.019328
audio07.TextGrid,7,6,out,27.630,27.750,IN,5.7167,6.38,2,0.661463
audio07.TextGrid,7,7,the,27.750,27.880,DT,2.2456,7.73,2,-1.244961
audio07.TextGrid,7,8,door,27.880,28.220,NN,8.4471,5.08,3,0.723372
audio07.TextGrid,7,9,and,28.220,28.320,CC,3.5118,7.41,2,-0.349647
audio07.TextGrid,7,10,the,28.320,28.380,DT,2.0227,7.73,2,-1.467861
audio07.TextGrid,7,11,boy,28.380,28.580,NN,10.2359,5.17,2,2.824998
audio07.TextGrid,7,12,came,28.580,28.820,VBD,7.2694,5.5,3,-0.152249
audio07.TextGrid,7,13,after,28.820,29.130,IN,6.6881,6.11,4,-0.003052
audio07.TextGrid,7,14,him,29.130,29.410,PRP,7.4726,6.11,3,1.442938
audio07.TextGrid,8,1,he,30.040,30.130,PRP,4.5353,6.69,2,-0.160641
audio07.TextGrid,8,2,was,30.130,30.270,VBD,3.9158,6.82,3,-2.556457
audio07.TextGrid,8,3,sleepy,30.270,30.800,JJ,5.8405,3.68,5,-2.075795
audio07.TextGrid,8,4,and,31.240,31.340,CC,3.8414,7.41,2,-0.020047
audio07.TextGrid,8,5,the,31.340,31.440,DT,2.5200,7.73,2,-0.970561
audio07.TextGrid,8,6,old,31.440,31.610,JJ,7.3341,5.75,3,0.092260
audio07.TextGrid,8,7,man,31.610,31.810,NN,7.6944,5.82,3,0.502907
audio07.TextGrid,8,8,put,31.810,31.970,VBD,7.8435,5.66,3,0.536929
audio07.TextGrid,8,9,his,31.970,32.090,PRP$,6.1640,6.51,3,0.422032
audio07.TextGrid,8,10,arm,32.090,32.310,NN,9.2456,4.73,3,1.270139
audio07.TextGrid,8,11,across,32.310,32.640,IN,8.2284,5.25,5,1.013641
audio07.TextGrid,8,12,his,32.640,32.760,PRP$,5.3332,6.51,3,-0.408768
audio07.TextGrid,8,13,shoulders,32.760,33.360,NNS,5.5671,4.18,6,-2.242069
audio07.TextGrid,8,14,and,33.360,33.510,CC,4.3010,7.41,3,-0.793655
audio07.TextGrid,8,15,said,33.510,34.040,VBD,5.0962,6.01,3,-1.958638
audio07.TextGrid,9,1,i,34.040,34.150,NN,5.5144,7.09,1,1.421291
audio07.TextGrid,9,2,am,34.150,34.280,VBP,9.1941,5.78,2,2.490199
audio07.TextGrid,9,3,sorry,34.280,34.790,JJ,11.4599,5.18,4,3.555603
audio07.TextGrid,9,4,qua,35.830,36.310,NN,5.3240,2.84,3,-4.010817
audio07.TextGrid,9,5,va,36.310,36.400,IN,3.1759,4.26,2,-4.336457
audio07.TextGrid,9,6,the,36.630,36.710,DT,1.6963,7.73,2,-1.794261
audio07.TextGrid,9,7,boy,36.710,36.940,NN,10.2363,5.17,2,2.825398
audio07.TextGrid,9,8,said,36.940,37.310,VBD,5.1627,6.01,3,-1.892138
audio07.TextGrid,10,1,it,37.830,37.970,PRP,3.8912,6.95,2,-0.503396
audio07.TextGrid,10,2,is,37.970,38.070,VBZ,3.3590,7.07,2,-1.849766
audio07.TextGrid,10,3,what,38.070,38.220,WP,6.5397,6.38,3,0.704232
audio07.TextGrid,10,4,a,38.220,38.270,DT,4.3137,7.36,1,1.605520
audio07.TextGrid,10,5,man,38.270,38.540,NN,7.6874,5.82,3,0.495907
audio07.TextGrid,10,6,must,38.540,38.840,MD,7.2302,5.68,4,0.418883
audio07.TextGrid,10,7,do,38.840,39.060,VB,5.1558,6.35,2,-0.887460
audio07.TextGrid,10,8,they,41.500,41.610,PRP,5.4184,6.5,2,0.502245
audio07.TextGrid,10,9,walked,41.610,41.890,VBD,4.9289,4.67,4,-3.117918
audio07.TextGrid,10,10,down,41.890,42.050,IN,6.3108,5.88,3,0.115714
audio07.TextGrid,10,11,the,42.050,42.120,DT,2.5228,7.73,2,-0.967761
audio07.TextGrid,10,12,road,42.120,42.370,NN,8.8606,5.24,3,1.251950
audio07.TextGrid,10,13,to,42.370,42.430,TO,3.3190,7.43,2,-0.519267
audio07.TextGrid,10,14,the,42.430,42.570,DT,2.3479,7.73,2,-1.142661
audio07.TextGrid,10,15,old,42.570,42.770,JJ,7.3288,5.75,3,0.086960
audio07.TextGrid,10,16,man,42.770,43.010,NN,7.6928,5.82,3,0.501307
audio07.TextGrid,10,17,s,43.010,43.040,VBZ,5.5730,5.86,1,-0.486635
audio07.TextGrid,10,18,shack,43.040,43.530,NN,6.6061,3.43,3,-2.304368
audio07.TextGrid,10,19,and,43.530,43.650,CC,4.0034,7.41,2,0.141953
audio07.TextGrid,10,20,all,43.650,43.830,DT,6.2042,6.52,2,1.311226
audio07.TextGrid,10,21,along,43.830,44.110,IN,10.5682,5.38,4,3.673047
audio07.TextGrid,10,22,the,44.110,44.170,DT,1.7164,7.73,2,-1.774161
audio07.TextGrid,10,23,road,44.170,44.540,NN,8.8496,5.24,3,1.240950
audio07.TextGrid,10,24,in,44.540,44.620,IN,2.8663,7.27,2,-1.157410
audio07.TextGrid,10,25,the,44.620,44.710,DT,1.7075,7.73,2,-1.783061
audio07.TextGrid,10,26,dark,44.710,45.150,JJ,10.7219,5.04,4,2.778480
audio07.TextGrid,10,27,barefoot,45.220,45.690,NN,3.9919,3.39,6,-3.343180
audio07.TextGrid,10,28,men,45.690,45.890,NNS,9.6168,5.51,3,2.202343
audio07.TextGrid,10,29,were,45.890,46.020,VBD,5.6075,6.34,2,-0.447350
audio07.TextGrid,10,30,moving,46.020,46.560,VBG,9.7559,5.02,5,1.624764
audio07.TextGrid,10,31,carrying,46.770,47.210,VBG,11.0015,4.61,6,2.934283
audio07.TextGrid,10,32,the,47.210,47.290,DT,2.0899,7.73,2,-1.400661
audio07.TextGrid,10,33,masts,47.290,47.770,NNS,6.4476,2.89,5,-1.342034
audio07.TextGrid,10,34,of,47.770,47.850,IN,2.7996,7.4,2,-1.073438
audio07.TextGrid,10,35,their,47.850,47.990,PRP$,4.9290,6.33,3,-0.942430
audio07.TextGrid,10,36,boats,47.990,48.520,NNS,5.5670,4.25,4,-2.597188
audio07.TextGrid,11,1,when,49.640,49.770,WRB,6.5749,6.37,3,0.732239
audio07.TextGrid,11,2,they,49.770,49.850,PRP,4.8336,6.5,2,-0.082555
audio07.TextGrid,11,3,reached,49.850,50.150,VBD,7.0578,4.85,4,-0.938716
audio07.TextGrid,11,4,the,50.150,50.280,DT,2.6836,7.73,2,-0.806961
audio07.TextGrid,11,5,old,50.280,50.470,JJ,7.3295,5.75,3,0.087660
audio07.TextGrid,11,6,man,50.470,50.700,NN,7.6840,5.82,3,0.492507
audio07.TextGrid,11,7,s,50.700,50.730,VBZ,4.4631,5.86,1,-1.596535
audio07.TextGrid,11,8,shack,50.730,51.120,VBP,4.9198,3.43,3,-3.990668
audio07.TextGrid,11,9,the,51.170,51.250,DT,2.6593,7.73,2,-0.831261
audio07.TextGrid,11,10,boy,51.250,51.450,NN,10.2401,5.17,2,2.829198
audio07.TextGrid,11,11,took,51.450,51.660,VBD,7.9514,5.51,3,0.536943
audio07.TextGrid,11,12,the,51.660,51.760,DT,2.4049,7.73,2,-1.085661
audio07.TextGrid,11,13,rolls,51.760,52.050,NNS,6.4521,4.23,4,-1.717677
audio07.TextGrid,11,14,of,52.050,52.180,IN,3.0096,7.4,2,-0.863438
audio07.TextGrid,11,15,line,52.180,52.510,NN,9.3088,5.49,3,1.879959
audio07.TextGrid,11,16,in,52.510,52.600,IN,3.6313,7.27,2,-0.392410
audio07.TextGrid,11,17,the,52.600,52.670,DT,1.7030,7.73,2,-1.787561
audio07.TextGrid,11,18,basket,52.670,53.190,NN,8.2904,4.07,6,0.547243
audio07.TextGrid,11,19,and,53.270,53.410,CC,3.9683,7.41,2,0.106853
audio07.TextGrid,11,20,the,53.410,53.500,DT,2.1523,7.73,2,-1.338261
audio07.TextGrid,11,21,harpoon,53.500,53.980,NN,4.1368,2.83,6,-2.862217
audio07.TextGrid,11,22,and,53.980,54.110,CC,4.3337,7.41,3,-0.760955
audio07.TextGrid,11,23,gaff,54.110,54.580,NN,5.4407,2.68,3,-4.009195
audio07.TextGrid,11,24,and,54.850,54.960,CC,3.9496,7.41,2,0.088153
audio07.TextGrid,11,25,the,54.960,55.070,DT,2.4494,7.73,2,-1.041161
audio07.TextGrid,11,26,old,55.070,55.270,JJ,7.3541,5.75,3,0.112260
audio07.TextGrid,11,27,man,55.270,55.530,NN,7.6913,5.82,3,0.499807
audio07.TextGrid,11,28,carried,55.530,55.850,VBD,8.8849,4.77,5,0.793846
audio07.TextGrid,11,29,the,55.850,55.930,DT,2.7188,7.73,2,-0.771761
audio07.TextGrid,11,30,mast,55.930,56.370,NN,4.1444,3.52,4,-4.223789
audio07.TextGrid,11,31,with,56.370,56.470,IN,4.8161,6.85,3,-0.681327
audio07.TextGrid,11,32,the,56.470,56.550,DT,1.6980,7.73,2,-1.792561
audio07.TextGrid,11,33,furled,56.550,56.900,JJ,5.0744,1.74,4,-3.791216
audio07.TextGrid,11,34,sail,56.900,57.350,NN,4.3283,4.01,3,-4.165011
audio07.TextGrid,11,35,on,57.350,57.470,IN,4.5959,6.91,2,0.154943
audio07.TextGrid,11,36,his,57.470,57.610,PRP$,5.3105,6.51,3,-0.431468
audio07.TextGrid,11,37,shoulder,57.610,58.100,NN,9.2584,4.5,5,1.210635
audio07.TextGrid,12,1,do,59.660,59.760,VBP,9.5293,6.35,2,3.486040
audio07.TextGrid,12,2,you,59.760,59.870,PRP,6.3769,6.98,2,2.017075
audio07.TextGrid,12,3,want,59.870,60.050,VB,7.7320,6.04,4,0.068033
audio07.TextGrid,12,4,coffee,60.050,60.520,NN,12.6573,4.86,4,4.663578
audio07.TextGrid,12,5,the,60.710,60.790,DT,3.7589,7.73,2,0.268339
audio07.TextGrid,12,6,boy,60.790,61.050,NN,10.2399,5.17,2,2.828998
audio07.TextGrid,12,7,asked,61.050,61.480,VBD,8.0933,5.3,3,0.527804
audio07.TextGrid,13,1,we,62.660,62.770,PRP,5.6952,6.54,2,0.825406
audio07.TextGrid,13,2,ll,62.770,62.800,VBP,3.9761,4.66,1,-4.002097
audio07.TextGrid,13,3,put,62.800,63.010,VBD,7.5202,5.66,3,0.213629
audio07.TextGrid,13,4,the,63.010,63.110,DT,2.5277,7.73,2,-0.962861
audio07.TextGrid,13,5,gear,63.110,63.380,NN,4.1414,4.46,3,-4.028254
audio07.TextGrid,13,6,in,63.380,63.480,IN,3.4479,7.27,2,-0.575810
audio07.TextGrid,13,7,the,63.480,63.550,DT,1.6999,7.73,2,-1.790661
audio07.TextGrid,13,8,boat,63.550,63.900,NN,4.1367,4.71,3,-3.853145
audio07.TextGrid,13,9,and,63.900,64.010,CC,4.4277,7.41,2,0.566253
audio07.TextGrid,13,10,then,64.010,64.190,RB,7.8958,6.07,3,0.884116
audio07.TextGrid,13,11,get,64.190,64.420,VB,7.1367,6.28,3,0.276055
audio07.TextGrid,14,1,some,64.420,64.770,DT,5.3151,6.2,3,-0.649831
audio07.TextGrid,14,2,they,66.290,66.410,PRP,8.2278,6.5,2,3.311645
audio07.TextGrid,14,3,had,66.410,66.580,VBD,5.6706,6.33,3,-1.154083
audio07.TextGrid,14,4,coffee,66.580,66.980,NN,12.5960,4.86,4,4.602278
audio07.TextGrid,14,5,from,66.980,67.170,IN,5.1800,6.63,4,-1.365837
audio07.TextGrid,14,6,condensed,67.170,67.690,VBN,8.0820,3.4,8,1.801561
audio07.TextGrid,14,7,milk,67.690,67.990,NN,9.5778,4.66,4,1.528188
audio07.TextGrid,14,8,cans,67.990,68.400,NNS,6.6217,3.8,4,-1.668242
audio07.TextGrid,14,9,at,68.400,68.510,IN,4.5972,6.7,2,-0.087151
audio07.TextGrid,14,10,an,68.510,68.610,DT,4.3456,6.53,2,-0.535784
audio07.TextGrid,14,11,early,68.610,68.820,JJ,7.2970,5.43,3,-0.174995
audio07.TextGrid,14,12,morning,68.820,69.150,NN,8.7573,5.33,6,0.258002
audio07.TextGrid,14,13,place,69.150,69.540,NN,8.7843,5.71,4,1.028114
audio07.TextGrid,14,14,that,69.540,69.680,WDT,4.3514,7.01,3,-1.030950
audio07.TextGrid,14,15,served,69.680,69.980,VBD,11.4700,4.81,4,3.462306
audio07.TextGrid,14,16,fishermen,69.980,70.480,NNS,6.9750,3.65,7,-0.095734
audio07.TextGrid,15,1,how,71.860,71.980,WRB,7.8277,6.24,2,2.610201
audio07.TextGrid,15,2,did,71.980,72.120,VBD,8.9248,5.96,3,1.834000
audio07.TextGrid,15,3,you,72.120,72.210,PRP,6.1782,6.98,2,1.818375
audio07.TextGrid,15,4,sleep,72.210,72.520,VB,9.9323,5.05,4,1.991674
audio07.TextGrid,15,5,old,72.520,72.710,JJ,7.9819,5.75,3,0.740060
audio07.TextGrid,15,6,man,72.710,72.960,NN,8.4360,5.82,3,1.244507
audio07.TextGrid,15,7,the,73.210,73.290,DT,3.0606,7.73,2,-0.429961
audio07.TextGrid,15,8,boy,73.290,73.550,NN,10.2414,5.17,2,2.830498
audio07.TextGrid,15,9,asked,73.550,73.970,VBD,7.8564,5.3,3,0.290904
audio07.TextGrid,16,1,he,74.690,74.790,PRP,4.5353,6.69,2,-0.160641
audio07.TextGrid,16,2,was,74.790,74.940,VBD,3.9158,6.82,3,-2.556457
audio07.TextGrid,16,3,waking,74.940,75.250,VBG,7.5415,3.95,5,-0.418084
audio07.TextGrid,16,4,up,75.250,75.430,RB,4.9651,6.39,2,-1.031799
audio07.TextGrid,16,5,now,75.430,75.760,RB,6.4372,6.18,2,0.196907
audio07.TextGrid,16,6,although,75.880,76.140,IN,7.8527,5.3,4,0.935190
audio07.TextGrid,16,7,it,76.140,76.250,PRP,3.8523,6.95,2,-0.542296
audio07.TextGrid,16,8,was,76.250,76.350,VBD,5.6157,6.82,3,-0.856557
audio07.TextGrid,16,9,still,76.350,76.590,RB,6.6174,5.92,4,-1.080101
audio07.TextGrid,16,10,hard,76.590,76.820,JJ,8.3018,5.53,4,0.495312
audio07.TextGrid,16,11,for,76.820,76.950,IN,4.0719,7.01,2,-0.253155
audio07.TextGrid,16,12,him,76.950,77.020,PRP,7.4660,6.11,2,2.097828
audio07.TextGrid,16,13,to,77.020,77.170,TO,3.3005,7.43,2,-0.537767
audio07.TextGrid,16,14,leave,77.170,77.410,VB,8.2942,5.34,3,0.757473
audio07.TextGrid,16,15,his,77.410,77.560,PRP$,5.9548,6.51,3,0.212832
audio07.TextGrid,16,16,sleep,77.560,77.970,NN,10.3479,5.05,4,2.407274
audio07.TextGrid,17,1,very,79.620,79.840,RB,7.6009,6.0,4,-0.074245
audio07.TextGrid,17,2,well,79.840,80.080,RB,6.3866,6.03,3,-0.653854
audio07.TextGrid,17,3,manolin,80.080,80.600,VB,4.2034,0.0,7,0.928283
audio07.TextGrid,17,4,the,80.810,80.990,DT,2.2951,7.73,2,-1.195461
audio07.TextGrid,17,5,old,80.990,81.190,JJ,7.3324,5.75,3,0.090560
audio07.TextGrid,17,6,man,81.190,81.410,NN,7.6939,5.82,3,0.502407
audio07.TextGrid,17,7,said,81.410,81.790,VBD,5.6899,6.01,3,-1.364938
audio07.TextGrid,18,1,i,82.650,82.770,NN,5.5144,7.09,1,1.421291
audio07.TextGrid,18,2,feel,82.770,82.980,VBP,7.4635,5.67,3,0.164121
audio07.TextGrid,18,3,confident,82.980,83.570,JJ,11.4488,4.43,9,3.721637
audio07.TextGrid,18,4,today,83.570,83.940,NN,7.9449,5.55,4,0.144001
audio07.TextGrid,19,1,so,85.500,85.740,RB,6.6130,6.52,2,0.766773
audio07.TextGrid,19,2,do,85.740,85.800,VB,6.7449,6.35,2,0.701640
audio07.TextGrid,19,3,i,85.800,86.090,VB,6.2662,7.09,1,2.173091
audio07.TextGrid,19,4,the,86.390,86.490,DT,3.7359,7.73,2,0.245339
audio07.TextGrid,19,5,boy,86.490,86.730,NN,10.2420,5.17,2,2.831098
audio07.TextGrid,19,6,said,86.730,87.100,VBD,4.4736,6.01,3,-2.581238
audio07.TextGrid,20,1,now,87.770,87.980,RB,6.7634,6.18,2,0.523107
audio07.TextGrid,20,2,i,87.980,88.060,VBZ,6.3159,7.09,1,2.222791
audio07.TextGrid,20,3,must,88.060,88.280,MD,6.9464,5.68,4,0.135083
audio07.TextGrid,20,4,get,88.280,88.500,VB,5.7543,6.28,3,-1.106345
audio07.TextGrid,20,5,your,88.500,88.620,PRP$,7.3924,6.53,3,1.664817
audio07.TextGrid,20,6,sardines,88.620,89.230,NNS,5.5686,2.93,7,-0.753410
audio07.TextGrid,20,7,and,89.230,89.420,CC,4.3450,7.41,3,-0.749655
audio07.TextGrid,20,8,mine,89.450,89.850,NN,10.7457,5.04,3,2.993203
audio07.TextGrid,20,9,and,89.850,89.960,CC,3.5953,7.41,3,-1.499355
audio07.TextGrid,20,10,your,89.960,90.130,PRP$,7.8298,6.53,3,2.102217
audio07.TextGrid,20,11,fresh,90.130,90.400,JJ,9.6507,4.83,4,1.648595
audio07.TextGrid,20,12,baits,90.400,90.890,NNS,5.6159,2.65,4,-2.995413
audio07.TextGrid,21,1,he,91.320,91.440,PRP,4.5353,6.69,2,-0.160641
audio07.TextGrid,21,2,brings,91.440,91.730,VBZ,9.1761,4.61,5,1.110699
audio07.TextGrid,21,3,our,91.730,91.850,PRP$,7.8276,6.14,2,2.494199
audio07.TextGrid,21,4,gear,91.850,92.120,NN,4.2527,4.46,3,-3.916954
audio07.TextGrid,21,5,himself,92.120,92.670,PRP,10.4590,5.25,7,2.677686
audio07.TextGrid,21,6,he,92.900,92.990,PRP,6.5850,6.69,2,1.889059
audio07.TextGrid,21,7,never,92.990,93.200,RB,8.2069,5.91,4,0.506604
audio07.TextGrid,21,8,wants,93.200,93.450,VBZ,8.1639,5.24,5,-0.002509
audio07.TextGrid,21,9,anyone,93.450,93.750,NN,10.9926,5.38,6,2.463296
audio07.TextGrid,21,10,to,93.750,93.840,TO,3.8355,7.43,2,-0.002767
audio07.TextGrid,21,11,carry,93.840,94.210,VB,8.0106,4.89,4,0.025262
audio07.TextGrid,21,12,anything,94.210,94.670,NN,9.9679,5.55,6,1.336577
audio07.TextGrid,22,1,we,96.270,96.390,PRP,5.6952,6.54,2,0.825406
audio07.TextGrid,22,2,re,96.390,96.450,VBP,3.9761,5.23,2,-3.365261
audio07.TextGrid,22,3,different,96.450,97.050,JJ,8.3898,5.59,7,-0.698331
audio07.TextGrid,22,4,the,97.230,97.350,DT,4.3254,7.73,2,0.834839
audio07.TextGrid,22,5,old,97.350,97.540,JJ,7.3409,5.75,3,0.099060
audio07.TextGrid,22,6,man,97.540,97.770,NN,7.7047,5.82,3,0.513207
audio07.TextGrid,22,7,said,97.770,98.160,VBD,4.4991,6.01,3,-2.555738
audio07.TextGrid,22,8,i,98.460,98.590,JJ,6.1722,7.09,1,2.079091
audio07.TextGrid,22,9,let,98.590,98.790,NN,8.6619,5.6,3,1.312175
audio07.TextGrid,22,10,you,98.790,98.870,PRP,6.2625,6.98,2,1.902675
audio07.TextGrid,22,11,carry,98.870,99.180,VBP,9.2170,4.89,4,1.231662
audio07.TextGrid,22,12,things,99.180,99.480,NNS,9.4936,5.74,4,1.745797
audio07.TextGrid,22,13,when,99.480,99.610,WRB,5.8437,6.37,3,0.001039
audio07.TextGrid,22,14,you,99.610,99.700,PRP,5.8500,6.98,2,1.490175
audio07.TextGrid,22,15,were,99.700,99.800,VBD,4.5431,6.34,2,-1.511750
audio07.TextGrid,22,16,five,99.800,100.090,CD,8.0649,5.45,3,1.560542
audio07.TextGrid,22,17,years,100.090,100.310,NNS,5.8593,5.96,3,-1.231500
audio07.TextGrid,22,18,old,100.310,100.750,JJ,8.6692,5.75,3,1.427360
audio07.TextGrid,23,1,i,101.570,101.680,NN,5.5144,7.09,1,1.421291
audio07.TextGrid,23,2,know,101.680,101.900,VBP,7.0565,6.1,2,0.723485
audio07.TextGrid,23,3,it,101.900,102.090,PRP,4.5402,6.95,2,0.145604
audio07.TextGrid,23,4,the,102.250,102.310,DT,3.8763,7.73,2,0.385739
audio07.TextGrid,23,5,boy,102.310,102.530,NN,10.2432,5.17,2,2.832298
audio07.TextGrid,23,6,said,102.530,102.940,VBD,4.5145,6.01,3,-2.540338
audio07.TextGrid,24,1,i,102.940,102.970,NN,5.5144,7.09,1,1.421291
audio07.TextGrid,24,2,ll,103.440,103.550,VBP,3.9811,4.66,2,-4.020902
audio07.TextGrid,24,3,be,103.550,103.690,VB,4.7970,6.79,2,-0.736292
audio07.TextGrid,24,4,right,103.690,103.860,JJ,7.8151,5.96,3,0.724300
audio07.TextGrid,24,5,back,103.860,104.220,RB,7.7082,6.04,3,0.674939
audio07.TextGrid,24,6,have,104.430,104.590,VBP,5.2913,6.71,3,-1.260073
audio07.TextGrid,24,7,another,104.590,104.820,DT,7.1626,5.74,5,-0.130721
audio07.TextGrid,24,8,coffee,104.820,105.290,NN,10.2388,4.86,4,2.245078
audio07.TextGrid,24,9,we,105.410,105.530,PRP,7.9492,6.54,2,3.079406
audio07.TextGrid,24,10,have,105.530,105.670,VBP,5.0150,6.71,3,-1.536373
audio07.TextGrid,24,11,credit,105.670,106.020,NN,9.4513,5.0,6,1.150039
audio07.TextGrid,24,12,here,106.020,106.270,RB,8.5203,5.97,3,1.436692
audio07.TextGrid,25,1,he,107.810,107.900,PRP,4.5353,6.69,2,-0.160641
audio07.TextGrid,25,2,walked,107.900,108.200,VBD,3.3819,4.67,4,-4.664918
audio07.TextGrid,25,3,off,108.200,108.590,RP,6.2625,5.93,2,0.685705
audio07.TextGrid,25,4,bare,108.590,108.840,NN,6.4118,4.18,3,-1.959240
audio07.TextGrid,25,5,footed,108.840,109.140,VBN,7.3065,3.3,5,-0.548869
audio07.TextGrid,25,6,on,109.140,109.250,IN,4.0281,6.91,2,-0.412857
audio07.TextGrid,25,7,the,109.250,109.320,DT,1.6844,7.73,2,-1.806161
audio07.TextGrid,25,8,coral,109.320,109.710,JJ,5.0753,3.86,5,-2.869854
audio07.TextGrid,25,9,rocks,109.710,110.110,NNS,6.0006,4.38,4,-2.127259
audio07.TextGrid,25,10,to,110.110,110.220,TO,3.4475,7.43,2,-0.390767
audio07.TextGrid,25,11,the,110.220,110.350,DT,2.2389,7.73,2,-1.251661
audio07.TextGrid,25,12,ice,110.350,110.580,NN,4.1355,5.0,2,-3.472436
audio07.TextGrid,25,13,house,110.580,110.940,NN,8.0363,5.71,3,0.765691
audio07.TextGrid,25,14,where,110.940,111.050,WRB,8.3315,6.0,3,2.222722
audio07.TextGrid,25,15,the,111.050,111.120,DT,1.9707,7.73,2,-1.519861
audio07.TextGrid,25,16,baits,111.120,111.460,NNS,6.4530,2.65,4,-2.158313
audio07.TextGrid,25,17,were,111.460,111.550,VBD,4.7269,6.34,2,-1.327950
audio07.TextGrid,25,18,stored,111.550,112.080,VBN,10.6397,4.18,5,2.643241
audio07.TextGrid,26,1,the,113.370,113.500,DT,1.8241,7.73,2,-1.666461
audio07.TextGrid,26,2,old,113.500,113.710,JJ,7.3292,5.75,3,0.087360
audio07.TextGrid,26,3,man,113.710,113.960,NN,7.6921,5.82,3,0.500607
audio07.TextGrid,26,4,drank,113.960,114.250,VBD,3.5568,3.95,5,-4.402784
audio07.TextGrid,26,5,his,114.250,114.410,PRP$,6.0833,6.51,3,0.341332
audio07.TextGrid,26,6,coffee,114.410,114.850,NN,10.3517,4.86,4,2.357978
audio07.TextGrid,26,7,slowly,114.850,115.400,RB,10.1292,4.63,5,2.060592
audio07.TextGrid,27,1,it,115.930,116.040,PRP,3.8912,6.95,2,-0.503396
audio07.TextGrid,27,2,was,116.040,116.160,VBD,3.9158,6.82,3,-2.556457
audio07.TextGrid,27,3,all,116.160,116.360,DT,6.1574,6.52,2,1.264426
audio07.TextGrid,27,4,he,116.360,116.450,PRP,7.9355,6.69,2,3.239559
audio07.TextGrid,27,5,would,116.450,116.610,MD,6.2226,6.27,3,0.308016
audio07.TextGrid,27,6,have,116.610,116.840,VB,3.8758,6.71,3,-2.675573
audio07.TextGrid,27,7,all,116.840,117.010,DT,6.2768,6.52,2,1.383826
audio07.TextGrid,27,8,day,117.010,117.460,NN,7.2135,5.95,2,0.706632
audio07.TextGrid,27,9,and,117.460,117.600,CC,4.2567,7.41,3,-0.837955
audio07.TextGrid,27,10,he,117.600,117.750,PRP,5.1282,6.69,2,0.432259
audio07.TextGrid,27,11,knew,117.750,117.980,VBD,9.5074,5.2,3,1.869980
audio07.TextGrid,27,12,that,117.980,118.110,IN,4.1951,7.01,3,-1.187250
audio07.TextGrid,27,13,he,118.110,118.230,PRP,5.0770,6.69,2,0.381059
audio07.TextGrid,27,14,should,118.230,118.470,MD,7.2316,5.99,3,1.115630
audio07.TextGrid,27,15,take,118.470,118.730,VB,5.6088,5.92,3,-1.510770
audio07.TextGrid,27,16,it,118.730,118.920,PRP,4.4106,6.95,2,0.016004
audio07.TextGrid,28,1,for,119.850,119.940,IN,4.8270,7.01,2,0.501945
audio07.TextGrid,28,2,a,119.940,119.970,DT,2.6240,7.36,1,-0.084180
audio07.TextGrid,28,3,long,119.970,120.230,JJ,7.8078,5.81,3,0.609114
audio07.TextGrid,28,4,time,120.230,120.510,NN,6.0561,6.29,3,-0.797352
audio07.TextGrid,28,5,now,120.510,120.760,RB,6.2732,6.18,2,0.032907
audio07.TextGrid,28,6,eating,120.760,121.080,VBG,10.6160,4.85,4,2.619484
audio07.TextGrid,28,7,had,121.080,121.200,VBD,6.9177,6.33,3,0.093017
audio07.TextGrid,28,8,bored,121.200,121.610,VBN,6.3401,4.2,4,-1.838061
audio07.TextGrid,28,9,him,121.660,121.930,PRP,8.8192,6.11,2,3.451028
audio07.TextGrid,28,10,and,122.170,122.300,CC,4.1153,7.41,3,-0.979355
audio07.TextGrid,28,11,he,122.300,122.380,PRP,5.2420,6.69,2,0.546059
audio07.TextGrid,28,12,never,122.380,122.590,RB,8.3279,5.91,4,0.627604
audio07.TextGrid,28,13,carried,122.590,122.930,VBD,8.9775,4.77,5,0.886446
audio07.TextGrid,28,14,a,122.930,123.000,DT,3.7653,7.36,1,1.057120
audio07.TextGrid,28,15,lunch,123.000,123.450,NN,10.2455,4.66,4,2.195888
audio07.TextGrid,29,1,he,124.010,124.120,PRP,4.5353,6.69,2,-0.160641
audio07.TextGrid,29,2,had,124.120,124.260,VBD,4.7197,6.33,3,-2.104983
audio07.TextGrid,29,3,a,124.260,124.300,DT,3.3456,7.36,1,0.637420
audio07.TextGrid,29,4,bottle,124.300,124.580,NN,7.7554,4.57,5,-0.303588
audio07.TextGrid,29,5,of,124.580,124.700,IN,3.1680,7.4,2,-0.705038
audio07.TextGrid,29,6,water,124.700,125.060,NN,9.7613,5.52,4,1.952017
audio07.TextGrid,29,7,in,125.060,125.150,IN,3.8616,7.27,2,-0.162110
audio07.TextGrid,29,8,the,125.150,125.210,DT,1.6967,7.73,2,-1.793861
audio07.TextGrid,29,9,bow,125.210,125.540,NN,4.1363,4.3,2,-4.282949
audio07.TextGrid,29,10,of,125.540,125.610,IN,3.0690,7.4,2,-0.804038
audio07.TextGrid,29,11,the,125.610,125.730,DT,1.6929,7.73,2,-1.797661
audio07.TextGrid,29,12,skiff,125.730,126.170,NN,4.1360,2.63,4,-4.480903
audio07.TextGrid,30,1,and,126.750,126.840,CC,3.7036,7.41,2,-0.157847
audio07.TextGrid,30,2,that,126.840,127.000,DT,4.8279,7.01,3,-0.554450
audio07.TextGrid,30,3,was,127.000,127.110,VBD,5.9677,6.82,3,-0.504557
audio07.TextGrid,30,4,all,127.110,127.290,DT,6.1118,6.52,2,1.218826
audio07.TextGrid,30,5,he,127.290,127.410,PRP,7.8068,6.69,2,3.110859
audio07.TextGrid,30,6,needed,127.410,127.750,VBD,8.3514,5.18,5,0.194611
audio07.TextGrid,30,7,for,127.750,127.900,IN,3.8393,7.01,2,-0.485755
audio07.TextGrid,30,8,the,127.900,128.000,DT,1.6911,7.73,2,-1.799461
audio07.TextGrid,30,9,day,128.000,128.360,NN,7.0817,5.95,2,0.574832
audio07.TextGrid,31,1,the,129.870,129.960,DT,1.8241,7.73,2,-1.666461
audio07.TextGrid,31,2,boy,129.960,130.210,NN,10.2353,5.17,2,2.824398
audio07.TextGrid,31,3,was,130.210,130.390,VBD,4.1791,6.82,3,-2.293157
audio07.TextGrid,31,4,back,130.390,130.670,RB,7.0562,6.04,3,0.022939
audio07.TextGrid,31,5,now,130.670,130.970,RB,6.3504,6.18,2,0.110107
audio07.TextGrid,31,6,with,130.970,131.130,IN,4.9953,6.85,3,-0.502127
audio07.TextGrid,31,7,the,131.130,131.230,DT,1.8044,7.73,2,-1.686161
audio07.TextGrid,31,8,sardines,131.230,131.890,NNS,6.4437,2.93,7,0.121690
audio07.TextGrid,31,9,and,131.890,131.990,CC,4.3346,7.41,2,0.473153
audio07.TextGrid,31,10,the,131.990,132.080,DT,2.3659,7.73,2,-1.124661
audio07.TextGrid,31,11,two,132.080,132.270,CD,7.2609,6.1,2,1.881138
audio07.TextGrid,31,12,baits,132.270,132.670,NNS,5.4428,2.65,4,-3.168513
audio07.TextGrid,31,13,wrapped,132.670,132.920,VBD,4.2195,4.15,4,-3.972634
audio07.TextGrid,31,14,in,132.920,133.010,IN,3.6547,7.27,2,-0.369010
audio07.TextGrid,31,15,a,133.010,133.060,DT,2.6353,7.36,1,-0.072880
audio07.TextGrid,31,16,newspaper,133.060,133.740,NN,7.6748,4.6,7,-0.383834
audio07.TextGrid,31,17,and,134.010,134.130,CC,4.3690,7.41,2,0.507553
audio07.TextGrid,31,18,they,134.130,134.230,PRP,5.1699,6.5,2,0.253745
audio07.TextGrid,31,19,went,134.230,134.420,VBD,7.7620,5.5,4,-0.052872
audio07.TextGrid,31,20,down,134.420,134.650,IN,6.3241,5.88,3,0.129014
audio07.TextGrid,31,21,the,134.650,134.730,DT,2.5377,7.73,2,-0.952861
audio07.TextGrid,31,22,trail,134.730,135.100,NN,14.4781,4.45,4,6.369802
audio07.TextGrid,31,23,to,135.100,135.230,TO,3.4997,7.43,2,-0.338567
audio07.TextGrid,31,24,the,135.230,135.340,DT,2.5399,7.73,2,-0.950661
audio07.TextGrid,31,25,skiff,135.340,135.830,NN,4.1363,2.63,4,-4.480603
audio07.TextGrid,31,26,feeling,136.120,136.450,VBG,10.3963,5.13,5,2.247527
audio07.TextGrid,31,27,the,136.450,136.510,DT,2.2169,7.73,2,-1.273661
audio07.TextGrid,31,28,pebbled,136.510,136.970,JJ,5.0751,2.02,6,-1.437826
audio07.TextGrid,31,29,sand,136.970,137.400,NN,4.3292,4.44,4,-3.781892
audio07.TextGrid,31,30,under,137.400,137.630,IN,6.2477,5.73,4,-0.549645
audio07.TextGrid,31,31,their,137.630,137.810,PRP$,4.9301,6.33,3,-0.941330
audio07.TextGrid,31,32,feet,137.810,138.190,NNS,9.2134,4.99,3,1.424941
audio07.TextGrid,31,33,and,138.490,138.660,CC,3.9827,7.41,3,-1.111955
audio07.TextGrid,31,34,lifted,138.660,138.930,VBD,10.9368,4.1,6,3.175640
audio07.TextGrid,31,35,the,138.930,139.020,DT,2.6785,7.73,2,-0.812061
audio07.TextGrid,31,36,skiff,139.020,139.450,NN,4.1421,2.63,4,-4.474803
audio07.TextGrid,31,37,and,139.450,139.620,CC,4.2215,7.41,3,-0.873155
audio07.TextGrid,31,38,slid,139.620,139.840,VB,10.5729,3.55,4,2.213094
audio07.TextGrid,31,39,her,139.840,139.940,PRP$,6.8689,6.3,2,1.720942
audio07.TextGrid,31,40,into,139.940,140.090,IN,7.0652,6.11,4,0.374048
audio07.TextGrid,31,41,the,140.090,140.170,DT,1.6947,7.73,2,-1.795861
audio07.TextGrid,31,42,water,140.170,140.630,NN,8.3726,5.52,4,0.563317
audio07.TextGrid,31,43,good,142.190,142.350,JJ,8.0241,6.12,3,1.048377
audio07.TextGrid,31,44,luck,142.350,142.540,NN,10.3413,4.91,3,2.495302
audio07.TextGrid,31,45,old,142.540,142.710,JJ,8.5023,5.75,3,1.260460
audio07.TextGrid,31,46,man,142.710,143.090,NN,7.9369,5.82,3,0.745407
audio07.TextGrid,32,1,good,144.040,144.230,JJ,7.5665,6.12,3,0.590777
audio07.TextGrid,32,2,luck,144.230,144.540,NN,10.6916,4.91,3,2.845602
audio07.TextGrid,32,3,the,144.800,144.970,DT,4.2357,7.73,2,0.745139
audio07.TextGrid,32,4,old,144.970,145.150,JJ,7.3432,5.75,3,0.101360
audio07.TextGrid,32,5,man,145.150,145.400,NN,7.6998,5.82,3,0.508307
audio07.TextGrid,32,6,said,145.400,145.840,VBD,3.7213,6.01,3,-3.333538
audio07.TextGrid,33,1,he,146.810,146.930,PRP,4.5353,6.69,2,-0.160641
audio07.TextGrid,33,2,fitted,146.930,147.210,VBD,3.3819,4.13,5,-4.606543
audio07.TextGrid,33,3,the,147.210,147.280,DT,2.4671,7.73,2,-1.023461
audio07.TextGrid,33,4,rope,147.280,147.550,NN,10.2397,4.06,3,1.782351
audio07.TextGrid,33,5,lashings,147.550,148.040,NNS,6.7593,2.26,6,0.102347
audio07.TextGrid,33,6,of,148.040,148.110,IN,2.9573,7.4,2,-0.915738
audio07.TextGrid,33,7,the,148.110,148.270,DT,1.6942,7.73,2,-1.796361
audio07.TextGrid,33,8,oars,148.270,148.660,NNS,6.4486,3.01,3,-2.763947
audio07.TextGrid,33,9,onto,148.660,148.890,IN,10.1678,4.77,4,3.102180
audio07.TextGrid,33,10,the,148.890,149.010,DT,1.6945,7.73,2,-1.796061
audio07.TextGrid,33,11,thole,149.010,149.300,JJ,5.0744,1.96,3,-4.893345
audio07.TextGrid,33,12,pins,149.300,149.890,NNS,10.6770,3.8,4,2.387058
audio07.TextGrid,33,13,and,150.100,150.450,CC,4.3384,7.41,3,-0.756255
audio07.TextGrid,33,14,leaning,150.450,150.820,VBG,7.9903,3.89,5,0.040336
audio07.TextGrid,33,15,forward,150.820,151.240,RB,9.4861,5.12,6,1.112825
audio07.TextGrid,33,16,against,151.240,151.570,IN,7.5592,5.68,6,-0.196885
audio07.TextGrid,33,17,the,151.570,151.680,DT,1.7365,7.73,2,-1.754061
audio07.TextGrid,33,18,thrust,151.680,152.020,NN,4.1381,3.86,5,-3.807054
audio07.TextGrid,33,19,of,152.020,152.090,IN,3.1317,7.4,2,-0.741338
audio07.TextGrid,33,20,the,152.090,152.190,DT,1.6958,7.73,2,-1.794761
audio07.TextGrid,33,21,blades,152.190,152.560,NNS,6.4470,3.87,5,-1.499757
audio07.TextGrid,33,22,in,152.560,152.650,IN,3.2812,7.27,2,-0.742510
audio07.TextGrid,33,23,the,152.650,152.720,DT,1.6968,7.73,2,-1.793761
audio07.TextGrid,33,24,water,152.720,153.090,NN,8.3719,5.52,4,0.562617
audio07.TextGrid,34,1,he,153.590,153.670,PRP,4.5353,6.69,2,-0.160641
audio07.TextGrid,34,2,began,153.670,153.970,VBD,6.3554,5.07,5,-1.783753
audio07.TextGrid,34,3,to,153.970,154.060,TO,3.3822,7.43,2,-0.456067
audio07.TextGrid,34,4,row,154.060,154.390,VB,12.3370,4.6,2,4.265457
audio07.TextGrid,34,5,out,154.390,154.500,IN,6.9378,6.38,2,1.882563
audio07.TextGrid,34,6,of,154.500,154.570,IN,3.5207,7.4,2,-0.352338
audio07.TextGrid,34,7,the,154.570,154.690,DT,1.7150,7.73,2,-1.775561
audio07.TextGrid,34,8,harbour,154.690,155.070,NN,4.1399,3.98,5,-3.824494
audio07.TextGrid,34,9,in,155.070,155.140,IN,3.6167,7.27,2,-0.407010
audio07.TextGrid,34,10,the,155.140,155.240,DT,1.6994,7.73,2,-1.791161
audio07.TextGrid,34,11,dark,155.240,155.640,NN,10.7248,5.04,4,2.781380
audio07.TextGrid,35,1,there,156.620,156.740,EX,5.7321,6.31,3,-0.153715
audio07.TextGrid,35,2,were,156.740,156.880,VBD,4.5868,6.34,2,-1.468050
audio07.TextGrid,35,3,other,156.880,157.090,JJ,6.5830,6.16,3,-0.363953
audio07.TextGrid,35,4,boats,157.090,157.480,NNS,5.3080,4.25,4,-2.856188
audio07.TextGrid,35,5,from,157.480,157.620,IN,4.7316,6.63,4,-1.814237
audio07.TextGrid,35,6,the,157.620,157.770,DT,1.6925,7.73,2,-1.798061
audio07.TextGrid,35,7,other,157.770,157.930,JJ,5.7835,6.16,3,-1.163453
audio07.TextGrid,35,8,beaches,157.930,158.490,NNS,5.6200,3.96,5,-2.341187
audio07.TextGrid,35,9,going,158.490,158.780,VBG,8.5424,5.94,4,0.850488
audio07.TextGrid,35,10,out,158.780,158.980,IN,5.6772,6.38,2,0.621963
audio07.TextGrid,35,11,to,158.980,159.050,TO,3.5391,7.43,2,-0.299167
audio07.TextGrid,35,12,sea,159.050,159.460,VB,8.8238,5.06,2,1.285406
audio07.TextGrid,35,13,and,159.670,159.780,CC,3.9244,7.41,2,0.062953
audio07.TextGrid,35,14,the,159.780,159.880,DT,2.2384,7.73,2,-1.252161
audio07.TextGrid,35,15,old,159.880,160.100,JJ,7.3320,5.75,3,0.090160
audio07.TextGrid,35,16,man,160.100,160.340,NN,7.6934,5.82,3,0.501907
audio07.TextGrid,35,17,heard,160.340,160.520,VBD,10.2282,5.27,3,2.641127
audio07.TextGrid,35,18,the,160.520,160.620,DT,2.9311,7.73,2,-0.559461
audio07.TextGrid,35,19,dip,160.620,160.920,NN,4.1464,4.05,3,-4.318141
audio07.TextGrid,35,20,and,160.920,161.040,CC,4.3107,7.41,2,0.449253
audio07.TextGrid,35,21,push,161.040,161.370,NN,9.6085,4.82,3,1.697771
audio07.TextGrid,35,22,of,161.370,161.440,IN,3.3878,7.4,2,-0.485238
audio07.TextGrid,35,23,their,161.440,161.740,PRP$,4.9443,6.33,3,-0.927130
audio07.TextGrid,35,24,oars,161.740,162.240,NNS,5.5670,3.01,3,-3.645547
audio07.TextGrid,35,25,even,162.240,162.520,RB,6.8377,5.99,4,-0.840240
audio07.TextGrid,35,26,though,162.520,162.690,IN,7.5850,5.5,2,1.509827
audio07.TextGrid,35,27,he,162.690,162.760,PRP,4.6702,6.69,2,-0.025741
audio07.TextGrid,35,28,could,162.760,162.930,MD,6.3221,6.06,3,0.256476
audio07.TextGrid,35,29,not,162.930,163.120,RB,6.2026,6.69,3,-0.363158
audio07.TextGrid,35,30,see,163.120,163.330,VB,6.9700,6.1,2,0.636985
audio07.TextGrid,35,31,them,163.330,163.560,PRP,6.5373,6.19,3,0.565177
audio07.TextGrid,35,32,now,163.560,163.750,RB,6.7511,6.18,2,0.510807
audio07.TextGrid,35,33,the,163.750,163.830,DT,3.6200,7.73,2,0.129439
audio07.TextGrid,35,34,moon,163.830,164.100,NN,11.1027,4.7,3,3.105662
audio07.TextGrid,35,35,was,164.100,164.270,VBD,6.4428,6.82,3,-0.029457
audio07.TextGrid,35,36,below,164.270,164.540,IN,7.6190,5.05,4,0.631627
audio07.TextGrid,35,37,the,164.540,164.650,DT,1.7965,7.73,2,-1.694061
audio07.TextGrid,35,38,hills,164.650,165.150,NNS,8.3409,4.46,4,0.235397
audio08.TextGrid,1,1,sometimes,1.200,1.740,RB,8.7093,5.28,7,-0.056463
audio08.TextGrid,1,2,someone,1.740,1.990,NN,10.5114,5.63,6,1.832068
audio08.TextGrid,1,3,would,1.990,2.160,MD,5.3045,6.27,3,-0.610084
audio08.TextGrid,1,4,speak,2.160,2.550,VB,9.5913,5.03,4,1.645085
audio08.TextGrid,1,5,in,2.550,2.650,IN,3.6599,7.27,2,-0.363810
audio08.TextGrid,1,6,a,2.650,2.700,DT,2.6096,7.36,1,-0.098580
audio08.TextGrid,1,7,boat,2.700,3.100,NN,4.1400,4.71,3,-3.849845
audio08.TextGrid,1,8,but,3.410,3.600,CC,5.9790,6.63,3,0.323341
audio08.TextGrid,1,9,most,3.600,3.840,JJS,6.9640,6.0,4,-0.711145
audio08.TextGrid,1,10,of,3.840,3.910,IN,4.0486,7.4,2,0.175562
audio08.TextGrid,1,11,the,3.910,3.990,DT,1.6950,7.73,2,-1.795561
audio08.TextGrid,1,12,boats,3.990,4.280,NNS,6.4480,4.25,4,-1.716188
audio08.TextGrid,1,13,were,4.280,4.360,VBD,6.0877,6.34,2,0.032850
audio08.TextGrid,1,14,silent,4.360,4.930,JJ,10.8125,4.45,6,2.841301
audio08.TextGrid,1,15,except,4.930,5.250,IN,9.1827,5.02,6,1.822689
audio08.TextGrid,1,16,for,5.250,5.320,IN,6.0356,7.01,2,1.710545
audio08.TextGrid,1,17,the,5.320,5.420,DT,1.9037,7.73,2,-1.586861
audio08.TextGrid,1,18,dip,5.420,5.660,NN,4.1546,4.05,3,-4.309941
audio08.TextGrid,1,19,of,5.660,5.750,IN,3.1983,7.4,2,-0.674738
audio08.TextGrid,1,20,the,5.750,5.890,DT,1.7065,7.73,2,-1.784061
audio08.TextGrid,1,21,oars,5.890,6.340,NNS,6.4479,3.01,3,-2.764647
audio08.TextGrid,2,1,they,6.910,7.050,PRP,4.6769,6.5,2,-0.239255
audio08.TextGrid,2,2,spread,7.050,7.340,VBP,8.4842,4.81,5,0.386733
audio08.TextGrid,2,3,apart,7.340,7.840,RB,10.4833,4.78,5,2.390643
audio08.TextGrid,2,4,after,7.840,8.120,IN,6.6989,6.11,4,0.007748
audio08.TextGrid,2,5,they,8.120,8.250,PRP,4.6614,6.5,2,-0.254755
audio08.TextGrid,2,6,were,8.250,8.420,VBD,6.2758,6.34,2,0.220950
audio08.TextGrid,2,7,out,8.420,8.580,IN,5.7029,6.38,2,0.647663
audio08.TextGrid,2,8,of,8.580,8.650,IN,2.8911,7.4,2,-0.981938
audio08.TextGrid,2,9,the,8.650,8.740,DT,1.6931,7.73,2,-1.797461
audio08.TextGrid,2,10,mouth,8.740,9.030,NN,4.1377,4.83,3,-3.765837
audio08.TextGrid,2,11,of,9.030,9.100,IN,3.2253,7.4,2,-0.647738
audio08.TextGrid,2,12,the,9.100,9.220,DT,1.6983,7.73,2,-1.792261
audio08.TextGrid,2,13,harbour,9.220,9.590,NN,4.1370,3.98,5,-3.827394
audio08.TextGrid,3,1,and,10.200,10.300,CC,3.7036,7.41,2,-0.157847
audio08.TextGrid,3,2,each,10.300,10.530,DT,6.6769,5.69,2,0.821940
audio08.TextGrid,3,3,one,10.530,10.760,CD,6.6628,6.47,3,0.892063
audio08.TextGrid,3,4,headed,10.760,11.060,VBN,11.0408,4.55,5,2.985019
audio08.TextGrid,3,5,for,11.060,11.150,IN,3.5789,7.01,2,-0.746155
audio08.TextGrid,3,6,the,11.150,11.250,DT,1.6800,7.73,2,-1.810561
audio08.TextGrid,3,7,part,11.250,11.530,NN,6.5477,5.78,4,-1.188925
audio08.TextGrid,3,8,of,11.530,11.600,IN,3.3871,7.4,2,-0.485938
audio08.TextGrid,3,9,the,11.600,11.770,DT,1.6965,7.73,2,-1.794061
audio08.TextGrid,3,10,ocean,11.770,12.100,NN,4.1366,4.7,4,-3.901834
audio08.TextGrid,3,11,where,12.100,12.350,WRB,7.4011,6.0,4,0.679208
audio08.TextGrid,3,12,he,12.350,12.480,PRP,4.6798,6.69,2,-0.016141
audio08.TextGrid,3,13,hoped,12.480,12.700,VBD,9.8264,4.28,4,1.670595
audio08.TextGrid,3,14,to,12.700,12.800,TO,3.3225,7.43,2,-0.515767
audio08.TextGrid,3,15,find,12.800,13.140,VB,7.0574,5.76,4,-0.684814
audio08.TextGrid,3,16,fish,13.140,13.570,JJ,5.7462,4.9,3,-2.106991
audio08.TextGrid,4,1,the,14.590,14.710,DT,1.8241,7.73,2,-1.666461
audio08.TextGrid,4,2,old,14.710,14.900,JJ,7.3292,5.75,3,0.087360
audio08.TextGrid,4,3,man,14.900,15.130,NN,7.6921,5.82,3,0.500607
audio08.TextGrid,4,4,knew,15.130,15.390,VBD,8.8975,5.2,3,1.260080
audio08.TextGrid,4,5,he,15.390,15.510,PRP,5.1907,6.69,2,0.494759
audio08.TextGrid,4,6,was,15.510,15.690,VBD,4.8320,6.82,3,-1.640257
audio08.TextGrid,4,7,going,15.690,16.010,VBG,8.1858,5.94,4,0.493888
audio08.TextGrid,4,8,far,16.010,16.360,RB,7.2258,5.5,3,-0.195849
audio08.TextGrid,4,9,out,16.360,16.730,RB,6.6874,6.38,2,0.678911
audio08.TextGrid,4,10,and,17.030,17.120,CC,4.2046,7.41,2,0.343153
audio08.TextGrid,4,11,he,17.120,17.250,PRP,6.0974,6.69,2,1.401459
audio08.TextGrid,4,12,left,17.250,17.450,VBD,8.6269,5.62,4,0.845563
audio08.TextGrid,4,13,the,17.450,17.570,DT,2.8215,7.73,2,-0.669061
audio08.TextGrid,4,14,smell,17.570,17.860,NN,4.1458,4.49,4,-3.951319
audio08.TextGrid,4,15,of,17.860,17.920,IN,2.9545,7.4,2,-0.918538
audio08.TextGrid,4,16,the,17.920,18.000,DT,1.7008,7.73,2,-1.789761
audio08.TextGrid,4,17,land,18.000,18.270,NN,9.1335,5.22,4,1.240381
audio08.TextGrid,4,18,behind,18.270,18.850,IN,9.2090,5.29,6,1.686959
audio08.TextGrid,4,19,and,18.850,19.020,CC,5.3422,7.41,3,0.247545
audio08.TextGrid,4,20,rowed,19.020,19.290,VBD,6.7856,2.78,3,-2.592371
audio08.TextGrid,4,21,out,19.290,19.550,RP,5.7162,6.38,2,0.660963
audio08.TextGrid,4,22,into,19.550,19.700,IN,6.1852,6.11,4,-0.505952
audio08.TextGrid,4,23,the,19.700,19.810,DT,1.6940,7.73,2,-1.796561
audio08.TextGrid,4,24,clean,19.810,20.170,JJ,14.8354,4.97,4,6.872418
audio08.TextGrid,4,25,early,20.170,20.390,JJ,7.2100,5.43,3,-0.261995
audio08.TextGrid,4,26,morning,20.390,20.750,NN,10.2584,5.33,6,1.759102
audio08.TextGrid,4,27,smell,20.750,21.030,NN,5.3696,4.49,4,-2.727519
audio08.TextGrid,4,28,of,21.030,21.110,IN,2.8765,7.4,2,-0.996538
audio08.TextGrid,4,29,the,21.110,21.250,DT,1.7082,7.73,2,-1.782361
audio08.TextGrid,4,30,ocean,21.250,21.580,NN,4.1364,4.7,4,-3.902034
audio08.TextGrid,5,1,he,22.450,22.560,PRP,4.5353,6.69,2,-0.160641
audio08.TextGrid,5,2,saw,22.560,22.770,VBD,8.2117,5.34,2,0.997831
audio08.TextGrid,5,3,the,22.770,22.850,DT,2.4587,7.73,2,-1.031861
audio08.TextGrid,5,4,phosphorescence,22.850,23.700,NN,4.1401,1.88,10,2.506353
audio08.TextGrid,5,5,of,23.700,23.780,IN,3.1725,7.4,2,-0.700538
audio08.TextGrid,5,6,the,23.780,23.880,DT,1.6958,7.73,2,-1.794761
audio08.TextGrid,5,7,gulf,23.880,24.270,NN,8.0497,4.28,4,-0.106105
audio08.TextGrid,5,8,weed,24.270,24.590,NN,5.1942,4.27,3,-3.112109
audio08.TextGrid,5,9,in,24.590,24.670,IN,3.7640,7.27,2,-0.259710
audio08.TextGrid,5,10,the,24.670,24.740,DT,1.7023,7.73,2,-1.788261
audio08.TextGrid,5,11,water,24.740,25.220,NN,8.3724,5.52,4,0.563117
audio08.TextGrid,5,12,as,25.220,25.370,IN,4.9416,6.77,2,0.338381
audio08.TextGrid,5,13,he,25.370,25.480,PRP,4.4839,6.69,2,-0.212041
audio08.TextGrid,5,14,rowed,25.480,25.770,VBD,4.6668,2.78,3,-4.711171
audio08.TextGrid,5,15,over,25.770,25.950,IN,6.4239,6.08,3,0.372661
audio08.TextGrid,5,16,the,25.950,26.030,DT,1.9135,7.73,2,-1.577061
audio08.TextGrid,5,17,part,26.030,26.290,NN,6.5503,5.78,4,-1.186325
audio08.TextGrid,5,18,of,26.290,26.360,IN,2.8760,7.4,2,-0.997038
audio08.TextGrid,5,19,the,26.360,26.500,DT,1.6969,7.73,2,-1.793661
audio08.TextGrid,5,20,ocean,26.500,26.830,NN,4.1363,4.7,4,-3.902134
audio08.TextGrid,5,21,that,26.830,26.940,IN,4.1456,7.01,3,-1.236750
audio08.TextGrid,5,22,the,26.940,27.050,DT,2.0009,7.73,2,-1.489661
audio08.TextGrid,5,23,fishermen,27.050,27.460,NNS,6.4484,3.65,7,-0.622334
audio08.TextGrid,5,24,called,27.460,27.790,VBD,8.1788,5.59,4,0.389079
audio08.TextGrid,5,25,the,27.790,27.900,DT,2.8046,7.73,2,-0.685961
audio08.TextGrid,5,26,great,27.900,28.270,JJ,7.7276,5.88,4,0.018921
audio08.TextGrid,5,27,well,28.270,28.680,NN,8.9594,6.03,3,1.918946
audio08.TextGrid,6,1,because,29.130,29.500,IN,6.7432,6.03,5,-0.596616
audio08.TextGrid,6,2,there,29.500,29.600,EX,5.7016,6.31,3,-0.184215
audio08.TextGrid,6,3,was,29.600,29.750,VBD,5.3990,6.82,3,-1.073257
audio08.TextGrid,6,4,a,29.750,29.820,DT,3.2387,7.36,1,0.530520
audio08.TextGrid,6,5,sudden,29.820,30.160,JJ,10.0316,4.4,5,1.999868
audio08.TextGrid,6,6,deep,30.160,30.580,NN,3.9920,5.05,3,-3.753305
audio08.TextGrid,6,7,of,30.580,30.720,IN,3.0253,7.4,2,-0.847738
audio08.TextGrid,6,8,seven,30.720,31.030,CD,8.5416,5.08,5,1.354097
audio08.TextGrid,6,9,hundred,31.030,31.310,VBD,8.3872,4.71,7,0.214177
audio08.TextGrid,6,10,fathoms,31.310,31.850,NNS,6.2693,2.49,6,-0.525679
audio08.TextGrid,6,11,where,32.210,32.350,WRB,7.2821,6.0,3,1.173322
audio08.TextGrid,6,12,all,32.350,32.510,DT,5.7060,6.52,2,0.813026
audio08.TextGrid,6,13,sorts,32.510,32.820,NNS,11.3084,4.21,5,3.307131
audio08.TextGrid,6,14,of,32.820,32.920,IN,3.7058,7.4,2,-0.167238
audio08.TextGrid,6,15,fish,32.920,33.170,NN,5.7935,4.9,3,-2.059691
audio08.TextGrid,6,16,congregated,33.170,33.900,VBN,5.7899,2.45,11,3.759499
audio08.TextGrid,6,17,because,33.900,34.220,IN,5.4340,6.03,5,-1.905816
audio08.TextGrid,6,18,of,34.220,34.310,IN,5.1320,7.4,2,1.258962
audio08.TextGrid,6,19,the,34.310,34.400,DT,1.9258,7.73,2,-1.564761
audio08.TextGrid,6,20,swirl,34.400,34.830,NN,4.1491,3.16,4,-4.319692
audio08.TextGrid,6,21,the,34.830,34.920,DT,3.1972,7.73,2,-0.293361
audio08.TextGrid,6,22,current,34.920,35.290,JJ,7.1692,5.27,6,-1.294091
audio08.TextGrid,6,23,made,35.290,35.540,VBN,8.2148,5.92,3,1.095230
audio08.TextGrid,6,24,against,35.540,35.840,IN,7.1195,5.68,6,-0.636585
audio08.TextGrid,6,25,the,35.840,35.940,DT,1.6936,7.73,2,-1.796961
audio08.TextGrid,6,26,steep,35.940,36.230,JJ,10.0302,3.99,4,1.793354
audio08.TextGrid,6,27,walls,36.230,36.560,NNS,10.3625,4.62,4,2.301709
audio08.TextGrid,6,28,of,36.560,36.630,IN,2.8424,7.4,2,-1.030638
audio08.TextGrid,6,29,the,36.630,36.740,DT,1.6991,7.73,2,-1.791461
audio08.TextGrid,6,30,floor,36.740,37.010,NN,7.7508,4.94,4,-0.220565
audio08.TextGrid,6,31,of,37.010,37.070,IN,3.0494,7.4,2,-0.823638
audio08.TextGrid,6,32,the,37.070,37.240,DT,1.6978,7.73,2,-1.792761
audio08.TextGrid,6,33,ocean,37.240,37.650,NN,4.1361,4.7,4,-3.902334
audio08.TextGrid,7,1,here,38.650,38.890,RB,7.8764,5.97,3,0.792792
audio08.TextGrid,7,2,there,38.890,39.010,EX,6.3065,6.31,3,0.420685
audio08.TextGrid,7,3,were,39.010,39.140,VBD,4.6471,6.34,2,-1.407750
audio08.TextGrid,7,4,concentrations,39.140,40.050,NNS,7.5737,3.76,13,2.620573
audio08.TextGrid,7,5,of,40.050,40.170,IN,2.9900,7.4,2,-0.883038
audio08.TextGrid,7,6,shrimp,40.170,40.640,NN,5.7947,3.79,5,-2.139231
audio08.TextGrid,7,7,and,40.640,40.790,CC,4.3703,7.41,3,-0.724355
audio08.TextGrid,7,8,bait,40.790,41.080,NN,5.3779,3.85,3,-3.230488
audio08.TextGrid,7,9,fish,41.080,41.490,NN,5.1012,4.9,3,-2.751991
audio08.TextGrid,7,10,and,41.490,41.610,CC,4.2798,7.41,3,-0.814855
audio08.TextGrid,7,11,sometimes,41.610,42.100,RB,9.0862,5.28,7,0.320437
audio08.TextGrid,7,12,schools,42.100,42.560,NNS,9.5907,5.05,5,1.454754
audio08.TextGrid,7,13,of,42.560,42.660,IN,3.0439,7.4,2,-0.829138
audio08.TextGrid,7,14,squid,42.660,43.190,NN,5.7956,3.44,5,-2.082216
audio08.TextGrid,7,15,in,43.190,43.290,IN,3.6484,7.27,2,-0.375310
audio08.TextGrid,7,16,the,43.290,43.370,DT,1.6973,7.73,2,-1.793261
audio08.TextGrid,7,17,deepest,43.370,43.810,NN,4.1360,3.77,6,-3.427123
audio08.TextGrid,7,18,holes,43.810,44.260,NNS,6.6776,4.35,4,-1.458643
audio08.TextGrid,7,19,and,44.440,44.570,CC,4.2488,7.41,2,0.387353
audio08.TextGrid,7,20,these,44.570,44.890,DT,6.3739,6.04,3,0.293891
audio08.TextGrid,7,21,rose,44.890,45.280,VBD,9.7715,4.82,3,1.860771
audio08.TextGrid,7,22,close,45.280,45.580,RB,8.1550,5.36,4,0.301005
audio08.TextGrid,7,23,to,45.580,45.680,TO,3.5573,7.43,2,-0.280967
audio08.TextGrid,7,24,the,45.680,45.800,DT,2.5190,7.73,2,-0.971561
audio08.TextGrid,7,25,surface,45.800,46.290,NN,4.1360,4.83,5,-3.964674
audio08.TextGrid,7,26,at,46.290,46.430,IN,4.5831,6.7,2,-0.101251
audio08.TextGrid,7,27,night,46.430,46.850,NN,9.8202,5.61,3,2.477667
audio08.TextGrid,7,28,where,46.850,46.980,WRB,7.3410,6.0,3,1.232222
audio08.TextGrid,7,29,all,46.980,47.110,PDT,5.6923,6.52,2,0.799326
audio08.TextGrid,7,30,the,47.110,47.190,DT,3.9133,7.73,2,0.422739
audio08.TextGrid,7,31,wandering,47.190,47.790,VBG,7.3634,3.8,7,0.136682
audio08.TextGrid,7,32,fish,47.790,48.120,JJ,5.7934,4.9,3,-2.059791
audio08.TextGrid,7,33,fed,48.120,48.350,VBN,8.1661,4.51,3,0.032407
audio08.TextGrid,7,34,on,48.350,48.520,IN,4.5438,6.91,2,0.102843
audio08.TextGrid,7,35,them,48.520,48.730,PRP,5.9093,6.19,3,-0.062823
audio08.TextGrid,8,1,in,50.540,50.660,IN,4.1039,7.27,2,0.080190
audio08.TextGrid,8,2,the,50.660,50.730,DT,1.7509,7.73,2,-1.739661
audio08.TextGrid,8,3,dark,50.730,51.160,NN,10.7218,5.04,4,2.778380
audio08.TextGrid,8,4,the,51.160,51.280,DT,4.9590,7.73,2,1.468439
audio08.TextGrid,8,5,old,51.280,51.480,JJ,7.4087,5.75,3,0.166860
audio08.TextGrid,8,6,man,51.480,51.710,NN,7.7325,5.82,3,0.541007
audio08.TextGrid,8,7,could,51.710,51.920,MD,5.9115,6.06,3,-0.154124
audio08.TextGrid,8,8,feel,51.920,52.170,VB,7.2587,5.67,3,-0.040679
audio08.TextGrid,8,9,the,52.170,52.270,DT,2.5962,7.73,2,-0.894361
audio08.TextGrid,8,10,morning,52.270,52.690,NN,8.8530,5.33,6,0.353702
audio08.TextGrid,8,11,coming,52.690,53.160,VBG,8.7547,5.4,5,0.562639
audio08.TextGrid,8,12,and,53.430,53.560,CC,3.9314,7.41,2,0.069953
audio08.TextGrid,8,13,as,53.560,53.730,IN,5.8644,6.77,2,1.261181
audio08.TextGrid,8,14,he,53.730,53.850,PRP,4.8587,6.69,2,0.162759
audio08.TextGrid,8,15,rowed,53.850,54.320,VBD,5.3606,2.78,3,-4.017371
audio08.TextGrid,8,16,he,54.320,54.480,PRP,5.1609,6.69,2,0.464959
audio08.TextGrid,8,17,heard,54.480,54.660,VBD,9.4166,5.27,3,1.829527
audio08.TextGrid,8,18,the,54.660,54.770,DT,2.8290,7.73,2,-0.661561
audio08.TextGrid,8,19,trembling,54.770,55.320,VBG,8.5442,3.27,8,2.456119
audio08.TextGrid,8,20,sound,55.320,55.820,NN,8.5710,5.15,4,0.658320
audio08.TextGrid,8,21,as,55.820,56.020,IN,4.5802,6.77,2,-0.023019
audio08.TextGrid,8,22,flying,56.020,56.410,VBG,8.0368,4.71,5,-0.044634
audio08.TextGrid,8,23,fish,56.410,56.790,JJ,5.7263,4.9,3,-2.126891
audio08.TextGrid,8,24,left,56.790,56.970,VBD,10.2961,5.62,4,2.514763
audio08.TextGrid,8,25,the,56.970,57.040,DT,3.1985,7.73,2,-0.292061
audio08.TextGrid,8,26,water,57.040,57.510,NN,8.3814,5.52,4,0.572117
audio08.TextGrid,8,27,and,57.630,57.730,CC,4.0769,7.41,2,0.215453
audio08.TextGrid,8,28,the,57.730,57.850,DT,2.3610,7.73,2,-1.129561
audio08.TextGrid,8,29,hissing,57.850,58.260,NN,4.1372,2.88,5,-3.650831
audio08.TextGrid,8,30,that,58.260,58.430,IN,4.2201,7.01,3,-1.162250
audio08.TextGrid,8,31,their,58.430,58.520,PRP$,5.2192,6.33,3,-0.652230
audio08.TextGrid,8,32,stiff,58.520,58.840,JJ,10.0554,3.9,4,1.793403
audio08.TextGrid,8,33,set,58.840,59.180,VBN,8.7239,5.59,3,1.366982
audio08.TextGrid,8,34,wings,59.180,59.530,NNS,10.8907,4.44,4,2.779608
audio08.TextGrid,8,35,made,59.530,59.840,VBN,6.8744,5.92,3,-0.245170
audio08.TextGrid,8,36,as,59.840,59.950,IN,4.4858,6.77,2,-0.117419
audio08.TextGrid,8,37,they,59.950,60.100,PRP,4.7003,6.5,2,-0.215855
audio08.TextGrid,8,38,soared,60.100,60.470,VBD,9.4079,3.06,4,0.911162
audio08.TextGrid,8,39,away,60.470,60.750,RB,7.4247,5.62,3,0.089359
audio08.TextGrid,8,40,in,60.750,60.820,IN,3.3512,7.27,2,-0.672510
audio08.TextGrid,8,41,the,60.820,60.910,DT,1.7169,7.73,2,-1.773661
audio08.TextGrid,8,42,darkness,60.910,61.580,NN,4.1373,4.3,7,-3.609366
audio08.TextGrid,9,1,he,62.750,62.840,PRP,4.5353,6.69,2,-0.160641
audio08.TextGrid,9,2,was,62.840,62.980,VBD,3.9158,6.82,3,-2.556457
audio08.TextGrid,9,3,very,62.980,63.210,RB,7.0517,6.0,4,-0.623445
audio08.TextGrid,9,4,fond,63.210,63.540,JJ,11.0342,3.89,4,2.769409
audio08.TextGrid,9,5,of,63.540,63.640,IN,3.1451,7.4,2,-0.727938
audio08.TextGrid,9,6,flying,63.640,64.010,VBG,8.0785,4.71,5,-0.002934
audio08.TextGrid,9,7,fish,64.010,64.420,JJ,5.7149,4.9,3,-2.138291
audio08.TextGrid,9,8,as,64.420,64.520,IN,5.7505,6.77,2,1.147281
audio08.TextGrid,9,9,they,64.520,64.650,PRP,4.6486,6.5,2,-0.267555
audio08.TextGrid,9,10,were,64.650,64.800,VBD,6.2704,6.34,2,0.215550
audio08.TextGrid,9,11,his,64.800,64.940,PRP$,6.0556,6.51,3,0.313632
audio08.TextGrid,9,12,principal,64.940,65.400,JJ,7.6885,4.52,9,-0.211414
audio08.TextGrid,9,13,friends,65.400,65.810,NNS,9.4314,5.43,5,1.234529
audio08.TextGrid,9,14,on,65.810,65.940,IN,4.5178,6.91,2,0.076843
audio08.TextGrid,9,15,the,65.940,66.080,DT,1.7017,7.73,2,-1.788861
audio08.TextGrid,9,16,ocean,66.080,66.470,NN,4.1365,4.7,4,-3.901934
audio08.TextGrid,10,1,he,67.360,67.470,PRP,4.5353,6.69,2,-0.160641
audio08.TextGrid,10,2,was,67.470,67.600,VBD,3.9158,6.82,3,-2.556457
audio08.TextGrid,10,3,sorry,67.600,67.880,NN,11.5247,5.18,4,3.620403
audio08.TextGrid,10,4,for,67.880,68.010,IN,4.5731,7.01,2,0.248045
audio08.TextGrid,10,5,the,68.010,68.100,DT,1.6996,7.73,2,-1.790961
audio08.TextGrid,10,6,birds,68.100,68.800,NNS,11.1881,4.6,4,3.121720
audio08.TextGrid,10,7,especially,68.920,69.460,RB,9.2302,5.21,7,0.537230
audio08.TextGrid,10,8,the,69.460,69.560,DT,3.7627,7.73,2,0.272139
audio08.TextGrid,10,9,small,69.560,69.910,JJ,6.8480,5.51,4,-0.964077
audio08.TextGrid,10,10,delicate,69.910,70.380,NN,4.1035,4.01,7,-3.341596
audio08.TextGrid,10,11,dark,70.380,70.630,NN,11.9911,5.04,4,4.047680
audio08.TextGrid,10,12,terns,70.670,71.210,NNS,5.5636,2.51,4,-3.086837
audio08.TextGrid,10,13,that,71.210,71.360,WDT,3.9622,7.01,3,-1.420150
audio08.TextGrid,10,14,were,71.360,71.460,VBD,6.8394,6.34,2,0.784550
audio08.TextGrid,10,15,always,71.460,71.830,RB,7.7030,5.76,5,-0.546780
audio08.TextGrid,10,16,flying,71.830,72.290,VBG,7.2058,4.71,5,-0.875634
audio08.TextGrid,10,17,and,72.290,72.430,CC,4.0022,7.41,3,-1.092455
audio08.TextGrid,10,18,looking,72.430,72.820,VBG,8.2978,5.57,5,0.078482
audio08.TextGrid,10,19,and,72.820,72.960,CC,4.0467,7.41,3,-1.047955
audio08.TextGrid,10,20,almost,72.960,73.330,RB,7.7151,5.39,6,-0.820205
audio08.TextGrid,10,21,never,73.330,73.550,RB,7.3020,5.91,4,-0.398296
audio08.TextGrid,10,22,finding,73.550,74.100,VBG,10.0750,4.85,6,1.863756
audio08.TextGrid,11,1,and,74.870,74.970,CC,3.7036,7.41,2,-0.157847
audio08.TextGrid,11,2,he,74.970,75.080,PRP,4.7461,6.69,2,0.050159
audio08.TextGrid,11,3,thought,75.080,75.390,VBD,7.8797,5.59,3,0.522782
audio08.TextGrid,11,4,the,75.430,75.540,DT,2.5750,7.73,2,-0.915561
audio08.TextGrid,11,5,birds,75.540,75.830,NNS,11.1955,4.6,4,3.129120
audio08.TextGrid,11,6,have,75.830,75.980,VBP,5.2457,6.71,3,-1.305673
audio08.TextGrid,11,7,a,75.980,76.010,DT,3.4511,7.36,1,0.742920
audio08.TextGrid,11,8,harder,76.010,76.310,JJR,10.0990,4.57,5,2.040012
audio08.TextGrid,11,9,life,76.310,76.560,NN,7.7309,5.89,3,0.589753
audio08.TextGrid,11,10,than,76.560,76.680,IN,5.6077,6.13,3,-0.407577
audio08.TextGrid,11,11,we,76.680,76.880,PRP,5.6029,6.54,2,0.733106
audio08.TextGrid,11,12,do,76.880,77.190,VBP,6.8980,6.35,2,0.854740
audio08.TextGrid,11,13,except,77.190,77.510,IN,9.1186,5.02,6,1.758589
audio08.TextGrid,11,14,for,77.510,77.580,IN,5.8494,7.01,2,1.524345
audio08.TextGrid,11,15,the,77.580,77.710,DT,1.8927,7.73,2,-1.597861
audio08.TextGrid,11,16,robber,77.710,78.030,NN,4.1557,3.39,4,-4.248818
audio08.TextGrid,11,17,birds,78.030,78.540,NNS,11.3593,4.6,4,3.292920
audio08.TextGrid,11,18,and,78.540,78.640,CC,3.5740,7.41,2,-0.287447
audio08.TextGrid,11,19,the,78.640,78.730,DT,2.0702,7.73,2,-1.420361
audio08.TextGrid,11,20,heavy,78.730,78.990,JJ,8.7549,4.96,4,0.789124
audio08.TextGrid,11,21,strong,78.990,79.430,JJ,8.0388,5.22,5,-0.124402
audio08.TextGrid,11,22,ones,79.430,79.790,NNS,8.1714,5.07,4,0.236363
audio08.TextGrid,12,1,why,80.750,80.920,WRB,8.5208,5.93,2,2.944005
audio08.TextGrid,12,2,did,80.920,81.040,VBD,8.9248,5.96,3,1.834000
audio08.TextGrid,12,3,they,81.040,81.140,PRP,5.1494,6.5,2,0.233245
audio08.TextGrid,12,4,make,81.140,81.350,VBP,6.3997,6.08,3,-0.604792
audio08.TextGrid,12,5,birds,81.350,81.650,NNS,12.1428,4.6,4,4.076420
audio08.TextGrid,12,6,so,81.650,81.790,RB,6.0807,6.52,2,0.234473
audio08.TextGrid,12,7,delicate,81.790,82.350,JJ,5.8919,4.01,7,-1.553196
audio08.TextGrid,12,8,and,82.350,82.500,CC,3.5844,7.41,3,-1.510255
audio08.TextGrid,12,9,fine,82.550,82.920,JJ,8.3865,5.23,3,0.770657
audio08.TextGrid,12,10,as,82.920,83.090,IN,5.1783,6.77,2,0.575081
audio08.TextGrid,12,11,those,83.090,83.300,DT,6.1693,5.9,3,-0.011402
audio08.TextGrid,12,12,sea,83.300,83.580,NN,8.2720,5.06,2,0.733606
audio08.TextGrid,12,13,swallows,83.580,84.180,VBZ,5.8938,3.21,6,-1.333260
audio08.TextGrid,12,14,when,84.180,84.310,WRB,6.1262,6.37,3,0.283539
audio08.TextGrid,12,15,the,84.310,84.460,DT,2.0223,7.73,2,-1.468261
audio08.TextGrid,12,16,ocean,84.460,84.760,NN,4.1363,4.7,4,-3.902134
audio08.TextGrid,12,17,can,84.760,84.950,MD,5.5742,6.46,3,-0.203730
audio08.TextGrid,12,18,be,84.950,85.140,VB,3.7171,6.79,2,-1.816192
audio08.TextGrid,12,19,so,85.140,85.330,RB,6.0402,6.52,2,0.193973
audio08.TextGrid,12,20,cruel,85.330,85.820,JJ,5.6357,4.12,4,-2.564817
audio08.TextGrid,13,1,she,86.740,86.880,PRP,5.6641,6.26,2,0.469781
audio08.TextGrid,13,2,is,86.880,87.000,VBZ,3.3590,7.07,2,-1.849766
audio08.TextGrid,13,3,kind,87.000,87.510,NN,9.8458,5.45,4,2.016956
audio08.TextGrid,13,4,and,87.510,87.700,CC,3.9363,7.41,3,-1.158355
audio08.TextGrid,13,5,very,87.700,87.900,RB,7.3965,6.0,4,-0.278645
audio08.TextGrid,13,6,beautiful,87.900,88.500,JJ,8.8700,5.22,8,-0.103453
audio08.TextGrid,13,7,but,88.890,89.030,CC,5.3325,6.63,3,-0.323159
audio08.TextGrid,13,8,she,89.030,89.130,PRP,7.0535,6.26,2,1.859181
audio08.TextGrid,13,9,can,89.130,89.280,MD,5.7826,6.46,3,0.004670
audio08.TextGrid,13,10,be,89.280,89.430,VB,3.7178,6.79,2,-1.815492
audio08.TextGrid,13,11,so,89.430,89.650,RB,6.0643,6.52,2,0.218073
audio08.TextGrid,13,12,cruel,89.650,90.170,JJ,5.6572,4.12,4,-2.543317
audio08.TextGrid,13,13,and,90.390,90.510,CC,3.7433,7.41,3,-1.351355
audio08.TextGrid,13,14,it,90.510,90.620,PRP,4.7857,6.95,2,0.391104
audio08.TextGrid,13,15,comes,90.620,90.930,VBZ,8.7542,5.36,4,0.900205
audio08.TextGrid,13,16,so,90.930,91.120,RB,6.2242,6.52,2,0.377973
audio08.TextGrid,13,17,suddenly,91.120,91.800,RB,9.9585,4.69,7,1.806275
audio08.TextGrid,13,18,and,91.930,92.080,CC,3.6683,7.41,3,-1.426355
audio08.TextGrid,13,19,such,92.080,92.300,JJ,5.5344,5.84,3,-1.642709
audio08.TextGrid,13,20,birds,92.300,92.680,NNS,11.8678,4.6,4,3.801420
audio08.TextGrid,13,21,that,92.680,92.900,WDT,4.1984,7.01,3,-1.183950
audio08.TextGrid,13,22,fly,92.900,93.320,VBP,11.2186,4.75,3,3.257524
audio08.TextGrid,13,23,dipping,93.320,93.760,VBG,7.2278,3.48,5,-0.656429
audio08.TextGrid,13,24,and,93.760,93.910,CC,3.8847,7.41,3,-1.209955
audio08.TextGrid,13,25,hunting,93.910,94.300,VBG,6.7608,4.42,6,-1.192396
audio08.TextGrid,13,26,with,94.590,94.720,IN,5.0344,6.85,3,-0.463027
audio08.TextGrid,13,27,their,94.720,94.810,PRP$,4.9365,6.33,3,-0.934930
audio08.TextGrid,13,28,small,94.810,95.190,JJ,6.9198,5.51,4,-0.892277
audio08.TextGrid,13,29,sad,95.190,95.550,JJ,11.3350,4.84,3,3.438655
audio08.TextGrid,13,30,voices,95.550,96.050,NNS,9.6705,4.35,5,1.646785
audio08.TextGrid,13,31,are,96.410,96.490,VBP,5.3635,6.74,2,-0.227743
audio08.TextGrid,13,32,made,96.490,96.740,VBN,6.7305,5.92,3,-0.389070
audio08.TextGrid,13,33,too,96.740,96.840,RB,7.2863,5.95,2,0.779432
audio08.TextGrid,13,34,delicately,96.840,97.530,RB,4.6946,3.05,9,-0.383707
audio08.TextGrid,13,35,for,97.530,97.690,IN,4.0832,7.01,2,-0.241855
audio08.TextGrid,13,36,the,97.690,97.810,DT,1.8186,7.73,2,-1.671961
audio08.TextGrid,13,37,sea,97.810,98.220,NN,8.2735,5.06,2,0.735106
audio08.TextGrid,14,1,he,99.890,100.010,PRP,4.5353,6.69,2,-0.160641
audio08.TextGrid,14,2,always,100.010,100.300,RB,8.9385,5.76,5,0.688720
audio08.TextGrid,14,3,thought,100.300,100.480,VBD,8.3933,5.59,3,1.036382
audio08.TextGrid,14,4,of,100.480,100.550,IN,3.2451,7.4,2,-0.627938
audio08.TextGrid,14,5,the,100.550,100.640,DT,1.7111,7.73,2,-1.779461
audio08.TextGrid,14,6,sea,100.640,100.890,NN,8.2750,5.06,2,0.736606
audio08.TextGrid,14,7,as,100.890,101.090,IN,5.9496,6.77,2,1.346381
audio08.TextGrid,14,8,la,101.090,101.270,NN,8.8197,5.05,2,1.269715
audio08.TextGrid,14,9,mar,101.270,101.740,NN,5.1095,4.19,3,-3.254348
audio08.TextGrid,15,1,which,102.210,102.370,WDT,5.7335,6.3,3,-0.159507
audio08.TextGrid,15,2,is,102.370,102.470,VBZ,3.7725,7.07,2,-1.436266
audio08.TextGrid,15,3,what,102.470,102.630,WP,7.4209,6.38,3,1.585432
audio08.TextGrid,15,4,people,102.630,102.920,NNS,9.1328,6.25,5,0.804458
audio08.TextGrid,15,5,call,102.920,103.250,VBP,8.7828,5.51,3,1.368343
audio08.TextGrid,15,6,her,103.250,103.360,PRP$,7.0468,6.3,2,1.898842
audio08.TextGrid,15,7,in,103.360,103.480,IN,4.1313,7.27,2,0.107590
audio08.TextGrid,15,8,spanish,103.480,103.920,JJ,11.0036,4.73,6,2.864369
audio08.TextGrid,15,9,when,103.920,104.070,WRB,6.8404,6.37,4,0.221905
audio08.TextGrid,15,10,they,104.070,104.220,PRP,4.9725,6.5,2,0.056345
audio08.TextGrid,15,11,love,104.220,104.450,VBP,3.9816,5.82,3,-3.209893
audio08.TextGrid,16,1,her,104.450,104.650,PRP$,6.2597,6.3,2,1.111742
audio08.TextGrid,16,2,sometimes,105.390,105.920,NNS,10.0905,5.28,7,1.324737
audio08.TextGrid,16,3,those,105.920,106.200,DT,7.7543,5.9,3,1.573598
audio08.TextGrid,16,4,who,106.200,106.300,WP,8.4743,6.34,2,3.372702
audio08.TextGrid,16,5,love,106.300,106.490,VBP,4.3320,5.82,3,-2.859493
audio08.TextGrid,16,6,her,106.490,106.610,PRP$,6.8942,6.3,2,1.746242
audio08.TextGrid,16,7,say,106.610,106.790,JJ,7.8556,5.89,2,1.279191
audio08.TextGrid,16,8,bad,106.790,107.100,JJ,8.7868,5.53,3,1.386728
audio08.TextGrid,16,9,things,107.100,107.400,NNS,7.5685,5.74,4,-0.179303
audio08.TextGrid,16,10,of,107.400,107.530,IN,2.8287,7.4,2,-1.044338
audio08.TextGrid,16,11,her,107.530,107.710,PRP$,6.1361,6.3,2,0.988142
audio08.TextGrid,16,12,but,108.070,108.240,CC,5.2530,6.63,3,-0.402659
audio08.TextGrid,16,13,they,108.240,108.320,PRP,5.1169,6.5,2,0.200745
audio08.TextGrid,16,14,are,108.320,108.360,VBP,5.2102,6.74,1,0.557511
audio08.TextGrid,16,15,always,108.360,108.820,RB,7.7147,5.76,5,-0.535080
audio08.TextGrid,16,16,said,108.820,109.140,VBD,4.1744,6.01,3,-2.880438
audio08.TextGrid,16,17,as,109.140,109.320,IN,4.9622,6.77,2,0.358981
audio08.TextGrid,16,18,though,109.320,109.450,IN,8.4518,5.5,2,2.376627
audio08.TextGrid,16,19,she,109.450,109.610,PRP,5.8854,6.26,2,0.691081
audio08.TextGrid,16,20,were,109.610,109.790,VBD,5.7785,6.34,2,-0.276350
audio08.TextGrid,16,21,a,109.790,109.820,DT,3.2943,7.36,1,0.586120
audio08.TextGrid,16,22,woman,109.820,110.210,NN,8.0425,5.35,5,-0.141545
audio08.TextGrid,17,1,some,111.350,111.540,DT,5.3151,6.2,3,-0.649831
audio08.TextGrid,17,2,of,111.540,111.610,IN,5.1741,7.4,2,1.301062
audio08.TextGrid,17,3,the,111.610,111.720,DT,1.7145,7.73,2,-1.776061
audio08.TextGrid,17,4,younger,111.720,112.050,JJR,11.0323,4.69,5,2.954072
audio08.TextGrid,17,5,fishermen,112.050,112.550,NNS,5.5491,3.65,7,-1.521634
audio08.TextGrid,17,6,those,112.720,113.000,DT,8.1194,5.9,3,1.938698
audio08.TextGrid,17,7,who,113.000,113.060,WP,8.5479,6.34,2,3.446302
audio08.TextGrid,17,8,used,113.060,113.410,VBD,7.8955,5.8,4,0.164464
audio08.TextGrid,17,9,buoys,113.410,113.880,NNS,7.6503,2.77,4,-0.927479
audio08.TextGrid,17,10,as,113.880,114.050,IN,4.6550,6.77,2,0.051781
audio08.TextGrid,17,11,floats,114.050,114.370,NNS,6.8677,3.46,5,-1.013322
audio08.TextGrid,17,12,for,114.370,114.470,IN,3.7775,7.01,2,-0.547555
audio08.TextGrid,17,13,their,114.470,114.630,PRP$,4.9274,6.33,3,-0.944030
audio08.TextGrid,17,14,lines,114.630,115.210,NNS,8.5425,4.95,4,0.573929
audio08.TextGrid,17,15,and,115.210,115.360,CC,3.9988,7.41,3,-1.095855
audio08.TextGrid,17,16,had,115.360,115.560,VBD,7.1900,6.33,3,0.365317
audio08.TextGrid,17,17,motorboats,115.560,116.260,NNS,7.4155,2.03,8,3.162220
audio08.TextGrid,18,1,bought,116.670,116.960,VBD,11.6680,4.91,3,3.822002
audio08.TextGrid,18,2,when,116.960,117.090,WRB,6.8267,6.37,3,0.984039
audio08.TextGrid,18,3,the,117.090,117.150,DT,1.9437,7.73,2,-1.546861
audio08.TextGrid,18,4,shark,117.150,117.510,NN,4.1361,4.1,4,-4.070006
audio08.TextGrid,18,5,livers,117.510,117.900,NNS,6.7550,2.78,5,-1.016998
audio08.TextGrid,18,6,had,117.900,118.010,VBD,4.7963,6.33,3,-2.028383
audio08.TextGrid,18,7,brought,118.010,118.280,VBN,9.5667,5.16,4,1.656814
audio08.TextGrid,18,8,much,118.280,118.510,JJ,6.7323,6.0,3,-0.329731
audio08.TextGrid,18,9,money,118.510,118.840,NN,8.0663,5.64,4,0.290552
audio08.TextGrid,18,10,spoke,119.240,119.520,NN,11.1564,4.61,4,3.092815
audio08.TextGrid,18,11,of,119.520,119.620,IN,3.4073,7.4,2,-0.465738
audio08.TextGrid,18,12,her,119.620,119.750,PRP,6.1874,6.3,2,1.039442
audio08.TextGrid,18,13,as,119.750,119.940,IN,5.3946,6.77,2,0.791381
audio08.TextGrid,18,14,el,120.030,120.230,NN,9.9626,4.56,2,1.844696
audio08.TextGrid,18,15,mar,120.230,120.620,NN,5.9304,4.19,3,-2.433448
audio08.TextGrid,18,16,which,120.940,121.110,WDT,5.8236,6.3,3,-0.069407
audio08.TextGrid,18,17,is,121.110,121.210,VBZ,3.8091,7.07,2,-1.399666
audio08.TextGrid,18,18,masculine,121.210,121.860,NN,6.4803,3.71,9,0.135149
audio08.TextGrid,19,1,they,122.460,122.600,PRP,4.6769,6.5,2,-0.239255
audio08.TextGrid,19,2,spoke,122.600,122.910,VBD,9.8211,4.61,4,1.757515
audio08.TextGrid,19,3,of,122.910,123.010,IN,3.4608,7.4,2,-0.412238
audio08.TextGrid,19,4,her,123.010,123.190,PRP,6.1905,6.3,2,1.042542
audio08.TextGrid,19,5,as,123.190,123.310,IN,5.4534,6.77,2,0.850181
audio08.TextGrid,19,6,a,123.310,123.350,DT,2.6343,7.36,1,-0.073880
audio08.TextGrid,19,7,contestant,123.350,124.160,NN,4.1373,3.48,10,-1.271236
audio08.TextGrid,19,8,or,124.160,124.320,CC,6.1802,6.54,2,1.310406
audio08.TextGrid,19,9,a,124.320,124.360,DT,3.1148,7.36,1,0.406620
audio08.TextGrid,19,10,place,124.360,124.910,NN,7.3762,5.71,4,-0.379986
audio08.TextGrid,19,11,or,124.910,125.080,CC,6.1090,6.54,2,1.239206
audio08.TextGrid,19,12,even,125.080,125.310,RB,7.2308,5.99,4,-0.447140
audio08.TextGrid,19,13,an,125.310,125.410,DT,5.7776,6.53,2,0.896216
audio08.TextGrid,19,14,enemy,125.410,125.840,NN,4.2337,4.7,5,-3.846131
audio08.TextGrid,20,1,but,126.950,127.070,CC,5.3198,6.63,3,-0.335859
audio08.TextGrid,20,2,the,127.070,127.180,DT,2.0364,7.73,2,-1.454161
audio08.TextGrid,20,3,old,127.180,127.400,JJ,7.3360,5.75,3,0.094160
audio08.TextGrid,20,4,man,127.400,127.630,NN,7.6917,5.82,3,0.500207
audio08.TextGrid,20,5,always,127.630,128.000,RB,9.1595,5.76,5,0.909720
audio08.TextGrid,20,6,thought,128.000,128.210,VBD,8.3670,5.59,3,1.010082
audio08.TextGrid,20,7,of,128.210,128.310,IN,3.2120,7.4,2,-0.661038
audio08.TextGrid,20,8,her,128.310,128.480,PRP,6.1570,6.3,2,1.009042
audio08.TextGrid,20,9,as,128.480,128.650,IN,5.6262,6.77,2,1.022981
audio08.TextGrid,20,10,feminine,128.650,129.160,NN,5.8326,3.91,7,-1.508507
audio08.TextGrid,20,11,and,129.390,129.510,CC,4.3638,7.41,3,-0.730855
audio08.TextGrid,20,12,as,129.510,129.600,IN,6.0482,6.77,2,1.444981
audio08.TextGrid,20,13,something,129.600,130.030,NN,9.2695,5.81,6,0.482148
audio08.TextGrid,20,14,that,130.030,130.200,WDT,4.3698,7.01,3,-1.012550
audio08.TextGrid,20,15,gave,130.230,130.650,VBD,9.6284,5.25,3,2.026942
audio08.TextGrid,20,16,or,130.650,130.800,CC,5.2345,6.54,2,0.364706
audio08.TextGrid,20,17,withheld,130.800,131.430,JJ,6.7553,3.36,7,-0.013864
audio08.TextGrid,20,18,great,131.430,131.820,JJ,7.9992,5.88,4,0.290521
audio08.TextGrid,20,19,favours,131.820,132.320,NNS,6.1599,3.32,5,-1.698676
audio08.TextGrid,21,1,and,133.090,133.200,CC,3.7036,7.41,3,-1.391055
audio08.TextGrid,21,2,if,133.200,133.300,IN,7.1554,6.47,2,2.204475
audio08.TextGrid,21,3,she,133.300,133.470,PRP,5.7298,6.26,2,0.535481
audio08.TextGrid,21,4,did,133.470,133.640,VBD,6.3376,5.96,3,-0.753200
audio08.TextGrid,21,5,wild,133.640,134.030,VB,10.0251,4.8,4,2.014611
audio08.TextGrid,21,6,or,134.030,134.140,CC,5.4710,6.54,2,0.601206
audio08.TextGrid,21,7,wicked,134.140,134.500,JJ,4.7898,3.99,5,-3.176197
audio08.TextGrid,21,8,things,134.500,134.920,NNS,8.3374,5.74,4,0.589597
audio08.TextGrid,21,9,it,134.920,135.000,PRP,5.8237,6.95,2,1.429104
audio08.TextGrid,21,10,was,135.000,135.140,VBD,4.4961,6.82,3,-1.976157
audio08.TextGrid,21,11,because,135.140,135.490,IN,6.3440,6.03,5,-0.995816
audio08.TextGrid,21,12,she,135.490,135.620,PRP,5.6468,6.26,2,0.452481
audio08.TextGrid,21,13,could,135.620,135.800,MD,6.3267,6.06,3,0.261076
audio08.TextGrid,21,14,not,135.800,136.020,RB,6.2200,6.69,3,-0.345758
audio08.TextGrid,21,15,help,136.020,136.220,VB,6.6650,5.75,4,-1.080008
audio08.TextGrid,21,16,them,136.270,136.570,PRP,6.5069,6.19,3,0.534777
audio08.TextGrid,22,1,the,137.140,137.240,DT,1.8241,7.73,2,-1.666461
audio08.TextGrid,22,2,moon,137.240,137.640,NN,11.0501,4.7,3,3.053062
audio08.TextGrid,22,3,affects,137.640,138.060,VBZ,4.9480,4.16,6,-2.849167
audio08.TextGrid,22,4,her,138.060,138.320,PRP,7.0773,6.3,2,1.929342
audio08.TextGrid,22,5,as,138.320,138.460,IN,5.7121,6.77,2,1.108881
audio08.TextGrid,22,6,it,138.460,138.520,PRP,3.8691,6.95,2,-0.525496
audio08.TextGrid,22,7,does,138.520,138.740,VBZ,7.5205,5.74,3,0.271468
audio08.TextGrid,22,8,a,138.740,138.790,DT,3.4696,7.36,1,0.761420
audio08.TextGrid,22,9,woman,138.790,139.260,NN,8.0429,5.35,5,-0.141145
audio08.TextGrid,22,10,he,139.440,139.560,PRP,6.7185,6.69,2,2.022559
audio08.TextGrid,22,11,thought,139.560,139.980,VBD,8.7038,5.59,3,1.346882
audio08.TextGrid,23,1,he,142.190,142.310,PRP,4.5353,6.69,2,-0.160641
audio08.TextGrid,23,2,was,142.310,142.470,VBD,3.9158,6.82,3,-2.556457
audio08.TextGrid,23,3,rowing,142.470,142.810,VBG,7.5415,3.39,4,-0.863018
audio08.TextGrid,23,4,steadily,142.810,143.410,RB,10.6768,3.84,7,3.408486
audio08.TextGrid,23,5,and,143.410,143.500,CC,3.9477,7.41,2,0.086253
audio08.TextGrid,23,6,it,143.500,143.640,PRP,5.3584,6.95,2,0.963804
audio08.TextGrid,23,7,was,143.640,143.770,VBD,4.5479,6.82,3,-1.924357
audio08.TextGrid,23,8,no,143.770,143.990,DT,6.2518,6.35,2,1.161793
audio08.TextGrid,23,9,effort,143.990,144.290,NN,8.0316,4.92,4,0.054645
audio08.TextGrid,23,10,for,144.290,144.530,IN,4.1291,7.01,3,-1.253250
audio08.TextGrid,23,11,him,144.530,144.770,PRP,7.3854,6.11,3,1.355738
audio08.TextGrid,23,12,since,144.770,145.030,IN,6.6392,5.75,4,-0.152556
audio08.TextGrid,23,13,he,145.030,145.140,PRP,4.4380,6.69,2,-0.257941
audio08.TextGrid,23,14,kept,145.140,145.430,VBD,9.1820,5.0,4,1.227402
audio08.TextGrid,23,15,well,145.430,145.650,RB,6.6259,6.03,3,-0.414554
audio08.TextGrid,23,16,within,145.650,145.990,IN,8.5389,5.44,5,1.293678
audio08.TextGrid,23,17,his,145.990,146.180,PRP$,5.3461,6.51,3,-0.395868
audio08.TextGrid,23,18,speed,146.180,146.730,NN,9.6619,5.0,4,1.707302
audio08.TextGrid,23,19,and,146.880,146.980,CC,4.1401,7.41,2,0.278653
audio08.TextGrid,23,20,the,146.980,147.080,DT,2.3492,7.73,2,-1.141361
audio08.TextGrid,23,21,surface,147.080,147.460,NN,4.1374,4.83,5,-3.963274
audio08.TextGrid,23,22,of,147.460,147.530,IN,3.2158,7.4,2,-0.657238
audio08.TextGrid,23,23,the,147.530,147.690,DT,1.6957,7.73,2,-1.794861
audio08.TextGrid,23,24,ocean,147.690,147.980,NN,4.1362,4.7,4,-3.902234
audio08.TextGrid,23,25,was,147.980,148.140,VBD,5.1292,6.82,3,-1.343057
audio08.TextGrid,23,26,flat,148.140,148.560,JJ,9.0939,4.72,4,1.061055
audio08.TextGrid,23,27,except,148.560,148.880,IN,9.1434,5.02,6,1.783389
audio08.TextGrid,23,28,for,148.880,148.950,IN,5.9566,7.01,2,1.631545
audio08.TextGrid,23,29,the,148.950,149.140,DT,1.8952,7.73,2,-1.595361
audio08.TextGrid,23,30,occasional,149.140,149.640,JJ,5.0856,4.12,8,-2.260207
audio08.TextGrid,23,31,swirls,149.640,150.100,NN,4.3383,2.71,5,-3.422475
audio08.TextGrid,23,32,of,150.100,150.170,IN,3.1253,7.4,2,-0.747738
audio08.TextGrid,23,33,the,150.170,150.270,DT,1.7047,7.73,2,-1.785861
audio08.TextGrid,23,34,current,150.270,150.760,JJ,7.1613,5.27,4,-0.717846
audio08.TextGrid,24,1,he,151.750,151.850,PRP,4.5353,6.69,2,-0.160641
audio08.TextGrid,24,2,was,151.850,152.020,VBD,3.9158,6.82,3,-2.556457
audio08.TextGrid,24,3,letting,152.020,152.260,VBG,10.5117,4.53,5,2.459125
audio08.TextGrid,24,4,the,152.260,152.350,DT,2.2642,7.73,2,-1.226361
audio08.TextGrid,24,5,current,152.350,152.770,JJ,7.1642,5.27,6,-1.299091
audio08.TextGrid,24,6,do,152.770,152.860,VBP,9.4503,6.35,2,3.407040
audio08.TextGrid,24,7,a,152.860,152.900,DT,3.3735,7.36,1,0.665320
audio08.TextGrid,24,8,third,152.900,153.170,NN,7.9535,5.32,3,0.402389
audio08.TextGrid,24,9,of,153.170,153.250,IN,4.9985,7.4,2,1.125462
audio08.TextGrid,24,10,the,153.250,153.320,DT,1.7055,7.73,2,-1.785061
audio08.TextGrid,24,11,work,153.320,153.630,NN,7.2818,5.96,3,0.191000
audio08.TextGrid,25,1,and,154.170,154.290,CC,3.7036,7.41,3,-1.391055
audio08.TextGrid,25,2,as,154.290,154.400,IN,5.3276,6.77,2,0.724381
audio08.TextGrid,25,3,it,154.400,154.540,PRP,4.5763,6.95,2,0.181704
audio08.TextGrid,25,4,started,154.540,154.890,VBD,8.6500,5.39,7,-0.230152
audio08.TextGrid,25,5,to,154.890,154.950,TO,3.0761,7.43,2,-0.762167
audio08.TextGrid,25,6,be,154.950,155.100,VB,4.0119,6.79,2,-1.521392
audio08.TextGrid,25,7,light,155.100,155.420,JJ,8.7916,5.33,3,1.247681
audio08.TextGrid,25,8,he,155.420,155.520,PRP,7.1674,6.69,2,2.471459
audio08.TextGrid,25,9,saw,155.520,155.770,VBD,8.9637,5.34,2,1.749831
audio08.TextGrid,25,10,he,155.770,155.860,PRP,5.1692,6.69,2,0.473259
audio08.TextGrid,25,11,was,155.860,156.010,VBD,4.7947,6.82,3,-1.677557
audio08.TextGrid,25,12,already,156.010,156.420,RB,6.8014,5.55,6,-1.829923
audio08.TextGrid,25,13,further,156.420,156.770,RB,7.7032,5.31,4,-0.164768
audio08.TextGrid,25,14,out,156.770,156.980,RB,6.5550,6.38,2,0.546511
audio08.TextGrid,25,15,than,156.980,157.140,IN,5.6012,6.13,3,-0.414077
audio08.TextGrid,25,16,he,157.140,157.210,PRP,4.4445,6.69,2,-0.251441
audio08.TextGrid,25,17,had,157.210,157.340,VBD,6.6260,6.33,3,-0.198683
audio08.TextGrid,25,18,hoped,157.340,157.540,VBN,11.3456,4.28,4,3.189795
audio08.TextGrid,25,19,to,157.540,157.620,TO,3.3415,7.43,2,-0.496767
audio08.TextGrid,25,20,be,157.620,157.830,VB,3.9072,6.79,2,-1.626092
audio08.TextGrid,25,21,at,157.830,157.890,IN,5.0584,6.7,2,0.374049
audio08.TextGrid,25,22,this,157.890,158.160,DT,4.7681,6.82,3,-0.750905
audio08.TextGrid,25,23,hour,158.160,158.480,NN,8.2922,5.18,2,0.892888
audio08.TextGrid,26,1,i,160.560,160.690,NN,5.5144,7.09,1,1.421291
audio08.TextGrid,26,2,worked,160.690,160.970,VBD,7.9232,5.16,4,0.013314
audio08.TextGrid,26,3,the,160.970,161.070,DT,2.5771,7.73,2,-0.913461
audio08.TextGrid,26,4,deep,161.070,161.400,JJ,5.0803,5.05,3,-2.665005
audio08.TextGrid,26,5,wells,161.400,161.770,NNS,10.8431,4.25,4,2.678912
audio08.TextGrid,26,6,for,161.770,161.920,IN,4.3392,7.01,3,-1.043150
audio08.TextGrid,26,7,a,161.920,161.950,DT,2.5689,7.36,1,-0.139280
audio08.TextGrid,26,8,week,161.950,162.290,NN,6.2208,5.56,3,-1.157695
audio08.TextGrid,26,9,and,162.290,162.370,CC,4.4721,7.41,2,0.610653
audio08.TextGrid,26,10,did,162.370,162.560,VBD,7.7955,5.96,3,0.704700
audio08.TextGrid,26,11,nothing,162.560,162.970,NN,10.3987,5.55,5,2.182589
audio08.TextGrid,26,12,he,163.210,163.330,PRP,7.0893,6.69,2,2.393359
audio08.TextGrid,26,13,thought,163.330,163.690,VBD,8.7899,5.59,3,1.432982
audio08.TextGrid,27,1,today,164.290,164.710,NN,8.6952,5.55,4,0.894301
audio08.TextGrid,27,2,i,164.850,164.910,VB,8.2207,7.09,1,4.127591
audio08.TextGrid,27,3,ll,164.910,164.940,JJ,6.2153,4.66,1,-1.762897
audio08.TextGrid,27,4,work,164.940,165.220,NN,7.6022,5.96,3,0.511400
audio08.TextGrid,27,5,out,165.220,165.440,RB,7.2111,6.38,2,1.202611
audio08.TextGrid,27,6,where,165.440,165.570,WRB,7.9136,6.0,3,1.804822
audio08.TextGrid,27,7,the,165.570,165.670,DT,1.9680,7.73,2,-1.522561
audio08.TextGrid,27,8,schools,165.670,166.240,NNS,9.0007,5.05,5,0.864754
audio08.TextGrid,27,9,of,166.240,166.320,IN,3.6826,7.4,2,-0.190438
audio08.TextGrid,27,10,bonito,166.320,166.780,NN,5.7918,2.5,6,-1.009180
audio08.TextGrid,27,11,and,166.780,166.870,CC,4.3503,7.41,2,0.488853
audio08.TextGrid,27,12,albacore,166.870,167.500,NN,5.3121,2.23,7,-0.281983
audio08.TextGrid,27,13,are,167.500,167.800,VBP,4.7623,6.74,2,-0.828943
audio08.TextGrid,27,14,and,168.280,168.430,CC,4.2317,7.41,3,-0.862955
audio08.TextGrid,27,15,maybe,168.430,168.740,RB,9.7899,5.45,4,1.961056
audio08.TextGrid,27,16,there,168.740,168.870,EX,6.9253,6.31,3,1.039485
audio08.TextGrid,27,17,will,168.870,169.010,MD,5.1412,6.45,3,-0.643922
audio08.TextGrid,27,18,be,169.010,169.190,VB,3.7191,6.79,2,-1.814192
audio08.TextGrid,27,19,a,169.190,169.230,DT,3.1550,7.36,1,0.446820
audio08.TextGrid,27,20,big,169.230,169.500,JJ,6.5833,5.67,3,-0.716079
audio08.TextGrid,27,21,one,169.500,169.740,NN,6.8505,6.47,3,0.126510
audio08.TextGrid,27,22,with,169.740,169.950,IN,5.2821,6.85,3,-0.215327
audio08.TextGrid,27,23,them,170.010,170.150,PRP,5.9253,6.19,3,-0.046823
audio09.TextGrid,1,1,before,1.070,1.460,IN,7.5766,5.93,5,0.252817
audio09.TextGrid,1,2,it,1.460,1.560,PRP,3.9669,6.95,2,-0.427696
audio09.TextGrid,1,3,was,1.560,1.720,VBD,5.1489,6.82,3,-1.323357
audio09.TextGrid,1,4,really,1.720,2.010,RB,7.8660,5.97,4,0.182471
audio09.TextGrid,1,5,light,2.010,2.330,JJ,8.5246,5.33,3,0.980681
audio09.TextGrid,1,6,he,2.330,2.440,PRP,5.9598,6.69,2,1.263859
audio09.TextGrid,1,7,had,2.440,2.640,VBD,4.9406,6.33,3,-1.884083
audio09.TextGrid,1,8,his,2.640,2.780,PRP$,6.0690,6.51,3,0.327032
audio09.TextGrid,1,9,baits,2.780,3.140,NNS,5.5712,2.65,4,-3.040113
audio09.TextGrid,1,10,out,3.140,3.480,RP,6.7229,6.38,2,1.667663
audio09.TextGrid,1,11,and,3.480,3.610,CC,4.6275,7.41,3,-0.467155
audio09.TextGrid,1,12,was,3.610,3.800,VBD,4.5313,6.82,3,-1.940957
audio09.TextGrid,1,13,drifting,3.800,4.180,VBG,7.5228,3.55,7,0.556055
audio09.TextGrid,1,14,with,4.180,4.300,IN,4.9842,6.85,3,-0.513227
audio09.TextGrid,1,15,the,4.300,4.380,DT,1.7072,7.73,2,-1.783361
audio09.TextGrid,1,16,current,4.380,4.890,JJ,7.1628,5.27,5,-1.008419
audio09.TextGrid,2,1,one,5.870,6.060,CD,6.0137,6.47,3,0.242963
audio09.TextGrid,2,2,bait,6.060,6.340,NN,4.8607,3.85,3,-3.747688
audio09.TextGrid,2,3,was,6.340,6.510,VBD,4.0530,6.82,3,-2.419257
audio09.TextGrid,2,4,down,6.510,6.800,RB,6.3445,5.88,3,-0.803839
audio09.TextGrid,2,5,forty,6.800,7.140,RB,4.9340,4.2,5,-3.065666
audio09.TextGrid,2,6,fathoms,7.140,7.780,VBZ,4.1365,2.49,6,-2.658479
audio09.TextGrid,2,7,the,8.040,8.130,DT,2.6184,7.73,2,-0.872161
audio09.TextGrid,2,8,second,8.130,8.460,NN,7.8674,5.63,6,-0.811932
audio09.TextGrid,2,9,was,8.460,8.640,VBD,8.2798,6.82,3,1.807543
audio09.TextGrid,2,10,at,8.640,8.750,IN,5.1628,6.7,2,0.478449
audio09.TextGrid,2,11,seventy,8.750,9.110,JJ,5.3282,3.78,6,-2.240924
audio09.TextGrid,2,12,five,9.110,9.630,CD,8.2501,5.45,3,1.745742
audio09.TextGrid,2,13,and,9.630,9.740,CC,4.2262,7.41,2,0.364753
audio09.TextGrid,2,14,the,9.740,9.840,DT,2.3924,7.73,2,-1.098161
audio09.TextGrid,2,15,third,9.840,10.110,JJ,7.9534,5.32,3,0.402289
audio09.TextGrid,2,16,and,10.110,10.250,CC,3.9237,7.41,3,-1.170955
audio09.TextGrid,2,17,fourth,10.250,10.620,JJ,8.1966,4.83,4,0.194495
audio09.TextGrid,2,18,were,10.620,10.730,VBD,8.2268,6.34,2,2.171950
audio09.TextGrid,2,19,down,10.730,11.140,RB,6.3114,5.88,3,-0.836939
audio09.TextGrid,2,20,in,11.140,11.220,IN,3.4098,7.27,2,-0.613910
audio09.TextGrid,2,21,the,11.220,11.290,DT,1.7137,7.73,2,-1.776861
audio09.TextGrid,2,22,blue,11.290,11.470,JJ,8.9788,5.13,3,1.291034
audio09.TextGrid,2,23,water,11.470,11.940,NN,8.3414,5.52,4,0.532117
audio09.TextGrid,2,24,at,11.940,12.080,IN,4.5623,6.7,2,-0.122051
audio09.TextGrid,2,25,one,12.080,12.300,CD,5.7546,6.47,3,-0.016137
audio09.TextGrid,2,26,hundred,12.300,12.680,CD,8.4511,4.71,6,1.277124
audio09.TextGrid,2,27,and,12.680,12.920,CC,4.0274,7.41,3,-1.067255
audio09.TextGrid,2,28,one,12.920,13.100,CD,6.0031,6.47,3,0.232363
audio09.TextGrid,2,29,hundred,13.100,13.390,CD,8.3799,4.71,7,1.160130
audio09.TextGrid,2,30,and,13.390,13.530,CC,4.0571,7.41,3,-1.037555
audio09.TextGrid,2,31,twenty,13.530,13.770,VB,6.1736,4.65,5,-1.898214
audio09.TextGrid,2,32,five,13.770,14.070,CD,7.9812,5.45,3,1.476842
audio09.TextGrid,2,33,fathoms,14.070,14.620,NNS,5.8179,2.49,6,-0.977079
audio09.TextGrid,3,1,each,15.750,15.970,DT,6.4630,5.69,2,0.608040
audio09.TextGrid,3,2,bait,15.970,16.260,NN,4.1353,3.85,3,-4.473088
audio09.TextGrid,3,3,hung,16.260,16.490,NN,10.0858,4.21,3,1.736337
audio09.TextGrid,3,4,head,16.490,16.730,VBP,9.8420,5.51,3,2.427543
audio09.TextGrid,3,5,down,16.730,17.110,IN,7.1152,5.88,3,0.920114
audio09.TextGrid,3,6,with,17.110,17.300,IN,5.2053,6.85,3,-0.292127
audio09.TextGrid,3,7,the,17.300,17.390,DT,1.7171,7.73,2,-1.773461
audio09.TextGrid,3,8,shank,17.390,17.730,NN,4.1387,3.07,4,-4.355243
audio09.TextGrid,3,9,of,17.730,17.820,IN,3.2527,7.4,2,-0.620338
audio09.TextGrid,3,10,the,17.820,17.940,DT,1.6964,7.73,2,-1.794161
audio09.TextGrid,3,11,hook,17.940,18.210,NN,9.5430,4.37,3,1.308614
audio09.TextGrid,3,12,inside,18.210,18.650,IN,11.4851,5.19,5,4.279960
audio09.TextGrid,3,13,the,18.650,18.720,DT,3.9233,7.73,2,0.432739
audio09.TextGrid,3,14,bait,18.720,18.980,NN,4.1412,3.85,3,-4.467188
audio09.TextGrid,3,15,fish,18.980,19.290,NN,5.3817,4.9,3,-2.471491
audio09.TextGrid,4,1,tied,19.740,20.180,VBN,12.0513,4.47,3,3.888838
audio09.TextGrid,4,2,and,20.180,20.360,CC,3.7192,7.41,3,-1.375455
audio09.TextGrid,4,3,sewed,20.360,20.680,VBN,6.2552,2.89,3,-3.043655
audio09.TextGrid,4,4,solid,20.680,21.210,JJ,10.4348,4.73,5,2.350159
audio09.TextGrid,4,5,and,21.210,21.370,CC,3.6106,7.41,3,-1.484055
audio09.TextGrid,4,6,all,21.370,21.580,PDT,6.3584,6.52,2,1.465426
audio09.TextGrid,4,7,the,21.580,21.660,DT,3.9551,7.73,2,0.464539
audio09.TextGrid,4,8,projecting,21.660,22.240,VBG,7.7351,3.58,9,1.639479
audio09.TextGrid,4,9,part,22.240,22.510,NN,7.7356,5.78,4,-0.001025
audio09.TextGrid,4,10,of,22.510,22.580,IN,3.0700,7.4,2,-0.803038
audio09.TextGrid,4,11,the,22.580,22.710,DT,1.6971,7.73,2,-1.793461
audio09.TextGrid,4,12,hook,22.710,22.950,NN,9.5420,4.37,3,1.307614
audio09.TextGrid,4,13,the,23.190,23.300,DT,3.6371,7.73,2,0.146539
audio09.TextGrid,4,14,curve,23.300,23.650,NN,4.1425,4.14,3,-4.257310
audio09.TextGrid,4,15,and,23.650,23.760,CC,4.2493,7.41,2,0.387853
audio09.TextGrid,4,16,the,23.760,23.820,DT,2.1910,7.73,2,-1.299561
audio09.TextGrid,4,17,point,23.820,24.310,NN,6.9749,5.54,4,-0.828794
audio09.TextGrid,4,18,was,24.310,24.460,VBD,4.6702,6.82,3,-1.802057
audio09.TextGrid,4,19,covered,24.460,24.780,VBN,9.5694,4.83,5,1.468726
audio09.TextGrid,4,20,with,24.780,24.920,IN,4.3116,6.85,3,-1.185827
audio09.TextGrid,4,21,fresh,24.950,25.180,JJ,10.0452,4.83,4,2.043095
audio09.TextGrid,4,22,sardines,25.180,25.950,NNS,4.9110,2.93,7,-1.411010
audio09.TextGrid,5,1,each,26.670,26.870,DT,6.4630,5.69,2,0.608040
audio09.TextGrid,5,2,sardine,26.870,27.420,NN,4.1353,2.66,6,-2.761698
audio09.TextGrid,5,3,was,27.420,27.610,VBD,4.1804,6.82,3,-2.291857
audio09.TextGrid,5,4,hooked,27.610,27.820,VBN,6.3789,3.92,4,-1.877508
audio09.TextGrid,5,5,through,27.820,28.000,IN,6.4478,5.87,3,0.245521
audio09.TextGrid,5,6,both,28.000,28.310,DT,6.3786,5.79,3,0.118782
audio09.TextGrid,5,7,eyes,28.310,28.740,NNS,10.5166,5.21,2,3.152058
audio09.TextGrid,6,1,so,29.190,29.320,RB,6.6130,6.52,2,0.766773
audio09.TextGrid,6,2,that,29.320,29.510,IN,4.8596,7.01,3,-0.522750
audio09.TextGrid,6,3,they,29.510,29.580,PRP,5.2663,6.5,2,0.350145
audio09.TextGrid,6,4,made,29.580,29.790,VBD,6.6325,5.92,3,-0.487070
audio09.TextGrid,6,5,a,29.790,29.850,DT,3.5558,7.36,1,0.847620
audio09.TextGrid,6,6,half,29.850,30.090,JJ,7.9721,5.41,3,0.485720
audio09.TextGrid,6,7,garland,30.110,30.620,NN,5.2731,3.46,7,-1.600054
audio09.TextGrid,6,8,on,30.620,30.730,IN,4.5955,6.91,2,0.154543
audio09.TextGrid,6,9,the,30.730,30.800,DT,1.7043,7.73,2,-1.786261
audio09.TextGrid,6,10,projecting,30.800,31.320,NN,4.1369,3.58,9,-1.958721
audio09.TextGrid,6,11,steel,31.320,31.790,NN,8.7536,4.71,4,0.717960
audio09.TextGrid,7,1,there,32.340,32.470,EX,5.7321,6.31,3,-0.153715
audio09.TextGrid,7,2,was,32.470,32.610,VBD,3.9647,6.82,3,-2.507557
audio09.TextGrid,7,3,no,32.610,32.780,DT,6.2720,6.35,2,1.181993
audio09.TextGrid,7,4,part,32.780,33.030,NN,6.7401,5.78,4,-0.996525
audio09.TextGrid,7,5,of,33.030,33.110,IN,3.1721,7.4,2,-0.700938
audio09.TextGrid,7,6,the,33.110,33.220,DT,1.6962,7.73,2,-1.794361
audio09.TextGrid,7,7,hook,33.220,33.480,NN,9.5432,4.37,3,1.308814
audio09.TextGrid,7,8,that,33.480,33.600,IN,4.3478,7.01,3,-1.034550
audio09.TextGrid,7,9,a,33.600,33.650,DT,2.8639,7.36,1,0.155720
audio09.TextGrid,7,10,great,33.650,34.010,JJ,7.7247,5.88,4,0.016021
audio09.TextGrid,7,11,fish,34.010,34.250,NN,4.1865,4.9,3,-3.666691
audio09.TextGrid,7,12,could,34.250,34.470,MD,6.3548,6.06,3,0.289176
audio09.TextGrid,7,13,feel,34.470,34.830,VB,7.2566,5.67,3,-0.042779
audio09.TextGrid,7,14,which,34.830,35.050,WDT,5.5916,6.3,3,-0.301407
audio09.TextGrid,7,15,was,35.050,35.180,VBD,5.0030,6.82,3,-1.469257
audio09.TextGrid,7,16,not,35.180,35.400,RB,5.5334,6.69,3,-1.032358
audio09.TextGrid,7,17,sweet,35.400,35.740,JJ,10.6164,4.91,4,2.636651
audio09.TextGrid,7,18,smelling,35.740,36.190,NN,5.4372,3.58,6,-2.011902
audio09.TextGrid,7,19,and,36.190,36.310,CC,4.0892,7.41,3,-1.005455
audio09.TextGrid,7,20,good,36.310,36.570,JJ,7.4726,6.12,3,0.496877
audio09.TextGrid,7,21,tasting,36.590,37.120,NN,4.5903,3.65,6,-2.900809
audio09.TextGrid,8,1,the,38.490,38.580,DT,1.8241,7.73,2,-1.666461
audio09.TextGrid,8,2,boy,38.580,38.840,NN,10.2353,5.17,2,2.824398
audio09.TextGrid,8,3,had,38.840,39.000,VBD,4.9829,6.33,3,-1.841783
audio09.TextGrid,8,4,given,39.000,39.300,VBN,8.9140,5.41,5,0.720335
audio09.TextGrid,8,5,him,39.300,39.390,PRP,8.8373,6.11,2,3.469128
audio09.TextGrid,8,6,two,39.390,39.610,CD,7.7965,6.1,2,2.416738
audio09.TextGrid,8,7,fresh,39.610,39.950,JJ,10.8427,4.83,4,2.840595
audio09.TextGrid,8,8,small,39.950,40.240,JJ,7.4947,5.51,4,-0.317377
audio09.TextGrid,8,9,tunas,40.240,40.900,NNS,5.7476,2.06,5,-1.908961
audio09.TextGrid,8,10,or,40.900,41.060,CC,5.9268,6.54,2,1.057006
audio09.TextGrid,8,11,albacores,41.060,41.870,NNS,6.5832,0.0,8,5.333666
audio09.TextGrid,8,12,which,41.870,42.080,WDT,5.3222,6.3,3,-0.570807
audio09.TextGrid,8,13,hung,42.080,42.270,VBP,10.9088,4.21,3,2.559337
audio09.TextGrid,8,14,on,42.270,42.390,IN,5.1154,6.91,2,0.674443
audio09.TextGrid,8,15,the,42.390,42.460,DT,1.7458,7.73,2,-1.744761
audio09.TextGrid,8,16,two,42.460,42.640,CD,7.2565,6.1,2,1.876738
audio09.TextGrid,8,17,deepest,42.640,43.150,JJS,7.1408,3.77,6,-0.422323
audio09.TextGrid,8,18,lines,43.150,43.530,NNS,8.9431,4.95,4,0.974529
audio09.TextGrid,8,19,like,43.530,43.720,IN,6.5292,6.41,3,0.715309
audio09.TextGrid,8,20,plummets,43.720,44.340,NNS,6.8306,2.42,7,1.038937
audio09.TextGrid,8,21,and,44.660,44.920,CC,4.0359,7.41,3,-1.058755
audio09.TextGrid,8,22,on,44.920,45.050,IN,5.5188,6.91,2,1.077843
audio09.TextGrid,8,23,the,45.050,45.200,DT,1.8068,7.73,2,-1.683761
audio09.TextGrid,8,24,others,45.200,45.540,NNS,8.5564,5.42,4,0.719172
audio09.TextGrid,8,25,he,45.850,45.950,PRP,6.2482,6.69,2,1.552259
audio09.TextGrid,8,26,had,45.950,46.070,VBD,5.1211,6.33,3,-1.703583
audio09.TextGrid,8,27,a,46.070,46.110,DT,3.3196,7.36,1,0.611420
audio09.TextGrid,8,28,big,46.110,46.390,JJ,6.5855,5.67,3,-0.713879
audio09.TextGrid,8,29,blue,46.390,46.650,NN,9.3810,5.13,3,1.693234
audio09.TextGrid,8,30,runner,46.650,47.010,NN,4.1964,4.18,4,-3.987350
audio09.TextGrid,8,31,and,47.010,47.150,CC,4.1901,7.41,3,-0.904555
audio09.TextGrid,8,32,a,47.150,47.180,DT,3.2429,7.36,1,0.534720
audio09.TextGrid,8,33,yellow,47.180,47.550,JJ,10.7303,4.69,4,2.689071
audio09.TextGrid,8,34,jack,47.550,47.890,NN,10.2331,4.82,3,2.322371
audio09.TextGrid,8,35,that,47.890,48.030,WDT,6.1750,7.01,3,0.792650
audio09.TextGrid,8,36,had,48.030,48.150,VBD,7.5350,6.33,3,0.710317
audio09.TextGrid,8,37,been,48.150,48.280,VBN,6.0802,6.27,3,-0.787637
audio09.TextGrid,8,38,used,48.280,48.580,VBN,8.2206,5.8,4,0.489564
audio09.TextGrid,8,39,before,48.580,49.150,IN,6.2803,5.93,5,-1.043483
audio09.TextGrid,8,40,but,49.530,49.650,CC,7.0721,6.63,3,1.416441
audio09.TextGrid,8,41,they,49.650,49.780,PRP,5.8332,6.5,2,0.917045
audio09.TextGrid,8,42,were,49.780,49.950,VBD,4.6491,6.34,2,-1.405750
audio09.TextGrid,8,43,in,49.950,50.060,IN,3.5805,7.27,2,-0.443210
audio09.TextGrid,8,44,good,50.060,50.270,JJ,7.4935,6.12,3,0.517777
audio09.TextGrid,8,45,condition,50.270,50.810,NN,10.0034,4.86,8,1.562631
audio09.TextGrid,8,46,still,50.810,51.240,RB,7.4139,5.92,4,-0.283601
audio09.TextGrid,8,47,and,51.630,51.750,CC,3.4149,7.41,2,-0.446547
audio09.TextGrid,8,48,had,51.750,51.900,VBD,6.3591,6.33,3,-0.465583
audio09.TextGrid,8,49,the,51.900,52.040,DT,2.4397,7.73,2,-1.050861
audio09.TextGrid,8,50,excellent,52.040,52.500,JJ,5.0779,4.73,8,-3.170511
audio09.TextGrid,8,51,sardines,52.500,53.340,NNS,6.0034,2.93,7,-0.318610
audio09.TextGrid,8,52,to,53.340,53.440,TO,3.1958,7.43,2,-0.642467
audio09.TextGrid,8,53,give,53.440,53.610,VB,7.2719,5.71,3,0.001291
audio09.TextGrid,8,54,them,53.610,53.790,PRP,6.5972,6.19,3,0.625077
audio09.TextGrid,8,55,scent,53.790,54.200,NN,6.4275,3.82,4,-1.856853
audio09.TextGrid,8,56,and,54.200,54.330,CC,4.0460,7.41,3,-1.048655
audio09.TextGrid,8,57,attractiveness,54.330,55.190,NN,5.3451,3.25,11,1.075478
audio09.TextGrid,9,1,each,56.000,56.260,DT,6.4630,5.69,2,0.608040
audio09.TextGrid,9,2,line,56.260,56.710,NN,7.6670,5.49,3,0.238159
audio09.TextGrid,9,3,as,56.880,57.070,IN,5.5441,6.77,2,0.940881
audio09.TextGrid,9,4,thick,57.070,57.240,NN,5.8552,4.46,3,-2.314454
audio09.TextGrid,9,5,around,57.240,57.610,IN,8.0166,5.77,4,1.230433
audio09.TextGrid,9,6,as,57.610,57.720,IN,6.3528,6.77,2,1.749581
audio09.TextGrid,9,7,a,57.720,57.780,DT,2.9156,7.36,1,0.207420
audio09.TextGrid,9,8,big,57.780,58.000,JJ,6.5993,5.67,3,-0.700079
audio09.TextGrid,9,9,pencil,58.000,58.520,NN,10.8751,3.95,6,3.203957
audio09.TextGrid,9,10,was,58.900,59.060,VBD,5.1997,6.82,3,-1.272557
audio09.TextGrid,9,11,looped,59.060,59.380,VBN,6.2730,2.95,4,-2.254477
audio09.TextGrid,9,12,onto,59.380,59.700,IN,9.4936,4.77,4,2.427980
audio09.TextGrid,9,13,a,59.700,59.740,DT,2.5523,7.36,1,-0.155880
audio09.TextGrid,9,14,green,59.740,60.120,JJ,8.9790,5.13,4,1.060731
audio09.TextGrid,9,15,sapped,60.120,60.500,VBN,7.9708,2.36,4,-0.721555
audio09.TextGrid,9,16,stick,60.500,60.900,NN,13.1540,4.76,4,5.132333
audio09.TextGrid,9,17,so,61.050,61.210,RB,6.0709,6.52,2,0.224673
audio09.TextGrid,9,18,that,61.210,61.370,IN,4.5825,7.01,3,-0.799850
audio09.TextGrid,9,19,any,61.370,61.550,DT,5.9095,6.07,3,-0.148932
audio09.TextGrid,9,20,pull,61.550,61.960,NN,13.6950,4.82,3,5.784271
audio09.TextGrid,9,21,or,61.960,62.120,CC,5.7820,6.54,2,0.912206
audio09.TextGrid,9,22,touch,62.120,62.480,NN,9.1013,4.91,3,1.255302
audio09.TextGrid,9,23,on,62.480,62.600,IN,4.8849,6.91,2,0.443943
audio09.TextGrid,9,24,the,62.600,62.690,DT,1.7411,7.73,2,-1.749461
audio09.TextGrid,9,25,bait,62.690,63.070,NN,4.1390,3.85,3,-4.469388
audio09.TextGrid,9,26,would,63.070,63.230,MD,6.2229,6.27,3,0.308316
audio09.TextGrid,9,27,make,63.230,63.450,VB,5.2960,6.08,3,-1.708492
audio09.TextGrid,9,28,the,63.450,63.540,DT,2.3282,7.73,2,-1.162361
audio09.TextGrid,9,29,stick,63.540,63.860,NN,14.7346,4.76,4,6.712933
audio09.TextGrid,9,30,dip,63.860,64.170,NN,6.2448,4.05,3,-2.219741
audio09.TextGrid,9,31,and,64.520,64.650,CC,3.8793,7.41,3,-1.215355
audio09.TextGrid,9,32,each,64.650,64.890,DT,7.2012,5.69,2,1.346240
audio09.TextGrid,9,33,line,64.890,65.160,NN,7.6707,5.49,3,0.241859
audio09.TextGrid,9,34,had,65.160,65.330,VBD,5.8997,6.33,3,-0.924983
audio09.TextGrid,9,35,two,65.330,65.390,CD,6.7852,6.1,2,1.405438
audio09.TextGrid,9,36,forty,65.390,65.830,JJ,6.4871,4.2,5,-1.512566
audio09.TextGrid,9,37,fathom,65.830,66.190,NN,4.4882,3.25,5,-3.359153
audio09.TextGrid,9,38,coils,66.190,66.800,NNS,6.9086,3.36,4,-1.504302
audio09.TextGrid,9,39,which,66.800,66.950,WDT,5.2535,6.3,3,-0.639507
audio09.TextGrid,9,40,could,66.950,67.120,MD,5.6233,6.06,3,-0.442324
audio09.TextGrid,9,41,be,67.120,67.250,VB,3.7092,6.79,2,-1.824092
audio09.TextGrid,9,42,made,67.250,67.520,VBN,7.3925,5.92,3,0.272930
audio09.TextGrid,9,43,fast,67.520,67.810,RB,9.6600,5.13,4,1.741731
audio09.TextGrid,9,44,to,67.810,67.910,TO,3.5339,7.43,2,-0.304367
audio09.TextGrid,9,45,the,67.910,68.060,DT,2.4771,7.73,2,-1.013461
audio09.TextGrid,9,46,other,68.060,68.260,JJ,5.7785,6.16,3,-1.168453
audio09.TextGrid,9,47,spare,68.260,68.580,NN,3.9968,4.28,4,-4.159005
audio09.TextGrid,9,48,coils,68.580,69.150,NNS,7.1566,3.36,4,-1.256302
audio09.TextGrid,9,49,so,69.150,69.410,RB,6.3092,6.52,2,0.462973
audio09.TextGrid,10,1,that,69.410,69.610,IN,4.4338,7.01,3,-0.948550
audio09.TextGrid,10,2,if,70.020,70.160,IN,7.8715,6.47,2,2.920575
audio09.TextGrid,10,3,it,70.160,70.270,PRP,4.0008,6.95,2,-0.393796
audio09.TextGrid,10,4,were,70.270,70.390,VBD,5.8509,6.34,2,-0.203950
audio09.TextGrid,10,5,necessary,70.390,71.040,JJ,9.1718,4.91,8,0.657047
audio09.TextGrid,10,6,a,71.340,71.430,DT,4.9635,7.36,1,2.255320
audio09.TextGrid,10,7,fish,71.430,71.690,NN,4.1402,4.9,3,-3.712991
audio09.TextGrid,10,8,could,71.690,71.960,MD,5.8150,6.06,3,-0.250624
audio09.TextGrid,10,9,take,71.960,72.210,VB,5.6113,5.92,3,-1.508270
audio09.TextGrid,10,10,out,72.210,72.480,RP,5.7260,6.38,2,0.670763
audio09.TextGrid,10,11,over,72.480,72.700,IN,6.2288,6.08,3,0.177561
audio09.TextGrid,10,12,three,72.700,73.020,CD,6.8240,5.78,3,0.556990
audio09.TextGrid,10,13,hundred,73.020,73.360,VBD,8.4131,4.71,7,0.240077
audio09.TextGrid,10,14,fathoms,73.360,73.820,NNS,6.2798,2.49,6,-0.515179
audio09.TextGrid,10,15,of,73.820,73.940,IN,3.0138,7.4,2,-0.859238
audio09.TextGrid,10,16,line,73.940,74.380,NN,9.3097,5.49,3,1.880859
audio09.TextGrid,11,1,now,75.920,76.290,RB,6.7634,6.18,2,0.523107
audio09.TextGrid,11,2,the,76.290,76.490,DT,2.5625,7.73,2,-0.928061
audio09.TextGrid,11,3,man,76.490,76.740,NN,7.7310,5.82,3,0.539507
audio09.TextGrid,11,4,watched,76.740,77.170,VBD,10.3409,4.72,4,2.308055
audio09.TextGrid,11,5,the,77.170,77.250,DT,3.0359,7.73,2,-0.454661
audio09.TextGrid,11,6,dip,77.250,77.650,NN,4.1510,4.05,3,-4.313541
audio09.TextGrid,11,7,of,77.650,77.750,IN,2.9585,7.4,2,-0.914538
audio09.TextGrid,11,8,the,77.750,77.880,DT,1.6971,7.73,2,-1.793461
audio09.TextGrid,11,9,three,77.880,78.140,CD,7.9707,5.78,3,1.703690
audio09.TextGrid,11,10,sticks,78.140,78.540,NNS,5.4781,4.14,5,-2.511946
audio09.TextGrid,11,11,over,78.540,78.700,IN,6.3649,6.08,3,0.313661
audio09.TextGrid,11,12,the,78.700,78.810,DT,1.7240,7.73,2,-1.766561
audio09.TextGrid,11,13,side,78.810,79.130,NN,8.0387,5.5,3,0.617051
audio09.TextGrid,11,14,of,79.130,79.210,IN,3.0916,7.4,2,-0.781438
audio09.TextGrid,11,15,the,79.210,79.300,DT,1.6929,7.73,2,-1.797661
audio09.TextGrid,11,16,skiff,79.300,79.810,NN,4.1360,2.63,4,-4.480903
audio09.TextGrid,11,17,and,79.810,79.920,CC,4.3382,7.41,2,0.476753
audio09.TextGrid,11,18,rowed,79.920,80.200,VBD,5.7892,2.78,3,-3.588771
audio09.TextGrid,11,19,gently,80.200,80.610,RB,4.6370,4.08,6,-3.112158
audio09.TextGrid,11,20,to,80.610,80.700,TO,3.6536,7.43,2,-0.184667
audio09.TextGrid,11,21,keep,80.700,80.930,VB,7.2374,5.66,3,-0.069171
audio09.TextGrid,11,22,the,80.930,81.030,DT,2.3415,7.73,2,-1.149061
audio09.TextGrid,11,23,lines,81.030,81.400,NNS,9.0875,4.95,4,1.118929
audio09.TextGrid,11,24,straight,81.400,81.730,VBD,9.9340,5.04,5,1.799657
audio09.TextGrid,11,25,up,81.730,81.870,RB,6.5005,6.39,2,0.503601
audio09.TextGrid,11,26,and,81.870,81.970,CC,4.0701,7.41,2,0.208653
audio09.TextGrid,11,27,down,81.970,82.370,RB,6.6970,5.88,3,-0.451339
audio09.TextGrid,11,28,and,82.370,82.470,CC,3.8593,7.41,3,-1.235355
audio09.TextGrid,11,29,at,82.470,82.530,IN,4.9156,6.7,2,0.231249
audio09.TextGrid,11,30,their,82.530,82.690,PRP$,5.0014,6.33,3,-0.870030
audio09.TextGrid,11,31,proper,82.690,83.040,JJ,10.7495,4.72,5,2.666463
audio09.TextGrid,11,32,depths,83.040,83.600,NNS,5.6153,3.78,5,-2.317028
audio09.TextGrid,12,1,it,84.410,84.540,PRP,3.8912,6.95,2,-0.503396
audio09.TextGrid,12,2,was,84.540,84.730,VBD,3.9158,6.82,3,-2.556457
audio09.TextGrid,12,3,quite,84.730,85.020,RB,9.0324,5.29,4,1.158843
audio09.TextGrid,12,4,light,85.020,85.470,JJ,8.5005,5.33,3,0.956581
audio09.TextGrid,12,5,and,85.470,85.740,CC,3.8838,7.41,3,-1.210855
audio09.TextGrid,12,6,any,85.740,85.900,DT,6.8984,6.07,3,0.839968
audio09.TextGrid,12,7,moment,85.900,86.280,NN,9.1857,5.24,6,0.740412
audio09.TextGrid,12,8,now,86.280,86.520,RB,7.3798,6.18,2,1.139507
audio09.TextGrid,12,9,the,86.520,86.630,DT,3.6064,7.73,2,0.115839
audio09.TextGrid,12,10,sun,86.630,86.930,NN,10.4162,4.97,3,2.613356
audio09.TextGrid,12,11,would,86.930,87.100,MD,7.1367,6.27,3,1.222116
audio09.TextGrid,12,12,rise,87.100,87.570,VB,7.1331,4.81,3,-0.784822
audio09.TextGrid,13,1,the,88.850,88.940,DT,1.8241,7.73,2,-1.666461
audio09.TextGrid,13,2,sun,88.940,89.220,NN,10.3570,4.97,3,2.554156
audio09.TextGrid,13,3,rose,89.220,89.670,VBD,7.2969,4.82,3,-0.613829
audio09.TextGrid,13,4,thinly,89.670,90.120,RB,4.6372,3.27,5,-3.213360
audio09.TextGrid,13,5,from,90.120,90.340,IN,5.2428,6.63,3,-0.412859
audio09.TextGrid,13,6,the,90.340,90.420,DT,1.7361,7.73,2,-1.754461
audio09.TextGrid,13,7,sea,90.420,90.830,NN,8.2772,5.06,2,0.738806
audio09.TextGrid,13,8,and,91.010,91.120,CC,3.7490,7.41,2,-0.112447
audio09.TextGrid,13,9,the,91.120,91.240,DT,2.2377,7.73,2,-1.252861
audio09.TextGrid,13,10,old,91.240,91.460,JJ,7.3330,5.75,3,0.091160
audio09.TextGrid,13,11,man,91.460,91.690,NN,7.6942,5.82,3,0.502707
audio09.TextGrid,13,12,could,91.690,91.870,MD,6.7815,6.06,3,0.715876
audio09.TextGrid,13,13,see,91.870,92.060,VB,6.2330,6.1,2,-0.100015
audio09.TextGrid,13,14,the,92.060,92.240,DT,2.3361,7.73,2,-1.154461
audio09.TextGrid,13,15,other,92.240,92.400,JJ,5.7842,6.16,3,-1.162753
audio09.TextGrid,13,16,boats,92.400,93.060,NNS,5.6217,4.25,4,-2.542488
audio09.TextGrid,13,17,low,93.060,93.320,JJ,8.6989,5.33,2,1.473441
audio09.TextGrid,13,18,on,93.320,93.450,IN,5.3659,6.91,2,0.924943
audio09.TextGrid,13,19,the,93.450,93.530,DT,1.7079,7.73,2,-1.782661
audio09.TextGrid,13,20,water,93.530,93.940,NN,8.3716,5.52,4,0.562317
audio09.TextGrid,13,21,and,93.940,94.060,CC,4.1273,7.41,3,-0.967355
audio09.TextGrid,13,22,well,94.060,94.330,RB,7.5445,6.03,3,0.504046
audio09.TextGrid,13,23,in,94.330,94.480,IN,3.7553,7.27,2,-0.268410
audio09.TextGrid,13,24,toward,94.480,94.750,IN,10.7404,4.72,6,3.560423
audio09.TextGrid,13,25,the,94.750,94.830,DT,1.8997,7.73,2,-1.590861
audio09.TextGrid,13,26,shore,94.830,95.270,NN,14.3171,4.33,3,6.053945
audio09.TextGrid,13,27,spread,95.640,95.910,NN,10.0105,4.81,5,1.913033
audio09.TextGrid,13,28,out,95.910,96.120,IN,5.7541,6.38,2,0.698863
audio09.TextGrid,13,29,across,96.120,96.450,IN,8.0260,5.25,5,0.811241
audio09.TextGrid,13,30,the,96.450,96.550,DT,1.7429,7.73,2,-1.747661
audio09.TextGrid,13,31,current,96.550,97.040,JJ,7.1613,5.27,5,-1.009919
audio09.TextGrid,14,1,then,98.090,98.360,RB,7.4856,6.07,3,0.473916
audio09.TextGrid,14,2,the,98.360,98.440,DT,2.5625,7.73,2,-0.928061
audio09.TextGrid,14,3,sun,98.440,98.670,NN,10.4125,4.97,3,2.609656
audio09.TextGrid,14,4,was,98.670,98.830,VBD,5.5531,6.82,3,-0.919157
audio09.TextGrid,14,5,brighter,98.830,99.340,NN,6.5129,3.73,5,-1.411411
audio09.TextGrid,14,6,and,99.610,99.710,CC,4.3920,7.41,2,0.530553
audio09.TextGrid,14,7,the,99.710,99.820,DT,2.3176,7.73,2,-1.172961
audio09.TextGrid,14,8,glare,99.820,100.170,NN,4.1379,3.36,4,-4.275002
audio09.TextGrid,14,9,came,100.170,100.460,VBD,7.7005,5.5,3,0.278851
audio09.TextGrid,14,10,on,100.460,100.580,IN,4.9273,6.91,2,0.486343
audio09.TextGrid,14,11,the,100.580,100.640,DT,1.7724,7.73,2,-1.718161
audio09.TextGrid,14,12,water,100.640,101.100,NN,8.3761,5.52,4,0.566817
audio09.TextGrid,14,13,and,101.490,101.610,CC,4.3345,7.41,2,0.473053
audio09.TextGrid,14,14,then,101.610,101.880,RB,7.8770,6.07,3,0.865316
audio09.TextGrid,14,15,as,101.880,102.010,IN,5.0292,6.77,2,0.425981
audio09.TextGrid,14,16,it,102.010,102.150,PRP,4.1390,6.95,2,-0.255596
audio09.TextGrid,14,17,rose,102.150,102.520,VBD,6.6615,4.82,3,-1.249229
audio09.TextGrid,14,18,clear,102.520,102.970,JJ,8.5952,5.25,4,0.710465
audio09.TextGrid,14,19,the,103.300,103.400,DT,3.4420,7.73,2,-0.048561
audio09.TextGrid,14,20,flat,103.400,103.710,JJ,8.6290,4.72,4,0.596155
audio09.TextGrid,14,21,sea,103.710,104.080,NN,9.0787,5.06,2,1.540306
audio09.TextGrid,14,22,sent,104.080,104.350,VBD,11.2200,5.16,4,3.310114
audio09.TextGrid,14,23,it,104.350,104.460,PRP,5.7775,6.95,2,1.382904
audio09.TextGrid,14,24,back,104.500,104.780,RP,7.7952,6.04,3,1.715191
audio09.TextGrid,14,25,at,104.780,104.860,IN,4.8449,6.7,2,0.160549
audio09.TextGrid,14,26,his,104.860,105.010,PRP$,5.3321,6.51,3,-0.409868
audio09.TextGrid,14,27,eyes,105.010,105.580,NNS,9.6188,5.21,2,2.254258
audio09.TextGrid,14,28,so,105.640,105.800,IN,6.4461,6.52,2,1.553126
audio09.TextGrid,14,29,that,105.800,105.960,IN,4.6374,7.01,3,-0.744950
audio09.TextGrid,14,30,it,105.960,106.040,PRP,4.3109,6.95,2,-0.083696
audio09.TextGrid,14,31,hurt,106.040,106.310,VBD,8.5191,4.94,3,0.694679
audio09.TextGrid,14,32,sharply,106.310,106.920,RB,8.0851,3.89,6,0.449964
audio09.TextGrid,15,1,and,107.330,107.390,CC,3.7036,7.41,2,-0.157847
audio09.TextGrid,15,2,he,107.390,107.510,PRP,4.7461,6.69,2,0.050159
audio09.TextGrid,15,3,rowed,107.510,107.820,VBD,3.3478,2.78,3,-6.030171
audio09.TextGrid,15,4,without,107.820,108.210,IN,7.6266,5.69,5,0.341296
audio09.TextGrid,15,5,looking,108.210,108.490,VBG,9.5020,5.57,5,1.282682
audio09.TextGrid,15,6,into,108.490,108.780,IN,6.7889,6.11,4,0.097748
audio09.TextGrid,15,7,it,108.780,108.980,PRP,3.8210,6.95,2,-0.573596
audio09.TextGrid,16,1,he,110.180,110.290,PRP,4.5353,6.69,2,-0.160641
audio09.TextGrid,16,2,looked,110.290,110.490,VBD,9.9807,5.11,4,2.056842
audio09.TextGrid,16,3,down,110.490,110.720,RB,6.2006,5.88,3,-0.947739
audio09.TextGrid,16,4,into,110.720,110.860,IN,6.7241,6.11,4,0.032948
audio09.TextGrid,16,5,the,110.860,110.940,DT,1.7135,7.73,2,-1.777061
audio09.TextGrid,16,6,water,110.940,111.360,NN,8.3745,5.52,4,0.565217
audio09.TextGrid,16,7,and,111.360,111.440,CC,4.3957,7.41,2,0.534253
audio09.TextGrid,16,8,watched,111.440,111.840,VBD,11.7179,4.72,4,3.685055
audio09.TextGrid,16,9,the,111.840,111.950,DT,3.1718,7.73,2,-0.318761
audio09.TextGrid,16,10,lines,111.950,112.440,NNS,9.0632,4.95,4,1.094629
audio09.TextGrid,16,11,that,112.440,112.600,WDT,4.3932,7.01,3,-0.989150
audio09.TextGrid,16,12,went,112.600,112.790,VBD,9.5000,5.5,4,1.685128
audio09.TextGrid,16,13,straight,112.790,113.160,RB,9.3843,5.04,5,1.249957
audio09.TextGrid,16,14,down,113.160,113.440,RB,6.9772,5.88,3,-0.171139
audio09.TextGrid,16,15,into,113.440,113.590,IN,6.6260,6.11,4,-0.065152
audio09.TextGrid,16,16,the,113.590,113.710,DT,1.7266,7.73,2,-1.763961
audio09.TextGrid,16,17,dark,113.710,114.010,NN,10.7246,5.04,4,2.781180
audio09.TextGrid,16,18,of,114.010,114.120,IN,4.9792,7.4,2,1.106162
audio09.TextGrid,16,19,the,114.120,114.180,DT,1.7033,7.73,2,-1.787261
audio09.TextGrid,16,20,water,114.180,114.620,NN,8.3670,5.52,4,0.557717
audio09.TextGrid,17,1,he,115.160,115.260,PRP,4.5353,6.69,2,-0.160641
audio09.TextGrid,17,2,kept,115.260,115.490,VBD,7.9405,5.0,4,-0.014098
audio09.TextGrid,17,3,them,115.490,115.640,PRP,6.8502,6.19,3,0.878077
audio09.TextGrid,17,4,straighter,115.640,116.060,JJR,6.2259,2.68,6,-0.683100
audio09.TextGrid,17,5,than,116.060,116.200,IN,5.7352,6.13,3,-0.280077
audio09.TextGrid,17,6,anyone,116.200,116.570,NN,10.2999,5.38,6,1.770596
audio09.TextGrid,17,7,did,116.570,116.820,VBD,7.6816,5.96,3,0.590800
audio09.TextGrid,17,8,so,117.280,117.420,RB,6.0448,6.52,2,0.198573
audio09.TextGrid,17,9,that,117.420,117.580,IN,4.6020,7.01,3,-0.780350
audio09.TextGrid,17,10,at,117.580,117.670,IN,6.4632,6.7,2,1.778849
audio09.TextGrid,17,11,each,117.670,117.930,DT,6.4931,5.69,2,0.638140
audio09.TextGrid,17,12,level,117.930,118.220,NN,7.1987,5.41,5,-0.994965
audio09.TextGrid,17,13,in,118.220,118.300,IN,3.5152,7.27,2,-0.508510
audio09.TextGrid,17,14,the,118.300,118.370,DT,1.7078,7.73,2,-1.782761
audio09.TextGrid,17,15,darkness,118.370,118.850,NN,4.1380,4.3,7,-3.608666
audio09.TextGrid,17,16,of,118.850,118.930,IN,3.0684,7.4,2,-0.804638
audio09.TextGrid,17,17,the,118.930,119.020,DT,1.6973,7.73,2,-1.793261
audio09.TextGrid,17,18,stream,119.020,119.490,NN,10.2361,4.62,5,2.169096
audio09.TextGrid,17,19,there,119.710,119.860,EX,7.3909,6.31,3,1.505085
audio09.TextGrid,17,20,would,119.860,119.970,MD,5.0053,6.27,3,-0.909284
audio09.TextGrid,17,21,be,119.970,120.120,VB,3.7167,6.79,2,-1.816592
audio09.TextGrid,17,22,a,120.120,120.160,DT,3.1548,7.36,1,0.446620
audio09.TextGrid,17,23,bait,120.160,120.580,NN,4.1391,3.85,3,-4.469288
audio09.TextGrid,17,24,waiting,120.580,120.900,VBG,10.8723,5.06,5,2.734751
audio09.TextGrid,17,25,exactly,120.900,121.500,RB,10.8136,5.15,8,1.943724
audio09.TextGrid,17,26,where,121.500,121.740,WRB,7.7499,6.0,3,1.641122
audio09.TextGrid,17,27,he,121.740,121.850,PRP,4.6624,6.69,2,-0.033541
audio09.TextGrid,17,28,wished,121.850,122.180,VBD,3.3866,4.0,4,-4.847452
audio09.TextGrid,17,29,it,122.180,122.280,PRP,4.5180,6.95,2,0.123404
audio09.TextGrid,17,30,to,122.280,122.360,TO,3.2096,7.43,2,-0.628667
audio09.TextGrid,17,31,be,122.360,122.640,VB,4.4043,6.79,2,-1.128992
audio09.TextGrid,17,32,for,122.640,122.890,IN,4.3565,7.01,3,-1.025850
audio09.TextGrid,17,33,any,122.890,123.080,DT,5.5165,6.07,3,-0.541932
audio09.TextGrid,17,34,fish,123.080,123.400,NN,4.1413,4.9,3,-3.711891
audio09.TextGrid,17,35,that,123.400,123.590,IN,3.9053,7.01,3,-1.477050
audio09.TextGrid,17,36,swam,123.590,124.000,NN,5.9045,3.34,4,-2.513991
audio09.TextGrid,18,1,there,124.000,124.260,EX,5.7321,6.31,3,-0.153715
audio09.TextGrid,18,2,others,125.000,125.350,NNS,10.5707,5.42,4,2.733472
audio09.TextGrid,18,3,let,125.350,125.470,VB,8.0388,5.6,3,0.689075
audio09.TextGrid,18,4,them,125.470,125.610,PRP,6.5644,6.19,3,0.592277
audio09.TextGrid,18,5,drift,125.610,125.930,VB,11.5280,3.82,5,3.589259
audio09.TextGrid,18,6,with,125.930,126.020,IN,5.2757,6.85,3,-0.221727
audio09.TextGrid,18,7,the,126.020,126.110,DT,1.7233,7.73,2,-1.767261
audio09.TextGrid,18,8,current,126.110,126.560,JJ,7.1638,5.27,6,-1.299491
audio09.TextGrid,19,1,and,127.020,127.110,CC,3.7036,7.41,2,-0.157847
audio09.TextGrid,19,2,sometimes,127.110,127.600,RB,7.6458,5.28,7,-1.119963
audio09.TextGrid,19,3,they,127.600,127.740,PRP,7.0201,6.5,2,2.103945
audio09.TextGrid,19,4,were,127.740,127.880,VBD,4.6535,6.34,2,-1.401350
audio09.TextGrid,19,5,at,127.880,127.980,IN,5.1440,6.7,2,0.459649
audio09.TextGrid,19,6,sixty,127.980,128.370,NN,5.8179,3.93,6,-1.841241
audio09.TextGrid,19,7,fathoms,128.370,128.900,NNS,5.5921,2.49,6,-1.202879
audio09.TextGrid,19,8,when,128.900,129.020,WRB,5.7797,6.37,3,-0.062961
audio09.TextGrid,19,9,the,129.020,129.090,DT,1.9538,7.73,2,-1.536761
audio09.TextGrid,19,10,fishermen,129.090,129.530,NNS,6.4530,3.65,7,-0.617734
audio09.TextGrid,19,11,thought,129.530,129.710,VBD,8.0829,5.59,3,0.725982
audio09.TextGrid,19,12,they,129.710,129.870,PRP,5.4485,6.5,2,0.532345
audio09.TextGrid,19,13,were,129.870,130.050,VBD,5.4666,6.34,2,-0.588250
audio09.TextGrid,19,14,at,130.050,130.150,IN,5.0858,6.7,2,0.401449
audio09.TextGrid,19,15,a,130.150,130.230,DT,2.6176,7.36,1,-0.090580
audio09.TextGrid,19,16,hundred,130.230,130.700,JJ,10.8515,4.71,7,2.678477
audio09.TextGrid,20,1,but,131.760,132.150,CC,5.3198,6.63,3,-0.335859
audio09.TextGrid,20,2,he,132.260,132.380,PRP,4.7447,6.69,2,0.048759
audio09.TextGrid,20,3,thought,132.380,132.740,VBD,7.8813,5.59,3,0.524382
audio09.TextGrid,20,4,i,133.420,133.510,RB,6.2896,7.09,1,2.196491
audio09.TextGrid,20,5,keep,133.510,133.780,VB,8.0479,5.66,3,0.741329
audio09.TextGrid,20,6,them,133.780,133.980,PRP,6.5155,6.19,3,0.543377
audio09.TextGrid,20,7,with,133.980,134.120,IN,4.7450,6.85,3,-0.752427
audio09.TextGrid,20,8,precision,134.120,134.710,NN,5.7893,4.01,8,-1.393743
audio09.TextGrid,21,1,only,135.600,135.910,RB,6.6217,6.12,4,-1.019911
audio09.TextGrid,21,2,i,135.910,136.050,NN,6.4086,7.09,1,2.315491
audio09.TextGrid,21,3,have,136.050,136.250,VBP,4.1165,6.71,3,-2.434873
audio09.TextGrid,21,4,no,136.250,136.400,DT,6.3868,6.35,2,1.296793
audio09.TextGrid,21,5,luck,136.400,136.610,NN,10.4458,4.91,3,2.599802
audio09.TextGrid,21,6,any,136.610,136.780,DT,7.7925,6.07,3,1.734068
audio09.TextGrid,21,7,more,136.780,137.090,JJR,6.0723,6.36,3,-0.730806
audio09.TextGrid,22,1,but,138.070,138.200,CC,5.3198,6.63,3,-0.335859
audio09.TextGrid,22,2,who,138.200,138.360,WP,6.8356,6.34,2,1.734002
audio09.TextGrid,22,3,knows,138.360,139.020,VBZ,8.9291,5.07,3,1.198180
audio09.TextGrid,22,4,maybe,139.100,139.350,RB,9.4304,5.45,4,1.601556
audio09.TextGrid,22,5,today,139.350,139.610,NN,9.7948,5.55,4,1.993901
audio09.TextGrid,23,1,every,139.610,139.910,DT,7.2471,5.79,4,0.466523
audio09.TextGrid,23,2,day,140.640,141.200,NN,7.0802,5.95,2,0.573332
audio09.TextGrid,23,3,is,141.200,141.330,VBZ,3.6297,7.07,2,-1.579066
audio09.TextGrid,23,4,a,141.330,141.390,DT,3.5077,7.36,1,0.799520
audio09.TextGrid,23,5,new,141.390,141.560,JJ,5.0793,6.25,3,-1.802922
audio09.TextGrid,23,6,day,141.560,141.930,NN,7.2645,5.95,2,0.757632
audio09.TextGrid,24,1,it,142.390,142.520,PRP,3.8912,6.95,2,-0.503396
audio09.TextGrid,24,2,is,142.520,142.650,VBZ,3.3590,7.07,2,-1.849766
audio09.TextGrid,24,3,better,142.650,142.900,RBR,8.0665,5.76,4,0.324286
audio09.TextGrid,24,4,to,142.900,143.000,TO,3.8960,7.43,2,0.057733
audio09.TextGrid,24,5,be,143.000,143.140,VB,5.2830,6.79,2,-0.250292
audio09.TextGrid,24,6,lucky,143.140,143.580,JJ,11.4197,4.77,4,3.400827
audio09.TextGrid,25,1,but,144.020,144.140,CC,5.3198,6.63,3,-0.335859
audio09.TextGrid,25,2,i,144.140,144.260,NN,5.7238,7.09,1,1.630691
audio09.TextGrid,25,3,would,144.260,144.460,MD,4.4830,6.27,3,-1.431584
audio09.TextGrid,25,4,rather,144.460,144.670,RB,8.2344,5.32,4,0.369227
audio09.TextGrid,25,5,be,144.670,144.870,VB,4.4482,6.79,2,-1.085092
audio09.TextGrid,25,6,exact,144.870,145.470,JJ,9.6327,4.51,6,1.625494
audio09.TextGrid,26,1,then,145.820,146.220,RB,7.4856,6.07,3,0.473916
audio09.TextGrid,26,2,when,146.410,146.580,WRB,7.3407,6.37,3,1.498039
audio09.TextGrid,26,3,luck,146.580,146.840,NN,12.2359,4.91,3,4.389902
audio09.TextGrid,26,4,comes,146.840,147.410,VBZ,8.4942,5.36,4,0.640205
audio09.TextGrid,26,5,you,147.410,147.560,PRP,6.4008,6.98,2,2.040975
audio09.TextGrid,26,6,are,147.560,147.680,VBP,4.8616,6.74,2,-0.729643
audio09.TextGrid,26,7,ready,147.680,148.050,JJ,10.9814,5.28,4,3.105049
audio09.TextGrid,27,1,the,150.270,150.360,DT,1.8241,7.73,2,-1.666461
audio09.TextGrid,27,2,sun,150.360,150.660,NN,10.3570,4.97,3,2.554156
audio09.TextGrid,27,3,was,150.660,150.830,VBD,5.5024,6.82,3,-0.969857
audio09.TextGrid,27,4,two,150.830,151.040,CD,6.8044,6.1,2,1.424638
audio09.TextGrid,27,5,hours,151.040,151.350,NNS,8.3111,5.4,3,0.817528
audio09.TextGrid,27,6,higher,151.350,151.660,RBR,7.7918,5.18,3,0.139996
audio09.TextGrid,27,7,now,151.660,152.010,RB,6.8960,6.18,2,0.655707
audio09.TextGrid,27,8,and,152.010,152.150,CC,3.7074,7.41,3,-1.387255
audio09.TextGrid,27,9,it,152.150,152.210,PRP,5.8165,6.95,2,1.421904
audio09.TextGrid,27,10,did,152.210,152.410,VBD,6.0207,5.96,3,-1.070100
audio09.TextGrid,27,11,not,152.410,152.610,RB,5.4589,6.69,3,-1.106858
audio09.TextGrid,27,12,hurt,152.610,152.760,VB,7.9402,4.94,3,0.115779
audio09.TextGrid,27,13,his,152.760,152.910,PRP$,6.4552,6.51,3,0.713232
audio09.TextGrid,27,14,eyes,152.910,153.200,NNS,9.6341,5.21,2,2.269558
audio09.TextGrid,27,15,so,153.200,153.350,RB,6.4349,6.52,2,0.588673
audio09.TextGrid,27,16,much,153.350,153.590,JJ,6.9534,6.0,3,-0.108631
audio09.TextGrid,27,17,to,153.590,153.700,TO,3.7298,7.43,2,-0.108467
audio09.TextGrid,27,18,look,153.700,153.890,VB,7.9085,5.81,3,0.709814
audio09.TextGrid,27,19,into,153.890,154.060,IN,6.6639,6.11,4,-0.027252
audio09.TextGrid,27,20,the,154.060,154.220,DT,1.7149,7.73,2,-1.775661
audio09.TextGrid,27,21,east,154.220,154.640,NN,8.6365,5.16,3,0.970311
audio09.TextGrid,28,1,there,155.700,155.820,EX,5.7321,6.31,3,-0.153715
audio09.TextGrid,28,2,were,155.820,155.940,VBD,4.5868,6.34,2,-1.468050
audio09.TextGrid,28,3,only,155.940,156.180,RB,6.0839,6.12,4,-1.557711
audio09.TextGrid,28,4,three,156.180,156.470,CD,7.9947,5.78,3,1.727690
audio09.TextGrid,28,5,boats,156.470,156.810,NNS,5.8323,4.25,4,-2.331888
audio09.TextGrid,28,6,in,156.810,156.930,IN,3.1491,7.27,2,-0.874610
audio09.TextGrid,28,7,sight,156.930,157.280,NN,11.8967,4.54,3,3.784584
audio09.TextGrid,28,8,now,157.280,157.600,RB,7.6823,6.18,2,1.442007
audio09.TextGrid,28,9,and,157.810,157.920,CC,3.5287,7.41,2,-0.332747
audio09.TextGrid,28,10,they,157.920,158.070,PRP,6.3566,6.5,2,1.440445
audio09.TextGrid,28,11,showed,158.070,158.420,VBD,7.6601,4.86,3,-0.221860
audio09.TextGrid,28,12,very,158.420,158.730,RB,7.0314,6.0,4,-0.643745
audio09.TextGrid,28,13,low,158.730,159.110,JJ,7.8296,5.33,2,0.604141
audio09.TextGrid,28,14,and,159.110,159.240,CC,3.6757,7.41,3,-1.418955
audio09.TextGrid,28,15,far,159.240,159.570,RB,7.0899,5.5,3,-0.331749
audio09.TextGrid,28,16,inshore,159.570,160.150,NN,6.6185,2.7,5,-1.140672
audio09.TextGrid,29,1,all,161.830,162.020,DT,5.5566,6.52,2,0.663626
audio09.TextGrid,29,2,my,162.020,162.230,PRP$,10.6483,6.57,2,5.813277
audio09.TextGrid,29,3,life,162.230,162.540,NN,7.7026,5.89,3,0.561453
audio09.TextGrid,29,4,the,162.610,162.760,DT,3.9897,7.73,2,0.499139
audio09.TextGrid,29,5,early,162.760,163.010,JJ,7.3301,5.43,3,-0.141895
audio09.TextGrid,29,6,sun,163.010,163.250,NN,11.1532,4.97,3,3.350356
audio09.TextGrid,29,7,has,163.250,163.440,VBZ,7.3987,6.37,3,0.602786
audio09.TextGrid,29,8,hurt,163.440,163.660,VBN,8.5731,4.94,3,0.748679
audio09.TextGrid,29,9,my,163.660,163.850,PRP$,8.1764,6.57,2,3.341377
audio09.TextGrid,29,10,eyes,163.850,164.280,NNS,9.6340,5.21,2,2.269458
audio09.TextGrid,29,11,he,164.490,164.610,PRP,6.5306,6.69,2,1.834659
audio09.TextGrid,29,12,thought,164.610,165.020,VBD,8.7666,5.59,3,1.409682
audio09.TextGrid,30,1,yet,165.520,165.700,RB,7.8867,5.54,3,0.493821
audio09.TextGrid,30,2,they,165.700,165.840,PRP,5.2930,6.5,2,0.376845
audio09.TextGrid,30,3,are,165.840,165.950,VBP,3.9817,6.74,1,-0.670989
audio09.TextGrid,30,4,still,165.950,166.290,RB,6.7157,5.92,4,-0.981801
audio09.TextGrid,30,5,good,166.290,166.730,JJ,6.9354,6.12,3,-0.040323
audio09.TextGrid,31,1,in,167.280,167.380,IN,4.1039,7.27,2,0.080190
audio09.TextGrid,31,2,the,167.380,167.470,DT,1.7509,7.73,2,-1.739661
audio09.TextGrid,31,3,evening,167.470,167.920,NN,8.8529,4.86,5,0.747416
audio09.TextGrid,31,4,i,167.920,168.010,NN,6.3716,7.09,1,2.278491
audio09.TextGrid,31,5,can,168.010,168.190,MD,5.3521,6.46,3,-0.425830
audio09.TextGrid,31,6,look,168.190,168.350,VB,7.4382,5.81,3,0.239514
audio09.TextGrid,31,7,straight,168.350,168.700,RB,9.3245,5.04,5,1.190157
audio09.TextGrid,31,8,into,168.700,168.960,IN,6.8113,6.11,4,0.120148
audio09.TextGrid,31,9,it,168.960,169.080,PRP,3.8246,6.95,2,-0.569996
audio09.TextGrid,31,10,without,169.080,169.320,IN,7.1405,5.69,5,-0.144804
audio09.TextGrid,31,11,getting,169.320,169.640,VBG,9.4695,5.57,5,1.250182
audio09.TextGrid,31,12,the,169.640,169.710,DT,2.3304,7.73,2,-1.160161
audio09.TextGrid,31,13,blackness,169.710,170.330,NN,4.1365,3.09,7,-2.351893
audio09.TextGrid,32,1,it,171.020,171.110,PRP,3.8912,6.95,2,-0.503396
audio09.TextGrid,32,2,has,171.110,171.290,VBZ,4.0433,6.37,3,-2.752614
audio09.TextGrid,32,3,more,171.290,171.510,JJR,5.7179,6.36,3,-1.085206
audio09.TextGrid,32,4,force,171.510,171.860,NN,9.1765,5.23,4,1.286176
audio09.TextGrid,32,5,in,171.860,171.960,IN,3.6993,7.27,2,-0.324410
audio09.TextGrid,32,6,the,171.960,172.040,DT,1.7595,7.73,2,-1.731061
audio09.TextGrid,32,7,evening,172.040,172.410,NN,8.8508,4.86,5,0.745316
audio09.TextGrid,32,8,too,172.410,172.790,RB,8.5021,5.95,2,1.995232
audio09.TextGrid,32,9,but,173.530,173.660,CC,5.1293,6.63,3,-0.526359
audio09.TextGrid,32,10,in,173.660,173.750,IN,2.8953,7.27,2,-1.128410
audio09.TextGrid,32,11,the,173.750,173.820,DT,1.7611,7.73,2,-1.729461
audio09.TextGrid,32,12,morning,173.820,174.290,NN,8.8497,5.33,6,0.350402
audio09.TextGrid,32,13,it,174.290,174.380,PRP,6.1021,6.95,2,1.707504
audio09.TextGrid,32,14,is,174.380,174.490,VBZ,3.9287,7.07,2,-1.280066
audio09.TextGrid,32,15,painful,174.490,175.060,JJ,5.8666,4.32,6,-2.026585
audio10.TextGrid,1,1,just,1.130,1.380,RB,7.1407,6.43,3,0.387941
audio10.TextGrid,1,2,then,1.380,1.650,RB,6.6148,6.07,3,-0.396884
audio10.TextGrid,1,3,he,1.650,1.770,PRP,5.8995,6.69,2,1.203559
audio10.TextGrid,1,4,saw,1.770,2.020,VBD,8.2579,5.34,2,1.044031
audio10.TextGrid,1,5,a,2.020,2.050,DT,3.3278,7.36,1,0.619620
audio10.TextGrid,1,6,man,2.050,2.280,NN,7.6838,5.82,3,0.492307
audio10.TextGrid,1,7,of,2.280,2.420,IN,3.2144,7.4,2,-0.658638
audio10.TextGrid,1,8,war,2.420,2.640,NN,9.2731,5.46,3,1.822682
audio10.TextGrid,1,9,bird,2.640,3.040,NN,5.6921,4.63,3,-2.355284
audio10.TextGrid,1,10,with,3.040,3.200,IN,5.3226,6.85,3,-0.174827
audio10.TextGrid,1,11,his,3.200,3.360,PRP$,5.3140,6.51,3,-0.427968
audio10.TextGrid,1,12,long,3.360,3.660,JJ,7.8757,5.81,3,0.677014
audio10.TextGrid,1,13,black,3.660,3.970,JJ,9.2976,5.46,4,1.471550
audio10.TextGrid,1,14,wings,3.970,4.490,NNS,10.5099,4.44,4,2.398808
audio10.TextGrid,1,15,circling,4.600,5.100,VBG,7.7295,3.33,6,0.430427
audio10.TextGrid,1,16,in,5.100,5.190,IN,3.3771,7.27,2,-0.646610
audio10.TextGrid,1,17,the,5.190,5.270,DT,1.7084,7.73,2,-1.782161
audio10.TextGrid,1,18,sky,5.270,5.710,NN,10.2366,4.72,3,2.253947
audio10.TextGrid,1,19,ahead,5.710,5.890,RB,9.3110,5.01,4,1.359196
audio10.TextGrid,1,20,of,5.890,6.000,IN,3.2391,7.4,2,-0.633938
audio10.TextGrid,1,21,him,6.000,6.280,PRP,7.4269,6.11,3,1.397238
audio10.TextGrid,2,1,he,7.030,7.130,PRP,4.5353,6.69,2,-0.160641
audio10.TextGrid,2,2,made,7.130,7.340,VBD,5.8867,5.92,3,-1.232870
audio10.TextGrid,2,3,a,7.340,7.380,DT,3.6100,7.36,1,0.901820
audio10.TextGrid,2,4,quick,7.380,7.640,JJ,9.6247,4.98,4,1.664513
audio10.TextGrid,2,5,drop,7.650,8.050,NN,7.3736,4.99,4,-0.583793
audio10.TextGrid,2,6,slanting,8.190,8.680,VBG,7.6778,2.25,7,2.062919
audio10.TextGrid,2,7,down,8.680,9.030,RP,6.3741,5.88,3,0.179014
audio10.TextGrid,2,8,on,9.030,9.160,IN,4.9199,6.91,2,0.478943
audio10.TextGrid,2,9,his,9.160,9.390,PRP$,5.3392,6.51,3,-0.402768
audio10.TextGrid,2,10,back,9.390,9.660,NN,9.0290,6.04,3,1.995739
audio10.TextGrid,2,11,swept,9.660,9.950,NN,5.0513,3.94,5,-2.906680
audio10.TextGrid,2,12,wings,9.950,10.360,NNS,10.9317,4.44,4,2.820608
audio10.TextGrid,2,13,and,10.690,10.780,CC,4.1959,7.41,2,0.334453
audio10.TextGrid,2,14,then,10.780,10.980,RB,7.8543,6.07,3,0.842616
audio10.TextGrid,2,15,circled,10.980,11.370,VBD,4.5059,3.17,6,-2.697156
audio10.TextGrid,2,16,again,11.370,11.780,RB,7.6612,5.7,4,-0.097781
audio10.TextGrid,3,1,he,13.310,13.460,PRP,4.5353,6.69,2,-0.160641
audio10.TextGrid,3,2,s,13.460,13.520,VBZ,3.3590,5.86,1,-2.700635
audio10.TextGrid,3,3,got,13.520,13.780,VBD,7.9927,5.91,3,0.865938
audio10.TextGrid,3,4,something,13.780,14.270,NN,10.0755,5.81,6,1.288148
audio10.TextGrid,3,5,the,14.460,14.590,DT,4.2803,7.73,2,0.789739
audio10.TextGrid,3,6,old,14.590,14.790,JJ,7.3333,5.75,3,0.091460
audio10.TextGrid,3,7,man,14.790,15.010,NN,7.7138,5.82,3,0.522307
audio10.TextGrid,3,8,said,15.010,15.210,VBD,4.5644,6.01,3,-2.490438
audio10.TextGrid,4,1,aloud,15.210,15.660,NN,5.9246,3.51,4,-2.446384
audio10.TextGrid,4,2,he,16.250,16.360,PRP,7.2668,6.69,2,2.570859
audio10.TextGrid,4,3,s,16.360,16.430,VBZ,3.5546,5.86,1,-2.505035
audio10.TextGrid,4,4,not,16.430,16.640,RB,5.6593,6.69,3,-0.906458
audio10.TextGrid,4,5,just,16.640,16.870,RB,6.6723,6.43,4,-0.882680
audio10.TextGrid,4,6,looking,16.870,17.260,VBG,8.8296,5.57,5,0.610282
audio10.TextGrid,5,1,he,18.790,18.890,PRP,4.5353,6.69,2,-0.160641
audio10.TextGrid,5,2,rowed,18.890,19.200,VBD,3.3819,2.78,3,-5.996071
audio10.TextGrid,5,3,slowly,19.200,19.680,RB,9.0341,4.63,5,0.965492
audio10.TextGrid,5,4,and,19.680,19.800,CC,3.9170,7.41,3,-1.177655
audio10.TextGrid,5,5,steadily,19.800,20.310,RB,9.9875,3.84,7,2.719186
audio10.TextGrid,5,6,toward,20.310,20.730,IN,9.3284,4.72,6,2.148423
audio10.TextGrid,5,7,where,20.730,20.870,WRB,8.5780,6.0,3,2.469222
audio10.TextGrid,5,8,the,20.870,20.960,DT,2.0267,7.73,2,-1.463861
audio10.TextGrid,5,9,bird,20.960,21.260,NN,4.1363,4.63,3,-3.911084
audio10.TextGrid,5,10,was,21.260,21.370,VBD,4.1859,6.82,3,-2.286357
audio10.TextGrid,5,11,circling,21.370,21.980,VBG,7.4991,3.33,6,0.200027
audio10.TextGrid,6,1,he,22.460,22.570,PRP,4.5353,6.69,2,-0.160641
audio10.TextGrid,6,2,did,22.570,22.710,VBD,5.6940,5.96,3,-1.396800
audio10.TextGrid,6,3,not,22.710,22.930,RB,5.4771,6.69,3,-1.088658
audio10.TextGrid,6,4,hurry,22.930,23.300,VB,4.4982,4.14,3,-3.901610
audio10.TextGrid,6,5,and,23.300,23.410,CC,4.0890,7.41,3,-1.005655
audio10.TextGrid,6,6,he,23.410,23.500,PRP,6.4857,6.69,2,1.789759
audio10.TextGrid,6,7,kept,23.500,23.790,VBD,8.6543,5.0,4,0.699702
audio10.TextGrid,6,8,his,23.790,23.930,PRP$,6.2526,6.51,3,0.510632
audio10.TextGrid,6,9,lines,23.930,24.350,NNS,8.5554,4.95,4,0.586829
audio10.TextGrid,6,10,straight,24.350,24.730,VBD,9.9574,5.04,5,1.823057
audio10.TextGrid,6,11,up,24.730,24.870,RB,6.2609,6.39,2,0.264001
audio10.TextGrid,6,12,and,24.870,24.970,CC,4.0839,7.41,2,0.222453
audio10.TextGrid,6,13,down,24.970,25.350,RB,6.6888,5.88,3,-0.459539
audio10.TextGrid,7,1,but,25.960,26.090,CC,5.3198,6.63,3,-0.335859
audio10.TextGrid,7,2,he,26.090,26.200,PRP,4.7447,6.69,2,0.048759
audio10.TextGrid,7,3,crowded,26.200,26.620,VBD,9.9526,3.98,6,2.263454
audio10.TextGrid,7,4,the,26.620,26.690,DT,3.0235,7.73,2,-0.467061
audio10.TextGrid,7,5,current,26.690,27.030,JJ,7.1572,5.27,5,-1.014019
audio10.TextGrid,7,6,a,27.030,27.080,DT,5.8664,7.36,1,3.158220
audio10.TextGrid,7,7,little,27.080,27.380,JJ,7.8658,5.75,5,-0.382377
audio10.TextGrid,7,8,so,27.380,27.530,RB,7.5416,6.52,2,1.695373
audio10.TextGrid,7,9,that,27.530,27.660,IN,4.2376,7.01,3,-1.144750
audio10.TextGrid,7,10,he,27.660,27.720,PRP,4.7516,6.69,2,0.055659
audio10.TextGrid,7,11,was,27.720,27.850,VBD,5.3541,6.82,3,-1.118157
audio10.TextGrid,7,12,still,27.850,28.090,RB,6.6145,5.92,4,-1.083001
audio10.TextGrid,7,13,fishing,28.090,28.420,VBG,7.2307,4.47,5,-0.812255
audio10.TextGrid,7,14,correctly,28.420,28.970,RB,4.8250,4.21,7,-2.828075
audio10.TextGrid,7,15,though,29.150,29.350,IN,7.5796,5.5,2,1.504427
audio10.TextGrid,7,16,faster,29.350,29.860,JJR,9.2400,4.64,5,1.169789
audio10.TextGrid,7,17,than,29.860,29.990,IN,5.8723,6.13,3,-0.142977
audio10.TextGrid,7,18,he,29.990,30.050,PRP,4.9019,6.69,2,0.205959
audio10.TextGrid,7,19,would,30.050,30.200,MD,5.7911,6.27,3,-0.123484
audio10.TextGrid,7,20,have,30.200,30.290,VB,3.8744,6.71,3,-2.676973
audio10.TextGrid,7,21,fished,30.290,30.620,VBN,5.9217,3.08,4,-2.569449
audio10.TextGrid,7,22,if,30.620,30.710,IN,5.3988,6.47,2,0.447875
audio10.TextGrid,7,23,he,30.710,30.800,PRP,4.4243,6.69,2,-0.271641
audio10.TextGrid,7,24,was,30.800,30.960,VBD,5.8487,6.82,3,-0.623557
audio10.TextGrid,7,25,not,30.960,31.180,RB,5.4416,6.69,3,-1.124158
audio10.TextGrid,7,26,trying,31.180,31.410,VBG,7.7919,5.47,4,-0.031355
audio10.TextGrid,7,27,to,31.410,31.510,TO,2.9530,7.43,2,-0.885267
audio10.TextGrid,7,28,use,31.510,31.800,VB,6.7793,5.81,3,-0.419386
audio10.TextGrid,7,29,the,31.800,31.870,DT,2.4574,7.73,2,-1.033161
audio10.TextGrid,7,30,bird,31.870,32.320,NN,4.1387,4.63,3,-3.908684
audio10.TextGrid,8,1,the,33.610,33.690,DT,1.8241,7.73,2,-1.666461
audio10.TextGrid,8,2,bird,33.690,33.930,NN,4.1358,4.63,3,-3.911584
audio10.TextGrid,8,3,went,33.930,34.160,VBD,7.4468,5.5,4,-0.368072
audio10.TextGrid,8,4,higher,34.160,34.450,JJR,7.3117,5.18,3,-0.340104
audio10.TextGrid,8,5,in,34.450,34.550,IN,3.5854,7.27,2,-0.438310
audio10.TextGrid,8,6,the,34.550,34.790,DT,2.1681,7.73,2,-1.322461
audio10.TextGrid,8,7,air,34.790,34.980,NN,8.7453,5.37,2,1.566201
audio10.TextGrid,8,8,and,34.980,35.110,CC,3.9969,7.41,3,-1.097755
audio10.TextGrid,8,9,circled,35.110,35.460,VBD,6.0865,3.17,6,-1.116556
audio10.TextGrid,8,10,again,35.460,35.880,RB,7.7219,5.7,4,-0.037081
audio10.TextGrid,8,11,his,35.990,36.160,PRP$,7.3805,6.51,3,1.638532
audio10.TextGrid,8,12,wings,36.160,36.530,NNS,9.6182,4.44,4,1.507108
audio10.TextGrid,8,13,motionless,36.530,37.240,NN,6.2453,2.97,8,0.601122
audio10.TextGrid,9,1,then,38.090,38.260,RB,7.4856,6.07,3,0.473916
audio10.TextGrid,9,2,he,38.260,38.410,PRP,5.3385,6.69,2,0.642559
audio10.TextGrid,9,3,dove,38.410,38.740,VB,3.9476,3.67,3,-4.790251
audio10.TextGrid,9,4,suddenly,38.740,39.230,RB,9.7490,4.69,7,1.596775
audio10.TextGrid,9,5,and,39.230,39.310,CC,3.9091,7.41,2,0.047653
audio10.TextGrid,9,6,the,39.310,39.410,DT,3.5037,7.73,2,0.013139
audio10.TextGrid,9,7,old,39.410,39.590,JJ,7.3381,5.75,3,0.096260
audio10.TextGrid,9,8,man,39.590,39.830,NN,7.7014,5.82,3,0.509907
audio10.TextGrid,9,9,saw,39.830,40.080,VBD,8.9258,5.34,2,1.711931
audio10.TextGrid,9,10,flying,40.080,40.520,VBG,7.5187,4.71,5,-0.562734
audio10.TextGrid,9,11,fish,40.520,40.830,JJ,5.7211,4.9,3,-2.132091
audio10.TextGrid,9,12,spurt,40.830,41.190,VBN,7.6288,2.84,4,-0.929417
audio10.TextGrid,9,13,out,41.190,41.320,IN,6.2226,6.38,2,1.167363
audio10.TextGrid,9,14,of,41.320,41.410,IN,3.2696,7.4,2,-0.603438
audio10.TextGrid,9,15,the,41.410,41.470,DT,1.7064,7.73,2,-1.784161
audio10.TextGrid,9,16,water,41.470,41.880,NN,8.3742,5.52,4,0.564917
audio10.TextGrid,9,17,and,41.880,41.990,CC,4.0344,7.41,3,-1.060255
audio10.TextGrid,9,18,sail,41.990,42.250,NN,5.6235,4.01,3,-2.869811
audio10.TextGrid,9,19,desperately,42.250,42.890,RB,11.6716,3.98,9,4.808195
audio10.TextGrid,9,20,over,42.890,43.080,IN,6.6896,6.08,3,0.638361
audio10.TextGrid,9,21,the,43.080,43.180,DT,1.8330,7.73,2,-1.657561
audio10.TextGrid,9,22,surface,43.180,43.780,NN,4.1436,4.83,5,-3.957074
audio10.TextGrid,9,23,dolphin,44.700,45.330,VBZ,12.2817,3.67,6,4.778588
audio10.TextGrid,9,24,the,45.700,45.810,DT,4.7307,7.73,2,1.240139
audio10.TextGrid,9,25,old,45.810,46.030,JJ,7.3638,5.75,3,0.121960
audio10.TextGrid,9,26,man,46.030,46.280,NN,7.7171,5.82,3,0.525607
audio10.TextGrid,9,27,said,46.280,46.510,VBD,4.4691,6.01,3,-2.585738
audio10.TextGrid,9,28,aloud,46.510,46.960,JJ,5.8194,3.51,4,-2.551584
audio10.TextGrid,10,1,big,47.570,47.800,JJ,6.9353,5.67,3,-0.364079
audio10.TextGrid,10,2,dolphin,47.800,48.310,NN,10.6070,3.67,6,3.103888
audio10.TextGrid,10,3,he,49.810,49.940,PRP,7.0803,6.69,2,2.384359
audio10.TextGrid,10,4,shipped,49.940,50.200,VBD,8.3798,4.03,4,0.154132
audio10.TextGrid,10,5,his,50.200,50.380,PRP$,6.6509,6.51,3,0.908932
audio10.TextGrid,10,6,oars,50.380,50.830,NNS,5.6081,3.01,3,-3.604447
audio10.TextGrid,10,7,and,50.830,50.950,CC,4.3727,7.41,2,0.511253
audio10.TextGrid,10,8,brought,50.950,51.170,VBD,9.1613,5.16,4,1.251414
audio10.TextGrid,10,9,a,51.170,51.240,DT,3.5903,7.36,1,0.882120
audio10.TextGrid,10,10,small,51.240,51.660,JJ,6.8955,5.51,4,-0.916577
audio10.TextGrid,10,11,line,51.660,51.930,NN,7.5205,5.49,3,0.091659
audio10.TextGrid,10,12,from,51.930,52.100,IN,4.7499,6.63,3,-0.905759
audio10.TextGrid,10,13,under,52.100,52.270,IN,8.4915,5.73,4,1.694155
audio10.TextGrid,10,14,the,52.270,52.360,DT,1.8971,7.73,2,-1.593461
audio10.TextGrid,10,15,bow,52.360,52.800,NN,4.1557,4.3,2,-4.263549
audio10.TextGrid,11,1,it,53.470,53.560,PRP,3.8912,6.95,2,-0.503396
audio10.TextGrid,11,2,had,53.560,53.690,VBD,4.7197,6.33,3,-2.104983
audio10.TextGrid,11,3,a,53.690,53.720,DT,3.3456,7.36,1,0.637420
audio10.TextGrid,11,4,wire,53.720,54.150,NN,4.1408,4.43,3,-4.050431
audio10.TextGrid,11,5,leader,54.150,54.540,NN,9.9362,4.95,4,1.967629
audio10.TextGrid,11,6,and,54.540,54.700,CC,4.5121,7.41,3,-0.582555
audio10.TextGrid,11,7,a,54.700,54.740,DT,3.2516,7.36,1,0.543420
audio10.TextGrid,11,8,medium,54.740,55.150,NN,4.1377,4.61,6,-3.929517
audio10.TextGrid,11,9,sized,55.150,55.610,VBN,5.7771,4.27,4,-2.381499
audio10.TextGrid,11,10,hook,55.610,55.890,NN,12.0044,4.37,3,3.770014
audio10.TextGrid,12,1,and,56.380,56.510,CC,3.7036,7.41,2,-0.157847
audio10.TextGrid,12,2,he,56.510,56.630,PRP,4.7461,6.69,2,0.050159
audio10.TextGrid,12,3,baited,56.630,57.020,VBD,3.3478,2.78,5,-4.424198
audio10.TextGrid,12,4,it,57.020,57.170,PRP,4.5500,6.95,2,0.155404
audio10.TextGrid,12,5,with,57.170,57.310,IN,4.7132,6.85,3,-0.784227
audio10.TextGrid,12,6,one,57.310,57.470,CD,5.7531,6.47,4,-0.837449
audio10.TextGrid,12,7,of,57.470,57.550,IN,3.9312,7.4,2,0.058162
audio10.TextGrid,12,8,the,57.550,57.640,DT,1.7451,7.73,2,-1.745461
audio10.TextGrid,12,9,sardines,57.640,58.470,NNS,6.4150,2.93,7,0.092990
audio10.TextGrid,13,1,he,59.290,59.400,PRP,4.5353,6.69,2,-0.160641
audio10.TextGrid,13,2,let,59.400,59.550,VB,7.7261,5.6,3,0.376375
audio10.TextGrid,13,3,it,59.550,59.630,PRP,4.4574,6.95,2,0.062804
audio10.TextGrid,13,4,go,59.630,59.810,VB,8.5291,6.03,2,2.114954
audio10.TextGrid,13,5,over,59.810,60.060,IN,6.4912,6.08,3,0.439961
audio10.TextGrid,13,6,the,60.060,60.170,DT,1.9105,7.73,2,-1.580061
audio10.TextGrid,13,7,side,60.170,60.640,NN,8.0423,5.5,3,0.620651
audio10.TextGrid,13,8,and,60.640,60.780,CC,4.3420,7.41,2,0.480553
audio10.TextGrid,13,9,then,60.780,60.960,RB,7.7878,6.07,3,0.776116
audio10.TextGrid,13,10,made,60.960,61.120,VBD,6.7120,5.92,3,-0.407570
audio10.TextGrid,13,11,it,61.120,61.230,PRP,5.0358,6.95,2,0.641204
audio10.TextGrid,13,12,fast,61.230,61.630,VBZ,10.1906,5.13,4,2.272331
audio10.TextGrid,13,13,to,61.630,61.720,TO,3.8275,7.43,2,-0.010767
audio10.TextGrid,13,14,a,61.720,61.800,DT,3.3031,7.36,1,0.594920
audio10.TextGrid,13,15,ring,61.800,62.030,NN,13.7307,4.81,3,5.812778
audio10.TextGrid,13,16,bolt,62.030,62.340,NN,6.3226,4.04,4,-1.900273
audio10.TextGrid,13,17,in,62.340,62.430,IN,3.3865,7.27,2,-0.637210
audio10.TextGrid,13,18,the,62.430,62.530,DT,1.7102,7.73,2,-1.780361
audio10.TextGrid,13,19,stern,62.530,63.070,NN,11.0440,3.9,4,2.782003
audio10.TextGrid,14,1,then,64.120,64.380,RB,7.4856,6.07,3,0.473916
audio10.TextGrid,14,2,he,64.380,64.560,PRP,5.3385,6.69,2,0.642559
audio10.TextGrid,14,3,baited,64.560,64.950,VBD,3.4135,2.78,5,-4.358498
audio10.TextGrid,14,4,another,64.950,65.270,DT,7.0576,5.74,5,-0.235721
audio10.TextGrid,14,5,line,65.270,65.650,NN,7.6725,5.49,3,0.243659
audio10.TextGrid,14,6,and,65.650,65.890,CC,4.4984,7.41,3,-0.596255
audio10.TextGrid,14,7,left,65.890,66.190,VBD,8.9515,5.62,4,1.170163
audio10.TextGrid,14,8,it,66.190,66.330,PRP,4.9616,6.95,2,0.567004
audio10.TextGrid,14,9,coiled,66.330,66.790,VBD,4.6745,2.9,4,-3.866950
audio10.TextGrid,14,10,in,66.790,66.880,IN,3.6525,7.27,2,-0.371210
audio10.TextGrid,14,11,the,66.880,66.960,DT,1.7594,7.73,2,-1.731161
audio10.TextGrid,14,12,shade,66.960,67.250,NN,4.1398,4.16,3,-4.245625
audio10.TextGrid,14,13,of,67.250,67.340,IN,2.9115,7.4,2,-0.961538
audio10.TextGrid,14,14,the,67.340,67.410,DT,1.6990,7.73,2,-1.791561
audio10.TextGrid,14,15,bow,67.410,67.810,NN,4.1367,4.3,2,-4.282549
audio10.TextGrid,15,1,he,68.630,68.730,PRP,4.5353,6.69,2,-0.160641
audio10.TextGrid,15,2,went,68.730,68.920,VBD,7.1821,5.5,4,-0.632772
audio10.TextGrid,15,3,back,68.920,69.130,RB,7.0568,6.04,3,0.023539
audio10.TextGrid,15,4,to,69.130,69.240,TO,3.3777,7.43,2,-0.460567
audio10.TextGrid,15,5,rowing,69.240,69.740,NN,6.4602,3.39,4,-1.944318
audio10.TextGrid,15,6,and,69.810,69.960,CC,4.4167,7.41,2,0.555253
audio10.TextGrid,15,7,to,69.960,70.050,TO,4.4089,7.43,2,0.570633
audio10.TextGrid,15,8,watching,70.050,70.500,VBG,10.9188,5.02,5,2.787664
audio10.TextGrid,15,9,the,70.500,70.560,DT,2.3781,7.73,2,-1.112461
audio10.TextGrid,15,10,long,70.560,70.900,JJ,7.8254,5.81,3,0.626714
audio10.TextGrid,15,11,winged,70.900,71.240,JJ,5.5997,3.44,4,-2.790845
audio10.TextGrid,15,12,black,71.240,71.580,JJ,9.0934,5.46,4,1.267350
audio10.TextGrid,15,13,bird,71.580,72.040,NN,4.9457,4.63,3,-3.101684
audio10.TextGrid,15,14,who,72.040,72.100,WP,5.8549,6.34,2,0.753302
audio10.TextGrid,15,15,was,72.100,72.370,VBD,4.9901,6.82,3,-1.482157
audio10.TextGrid,15,16,working,72.370,72.810,VBG,8.3019,5.45,5,0.101822
audio10.TextGrid,15,17,now,72.810,73.170,RB,6.6218,6.18,2,0.381507
audio10.TextGrid,15,18,low,73.320,73.600,JJ,8.0439,5.33,2,0.818441
audio10.TextGrid,15,19,over,73.600,73.810,IN,6.3219,6.08,3,0.270661
audio10.TextGrid,15,20,the,73.810,73.890,DT,1.7786,7.73,2,-1.711961
audio10.TextGrid,15,21,water,73.890,74.400,NN,8.3728,5.52,4,0.563517
audio10.TextGrid,16,1,as,75.540,75.670,IN,5.4550,6.77,2,0.851781
audio10.TextGrid,16,2,he,75.670,75.750,PRP,4.6183,6.69,2,-0.077641
audio10.TextGrid,16,3,watched,75.750,76.300,VBD,11.1259,4.72,4,3.093055
audio10.TextGrid,16,4,the,76.300,76.470,DT,2.9818,7.73,2,-0.508761
audio10.TextGrid,16,5,bird,76.470,76.760,NN,4.1493,4.63,3,-3.898084
audio10.TextGrid,16,6,dipped,76.760,77.010,VBD,5.0152,3.54,4,-3.347400
audio10.TextGrid,16,7,again,77.010,77.480,RB,7.6846,5.7,4,-0.074381
audio10.TextGrid,16,8,slanting,77.480,77.980,VBG,7.2317,2.25,7,1.616819
audio10.TextGrid,16,9,his,77.980,78.160,PRP$,5.9425,6.51,3,0.200532
audio10.TextGrid,16,10,wings,78.160,78.470,NNS,9.6193,4.44,4,1.508208
audio10.TextGrid,16,11,for,78.470,78.600,IN,3.9243,7.01,2,-0.400755
audio10.TextGrid,16,12,the,78.600,78.700,DT,1.7001,7.73,2,-1.790461
audio10.TextGrid,16,13,dive,78.700,79.160,NN,4.1369,4.12,3,-4.277295
audio10.TextGrid,16,14,and,79.160,79.270,CC,4.0325,7.41,2,0.171053
audio10.TextGrid,16,15,then,79.270,79.490,RB,7.7028,6.07,3,0.691116
audio10.TextGrid,16,16,swinging,79.490,79.920,VBG,7.7314,3.79,6,0.156275
audio10.TextGrid,16,17,them,79.920,80.090,PRP,6.6169,6.19,3,0.644777
audio10.TextGrid,16,18,wildly,80.090,80.630,RB,11.0204,3.71,6,3.493284
audio10.TextGrid,16,19,and,80.630,80.770,CC,3.7195,7.41,3,-1.375155
audio10.TextGrid,16,20,ineffectually,80.770,81.550,RB,4.1362,1.72,12,5.418245
audio10.TextGrid,16,21,as,81.550,81.670,IN,5.1106,6.77,2,0.507381
audio10.TextGrid,16,22,he,81.670,81.800,PRP,4.6348,6.69,2,-0.061141
audio10.TextGrid,16,23,followed,81.800,82.130,VBD,8.5112,5.05,5,0.375254
audio10.TextGrid,16,24,the,82.130,82.210,DT,2.6677,7.73,2,-0.822861
audio10.TextGrid,16,25,flying,82.210,82.600,VBG,8.5433,4.71,5,0.461866
audio10.TextGrid,16,26,fish,82.600,83.000,NN,4.1533,4.9,3,-3.699891
audio10.TextGrid,17,1,the,84.110,84.220,DT,1.8241,7.73,2,-1.666461
audio10.TextGrid,17,2,old,84.220,84.400,JJ,7.3292,5.75,3,0.087360
audio10.TextGrid,17,3,man,84.400,84.640,NN,7.6921,5.82,3,0.500607
audio10.TextGrid,17,4,could,84.640,84.820,MD,5.2306,6.06,3,-0.835024
audio10.TextGrid,17,5,see,84.820,84.960,VB,6.2362,6.1,2,-0.096815
audio10.TextGrid,17,6,the,84.960,85.060,DT,2.3421,7.73,2,-1.148461
audio10.TextGrid,17,7,slight,85.060,85.410,JJ,5.0781,4.22,4,-3.094472
audio10.TextGrid,17,8,bulge,85.410,85.760,NN,4.3303,3.24,4,-4.116136
audio10.TextGrid,17,9,in,85.760,85.840,IN,3.4556,7.27,2,-0.568110
audio10.TextGrid,17,10,the,85.840,85.920,DT,1.6982,7.73,2,-1.792361
audio10.TextGrid,17,11,water,85.920,86.320,NN,8.3728,5.52,4,0.563517
audio10.TextGrid,17,12,that,86.320,86.460,IN,4.3677,7.01,3,-1.014650
audio10.TextGrid,17,13,the,86.460,86.540,DT,1.9890,7.73,2,-1.501561
audio10.TextGrid,17,14,big,86.540,86.780,JJ,6.5818,5.67,3,-0.717579
audio10.TextGrid,17,15,dolphin,86.780,87.180,NN,10.8750,3.67,6,3.371888
audio10.TextGrid,17,16,raised,87.180,87.680,VBD,9.0078,4.84,4,1.008489
audio10.TextGrid,17,17,as,87.680,87.790,IN,4.6455,6.77,2,0.042281
audio10.TextGrid,17,18,they,87.790,87.950,PRP,4.7273,6.5,2,-0.188855
audio10.TextGrid,17,19,followed,87.950,88.310,VBD,9.0052,5.05,5,0.869254
audio10.TextGrid,17,20,the,88.310,88.440,DT,2.7145,7.73,2,-0.776061
audio10.TextGrid,17,21,escaping,88.440,88.940,VBG,8.5454,3.73,7,1.391474
audio10.TextGrid,17,22,fish,88.940,89.340,NN,4.1508,4.9,3,-3.702391
audio10.TextGrid,18,1,the,90.160,90.240,DT,1.8241,7.73,2,-1.666461
audio10.TextGrid,18,2,dolphin,90.240,90.630,NN,11.0501,3.67,6,3.546988
audio10.TextGrid,18,3,were,90.630,90.760,VBD,6.1245,6.34,2,0.069650
audio10.TextGrid,18,4,cutting,90.760,91.130,VBG,9.5969,4.61,5,1.531499
audio10.TextGrid,18,5,through,91.130,91.290,IN,7.1418,5.87,3,0.939521
audio10.TextGrid,18,6,the,91.290,91.350,DT,1.7463,7.73,2,-1.744261
audio10.TextGrid,18,7,water,91.350,91.700,NN,8.3747,5.52,4,0.565417
audio10.TextGrid,18,8,below,91.700,92.060,IN,7.3925,5.05,4,0.405127
audio10.TextGrid,18,9,the,92.060,92.160,DT,1.7099,7.73,2,-1.780661
audio10.TextGrid,18,10,flight,92.160,92.450,NN,4.1372,4.86,4,-3.856522
audio10.TextGrid,18,11,of,92.450,92.520,IN,3.1665,7.4,2,-0.706538
audio10.TextGrid,18,12,the,92.520,92.610,DT,1.6947,7.73,2,-1.795861
audio10.TextGrid,18,13,fish,92.610,92.920,NN,4.1365,4.9,3,-3.716691
audio10.TextGrid,18,14,and,93.320,93.410,CC,4.3947,7.41,2,0.533253
audio10.TextGrid,18,15,would,93.410,93.570,MD,6.6548,6.27,3,0.740216
audio10.TextGrid,18,16,be,93.570,93.750,VB,3.7184,6.79,2,-1.814892
audio10.TextGrid,18,17,in,93.750,93.840,IN,3.6503,7.27,2,-0.373410
audio10.TextGrid,18,18,the,93.840,93.900,DT,1.7337,7.73,2,-1.756861
audio10.TextGrid,18,19,water,93.900,94.300,NN,8.3756,5.52,4,0.566317
audio10.TextGrid,18,20,driving,94.670,95.090,NN,10.3860,4.9,6,2.144750
audio10.TextGrid,18,21,at,95.090,95.200,IN,4.8593,6.7,2,0.174949
audio10.TextGrid,18,22,speed,95.200,95.650,NN,11.1495,5.0,4,3.194902
audio10.TextGrid,18,23,when,95.650,95.810,WRB,6.4068,6.37,3,0.564139
audio10.TextGrid,18,24,the,95.810,95.870,DT,1.9613,7.73,2,-1.529261
audio10.TextGrid,18,25,fish,95.870,96.160,NN,4.1362,4.9,3,-3.716991
audio10.TextGrid,18,26,dropped,96.160,96.680,VBD,7.5374,4.73,5,-0.547241
audio10.TextGrid,19,1,it,97.780,97.900,PRP,3.8912,6.95,2,-0.503396
audio10.TextGrid,19,2,is,97.900,98.010,VBZ,3.3590,7.07,2,-1.849766
audio10.TextGrid,19,3,a,98.010,98.070,DT,3.5087,7.36,1,0.800520
audio10.TextGrid,19,4,big,98.070,98.340,JJ,6.5863,5.67,3,-0.713079
audio10.TextGrid,19,5,school,98.340,98.630,NN,6.9588,5.71,4,-0.797386
audio10.TextGrid,19,6,of,98.630,98.710,IN,3.2357,7.4,2,-0.637338
audio10.TextGrid,19,7,dolphin,98.710,99.140,NN,11.0001,3.67,6,3.496988
audio10.TextGrid,19,8,he,99.390,99.500,PRP,7.5664,6.69,2,2.870459
audio10.TextGrid,19,9,thought,99.500,99.910,VBD,8.8072,5.59,3,1.450282
audio10.TextGrid,20,1,they,100.440,100.570,PRP,4.6769,6.5,2,-0.239255
audio10.TextGrid,20,2,are,100.570,100.730,VBP,3.9761,6.74,2,-1.615143
audio10.TextGrid,20,3,widespread,100.730,101.580,JJ,9.8503,4.19,8,2.400915
audio10.TextGrid,20,4,and,101.940,102.030,CC,3.5355,7.41,2,-0.325947
audio10.TextGrid,20,5,the,102.030,102.120,DT,3.0887,7.73,2,-0.401861
audio10.TextGrid,20,6,flying,102.120,102.520,VBG,8.5661,4.71,5,0.484666
audio10.TextGrid,20,7,fish,102.520,102.790,NN,4.1268,4.9,3,-3.726391
audio10.TextGrid,20,8,have,102.790,102.960,VBP,5.3424,6.71,3,-1.208973
audio10.TextGrid,20,9,little,102.960,103.210,JJ,7.6621,5.75,5,-0.586077
audio10.TextGrid,20,10,chance,103.210,103.840,NN,10.2457,5.26,4,2.363760
audio10.TextGrid,21,1,the,104.520,104.620,DT,1.8241,7.73,2,-1.666461
audio10.TextGrid,21,2,bird,104.620,104.940,NN,4.1358,4.63,3,-3.911584
audio10.TextGrid,21,3,has,104.940,105.120,VBZ,4.3013,6.37,3,-2.494614
audio10.TextGrid,21,4,no,105.120,105.320,DT,6.4201,6.35,2,1.330093
audio10.TextGrid,21,5,chance,105.320,105.890,NN,8.6632,5.26,4,0.781260
audio10.TextGrid,21,6,the,106.280,106.370,DT,4.1349,7.73,2,0.644339
audio10.TextGrid,21,7,flying,106.370,106.700,VBG,8.5250,4.71,5,0.443566
audio10.TextGrid,21,8,fish,106.700,106.960,NN,4.1785,4.9,3,-3.674691
audio10.TextGrid,21,9,are,106.960,107.040,VBP,4.9400,6.74,1,0.287311
audio10.TextGrid,21,10,too,107.040,107.220,RB,7.3186,5.95,2,0.811732
audio10.TextGrid,21,11,big,107.220,107.500,JJ,6.8808,5.67,3,-0.418579
audio10.TextGrid,21,12,for,107.500,107.680,IN,4.2330,7.01,3,-1.149350
audio10.TextGrid,21,13,him,107.680,107.930,PRP,7.3985,6.11,3,1.368838
audio10.TextGrid,21,14,and,108.280,108.390,CC,4.1965,7.41,2,0.335053
audio10.TextGrid,21,15,they,108.390,108.510,PRP,5.2769,6.5,2,0.360745
audio10.TextGrid,21,16,go,108.510,108.720,VBP,7.1591,6.03,2,0.744954
audio10.TextGrid,21,17,too,108.720,108.880,RB,7.2638,5.95,2,0.756932
audio10.TextGrid,21,18,fast,108.880,109.560,RB,9.5468,5.13,4,1.628531
audio10.TextGrid,22,1,he,111.110,111.210,PRP,4.5353,6.69,2,-0.160641
audio10.TextGrid,22,2,watched,111.210,111.530,VBD,9.9807,4.72,4,1.947855
audio10.TextGrid,22,3,the,111.530,111.640,DT,3.0366,7.73,2,-0.453961
audio10.TextGrid,22,4,flying,111.640,112.000,VBG,8.5815,4.71,5,0.500066
audio10.TextGrid,22,5,fish,112.000,112.250,JJ,5.7727,4.9,3,-2.080491
audio10.TextGrid,22,6,burst,112.250,112.600,NN,4.3469,4.15,4,-3.845234
audio10.TextGrid,22,7,out,112.600,112.760,RB,6.6137,6.38,2,0.605211
audio10.TextGrid,22,8,again,112.760,113.150,RB,8.6055,5.7,4,0.846519
audio10.TextGrid,22,9,and,113.150,113.290,CC,3.7048,7.41,3,-1.389855
audio10.TextGrid,22,10,again,113.290,113.740,RB,7.4606,5.7,4,-0.298381
audio10.TextGrid,22,11,and,113.850,113.970,CC,3.5224,7.41,2,-0.339047
audio10.TextGrid,22,12,the,113.970,114.110,DT,2.8872,7.73,2,-0.603361
audio10.TextGrid,22,13,ineffectual,114.110,114.650,JJ,5.0821,2.83,10,1.207072
audio10.TextGrid,22,14,movements,114.650,115.120,NNS,10.0570,4.35,8,2.370867
audio10.TextGrid,22,15,of,115.120,115.190,IN,3.3429,7.4,2,-0.530138
audio10.TextGrid,22,16,the,115.190,115.290,DT,1.6978,7.73,2,-1.792761
audio10.TextGrid,22,17,bird,115.290,115.760,NN,4.1366,4.63,3,-3.910784
audio10.TextGrid,23,1,that,116.900,117.120,DT,4.4338,7.01,3,-0.948550
audio10.TextGrid,23,2,school,117.120,117.570,NN,7.5724,5.71,4,-0.183786
audio10.TextGrid,23,3,has,117.570,117.680,VBZ,4.8044,6.37,3,-1.991514
audio10.TextGrid,23,4,gotten,117.680,117.990,VBN,9.5430,4.47,5,1.500045
audio10.TextGrid,23,5,away,117.990,118.240,RP,7.5271,5.62,3,1.145012
audio10.TextGrid,23,6,from,118.240,118.450,IN,4.9371,6.63,3,-0.718559
audio10.TextGrid,23,7,me,118.450,118.680,PRP,7.9709,6.48,2,3.031565
audio10.TextGrid,23,8,he,118.820,118.940,PRP,6.3775,6.69,2,1.681559
audio10.TextGrid,23,9,thought,118.940,119.300,VBD,8.5014,5.59,3,1.144482
audio10.TextGrid,24,1,they,119.950,120.080,PRP,4.6769,6.5,2,-0.239255
audio10.TextGrid,24,2,are,120.080,120.170,VBP,3.9761,6.74,2,-1.615143
audio10.TextGrid,24,3,moving,120.170,120.500,VBG,9.4068,5.02,5,1.275664
audio10.TextGrid,24,4,out,120.500,120.650,RP,5.4855,6.38,2,0.430263
audio10.TextGrid,24,5,too,120.650,120.910,RB,7.6000,5.95,2,1.093132
audio10.TextGrid,24,6,fast,120.910,121.360,RB,9.7601,5.13,4,1.841831
audio10.TextGrid,24,7,and,121.360,121.550,CC,3.8321,7.41,3,-1.262555
audio10.TextGrid,24,8,too,121.550,121.630,RB,6.9516,5.95,2,0.444732
audio10.TextGrid,24,9,far,121.630,122.080,RB,7.2801,5.5,3,-0.141549
audio10.TextGrid,25,1,but,122.980,123.120,CC,5.3198,6.63,3,-0.335859
audio10.TextGrid,25,2,perhaps,123.120,123.510,RB,7.4629,5.09,6,-0.892371
audio10.TextGrid,25,3,i,123.510,123.590,VB,7.8494,7.09,1,3.756291
audio10.TextGrid,25,4,will,123.590,123.750,MD,4.3399,6.45,3,-1.445222
audio10.TextGrid,25,5,pick,123.750,123.940,VB,8.4935,5.08,3,0.769772
audio10.TextGrid,25,6,up,123.940,124.070,RP,5.0365,6.39,2,-0.007147
audio10.TextGrid,25,7,a,124.070,124.120,DT,3.4519,7.36,1,0.743720
audio10.TextGrid,25,8,stray,124.120,124.660,NN,4.1460,3.74,4,-4.160709
audio10.TextGrid,25,9,and,124.880,124.970,CC,4.2547,7.41,2,0.393253
audio10.TextGrid,25,10,perhaps,124.970,125.370,RB,8.8370,5.09,6,0.481729
audio10.TextGrid,25,11,my,125.370,125.560,PRP$,8.6703,6.57,2,3.835277
audio10.TextGrid,25,12,big,125.560,125.840,JJ,6.6801,5.67,3,-0.619279
audio10.TextGrid,25,13,fish,125.840,126.070,NN,4.2407,4.9,3,-3.612491
audio10.TextGrid,25,14,is,126.070,126.190,VBZ,3.9180,7.07,2,-1.290766
audio10.TextGrid,25,15,around,126.190,126.530,IN,7.6540,5.77,4,0.867833
audio10.TextGrid,25,16,them,126.530,126.840,PRP,6.2646,6.19,3,0.292477
audio10.TextGrid,26,1,my,127.640,127.830,PRP$,7.2801,6.57,2,2.445077
audio10.TextGrid,26,2,big,127.830,128.140,JJ,6.6797,5.67,3,-0.619679
audio10.TextGrid,26,3,fish,128.140,128.460,NN,4.2411,4.9,3,-3.612091
audio10.TextGrid,26,4,must,128.460,128.700,MD,7.0898,5.68,4,0.278483
audio10.TextGrid,26,5,be,128.750,128.900,VB,3.7167,6.79,2,-1.816592
audio10.TextGrid,26,6,somewhere,128.900,129.450,RB,4.6569,4.74,6,-3.488332
audio10.TextGrid,27,1,the,132.020,132.090,DT,1.8241,7.73,2,-1.666461
audio10.TextGrid,27,2,clouds,132.090,132.540,NN,11.1978,4.16,5,3.204547
audio10.TextGrid,27,3,over,132.540,132.710,IN,7.0886,6.08,3,1.037361
audio10.TextGrid,27,4,the,132.710,132.810,DT,1.7262,7.73,2,-1.764361
audio10.TextGrid,27,5,land,132.810,133.290,NN,9.1275,5.22,4,1.234381
audio10.TextGrid,27,6,now,133.290,133.620,RB,7.5825,6.18,2,1.342207
audio10.TextGrid,27,7,rose,133.620,134.010,VBD,6.4944,4.82,3,-1.416329
audio10.TextGrid,27,8,like,134.010,134.240,IN,7.1181,6.41,3,1.304209
audio10.TextGrid,27,9,mountains,134.240,135.030,NNS,6.9002,4.5,7,-1.054445
audio10.TextGrid,27,10,and,135.170,135.260,CC,4.4261,7.41,2,0.564653
audio10.TextGrid,27,11,the,135.260,135.340,DT,2.3436,7.73,2,-1.146961
audio10.TextGrid,27,12,coast,135.340,135.780,NN,11.0484,4.87,4,3.057473
audio10.TextGrid,27,13,was,135.780,135.910,VBD,6.1060,6.82,3,-0.366257
audio10.TextGrid,27,14,only,135.910,136.190,RB,6.0641,6.12,4,-1.577511
audio10.TextGrid,27,15,a,136.190,136.260,DT,4.5456,7.36,1,1.837420
audio10.TextGrid,27,16,long,136.260,136.590,JJ,7.7921,5.81,3,0.593414
audio10.TextGrid,27,17,green,136.590,136.940,JJ,9.4957,5.13,4,1.577431
audio10.TextGrid,27,18,line,136.940,137.340,NN,7.6778,5.49,3,0.248959
audio10.TextGrid,27,19,with,137.340,137.480,IN,4.5505,6.85,3,-0.946927
audio10.TextGrid,27,20,the,137.480,137.570,DT,1.6969,7.73,2,-1.793661
audio10.TextGrid,27,21,gray,137.570,137.820,JJ,9.9456,4.45,3,1.768753
audio10.TextGrid,27,22,blue,137.820,138.160,NN,9.0876,5.13,3,1.399834
audio10.TextGrid,27,23,hills,138.160,138.460,NNS,8.8140,4.46,4,0.708497
audio10.TextGrid,27,24,behind,138.460,138.890,IN,9.9125,5.29,6,2.390459
audio10.TextGrid,27,25,it,138.890,139.090,PRP,3.7938,6.95,2,-0.600796
audio10.TextGrid,28,1,the,139.760,139.820,DT,1.8241,7.73,2,-1.666461
audio10.TextGrid,28,2,water,139.820,140.200,NN,8.3723,5.52,4,0.563017
audio10.TextGrid,28,3,was,140.200,140.390,VBD,4.2309,6.82,3,-2.241357
audio10.TextGrid,28,4,a,140.390,140.450,DT,3.3338,7.36,1,0.625620
audio10.TextGrid,28,5,dark,140.450,140.780,JJ,10.7265,5.04,4,2.783080
audio10.TextGrid,28,6,blue,140.780,141.130,NN,9.6056,5.13,3,1.917834
audio10.TextGrid,28,7,now,141.130,141.440,RB,8.7922,6.18,2,2.551907
audio10.TextGrid,29,1,so,141.970,142.150,RB,6.6130,6.52,2,0.766773
audio10.TextGrid,29,2,dark,142.150,142.480,JJ,11.2549,5.04,4,3.311480
audio10.TextGrid,29,3,that,142.480,142.610,IN,5.2988,7.01,3,-0.083550
audio10.TextGrid,29,4,it,142.610,142.680,PRP,4.1441,6.95,2,-0.250496
audio10.TextGrid,29,5,was,142.680,142.800,VBD,4.8876,6.82,3,-1.584657
audio10.TextGrid,29,6,almost,142.800,143.160,RB,7.2693,5.39,6,-1.266005
audio10.TextGrid,29,7,purple,143.190,143.620,JJ,5.7494,4.32,5,-2.269506
audio10.TextGrid,30,1,as,144.410,144.550,IN,5.4550,6.77,2,0.851781
audio10.TextGrid,30,2,he,144.550,144.660,PRP,4.6183,6.69,2,-0.077641
audio10.TextGrid,30,3,looked,144.660,144.850,VBD,11.1259,5.11,4,3.202042
audio10.TextGrid,30,4,down,144.850,145.180,RB,6.2248,5.88,3,-0.923539
audio10.TextGrid,30,5,into,145.180,145.430,IN,6.7186,6.11,4,0.027448
audio10.TextGrid,30,6,it,145.430,145.640,PRP,3.8210,6.95,2,-0.573596
audio10.TextGrid,30,7,he,145.640,145.750,PRP,5.6531,6.69,2,0.957159
audio10.TextGrid,30,8,saw,145.750,145.950,VBD,8.4267,5.34,2,1.212831
audio10.TextGrid,30,9,the,145.950,146.070,DT,2.4389,7.73,2,-1.051661
audio10.TextGrid,30,10,red,146.070,146.330,JJ,9.1026,5.32,3,1.551489
audio10.TextGrid,30,11,sifting,146.330,146.740,NN,4.5805,2.87,6,-2.442522
audio10.TextGrid,30,12,of,146.740,146.830,IN,3.0891,7.4,2,-0.783938
audio10.TextGrid,30,13,the,146.830,146.910,DT,1.6959,7.73,2,-1.794661
audio10.TextGrid,30,14,plankton,146.910,147.430,NN,4.1369,3.05,8,-1.625652
audio10.TextGrid,30,15,in,147.430,147.510,IN,3.4582,7.27,2,-0.565510
audio10.TextGrid,30,16,the,147.510,147.600,DT,1.6976,7.73,2,-1.792961
audio10.TextGrid,30,17,dark,147.600,147.910,JJ,10.7237,5.04,4,2.780280
audio10.TextGrid,30,18,water,147.910,148.250,NN,8.2706,5.52,4,0.461317
audio10.TextGrid,30,19,and,148.610,148.700,CC,4.1632,7.41,2,0.301753
audio10.TextGrid,30,20,the,148.700,148.790,DT,2.1781,7.73,2,-1.312461
audio10.TextGrid,30,21,strange,148.790,149.300,JJ,5.0772,4.64,6,-3.008021
audio10.TextGrid,30,22,light,149.300,149.530,VBD,8.0875,5.33,3,0.543581
audio10.TextGrid,30,23,the,149.530,149.620,DT,4.3822,7.73,2,0.891639
audio10.TextGrid,30,24,sun,149.620,149.870,NN,10.3897,4.97,3,2.586856
audio10.TextGrid,30,25,made,149.870,150.210,VBD,7.8589,5.92,3,0.739330
audio10.TextGrid,30,26,now,150.210,150.510,RB,6.3545,6.18,2,0.114207
audio10.TextGrid,31,1,he,151.480,151.580,PRP,4.5353,6.69,2,-0.160641
audio10.TextGrid,31,2,watched,151.580,151.930,VBD,9.9807,4.72,4,1.947855
audio10.TextGrid,31,3,his,151.930,152.110,PRP$,6.6464,6.51,3,0.904432
audio10.TextGrid,31,4,lines,152.110,152.630,NNS,8.5842,4.95,4,0.615629
audio10.TextGrid,31,5,to,152.630,152.750,TO,3.3553,7.43,2,-0.482967
audio10.TextGrid,31,6,see,152.750,152.900,VB,7.0280,6.1,2,0.694985
audio10.TextGrid,31,7,them,152.900,153.040,PRP,6.5506,6.19,3,0.578477
audio10.TextGrid,31,8,go,153.040,153.250,VB,8.6071,6.03,2,2.192954
audio10.TextGrid,31,9,straight,153.250,153.550,RB,9.2911,5.04,5,1.156757
audio10.TextGrid,31,10,down,153.550,153.940,RB,7.0097,5.88,3,-0.138639
audio10.TextGrid,31,11,out,153.940,154.070,IN,6.5401,6.38,2,1.484863
audio10.TextGrid,31,12,of,154.070,154.160,IN,3.0407,7.4,2,-0.832338
audio10.TextGrid,31,13,sight,154.160,154.540,NN,11.8840,4.54,3,3.771884
audio10.TextGrid,31,14,into,154.540,154.700,IN,6.6240,6.11,4,-0.067152
audio10.TextGrid,31,15,the,154.700,154.780,DT,1.7058,7.73,2,-1.784761
audio10.TextGrid,31,16,water,154.780,155.210,NN,8.3728,5.52,4,0.563517
audio10.TextGrid,31,17,and,155.510,155.640,CC,4.2472,7.41,3,-0.847455
audio10.TextGrid,31,18,he,155.640,155.740,PRP,5.0356,6.69,2,0.339659
audio10.TextGrid,31,19,was,155.740,155.880,VBD,4.7194,6.82,3,-1.752857
audio10.TextGrid,31,20,happy,155.880,156.210,JJ,11.5010,5.35,4,3.644210
audio10.TextGrid,31,21,to,156.210,156.330,TO,3.4422,7.43,2,-0.396067
audio10.TextGrid,31,22,see,156.330,156.510,VB,6.5070,6.1,2,0.173985
audio10.TextGrid,31,23,so,156.510,156.690,RB,6.0503,6.52,2,0.204073
audio10.TextGrid,31,24,much,156.690,156.890,JJ,6.6416,6.0,3,-0.420431
audio10.TextGrid,31,25,plankton,156.890,157.410,NN,6.1275,3.05,8,0.364948
audio10.TextGrid,31,26,because,157.410,157.850,IN,5.8437,6.03,5,-1.496116
audio10.TextGrid,31,27,it,157.850,157.970,PRP,3.8169,6.95,2,-0.577696
audio10.TextGrid,31,28,meant,157.970,158.170,VBD,10.1571,4.94,4,2.185735
audio10.TextGrid,31,29,fish,158.170,158.550,JJ,5.9336,4.9,3,-1.919591
audio10.TextGrid,32,1,the,159.430,159.500,DT,1.8241,7.73,2,-1.666461
audio10.TextGrid,32,2,strange,159.500,160.010,JJ,5.0760,4.64,6,-3.009221
audio10.TextGrid,32,3,light,160.010,160.220,VBD,8.0928,5.33,3,0.548881
audio10.TextGrid,32,4,the,160.220,160.380,DT,4.6174,7.73,2,1.126839
audio10.TextGrid,32,5,sun,160.380,160.590,NN,10.4022,4.97,3,2.599356
audio10.TextGrid,32,6,made,160.590,160.810,VBD,7.5928,5.92,3,0.473230
audio10.TextGrid,32,7,in,160.810,160.910,IN,3.1926,7.27,2,-0.831110
audio10.TextGrid,32,8,the,160.910,160.970,DT,1.7051,7.73,2,-1.785461
audio10.TextGrid,32,9,water,160.970,161.370,NN,8.3733,5.52,4,0.564017
audio10.TextGrid,32,10,now,161.750,161.900,RB,7.5087,6.18,2,1.268407
audio10.TextGrid,32,11,that,161.900,162.020,IN,4.5930,7.01,3,-0.789350
audio10.TextGrid,32,12,the,162.020,162.120,DT,1.9562,7.73,2,-1.534361
audio10.TextGrid,32,13,sun,162.120,162.340,NN,10.3563,4.97,3,2.553456
audio10.TextGrid,32,14,was,162.340,162.520,VBD,6.5712,6.82,3,0.098943
audio10.TextGrid,32,15,higher,162.520,162.880,RBR,7.2990,5.18,3,-0.352804
audio10.TextGrid,32,16,meant,163.200,163.380,JJ,10.8442,4.94,4,2.872835
audio10.TextGrid,32,17,good,163.380,163.590,JJ,7.9812,6.12,3,1.005477
audio10.TextGrid,32,18,weather,163.590,164.020,NN,10.2006,4.87,4,2.209673
audio10.TextGrid,32,19,and,164.220,164.380,CC,4.2667,7.41,3,-0.827955
audio10.TextGrid,32,20,so,164.380,164.570,RB,6.8180,6.52,2,0.971773
audio10.TextGrid,32,21,did,164.570,164.720,VBD,6.8816,5.96,3,-0.209200
audio10.TextGrid,32,22,the,164.720,164.800,DT,2.4571,7.73,2,-1.033461
audio10.TextGrid,32,23,shape,164.800,165.040,NN,9.1406,4.72,3,1.157947
audio10.TextGrid,32,24,of,165.040,165.130,IN,3.0453,7.4,2,-0.827738
audio10.TextGrid,32,25,the,165.130,165.220,DT,1.6963,7.73,2,-1.794261
audio10.TextGrid,32,26,clouds,165.220,165.710,NN,11.1928,4.16,5,3.199547
audio10.TextGrid,32,27,over,165.710,165.880,IN,6.3755,6.08,3,0.324261
audio10.TextGrid,32,28,the,165.880,165.980,DT,1.7294,7.73,2,-1.761161
audio10.TextGrid,32,29,land,165.980,166.350,NN,9.1331,5.22,4,1.239981
audio10.TextGrid,33,1,but,166.350,166.490,CC,5.3198,6.63,3,-0.335859
audio10.TextGrid,33,2,the,167.790,167.980,DT,2.0364,7.73,2,-1.454161
audio10.TextGrid,33,3,bird,167.980,168.280,NN,4.1425,4.63,3,-3.904884
audio10.TextGrid,33,4,was,168.280,168.430,VBD,4.1604,6.82,3,-2.311857
audio10.TextGrid,33,5,almost,168.430,168.790,RB,7.2785,5.39,6,-1.256805
audio10.TextGrid,33,6,out,168.790,168.920,IN,6.6057,6.38,2,1.550463
audio10.TextGrid,33,7,of,168.920,169.030,IN,2.9562,7.4,2,-0.916838
audio10.TextGrid,33,8,sight,169.030,169.370,NN,11.8862,4.54,3,3.774084
audio10.TextGrid,33,9,now,169.370,169.660,RB,7.6466,6.18,2,1.406307
audio10.TextGrid,33,10,and,169.860,170.090,CC,3.5798,7.41,3,-1.514855
audio10.TextGrid,33,11,nothing,170.090,170.430,NN,10.4332,5.55,5,2.217089
audio10.TextGrid,33,12,showed,170.430,170.800,VBD,8.3325,4.86,3,0.450540
audio10.TextGrid,33,13,on,170.800,170.930,IN,4.9238,6.91,2,0.482843
audio10.TextGrid,33,14,the,170.930,171.020,DT,1.7720,7.73,2,-1.718561
audio10.TextGrid,33,15,surface,171.020,171.400,NN,4.1399,4.83,5,-3.960774
audio10.TextGrid,33,16,of,171.400,171.470,IN,2.9057,7.4,2,-0.967338
audio10.TextGrid,33,17,the,171.470,171.550,DT,1.6987,7.73,2,-1.791861
audio10.TextGrid,33,18,water,171.550,171.920,NN,8.3727,5.52,4,0.563417
audio10.TextGrid,33,19,but,171.920,172.110,CC,5.8240,6.63,3,0.168341
audio10.TextGrid,33,20,some,172.110,172.240,DT,5.7308,6.2,3,-0.234131
audio10.TextGrid,33,21,patches,172.240,172.640,NNS,6.4590,3.86,5,-1.486154
audio10.TextGrid,33,22,of,172.640,172.750,IN,3.1293,7.4,2,-0.743738
audio10.TextGrid,33,23,yellow,172.750,173.200,JJ,11.1549,4.69,4,3.113671
audio10.TextGrid,33,24,sun,173.200,173.470,NN,10.9042,4.97,3,3.101356
audio10.TextGrid,33,25,bleached,173.470,173.880,VBD,6.0028,3.03,5,-1.809281
audio10.TextGrid,33,26,sargasso,173.940,174.550,NNS,7.4152,2.06,7,1.997899
audio10.TextGrid,33,27,weed,174.550,174.970,VB,4.8885,4.27,3,-3.417809
audio10.TextGrid,34,1,and,175.420,175.510,CC,3.7036,7.41,2,-0.157847
audio10.TextGrid,34,2,the,175.510,175.590,DT,2.0380,7.73,2,-1.452561
audio10.TextGrid,34,3,purple,175.590,176.090,JJ,5.0832,4.32,5,-2.935706
audio10.TextGrid,34,4,formalized,176.090,177.180,JJ,5.2346,2.84,9,0.559380
audio10.TextGrid,34,5,iridescent,177.180,177.860,NN,4.6509,2.8,9,0.052458
audio10.TextGrid,34,6,gelatinous,177.860,178.550,JJ,6.5756,2.53,9,2.495413
audio10.TextGrid,34,7,bladder,178.550,179.030,NN,4.4837,3.62,5,-3.422975
audio10.TextGrid,34,8,of,179.030,179.150,IN,3.6711,7.4,2,-0.201938
audio10.TextGrid,34,9,a,179.150,179.220,DT,2.5860,7.36,1,-0.122180
audio10.TextGrid,34,10,portuguese,179.220,179.880,JJ,5.0747,4.03,8,-2.137936
audio10.TextGrid,34,11,man,179.880,180.120,NN,7.8356,5.82,3,0.644107
audio10.TextGrid,34,12,of,180.120,180.260,IN,3.1887,7.4,2,-0.684338
audio10.TextGrid,34,13,war,180.260,180.690,NN,9.2726,5.46,3,1.822182
audio10.TextGrid,34,14,floating,180.690,181.080,VBG,7.9328,4.18,6,0.123631
audio10.TextGrid,34,15,dose,181.080,181.390,JJ,5.7966,4.2,3,-2.560056
audio10.TextGrid,34,16,beside,181.390,181.780,IN,4.0086,4.19,5,-3.036210
audio10.TextGrid,34,17,the,181.780,181.850,DT,1.6968,7.73,2,-1.793761
audio10.TextGrid,34,18,boat,181.850,182.220,NN,4.1356,4.71,3,-3.854245
audio10.TextGrid,34,19,it,182.220,182.290,PRP,6.1094,6.95,2,1.714804
audio10.TextGrid,35,1,turned,183.340,183.720,VBN,11.3825,5.09,4,3.453052
audio10.TextGrid,35,2,on,183.720,183.850,IN,4.6358,6.91,2,0.194843
audio10.TextGrid,35,3,its,183.850,184.000,PRP$,4.3027,6.14,3,-1.705385
audio10.TextGrid,35,4,side,184.000,184.410,NN,8.1599,5.5,3,0.738251
audio10.TextGrid,35,5,and,184.410,184.550,CC,3.4370,7.41,2,-0.424447
audio10.TextGrid,35,6,then,184.550,184.720,RB,7.5409,6.07,3,0.529216
audio10.TextGrid,35,7,righted,184.720,185.050,VBD,4.4599,2.37,5,-3.246363
audio10.TextGrid,35,8,itself,185.050,185.490,PRP,8.9441,5.1,6,1.536080
audio10.TextGrid,36,1,it,186.470,186.580,PRP,3.8912,6.95,2,-0.503396
audio10.TextGrid,36,2,floated,186.580,186.960,VBD,9.9807,3.41,6,2.633618
audio10.TextGrid,36,3,cheerfully,186.960,187.410,RB,4.7273,2.98,6,-2.361734
audio10.TextGrid,36,4,as,187.410,187.510,IN,5.0193,6.77,2,0.416081
audio10.TextGrid,36,5,a,187.510,187.570,DT,2.8073,7.36,1,0.099120
audio10.TextGrid,36,6,bubble,187.570,187.980,JJ,5.0774,4.16,5,-2.915853
audio10.TextGrid,36,7,with,187.980,188.140,IN,6.3974,6.85,3,0.899973
audio10.TextGrid,36,8,its,188.140,188.330,PRP$,4.3052,6.14,3,-1.702885
audio10.TextGrid,36,9,long,188.330,188.640,JJ,7.8755,5.81,3,0.676814
audio10.TextGrid,36,10,deadly,188.640,188.970,RB,6.6572,4.16,5,-1.336053
audio10.TextGrid,36,11,purple,188.970,189.330,JJ,5.3217,4.32,5,-2.697206
audio10.TextGrid,36,12,filaments,189.330,189.870,NNS,6.1963,2.95,9,1.309939
audio10.TextGrid,36,13,trailing,189.870,190.250,VBG,7.8830,3.55,6,0.451902
audio10.TextGrid,36,14,a,190.250,190.330,DT,3.2216,7.36,1,0.513420
audio10.TextGrid,36,15,yard,190.330,190.620,NN,4.1368,4.57,4,-3.937963
audio10.TextGrid,36,16,behind,190.620,191.010,IN,9.0674,5.29,6,1.545359
audio10.TextGrid,36,17,it,191.010,191.120,PRP,3.7925,6.95,2,-0.602096
audio10.TextGrid,36,18,in,191.120,191.200,IN,3.0233,7.27,2,-1.000410
audio10.TextGrid,36,19,the,191.200,191.280,DT,1.6910,7.73,2,-1.799561
audio10.TextGrid,36,20,water,191.280,191.710,NN,8.3712,5.52,4,0.561917
audio11.TextGrid,1,1,agua,0.480,0.830,NN,5.9246,2.76,4,-2.655974
audio11.TextGrid,1,2,mala,0.830,1.300,VBZ,3.9034,2.87,4,-4.646434
audio11.TextGrid,1,3,the,1.610,1.690,DT,2.6327,7.73,2,-0.857861
audio11.TextGrid,1,4,man,1.690,1.950,NN,7.6837,5.82,3,0.492207
audio11.TextGrid,1,5,said,1.950,2.290,VBD,5.1661,6.01,3,-1.888738
audio11.TextGrid,1,6,you,2.670,2.920,PRP,6.3597,6.98,2,1.999875
audio11.TextGrid,1,7,whore,2.920,3.360,VBP,4.8968,3.86,3,-3.704396
audio11.TextGrid,2,1,from,4.710,4.880,IN,5.6069,6.63,4,-0.938937
audio11.TextGrid,2,2,where,4.880,5.040,WRB,8.6490,6.0,3,2.540222
audio11.TextGrid,2,3,he,5.040,5.160,PRP,4.7670,6.69,2,0.071059
audio11.TextGrid,2,4,swung,5.160,5.440,VBZ,3.3641,3.47,4,-5.018062
audio11.TextGrid,2,5,lightly,5.440,5.830,RB,4.6641,3.96,5,-3.297087
audio11.TextGrid,2,6,against,5.830,6.180,IN,7.8064,5.68,6,0.050315
audio11.TextGrid,2,7,his,6.180,6.310,PRP$,5.3624,6.51,3,-0.379568
audio11.TextGrid,2,8,oars,6.310,6.740,NNS,5.5669,3.01,3,-3.645647
audio11.TextGrid,2,9,he,6.740,6.840,PRP,5.5547,6.69,2,0.858759
audio11.TextGrid,2,10,looked,6.840,7.030,VBD,10.1382,5.11,4,2.214342
audio11.TextGrid,2,11,down,7.030,7.330,RB,6.1746,5.88,3,-0.973739
audio11.TextGrid,2,12,into,7.330,7.500,IN,6.7006,6.11,4,0.009448
audio11.TextGrid,2,13,the,7.500,7.590,DT,1.7168,7.73,2,-1.773761
audio11.TextGrid,2,14,water,7.590,8.030,NN,8.3741,5.52,4,0.564817
audio11.TextGrid,2,15,and,8.030,8.160,CC,3.5815,7.41,3,-1.513155
audio11.TextGrid,2,16,saw,8.160,8.320,VBD,10.8194,5.34,2,3.605531
audio11.TextGrid,2,17,the,8.320,8.420,DT,2.3857,7.73,2,-1.104861
audio11.TextGrid,2,18,tiny,8.420,8.790,JJ,10.1810,4.62,4,2.120209
audio11.TextGrid,2,19,fish,8.790,9.060,NN,4.3395,4.9,3,-3.513691
audio11.TextGrid,2,20,that,9.060,9.220,WDT,4.1958,7.01,3,-1.186550
audio11.TextGrid,2,21,were,9.220,9.300,VBD,6.8109,6.34,2,0.756050
audio11.TextGrid,2,22,coloured,9.300,9.660,VBN,6.0757,3.92,5,-1.879074
audio11.TextGrid,2,23,like,9.660,9.830,IN,6.2582,6.41,3,0.444309
audio11.TextGrid,2,24,the,9.830,9.920,DT,1.7011,7.73,2,-1.789461
audio11.TextGrid,2,25,trailing,9.920,10.330,NN,4.1361,3.55,6,-3.294998
audio11.TextGrid,2,26,filaments,10.330,10.920,NNS,6.6273,2.95,9,1.740939
audio11.TextGrid,2,27,and,10.920,11.050,CC,3.6286,7.41,3,-1.466055
audio11.TextGrid,2,28,swam,11.050,11.370,NN,5.8132,3.34,4,-2.605291
audio11.TextGrid,2,29,between,11.370,11.800,IN,7.7048,5.77,6,-0.105295
audio11.TextGrid,2,30,them,11.800,12.040,PRP,5.9093,6.19,3,-0.062823
audio11.TextGrid,2,31,and,12.040,12.260,CC,3.7521,7.41,3,-1.342555
audio11.TextGrid,2,32,under,12.260,12.460,IN,7.4109,5.73,4,0.613555
audio11.TextGrid,2,33,the,12.460,12.570,DT,1.7732,7.73,2,-1.717361
audio11.TextGrid,2,34,small,12.570,12.930,JJ,6.8935,5.51,4,-0.918577
audio11.TextGrid,2,35,shade,12.930,13.300,VBD,7.5782,4.16,3,-0.807225
audio11.TextGrid,2,36,the,13.300,13.410,DT,2.4649,7.73,2,-1.025661
audio11.TextGrid,2,37,bubble,13.410,13.750,JJ,5.0771,4.16,5,-2.916153
audio11.TextGrid,2,38,made,13.750,14.040,VBN,8.6170,5.92,3,1.497430
audio11.TextGrid,2,39,as,14.040,14.170,IN,4.7342,6.77,2,0.130981
audio11.TextGrid,2,40,it,14.170,14.240,PRP,3.9115,6.95,2,-0.483096
audio11.TextGrid,2,41,drifted,14.240,14.750,VBD,10.7706,3.41,7,3.949441
audio11.TextGrid,3,1,they,15.650,15.820,PRP,4.6769,6.5,2,-0.239255
audio11.TextGrid,3,2,were,15.820,16.010,VBD,4.5379,6.34,2,-1.516950
audio11.TextGrid,3,3,immune,16.010,16.410,JJ,10.8315,4.14,5,2.841454
audio11.TextGrid,3,4,to,16.410,16.580,TO,3.4667,7.43,2,-0.371567
audio11.TextGrid,3,5,its,16.580,16.700,PRP$,5.3368,6.14,3,-0.671285
audio11.TextGrid,3,6,poison,16.700,17.220,NN,9.6643,4.08,5,1.683873
audio11.TextGrid,4,1,but,17.790,17.980,CC,5.3198,6.63,3,-0.335859
audio11.TextGrid,4,2,men,17.980,18.260,NNS,9.6057,5.51,3,2.191243
audio11.TextGrid,4,3,were,18.260,18.400,VBD,4.6136,6.34,2,-1.441250
audio11.TextGrid,4,4,not,18.400,18.790,RB,5.4722,6.69,3,-1.093558
audio11.TextGrid,5,1,and,19.330,19.430,CC,3.7036,7.41,2,-0.157847
audio11.TextGrid,5,2,when,19.430,19.640,WRB,7.3163,6.37,3,1.473639
audio11.TextGrid,5,3,same,19.640,19.870,JJ,7.3777,5.8,3,0.171822
audio11.TextGrid,5,4,of,19.870,19.940,IN,4.4163,7.4,2,0.543262
audio11.TextGrid,5,5,the,19.940,20.050,DT,1.7168,7.73,2,-1.773761
audio11.TextGrid,5,6,filaments,20.050,20.490,NNS,6.4355,2.95,9,1.549139
audio11.TextGrid,5,7,would,20.490,20.600,MD,6.0122,6.27,3,0.097616
audio11.TextGrid,5,8,catch,20.600,20.910,VB,9.5879,4.87,3,1.713132
audio11.TextGrid,5,9,on,20.910,21.040,IN,4.8677,6.91,2,0.426743
audio11.TextGrid,5,10,a,21.040,21.110,DT,2.6142,7.36,1,-0.093980
audio11.TextGrid,5,11,line,21.110,21.480,NN,7.6729,5.49,3,0.244059
audio11.TextGrid,5,12,and,21.480,21.650,CC,3.7778,7.41,3,-1.316855
audio11.TextGrid,5,13,rest,21.650,21.940,NN,10.0521,5.23,4,2.161776
audio11.TextGrid,5,14,there,21.940,22.200,RB,7.5529,6.31,3,0.713832
audio11.TextGrid,5,15,slimy,22.200,22.700,JJ,6.2504,3.08,5,-1.569697
audio11.TextGrid,5,16,and,22.700,22.800,CC,3.6705,7.41,2,-0.190947
audio11.TextGrid,5,17,purple,22.800,23.290,JJ,4.8732,4.32,5,-3.145706
audio11.TextGrid,5,18,while,23.290,23.490,IN,7.0245,5.86,3,0.815029
audio11.TextGrid,5,19,the,23.490,23.600,DT,1.7367,7.73,2,-1.753861
audio11.TextGrid,5,20,old,23.600,23.810,JJ,7.3279,5.75,3,0.086060
audio11.TextGrid,5,21,man,23.810,24.020,NN,7.6888,5.82,3,0.497307
audio11.TextGrid,5,22,was,24.020,24.170,VBD,5.0778,6.82,3,-1.394457
audio11.TextGrid,5,23,working,24.170,24.510,VBG,8.7285,5.45,5,0.528422
audio11.TextGrid,5,24,a,24.510,24.570,DT,3.3019,7.36,1,0.593720
audio11.TextGrid,5,25,fish,24.570,24.880,NN,4.1380,4.9,3,-3.715191
audio11.TextGrid,6,1,he,25.420,25.510,PRP,4.5353,6.69,2,-0.160641
audio11.TextGrid,6,2,would,25.510,25.630,MD,4.5105,6.27,3,-1.404084
audio11.TextGrid,6,3,have,25.630,25.780,VB,3.8741,6.71,3,-2.677273
audio11.TextGrid,6,4,welts,25.780,26.120,NNS,7.7051,2.27,5,0.014870
audio11.TextGrid,6,5,and,26.120,26.230,CC,4.3497,7.41,2,0.488253
audio11.TextGrid,6,6,sores,26.230,26.660,NNS,6.6856,3.03,4,-1.819521
audio11.TextGrid,6,7,on,26.660,26.800,IN,4.5733,6.91,2,0.132343
audio11.TextGrid,6,8,his,26.800,26.950,PRP$,5.3118,6.51,3,-0.430168
audio11.TextGrid,6,9,arms,26.950,27.390,NNS,9.2134,4.82,4,1.208500
audio11.TextGrid,6,10,and,27.390,27.530,CC,4.3822,7.41,3,-0.712455
audio11.TextGrid,6,11,hands,27.530,28.020,NNS,9.4072,5.16,4,1.497314
audio11.TextGrid,6,12,of,28.020,28.120,IN,3.0316,7.4,2,-0.841438
audio11.TextGrid,6,13,the,28.120,28.230,DT,1.6928,7.73,2,-1.797761
audio11.TextGrid,6,14,sort,28.230,28.470,NN,8.8493,5.0,4,0.894702
audio11.TextGrid,6,15,that,28.470,28.670,IN,4.2316,7.01,3,-1.150750
audio11.TextGrid,6,16,poison,28.670,29.060,NN,11.2671,4.08,5,3.286673
audio11.TextGrid,6,17,ivy,29.060,29.410,NN,5.2313,3.83,3,-3.391473
audio11.TextGrid,6,18,or,29.410,29.510,CC,5.9849,6.54,2,1.115106
audio11.TextGrid,6,19,poison,29.510,29.940,NN,10.7064,4.08,5,2.725973
audio11.TextGrid,6,20,oak,29.940,30.110,NNS,12.2693,4.18,2,3.710969
audio11.TextGrid,6,21,can,30.110,30.280,MD,7.9624,6.46,3,2.184470
audio11.TextGrid,6,22,give,30.280,30.530,VB,6.5998,5.71,3,-0.670809
audio11.TextGrid,7,1,but,30.530,30.710,CC,5.3198,6.63,3,-0.335859
audio11.TextGrid,7,2,these,31.650,32.050,DT,6.1601,6.04,3,0.080091
audio11.TextGrid,7,3,poisonings,32.050,32.690,NNS,6.4631,2.31,8,1.795510
audio11.TextGrid,7,4,from,32.690,32.880,IN,5.4620,6.63,4,-1.083837
audio11.TextGrid,7,5,the,32.880,33.000,DT,1.7143,7.73,2,-1.776261
audio11.TextGrid,7,6,agua,33.000,33.280,NN,4.1369,2.76,4,-4.443674
audio11.TextGrid,7,7,mala,33.280,33.570,NN,5.3626,2.87,4,-3.187234
audio11.TextGrid,7,8,came,33.570,33.810,VBD,7.2943,5.5,3,-0.127349
audio11.TextGrid,7,9,quickly,33.810,34.350,RB,7.8467,5.0,6,-0.454561
audio11.TextGrid,7,10,and,34.350,34.480,CC,3.9031,7.41,3,-1.191555
audio11.TextGrid,7,11,struck,34.480,34.810,VBP,5.0506,4.42,5,-2.984339
audio11.TextGrid,7,12,like,34.810,34.980,IN,7.0076,6.41,3,1.193709
audio11.TextGrid,7,13,a,34.980,35.010,DT,2.7792,7.36,1,0.071020
audio11.TextGrid,7,14,whiplash,35.010,35.670,NN,4.1402,3.06,6,-2.996843
audio11.TextGrid,8,1,the,37.920,38.100,DT,1.8241,7.73,2,-1.666461
audio11.TextGrid,8,2,iridescent,38.100,38.540,NN,4.1358,2.8,9,-0.462642
audio11.TextGrid,8,3,bubbles,38.540,38.990,NNS,6.7578,3.79,6,-0.817325
audio11.TextGrid,8,4,were,38.990,39.060,VBD,4.6074,6.34,2,-1.447450
audio11.TextGrid,8,5,beautiful,39.060,39.570,JJ,10.1380,5.22,8,1.164547
audio11.TextGrid,9,1,but,40.040,40.150,CC,5.3198,6.63,3,-0.335859
audio11.TextGrid,9,2,they,40.150,40.260,PRP,4.8862,6.5,2,-0.029955
audio11.TextGrid,9,3,were,40.260,40.390,VBD,4.5054,6.34,2,-1.549450
audio11.TextGrid,9,4,the,40.390,40.480,DT,2.4535,7.73,2,-1.037061
audio11.TextGrid,9,5,falsest,40.480,41.010,JJS,6.2079,0.0,7,2.932783
audio11.TextGrid,9,6,thing,41.010,41.290,NN,8.2235,5.72,3,0.960083
audio11.TextGrid,9,7,in,41.290,41.400,IN,3.4503,7.27,2,-0.573410
audio11.TextGrid,9,8,the,41.400,41.470,DT,1.7000,7.73,2,-1.790561
audio11.TextGrid,9,9,sea,41.470,41.920,NN,8.2727,5.06,2,0.734306
audio11.TextGrid,10,1,and,42.320,42.420,CC,3.7036,7.41,2,-0.157847
audio11.TextGrid,10,2,the,42.420,42.530,DT,2.0380,7.73,2,-1.452561
audio11.TextGrid,10,3,old,42.530,42.770,JJ,7.3360,5.75,3,0.094160
audio11.TextGrid,10,4,man,42.770,43.030,NN,7.6917,5.82,3,0.500207
audio11.TextGrid,10,5,loved,43.030,43.340,VBD,9.2790,5.0,4,1.324402
audio11.TextGrid,10,6,to,43.340,43.410,TO,3.3807,7.43,2,-0.457567
audio11.TextGrid,10,7,see,43.410,43.600,VB,6.4202,6.1,2,0.087185
audio11.TextGrid,10,8,the,43.600,43.690,DT,2.3413,7.73,2,-1.149261
audio11.TextGrid,10,9,big,43.690,43.960,JJ,6.5848,5.67,3,-0.714579
audio11.TextGrid,10,10,sea,43.960,44.180,NN,8.1076,5.06,2,0.569206
audio11.TextGrid,10,11,turtles,44.180,44.720,NNS,7.5498,3.72,6,0.016683
audio11.TextGrid,10,12,eating,44.760,45.100,VBG,11.5116,4.85,4,3.515084
audio11.TextGrid,10,13,them,45.100,45.380,PRP,6.5445,6.19,3,0.572377
audio11.TextGrid,11,1,the,46.130,46.230,DT,1.8241,7.73,2,-1.666461
audio11.TextGrid,11,2,turtles,46.230,46.630,NNS,6.4529,3.72,6,-1.080217
audio11.TextGrid,11,3,saw,46.630,46.930,VBD,8.3951,5.34,2,1.181231
audio11.TextGrid,11,4,them,46.930,47.200,PRP,6.6559,6.19,3,0.683777
audio11.TextGrid,11,5,approached,47.380,47.780,VBD,10.7368,4.16,6,2.939633
audio11.TextGrid,11,6,them,47.780,47.920,PRP,6.6484,6.19,3,0.676277
audio11.TextGrid,11,7,from,47.920,48.100,IN,4.7010,6.63,4,-1.844837
audio11.TextGrid,11,8,the,48.100,48.170,DT,1.6931,7.73,2,-1.797461
audio11.TextGrid,11,9,front,48.170,48.530,NN,8.4075,5.28,5,0.234678
audio11.TextGrid,12,1,then,48.950,49.160,RB,7.4856,6.07,3,0.473916
audio11.TextGrid,12,2,shut,49.160,49.450,VB,9.8783,4.78,3,1.938801
audio11.TextGrid,12,3,their,49.450,49.670,PRP$,5.7526,6.33,3,-0.118830
audio11.TextGrid,12,4,eyes,49.670,50.040,NNS,9.6257,5.21,2,2.261158
audio11.TextGrid,12,5,so,50.040,50.170,IN,6.6694,6.52,2,1.776426
audio11.TextGrid,12,6,they,50.170,50.260,PRP,5.2585,6.5,2,0.342345
audio11.TextGrid,12,7,were,50.260,50.380,VBD,6.2048,6.34,2,0.149950
audio11.TextGrid,12,8,completely,50.380,50.960,RB,9.7066,5.0,9,0.885345
audio11.TextGrid,12,9,carapaced,50.960,51.680,VBN,5.1585,0.0,8,3.908966
audio11.TextGrid,12,10,and,51.680,51.950,CC,4.0666,7.41,3,-1.028055
audio11.TextGrid,12,11,ate,51.950,52.100,VB,4.1735,4.34,2,-4.199388
audio11.TextGrid,12,12,them,52.120,52.400,PRP,6.5242,6.19,3,0.552077
audio11.TextGrid,12,13,filaments,52.400,52.880,NNS,8.2165,2.95,9,3.330139
audio11.TextGrid,12,14,and,52.880,52.990,CC,4.1272,7.41,3,-0.967455
audio11.TextGrid,13,1,all,52.990,53.330,PDT,5.5566,6.52,2,0.663626
audio11.TextGrid,13,2,the,54.210,54.320,DT,3.9289,7.73,2,0.438339
audio11.TextGrid,13,3,old,54.320,54.500,JJ,7.9802,5.75,3,0.738360
audio11.TextGrid,13,4,man,54.500,54.720,NN,7.8041,5.82,3,0.612607
audio11.TextGrid,13,5,loved,54.720,54.920,VBD,9.7204,5.0,4,1.765802
audio11.TextGrid,13,6,to,54.920,54.990,TO,3.3747,7.43,2,-0.463567
audio11.TextGrid,13,7,see,54.990,55.140,VB,6.4218,6.1,2,0.088785
audio11.TextGrid,13,8,the,55.140,55.240,DT,2.3423,7.73,2,-1.148261
audio11.TextGrid,13,9,turtles,55.240,55.620,NNS,6.4508,3.72,6,-1.082317
audio11.TextGrid,13,10,eat,55.620,55.840,VBP,11.8201,5.13,2,4.362837
audio11.TextGrid,13,11,them,55.840,56.060,PRP,6.9093,6.19,3,0.937177
audio11.TextGrid,13,12,and,56.310,56.410,CC,4.2973,7.41,2,0.435853
audio11.TextGrid,13,13,he,56.410,56.500,PRP,5.1708,6.69,2,0.474859
audio11.TextGrid,13,14,loved,56.500,56.700,VBD,9.6273,5.0,4,1.672702
audio11.TextGrid,13,15,to,56.700,56.760,TO,3.3590,7.43,2,-0.479267
audio11.TextGrid,13,16,walk,56.760,57.090,VB,8.4828,5.08,3,0.759072
audio11.TextGrid,13,17,on,57.090,57.230,IN,5.0060,6.91,2,0.565043
audio11.TextGrid,13,18,them,57.230,57.360,PRP,5.9561,6.19,3,-0.016023
audio11.TextGrid,13,19,on,57.360,57.470,IN,4.2612,6.91,2,-0.179757
audio11.TextGrid,13,20,the,57.470,57.530,DT,1.7029,7.73,2,-1.787661
audio11.TextGrid,13,21,beach,57.530,57.880,NN,10.3514,4.92,3,2.512594
audio11.TextGrid,13,22,after,57.880,58.160,IN,7.4093,6.11,4,0.718148
audio11.TextGrid,13,23,a,58.160,58.200,DT,2.5818,7.36,1,-0.126380
audio11.TextGrid,13,24,storm,58.200,58.720,NN,10.2352,4.66,5,2.161782
audio11.TextGrid,13,25,and,58.720,58.860,CC,4.2622,7.41,3,-0.832455
audio11.TextGrid,13,26,hear,58.860,59.010,VB,10.5332,5.23,3,2.917357
audio11.TextGrid,13,27,them,59.010,59.160,PRP,6.5267,6.19,3,0.554577
audio11.TextGrid,13,28,pop,59.160,59.480,RB,10.1686,4.87,3,2.293832
audio11.TextGrid,13,29,when,59.590,59.740,WRB,7.6641,6.37,3,1.821439
audio11.TextGrid,13,30,he,59.740,59.860,PRP,4.6953,6.69,2,-0.000641
audio11.TextGrid,13,31,stepped,59.860,60.200,VBD,8.7782,4.2,5,0.778534
audio11.TextGrid,13,32,on,60.200,60.340,IN,4.5048,6.91,2,0.063843
audio11.TextGrid,13,33,them,60.340,60.530,PRP,5.9378,6.19,3,-0.034323
audio11.TextGrid,13,34,with,60.530,60.630,IN,4.4418,6.85,3,-1.055627
audio11.TextGrid,13,35,the,60.630,60.740,DT,1.6963,7.73,2,-1.794261
audio11.TextGrid,13,36,horny,60.740,61.070,NN,4.1364,3.79,5,-3.797531
audio11.TextGrid,13,37,soles,61.070,61.510,NNS,6.6709,3.18,4,-1.792303
audio11.TextGrid,13,38,of,61.510,61.620,IN,2.8051,7.4,2,-1.067938
audio11.TextGrid,13,39,his,61.620,61.810,PRP$,5.3070,6.51,3,-0.434968
audio11.TextGrid,13,40,feet,61.810,62.160,NNS,9.2133,4.99,3,1.424841
audio11.TextGrid,14,1,he,63.930,64.050,PRP,4.5353,6.69,2,-0.160641
audio11.TextGrid,14,2,loved,64.050,64.290,VBD,9.1280,5.0,4,1.173402
audio11.TextGrid,14,3,green,64.290,64.650,JJ,9.7688,5.13,4,1.850531
audio11.TextGrid,14,4,turtles,64.650,65.240,NNS,5.4360,3.72,6,-2.097117
audio11.TextGrid,14,5,and,65.240,65.370,CC,4.5858,7.41,2,0.724353
audio11.TextGrid,14,6,hawk,65.370,65.600,NN,5.6740,3.81,3,-2.963158
audio11.TextGrid,14,7,bills,65.660,66.180,NNS,7.6724,4.52,4,-0.416336
audio11.TextGrid,14,8,with,66.180,66.320,IN,4.8081,6.85,3,-0.689327
audio11.TextGrid,14,9,their,66.320,66.520,PRP$,4.9238,6.33,3,-0.947630
audio11.TextGrid,14,10,elegance,66.520,66.990,NN,4.2576,3.42,7,-2.573958
audio11.TextGrid,14,11,and,66.990,67.110,CC,4.3895,7.41,3,-0.705155
audio11.TextGrid,14,12,speed,67.110,67.630,NN,10.4484,5.0,4,2.493802
audio11.TextGrid,14,13,and,67.630,67.740,CC,3.4503,7.41,2,-0.411147
audio11.TextGrid,14,14,their,67.740,67.890,PRP$,6.5883,6.33,3,0.716870
audio11.TextGrid,14,15,great,67.890,68.210,JJ,7.7961,5.88,4,0.087421
audio11.TextGrid,14,16,value,68.210,68.660,NN,7.0500,5.15,5,-1.101979
audio11.TextGrid,15,1,and,69.320,69.420,CC,3.7036,7.41,2,-0.157847
audio11.TextGrid,15,2,he,69.420,69.500,PRP,4.7461,6.69,2,0.050159
audio11.TextGrid,15,3,had,69.500,69.630,VBD,4.6856,6.33,3,-2.139083
audio11.TextGrid,15,4,a,69.630,69.680,DT,3.3403,7.36,1,0.632120
audio11.TextGrid,15,5,friendly,69.680,70.020,JJ,9.3400,4.64,6,1.254779
audio11.TextGrid,15,6,contempt,70.020,70.530,NN,3.9915,3.74,8,-2.792030
audio11.TextGrid,15,7,for,70.530,70.620,IN,4.0406,7.01,2,-0.284455
audio11.TextGrid,15,8,the,70.620,70.770,DT,1.6949,7.73,2,-1.795661
audio11.TextGrid,15,9,huge,70.770,71.110,JJ,8.0170,5.06,3,0.278887
audio11.TextGrid,15,10,stupid,71.110,71.530,JJ,9.9441,4.94,6,1.678846
audio11.TextGrid,15,11,loggerheads,71.530,72.340,NNS,5.6235,2.26,8,1.029894
audio11.TextGrid,15,12,yellow,72.690,73.180,VBP,11.9221,4.69,4,3.880871
audio11.TextGrid,15,13,in,73.180,73.250,IN,4.3702,7.27,2,0.346490
audio11.TextGrid,15,14,their,73.250,73.420,PRP$,4.9317,6.33,3,-0.939730
audio11.TextGrid,15,15,armour,73.420,73.690,NN,4.2575,3.75,4,-4.046415
audio11.TextGrid,15,16,plating,73.690,74.190,VBG,7.8371,3.14,6,0.652048
audio11.TextGrid,15,17,strange,74.310,74.920,NN,5.5740,4.64,6,-2.511221
audio11.TextGrid,15,18,in,74.920,75.010,IN,3.2960,7.27,2,-0.727710
audio11.TextGrid,15,19,their,75.010,75.130,PRP$,4.9297,6.33,3,-0.941730
audio11.TextGrid,15,20,love,75.130,75.350,NN,4.2573,5.82,3,-2.934193
audio11.TextGrid,15,21,making,75.350,75.810,NN,8.5080,5.54,5,0.293492
audio11.TextGrid,16,1,and,76.250,76.390,CC,3.7036,7.41,2,-0.157847
audio11.TextGrid,16,2,happily,76.390,76.850,RB,4.1645,4.11,6,-3.602661
audio11.TextGrid,16,3,eating,76.850,77.140,VBG,10.5813,4.85,4,2.584784
audio11.TextGrid,16,4,the,77.140,77.220,DT,2.3782,7.73,2,-1.112361
audio11.TextGrid,16,5,portuguese,77.220,77.860,JJ,5.0783,4.03,8,-2.134336
audio11.TextGrid,16,6,men,77.860,78.060,NNS,8.4459,5.51,3,1.031443
audio11.TextGrid,16,7,of,78.060,78.200,IN,3.0770,7.4,2,-0.796038
audio11.TextGrid,16,8,war,78.200,78.510,NN,9.2703,5.46,3,1.819882
audio11.TextGrid,16,9,with,78.510,78.670,IN,5.5654,6.85,3,0.067973
audio11.TextGrid,16,10,their,78.670,78.890,PRP$,4.9231,6.33,3,-0.948330
audio11.TextGrid,16,11,eyes,78.890,79.210,NNS,9.6187,5.21,2,2.254158
audio11.TextGrid,16,12,shut,79.210,79.610,VBP,10.4916,4.78,3,2.552101
audio11.TextGrid,17,1,he,80.880,81.020,PRP,4.5353,6.69,2,-0.160641
audio11.TextGrid,17,2,had,81.020,81.190,VBD,4.7197,6.33,3,-2.104983
audio11.TextGrid,17,3,no,81.190,81.340,DT,6.2819,6.35,2,1.191893
audio11.TextGrid,17,4,mysticism,81.340,82.010,NN,4.3310,3.07,10,-0.110247
audio11.TextGrid,17,5,about,82.010,82.340,IN,5.6280,6.4,4,-0.982111
audio11.TextGrid,17,6,turtles,82.340,82.890,NNS,6.8901,3.72,6,-0.643017
audio11.TextGrid,17,7,although,82.950,83.190,IN,7.4700,5.3,4,0.552490
audio11.TextGrid,17,8,he,83.190,83.250,PRP,4.4405,6.69,2,-0.255441
audio11.TextGrid,17,9,had,83.250,83.370,VBD,5.9993,6.33,3,-0.825383
audio11.TextGrid,17,10,gone,83.370,83.640,VBN,10.2427,5.17,3,2.583703
audio11.TextGrid,17,11,in,83.640,83.740,IN,2.6894,7.27,2,-1.334310
audio11.TextGrid,17,12,turtle,83.740,84.060,NN,5.7788,3.91,5,-2.174370
audio11.TextGrid,17,13,boats,84.060,84.360,NNS,5.5636,4.25,4,-2.600588
audio11.TextGrid,17,14,for,84.360,84.480,IN,3.8624,7.01,2,-0.462655
audio11.TextGrid,17,15,many,84.480,84.700,JJ,6.5513,5.91,4,-1.148996
audio11.TextGrid,17,16,years,84.700,85.220,NNS,4.9143,5.96,3,-2.176500
audio11.TextGrid,18,1,he,85.880,85.980,PRP,4.5353,6.69,2,-0.160641
audio11.TextGrid,18,2,was,85.980,86.130,VBD,3.9158,6.82,3,-2.556457
audio11.TextGrid,18,3,sorry,86.130,86.470,NN,11.5247,5.18,4,3.620403
audio11.TextGrid,18,4,for,86.470,86.640,IN,4.5731,7.01,3,-0.809250
audio11.TextGrid,18,5,them,86.640,86.800,PRP,5.9100,6.19,3,-0.062123
audio11.TextGrid,18,6,all,86.800,87.100,DT,7.5314,6.52,2,2.638426
audio11.TextGrid,18,7,even,87.380,87.630,RB,7.7856,5.99,4,0.107660
audio11.TextGrid,18,8,the,87.630,87.700,DT,3.6733,7.73,2,0.182739
audio11.TextGrid,18,9,great,87.700,88.020,JJ,7.7334,5.88,4,0.024721
audio11.TextGrid,18,10,trunk,88.020,88.260,NN,4.2328,4.03,5,-3.739610
audio11.TextGrid,18,11,backs,88.280,88.680,NNS,7.0357,4.1,4,-1.170406
audio11.TextGrid,18,12,that,88.680,88.820,WDT,3.9224,7.01,3,-1.459950
audio11.TextGrid,18,13,were,88.820,88.950,VBD,6.7925,6.34,2,0.737650
audio11.TextGrid,18,14,as,88.950,89.080,RB,5.1994,6.77,2,-0.357072
audio11.TextGrid,18,15,long,89.080,89.360,RB,7.9137,5.81,3,0.715014
audio11.TextGrid,18,16,as,89.360,89.510,IN,5.2947,6.77,2,0.691481
audio11.TextGrid,18,17,the,89.510,89.620,DT,1.8648,7.73,2,-1.625761
audio11.TextGrid,18,18,skiff,89.620,90.050,NN,4.1383,2.63,4,-4.478603
audio11.TextGrid,18,19,and,90.050,90.190,CC,4.1373,7.41,3,-0.957355
audio11.TextGrid,18,20,weighed,90.190,90.400,VBD,10.7403,3.81,3,2.103142
audio11.TextGrid,18,21,a,90.400,90.460,DT,3.3185,7.36,1,0.610320
audio11.TextGrid,18,22,ton,90.460,90.910,NN,8.4481,4.29,3,0.156175
audio11.TextGrid,19,1,most,91.550,91.780,JJS,7.1376,6.0,3,0.075569
audio11.TextGrid,19,2,people,91.780,92.130,NNS,6.5101,6.25,5,-1.818242
audio11.TextGrid,19,3,are,92.130,92.190,VBP,4.0267,6.74,1,-0.625989
audio11.TextGrid,19,4,heartless,92.190,92.600,JJ,5.9210,3.33,7,-0.816968
audio11.TextGrid,19,5,about,92.600,92.860,IN,5.9708,6.4,4,-0.639311
audio11.TextGrid,19,6,turtles,92.860,93.290,NNS,6.8703,3.72,6,-0.662817
audio11.TextGrid,20,1,because,93.720,94.020,IN,6.7432,6.03,5,-0.596616
audio11.TextGrid,20,2,a,94.020,94.080,DT,2.6385,7.36,1,-0.069680
audio11.TextGrid,20,3,turtle,94.080,94.440,JJ,5.0722,3.91,5,-2.880970
audio11.TextGrid,20,4,s,94.440,94.490,JJ,5.1972,5.86,1,-0.862435
audio11.TextGrid,20,5,heart,94.490,94.750,NN,9.6276,5.31,4,1.759632
audio11.TextGrid,20,6,will,94.750,94.870,MD,5.6832,6.45,3,-0.101922
audio11.TextGrid,20,7,beat,94.870,95.100,VB,7.8315,5.01,3,0.057425
audio11.TextGrid,20,8,for,95.100,95.290,IN,4.4202,7.01,3,-0.962150
audio11.TextGrid,20,9,hours,95.290,95.650,NNS,9.2896,5.4,3,1.796028
audio11.TextGrid,20,10,after,95.650,95.910,IN,6.0347,6.11,4,-0.656452
audio11.TextGrid,20,11,he,95.910,96.030,PRP,4.4621,6.69,2,-0.233841
audio11.TextGrid,20,12,has,96.030,96.170,VBZ,5.4140,6.37,3,-1.381914
audio11.TextGrid,20,13,been,96.170,96.340,VBN,5.8969,6.27,3,-0.970937
audio11.TextGrid,20,14,cut,96.340,96.560,VBN,8.7262,5.24,3,1.117550
audio11.TextGrid,20,15,up,96.560,96.740,RP,5.0331,6.39,2,-0.010547
audio11.TextGrid,20,16,and,96.740,96.810,CC,3.9735,7.41,2,0.112053
audio11.TextGrid,20,17,butchered,96.810,97.300,VBD,3.7243,3.01,5,-4.084574
audio11.TextGrid,21,1,but,98.230,98.400,CC,5.3198,6.63,3,-0.335859
audio11.TextGrid,21,2,the,98.420,98.560,DT,2.0364,7.73,2,-1.454161
audio11.TextGrid,21,3,old,98.560,98.770,JJ,7.3360,5.75,3,0.094160
audio11.TextGrid,21,4,man,98.770,98.990,NN,7.6917,5.82,3,0.500207
audio11.TextGrid,21,5,thought,98.990,99.350,VBD,8.0503,5.59,3,0.693382
audio11.TextGrid,22,1,i,99.830,100.030,NNS,5.5144,7.09,1,1.421291
audio11.TextGrid,22,2,have,100.030,100.180,VBP,4.0795,6.71,3,-2.471873
audio11.TextGrid,22,3,such,100.180,100.410,PDT,6.8332,5.84,3,0.609344
audio11.TextGrid,22,4,a,100.410,100.470,DT,4.7380,7.36,1,2.029820
audio11.TextGrid,22,5,heart,100.470,100.690,NN,9.6485,5.31,4,1.780532
audio11.TextGrid,22,6,too,100.710,101.020,RB,8.4528,5.95,2,1.945932
audio11.TextGrid,22,7,and,101.020,101.190,CC,3.5142,7.41,3,-1.580455
audio11.TextGrid,22,8,my,101.220,101.420,PRP$,9.0327,6.57,2,4.197677
audio11.TextGrid,22,9,feet,101.420,101.680,NNS,9.2133,4.99,3,1.424841
audio11.TextGrid,22,10,and,101.680,101.810,CC,4.3853,7.41,2,0.523853
audio11.TextGrid,22,11,hands,101.810,102.180,NNS,9.4300,5.16,4,1.520114
audio11.TextGrid,22,12,are,102.180,102.260,VBP,4.5875,6.74,1,-0.065189
audio11.TextGrid,22,13,like,102.260,102.510,IN,6.9991,6.41,3,1.185209
audio11.TextGrid,23,1,theirs,102.510,103.010,NN,5.9246,3.96,4,-2.320630
audio11.TextGrid,23,2,he,103.920,104.080,PRP,7.2668,6.69,2,2.570859
audio11.TextGrid,23,3,ate,104.080,104.200,VBD,3.5781,4.34,2,-4.794788
audio11.TextGrid,23,4,the,104.200,104.330,DT,2.4636,7.73,2,-1.026961
audio11.TextGrid,23,5,white,104.330,104.620,JJ,7.9603,5.51,3,0.545843
audio11.TextGrid,23,6,eggs,104.620,104.960,NNS,6.7317,4.5,3,-1.409185
audio11.TextGrid,23,7,to,104.960,105.060,TO,3.3870,7.43,2,-0.451267
audio11.TextGrid,23,8,give,105.060,105.230,VB,7.2224,5.71,3,-0.048209
audio11.TextGrid,23,9,himself,105.230,105.600,PRP,8.6590,5.25,7,0.877686
audio11.TextGrid,23,10,strength,105.600,105.990,NN,10.8516,4.8,7,2.584987
audio11.TextGrid,24,1,he,106.530,106.690,PRP,4.5353,6.69,2,-0.160641
audio11.TextGrid,24,2,ate,106.690,106.790,VB,3.9158,4.34,2,-4.457088
audio11.TextGrid,24,3,them,106.790,106.950,PRP,6.5024,6.19,3,0.530277
audio11.TextGrid,24,4,all,106.950,107.120,DT,7.5366,6.52,2,2.643626
audio11.TextGrid,24,5,through,107.120,107.350,IN,8.7159,5.87,3,2.513621
audio11.TextGrid,24,6,may,107.350,107.640,MD,8.0776,5.98,2,2.558756
audio11.TextGrid,24,7,to,107.640,107.750,TO,4.0073,7.43,2,0.169033
audio11.TextGrid,24,8,be,107.750,107.910,VB,4.1061,6.79,2,-1.427192
audio11.TextGrid,24,9,strong,107.910,108.340,JJ,8.1866,5.22,5,0.023398
audio11.TextGrid,24,10,in,108.340,108.490,IN,3.7739,7.27,2,-0.249810
audio11.TextGrid,24,11,september,108.490,109.050,NN,7.2679,5.15,8,-1.601976
audio11.TextGrid,24,12,and,109.050,109.160,CC,3.8884,7.41,3,-1.206255
audio11.TextGrid,24,13,october,109.160,109.780,NN,6.6985,5.11,6,-1.668773
audio11.TextGrid,24,14,for,109.780,109.920,IN,4.2725,7.01,2,-0.052555
audio11.TextGrid,24,15,the,109.920,110.030,DT,1.7006,7.73,2,-1.789961
audio11.TextGrid,24,16,truly,110.030,110.400,NN,4.1356,4.87,5,-3.971487
audio11.TextGrid,24,17,big,110.400,110.700,JJ,7.6660,5.67,3,0.366621
audio11.TextGrid,24,18,fish,110.700,111.010,NN,4.4779,4.9,3,-3.375291
audio11.TextGrid,25,1,he,112.940,113.050,PRP,4.5353,6.69,2,-0.160641
audio11.TextGrid,25,2,also,113.050,113.290,RB,6.6174,6.19,4,-1.004649
audio11.TextGrid,25,3,drank,113.290,113.610,VBD,4.0428,3.95,5,-3.916784
audio11.TextGrid,25,4,a,113.610,113.670,DT,3.3662,7.36,1,0.658020
audio11.TextGrid,25,5,cup,113.670,113.930,NN,4.1408,5.11,3,-3.561351
audio11.TextGrid,25,6,of,113.930,114.050,IN,3.1644,7.4,2,-0.708638
audio11.TextGrid,25,7,shark,114.050,114.430,NN,5.7911,4.1,4,-2.415006
audio11.TextGrid,25,8,liver,114.430,114.690,NN,5.2339,4.18,4,-2.949850
audio11.TextGrid,25,9,oil,114.690,115.070,NN,8.6171,5.1,2,1.125066
audio11.TextGrid,25,10,each,115.070,115.310,DT,8.7546,5.69,2,2.899640
audio11.TextGrid,25,11,day,115.310,115.570,NN,7.0844,5.95,2,0.577532
audio11.TextGrid,25,12,from,115.570,115.770,IN,4.9000,6.63,4,-1.645837
audio11.TextGrid,25,13,the,115.770,115.830,DT,1.7012,7.73,2,-1.789361
audio11.TextGrid,25,14,big,115.830,116.050,JJ,6.5812,5.67,3,-0.718179
audio11.TextGrid,25,15,drum,116.050,116.350,NN,4.3001,4.11,4,-3.903212
audio11.TextGrid,25,16,in,116.350,116.440,IN,3.2884,7.27,2,-0.735310
audio11.TextGrid,25,17,the,116.440,116.500,DT,1.6952,7.73,2,-1.795361
audio11.TextGrid,25,18,shack,116.500,116.910,NN,4.1359,3.43,3,-4.774568
audio11.TextGrid,25,19,where,116.910,117.030,WRB,7.2912,6.0,3,1.182422
audio11.TextGrid,25,20,many,117.030,117.270,JJ,6.3141,5.91,4,-1.386196
audio11.TextGrid,25,21,of,117.270,117.340,IN,4.2687,7.4,2,0.395662
audio11.TextGrid,25,22,the,117.340,117.430,DT,1.7089,7.73,2,-1.781661
audio11.TextGrid,25,23,fishermen,117.430,117.820,NNS,6.4372,3.65,7,-0.633534
audio11.TextGrid,25,24,kept,117.820,118.090,VBD,9.4452,5.0,4,1.490602
audio11.TextGrid,25,25,their,118.090,118.200,PRP$,5.8950,6.33,3,0.023570
audio11.TextGrid,25,26,gear,118.200,118.610,NN,4.2401,4.46,3,-3.929554
audio11.TextGrid,26,1,it,119.300,119.430,PRP,3.8912,6.95,2,-0.503396
audio11.TextGrid,26,2,was,119.430,119.640,VBD,3.9158,6.82,3,-2.556457
audio11.TextGrid,26,3,there,119.640,119.830,RB,6.2307,6.31,3,-0.608368
audio11.TextGrid,26,4,for,119.830,120.040,IN,4.0126,7.01,3,-1.369750
audio11.TextGrid,26,5,all,120.040,120.210,DT,5.4383,6.52,2,0.545326
audio11.TextGrid,26,6,fishermen,120.210,120.650,NNS,6.5332,3.65,7,-0.537534
audio11.TextGrid,26,7,who,120.650,120.720,WP,5.8963,6.34,2,0.794702
audio11.TextGrid,26,8,wanted,120.720,121.130,VBD,8.3635,5.36,6,-0.153802
audio11.TextGrid,26,9,it,121.130,121.300,PRP,4.5031,6.95,2,0.108504
audio11.TextGrid,27,1,most,121.940,122.200,JJS,7.1376,6.0,4,-0.537545
audio11.TextGrid,27,2,fishermen,122.200,122.640,NNS,5.8801,3.65,7,-1.190634
audio11.TextGrid,27,3,hated,122.640,122.910,VBD,3.4294,4.2,5,-4.570266
audio11.TextGrid,27,4,the,122.910,123.000,DT,2.4670,7.73,2,-1.023561
audio11.TextGrid,27,5,taste,123.000,123.500,NN,10.2397,4.73,4,2.209649
audio11.TextGrid,28,1,but,124.130,124.250,CC,5.3198,6.63,3,-0.335859
audio11.TextGrid,28,2,it,124.250,124.310,PRP,4.1006,6.95,2,-0.293996
audio11.TextGrid,28,3,was,124.310,124.430,VBD,3.8833,6.82,3,-2.588957
audio11.TextGrid,28,4,no,124.430,124.580,DT,6.2669,6.35,2,1.176893
audio11.TextGrid,28,5,worse,124.580,124.830,JJR,10.0120,4.89,3,2.151617
audio11.TextGrid,28,6,than,124.830,125.010,IN,6.0914,6.13,3,0.076123
audio11.TextGrid,28,7,getting,125.010,125.270,VBG,9.5234,5.57,5,1.304082
audio11.TextGrid,28,8,up,125.270,125.410,RP,4.9995,6.39,2,-0.044147
audio11.TextGrid,28,9,at,125.410,125.470,IN,4.9818,6.7,2,0.297449
audio11.TextGrid,28,10,the,125.470,125.630,DT,1.6938,7.73,2,-1.796761
audio11.TextGrid,28,11,hours,125.630,125.980,NNS,8.8897,5.4,3,1.396128
audio11.TextGrid,28,12,that,125.980,126.130,IN,4.1344,7.01,3,-1.247950
audio11.TextGrid,28,13,they,126.130,126.260,PRP,4.8953,6.5,2,-0.020855
audio11.TextGrid,28,14,rose,126.260,126.810,VBD,7.0578,4.82,3,-0.852929
audio11.TextGrid,28,15,and,126.810,126.900,CC,3.9010,7.41,3,-1.193655
audio11.TextGrid,28,16,it,126.900,126.960,PRP,5.7143,6.95,2,1.319704
audio11.TextGrid,28,17,was,126.960,127.140,VBD,4.5853,6.82,3,-1.886957
audio11.TextGrid,28,18,very,127.140,127.390,RB,7.0105,6.0,4,-0.664645
audio11.TextGrid,28,19,good,127.390,127.590,JJ,7.3598,6.12,3,0.384077
audio11.TextGrid,28,20,against,127.590,127.930,IN,7.1727,5.68,6,-0.583385
audio11.TextGrid,28,21,all,127.930,128.110,DT,5.4558,6.52,2,0.562826
audio11.TextGrid,28,22,colds,128.110,128.570,NNS,6.5003,2.97,5,-1.302161
audio11.TextGrid,28,23,and,128.570,128.710,CC,3.9522,7.41,3,-1.142455
audio11.TextGrid,28,24,grippes,128.710,129.140,NNS,6.6281,0.0,5,-0.698182
audio11.TextGrid,29,1,and,129.690,129.820,CC,3.7036,7.41,2,-0.157847
audio11.TextGrid,29,2,it,129.820,129.930,PRP,4.1020,6.95,2,-0.292596
audio11.TextGrid,29,3,was,129.930,130.050,VBD,3.8816,6.82,3,-2.590657
audio11.TextGrid,29,4,good,130.050,130.240,JJ,7.8160,6.12,3,0.840277
audio11.TextGrid,29,5,for,130.240,130.360,IN,4.5708,7.01,2,0.245745
audio11.TextGrid,29,6,the,130.360,130.530,DT,1.6996,7.73,2,-1.790961
audio11.TextGrid,29,7,eyes,130.530,130.990,NNS,10.4949,5.21,2,3.130358
audio11.TextGrid,30,1,now,132.320,132.550,RB,6.7634,6.18,2,0.523107
audio11.TextGrid,30,2,the,132.550,132.670,DT,2.5625,7.73,2,-0.928061
audio11.TextGrid,30,3,old,132.670,132.890,JJ,7.3464,5.75,3,0.104560
audio11.TextGrid,30,4,man,132.890,133.090,NN,7.7268,5.82,3,0.535307
audio11.TextGrid,30,5,looked,133.090,133.330,VBD,10.1977,5.11,4,2.273842
audio11.TextGrid,30,6,up,133.330,133.570,RB,5.0393,6.39,2,-0.957599
audio11.TextGrid,30,7,and,133.570,133.690,CC,4.3317,7.41,3,-0.762955
audio11.TextGrid,30,8,saw,133.690,133.870,VBD,8.5299,5.34,2,1.316031
audio11.TextGrid,30,9,that,133.870,134.000,IN,4.2222,7.01,3,-1.160150
audio11.TextGrid,30,10,the,134.000,134.080,DT,2.3391,7.73,2,-1.151461
audio11.TextGrid,30,11,bird,134.080,134.380,NN,4.1398,4.63,3,-3.907584
audio11.TextGrid,30,12,was,134.380,134.470,VBD,5.2474,6.82,3,-1.224857
audio11.TextGrid,30,13,circling,134.470,134.890,VBG,7.4737,3.33,6,0.174627
audio11.TextGrid,30,14,again,134.890,135.230,RB,7.9734,5.7,4,0.214419
audio11.TextGrid,31,1,he,136.890,137.030,PRP,4.5353,6.69,2,-0.160641
audio11.TextGrid,31,2,s,137.030,137.100,VBZ,3.3590,5.86,1,-2.700635
audio11.TextGrid,31,3,found,137.100,137.430,VBD,7.7515,5.68,4,-0.013070
audio11.TextGrid,31,4,fish,137.430,137.850,NN,6.6214,4.9,3,-1.231791
audio11.TextGrid,31,5,he,138.110,138.240,PRP,7.0630,6.69,2,2.367059
audio11.TextGrid,31,6,said,138.240,138.440,VBD,4.3873,6.01,3,-2.667538
audio11.TextGrid,31,7,aloud,138.440,138.890,NN,6.5184,3.51,4,-1.852584
audio11.TextGrid,32,1,no,139.730,139.910,DT,5.7679,6.35,2,0.677893
audio11.TextGrid,32,2,flying,139.910,140.370,VBG,8.4462,4.71,5,0.364766
audio11.TextGrid,32,3,fish,140.370,140.660,JJ,5.8180,4.9,3,-2.035191
audio11.TextGrid,32,4,broke,140.660,140.960,VBD,12.9576,4.85,4,4.961084
audio11.TextGrid,32,5,the,140.960,141.040,DT,2.4604,7.73,2,-1.030161
audio11.TextGrid,32,6,surface,141.040,141.550,NN,4.1396,4.83,5,-3.961074
audio11.TextGrid,32,7,and,141.550,141.650,CC,4.4759,7.41,2,0.614453
audio11.TextGrid,32,8,there,141.650,141.760,EX,6.2494,6.31,3,0.363585
audio11.TextGrid,32,9,was,141.760,141.910,VBD,4.5489,6.82,3,-1.923357
audio11.TextGrid,32,10,no,141.910,142.060,DT,6.2580,6.35,2,1.167993
audio11.TextGrid,32,11,scattering,142.060,142.530,NN,4.3302,3.4,7,-2.480560
audio11.TextGrid,32,12,of,142.530,142.600,IN,3.1327,7.4,2,-0.740338
audio11.TextGrid,32,13,bait,142.600,142.890,NN,5.7919,3.85,3,-2.816488
audio11.TextGrid,32,14,fish,142.890,143.190,NN,5.2201,4.9,3,-2.633091
audio11.TextGrid,33,1,but,143.850,143.970,CC,5.3198,6.63,3,-0.335859
audio11.TextGrid,33,2,as,143.970,144.140,IN,5.3266,6.77,2,0.723381
audio11.TextGrid,33,3,the,144.140,144.240,DT,2.4350,7.73,2,-1.055561
audio11.TextGrid,33,4,old,144.240,144.490,JJ,7.3433,5.75,3,0.101460
audio11.TextGrid,33,5,man,144.490,144.730,NN,7.7156,5.82,3,0.524107
audio11.TextGrid,33,6,watched,144.730,145.180,VBD,10.6978,4.72,4,2.664955
audio11.TextGrid,33,7,a,145.520,145.600,DT,3.8978,7.36,1,1.189620
audio11.TextGrid,33,8,small,145.600,145.900,JJ,6.8901,5.51,4,-0.921977
audio11.TextGrid,33,9,tuna,145.900,146.320,NN,3.9798,3.64,4,-4.354855
audio11.TextGrid,33,10,rose,146.320,146.650,VBD,7.5191,4.82,3,-0.391629
audio11.TextGrid,33,11,in,146.650,146.740,IN,3.6815,7.27,2,-0.342210
audio11.TextGrid,33,12,the,146.740,146.950,DT,1.7628,7.73,2,-1.727761
audio11.TextGrid,33,13,air,146.950,147.200,NN,8.6949,5.37,2,1.515801
audio11.TextGrid,33,14,turned,147.200,147.790,VBD,9.5573,5.09,4,1.627852
audio11.TextGrid,33,15,and,147.790,147.940,CC,3.9280,7.41,2,0.066553
audio11.TextGrid,33,16,dropped,147.940,148.240,VBD,7.3645,4.73,5,-0.720141
audio11.TextGrid,33,17,head,148.240,148.430,NN,9.8313,5.51,3,2.416843
audio11.TextGrid,33,18,first,148.430,148.750,RB,6.9673,6.11,4,-0.677105
audio11.TextGrid,33,19,into,148.750,148.910,IN,7.0972,6.11,4,0.406048
audio11.TextGrid,33,20,the,148.910,148.980,DT,1.7056,7.73,2,-1.784961
audio11.TextGrid,33,21,water,148.980,149.440,NN,8.3719,5.52,4,0.562617
audio11.TextGrid,33,22,the,150.130,150.220,DT,3.7777,7.73,2,0.287139
audio11.TextGrid,33,23,tuna,150.220,150.500,NN,4.1431,3.64,4,-4.191555
audio11.TextGrid,33,24,shone,150.500,150.830,NN,5.3638,3.23,3,-3.690515
audio11.TextGrid,33,25,silver,150.830,151.280,NN,10.4837,4.81,5,2.386233
audio11.TextGrid,33,26,in,151.280,151.360,IN,3.3265,7.27,2,-0.697210
audio11.TextGrid,33,27,the,151.360,151.440,DT,1.7076,7.73,2,-1.782961
audio11.TextGrid,33,28,sun,151.440,151.880,NN,10.3503,4.97,3,2.547456
audio11.TextGrid,34,1,and,152.360,152.500,CC,3.7036,7.41,3,-1.391055
audio11.TextGrid,34,2,after,152.500,152.770,IN,7.3330,6.11,4,0.641848
audio11.TextGrid,34,3,he,152.770,152.830,PRP,4.7283,6.69,2,0.032359
audio11.TextGrid,34,4,had,152.830,152.940,VBD,5.3508,6.33,3,-1.473883
audio11.TextGrid,34,5,dropped,152.940,153.220,VBN,8.7993,4.73,5,0.714659
audio11.TextGrid,34,6,back,153.220,153.430,RB,7.0207,6.04,3,-0.012561
audio11.TextGrid,34,7,into,153.430,153.600,IN,6.4139,6.11,4,-0.277252
audio11.TextGrid,34,8,the,153.600,153.680,DT,1.7075,7.73,2,-1.783061
audio11.TextGrid,34,9,water,153.680,154.040,NN,8.3738,5.52,4,0.564517
audio11.TextGrid,34,10,another,154.040,154.440,DT,8.2664,5.74,5,0.973079
audio11.TextGrid,34,11,and,154.440,154.590,CC,3.3901,7.41,3,-1.704555
audio11.TextGrid,34,12,another,154.590,154.980,DT,6.8263,5.74,5,-0.467021
audio11.TextGrid,34,13,rose,154.980,155.370,VBD,9.8178,4.82,3,1.907071
audio11.TextGrid,34,14,and,155.710,155.790,CC,3.9334,7.41,2,0.071953
audio11.TextGrid,34,15,they,155.790,155.870,PRP,6.2547,6.5,2,1.338545
audio11.TextGrid,34,16,were,155.870,156.000,VBD,5.2014,6.34,2,-0.853450
audio11.TextGrid,34,17,jumping,156.000,156.390,VBG,11.1720,4.23,6,3.332825
audio11.TextGrid,34,18,in,156.390,156.470,IN,3.4472,7.27,2,-0.576510
audio11.TextGrid,34,19,all,156.470,156.620,DT,5.4649,6.52,2,0.571926
audio11.TextGrid,34,20,directions,156.620,157.400,NNS,6.5496,4.23,9,-0.793670
audio11.TextGrid,34,21,churning,157.400,157.820,VBG,7.7834,3.12,5,-0.043110
audio11.TextGrid,34,22,the,157.820,157.880,DT,2.2412,7.73,2,-1.249361
audio11.TextGrid,34,23,water,157.880,158.280,NN,8.3731,5.52,4,0.563817
audio11.TextGrid,34,24,and,158.280,158.430,CC,4.0718,7.41,3,-1.022855
audio11.TextGrid,34,25,leaping,158.430,158.770,NN,5.5984,3.23,5,-2.245746
audio11.TextGrid,34,26,in,158.770,158.850,IN,3.6095,7.27,2,-0.414210
audio11.TextGrid,34,27,long,158.850,159.190,JJ,8.0655,5.81,3,0.866814
audio11.TextGrid,34,28,jumps,159.190,159.560,NNS,9.9551,3.86,5,2.009946
audio11.TextGrid,34,29,after,159.560,159.790,IN,6.0892,6.11,4,-0.601952
audio11.TextGrid,34,30,the,159.790,159.880,DT,1.7034,7.73,2,-1.787161
audio11.TextGrid,34,31,bait,159.880,160.230,NN,4.1364,3.85,3,-4.471988
audio11.TextGrid,35,1,they,161.040,161.130,PRP,4.6769,6.5,2,-0.239255
audio11.TextGrid,35,2,were,161.130,161.280,VBD,4.5379,6.34,2,-1.516950
audio11.TextGrid,35,3,circling,161.280,161.750,VBG,7.5415,3.33,6,0.242427
audio11.TextGrid,35,4,it,161.750,161.930,PRP,4.3468,6.95,2,-0.047796
audio11.TextGrid,35,5,and,161.930,162.040,CC,4.4745,7.41,2,0.613053
audio11.TextGrid,35,6,driving,162.040,162.490,VBG,10.0196,4.9,6,1.778350
audio11.TextGrid,35,7,it,162.490,162.660,PRP,4.4373,6.95,2,0.042704
audio11.TextGrid,36,1,if,164.270,164.390,IN,6.7770,6.47,2,1.826075
audio11.TextGrid,36,2,they,164.390,164.500,PRP,4.6467,6.5,2,-0.269455
audio11.TextGrid,36,3,don,164.500,164.680,VBP,11.5770,4.6,3,3.508039
audio11.TextGrid,36,4,t,164.680,164.740,JJ,4.7413,5.43,1,-2.005819
audio11.TextGrid,36,5,travel,164.740,165.000,NN,9.2473,5.0,6,0.946039
audio11.TextGrid,36,6,too,165.000,165.220,RB,7.8273,5.95,2,1.320432
audio11.TextGrid,36,7,fast,165.220,165.690,JJ,9.5597,5.13,4,1.641431
audio11.TextGrid,36,8,i,165.690,165.790,NN,7.4645,7.09,1,3.371391
audio11.TextGrid,36,9,will,165.790,165.940,MD,5.0716,6.45,3,-0.713522
audio11.TextGrid,36,10,get,165.940,166.140,VB,5.7584,6.28,3,-1.102245
audio11.TextGrid,36,11,into,166.140,166.340,IN,6.7063,6.11,4,0.015148
audio11.TextGrid,36,12,them,166.340,166.550,PRP,5.9259,6.19,3,-0.046223
audio11.TextGrid,36,13,the,166.550,166.650,DT,3.5563,7.73,2,0.065739
audio11.TextGrid,36,14,old,166.650,166.870,JJ,7.3428,5.75,3,0.100960
audio11.TextGrid,36,15,man,166.870,167.100,NN,7.6961,5.82,3,0.504607
audio11.TextGrid,36,16,thought,167.100,167.440,VBD,8.7536,5.59,3,1.396682
audio11.TextGrid,37,1,and,167.960,168.050,CC,3.7036,7.41,2,-0.157847
audio11.TextGrid,37,2,he,168.050,168.120,PRP,4.7461,6.69,2,0.050159
audio11.TextGrid,37,3,watched,168.120,168.510,VBD,9.9510,4.72,4,1.918155
audio11.TextGrid,37,4,the,168.510,168.610,DT,3.0236,7.73,2,-0.466961
audio11.TextGrid,37,5,school,168.610,169.020,NN,6.8993,5.71,4,-0.856886
audio11.TextGrid,37,6,working,169.020,169.410,VBG,9.0164,5.45,5,0.816322
audio11.TextGrid,37,7,the,169.410,169.470,DT,2.7521,7.73,2,-0.738461
audio11.TextGrid,37,8,water,169.470,169.790,NN,8.3747,5.52,4,0.565417
audio11.TextGrid,37,9,white,169.790,170.220,JJ,8.9132,5.51,3,1.498743
audio11.TextGrid,37,10,and,170.590,170.660,CC,3.9055,7.41,2,0.044053
audio11.TextGrid,37,11,the,170.660,170.750,DT,2.2654,7.73,2,-1.225161
audio11.TextGrid,37,12,bird,170.750,171.140,NN,4.1379,4.63,3,-3.909484
audio11.TextGrid,37,13,now,171.140,171.360,RB,7.4000,6.18,2,1.159707
audio11.TextGrid,37,14,dropping,171.360,171.840,VBG,7.5548,4.33,6,-0.344386
audio11.TextGrid,37,15,and,171.840,171.920,CC,4.0794,7.41,2,0.217953
audio11.TextGrid,37,16,dipping,171.920,172.340,VBG,6.9144,3.48,5,-0.969829
audio11.TextGrid,37,17,into,172.340,172.490,IN,6.4813,6.11,4,-0.209852
audio11.TextGrid,37,18,the,172.490,172.580,DT,1.7021,7.73,2,-1.788461
audio11.TextGrid,37,19,bait,172.580,172.840,NN,4.1383,3.85,3,-4.470088
audio11.TextGrid,37,20,fish,172.840,173.090,NN,5.4006,4.9,3,-2.452591
audio11.TextGrid,37,21,that,173.090,173.250,WDT,4.0559,7.01,3,-1.326450
audio11.TextGrid,37,22,were,173.250,173.340,VBD,6.6939,6.34,2,0.639050
audio11.TextGrid,37,23,forced,173.340,173.650,VBN,9.2563,4.83,5,1.155626
audio11.TextGrid,37,24,to,173.650,173.740,TO,2.8073,7.43,2,-1.030967
audio11.TextGrid,37,25,the,173.740,173.850,DT,2.4603,7.73,2,-1.030261
audio11.TextGrid,37,26,surface,173.850,174.260,NN,4.1360,4.83,5,-3.964674
audio11.TextGrid,37,27,in,174.260,174.350,IN,3.2187,7.27,2,-0.805010
audio11.TextGrid,37,28,their,174.350,174.480,PRP$,4.9345,6.33,3,-0.936930
audio11.TextGrid,37,29,panic,174.480,174.990,NN,9.6619,4.26,5,1.652614
audio12.TextGrid,1,1,the,1.220,1.310,DT,1.8241,7.73,2,-1.666461
audio12.TextGrid,1,2,bird,1.310,1.630,NN,4.1358,4.63,3,-3.911584
audio12.TextGrid,1,3,is,1.630,1.730,VBZ,3.6170,7.07,2,-1.591766
audio12.TextGrid,1,4,a,1.730,1.800,DT,3.5077,7.36,1,0.799520
audio12.TextGrid,1,5,great,1.800,2.100,JJ,7.7282,5.88,4,0.019521
audio12.TextGrid,1,6,help,2.100,2.460,NN,8.6447,5.75,4,0.899692
audio12.TextGrid,1,7,the,2.790,2.920,DT,3.3167,7.73,2,-0.173861
audio12.TextGrid,1,8,old,2.920,3.120,JJ,7.3361,5.75,3,0.094260
audio12.TextGrid,1,9,man,3.120,3.390,NN,7.6945,5.82,3,0.503007
audio12.TextGrid,1,10,said,3.390,3.750,VBD,4.9432,6.01,3,-2.111638
audio12.TextGrid,2,1,just,4.710,4.930,RB,7.1407,6.43,3,0.387941
audio12.TextGrid,2,2,then,4.930,5.180,RB,6.6148,6.07,3,-0.396884
audio12.TextGrid,2,3,the,5.180,5.300,DT,3.1369,7.73,2,-0.353661
audio12.TextGrid,2,4,stern,5.300,5.670,JJ,11.0960,3.9,4,2.834003
audio12.TextGrid,2,5,line,5.670,5.930,NN,8.6830,5.49,3,1.254159
audio12.TextGrid,2,6,came,5.930,6.200,VBD,7.4379,5.5,3,0.016251
audio12.TextGrid,2,7,taut,6.200,6.550,JJ,5.8346,2.91,3,-3.449870
audio12.TextGrid,2,8,under,6.550,6.760,IN,7.1654,5.73,4,0.368055
audio12.TextGrid,2,9,his,6.760,6.950,PRP$,5.3079,6.51,3,-0.434068
audio12.TextGrid,2,10,foot,6.950,7.250,NN,9.5651,4.87,3,1.690332
audio12.TextGrid,2,11,where,7.480,7.720,WRB,7.7004,6.0,4,0.978508
audio12.TextGrid,2,12,he,7.720,7.850,PRP,4.6698,6.69,2,-0.026141
audio12.TextGrid,2,13,had,7.850,7.970,VBD,4.7249,6.33,3,-2.099783
audio12.TextGrid,2,14,kept,7.970,8.130,VBN,9.3841,5.0,4,1.429502
audio12.TextGrid,2,15,a,8.130,8.180,DT,3.5227,7.36,1,0.814520
audio12.TextGrid,2,16,loop,8.180,8.400,NN,4.1434,4.29,3,-4.148525
audio12.TextGrid,2,17,of,8.400,8.480,IN,2.9415,7.4,2,-0.931538
audio12.TextGrid,2,18,the,8.480,8.570,DT,1.6974,7.73,2,-1.793161
audio12.TextGrid,2,19,line,8.570,8.990,NN,7.6700,5.49,3,0.241159
audio12.TextGrid,2,20,and,9.240,9.360,CC,4.1787,7.41,2,0.317253
audio12.TextGrid,2,21,he,9.360,9.450,PRP,5.0492,6.69,2,0.353259
audio12.TextGrid,2,22,dropped,9.450,9.740,VBD,7.8381,4.73,5,-0.246541
audio12.TextGrid,2,23,his,9.740,9.880,PRP$,6.0811,6.51,3,0.339132
audio12.TextGrid,2,24,oars,9.880,10.260,NNS,5.5719,3.01,3,-3.640647
audio12.TextGrid,2,25,and,10.260,10.410,CC,4.2305,7.41,3,-0.864155
audio12.TextGrid,2,26,felt,10.410,10.650,VBD,9.6402,5.13,4,1.721931
audio12.TextGrid,2,27,tile,10.650,10.750,JJ,5.8793,3.72,3,-2.822589
audio12.TextGrid,2,28,weight,10.750,10.970,NN,11.3096,5.02,3,3.542718
audio12.TextGrid,2,29,of,10.970,11.060,IN,3.1599,7.4,2,-0.713138
audio12.TextGrid,2,30,the,11.060,11.150,DT,1.6993,7.73,2,-1.791261
audio12.TextGrid,2,31,small,11.150,11.480,JJ,6.8953,5.51,4,-0.916777
audio12.TextGrid,2,32,tuna,11.480,11.830,NN,3.9927,3.64,4,-4.341955
audio12.TextGrid,2,33,s,11.830,11.880,NN,5.8114,5.86,1,-0.248235
audio12.TextGrid,2,34,shivering,11.880,12.350,VBG,7.7149,3.14,6,0.529848
audio12.TextGrid,2,35,pull,12.350,12.800,NN,11.6480,4.82,3,3.737271
audio12.TextGrid,2,36,as,12.800,12.890,IN,5.0116,6.77,2,0.408381
audio12.TextGrid,2,37,he,12.890,13.010,PRP,4.6742,6.69,2,-0.021741
audio12.TextGrid,2,38,held,13.010,13.200,VBD,8.4045,5.24,4,0.516970
audio12.TextGrid,2,39,the,13.200,13.280,DT,2.9756,7.73,2,-0.514961
audio12.TextGrid,2,40,line,13.280,13.570,NN,7.6811,5.49,3,0.252259
audio12.TextGrid,2,41,firm,13.570,13.950,NN,7.8211,4.79,3,-0.111206
audio12.TextGrid,2,42,and,13.950,14.070,CC,4.0435,7.41,3,-1.051155
audio12.TextGrid,2,43,commenced,14.070,14.460,VBD,4.6602,3.78,7,-2.545720
audio12.TextGrid,2,44,to,14.460,14.560,TO,3.3085,7.43,2,-0.529767
audio12.TextGrid,2,45,haul,14.560,14.790,VB,12.2799,3.88,3,3.693089
audio12.TextGrid,2,46,it,14.790,14.870,PRP,5.9636,6.95,2,1.569004
audio12.TextGrid,3,1,in,14.870,15.170,IN,4.1039,7.27,2,0.080190
audio12.TextGrid,3,2,the,16.480,16.580,DT,1.7509,7.73,2,-1.739661
audio12.TextGrid,3,3,shivering,16.580,16.990,NN,4.1397,3.14,6,-3.045352
audio12.TextGrid,3,4,increased,16.990,17.460,VBD,8.4684,4.91,7,0.087398
audio12.TextGrid,3,5,as,17.460,17.580,IN,4.5164,6.77,2,-0.086819
audio12.TextGrid,3,6,he,17.580,17.670,PRP,4.5582,6.69,2,-0.137741
audio12.TextGrid,3,7,pulled,17.670,18.030,VBD,11.4849,4.67,4,3.438082
audio12.TextGrid,3,8,in,18.030,18.190,IN,3.6746,7.27,2,-0.349110
audio12.TextGrid,3,9,and,18.190,18.310,CC,4.8786,7.41,3,-0.216055
audio12.TextGrid,3,10,he,18.620,18.750,PRP,5.0955,6.69,2,0.399559
audio12.TextGrid,3,11,could,18.750,18.910,MD,5.0570,6.06,3,-1.008624
audio12.TextGrid,3,12,see,18.910,19.090,VB,6.2360,6.1,2,-0.097015
audio12.TextGrid,3,13,the,19.090,19.190,DT,2.3089,7.73,2,-1.181661
audio12.TextGrid,3,14,blue,19.190,19.460,JJ,8.9791,5.13,3,1.291334
audio12.TextGrid,3,15,back,19.460,19.760,NN,8.8914,6.04,3,1.858139
audio12.TextGrid,3,16,of,19.760,19.840,IN,3.1908,7.4,2,-0.682238
audio12.TextGrid,3,17,the,19.840,19.950,DT,1.7177,7.73,2,-1.772861
audio12.TextGrid,3,18,fish,19.950,20.200,NN,4.1390,4.9,3,-3.714191
audio12.TextGrid,3,19,in,20.200,20.280,IN,3.3376,7.27,2,-0.686110
audio12.TextGrid,3,20,the,20.280,20.340,DT,1.7040,7.73,2,-1.786561
audio12.TextGrid,3,21,water,20.340,20.770,NN,8.3724,5.52,4,0.563117
audio12.TextGrid,3,22,and,20.770,20.860,CC,3.8071,7.41,2,-0.054347
audio12.TextGrid,3,23,the,20.860,20.940,DT,2.1527,7.73,2,-1.337861
audio12.TextGrid,3,24,gold,20.940,21.300,NN,7.9449,5.17,4,0.037809
audio12.TextGrid,3,25,of,21.300,21.410,IN,3.3872,7.4,2,-0.485838
audio12.TextGrid,3,26,his,21.410,21.560,PRP$,5.3078,6.51,3,-0.434168
audio12.TextGrid,3,27,sides,21.560,22.090,NNS,8.1146,4.73,4,0.084549
audio12.TextGrid,3,28,before,22.090,22.430,IN,6.7611,5.93,5,-0.562683
audio12.TextGrid,3,29,he,22.430,22.550,PRP,4.4922,6.69,2,-0.203741
audio12.TextGrid,3,30,swung,22.550,22.910,VBD,4.3276,3.47,4,-4.054562
audio12.TextGrid,3,31,him,22.910,23.020,PRP,8.0993,6.11,2,2.731128
audio12.TextGrid,3,32,over,23.020,23.200,IN,6.1955,6.08,3,0.144261
audio12.TextGrid,3,33,the,23.200,23.300,DT,1.7407,7.73,2,-1.749861
audio12.TextGrid,3,34,side,23.300,23.700,NN,8.0391,5.5,3,0.617451
audio12.TextGrid,3,35,and,23.700,23.870,CC,4.0061,7.41,3,-1.088555
audio12.TextGrid,3,36,into,23.870,24.090,IN,7.2725,6.11,4,0.581348
audio12.TextGrid,3,37,the,24.090,24.170,DT,1.7861,7.73,2,-1.704461
audio12.TextGrid,3,38,boat,24.170,24.590,NN,4.1389,4.71,3,-3.850945
audio12.TextGrid,4,1,he,25.380,25.500,PRP,4.5353,6.69,2,-0.160641
audio12.TextGrid,4,2,lay,25.500,25.670,VBD,9.8211,4.64,2,1.795918
audio12.TextGrid,4,3,in,25.670,25.800,IN,3.7053,7.27,2,-0.318410
audio12.TextGrid,4,4,the,25.800,25.880,DT,1.7651,7.73,2,-1.725461
audio12.TextGrid,4,5,stern,25.880,26.320,NN,11.0494,3.9,4,2.787403
audio12.TextGrid,4,6,in,26.320,26.440,IN,4.2871,7.27,2,0.263390
audio12.TextGrid,4,7,the,26.440,26.520,DT,1.7004,7.73,2,-1.790161
audio12.TextGrid,4,8,sun,26.520,26.890,NN,10.3510,4.97,3,2.548156
audio12.TextGrid,4,9,compact,27.120,27.670,NN,5.1724,4.06,7,-2.324691
audio12.TextGrid,4,10,and,27.670,27.750,CC,4.4331,7.41,2,0.571653
audio12.TextGrid,4,11,bullet,27.750,28.140,NN,5.3026,4.24,5,-2.703479
audio12.TextGrid,4,12,shaped,28.140,28.580,VBD,5.2984,4.38,4,-2.829459
audio12.TextGrid,4,13,his,28.890,29.070,PRP$,6.0688,6.51,3,0.326832
audio12.TextGrid,4,14,big,29.070,29.390,JJ,6.6809,5.67,3,-0.618479
audio12.TextGrid,4,15,unintelligent,29.390,30.090,JJ,5.2117,2.49,12,3.999862
audio12.TextGrid,4,16,eyes,30.090,30.450,NNS,10.3573,5.21,2,2.992758
audio12.TextGrid,4,17,staring,30.450,30.970,VBG,7.4673,4.14,6,-0.317864
audio12.TextGrid,4,18,as,30.970,31.120,IN,4.8319,6.77,2,0.228681
audio12.TextGrid,4,19,he,31.120,31.240,PRP,4.5762,6.69,2,-0.119741
audio12.TextGrid,4,20,thumped,31.240,31.570,VBD,5.0923,2.42,5,-2.621979
audio12.TextGrid,4,21,his,31.570,31.730,PRP$,6.0561,6.51,3,0.314132
audio12.TextGrid,4,22,life,31.730,32.000,NN,7.5798,5.89,3,0.438653
audio12.TextGrid,4,23,out,32.000,32.190,RP,6.8936,6.38,2,1.838363
audio12.TextGrid,4,24,against,32.190,32.480,IN,7.6937,5.68,6,-0.062385
audio12.TextGrid,4,25,the,32.480,32.570,DT,1.7146,7.73,2,-1.775961
audio12.TextGrid,4,26,planking,32.570,33.000,NN,4.1392,2.5,7,-1.735655
audio12.TextGrid,4,27,of,33.000,33.080,IN,3.1059,7.4,2,-0.767138
audio12.TextGrid,4,28,the,33.080,33.170,DT,1.6988,7.73,2,-1.791761
audio12.TextGrid,4,29,boat,33.170,33.530,NN,4.1369,4.71,3,-3.852945
audio12.TextGrid,4,30,with,33.530,33.670,IN,4.8131,6.85,3,-0.684327
audio12.TextGrid,4,31,the,33.670,33.740,DT,1.6955,7.73,2,-1.795061
audio12.TextGrid,4,32,quick,33.740,34.010,JJ,9.6247,4.98,4,1.664513
audio12.TextGrid,4,33,shivering,34.010,34.430,NN,3.9923,3.14,6,-3.192752
audio12.TextGrid,4,34,strokes,34.430,34.840,NNS,7.1840,3.75,6,-0.367121
audio12.TextGrid,4,35,of,34.840,34.930,IN,2.8663,7.4,2,-1.006738
audio12.TextGrid,4,36,his,34.930,35.130,PRP$,5.3062,6.51,3,-0.435768
audio12.TextGrid,4,37,neat,35.130,35.390,NN,10.7484,3.99,3,2.240705
audio12.TextGrid,4,38,fast,35.390,35.720,RB,11.0631,5.13,4,3.144831
audio12.TextGrid,4,39,moving,35.720,36.070,VBG,10.6930,5.02,5,2.561864
audio12.TextGrid,4,40,tail,36.070,36.490,NN,4.7350,4.34,3,-3.520963
audio12.TextGrid,5,1,the,37.660,37.770,DT,1.8241,7.73,2,-1.666461
audio12.TextGrid,5,2,old,37.770,37.950,JJ,7.3292,5.75,3,0.087360
audio12.TextGrid,5,3,man,37.950,38.200,NN,7.6921,5.82,3,0.500607
audio12.TextGrid,5,4,hit,38.200,38.360,VBD,7.8311,5.37,3,0.315950
audio12.TextGrid,5,5,him,38.360,38.450,PRP,8.2822,6.11,2,2.914028
audio12.TextGrid,5,6,on,38.450,38.550,IN,4.4599,6.91,2,0.018943
audio12.TextGrid,5,7,the,38.550,38.650,DT,1.6980,7.73,2,-1.792561
audio12.TextGrid,5,8,head,38.650,38.890,NN,7.8732,5.51,3,0.458743
audio12.TextGrid,5,9,for,38.890,38.980,IN,4.2468,7.01,2,-0.078255
audio12.TextGrid,5,10,kindness,38.980,39.590,NN,11.8913,4.0,7,4.456603
audio12.TextGrid,5,11,and,39.910,40.000,CC,4.3743,7.41,2,0.512853
audio12.TextGrid,5,12,kicked,40.000,40.330,VBD,11.5238,4.38,4,3.395941
audio12.TextGrid,5,13,him,40.330,40.570,PRP,8.5314,6.11,3,2.501738
audio12.TextGrid,5,14,his,40.970,41.150,PRP$,7.4478,6.51,3,1.705832
audio12.TextGrid,5,15,body,41.150,41.500,NN,9.6634,5.4,4,1.820583
audio12.TextGrid,5,16,still,41.500,41.780,RB,7.6250,5.92,4,-0.072501
audio12.TextGrid,5,17,shuddering,41.780,42.330,VBG,7.5213,2.62,6,0.648306
audio12.TextGrid,5,18,under,42.510,42.710,IN,6.6117,5.73,4,-0.185645
audio12.TextGrid,5,19,the,42.710,42.810,DT,1.7014,7.73,2,-1.789161
audio12.TextGrid,5,20,shade,42.810,43.100,NN,4.1380,4.16,3,-4.247425
audio12.TextGrid,5,21,of,43.100,43.180,IN,3.0613,7.4,2,-0.811738
audio12.TextGrid,5,22,the,43.180,43.270,DT,1.6970,7.73,2,-1.793561
audio12.TextGrid,5,23,stern,43.270,43.780,NN,11.0447,3.9,4,2.782703
audio12.TextGrid,6,1,albacore,45.520,46.200,NN,5.9246,2.23,7,0.330517
audio12.TextGrid,6,2,he,46.520,46.640,PRP,7.2668,6.69,2,2.570859
audio12.TextGrid,6,3,said,46.640,46.830,VBD,3.5781,6.01,3,-3.476738
audio12.TextGrid,6,4,aloud,46.830,47.210,NN,6.5387,3.51,4,-1.832284
audio12.TextGrid,7,1,he,47.210,47.270,PRP,4.5353,6.69,2,-0.160641
audio12.TextGrid,7,2,ll,47.820,47.930,VBD,3.3819,4.66,2,-4.620102
audio12.TextGrid,7,3,make,47.930,48.130,VB,7.1053,6.08,3,0.100808
audio12.TextGrid,7,4,a,48.130,48.180,DT,3.1839,7.36,1,0.475720
audio12.TextGrid,7,5,beautiful,48.180,48.610,JJ,9.3404,5.22,8,0.366947
audio12.TextGrid,7,6,bait,48.610,49.020,NN,3.9927,3.85,3,-4.615688
audio12.TextGrid,8,1,he,49.480,49.570,PRP,4.5353,6.69,2,-0.160641
audio12.TextGrid,8,2,ll,49.570,49.600,VBZ,3.3590,4.66,1,-4.619197
audio12.TextGrid,8,3,weigh,49.600,49.810,JJ,10.1565,3.99,2,1.377955
audio12.TextGrid,8,4,ten,49.810,50.100,CD,11.4848,5.05,3,4.692748
audio12.TextGrid,8,5,pounds,50.100,50.720,NNS,9.5342,4.53,5,1.481625
audio12.TextGrid,9,1,he,53.260,53.380,PRP,4.5353,6.69,2,-0.160641
audio12.TextGrid,9,2,did,53.380,53.500,VBD,5.6940,5.96,3,-1.396800
audio12.TextGrid,9,3,not,53.500,53.700,RB,5.4771,6.69,3,-1.088658
audio12.TextGrid,9,4,remember,53.700,54.060,VB,10.3731,5.38,7,1.503347
audio12.TextGrid,9,5,when,54.060,54.420,WRB,6.7277,6.37,3,0.885039
audio12.TextGrid,9,6,he,54.420,54.580,PRP,4.7280,6.69,2,0.032059
audio12.TextGrid,9,7,had,54.580,54.750,VBD,4.7251,6.33,3,-2.099583
audio12.TextGrid,9,8,first,54.750,55.150,RB,6.6857,6.11,4,-0.958705
audio12.TextGrid,9,9,started,55.150,55.560,VBN,9.6820,5.39,7,0.801848
audio12.TextGrid,9,10,to,55.560,55.640,TO,3.0758,7.43,2,-0.762467
audio12.TextGrid,9,11,talk,55.640,55.920,VB,8.2780,5.42,3,0.798812
audio12.TextGrid,9,12,aloud,55.920,56.430,NN,6.3610,3.51,4,-2.009984
audio12.TextGrid,9,13,when,56.430,56.580,WRB,6.3092,6.37,3,0.466539
audio12.TextGrid,9,14,he,56.580,56.670,PRP,4.6788,6.69,2,-0.017141
audio12.TextGrid,9,15,was,56.670,56.830,VBD,3.9209,6.82,3,-2.551357
audio12.TextGrid,9,16,by,56.830,57.040,IN,5.0213,6.66,2,0.290589
audio12.TextGrid,9,17,himself,57.040,57.540,PRP,8.0107,5.25,7,0.229386
audio12.TextGrid,10,1,he,58.260,58.380,PRP,4.5353,6.69,2,-0.160641
audio12.TextGrid,10,2,had,58.380,58.520,VBD,4.7197,6.33,3,-2.104983
audio12.TextGrid,10,3,sung,58.520,58.890,NN,6.5519,3.91,3,-2.013334
audio12.TextGrid,10,4,when,58.890,59.030,WRB,6.6985,6.37,3,0.855839
audio12.TextGrid,10,5,he,59.030,59.120,PRP,4.6839,6.69,2,-0.012041
audio12.TextGrid,10,6,was,59.120,59.270,VBD,3.9210,6.82,3,-2.551257
audio12.TextGrid,10,7,by,59.270,59.470,IN,5.0287,6.66,2,0.297989
audio12.TextGrid,10,8,himself,59.470,59.900,PRP,8.0094,5.25,7,0.228086
audio12.TextGrid,10,9,in,59.900,59.970,IN,2.8986,7.27,2,-1.125110
audio12.TextGrid,10,10,the,59.970,60.090,DT,1.6972,7.73,2,-1.793361
audio12.TextGrid,10,11,old,60.090,60.280,JJ,7.3292,5.75,3,0.087360
audio12.TextGrid,10,12,days,60.280,60.690,NNS,6.5959,5.61,3,-0.746633
audio12.TextGrid,10,13,and,60.690,60.800,CC,4.1591,7.41,2,0.297653
audio12.TextGrid,10,14,he,60.800,60.880,PRP,5.0224,6.69,2,0.326459
audio12.TextGrid,10,15,had,60.880,61.010,VBD,5.2058,6.33,3,-1.618883
audio12.TextGrid,10,16,sung,61.010,61.250,VBN,6.3361,3.91,3,-2.229134
audio12.TextGrid,10,17,at,61.250,61.400,IN,4.1075,6.7,2,-0.576851
audio12.TextGrid,10,18,night,61.400,61.660,NN,9.7961,5.61,3,2.453567
audio12.TextGrid,10,19,sometimes,61.660,62.300,RB,9.2756,5.28,7,0.509837
audio12.TextGrid,10,20,when,62.300,62.410,WRB,6.7796,6.37,3,0.936939
audio12.TextGrid,10,21,he,62.410,62.500,PRP,4.7087,6.69,2,0.012759
audio12.TextGrid,10,22,was,62.500,62.650,VBD,3.9198,6.82,3,-2.552457
audio12.TextGrid,10,23,alone,62.650,63.060,RB,8.5847,5.16,4,0.674814
audio12.TextGrid,10,24,steering,63.060,63.540,VBG,7.2154,3.93,6,-0.443741
audio12.TextGrid,10,25,on,63.540,63.700,IN,4.5931,6.91,2,0.152143
audio12.TextGrid,10,26,his,63.700,63.920,PRP$,5.3401,6.51,3,-0.401868
audio12.TextGrid,10,27,watch,63.920,64.300,NN,8.9644,5.34,3,1.427673
audio12.TextGrid,10,28,in,64.300,64.370,IN,3.2582,7.27,2,-0.765510
audio12.TextGrid,10,29,the,64.370,64.470,DT,1.7042,7.73,2,-1.786361
audio12.TextGrid,10,30,smacks,64.470,65.000,NNS,6.4483,3.03,5,-1.363781
audio12.TextGrid,10,31,or,65.000,65.120,CC,5.5723,6.54,2,0.702506
audio12.TextGrid,10,32,in,65.120,65.180,IN,3.9238,7.27,2,-0.099910
audio12.TextGrid,10,33,the,65.180,65.270,DT,1.8302,7.73,2,-1.660361
audio12.TextGrid,10,34,turtle,65.270,65.560,NN,4.1380,3.91,5,-3.815170
audio12.TextGrid,10,35,boats,65.560,66.000,NNS,6.6377,4.25,4,-1.526488
audio12.TextGrid,11,1,he,67.340,67.420,PRP,4.5353,6.69,2,-0.160641
audio12.TextGrid,11,2,had,67.420,67.540,VBD,4.7197,6.33,3,-2.104983
audio12.TextGrid,11,3,probably,67.540,68.010,RB,7.7129,5.37,8,-1.482505
audio12.TextGrid,11,4,started,68.010,68.380,VBN,8.5288,5.39,7,-0.351352
audio12.TextGrid,11,5,to,68.380,68.460,TO,3.1142,7.43,2,-0.724067
audio12.TextGrid,11,6,talk,68.460,68.800,VB,8.2640,5.42,3,0.784812
audio12.TextGrid,11,7,aloud,68.800,69.290,JJ,5.7581,3.51,4,-2.612884
audio12.TextGrid,11,8,when,69.290,69.400,WRB,7.1948,6.37,3,1.352139
audio12.TextGrid,11,9,alone,69.400,69.790,RB,8.9626,5.16,4,1.052714
audio12.TextGrid,11,10,when,69.830,69.980,WRB,7.3328,6.37,3,1.490139
audio12.TextGrid,11,11,the,69.980,70.050,DT,2.0813,7.73,2,-1.409261
audio12.TextGrid,11,12,boy,70.050,70.320,NN,10.2358,5.17,2,2.824898
audio12.TextGrid,11,13,had,70.320,70.490,VBD,4.9878,6.33,3,-1.836883
audio12.TextGrid,11,14,left,70.490,70.880,VBN,9.0187,5.62,4,1.237363
audio12.TextGrid,12,1,but,71.500,71.630,CC,5.3198,6.63,3,-0.335859
audio12.TextGrid,12,2,he,71.630,71.720,PRP,4.7447,6.69,2,0.048759
audio12.TextGrid,12,3,did,71.720,71.870,VBD,5.6615,5.96,3,-1.429300
audio12.TextGrid,12,4,not,71.870,72.080,RB,5.4721,6.69,3,-1.093658
audio12.TextGrid,12,5,remember,72.080,72.590,VB,10.3673,5.38,7,1.497547
audio12.TextGrid,13,1,when,73.340,73.480,WRB,6.5749,6.37,3,0.732239
audio12.TextGrid,13,2,he,73.480,73.660,PRP,4.6921,6.69,2,-0.003841
audio12.TextGrid,13,3,and,73.660,73.740,CC,4.6779,7.41,2,0.816453
audio12.TextGrid,13,4,the,73.740,73.810,DT,2.0109,7.73,2,-1.479661
audio12.TextGrid,13,5,boy,73.810,74.080,NN,10.2361,5.17,2,2.825198
audio12.TextGrid,13,6,fished,74.080,74.360,VBN,5.3226,3.08,4,-3.168549
audio12.TextGrid,13,7,together,74.360,74.770,RB,7.9655,5.46,6,-0.611813
audio12.TextGrid,13,8,they,74.770,74.900,PRP,5.5484,6.5,2,0.632245
audio12.TextGrid,13,9,usually,74.900,75.440,RB,8.4022,5.15,6,0.010922
audio12.TextGrid,13,10,spoke,75.440,75.790,VBD,10.0613,4.61,4,1.997715
audio12.TextGrid,13,11,only,75.790,76.030,RB,6.0529,6.12,4,-1.588711
audio12.TextGrid,13,12,when,76.030,76.190,WRB,6.7798,6.37,3,0.937139
audio12.TextGrid,13,13,it,76.190,76.310,PRP,4.0141,6.95,2,-0.380496
audio12.TextGrid,13,14,was,76.310,76.450,VBD,3.9205,6.82,3,-2.551757
audio12.TextGrid,13,15,necessary,76.450,77.120,JJ,9.1892,4.91,8,0.674447
audio12.TextGrid,14,1,they,78.160,78.270,PRP,4.6769,6.5,2,-0.239255
audio12.TextGrid,14,2,talked,78.270,78.590,VBD,9.9807,4.62,4,1.919909
audio12.TextGrid,14,3,at,78.590,78.720,IN,4.2184,6.7,2,-0.465951
audio12.TextGrid,14,4,night,78.720,79.130,NN,9.7954,5.61,3,2.452867
audio12.TextGrid,14,5,or,79.130,79.240,CC,6.1226,6.54,2,1.252806
audio12.TextGrid,14,6,when,79.240,79.400,WRB,7.6781,6.37,3,1.835439
audio12.TextGrid,14,7,they,79.400,79.480,PRP,4.8567,6.5,2,-0.059455
audio12.TextGrid,14,8,were,79.480,79.610,VBD,4.5437,6.34,2,-1.511150
audio12.TextGrid,14,9,storm,79.610,80.000,VBN,12.5032,4.66,5,4.429782
audio12.TextGrid,14,10,bound,80.000,80.350,VBN,6.2312,4.46,4,-1.874303
audio12.TextGrid,14,11,by,80.350,80.540,IN,4.1776,6.66,2,-0.553111
audio12.TextGrid,14,12,bad,80.540,80.820,JJ,8.5030,5.53,3,1.102928
audio12.TextGrid,14,13,weather,80.820,81.190,NN,9.9745,4.87,4,1.983573
audio12.TextGrid,15,1,it,81.820,81.920,PRP,3.8912,6.95,2,-0.503396
audio12.TextGrid,15,2,was,81.920,82.090,VBD,3.9158,6.82,3,-2.556457
audio12.TextGrid,15,3,considered,82.090,82.550,VBN,9.1950,5.08,8,0.428702
audio12.TextGrid,15,4,a,82.550,82.600,DT,4.0109,7.36,1,1.302720
audio12.TextGrid,15,5,virtue,82.600,83.180,NN,9.5590,3.94,4,1.308181
audio12.TextGrid,15,6,not,83.180,83.400,RB,6.3726,6.69,3,-0.193158
audio12.TextGrid,15,7,to,83.400,83.480,TO,3.7797,7.43,2,-0.058567
audio12.TextGrid,15,8,talk,83.480,83.800,VB,8.4833,5.42,3,1.004112
audio12.TextGrid,15,9,unnecessarily,83.800,84.620,RB,4.7322,3.42,12,0.508269
audio12.TextGrid,15,10,at,84.620,84.730,IN,5.1486,6.7,2,0.464249
audio12.TextGrid,15,11,sea,84.730,85.080,NN,8.2760,5.06,2,0.737606
audio12.TextGrid,16,1,and,85.660,85.740,CC,3.7036,7.41,2,-0.157847
audio12.TextGrid,16,2,the,85.740,85.840,DT,2.0380,7.73,2,-1.452561
audio12.TextGrid,16,3,old,85.840,86.030,JJ,7.3360,5.75,3,0.094160
audio12.TextGrid,16,4,man,86.030,86.200,NN,7.6917,5.82,3,0.500207
audio12.TextGrid,16,5,had,86.200,86.290,VBD,4.8706,6.33,3,-1.954083
audio12.TextGrid,16,6,always,86.290,86.590,RB,7.6436,5.76,5,-0.606180
audio12.TextGrid,16,7,considered,86.590,87.070,VBN,7.9687,5.08,8,-0.797598
audio12.TextGrid,16,8,it,87.070,87.180,PRP,5.3650,6.95,2,0.970404
audio12.TextGrid,16,9,so,87.180,87.420,RB,6.3062,6.52,2,0.459973
audio12.TextGrid,16,10,and,87.420,87.530,CC,4.1753,7.41,3,-0.919355
audio12.TextGrid,16,11,respected,87.530,88.000,VBD,10.1538,4.11,9,3.040865
audio12.TextGrid,16,12,it,88.000,88.210,PRP,5.1826,6.95,2,0.788004
audio12.TextGrid,17,1,but,88.850,89.020,CC,5.3198,6.63,3,-0.335859
audio12.TextGrid,17,2,now,89.020,89.420,RB,5.6993,6.18,2,-0.540993
audio12.TextGrid,17,3,he,89.540,89.660,PRP,6.8735,6.69,2,2.177559
audio12.TextGrid,17,4,said,89.660,89.850,VBD,3.4967,6.01,3,-3.558138
audio12.TextGrid,17,5,his,89.850,90.010,PRP$,6.0744,6.51,3,0.332432
audio12.TextGrid,17,6,thoughts,90.010,90.310,NNS,5.5711,4.75,4,-2.453362
audio12.TextGrid,17,7,aloud,90.310,90.740,VBP,4.9222,3.51,4,-3.448784
audio12.TextGrid,17,8,many,90.740,90.960,JJ,6.8387,5.91,4,-0.861596
audio12.TextGrid,17,9,times,90.960,91.500,NNS,7.5910,5.56,4,-0.207104
audio12.TextGrid,18,1,since,91.940,92.240,IN,7.5503,5.75,4,0.758544
audio12.TextGrid,18,2,there,92.240,92.340,EX,5.6886,6.31,3,-0.197215
audio12.TextGrid,18,3,was,92.340,92.540,VBD,5.4459,6.82,3,-1.026357
audio12.TextGrid,18,4,no,92.540,92.700,DT,6.1709,6.35,2,1.080893
audio12.TextGrid,18,5,one,92.700,92.930,NN,6.6853,6.47,3,-0.038690
audio12.TextGrid,18,6,that,92.930,93.040,IN,5.0494,7.01,3,-0.332950
audio12.TextGrid,18,7,they,93.040,93.160,PRP,4.9086,6.5,2,-0.007555
audio12.TextGrid,18,8,could,93.160,93.340,MD,6.1017,6.06,3,0.036076
audio12.TextGrid,18,9,annoy,93.340,93.730,VB,3.7195,3.46,3,-5.169390
audio12.TextGrid,19,1,if,96.180,96.340,IN,6.7770,6.47,2,1.826075
audio12.TextGrid,19,2,the,96.340,96.470,DT,1.7580,7.73,2,-1.732561
audio12.TextGrid,19,3,others,96.470,96.790,NNS,8.5532,5.42,4,0.715972
audio12.TextGrid,19,4,heard,96.790,97.010,VBD,10.1183,5.27,3,2.531227
audio12.TextGrid,19,5,me,97.010,97.120,PRP,9.0530,6.48,2,4.113665
audio12.TextGrid,19,6,talking,97.120,97.520,VBG,9.7671,5.29,5,1.592675
audio12.TextGrid,19,7,out,97.520,97.740,RP,5.6158,6.38,2,0.560563
audio12.TextGrid,19,8,loud,97.740,97.980,NN,6.2843,4.53,3,-1.835008
audio12.TextGrid,19,9,they,97.980,98.060,PRP,6.3822,6.5,2,1.466045
audio12.TextGrid,19,10,would,98.060,98.220,MD,4.8010,6.27,3,-1.113584
audio12.TextGrid,19,11,think,98.220,98.410,VB,6.4225,6.08,4,-1.230289
audio12.TextGrid,19,12,that,98.410,98.550,IN,4.4109,7.01,3,-0.971450
audio12.TextGrid,19,13,i,98.550,98.690,NN,5.9268,7.09,1,1.833691
audio12.TextGrid,19,14,am,98.690,98.780,VBP,10.5418,5.78,2,3.837899
audio12.TextGrid,19,15,crazy,98.780,99.340,NN,6.7640,5.07,5,-1.375153
audio12.TextGrid,19,16,he,99.730,99.850,PRP,6.7285,6.69,2,2.032559
audio12.TextGrid,19,17,said,99.850,100.040,VBD,4.0139,6.01,3,-3.040938
audio12.TextGrid,19,18,aloud,100.040,100.470,NN,6.5121,3.51,4,-1.858884
audio12.TextGrid,20,1,but,101.120,101.270,CC,5.3198,6.63,3,-0.335859
audio12.TextGrid,20,2,since,101.270,101.540,IN,7.9302,5.75,4,1.138444
audio12.TextGrid,20,3,i,101.540,101.660,NN,5.5666,7.09,1,1.473491
audio12.TextGrid,20,4,am,101.660,101.770,VBP,9.8330,5.78,2,3.129099
audio12.TextGrid,20,5,not,101.770,101.960,RB,5.5402,6.69,3,-1.025558
audio12.TextGrid,20,6,crazy,101.960,102.510,JJ,5.4093,5.07,5,-2.729853
audio12.TextGrid,20,7,i,102.570,102.690,NNS,7.3343,7.09,1,3.241191
audio12.TextGrid,20,8,do,102.690,102.800,VBP,5.5794,6.35,2,-0.463860
audio12.TextGrid,20,9,not,102.800,103.020,RB,5.5251,6.69,3,-1.040658
audio12.TextGrid,20,10,care,103.020,103.410,VB,8.9648,5.56,3,1.586305
audio12.TextGrid,21,1,and,104.120,104.230,CC,3.7036,7.41,2,-0.157847
audio12.TextGrid,21,2,the,104.230,104.320,DT,2.0380,7.73,2,-1.452561
audio12.TextGrid,21,3,rich,104.320,104.560,JJ,9.6304,4.91,3,1.784402
audio12.TextGrid,21,4,have,104.560,104.740,VBP,7.5072,6.71,3,0.955827
audio12.TextGrid,21,5,radios,104.740,105.290,VBN,5.9708,3.41,6,-1.376282
audio12.TextGrid,21,6,to,105.290,105.400,TO,2.6510,7.43,2,-1.187267
audio12.TextGrid,21,7,talk,105.400,105.680,VB,8.4626,5.42,3,0.983412
audio12.TextGrid,21,8,to,105.680,105.800,TO,3.4300,7.43,2,-0.408267
audio12.TextGrid,21,9,them,105.800,105.980,PRP,6.8520,6.19,3,0.879877
audio12.TextGrid,21,10,in,105.980,106.050,IN,2.9435,7.27,2,-1.080210
audio12.TextGrid,21,11,their,106.050,106.200,PRP$,4.9322,6.33,3,-0.939230
audio12.TextGrid,21,12,boats,106.200,106.600,NNS,5.5671,4.25,4,-2.597088
audio12.TextGrid,21,13,and,106.600,106.710,CC,4.2011,7.41,3,-0.893555
audio12.TextGrid,21,14,to,106.710,106.780,TO,4.2212,7.43,2,0.382933
audio12.TextGrid,21,15,bring,106.780,106.980,VB,7.6580,5.27,4,-0.221146
audio12.TextGrid,21,16,them,106.980,107.100,PRP,6.4912,6.19,3,0.519077
audio12.TextGrid,21,17,the,107.100,107.170,DT,3.4494,7.73,2,-0.041161
audio12.TextGrid,21,18,baseball,107.170,107.830,NN,9.1435,4.54,6,1.118291
audio12.TextGrid,22,1,now,109.740,110.070,RB,6.7634,6.18,2,0.523107
audio12.TextGrid,22,2,is,110.070,110.230,VBZ,4.5597,7.07,2,-0.649066
audio12.TextGrid,22,3,no,110.230,110.420,DT,6.4128,6.35,2,1.322793
audio12.TextGrid,22,4,time,110.420,110.700,NN,6.2668,6.29,3,-0.586652
audio12.TextGrid,22,5,to,110.700,110.790,TO,3.5933,7.43,2,-0.244967
audio12.TextGrid,22,6,think,110.790,110.970,VB,7.0164,6.08,4,-0.636389
audio12.TextGrid,22,7,of,110.970,111.040,IN,3.4367,7.4,2,-0.436338
audio12.TextGrid,22,8,baseball,111.040,111.600,NN,10.7971,4.54,6,2.771891
audio12.TextGrid,22,9,he,111.600,111.740,PRP,6.8731,6.69,2,2.177159
audio12.TextGrid,22,10,thought,111.740,112.090,VBD,8.8259,5.59,3,1.468982
audio12.TextGrid,23,1,now,112.570,112.840,RB,6.7634,6.18,2,0.523107
audio12.TextGrid,23,2,is,112.840,112.970,VBZ,4.5597,7.07,2,-0.649066
audio12.TextGrid,23,3,the,112.970,113.070,DT,2.6245,7.73,2,-0.866061
audio12.TextGrid,23,4,time,113.070,113.340,NN,6.0568,6.29,3,-0.796652
audio12.TextGrid,23,5,to,113.340,113.460,TO,3.5950,7.43,2,-0.243267
audio12.TextGrid,23,6,think,113.460,113.640,VB,7.0201,6.08,4,-0.632689
audio12.TextGrid,23,7,of,113.640,113.730,IN,3.4363,7.4,2,-0.436738
audio12.TextGrid,23,8,only,113.730,113.970,RB,7.3504,6.12,4,-0.291211
audio12.TextGrid,23,9,one,113.970,114.220,CD,5.5374,6.47,3,-0.233337
audio12.TextGrid,23,10,thing,114.220,114.620,NN,8.3715,5.72,3,1.108083
audio12.TextGrid,24,1,that,115.250,115.510,IN,4.4338,7.01,3,-0.948550
audio12.TextGrid,24,2,which,115.510,115.670,WDT,6.7186,6.3,3,0.825593
audio12.TextGrid,24,3,i,115.670,115.760,NN,6.1002,7.09,1,2.007091
audio12.TextGrid,24,4,was,115.760,115.910,VBD,3.9284,6.82,3,-2.543857
audio12.TextGrid,24,5,born,115.910,116.230,VBN,11.3357,5.09,4,3.406252
audio12.TextGrid,25,1,for,116.230,116.580,IN,4.8270,7.01,3,-0.555350
audio12.TextGrid,25,2,there,117.190,117.320,EX,5.6896,6.31,3,-0.196215
audio12.TextGrid,25,3,might,117.320,117.480,MD,7.5857,5.66,3,1.232382
audio12.TextGrid,25,4,be,117.480,117.660,VB,3.7379,6.79,2,-1.795392
audio12.TextGrid,25,5,a,117.660,117.710,DT,3.1232,7.36,1,0.415020
audio12.TextGrid,25,6,big,117.710,117.910,JJ,6.5804,5.67,3,-0.718979
audio12.TextGrid,25,7,one,117.910,118.070,CD,6.8100,6.47,3,1.039263
audio12.TextGrid,25,8,around,118.070,118.370,IN,8.0060,5.77,4,1.219833
audio12.TextGrid,25,9,that,118.370,118.550,DT,4.8271,7.01,3,-0.555250
audio12.TextGrid,25,10,school,118.550,118.990,NN,7.3555,5.71,4,-0.400686
audio12.TextGrid,25,11,he,118.990,119.110,PRP,6.1556,6.69,2,1.459659
audio12.TextGrid,25,12,thought,119.110,119.490,VBD,8.1609,5.59,3,0.803982
audio12.TextGrid,26,1,i,120.040,120.170,NN,5.5144,7.09,1,1.421291
audio12.TextGrid,26,2,picked,120.170,120.410,VBD,9.8261,4.72,4,1.793255
audio12.TextGrid,26,3,up,120.410,120.520,RP,5.0515,6.39,2,0.007853
audio12.TextGrid,26,4,only,120.520,120.760,RB,6.3293,6.12,4,-1.312311
audio12.TextGrid,26,5,a,120.760,120.800,DT,4.5899,7.36,1,1.881720
audio12.TextGrid,26,6,straggler,120.800,121.310,NN,4.2091,1.96,7,-1.104211
audio12.TextGrid,26,7,from,121.310,121.480,IN,4.7173,6.63,4,-1.828537
audio12.TextGrid,26,8,the,121.480,121.590,DT,1.6965,7.73,2,-1.794061
audio12.TextGrid,26,9,albacore,121.590,122.090,NN,4.1367,2.23,7,-1.457383
audio12.TextGrid,26,10,that,122.090,122.280,WDT,4.2926,7.01,3,-1.089750
audio12.TextGrid,26,11,were,122.280,122.370,VBD,6.7896,6.34,2,0.734750
audio12.TextGrid,26,12,feeding,122.370,122.800,VBG,10.2949,4.28,5,2.282408
audio12.TextGrid,27,1,but,123.470,123.630,CC,5.3198,6.63,3,-0.335859
audio12.TextGrid,27,2,they,123.630,123.710,PRP,4.8862,6.5,2,-0.029955
audio12.TextGrid,27,3,are,123.710,123.810,VBP,3.9435,6.74,2,-1.647743
audio12.TextGrid,27,4,working,123.810,124.200,VBG,8.4517,5.45,5,0.251622
audio12.TextGrid,27,5,far,124.200,124.530,RB,7.2759,5.5,3,-0.145749
audio12.TextGrid,27,6,out,124.530,124.760,RB,6.7047,6.38,2,0.696211
audio12.TextGrid,27,7,and,124.760,124.890,CC,4.2406,7.41,3,-0.854055
audio12.TextGrid,27,8,fast,124.890,125.450,RB,9.7115,5.13,4,1.793231
audio12.TextGrid,28,1,everything,126.640,127.090,NN,10.9288,5.54,7,1.892664
audio12.TextGrid,28,2,that,127.090,127.220,WDT,5.1538,7.01,3,-0.228550
audio12.TextGrid,28,3,shows,127.220,127.480,VBZ,9.2545,5.23,3,1.638657
audio12.TextGrid,28,4,on,127.480,127.600,IN,5.0992,6.91,2,0.658243
audio12.TextGrid,28,5,the,127.600,127.690,DT,1.7299,7.73,2,-1.760661
audio12.TextGrid,28,6,surface,127.690,128.040,NN,4.1380,4.83,5,-3.962674
audio12.TextGrid,28,7,today,128.040,128.260,NN,8.1271,5.55,4,0.326201
audio12.TextGrid,28,8,travels,128.260,128.690,VBZ,4.1429,4.05,7,-3.343792
audio12.TextGrid,28,9,very,128.690,128.960,RB,7.2205,6.0,4,-0.454645
audio12.TextGrid,28,10,fast,128.960,129.420,RB,9.5215,5.13,4,1.603231
audio12.TextGrid,28,11,and,129.420,129.530,CC,3.7307,7.41,3,-1.363955
audio12.TextGrid,28,12,to,129.530,129.630,TO,4.3340,7.43,2,0.495733
audio12.TextGrid,28,13,the,129.630,129.720,DT,2.3261,7.73,2,-1.164461
audio12.TextGrid,28,14,north,129.720,129.970,JJ,9.8261,5.34,4,1.966516
audio12.TextGrid,28,15,east,129.970,130.370,NN,8.4242,5.16,3,0.758011
audio12.TextGrid,29,1,can,131.110,131.240,MD,9.3799,6.46,3,3.601970
audio12.TextGrid,29,2,that,131.240,131.350,WDT,6.1992,7.01,3,0.816850
audio12.TextGrid,29,3,be,131.350,131.530,VB,7.2001,6.79,2,1.666808
audio12.TextGrid,29,4,the,131.530,131.650,DT,2.1429,7.73,2,-1.347661
audio12.TextGrid,29,5,time,131.650,131.930,NN,6.0534,6.29,3,-0.800052
audio12.TextGrid,29,6,of,131.930,132.000,IN,3.0333,7.4,2,-0.839738
audio12.TextGrid,29,7,day,132.000,132.350,NN,8.6587,5.95,2,2.151832
audio12.TextGrid,30,1,or,132.800,132.930,CC,5.3683,6.54,2,0.498506
audio12.TextGrid,30,2,is,132.930,133.050,VBZ,6.8449,7.07,2,1.636134
audio12.TextGrid,30,3,it,133.050,133.170,PRP,4.5712,6.95,2,0.176604
audio12.TextGrid,30,4,some,133.170,133.330,DT,6.3023,6.2,3,0.337369
audio12.TextGrid,30,5,sign,133.330,133.600,NN,8.0420,5.08,3,0.318272
audio12.TextGrid,30,6,of,133.600,133.740,IN,3.3796,7.4,2,-0.493438
audio12.TextGrid,30,7,weather,133.740,134.090,NN,11.1252,4.87,4,3.134273
audio12.TextGrid,30,8,that,134.090,134.230,IN,4.5260,7.01,3,-0.856350
audio12.TextGrid,30,9,i,134.230,134.340,NN,5.7791,7.09,1,1.685991
audio12.TextGrid,30,10,do,134.340,134.450,VBP,6.3164,6.35,2,0.273140
audio12.TextGrid,30,11,not,134.450,134.650,RB,5.5120,6.69,3,-1.053758
audio12.TextGrid,30,12,know,134.700,135.040,VB,7.7684,6.1,2,1.435385
audio12.TextGrid,31,1,he,136.760,136.860,PRP,4.5353,6.69,2,-0.160641
audio12.TextGrid,31,2,could,136.860,136.990,MD,5.0571,6.06,3,-1.008524
audio12.TextGrid,31,3,not,136.990,137.160,RB,6.1838,6.69,3,-0.381958
audio12.TextGrid,31,4,see,137.160,137.340,VB,6.9659,6.1,2,0.632885
audio12.TextGrid,31,5,the,137.340,137.440,DT,2.3427,7.73,2,-1.147861
audio12.TextGrid,31,6,green,137.440,137.740,NN,8.9821,5.13,4,1.063831
audio12.TextGrid,31,7,of,137.740,137.830,IN,4.9129,7.4,2,1.039862
audio12.TextGrid,31,8,the,137.830,137.920,DT,1.7015,7.73,2,-1.789061
audio12.TextGrid,31,9,shore,137.920,138.240,NN,15.1547,4.33,3,6.891545
audio12.TextGrid,31,10,now,138.240,138.570,RB,6.1977,6.18,2,-0.042593
audio12.TextGrid,31,11,but,138.570,138.730,CC,5.4464,6.63,3,-0.209259
audio12.TextGrid,31,12,only,138.730,138.950,RB,5.6420,6.12,4,-1.999611
audio12.TextGrid,31,13,the,138.950,139.060,DT,3.7606,7.73,2,0.270039
audio12.TextGrid,31,14,tops,139.060,139.440,NNS,6.4889,4.07,4,-1.725590
audio12.TextGrid,31,15,of,139.440,139.510,IN,2.7204,7.4,2,-1.152638
audio12.TextGrid,31,16,the,139.510,139.600,DT,1.7040,7.73,2,-1.786561
audio12.TextGrid,31,17,blue,139.600,139.920,NN,8.9781,5.13,3,1.290334
audio12.TextGrid,31,18,hills,139.920,140.300,VBZ,8.6964,4.46,4,0.590897
audio12.TextGrid,31,19,that,140.300,140.430,IN,4.6507,7.01,3,-0.731650
audio12.TextGrid,31,20,showed,140.430,140.750,VBD,9.4361,4.86,3,1.554140
audio12.TextGrid,31,21,white,140.750,141.160,JJ,8.7013,5.51,3,1.286843
audio12.TextGrid,31,22,as,141.160,141.300,IN,5.3124,6.77,2,0.709181
audio12.TextGrid,31,23,though,141.300,141.440,IN,8.9558,5.5,2,2.880627
audio12.TextGrid,31,24,they,141.440,141.530,PRP,4.9459,6.5,2,0.029745
audio12.TextGrid,31,25,were,141.530,141.650,VBD,5.7878,6.34,2,-0.267050
audio12.TextGrid,31,26,snow,141.650,141.950,VBN,12.5170,4.66,3,4.491193
audio12.TextGrid,31,27,capped,141.950,142.400,VBN,10.5314,3.67,4,2.205129
audio12.TextGrid,31,28,and,142.760,142.850,CC,3.8850,7.41,2,0.023553
audio12.TextGrid,31,29,the,142.850,142.930,DT,2.7193,7.73,2,-0.771261
audio12.TextGrid,31,30,clouds,142.930,143.450,NN,11.1982,4.16,5,3.204947
audio12.TextGrid,31,31,that,143.450,143.630,WDT,3.9647,7.01,3,-1.417650
audio12.TextGrid,31,32,looked,143.630,143.790,VBD,12.3175,5.11,4,4.393642
audio12.TextGrid,31,33,like,143.790,144.020,IN,6.1659,6.41,3,0.352009
audio12.TextGrid,31,34,high,144.020,144.250,JJ,7.1782,5.75,2,0.439529
audio12.TextGrid,31,35,snow,144.250,144.600,NN,11.0958,4.66,3,3.069993
audio12.TextGrid,31,36,mountains,144.600,145.090,NNS,6.3994,4.5,7,-1.555245
audio12.TextGrid,31,37,above,145.090,145.410,IN,7.5935,5.2,4,0.648045
audio12.TextGrid,31,38,them,145.410,145.680,PRP,5.9707,6.19,3,-0.001423
audio12.TextGrid,32,1,the,146.680,146.790,DT,1.8241,7.73,2,-1.666461
audio12.TextGrid,32,2,sea,146.790,147.010,NN,8.2776,5.06,2,0.739206
audio12.TextGrid,32,3,was,147.010,147.230,VBD,5.5024,6.82,3,-0.969857
audio12.TextGrid,32,4,very,147.230,147.490,RB,7.0539,6.0,4,-0.621245
audio12.TextGrid,32,5,dark,147.490,147.900,JJ,11.0339,5.04,4,3.090480
audio12.TextGrid,32,6,and,147.900,148.010,CC,3.8634,7.41,2,0.001953
audio12.TextGrid,32,7,the,148.010,148.100,DT,3.1373,7.73,2,-0.353261
audio12.TextGrid,32,8,light,148.100,148.370,NN,7.7293,5.33,3,0.185381
audio12.TextGrid,32,9,made,148.370,148.600,VBD,7.5029,5.92,3,0.383330
audio12.TextGrid,32,10,prisms,148.600,149.110,NNS,7.3756,2.61,7,1.386357
audio12.TextGrid,32,11,in,149.110,149.190,IN,3.1897,7.27,2,-0.834010
audio12.TextGrid,32,12,the,149.190,149.260,DT,1.7007,7.73,2,-1.789861
audio12.TextGrid,32,13,water,149.260,149.700,NN,8.3726,5.52,4,0.563317
audio12.TextGrid,33,1,the,150.490,150.560,DT,1.8241,7.73,2,-1.666461
audio12.TextGrid,33,2,myriad,150.560,150.990,NN,10.7225,3.49,6,3.327409
audio12.TextGrid,33,3,flecks,150.990,151.310,NNS,5.6277,2.53,5,-2.104216
audio12.TextGrid,33,4,of,151.310,151.390,IN,3.5721,7.4,2,-0.300938
audio12.TextGrid,33,5,the,151.390,151.470,DT,1.6935,7.73,2,-1.797061
audio12.TextGrid,33,6,plankton,151.470,152.000,NN,4.1370,3.05,8,-1.625552
audio12.TextGrid,33,7,were,152.000,152.160,VBD,5.1213,6.34,2,-0.933550
audio12.TextGrid,33,8,annulled,152.160,152.570,VBN,6.3324,2.95,5,-1.466854
audio12.TextGrid,33,9,now,152.570,152.820,RB,6.3798,6.18,2,0.139507
audio12.TextGrid,33,10,by,152.820,153.000,IN,4.9636,6.66,2,0.232889
audio12.TextGrid,33,11,the,153.000,153.110,DT,1.7278,7.73,2,-1.762761
audio12.TextGrid,33,12,high,153.110,153.320,JJ,6.8827,5.75,2,0.144029
audio12.TextGrid,33,13,sun,153.320,153.710,NN,10.3269,4.97,3,2.524056
audio12.TextGrid,33,14,and,154.000,154.140,CC,3.9489,7.41,3,-1.145755
audio12.TextGrid,33,15,it,154.140,154.200,PRP,4.4079,6.95,2,0.013304
audio12.TextGrid,33,16,was,154.200,154.360,VBD,5.0227,6.82,3,-1.449557
audio12.TextGrid,33,17,only,154.360,154.590,RB,6.0668,6.12,4,-1.574811
audio12.TextGrid,33,18,the,154.590,154.680,DT,3.6751,7.73,2,0.184539
audio12.TextGrid,33,19,great,154.680,154.960,JJ,7.7360,5.88,4,0.027321
audio12.TextGrid,33,20,deep,154.980,155.180,JJ,5.4349,5.05,3,-2.310405
audio12.TextGrid,33,21,prisms,155.210,155.700,NN,4.5467,2.61,7,-1.442543
audio12.TextGrid,33,22,in,155.700,155.790,IN,3.1085,7.27,2,-0.915210
audio12.TextGrid,33,23,the,155.790,155.860,DT,1.7004,7.73,2,-1.790161
audio12.TextGrid,33,24,blue,155.860,156.030,JJ,8.9788,5.13,3,1.291034
audio12.TextGrid,33,25,water,156.030,156.550,NN,8.3446,5.52,4,0.535317
audio12.TextGrid,33,26,that,156.550,156.710,IN,4.1192,7.01,3,-1.263150
audio12.TextGrid,33,27,the,156.710,156.790,DT,1.9879,7.73,2,-1.502661
audio12.TextGrid,33,28,old,156.790,157.010,JJ,7.3289,5.75,3,0.087060
audio12.TextGrid,33,29,man,157.010,157.250,NN,7.6926,5.82,3,0.501107
audio12.TextGrid,33,30,saw,157.250,157.520,VBD,9.5533,5.34,2,2.339431
audio12.TextGrid,33,31,now,157.520,157.880,RB,6.1433,6.18,2,-0.096993
audio12.TextGrid,33,32,with,158.020,158.150,IN,5.1624,6.85,3,-0.335027
audio12.TextGrid,33,33,his,158.150,158.320,PRP$,5.3493,6.51,3,-0.392668
audio12.TextGrid,33,34,lines,158.320,158.800,NNS,8.5426,4.95,4,0.574029
audio12.TextGrid,33,35,going,158.800,159.100,VBG,8.4109,5.94,4,0.718988
audio12.TextGrid,33,36,straight,159.100,159.440,RB,9.5630,5.04,5,1.428657
audio12.TextGrid,33,37,down,159.480,159.840,RB,7.1341,5.88,3,-0.014239
audio12.TextGrid,33,38,into,159.840,160.000,IN,6.5551,6.11,4,-0.136052
audio12.TextGrid,33,39,the,160.000,160.090,DT,1.7528,7.73,2,-1.737761
audio12.TextGrid,33,40,water,160.090,160.440,NN,8.3740,5.52,4,0.564717
audio12.TextGrid,33,41,that,160.440,160.630,WDT,4.1610,7.01,3,-1.221350
audio12.TextGrid,33,42,was,160.630,160.770,VBD,6.0944,6.82,3,-0.377857
audio12.TextGrid,33,43,a,160.770,160.820,DT,3.2522,7.36,1,0.544020
audio12.TextGrid,33,44,mile,160.820,161.200,JJ,5.0758,4.59,3,-3.000354
audio12.TextGrid,33,45,deep,161.200,161.530,NN,4.3285,5.05,3,-3.416805
audio12.TextGrid,34,1,the,163.700,163.790,DT,1.8241,7.73,2,-1.666461
audio12.TextGrid,34,2,tuna,163.790,164.230,NN,4.1358,3.64,4,-4.198855
audio12.TextGrid,34,3,the,164.460,164.550,DT,4.2648,7.73,2,0.774239
audio12.TextGrid,34,4,fishermen,164.550,164.940,NNS,6.4802,3.65,7,-0.590534
audio12.TextGrid,34,5,called,164.940,165.210,VBD,7.2710,5.59,4,-0.518721
audio12.TextGrid,34,6,all,165.210,165.350,PDT,6.4619,6.52,2,1.568926
audio12.TextGrid,34,7,the,165.350,165.430,DT,3.9476,7.73,2,0.457039
audio12.TextGrid,34,8,fish,165.430,165.670,NN,4.8564,4.9,3,-2.996791
audio12.TextGrid,34,9,of,165.670,165.730,IN,3.0180,7.4,2,-0.855038
audio12.TextGrid,34,10,that,165.730,165.900,DT,4.8596,7.01,3,-0.522750
audio12.TextGrid,34,11,species,165.900,166.450,NNS,10.7000,4.85,6,2.488756
audio12.TextGrid,34,12,tuna,166.450,166.740,NN,5.3256,3.64,5,-2.584282
audio12.TextGrid,34,13,and,166.740,167.000,CC,4.1962,7.41,3,-0.898455
audio12.TextGrid,34,14,only,167.000,167.200,RB,6.9783,6.12,4,-0.663311
audio12.TextGrid,34,15,distinguished,167.200,167.760,VBD,11.1942,4.2,11,4.265503
audio12.TextGrid,34,16,among,167.760,168.030,IN,7.3624,5.31,4,0.447685
audio12.TextGrid,34,17,them,168.030,168.150,PRP,5.9482,6.19,3,-0.023923
audio12.TextGrid,34,18,by,168.150,168.310,IN,4.2897,6.66,2,-0.441011
audio12.TextGrid,34,19,their,168.310,168.430,PRP$,4.9348,6.33,3,-0.936630
audio12.TextGrid,34,20,proper,168.430,168.770,JJ,10.7487,4.72,5,2.665663
audio12.TextGrid,34,21,names,168.770,169.160,NNS,9.2624,4.91,4,1.282651
audio12.TextGrid,34,22,when,169.160,169.270,WRB,5.9485,6.37,3,0.105839
audio12.TextGrid,34,23,they,169.270,169.340,PRP,4.8187,6.5,2,-0.097455
audio12.TextGrid,34,24,came,169.340,169.570,VBD,6.7818,5.5,3,-0.639849
audio12.TextGrid,34,25,to,169.570,169.670,TO,3.3209,7.43,2,-0.517367
audio12.TextGrid,34,26,sell,169.670,169.970,VB,6.0916,4.98,3,-1.704052
audio12.TextGrid,34,27,them,169.970,170.150,PRP,6.5369,6.19,3,0.564777
audio12.TextGrid,34,28,or,170.150,170.240,CC,5.6496,6.54,1,1.630403
audio12.TextGrid,34,29,to,170.240,170.350,TO,4.1691,7.43,2,0.330833
audio12.TextGrid,34,30,trade,170.350,170.580,VB,7.0955,5.12,4,-0.825564
audio12.TextGrid,34,31,them,170.580,170.710,PRP,6.7509,6.19,3,0.778777
audio12.TextGrid,34,32,for,170.710,170.820,IN,3.8314,7.01,2,-0.493655
audio12.TextGrid,34,33,baits,170.820,171.220,NNS,6.8200,2.65,4,-1.791313
audio12.TextGrid,34,34,were,171.920,172.010,VBD,5.8561,6.34,2,-0.198750
audio12.TextGrid,34,35,down,172.010,172.240,RB,6.3080,5.88,3,-0.840339
audio12.TextGrid,34,36,again,172.240,172.630,RB,7.9788,5.7,4,0.219819
audio12.TextGrid,35,1,the,173.360,173.460,DT,1.8241,7.73,2,-1.666461
audio12.TextGrid,35,2,sun,173.460,173.680,NN,10.3570,4.97,3,2.554156
audio12.TextGrid,35,3,was,173.680,173.880,VBD,5.5024,6.82,3,-0.969857
audio12.TextGrid,35,4,hot,173.880,174.070,JJ,10.1915,5.16,3,2.525311
audio12.TextGrid,35,5,now,174.120,174.420,RB,7.8319,6.18,2,1.591607
audio12.TextGrid,35,6,and,174.670,174.750,CC,3.3651,7.41,2,-0.496347
audio12.TextGrid,35,7,the,174.750,174.850,DT,3.8504,7.73,2,0.359839
audio12.TextGrid,35,8,old,174.850,175.070,JJ,7.3502,5.75,3,0.108360
audio12.TextGrid,35,9,man,175.070,175.360,NN,7.7012,5.82,3,0.509707
audio12.TextGrid,35,10,felt,175.360,175.590,VBD,8.8821,5.13,4,0.963831
audio12.TextGrid,35,11,it,175.590,175.680,PRP,4.6287,6.95,2,0.234104
audio12.TextGrid,35,12,on,175.680,175.780,IN,4.3948,6.91,2,-0.046157
audio12.TextGrid,35,13,the,175.780,175.850,DT,1.7014,7.73,2,-1.789161
audio12.TextGrid,35,14,back,175.850,176.100,NN,8.8681,6.04,3,1.834839
audio12.TextGrid,35,15,of,176.100,176.180,IN,3.3869,7.4,2,-0.486138
audio12.TextGrid,35,16,his,176.180,176.340,PRP$,5.3311,6.51,3,-0.410868
audio12.TextGrid,35,17,neck,176.340,176.590,NN,4.2574,4.63,3,-3.789984
audio12.TextGrid,36,1,and,177.010,177.090,CC,3.7036,7.41,2,-0.157847
audio12.TextGrid,36,2,felt,177.090,177.270,VBD,11.6538,5.13,4,3.735531
audio12.TextGrid,36,3,the,177.270,177.380,DT,2.5190,7.73,2,-0.971561
audio12.TextGrid,36,4,sweat,177.380,177.690,NN,10.2377,4.14,4,2.042772
audio12.TextGrid,36,5,trickle,177.720,178.010,VBD,4.5061,3.25,6,-2.744964
audio12.TextGrid,36,6,down,178.010,178.230,IN,6.3079,5.88,3,0.112814
audio12.TextGrid,36,7,his,178.230,178.410,PRP$,6.1063,6.51,3,0.364332
audio12.TextGrid,36,8,back,178.410,178.750,NN,9.0240,6.04,3,1.990739
audio12.TextGrid,36,9,as,178.750,178.860,IN,5.0813,6.77,2,0.478081
audio12.TextGrid,36,10,he,178.860,178.950,PRP,4.5990,6.69,2,-0.096941
audio12.TextGrid,36,11,rowed,178.950,179.420,VBD,4.8901,2.78,3,-4.487871
audio13.TextGrid,1,1,i,1.240,1.340,NN,5.5144,7.09,1,1.421291
audio13.TextGrid,1,2,could,1.340,1.510,MD,5.0621,6.06,3,-1.003524
audio13.TextGrid,1,3,just,1.510,1.820,RB,7.2542,6.43,4,-0.300780
audio13.TextGrid,1,4,drift,1.820,2.230,VB,10.3968,3.82,5,2.458059
audio13.TextGrid,1,5,he,2.230,2.330,PRP,5.4922,6.69,2,0.796259
audio13.TextGrid,1,6,thought,2.330,2.730,VBD,9.2330,5.59,3,1.876082
audio13.TextGrid,1,7,and,2.950,3.070,CC,4.0128,7.41,2,0.151353
audio13.TextGrid,1,8,sleep,3.070,3.560,JJ,9.0067,5.05,4,1.066074
audio13.TextGrid,1,9,and,3.560,3.680,CC,4.0944,7.41,2,0.232953
audio13.TextGrid,1,10,put,3.680,3.890,VBD,6.5690,5.66,3,-0.737571
audio13.TextGrid,1,11,a,3.890,3.930,DT,3.4054,7.36,1,0.697220
audio13.TextGrid,1,12,bight,3.930,4.200,NN,4.1421,2.67,3,-5.314987
audio13.TextGrid,1,13,of,4.200,4.300,IN,3.0938,7.4,2,-0.779238
audio13.TextGrid,1,14,line,4.300,4.530,NN,9.3098,5.49,3,1.880959
audio13.TextGrid,1,15,around,4.530,4.820,IN,7.7867,5.77,4,1.000533
audio13.TextGrid,1,16,my,4.820,4.980,PRP$,7.2376,6.57,2,2.402577
audio13.TextGrid,1,17,toe,4.980,5.250,NN,4.2574,4.07,2,-4.428423
audio13.TextGrid,1,18,to,5.250,5.310,TO,3.4190,7.43,2,-0.419267
audio13.TextGrid,1,19,wake,5.310,5.570,VB,10.8464,4.76,3,2.892516
audio13.TextGrid,1,20,me,5.580,5.790,PRP,10.3699,6.48,2,5.430565
audio13.TextGrid,2,1,but,6.830,6.990,CC,5.3198,6.63,3,-0.335859
audio13.TextGrid,2,2,today,6.990,7.260,NN,8.8953,5.55,4,1.094401
audio13.TextGrid,2,3,is,7.260,7.390,VBZ,3.8797,7.07,2,-1.329066
audio13.TextGrid,2,4,eighty,7.390,7.670,JJ,5.8916,3.75,3,-2.788712
audio13.TextGrid,2,5,five,7.670,7.930,CD,8.4424,5.45,3,1.938042
audio13.TextGrid,2,6,days,7.930,8.410,NNS,7.0284,5.61,3,-0.314133
audio13.TextGrid,3,1,and,8.820,8.950,CC,3.7036,7.41,3,-1.391055
audio13.TextGrid,3,2,i,8.950,9.050,NN,5.7252,7.09,1,1.632091
audio13.TextGrid,3,3,should,9.050,9.290,MD,6.1861,5.99,3,0.070130
audio13.TextGrid,3,4,fish,9.310,9.560,VB,3.7167,4.9,3,-4.136491
audio13.TextGrid,3,5,the,9.560,9.680,DT,2.2895,7.73,2,-1.201061
audio13.TextGrid,3,6,day,9.680,9.880,NN,7.0837,5.95,2,0.576832
audio13.TextGrid,3,7,well,9.880,10.350,RB,7.7292,6.03,3,0.688746
audio13.TextGrid,4,1,just,12.160,12.390,RB,7.1407,6.43,3,0.387941
audio13.TextGrid,4,2,then,12.390,12.700,RB,6.6148,6.07,3,-0.396884
audio13.TextGrid,4,3,watching,13.080,13.460,VBG,10.8189,5.02,5,2.687764
audio13.TextGrid,4,4,his,13.460,13.630,PRP$,6.0024,6.51,3,0.260432
audio13.TextGrid,4,5,lines,13.630,14.140,NNS,8.5433,4.95,4,0.574729
audio13.TextGrid,5,1,he,14.590,14.680,PRP,4.5353,6.69,2,-0.160641
audio13.TextGrid,5,2,saw,14.680,14.890,VBD,8.2117,5.34,2,0.997831
audio13.TextGrid,5,3,one,14.890,15.080,CD,6.5033,6.47,3,0.732563
audio13.TextGrid,5,4,of,15.080,15.150,IN,3.8980,7.4,2,0.024962
audio13.TextGrid,5,5,the,15.150,15.220,DT,1.7407,7.73,2,-1.749861
audio13.TextGrid,5,6,projecting,15.220,15.740,VBG,8.5851,3.58,9,2.489479
audio13.TextGrid,5,7,green,15.740,16.080,JJ,9.6844,5.13,4,1.766131
audio13.TextGrid,5,8,sticks,16.080,16.670,NNS,5.6293,4.14,5,-2.360746
audio13.TextGrid,5,9,dip,16.810,17.090,VBP,5.4452,4.05,3,-3.019341
audio13.TextGrid,5,10,sharply,17.090,17.660,RB,8.0932,3.89,6,0.458064
audio13.TextGrid,6,1,yes,18.810,19.270,RB,11.0119,5.5,3,3.590251
audio13.TextGrid,6,2,he,19.610,19.730,PRP,5.3385,6.69,2,0.642559
audio13.TextGrid,6,3,said,19.730,20.030,VBD,3.4135,6.01,3,-3.641338
audio13.TextGrid,6,4,yes,20.410,20.860,UH,10.4148,5.5,3,3.946404
audio13.TextGrid,7,1,and,21.680,21.790,CC,3.7036,7.41,2,-0.157847
audio13.TextGrid,7,2,shipped,21.790,22.060,VBD,11.1724,4.03,4,2.946732
audio13.TextGrid,7,3,his,22.060,22.200,PRP$,7.0439,6.51,3,1.301932
audio13.TextGrid,7,4,oars,22.200,22.570,NNS,5.5800,3.01,3,-3.632547
audio13.TextGrid,7,5,without,22.570,22.810,IN,7.0123,5.69,5,-0.273004
audio13.TextGrid,7,6,bumping,22.810,23.180,VBG,8.1471,3.29,6,0.872031
audio13.TextGrid,7,7,the,23.180,23.250,DT,2.3122,7.73,2,-1.178361
audio13.TextGrid,7,8,boat,23.250,23.630,NN,4.1360,4.71,3,-3.853845
audio13.TextGrid,8,1,he,24.800,24.900,PRP,4.5353,6.69,2,-0.160641
audio13.TextGrid,8,2,reached,24.900,25.210,VBD,7.0526,4.85,4,-0.943916
audio13.TextGrid,8,3,out,25.210,25.390,RP,5.6444,6.38,2,0.589163
audio13.TextGrid,8,4,for,25.390,25.480,IN,4.1265,7.01,2,-0.198555
audio13.TextGrid,8,5,the,25.480,25.580,DT,1.6985,7.73,2,-1.792061
audio13.TextGrid,8,6,line,25.580,25.980,NN,7.6718,5.49,3,0.242959
audio13.TextGrid,8,7,and,25.980,26.140,CC,4.4896,7.41,3,-0.605055
audio13.TextGrid,8,8,held,26.140,26.330,VBD,8.6011,5.24,4,0.713570
audio13.TextGrid,8,9,it,26.330,26.440,PRP,5.1366,6.95,2,0.742004
audio13.TextGrid,8,10,softly,26.440,26.900,RB,5.3482,3.77,6,-2.214923
audio13.TextGrid,8,11,between,26.900,27.240,IN,7.5004,5.77,6,-0.309695
audio13.TextGrid,8,12,the,27.240,27.330,DT,1.7295,7.73,2,-1.761061
audio13.TextGrid,8,13,thumb,27.330,27.590,NN,4.1381,4.01,3,-4.355211
audio13.TextGrid,8,14,and,27.590,27.700,CC,4.3237,7.41,3,-0.770955
audio13.TextGrid,8,15,forefinger,27.700,28.280,NN,5.6226,2.38,8,0.851432
audio13.TextGrid,8,16,of,28.280,28.370,IN,3.4060,7.4,2,-0.467038
audio13.TextGrid,8,17,his,28.370,28.540,PRP$,5.3068,6.51,3,-0.435168
audio13.TextGrid,8,18,right,28.540,28.770,JJ,7.0995,5.96,3,0.008700
audio13.TextGrid,8,19,hand,28.770,29.190,NN,9.0269,5.41,4,1.186878
audio13.TextGrid,9,1,he,30.220,30.330,PRP,4.5353,6.69,2,-0.160641
audio13.TextGrid,9,2,felt,30.330,30.570,VBD,8.2416,5.13,4,0.323331
audio13.TextGrid,9,3,no,30.570,30.740,DT,6.3408,6.35,2,1.250793
audio13.TextGrid,9,4,strain,30.740,31.230,NN,10.4413,4.15,5,2.449650
audio13.TextGrid,9,5,nor,31.230,31.400,CC,9.4066,4.78,3,2.420354
audio13.TextGrid,9,6,weight,31.400,31.790,NN,11.6545,5.02,3,3.887618
audio13.TextGrid,10,1,and,32.440,32.530,CC,3.7036,7.41,2,-0.157847
audio13.TextGrid,10,2,he,32.530,32.630,PRP,4.7461,6.69,2,0.050159
audio13.TextGrid,10,3,held,32.630,32.820,VBD,6.8813,5.24,4,-1.006230
audio13.TextGrid,10,4,the,32.820,32.900,DT,2.9048,7.73,2,-0.585761
audio13.TextGrid,10,5,line,32.900,33.180,NN,7.6818,5.49,3,0.252959
audio13.TextGrid,10,6,lightly,33.180,33.700,RB,5.5892,3.96,5,-2.371987
audio13.TextGrid,11,1,then,34.530,34.690,RB,7.4856,6.07,3,0.473916
audio13.TextGrid,11,2,it,34.690,34.770,PRP,4.6944,6.95,2,0.299804
audio13.TextGrid,11,3,came,34.770,35.000,VBD,6.8082,5.5,3,-0.613449
audio13.TextGrid,11,4,again,35.000,35.400,RB,7.7051,5.7,4,-0.053881
audio13.TextGrid,12,1,this,36.270,36.480,DT,4.8800,6.82,3,-0.639005
audio13.TextGrid,12,2,time,36.480,36.820,NN,6.0515,6.29,3,-0.801952
audio13.TextGrid,12,3,it,36.820,36.930,PRP,6.4222,6.95,2,2.027604
audio13.TextGrid,12,4,was,36.930,37.040,VBD,4.0934,6.82,3,-2.378857
audio13.TextGrid,12,5,a,37.040,37.110,DT,3.3304,7.36,1,0.622220
audio13.TextGrid,12,6,tentative,37.110,37.510,JJ,5.0792,3.45,7,-1.783555
audio13.TextGrid,12,7,pull,37.510,37.900,NN,12.2484,4.82,3,4.337671
audio13.TextGrid,12,8,not,38.050,38.240,RB,5.5247,6.69,3,-1.041058
audio13.TextGrid,12,9,solid,38.240,38.640,JJ,9.4263,4.73,5,1.341659
audio13.TextGrid,12,10,nor,38.640,38.820,CC,8.5908,4.78,3,1.604554
audio13.TextGrid,12,11,heavy,38.820,39.200,JJ,8.0799,4.96,4,0.114124
audio13.TextGrid,12,12,and,39.480,39.600,CC,3.7631,7.41,2,-0.098347
audio13.TextGrid,12,13,he,39.600,39.700,PRP,5.6664,6.69,2,0.970459
audio13.TextGrid,12,14,knew,39.700,39.880,VBD,9.1014,5.2,3,1.463980
audio13.TextGrid,12,15,exactly,39.880,40.390,RB,10.4019,5.15,8,1.532024
audio13.TextGrid,12,16,what,40.390,40.540,WP,7.1668,6.38,3,1.331332
audio13.TextGrid,12,17,it,40.540,40.680,PRP,5.5153,6.95,2,1.120704
audio13.TextGrid,12,18,was,40.680,41.070,VBD,3.9255,6.82,3,-2.546757
audio13.TextGrid,12,19,one,42.070,42.250,CD,6.4784,6.47,3,0.707663
audio13.TextGrid,12,20,hundred,42.250,42.570,NN,8.6849,4.71,7,0.511877
audio13.TextGrid,12,21,fathoms,42.570,42.990,NNS,6.1284,2.49,6,-0.666579
audio13.TextGrid,12,22,down,42.990,43.380,RP,6.8862,5.88,3,0.691114
audio13.TextGrid,12,23,a,43.380,43.450,DT,3.1132,7.36,1,0.405020
audio13.TextGrid,12,24,marlin,43.450,43.980,NN,4.1429,3.01,6,-2.964138
audio13.TextGrid,12,25,was,43.980,44.230,VBD,5.4069,6.82,3,-1.065357
audio13.TextGrid,12,26,eating,44.230,44.510,VBG,11.1351,4.85,4,3.138584
audio13.TextGrid,12,27,the,44.510,44.600,DT,2.2460,7.73,2,-1.244561
audio13.TextGrid,12,28,sardines,44.600,45.340,NNS,6.4494,2.93,7,0.127390
audio13.TextGrid,12,29,that,45.340,45.480,WDT,4.0198,7.01,3,-1.362550
audio13.TextGrid,12,30,covered,45.480,45.780,VBD,10.4639,4.83,5,2.363226
audio13.TextGrid,12,31,the,45.780,45.860,DT,3.1428,7.73,2,-0.347761
audio13.TextGrid,12,32,point,45.860,46.300,NN,6.9803,5.54,4,-0.823394
audio13.TextGrid,12,33,and,46.300,46.390,CC,4.0434,7.41,2,0.181953
audio13.TextGrid,12,34,the,46.390,46.490,DT,2.4706,7.73,2,-1.019961
audio13.TextGrid,12,35,shank,46.490,46.880,NN,4.1387,3.07,4,-4.355243
audio13.TextGrid,12,36,of,46.880,46.970,IN,2.9724,7.4,2,-0.900638
audio13.TextGrid,12,37,the,46.970,47.070,DT,1.6913,7.73,2,-1.799261
audio13.TextGrid,12,38,hook,47.070,47.420,NN,9.5423,4.37,3,1.307914
audio13.TextGrid,12,39,where,47.420,47.520,WRB,7.1982,6.0,3,1.089422
audio13.TextGrid,12,40,the,47.520,47.580,DT,1.9691,7.73,2,-1.521461
audio13.TextGrid,12,41,hand,47.580,47.900,NN,8.1562,5.41,4,0.316178
audio13.TextGrid,12,42,forged,47.900,48.340,VBD,3.6504,3.72,5,-4.272308
audio13.TextGrid,12,43,hook,48.340,48.500,NN,11.8796,4.37,3,3.645214
audio13.TextGrid,12,44,projected,48.530,49.030,VBN,6.2100,3.99,9,-0.672600
audio13.TextGrid,12,45,from,49.030,49.200,IN,4.2594,6.63,3,-1.396259
audio13.TextGrid,12,46,the,49.200,49.270,DT,1.6769,7.73,2,-1.813661
audio13.TextGrid,12,47,head,49.270,49.550,NN,7.8723,5.51,3,0.457843
audio13.TextGrid,12,48,of,49.550,49.630,IN,2.9825,7.4,2,-0.890538
audio13.TextGrid,12,49,the,49.630,49.730,DT,1.6990,7.73,2,-1.791561
audio13.TextGrid,12,50,small,49.730,50.060,JJ,6.8943,5.51,4,-0.917777
audio13.TextGrid,12,51,tuna,50.060,50.410,NN,3.9924,3.64,4,-4.342255
audio13.TextGrid,13,1,the,52.100,52.220,DT,1.8241,7.73,2,-1.666461
audio13.TextGrid,13,2,old,52.220,52.420,JJ,7.3292,5.75,3,0.087360
audio13.TextGrid,13,3,man,52.420,52.660,NN,7.6921,5.82,3,0.500607
audio13.TextGrid,13,4,held,52.660,52.890,VBD,7.0827,5.24,4,-0.804830
audio13.TextGrid,13,5,the,52.890,52.970,DT,2.9209,7.73,2,-0.569661
audio13.TextGrid,13,6,line,52.970,53.260,NN,7.6819,5.49,3,0.253059
audio13.TextGrid,13,7,delicately,53.260,53.980,RB,5.6188,3.05,9,0.540493
audio13.TextGrid,13,8,and,54.290,54.470,CC,3.7075,7.41,3,-1.387155
audio13.TextGrid,13,9,softly,54.470,55.060,RB,4.2176,3.77,6,-3.345523
audio13.TextGrid,13,10,with,55.060,55.230,IN,4.9984,6.85,3,-0.499027
audio13.TextGrid,13,11,his,55.230,55.390,PRP$,5.3298,6.51,3,-0.412168
audio13.TextGrid,13,12,left,55.390,55.640,JJ,10.8399,5.62,4,3.058563
audio13.TextGrid,13,13,hand,55.640,56.030,NN,8.1778,5.41,4,0.337778
audio13.TextGrid,13,14,unleashed,56.030,56.490,VBD,11.3467,3.47,6,3.963611
audio13.TextGrid,13,15,it,56.490,56.600,PRP,4.5329,6.95,2,0.138304
audio13.TextGrid,13,16,from,56.600,56.770,IN,4.6145,6.63,4,-1.931337
audio13.TextGrid,13,17,the,56.770,56.830,DT,1.6935,7.73,2,-1.797061
audio13.TextGrid,13,18,stick,56.830,57.230,NN,14.5316,4.76,4,6.509933
audio13.TextGrid,14,1,now,58.170,58.440,RB,6.7634,6.18,2,0.523107
audio13.TextGrid,14,2,he,58.440,58.540,PRP,5.3385,6.69,2,0.642559
audio13.TextGrid,14,3,could,58.540,58.690,MD,5.0884,6.06,3,-0.977224
audio13.TextGrid,14,4,let,58.690,58.840,VB,7.5267,5.6,3,0.176975
audio13.TextGrid,14,5,it,58.840,58.970,PRP,4.4501,6.95,2,0.055504
audio13.TextGrid,14,6,run,58.970,59.190,VB,8.7709,5.49,3,1.342059
audio13.TextGrid,14,7,through,59.190,59.360,IN,6.9526,5.87,3,0.750321
audio13.TextGrid,14,8,his,59.360,59.550,PRP$,5.3330,6.51,3,-0.408968
audio13.TextGrid,14,9,fingers,59.550,60.100,NNS,10.3119,4.5,6,2.310695
audio13.TextGrid,14,10,without,60.100,60.330,IN,7.1441,5.69,5,-0.141204
audio13.TextGrid,14,11,the,60.330,60.450,DT,1.6981,7.73,2,-1.792461
audio13.TextGrid,14,12,fish,60.450,60.770,JJ,5.0749,4.9,3,-2.778291
audio13.TextGrid,14,13,feeling,60.770,61.100,NN,11.1868,5.13,5,3.038027
audio13.TextGrid,14,14,any,61.100,61.270,DT,7.0063,6.07,3,0.947868
audio13.TextGrid,14,15,tension,61.270,61.840,NN,10.2489,4.22,6,2.415727
audio13.TextGrid,15,1,this,63.250,63.470,DT,4.8800,6.82,3,-0.639005
audio13.TextGrid,15,2,far,63.470,63.730,RB,8.8193,5.5,3,1.397651
audio13.TextGrid,15,3,out,63.730,64.070,IN,7.8643,6.38,2,2.809063
audio13.TextGrid,15,4,he,64.260,64.350,PRP,4.9040,6.69,2,0.208059
audio13.TextGrid,15,5,must,64.350,64.550,MD,7.7270,5.68,4,0.915683
audio13.TextGrid,15,6,be,64.550,64.730,VB,3.7148,6.79,2,-1.818492
audio13.TextGrid,15,7,huge,64.730,65.310,JJ,8.7061,5.06,4,0.768269
audio13.TextGrid,15,8,in,65.310,65.410,IN,3.9249,7.27,2,-0.098810
audio13.TextGrid,15,9,this,65.410,65.600,DT,4.7593,6.82,3,-0.759705
audio13.TextGrid,15,10,month,65.600,65.910,NN,6.4506,5.25,4,-1.434135
audio13.TextGrid,15,11,he,65.980,66.130,PRP,6.7737,6.69,2,2.077759
audio13.TextGrid,15,12,thought,66.130,66.530,VBD,8.6705,5.59,3,1.313582
audio13.TextGrid,16,1,eat,67.290,67.450,VB,13.8346,5.13,2,6.377337
audio13.TextGrid,16,2,them,67.450,67.720,PRP,6.7009,6.19,3,0.728777
audio13.TextGrid,16,3,fish,67.720,68.100,JJ,6.0481,4.9,3,-1.805091
audio13.TextGrid,16,4,eat,68.520,68.650,VB,12.0662,5.13,2,4.608937
audio13.TextGrid,16,5,them,68.650,68.950,PRP,6.9464,6.19,3,0.974277
audio13.TextGrid,17,1,please,69.470,70.020,VB,14.3897,5.66,4,6.619541
audio13.TextGrid,17,2,eat,70.020,70.350,VB,11.5785,5.13,2,4.121237
audio13.TextGrid,17,3,them,70.350,70.560,PRP,6.8878,6.19,3,0.915677
audio13.TextGrid,17,4,how,71.490,71.610,WRB,7.5888,6.24,2,2.371301
audio13.TextGrid,17,5,fresh,71.610,72.060,JJ,9.8193,4.83,4,1.817195
audio13.TextGrid,17,6,they,72.090,72.270,PRP,6.3263,6.5,2,1.410145
audio13.TextGrid,17,7,are,72.270,72.580,VBP,4.0524,6.74,2,-1.538843
audio13.TextGrid,17,8,and,72.950,73.070,CC,4.2414,7.41,3,-0.853255
audio13.TextGrid,17,9,you,73.070,73.300,PRP,7.4283,6.98,2,3.068475
audio13.TextGrid,17,10,down,73.300,73.690,RP,6.7584,5.88,3,0.563314
audio13.TextGrid,17,11,there,73.690,73.900,RB,6.0647,6.31,3,-0.774368
audio13.TextGrid,17,12,six,73.900,74.170,CD,8.7413,5.29,4,1.820996
audio13.TextGrid,17,13,hundred,74.170,74.500,VBD,8.5647,4.71,7,0.391677
audio13.TextGrid,17,14,feet,74.550,74.770,NNS,9.8903,4.99,3,2.101841
audio13.TextGrid,17,15,in,74.770,74.860,IN,3.1499,7.27,2,-0.873810
audio13.TextGrid,17,16,that,74.860,75.010,DT,4.8730,7.01,3,-0.509350
audio13.TextGrid,17,17,cold,75.010,75.350,JJ,10.1411,5.02,4,2.192091
audio13.TextGrid,17,18,water,75.350,75.660,NN,8.8936,5.52,4,1.084317
audio13.TextGrid,17,19,in,75.660,75.750,IN,3.2677,7.27,2,-0.756010
audio13.TextGrid,17,20,the,75.750,75.830,DT,1.6957,7.73,2,-1.794861
audio13.TextGrid,17,21,dark,75.830,76.270,NN,10.7230,5.04,4,2.779580
audio13.TextGrid,18,1,make,76.830,77.040,VB,9.9901,6.08,3,2.985608
audio13.TextGrid,18,2,another,77.040,77.330,DT,7.0078,5.74,5,-0.285521
audio13.TextGrid,18,3,turn,77.330,77.660,NN,9.5031,5.32,3,1.951989
audio13.TextGrid,18,4,in,77.660,77.760,IN,3.3945,7.27,2,-0.629210
audio13.TextGrid,18,5,the,77.760,77.830,DT,1.6973,7.73,2,-1.793261
audio13.TextGrid,18,6,dark,77.830,78.210,NN,10.7240,5.04,4,2.780580
audio13.TextGrid,18,7,and,78.210,78.290,CC,3.9096,7.41,2,0.048153
audio13.TextGrid,18,8,come,78.290,78.540,VB,10.6584,5.78,3,3.438137
audio13.TextGrid,18,9,back,78.540,78.810,RB,7.9098,6.04,3,0.876539
audio13.TextGrid,18,10,and,78.920,79.220,CC,3.6817,7.41,3,-1.412955
audio13.TextGrid,18,11,eat,79.220,79.370,VB,10.9774,5.13,2,3.520137
audio13.TextGrid,18,12,them,79.410,79.710,PRP,6.9191,6.19,3,0.946977
audio13.TextGrid,19,1,he,81.490,81.600,PRP,4.5353,6.69,2,-0.160641
audio13.TextGrid,19,2,felt,81.600,81.790,VBD,8.2416,5.13,4,0.323331
audio13.TextGrid,19,3,the,81.790,81.900,DT,2.5389,7.73,2,-0.951661
audio13.TextGrid,19,4,light,81.900,82.100,JJ,7.7238,5.33,3,0.179881
audio13.TextGrid,19,5,delicate,82.100,82.560,NN,4.3609,4.01,7,-3.084196
audio13.TextGrid,19,6,pulling,82.560,82.980,NN,11.2544,4.35,5,3.230685
audio13.TextGrid,19,7,and,83.120,83.240,CC,4.0221,7.41,2,0.160653
audio13.TextGrid,19,8,then,83.240,83.370,RB,7.2997,6.07,3,0.288016
audio13.TextGrid,19,9,a,83.370,83.400,DT,4.4614,7.36,1,1.753220
audio13.TextGrid,19,10,harder,83.400,83.780,NN,10.0053,4.57,5,1.946312
audio13.TextGrid,19,11,pull,83.780,84.140,NN,11.6550,4.82,3,3.744271
audio13.TextGrid,19,12,when,84.140,84.280,WRB,6.5231,6.37,3,0.680439
audio13.TextGrid,19,13,a,84.280,84.340,DT,2.8487,7.36,1,0.140520
audio13.TextGrid,19,14,sardine,84.340,84.830,NN,4.1380,2.66,6,-2.758998
audio13.TextGrid,19,15,s,84.830,84.920,JJ,6.5176,5.86,1,0.457965
audio13.TextGrid,19,16,head,84.920,85.160,NN,8.2569,5.51,3,0.842443
audio13.TextGrid,19,17,must,85.160,85.330,MD,7.2145,5.68,4,0.403183
audio13.TextGrid,19,18,have,85.330,85.420,VB,3.8736,6.71,3,-2.677773
audio13.TextGrid,19,19,been,85.420,85.580,VBN,5.9264,6.27,3,-0.941437
audio13.TextGrid,19,20,more,85.580,85.750,RBR,6.0766,6.36,3,-0.726506
audio13.TextGrid,19,21,difficult,85.750,86.230,JJ,8.3246,5.07,8,-0.426901
audio13.TextGrid,19,22,to,86.230,86.300,TO,3.0928,7.43,2,-0.745467
audio13.TextGrid,19,23,break,86.300,86.570,VB,8.8529,5.18,4,0.948603
audio13.TextGrid,19,24,from,86.570,86.760,IN,5.1524,6.63,3,-0.503259
audio13.TextGrid,19,25,the,86.760,86.860,DT,1.7128,7.73,2,-1.777761
audio13.TextGrid,19,26,hook,86.860,87.220,NN,9.5454,4.37,3,1.311014
audio13.TextGrid,20,1,then,88.080,88.240,RB,7.4856,6.07,3,0.473916
audio13.TextGrid,20,2,there,88.240,88.330,EX,6.3065,6.31,3,0.420685
audio13.TextGrid,20,3,was,88.330,88.520,VBD,4.0250,6.82,3,-2.447257
audio13.TextGrid,20,4,nothing,88.520,88.900,NN,10.4459,5.55,5,2.229789
audio13.TextGrid,21,1,come,90.370,90.570,VBN,10.6226,5.78,3,3.402337
audio13.TextGrid,21,2,on,90.570,90.930,IN,4.6963,6.91,2,0.255343
audio13.TextGrid,21,3,the,91.210,91.340,DT,1.6904,7.73,2,-1.800161
audio13.TextGrid,21,4,old,91.340,91.540,JJ,7.3264,5.75,3,0.084560
audio13.TextGrid,21,5,man,91.540,91.770,NN,7.6919,5.82,3,0.500407
audio13.TextGrid,21,6,said,91.770,91.970,VBD,5.2958,6.01,3,-1.759038
audio13.TextGrid,21,7,aloud,91.970,92.400,JJ,5.8175,3.51,4,-2.553484
audio13.TextGrid,22,1,make,93.060,93.280,VB,9.9901,6.08,3,2.985608
audio13.TextGrid,22,2,another,93.280,93.570,DT,7.0078,5.74,5,-0.285521
audio13.TextGrid,22,3,turn,93.570,94.090,NN,9.5031,5.32,3,1.951989
audio13.TextGrid,22,4,just,94.790,95.210,RB,7.2204,6.43,4,-0.334580
audio13.TextGrid,22,5,smell,95.210,95.700,VB,4.3132,4.49,4,-3.783919
audio13.TextGrid,22,6,them,95.700,96.000,PRP,6.4965,6.19,3,0.524377
audio13.TextGrid,22,7,aren,96.740,96.990,RP,6.0595,2.81,4,-1.553848
audio13.TextGrid,23,1,t,96.990,97.090,NN,5.9246,5.43,1,-0.822519
audio13.TextGrid,23,2,they,97.090,97.210,PRP,7.4084,6.5,2,2.492245
audio13.TextGrid,23,3,lovely,97.210,97.780,RB,11.9349,4.74,5,3.848656
audio13.TextGrid,23,4,eat,98.500,98.670,VBP,12.7983,5.13,2,5.341037
audio13.TextGrid,23,5,them,98.670,98.890,PRP,6.9064,6.19,3,0.934277
audio13.TextGrid,23,6,good,98.890,99.180,JJ,8.3143,6.12,3,1.338577
audio13.TextGrid,23,7,now,99.180,99.530,RB,8.0248,6.18,2,1.784507
audio13.TextGrid,24,1,and,99.940,100.020,CC,3.7036,7.41,2,-0.157847
audio13.TextGrid,24,2,then,100.020,100.350,RB,6.4220,6.07,3,-0.589684
audio13.TextGrid,24,3,there,100.350,100.490,EX,7.4500,6.31,3,1.564185
audio13.TextGrid,24,4,is,100.490,100.630,VBZ,3.4627,7.07,2,-1.746066
audio13.TextGrid,24,5,the,100.630,100.730,DT,2.6256,7.73,2,-0.864961
audio13.TextGrid,24,6,tuna,100.730,101.210,JJ,5.0791,3.64,4,-3.255555
audio13.TextGrid,24,7,hard,101.740,102.280,NN,9.1578,5.53,4,1.351312
audio13.TextGrid,24,8,and,102.280,102.430,CC,3.8170,7.41,2,-0.044447
audio13.TextGrid,24,9,cold,102.430,102.880,NN,10.0976,5.02,4,2.148591
audio13.TextGrid,24,10,and,102.880,103.010,CC,3.7567,7.41,2,-0.104747
audio13.TextGrid,24,11,lovely,103.010,103.560,RB,10.1187,4.74,5,2.032456
audio13.TextGrid,25,1,don,104.320,104.520,NN,11.1384,4.6,3,3.069439
audio13.TextGrid,25,2,t,104.520,104.570,NN,6.0039,5.43,1,-0.743219
audio13.TextGrid,25,3,be,104.570,104.700,VB,5.4154,6.79,2,-0.117892
audio13.TextGrid,25,4,shy,104.700,105.050,JJ,5.7028,4.16,2,-2.878711
audio13.TextGrid,25,5,fish,105.050,105.430,NN,5.2490,4.9,3,-2.604191
audio13.TextGrid,26,1,eat,105.910,106.030,VB,13.8346,5.13,2,6.377337
audio13.TextGrid,26,2,them,106.030,106.370,PRP,6.7009,6.19,3,0.728777
audio13.TextGrid,26,3,he,109.040,109.150,PRP,5.6524,6.69,2,0.956459
audio13.TextGrid,26,4,waited,109.150,109.480,VBD,10.0537,4.26,5,2.044414
audio13.TextGrid,26,5,with,109.480,109.600,IN,5.2163,6.85,3,-0.281127
audio13.TextGrid,26,6,the,109.600,109.690,DT,1.7440,7.73,2,-1.746561
audio13.TextGrid,26,7,line,109.690,109.980,NN,7.6733,5.49,3,0.244459
audio13.TextGrid,26,8,between,109.980,110.280,IN,7.0776,5.77,6,-0.732495
audio13.TextGrid,26,9,his,110.280,110.440,PRP$,5.3094,6.51,3,-0.432568
audio13.TextGrid,26,10,thumb,110.440,110.700,NN,4.2574,4.01,3,-4.235911
audio13.TextGrid,26,11,and,110.700,110.820,CC,4.3075,7.41,3,-0.787155
audio13.TextGrid,26,12,his,110.820,111.000,PRP$,5.8319,6.51,3,0.089932
audio13.TextGrid,26,13,finger,111.000,111.390,NN,4.2575,4.48,5,-3.787058
audio13.TextGrid,26,14,watching,111.590,111.970,VBG,11.1284,5.02,5,2.997264
audio13.TextGrid,26,15,it,111.970,112.200,PRP,4.4651,6.95,2,0.070504
audio13.TextGrid,26,16,and,112.200,112.290,CC,4.1823,7.41,2,0.320853
audio13.TextGrid,26,17,the,112.290,112.420,DT,2.2416,7.73,2,-1.248961
audio13.TextGrid,26,18,other,112.420,112.600,JJ,5.7832,6.16,3,-1.163753
audio13.TextGrid,26,19,lines,112.600,112.930,NNS,8.6543,4.95,4,0.685729
audio13.TextGrid,26,20,at,112.930,112.990,IN,4.9028,6.7,2,0.218449
audio13.TextGrid,26,21,the,112.990,113.080,DT,1.6914,7.73,2,-1.799161
audio13.TextGrid,26,22,same,113.080,113.340,JJ,7.1122,5.8,3,-0.093678
audio13.TextGrid,26,23,time,113.340,113.790,NN,5.9413,6.29,3,-0.912152
audio13.TextGrid,26,24,for,113.790,113.930,IN,3.9739,7.01,2,-0.351155
audio13.TextGrid,26,25,the,113.930,114.030,DT,1.6908,7.73,2,-1.799761
audio13.TextGrid,26,26,fish,114.030,114.270,NN,4.1359,4.9,3,-3.717291
audio13.TextGrid,26,27,might,114.270,114.430,MD,7.2652,5.66,3,0.911882
audio13.TextGrid,26,28,have,114.430,114.550,VB,3.8843,6.71,3,-2.667073
audio13.TextGrid,26,29,swum,114.550,114.840,VBN,5.9123,2.43,4,-2.760493
audio13.TextGrid,26,30,up,114.840,115.010,RP,5.0773,6.39,2,0.033653
audio13.TextGrid,26,31,or,115.010,115.110,CC,5.8382,6.54,2,0.968406
audio13.TextGrid,26,32,down,115.110,115.580,IN,6.8320,5.88,3,0.636914
audio13.TextGrid,27,1,then,116.500,116.760,RB,7.4856,6.07,3,0.473916
audio13.TextGrid,27,2,came,116.760,117.070,VBD,7.9811,5.5,3,0.559451
audio13.TextGrid,27,3,the,117.070,117.140,DT,2.4516,7.73,2,-1.038961
audio13.TextGrid,27,4,same,117.140,117.570,JJ,7.1154,5.8,3,-0.090478
audio13.TextGrid,27,5,delicate,117.570,118.090,NN,3.9916,4.01,7,-3.453496
audio13.TextGrid,27,6,pulling,118.130,118.480,VBG,11.2162,4.35,5,3.192485
audio13.TextGrid,27,7,touch,118.480,118.810,NN,11.0999,4.91,3,3.253902
audio13.TextGrid,27,8,again,118.810,119.130,RB,8.0615,5.7,4,0.302519
audio13.TextGrid,28,1,he,119.130,119.210,PRP,4.5353,6.69,2,-0.160641
audio13.TextGrid,28,2,ll,121.090,121.220,MD,4.2179,4.66,2,-2.830849
audio13.TextGrid,28,3,take,121.220,121.510,VB,5.6108,5.92,3,-1.508770
audio13.TextGrid,28,4,it,121.510,121.780,PRP,4.4228,6.95,2,0.028204
audio13.TextGrid,28,5,the,122.070,122.170,DT,3.8276,7.73,2,0.337039
audio13.TextGrid,28,6,old,122.170,122.360,JJ,7.3408,5.75,3,0.098960
audio13.TextGrid,28,7,man,122.360,122.580,NN,7.6965,5.82,3,0.505007
audio13.TextGrid,28,8,said,122.580,122.770,VBD,4.4628,6.01,3,-2.592038
audio13.TextGrid,28,9,aloud,122.770,123.170,JJ,5.8359,3.51,4,-2.535084
audio13.TextGrid,29,1,god,124.040,124.390,NN,11.1384,5.57,3,3.767098
audio13.TextGrid,29,2,help,124.390,124.650,VBZ,7.2651,5.75,4,-0.479908
audio13.TextGrid,29,3,him,124.650,124.760,PRP,8.0276,6.11,2,2.659428
audio13.TextGrid,29,4,to,124.760,124.890,TO,3.5419,7.43,2,-0.296367
audio13.TextGrid,29,5,take,124.890,125.160,VB,6.4853,5.92,3,-0.634270
audio13.TextGrid,29,6,it,125.160,125.370,PRP,4.4245,6.95,2,0.029904
audio13.TextGrid,30,1,he,126.930,127.070,PRP,4.5353,6.69,2,-0.160641
audio13.TextGrid,30,2,did,127.070,127.210,VBD,5.6940,5.96,3,-1.396800
audio13.TextGrid,30,3,not,127.210,127.460,RB,5.4771,6.69,3,-1.088658
audio13.TextGrid,30,4,take,127.460,127.600,VB,6.3909,5.92,3,-0.728670
audio13.TextGrid,30,5,it,127.600,127.690,PRP,4.4278,6.95,2,0.033204
audio13.TextGrid,31,1,though,127.690,127.940,IN,8.0782,5.5,2,2.003027
audio13.TextGrid,31,2,he,128.340,128.450,PRP,4.6236,6.69,2,-0.072341
audio13.TextGrid,31,3,was,128.450,128.630,VBD,5.1218,6.82,3,-1.350457
audio13.TextGrid,31,4,gone,128.630,129.050,VBN,10.2642,5.17,3,2.605203
audio13.TextGrid,31,5,and,129.290,129.400,CC,3.9606,7.41,2,0.099153
audio13.TextGrid,31,6,the,129.400,129.500,DT,2.9635,7.73,2,-0.527061
audio13.TextGrid,31,7,old,129.500,129.690,JJ,7.3320,5.75,3,0.090160
audio13.TextGrid,31,8,man,129.690,129.900,NN,7.6930,5.82,3,0.501507
audio13.TextGrid,31,9,felt,129.900,130.160,VBD,8.7860,5.13,4,0.867731
audio13.TextGrid,31,10,nothing,130.160,130.610,NN,10.4528,5.55,5,2.236689
audio13.TextGrid,32,1,he,132.080,132.180,PRP,4.5353,6.69,2,-0.160641
audio13.TextGrid,32,2,can,132.180,132.400,MD,5.3091,6.46,3,-0.468830
audio13.TextGrid,32,3,t,132.400,132.430,VB,3.7171,5.43,1,-3.030019
audio13.TextGrid,32,4,have,132.430,132.530,VB,5.7075,6.71,3,-0.843873
audio13.TextGrid,32,5,gone,132.530,132.900,VBN,9.9423,5.17,3,2.283303
audio13.TextGrid,32,6,he,133.230,133.360,PRP,5.8598,6.69,2,1.163859
audio13.TextGrid,32,7,said,133.360,133.670,VBD,5.3794,6.01,3,-1.675438
audio13.TextGrid,33,1,christ,134.180,134.660,NN,5.9246,4.79,5,-2.169660
audio13.TextGrid,33,2,knows,134.660,135.040,VBZ,9.0274,5.07,3,1.296480
audio13.TextGrid,33,3,he,135.040,135.120,PRP,5.3684,6.69,2,0.672459
audio13.TextGrid,33,4,can,135.120,135.330,MD,6.7731,6.46,3,0.995170
audio13.TextGrid,33,5,t,135.330,135.360,VB,3.7233,5.43,1,-3.023819
audio13.TextGrid,33,6,have,135.360,135.450,VB,5.7012,6.71,3,-0.850173
audio13.TextGrid,33,7,gone,135.450,135.820,VBN,9.9386,5.17,3,2.279603
audio13.TextGrid,34,1,he,136.430,136.550,PRP,4.5353,6.69,2,-0.160641
audio13.TextGrid,34,2,s,136.550,136.590,VBD,3.3819,5.86,1,-2.677735
audio13.TextGrid,34,3,making,136.590,136.900,VBG,8.2018,5.54,5,-0.012708
audio13.TextGrid,34,4,a,136.900,136.960,DT,3.1365,7.36,1,0.428320
audio13.TextGrid,34,5,turn,136.960,137.500,NN,9.5219,5.32,3,1.970789
audio13.TextGrid,35,1,maybe,138.330,138.650,RB,9.9133,5.45,4,2.084456
audio13.TextGrid,35,2,he,138.650,138.780,PRP,5.3385,6.69,2,0.642559
audio13.TextGrid,35,3,has,138.780,138.930,VBZ,4.0746,6.37,3,-2.721314
audio13.TextGrid,35,4,been,138.930,139.100,VBN,5.9193,6.27,3,-0.948537
audio13.TextGrid,35,5,hooked,139.100,139.320,VBN,6.9107,3.92,4,-1.345708
audio13.TextGrid,35,6,before,139.320,139.800,IN,6.1678,5.93,5,-1.155983
audio13.TextGrid,35,7,and,139.800,139.900,CC,5.6077,7.41,3,0.513045
audio13.TextGrid,35,8,he,139.900,140.010,PRP,5.7849,6.69,2,1.088959
audio13.TextGrid,35,9,remembers,140.010,140.580,VBZ,3.4545,3.93,8,-3.610168
audio13.TextGrid,35,10,something,140.580,140.960,NN,10.1200,5.81,6,1.332648
audio13.TextGrid,35,11,of,140.960,141.090,IN,3.3742,7.4,2,-0.498838
audio13.TextGrid,35,12,it,141.090,141.260,PRP,3.8016,6.95,2,-0.592996
audio13.TextGrid,36,1,then,143.500,143.730,RB,7.4856,6.07,3,0.473916
audio13.TextGrid,36,2,he,143.730,143.850,PRP,5.3385,6.69,2,0.642559
audio13.TextGrid,36,3,felt,143.850,144.030,VBD,8.2736,5.13,4,0.355331
audio13.TextGrid,36,4,the,144.030,144.140,DT,2.5323,7.73,2,-0.958261
audio13.TextGrid,36,5,gentle,144.140,144.450,JJ,10.7254,4.17,6,2.922232
audio13.TextGrid,36,6,touch,144.450,144.750,NN,10.0538,4.91,3,2.207802
audio13.TextGrid,36,7,on,144.750,144.850,IN,4.5556,6.91,2,0.114643
audio13.TextGrid,36,8,the,144.850,144.920,DT,1.7005,7.73,2,-1.790061
audio13.TextGrid,36,9,line,144.920,145.340,NN,7.6705,5.49,3,0.241659
audio13.TextGrid,36,10,and,145.610,145.720,CC,4.4155,7.41,2,0.554053
audio13.TextGrid,36,11,he,145.720,145.810,PRP,4.9547,6.69,2,0.258759
audio13.TextGrid,36,12,was,145.810,145.960,VBD,4.5334,6.82,3,-1.938857
audio13.TextGrid,36,13,happy,145.960,146.440,JJ,11.5101,5.35,4,3.653310
audio13.TextGrid,37,1,it,147.410,147.560,PRP,3.8912,6.95,2,-0.503396
audio13.TextGrid,37,2,was,147.560,147.670,VBD,3.9158,6.82,3,-2.556457
audio13.TextGrid,37,3,only,147.670,147.910,RB,6.0839,6.12,4,-1.557711
audio13.TextGrid,37,4,his,147.910,148.110,PRP$,7.4209,6.51,3,1.678932
audio13.TextGrid,37,5,turn,148.110,148.590,NN,9.6516,5.32,3,2.100489
audio13.TextGrid,37,6,he,148.850,148.970,PRP,6.7479,6.69,2,2.051959
audio13.TextGrid,37,7,said,148.970,149.310,VBD,4.5001,6.01,3,-2.554738
audio13.TextGrid,37,8,he,149.310,149.390,PRP,5.1869,6.69,2,0.490959
audio13.TextGrid,37,9,ll,149.770,149.880,MD,5.1202,4.66,2,-1.928549
audio13.TextGrid,37,10,take,149.880,150.190,VB,5.6142,5.92,3,-1.505370
audio13.TextGrid,37,11,it,150.190,150.390,PRP,4.4171,6.95,2,0.022504
audio13.TextGrid,38,1,he,152.250,152.360,PRP,4.5353,6.69,2,-0.160641
audio13.TextGrid,38,2,was,152.360,152.500,VBD,3.9158,6.82,3,-2.556457
audio13.TextGrid,38,3,happy,152.500,152.880,JJ,11.5247,5.35,4,3.667910
audio13.TextGrid,38,4,feeling,152.880,153.220,VBG,10.4025,5.13,5,2.253727
audio13.TextGrid,38,5,the,153.220,153.280,DT,2.3481,7.73,2,-1.142461
audio13.TextGrid,38,6,gentle,153.280,153.590,JJ,10.7259,4.17,6,2.922732
audio13.TextGrid,38,7,pulling,153.590,154.040,NN,12.3351,4.35,5,4.311385
audio13.TextGrid,38,8,and,154.380,154.470,CC,3.9941,7.41,2,0.132653
audio13.TextGrid,38,9,then,154.470,154.620,RB,7.6928,6.07,3,0.681116
audio13.TextGrid,38,10,he,154.620,154.740,PRP,6.4720,6.69,2,1.776059
audio13.TextGrid,38,11,felt,154.740,154.950,VBD,9.6336,5.13,4,1.715331
audio13.TextGrid,38,12,something,154.950,155.270,NN,9.7633,5.81,6,0.975948
audio13.TextGrid,38,13,hard,155.270,155.750,JJ,9.2147,5.53,4,1.408212
audio13.TextGrid,38,14,and,155.750,156.000,CC,3.6578,7.41,3,-1.436855
audio13.TextGrid,38,15,unbelievably,156.000,156.740,RB,4.6565,3.42,11,-0.088956
audio13.TextGrid,38,16,heavy,156.740,157.120,JJ,9.1763,4.96,4,1.210524
audio13.TextGrid,39,1,it,158.120,158.230,PRP,3.8912,6.95,2,-0.503396
audio13.TextGrid,39,2,was,158.230,158.480,VBD,3.9158,6.82,3,-2.556457
audio13.TextGrid,39,3,the,158.480,158.550,DT,2.4587,7.73,2,-1.031861
audio13.TextGrid,39,4,weight,158.550,158.830,NN,10.2396,5.02,3,2.472718
audio13.TextGrid,39,5,of,158.830,158.910,IN,3.1714,7.4,2,-0.701638
audio13.TextGrid,39,6,the,158.910,159.010,DT,1.6958,7.73,2,-1.794761
audio13.TextGrid,39,7,fish,159.010,159.420,NN,4.1369,4.9,3,-3.716291
audio13.TextGrid,39,8,and,159.680,159.810,CC,4.5034,7.41,2,0.641953
audio13.TextGrid,39,9,he,159.810,159.890,PRP,4.9816,6.69,2,0.285659
audio13.TextGrid,39,10,let,159.890,160.050,VB,8.4388,5.6,3,1.089075
audio13.TextGrid,39,11,the,160.050,160.140,DT,2.3529,7.73,2,-1.137661
audio13.TextGrid,39,12,line,160.140,160.410,NN,7.6728,5.49,3,0.243959
audio13.TextGrid,39,13,slip,160.410,160.710,VBP,11.7201,4.28,4,3.564295
audio13.TextGrid,39,14,down,160.730,161.340,RP,6.3259,5.88,3,0.130814
audio13.TextGrid,39,15,down,161.450,161.960,RB,6.7455,5.88,3,-0.402839
audio13.TextGrid,40,1,down,162.410,162.900,RB,7.4625,5.88,3,0.314161
audio13.TextGrid,40,2,unrolling,163.240,163.910,VBG,7.8831,1.94,7,2.590587
audio13.TextGrid,40,3,off,163.910,164.130,RP,6.2103,5.93,2,0.633505
audio13.TextGrid,40,4,the,164.130,164.270,DT,2.3293,7.73,2,-1.161261
audio13.TextGrid,40,5,first,164.270,164.590,JJ,6.1609,6.11,4,-1.483505
audio13.TextGrid,40,6,of,164.590,164.660,IN,4.7172,7.4,2,0.844162
audio13.TextGrid,40,7,the,164.660,164.750,DT,1.7025,7.73,2,-1.788061
audio13.TextGrid,40,8,two,164.750,164.890,CD,7.2483,6.1,2,1.868538
audio13.TextGrid,40,9,reserve,164.890,165.320,NN,9.5018,4.6,5,1.438002
audio13.TextGrid,41,1,coils,165.320,165.820,NNS,6.9453,3.36,4,-1.467602
audio13.TextGrid,41,2,as,165.820,165.880,IN,5.3541,6.77,2,0.750881
audio13.TextGrid,41,3,it,167.000,167.170,PRP,3.8806,6.95,2,-0.513996
audio13.TextGrid,41,4,went,167.170,167.400,VBD,7.4840,5.5,4,-0.330872
audio13.TextGrid,41,5,down,167.400,167.860,RB,6.3409,5.88,3,-0.807439
audio13.TextGrid,41,6,slipping,167.860,168.280,VBG,7.5438,3.69,6,0.028686
audio13.TextGrid,41,7,lightly,168.280,168.700,RB,4.9560,3.96,5,-3.005187
audio13.TextGrid,41,8,through,168.700,168.860,IN,7.3787,5.87,3,1.176421
audio13.TextGrid,41,9,the,168.860,169.000,DT,1.7449,7.73,2,-1.745661
audio13.TextGrid,41,10,old,169.000,169.180,JJ,7.3318,5.75,3,0.089960
audio13.TextGrid,41,11,man,169.180,169.400,NN,7.6965,5.82,3,0.505007
audio13.TextGrid,41,12,s,169.400,169.490,VBZ,4.8571,5.86,1,-1.202535
audio13.TextGrid,41,13,fingers,169.490,169.920,NNS,12.4544,4.5,6,4.453195
audio13.TextGrid,42,1,he,169.990,170.050,PRP,4.5353,6.69,2,-0.160641
audio13.TextGrid,42,2,still,170.470,170.690,RB,7.9269,5.92,4,0.229399
audio13.TextGrid,42,3,could,170.690,171.070,MD,5.7668,6.06,3,-0.298824
audio13.TextGrid,42,4,feel,171.070,171.310,VB,7.2567,5.67,3,-0.042679
audio13.TextGrid,42,5,the,171.310,171.410,DT,2.6097,7.73,2,-0.880861
audio13.TextGrid,42,6,great,171.410,171.800,JJ,7.7285,5.88,4,0.019821
audio13.TextGrid,42,7,weight,171.800,172.160,NN,10.2871,5.02,3,2.520218
audio13.TextGrid,43,1,though,172.610,172.750,IN,8.0782,5.5,2,2.003027
audio13.TextGrid,43,2,the,172.750,172.840,DT,1.8735,7.73,2,-1.617061
audio13.TextGrid,43,3,pressure,172.840,173.210,NN,7.4079,5.01,5,-0.721633
audio13.TextGrid,43,4,of,173.210,173.300,IN,3.5341,7.4,2,-0.338938
audio13.TextGrid,43,5,his,173.300,173.450,PRP$,5.3331,6.51,3,-0.408868
audio13.TextGrid,43,6,thumb,173.450,173.660,NN,4.2573,4.01,3,-4.236011
audio13.TextGrid,43,7,and,173.660,173.780,CC,3.4867,7.41,3,-1.607955
audio13.TextGrid,43,8,finger,173.780,174.100,NN,5.6499,4.48,5,-2.394658
audio13.TextGrid,43,9,were,174.100,174.320,VBD,5.5002,6.34,2,-0.554650
audio13.TextGrid,43,10,almost,174.320,174.720,RB,7.2601,5.39,6,-1.275205
audio13.TextGrid,43,11,imperceptible,174.720,175.530,JJ,5.7601,2.49,12,4.548262
audio13.TextGrid,44,1,what,177.000,177.160,WP,6.9013,6.38,3,1.065832
audio13.TextGrid,44,2,a,177.160,177.220,DT,4.3187,7.36,1,1.610520
audio13.TextGrid,44,3,fish,177.220,177.740,NN,4.1443,4.9,3,-3.708891
audio13.TextGrid,44,4,he,177.990,178.110,PRP,7.0230,6.69,2,2.327059
audio13.TextGrid,44,5,said,178.110,178.490,VBD,3.5579,6.01,3,-3.496938
audio13.TextGrid,45,1,he,179.080,179.190,PRP,4.5353,6.69,2,-0.160641
audio13.TextGrid,45,2,has,179.190,179.380,VBZ,4.0433,6.37,3,-2.752614
audio13.TextGrid,45,3,it,179.380,179.500,PRP,4.7253,6.95,2,0.330704
audio13.TextGrid,45,4,sideways,179.500,180.060,VBZ,4.8303,3.54,6,-2.594797
audio13.TextGrid,45,5,in,180.060,180.160,IN,3.8935,7.27,2,-0.130210
audio13.TextGrid,45,6,his,180.160,180.310,PRP$,5.3742,6.51,3,-0.367768
audio13.TextGrid,45,7,mouth,180.310,180.670,NN,4.2570,4.83,3,-3.646537
audio13.TextGrid,45,8,now,180.670,180.980,RB,7.1821,6.18,2,0.941807
audio13.TextGrid,46,1,and,181.430,181.530,CC,3.7036,7.41,2,-0.157847
audio13.TextGrid,46,2,he,181.530,181.630,PRP,4.7461,6.69,2,0.050159
audio13.TextGrid,46,3,is,181.630,181.730,VBZ,3.3247,7.07,2,-1.884066
audio13.TextGrid,46,4,moving,181.730,182.010,VBG,9.5632,5.02,5,1.432064
audio13.TextGrid,46,5,off,182.010,182.260,RP,6.0504,5.93,2,0.473605
audio13.TextGrid,46,6,with,182.260,182.380,IN,5.0487,6.85,3,-0.448727
audio13.TextGrid,46,7,it,182.380,182.620,PRP,3.7972,6.95,2,-0.597396
audio14.TextGrid,1,1,then,1.320,1.530,RB,7.4856,6.07,3,0.473916
audio14.TextGrid,1,2,he,1.530,1.630,PRP,5.3385,6.69,2,0.642559
audio14.TextGrid,1,3,will,1.630,1.790,MD,4.2493,6.45,3,-1.535822
audio14.TextGrid,1,4,turn,1.790,2.180,VB,7.7972,5.32,3,0.246089
audio14.TextGrid,1,5,and,2.180,2.290,CC,4.0785,7.41,2,0.217053
audio14.TextGrid,1,6,swallow,2.290,2.730,VB,9.6858,3.87,5,1.739043
audio14.TextGrid,1,7,it,2.730,2.900,PRP,4.4206,6.95,2,0.026004
audio14.TextGrid,1,8,he,2.990,3.110,PRP,6.4328,6.69,2,1.736859
audio14.TextGrid,1,9,thought,3.110,3.470,VBD,8.6736,5.59,3,1.316682
audio14.TextGrid,2,1,he,4.380,4.490,PRP,4.5353,6.69,2,-0.160641
audio14.TextGrid,2,2,did,4.490,4.620,VBD,5.6940,5.96,3,-1.396800
audio14.TextGrid,2,3,not,4.620,4.810,RB,5.4771,6.69,3,-1.088658
audio14.TextGrid,2,4,say,4.810,5.070,VB,6.1115,5.89,2,-0.464909
audio14.TextGrid,2,5,that,5.070,5.240,IN,4.4329,7.01,3,-0.949450
audio14.TextGrid,2,6,because,5.240,5.660,IN,7.8321,6.03,5,0.492284
audio14.TextGrid,2,7,he,5.660,5.790,PRP,4.6356,6.69,2,-0.060341
audio14.TextGrid,2,8,knew,5.790,6.030,VBD,10.1724,5.2,3,2.534980
audio14.TextGrid,2,9,that,6.030,6.180,IN,4.1997,7.01,3,-1.182650
audio14.TextGrid,2,10,if,6.180,6.290,IN,7.7698,6.47,2,2.818875
audio14.TextGrid,2,11,you,6.290,6.390,PRP,5.7899,6.98,2,1.430075
audio14.TextGrid,2,12,said,6.390,6.610,VBD,4.7683,6.01,3,-2.286538
audio14.TextGrid,2,13,a,6.610,6.660,DT,3.2660,7.36,1,0.557820
audio14.TextGrid,2,14,good,6.660,6.940,JJ,6.9579,6.12,3,-0.017823
audio14.TextGrid,2,15,thing,6.940,7.240,NN,7.5099,5.72,3,0.246483
audio14.TextGrid,2,16,it,7.240,7.380,PRP,5.5152,6.95,2,1.120604
audio14.TextGrid,2,17,might,7.380,7.630,MD,6.4954,5.66,3,0.142082
audio14.TextGrid,2,18,not,7.630,7.810,RB,6.1867,6.69,3,-0.379058
audio14.TextGrid,2,19,happen,7.810,8.240,VB,8.7132,5.19,5,0.554808
audio14.TextGrid,3,1,he,9.000,9.120,PRP,4.5353,6.69,2,-0.160641
audio14.TextGrid,3,2,knew,9.120,9.290,VBD,8.7225,5.2,3,1.085080
audio14.TextGrid,3,3,what,9.290,9.600,WP,6.3195,6.38,3,0.484032
audio14.TextGrid,3,4,a,9.600,9.630,DT,4.3135,7.36,1,1.605320
audio14.TextGrid,3,5,huge,9.630,10.020,JJ,8.0201,5.06,3,0.281987
audio14.TextGrid,3,6,fish,10.020,10.320,NN,3.9926,4.9,3,-3.860591
audio14.TextGrid,3,7,this,10.320,10.590,DT,7.1768,6.82,3,1.657795
audio14.TextGrid,3,8,was,10.590,11.010,VBD,7.5379,6.82,3,1.065643
audio14.TextGrid,3,9,and,11.150,11.280,CC,3.9380,7.41,3,-1.156655
audio14.TextGrid,3,10,he,11.280,11.350,PRP,6.2297,6.69,2,1.533759
audio14.TextGrid,3,11,thought,11.350,11.580,VBD,8.4812,5.59,3,1.124282
audio14.TextGrid,3,12,of,11.580,11.710,IN,3.0908,7.4,2,-0.782238
audio14.TextGrid,3,13,him,11.710,11.900,PRP,7.3978,6.11,2,2.029628
audio14.TextGrid,3,14,moving,11.900,12.210,VBG,9.9511,5.02,5,1.819964
audio14.TextGrid,3,15,away,12.210,12.520,RB,7.5224,5.62,3,0.187059
audio14.TextGrid,3,16,in,12.520,12.620,IN,3.4843,7.27,2,-0.539410
audio14.TextGrid,3,17,the,12.620,12.690,DT,1.7189,7.73,2,-1.771661
audio14.TextGrid,3,18,darkness,12.690,13.250,NN,4.1386,4.3,7,-3.608066
audio14.TextGrid,3,19,with,13.250,13.380,IN,4.9001,6.85,3,-0.597327
audio14.TextGrid,3,20,the,13.380,13.440,DT,1.7011,7.73,2,-1.789461
audio14.TextGrid,3,21,tuna,13.440,13.730,NN,4.1375,3.64,4,-4.197155
audio14.TextGrid,3,22,held,13.730,14.030,VBD,8.4453,5.24,4,0.557770
audio14.TextGrid,3,23,crosswise,14.030,14.640,NN,6.2920,2.21,7,0.718715
audio14.TextGrid,3,24,in,14.640,14.750,IN,3.3942,7.27,2,-0.629510
audio14.TextGrid,3,25,his,14.750,14.890,PRP$,5.3139,6.51,3,-0.428068
audio14.TextGrid,3,26,mouth,14.890,15.260,NN,4.2574,4.83,3,-3.646137
audio14.TextGrid,4,1,at,15.260,15.330,IN,5.5118,6.7,2,0.827449
audio14.TextGrid,4,2,that,16.370,16.670,DT,4.7675,7.01,3,-0.614850
audio14.TextGrid,4,3,moment,16.670,17.030,NN,9.7093,5.24,6,1.264012
audio14.TextGrid,4,4,he,17.030,17.120,PRP,5.4613,6.69,2,0.765359
audio14.TextGrid,4,5,felt,17.120,17.320,VBD,8.2802,5.13,4,0.361931
audio14.TextGrid,4,6,him,17.320,17.430,PRP,8.1994,6.11,2,2.831228
audio14.TextGrid,4,7,stop,17.430,17.730,VB,8.9693,5.52,4,1.160017
audio14.TextGrid,4,8,moving,17.770,18.150,VBG,9.8321,5.02,5,1.700964
audio14.TextGrid,4,9,but,18.510,18.620,CC,5.4656,6.63,3,-0.190059
audio14.TextGrid,4,10,the,18.620,18.690,DT,3.2878,7.73,2,-0.202761
audio14.TextGrid,4,11,weight,18.690,18.960,NN,10.2411,5.02,3,2.474218
audio14.TextGrid,4,12,was,18.960,19.060,VBD,5.5309,6.82,3,-0.941357
audio14.TextGrid,4,13,still,19.060,19.400,RB,6.6046,5.92,4,-1.092901
audio14.TextGrid,4,14,there,19.400,19.690,EX,7.1466,6.31,3,1.260785
audio14.TextGrid,5,1,then,20.510,20.680,RB,7.4856,6.07,3,0.473916
audio14.TextGrid,5,2,the,20.680,20.750,DT,2.5625,7.73,2,-0.928061
audio14.TextGrid,5,3,weight,20.750,20.970,NN,10.2869,5.02,3,2.520018
audio14.TextGrid,5,4,increased,20.970,21.630,VBD,7.0937,4.91,7,-1.287302
audio14.TextGrid,5,5,and,21.630,21.730,CC,4.0961,7.41,2,0.234653
audio14.TextGrid,5,6,he,21.730,21.830,PRP,6.3807,6.69,2,1.684759
audio14.TextGrid,5,7,gave,21.830,22.120,VBD,8.2197,5.25,3,0.618242
audio14.TextGrid,5,8,more,22.120,22.530,JJR,5.7049,6.36,3,-1.098206
audio14.TextGrid,5,9,line,22.530,22.720,NN,9.4996,5.49,3,2.070759
audio14.TextGrid,6,1,he,23.420,23.510,PRP,4.5353,6.69,2,-0.160641
audio14.TextGrid,6,2,tightened,23.510,23.890,VBD,9.9807,3.29,6,2.705631
audio14.TextGrid,6,3,the,23.890,23.960,DT,3.0366,7.73,2,-0.453961
audio14.TextGrid,6,4,pressure,23.960,24.380,NN,7.4164,5.01,5,-0.713133
audio14.TextGrid,6,5,of,24.380,24.460,IN,2.9567,7.4,2,-0.916338
audio14.TextGrid,6,6,his,24.460,24.620,PRP$,5.3077,6.51,3,-0.434268
audio14.TextGrid,6,7,thumb,24.620,24.820,NN,4.2576,4.01,3,-4.235711
audio14.TextGrid,6,8,and,24.820,24.930,CC,4.4571,7.41,3,-0.637555
audio14.TextGrid,6,9,finger,24.930,25.250,NN,5.3794,4.48,5,-2.665158
audio14.TextGrid,6,10,for,25.250,25.390,IN,4.4419,7.01,2,0.116845
audio14.TextGrid,6,11,a,25.390,25.440,DT,2.5704,7.36,1,-0.137780
audio14.TextGrid,6,12,moment,25.440,25.810,NN,9.1373,5.24,6,0.692012
audio14.TextGrid,6,13,and,25.960,26.050,CC,4.2246,7.41,2,0.363153
audio14.TextGrid,6,14,the,26.050,26.110,DT,2.4186,7.73,2,-1.071961
audio14.TextGrid,6,15,weight,26.110,26.330,NN,10.2305,5.02,3,2.463618
audio14.TextGrid,6,16,increased,26.330,26.900,VBD,7.8792,4.91,7,-0.501802
audio14.TextGrid,6,17,and,26.900,27.010,CC,4.0558,7.41,2,0.194353
audio14.TextGrid,6,18,was,27.010,27.180,VBD,3.9323,6.82,3,-2.539957
audio14.TextGrid,6,19,going,27.180,27.500,VBG,8.1853,5.94,4,0.493388
audio14.TextGrid,6,20,straight,27.500,27.850,RB,9.4735,5.04,5,1.339157
audio14.TextGrid,6,21,down,27.890,28.350,RP,7.1065,5.88,3,0.911414
audio14.TextGrid,7,1,he,29.660,29.780,PRP,4.5353,6.69,2,-0.160641
audio14.TextGrid,7,2,s,29.780,29.870,VBZ,3.3590,5.86,1,-2.700635
audio14.TextGrid,7,3,taken,29.870,30.200,VBN,8.1628,5.33,5,-0.018038
audio14.TextGrid,7,4,it,30.200,30.420,PRP,5.2083,6.95,2,0.813704
audio14.TextGrid,7,5,he,30.570,30.670,PRP,6.4059,6.69,2,1.709959
audio14.TextGrid,7,6,said,30.670,30.990,VBD,4.6011,6.01,3,-2.453738
audio14.TextGrid,8,1,now,31.670,31.830,RB,6.7634,6.18,2,0.523107
audio14.TextGrid,8,2,i,31.830,31.860,VBZ,6.3159,7.09,1,2.222791
audio14.TextGrid,8,3,ll,31.860,32.010,VBP,4.0140,4.66,1,-3.964197
audio14.TextGrid,8,4,let,32.010,32.410,VB,8.5882,5.6,3,1.238475
audio14.TextGrid,8,5,him,32.410,32.560,PRP,8.0241,6.11,2,2.655928
audio14.TextGrid,8,6,eat,32.610,32.780,VB,11.6132,5.13,2,4.155937
audio14.TextGrid,8,7,it,32.780,32.950,PRP,4.8228,6.95,2,0.428204
audio14.TextGrid,8,8,well,32.950,33.370,RB,7.2662,6.03,3,0.225746
audio14.TextGrid,9,1,he,34.760,34.870,PRP,4.5353,6.69,2,-0.160641
audio14.TextGrid,9,2,let,34.870,35.010,VBD,7.7261,5.6,3,0.376375
audio14.TextGrid,9,3,the,35.010,35.130,DT,2.3608,7.73,2,-1.129761
audio14.TextGrid,9,4,line,35.130,35.420,NN,7.6731,5.49,3,0.244259
audio14.TextGrid,9,5,slip,35.420,35.690,NN,11.8809,4.28,4,3.725095
audio14.TextGrid,9,6,through,35.690,35.880,IN,7.3533,5.87,3,1.151021
audio14.TextGrid,9,7,his,35.880,36.020,PRP$,5.3788,6.51,3,-0.363168
audio14.TextGrid,9,8,fingers,36.020,36.560,NNS,10.3120,4.5,6,2.310795
audio14.TextGrid,9,9,while,36.560,36.740,IN,6.2452,5.86,3,0.035729
audio14.TextGrid,9,10,he,36.740,36.850,PRP,4.4452,6.69,2,-0.250741
audio14.TextGrid,9,11,reached,36.850,37.200,VBD,8.6008,4.85,4,0.604284
audio14.TextGrid,9,12,down,37.200,37.470,RP,6.2529,5.88,3,0.057814
audio14.TextGrid,9,13,with,37.470,37.600,IN,5.0799,6.85,3,-0.417527
audio14.TextGrid,9,14,his,37.600,37.770,PRP$,5.3268,6.51,3,-0.415168
audio14.TextGrid,9,15,left,37.770,38.030,JJ,10.8473,5.62,4,3.065963
audio14.TextGrid,9,16,hand,38.030,38.420,NN,8.1708,5.41,4,0.330778
audio14.TextGrid,9,17,and,38.690,38.890,CC,4.0981,7.41,3,-0.996555
audio14.TextGrid,9,18,made,38.890,39.210,VBD,7.3321,5.92,3,0.212530
audio14.TextGrid,9,19,fast,39.210,39.590,VB,9.7281,5.13,4,1.809831
audio14.TextGrid,9,20,the,39.590,39.700,DT,3.7215,7.73,2,0.230939
audio14.TextGrid,9,21,free,39.700,40.060,JJ,7.9820,5.63,3,0.653852
audio14.TextGrid,9,22,end,40.060,40.310,NN,7.0859,5.68,3,-0.206286
audio14.TextGrid,9,23,of,40.310,40.410,IN,2.7558,7.4,2,-1.117238
audio14.TextGrid,9,24,the,40.410,40.510,DT,1.6964,7.73,2,-1.794161
audio14.TextGrid,9,25,two,40.510,40.680,CD,7.2566,6.1,2,1.876838
audio14.TextGrid,9,26,reserve,40.680,41.090,NN,9.5283,4.6,5,1.464502
audio14.TextGrid,9,27,coils,41.090,41.640,NNS,6.9703,3.36,4,-1.442602
audio14.TextGrid,9,28,to,41.640,41.740,TO,3.3423,7.43,2,-0.495967
audio14.TextGrid,9,29,the,41.740,41.840,DT,2.2094,7.73,2,-1.281161
audio14.TextGrid,9,30,loop,41.840,42.080,NN,4.1351,4.29,3,-4.156825
audio14.TextGrid,9,31,of,42.080,42.150,IN,2.9393,7.4,2,-0.933738
audio14.TextGrid,9,32,the,42.150,42.270,DT,1.6949,7.73,2,-1.795661
audio14.TextGrid,9,33,two,42.270,42.460,CD,7.2556,6.1,2,1.875838
audio14.TextGrid,9,34,reserve,42.460,42.850,NN,9.5204,4.6,5,1.456602
audio14.TextGrid,9,35,coils,42.850,43.280,NNS,6.9595,3.36,4,-1.453402
audio14.TextGrid,9,36,of,43.280,43.360,IN,2.8708,7.4,2,-1.002238
audio14.TextGrid,9,37,the,43.360,43.460,DT,1.6953,7.73,2,-1.795261
audio14.TextGrid,9,38,next,43.460,43.780,JJ,6.6255,5.7,5,-1.614660
audio14.TextGrid,9,39,line,43.780,44.150,NN,7.5404,5.49,3,0.111559
audio14.TextGrid,10,1,now,44.890,45.130,RB,6.7634,6.18,2,0.523107
audio14.TextGrid,10,2,he,45.130,45.250,PRP,5.3385,6.69,2,0.642559
audio14.TextGrid,10,3,was,45.250,45.410,VBD,3.9474,6.82,3,-2.524857
audio14.TextGrid,10,4,ready,45.410,45.760,JJ,10.9382,5.28,4,3.061849
audio14.TextGrid,11,1,he,46.460,46.600,PRP,4.5353,6.69,2,-0.160641
audio14.TextGrid,11,2,had,46.600,46.860,VBD,4.7197,6.33,3,-2.104983
audio14.TextGrid,11,3,three,46.860,47.160,CD,7.5584,5.78,3,1.291390
audio14.TextGrid,11,4,forty,47.160,47.530,NN,4.7797,4.2,5,-3.219966
audio14.TextGrid,11,5,fathom,47.530,47.820,NN,6.1149,3.25,5,-1.732453
audio14.TextGrid,11,6,coils,47.820,48.260,NNS,6.5524,3.36,4,-1.860502
audio14.TextGrid,11,7,of,48.260,48.370,IN,2.8897,7.4,2,-0.983338
audio14.TextGrid,11,8,line,48.370,48.660,NN,9.3086,5.49,3,1.879759
audio14.TextGrid,11,9,in,48.660,48.750,IN,3.7081,7.27,2,-0.315610
audio14.TextGrid,11,10,reserve,48.750,49.110,NN,8.9998,4.6,5,0.936002
audio14.TextGrid,11,11,now,49.160,49.420,RB,8.1381,6.18,2,1.897807
audio14.TextGrid,12,1,as,49.950,50.050,RB,5.4550,6.77,2,-0.101472
audio14.TextGrid,12,2,well,50.050,50.240,RB,7.3028,6.03,3,0.262346
audio14.TextGrid,12,3,as,50.240,50.350,IN,5.4037,6.77,2,0.800481
audio14.TextGrid,12,4,the,50.350,50.430,DT,2.1956,7.73,2,-1.294961
audio14.TextGrid,12,5,coil,50.430,50.790,NN,4.1500,3.73,3,-4.544697
audio14.TextGrid,12,6,he,50.790,50.880,PRP,5.9184,6.69,2,1.222459
audio14.TextGrid,12,7,was,50.880,51.040,VBD,4.0274,6.82,3,-2.444857
audio14.TextGrid,12,8,using,51.040,51.440,VBG,8.4161,5.47,5,0.212815
audio14.TextGrid,13,1,eat,53.050,53.230,NN,13.8346,5.13,2,6.377337
audio14.TextGrid,13,2,it,53.230,53.340,PRP,4.5916,6.95,2,0.197004
audio14.TextGrid,13,3,a,53.340,53.390,DT,3.7978,7.36,1,1.089620
audio14.TextGrid,13,4,little,53.390,53.860,RB,7.7982,5.75,5,-0.449977
audio14.TextGrid,13,5,more,53.860,54.020,RBR,6.2043,6.36,3,-0.598806
audio14.TextGrid,13,6,he,54.330,54.450,PRP,7.6573,6.69,2,2.961359
audio14.TextGrid,13,7,said,54.450,54.800,VBD,4.0310,6.01,3,-3.023838
audio14.TextGrid,14,1,eat,55.460,55.600,NN,13.8346,5.13,2,6.377337
audio14.TextGrid,14,2,it,55.600,55.760,PRP,4.5916,6.95,2,0.197004
audio14.TextGrid,14,3,well,55.760,56.160,RB,6.8537,6.03,3,-0.186754
audio14.TextGrid,14,4,eat,57.890,58.040,VB,10.1943,5.13,2,2.737037
audio14.TextGrid,14,5,it,58.040,58.170,PRP,4.8516,6.95,2,0.457004
audio14.TextGrid,14,6,so,58.170,58.330,RB,6.4390,6.52,2,0.592773
audio14.TextGrid,14,7,that,58.330,58.470,IN,4.7596,7.01,3,-0.622750
audio14.TextGrid,14,8,the,58.470,58.540,DT,2.2130,7.73,2,-1.277561
audio14.TextGrid,14,9,point,58.540,58.810,NN,6.9788,5.54,4,-0.824894
audio14.TextGrid,14,10,of,58.810,58.890,IN,3.1974,7.4,2,-0.675638
audio14.TextGrid,14,11,the,58.890,58.980,DT,1.6957,7.73,2,-1.794861
audio14.TextGrid,14,12,hook,58.980,59.140,NN,9.5431,4.37,3,1.308714
audio14.TextGrid,14,13,goes,59.140,59.350,VBZ,8.7381,5.22,3,1.115065
audio14.TextGrid,14,14,into,59.350,59.530,IN,6.8640,6.11,4,0.172848
audio14.TextGrid,14,15,your,59.530,59.710,PRP$,6.7866,6.53,3,1.059017
audio14.TextGrid,14,16,heart,59.710,60.000,NN,9.2580,5.31,4,1.390032
audio14.TextGrid,14,17,and,60.000,60.090,CC,4.1777,7.41,2,0.316253
audio14.TextGrid,14,18,kills,60.090,60.520,NNS,6.5815,4.34,4,-1.557537
audio14.TextGrid,14,19,you,60.520,60.710,PRP,7.5935,6.98,2,3.233675
audio14.TextGrid,14,20,he,60.920,61.030,PRP,6.4496,6.69,2,1.753659
audio14.TextGrid,14,21,thought,61.030,61.400,VBD,8.4544,5.59,3,1.097482
audio14.TextGrid,15,1,come,61.850,62.030,VB,10.6226,5.78,3,3.402337
audio14.TextGrid,15,2,up,62.030,62.270,RP,5.5646,6.39,2,0.520953
audio14.TextGrid,15,3,easy,62.270,62.710,JJ,9.0433,5.29,3,1.470612
audio14.TextGrid,15,4,and,62.710,62.850,CC,3.5434,7.41,3,-1.551255
audio14.TextGrid,15,5,let,62.850,63.050,VB,10.6726,5.6,3,3.322875
audio14.TextGrid,15,6,me,63.050,63.160,PRP,8.6023,6.48,2,3.662965
audio14.TextGrid,15,7,put,63.160,63.340,VB,8.0567,5.66,3,0.750129
audio14.TextGrid,15,8,the,63.340,63.450,DT,2.5297,7.73,2,-0.960861
audio14.TextGrid,15,9,harpoon,63.450,63.890,NN,4.1411,2.83,6,-2.857917
audio14.TextGrid,15,10,into,63.890,64.090,IN,6.3527,6.11,4,-0.338452
audio14.TextGrid,15,11,you,64.090,64.380,PRP,5.6127,6.98,2,1.252875
audio14.TextGrid,16,1,all,65.190,65.320,DT,5.5566,6.52,2,0.663626
audio14.TextGrid,16,2,right,65.320,65.690,NN,7.0512,5.96,3,-0.039600
audio14.TextGrid,16,3,are,66.230,66.330,VBP,4.4511,6.74,2,-1.140143
audio14.TextGrid,16,4,you,66.330,66.480,PRP,6.6903,6.98,2,2.330475
audio14.TextGrid,16,5,ready,66.480,66.830,JJ,11.6800,5.28,4,3.803649
audio14.TextGrid,17,1,have,67.730,67.880,VBP,8.1004,6.71,3,1.549027
audio14.TextGrid,17,2,you,67.880,68.000,PRP,6.4756,6.98,2,2.115775
audio14.TextGrid,17,3,been,68.000,68.230,VBN,6.1445,6.27,3,-0.723337
audio14.TextGrid,17,4,long,68.230,68.640,RB,7.8206,5.81,3,0.621914
audio14.TextGrid,17,5,enough,68.640,68.970,RB,7.9332,5.54,4,0.129506
audio14.TextGrid,17,6,at,68.970,69.120,IN,4.8317,6.7,2,0.147349
audio14.TextGrid,17,7,table,69.130,69.530,NN,11.9475,5.05,5,3.811554
audio14.TextGrid,18,1,now,71.090,71.760,RB,6.7634,6.18,2,0.523107
audio14.TextGrid,18,2,he,71.980,72.100,PRP,5.3385,6.69,2,0.642559
audio14.TextGrid,18,3,said,72.100,72.300,VBD,3.4135,6.01,3,-3.641338
audio14.TextGrid,18,4,aloud,72.300,72.780,NN,6.5434,3.51,4,-1.827584
audio14.TextGrid,19,1,and,73.190,73.330,CC,3.7036,7.41,3,-1.391055
audio14.TextGrid,19,2,struck,73.330,73.710,VB,7.4005,4.42,5,-0.634439
audio14.TextGrid,19,3,hard,73.710,73.990,JJ,8.1723,5.53,4,0.365812
audio14.TextGrid,19,4,with,73.990,74.190,IN,5.5696,6.85,3,0.072173
audio14.TextGrid,19,5,both,74.240,74.510,DT,6.4141,5.79,3,0.154282
audio14.TextGrid,19,6,hands,74.510,75.010,NNS,9.3893,5.16,4,1.479414
audio14.TextGrid,19,7,gained,75.260,75.570,VBD,8.6429,4.49,4,0.545781
audio14.TextGrid,19,8,a,75.570,75.600,DT,3.3517,7.36,1,0.643520
audio14.TextGrid,19,9,yard,75.600,75.940,NN,4.1404,4.57,4,-3.934363
audio14.TextGrid,19,10,of,75.940,76.050,IN,3.0826,7.4,2,-0.790438
audio14.TextGrid,19,11,line,76.050,76.420,NN,9.3093,5.49,3,1.880459
audio14.TextGrid,19,12,and,76.420,76.500,CC,4.1729,7.41,2,0.311453
audio14.TextGrid,19,13,then,76.500,76.710,RB,7.8200,6.07,3,0.808316
audio14.TextGrid,19,14,struck,76.710,77.070,VB,5.0101,4.42,5,-3.024839
audio14.TextGrid,19,15,again,77.070,77.620,RB,7.7106,5.7,4,-0.048381
audio14.TextGrid,19,16,and,77.630,77.780,CC,3.8621,7.41,3,-1.232555
audio14.TextGrid,19,17,again,77.780,78.290,RB,7.2946,5.7,4,-0.464381
audio14.TextGrid,20,1,swinging,78.740,79.210,VBG,8.5729,3.79,6,0.997775
audio14.TextGrid,20,2,with,79.210,79.360,IN,5.2722,6.85,3,-0.225227
audio14.TextGrid,20,3,each,79.360,79.590,DT,6.3403,5.69,2,0.485340
audio14.TextGrid,20,4,arm,79.590,79.880,NN,9.1372,4.73,3,1.161739
audio14.TextGrid,20,5,alternately,79.880,80.500,RB,4.9509,3.22,9,-0.453715
audio14.TextGrid,20,6,on,80.500,80.600,IN,5.4547,6.91,2,1.013743
audio14.TextGrid,20,7,the,80.600,80.660,DT,1.7889,7.73,2,-1.701661
audio14.TextGrid,20,8,cord,80.660,81.030,NN,4.1425,3.98,4,-4.097141
audio14.TextGrid,20,9,with,81.030,81.290,IN,5.0249,6.85,3,-0.472527
audio14.TextGrid,20,10,all,81.290,81.550,PDT,5.4414,6.52,2,0.548426
audio14.TextGrid,20,11,the,81.550,81.650,DT,3.9398,7.73,2,0.449239
audio14.TextGrid,20,12,strength,81.650,82.050,NN,9.0140,4.8,6,0.832761
audio14.TextGrid,20,13,of,82.050,82.190,IN,3.2133,7.4,2,-0.659738
audio14.TextGrid,20,14,his,82.190,82.290,PRP$,5.3152,6.51,3,-0.426768
audio14.TextGrid,20,15,arms,82.290,82.720,NNS,9.2133,4.82,4,1.208400
audio14.TextGrid,20,16,and,82.720,82.820,CC,3.7468,7.41,2,-0.114647
audio14.TextGrid,20,17,the,82.820,82.900,DT,2.1239,7.73,2,-1.366661
audio14.TextGrid,20,18,pivoted,82.900,83.380,JJ,5.0764,2.53,7,-0.829651
audio14.TextGrid,20,19,weight,83.380,83.630,NN,10.4251,5.02,3,2.658218
audio14.TextGrid,20,20,of,83.630,83.720,IN,3.2365,7.4,2,-0.636538
audio14.TextGrid,20,21,his,83.720,83.890,PRP$,5.3054,6.51,3,-0.436568
audio14.TextGrid,20,22,body,83.890,84.340,NN,9.6638,5.4,4,1.820983
audio14.TextGrid,21,1,nothing,85.910,86.220,NN,9.8302,5.55,5,1.614089
audio14.TextGrid,21,2,happened,86.220,86.700,VBD,10.3618,5.2,6,1.940516
audio14.TextGrid,21,3,the,87.610,87.690,DT,2.4588,7.73,2,-1.031761
audio14.TextGrid,21,4,fish,87.690,87.980,NN,4.1401,4.9,3,-3.713091
audio14.TextGrid,21,5,just,87.980,88.310,RB,7.6183,6.43,4,0.063320
audio14.TextGrid,21,6,moved,88.310,88.600,VBN,8.9016,5.01,4,0.949796
audio14.TextGrid,21,7,away,88.600,88.860,RP,7.4823,5.62,3,1.100212
audio14.TextGrid,21,8,slowly,88.860,89.390,RB,9.2030,4.63,5,1.134392
audio14.TextGrid,22,1,and,89.790,89.870,CC,3.7036,7.41,2,-0.157847
audio14.TextGrid,22,2,the,89.870,89.960,DT,2.0380,7.73,2,-1.452561
audio14.TextGrid,22,3,old,89.960,90.170,JJ,7.3360,5.75,3,0.094160
audio14.TextGrid,22,4,man,90.170,90.390,NN,7.6917,5.82,3,0.500207
audio14.TextGrid,22,5,could,90.390,90.580,MD,5.2066,6.06,3,-0.859024
audio14.TextGrid,22,6,not,90.580,90.820,RB,6.1844,6.69,3,-0.381358
audio14.TextGrid,22,7,raise,90.820,91.090,VB,7.3359,4.75,3,-0.625176
audio14.TextGrid,22,8,him,91.090,91.200,PRP,8.0290,6.11,2,2.660828
audio14.TextGrid,22,9,an,91.200,91.300,DT,6.3813,6.53,2,1.499916
audio14.TextGrid,22,10,inch,91.300,91.670,NN,4.1422,4.49,3,-4.005877
audio14.TextGrid,23,1,his,92.600,92.770,PRP$,5.4396,6.51,3,-0.302368
audio14.TextGrid,23,2,line,92.770,93.020,NN,7.7883,5.49,3,0.359459
audio14.TextGrid,23,3,was,93.020,93.170,VBD,4.2117,6.82,3,-2.260557
audio14.TextGrid,23,4,strong,93.170,93.710,JJ,8.3061,5.22,5,0.142898
audio14.TextGrid,23,5,and,93.710,93.900,CC,3.7493,7.41,3,-1.345355
audio14.TextGrid,23,6,made,93.900,94.210,VBN,8.3574,5.92,3,1.237830
audio14.TextGrid,23,7,for,94.210,94.350,IN,3.7444,7.01,2,-0.580655
audio14.TextGrid,23,8,heavy,94.350,94.600,JJ,9.0105,4.96,4,1.044724
audio14.TextGrid,23,9,fish,94.600,94.990,NN,4.9481,4.9,3,-2.905091
audio14.TextGrid,23,10,and,94.990,95.100,CC,4.2903,7.41,2,0.428853
audio14.TextGrid,23,11,he,95.100,95.270,PRP,5.2138,6.69,2,0.517859
audio14.TextGrid,23,12,held,95.270,95.480,VBD,7.7335,5.24,4,-0.154030
audio14.TextGrid,23,13,it,95.480,95.570,PRP,5.0562,6.95,2,0.661604
audio14.TextGrid,23,14,against,95.570,95.900,IN,6.9366,5.68,6,-0.819485
audio14.TextGrid,23,15,his,95.900,96.070,PRP$,5.3063,6.51,3,-0.435668
audio14.TextGrid,23,16,hack,96.100,96.410,NN,4.2576,4.05,3,-4.206941
audio14.TextGrid,23,17,until,96.410,96.670,IN,7.3216,5.61,5,0.049122
audio14.TextGrid,23,18,it,96.670,96.770,PRP,3.7965,6.95,2,-0.598096
audio14.TextGrid,23,19,was,96.770,96.880,VBD,5.4093,6.82,3,-1.062957
audio14.TextGrid,23,20,so,96.880,97.070,RB,6.0212,6.52,2,0.174973
audio14.TextGrid,23,21,taut,97.070,97.390,JJ,5.6735,2.91,3,-3.610970
audio14.TextGrid,23,22,that,97.390,97.570,IN,4.1558,7.01,3,-1.226550
audio14.TextGrid,23,23,beads,97.610,97.890,NNS,7.0850,3.69,4,-1.235682
audio14.TextGrid,23,24,of,97.890,98.040,IN,2.9892,7.4,2,-0.883838
audio14.TextGrid,23,25,water,98.040,98.410,NN,9.7720,5.52,4,1.962717
audio14.TextGrid,23,26,were,98.410,98.540,VBD,6.4017,6.34,2,0.346850
audio14.TextGrid,23,27,jumping,98.540,98.920,VBG,11.1368,4.23,6,3.297625
audio14.TextGrid,23,28,from,98.920,99.150,IN,4.9631,6.63,4,-1.582737
audio14.TextGrid,23,29,it,99.150,99.300,PRP,3.8075,6.95,2,-0.587096
audio14.TextGrid,24,1,then,100.280,100.440,RB,7.4856,6.07,3,0.473916
audio14.TextGrid,24,2,it,100.440,100.570,PRP,4.6944,6.95,2,0.299804
audio14.TextGrid,24,3,began,100.570,100.890,VBD,6.3870,5.07,5,-1.752153
audio14.TextGrid,24,4,to,100.890,100.980,TO,3.3802,7.43,2,-0.458067
audio14.TextGrid,24,5,make,100.980,101.140,VB,5.4832,6.08,3,-1.521292
audio14.TextGrid,24,6,a,101.140,101.190,DT,3.2154,7.36,1,0.507220
audio14.TextGrid,24,7,slow,101.190,101.550,JJ,8.8983,4.85,3,1.009148
audio14.TextGrid,24,8,hissing,101.550,101.920,NN,4.0256,2.88,5,-3.762431
audio14.TextGrid,24,9,sound,101.920,102.330,NN,9.9085,5.15,4,1.995820
audio14.TextGrid,24,10,in,102.330,102.420,IN,3.5907,7.27,2,-0.433010
audio14.TextGrid,24,11,the,102.420,102.480,DT,1.7126,7.73,2,-1.777961
audio14.TextGrid,24,12,water,102.480,102.880,NN,8.3735,5.52,4,0.564217
audio14.TextGrid,24,13,and,103.270,103.380,CC,4.2687,7.41,2,0.407253
audio14.TextGrid,24,14,he,103.380,103.500,PRP,5.0149,6.69,2,0.318959
audio14.TextGrid,24,15,still,103.500,103.860,RB,7.6893,5.92,4,-0.008201
audio14.TextGrid,24,16,held,103.860,104.100,VBD,7.3145,5.24,4,-0.573030
audio14.TextGrid,24,17,it,104.100,104.300,PRP,5.2383,6.95,2,0.843704
audio14.TextGrid,24,18,bracing,104.470,104.860,VBG,7.5596,3.12,6,0.386550
audio14.TextGrid,24,19,himself,104.860,105.290,PRP,8.5312,5.25,7,0.749886
audio14.TextGrid,24,20,against,105.290,105.670,IN,7.0534,5.68,6,-0.702685
audio14.TextGrid,24,21,the,105.670,105.740,DT,1.6941,7.73,2,-1.796461
audio14.TextGrid,24,22,thwart,105.740,106.140,NN,14.7686,3.06,5,6.951710
audio14.TextGrid,24,23,and,106.140,106.310,CC,4.0512,7.41,3,-1.043455
audio14.TextGrid,24,24,leaning,106.310,106.670,VBG,6.9266,3.89,5,-1.023364
audio14.TextGrid,24,25,back,106.670,106.920,RB,7.0162,6.04,3,-0.017061
audio14.TextGrid,24,26,against,106.920,107.260,IN,7.2188,5.68,6,-0.537285
audio14.TextGrid,24,27,the,107.260,107.350,DT,1.7142,7.73,2,-1.776361
audio14.TextGrid,24,28,pull,107.350,107.760,NN,14.0613,4.82,3,6.150571
audio14.TextGrid,25,1,the,108.740,108.810,DT,1.8241,7.73,2,-1.666461
audio14.TextGrid,25,2,boat,108.810,109.000,NN,4.1358,4.71,3,-3.854045
audio14.TextGrid,25,3,began,109.000,109.380,VBD,6.6201,5.07,5,-1.519053
audio14.TextGrid,25,4,to,109.380,109.460,TO,3.3830,7.43,2,-0.455267
audio14.TextGrid,25,5,move,109.460,109.800,VB,7.6131,5.35,3,0.083566
audio14.TextGrid,25,6,slowly,109.800,110.210,RB,9.1076,4.63,5,1.038992
audio14.TextGrid,25,7,off,110.210,110.470,RB,7.1276,5.93,2,0.597552
audio14.TextGrid,25,8,toward,110.470,110.790,IN,9.0688,4.72,6,1.888823
audio14.TextGrid,25,9,the,110.790,110.870,DT,1.7082,7.73,2,-1.782361
audio14.TextGrid,25,10,north,110.870,111.160,JJ,9.8293,5.34,4,1.969716
audio14.TextGrid,25,11,west,111.160,111.620,NN,8.0971,5.29,4,0.223543
audio14.TextGrid,26,1,the,113.140,113.220,DT,1.8241,7.73,2,-1.666461
audio14.TextGrid,26,2,fish,113.220,113.530,JJ,5.0760,4.9,3,-2.777191
audio14.TextGrid,26,3,moved,113.530,113.840,VBN,10.4465,5.01,4,2.494696
audio14.TextGrid,26,4,steadily,113.840,114.410,RB,10.5621,3.84,7,3.293786
audio14.TextGrid,26,5,and,114.410,114.500,CC,3.9179,7.41,2,0.056453
audio14.TextGrid,26,6,they,114.500,114.620,PRP,6.6147,6.5,2,1.698545
audio14.TextGrid,26,7,travelled,114.620,115.080,VBD,3.8962,3.98,7,-3.517699
audio14.TextGrid,26,8,slowly,115.080,115.540,RB,9.0134,4.63,5,0.944792
audio14.TextGrid,26,9,on,115.540,115.660,IN,4.9669,6.91,2,0.525943
audio14.TextGrid,26,10,the,115.660,115.720,DT,1.7483,7.73,2,-1.742261
audio14.TextGrid,26,11,calm,115.720,116.010,JJ,5.0774,4.54,3,-3.034716
audio14.TextGrid,26,12,water,116.010,116.470,NN,8.5336,5.52,4,0.724317
audio14.TextGrid,27,1,the,117.100,117.220,DT,1.8241,7.73,2,-1.666461
audio14.TextGrid,27,2,other,117.220,117.370,JJ,5.7808,6.16,3,-1.166153
audio14.TextGrid,27,3,baits,117.370,117.740,NNS,5.6277,2.65,4,-2.983613
audio14.TextGrid,27,4,were,117.740,117.810,VBD,4.6033,6.34,2,-1.451550
audio14.TextGrid,27,5,still,117.810,118.050,RB,6.6345,5.92,4,-1.063001
audio14.TextGrid,27,6,in,118.050,118.120,IN,3.7313,7.27,2,-0.292410
audio14.TextGrid,27,7,the,118.120,118.190,DT,1.7439,7.73,2,-1.746661
audio14.TextGrid,27,8,water,118.190,118.580,NN,8.3749,5.52,4,0.565617
audio14.TextGrid,27,9,but,118.580,118.680,CC,6.0399,6.63,3,0.384241
audio14.TextGrid,27,10,there,118.860,119.040,EX,6.2128,6.31,3,0.326985
audio14.TextGrid,27,11,was,119.040,119.190,VBD,4.7512,6.82,3,-1.721057
audio14.TextGrid,27,12,nothing,119.190,119.460,NN,10.4288,5.55,5,2.212689
audio14.TextGrid,27,13,to,119.460,119.520,TO,3.7689,7.43,2,-0.069367
audio14.TextGrid,27,14,be,119.520,119.620,VB,4.3713,6.79,2,-1.161992
audio14.TextGrid,27,15,done,119.620,119.990,VBN,9.8394,5.58,3,2.475290
audio14.TextGrid,28,1,i,121.520,121.620,JJ,5.5144,7.09,1,1.421291
audio14.TextGrid,28,2,wish,121.620,121.830,NN,9.0633,5.18,3,1.411496
audio14.TextGrid,28,3,i,121.830,121.980,NN,6.0510,7.09,1,1.957891
audio14.TextGrid,28,4,had,121.980,122.130,VBD,6.7946,6.33,3,-0.030083
audio14.TextGrid,28,5,the,122.130,122.210,DT,2.4537,7.73,2,-1.036861
audio14.TextGrid,28,6,boy,122.210,122.610,NN,10.2396,5.17,2,2.828698
audio14.TextGrid,28,7,the,122.610,122.910,DT,4.0728,7.73,2,0.582239
audio14.TextGrid,28,8,old,122.910,123.100,JJ,7.3448,5.75,3,0.102960
audio14.TextGrid,28,9,man,123.100,123.310,NN,7.6996,5.82,3,0.508107
audio14.TextGrid,28,10,said,123.310,123.520,VBD,4.4164,6.01,3,-2.638438
audio14.TextGrid,28,11,aloud,123.520,123.920,JJ,5.8311,3.51,4,-2.539884
audio14.TextGrid,29,1,i,125.040,125.110,NN,5.5144,7.09,1,1.421291
audio14.TextGrid,29,2,m,125.110,125.190,VBP,3.9811,5.39,2,-3.174818
audio14.TextGrid,29,3,being,125.190,125.520,VBG,7.2667,5.95,4,-0.422418
audio14.TextGrid,29,4,towed,125.520,125.850,VBN,7.2534,3.38,3,-1.693029
audio14.TextGrid,29,5,by,125.850,126.080,IN,4.0135,6.66,2,-0.717211
audio14.TextGrid,29,6,a,126.080,126.140,DT,2.5484,7.36,1,-0.159780
audio14.TextGrid,29,7,fish,126.140,126.460,JJ,5.0752,4.9,3,-2.777991
audio14.TextGrid,29,8,and,126.460,126.610,CC,3.8389,7.41,3,-1.255755
audio14.TextGrid,29,9,i,126.610,126.700,JJ,5.9925,7.09,1,1.899391
audio14.TextGrid,29,10,m,126.700,126.810,VBP,6.1587,5.39,2,-0.997218
audio14.TextGrid,29,11,the,126.810,126.900,DT,2.6986,7.73,2,-0.791961
audio14.TextGrid,29,12,towing,126.900,127.300,NN,4.1408,3.32,4,-4.283280
audio14.TextGrid,29,13,bitt,127.300,127.560,NN,5.4036,1.63,3,-4.801492
audio14.TextGrid,30,1,i,127.560,127.590,NN,5.5144,7.09,1,1.421291
audio14.TextGrid,30,2,could,128.320,128.530,MD,5.0621,6.06,3,-1.003524
audio14.TextGrid,30,3,make,128.530,128.750,VB,5.2992,6.08,3,-1.705292
audio14.TextGrid,30,4,the,128.750,128.840,DT,2.3410,7.73,2,-1.149561
audio14.TextGrid,30,5,line,128.840,129.160,NN,7.6730,5.49,3,0.244159
audio14.TextGrid,30,6,fast,129.160,129.710,RB,10.6360,5.13,4,2.717731
audio14.TextGrid,30,7,but,129.980,130.110,CC,5.3308,6.63,3,-0.324859
audio14.TextGrid,30,8,then,130.110,130.270,RB,6.6758,6.07,3,-0.335884
audio14.TextGrid,30,9,he,130.270,130.360,PRP,6.5691,6.69,2,1.873159
audio14.TextGrid,30,10,could,130.360,130.520,MD,5.8241,6.06,3,-0.241524
audio14.TextGrid,30,11,break,130.520,130.780,VB,8.4956,5.18,4,0.591303
audio14.TextGrid,30,12,it,130.780,130.970,PRP,4.3835,6.95,2,-0.011096
audio14.TextGrid,31,1,i,131.700,131.800,NN,5.5144,7.09,1,1.421291
audio14.TextGrid,31,2,must,131.800,132.040,MD,6.9134,5.68,4,0.102083
audio14.TextGrid,31,3,hold,132.040,132.240,VB,7.5448,5.19,4,-0.356702
audio14.TextGrid,31,4,him,132.240,132.350,PRP,8.1206,6.11,2,2.752428
audio14.TextGrid,31,5,all,132.350,132.540,DT,7.4944,6.52,2,2.601426
audio14.TextGrid,31,6,i,132.540,132.630,NN,8.5909,7.09,1,4.497791
audio14.TextGrid,31,7,can,132.630,132.980,MD,6.7913,6.46,3,1.013370
audio14.TextGrid,31,8,and,132.980,133.110,CC,4.6951,7.41,3,-0.399555
audio14.TextGrid,31,9,give,133.110,133.310,VB,6.6139,5.71,3,-0.656709
audio14.TextGrid,31,10,him,133.310,133.470,PRP,8.0997,6.11,2,2.731528
audio14.TextGrid,31,11,line,133.470,133.760,NN,9.9523,5.49,3,2.523459
audio14.TextGrid,31,12,when,133.760,133.880,WRB,6.5077,6.37,3,0.665039
audio14.TextGrid,31,13,he,133.880,133.970,PRP,4.6758,6.69,2,-0.020141
audio14.TextGrid,31,14,must,133.970,134.200,MD,6.9136,5.68,4,0.102283
audio14.TextGrid,31,15,have,134.200,134.370,VB,3.8737,6.71,3,-2.677673
audio14.TextGrid,31,16,it,134.370,134.570,PRP,4.6654,6.95,2,0.270804
audio14.TextGrid,32,1,thank,135.360,135.570,NN,5.9246,5.48,4,-1.895861
audio14.TextGrid,32,2,god,135.570,135.900,NN,12.4404,5.57,3,5.069098
audio14.TextGrid,32,3,he,135.900,135.990,PRP,8.1975,6.69,2,3.501559
audio14.TextGrid,32,4,is,135.990,136.150,VBZ,4.1885,7.07,2,-1.020266
audio14.TextGrid,32,5,travelling,136.150,136.680,VBG,7.2780,4.16,8,-0.126994
audio14.TextGrid,32,6,and,136.680,136.840,CC,3.8438,7.41,3,-1.250855
audio14.TextGrid,32,7,not,136.880,137.080,RB,5.8014,6.69,3,-0.764358
audio14.TextGrid,32,8,going,137.080,137.370,VBG,7.7816,5.94,4,0.089688
audio14.TextGrid,33,1,down,137.370,137.790,IN,7.4625,5.88,3,1.267414
audio14.TextGrid,33,2,what,139.270,139.420,WP,7.6682,6.38,3,1.832732
audio14.TextGrid,33,3,i,139.420,139.530,NN,6.3810,7.09,1,2.287891
audio14.TextGrid,33,4,will,139.530,139.750,MD,4.2271,6.45,3,-1.558022
audio14.TextGrid,33,5,do,139.750,140.110,VB,5.1557,6.35,2,-0.887560
audio14.TextGrid,33,6,if,140.110,140.200,IN,6.4230,6.47,2,1.472075
audio14.TextGrid,33,7,he,140.200,140.320,PRP,4.4725,6.69,2,-0.223441
audio14.TextGrid,33,8,decides,140.320,140.830,VBZ,11.2478,4.16,6,3.450633
audio14.TextGrid,33,9,to,140.830,140.900,TO,3.3261,7.43,2,-0.512167
audio14.TextGrid,33,10,go,140.900,141.070,VB,6.6302,6.03,2,0.216054
audio14.TextGrid,33,11,down,141.070,141.440,RP,6.3476,5.88,3,0.152514
audio14.TextGrid,33,12,i,141.440,141.560,RB,6.2080,7.09,1,2.114891
audio14.TextGrid,33,13,don,141.560,141.790,VBP,11.9619,4.6,3,3.892939
audio14.TextGrid,33,14,t,141.790,141.850,NNS,7.2838,5.43,1,0.536681
audio14.TextGrid,33,15,know,141.850,142.230,VBP,7.9252,6.1,2,1.592185
audio14.TextGrid,34,1,what,142.990,143.140,WP,6.9013,6.38,3,1.065832
audio14.TextGrid,34,2,i,143.140,143.220,NN,7.1428,7.09,1,3.049691
audio14.TextGrid,34,3,ll,143.220,143.300,VBP,3.9885,4.66,1,-3.989697
audio14.TextGrid,34,4,do,143.300,143.520,VBP,6.1641,6.35,2,0.120840
audio14.TextGrid,34,5,if,143.520,143.600,IN,6.4093,6.47,2,1.458375
audio14.TextGrid,34,6,he,143.600,143.720,PRP,4.4705,6.69,2,-0.225441
audio14.TextGrid,34,7,sounds,143.720,144.220,VBZ,10.6688,4.97,4,2.705818
audio14.TextGrid,34,8,and,144.220,144.340,CC,3.9610,7.41,2,0.099553
audio14.TextGrid,34,9,dies,144.340,144.900,VBZ,4.1483,4.41,3,-4.057316
audio14.TextGrid,34,10,i,144.900,145.020,JJ,6.2422,7.09,1,2.149091
audio14.TextGrid,34,11,don,145.020,145.200,VBP,11.9818,4.6,3,3.912839
audio14.TextGrid,34,12,t,145.200,145.230,NN,5.6693,5.43,1,-1.077819
audio14.TextGrid,34,13,know,145.230,145.560,VBP,8.7234,6.1,2,2.390385
audio14.TextGrid,35,1,but,146.450,146.560,CC,5.3198,6.63,3,-0.335859
audio14.TextGrid,35,2,i,146.560,146.600,JJ,5.7238,7.09,1,1.630691
audio14.TextGrid,35,3,ll,146.600,146.680,NNS,8.6529,4.66,1,0.674703
audio14.TextGrid,35,4,do,146.680,146.850,VBP,5.6909,6.35,2,-0.352360
audio14.TextGrid,35,5,something,146.850,147.410,NN,10.0827,5.81,6,1.295348
audio14.TextGrid,36,1,there,148.120,148.250,EX,5.7321,6.31,3,-0.153715
audio14.TextGrid,36,2,are,148.250,148.350,VBP,4.0250,6.74,1,-0.627689
audio14.TextGrid,36,3,plenty,148.350,148.720,NN,11.0871,4.72,6,2.953870
audio14.TextGrid,36,4,of,148.720,148.800,IN,3.3550,7.4,2,-0.518038
audio14.TextGrid,36,5,things,148.800,149.120,NNS,8.8494,5.74,4,1.101597
audio14.TextGrid,36,6,i,149.120,149.230,NNS,7.7171,7.09,1,3.623991
audio14.TextGrid,36,7,can,149.230,149.410,MD,6.0671,6.46,3,0.289170
audio14.TextGrid,36,8,do,149.410,151.430,VB,5.1578,6.35,2,-0.885460
audio14.TextGrid,36,9,he,151.430,151.560,PRP,5.2818,6.69,2,0.585859
audio14.TextGrid,36,10,held,151.560,151.770,VB,8.3750,5.24,4,0.487470
audio14.TextGrid,36,11,the,151.770,151.840,DT,2.9755,7.73,2,-0.515061
audio14.TextGrid,36,12,line,151.840,152.120,NN,7.6817,5.49,3,0.252859
audio14.TextGrid,36,13,against,152.120,152.470,IN,7.1086,5.68,6,-0.647485
audio14.TextGrid,36,14,his,152.470,152.620,PRP$,5.3104,6.51,3,-0.431568
audio14.TextGrid,36,15,back,152.620,152.960,NN,9.0276,6.04,3,1.994339
audio14.TextGrid,36,16,and,153.040,153.200,CC,3.8328,7.41,2,-0.028647
audio14.TextGrid,36,17,watched,153.200,153.600,VBD,11.9254,4.72,4,3.892555
audio14.TextGrid,36,18,its,153.600,153.770,PRP$,5.9617,6.14,3,-0.046385
audio14.TextGrid,36,19,slant,153.770,154.160,NN,4.2217,3.18,5,-3.614430
audio14.TextGrid,36,20,in,154.160,154.240,IN,3.2614,7.27,2,-0.762310
audio14.TextGrid,36,21,the,154.240,154.310,DT,1.7038,7.73,2,-1.786761
audio14.TextGrid,36,22,water,154.310,154.780,NN,8.3724,5.52,4,0.563117
audio14.TextGrid,36,23,and,155.000,155.090,CC,4.1958,7.41,2,0.334353
audio14.TextGrid,36,24,the,155.090,155.200,DT,2.3466,7.73,2,-1.143961
audio14.TextGrid,36,25,skiff,155.200,155.640,NN,4.1375,2.63,4,-4.479403
audio14.TextGrid,36,26,moving,155.720,156.130,VBG,9.8638,5.02,5,1.732664
audio14.TextGrid,36,27,steadily,156.130,156.660,RB,10.7146,3.84,7,3.446286
audio14.TextGrid,36,28,to,156.660,156.820,TO,3.6118,7.43,2,-0.226467
audio14.TextGrid,36,29,the,156.820,156.920,DT,2.4782,7.73,2,-1.012361
audio14.TextGrid,36,30,north,156.920,157.230,JJ,9.8254,5.34,4,1.965816
audio14.TextGrid,36,31,west,157.230,157.710,NN,8.0931,5.29,4,0.219543
audio14.TextGrid,37,1,this,159.010,159.240,DT,4.8800,6.82,3,-0.639005
audio14.TextGrid,37,2,will,159.240,159.380,MD,7.8043,6.45,3,2.019178
audio14.TextGrid,37,3,kill,159.380,159.660,VB,8.5549,5.09,3,0.838364
audio14.TextGrid,37,4,him,159.660,159.940,PRP,8.1027,6.11,3,2.073038
audio14.TextGrid,37,5,the,160.170,160.300,DT,3.8236,7.73,2,0.333039
audio14.TextGrid,37,6,old,160.300,160.500,JJ,7.3416,5.75,3,0.099760
audio14.TextGrid,37,7,man,160.500,160.730,NN,7.6967,5.82,3,0.505207
audio14.TextGrid,37,8,thought,160.730,161.100,VBD,8.9227,5.59,3,1.565782
audio14.TextGrid,38,1,he,161.580,161.670,PRP,4.5353,6.69,2,-0.160641
audio14.TextGrid,38,2,can,161.670,161.870,MD,5.3091,6.46,3,-0.468830
audio14.TextGrid,38,3,t,161.870,161.900,VB,3.7171,5.43,1,-3.030019
audio14.TextGrid,38,4,do,161.900,162.070,VB,7.0054,6.35,2,0.962140
audio14.TextGrid,38,5,this,162.070,162.260,DT,5.5454,6.82,3,0.026395
audio14.TextGrid,38,6,forever,162.260,162.760,NN,4.1390,4.74,5,-3.947244
audio14.TextGrid,39,1,but,163.730,163.880,CC,5.3198,6.63,3,-0.335859
audio14.TextGrid,39,2,four,163.880,164.150,CD,8.1366,5.53,3,1.689781
audio14.TextGrid,39,3,hours,164.150,164.440,NNS,8.1261,5.4,3,0.632528
audio14.TextGrid,39,4,later,164.440,164.750,RB,9.5340,5.49,4,1.716334
audio14.TextGrid,39,5,the,164.750,164.870,DT,4.5028,7.73,2,1.012239
audio14.TextGrid,39,6,fish,164.870,165.170,NN,4.1600,4.9,3,-3.693191
audio14.TextGrid,39,7,was,165.170,165.300,VBD,4.7007,6.82,3,-1.771557
audio14.TextGrid,39,8,still,165.300,165.540,RB,6.6263,5.92,4,-1.071201
audio14.TextGrid,39,9,swimming,165.540,165.940,VBG,7.2370,4.43,6,-0.722197
audio14.TextGrid,39,10,steadily,165.940,166.390,RB,10.6151,3.84,7,3.346786
audio14.TextGrid,39,11,out,166.390,166.530,IN,6.6366,6.38,2,1.581363
audio14.TextGrid,39,12,to,166.530,166.660,TO,3.2943,7.43,2,-0.543967
audio14.TextGrid,39,13,sea,166.660,167.070,VB,8.9205,5.06,2,1.382106
audio14.TextGrid,39,14,towing,167.070,167.610,VBG,8.6686,3.32,4,0.244520
audio14.TextGrid,39,15,the,167.610,167.670,DT,2.7808,7.73,2,-0.709761
audio14.TextGrid,39,16,skiff,167.670,168.140,NN,4.1357,2.63,4,-4.481203
audio14.TextGrid,40,1,and,168.770,168.880,CC,3.7036,7.41,2,-0.157847
audio14.TextGrid,40,2,the,168.880,168.990,DT,2.0380,7.73,2,-1.452561
audio14.TextGrid,40,3,old,168.990,169.190,JJ,7.3360,5.75,3,0.094160
audio14.TextGrid,40,4,man,169.190,169.450,NN,7.6917,5.82,3,0.500207
audio14.TextGrid,40,5,was,169.450,169.610,VBD,4.0668,6.82,3,-2.405457
audio14.TextGrid,40,6,still,169.610,169.880,RB,6.6297,5.92,4,-1.067801
audio14.TextGrid,40,7,braced,169.880,170.360,VBN,5.1505,3.03,5,-2.661581
audio14.TextGrid,40,8,solidly,170.360,170.890,RB,4.8975,3.15,7,-1.653286
audio14.TextGrid,40,9,with,170.890,171.050,IN,5.1776,6.85,3,-0.319827
audio14.TextGrid,40,10,the,171.050,171.140,DT,1.7300,7.73,2,-1.760561
audio14.TextGrid,40,11,line,171.140,171.420,NN,7.6718,5.49,3,0.242959
audio14.TextGrid,40,12,across,171.420,171.750,IN,8.3209,5.25,5,1.106141
audio14.TextGrid,40,13,his,171.750,171.910,PRP$,5.3201,6.51,3,-0.421868
audio14.TextGrid,40,14,back,171.910,172.300,NN,9.0298,6.04,3,1.996539
audio14.TextGrid,41,1,it,173.680,173.810,PRP,3.8912,6.95,2,-0.503396
audio14.TextGrid,41,2,was,173.810,174.000,VBD,3.9158,6.82,3,-2.556457
audio14.TextGrid,41,3,noon,174.000,174.440,RB,4.6349,4.11,3,-3.786487
audio14.TextGrid,41,4,when,174.440,174.540,WRB,6.7567,6.37,3,0.914039
audio14.TextGrid,41,5,i,174.540,174.710,NN,5.6353,7.09,1,1.542191
audio14.TextGrid,41,6,hooked,174.710,175.030,VBD,3.3916,3.92,4,-4.864808
audio14.TextGrid,41,7,him,175.030,175.260,PRP,8.1250,6.11,2,2.756828
audio14.TextGrid,41,8,he,175.560,175.680,PRP,6.5345,6.69,2,1.838559
audio14.TextGrid,41,9,said,175.680,176.040,VBD,4.1346,6.01,3,-2.920238
audio14.TextGrid,42,1,and,176.480,176.610,CC,3.7036,7.41,3,-1.391055
audio14.TextGrid,42,2,i,176.610,176.750,NN,5.7252,7.09,1,1.632091
audio14.TextGrid,42,3,have,176.750,176.920,VBP,4.0453,6.71,3,-2.506073
audio14.TextGrid,42,4,never,176.920,177.130,RB,7.4429,5.91,4,-0.257396
audio14.TextGrid,42,5,seen,177.130,177.480,VBN,8.0506,5.52,3,0.643336
audio14.TextGrid,42,6,him,177.480,177.760,PRP,9.0966,6.11,3,3.066938
audio15.TextGrid,1,1,he,1.180,1.310,PRP,4.5353,6.69,2,-0.160641
audio15.TextGrid,1,2,had,1.310,1.450,VBD,4.7197,6.33,3,-2.104983
audio15.TextGrid,1,3,pushed,1.450,1.770,VBN,10.3005,4.43,4,2.186613
audio15.TextGrid,1,4,his,1.770,1.900,PRP$,6.4547,6.51,3,0.712732
audio15.TextGrid,1,5,straw,1.900,2.330,NN,4.2333,3.99,4,-4.003546
audio15.TextGrid,1,6,hat,2.330,2.590,RB,5.6306,4.53,3,-2.488708
audio15.TextGrid,1,7,hard,2.590,3.000,RB,8.4990,5.53,4,0.692512
audio15.TextGrid,1,8,down,3.000,3.270,RP,6.8240,5.88,3,0.628914
audio15.TextGrid,1,9,on,3.270,3.400,IN,4.8041,6.91,2,0.363143
audio15.TextGrid,1,10,his,3.400,3.640,PRP$,5.4010,6.51,3,-0.340968
audio15.TextGrid,1,11,head,3.640,3.920,NN,7.9889,5.51,3,0.574443
audio15.TextGrid,1,12,before,3.920,4.290,IN,7.1474,5.93,5,-0.176383
audio15.TextGrid,1,13,he,4.290,4.440,PRP,4.5044,6.69,2,-0.191541
audio15.TextGrid,1,14,hooked,4.440,4.630,VBD,4.9135,3.92,4,-3.342908
audio15.TextGrid,1,15,the,4.630,4.760,DT,2.4476,7.73,2,-1.042961
audio15.TextGrid,1,16,fish,4.760,5.090,NN,4.1400,4.9,3,-3.713191
audio15.TextGrid,2,1,and,5.630,5.720,CC,3.7036,7.41,2,-0.157847
audio15.TextGrid,2,2,it,5.720,5.780,PRP,4.1020,6.95,2,-0.292596
audio15.TextGrid,2,3,was,5.780,5.930,VBD,3.8816,6.82,3,-2.590657
audio15.TextGrid,2,4,cutting,5.930,6.280,VBG,9.5913,4.61,5,1.525899
audio15.TextGrid,2,5,his,6.280,6.450,PRP$,5.8766,6.51,3,0.134632
audio15.TextGrid,2,6,forehead,6.450,6.980,NN,4.2574,3.87,6,-3.365734
audio15.TextGrid,3,1,he,7.790,7.890,PRP,4.5353,6.69,2,-0.160641
audio15.TextGrid,3,2,was,7.890,8.090,VBD,3.9158,6.82,3,-2.556457
audio15.TextGrid,3,3,thirsty,8.090,8.500,JJ,5.8405,3.74,5,-2.085414
audio15.TextGrid,3,4,too,8.500,8.870,RB,8.9333,5.95,2,2.426432
audio15.TextGrid,3,5,and,8.870,9.030,CC,3.4278,7.41,3,-1.666855
audio15.TextGrid,3,6,he,9.540,9.680,PRP,6.5380,6.69,2,1.842059
audio15.TextGrid,3,7,got,9.680,9.870,VBD,7.4588,5.91,3,0.332038
audio15.TextGrid,3,8,down,9.870,10.130,RB,6.2900,5.88,3,-0.858339
audio15.TextGrid,3,9,on,10.130,10.260,IN,4.7500,6.91,2,0.309043
audio15.TextGrid,3,10,his,10.260,10.450,PRP$,5.3345,6.51,3,-0.407468
audio15.TextGrid,3,11,knees,10.450,10.910,NNS,5.5670,4.18,3,-2.804040
audio15.TextGrid,3,12,and,10.910,11.120,CC,4.0881,7.41,3,-1.006555
audio15.TextGrid,3,13,being,11.180,11.500,VBG,8.0785,5.95,4,0.389382
audio15.TextGrid,3,14,careful,11.500,11.880,JJ,10.8699,4.59,6,2.814685
audio15.TextGrid,3,15,not,11.880,12.080,RB,7.4266,6.69,3,0.860842
audio15.TextGrid,3,16,to,12.080,12.150,TO,3.4509,7.43,2,-0.387367
audio15.TextGrid,3,17,jerk,12.150,12.440,VB,3.8583,4.0,3,-4.642203
audio15.TextGrid,3,18,on,12.440,12.570,IN,4.9514,6.91,2,0.510443
audio15.TextGrid,3,19,the,12.570,12.650,DT,1.7345,7.73,2,-1.756061
audio15.TextGrid,3,20,line,12.650,13.060,NN,7.6714,5.49,3,0.242559
audio15.TextGrid,3,21,moved,13.190,13.520,VBD,10.2985,5.01,4,2.346696
audio15.TextGrid,3,22,as,13.520,13.690,IN,4.5819,6.77,2,-0.021319
audio15.TextGrid,3,23,far,13.690,14.000,RB,8.0489,5.5,3,0.627251
audio15.TextGrid,3,24,into,14.000,14.160,IN,6.6893,6.11,4,-0.001852
audio15.TextGrid,3,25,the,14.160,14.250,DT,1.8427,7.73,2,-1.647861
audio15.TextGrid,3,26,bow,14.250,14.560,NN,4.1393,4.3,2,-4.279949
audio15.TextGrid,3,27,as,14.560,14.660,IN,4.7736,6.77,2,0.170381
audio15.TextGrid,3,28,he,14.660,14.740,PRP,4.5197,6.69,2,-0.176241
audio15.TextGrid,3,29,could,14.740,14.920,MD,6.3631,6.06,3,0.297476
audio15.TextGrid,3,30,get,14.920,15.230,VB,5.7548,6.28,3,-1.105845
audio15.TextGrid,4,1,and,15.630,15.780,CC,3.7036,7.41,3,-1.391055
audio15.TextGrid,4,2,reached,15.780,16.020,VBD,10.1483,4.85,4,2.151784
audio15.TextGrid,4,3,the,16.020,16.110,DT,3.1325,7.73,2,-0.358061
audio15.TextGrid,4,4,water,16.110,16.420,NN,8.3774,5.52,4,0.568117
audio15.TextGrid,4,5,bottle,16.420,16.740,NN,8.9527,4.57,5,0.893712
audio15.TextGrid,4,6,with,16.740,16.920,IN,4.8393,6.85,3,-0.658127
audio15.TextGrid,4,7,one,16.920,17.090,CD,5.7451,6.47,3,-0.025637
audio15.TextGrid,4,8,hand,17.090,17.570,NN,8.9576,5.41,4,1.117578
audio15.TextGrid,5,1,he,18.160,18.310,PRP,4.5353,6.69,2,-0.160641
audio15.TextGrid,5,2,opened,18.310,18.620,VBD,7.6917,4.85,5,-0.412180
audio15.TextGrid,5,3,it,18.620,18.840,PRP,4.7494,6.95,2,0.354804
audio15.TextGrid,5,4,and,18.840,18.960,CC,4.4671,7.41,2,0.605653
audio15.TextGrid,5,5,drank,18.960,19.270,VB,4.8571,3.95,5,-3.102484
audio15.TextGrid,5,6,a,19.270,19.300,DT,3.2028,7.36,1,0.494620
audio15.TextGrid,5,7,little,19.300,19.640,JJ,7.7960,5.75,5,-0.452177
audio15.TextGrid,6,1,then,20.350,20.610,RB,7.4856,6.07,3,0.473916
audio15.TextGrid,6,2,he,20.610,20.760,PRP,5.3385,6.69,2,0.642559
audio15.TextGrid,6,3,rested,20.760,21.130,VBD,3.4135,3.59,6,-4.041603
audio15.TextGrid,6,4,against,21.130,21.420,IN,7.6259,5.68,6,-0.130185
audio15.TextGrid,6,5,the,21.420,21.510,DT,1.7412,7.73,2,-1.749361
audio15.TextGrid,6,6,bow,21.510,21.910,NN,4.1398,4.3,2,-4.279449
audio15.TextGrid,7,1,he,22.780,22.900,PRP,4.5353,6.69,2,-0.160641
audio15.TextGrid,7,2,rested,22.900,23.420,VBD,3.3819,3.59,6,-4.073203
audio15.TextGrid,7,3,sitting,23.420,23.720,VBG,11.1975,4.86,5,3.092016
audio15.TextGrid,7,4,on,23.720,23.860,IN,4.6829,6.91,2,0.241943
audio15.TextGrid,7,5,the,23.860,23.990,DT,1.7298,7.73,2,-1.760761
audio15.TextGrid,7,6,un,23.990,24.140,NN,4.1386,4.62,2,-3.909763
audio15.TextGrid,7,7,stepped,24.140,24.510,VBD,10.9291,4.2,5,2.929434
audio15.TextGrid,7,8,mast,24.510,24.860,NN,6.3456,3.52,4,-2.022589
audio15.TextGrid,7,9,and,24.860,24.960,CC,4.2799,7.41,2,0.418453
audio15.TextGrid,7,10,sail,24.960,25.410,NN,5.5120,4.01,3,-2.981311
audio15.TextGrid,7,11,and,25.630,25.770,CC,3.8833,7.41,3,-1.211355
audio15.TextGrid,7,12,tried,25.770,26.130,VBD,10.3173,5.16,4,2.407414
audio15.TextGrid,7,13,not,26.130,26.330,RB,5.6741,6.69,3,-0.891658
audio15.TextGrid,7,14,to,26.330,26.420,TO,3.6412,7.43,2,-0.197067
audio15.TextGrid,7,15,think,26.420,26.880,VB,6.8764,6.08,4,-0.776389
audio15.TextGrid,7,16,but,26.950,27.090,CC,5.7560,6.63,3,0.100341
audio15.TextGrid,7,17,only,27.090,27.360,RB,6.5704,6.12,4,-1.071211
audio15.TextGrid,7,18,to,27.360,27.540,TO,3.7284,7.43,2,-0.109867
audio15.TextGrid,7,19,endure,27.540,28.070,VB,4.1736,3.82,6,-3.419529
audio15.TextGrid,8,1,then,29.580,29.880,RB,7.4856,6.07,3,0.473916
audio15.TextGrid,8,2,he,29.880,30.020,PRP,5.3385,6.69,2,0.642559
audio15.TextGrid,8,3,looked,30.020,30.230,VBD,10.0141,5.11,4,2.090242
audio15.TextGrid,8,4,behind,30.230,30.670,IN,8.6738,5.29,6,1.151759
audio15.TextGrid,8,5,him,30.670,30.920,PRP,7.3637,6.11,3,1.334038
audio15.TextGrid,8,6,and,30.920,31.070,CC,4.4527,7.41,3,-0.641955
audio15.TextGrid,8,7,saw,31.070,31.300,VBD,9.9935,5.34,2,2.779631
audio15.TextGrid,8,8,that,31.300,31.470,IN,4.2377,7.01,3,-1.144650
audio15.TextGrid,8,9,no,31.470,31.640,DT,6.3045,6.35,2,1.214493
audio15.TextGrid,8,10,land,31.640,31.950,NN,9.1658,5.22,4,1.272681
audio15.TextGrid,8,11,was,31.950,32.150,VBD,5.2554,6.82,3,-1.216857
audio15.TextGrid,8,12,visible,32.150,32.660,JJ,10.8174,4.39,7,2.977144
audio15.TextGrid,9,1,that,33.340,33.530,DT,4.4338,7.01,3,-0.948550
audio15.TextGrid,9,2,makes,33.530,33.800,VBZ,9.0883,5.46,4,1.262250
audio15.TextGrid,9,3,no,33.800,33.920,DT,6.2470,6.35,2,1.156993
audio15.TextGrid,9,4,difference,33.920,34.430,NN,8.1088,5.01,7,-0.376191
audio15.TextGrid,9,5,he,34.430,34.540,PRP,5.6690,6.69,2,0.973059
audio15.TextGrid,9,6,thought,34.540,34.940,VBD,8.0738,5.59,3,0.716882
audio15.TextGrid,10,1,i,35.370,35.450,NN,5.5144,7.09,1,1.421291
audio15.TextGrid,10,2,can,35.450,35.590,MD,5.3141,6.46,3,-0.463830
audio15.TextGrid,10,3,always,35.590,35.930,RB,8.3531,5.76,5,0.103320
audio15.TextGrid,10,4,come,35.930,36.130,VB,7.0814,5.78,3,-0.138863
audio15.TextGrid,10,5,in,36.130,36.290,IN,3.3696,7.27,2,-0.654110
audio15.TextGrid,10,6,on,36.290,36.400,IN,6.3464,6.91,2,1.905443
audio15.TextGrid,10,7,the,36.400,36.470,DT,1.8821,7.73,2,-1.608461
audio15.TextGrid,10,8,glow,36.470,36.740,NN,4.1520,3.91,3,-4.413234
audio15.TextGrid,10,9,from,36.740,36.950,IN,5.0965,6.63,4,-1.449337
audio15.TextGrid,10,10,havana,36.950,37.320,NN,5.7915,3.53,6,-1.627596
audio15.TextGrid,11,1,there,38.460,38.590,EX,5.7321,6.31,3,-0.153715
audio15.TextGrid,11,2,are,38.590,38.710,VBP,4.0250,6.74,2,-1.566243
audio15.TextGrid,11,3,two,38.710,38.940,CD,6.9950,6.1,2,1.615238
audio15.TextGrid,11,4,more,38.940,39.200,JJR,6.7790,6.36,3,-0.024106
audio15.TextGrid,11,5,hours,39.200,39.580,NNS,9.1768,5.4,3,1.683228
audio15.TextGrid,11,6,before,39.580,39.880,IN,6.8390,5.93,5,-0.484783
audio15.TextGrid,11,7,the,39.880,39.980,DT,1.8081,7.73,2,-1.682461
audio15.TextGrid,11,8,sun,39.980,40.260,NN,10.3560,4.97,3,2.553156
audio15.TextGrid,11,9,sets,40.260,40.680,NNS,10.3158,4.69,4,2.274571
audio15.TextGrid,11,10,and,40.680,40.920,CC,4.2783,7.41,3,-0.816355
audio15.TextGrid,11,11,maybe,40.920,41.230,RB,10.3060,5.45,4,2.477156
audio15.TextGrid,11,12,he,41.230,41.330,PRP,6.1222,6.69,2,1.426259
audio15.TextGrid,11,13,will,41.330,41.500,MD,4.8272,6.45,3,-0.957922
audio15.TextGrid,11,14,come,41.500,41.690,VB,6.4454,5.78,3,-0.774863
audio15.TextGrid,11,15,up,41.690,41.820,RP,5.0838,6.39,2,0.040153
audio15.TextGrid,11,16,before,41.830,42.170,IN,6.8545,5.93,5,-0.469283
audio15.TextGrid,12,1,that,42.170,42.540,IN,4.4338,7.01,3,-0.948550
audio15.TextGrid,12,2,if,43.140,43.260,IN,7.8715,6.47,2,2.920575
audio15.TextGrid,12,3,he,43.260,43.340,PRP,4.6449,6.69,2,-0.051041
audio15.TextGrid,12,4,doesn't,43.340,43.790,VBZ,4.6291,5.53,6,-3.990221
audio15.TextGrid,12,5,maybe,43.790,44.050,RB,9.4173,5.45,4,1.588456
audio15.TextGrid,12,6,he,44.050,44.120,PRP,6.3854,6.69,2,1.689459
audio15.TextGrid,12,7,will,44.120,44.260,MD,5.0561,6.45,3,-0.729022
audio15.TextGrid,12,8,come,44.260,44.440,VB,6.4492,5.78,3,-0.771063
audio15.TextGrid,12,9,up,44.440,44.600,RP,5.0773,6.39,2,0.033653
audio15.TextGrid,12,10,with,44.600,44.730,IN,4.7877,6.85,3,-0.709727
audio15.TextGrid,12,11,the,44.730,44.790,DT,1.7006,7.73,2,-1.789961
audio15.TextGrid,12,12,moon,44.790,45.260,NN,11.0437,4.7,3,3.046662
audio15.TextGrid,13,1,if,45.940,46.060,IN,6.7770,6.47,2,1.826075
audio15.TextGrid,13,2,he,46.060,46.140,PRP,4.5051,6.69,2,-0.190841
audio15.TextGrid,13,3,does,46.140,46.320,VBZ,7.3824,5.74,3,0.133368
audio15.TextGrid,13,4,not,46.320,46.570,RB,5.5377,6.69,3,-1.028058
audio15.TextGrid,13,5,do,46.570,46.650,VB,5.9351,6.35,2,-0.108160
audio15.TextGrid,13,6,that,46.650,46.920,DT,4.4008,7.01,3,-0.981550
audio15.TextGrid,13,7,maybe,46.990,47.280,RB,10.9160,5.45,4,3.087156
audio15.TextGrid,13,8,he,47.280,47.360,PRP,5.8744,6.69,2,1.178459
audio15.TextGrid,13,9,will,47.360,47.500,MD,4.5265,6.45,3,-1.258622
audio15.TextGrid,13,10,come,47.500,47.660,VB,6.4445,5.78,3,-0.775763
audio15.TextGrid,13,11,up,47.660,47.840,RP,5.0720,6.39,2,0.028353
audio15.TextGrid,13,12,with,47.840,47.940,IN,4.7799,6.85,3,-0.717527
audio15.TextGrid,13,13,the,47.940,48.020,DT,1.7009,7.73,2,-1.789661
audio15.TextGrid,13,14,sunrise,48.020,48.690,NN,4.1374,3.82,6,-3.455729
audio15.TextGrid,14,1,i,49.400,49.510,NNS,5.5144,7.09,1,1.421291
audio15.TextGrid,14,2,have,49.510,49.690,VBP,4.0795,6.71,3,-2.471873
audio15.TextGrid,14,3,no,49.690,49.810,DT,6.3912,6.35,2,1.301193
audio15.TextGrid,14,4,cramps,49.810,50.450,NNS,6.6453,3.32,6,-0.647772
audio15.TextGrid,14,5,and,50.450,50.580,CC,4.4039,7.41,3,-0.690755
audio15.TextGrid,14,6,i,50.580,50.680,JJ,6.0378,7.09,1,1.944691
audio15.TextGrid,14,7,feel,50.680,50.930,NN,8.2307,5.67,3,0.931321
audio15.TextGrid,14,8,strong,50.930,51.520,JJ,8.2185,5.22,5,0.055298
audio15.TextGrid,15,1,it,52.010,52.140,PRP,3.8912,6.95,2,-0.503396
audio15.TextGrid,15,2,is,52.140,52.310,VBZ,3.3590,7.07,2,-1.849766
audio15.TextGrid,15,3,he,52.310,52.580,PRP,5.3690,6.69,2,0.673059
audio15.TextGrid,15,4,that,52.580,52.740,WDT,4.2020,7.01,3,-1.180350
audio15.TextGrid,15,5,has,52.740,52.950,VBZ,5.7421,6.37,3,-1.053814
audio15.TextGrid,15,6,the,52.950,53.060,DT,2.4261,7.73,2,-1.064461
audio15.TextGrid,15,7,hook,53.060,53.260,NN,9.5444,4.37,3,1.310014
audio15.TextGrid,15,8,in,53.260,53.370,IN,3.2377,7.27,2,-0.786010
audio15.TextGrid,15,9,his,53.370,53.560,PRP$,5.3042,6.51,3,-0.437768
audio15.TextGrid,15,10,mouth,53.560,53.950,NN,4.2576,4.83,3,-3.645937
audio15.TextGrid,16,1,but,54.950,55.130,CC,5.3198,6.63,3,-0.335859
audio15.TextGrid,16,2,what,55.130,55.270,WP,7.6895,6.38,3,1.854032
audio15.TextGrid,16,3,a,55.270,55.330,DT,4.2793,7.36,1,1.571120
audio15.TextGrid,16,4,fish,55.330,55.640,NN,4.1440,4.9,3,-3.709191
audio15.TextGrid,16,5,to,55.640,55.750,TO,3.7601,7.43,2,-0.078167
audio15.TextGrid,16,6,pull,55.750,56.140,VB,9.2457,4.82,3,1.334971
audio15.TextGrid,16,7,like,56.140,56.340,IN,7.0079,6.41,3,1.194009
audio15.TextGrid,17,1,that,56.340,56.650,IN,4.4338,7.01,3,-0.948550
audio15.TextGrid,17,2,he,57.300,57.410,PRP,5.2592,6.69,2,0.563259
audio15.TextGrid,17,3,must,57.410,57.620,MD,8.0760,5.68,4,1.264683
audio15.TextGrid,17,4,have,57.620,57.750,VB,3.8831,6.71,3,-2.668273
audio15.TextGrid,17,5,his,57.750,57.920,PRP$,6.1285,6.51,3,0.386532
audio15.TextGrid,17,6,mouth,57.920,58.200,NN,4.2553,4.83,3,-3.648237
audio15.TextGrid,17,7,shut,58.200,58.440,VBD,10.2458,4.78,3,2.306301
audio15.TextGrid,17,8,tight,58.470,58.710,VBN,9.5841,4.57,3,1.493562
audio15.TextGrid,17,9,on,58.710,58.830,IN,5.0529,6.91,2,0.611943
audio15.TextGrid,17,10,the,58.830,58.890,DT,1.7243,7.73,2,-1.766261
audio15.TextGrid,17,11,wire,58.890,59.300,NN,4.1374,4.43,3,-4.053831
audio15.TextGrid,18,1,i,59.300,59.330,JJ,5.5144,7.09,1,1.421291
audio15.TextGrid,18,2,wish,60.140,60.430,VBP,9.0633,5.18,3,1.411496
audio15.TextGrid,18,3,i,60.430,60.520,NN,6.0510,7.09,1,1.957891
audio15.TextGrid,18,4,could,60.520,60.690,MD,7.1028,6.06,3,1.037176
audio15.TextGrid,18,5,see,60.690,61.010,VB,6.2439,6.1,2,-0.089115
audio15.TextGrid,18,6,him,61.010,61.210,PRP,8.0203,6.11,2,2.652128
audio15.TextGrid,19,1,i,61.960,62.040,JJ,5.5144,7.09,1,1.421291
audio15.TextGrid,19,2,wish,62.040,62.260,VBP,9.0633,5.18,3,1.411496
audio15.TextGrid,19,3,i,62.260,62.360,NN,6.0510,7.09,1,1.957891
audio15.TextGrid,19,4,could,62.360,62.510,MD,7.1028,6.06,3,1.037176
audio15.TextGrid,19,5,see,62.510,62.740,VB,6.2439,6.1,2,-0.089115
audio15.TextGrid,19,6,him,62.740,62.840,PRP,8.0203,6.11,2,2.652128
audio15.TextGrid,19,7,only,62.840,63.060,RB,6.7977,6.12,4,-0.843911
audio15.TextGrid,19,8,once,63.060,63.420,RB,7.7114,5.53,4,-0.095088
audio15.TextGrid,19,9,to,63.420,63.590,TO,3.6758,7.43,2,-0.162467
audio15.TextGrid,19,10,know,63.590,63.760,VB,7.3068,6.1,2,0.973785
audio15.TextGrid,19,11,what,63.760,63.950,WP,6.8822,6.38,3,1.046732
audio15.TextGrid,19,12,i,63.950,64.040,NN,7.1488,7.09,1,3.055691
audio15.TextGrid,19,13,have,64.040,64.230,VBP,4.0883,6.71,3,-2.463073
audio15.TextGrid,19,14,against,64.230,64.670,IN,7.6460,5.68,6,-0.110085
audio15.TextGrid,19,15,me,64.670,64.940,PRP,7.9830,6.48,2,3.043665
audio15.TextGrid,20,1,the,67.290,67.390,DT,1.8241,7.73,2,-1.666461
audio15.TextGrid,20,2,fish,67.390,67.720,JJ,5.0760,4.9,3,-2.777191
audio15.TextGrid,20,3,never,67.720,68.010,RB,9.8726,5.91,4,2.172304
audio15.TextGrid,20,4,changed,68.010,68.470,VBN,8.0566,5.07,5,-0.082553
audio15.TextGrid,20,5,his,68.470,68.640,PRP$,7.1476,6.51,3,1.405632
audio15.TextGrid,20,6,course,68.640,69.130,NN,7.9464,5.44,4,0.114761
audio15.TextGrid,20,7,nor,69.130,69.360,CC,9.2997,4.78,3,2.313454
audio15.TextGrid,20,8,his,69.360,69.540,PRP$,5.9920,6.51,3,0.250032
audio15.TextGrid,20,9,direction,69.540,70.120,NN,8.7476,4.93,8,0.203254
audio15.TextGrid,20,10,all,70.120,70.380,DT,7.7260,6.52,2,2.833026
audio15.TextGrid,20,11,that,70.380,70.670,WDT,5.8873,7.01,3,0.504950
audio15.TextGrid,20,12,night,70.670,70.980,NN,9.6043,5.61,3,2.261767
audio15.TextGrid,20,13,as,70.980,71.130,RB,4.8156,6.77,2,-0.740872
audio15.TextGrid,20,14,far,71.130,71.310,RB,8.2382,5.5,3,0.816551
audio15.TextGrid,20,15,as,71.310,71.420,IN,5.1844,6.77,2,0.581181
audio15.TextGrid,20,16,the,71.420,71.500,DT,2.0001,7.73,2,-1.490461
audio15.TextGrid,20,17,man,71.500,71.740,NN,7.6863,5.82,3,0.494807
audio15.TextGrid,20,18,could,71.740,71.940,MD,6.4079,6.06,3,0.342276
audio15.TextGrid,20,19,tell,71.940,72.210,VB,9.6792,5.53,3,2.279128
audio15.TextGrid,20,20,from,72.210,72.380,IN,5.2617,6.63,3,-0.393959
audio15.TextGrid,20,21,watching,72.380,72.740,VBG,11.7379,5.02,5,3.606764
audio15.TextGrid,20,22,the,72.740,72.820,DT,2.3131,7.73,2,-1.177461
audio15.TextGrid,20,23,stars,72.820,73.410,NNS,10.5012,4.86,5,2.395716
audio15.TextGrid,21,1,it,74.130,74.270,PRP,3.8912,6.95,2,-0.503396
audio15.TextGrid,21,2,was,74.270,74.410,VBD,3.9158,6.82,3,-2.556457
audio15.TextGrid,21,3,cold,74.410,74.850,VBN,11.2433,5.02,4,3.294291
audio15.TextGrid,21,4,after,74.850,75.060,IN,6.8064,6.11,4,0.115248
audio15.TextGrid,21,5,the,75.060,75.160,DT,1.7084,7.73,2,-1.782161
audio15.TextGrid,21,6,sun,75.160,75.400,NN,10.3525,4.97,3,2.549656
audio15.TextGrid,21,7,went,75.400,75.630,VBD,10.4674,5.5,4,2.652528
audio15.TextGrid,21,8,down,75.630,76.000,RB,6.3323,5.88,3,-0.816039
audio15.TextGrid,22,1,and,76.460,76.560,CC,3.7036,7.41,2,-0.157847
audio15.TextGrid,22,2,the,76.560,76.680,DT,2.0380,7.73,2,-1.452561
audio15.TextGrid,22,3,old,76.680,76.960,JJ,7.3360,5.75,3,0.094160
audio15.TextGrid,22,4,man,76.960,77.200,NN,7.6917,5.82,3,0.500207
audio15.TextGrid,22,5,s,77.200,77.250,VBZ,3.5067,5.86,1,-2.552935
audio15.TextGrid,22,6,sweat,77.250,77.620,NN,12.7988,4.14,4,4.603872
audio15.TextGrid,22,7,dried,77.620,77.890,VBD,5.3541,4.04,4,-2.868773
audio15.TextGrid,22,8,cold,77.890,78.230,NN,11.2316,5.02,4,3.282591
audio15.TextGrid,22,9,on,78.230,78.370,IN,5.0312,6.91,2,0.590243
audio15.TextGrid,22,10,his,78.370,78.540,PRP$,5.3167,6.51,3,-0.425268
audio15.TextGrid,22,11,back,78.540,78.960,NN,9.0278,6.04,3,1.994539
audio15.TextGrid,22,12,and,78.960,79.070,CC,3.8343,7.41,2,-0.027147
audio15.TextGrid,22,13,his,79.070,79.230,PRP$,6.4073,6.51,3,0.665332
audio15.TextGrid,22,14,arms,79.230,79.670,NNS,9.2080,4.82,4,1.203100
audio15.TextGrid,22,15,and,79.670,79.800,CC,4.2198,7.41,3,-0.874855
audio15.TextGrid,22,16,his,79.800,79.950,PRP$,5.9672,6.51,3,0.225232
audio15.TextGrid,22,17,old,79.950,80.220,JJ,7.3904,5.75,3,0.148560
audio15.TextGrid,22,18,legs,80.220,80.680,NN,4.1087,4.67,4,-3.938118
audio15.TextGrid,23,1,during,81.440,81.720,IN,7.8144,5.72,5,0.524286
audio15.TextGrid,23,2,the,81.720,81.790,DT,1.7472,7.73,2,-1.743361
audio15.TextGrid,23,3,day,81.790,82.080,NN,7.0843,5.95,2,0.577432
audio15.TextGrid,23,4,he,82.080,82.160,PRP,5.4077,6.69,2,0.711759
audio15.TextGrid,23,5,had,82.160,82.340,VBD,4.7560,6.33,3,-2.068683
audio15.TextGrid,23,6,taken,82.340,82.620,VBN,8.6198,5.33,5,0.438962
audio15.TextGrid,23,7,the,82.620,82.680,DT,3.1221,7.73,2,-0.368461
audio15.TextGrid,23,8,sack,82.680,83.030,NN,4.1503,3.91,3,-4.414934
audio15.TextGrid,23,9,that,83.030,83.190,WDT,4.1033,7.01,3,-1.279050
audio15.TextGrid,23,10,covered,83.190,83.500,VBD,10.4901,4.83,5,2.389426
audio15.TextGrid,23,11,the,83.500,83.560,DT,3.1738,7.73,2,-0.316761
audio15.TextGrid,23,12,bait,83.560,83.830,NN,4.1403,3.85,3,-4.468088
audio15.TextGrid,23,13,box,83.830,84.190,NN,10.1091,5.04,4,2.165680
audio15.TextGrid,23,14,and,84.190,84.350,CC,4.1013,7.41,3,-0.993355
audio15.TextGrid,23,15,spread,84.350,84.640,NN,9.4225,4.81,5,1.325033
audio15.TextGrid,23,16,it,84.640,84.740,PRP,4.7535,6.95,2,0.358904
audio15.TextGrid,23,17,in,84.740,84.830,IN,3.0124,7.27,2,-1.011310
audio15.TextGrid,23,18,the,84.830,84.910,DT,1.6982,7.73,2,-1.792361
audio15.TextGrid,23,19,sun,84.910,85.170,NN,10.3508,4.97,3,2.547956
audio15.TextGrid,23,20,to,85.170,85.270,TO,4.6522,7.43,2,0.813933
audio15.TextGrid,23,21,dry,85.270,85.710,VB,10.0968,4.74,3,2.128532
audio15.TextGrid,24,1,after,86.650,86.920,IN,7.0701,6.11,4,0.378948
audio15.TextGrid,24,2,the,86.920,87.020,DT,1.7691,7.73,2,-1.721461
audio15.TextGrid,24,3,sun,87.020,87.280,NN,10.3485,4.97,3,2.545656
audio15.TextGrid,24,4,went,87.280,87.460,VBD,10.1426,5.5,4,2.327728
audio15.TextGrid,24,5,down,87.460,87.890,IN,6.3177,5.88,3,0.122614
audio15.TextGrid,24,6,he,87.890,88.050,PRP,5.2580,6.69,2,0.562059
audio15.TextGrid,24,7,tied,88.050,88.370,VBD,9.8952,4.47,3,1.732738
audio15.TextGrid,24,8,it,88.370,88.470,PRP,4.9342,6.95,2,0.539604
audio15.TextGrid,24,9,around,88.470,88.750,IN,7.1893,5.77,4,0.403133
audio15.TextGrid,24,10,his,88.750,88.940,PRP$,5.4150,6.51,3,-0.326968
audio15.TextGrid,24,11,neck,88.940,89.240,NN,4.2574,4.63,3,-3.789984
audio15.TextGrid,24,12,so,89.240,89.380,IN,6.6181,6.52,2,1.725126
audio15.TextGrid,24,13,that,89.380,89.530,IN,4.7863,7.01,3,-0.596050
audio15.TextGrid,24,14,it,89.530,89.650,PRP,4.3382,6.95,2,-0.056396
audio15.TextGrid,24,15,hung,89.650,89.850,VBD,10.7192,4.21,3,2.369737
audio15.TextGrid,24,16,down,89.850,90.100,RP,6.3104,5.88,3,0.115314
audio15.TextGrid,24,17,over,90.100,90.320,IN,6.4039,6.08,3,0.352661
audio15.TextGrid,24,18,his,90.320,90.490,PRP$,5.4067,6.51,3,-0.335268
audio15.TextGrid,24,19,back,90.490,90.890,NN,9.0257,6.04,3,1.992439
audio15.TextGrid,25,1,and,91.400,91.480,CC,3.7036,7.41,2,-0.157847
audio15.TextGrid,25,2,he,91.480,91.560,PRP,4.7461,6.69,2,0.050159
audio15.TextGrid,25,3,cautiously,91.560,92.150,RB,11.8345,3.32,7,5.106931
audio15.TextGrid,25,4,worked,92.150,92.410,VBD,8.3682,5.16,4,0.458314
audio15.TextGrid,25,5,it,92.410,92.470,PRP,4.7862,6.95,2,0.391604
audio15.TextGrid,25,6,down,92.470,92.920,RP,6.9399,5.88,3,0.744814
audio15.TextGrid,25,7,under,92.920,93.120,IN,7.1462,5.73,4,0.348855
audio15.TextGrid,25,8,the,93.120,93.230,DT,1.7309,7.73,2,-1.759661
audio15.TextGrid,25,9,line,93.230,93.640,NN,7.6732,5.49,3,0.244359
audio15.TextGrid,25,10,that,93.640,93.800,WDT,4.3597,7.01,3,-1.022650
audio15.TextGrid,25,11,was,93.800,93.970,VBD,6.1179,6.82,3,-0.354357
audio15.TextGrid,25,12,across,93.970,94.320,IN,8.3566,5.25,5,1.141841
audio15.TextGrid,25,13,his,94.320,94.450,PRP$,5.4342,6.51,3,-0.307768
audio15.TextGrid,25,14,shoulders,94.450,94.940,NNS,5.5669,4.18,6,-2.242269
audio15.TextGrid,25,15,now,94.940,95.320,RB,6.8184,6.18,2,0.578107
audio15.TextGrid,26,1,the,96.010,96.100,DT,1.8241,7.73,2,-1.666461
audio15.TextGrid,26,2,sack,96.100,96.390,NN,4.1358,3.91,3,-4.429434
audio15.TextGrid,26,3,cushioned,96.390,96.780,VBD,10.2403,2.62,6,3.367306
audio15.TextGrid,26,4,the,96.780,96.860,DT,3.0440,7.73,2,-0.446561
audio15.TextGrid,26,5,line,96.860,97.250,NN,7.6850,5.49,3,0.256159
audio15.TextGrid,26,6,and,97.250,97.390,CC,4.4538,7.41,3,-0.640855
audio15.TextGrid,26,7,he,97.390,97.480,PRP,5.1212,6.69,2,0.425259
audio15.TextGrid,26,8,had,97.480,97.610,VBD,5.7241,6.33,3,-1.100583
audio15.TextGrid,26,9,found,97.610,97.860,VBN,8.2495,5.68,4,0.484930
audio15.TextGrid,26,10,a,97.860,97.890,DT,3.5352,7.36,1,0.827020
audio15.TextGrid,26,11,way,97.890,98.090,NN,6.8419,6.01,2,0.404574
audio15.TextGrid,26,12,of,98.090,98.230,IN,3.0386,7.4,2,-0.834438
audio15.TextGrid,26,13,leaning,98.230,98.590,VBG,8.1436,3.89,5,0.193636
audio15.TextGrid,26,14,forward,98.590,99.040,RB,9.5463,5.12,6,1.173025
audio15.TextGrid,26,15,against,99.040,99.330,IN,7.4738,5.68,6,-0.282285
audio15.TextGrid,26,16,the,99.330,99.430,DT,1.7284,7.73,2,-1.762161
audio15.TextGrid,26,17,bow,99.430,99.870,NN,4.1377,4.3,2,-4.281549
audio15.TextGrid,26,18,so,99.870,100.020,RB,6.6317,6.52,2,0.785473
audio15.TextGrid,26,19,that,100.020,100.170,IN,4.6349,7.01,3,-0.747450
audio15.TextGrid,26,20,he,100.170,100.230,PRP,4.9502,6.69,2,0.254259
audio15.TextGrid,26,21,was,100.230,100.380,VBD,4.9740,6.82,3,-1.498257
audio15.TextGrid,26,22,almost,100.380,100.740,RB,7.2448,5.39,6,-1.290505
audio15.TextGrid,26,23,comfortable,100.740,101.310,JJ,11.0361,4.66,10,2.843656
audio15.TextGrid,27,1,the,102.310,102.380,DT,1.8241,7.73,2,-1.666461
audio15.TextGrid,27,2,position,102.380,102.840,NN,7.7471,5.21,7,-0.945870
audio15.TextGrid,27,3,actually,102.840,103.370,RB,10.5290,5.49,5,2.322509
audio15.TextGrid,27,4,was,103.370,103.560,VBD,4.6558,6.82,3,-1.816457
audio15.TextGrid,27,5,only,103.560,103.810,JJ,6.0921,6.12,4,-1.549511
audio15.TextGrid,27,6,somewhat,103.810,104.260,RB,9.8656,4.55,6,1.834389
audio15.TextGrid,27,7,less,104.260,104.530,RBR,6.3661,5.49,3,-1.062741
audio15.TextGrid,27,8,intolerable,104.530,105.280,JJ,5.8306,3.17,10,1.153429
audio15.TextGrid,28,1,but,106.040,106.200,CC,5.3198,6.63,3,-0.335859
audio15.TextGrid,28,2,he,106.200,106.310,PRP,4.7447,6.69,2,0.048759
audio15.TextGrid,28,3,thought,106.310,106.540,VBD,7.8813,5.59,3,0.524382
audio15.TextGrid,28,4,of,106.540,106.640,IN,3.1354,7.4,2,-0.737638
audio15.TextGrid,28,5,it,106.640,106.740,PRP,3.8134,6.95,2,-0.581196
audio15.TextGrid,28,6,as,106.740,106.840,IN,4.6826,6.77,2,0.079381
audio15.TextGrid,28,7,almost,106.840,107.210,RB,8.6608,5.39,6,0.125495
audio15.TextGrid,28,8,comfortable,107.210,107.750,JJ,10.8471,4.66,10,2.654656
audio15.TextGrid,29,1,i,109.400,109.540,NN,5.5144,7.09,1,1.421291
audio15.TextGrid,29,2,can,109.540,109.710,MD,5.3141,6.46,3,-0.463830
audio15.TextGrid,29,3,do,109.710,109.850,VB,5.1565,6.35,2,-0.886760
audio15.TextGrid,29,4,nothing,109.850,110.190,NN,10.5276,5.55,5,2.311489
audio15.TextGrid,29,5,with,110.190,110.340,IN,5.2388,6.85,3,-0.258627
audio15.TextGrid,29,6,him,110.340,110.600,PRP,7.3815,6.11,3,1.351838
audio15.TextGrid,29,7,and,110.600,110.750,CC,4.4404,7.41,3,-0.654255
audio15.TextGrid,29,8,he,110.750,110.850,PRP,5.0371,6.69,2,0.341159
audio15.TextGrid,29,9,can,110.850,111.030,MD,5.9184,6.46,3,0.140470
audio15.TextGrid,29,10,do,111.030,111.140,VB,5.1572,6.35,2,-0.886060
audio15.TextGrid,29,11,nothing,111.140,111.480,NN,10.5128,5.55,5,2.296689
audio15.TextGrid,29,12,with,111.480,111.630,IN,5.1721,6.85,3,-0.325327
audio15.TextGrid,29,13,me,111.630,111.960,PRP,7.9585,6.48,2,3.019165
audio15.TextGrid,29,14,he,112.150,112.260,PRP,6.3488,6.69,2,1.652859
audio15.TextGrid,29,15,thought,112.260,112.670,VBD,8.5235,5.59,3,1.166582
audio15.TextGrid,30,1,not,113.210,113.420,RB,6.0703,6.69,3,-0.495458
audio15.TextGrid,30,2,as,113.420,113.540,RB,5.2424,6.77,2,-0.314072
audio15.TextGrid,30,3,long,113.540,113.770,RB,7.8818,5.81,3,0.683114
audio15.TextGrid,30,4,as,113.770,113.870,IN,5.6068,6.77,2,1.003581
audio15.TextGrid,30,5,he,113.870,113.970,PRP,4.8201,6.69,2,0.124159
audio15.TextGrid,30,6,keeps,113.970,114.330,VBZ,9.9968,4.67,4,1.949982
audio15.TextGrid,30,7,this,114.330,114.560,DT,5.6552,6.82,3,0.136195
audio15.TextGrid,30,8,up,114.560,114.850,RP,8.2884,6.39,2,3.244753
audio15.TextGrid,31,1,once,116.920,117.200,RB,8.1706,5.53,4,0.364112
audio15.TextGrid,31,2,he,117.200,117.330,PRP,5.2541,6.69,2,0.558159
audio15.TextGrid,31,3,stood,117.330,120.310,VBD,8.3593,4.57,4,0.284537
audio15.TextGrid,31,4,up,120.310,120.670,RP,5.0491,6.39,2,0.005453
audio15.TextGrid,32,1,and,120.670,121.580,CC,3.7036,7.41,3,-1.391055
audio15.TextGrid,32,2,urinated,122.640,123.250,VBN,7.9536,2.31,9,4.295694
audio15.TextGrid,32,3,over,123.250,123.430,IN,6.0617,6.08,3,0.010461
audio15.TextGrid,32,4,the,123.430,123.540,DT,1.7300,7.73,2,-1.760561
audio15.TextGrid,32,5,side,123.540,123.690,NN,8.0376,5.5,3,0.615951
audio15.TextGrid,32,6,of,123.690,123.780,IN,3.3203,7.4,2,-0.552738
audio15.TextGrid,32,7,the,123.780,123.980,DT,1.7102,7.73,2,-1.780361
audio15.TextGrid,32,8,skiff,123.980,124.140,NN,4.1372,2.63,4,-4.479703
audio15.TextGrid,32,9,and,124.140,124.200,CC,4.1554,7.41,2,0.293953
audio15.TextGrid,32,10,looked,124.200,124.320,VBD,12.3300,5.11,4,4.406142
audio15.TextGrid,32,11,at,124.320,124.380,IN,4.4736,6.7,2,-0.210751
audio15.TextGrid,32,12,the,124.380,124.450,DT,1.6776,7.73,2,-1.812961
audio15.TextGrid,32,13,stars,124.450,124.750,NNS,10.4942,4.86,5,2.388716
audio15.TextGrid,32,14,and,124.750,124.890,CC,3.8656,7.41,3,-1.229055
audio15.TextGrid,32,15,checked,124.890,125.030,VBD,5.5968,4.54,4,-2.486347
audio15.TextGrid,32,16,his,125.030,125.120,PRP$,6.0089,6.51,3,0.266932
audio15.TextGrid,32,17,course,125.120,125.600,NN,7.9545,5.44,4,0.122861
audio15.TextGrid,32,18,the,125.600,125.660,DT,3.4869,7.73,2,-0.003661
audio15.TextGrid,32,19,line,125.660,125.750,NN,7.6708,5.49,3,0.241959
audio15.TextGrid,32,20,showed,125.750,126.060,VBD,8.2640,4.86,3,0.382040
audio15.TextGrid,32,21,like,126.060,126.160,IN,7.0951,6.41,3,1.281209
audio15.TextGrid,32,22,a,126.160,126.190,DT,2.7143,7.36,1,0.006120
audio15.TextGrid,32,23,phosphorescent,126.190,126.890,NN,4.1402,2.22,11,2.753575
audio15.TextGrid,33,1,streak,127.680,127.990,NN,5.9246,4.06,5,-2.052620
audio15.TextGrid,33,2,in,127.990,128.090,IN,4.3102,7.27,2,0.286490
audio15.TextGrid,33,3,the,128.090,128.290,DT,1.7004,7.73,2,-1.790161
audio15.TextGrid,33,4,water,128.290,128.540,NN,8.3732,5.52,4,0.563917
audio15.TextGrid,33,5,straight,128.540,129.020,VBD,10.2289,5.04,5,2.094557
audio15.TextGrid,33,6,out,129.020,129.360,RP,7.1329,6.38,2,2.077663
audio15.TextGrid,33,7,from,129.460,129.600,IN,4.8102,6.63,4,-1.735637
audio15.TextGrid,33,8,his,129.600,129.770,PRP$,5.3141,6.51,3,-0.427868
audio15.TextGrid,33,9,shoulders,129.770,130.190,NNS,5.5669,4.18,6,-2.242269
audio15.TextGrid,33,10,they,130.190,130.350,PRP,6.7577,6.5,2,1.841545
audio15.TextGrid,33,11,were,130.350,130.620,VBD,5.1183,6.34,2,-0.936550
audio15.TextGrid,33,12,moving,130.620,130.890,VBG,9.7749,5.02,5,1.643764
audio15.TextGrid,33,13,more,130.890,130.980,RBR,5.8571,6.36,3,-0.946006
audio15.TextGrid,33,14,slowly,130.980,131.470,RB,8.9983,4.63,5,0.929692
audio15.TextGrid,33,15,now,131.470,131.580,RB,6.5108,6.18,2,0.270507
audio15.TextGrid,33,16,and,131.780,131.980,CC,3.7329,7.41,2,-0.128547
audio15.TextGrid,33,17,the,131.980,132.060,DT,3.4920,7.73,2,0.001439
audio15.TextGrid,33,18,glow,132.060,132.180,NN,4.1530,3.91,3,-4.412234
audio15.TextGrid,33,19,of,132.180,132.270,IN,3.2863,7.4,2,-0.586738
audio15.TextGrid,33,20,havana,132.270,132.530,NN,5.7966,3.53,6,-1.622496
audio15.TextGrid,33,21,was,132.530,132.660,VBD,5.2537,6.82,3,-1.218557
audio15.TextGrid,33,22,not,132.660,133.000,RB,5.4529,6.69,3,-1.112858
audio15.TextGrid,33,23,so,133.000,133.060,RB,6.1243,6.52,2,0.278073
audio15.TextGrid,33,24,strong,133.060,133.840,JJ,7.7709,5.22,5,-0.392302
audio15.TextGrid,33,25,so,133.840,133.940,RB,6.6120,6.52,2,0.765773
audio15.TextGrid,33,26,that,133.940,134.080,IN,4.6861,7.01,3,-0.696250
audio15.TextGrid,33,27,he,134.080,134.280,PRP,4.9296,6.69,2,0.233659
audio15.TextGrid,33,28,knew,134.280,134.660,VBD,9.5546,5.2,3,1.917180
audio15.TextGrid,34,1,the,134.660,134.790,DT,1.8241,7.73,2,-1.666461
audio15.TextGrid,34,2,current,135.850,136.200,JJ,7.1599,5.27,6,-1.303391
audio15.TextGrid,34,3,must,136.200,136.530,MD,9.2160,5.68,4,2.404683
audio15.TextGrid,34,4,be,136.530,136.630,VB,3.7161,6.79,2,-1.817192
audio15.TextGrid,34,5,carrying,136.630,136.880,VBG,11.3291,4.61,6,3.261883
audio15.TextGrid,34,6,them,136.880,136.970,PRP,6.5090,6.19,3,0.536877
audio15.TextGrid,34,7,to,136.970,137.030,TO,3.3261,7.43,2,-0.512167
audio15.TextGrid,34,8,the,137.030,137.230,DT,2.1338,7.73,2,-1.356761
audio15.TextGrid,34,9,eastward,137.230,137.530,NN,4.1356,3.24,6,-3.109463
audio15.TextGrid,34,10,if,137.530,137.590,IN,6.0626,6.47,2,1.111675
audio15.TextGrid,34,11,i,137.590,137.620,JJ,5.4195,7.09,1,1.326391
audio15.TextGrid,34,12,lose,137.620,137.730,VBP,10.7826,5.08,3,3.058872
audio15.TextGrid,34,13,the,137.730,137.910,DT,2.2817,7.73,2,-1.208861
audio15.TextGrid,34,14,glare,137.910,138.110,NN,4.1383,3.36,4,-4.274602
audio15.TextGrid,34,15,of,138.110,138.170,IN,3.0055,7.4,2,-0.867538
audio15.TextGrid,34,16,havana,138.170,138.530,NN,5.7906,3.53,6,-1.628496
audio15.TextGrid,35,1,we,138.530,138.760,PRP,5.6952,6.54,2,0.825406
audio15.TextGrid,35,2,must,138.760,138.920,MD,6.9084,5.68,4,0.097083
audio15.TextGrid,35,3,be,138.920,139.070,VB,3.7168,6.79,2,-1.816492
audio15.TextGrid,35,4,going,139.070,139.300,VBG,8.3358,5.94,4,0.643888
audio15.TextGrid,35,5,more,139.350,139.490,JJR,5.8910,6.36,3,-0.912106
audio15.TextGrid,35,6,to,139.490,139.550,TO,3.5087,7.43,2,-0.329567
audio15.TextGrid,36,1,the,139.550,139.650,DT,1.8241,7.73,2,-1.666461
audio15.TextGrid,36,2,eastward,140.250,140.570,NN,4.1358,3.24,6,-3.109263
audio15.TextGrid,36,3,he,140.570,140.650,PRP,7.0389,6.69,2,2.342959
audio15.TextGrid,36,4,thought,140.650,140.830,VBD,8.0737,5.59,3,0.716782
audio15.TextGrid,36,5,for,140.830,140.930,IN,4.1284,7.01,2,-0.196655
audio15.TextGrid,36,6,if,140.930,141.000,IN,7.7774,6.47,2,2.826475
audio15.TextGrid,36,7,the,141.000,141.240,DT,1.9089,7.73,2,-1.581661
audio15.TextGrid,36,8,fish,141.240,141.410,JJ,5.0908,4.9,3,-2.762391
audio15.TextGrid,36,9,s,141.410,141.440,NN,4.3385,5.86,1,-1.721135
audio15.TextGrid,36,10,course,141.440,141.760,NN,9.2620,5.44,4,1.430361
audio15.TextGrid,36,11,held,141.760,141.940,VBD,8.1470,5.24,4,0.259470
audio15.TextGrid,36,12,true,142.260,142.350,JJ,9.8884,5.4,3,2.394828
audio15.TextGrid,36,13,i,142.350,142.380,NN,8.0475,7.09,1,3.954391
audio15.TextGrid,36,14,must,142.380,142.660,MD,7.7116,5.68,4,0.900283
audio15.TextGrid,36,15,see,142.660,142.830,VB,6.2370,6.1,2,-0.096015
audio15.TextGrid,36,16,it,142.830,142.920,PRP,4.4275,6.95,2,0.032904
audio15.TextGrid,36,17,for,142.920,143.030,IN,3.8498,7.01,2,-0.475255
audio15.TextGrid,36,18,many,143.030,143.260,JJ,6.5554,5.91,4,-1.144896
audio15.TextGrid,36,19,more,143.260,143.490,JJR,6.9103,6.36,3,0.107194
audio15.TextGrid,36,20,hours,143.490,143.940,NNS,8.3487,5.4,3,0.855128
audio15.TextGrid,37,1,i,145.230,145.310,NN,5.5144,7.09,1,1.421291
audio15.TextGrid,37,2,wonder,145.310,145.580,VBP,12.3205,4.93,5,4.203793
audio15.TextGrid,37,3,how,145.580,145.700,WRB,8.2637,6.24,2,3.046201
audio15.TextGrid,37,4,the,145.700,145.790,DT,1.9620,7.73,2,-1.528561
audio15.TextGrid,37,5,baseball,145.790,146.290,NN,9.1370,4.54,6,1.111791
audio15.TextGrid,37,6,came,146.290,146.550,VBD,7.0453,5.5,3,-0.376349
audio15.TextGrid,37,7,out,146.550,146.740,RP,5.7137,6.38,2,0.658463
audio15.TextGrid,37,8,in,146.740,146.830,IN,3.1310,7.27,2,-0.892710
audio15.TextGrid,37,9,the,146.830,146.890,DT,1.7002,7.73,2,-1.790361
audio15.TextGrid,37,10,grand,146.890,147.210,JJ,10.1784,4.91,5,2.064900
audio15.TextGrid,37,11,leagues,147.210,147.560,NNS,6.0125,3.9,4,-2.249497
audio15.TextGrid,37,12,today,147.560,148.000,NN,8.8484,5.55,4,1.047501
audio15.TextGrid,37,13,he,148.140,148.260,PRP,6.8420,6.69,2,2.146059
audio15.TextGrid,37,14,thought,148.260,148.600,VBD,8.2772,5.59,3,0.920282
audio15.TextGrid,38,1,it,149.270,149.400,PRP,3.8912,6.95,2,-0.503396
audio15.TextGrid,38,2,would,149.400,149.500,MD,4.5105,6.27,3,-1.404084
audio15.TextGrid,38,3,be,149.500,149.610,VB,3.7168,6.79,2,-1.816492
audio15.TextGrid,38,4,wonderful,149.610,150.060,JJ,5.7084,4.85,8,-2.717572
audio15.TextGrid,38,5,to,150.060,150.150,TO,3.9324,7.43,2,0.094133
audio15.TextGrid,38,6,do,150.150,150.300,VB,5.5555,6.35,2,-0.487760
audio15.TextGrid,38,7,this,150.300,150.520,DT,5.6035,6.82,3,0.084495
audio15.TextGrid,38,8,with,150.520,150.630,IN,6.7918,6.85,3,1.294373
audio15.TextGrid,38,9,a,150.630,150.680,DT,2.5962,7.36,1,-0.111980
audio15.TextGrid,38,10,radio,150.680,151.160,NN,8.0757,5.01,5,-0.053833
audio15.TextGrid,39,1,then,152.190,152.370,RB,7.4856,6.07,3,0.473916
audio15.TextGrid,39,2,he,152.370,152.520,PRP,5.3385,6.69,2,0.642559
audio15.TextGrid,39,3,thought,152.520,152.820,VBD,7.9440,5.59,3,0.587082
audio15.TextGrid,39,4,think,153.330,153.540,NN,8.2334,6.08,4,0.580611
audio15.TextGrid,39,5,of,153.540,153.640,IN,3.4553,7.4,2,-0.417738
audio15.TextGrid,39,6,it,153.640,153.810,PRP,3.8196,6.95,2,-0.574996
audio15.TextGrid,39,7,always,153.810,154.440,RB,8.4172,5.76,5,0.167420
audio15.TextGrid,39,8,think,154.710,155.010,VBP,7.4465,6.08,4,-0.206289
audio15.TextGrid,39,9,of,155.010,155.130,IN,3.4806,7.4,2,-0.392438
audio15.TextGrid,39,10,what,155.130,155.300,WP,7.3924,6.38,3,1.556932
audio15.TextGrid,39,11,you,155.300,155.400,PRP,6.2111,6.98,2,1.851275
audio15.TextGrid,39,12,are,155.400,155.440,VBP,3.9794,6.74,1,-0.673289
audio15.TextGrid,39,13,doing,155.440,155.850,VBG,8.5808,5.6,4,0.793874
audio15.TextGrid,40,1,you,156.380,156.490,PRP,5.7058,6.98,2,1.345975
audio15.TextGrid,40,2,must,156.490,156.790,MD,6.9084,5.68,4,0.097083
audio15.TextGrid,40,3,do,156.790,156.940,VB,5.1562,6.35,2,-0.887060
audio15.TextGrid,40,4,nothing,156.940,157.280,NN,10.5276,5.55,5,2.311489
audio15.TextGrid,40,5,stupid,157.280,157.830,VB,10.5336,4.94,6,2.268346
audio15.TextGrid,41,1,then,159.800,159.980,RB,7.4856,6.07,3,0.473916
audio15.TextGrid,41,2,he,159.980,160.200,PRP,5.3385,6.69,2,0.642559
audio15.TextGrid,41,3,said,160.200,160.400,VBD,3.4135,6.01,3,-3.641338
audio15.TextGrid,41,4,aloud,160.400,160.840,NN,6.5434,3.51,4,-1.827584
audio15.TextGrid,42,1,i,161.380,161.500,JJ,5.5144,7.09,1,1.421291
audio15.TextGrid,42,2,wish,161.500,161.720,NN,9.0633,5.18,3,1.411496
audio15.TextGrid,42,3,i,161.720,161.900,NN,6.0510,7.09,1,1.957891
audio15.TextGrid,42,4,had,161.900,162.050,VBD,6.7946,6.33,3,-0.030083
audio15.TextGrid,42,5,the,162.050,162.150,DT,2.4537,7.73,2,-1.036861
audio15.TextGrid,42,6,boy,162.150,162.590,NN,10.2396,5.17,2,2.828698
audio15.TextGrid,43,1,to,163.030,163.190,TO,4.2199,7.43,2,0.381633
audio15.TextGrid,43,2,help,163.190,163.440,VB,6.4393,5.75,4,-1.305708
audio15.TextGrid,43,3,me,163.440,163.710,PRP,8.5264,6.48,2,3.587065
audio15.TextGrid,43,4,and,163.930,164.040,CC,3.3375,7.41,2,-0.523947
audio15.TextGrid,43,5,to,164.040,164.160,TO,3.8018,7.43,2,-0.036467
audio15.TextGrid,43,6,see,164.160,164.440,VB,6.3761,6.1,2,0.043085
audio15.TextGrid,44,1,this,164.440,164.880,DT,4.8800,6.82,3,-0.639005
audio15.TextGrid,44,2,no,166.620,166.790,DT,8.8201,6.35,2,3.730093
audio15.TextGrid,44,3,one,166.790,166.990,NN,6.4370,6.47,3,-0.286990
audio15.TextGrid,44,4,should,166.990,167.170,MD,7.5023,5.99,3,1.386330
audio15.TextGrid,44,5,be,167.170,167.300,VB,3.7165,6.79,2,-1.816792
audio15.TextGrid,44,6,alone,167.300,167.650,RB,8.6482,5.16,4,0.738314
audio15.TextGrid,44,7,in,167.650,167.750,IN,3.7581,7.27,2,-0.265610
audio15.TextGrid,44,8,their,167.750,167.920,PRP$,4.9826,6.33,3,-0.888830
audio15.TextGrid,44,9,old,167.920,168.120,JJ,7.3896,5.75,3,0.147760
audio15.TextGrid,44,10,age,168.120,168.540,NN,7.7237,5.32,2,0.486651
audio15.TextGrid,44,11,he,168.540,168.630,PRP,6.6507,6.69,2,1.954759
audio15.TextGrid,44,12,thought,168.630,169.040,VBD,8.6988,5.59,3,1.341882
audio15.TextGrid,45,1,but,169.550,169.790,CC,5.3198,6.63,3,-0.335859
audio15.TextGrid,45,2,it,169.790,169.920,PRP,4.1006,6.95,2,-0.293996
audio15.TextGrid,45,3,is,169.920,170.070,VBZ,3.3263,7.07,2,-1.882466
audio15.TextGrid,45,4,unavoidable,170.070,170.770,JJ,5.8948,3.35,10,0.792965
audio15.TextGrid,46,1,i,171.780,171.860,NN,5.5144,7.09,1,1.421291
audio15.TextGrid,46,2,must,171.860,172.140,MD,6.9134,5.68,4,0.102083
audio15.TextGrid,46,3,remember,172.140,172.520,VB,9.5917,5.38,7,0.721947
audio15.TextGrid,46,4,to,172.520,172.670,TO,3.4988,7.43,2,-0.339467
audio15.TextGrid,46,5,eat,172.670,172.760,VB,10.0411,5.13,2,2.583837
audio15.TextGrid,46,6,the,172.760,172.870,DT,2.7763,7.73,2,-0.714261
audio15.TextGrid,46,7,tuna,172.870,173.180,NN,4.1417,3.64,4,-4.192955
audio15.TextGrid,46,8,before,173.180,173.520,IN,6.9824,5.93,5,-0.341383
audio15.TextGrid,46,9,he,173.520,173.630,PRP,4.5100,6.69,2,-0.185941
audio15.TextGrid,46,10,spoils,173.630,174.290,VBZ,4.8248,3.33,5,-3.035379
audio15.TextGrid,46,11,in,174.290,174.400,IN,3.8290,7.27,2,-0.194710
audio15.TextGrid,46,12,order,174.400,174.640,NN,8.9157,5.49,4,1.098034
audio15.TextGrid,46,13,to,174.640,174.730,TO,3.5321,7.43,2,-0.306167
audio15.TextGrid,46,14,keep,174.730,174.980,VB,7.3959,5.66,3,0.089329
audio15.TextGrid,46,15,strong,174.980,175.480,JJ,8.1923,5.22,5,0.029098
audio15.TextGrid,47,1,remember,176.200,176.640,VB,14.3897,5.38,7,5.519947
audio15.TextGrid,47,2,no,177.040,177.140,DT,6.1731,6.35,2,1.083093
audio15.TextGrid,47,3,matter,177.140,177.380,NN,7.8675,5.38,4,0.019094
audio15.TextGrid,47,4,how,177.380,177.580,WRB,7.8634,6.24,2,2.645901
audio15.TextGrid,47,5,little,177.580,177.860,JJ,7.5481,5.75,5,-0.700077
audio15.TextGrid,47,6,you,177.860,177.960,PRP,6.9604,6.98,2,2.600575
audio15.TextGrid,47,7,want,177.960,178.340,VBP,6.5277,6.04,4,-1.136267
audio15.TextGrid,47,8,to,178.340,178.520,TO,3.2597,7.43,2,-0.578567
audio15.TextGrid,47,9,that,178.520,178.690,DT,6.2938,7.01,3,0.911450
audio15.TextGrid,47,10,you,178.690,178.750,PRP,7.9181,6.98,2,3.558275
audio15.TextGrid,47,11,must,178.750,179.030,MD,8.1352,5.68,4,1.323883
audio15.TextGrid,47,12,eat,179.030,179.200,VB,9.6809,5.13,2,2.223637
audio15.TextGrid,47,13,him,179.200,179.310,PRP,8.4258,6.11,2,3.057628
audio15.TextGrid,47,14,in,179.310,179.380,IN,2.9988,7.27,2,-1.024910
audio15.TextGrid,47,15,the,179.380,179.440,DT,1.6993,7.73,2,-1.791261
audio15.TextGrid,47,16,morning,179.440,179.860,NN,8.8498,5.33,6,0.350502
audio15.TextGrid,48,1,remember,180.610,181.260,VB,14.3897,5.38,7,5.519947
audio15.TextGrid,48,2,he,181.600,181.730,PRP,5.1320,6.69,2,0.436059
audio15.TextGrid,48,3,said,181.730,181.990,VBD,4.7372,6.01,3,-2.317638
audio15.TextGrid,48,4,to,181.990,182.130,TO,3.3447,7.43,2,-0.493567
audio15.TextGrid,48,5,himself,182.130,182.630,PRP,9.0803,5.25,7,1.298986
audio16.TextGrid,1,1,during,1.480,1.800,IN,7.8144,5.72,5,0.524286
audio16.TextGrid,1,2,the,1.800,1.880,DT,1.7472,7.73,2,-1.743361
audio16.TextGrid,1,3,night,1.880,2.180,NN,8.1597,5.61,3,0.817167
audio16.TextGrid,1,4,two,2.210,2.400,CD,6.9972,6.1,2,1.617438
audio16.TextGrid,1,5,porpoises,2.400,3.050,NNS,5.7036,2.38,8,0.932432
audio16.TextGrid,1,6,came,3.050,3.350,VBD,7.0135,5.5,3,-0.408149
audio16.TextGrid,1,7,around,3.350,3.620,IN,7.4267,5.77,4,0.640533
audio16.TextGrid,1,8,the,3.620,3.680,DT,2.0647,7.73,2,-1.425861
audio16.TextGrid,1,9,boat,3.680,4.100,NN,4.1420,4.71,3,-3.847845
audio16.TextGrid,1,10,and,4.100,4.240,CC,4.3466,7.41,3,-0.748055
audio16.TextGrid,1,11,he,4.240,4.350,PRP,4.9615,6.69,2,0.265559
audio16.TextGrid,1,12,could,4.350,4.520,MD,5.6402,6.06,3,-0.425424
audio16.TextGrid,1,13,hear,4.520,4.670,VB,8.2053,5.23,3,0.589457
audio16.TextGrid,1,14,them,4.670,4.880,PRP,6.4893,6.19,3,0.517177
audio16.TextGrid,1,15,rolling,4.880,5.270,VBG,11.2927,4.47,5,3.249745
audio16.TextGrid,1,16,and,5.270,5.350,CC,3.9491,7.41,2,0.087653
audio16.TextGrid,1,17,blowing,5.350,6.000,VBG,7.2640,4.2,5,-0.735666
audio16.TextGrid,2,1,he,6.410,6.520,PRP,4.5353,6.69,2,-0.160641
audio16.TextGrid,2,2,could,6.520,6.700,MD,5.0571,6.06,3,-1.008524
audio16.TextGrid,2,3,tell,6.700,6.870,VB,9.6807,5.53,3,2.280628
audio16.TextGrid,2,4,the,6.870,6.950,DT,2.7772,7.73,2,-0.713361
audio16.TextGrid,2,5,difference,6.950,7.420,NN,7.9385,5.01,7,-0.546491
audio16.TextGrid,2,6,between,7.420,7.790,IN,7.3369,5.77,6,-0.473195
audio16.TextGrid,2,7,the,7.790,7.860,DT,1.6965,7.73,2,-1.794061
audio16.TextGrid,2,8,blowing,7.860,8.280,VBG,8.5826,4.2,5,0.582934
audio16.TextGrid,2,9,the,8.660,8.730,DT,4.2052,7.73,2,0.714639
audio16.TextGrid,2,10,male,8.730,9.000,NN,9.0624,4.89,3,1.202017
audio16.TextGrid,2,11,made,9.000,9.410,VBD,8.1380,5.92,3,1.018430
audio16.TextGrid,2,12,and,9.790,9.900,CC,3.9855,7.41,2,0.124053
audio16.TextGrid,2,13,the,9.900,10.000,DT,3.3373,7.73,2,-0.153261
audio16.TextGrid,2,14,sighing,10.000,10.470,VBG,8.5402,2.87,4,-0.009634
audio16.TextGrid,2,15,blow,10.470,10.880,NN,9.5527,4.59,3,1.476546
audio16.TextGrid,2,16,of,10.880,10.940,IN,2.6363,7.4,2,-1.236738
audio16.TextGrid,2,17,the,10.940,11.050,DT,1.6949,7.73,2,-1.795661
audio16.TextGrid,2,18,female,11.050,11.650,NN,8.9948,5.0,5,0.866870
audio16.TextGrid,3,1,they,13.030,13.200,PRP,4.6769,6.5,2,-0.239255
audio16.TextGrid,3,2,are,13.200,13.310,VBP,3.9761,6.74,2,-1.615143
audio16.TextGrid,3,3,good,13.310,13.890,JJ,7.7596,6.12,3,0.783877
audio16.TextGrid,3,4,he,14.140,14.270,PRP,7.1206,6.69,2,2.424659
audio16.TextGrid,3,5,said,14.270,14.670,VBD,4.2976,6.01,3,-2.757238
audio16.TextGrid,3,6,they,15.030,15.160,PRP,5.3350,6.5,2,0.418845
audio16.TextGrid,3,7,play,15.160,15.570,VBP,9.3265,5.61,3,1.983967
audio16.TextGrid,3,8,and,15.570,15.770,CC,4.1095,7.41,3,-0.985155
audio16.TextGrid,3,9,make,15.770,16.030,VBP,5.4376,6.08,3,-1.566892
audio16.TextGrid,3,10,jokes,16.030,16.430,NNS,7.4780,4.33,4,-0.663832
audio16.TextGrid,3,11,and,16.430,16.570,CC,4.1183,7.41,2,0.256853
audio16.TextGrid,3,12,love,16.570,16.830,VB,5.1009,5.82,3,-2.090593
audio16.TextGrid,3,13,one,16.830,16.990,CD,6.3965,6.47,3,0.625763
audio16.TextGrid,4,1,another,16.990,17.410,DT,6.4204,5.74,5,-0.872921
audio16.TextGrid,4,2,they,17.850,18.030,PRP,8.3317,6.5,2,3.415545
audio16.TextGrid,4,3,are,18.030,18.260,VBP,5.1184,6.74,2,-0.472843
audio16.TextGrid,4,4,our,18.260,18.400,PRP$,7.9668,6.14,2,2.633399
audio16.TextGrid,4,5,brothers,18.400,19.020,NNS,9.9441,4.69,6,1.828874
audio16.TextGrid,4,6,like,19.020,19.210,IN,9.2362,6.41,3,3.422309
audio16.TextGrid,4,7,the,19.210,19.290,DT,1.8763,7.73,2,-1.614261
audio16.TextGrid,4,8,flying,19.290,19.740,VBG,8.5727,4.71,5,0.491266
audio16.TextGrid,4,9,fish,19.740,20.170,NN,4.1063,4.9,3,-3.746891
audio16.TextGrid,5,1,then,22.340,22.520,RB,7.4856,6.07,3,0.473916
audio16.TextGrid,5,2,he,22.520,22.670,PRP,5.3385,6.69,2,0.642559
audio16.TextGrid,5,3,began,22.670,22.950,VBD,6.3870,5.07,5,-1.752153
audio16.TextGrid,5,4,to,22.950,23.050,TO,3.3802,7.43,2,-0.458067
audio16.TextGrid,5,5,pity,23.050,23.400,VB,3.9007,3.98,4,-4.338941
audio16.TextGrid,5,6,the,23.400,23.500,DT,2.2908,7.73,2,-1.199761
audio16.TextGrid,5,7,great,23.500,23.810,JJ,7.7270,5.88,4,0.018321
audio16.TextGrid,5,8,fish,23.810,24.140,NN,4.1877,4.9,3,-3.665491
audio16.TextGrid,5,9,that,24.140,24.300,IN,4.1884,7.01,3,-1.193950
audio16.TextGrid,5,10,he,24.300,24.380,PRP,4.7612,6.69,2,0.065259
audio16.TextGrid,5,11,had,24.380,24.520,VBD,6.0992,6.33,3,-0.725483
audio16.TextGrid,5,12,hooked,24.520,24.920,VBN,6.3549,3.92,4,-1.901508
audio16.TextGrid,6,1,he,25.340,25.500,PRP,4.5353,6.69,2,-0.160641
audio16.TextGrid,6,2,is,25.500,25.610,VBZ,3.3590,7.07,2,-1.849766
audio16.TextGrid,6,3,wonderful,25.610,26.220,JJ,5.8999,4.85,8,-2.526072
audio16.TextGrid,6,4,and,26.220,26.350,CC,3.7326,7.41,3,-1.362055
audio16.TextGrid,6,5,strange,26.350,26.990,JJ,4.5958,4.64,6,-3.489421
audio16.TextGrid,6,6,and,26.990,27.090,CC,3.9410,7.41,2,0.079553
audio16.TextGrid,6,7,who,27.090,27.230,WP,6.8863,6.34,2,1.784702
audio16.TextGrid,6,8,knows,27.230,27.530,VBZ,9.0164,5.07,3,1.285480
audio16.TextGrid,6,9,how,27.530,27.630,WRB,8.5957,6.24,2,3.378201
audio16.TextGrid,6,10,old,27.630,27.940,JJ,7.5178,5.75,3,0.275960
audio16.TextGrid,6,11,he,27.940,28.180,PRP,6.2861,6.69,2,1.590159
audio16.TextGrid,6,12,is,28.180,28.450,VBZ,3.4329,7.07,2,-1.775866
audio16.TextGrid,6,13,he,28.450,28.560,PRP,5.2819,6.69,2,0.585959
audio16.TextGrid,6,14,thought,28.560,28.940,VBD,9.0429,5.59,3,1.685982
audio16.TextGrid,7,1,never,29.710,29.980,RB,7.9765,5.91,4,0.276204
audio16.TextGrid,7,2,have,29.980,30.120,VBP,5.2884,6.71,3,-1.262973
audio16.TextGrid,7,3,i,30.120,30.230,VBN,6.3119,7.09,1,2.218791
audio16.TextGrid,7,4,had,30.230,30.530,VBD,6.3146,6.33,3,-0.510083
audio16.TextGrid,7,5,such,30.530,30.770,JJ,6.8891,5.84,3,-0.288009
audio16.TextGrid,7,6,a,30.770,30.830,DT,4.6770,7.36,1,1.968820
audio16.TextGrid,7,7,strong,30.830,31.390,JJ,7.9970,5.22,5,-0.166202
audio16.TextGrid,7,8,fish,31.390,31.740,NN,4.0734,4.9,3,-3.779791
audio16.TextGrid,7,9,nor,32.120,32.280,CC,8.9742,4.78,3,1.987954
audio16.TextGrid,7,10,one,32.280,32.510,CD,6.1699,6.47,3,0.399163
audio16.TextGrid,7,11,who,32.510,32.710,WP,6.4981,6.34,2,1.396502
audio16.TextGrid,7,12,acted,32.710,33.000,VBD,10.8982,4.28,5,2.885708
audio16.TextGrid,7,13,so,33.000,33.190,RB,6.1409,6.52,2,0.294673
audio16.TextGrid,7,14,strangely,33.190,33.950,RB,4.8725,3.67,8,-1.807452
audio16.TextGrid,8,1,perhaps,34.600,34.950,RB,8.5270,5.09,6,0.171729
audio16.TextGrid,8,2,he,34.950,35.070,PRP,5.3385,6.69,2,0.642559
audio16.TextGrid,8,3,is,35.070,35.190,VBZ,3.3904,7.07,2,-1.818366
audio16.TextGrid,8,4,too,35.190,35.320,RB,7.4214,5.95,2,0.914532
audio16.TextGrid,8,5,wise,35.320,35.810,JJ,5.4755,4.51,3,-2.658193
audio16.TextGrid,8,6,to,35.810,35.920,TO,3.5288,7.43,2,-0.309467
audio16.TextGrid,8,7,jump,35.920,36.340,VB,8.8687,4.69,4,0.827471
audio16.TextGrid,9,1,he,37.030,37.150,PRP,4.5353,6.69,2,-0.160641
audio16.TextGrid,9,2,could,37.150,37.340,MD,5.0571,6.06,3,-1.008524
audio16.TextGrid,9,3,ruin,37.340,37.640,VB,3.7168,4.31,4,-4.430621
audio16.TextGrid,9,4,me,37.640,37.820,PRP,8.5501,6.48,2,3.610765
audio16.TextGrid,9,5,by,37.820,38.020,IN,4.6995,6.66,2,-0.031211
audio16.TextGrid,9,6,jumping,38.020,38.570,VBG,11.8071,4.23,6,3.967925
audio16.TextGrid,9,7,or,38.570,38.720,CC,5.3664,6.54,2,0.496606
audio16.TextGrid,9,8,by,38.720,38.940,IN,6.1234,6.66,2,1.392689
audio16.TextGrid,9,9,a,38.940,38.980,DT,2.6166,7.36,1,-0.091580
audio16.TextGrid,9,10,wild,38.980,39.450,JJ,9.3000,4.8,4,1.289511
audio16.TextGrid,9,11,rush,39.450,39.790,NN,4.4495,4.48,3,-3.705770
audio16.TextGrid,10,1,but,40.830,41.030,CC,5.3198,6.63,3,-0.335859
audio16.TextGrid,10,2,perhaps,41.030,41.390,RB,7.4629,5.09,6,-0.892371
audio16.TextGrid,10,3,he,41.390,41.520,PRP,6.8735,6.69,2,2.177559
audio16.TextGrid,10,4,has,41.520,41.650,VBZ,4.1576,6.37,3,-2.638314
audio16.TextGrid,10,5,been,41.650,41.820,VBN,5.9188,6.27,3,-0.949037
audio16.TextGrid,10,6,hooked,41.820,42.060,VBN,6.9092,3.92,4,-1.347208
audio16.TextGrid,10,7,many,42.060,42.300,JJ,7.4431,5.91,4,-0.257196
audio16.TextGrid,10,8,times,42.300,42.700,NNS,7.4076,5.56,4,-0.390504
audio16.TextGrid,10,9,before,42.700,43.230,RB,6.6082,5.93,5,-1.668836
audio16.TextGrid,10,10,and,43.230,43.330,CC,5.2231,7.41,3,0.128445
audio16.TextGrid,10,11,he,43.330,43.440,PRP,5.4458,6.69,2,0.749859
audio16.TextGrid,10,12,knows,43.440,43.760,VBZ,8.5276,5.07,3,0.796680
audio16.TextGrid,10,13,that,43.760,43.920,IN,4.3555,7.01,3,-1.026850
audio16.TextGrid,10,14,this,43.920,44.110,DT,5.3695,6.82,3,-0.149505
audio16.TextGrid,10,15,is,44.110,44.220,VBZ,7.8047,7.07,2,2.595934
audio16.TextGrid,10,16,how,44.220,44.420,WRB,7.3916,6.24,2,2.174101
audio16.TextGrid,10,17,he,44.420,44.530,PRP,4.6614,6.69,2,-0.034541
audio16.TextGrid,10,18,should,44.530,44.740,MD,6.2205,5.99,3,0.104530
audio16.TextGrid,10,19,make,44.740,44.950,VB,5.2990,6.08,3,-1.705492
audio16.TextGrid,10,20,his,44.950,45.160,PRP$,5.9359,6.51,3,0.193932
audio16.TextGrid,10,21,fight,45.160,45.530,NN,9.2564,5.23,3,1.640557
audio16.TextGrid,11,1,he,46.320,46.440,PRP,4.5353,6.69,2,-0.160641
audio16.TextGrid,11,2,cannot,46.440,46.910,VBZ,3.3590,5.11,5,-4.786566
audio16.TextGrid,11,3,know,46.910,47.150,VB,8.0784,6.1,2,1.745385
audio16.TextGrid,11,4,that,47.150,47.330,IN,4.4123,7.01,3,-0.970050
audio16.TextGrid,11,5,it,47.330,47.420,PRP,4.2942,6.95,2,-0.100396
audio16.TextGrid,11,6,is,47.420,47.540,VBZ,4.8558,7.07,2,-0.352966
audio16.TextGrid,11,7,only,47.540,47.800,RB,6.2283,6.12,4,-1.413311
audio16.TextGrid,11,8,one,47.800,48.080,CD,6.9125,6.47,3,1.141763
audio16.TextGrid,11,9,man,48.080,48.370,NN,8.1243,5.82,3,0.932807
audio16.TextGrid,11,10,against,48.370,48.820,IN,7.2898,5.68,6,-0.466285
audio16.TextGrid,11,11,him,48.820,48.990,PRP,7.4003,6.11,2,2.032128
audio16.TextGrid,11,12,nor,49.490,49.750,CC,9.0231,4.78,3,2.036854
audio16.TextGrid,11,13,that,49.750,50.010,IN,4.3587,7.01,3,-1.023650
audio16.TextGrid,11,14,it,50.010,50.130,PRP,4.6543,6.95,2,0.259704
audio16.TextGrid,11,15,is,50.130,50.260,VBZ,4.0708,7.07,2,-1.137966
audio16.TextGrid,11,16,an,50.260,50.360,DT,5.2282,6.53,2,0.346816
audio16.TextGrid,11,17,old,50.360,50.640,JJ,7.3309,5.75,3,0.089060
audio16.TextGrid,11,18,man,50.640,50.980,NN,7.6922,5.82,3,0.500707
audio16.TextGrid,12,1,but,51.610,51.760,CC,5.3198,6.63,3,-0.335859
audio16.TextGrid,12,2,what,51.760,51.920,WP,7.6895,6.38,3,1.854032
audio16.TextGrid,12,3,a,51.920,51.980,DT,4.2793,7.36,1,1.571120
audio16.TextGrid,12,4,great,51.980,52.360,JJ,7.7298,5.88,4,0.021121
audio16.TextGrid,12,5,fish,52.360,52.630,NN,4.1874,4.9,3,-3.665791
audio16.TextGrid,12,6,he,52.630,52.840,PRP,6.9140,6.69,2,2.218059
audio16.TextGrid,12,7,is,52.840,53.060,VBZ,3.5219,7.07,2,-1.686866
audio16.TextGrid,12,8,and,53.500,53.660,CC,3.9335,7.41,3,-1.161155
audio16.TextGrid,12,9,what,53.660,53.790,WP,7.1519,6.38,3,1.316432
audio16.TextGrid,12,10,will,53.790,53.910,MD,4.8316,6.45,3,-0.953522
audio16.TextGrid,12,11,he,53.910,54.000,PRP,6.9945,6.69,2,2.298559
audio16.TextGrid,12,12,bring,54.000,54.240,VB,9.8031,5.27,4,1.923954
audio16.TextGrid,12,13,in,54.240,54.320,IN,3.6402,7.27,2,-0.383510
audio16.TextGrid,12,14,the,54.320,54.390,DT,1.7297,7.73,2,-1.760861
audio16.TextGrid,12,15,market,54.390,54.800,NN,5.0380,5.29,6,-3.437294
audio16.TextGrid,12,16,if,54.800,54.900,IN,5.8282,6.47,2,0.877275
audio16.TextGrid,12,17,the,54.900,54.990,DT,1.7070,7.73,2,-1.783561
audio16.TextGrid,12,18,flesh,54.990,55.330,NN,4.1371,4.2,4,-4.041061
audio16.TextGrid,12,19,is,55.330,55.490,VBZ,4.9023,7.07,2,-0.306466
audio16.TextGrid,12,20,good,55.490,55.890,JJ,7.7094,6.12,3,0.733677
audio16.TextGrid,13,1,he,56.700,56.810,PRP,4.5353,6.69,2,-0.160641
audio16.TextGrid,13,2,took,56.810,57.100,VBD,6.4889,5.51,3,-0.925557
audio16.TextGrid,13,3,the,57.100,57.180,DT,2.4587,7.73,2,-1.031861
audio16.TextGrid,13,4,bait,57.180,57.480,NN,4.1401,3.85,3,-4.468288
audio16.TextGrid,13,5,like,57.480,57.680,IN,6.8224,6.41,3,1.008509
audio16.TextGrid,13,6,a,57.680,57.720,DT,2.6762,7.36,1,-0.031980
audio16.TextGrid,13,7,male,57.720,58.180,NN,9.0654,4.89,3,1.205017
audio16.TextGrid,13,8,and,58.180,58.290,CC,4.2409,7.41,3,-0.853755
audio16.TextGrid,13,9,he,58.290,58.390,PRP,5.0180,6.69,2,0.322059
audio16.TextGrid,13,10,pulls,58.390,58.860,VBZ,12.8239,4.01,4,4.592643
audio16.TextGrid,13,11,like,58.860,59.060,IN,6.7364,6.41,3,0.922509
audio16.TextGrid,13,12,a,59.060,59.100,DT,2.6706,7.36,1,-0.037580
audio16.TextGrid,13,13,male,59.100,59.480,NN,9.0642,4.89,3,1.203817
audio16.TextGrid,13,14,and,59.480,59.610,CC,4.1961,7.41,3,-0.898555
audio16.TextGrid,13,15,his,59.610,59.830,PRP$,5.8955,6.51,3,0.153532
audio16.TextGrid,13,16,fight,59.830,60.080,NN,9.2606,5.23,3,1.644757
audio16.TextGrid,13,17,has,60.080,60.280,VBZ,5.3379,6.37,3,-1.458014
audio16.TextGrid,13,18,no,60.280,60.410,DT,6.3929,6.35,2,1.302893
audio16.TextGrid,13,19,panic,60.410,60.870,NN,9.6701,4.26,5,1.660814
audio16.TextGrid,13,20,in,60.870,60.990,IN,3.3726,7.27,2,-0.651110
audio16.TextGrid,13,21,it,60.990,61.180,PRP,3.8020,6.95,2,-0.592596
audio16.TextGrid,14,1,i,62.150,62.220,JJ,5.5144,7.09,1,1.421291
audio16.TextGrid,14,2,wonder,62.220,62.500,VBP,12.3205,4.93,5,4.203793
audio16.TextGrid,14,3,if,62.500,62.620,IN,6.9474,6.47,2,1.996475
audio16.TextGrid,14,4,he,62.620,62.770,PRP,4.4629,6.69,2,-0.233041
audio16.TextGrid,14,5,has,62.770,62.970,VBZ,4.5388,6.37,3,-2.257114
audio16.TextGrid,14,6,any,62.970,63.140,DT,6.3976,6.07,3,0.339168
audio16.TextGrid,14,7,plans,63.140,63.770,NNS,8.2894,5.01,5,0.159867
audio16.TextGrid,15,1,or,64.300,64.440,CC,5.3683,6.54,2,0.498506
audio16.TextGrid,15,2,if,64.440,64.560,IN,7.1544,6.47,2,2.203475
audio16.TextGrid,15,3,he,64.560,64.740,PRP,4.6012,6.69,2,-0.094741
audio16.TextGrid,15,4,is,64.740,64.870,VBZ,3.9973,7.07,2,-1.211466
audio16.TextGrid,15,5,just,64.870,65.170,RB,6.6983,6.43,4,-0.856680
audio16.TextGrid,15,6,as,65.170,65.330,RB,5.1465,6.77,2,-0.409972
audio16.TextGrid,15,7,desperate,65.330,65.850,JJ,5.3983,4.32,7,-2.369164
audio16.TextGrid,15,8,as,65.850,65.980,IN,5.7377,6.77,2,1.134481
audio16.TextGrid,15,9,i,65.980,66.190,NN,5.5198,7.09,1,1.426691
audio16.TextGrid,15,10,am,66.190,66.550,VBP,10.6673,5.78,3,3.447037
audio16.TextGrid,15,11,he,68.660,68.770,PRP,5.4694,6.69,2,0.773459
audio16.TextGrid,15,12,remembered,68.770,69.190,VBD,4.5604,4.33,8,-3.096140
audio16.TextGrid,15,13,the,69.190,69.270,DT,2.4324,7.73,2,-1.058161
audio16.TextGrid,15,14,time,69.270,69.580,NN,6.0563,6.29,3,-0.797152
audio16.TextGrid,15,15,he,69.580,69.700,PRP,6.6665,6.69,2,1.970559
audio16.TextGrid,15,16,had,69.700,69.840,VBD,5.3752,6.33,3,-1.449483
audio16.TextGrid,15,17,hooked,69.840,70.070,VBN,6.3480,3.92,4,-1.908408
audio16.TextGrid,15,18,one,70.070,70.270,CD,7.0693,6.47,3,1.298563
audio16.TextGrid,15,19,of,70.270,70.360,IN,3.6571,7.4,2,-0.215938
audio16.TextGrid,15,20,a,70.360,70.420,DT,2.6110,7.36,1,-0.097180
audio16.TextGrid,15,21,pair,70.420,70.790,NN,14.6916,4.72,3,6.708947
audio16.TextGrid,15,22,of,70.790,70.900,IN,3.3711,7.4,2,-0.501938
audio16.TextGrid,15,23,marlin,70.900,71.430,NN,5.7884,3.01,6,-1.318638
audio16.TextGrid,16,1,the,72.230,72.320,DT,1.8241,7.73,2,-1.666461
audio16.TextGrid,16,2,male,72.320,72.610,JJ,9.0632,4.89,3,1.202817
audio16.TextGrid,16,3,fish,72.610,72.930,NN,4.6360,4.9,3,-3.217191
audio16.TextGrid,16,4,always,72.930,73.330,RB,9.0448,5.76,5,0.795020
audio16.TextGrid,16,5,let,73.330,73.480,VB,8.4606,5.6,3,1.110875
audio16.TextGrid,16,6,the,73.480,73.590,DT,2.3569,7.73,2,-1.133661
audio16.TextGrid,16,7,female,73.590,74.030,JJ,8.9989,5.0,5,0.870970
audio16.TextGrid,16,8,fish,74.030,74.300,NN,4.2432,4.9,3,-3.609991
audio16.TextGrid,16,9,feed,74.300,74.590,NN,11.0676,4.67,3,3.048985
audio16.TextGrid,16,10,first,74.590,75.100,RB,6.7094,6.11,4,-0.935005
audio16.TextGrid,17,1,and,75.600,75.730,CC,3.7036,7.41,2,-0.157847
audio16.TextGrid,17,2,the,75.730,75.860,DT,2.0380,7.73,2,-1.452561
audio16.TextGrid,17,3,hooked,75.860,76.120,JJ,5.0832,3.92,4,-3.173208
audio16.TextGrid,17,4,fish,76.120,76.590,NN,4.3273,4.9,3,-3.525891
audio16.TextGrid,17,5,the,76.640,76.720,DT,4.3155,7.73,2,0.824939
audio16.TextGrid,17,6,female,76.720,77.340,NN,9.0070,5.0,5,0.879070
audio16.TextGrid,17,7,made,77.510,77.670,VBD,7.3584,5.92,3,0.238830
audio16.TextGrid,17,8,a,77.670,77.710,DT,3.6631,7.36,1,0.954920
audio16.TextGrid,17,9,wild,77.710,78.290,JJ,9.3042,4.8,4,1.293711
audio16.TextGrid,17,10,panic,78.320,78.700,NN,9.8028,4.26,5,1.793514
audio16.TextGrid,17,11,stricken,78.700,79.140,NN,5.6039,3.52,7,-1.331648
audio16.TextGrid,17,12,despairing,79.140,79.910,VBG,7.6356,2.63,8,2.494513
audio16.TextGrid,17,13,fight,79.960,80.280,NN,10.8331,5.23,3,3.217257
audio16.TextGrid,17,14,that,80.300,80.480,WDT,4.3177,7.01,3,-1.064650
audio16.TextGrid,17,15,soon,80.480,80.730,RB,9.5037,5.32,3,1.952589
audio16.TextGrid,17,16,exhausted,80.730,81.370,VBD,10.9134,4.08,8,3.626780
audio16.TextGrid,17,17,her,81.370,81.610,PRP,8.0520,6.3,2,2.904042
audio16.TextGrid,18,1,and,82.210,82.330,CC,3.7036,7.41,3,-1.391055
audio16.TextGrid,18,2,all,82.330,82.520,PDT,5.7287,6.52,2,0.835726
audio16.TextGrid,18,3,the,82.520,82.620,DT,3.9879,7.73,2,0.497339
audio16.TextGrid,18,4,time,82.620,83.020,NN,6.8099,6.29,3,-0.043552
audio16.TextGrid,18,5,the,83.020,83.080,DT,3.9232,7.73,2,0.432639
audio16.TextGrid,18,6,male,83.080,83.440,NN,9.0827,4.89,3,1.222317
audio16.TextGrid,18,7,had,83.440,83.580,VBD,5.9224,6.33,3,-0.902283
audio16.TextGrid,18,8,stayed,83.580,83.870,VBN,11.3513,4.53,4,3.265359
audio16.TextGrid,18,9,with,83.870,84.110,IN,5.2213,6.85,3,-0.276127
audio16.TextGrid,18,10,her,84.110,84.390,PRP,6.1876,6.3,2,1.039642
audio16.TextGrid,18,11,crossing,84.540,84.990,VBG,11.0630,4.33,6,3.163814
audio16.TextGrid,18,12,the,84.990,85.080,DT,2.6713,7.73,2,-0.819261
audio16.TextGrid,18,13,line,85.080,85.450,NN,7.6704,5.49,3,0.241559
audio16.TextGrid,18,14,and,85.450,85.590,CC,4.2282,7.41,3,-0.866455
audio16.TextGrid,18,15,circling,85.590,86.040,VBG,7.7799,3.33,6,0.480827
audio16.TextGrid,18,16,with,86.040,86.180,IN,5.1115,6.85,3,-0.385927
audio16.TextGrid,18,17,her,86.180,86.360,PRP,6.1501,6.3,2,1.002142
audio16.TextGrid,18,18,on,86.360,86.470,IN,5.2951,6.91,2,0.854143
audio16.TextGrid,18,19,the,86.470,86.570,DT,1.6993,7.73,2,-1.791261
audio16.TextGrid,18,20,surface,86.570,87.160,NN,4.1366,4.83,5,-3.964074
audio16.TextGrid,19,1,he,88.150,88.230,PRP,4.5353,6.69,2,-0.160641
audio16.TextGrid,19,2,had,88.230,88.370,VBD,4.7197,6.33,3,-2.104983
audio16.TextGrid,19,3,stayed,88.370,88.690,VBN,11.3942,4.53,4,3.308259
audio16.TextGrid,19,4,so,88.690,88.930,RB,6.0357,6.52,2,0.189473
audio16.TextGrid,19,5,close,88.930,89.370,JJ,7.7610,5.36,4,-0.092995
audio16.TextGrid,19,6,that,89.370,89.510,IN,4.3184,7.01,3,-1.063950
audio16.TextGrid,19,7,the,89.510,89.650,DT,2.1507,7.73,2,-1.339861
audio16.TextGrid,19,8,old,89.650,89.890,JJ,7.3319,5.75,3,0.090060
audio16.TextGrid,19,9,man,89.890,90.140,NN,7.6953,5.82,3,0.503807
audio16.TextGrid,19,10,was,90.140,90.310,VBD,5.5197,6.82,3,-0.952557
audio16.TextGrid,19,11,afraid,90.310,90.700,JJ,10.4110,4.7,5,2.331169
audio16.TextGrid,19,12,he,90.700,90.770,PRP,7.2642,6.69,2,2.568259
audio16.TextGrid,19,13,would,90.770,90.960,MD,5.5058,6.27,3,-0.408784
audio16.TextGrid,19,14,cut,90.960,91.210,VB,6.4076,5.24,3,-1.201050
audio16.TextGrid,19,15,the,91.210,91.310,DT,2.4003,7.73,2,-1.090261
audio16.TextGrid,19,16,line,91.310,91.590,NN,7.6733,5.49,3,0.244459
audio16.TextGrid,19,17,with,91.610,91.760,IN,4.7936,6.85,3,-0.703827
audio16.TextGrid,19,18,his,91.760,91.960,PRP$,5.3145,6.51,3,-0.427468
audio16.TextGrid,19,19,tail,91.960,92.470,NN,4.2574,4.34,3,-3.998563
audio16.TextGrid,20,1,which,92.970,93.180,WDT,5.7335,6.3,3,-0.159507
audio16.TextGrid,20,2,was,93.180,93.290,VBD,4.9608,6.82,3,-1.511457
audio16.TextGrid,20,3,sharp,93.290,93.690,JJ,9.6367,4.48,4,1.536786
audio16.TextGrid,20,4,as,93.690,93.800,IN,5.4982,6.77,2,0.894981
audio16.TextGrid,20,5,a,93.800,93.890,DT,2.6543,7.36,1,-0.053880
audio16.TextGrid,20,6,scythe,93.890,94.430,NN,4.1371,2.78,3,-5.240871
audio16.TextGrid,20,7,and,94.430,94.620,CC,3.4679,7.41,3,-1.626755
audio16.TextGrid,20,8,almost,94.620,95.060,RB,7.8839,5.39,6,-0.651405
audio16.TextGrid,20,9,of,95.060,95.130,IN,3.7109,7.4,2,-0.162138
audio16.TextGrid,20,10,that,95.130,95.370,DT,4.8999,7.01,3,-0.482450
audio16.TextGrid,20,11,size,95.370,95.800,NN,8.4407,5.13,3,0.752934
audio16.TextGrid,20,12,and,95.800,95.950,CC,3.5537,7.41,3,-1.540955
audio16.TextGrid,20,13,shape,95.950,96.310,NN,10.7523,4.72,3,2.769647
audio16.TextGrid,21,1,when,97.380,97.530,WRB,6.5749,6.37,4,-0.043595
audio16.TextGrid,21,2,the,97.530,97.630,DT,1.9802,7.73,2,-1.510361
audio16.TextGrid,21,3,old,97.630,97.830,JJ,7.3293,5.75,3,0.087460
audio16.TextGrid,21,4,man,97.830,98.030,NN,7.6922,5.82,3,0.500707
audio16.TextGrid,21,5,had,98.030,98.180,VBD,4.9001,6.33,3,-1.924583
audio16.TextGrid,21,6,gaffed,98.180,98.560,VBN,6.3428,1.25,4,-2.659748
audio16.TextGrid,21,7,her,98.560,98.710,PRP$,7.3893,6.3,2,2.241342
audio16.TextGrid,21,8,and,98.710,98.860,CC,3.4715,7.41,3,-1.623155
audio16.TextGrid,21,9,clubbed,98.860,99.190,VBD,6.1593,2.54,5,-1.574219
audio16.TextGrid,21,10,her,99.190,99.380,PRP,6.8172,6.3,2,1.669242
audio16.TextGrid,21,11,holding,99.670,100.080,VBG,8.3404,4.89,6,0.105151
audio16.TextGrid,21,12,the,100.080,100.190,DT,3.0092,7.73,2,-0.481361
audio16.TextGrid,21,13,rapier,100.190,100.620,JJR,6.3662,2.58,5,-1.373732
audio16.TextGrid,21,14,bill,100.620,101.050,NN,7.1952,5.15,3,-0.478182
audio16.TextGrid,21,15,with,101.050,101.200,IN,4.7872,6.85,3,-0.710227
audio16.TextGrid,21,16,its,101.200,101.350,PRP$,4.3177,6.14,3,-1.690385
audio16.TextGrid,21,17,sandpaper,101.350,102.050,NN,4.2574,2.73,8,-1.031655
audio16.TextGrid,21,18,edge,102.050,102.390,NN,11.9836,4.74,2,4.074320
audio16.TextGrid,21,19,and,102.390,102.510,CC,3.7554,7.41,2,-0.106047
audio16.TextGrid,21,20,dubbing,102.510,102.980,VBG,8.6964,2.77,5,0.926005
audio16.TextGrid,21,21,her,102.980,103.140,PRP$,7.7109,6.3,2,2.562942
audio16.TextGrid,21,22,across,103.140,103.530,IN,8.8990,5.25,5,1.684241
audio16.TextGrid,21,23,the,103.530,103.640,DT,1.7082,7.73,2,-1.782361
audio16.TextGrid,21,24,top,103.640,103.920,NN,8.2675,5.57,3,0.896198
audio16.TextGrid,21,25,of,103.920,104.030,IN,4.3364,7.4,2,0.463362
audio16.TextGrid,21,26,her,104.030,104.170,PRP$,6.1467,6.3,2,0.998742
audio16.TextGrid,21,27,head,104.170,104.420,NN,8.2485,5.51,3,0.834043
audio16.TextGrid,21,28,until,104.420,104.750,IN,7.1807,5.61,5,-0.091778
audio16.TextGrid,21,29,her,104.750,104.840,PRP$,6.1438,6.3,2,0.995842
audio16.TextGrid,21,30,colour,104.840,105.200,NNS,5.9057,4.49,4,-2.191419
audio16.TextGrid,21,31,turned,105.200,105.570,VBD,8.6968,5.09,4,0.767352
audio16.TextGrid,21,32,to,105.570,105.670,TO,3.0092,7.43,2,-0.829067
audio16.TextGrid,21,33,a,105.670,105.700,DT,3.4467,7.36,1,0.738520
audio16.TextGrid,21,34,colour,105.700,106.070,NN,4.1356,4.49,4,-3.961519
audio16.TextGrid,21,35,almost,106.070,106.500,RB,8.0402,5.39,6,-0.495105
audio16.TextGrid,21,36,like,106.500,106.670,IN,6.7501,6.41,3,0.936209
audio16.TextGrid,21,37,the,106.680,106.760,DT,1.9071,7.73,2,-1.583461
audio16.TextGrid,21,38,backing,106.760,107.200,NN,10.1080,4.23,5,2.103524
audio16.TextGrid,21,39,of,107.200,107.320,IN,3.1089,7.4,2,-0.764138
audio16.TextGrid,21,40,mirrors,107.340,107.880,NNS,13.2612,3.81,5,5.324062
audio16.TextGrid,22,1,and,108.670,108.790,CC,3.7036,7.41,2,-0.157847
audio16.TextGrid,22,2,then,108.790,109.090,RB,6.4220,6.07,3,-0.589684
audio16.TextGrid,22,3,with,109.090,109.220,IN,6.2678,6.85,3,0.770373
audio16.TextGrid,22,4,the,109.220,109.290,DT,1.8381,7.73,2,-1.652461
audio16.TextGrid,22,5,boy,109.290,109.590,NN,10.2432,5.17,2,2.832298
audio16.TextGrid,22,6,s,109.590,109.680,NN,5.4205,5.86,1,-0.639135
audio16.TextGrid,22,7,aid,109.680,110.050,NN,8.8886,4.75,2,0.990910
audio16.TextGrid,22,8,hoisted,110.050,110.420,VBD,4.0680,2.98,6,-3.021034
audio16.TextGrid,22,9,her,110.420,110.540,PRP$,6.8992,6.3,2,1.751242
audio16.TextGrid,23,1,aboard,110.540,111.060,IN,11.5756,4.14,5,4.538806
audio16.TextGrid,23,2,the,111.690,111.780,DT,1.7472,7.73,2,-1.743361
audio16.TextGrid,23,3,male,111.780,112.070,JJ,9.0654,4.89,3,1.205017
audio16.TextGrid,23,4,fish,112.070,112.310,NN,4.5827,4.9,3,-3.270491
audio16.TextGrid,23,5,had,112.310,112.470,VBD,6.2273,6.33,3,-0.597383
audio16.TextGrid,23,6,stayed,112.470,112.790,VBN,11.3566,4.53,4,3.270659
audio16.TextGrid,23,7,by,112.790,112.950,IN,5.0994,6.66,2,0.368689
audio16.TextGrid,23,8,the,112.950,113.050,DT,1.7506,7.73,2,-1.739961
audio16.TextGrid,23,9,side,113.050,113.340,NN,8.0425,5.5,3,0.620851
audio16.TextGrid,23,10,of,113.340,113.400,IN,2.8714,7.4,2,-1.001638
audio16.TextGrid,23,11,the,113.400,113.490,DT,1.6998,7.73,2,-1.790761
audio16.TextGrid,23,12,boat,113.490,113.910,NN,4.1367,4.71,3,-3.853145
audio16.TextGrid,24,1,then,114.700,115.100,RB,7.4856,6.07,3,0.473916
audio16.TextGrid,24,2,while,115.220,115.400,IN,7.3460,5.86,3,1.136529
audio16.TextGrid,24,3,the,115.400,115.510,DT,1.8441,7.73,2,-1.646461
audio16.TextGrid,24,4,old,115.510,115.720,JJ,7.3426,5.75,3,0.100760
audio16.TextGrid,24,5,man,115.720,115.970,NN,7.6988,5.82,3,0.507307
audio16.TextGrid,24,6,was,115.970,116.140,VBD,4.9692,6.82,3,-1.503057
audio16.TextGrid,24,7,clearing,116.140,116.520,VBG,11.1780,4.04,6,3.452847
audio16.TextGrid,24,8,the,116.520,116.590,DT,2.2539,7.73,2,-1.236661
audio16.TextGrid,24,9,lines,116.590,117.040,NNS,9.0870,4.95,4,1.118429
audio16.TextGrid,24,10,and,117.040,117.140,CC,3.8303,7.41,2,-0.031147
audio16.TextGrid,24,11,preparing,117.140,117.640,VBG,8.0606,4.33,7,0.282737
audio16.TextGrid,24,12,the,117.640,117.740,DT,2.4671,7.73,2,-1.023461
audio16.TextGrid,24,13,harpoon,117.740,118.340,NN,4.1371,2.83,6,-2.861917
audio16.TextGrid,25,1,the,118.790,118.870,DT,1.8241,7.73,2,-1.666461
audio16.TextGrid,25,2,male,118.870,119.140,JJ,9.0632,4.89,3,1.202817
audio16.TextGrid,25,3,fish,119.140,119.420,NN,4.6360,4.9,3,-3.217191
audio16.TextGrid,25,4,jumped,119.420,119.790,VBD,7.9391,4.25,5,-0.068583
audio16.TextGrid,25,5,high,119.790,120.040,JJ,7.7421,5.75,2,1.003429
audio16.TextGrid,25,6,into,120.040,120.240,IN,6.8935,6.11,4,0.202348
audio16.TextGrid,25,7,the,120.240,120.430,DT,1.7019,7.73,2,-1.788661
audio16.TextGrid,25,8,air,120.430,120.620,NN,8.6932,5.37,2,1.514101
audio16.TextGrid,25,9,beside,120.620,121.090,IN,3.5889,4.19,5,-3.455910
audio16.TextGrid,25,10,the,121.090,121.170,DT,1.7025,7.73,2,-1.788061
audio16.TextGrid,25,11,boat,121.170,121.530,NN,4.1360,4.71,3,-3.853845
audio16.TextGrid,25,12,to,121.530,121.650,TO,3.4044,7.43,2,-0.433867
audio16.TextGrid,25,13,see,121.650,121.830,VB,6.8253,6.1,2,0.492285
audio16.TextGrid,25,14,where,121.830,122.030,WRB,7.5898,6.0,3,1.481022
audio16.TextGrid,25,15,the,122.030,122.130,DT,1.9997,7.73,2,-1.490861
audio16.TextGrid,25,16,female,122.130,122.520,NN,8.9951,5.0,5,0.867170
audio16.TextGrid,25,17,was,122.520,123.020,VBD,5.3320,6.82,3,-1.140257
audio16.TextGrid,25,18,and,123.530,123.640,CC,3.9109,7.41,2,0.049453
audio16.TextGrid,25,19,then,123.640,123.860,RB,7.4066,6.07,3,0.394916
audio16.TextGrid,25,20,went,123.860,124.090,VBD,7.8072,5.5,4,-0.007672
audio16.TextGrid,25,21,down,124.090,124.450,RB,6.2865,5.88,3,-0.861839
audio16.TextGrid,25,22,deep,124.450,124.870,JJ,5.7537,5.05,3,-1.991605
audio16.TextGrid,25,23,his,125.260,125.460,PRP$,7.9644,6.51,3,2.222432
audio16.TextGrid,25,24,lavender,125.460,125.870,NN,4.2750,3.44,7,-2.577356
audio16.TextGrid,25,25,wings,125.870,126.410,NNS,10.6492,4.44,4,2.538108
audio16.TextGrid,25,26,that,126.410,126.600,WDT,3.9335,7.01,3,-1.448850
audio16.TextGrid,25,27,were,126.600,126.710,VBD,6.7266,6.34,2,0.671750
audio16.TextGrid,25,28,his,126.710,126.870,PRP$,5.9929,6.51,3,0.250932
audio16.TextGrid,25,29,pectoral,126.870,127.350,JJ,5.1757,2.91,7,-1.125512
audio16.TextGrid,25,30,fins,127.350,127.850,NNS,5.9293,3.36,4,-2.483602
audio16.TextGrid,25,31,spread,128.080,128.430,VBD,9.8230,4.81,5,1.725533
audio16.TextGrid,25,32,wide,128.430,128.930,JJ,9.7045,4.96,3,1.894464
audio16.TextGrid,25,33,and,128.930,129.070,CC,3.6770,7.41,3,-1.417655
audio16.TextGrid,25,34,all,129.070,129.320,DT,6.6385,6.52,2,1.745526
audio16.TextGrid,25,35,his,129.320,129.500,PRP$,8.7143,6.51,3,2.972332
audio16.TextGrid,25,36,wide,129.500,129.890,JJ,9.3847,4.96,3,1.574664
audio16.TextGrid,25,37,lavender,129.890,130.340,NN,4.0119,3.44,7,-2.840456
audio16.TextGrid,25,38,stripes,130.340,130.790,NNS,7.0429,3.76,6,-0.514222
audio16.TextGrid,25,39,showing,130.790,131.240,VBG,9.5830,4.88,4,1.594867
audio16.TextGrid,26,1,he,132.230,132.340,PRP,4.5353,6.69,2,-0.160641
audio16.TextGrid,26,2,was,132.340,132.510,VBD,3.9158,6.82,3,-2.556457
audio16.TextGrid,26,3,beautiful,132.510,133.050,JJ,10.1384,5.22,8,1.164947
audio16.TextGrid,26,4,the,133.240,133.360,DT,4.5491,7.73,2,1.058539
audio16.TextGrid,26,5,old,133.360,133.550,JJ,7.3433,5.75,3,0.101460
audio16.TextGrid,26,6,man,133.550,133.750,NN,7.7112,5.82,3,0.519707
audio16.TextGrid,26,7,remembered,133.750,134.250,VBD,4.6627,4.33,8,-2.993840
audio16.TextGrid,27,1,and,134.730,134.890,CC,3.7036,7.41,3,-1.391055
audio16.TextGrid,27,2,he,134.890,134.980,PRP,4.7461,6.69,2,0.050159
audio16.TextGrid,27,3,had,134.980,135.120,VBD,4.6856,6.33,3,-2.139083
audio16.TextGrid,27,4,stayed,135.120,135.740,VBN,11.3864,4.53,4,3.300459
audio16.TextGrid,28,1,that,137.540,137.740,DT,4.4338,7.01,3,-0.948550
audio16.TextGrid,28,2,was,137.740,137.990,VBD,6.1096,6.82,3,-0.362657
audio16.TextGrid,28,3,the,137.990,138.070,DT,2.3731,7.73,2,-1.117461
audio16.TextGrid,28,4,saddest,138.070,138.530,JJS,6.2082,3.24,6,-1.036863
audio16.TextGrid,28,5,thing,138.530,138.780,NN,8.1939,5.72,3,0.930483
audio16.TextGrid,28,6,i,138.780,138.950,NN,6.8233,7.09,1,2.730191
audio16.TextGrid,28,7,ever,138.950,139.150,RB,9.1903,5.66,3,1.883729
audio16.TextGrid,28,8,saw,139.150,139.390,VBD,8.7148,5.34,2,1.500931
audio16.TextGrid,28,9,with,139.390,139.610,IN,5.2241,6.85,3,-0.273327
audio16.TextGrid,28,10,them,139.610,139.920,PRP,5.9534,6.19,3,-0.018723
audio16.TextGrid,28,11,the,140.130,140.270,DT,3.5893,7.73,2,0.098739
audio16.TextGrid,28,12,old,140.270,140.460,JJ,7.3436,5.75,3,0.101760
audio16.TextGrid,28,13,man,140.460,140.710,NN,7.6965,5.82,3,0.505007
audio16.TextGrid,28,14,thought,140.710,141.100,VBD,8.7781,5.59,3,1.421182
audio16.TextGrid,29,1,the,141.710,141.800,DT,1.8241,7.73,2,-1.666461
audio16.TextGrid,29,2,boy,141.800,142.070,NN,10.2353,5.17,2,2.824398
audio16.TextGrid,29,3,was,142.070,142.270,VBD,4.1791,6.82,3,-2.293157
audio16.TextGrid,29,4,sad,142.270,142.670,JJ,11.5250,4.84,3,3.628655
audio16.TextGrid,29,5,too,142.670,142.980,RB,8.8718,5.95,2,2.364932
audio16.TextGrid,29,6,and,142.980,143.190,CC,3.3160,7.41,3,-1.778655
audio16.TextGrid,29,7,we,143.190,143.290,PRP,7.8218,6.54,2,2.952006
audio16.TextGrid,29,8,begged,143.290,143.600,VBD,3.8483,3.58,4,-4.503122
audio16.TextGrid,29,9,her,143.600,143.720,PRP,6.8988,6.3,2,1.750842
audio16.TextGrid,29,10,pardon,143.720,144.250,NN,4.6137,3.82,6,-2.979429
audio16.TextGrid,30,1,and,144.690,144.790,CC,3.7036,7.41,2,-0.157847
audio16.TextGrid,30,2,butchered,144.790,145.240,VBD,6.9013,3.01,5,-0.907574
audio16.TextGrid,30,3,her,145.240,145.340,PRP,6.7889,6.3,2,1.640942
audio16.TextGrid,30,4,promptly,145.340,146.020,RB,10.7652,3.84,7,3.496886
audio16.TextGrid,31,1,i,147.410,147.550,JJ,5.5144,7.09,1,1.421291
audio16.TextGrid,31,2,wish,147.550,147.840,VBP,9.0633,5.18,3,1.411496
audio16.TextGrid,31,3,the,147.840,147.950,DT,2.3301,7.73,2,-1.160461
audio16.TextGrid,31,4,boy,147.950,148.220,NN,10.2384,5.17,2,2.827498
audio16.TextGrid,31,5,was,148.220,148.490,VBD,6.2243,6.82,3,-0.247957
audio16.TextGrid,31,6,here,148.490,148.770,RB,7.2707,5.97,3,0.187092
audio16.TextGrid,31,7,he,149.120,149.230,PRP,6.4930,6.69,2,1.797059
audio16.TextGrid,31,8,said,149.230,149.440,VBD,4.9585,6.01,3,-2.096338
audio16.TextGrid,31,9,aloud,149.440,149.930,JJ,5.8292,3.51,4,-2.541784
audio16.TextGrid,31,10,and,150.230,150.400,CC,3.7947,7.41,3,-1.299955
audio16.TextGrid,31,11,settled,150.400,150.770,VBD,10.7690,4.44,6,2.803802
audio16.TextGrid,31,12,himself,150.770,151.130,PRP,9.0904,5.25,7,1.309086
audio16.TextGrid,31,13,against,151.130,151.460,IN,6.9837,5.68,6,-0.772385
audio16.TextGrid,31,14,the,151.460,151.570,DT,1.6967,7.73,2,-1.793861
audio16.TextGrid,31,15,rounded,151.570,151.960,JJ,5.0748,3.98,6,-2.614346
audio16.TextGrid,31,16,planks,151.960,152.330,NNS,5.9996,3.13,6,-1.179451
audio16.TextGrid,31,17,of,152.330,152.410,IN,2.8673,7.4,2,-1.005738
audio16.TextGrid,31,18,the,152.410,152.490,DT,1.6971,7.73,2,-1.793461
audio16.TextGrid,31,19,bow,152.490,152.880,NN,4.1363,4.3,2,-4.282949
audio16.TextGrid,31,20,and,153.110,153.260,CC,4.2584,7.41,3,-0.836255
audio16.TextGrid,31,21,felt,153.260,153.470,VBD,10.0437,5.13,4,2.125431
audio16.TextGrid,31,22,the,153.470,153.580,DT,2.5452,7.73,2,-0.945361
audio16.TextGrid,31,23,strength,153.580,154.100,NN,8.2944,4.8,6,0.113161
audio16.TextGrid,31,24,of,154.100,154.180,IN,3.0435,7.4,2,-0.829538
audio16.TextGrid,31,25,the,154.200,154.290,DT,1.6983,7.73,2,-1.792261
audio16.TextGrid,31,26,great,154.290,154.580,JJ,7.7245,5.88,4,0.015821
audio16.TextGrid,31,27,fish,154.600,154.950,NN,4.1869,4.9,3,-3.666291
audio16.TextGrid,31,28,through,154.950,155.100,IN,6.9980,5.87,3,0.795721
audio16.TextGrid,31,29,the,155.100,155.200,DT,1.7009,7.73,2,-1.789661
audio16.TextGrid,31,30,line,155.200,155.500,NN,7.6699,5.49,3,0.241059
audio16.TextGrid,31,31,he,155.500,155.640,PRP,6.6461,6.69,2,1.950159
audio16.TextGrid,31,32,held,155.640,155.830,VBD,7.6459,5.24,4,-0.241630
audio16.TextGrid,31,33,across,155.830,156.170,IN,7.5823,5.25,5,0.367541
audio16.TextGrid,31,34,his,156.170,156.300,PRP$,5.3530,6.51,3,-0.388968
audio16.TextGrid,31,35,shoulders,156.300,156.840,NNS,5.5669,4.18,6,-2.242269
audio16.TextGrid,32,1,moving,157.330,157.690,VBG,10.8751,5.02,5,2.743964
audio16.TextGrid,32,2,steadily,157.690,158.180,RB,11.1813,3.84,7,3.912986
audio16.TextGrid,32,3,toward,158.180,158.620,IN,9.4455,4.72,6,2.265523
audio16.TextGrid,32,4,whatever,158.620,158.960,WDT,6.5339,5.14,6,-0.898124
audio16.TextGrid,32,5,he,158.960,159.060,PRP,5.2885,6.69,2,0.592559
audio16.TextGrid,32,6,had,159.060,159.240,VBD,4.7315,6.33,3,-2.093183
audio16.TextGrid,32,7,chosen,159.240,159.680,VBN,9.9024,4.61,5,1.836999
audio16.TextGrid,33,1,when,160.890,161.070,WRB,6.5749,6.37,3,0.732239
audio16.TextGrid,33,2,once,161.070,161.560,RB,7.9317,5.53,4,0.125212
audio16.TextGrid,33,3,through,161.560,161.720,IN,7.8349,5.87,3,1.632621
audio16.TextGrid,33,4,my,161.720,161.950,PRP$,7.2332,6.57,2,2.398177
audio16.TextGrid,33,5,treachery,161.950,162.560,NN,4.2576,3.13,6,-2.921451
audio16.TextGrid,33,6,it,162.560,162.640,PRP,4.9156,6.95,2,0.521004
audio16.TextGrid,33,7,had,162.640,162.770,VBD,4.7757,6.33,3,-2.048983
audio16.TextGrid,33,8,been,162.770,162.890,VBN,6.3562,6.27,3,-0.511637
audio16.TextGrid,33,9,necessary,162.890,163.460,JJ,9.5538,4.91,8,1.039047
audio16.TextGrid,33,10,to,163.460,163.610,TO,3.4977,7.43,2,-0.340567
audio16.TextGrid,33,11,him,163.610,163.740,PRP,8.3126,6.11,2,2.944428
audio16.TextGrid,33,12,to,163.740,163.840,TO,3.1920,7.43,2,-0.646267
audio16.TextGrid,33,13,make,163.840,164.040,VB,5.8932,6.08,3,-1.111292
audio16.TextGrid,33,14,a,164.040,164.090,DT,3.1922,7.36,1,0.484020
audio16.TextGrid,33,15,choice,164.090,164.610,NN,9.5453,5.08,3,1.821572
audio16.TextGrid,33,16,the,164.690,164.830,DT,3.3500,7.73,2,-0.140561
audio16.TextGrid,33,17,old,164.830,165.050,JJ,7.3393,5.75,3,0.097460
audio16.TextGrid,33,18,man,165.050,165.310,NN,7.6952,5.82,3,0.503707
audio16.TextGrid,33,19,thought,165.310,165.700,VBD,8.4429,5.59,3,1.085982
audio16.TextGrid,34,1,his,167.120,167.350,PRP$,5.4396,6.51,3,-0.302368
audio16.TextGrid,34,2,choice,167.350,167.640,NN,9.6607,5.08,3,1.936972
audio16.TextGrid,34,3,had,167.640,167.760,VBD,5.0152,6.33,3,-1.809483
audio16.TextGrid,34,4,been,167.760,167.890,VBN,6.3880,6.27,3,-0.479837
audio16.TextGrid,34,5,to,167.890,167.990,TO,2.6936,7.43,2,-1.144667
audio16.TextGrid,34,6,stay,167.990,168.250,VB,8.5803,5.33,3,1.036381
audio16.TextGrid,34,7,in,168.250,168.320,IN,3.6497,7.27,2,-0.374010
audio16.TextGrid,34,8,the,168.320,168.420,DT,1.7340,7.73,2,-1.756561
audio16.TextGrid,34,9,deep,168.420,168.680,JJ,5.0776,5.05,3,-2.667705
audio16.TextGrid,34,10,dark,168.680,169.000,NN,11.2421,5.04,4,3.298680
audio16.TextGrid,34,11,water,169.000,169.340,NN,8.2749,5.52,4,0.465617
audio16.TextGrid,34,12,far,169.340,169.660,RB,7.7947,5.5,3,0.373051
audio16.TextGrid,34,13,out,169.660,169.760,RP,6.7676,6.38,2,1.712363
audio16.TextGrid,34,14,beyond,169.760,170.180,IN,9.4699,4.98,5,2.298430
audio16.TextGrid,34,15,all,170.180,170.380,DT,5.4444,6.52,2,0.551426
audio16.TextGrid,34,16,snares,170.380,170.910,NNS,6.5313,2.67,5,-1.223062
audio16.TextGrid,34,17,and,170.910,171.110,CC,4.1389,7.41,3,-0.955755
audio16.TextGrid,34,18,traps,171.110,171.430,NNS,6.5691,3.76,5,-1.360021
audio16.TextGrid,34,19,and,171.430,171.590,CC,3.9419,7.41,3,-1.152755
audio16.TextGrid,34,20,treacheries,171.590,172.190,NNS,6.4025,1.21,7,1.869110
audio16.TextGrid,35,1,my,173.180,173.360,PRP$,7.2801,6.57,2,2.445077
audio16.TextGrid,35,2,choice,173.360,173.860,NN,9.6607,5.08,3,1.936972
audio16.TextGrid,35,3,was,173.860,174.040,VBD,4.2115,6.82,3,-2.260757
audio16.TextGrid,35,4,to,174.040,174.130,TO,3.3831,7.43,2,-0.455167
audio16.TextGrid,35,5,go,174.130,174.360,VB,6.7005,6.03,2,0.286354
audio16.TextGrid,35,6,there,174.360,174.550,RB,6.1509,6.31,3,-0.688168
audio16.TextGrid,35,7,to,174.550,174.690,TO,3.4318,7.43,2,-0.406467
audio16.TextGrid,35,8,find,174.690,175.060,VB,7.5605,5.76,4,-0.181714
audio16.TextGrid,35,9,him,175.060,175.240,PRP,8.0977,6.11,3,2.068038
audio16.TextGrid,35,10,beyond,175.240,175.650,IN,9.2081,4.98,5,2.036630
audio16.TextGrid,35,11,all,175.650,175.810,DT,5.4391,6.52,2,0.546126
audio16.TextGrid,35,12,people,175.810,176.290,NNS,7.1599,6.25,5,-1.168442
audio16.TextGrid,35,13,beyond,176.760,177.100,IN,9.3939,4.98,5,2.222430
audio16.TextGrid,35,14,all,177.100,177.290,DT,5.4416,6.52,2,0.548626
audio16.TextGrid,35,15,people,177.290,177.700,NNS,7.1583,6.25,5,-1.170042
audio16.TextGrid,35,16,in,177.700,177.770,IN,3.2660,7.27,2,-0.757710
audio16.TextGrid,35,17,the,177.770,177.840,DT,1.6993,7.73,2,-1.791261
audio16.TextGrid,35,18,world,177.840,178.370,NN,6.8411,5.89,4,-0.864785
audio16.TextGrid,36,1,now,179.110,179.350,RB,6.7634,6.18,2,0.523107
audio16.TextGrid,36,2,we,179.350,179.520,PRP,6.4984,6.54,2,1.628606
audio16.TextGrid,36,3,are,179.520,179.630,VBP,4.0074,6.74,2,-1.583843
audio16.TextGrid,36,4,joined,179.630,180.030,VBN,9.2767,4.73,4,1.246649
audio16.TextGrid,36,5,together,180.030,180.490,RB,7.9113,5.46,6,-0.666013
audio16.TextGrid,36,6,and,180.490,180.610,CC,4.0514,7.41,3,-1.043255
audio16.TextGrid,36,7,have,180.610,180.780,VBP,4.4973,6.71,3,-2.054073
audio16.TextGrid,36,8,been,180.780,181.040,VBN,5.9516,6.27,3,-0.916237
audio16.TextGrid,36,9,since,181.040,181.380,IN,6.1956,5.75,4,-0.596156
audio16.TextGrid,36,10,noon,181.380,181.790,NN,5.7726,4.11,3,-2.648787
audio16.TextGrid,37,1,and,182.590,182.800,CC,3.7036,7.41,3,-1.391055
audio16.TextGrid,37,2,no,182.800,182.970,DT,5.8238,6.35,2,0.733793
audio16.TextGrid,37,3,one,182.970,183.170,NN,6.7594,6.47,3,0.035410
audio16.TextGrid,37,4,to,183.170,183.330,TO,4.3714,7.43,2,0.533133
audio16.TextGrid,37,5,help,183.330,183.690,VB,6.6927,5.75,4,-1.052308
audio16.TextGrid,37,6,either,183.690,183.930,DT,8.5571,5.33,3,1.966434
audio16.TextGrid,37,7,one,183.930,184.180,CD,6.8306,6.47,3,1.059863
audio16.TextGrid,37,8,of,184.180,184.310,IN,3.8457,7.4,2,-0.027338
audio16.TextGrid,37,9,us,184.310,184.610,PRP,6.9086,6.04,2,1.459297
audio17.TextGrid,1,1,perhaps,0.910,1.320,RB,8.5270,5.09,6,0.171729
audio17.TextGrid,1,2,i,1.320,1.420,NN,6.3159,7.09,1,2.222791
audio17.TextGrid,1,3,should,1.420,1.660,MD,6.2533,5.99,3,0.137330
audio17.TextGrid,1,4,not,1.660,1.820,RB,6.1834,6.69,3,-0.382358
audio17.TextGrid,1,5,have,1.820,1.910,VB,4.5945,6.71,3,-1.956873
audio17.TextGrid,1,6,been,1.910,2.100,VBN,5.9577,6.27,3,-0.910137
audio17.TextGrid,1,7,a,2.100,2.160,DT,3.9648,7.36,1,1.256620
audio17.TextGrid,1,8,fisherman,2.160,2.720,NN,4.1525,3.49,7,-2.751851
audio17.TextGrid,1,9,he,2.970,3.090,PRP,6.6268,6.69,2,1.930859
audio17.TextGrid,1,10,thought,3.090,3.480,VBD,8.9025,5.59,3,1.545582
audio17.TextGrid,2,1,but,4.220,4.320,CC,5.3198,6.63,3,-0.335859
audio17.TextGrid,2,2,that,4.320,4.590,DT,4.8264,7.01,3,-0.555950
audio17.TextGrid,2,3,was,4.590,4.810,VBD,5.9688,6.82,3,-0.503457
audio17.TextGrid,2,4,the,4.810,4.920,DT,2.4110,7.73,2,-1.079561
audio17.TextGrid,2,5,thing,4.920,5.220,NN,7.5991,5.72,3,0.335683
audio17.TextGrid,2,6,that,5.220,5.340,IN,4.2077,7.01,3,-1.174650
audio17.TextGrid,2,7,i,5.340,5.460,NN,5.7072,7.09,1,1.614091
audio17.TextGrid,2,8,was,5.460,5.660,VBD,5.0658,6.82,3,-1.406457
audio17.TextGrid,2,9,born,5.660,6.030,VBN,11.3305,5.09,4,3.401052
audio17.TextGrid,3,1,for,6.030,6.360,IN,4.8270,7.01,3,-0.555350
audio17.TextGrid,3,2,i,7.510,7.600,NN,5.4743,7.09,1,1.381191
audio17.TextGrid,3,3,must,7.600,7.910,MD,8.3947,5.68,4,1.583383
audio17.TextGrid,3,4,surely,7.910,8.370,RB,10.4451,4.55,5,2.389319
audio17.TextGrid,3,5,remember,8.370,8.790,VB,10.3228,5.38,7,1.453047
audio17.TextGrid,3,6,to,8.790,8.980,TO,3.5044,7.43,2,-0.333867
audio17.TextGrid,3,7,eat,8.980,9.100,VB,10.0489,5.13,2,2.591637
audio17.TextGrid,3,8,the,9.100,9.220,DT,2.6956,7.73,2,-0.794961
audio17.TextGrid,3,9,tuna,9.220,9.510,NN,4.1409,3.64,4,-4.193755
audio17.TextGrid,3,10,after,9.510,9.940,IN,6.3319,6.11,4,-0.359252
audio17.TextGrid,3,11,it,9.940,10.060,PRP,3.8220,6.95,2,-0.572596
audio17.TextGrid,3,12,gets,10.060,10.350,VBZ,9.7202,5.25,4,1.835465
audio17.TextGrid,3,13,light,10.350,10.820,JJ,8.8444,5.33,3,1.300481
audio17.TextGrid,4,1,some,13.790,14.020,DT,5.3151,6.2,3,-0.649831
audio17.TextGrid,4,2,time,14.020,14.300,NN,6.0572,6.29,3,-0.796252
audio17.TextGrid,4,3,before,14.300,14.620,IN,7.6898,5.93,5,0.366017
audio17.TextGrid,4,4,daylight,14.620,15.170,JJ,5.3161,3.84,5,-2.625847
audio17.TextGrid,4,5,something,15.170,15.540,NN,8.5461,5.81,6,-0.241252
audio17.TextGrid,4,6,took,15.540,15.790,VBD,7.1808,5.51,3,-0.233657
audio17.TextGrid,4,7,one,15.790,15.920,CD,6.4998,6.47,3,0.729063
audio17.TextGrid,4,8,of,15.920,16.000,IN,3.8706,7.4,2,-0.002438
audio17.TextGrid,4,9,the,16.000,16.080,DT,1.7393,7.73,2,-1.751261
audio17.TextGrid,4,10,baits,16.080,16.470,NNS,6.4185,2.65,4,-2.192813
audio17.TextGrid,4,11,that,16.470,16.670,WDT,4.1994,7.01,3,-1.182950
audio17.TextGrid,4,12,were,16.670,16.740,VBD,6.7781,6.34,2,0.723250
audio17.TextGrid,4,13,behind,16.740,17.210,IN,9.8006,5.29,6,2.278559
audio17.TextGrid,4,14,him,17.210,17.390,PRP,7.4094,6.11,3,1.379738
audio17.TextGrid,5,1,he,18.060,18.180,PRP,4.5353,6.69,2,-0.160641
audio17.TextGrid,5,2,heard,18.180,18.350,VBD,8.5521,5.27,3,0.965027
audio17.TextGrid,5,3,the,18.350,18.440,DT,2.8378,7.73,2,-0.652761
audio17.TextGrid,5,4,stick,18.440,18.740,JJ,14.5458,4.76,4,6.524133
audio17.TextGrid,5,5,break,18.820,19.160,NN,10.4579,5.18,4,2.553603
audio17.TextGrid,5,6,and,19.160,19.260,CC,4.0179,7.41,2,0.156453
audio17.TextGrid,5,7,the,19.260,19.340,DT,3.7832,7.73,2,0.292639
audio17.TextGrid,5,8,line,19.340,19.650,NN,7.6781,5.49,3,0.249259
audio17.TextGrid,5,9,begin,19.650,19.920,NN,8.6513,4.84,5,0.549023
audio17.TextGrid,5,10,to,19.920,20.050,TO,3.4427,7.43,2,-0.395567
audio17.TextGrid,5,11,rush,20.050,20.320,VB,4.0449,4.48,3,-4.110370
audio17.TextGrid,5,12,out,20.320,20.500,RP,5.6900,6.38,2,0.634763
audio17.TextGrid,5,13,over,20.500,20.670,IN,6.1821,6.08,3,0.130861
audio17.TextGrid,5,14,the,20.670,20.770,DT,1.7782,7.73,2,-1.712361
audio17.TextGrid,5,15,gunwale,20.770,21.120,NN,4.1379,1.65,6,-2.152985
audio17.TextGrid,5,16,of,21.120,21.190,IN,3.0250,7.4,2,-0.848038
audio17.TextGrid,5,17,the,21.190,21.300,DT,1.7104,7.73,2,-1.780161
audio17.TextGrid,5,18,skiff,21.300,21.630,NN,4.1369,2.63,4,-4.480003
audio17.TextGrid,6,1,in,22.630,22.760,IN,4.1039,7.27,2,0.080190
audio17.TextGrid,6,2,the,22.760,22.830,DT,1.7509,7.73,2,-1.739661
audio17.TextGrid,6,3,darkness,22.830,23.410,NN,4.1397,4.3,7,-3.606966
audio17.TextGrid,6,4,he,23.410,23.550,PRP,5.3963,6.69,2,0.700359
audio17.TextGrid,6,5,loosened,23.550,24.010,VBD,3.4178,2.98,6,-3.671234
audio17.TextGrid,6,6,his,24.010,24.170,PRP$,6.0741,6.51,3,0.332132
audio17.TextGrid,6,7,sheath,24.170,24.550,NN,4.2521,3.16,3,-4.852561
audio17.TextGrid,6,8,knife,24.550,24.950,NN,11.4696,4.41,3,3.263984
audio17.TextGrid,6,9,and,24.950,25.150,CC,4.3448,7.41,3,-0.749855
audio17.TextGrid,6,10,taking,25.150,25.470,VBG,9.0303,5.39,5,0.839842
audio17.TextGrid,6,11,all,25.470,25.680,PDT,6.1408,6.52,2,1.247826
audio17.TextGrid,6,12,the,25.680,25.790,DT,3.9481,7.73,2,0.457539
audio17.TextGrid,6,13,strain,25.790,26.170,NN,10.9801,4.15,5,2.988450
audio17.TextGrid,6,14,of,26.170,26.260,IN,3.1437,7.4,2,-0.729338
audio17.TextGrid,6,15,the,26.260,26.360,DT,1.7008,7.73,2,-1.789761
audio17.TextGrid,6,16,fish,26.360,26.640,NN,4.1357,4.9,3,-3.717491
audio17.TextGrid,6,17,on,26.640,26.760,IN,4.6260,6.91,2,0.185043
audio17.TextGrid,6,18,his,26.760,26.940,PRP$,5.3101,6.51,3,-0.431868
audio17.TextGrid,6,19,left,26.940,27.190,JJ,10.8398,5.62,4,3.058463
audio17.TextGrid,6,20,shoulder,27.190,27.580,NN,9.1581,4.5,5,1.110335
audio17.TextGrid,6,21,he,27.960,28.080,PRP,6.4510,6.69,2,1.755059
audio17.TextGrid,6,22,leaned,28.080,28.370,VBD,4.0462,3.41,4,-4.352729
audio17.TextGrid,6,23,back,28.370,28.760,RB,7.0438,6.04,3,0.010539
audio17.TextGrid,6,24,and,28.760,28.940,CC,4.0002,7.41,3,-1.094455
audio17.TextGrid,6,25,cut,28.940,29.130,VBD,7.1450,5.24,3,-0.463650
audio17.TextGrid,6,26,the,29.130,29.260,DT,2.4294,7.73,2,-1.061161
audio17.TextGrid,6,27,line,29.260,29.540,NN,7.6732,5.49,3,0.244359
audio17.TextGrid,6,28,against,29.540,29.850,IN,7.2720,5.68,6,-0.484085
audio17.TextGrid,6,29,the,29.850,29.920,DT,1.6973,7.73,2,-1.793261
audio17.TextGrid,6,30,wood,29.920,30.130,NN,9.9451,4.78,3,2.005601
audio17.TextGrid,6,31,of,30.130,30.210,IN,4.1203,7.4,2,0.247262
audio17.TextGrid,6,32,the,30.210,30.310,DT,1.6905,7.73,2,-1.800061
audio17.TextGrid,6,33,gunwale,30.310,30.710,NN,4.1350,1.65,6,-2.155885
audio17.TextGrid,7,1,then,31.420,31.600,RB,7.4856,6.07,3,0.473916
audio17.TextGrid,7,2,he,31.600,31.770,PRP,5.3385,6.69,2,0.642559
audio17.TextGrid,7,3,cut,31.770,31.990,VBD,6.6319,5.24,3,-0.976750
audio17.TextGrid,7,4,the,31.990,32.160,DT,2.4164,7.73,2,-1.074161
audio17.TextGrid,7,5,other,32.160,32.330,JJ,5.7844,6.16,3,-1.162553
audio17.TextGrid,7,6,line,32.330,32.630,NN,7.5240,5.49,3,0.095159
audio17.TextGrid,7,7,closest,32.630,33.090,JJS,7.6641,4.21,7,0.011025
audio17.TextGrid,7,8,to,33.090,33.340,TO,5.4479,7.43,2,1.609633
audio17.TextGrid,7,9,him,33.340,33.490,PRP,7.8044,6.11,2,2.436228
audio17.TextGrid,7,10,and,33.890,34.020,CC,4.4349,7.41,3,-0.659755
audio17.TextGrid,7,11,in,34.020,34.100,IN,4.3253,7.27,2,0.301590
audio17.TextGrid,7,12,the,34.100,34.190,DT,1.7342,7.73,2,-1.756361
audio17.TextGrid,7,13,dark,34.190,34.550,NN,10.7223,5.04,4,2.778880
audio17.TextGrid,7,14,made,34.550,34.800,VBD,9.4368,5.92,3,2.317230
audio17.TextGrid,7,15,the,34.800,34.890,DT,3.6837,7.73,2,0.193139
audio17.TextGrid,7,16,loose,34.890,35.210,JJ,10.7291,4.46,3,2.559446
audio17.TextGrid,7,17,ends,35.210,35.530,NNS,10.3615,4.75,4,2.337038
audio17.TextGrid,7,18,of,35.530,35.600,IN,2.7628,7.4,2,-1.110238
audio17.TextGrid,7,19,the,35.600,35.700,DT,1.6975,7.73,2,-1.793061
audio17.TextGrid,7,20,reserve,35.700,36.140,NN,8.8183,4.6,5,0.754502
audio17.TextGrid,7,21,coils,36.140,36.640,VBZ,5.7832,3.36,4,-2.629702
audio17.TextGrid,7,22,fast,36.640,37.200,RB,9.6780,5.13,4,1.759731
audio17.TextGrid,8,1,he,37.880,37.970,PRP,4.5353,6.69,2,-0.160641
audio17.TextGrid,8,2,worked,37.970,38.260,VBD,7.9183,5.16,4,0.008414
audio17.TextGrid,8,3,skillfully,38.260,38.940,RB,4.6576,2.84,8,-0.794220
audio17.TextGrid,8,4,with,38.940,39.110,IN,5.2110,6.85,3,-0.286427
audio17.TextGrid,8,5,the,39.110,39.190,DT,1.7338,7.73,2,-1.756761
audio17.TextGrid,8,6,one,39.190,39.490,CD,6.6478,6.47,3,0.877063
audio17.TextGrid,8,7,hand,39.490,39.880,NN,8.9514,5.41,4,1.111378
audio17.TextGrid,9,1,and,40.310,40.380,CC,3.7036,7.41,2,-0.157847
audio17.TextGrid,9,2,put,40.380,40.600,VB,9.8767,5.66,3,2.570129
audio17.TextGrid,9,3,his,40.600,40.780,PRP$,6.3939,6.51,3,0.651932
audio17.TextGrid,9,4,foot,40.780,40.950,NN,9.5649,4.87,3,1.690132
audio17.TextGrid,9,5,on,40.950,41.080,IN,5.3145,6.91,2,0.873543
audio17.TextGrid,9,6,the,41.080,41.140,DT,1.7115,7.73,2,-1.779061
audio17.TextGrid,9,7,coils,41.140,41.650,NNS,6.4462,3.36,4,-1.966702
audio17.TextGrid,9,8,to,41.650,41.760,TO,3.4273,7.43,2,-0.410967
audio17.TextGrid,9,9,hold,41.760,41.990,VB,8.2430,5.19,4,0.341498
audio17.TextGrid,9,10,them,41.990,42.140,PRP,6.6132,6.19,3,0.641077
audio17.TextGrid,9,11,as,42.140,42.250,IN,4.4677,6.77,2,-0.135519
audio17.TextGrid,9,12,he,42.250,42.340,PRP,4.5094,6.69,2,-0.186541
audio17.TextGrid,9,13,drew,42.340,42.520,VBD,10.7993,4.46,3,2.629646
audio17.TextGrid,9,14,his,42.520,42.750,PRP$,6.3677,6.51,3,0.625732
audio17.TextGrid,9,15,knots,42.750,43.100,NNS,5.5642,3.63,4,-2.773249
audio17.TextGrid,9,16,tight,43.100,43.480,VBD,10.0467,4.57,3,1.956162
audio17.TextGrid,10,1,now,44.700,45.040,RB,6.7634,6.18,2,0.523107
audio17.TextGrid,10,2,he,45.040,45.180,PRP,5.3385,6.69,2,0.642559
audio17.TextGrid,10,3,had,45.180,45.360,VBD,4.7513,6.33,3,-2.073383
audio17.TextGrid,10,4,six,45.360,45.770,CD,8.0657,5.29,4,1.145396
audio17.TextGrid,10,5,reserve,45.770,46.180,NN,10.1299,4.6,5,2.066102
audio17.TextGrid,10,6,coils,46.180,46.680,NNS,7.2048,3.36,4,-1.208102
audio17.TextGrid,10,7,of,46.680,46.800,IN,3.0377,7.4,2,-0.835338
audio17.TextGrid,10,8,line,46.800,47.260,NN,9.3089,5.49,3,1.880059
audio17.TextGrid,11,1,there,47.980,48.100,EX,5.7321,6.31,3,-0.153715
audio17.TextGrid,11,2,were,48.100,48.220,VBD,4.5868,6.34,2,-1.468050
audio17.TextGrid,11,3,two,48.220,48.570,CD,6.8028,6.1,2,1.423038
audio17.TextGrid,11,4,from,48.570,48.800,IN,5.7378,6.63,3,0.082141
audio17.TextGrid,11,5,each,48.800,49.120,DT,6.3850,5.69,2,0.530040
audio17.TextGrid,11,6,bait,49.140,49.400,NN,4.1370,3.85,3,-4.471388
audio17.TextGrid,11,7,he,49.400,49.490,PRP,6.8816,6.69,2,2.185659
audio17.TextGrid,11,8,had,49.490,49.640,VBD,5.4743,6.33,3,-1.350383
audio17.TextGrid,11,9,severed,49.640,50.080,VBN,6.3539,3.53,5,-1.538345
audio17.TextGrid,11,10,and,50.080,50.200,CC,4.1222,7.41,2,0.260753
audio17.TextGrid,11,11,the,50.200,50.290,DT,3.4183,7.73,2,-0.072261
audio17.TextGrid,11,12,two,50.290,50.530,CD,7.2610,6.1,2,1.881238
audio17.TextGrid,11,13,from,50.530,50.740,IN,6.1472,6.63,4,-0.398637
audio17.TextGrid,11,14,the,50.740,50.810,DT,1.7406,7.73,2,-1.749961
audio17.TextGrid,11,15,bait,50.810,51.070,NN,4.1425,3.85,3,-4.465888
audio17.TextGrid,11,16,the,51.070,51.180,DT,3.9369,7.73,2,0.446339
audio17.TextGrid,11,17,fish,51.180,51.400,NN,4.1431,4.9,3,-3.710091
audio17.TextGrid,11,18,had,51.400,51.570,VBD,5.8251,6.33,3,-0.999583
audio17.TextGrid,11,19,taken,51.570,51.900,VBN,8.5702,5.33,5,0.389362
audio17.TextGrid,12,1,and,52.500,52.600,CC,3.7036,7.41,2,-0.157847
audio17.TextGrid,12,2,they,52.600,52.700,PRP,4.8877,6.5,2,-0.028455
audio17.TextGrid,12,3,were,52.700,52.830,VBD,4.5038,6.34,2,-1.551050
audio17.TextGrid,12,4,all,52.830,53.020,DT,6.1523,6.52,2,1.259326
audio17.TextGrid,12,5,connected,53.020,53.700,VBN,11.4892,4.68,8,3.314773
audio17.TextGrid,13,1,after,54.990,55.330,IN,7.0701,6.11,4,0.378948
audio17.TextGrid,13,2,it,55.330,55.420,PRP,3.8725,6.95,2,-0.522096
audio17.TextGrid,13,3,is,55.420,55.580,VBZ,4.8058,7.07,2,-0.402966
audio17.TextGrid,13,4,light,55.580,55.950,JJ,8.8314,5.33,3,1.287481
audio17.TextGrid,13,5,he,55.950,56.050,PRP,6.4220,6.69,2,1.726059
audio17.TextGrid,13,6,thought,56.050,56.590,VBD,8.2101,5.59,3,0.853182
audio17.TextGrid,13,7,i,56.590,56.660,NN,6.2792,7.09,1,2.186091
audio17.TextGrid,13,8,will,56.660,56.850,MD,5.1763,6.45,3,-0.608822
audio17.TextGrid,13,9,work,56.850,57.080,VB,7.5048,5.96,3,0.414000
audio17.TextGrid,13,10,back,57.080,57.330,RB,7.0783,6.04,3,0.045039
audio17.TextGrid,13,11,to,57.350,57.450,TO,3.4239,7.43,2,-0.414367
audio17.TextGrid,13,12,the,57.450,57.550,DT,2.3869,7.73,2,-1.103661
audio17.TextGrid,13,13,forty,57.550,57.900,NN,4.1361,4.2,5,-3.863566
audio17.TextGrid,13,14,fathom,57.900,58.260,NN,5.3988,3.25,5,-2.448553
audio17.TextGrid,13,15,bait,58.260,58.590,NN,5.6191,3.85,3,-2.989288
audio17.TextGrid,13,16,and,58.590,58.700,CC,4.0120,7.41,2,0.150553
audio17.TextGrid,13,17,cut,58.700,58.950,VB,8.2071,5.24,3,0.598450
audio17.TextGrid,13,18,it,58.950,59.050,PRP,4.5960,6.95,2,0.201404
audio17.TextGrid,13,19,away,59.050,59.290,RB,8.1523,5.62,3,0.816959
audio17.TextGrid,13,20,too,59.290,59.630,RB,7.3339,5.95,2,0.827032
audio17.TextGrid,13,21,and,59.630,59.810,CC,3.7949,7.41,3,-1.299755
audio17.TextGrid,13,22,link,59.810,60.010,VB,10.1789,4.99,4,2.221507
audio17.TextGrid,13,23,up,60.010,60.110,RP,5.1200,6.39,2,0.076353
audio17.TextGrid,13,24,the,60.110,60.220,DT,2.5447,7.73,2,-0.945861
audio17.TextGrid,13,25,reserve,60.220,60.590,NN,8.8291,4.6,5,0.765302
audio17.TextGrid,13,26,coils,60.590,61.140,NNS,6.9871,3.36,4,-1.425802
audio17.TextGrid,14,1,i,61.140,61.170,NN,5.5144,7.09,1,1.421291
audio17.TextGrid,14,2,will,62.360,62.570,MD,4.2229,6.45,3,-1.562222
audio17.TextGrid,14,3,have,62.570,62.700,VB,3.8742,6.71,3,-2.677173
audio17.TextGrid,14,4,lost,62.700,62.960,VBN,8.1957,5.39,4,0.350088
audio17.TextGrid,14,5,two,62.960,63.110,CD,6.9472,6.1,2,1.567438
audio17.TextGrid,14,6,hundred,63.110,63.400,JJ,8.6119,4.71,5,0.530466
audio17.TextGrid,14,7,fathoms,63.400,63.810,NNS,6.1706,2.49,6,-0.624379
audio17.TextGrid,14,8,of,63.810,63.930,IN,2.8876,7.4,2,-0.985438
audio17.TextGrid,14,9,good,63.930,64.260,JJ,7.4428,6.12,3,0.467077
audio17.TextGrid,14,10,catalan,64.260,64.730,NN,4.5920,3.42,7,-2.239558
audio17.TextGrid,14,11,cardel,64.730,65.460,NN,5.4743,0.0,6,0.173601
audio17.TextGrid,14,12,and,65.760,65.880,CC,4.2710,7.41,2,0.409553
audio17.TextGrid,14,13,the,65.880,65.990,DT,2.4558,7.73,2,-1.034761
audio17.TextGrid,14,14,hooks,65.990,66.280,NNS,6.4648,3.65,4,-1.867060
audio17.TextGrid,14,15,and,66.280,66.430,CC,4.2540,7.41,3,-0.840655
audio17.TextGrid,14,16,leaders,66.430,66.980,NNS,8.7597,4.81,5,0.662233
audio17.TextGrid,15,1,that,67.550,67.710,DT,4.4338,7.01,3,-0.948550
audio17.TextGrid,15,2,can,67.710,67.850,MD,7.0367,6.46,3,1.258770
audio17.TextGrid,15,3,be,67.850,68.010,VB,3.7221,6.79,2,-1.811192
audio17.TextGrid,15,4,replaced,68.010,68.630,VBN,9.6682,4.55,7,1.661560
audio17.TextGrid,16,1,but,69.240,69.430,CC,5.3198,6.63,3,-0.335859
audio17.TextGrid,16,2,who,69.430,69.570,WP,6.8356,6.34,2,1.734002
audio17.TextGrid,16,3,replaces,69.570,70.190,VBZ,3.8051,3.63,8,-2.815665
audio17.TextGrid,16,4,this,70.190,70.450,DT,5.4501,6.82,3,-0.068905
audio17.TextGrid,16,5,fish,70.450,70.780,JJ,5.0721,4.9,3,-2.781091
audio17.TextGrid,16,6,if,70.780,70.910,IN,7.4901,6.47,2,2.539175
audio17.TextGrid,16,7,i,70.910,71.040,JJ,5.4475,7.09,1,1.354391
audio17.TextGrid,16,8,hook,71.040,71.250,VBP,11.0271,4.37,3,2.792714
audio17.TextGrid,16,9,some,71.250,71.480,DT,6.7116,6.2,3,0.746669
audio17.TextGrid,16,10,fish,71.480,71.780,NN,4.1655,4.9,3,-3.687691
audio17.TextGrid,16,11,and,71.780,71.910,CC,4.2929,7.41,3,-0.801755
audio17.TextGrid,16,12,it,71.910,72.010,PRP,4.1933,6.95,2,-0.201296
audio17.TextGrid,16,13,cuts,72.010,72.270,VBZ,11.5658,4.42,4,3.449119
audio17.TextGrid,16,14,him,72.270,72.400,PRP,9.4680,6.11,2,4.099828
audio17.TextGrid,16,15,off,72.400,72.750,RP,7.8616,5.93,2,2.284805
audio17.TextGrid,17,1,i,73.520,73.620,JJ,5.5144,7.09,1,1.421291
audio17.TextGrid,17,2,don,73.620,73.780,VBP,12.6352,4.6,3,4.566239
audio17.TextGrid,17,3,t,73.780,73.810,NN,5.4864,5.43,1,-1.260719
audio17.TextGrid,17,4,know,73.810,73.940,VBP,7.8352,6.1,2,1.502185
audio17.TextGrid,17,5,what,73.940,74.100,WP,6.9355,6.38,3,1.100032
audio17.TextGrid,17,6,that,74.100,74.330,IN,5.9282,7.01,3,0.545850
audio17.TextGrid,17,7,fish,74.330,74.570,NN,5.1125,4.9,3,-2.740691
audio17.TextGrid,17,8,was,74.570,74.860,VBD,4.3955,6.82,3,-2.076757
audio17.TextGrid,17,9,that,74.860,75.050,IN,4.2043,7.01,3,-1.178050
audio17.TextGrid,17,10,took,75.050,75.160,VBD,8.4279,5.51,3,1.013443
audio17.TextGrid,17,11,the,75.160,75.270,DT,2.3786,7.73,2,-1.111961
audio17.TextGrid,17,12,bait,75.270,75.520,NN,4.1382,3.85,3,-4.470188
audio17.TextGrid,17,13,just,75.520,75.770,RB,7.4466,6.43,4,-0.108380
audio17.TextGrid,17,14,now,75.770,76.080,RB,6.2681,6.18,2,0.027807
audio17.TextGrid,17,15,it,76.080,76.140,PRP,5.7919,6.95,2,1.397304
audio17.TextGrid,18,1,could,76.540,76.720,MD,9.2009,6.06,3,3.135276
audio17.TextGrid,18,2,have,76.720,76.850,VB,3.8812,6.71,3,-2.670173
audio17.TextGrid,18,3,been,76.850,77.010,VBN,5.9132,6.27,3,-0.954637
audio17.TextGrid,18,4,a,77.010,77.050,DT,3.8422,7.36,1,1.134020
audio17.TextGrid,18,5,marlin,77.050,77.540,NN,4.1510,3.01,6,-2.956038
audio17.TextGrid,18,6,or,77.540,77.660,CC,5.5191,6.54,2,0.649306
audio17.TextGrid,18,7,a,77.660,77.710,DT,3.0833,7.36,1,0.375120
audio17.TextGrid,18,8,broadbill,77.710,78.360,NN,4.1377,1.17,7,-0.354094
audio17.TextGrid,18,9,or,78.360,78.500,CC,5.9977,6.54,2,1.127906
audio17.TextGrid,18,10,a,78.500,78.530,DT,3.0204,7.36,1,0.312220
audio17.TextGrid,18,11,shark,78.530,79.000,NN,4.1377,4.1,4,-4.068406
audio17.TextGrid,19,1,i,79.580,79.690,NN,5.5144,7.09,1,1.421291
audio17.TextGrid,19,2,never,79.690,79.940,RB,8.6695,5.91,4,0.969204
audio17.TextGrid,19,3,felt,79.940,80.270,VBD,8.8093,5.13,4,0.891031
audio17.TextGrid,19,4,him,80.270,80.460,PRP,8.3384,6.11,2,2.970228
audio17.TextGrid,20,1,i,81.230,81.350,NN,5.5144,7.09,1,1.421291
audio17.TextGrid,20,2,had,81.350,81.480,VBD,4.7246,6.33,3,-2.100083
audio17.TextGrid,20,3,to,81.480,81.540,TO,3.3517,7.43,2,-0.486567
audio17.TextGrid,20,4,get,81.540,81.720,VB,5.9499,6.28,3,-0.910745
audio17.TextGrid,20,5,rid,81.720,81.840,JJ,5.7353,4.5,3,-2.405585
audio17.TextGrid,20,6,of,81.840,81.930,IN,3.7361,7.4,2,-0.136938
audio17.TextGrid,20,7,him,81.930,82.060,PRP,7.3840,6.11,2,2.015828
audio17.TextGrid,20,8,too,82.060,82.250,RB,8.1524,5.95,2,1.645532
audio17.TextGrid,20,9,fast,82.250,82.840,RB,9.6127,5.13,4,1.694431
audio17.TextGrid,21,1,aloud,83.910,84.360,NN,5.9246,3.51,4,-2.446384
audio17.TextGrid,21,2,he,84.360,84.490,PRP,7.2668,6.69,2,2.570859
audio17.TextGrid,21,3,said,84.490,84.760,VBD,3.5781,6.01,3,-3.476738
audio17.TextGrid,21,4,i,85.400,85.510,JJ,6.1749,7.09,1,2.081791
audio17.TextGrid,21,5,wish,85.510,85.790,JJ,9.8843,5.18,3,2.232496
audio17.TextGrid,21,6,i,85.790,85.950,NN,6.0942,7.09,1,2.001091
audio17.TextGrid,21,7,had,85.950,86.160,VBD,6.4907,6.33,3,-0.333983
audio17.TextGrid,21,8,the,86.160,86.250,DT,2.4527,7.73,2,-1.037861
audio17.TextGrid,21,9,boy,86.250,86.630,NN,10.2396,5.17,2,2.828698
audio17.TextGrid,22,1,but,88.230,88.410,CC,5.3198,6.63,3,-0.335859
audio17.TextGrid,22,2,you,88.410,88.500,PRP,5.9151,6.98,2,1.555275
audio17.TextGrid,22,3,haven,88.500,88.710,VBP,12.1224,4.13,5,4.133957
audio17.TextGrid,22,4,t,88.710,88.740,NNS,7.1755,5.43,1,0.428381
audio17.TextGrid,22,5,got,88.740,88.970,VBD,7.2853,5.91,3,0.158538
audio17.TextGrid,22,6,the,88.970,89.060,DT,2.6227,7.73,2,-0.867861
audio17.TextGrid,22,7,boy,89.060,89.390,NN,10.2421,5.17,2,2.831198
audio17.TextGrid,22,8,he,89.600,89.720,PRP,6.8460,6.69,2,2.150059
audio17.TextGrid,22,9,thought,89.720,90.100,VBD,8.6924,5.59,3,1.335482
audio17.TextGrid,22,10,you,90.450,90.590,PRP,6.4957,6.98,2,2.135875
audio17.TextGrid,22,11,have,90.590,90.760,VBP,5.0408,6.71,3,-1.510573
audio17.TextGrid,22,12,only,90.760,90.990,RB,6.1236,6.12,4,-1.518011
audio17.TextGrid,22,13,yourself,90.990,91.580,PRP,11.1620,5.31,6,3.627957
audio17.TextGrid,22,14,and,91.580,91.710,CC,4.2706,7.41,3,-0.824055
audio17.TextGrid,22,15,you,91.710,91.810,PRP,6.4243,6.98,2,2.064475
audio17.TextGrid,22,16,had,91.810,91.930,VBD,5.2704,6.33,3,-1.554283
audio17.TextGrid,22,17,better,91.930,92.140,JJR,8.0581,5.76,4,0.315886
audio17.TextGrid,22,18,work,92.140,92.400,NN,8.8693,5.96,3,1.778500
audio17.TextGrid,22,19,back,92.400,92.640,RB,7.6579,6.04,3,0.624639
audio17.TextGrid,22,20,to,92.640,92.740,TO,3.4632,7.43,2,-0.375067
audio17.TextGrid,22,21,the,92.740,92.820,DT,2.3958,7.73,2,-1.094761
audio17.TextGrid,22,22,last,92.820,93.180,JJ,6.0991,5.86,4,-1.615168
audio17.TextGrid,22,23,line,93.180,93.430,NN,7.5426,5.49,3,0.113759
audio17.TextGrid,22,24,now,93.430,93.760,RB,6.9854,6.18,2,0.745107
audio17.TextGrid,22,25,in,93.970,94.100,IN,3.6757,7.27,2,-0.348010
audio17.TextGrid,22,26,the,94.100,94.240,DT,1.7469,7.73,2,-1.743661
audio17.TextGrid,22,27,dark,94.240,94.580,NN,10.7252,5.04,4,2.781780
audio17.TextGrid,22,28,or,94.580,94.680,CC,5.5873,6.54,2,0.717506
audio17.TextGrid,22,29,not,94.680,94.890,RB,7.0393,6.69,3,0.473542
audio17.TextGrid,22,30,in,94.890,95.000,IN,4.1203,7.27,2,0.096590
audio17.TextGrid,22,31,the,95.000,95.070,DT,1.8665,7.73,2,-1.624061
audio17.TextGrid,22,32,dark,95.070,95.420,NN,10.7293,5.04,4,2.785880
audio17.TextGrid,23,1,and,95.920,96.050,CC,3.7036,7.41,2,-0.157847
audio17.TextGrid,23,2,cut,96.050,96.290,VB,9.7508,5.24,3,2.142150
audio17.TextGrid,23,3,it,96.290,96.390,PRP,4.7951,6.95,2,0.400504
audio17.TextGrid,23,4,away,96.390,96.770,RB,8.1868,5.62,3,0.851459
audio17.TextGrid,23,5,and,96.770,96.920,CC,3.8045,7.41,2,-0.056947
audio17.TextGrid,23,6,hook,96.920,97.120,VB,11.8691,4.37,3,3.634714
audio17.TextGrid,23,7,up,97.120,97.220,RP,6.7136,6.39,2,1.669953
audio17.TextGrid,23,8,the,97.220,97.310,DT,2.4037,7.73,2,-1.086861
audio17.TextGrid,23,9,two,97.310,97.470,CD,7.2568,6.1,2,1.877038
audio17.TextGrid,23,10,reserve,97.470,97.880,NN,9.5113,4.6,5,1.447502
audio17.TextGrid,23,11,coils,97.880,98.480,NNS,6.9403,3.36,4,-1.472602
audio17.TextGrid,24,1,so,100.120,100.390,RB,6.6130,6.52,2,0.766773
audio17.TextGrid,24,2,he,100.390,100.500,PRP,5.1150,6.69,2,0.419059
audio17.TextGrid,24,3,did,100.500,100.700,VBD,6.0417,5.96,3,-1.049100
audio17.TextGrid,24,4,it,100.700,100.910,PRP,4.5293,6.95,2,0.134704
audio17.TextGrid,25,1,it,101.510,101.670,PRP,3.8912,6.95,2,-0.503396
audio17.TextGrid,25,2,was,101.670,101.810,VBD,3.9158,6.82,3,-2.556457
audio17.TextGrid,25,3,difficult,101.810,102.340,JJ,9.5788,5.07,8,0.827299
audio17.TextGrid,25,4,in,102.340,102.430,IN,3.8479,7.27,2,-0.175810
audio17.TextGrid,25,5,the,102.430,102.540,DT,1.7033,7.73,2,-1.787261
audio17.TextGrid,25,6,dark,102.540,103.020,NN,10.7249,5.04,4,2.781480
audio17.TextGrid,25,7,and,103.020,103.140,CC,3.9237,7.41,2,0.062253
audio17.TextGrid,25,8,once,103.140,103.470,RB,9.1693,5.53,4,1.362812
audio17.TextGrid,25,9,the,103.470,103.570,DT,3.4895,7.73,2,-0.001061
audio17.TextGrid,25,10,fish,103.570,103.850,NN,4.3379,4.9,3,-3.515291
audio17.TextGrid,25,11,made,103.850,104.040,VBD,7.6057,5.92,3,0.486130
audio17.TextGrid,25,12,a,104.040,104.090,DT,3.7203,7.36,1,1.012120
audio17.TextGrid,25,13,surge,104.090,104.560,NN,8.6320,3.82,3,0.002035
audio17.TextGrid,25,14,that,104.560,104.730,WDT,4.1025,7.01,3,-1.279850
audio17.TextGrid,25,15,pulled,104.770,105.000,VBD,12.0500,4.67,4,4.003182
audio17.TextGrid,25,16,him,105.000,105.120,PRP,8.0610,6.11,2,2.692828
audio17.TextGrid,25,17,down,105.120,105.340,RP,6.6313,5.88,3,0.436214
audio17.TextGrid,25,18,on,105.340,105.460,IN,5.1445,6.91,2,0.703543
audio17.TextGrid,25,19,his,105.460,105.650,PRP$,5.3516,6.51,3,-0.390368
audio17.TextGrid,25,20,face,105.650,105.970,NN,8.0497,5.45,3,0.592089
audio17.TextGrid,25,21,and,105.970,106.170,CC,4.0575,7.41,3,-1.037155
audio17.TextGrid,25,22,made,106.170,106.360,VBD,7.4626,5.92,3,0.343030
audio17.TextGrid,25,23,a,106.360,106.400,DT,3.6323,7.36,1,0.924120
audio17.TextGrid,25,24,cut,106.400,106.690,NN,8.9517,5.24,3,1.343050
audio17.TextGrid,25,25,below,106.710,107.010,IN,7.2647,5.05,4,0.277327
audio17.TextGrid,25,26,his,107.010,107.180,PRP$,5.3280,6.51,3,-0.413968
audio17.TextGrid,25,27,eye,107.180,107.470,NN,9.2583,5.02,1,1.855672
audio17.TextGrid,26,1,the,108.130,108.210,DT,1.8241,7.73,2,-1.666461
audio17.TextGrid,26,2,blood,108.210,108.490,NN,9.1367,5.1,4,1.210047
audio17.TextGrid,26,3,ran,108.490,108.680,VBD,8.2927,4.87,3,0.417932
audio17.TextGrid,26,4,down,108.680,108.930,RP,6.3441,5.88,3,0.149014
audio17.TextGrid,26,5,his,108.930,109.130,PRP$,6.1841,6.51,3,0.442132
audio17.TextGrid,26,6,cheek,109.130,109.400,NN,4.2567,3.96,3,-4.272572
audio17.TextGrid,26,7,a,109.400,109.450,DT,4.9267,7.36,1,2.218520
audio17.TextGrid,26,8,little,109.450,109.700,JJ,7.8056,5.75,5,-0.442577
audio17.TextGrid,26,9,way,109.700,109.970,NN,6.8262,6.01,2,0.388874
audio17.TextGrid,27,1,but,110.850,111.000,CC,5.3198,6.63,3,-0.335859
audio17.TextGrid,27,2,it,111.000,111.100,PRP,4.1006,6.95,2,-0.293996
audio17.TextGrid,27,3,coagulated,111.100,111.840,VBD,3.3495,2.08,11,2.354739
audio17.TextGrid,27,4,and,111.840,111.970,CC,3.9958,7.41,2,0.134353
audio17.TextGrid,27,5,dried,111.970,112.350,VBD,3.3061,4.04,4,-4.916773
audio17.TextGrid,27,6,before,112.350,112.670,IN,7.1378,5.93,5,-0.185983
audio17.TextGrid,27,7,it,112.670,112.800,PRP,4.0605,6.95,2,-0.334096
audio17.TextGrid,27,8,reached,112.800,113.090,VBD,8.4088,4.85,4,0.412284
audio17.TextGrid,27,9,his,113.090,113.240,PRP$,6.5119,6.51,3,0.769932
audio17.TextGrid,27,10,chin,113.240,113.650,NN,4.2237,4.0,3,-4.276803
audio17.TextGrid,28,1,and,114.290,114.370,CC,3.7036,7.41,2,-0.157847
audio17.TextGrid,28,2,he,114.370,114.440,PRP,4.7461,6.69,2,0.050159
audio17.TextGrid,28,3,worked,114.440,114.690,VBD,7.8853,5.16,4,-0.024586
audio17.TextGrid,28,4,his,114.690,114.830,PRP$,6.1855,6.51,3,0.443532
audio17.TextGrid,28,5,way,114.830,114.990,NN,6.9428,6.01,2,0.505474
audio17.TextGrid,28,6,back,114.990,115.250,RB,8.2284,6.04,3,1.195139
audio17.TextGrid,28,7,to,115.250,115.320,TO,3.6383,7.43,2,-0.199967
audio17.TextGrid,28,8,the,115.320,115.410,DT,2.4173,7.73,2,-1.073261
audio17.TextGrid,28,9,bow,115.410,115.770,NN,4.1363,4.3,2,-4.282949
audio17.TextGrid,28,10,and,115.770,115.900,CC,4.3295,7.41,3,-0.765155
audio17.TextGrid,28,11,rested,115.900,116.250,VBN,6.5203,3.59,6,-0.934803
audio17.TextGrid,28,12,against,116.250,116.550,IN,6.9081,5.68,6,-0.847985
audio17.TextGrid,28,13,the,116.550,116.630,DT,1.6773,7.73,2,-1.813261
audio17.TextGrid,28,14,wood,116.630,117.030,NN,9.9463,4.78,3,2.006801
audio17.TextGrid,29,1,he,117.830,117.970,PRP,4.5353,6.69,2,-0.160641
audio17.TextGrid,29,2,adjusted,117.970,118.370,VBD,8.3713,4.11,7,0.822214
audio17.TextGrid,29,3,the,118.370,118.460,DT,3.0366,7.73,2,-0.453961
audio17.TextGrid,29,4,sack,118.460,118.930,NN,4.1512,3.91,3,-4.414034
audio17.TextGrid,29,5,and,118.930,119.070,CC,4.4544,7.41,3,-0.640255
audio17.TextGrid,29,6,carefully,119.070,119.550,RB,11.2717,4.46,7,3.358651
audio17.TextGrid,29,7,worked,119.550,119.820,VBD,8.8893,5.16,4,0.979414
audio17.TextGrid,29,8,the,119.820,119.930,DT,2.6785,7.73,2,-0.812061
audio17.TextGrid,29,9,line,119.930,120.290,NN,7.6750,5.49,3,0.246159
audio17.TextGrid,29,10,so,120.290,120.440,IN,6.6745,6.52,2,1.781526
audio17.TextGrid,29,11,that,120.440,120.590,IN,4.7060,7.01,3,-0.676350
audio17.TextGrid,29,12,it,120.590,120.740,PRP,4.3297,6.95,2,-0.064896
audio17.TextGrid,29,13,came,120.740,120.940,VBD,7.8761,5.5,3,0.454451
audio17.TextGrid,29,14,across,120.940,121.310,IN,8.2491,5.25,5,1.034341
audio17.TextGrid,29,15,a,121.310,121.350,DT,2.7326,7.36,1,0.024420
audio17.TextGrid,29,16,new,121.350,121.610,JJ,5.0766,6.25,3,-1.805622
audio17.TextGrid,29,17,part,121.610,121.900,NN,6.7423,5.78,4,-0.994325
audio17.TextGrid,29,18,of,121.900,122.000,IN,2.8170,7.4,2,-1.056038
audio17.TextGrid,29,19,his,122.000,122.140,PRP$,5.3094,6.51,3,-0.432568
audio17.TextGrid,29,20,shoulders,122.140,122.700,NNS,5.5671,4.18,6,-2.242069
audio17.TextGrid,30,1,and,123.410,123.730,CC,3.7036,7.41,3,-1.391055
audio17.TextGrid,30,2,holding,123.880,124.270,VBG,9.0985,4.89,6,0.863251
audio17.TextGrid,30,3,it,124.270,124.370,PRP,5.1330,6.95,2,0.738404
audio17.TextGrid,30,4,anchored,124.370,124.770,VBD,4.0853,3.46,5,-3.795722
audio17.TextGrid,30,5,with,124.770,124.910,IN,5.1790,6.85,3,-0.318427
audio17.TextGrid,30,6,his,124.910,125.040,PRP$,5.3560,6.51,3,-0.385968
audio17.TextGrid,30,7,shoulders,125.040,125.510,NNS,5.5674,4.18,6,-2.241769
audio17.TextGrid,31,1,he,125.920,126.010,PRP,4.5353,6.69,2,-0.160641
audio17.TextGrid,31,2,carefully,126.010,126.510,RB,11.7111,4.46,7,3.798051
audio17.TextGrid,31,3,felt,126.510,126.770,VBD,8.7811,5.13,4,0.862831
audio17.TextGrid,31,4,the,126.770,126.870,DT,2.6622,7.73,2,-0.828361
audio17.TextGrid,31,5,pull,126.870,127.210,NN,13.5760,4.82,3,5.665271
audio17.TextGrid,31,6,of,127.210,127.270,IN,3.4454,7.4,2,-0.427638
audio17.TextGrid,31,7,the,127.270,127.390,DT,1.7179,7.73,2,-1.772661
audio17.TextGrid,31,8,fish,127.390,127.860,NN,4.1395,4.9,3,-3.713691
audio17.TextGrid,31,9,and,128.020,128.100,CC,4.3514,7.41,2,0.489953
audio17.TextGrid,31,10,then,128.100,128.360,RB,7.7559,6.07,3,0.744216
audio17.TextGrid,31,11,felt,128.360,128.620,VBD,9.3269,5.13,4,1.408631
audio17.TextGrid,31,12,with,128.620,128.730,IN,4.9465,6.85,3,-0.550927
audio17.TextGrid,31,13,his,128.730,128.890,PRP$,5.3294,6.51,3,-0.412568
audio17.TextGrid,31,14,hand,128.890,129.280,NN,8.2774,5.41,4,0.437378
audio17.TextGrid,31,15,the,129.280,129.380,DT,3.8915,7.73,2,0.400939
audio17.TextGrid,31,16,progress,129.380,129.950,NN,8.4530,4.78,7,0.207184
audio17.TextGrid,31,17,of,129.950,130.020,IN,3.0201,7.4,2,-0.852938
audio17.TextGrid,31,18,the,130.020,130.130,DT,1.7030,7.73,2,-1.787561
audio17.TextGrid,31,19,skiff,130.130,130.470,NN,4.1363,2.63,4,-4.480603
audio17.TextGrid,31,20,through,130.560,130.730,IN,7.0591,5.87,3,0.856821
audio17.TextGrid,31,21,the,130.730,130.820,DT,1.7015,7.73,2,-1.789061
audio17.TextGrid,31,22,water,130.820,131.270,NN,8.3722,5.52,4,0.562917
audio17.TextGrid,32,1,i,133.530,133.630,JJ,5.5144,7.09,1,1.421291
audio17.TextGrid,32,2,wonder,133.630,133.870,VBP,12.3205,4.93,5,4.203793
audio17.TextGrid,32,3,what,133.870,134.020,WP,7.3206,6.38,3,1.485132
audio17.TextGrid,32,4,he,134.020,134.110,PRP,6.1606,6.69,2,1.464659
audio17.TextGrid,32,5,made,134.110,134.290,VBD,5.8965,5.92,3,-1.223070
audio17.TextGrid,32,6,that,134.290,134.490,IN,3.9462,7.01,3,-1.436150
audio17.TextGrid,32,7,lurch,134.490,134.800,NN,5.6215,2.79,3,-3.749279
audio17.TextGrid,32,8,for,134.800,135.130,IN,4.1973,7.01,3,-1.185050
audio17.TextGrid,32,9,he,135.360,135.470,PRP,4.4427,6.69,2,-0.253241
audio17.TextGrid,32,10,thought,135.470,135.850,VBD,8.4971,5.59,3,1.140182
audio17.TextGrid,33,1,the,136.620,136.690,DT,1.8241,7.73,2,-1.666461
audio17.TextGrid,33,2,wire,136.690,137.040,NN,4.1358,4.43,3,-4.055431
audio17.TextGrid,33,3,must,137.040,137.280,MD,7.1700,5.68,4,0.358683
audio17.TextGrid,33,4,have,137.280,137.370,VB,3.8739,6.71,3,-2.677473
audio17.TextGrid,33,5,slipped,137.370,137.820,VBN,9.4929,3.99,5,1.526903
audio17.TextGrid,33,6,on,137.820,137.940,IN,4.9428,6.91,2,0.501843
audio17.TextGrid,33,7,the,137.940,138.000,DT,1.7716,7.73,2,-1.718961
audio17.TextGrid,33,8,great,138.000,138.300,JJ,7.7275,5.88,4,0.018821
audio17.TextGrid,33,9,hill,138.300,138.450,NN,9.4481,4.82,3,1.537371
audio17.TextGrid,33,10,of,138.450,138.560,IN,3.0473,7.4,2,-0.825738
audio17.TextGrid,33,11,his,138.560,138.730,PRP$,5.3065,6.51,3,-0.435468
audio17.TextGrid,33,12,back,138.730,139.220,NN,9.0292,6.04,3,1.995939
audio17.TextGrid,33,13,certainly,139.570,140.020,RB,9.4702,5.0,7,0.995608
audio17.TextGrid,33,14,his,140.020,140.150,PRP$,6.9999,6.51,3,1.257932
audio17.TextGrid,33,15,back,140.150,140.410,NN,9.0296,6.04,3,1.996339
audio17.TextGrid,33,16,cannot,140.410,140.770,NN,5.0192,5.11,5,-3.126366
audio17.TextGrid,33,17,feel,140.770,141.040,NN,9.1573,5.67,3,1.857921
audio17.TextGrid,33,18,as,141.040,141.120,RB,5.0430,6.77,2,-0.513472
audio17.TextGrid,33,19,badly,141.120,141.540,RB,10.2759,4.44,5,2.237755
audio17.TextGrid,33,20,as,141.540,141.640,IN,4.9481,6.77,2,0.344881
audio17.TextGrid,33,21,mine,141.640,141.950,NN,10.8802,5.04,3,3.127703
audio17.TextGrid,33,22,does,141.950,142.300,VBZ,8.5697,5.74,3,1.320668
audio17.TextGrid,33,23,but,142.870,143.010,CC,5.7038,6.63,3,0.048141
audio17.TextGrid,33,24,he,143.010,143.090,PRP,6.0927,6.69,2,1.396759
audio17.TextGrid,33,25,cannot,143.090,143.430,VBZ,4.0496,5.11,5,-4.095966
audio17.TextGrid,33,26,pull,143.430,143.720,VB,10.1368,4.82,3,2.226071
audio17.TextGrid,33,27,this,143.720,143.920,DT,5.5113,6.82,3,-0.007705
audio17.TextGrid,33,28,skiff,143.920,144.150,NN,4.1381,2.63,4,-4.478803
audio17.TextGrid,33,29,forever,144.170,144.660,NN,5.3456,4.74,5,-2.740644
audio17.TextGrid,34,1,no,145.110,145.230,DT,5.7679,6.35,2,0.677893
audio17.TextGrid,34,2,matter,145.230,145.520,NN,7.7245,5.38,4,-0.123906
audio17.TextGrid,34,3,how,145.520,145.700,WRB,8.2914,6.24,2,3.073901
audio17.TextGrid,34,4,great,145.700,145.970,JJ,7.9356,5.88,4,0.226921
audio17.TextGrid,34,5,he,145.970,146.120,PRP,6.4037,6.69,2,1.707759
audio17.TextGrid,34,6,is,146.120,146.440,VBZ,3.4306,7.07,2,-1.778166
audio17.TextGrid,34,7,now,147.140,147.440,RB,6.3225,6.18,2,0.082207
audio17.TextGrid,34,8,everything,147.440,147.840,NN,12.2157,5.54,7,3.179564
audio17.TextGrid,34,9,is,147.840,147.950,VBZ,4.7243,7.07,2,-0.484466
audio17.TextGrid,34,10,cleared,147.950,148.310,VBN,10.7780,4.2,5,2.778334
audio17.TextGrid,34,11,away,148.310,148.580,RP,7.3455,5.62,3,0.963412
audio17.TextGrid,34,12,that,148.580,148.770,IN,4.2625,7.01,3,-1.119850
audio17.TextGrid,34,13,might,148.770,149.010,MD,8.0087,5.66,3,1.655382
audio17.TextGrid,34,14,make,149.010,149.250,VB,5.3029,6.08,3,-1.701592
audio17.TextGrid,34,15,trouble,149.250,149.570,NN,10.9031,4.79,6,2.727863
audio17.TextGrid,35,1,and,149.980,150.080,CC,3.7036,7.41,2,-0.157847
audio17.TextGrid,35,2,i,150.080,150.170,NNS,5.7252,7.09,1,1.632091
audio17.TextGrid,35,3,have,150.170,150.300,VBP,4.0453,6.71,3,-2.506073
audio17.TextGrid,35,4,a,150.300,150.350,DT,3.4661,7.36,1,0.757920
audio17.TextGrid,35,5,big,150.350,150.600,JJ,6.5862,5.67,3,-0.713179
audio17.TextGrid,35,6,reserve,150.600,150.910,NN,8.7280,4.6,5,0.664202
audio17.TextGrid,35,7,of,150.910,151.080,IN,3.3769,7.4,2,-0.496138
audio17.TextGrid,35,8,line,151.080,151.520,NN,9.3041,5.49,3,1.875259
audio17.TextGrid,35,9,all,151.910,152.150,PDT,7.7935,6.52,2,2.900526
audio17.TextGrid,35,10,that,152.150,152.280,IN,5.9385,7.01,3,0.556150
audio17.TextGrid,35,11,a,152.280,152.330,DT,2.8685,7.36,1,0.160320
audio17.TextGrid,35,12,man,152.330,152.580,NN,7.6804,5.82,3,0.488907
audio17.TextGrid,35,13,can,152.580,152.760,MD,7.0798,6.46,3,1.301870
audio17.TextGrid,35,14,ask,152.760,153.240,VB,8.2295,5.34,3,0.692773
audio17.TextGrid,36,1,fish,154.750,155.220,NN,5.9246,4.9,3,-1.928591
audio17.TextGrid,36,2,he,155.530,155.630,PRP,7.2668,6.69,2,2.570859
audio17.TextGrid,36,3,said,155.630,155.890,VBD,3.5781,6.01,3,-3.476738
audio17.TextGrid,36,4,softly,155.890,156.500,RB,4.6324,3.77,6,-2.930723
audio17.TextGrid,37,1,aloud,156.600,157.070,NN,5.9246,3.51,4,-2.446384
audio17.TextGrid,37,2,i,157.780,157.860,NN,8.2233,7.09,1,4.130191
audio17.TextGrid,37,3,ll,157.860,157.940,VBP,4.1972,4.66,1,-3.780997
audio17.TextGrid,37,4,stay,157.940,158.270,NN,9.0499,5.33,3,1.505981
audio17.TextGrid,37,5,with,158.270,158.540,IN,5.1894,6.85,3,-0.308027
audio17.TextGrid,37,6,you,158.540,158.720,PRP,5.6293,6.98,2,1.269475
audio17.TextGrid,37,7,until,158.720,159.090,IN,6.9062,5.61,5,-0.366278
audio17.TextGrid,37,8,i,159.090,159.230,JJ,5.4167,7.09,1,1.323591
audio17.TextGrid,37,9,am,159.230,159.350,VBP,10.6672,5.78,3,3.446937
audio17.TextGrid,37,10,dead,159.350,159.900,JJ,10.7334,5.19,3,3.088788
audio17.TextGrid,38,1,he,162.500,162.600,PRP,4.5353,6.69,2,-0.160641
audio17.TextGrid,38,2,ll,162.600,162.710,VBZ,3.3590,4.66,2,-4.643002
audio17.TextGrid,38,3,stay,162.710,162.970,NN,9.2457,5.33,3,1.701781
audio17.TextGrid,38,4,with,162.970,163.200,IN,5.1986,6.85,3,-0.298827
audio17.TextGrid,38,5,me,163.200,163.450,PRP,7.9754,6.48,2,3.036065
audio17.TextGrid,38,6,too,163.450,163.770,RB,8.0347,5.95,2,1.527832
audio17.TextGrid,38,7,i,163.770,163.930,VBP,7.4912,7.09,1,3.398091
audio17.TextGrid,38,8,suppose,163.930,164.560,VBP,4.9678,4.56,5,-3.089585
audio17.TextGrid,38,9,the,164.790,164.890,DT,2.7431,7.73,2,-0.747461
audio17.TextGrid,38,10,old,164.890,165.120,JJ,7.3336,5.75,3,0.091760
audio17.TextGrid,38,11,man,165.120,165.370,NN,7.6945,5.82,3,0.503007
audio17.TextGrid,38,12,thought,165.370,165.750,VBD,9.2823,5.59,3,1.925382
audio17.TextGrid,39,1,and,166.680,166.760,CC,3.7036,7.41,2,-0.157847
audio17.TextGrid,39,2,he,166.760,166.880,PRP,4.7461,6.69,2,0.050159
audio17.TextGrid,39,3,waited,166.880,167.230,VBD,9.7870,4.26,5,1.777714
audio17.TextGrid,39,4,for,167.230,167.390,IN,4.4564,7.01,3,-0.925950
audio17.TextGrid,39,5,it,167.390,167.490,PRP,3.8490,6.95,2,-0.545596
audio17.TextGrid,39,6,to,167.490,167.560,TO,2.9886,7.43,2,-0.849667
audio17.TextGrid,39,7,be,167.560,167.720,VB,4.2674,6.79,2,-1.265892
audio17.TextGrid,39,8,light,167.720,168.150,JJ,8.7965,5.33,3,1.252581
audio17.TextGrid,40,1,it,169.570,169.690,PRP,3.8912,6.95,2,-0.503396
audio17.TextGrid,40,2,was,169.690,169.870,VBD,3.9158,6.82,3,-2.556457
audio17.TextGrid,40,3,cold,169.870,170.270,VBN,11.2433,5.02,4,3.294291
audio17.TextGrid,40,4,now,170.270,170.560,RB,7.6934,6.18,2,1.453107
audio17.TextGrid,40,5,in,170.560,170.620,IN,3.5859,7.27,2,-0.437810
audio17.TextGrid,40,6,the,170.620,170.690,DT,1.7306,7.73,2,-1.759961
audio17.TextGrid,40,7,time,170.690,171.030,NN,6.0545,6.29,3,-0.798952
audio17.TextGrid,40,8,before,171.030,171.370,IN,7.0626,5.93,5,-0.261183
audio17.TextGrid,40,9,daylight,171.370,171.980,NN,5.8406,3.84,5,-2.101347
audio17.TextGrid,40,10,and,172.220,172.340,CC,4.3144,7.41,2,0.452953
audio17.TextGrid,40,11,he,172.340,172.420,PRP,5.0657,6.69,2,0.369759
audio17.TextGrid,40,12,pushed,172.420,172.740,VBD,9.7113,4.43,4,1.597413
audio17.TextGrid,40,13,against,172.740,173.040,IN,6.9296,5.68,6,-0.826485
audio17.TextGrid,40,14,the,173.040,173.120,DT,1.6877,7.73,2,-1.802861
audio17.TextGrid,40,15,wood,173.120,173.400,NN,9.9463,4.78,3,2.006801
audio17.TextGrid,40,16,to,173.400,173.460,TO,4.6715,7.43,2,0.833233
audio17.TextGrid,40,17,be,173.460,173.600,VB,4.5843,6.79,2,-0.948992
audio17.TextGrid,40,18,warm,173.600,174.120,JJ,5.6974,4.71,4,-2.338240
audio17.TextGrid,41,1,i,174.910,175.020,NN,5.5144,7.09,1,1.421291
audio17.TextGrid,41,2,can,175.020,175.200,MD,5.3141,6.46,3,-0.463830
audio17.TextGrid,41,3,do,175.200,175.400,VB,5.1565,6.35,2,-0.886760
audio17.TextGrid,41,4,it,175.400,175.500,PRP,4.6433,6.95,2,0.248704
audio17.TextGrid,41,5,as,175.500,175.610,RB,4.7681,6.77,2,-0.788372
audio17.TextGrid,41,6,long,175.610,175.830,RB,8.0353,5.81,3,0.836614
audio17.TextGrid,41,7,as,175.830,175.960,IN,5.8625,6.77,2,1.259281
audio17.TextGrid,41,8,he,175.960,176.080,PRP,4.6761,6.69,2,-0.019841
audio17.TextGrid,41,9,can,176.080,176.530,MD,6.8576,6.46,3,1.079670
audio17.TextGrid,41,10,he,176.680,176.820,PRP,7.0266,6.69,2,2.330659
audio17.TextGrid,41,11,thought,176.820,177.240,VB,9.8097,5.59,3,2.452782
audio17.TextGrid,42,1,and,177.980,178.100,CC,3.7036,7.41,2,-0.157847
audio17.TextGrid,42,2,in,178.100,178.180,IN,4.4761,7.27,2,0.452390
audio17.TextGrid,42,3,the,178.180,178.260,DT,1.8219,7.73,2,-1.668661
audio17.TextGrid,42,4,first,178.260,178.640,JJ,6.1820,6.11,4,-1.462405
audio17.TextGrid,42,5,light,178.640,178.830,VBD,8.0392,5.33,3,0.495281
audio17.TextGrid,42,6,the,178.830,178.970,DT,3.5442,7.73,2,0.053639
audio17.TextGrid,42,7,line,178.970,179.230,NN,7.6796,5.49,3,0.250759
audio17.TextGrid,42,8,extended,179.230,179.710,VBN,9.0983,4.64,9,0.968051
audio17.TextGrid,42,9,out,179.710,179.970,IN,5.7458,6.38,2,0.690563
audio17.TextGrid,42,10,and,179.970,180.080,CC,4.3373,7.41,2,0.475853
audio17.TextGrid,42,11,down,180.080,180.410,RB,7.0283,5.88,3,-0.120039
audio17.TextGrid,42,12,into,180.410,180.560,IN,6.4078,6.11,4,-0.283352
audio17.TextGrid,42,13,the,180.560,180.630,DT,1.7177,7.73,2,-1.772861
audio17.TextGrid,42,14,water,180.630,181.070,NN,8.3743,5.52,4,0.565017
audio17.TextGrid,43,1,the,181.830,181.910,DT,1.8241,7.73,2,-1.666461
audio17.TextGrid,43,2,boat,181.910,182.230,NN,4.1358,4.71,3,-3.854045
audio17.TextGrid,43,3,moved,182.230,182.530,VBD,8.5353,5.01,4,0.583496
audio17.TextGrid,43,4,steadily,182.530,183.100,RB,10.4544,3.84,7,3.186086
audio17.TextGrid,43,5,and,183.290,183.420,CC,3.9317,7.41,2,0.070253
audio17.TextGrid,43,6,when,183.420,183.590,WRB,5.4403,6.37,3,-0.402361
audio17.TextGrid,43,7,the,183.590,183.660,DT,1.9462,7.73,2,-1.544361
audio17.TextGrid,43,8,first,183.660,184.010,JJ,6.1621,6.11,4,-1.482305
audio17.TextGrid,43,9,edge,184.010,184.230,NN,11.0946,4.74,2,3.185320
audio17.TextGrid,43,10,of,184.230,184.300,IN,4.0497,7.4,2,0.176662
audio17.TextGrid,43,11,the,184.300,184.390,DT,1.6913,7.73,2,-1.799261
audio17.TextGrid,43,12,sun,184.390,184.690,NN,10.3507,4.97,3,2.547856
audio17.TextGrid,43,13,rose,184.690,185.080,VBD,7.7289,4.82,3,-0.181829
audio17.TextGrid,43,14,it,185.080,185.210,PRP,4.5340,6.95,2,0.139404
audio17.TextGrid,43,15,was,185.210,185.340,VBD,4.7272,6.82,3,-1.745057
audio17.TextGrid,43,16,on,185.340,185.480,IN,4.8968,6.91,2,0.455843
audio17.TextGrid,43,17,the,185.480,185.590,DT,1.7716,7.73,2,-1.718961
audio17.TextGrid,43,18,old,185.590,185.780,JJ,7.3318,5.75,3,0.089960
audio17.TextGrid,43,19,man,185.780,185.970,NN,7.6951,5.82,3,0.503607
audio17.TextGrid,43,20,s,185.970,186.030,NN,5.7759,5.86,1,-0.283735
audio17.TextGrid,43,21,right,186.030,186.310,JJ,7.9088,5.96,3,0.818000
audio17.TextGrid,43,22,shoulder,186.310,186.820,NN,10.5625,4.5,5,2.514735
audio18.TextGrid,1,1,he,0.710,0.820,PRP,4.5353,6.69,2,-0.160641
audio18.TextGrid,1,2,s,0.820,0.890,VBZ,3.3590,5.86,1,-2.700635
audio18.TextGrid,1,3,headed,0.890,1.160,VBD,10.9354,4.55,5,2.879619
audio18.TextGrid,1,4,north,1.160,1.590,RB,11.0759,5.34,4,3.216316
audio18.TextGrid,1,5,the,1.880,2.000,DT,4.4230,7.73,2,0.932439
audio18.TextGrid,1,6,old,2.000,2.190,JJ,7.3484,5.75,3,0.106560
audio18.TextGrid,1,7,man,2.190,2.430,NN,7.7067,5.82,3,0.515207
audio18.TextGrid,1,8,said,2.430,2.780,VBD,4.9974,6.01,3,-2.057438
audio18.TextGrid,2,1,the,3.770,3.870,DT,1.8241,7.73,2,-1.666461
audio18.TextGrid,2,2,current,3.870,4.340,JJ,7.1599,5.27,6,-1.303391
audio18.TextGrid,2,3,will,4.340,4.450,MD,6.4996,6.45,3,0.714478
audio18.TextGrid,2,4,have,4.450,4.570,VB,3.8803,6.71,3,-2.671073
audio18.TextGrid,2,5,set,4.570,4.780,VBN,7.6352,5.59,3,0.278282
audio18.TextGrid,2,6,us,4.780,4.940,PRP,7.8321,6.04,2,2.382797
audio18.TextGrid,2,7,far,4.940,5.120,RB,7.6943,5.5,3,0.272651
audio18.TextGrid,2,8,to,5.120,5.230,TO,3.7789,7.43,2,-0.059367
audio18.TextGrid,2,9,the,5.230,5.380,DT,2.4498,7.73,2,-1.040761
audio18.TextGrid,2,10,eastward,5.380,5.890,NN,4.1360,3.24,6,-3.109063
audio18.TextGrid,2,11,he,5.890,6.010,PRP,6.6965,6.69,2,2.000559
audio18.TextGrid,2,12,thought,6.010,6.390,VBD,8.8200,5.59,3,1.463082
audio18.TextGrid,3,1,i,7.230,7.300,JJ,5.5144,7.09,1,1.421291
audio18.TextGrid,3,2,wish,7.300,7.550,NN,9.0633,5.18,3,1.411496
audio18.TextGrid,3,3,he,7.550,7.610,PRP,5.0723,6.69,2,0.376359
audio18.TextGrid,3,4,would,7.610,7.800,MD,6.5510,6.27,3,0.636416
audio18.TextGrid,3,5,turn,7.800,8.080,VB,7.8045,5.32,3,0.253389
audio18.TextGrid,3,6,with,8.080,8.270,IN,5.1586,6.85,3,-0.338827
audio18.TextGrid,3,7,the,8.270,8.340,DT,1.7119,7.73,2,-1.778661
audio18.TextGrid,3,8,current,8.340,8.890,JJ,7.1637,5.27,5,-1.007519
audio18.TextGrid,3,9,that,9.140,9.330,WDT,5.6707,7.01,3,0.288350
audio18.TextGrid,3,10,would,9.330,9.510,MD,6.4315,6.27,3,0.516916
audio18.TextGrid,3,11,show,9.510,9.810,VB,7.8220,5.68,2,1.002197
audio18.TextGrid,3,12,that,9.810,9.960,IN,4.3680,7.01,3,-1.014350
audio18.TextGrid,3,13,he,9.960,10.040,PRP,4.9357,6.69,2,0.239759
audio18.TextGrid,3,14,was,10.040,10.230,VBD,5.2738,6.82,3,-1.198457
audio18.TextGrid,3,15,tiring,10.230,10.810,VBG,7.4494,3.37,5,-0.417193
audio18.TextGrid,4,1,when,12.780,12.910,WRB,6.5749,6.37,3,0.732239
audio18.TextGrid,4,2,the,12.910,12.980,DT,1.9802,7.73,2,-1.510361
audio18.TextGrid,4,3,sun,12.980,13.270,NN,10.3571,4.97,3,2.554256
audio18.TextGrid,4,4,had,13.270,13.440,VBD,6.3072,6.33,3,-0.517483
audio18.TextGrid,4,5,risen,13.440,13.720,VBN,10.6669,3.86,5,2.721746
audio18.TextGrid,4,6,further,13.720,14.280,RB,8.1802,5.31,4,0.312232
audio18.TextGrid,4,7,the,14.500,14.610,DT,3.4907,7.73,2,0.000139
audio18.TextGrid,4,8,old,14.610,14.840,JJ,7.3083,5.75,3,0.066460
audio18.TextGrid,4,9,man,14.840,15.080,NN,7.7527,5.82,3,0.561207
audio18.TextGrid,4,10,realized,15.080,15.590,VBD,9.1854,4.59,7,1.137165
audio18.TextGrid,4,11,that,15.590,15.700,IN,4.2142,7.01,3,-1.168150
audio18.TextGrid,4,12,the,15.700,15.800,DT,2.3394,7.73,2,-1.151161
audio18.TextGrid,4,13,fish,15.800,16.080,NN,4.1398,4.9,3,-3.713391
audio18.TextGrid,4,14,was,16.080,16.240,VBD,5.2310,6.82,3,-1.241257
audio18.TextGrid,4,15,not,16.240,16.430,RB,5.4403,6.69,3,-1.125458
audio18.TextGrid,4,16,tiring,16.460,17.000,VBG,7.2226,3.37,5,-0.643993
audio18.TextGrid,5,1,there,17.640,17.760,EX,5.7321,6.31,3,-0.153715
audio18.TextGrid,5,2,was,17.760,17.880,VBD,3.9647,6.82,3,-2.507557
audio18.TextGrid,5,3,only,17.880,18.110,RB,6.0839,6.12,4,-1.557711
audio18.TextGrid,5,4,one,18.110,18.400,CD,6.9575,6.47,3,1.186763
audio18.TextGrid,5,5,favorable,18.400,18.990,JJ,10.9149,3.85,8,3.968606
audio18.TextGrid,5,6,sign,18.990,19.490,NN,8.2189,5.08,3,0.495172
audio18.TextGrid,6,1,the,19.960,20.050,DT,1.8241,7.73,2,-1.666461
audio18.TextGrid,6,2,slant,20.050,20.430,NN,4.1358,3.18,5,-3.700330
audio18.TextGrid,6,3,of,20.430,20.500,IN,3.7809,7.4,2,-0.092138
audio18.TextGrid,6,4,the,20.500,20.600,DT,1.6983,7.73,2,-1.792261
audio18.TextGrid,6,5,line,20.600,20.990,NN,7.6694,5.49,3,0.240559
audio18.TextGrid,6,6,showed,20.990,21.280,VBD,7.8268,4.86,3,-0.055160
audio18.TextGrid,6,7,he,21.280,21.360,PRP,5.1878,6.69,2,0.491859
audio18.TextGrid,6,8,was,21.360,21.510,VBD,4.7518,6.82,3,-1.720457
audio18.TextGrid,6,9,swimming,21.510,21.900,VBG,7.5021,4.43,6,-0.457097
audio18.TextGrid,6,10,at,21.900,22.000,IN,4.9054,6.7,2,0.221049
audio18.TextGrid,6,11,a,22.000,22.060,DT,2.5828,7.36,1,-0.125380
audio18.TextGrid,6,12,lesser,22.060,22.350,JJR,11.7237,4.13,4,3.525977
audio18.TextGrid,6,13,depth,22.350,22.730,NN,4.1142,4.55,4,-3.966152
audio18.TextGrid,7,1,that,23.730,23.850,DT,4.4338,7.01,3,-0.948550
audio18.TextGrid,7,2,did,23.850,24.040,VBD,7.8878,5.96,3,0.797000
audio18.TextGrid,7,3,not,24.040,24.260,RB,5.5110,6.69,3,-1.054758
audio18.TextGrid,7,4,necessarily,24.260,24.850,RB,9.6922,4.48,10,1.924420
audio18.TextGrid,7,5,mean,24.850,25.070,VB,8.9416,5.53,3,1.541528
audio18.TextGrid,7,6,that,25.070,25.190,IN,4.3765,7.01,3,-1.005850
audio18.TextGrid,7,7,he,25.190,25.250,PRP,4.9319,6.69,2,0.235959
audio18.TextGrid,7,8,would,25.250,25.440,MD,5.9133,6.27,3,-0.001284
audio18.TextGrid,7,9,jump,25.440,25.780,VB,8.4942,4.69,4,0.452971
audio18.TextGrid,8,1,but,26.360,26.490,CC,5.3198,6.63,3,-0.335859
audio18.TextGrid,8,2,he,26.490,26.590,PRP,4.7447,6.69,2,0.048759
audio18.TextGrid,8,3,might,26.590,26.970,MD,6.0583,5.66,3,-0.295018
audio18.TextGrid,8,4,god,28.600,28.910,VB,13.6456,5.57,3,6.274298
audio18.TextGrid,8,5,let,28.910,29.070,VB,11.3922,5.6,3,4.042475
audio18.TextGrid,8,6,him,29.070,29.180,PRP,7.9850,6.11,2,2.616828
audio18.TextGrid,8,7,jump,29.180,29.630,VB,10.5193,4.69,4,2.478071
audio18.TextGrid,8,8,the,29.930,30.040,DT,2.2640,7.73,2,-1.226561
audio18.TextGrid,8,9,old,30.040,30.250,JJ,7.3309,5.75,3,0.089060
audio18.TextGrid,8,10,man,30.250,30.470,NN,7.6934,5.82,3,0.501907
audio18.TextGrid,8,11,said,30.470,30.860,VBD,5.4017,6.01,3,-1.653138
audio18.TextGrid,9,1,i,31.470,31.610,NNS,5.5144,7.09,1,1.421291
audio18.TextGrid,9,2,have,31.610,31.770,VBP,4.0795,6.71,3,-2.471873
audio18.TextGrid,9,3,enough,31.770,32.000,JJ,7.7979,5.54,4,-0.005794
audio18.TextGrid,9,4,line,32.000,32.300,NN,9.6284,5.49,3,2.199559
audio18.TextGrid,9,5,to,32.300,32.440,TO,3.3782,7.43,2,-0.460067
audio18.TextGrid,9,6,handle,32.440,32.780,VB,9.2539,4.79,6,1.078663
audio18.TextGrid,9,7,him,32.780,33.010,PRP,7.9757,6.11,2,2.607528
audio18.TextGrid,10,1,maybe,35.210,35.510,RB,9.9133,5.45,4,2.084456
audio18.TextGrid,10,2,if,35.510,35.630,IN,6.8373,6.47,2,1.886375
audio18.TextGrid,10,3,i,35.630,35.740,NNS,5.5936,7.09,1,1.500491
audio18.TextGrid,10,4,can,35.740,35.910,MD,6.1978,6.46,3,0.419870
audio18.TextGrid,10,5,increase,35.910,36.390,VB,7.1821,5.08,6,-1.167170
audio18.TextGrid,10,6,the,36.390,36.510,DT,2.2875,7.73,2,-1.203061
audio18.TextGrid,10,7,tension,36.510,37.040,NN,10.2380,4.22,6,2.404827
audio18.TextGrid,10,8,just,37.040,37.340,RB,7.3296,6.43,4,-0.225380
audio18.TextGrid,10,9,a,37.340,37.410,DT,4.4840,7.36,1,1.775820
audio18.TextGrid,10,10,little,37.410,37.800,JJ,7.7390,5.75,5,-0.509177
audio18.TextGrid,10,11,it,37.800,37.940,PRP,7.0105,6.95,2,2.615904
audio18.TextGrid,10,12,will,37.940,38.110,MD,5.0024,6.45,3,-0.782722
audio18.TextGrid,10,13,hurt,38.110,38.350,VB,7.4148,4.94,3,-0.409621
audio18.TextGrid,10,14,him,38.350,38.480,PRP,8.3575,6.11,2,2.989328
audio18.TextGrid,10,15,and,38.480,38.620,CC,4.0600,7.41,3,-1.034655
audio18.TextGrid,10,16,he,38.620,38.690,PRP,5.0491,6.69,2,0.353159
audio18.TextGrid,10,17,will,38.690,38.880,MD,4.6672,6.45,3,-1.117922
audio18.TextGrid,10,18,jump,38.880,39.270,VB,8.4939,4.69,4,0.452671
audio18.TextGrid,10,19,he,39.490,39.620,PRP,5.0230,6.69,2,0.327059
audio18.TextGrid,10,20,thought,39.620,40.030,VBD,9.7299,5.59,3,2.372982
audio18.TextGrid,11,1,now,40.910,41.120,RB,6.7634,6.18,2,0.523107
audio18.TextGrid,11,2,that,41.120,41.280,IN,4.8823,7.01,3,-0.500050
audio18.TextGrid,11,3,it,41.280,41.380,PRP,4.4051,6.95,2,0.010504
audio18.TextGrid,11,4,is,41.380,41.510,VBZ,4.1800,7.07,2,-1.028766
audio18.TextGrid,11,5,daylight,41.510,42.080,JJ,5.8506,3.84,5,-2.091347
audio18.TextGrid,11,6,let,42.080,42.230,NN,10.4883,5.6,3,3.138575
audio18.TextGrid,11,7,him,42.230,42.380,PRP,8.0028,6.11,3,1.973138
audio18.TextGrid,11,8,jump,42.380,42.740,VB,10.3455,4.69,4,2.304271
audio18.TextGrid,11,9,so,42.740,42.870,RB,6.0455,6.52,2,0.199273
audio18.TextGrid,11,10,that,42.870,43.010,IN,4.6291,7.01,3,-0.753250
audio18.TextGrid,11,11,he,43.010,43.070,PRP,4.8786,6.69,2,0.182659
audio18.TextGrid,11,12,ll,43.070,43.160,VBZ,4.6007,4.66,2,-3.401302
audio18.TextGrid,11,13,fill,43.160,43.460,VB,10.1394,4.64,3,2.099208
audio18.TextGrid,11,14,the,43.460,43.550,DT,2.2654,7.73,2,-1.225161
audio18.TextGrid,11,15,sacks,43.550,43.920,NNS,11.1941,3.59,4,2.845473
audio18.TextGrid,11,16,along,43.920,44.210,IN,8.6507,5.38,4,1.755547
audio18.TextGrid,11,17,his,44.210,44.370,PRP$,5.3153,6.51,3,-0.426668
audio18.TextGrid,11,18,backbone,44.370,44.860,NN,4.2574,3.53,6,-3.161696
audio18.TextGrid,11,19,with,44.860,45.030,IN,4.8460,6.85,3,-0.651427
audio18.TextGrid,11,20,air,45.030,45.330,NN,9.0706,5.37,2,1.891501
audio18.TextGrid,12,1,and,45.870,45.960,CC,3.7036,7.41,2,-0.157847
audio18.TextGrid,12,2,then,45.960,46.150,RB,6.4220,6.07,3,-0.589684
audio18.TextGrid,12,3,he,46.150,46.290,PRP,6.8785,6.69,2,2.182559
audio18.TextGrid,12,4,cannot,46.290,46.670,VBZ,3.4740,5.11,5,-4.671566
audio18.TextGrid,12,5,go,46.670,46.870,VB,7.7567,6.03,2,1.342554
audio18.TextGrid,12,6,deep,46.870,47.180,JJ,5.7294,5.05,3,-2.015905
audio18.TextGrid,12,7,to,47.230,47.330,TO,3.8464,7.43,2,0.008133
audio18.TextGrid,12,8,die,47.330,47.640,VB,8.5848,5.07,2,1.057996
audio18.TextGrid,13,1,he,47.640,47.830,PRP,4.5353,6.69,2,-0.160641
audio18.TextGrid,13,2,tried,49.510,50.000,VBD,8.2725,5.16,4,0.362614
audio18.TextGrid,13,3,to,50.000,50.070,TO,3.0222,7.43,2,-0.816067
audio18.TextGrid,13,4,increase,50.070,50.560,VB,7.4060,5.08,6,-0.943270
audio18.TextGrid,13,5,the,50.560,50.630,DT,2.3737,7.73,2,-1.116861
audio18.TextGrid,13,6,tension,50.630,51.210,NN,10.2384,4.22,6,2.405227
audio18.TextGrid,13,7,but,51.210,51.420,CC,6.0860,6.63,3,0.430341
audio18.TextGrid,13,8,the,51.420,51.520,DT,2.3514,7.73,2,-1.139161
audio18.TextGrid,13,9,line,51.520,51.840,NN,7.6706,5.49,3,0.241759
audio18.TextGrid,13,10,had,51.840,51.980,VBD,5.7925,6.33,3,-1.032183
audio18.TextGrid,13,11,been,51.980,52.170,VBN,6.3762,6.27,3,-0.491637
audio18.TextGrid,13,12,taut,52.170,52.570,VBN,6.9865,2.91,3,-2.297970
audio18.TextGrid,13,13,up,52.570,52.670,RP,5.2359,6.39,2,0.192253
audio18.TextGrid,13,14,to,52.670,52.750,TO,3.3728,7.43,2,-0.465467
audio18.TextGrid,13,15,the,52.750,52.860,DT,2.4214,7.73,2,-1.069161
audio18.TextGrid,13,16,very,52.860,53.220,RB,8.8274,6.0,4,1.152255
audio18.TextGrid,13,17,edge,53.220,53.370,NN,11.9979,4.74,2,4.088620
audio18.TextGrid,13,18,of,53.370,53.450,IN,4.5014,7.4,2,0.628362
audio18.TextGrid,13,19,the,53.450,53.520,DT,1.6899,7.73,2,-1.800661
audio18.TextGrid,13,20,breaking,53.520,53.950,NN,12.2341,4.74,6,4.088868
audio18.TextGrid,13,21,point,53.950,54.340,NN,6.9226,5.54,4,-0.881094
audio18.TextGrid,13,22,since,54.340,54.560,IN,6.4076,5.75,4,-0.384156
audio18.TextGrid,13,23,he,54.560,54.630,PRP,4.4413,6.69,2,-0.254641
audio18.TextGrid,13,24,had,54.630,54.760,VBD,6.2481,6.33,3,-0.576583
audio18.TextGrid,13,25,hooked,54.760,54.940,VBN,6.3394,3.92,4,-1.917008
audio18.TextGrid,13,26,the,54.940,55.040,DT,3.0957,7.73,2,-0.394861
audio18.TextGrid,13,27,fish,55.040,55.480,NN,4.1496,4.9,3,-3.703591
audio18.TextGrid,13,28,and,55.870,55.970,CC,4.0927,7.41,2,0.231253
audio18.TextGrid,13,29,he,55.970,56.070,PRP,5.2217,6.69,2,0.525759
audio18.TextGrid,13,30,felt,56.070,56.290,VBD,9.1154,5.13,4,1.197131
audio18.TextGrid,13,31,the,56.290,56.410,DT,2.5173,7.73,2,-0.973261
audio18.TextGrid,13,32,harshness,56.410,57.010,NN,4.1410,2.65,7,-1.889839
audio18.TextGrid,13,33,as,57.010,57.110,IN,4.7909,6.77,2,0.187681
audio18.TextGrid,13,34,he,57.110,57.230,PRP,4.5131,6.69,2,-0.182841
audio18.TextGrid,13,35,leaned,57.230,57.550,VBD,4.7091,3.41,4,-3.689829
audio18.TextGrid,13,36,back,57.550,57.800,RB,7.0263,6.04,3,-0.006961
audio18.TextGrid,13,37,to,57.800,57.940,TO,3.3391,7.43,2,-0.499167
audio18.TextGrid,13,38,pull,57.940,58.460,VB,9.4772,4.82,3,1.566471
audio18.TextGrid,13,39,and,58.460,58.630,CC,4.1226,7.41,3,-0.972055
audio18.TextGrid,13,40,knew,58.700,58.850,VB,8.7029,5.2,3,1.065480
audio18.TextGrid,13,41,he,58.850,58.910,PRP,5.1569,6.69,2,0.460959
audio18.TextGrid,13,42,could,58.910,59.280,MD,5.8841,6.06,3,-0.181524
audio18.TextGrid,13,43,put,59.280,59.560,VB,6.4980,5.66,3,-0.808571
audio18.TextGrid,13,44,no,59.560,59.750,DT,6.2883,6.35,2,1.198293
audio18.TextGrid,13,45,more,59.750,59.970,JJR,5.8205,6.36,3,-0.982606
audio18.TextGrid,13,46,strain,59.970,60.420,NN,11.3328,4.15,5,3.341150
audio18.TextGrid,13,47,on,60.420,60.590,IN,4.3399,6.91,2,-0.101057
audio18.TextGrid,13,48,it,60.590,60.790,PRP,3.8106,6.95,2,-0.583996
audio18.TextGrid,14,1,i,62.200,62.270,NN,5.5144,7.09,1,1.421291
audio18.TextGrid,14,2,must,62.270,62.510,MD,6.9134,5.68,4,0.102083
audio18.TextGrid,14,3,not,62.510,62.760,RB,6.1838,6.69,3,-0.381958
audio18.TextGrid,14,4,jerk,62.760,63.110,VB,4.4485,4.0,3,-4.052003
audio18.TextGrid,14,5,it,63.110,63.310,PRP,4.3917,6.95,2,-0.002896
audio18.TextGrid,14,6,ever,63.310,63.670,RB,9.1282,5.66,3,1.821629
audio18.TextGrid,14,7,he,63.860,63.960,PRP,6.5084,6.69,2,1.812459
audio18.TextGrid,14,8,thought,63.960,64.350,VBD,9.0188,5.59,3,1.661882
audio18.TextGrid,15,1,each,65.030,65.370,DT,6.4630,5.69,2,0.608040
audio18.TextGrid,15,2,jerk,65.370,65.740,NN,4.1353,4.0,3,-4.365203
audio18.TextGrid,15,3,widens,65.740,66.350,VBZ,3.6170,2.84,6,-3.388018
audio18.TextGrid,15,4,the,66.350,66.450,DT,2.6323,7.73,2,-0.858261
audio18.TextGrid,15,5,cut,66.450,66.710,NN,8.9712,5.24,3,1.362550
audio18.TextGrid,15,6,the,66.710,66.830,DT,3.8424,7.73,2,0.351839
audio18.TextGrid,15,7,hook,66.830,67.020,NN,9.5481,4.37,3,1.313714
audio18.TextGrid,15,8,makes,67.020,67.550,VBZ,8.7322,5.46,4,0.906150
audio18.TextGrid,15,9,and,67.550,67.760,CC,4.2216,7.41,2,0.360153
audio18.TextGrid,15,10,then,67.760,67.950,RB,7.3372,6.07,3,0.325516
audio18.TextGrid,15,11,when,67.950,68.120,WRB,7.0497,6.37,3,1.207039
audio18.TextGrid,15,12,he,68.120,68.230,PRP,4.6643,6.69,2,-0.031641
audio18.TextGrid,15,13,does,68.230,68.590,VBZ,5.8853,5.74,3,-1.363732
audio18.TextGrid,15,14,jump,68.590,68.950,VB,9.7205,4.69,4,1.679271
audio18.TextGrid,15,15,he,68.950,69.040,PRP,5.0123,6.69,2,0.316359
audio18.TextGrid,15,16,might,69.040,69.320,MD,7.7474,5.66,3,1.394082
audio18.TextGrid,15,17,throw,69.320,69.570,VB,3.7306,4.83,3,-4.172937
audio18.TextGrid,15,18,it,69.570,69.740,PRP,4.3788,6.95,2,-0.015796
audio18.TextGrid,16,1,anyway,71.050,71.410,RB,11.0119,4.91,5,2.898400
audio18.TextGrid,16,2,i,71.410,71.540,JJ,6.3159,7.09,1,2.222791
audio18.TextGrid,16,3,feel,71.540,71.780,VBP,7.4966,5.67,3,0.197221
audio18.TextGrid,16,4,better,71.780,72.040,RB,7.9714,5.76,4,0.229186
audio18.TextGrid,16,5,with,72.040,72.230,IN,5.3393,6.85,3,-0.158127
audio18.TextGrid,16,6,the,72.230,72.320,DT,2.1563,7.73,2,-1.334261
audio18.TextGrid,16,7,sun,72.320,72.720,NN,10.4214,4.97,3,2.618556
audio18.TextGrid,16,8,and,73.070,73.180,CC,3.7284,7.41,2,-0.133047
audio18.TextGrid,16,9,for,73.180,73.300,IN,6.3123,7.01,2,1.987245
audio18.TextGrid,16,10,once,73.300,73.740,RB,9.1877,5.53,4,1.381212
audio18.TextGrid,16,11,i,73.740,73.830,JJ,7.0565,7.09,1,2.963391
audio18.TextGrid,16,12,do,73.830,73.990,VBP,5.7639,6.35,2,-0.279360
audio18.TextGrid,16,13,not,73.990,74.190,RB,5.5001,6.69,3,-1.065658
audio18.TextGrid,16,14,have,74.190,74.330,VB,4.7793,6.71,3,-1.772073
audio18.TextGrid,16,15,to,74.330,74.450,TO,3.2429,7.43,2,-0.595367
audio18.TextGrid,16,16,look,74.450,74.640,VB,7.5921,5.81,3,0.393414
audio18.TextGrid,16,17,into,74.640,74.950,IN,6.7174,6.11,4,0.026248
audio18.TextGrid,16,18,it,74.950,75.140,PRP,3.8197,6.95,2,-0.574896
audio18.TextGrid,17,1,there,77.450,77.590,EX,5.7321,6.31,3,-0.153715
audio18.TextGrid,17,2,was,77.590,77.770,VBD,3.9647,6.82,3,-2.507557
audio18.TextGrid,17,3,yellow,77.770,78.050,JJ,11.5246,4.69,4,3.483371
audio18.TextGrid,17,4,weed,78.050,78.460,NN,4.9581,4.27,3,-3.348209
audio18.TextGrid,17,5,on,78.460,78.600,IN,4.6811,6.91,2,0.240143
audio18.TextGrid,17,6,the,78.600,78.680,DT,1.7012,7.73,2,-1.789361
audio18.TextGrid,17,7,line,78.680,79.120,NN,7.6705,5.49,3,0.241659
audio18.TextGrid,17,8,but,79.120,79.250,CC,6.1113,6.63,3,0.455641
audio18.TextGrid,17,9,the,79.250,79.380,DT,2.2485,7.73,2,-1.242061
audio18.TextGrid,17,10,old,79.380,79.580,JJ,7.3320,5.75,3,0.090160
audio18.TextGrid,17,11,man,79.580,79.830,NN,7.6927,5.82,3,0.501207
audio18.TextGrid,17,12,knew,79.830,80.180,VBD,9.6181,5.2,3,1.980680
audio18.TextGrid,17,13,that,80.180,80.400,IN,4.2098,7.01,3,-1.172550
audio18.TextGrid,17,14,only,80.400,80.660,RB,7.4809,6.12,4,-0.160711
audio18.TextGrid,17,15,made,80.660,80.910,VBD,7.2036,5.92,3,0.084030
audio18.TextGrid,17,16,an,80.910,81.080,DT,5.6742,6.53,2,0.792816
audio18.TextGrid,17,17,added,81.080,81.390,JJ,10.3492,5.16,4,2.439314
audio18.TextGrid,17,18,drag,81.390,81.970,NN,5.3748,4.29,4,-2.778210
audio18.TextGrid,17,19,and,81.970,82.110,CC,4.2295,7.41,3,-0.865155
audio18.TextGrid,17,20,he,82.110,82.200,PRP,5.0754,6.69,2,0.379459
audio18.TextGrid,17,21,was,82.200,82.380,VBD,4.4363,6.82,3,-2.035957
audio18.TextGrid,17,22,pleased,82.380,83.060,JJ,9.9763,4.44,5,1.938155
audio18.TextGrid,18,1,it,83.560,83.700,PRP,3.8912,6.95,2,-0.503396
audio18.TextGrid,18,2,was,83.700,83.900,VBD,3.9158,6.82,3,-2.556457
audio18.TextGrid,18,3,the,83.900,83.960,DT,2.4587,7.73,2,-1.031861
audio18.TextGrid,18,4,yellow,83.960,84.310,JJ,10.7264,4.69,4,2.685171
audio18.TextGrid,18,5,gulf,84.310,84.710,NN,8.8503,4.28,4,0.694495
audio18.TextGrid,18,6,weed,84.710,85.040,VBD,7.1677,4.27,3,-1.138609
audio18.TextGrid,18,7,that,85.040,85.310,IN,4.2406,7.01,3,-1.141750
audio18.TextGrid,18,8,had,85.310,85.480,VBD,6.6822,6.33,3,-0.142483
audio18.TextGrid,18,9,made,85.480,85.770,VBN,7.0453,5.92,3,-0.074270
audio18.TextGrid,18,10,so,85.770,85.930,RB,5.9614,6.52,2,0.115173
audio18.TextGrid,18,11,much,85.930,86.150,JJ,6.7881,6.0,3,-0.273931
audio18.TextGrid,18,12,phosphorescence,86.150,86.970,NN,5.9603,1.88,10,4.326553
audio18.TextGrid,18,13,in,86.970,87.060,IN,3.2865,7.27,2,-0.737210
audio18.TextGrid,18,14,the,87.060,87.150,DT,1.7095,7.73,2,-1.781061
audio18.TextGrid,18,15,night,87.150,87.530,NN,8.1566,5.61,3,0.814067
audio18.TextGrid,19,1,fish,89.430,89.870,NN,5.9246,4.9,3,-1.928591
audio18.TextGrid,19,2,he,90.080,90.200,PRP,7.2668,6.69,2,2.570859
audio18.TextGrid,19,3,said,90.200,90.820,VBD,3.5781,6.01,3,-3.476738
audio18.TextGrid,19,4,i,90.820,90.960,JJ,6.1749,7.09,1,2.081791
audio18.TextGrid,19,5,love,90.960,91.270,VBP,4.8264,5.82,3,-2.365093
audio18.TextGrid,19,6,you,91.270,91.440,PRP,6.6649,6.98,2,2.305075
audio18.TextGrid,19,7,and,91.440,91.610,CC,4.3730,7.41,3,-0.721655
audio18.TextGrid,19,8,respect,91.610,92.100,VB,10.8532,5.03,7,2.347411
audio18.TextGrid,19,9,you,92.100,92.260,PRP,8.1623,6.98,2,3.802475
audio18.TextGrid,19,10,very,92.260,92.570,RB,7.9214,6.0,4,0.246255
audio18.TextGrid,19,11,much,92.570,93.050,RB,6.6677,6.0,3,-0.394331
audio18.TextGrid,19,12,but,93.440,93.640,CC,5.3871,6.63,3,-0.268559
audio18.TextGrid,19,13,i,93.640,93.790,RB,6.9617,7.09,1,2.868591
audio18.TextGrid,19,14,will,93.790,93.980,MD,4.7250,6.45,3,-1.060122
audio18.TextGrid,19,15,kill,93.980,94.260,VB,8.5229,5.09,3,0.806364
audio18.TextGrid,19,16,you,94.260,94.420,PRP,6.3220,6.98,2,1.962175
audio18.TextGrid,19,17,dead,94.420,94.710,JJ,11.3495,5.19,3,3.704888
audio18.TextGrid,19,18,before,94.770,95.120,IN,7.7392,5.93,5,0.415417
audio18.TextGrid,19,19,this,95.120,95.330,DT,4.8119,6.82,3,-0.707105
audio18.TextGrid,19,20,day,95.330,95.590,NN,7.0797,5.95,2,0.572832
audio18.TextGrid,19,21,ends,95.590,96.010,VBZ,10.7771,4.75,4,2.752638
audio18.TextGrid,20,1,let,97.860,98.020,VB,12.2066,5.6,3,4.856875
audio18.TextGrid,20,2,us,98.020,98.170,PRP,7.5752,6.04,2,2.125897
audio18.TextGrid,20,3,hope,98.170,98.390,VB,9.5666,5.44,3,2.101797
audio18.TextGrid,20,4,so,98.390,98.700,IN,6.2272,6.52,2,1.334226
audio18.TextGrid,20,5,he,98.940,99.070,PRP,5.7016,6.69,2,1.005659
audio18.TextGrid,20,6,thought,99.070,99.520,VBD,9.2000,5.59,3,1.843082
audio18.TextGrid,21,1,a,101.300,101.380,DT,2.6983,7.36,1,-0.009880
audio18.TextGrid,21,2,small,101.380,101.690,JJ,6.8951,5.51,4,-0.916977
audio18.TextGrid,21,3,bird,101.690,102.100,NN,3.9909,4.63,3,-4.056484
audio18.TextGrid,21,4,came,102.100,102.290,VBD,6.8983,5.5,3,-0.523349
audio18.TextGrid,21,5,toward,102.290,102.560,IN,9.6031,4.72,4,2.523508
audio18.TextGrid,21,6,the,102.560,102.650,DT,1.7443,7.73,2,-1.746261
audio18.TextGrid,21,7,skiff,102.650,102.970,NN,4.1399,2.63,4,-4.477003
audio18.TextGrid,21,8,from,102.970,103.220,IN,4.7013,6.63,4,-1.844537
audio18.TextGrid,21,9,the,103.220,103.280,DT,1.6978,7.73,2,-1.792761
audio18.TextGrid,21,10,north,103.280,103.640,NN,9.8282,5.34,4,1.968616
audio18.TextGrid,22,1,he,104.100,104.200,PRP,4.5353,6.69,2,-0.160641
audio18.TextGrid,22,2,was,104.200,104.350,VBD,3.9158,6.82,3,-2.556457
audio18.TextGrid,22,3,a,104.350,104.380,DT,3.3341,7.36,1,0.625920
audio18.TextGrid,22,4,warbler,104.380,105.020,NN,4.1407,2.77,6,-2.822311
audio18.TextGrid,22,5,and,105.020,105.110,CC,4.5537,7.41,2,0.692253
audio18.TextGrid,22,6,flying,105.110,105.500,VBG,7.7707,4.71,5,-0.310734
audio18.TextGrid,22,7,very,105.500,105.810,RB,7.3958,6.0,4,-0.279345
audio18.TextGrid,22,8,low,105.810,106.150,JJ,8.0531,5.33,2,0.827641
audio18.TextGrid,22,9,over,106.150,106.340,IN,6.4625,6.08,3,0.411261
audio18.TextGrid,22,10,the,106.340,106.420,DT,1.7827,7.73,2,-1.707861
audio18.TextGrid,22,11,water,106.420,106.920,NN,8.3733,5.52,4,0.564017
audio18.TextGrid,23,1,the,107.530,107.630,DT,1.8241,7.73,2,-1.666461
audio18.TextGrid,23,2,old,107.630,107.880,JJ,7.3292,5.75,3,0.087360
audio18.TextGrid,23,3,man,107.880,108.030,NN,7.6921,5.82,3,0.500607
audio18.TextGrid,23,4,could,108.030,108.220,MD,5.2306,6.06,3,-0.835024
audio18.TextGrid,23,5,see,108.220,108.490,VB,6.2362,6.1,2,-0.096815
audio18.TextGrid,23,6,that,108.490,108.620,IN,4.3969,7.01,3,-0.985450
audio18.TextGrid,23,7,he,108.620,108.690,PRP,4.9295,6.69,2,0.233559
audio18.TextGrid,23,8,was,108.690,108.880,VBD,5.5172,6.82,3,-0.955057
audio18.TextGrid,23,9,very,108.880,109.070,RB,7.0293,6.0,4,-0.645845
audio18.TextGrid,23,10,tired,109.070,109.630,JJ,10.3718,4.71,4,2.336160
audio18.TextGrid,24,1,the,111.050,111.120,DT,1.8241,7.73,2,-1.666461
audio18.TextGrid,24,2,bird,111.120,111.390,NN,4.1358,4.63,3,-3.911584
audio18.TextGrid,24,3,made,111.390,111.590,VBD,6.1486,5.92,3,-0.970970
audio18.TextGrid,24,4,the,111.590,111.660,DT,2.7386,7.73,2,-0.751961
audio18.TextGrid,24,5,stern,111.660,112.020,NN,11.0641,3.9,4,2.802103
audio18.TextGrid,24,6,of,112.020,112.090,IN,4.1246,7.4,2,0.251562
audio18.TextGrid,24,7,the,112.090,112.190,DT,1.6911,7.73,2,-1.799461
audio18.TextGrid,24,8,boat,112.190,112.550,NN,4.1355,4.71,3,-3.854345
audio18.TextGrid,24,9,and,112.550,112.700,CC,4.4720,7.41,3,-0.622655
audio18.TextGrid,24,10,rested,112.700,113.120,VBD,5.6168,3.59,6,-1.838303
audio18.TextGrid,24,11,there,113.120,113.370,EX,6.2388,6.31,3,0.352985
audio18.TextGrid,25,1,then,113.810,114.010,RB,7.4856,6.07,3,0.473916
audio18.TextGrid,25,2,he,114.010,114.180,PRP,5.3385,6.69,2,0.642559
audio18.TextGrid,25,3,flew,114.180,114.550,VBD,3.4135,4.16,3,-4.971925
audio18.TextGrid,25,4,around,114.550,114.690,IN,7.4148,5.77,4,0.628633
audio18.TextGrid,25,5,the,114.690,114.770,DT,2.0585,7.73,2,-1.432061
audio18.TextGrid,25,6,old,114.770,114.950,JJ,7.3326,5.75,3,0.090760
audio18.TextGrid,25,7,man,114.950,115.170,NN,7.6971,5.82,3,0.505607
audio18.TextGrid,25,8,s,115.170,115.230,VBZ,5.0148,5.86,1,-1.044835
audio18.TextGrid,25,9,head,115.230,115.490,NN,9.7343,5.51,3,2.319843
audio18.TextGrid,25,10,and,115.490,115.640,CC,3.9534,7.41,3,-1.141255
audio18.TextGrid,25,11,rested,115.640,115.970,VBN,5.7019,3.59,6,-1.753203
audio18.TextGrid,25,12,on,115.970,116.090,IN,4.1481,6.91,2,-0.292857
audio18.TextGrid,25,13,the,116.090,116.160,DT,1.6909,7.73,2,-1.799661
audio18.TextGrid,25,14,line,116.160,116.540,NN,7.6709,5.49,3,0.242059
audio18.TextGrid,25,15,where,116.540,116.710,WRB,7.2642,6.0,3,1.155422
audio18.TextGrid,25,16,he,116.710,116.800,PRP,4.6802,6.69,2,-0.015741
audio18.TextGrid,25,17,was,116.800,116.940,VBD,3.9209,6.82,3,-2.551357
audio18.TextGrid,25,18,more,116.940,117.090,RBR,5.6860,6.36,3,-1.117106
audio18.TextGrid,25,19,comfortable,117.090,117.610,JJ,10.0793,4.66,10,1.886856
audio18.TextGrid,26,1,how,119.310,119.410,WRB,7.8277,6.24,2,2.610201
audio18.TextGrid,26,2,old,119.410,119.660,JJ,7.5297,5.75,3,0.287860
audio18.TextGrid,26,3,are,119.660,119.700,VBP,5.7813,6.74,1,1.128611
audio18.TextGrid,26,4,you,119.700,120.250,PRP,6.4220,6.98,2,2.062175
audio18.TextGrid,26,5,the,120.520,120.630,DT,2.8503,7.73,2,-0.640261
audio18.TextGrid,26,6,old,120.630,120.840,JJ,7.3370,5.75,3,0.095160
audio18.TextGrid,26,7,man,120.840,121.060,NN,7.6938,5.82,3,0.502307
audio18.TextGrid,26,8,asked,121.060,121.340,VBD,7.7612,5.3,3,0.195704
audio18.TextGrid,26,9,the,121.340,121.400,DT,2.5030,7.73,2,-0.987561
audio18.TextGrid,26,10,bird,121.400,121.770,NN,4.1409,4.63,3,-3.906484
audio18.TextGrid,26,11,is,122.520,122.680,VBZ,4.5043,7.07,2,-0.704466
audio18.TextGrid,26,12,this,122.680,122.860,DT,5.6471,6.82,3,0.128095
audio18.TextGrid,26,13,your,122.860,122.980,PRP$,10.4417,6.53,3,4.714117
audio18.TextGrid,26,14,first,122.980,123.290,JJ,6.3008,6.11,4,-1.343605
audio18.TextGrid,26,15,trip,123.290,123.610,NN,10.2588,4.9,4,2.276256
audio18.TextGrid,27,1,the,125.110,125.190,DT,1.8241,7.73,2,-1.666461
audio18.TextGrid,27,2,bird,125.190,125.460,NN,4.1358,4.63,3,-3.911584
audio18.TextGrid,27,3,looked,125.460,125.680,VBD,10.2403,5.11,4,2.316442
audio18.TextGrid,27,4,at,125.680,125.830,IN,4.2211,6.7,2,-0.463251
audio18.TextGrid,27,5,him,125.830,125.970,PRP,7.3636,6.11,2,1.995428
audio18.TextGrid,27,6,when,125.970,126.090,WRB,6.4453,6.37,3,0.602639
audio18.TextGrid,27,7,he,126.090,126.180,PRP,4.6835,6.69,2,-0.012441
audio18.TextGrid,27,8,spoke,126.180,126.650,VBD,9.8264,4.61,4,1.762815
audio18.TextGrid,28,1,he,127.510,127.610,PRP,4.5353,6.69,2,-0.160641
audio18.TextGrid,28,2,was,127.610,127.760,VBD,3.9158,6.82,3,-2.556457
audio18.TextGrid,28,3,too,127.760,127.890,RB,7.2407,5.95,2,0.733832
audio18.TextGrid,28,4,tired,127.890,128.300,JJ,10.3310,4.71,4,2.295360
audio18.TextGrid,28,5,even,128.300,128.520,RB,7.0025,5.99,4,-0.675440
audio18.TextGrid,28,6,to,128.520,128.660,TO,3.5397,7.43,2,-0.298567
audio18.TextGrid,28,7,examine,128.660,129.060,VB,9.9747,4.18,7,2.352822
audio18.TextGrid,28,8,the,129.060,129.130,DT,2.7805,7.73,2,-0.710061
audio18.TextGrid,28,9,line,129.130,129.470,NN,7.6750,5.49,3,0.246159
audio18.TextGrid,28,10,and,129.470,129.590,CC,4.3880,7.41,3,-0.706655
audio18.TextGrid,28,11,he,129.590,129.720,PRP,5.2173,6.69,2,0.521359
audio18.TextGrid,28,12,teetered,129.720,130.170,VBD,4.1416,1.9,5,-3.489308
audio18.TextGrid,28,13,on,130.170,130.350,IN,4.8755,6.91,2,0.434543
audio18.TextGrid,28,14,it,130.350,130.550,PRP,3.8681,6.95,2,-0.526496
audio18.TextGrid,28,15,as,130.550,130.690,IN,4.4589,6.77,2,-0.144319
audio18.TextGrid,28,16,his,130.690,130.870,PRP$,5.3702,6.51,3,-0.371768
audio18.TextGrid,28,17,delicate,130.870,131.270,JJ,5.1755,4.01,7,-2.269596
audio18.TextGrid,28,18,feet,131.290,131.520,NNS,9.5758,4.99,3,1.787341
audio18.TextGrid,28,19,gripped,131.520,131.810,VBD,4.9625,3.14,5,-2.867217
audio18.TextGrid,28,20,it,131.810,131.930,PRP,4.5301,6.95,2,0.135504
audio18.TextGrid,28,21,fast,131.950,132.480,VBD,10.1761,5.13,4,2.257831
audio18.TextGrid,29,1,it,134.460,134.610,PRP,3.8912,6.95,2,-0.503396
audio18.TextGrid,29,2,s,134.610,134.640,VBD,3.3819,5.86,1,-2.677735
audio18.TextGrid,29,3,steady,134.640,135.200,JJ,9.7401,4.31,5,1.722798
audio18.TextGrid,29,4,the,135.470,135.570,DT,4.5478,7.73,2,1.057239
audio18.TextGrid,29,5,old,135.570,135.780,JJ,7.3433,5.75,3,0.101460
audio18.TextGrid,29,6,man,135.780,135.980,NN,7.7112,5.82,3,0.519707
audio18.TextGrid,29,7,told,135.980,136.240,VBD,8.4773,5.54,4,0.673606
audio18.TextGrid,29,8,him,136.240,136.390,PRP,8.1919,6.11,2,2.823728
audio18.TextGrid,30,1,it,137.110,137.250,PRP,3.8912,6.95,2,-0.503396
audio18.TextGrid,30,2,s,137.250,137.320,VBD,3.3819,5.86,1,-2.677735
audio18.TextGrid,30,3,too,137.320,137.490,RB,7.2423,5.95,2,0.735432
audio18.TextGrid,30,4,steady,137.490,138.020,JJ,9.2370,4.31,5,1.219698
audio18.TextGrid,31,1,you,138.700,138.830,PRP,5.7058,6.98,2,1.345975
audio18.TextGrid,31,2,shouldn't,138.830,139.110,VBP,3.9761,4.82,6,-4.217141
audio18.TextGrid,31,3,be,139.110,139.230,VB,4.7970,6.79,2,-0.736292
audio18.TextGrid,31,4,that,139.230,139.480,IN,4.4016,7.01,3,-0.980750
audio18.TextGrid,31,5,tired,139.480,139.820,JJ,10.5260,4.71,4,2.490360
audio18.TextGrid,31,6,after,139.820,140.070,IN,8.1005,6.11,4,1.409348
audio18.TextGrid,31,7,a,140.070,140.100,DT,2.6065,7.36,1,-0.101680
audio18.TextGrid,31,8,windless,140.100,140.590,NN,4.1341,1.83,7,-1.044025
audio18.TextGrid,31,9,night,140.590,140.990,NN,9.1156,5.61,3,1.773067
audio18.TextGrid,32,1,what,141.530,141.720,WDT,6.9013,6.38,4,0.285600
audio18.TextGrid,32,2,are,141.720,141.820,VBP,4.2956,6.74,1,-0.357089
audio18.TextGrid,32,3,birds,141.820,142.230,NNS,12.3008,4.6,4,4.234420
audio18.TextGrid,32,4,coming,142.230,142.650,VBG,8.6122,5.4,5,0.420139
audio18.TextGrid,33,1,to,142.650,143.120,TO,4.2199,7.43,2,0.381633
audio18.TextGrid,33,2,the,145.570,145.670,DT,2.3639,7.73,2,-1.126661
audio18.TextGrid,33,3,hawks,145.670,146.050,NN,4.1345,3.89,4,-4.130291
audio18.TextGrid,33,4,he,146.050,146.160,PRP,5.2464,6.69,2,0.550459
audio18.TextGrid,33,5,thought,146.160,146.410,VBD,7.9436,5.59,3,0.586682
audio18.TextGrid,33,6,that,146.410,146.570,IN,4.1119,7.01,3,-1.270450
audio18.TextGrid,33,7,come,146.570,146.740,VB,8.9594,5.78,3,1.739137
audio18.TextGrid,33,8,out,146.740,146.830,IN,5.7451,6.38,2,0.689863
audio18.TextGrid,33,9,to,146.830,146.960,TO,3.8040,7.43,2,-0.034267
audio18.TextGrid,33,10,sea,146.960,147.140,VB,8.6113,5.06,2,1.072906
audio18.TextGrid,33,11,to,147.140,147.240,TO,4.5291,7.43,2,0.690833
audio18.TextGrid,33,12,meet,147.240,147.490,VB,8.1358,5.27,3,0.548727
audio18.TextGrid,33,13,them,147.490,147.700,PRP,6.5869,6.19,3,0.614777
audio18.TextGrid,34,1,but,148.390,148.520,CC,5.3198,6.63,3,-0.335859
audio18.TextGrid,34,2,he,148.520,148.610,PRP,4.7447,6.69,2,0.048759
audio18.TextGrid,34,3,said,148.610,148.800,VBD,3.3495,6.01,3,-3.705338
audio18.TextGrid,34,4,nothing,148.800,149.090,NN,10.4525,5.55,5,2.236389
audio18.TextGrid,34,5,of,149.090,149.160,IN,3.4258,7.4,2,-0.447238
audio18.TextGrid,34,6,this,149.160,149.330,DT,4.7524,6.82,3,-0.766605
audio18.TextGrid,34,7,to,149.330,149.430,TO,5.7947,7.43,2,1.956433
audio18.TextGrid,34,8,the,149.430,149.520,DT,1.8454,7.73,2,-1.645161
audio18.TextGrid,34,9,bird,149.520,149.840,NN,4.1352,4.63,3,-3.912184
audio18.TextGrid,34,10,who,149.840,149.900,WP,4.7200,6.34,2,-0.381598
audio18.TextGrid,34,11,could,149.900,150.100,MD,5.6504,6.06,3,-0.415224
audio18.TextGrid,34,12,not,150.100,150.270,RB,6.5449,6.69,3,-0.020858
audio18.TextGrid,34,13,understand,150.270,150.740,VB,9.3232,5.37,9,-0.208256
audio18.TextGrid,34,14,him,150.740,150.840,PRP,8.0861,6.11,2,2.717928
audio18.TextGrid,34,15,anyway,150.840,151.270,RB,11.0500,4.91,5,2.936500
audio18.TextGrid,34,16,and,151.620,151.730,CC,3.5862,7.41,3,-1.508455
audio18.TextGrid,34,17,who,151.730,151.790,WP,4.2788,6.34,2,-0.822798
audio18.TextGrid,34,18,would,151.790,151.950,MD,5.0413,6.27,3,-0.873284
audio18.TextGrid,34,19,learn,151.950,152.170,VB,9.5949,5.17,3,1.935903
audio18.TextGrid,34,20,about,152.170,152.420,IN,5.5775,6.4,4,-1.032611
audio18.TextGrid,34,21,the,152.420,152.550,DT,1.9404,7.73,2,-1.550161
audio18.TextGrid,34,22,hawks,152.550,153.130,NN,4.1423,3.89,4,-4.122491
audio18.TextGrid,34,23,soon,153.130,153.360,RB,8.7041,5.32,3,1.152989
audio18.TextGrid,34,24,enough,153.360,153.720,RB,7.7782,5.54,4,-0.025494
audio18.TextGrid,35,1,take,155.640,155.880,VB,10.3343,5.92,3,3.214730
audio18.TextGrid,35,2,a,155.880,155.960,DT,3.2802,7.36,1,0.572020
audio18.TextGrid,35,3,good,155.960,156.240,JJ,6.9577,6.12,3,-0.018023
audio18.TextGrid,35,4,rest,156.240,156.620,NN,8.3585,5.23,4,0.468176
audio18.TextGrid,35,5,small,156.620,156.940,JJ,8.0350,5.51,4,0.222923
audio18.TextGrid,35,6,bird,156.940,157.460,NN,4.3848,4.63,3,-3.662584
audio18.TextGrid,35,7,he,157.680,157.810,PRP,6.2032,6.69,2,1.507259
audio18.TextGrid,35,8,said,157.810,158.110,VBD,3.6974,6.01,3,-3.357438
audio18.TextGrid,36,1,then,158.630,158.940,RB,7.4856,6.07,3,0.473916
audio18.TextGrid,36,2,go,158.940,159.140,VB,7.9167,6.03,2,1.502554
audio18.TextGrid,36,3,in,159.140,159.280,IN,3.6929,7.27,2,-0.330810
audio18.TextGrid,36,4,and,159.280,159.450,CC,5.3362,7.41,3,0.241545
audio18.TextGrid,36,5,take,159.450,159.660,VB,7.6744,5.92,3,0.554830
audio18.TextGrid,36,6,your,159.660,159.760,PRP$,7.4063,6.53,3,1.678717
audio18.TextGrid,36,7,chance,159.760,160.180,NN,8.5634,5.26,4,0.681460
audio18.TextGrid,36,8,like,160.180,160.400,IN,7.0332,6.41,3,1.219309
audio18.TextGrid,36,9,any,160.400,160.610,DT,5.5433,6.07,3,-0.515132
audio18.TextGrid,36,10,man,160.610,161.020,NN,7.6826,5.82,3,0.491107
audio18.TextGrid,36,11,or,161.020,161.150,CC,5.9890,6.54,2,1.119206
audio18.TextGrid,36,12,bird,161.150,161.560,NN,5.4456,4.63,3,-2.601784
audio18.TextGrid,36,13,or,161.560,161.710,CC,5.7263,6.54,2,0.856506
audio18.TextGrid,36,14,fish,161.710,162.200,NN,5.0165,4.9,3,-2.836691
audio18.TextGrid,37,1,it,164.510,164.640,PRP,3.8912,6.95,2,-0.503396
audio18.TextGrid,37,2,encouraged,164.640,165.180,VBD,12.2755,4.32,7,4.508036
audio18.TextGrid,37,3,him,165.180,165.270,PRP,10.5743,6.11,2,5.206128
audio18.TextGrid,37,4,to,165.270,165.370,TO,3.5340,7.43,2,-0.304267
audio18.TextGrid,37,5,talk,165.370,165.700,VB,8.7779,5.42,3,1.298712
audio18.TextGrid,37,6,because,165.710,166.000,IN,6.3201,6.03,5,-1.019716
audio18.TextGrid,37,7,his,166.000,166.140,PRP$,5.3518,6.51,3,-0.390168
audio18.TextGrid,37,8,back,166.140,166.420,NN,9.0275,6.04,3,1.994239
audio18.TextGrid,37,9,had,166.420,166.560,VBD,6.8573,6.33,3,0.032617
audio18.TextGrid,37,10,stiffened,166.560,167.060,VBN,6.3542,2.53,7,0.448149
audio18.TextGrid,37,11,in,167.060,167.180,IN,2.7030,7.27,2,-1.320710
audio18.TextGrid,37,12,the,167.180,167.250,DT,1.6833,7.73,2,-1.807261
audio18.TextGrid,37,13,night,167.250,167.770,NN,8.1560,5.61,3,0.813467
audio18.TextGrid,37,14,and,167.890,168.040,CC,4.1680,7.41,3,-0.926655
audio18.TextGrid,37,15,it,168.040,168.150,PRP,4.4856,6.95,2,0.091004
audio18.TextGrid,37,16,hurt,168.150,168.350,VBZ,8.2305,4.94,3,0.406079
audio18.TextGrid,37,17,truly,168.370,168.750,RB,4.7040,4.87,5,-3.403087
audio18.TextGrid,37,18,now,168.750,169.170,RB,6.2611,6.18,2,0.020807
audio18.TextGrid,38,1,stay,170.910,171.120,NN,12.7803,5.33,3,5.236381
audio18.TextGrid,38,2,at,171.120,171.250,IN,5.4349,6.7,2,0.750549
audio18.TextGrid,38,3,my,171.250,171.490,PRP$,7.1689,6.57,2,2.333877
audio18.TextGrid,38,4,house,171.490,171.760,NN,7.0556,5.71,3,-0.215009
audio18.TextGrid,38,5,if,171.760,171.870,IN,7.0978,6.47,2,2.146875
audio18.TextGrid,38,6,you,171.870,171.960,PRP,5.6237,6.98,2,1.263875
audio18.TextGrid,38,7,like,171.960,172.180,VBP,6.4641,6.41,3,-0.303044
audio18.TextGrid,38,8,bird,172.200,172.570,NN,5.8119,4.63,3,-2.235484
audio18.TextGrid,38,9,he,172.750,172.850,PRP,6.7789,6.69,2,2.082959
audio18.TextGrid,38,10,said,172.850,173.160,VBD,4.0157,6.01,3,-3.039138
audio18.TextGrid,39,1,i,173.960,174.010,NN,5.5144,7.09,1,1.421291
audio18.TextGrid,39,2,am,174.010,174.120,VBP,9.1941,5.78,2,2.490199
audio18.TextGrid,39,3,sorry,174.120,174.470,NN,11.4599,5.18,4,3.555603
audio18.TextGrid,39,4,i,174.470,174.560,NN,8.0725,7.09,1,3.979391
audio18.TextGrid,39,5,cannot,174.560,174.890,VBP,4.9034,5.11,5,-3.242166
audio18.TextGrid,39,6,hoist,174.890,175.130,PDT,6.4493,3.12,4,-1.077418
audio18.TextGrid,39,7,the,175.130,175.250,DT,3.9498,7.73,2,0.459239
audio18.TextGrid,39,8,sail,175.250,175.610,NN,4.8768,4.01,3,-3.616511
audio18.TextGrid,39,9,and,175.610,175.700,CC,3.9758,7.41,2,0.114353
audio18.TextGrid,39,10,take,175.700,175.940,VB,7.9849,5.92,3,0.865330
audio18.TextGrid,39,11,you,175.940,176.200,PRP,6.2706,6.98,2,1.910775
audio18.TextGrid,39,12,in,176.200,176.260,IN,3.1892,7.27,2,-0.834510
audio18.TextGrid,39,13,with,176.260,176.360,IN,6.7377,6.85,3,1.240273
audio18.TextGrid,39,14,the,176.360,176.440,DT,1.8789,7.73,2,-1.611661
audio18.TextGrid,39,15,small,176.440,176.770,JJ,6.8997,5.51,4,-0.912377
audio18.TextGrid,39,16,breeze,176.770,177.240,NN,4.0103,3.86,4,-4.262875
audio18.TextGrid,39,17,that,177.240,177.390,WDT,4.2587,7.01,3,-1.123650
audio18.TextGrid,39,18,is,177.390,177.540,VBZ,5.0071,7.07,2,-0.201666
audio18.TextGrid,39,19,rising,177.540,177.970,VBG,8.3533,4.52,5,0.302328
audio18.TextGrid,40,1,but,178.620,178.750,CC,5.3198,6.63,3,-0.335859
audio18.TextGrid,40,2,i,178.750,178.900,JJ,5.7238,7.09,1,1.630691
audio18.TextGrid,40,3,am,178.900,179.010,VBP,9.1613,5.78,2,2.457399
audio18.TextGrid,40,4,with,179.010,179.140,IN,5.3227,6.85,3,-0.174727
audio18.TextGrid,40,5,a,179.140,179.210,DT,2.6004,7.36,1,-0.107780
audio18.TextGrid,40,6,friend,179.210,179.820,NN,8.8535,5.37,5,0.666248
audio19.TextGrid,1,1,just,1.000,1.220,RB,7.1407,6.43,3,0.387941
audio19.TextGrid,1,2,then,1.220,1.480,RB,6.6148,6.07,3,-0.396884
audio19.TextGrid,1,3,the,1.480,1.550,DT,3.1369,7.73,2,-0.353661
audio19.TextGrid,1,4,fish,1.550,1.850,NN,4.1670,4.9,3,-3.686191
audio19.TextGrid,1,5,gave,1.850,2.040,VBD,7.8369,5.25,3,0.235442
audio19.TextGrid,1,6,a,2.040,2.100,DT,3.3274,7.36,1,0.619220
audio19.TextGrid,1,7,sudden,2.100,2.400,JJ,10.0332,4.4,5,2.001468
audio19.TextGrid,1,8,lurch,2.400,2.800,NN,3.9917,2.79,3,-5.379079
audio19.TextGrid,1,9,that,2.800,2.960,WDT,4.2104,7.01,3,-1.171950
audio19.TextGrid,1,10,pulled,3.010,3.250,VBD,12.1040,4.67,4,4.057182
audio19.TextGrid,1,11,the,3.250,3.370,DT,2.3802,7.73,2,-1.110361
audio19.TextGrid,1,12,old,3.370,3.570,JJ,7.3314,5.75,3,0.089560
audio19.TextGrid,1,13,man,3.570,3.810,NN,7.6936,5.82,3,0.502107
audio19.TextGrid,1,14,down,3.810,4.120,RP,6.8677,5.88,3,0.672614
audio19.TextGrid,1,15,onto,4.120,4.290,IN,10.7816,4.77,4,3.715980
audio19.TextGrid,1,16,the,4.290,4.370,DT,1.7297,7.73,2,-1.760861
audio19.TextGrid,1,17,bow,4.370,4.660,NN,4.1400,4.3,2,-4.279249
audio19.TextGrid,1,18,and,4.660,4.720,CC,4.1373,7.41,2,0.275853
audio19.TextGrid,1,19,would,4.720,4.830,MD,6.2421,6.27,3,0.327516
audio19.TextGrid,1,20,have,4.830,5.030,VB,3.8737,6.71,3,-2.677673
audio19.TextGrid,1,21,pulled,5.030,5.320,VBN,10.8572,4.67,4,2.810382
audio19.TextGrid,1,22,him,5.320,5.430,PRP,8.0998,6.11,2,2.731628
audio19.TextGrid,1,23,overboard,5.430,5.990,RB,5.2326,3.43,7,-1.609357
audio19.TextGrid,1,24,if,5.990,6.090,IN,6.2523,6.47,2,1.301375
audio19.TextGrid,1,25,he,6.090,6.170,PRP,4.4799,6.69,2,-0.216041
audio19.TextGrid,1,26,had,6.170,6.290,VBD,5.9671,6.33,3,-0.857583
audio19.TextGrid,1,27,not,6.290,6.420,RB,5.4473,6.69,3,-1.118458
audio19.TextGrid,1,28,braced,6.420,6.810,VBN,5.1545,3.03,5,-2.657581
audio19.TextGrid,1,29,himself,6.810,7.210,PRP,9.4354,5.25,7,1.654086
audio19.TextGrid,1,30,and,7.210,7.310,CC,4.0437,7.41,2,0.182253
audio19.TextGrid,1,31,given,7.310,7.600,VBN,8.2264,5.41,5,0.032735
audio19.TextGrid,1,32,some,7.600,7.800,DT,6.4271,6.2,3,0.462169
audio19.TextGrid,1,33,line,7.800,8.230,NN,7.7095,5.49,3,0.280659
audio19.TextGrid,2,1,the,9.930,10.010,DT,1.8241,7.73,2,-1.666461
audio19.TextGrid,2,2,bird,10.010,10.310,NN,4.1358,4.63,3,-3.911584
audio19.TextGrid,2,3,had,10.310,10.470,VBD,4.9842,6.33,3,-1.840483
audio19.TextGrid,2,4,flown,10.470,10.720,VBN,6.3883,3.83,4,-1.893259
audio19.TextGrid,2,5,up,10.720,10.940,RP,5.1308,6.39,2,0.087153
audio19.TextGrid,2,6,when,10.940,11.050,WRB,6.6628,6.37,3,0.820139
audio19.TextGrid,2,7,the,11.050,11.120,DT,1.9568,7.73,2,-1.533761
audio19.TextGrid,2,8,line,11.120,11.420,NN,7.6679,5.49,3,0.239059
audio19.TextGrid,2,9,jerked,11.420,11.790,VBN,5.2347,2.93,4,-3.298367
audio19.TextGrid,2,10,and,11.790,11.880,CC,4.1132,7.41,2,0.251753
audio19.TextGrid,2,11,the,11.880,11.980,DT,3.5051,7.73,2,0.014539
audio19.TextGrid,2,12,old,11.980,12.190,JJ,7.3346,5.75,3,0.092760
audio19.TextGrid,2,13,man,12.190,12.420,NN,7.6936,5.82,3,0.502107
audio19.TextGrid,2,14,had,12.420,12.570,VBD,5.5010,6.33,3,-1.323683
audio19.TextGrid,2,15,not,12.570,12.750,RB,5.4520,6.69,3,-1.113758
audio19.TextGrid,2,16,even,12.750,12.980,RB,6.1865,5.99,4,-1.491440
audio19.TextGrid,2,17,seen,12.980,13.240,VBN,8.2704,5.52,3,0.863136
audio19.TextGrid,2,18,him,13.240,13.350,PRP,8.8945,6.11,2,3.526328
audio19.TextGrid,2,19,go,13.350,13.740,VB,7.8088,6.03,2,1.394654
audio19.TextGrid,3,1,he,14.450,14.560,PRP,4.5353,6.69,2,-0.160641
audio19.TextGrid,3,2,felt,14.560,14.780,VBD,8.2416,5.13,4,0.323331
audio19.TextGrid,3,3,the,14.780,14.900,DT,2.5389,7.73,2,-0.951661
audio19.TextGrid,3,4,line,14.900,15.210,NN,7.6745,5.49,3,0.245659
audio19.TextGrid,3,5,carefully,15.210,15.670,RB,11.4739,4.46,7,3.560851
audio19.TextGrid,3,6,with,15.670,15.820,IN,5.1503,6.85,3,-0.347127
audio19.TextGrid,3,7,his,15.820,15.950,PRP$,5.3544,6.51,3,-0.387568
audio19.TextGrid,3,8,right,15.950,16.210,JJ,7.0997,5.96,3,0.008900
audio19.TextGrid,3,9,hand,16.210,16.540,NN,9.0591,5.41,4,1.219078
audio19.TextGrid,3,10,and,16.540,16.810,CC,4.2771,7.41,3,-0.817555
audio19.TextGrid,3,11,noticed,16.810,17.160,VBD,11.4952,4.63,6,3.415980
audio19.TextGrid,3,12,his,17.160,17.280,PRP$,6.7855,6.51,3,1.043532
audio19.TextGrid,3,13,hand,17.280,17.520,NN,8.2337,5.41,4,0.393678
audio19.TextGrid,3,14,was,17.520,17.620,VBD,6.0174,6.82,3,-0.454857
audio19.TextGrid,3,15,bleeding,17.620,18.180,VBG,7.4536,4.08,6,-0.295558
audio19.TextGrid,4,1,something,20.010,20.410,NN,9.3884,5.81,6,0.601048
audio19.TextGrid,4,2,hurt,20.410,20.610,VBD,8.1393,4.94,3,0.314879
audio19.TextGrid,4,3,him,20.610,20.780,PRP,8.3974,6.11,2,3.029228
audio19.TextGrid,4,4,then,20.780,21.030,RB,7.7217,6.07,3,0.710016
audio19.TextGrid,4,5,he,21.030,21.410,PRP,6.4771,6.69,2,1.781159
audio19.TextGrid,4,6,said,21.410,21.610,VBD,4.5485,6.01,3,-2.506338
audio19.TextGrid,4,7,aloud,21.610,22.070,JJ,5.8368,3.51,4,-2.534184
audio19.TextGrid,4,8,and,22.070,22.200,CC,3.8136,7.41,2,-0.047847
audio19.TextGrid,4,9,pulled,22.200,22.500,VBD,12.7687,4.67,4,4.721882
audio19.TextGrid,4,10,back,22.500,22.780,RB,7.0440,6.04,3,0.010739
audio19.TextGrid,4,11,on,22.780,22.890,IN,4.6145,6.91,2,0.173543
audio19.TextGrid,4,12,the,22.890,22.960,DT,1.7189,7.73,2,-1.771661
audio19.TextGrid,4,13,line,22.960,23.290,NN,7.6715,5.49,3,0.242659
audio19.TextGrid,4,14,to,23.290,23.400,TO,3.4594,7.43,2,-0.378867
audio19.TextGrid,4,15,see,23.400,23.580,VB,6.7642,6.1,2,0.431185
audio19.TextGrid,4,16,if,23.580,23.660,IN,6.3387,6.47,2,1.387775
audio19.TextGrid,4,17,he,23.660,23.740,PRP,4.4651,6.69,2,-0.230841
audio19.TextGrid,4,18,could,23.740,23.910,MD,6.6961,6.06,3,0.630476
audio19.TextGrid,4,19,turn,23.910,24.150,VB,7.8004,5.32,3,0.249289
audio19.TextGrid,4,20,the,24.150,24.210,DT,2.2840,7.73,2,-1.206561
audio19.TextGrid,4,21,fish,24.210,24.610,NN,4.1385,4.9,3,-3.714691
audio19.TextGrid,5,1,but,25.250,25.430,CC,5.3198,6.63,3,-0.335859
audio19.TextGrid,5,2,when,25.430,25.550,WRB,7.3152,6.37,3,1.472539
audio19.TextGrid,5,3,he,25.550,25.640,PRP,4.7732,6.69,2,0.077259
audio19.TextGrid,5,4,was,25.640,25.810,VBD,3.9210,6.82,3,-2.551257
audio19.TextGrid,5,5,touching,25.810,26.170,VBG,7.4922,4.22,5,-0.510673
audio19.TextGrid,5,6,the,26.170,26.230,DT,2.2291,7.73,2,-1.261461
audio19.TextGrid,5,7,breaking,26.230,26.640,NN,12.2139,4.74,6,4.068668
audio19.TextGrid,5,8,point,26.640,27.050,NN,6.9457,5.54,4,-0.857994
audio19.TextGrid,5,9,he,27.050,27.180,PRP,5.6167,6.69,2,0.920759
audio19.TextGrid,5,10,held,27.180,27.450,VBD,7.1048,5.24,4,-0.782730
audio19.TextGrid,5,11,steady,27.450,27.880,JJ,10.0808,4.31,5,2.063498
audio19.TextGrid,5,12,and,27.880,28.010,CC,3.6663,7.41,2,-0.195147
audio19.TextGrid,5,13,settled,28.010,28.340,VBD,10.8753,4.44,6,2.910102
audio19.TextGrid,5,14,back,28.340,28.650,RB,7.3641,6.04,3,0.330839
audio19.TextGrid,5,15,against,28.650,28.970,IN,7.3045,5.68,6,-0.451585
audio19.TextGrid,5,16,the,28.970,29.080,DT,1.7086,7.73,2,-1.781961
audio19.TextGrid,5,17,strain,29.080,29.440,NN,10.2372,4.15,5,2.245550
audio19.TextGrid,5,18,of,29.440,29.540,IN,3.1966,7.4,2,-0.676438
audio19.TextGrid,5,19,the,29.540,29.640,DT,1.7010,7.73,2,-1.789561
audio19.TextGrid,5,20,line,29.640,30.070,NN,7.6706,5.49,3,0.241759
audio19.TextGrid,6,1,you,31.520,31.650,PRP,5.7058,6.98,2,1.345975
audio19.TextGrid,6,2,re,31.650,31.730,VBP,3.9761,5.23,2,-3.365261
audio19.TextGrid,6,3,feeling,31.730,32.120,VBG,9.6945,5.13,5,1.545727
audio19.TextGrid,6,4,it,32.120,32.270,PRP,4.3514,6.95,2,-0.043196
audio19.TextGrid,6,5,now,32.270,32.600,RB,7.1393,6.18,2,0.899007
audio19.TextGrid,6,6,fish,32.600,33.030,VBZ,4.1266,4.9,3,-3.726591
audio19.TextGrid,6,7,he,33.260,33.410,PRP,5.3564,6.69,2,0.660459
audio19.TextGrid,6,8,said,33.410,33.760,VBD,4.8856,6.01,3,-2.169238
audio19.TextGrid,7,1,and,34.240,34.420,CC,3.7036,7.41,2,-0.157847
audio19.TextGrid,7,2,so,34.420,34.770,RB,5.7053,6.52,2,-0.140927
audio19.TextGrid,7,3,god,34.770,35.140,JJ,12.8402,5.57,3,5.468898
audio19.TextGrid,7,4,knows,35.140,35.500,VBZ,10.1106,5.07,3,2.379680
audio19.TextGrid,7,5,am,35.500,35.630,VBP,10.1339,5.78,2,3.429999
audio19.TextGrid,7,6,i,35.630,35.910,NN,6.4169,7.09,1,2.323791
audio19.TextGrid,7,7,he,37.960,38.070,PRP,6.4126,6.69,2,1.716659
audio19.TextGrid,7,8,looked,38.070,38.250,VBD,10.6571,5.11,4,2.733242
audio19.TextGrid,7,9,around,38.250,38.570,IN,6.8193,5.77,4,0.033133
audio19.TextGrid,7,10,for,38.570,38.670,IN,5.2043,7.01,2,0.879245
audio19.TextGrid,7,11,the,38.670,38.760,DT,1.7658,7.73,2,-1.724761
audio19.TextGrid,7,12,bird,38.760,39.120,NN,4.1408,4.63,3,-3.906584
audio19.TextGrid,7,13,now,39.120,39.360,RB,7.2221,6.18,2,0.981807
audio19.TextGrid,7,14,because,39.360,39.690,IN,6.3894,6.03,5,-0.950416
audio19.TextGrid,7,15,he,39.690,39.760,PRP,4.5288,6.69,2,-0.167141
audio19.TextGrid,7,16,would,39.760,39.890,MD,5.6568,6.27,3,-0.257784
audio19.TextGrid,7,17,have,39.890,40.000,VB,3.8740,6.71,3,-2.677373
audio19.TextGrid,7,18,liked,40.000,40.250,VBN,5.9223,4.76,4,-2.099367
audio19.TextGrid,7,19,him,40.250,40.350,PRP,8.7512,6.11,2,3.383028
audio19.TextGrid,7,20,for,40.350,40.460,IN,3.6311,7.01,2,-0.693955
audio19.TextGrid,7,21,company,40.460,41.030,NN,6.3335,5.6,7,-2.765030
audio19.TextGrid,8,1,the,41.690,41.770,DT,1.8241,7.73,2,-1.666461
audio19.TextGrid,8,2,bird,41.770,42.000,NN,4.1358,4.63,3,-3.911584
audio19.TextGrid,8,3,was,42.000,42.180,VBD,4.1804,6.82,3,-2.291857
audio19.TextGrid,8,4,gone,42.180,42.630,VBN,10.2909,5.17,3,2.631903
audio19.TextGrid,9,1,you,44.380,44.520,PRP,5.7058,6.98,2,1.345975
audio19.TextGrid,9,2,did,44.520,44.670,VBD,5.6940,5.96,3,-1.396800
audio19.TextGrid,9,3,not,44.670,44.870,RB,5.4771,6.69,3,-1.088658
audio19.TextGrid,9,4,stay,44.870,45.110,VB,8.7637,5.33,3,1.219781
audio19.TextGrid,9,5,long,45.110,45.530,RB,7.5953,5.81,3,0.396614
audio19.TextGrid,9,6,the,45.730,45.830,DT,3.9204,7.73,2,0.429839
audio19.TextGrid,9,7,man,45.830,46.090,NN,7.7446,5.82,3,0.553107
audio19.TextGrid,9,8,thought,46.090,46.480,VBD,9.4976,5.59,3,2.140682
audio19.TextGrid,10,1,but,47.220,47.480,CC,5.3198,6.63,3,-0.335859
audio19.TextGrid,10,2,it,47.480,47.590,PRP,4.1006,6.95,2,-0.293996
audio19.TextGrid,10,3,is,47.590,47.740,VBZ,3.3263,7.07,2,-1.882466
audio19.TextGrid,10,4,rougher,47.740,48.140,RB,4.8166,2.84,4,-3.741617
audio19.TextGrid,10,5,where,48.140,48.340,WRB,7.8796,6.0,3,1.770822
audio19.TextGrid,10,6,you,48.340,48.530,PRP,5.8275,6.98,2,1.467675
audio19.TextGrid,10,7,are,48.530,48.640,VBP,3.9808,6.74,2,-1.610443
audio19.TextGrid,10,8,going,48.640,49.000,VBG,7.7857,5.94,4,0.093788
audio19.TextGrid,10,9,until,49.000,49.220,IN,7.3724,5.61,5,0.099922
audio19.TextGrid,10,10,you,49.220,49.370,PRP,5.6242,6.98,2,1.264375
audio19.TextGrid,10,11,make,49.370,49.570,VBP,7.3095,6.08,3,0.305008
audio19.TextGrid,10,12,the,49.570,49.650,DT,2.3220,7.73,2,-1.168561
audio19.TextGrid,10,13,shore,49.650,50.090,NN,14.8385,4.33,3,6.575345
audio19.TextGrid,11,1,how,51.600,51.790,WRB,7.8277,6.24,2,2.610201
audio19.TextGrid,11,2,did,51.790,51.950,VBD,8.9248,5.96,3,1.834000
audio19.TextGrid,11,3,i,51.950,52.110,VB,5.9866,7.09,1,1.893491
audio19.TextGrid,11,4,let,52.110,52.320,VB,8.6321,5.6,3,1.282375
audio19.TextGrid,11,5,the,52.320,52.420,DT,2.2980,7.73,2,-1.192561
audio19.TextGrid,11,6,fish,52.420,52.720,JJ,5.0736,4.9,3,-2.779591
audio19.TextGrid,11,7,cut,52.720,53.010,NN,8.9486,5.24,3,1.339950
audio19.TextGrid,11,8,me,53.070,53.250,PRP,9.0281,6.48,2,4.088765
audio19.TextGrid,11,9,with,53.250,53.430,IN,4.8306,6.85,3,-0.666827
audio19.TextGrid,11,10,that,53.430,53.640,DT,4.8814,7.01,3,-0.500950
audio19.TextGrid,11,11,one,53.640,53.890,CD,6.0829,6.47,3,0.312163
audio19.TextGrid,11,12,quick,53.890,54.140,NN,10.7281,4.98,4,2.767913
audio19.TextGrid,11,13,pull,54.190,54.470,NN,12.8600,4.82,3,4.949271
audio19.TextGrid,11,14,he,54.470,54.590,PRP,5.1948,6.69,2,0.498859
audio19.TextGrid,11,15,made,54.590,55.050,VBD,7.2894,5.92,3,0.169830
audio19.TextGrid,12,1,i,55.510,55.610,NN,5.5144,7.09,1,1.421291
audio19.TextGrid,12,2,must,55.610,55.800,MD,6.9134,5.68,4,0.102083
audio19.TextGrid,12,3,be,55.800,55.900,VB,3.7168,6.79,2,-1.816492
audio19.TextGrid,12,4,getting,55.900,56.180,VBG,9.0290,5.57,5,0.809682
audio19.TextGrid,12,5,very,56.180,56.430,RB,7.3174,6.0,4,-0.357745
audio19.TextGrid,12,6,stupid,56.430,57.000,JJ,9.9757,4.94,6,1.710446
audio19.TextGrid,13,1,or,57.990,58.100,CC,5.3683,6.54,2,0.498506
audio19.TextGrid,13,2,perhaps,58.100,58.440,RB,7.4607,5.09,6,-0.894571
audio19.TextGrid,13,3,i,58.440,58.510,NN,7.8547,7.09,1,3.761591
audio19.TextGrid,13,4,was,58.510,58.700,VBD,4.0392,6.82,3,-2.433057
audio19.TextGrid,13,5,looking,58.700,58.980,VBG,9.0016,5.57,5,0.782282
audio19.TextGrid,13,6,at,58.980,59.040,IN,4.8863,6.7,2,0.201949
audio19.TextGrid,13,7,the,59.040,59.150,DT,1.7065,7.73,2,-1.784061
audio19.TextGrid,13,8,small,59.150,59.470,JJ,6.8973,5.51,4,-0.914777
audio19.TextGrid,13,9,bird,59.470,59.820,NN,3.9942,4.63,3,-4.053184
audio19.TextGrid,13,10,and,59.820,59.940,CC,4.3082,7.41,2,0.446753
audio19.TextGrid,13,11,thinking,59.940,60.290,NN,9.8139,5.24,6,1.368612
audio19.TextGrid,13,12,of,60.290,60.380,IN,3.3237,7.4,2,-0.549338
audio19.TextGrid,13,13,him,60.380,60.740,PRP,7.3908,6.11,3,1.361138
audio19.TextGrid,14,1,now,61.470,61.720,RB,6.7634,6.18,2,0.523107
audio19.TextGrid,14,2,i,61.720,61.750,VBP,6.3159,7.09,1,2.222791
audio19.TextGrid,14,3,will,61.750,61.970,MD,4.2559,6.45,3,-1.529222
audio19.TextGrid,14,4,pay,61.970,62.180,VB,6.1062,5.4,2,-1.038128
audio19.TextGrid,14,5,attention,62.180,62.570,NN,10.4489,5.11,7,1.859919
audio19.TextGrid,14,6,to,62.570,62.640,TO,3.9481,7.43,2,0.109833
audio19.TextGrid,14,7,my,62.640,62.800,PRP$,7.6098,6.57,2,2.774777
audio19.TextGrid,14,8,work,62.800,63.150,NN,7.4117,5.96,3,0.320900
audio19.TextGrid,15,1,and,63.720,63.840,CC,3.7036,7.41,2,-0.157847
audio19.TextGrid,15,2,then,63.840,64.070,RB,6.4220,6.07,3,-0.589684
audio19.TextGrid,15,3,i,64.070,64.170,VB,7.8544,7.09,1,3.761291
audio19.TextGrid,15,4,must,64.170,64.430,MD,7.0311,5.68,4,0.219783
audio19.TextGrid,15,5,eat,64.430,64.580,VB,9.6808,5.13,2,2.223537
audio19.TextGrid,15,6,the,64.580,64.680,DT,2.7686,7.73,2,-0.721961
audio19.TextGrid,15,7,tuna,64.680,65.030,NN,4.1416,3.64,4,-4.193055
audio19.TextGrid,15,8,so,65.030,65.190,IN,6.7163,6.52,2,1.823326
audio19.TextGrid,15,9,that,65.190,65.330,DT,4.7209,7.01,3,-0.661450
audio19.TextGrid,15,10,i,65.330,65.410,NN,5.9450,7.09,1,1.851891
audio19.TextGrid,15,11,will,65.410,65.580,MD,5.2995,6.45,3,-0.485622
audio19.TextGrid,15,12,not,65.580,65.730,RB,6.1970,6.69,3,-0.368758
audio19.TextGrid,15,13,have,65.730,65.870,VB,4.5970,6.71,3,-1.954373
audio19.TextGrid,15,14,a,65.870,65.930,DT,3.4351,7.36,1,0.726920
audio19.TextGrid,15,15,failure,65.930,66.400,NN,10.2401,4.72,5,2.157063
audio19.TextGrid,15,16,of,66.400,66.500,IN,3.0550,7.4,2,-0.818038
audio19.TextGrid,15,17,strength,66.500,66.910,NN,9.9497,4.8,6,1.768461
audio19.TextGrid,16,1,i,69.260,69.340,JJ,5.5144,7.09,1,1.421291
audio19.TextGrid,16,2,wish,69.340,69.580,VBP,9.0633,5.18,3,1.411496
audio19.TextGrid,16,3,the,69.580,69.700,DT,2.3301,7.73,2,-1.160461
audio19.TextGrid,16,4,boy,69.700,69.990,NN,10.2384,5.17,2,2.827498
audio19.TextGrid,16,5,were,69.990,70.230,VBD,6.8464,6.34,2,0.791550
audio19.TextGrid,16,6,here,70.230,70.440,RB,7.2707,5.97,3,0.187092
audio19.TextGrid,16,7,and,70.440,70.520,CC,3.9128,7.41,2,0.051353
audio19.TextGrid,16,8,that,70.520,70.630,IN,4.0024,7.01,3,-1.379950
audio19.TextGrid,16,9,i,70.630,70.720,NN,6.2493,7.09,1,2.156191
audio19.TextGrid,16,10,had,70.720,70.880,VBD,5.2314,6.33,3,-1.593283
audio19.TextGrid,16,11,some,70.880,71.030,DT,5.9196,6.2,3,-0.045331
audio19.TextGrid,16,12,salt,71.030,71.660,NN,11.0715,4.6,4,3.005120
audio19.TextGrid,17,1,he,72.040,72.160,PRP,4.5353,6.69,2,-0.160641
audio19.TextGrid,17,2,said,72.160,72.370,VBD,3.3819,6.01,3,-3.672938
audio19.TextGrid,17,3,aloud,72.370,72.900,JJ,5.8479,3.51,4,-2.523084
audio19.TextGrid,17,4,shifting,74.730,75.090,VBG,8.0016,3.98,6,0.312454
audio19.TextGrid,17,5,the,75.090,75.150,DT,2.4094,7.73,2,-1.081161
audio19.TextGrid,17,6,weight,75.150,75.380,NN,10.2364,5.02,3,2.469518
audio19.TextGrid,17,7,of,75.380,75.450,IN,3.0128,7.4,2,-0.860238
audio19.TextGrid,17,8,the,75.450,75.540,DT,1.7005,7.73,2,-1.790061
audio19.TextGrid,17,9,line,75.540,75.790,NN,7.6701,5.49,3,0.241259
audio19.TextGrid,17,10,to,75.790,75.900,TO,3.4339,7.43,2,-0.404367
audio19.TextGrid,17,11,his,75.900,76.120,PRP$,5.9223,6.51,3,0.180332
audio19.TextGrid,17,12,left,76.120,76.340,JJ,10.8510,5.62,4,3.069663
audio19.TextGrid,17,13,shoulder,76.340,76.810,NN,9.1478,4.5,5,1.100035
audio19.TextGrid,17,14,and,76.810,77.010,CC,4.3325,7.41,3,-0.762155
audio19.TextGrid,17,15,kneeling,77.010,77.350,VBG,7.9321,3.32,5,0.073524
audio19.TextGrid,17,16,carefully,77.350,77.910,RB,10.9441,4.46,7,3.031051
audio19.TextGrid,17,17,he,78.060,78.160,PRP,6.4984,6.69,2,1.802459
audio19.TextGrid,17,18,washed,78.160,78.520,VBD,4.7265,4.1,4,-3.479606
audio19.TextGrid,17,19,his,78.520,78.680,PRP$,6.0616,6.51,3,0.319632
audio19.TextGrid,17,20,hand,78.680,79.020,NN,8.2725,5.41,4,0.432478
audio19.TextGrid,17,21,in,79.020,79.100,IN,3.3951,7.27,2,-0.628610
audio19.TextGrid,17,22,the,79.100,79.240,DT,1.7032,7.73,2,-1.787361
audio19.TextGrid,17,23,ocean,79.240,79.640,NN,4.1367,4.7,4,-3.901734
audio19.TextGrid,17,24,and,79.640,79.790,CC,4.2516,7.41,3,-0.843055
audio19.TextGrid,17,25,held,79.790,80.020,VBD,8.5926,5.24,4,0.705070
audio19.TextGrid,17,26,it,80.020,80.150,PRP,5.0692,6.95,2,0.674604
audio19.TextGrid,17,27,there,80.150,80.400,EX,7.2853,6.31,3,1.399485
audio19.TextGrid,17,28,submerged,80.520,81.260,VBN,5.7035,3.51,7,-1.221649
audio19.TextGrid,17,29,for,81.260,81.390,IN,3.5078,7.01,2,-0.817255
audio19.TextGrid,17,30,more,81.390,81.610,JJR,5.7535,6.36,3,-1.049606
audio19.TextGrid,17,31,than,81.610,81.760,IN,6.0011,6.13,3,-0.014177
audio19.TextGrid,17,32,a,81.760,81.790,DT,3.3981,7.36,1,0.689920
audio19.TextGrid,17,33,minute,81.790,82.210,NN,9.3319,4.98,5,1.207177
audio19.TextGrid,17,34,watching,82.390,82.790,VBG,11.6816,5.02,5,3.550464
audio19.TextGrid,17,35,the,82.790,82.860,DT,2.3964,7.73,2,-1.094161
audio19.TextGrid,17,36,blood,82.860,83.300,NN,9.1373,5.1,4,1.210647
audio19.TextGrid,17,37,trail,83.300,83.460,VB,11.8432,4.45,4,3.734902
audio19.TextGrid,17,38,away,83.460,83.950,RB,7.3698,5.62,3,0.034459
audio19.TextGrid,17,39,and,84.090,84.190,CC,3.9422,7.41,2,0.080753
audio19.TextGrid,17,40,the,84.190,84.280,DT,3.3400,7.73,2,-0.150561
audio19.TextGrid,17,41,steady,84.280,84.650,JJ,8.9361,4.31,5,0.918798
audio19.TextGrid,17,42,movement,84.650,85.080,NN,8.9981,4.97,7,0.554704
audio19.TextGrid,17,43,of,85.080,85.160,IN,3.0117,7.4,2,-0.861338
audio19.TextGrid,17,44,the,85.160,85.230,DT,1.6975,7.73,2,-1.793061
audio19.TextGrid,17,45,water,85.230,85.620,NN,8.3722,5.52,4,0.562917
audio19.TextGrid,17,46,against,85.620,85.970,IN,7.2564,5.68,6,-0.499685
audio19.TextGrid,17,47,his,85.970,86.120,PRP$,5.3077,6.51,3,-0.434268
audio19.TextGrid,17,48,hand,86.120,86.430,NN,8.2775,5.41,4,0.437478
audio19.TextGrid,17,49,as,86.430,86.540,IN,4.7945,6.77,2,0.191281
audio19.TextGrid,17,50,the,86.540,86.630,DT,1.7464,7.73,2,-1.744161
audio19.TextGrid,17,51,boat,86.630,86.890,NN,4.1361,4.71,3,-3.853745
audio19.TextGrid,17,52,moved,86.930,87.400,VBD,9.6552,5.01,4,1.703396
audio19.TextGrid,18,1,he,89.180,89.320,PRP,4.5353,6.69,2,-0.160641
audio19.TextGrid,18,2,has,89.320,89.470,VBZ,4.0433,6.37,3,-2.752614
audio19.TextGrid,18,3,slowed,89.470,89.870,VBN,10.9348,3.71,4,2.619707
audio19.TextGrid,18,4,much,89.870,90.350,RB,6.8997,6.0,3,-0.162331
audio19.TextGrid,18,5,he,90.590,90.720,PRP,6.6170,6.69,2,1.921059
audio19.TextGrid,18,6,said,90.720,91.190,VBD,4.9164,6.01,3,-2.138438
audio19.TextGrid,19,1,the,92.910,93.020,DT,1.8241,7.73,2,-1.666461
audio19.TextGrid,19,2,old,93.020,93.200,JJ,7.3292,5.75,3,0.087360
audio19.TextGrid,19,3,man,93.200,93.400,NN,7.6921,5.82,3,0.500607
audio19.TextGrid,19,4,would,93.400,93.530,MD,4.6841,6.27,3,-1.230484
audio19.TextGrid,19,5,have,93.530,93.620,VB,3.8740,6.71,3,-2.677373
audio19.TextGrid,19,6,liked,93.620,93.820,VBN,5.9399,4.76,4,-2.081767
audio19.TextGrid,19,7,to,93.820,93.880,TO,2.6529,7.43,2,-1.185367
audio19.TextGrid,19,8,keep,93.880,94.090,VB,7.3418,5.66,3,0.035229
audio19.TextGrid,19,9,his,94.090,94.210,PRP$,5.9280,6.51,3,0.186032
audio19.TextGrid,19,10,hand,94.210,94.560,NN,8.2757,5.41,4,0.435678
audio19.TextGrid,19,11,in,94.560,94.670,IN,3.4834,7.27,2,-0.540310
audio19.TextGrid,19,12,the,94.670,94.750,DT,1.7031,7.73,2,-1.787461
audio19.TextGrid,19,13,salt,94.750,95.070,NN,11.0448,4.6,4,2.978420
audio19.TextGrid,19,14,water,95.070,95.310,NN,9.0908,5.52,4,1.281517
audio19.TextGrid,19,15,longer,95.310,95.720,RB,9.6454,5.16,5,1.491818
audio19.TextGrid,19,16,but,95.720,95.850,CC,5.1570,6.63,3,-0.498659
audio19.TextGrid,19,17,he,95.850,95.930,PRP,6.0052,6.69,2,1.309259
audio19.TextGrid,19,18,was,95.930,96.060,VBD,4.7827,6.82,3,-1.689557
audio19.TextGrid,19,19,afraid,96.060,96.370,JJ,10.4017,4.7,5,2.321869
audio19.TextGrid,19,20,of,96.370,96.460,IN,3.5070,7.4,2,-0.366038
audio19.TextGrid,19,21,another,96.460,96.750,DT,6.2956,5.74,5,-0.997721
audio19.TextGrid,19,22,sudden,96.750,97.050,JJ,10.0303,4.4,5,1.998568
audio19.TextGrid,19,23,lurch,97.050,97.330,NN,3.9931,2.79,3,-5.377679
audio19.TextGrid,19,24,by,97.330,97.490,IN,4.5274,6.66,2,-0.203311
audio19.TextGrid,19,25,the,97.490,97.600,DT,1.7102,7.73,2,-1.780361
audio19.TextGrid,19,26,fish,97.600,98.010,NN,4.1364,4.9,3,-3.716791
audio19.TextGrid,20,1,and,98.530,98.620,CC,3.7036,7.41,2,-0.157847
audio19.TextGrid,20,2,he,98.620,98.710,PRP,4.7461,6.69,2,0.050159
audio19.TextGrid,20,3,stood,98.710,98.940,VBD,8.1776,4.57,4,0.102837
audio19.TextGrid,20,4,up,98.940,99.140,RB,5.0501,6.39,2,-0.946799
audio19.TextGrid,20,5,and,99.140,99.230,CC,4.2028,7.41,2,0.341353
audio19.TextGrid,20,6,braced,99.230,99.590,VBD,3.5950,3.03,5,-4.217081
audio19.TextGrid,20,7,himself,99.590,100.040,PRP,8.7073,5.25,7,0.925986
audio19.TextGrid,20,8,and,100.040,100.180,CC,4.4594,7.41,3,-0.635255
audio19.TextGrid,20,9,held,100.180,100.390,VBD,7.7309,5.24,4,-0.156630
audio19.TextGrid,20,10,his,100.390,100.510,PRP$,6.5413,6.51,3,0.799332
audio19.TextGrid,20,11,hand,100.510,100.780,NN,8.2421,5.41,4,0.402078
audio19.TextGrid,20,12,up,100.780,100.910,RP,6.1665,6.39,2,1.122853
audio19.TextGrid,20,13,against,100.910,101.210,IN,7.5266,5.68,6,-0.229485
audio19.TextGrid,20,14,the,101.210,101.310,DT,1.7108,7.73,2,-1.779761
audio19.TextGrid,20,15,sun,101.310,101.690,NN,10.3543,4.97,3,2.551456
audio19.TextGrid,21,1,it,103.040,103.150,PRP,3.8912,6.95,2,-0.503396
audio19.TextGrid,21,2,was,103.150,103.260,VBD,3.9158,6.82,3,-2.556457
audio19.TextGrid,21,3,only,103.260,103.500,RB,6.0839,6.12,4,-1.557711
audio19.TextGrid,21,4,a,103.500,103.540,DT,4.5826,7.36,1,1.874420
audio19.TextGrid,21,5,line,103.540,103.870,NN,7.7424,5.49,3,0.313559
audio19.TextGrid,21,6,burn,103.870,104.200,NN,11.6774,4.53,3,3.558092
audio19.TextGrid,21,7,that,104.200,104.290,WDT,4.4009,7.01,3,-0.981450
audio19.TextGrid,21,8,had,104.290,104.410,VBD,6.8657,6.33,3,0.041017
audio19.TextGrid,21,9,cut,104.410,104.640,VBN,7.7886,5.24,3,0.179950
audio19.TextGrid,21,10,his,104.640,104.820,PRP$,6.0451,6.51,3,0.303132
audio19.TextGrid,21,11,flesh,104.820,105.190,NN,4.2518,4.2,4,-3.926361
audio19.TextGrid,22,1,but,106.300,106.430,CC,5.3198,6.63,3,-0.335859
audio19.TextGrid,22,2,it,106.430,106.530,PRP,4.1006,6.95,2,-0.293996
audio19.TextGrid,22,3,was,106.530,106.690,VBD,3.8833,6.82,3,-2.588957
audio19.TextGrid,22,4,in,106.690,106.790,IN,3.7035,7.27,2,-0.320210
audio19.TextGrid,22,5,the,106.790,106.860,DT,1.7650,7.73,2,-1.725561
audio19.TextGrid,22,6,working,106.860,107.320,JJ,8.5347,5.45,5,0.334622
audio19.TextGrid,22,7,part,107.320,107.530,NN,6.9937,5.78,4,-0.742925
audio19.TextGrid,22,8,of,107.530,107.600,IN,2.8040,7.4,2,-1.069038
audio19.TextGrid,22,9,his,107.600,107.780,PRP$,5.3076,6.51,3,-0.434368
audio19.TextGrid,22,10,hand,107.780,108.230,NN,8.2776,5.41,4,0.437578
audio19.TextGrid,23,1,he,108.730,108.850,PRP,4.5353,6.69,2,-0.160641
audio19.TextGrid,23,2,knew,108.850,109.040,VBD,8.7225,5.2,3,1.085080
audio19.TextGrid,23,3,he,109.040,109.180,PRP,5.1908,6.69,2,0.494859
audio19.TextGrid,23,4,would,109.180,109.380,MD,5.4163,6.27,3,-0.498284
audio19.TextGrid,23,5,need,109.380,109.650,VB,7.0349,5.97,3,-0.048708
audio19.TextGrid,23,6,his,109.650,109.820,PRP$,6.3459,6.51,3,0.603932
audio19.TextGrid,23,7,hands,109.820,110.210,NNS,8.5218,5.16,4,0.611914
audio19.TextGrid,23,8,before,110.210,110.530,IN,6.8475,5.93,5,-0.476283
audio19.TextGrid,23,9,this,110.530,110.740,DT,4.8202,6.82,3,-0.698805
audio19.TextGrid,23,10,was,110.740,110.860,VBD,8.6329,6.82,3,2.160643
audio19.TextGrid,23,11,over,110.860,111.240,RB,6.4984,6.08,3,-0.506092
audio19.TextGrid,23,12,and,111.240,111.370,CC,4.6717,7.41,3,-0.422955
audio19.TextGrid,23,13,he,111.370,111.460,PRP,5.4797,6.69,2,0.783759
audio19.TextGrid,23,14,did,111.460,111.630,VBD,5.8016,5.96,3,-1.289200
audio19.TextGrid,23,15,not,111.630,111.870,RB,5.4366,6.69,3,-1.129158
audio19.TextGrid,23,16,like,111.870,112.040,IN,6.8103,6.41,3,0.996409
audio19.TextGrid,23,17,to,112.040,112.120,TO,3.6909,7.43,2,-0.147367
audio19.TextGrid,23,18,be,112.120,112.250,VB,3.8330,6.79,2,-1.700292
audio19.TextGrid,23,19,cut,112.250,112.530,VBN,8.2076,5.24,3,0.598950
audio19.TextGrid,23,20,before,112.560,112.890,IN,6.9437,5.93,5,-0.380083
audio19.TextGrid,23,21,it,112.890,113.000,PRP,3.9846,6.95,2,-0.409996
audio19.TextGrid,23,22,started,113.000,113.550,VBD,9.6005,5.39,7,0.720348
audio19.TextGrid,24,1,now,115.450,115.880,RB,6.7634,6.18,2,0.523107
audio19.TextGrid,24,2,he,115.880,116.270,PRP,5.3385,6.69,2,0.642559
audio19.TextGrid,24,3,said,116.270,116.570,VBD,3.4135,6.01,3,-3.641338
audio19.TextGrid,24,4,when,116.570,116.720,WRB,6.0247,6.37,3,0.182039
audio19.TextGrid,24,5,his,116.720,116.850,PRP$,5.5599,6.51,3,-0.182068
audio19.TextGrid,24,6,hand,116.850,117.100,NN,8.2745,5.41,4,0.434478
audio19.TextGrid,24,7,had,117.100,117.210,VBD,5.0206,6.33,3,-1.804083
audio19.TextGrid,24,8,dried,117.210,117.650,VBN,6.3719,4.04,4,-1.850973
audio19.TextGrid,25,1,i,118.180,118.260,NN,5.5144,7.09,1,1.421291
audio19.TextGrid,25,2,must,118.260,118.480,MD,6.9134,5.68,4,0.102083
audio19.TextGrid,25,3,eat,118.480,118.600,VB,9.6807,5.13,2,2.223437
audio19.TextGrid,25,4,the,118.600,118.720,DT,2.7772,7.73,2,-0.713361
audio19.TextGrid,25,5,small,118.720,119.020,JJ,6.8996,5.51,4,-0.912477
audio19.TextGrid,25,6,tuna,119.020,119.400,NN,3.9934,3.64,4,-4.341255
audio19.TextGrid,26,1,i,119.960,120.050,NNS,5.5144,7.09,1,1.421291
audio19.TextGrid,26,2,can,120.050,120.220,MD,5.3141,6.46,3,-0.463830
audio19.TextGrid,26,3,reach,120.220,120.430,VB,8.5162,4.94,3,0.691779
audio19.TextGrid,26,4,him,120.430,120.550,PRP,8.1072,6.11,2,2.739028
audio19.TextGrid,26,5,with,120.550,120.640,IN,4.7772,6.85,3,-0.720227
audio19.TextGrid,26,6,the,120.640,120.740,DT,1.6915,7.73,2,-1.799061
audio19.TextGrid,26,7,gaff,120.740,121.280,NN,4.1368,2.68,3,-5.313095
audio19.TextGrid,26,8,and,121.280,121.450,CC,4.4504,7.41,3,-0.644255
audio19.TextGrid,26,9,eat,121.450,121.670,NN,11.6102,5.13,2,4.152937
audio19.TextGrid,26,10,him,121.670,121.810,PRP,8.4329,6.11,2,3.064728
audio19.TextGrid,26,11,here,121.810,122.010,RB,8.0288,5.97,3,0.945192
audio19.TextGrid,26,12,in,122.010,122.100,IN,3.6363,7.27,2,-0.387410
audio19.TextGrid,26,13,comfort,122.160,122.700,NN,11.8849,4.41,6,3.937705
audio19.TextGrid,27,1,he,124.950,125.060,PRP,4.5353,6.69,2,-0.160641
audio19.TextGrid,27,2,knelt,125.060,125.220,VBD,3.3819,2.8,4,-5.187495
audio19.TextGrid,27,3,down,125.220,125.620,RB,6.3418,5.88,3,-0.806539
audio19.TextGrid,27,4,and,125.620,125.910,CC,4.1990,7.41,3,-0.895655
audio19.TextGrid,27,5,found,125.910,126.100,VBD,7.1390,5.68,4,-0.625570
audio19.TextGrid,27,6,the,126.100,126.170,DT,2.6703,7.73,2,-0.820261
audio19.TextGrid,27,7,tuna,126.170,126.440,NN,4.1428,3.64,4,-4.191855
audio19.TextGrid,27,8,under,126.440,126.710,IN,6.5645,5.73,4,-0.232845
audio19.TextGrid,27,9,the,126.710,126.820,DT,1.6963,7.73,2,-1.794261
audio19.TextGrid,27,10,stem,126.820,127.280,NN,13.6160,4.3,4,5.465784
audio19.TextGrid,27,11,with,127.280,127.400,IN,5.1693,6.85,3,-0.328127
audio19.TextGrid,27,12,the,127.400,127.470,DT,1.7163,7.73,2,-1.774261
audio19.TextGrid,27,13,gaff,127.470,127.910,NN,4.1392,2.68,3,-5.310695
audio19.TextGrid,27,14,and,127.910,128.040,CC,4.2658,7.41,2,0.404353
audio19.TextGrid,27,15,drew,128.040,128.230,VBD,10.5719,4.46,3,2.402246
audio19.TextGrid,27,16,it,128.230,128.290,PRP,5.1344,6.95,2,0.739804
audio19.TextGrid,27,17,toward,128.290,128.650,IN,8.9364,4.72,6,1.756423
audio19.TextGrid,27,18,him,128.650,128.890,PRP,7.3812,6.11,3,1.351538
audio19.TextGrid,27,19,keeping,128.890,129.250,VBG,9.7881,4.84,5,1.685823
audio19.TextGrid,27,20,it,129.250,129.340,PRP,4.4605,6.95,2,0.065904
audio19.TextGrid,27,21,clear,129.340,129.630,JJ,9.0320,5.25,4,1.147265
audio19.TextGrid,27,22,of,129.630,129.700,IN,3.6179,7.4,2,-0.255138
audio19.TextGrid,27,23,the,129.700,129.780,DT,1.7051,7.73,2,-1.785461
audio19.TextGrid,27,24,coiled,129.780,130.220,JJ,5.0748,2.9,4,-3.466650
audio19.TextGrid,27,25,lines,130.220,130.770,NNS,8.8067,4.95,4,0.838129
audio19.TextGrid,28,1,holding,131.450,131.760,VBG,8.8598,4.89,6,0.624551
audio19.TextGrid,28,2,the,131.760,131.820,DT,2.9928,7.73,2,-0.497761
audio19.TextGrid,28,3,line,131.820,132.110,NN,7.6689,5.49,3,0.240059
audio19.TextGrid,28,4,with,132.110,132.240,IN,4.9287,6.85,3,-0.568727
audio19.TextGrid,28,5,his,132.240,132.450,PRP$,5.3123,6.51,3,-0.429668
audio19.TextGrid,28,6,left,132.450,132.690,JJ,10.8326,5.62,4,3.051263
audio19.TextGrid,28,7,shoulder,132.690,133.060,NN,9.1649,4.5,5,1.117135
audio19.TextGrid,28,8,again,133.060,133.440,RB,8.1613,5.7,4,0.402319
audio19.TextGrid,28,9,and,133.740,133.820,CC,3.7523,7.41,2,-0.109147
audio19.TextGrid,28,10,bracing,133.820,134.270,VBG,7.9394,3.12,6,0.766350
audio19.TextGrid,28,11,on,134.270,134.400,IN,4.7523,6.91,2,0.311343
audio19.TextGrid,28,12,his,134.400,134.570,PRP$,5.3283,6.51,3,-0.413668
audio19.TextGrid,28,13,left,134.570,134.830,JJ,10.8407,5.62,4,3.059363
audio19.TextGrid,28,14,hand,134.830,135.110,NN,8.1766,5.41,4,0.336578
audio19.TextGrid,28,15,and,135.110,135.270,CC,3.7102,7.41,3,-1.384455
audio19.TextGrid,28,16,arm,135.270,135.650,NN,10.7254,4.73,3,2.749939
audio19.TextGrid,29,1,he,136.330,136.430,PRP,4.5353,6.69,2,-0.160641
audio19.TextGrid,29,2,took,136.430,136.600,VBD,6.4889,5.51,3,-0.925557
audio19.TextGrid,29,3,the,136.600,136.720,DT,2.4587,7.73,2,-1.031861
audio19.TextGrid,29,4,tuna,136.720,137.000,NN,4.1401,3.64,4,-4.194555
audio19.TextGrid,29,5,off,137.000,137.370,IN,7.5351,5.93,2,1.958305
audio19.TextGrid,29,6,the,137.370,137.450,DT,2.2095,7.73,2,-1.281061
audio19.TextGrid,29,7,gaff,137.450,137.820,NN,4.1387,2.68,3,-5.311195
audio19.TextGrid,29,8,hook,137.820,138.100,NN,10.8199,4.37,3,2.585514
audio19.TextGrid,29,9,and,138.100,138.210,CC,4.4134,7.41,2,0.551953
audio19.TextGrid,29,10,put,138.210,138.400,VBD,8.3985,5.66,3,1.091929
audio19.TextGrid,29,11,the,138.400,138.490,DT,2.6343,7.73,2,-0.856261
audio19.TextGrid,29,12,gaff,138.490,138.780,NN,4.1410,2.68,3,-5.308895
audio19.TextGrid,29,13,back,138.810,139.080,RB,8.2635,6.04,3,1.230239
audio19.TextGrid,29,14,in,139.080,139.150,IN,3.4976,7.27,2,-0.526110
audio19.TextGrid,29,15,place,139.150,139.680,NN,8.9074,5.71,4,1.151214
audio19.TextGrid,30,1,he,140.440,140.520,PRP,4.5353,6.69,2,-0.160641
audio19.TextGrid,30,2,put,140.520,140.780,VBD,6.6820,5.66,3,-0.624571
audio19.TextGrid,30,3,one,140.780,140.950,CD,6.5671,6.47,3,0.796363
audio19.TextGrid,30,4,knee,140.950,141.230,NN,4.8173,4.33,2,-3.567178
audio19.TextGrid,30,5,on,141.230,141.350,IN,4.6371,6.91,2,0.196143
audio19.TextGrid,30,6,the,141.350,141.430,DT,1.7124,7.73,2,-1.778161
audio19.TextGrid,30,7,fish,141.430,141.810,NN,4.1370,4.9,3,-3.716191
audio19.TextGrid,30,8,and,141.810,141.980,CC,4.4833,7.41,3,-0.611355
audio19.TextGrid,30,9,cut,141.980,142.120,VB,8.4454,5.24,3,0.836750
audio19.TextGrid,30,10,strips,142.120,142.490,NNS,6.9883,3.86,6,-0.628833
audio19.TextGrid,30,11,of,142.490,142.580,IN,3.0100,7.4,2,-0.863038
audio19.TextGrid,30,12,dark,142.580,142.970,JJ,11.1546,5.04,4,3.211180
audio19.TextGrid,30,13,red,142.970,143.220,JJ,9.6109,5.32,3,2.059789
audio19.TextGrid,30,14,meat,143.220,143.490,NN,4.6043,4.63,3,-3.443084
audio19.TextGrid,30,15,longitudinally,143.490,144.370,RB,5.9224,2.53,13,5.493941
audio19.TextGrid,30,16,from,144.370,144.540,IN,5.0275,6.63,4,-1.518337
audio19.TextGrid,30,17,the,144.540,144.600,DT,1.7364,7.73,2,-1.754161
audio19.TextGrid,30,18,back,144.600,144.870,NN,8.8689,6.04,3,1.835639
audio19.TextGrid,30,19,of,144.870,144.950,IN,3.3196,7.4,2,-0.553438
audio19.TextGrid,30,20,the,144.950,145.050,DT,1.7108,7.73,2,-1.779761
audio19.TextGrid,30,21,head,145.050,145.300,NN,7.8742,5.51,3,0.459743
audio19.TextGrid,30,22,to,145.300,145.400,TO,3.4194,7.43,2,-0.418867
audio19.TextGrid,30,23,the,145.400,145.500,DT,2.2389,7.73,2,-1.251661
audio19.TextGrid,30,24,tail,145.500,145.950,NN,4.1351,4.34,3,-4.120863
audio19.TextGrid,31,1,they,146.750,146.850,PRP,4.6769,6.5,2,-0.239255
audio19.TextGrid,31,2,were,146.850,146.970,VBD,4.5379,6.34,2,-1.516950
audio19.TextGrid,31,3,wedge,146.970,147.310,NN,6.5436,3.62,3,-2.230213
audio19.TextGrid,31,4,shaped,147.310,147.630,VBN,6.3603,4.38,4,-1.767559
audio19.TextGrid,31,5,strips,147.630,148.280,NNS,7.6117,3.86,6,-0.005433
audio19.TextGrid,31,6,and,148.280,148.450,CC,4.3610,7.41,2,0.499553
audio19.TextGrid,31,7,he,148.450,148.580,PRP,5.1660,6.69,2,0.470059
audio19.TextGrid,31,8,cut,148.580,148.850,VBD,7.2995,5.24,3,-0.309150
audio19.TextGrid,31,9,them,148.850,149.070,PRP,6.6254,6.19,3,0.653277
audio19.TextGrid,31,10,from,149.070,149.330,IN,4.7205,6.63,4,-1.825337
audio19.TextGrid,31,11,next,149.330,149.560,JJ,7.0483,5.7,4,-0.710681
audio19.TextGrid,31,12,to,149.560,149.670,TO,5.0501,7.43,2,1.211833
audio19.TextGrid,31,13,the,149.670,149.760,DT,2.4405,7.73,2,-1.050061
audio19.TextGrid,31,14,back,149.760,150.010,NN,8.8755,6.04,3,1.842239
audio19.TextGrid,31,15,bone,150.010,150.350,NN,9.5144,4.47,3,1.351938
audio19.TextGrid,31,16,down,150.350,150.590,RB,7.2068,5.88,3,0.058461
audio19.TextGrid,31,17,to,150.590,150.660,TO,3.7558,7.43,2,-0.082467
audio19.TextGrid,31,18,the,150.660,150.830,DT,3.0308,7.73,2,-0.459761
audio19.TextGrid,31,19,edge,150.830,150.970,NN,11.0435,4.74,2,3.134220
audio19.TextGrid,31,20,of,150.970,151.040,IN,4.0843,7.4,2,0.211262
audio19.TextGrid,31,21,the,151.040,151.110,DT,1.6923,7.73,2,-1.798261
audio19.TextGrid,31,22,belly,151.110,151.510,NN,4.1351,4.1,4,-4.071006
audio19.TextGrid,32,1,when,152.340,152.470,WRB,6.5749,6.37,3,0.732239
audio19.TextGrid,32,2,he,152.470,152.530,PRP,4.6921,6.69,2,-0.003841
audio19.TextGrid,32,3,had,152.530,152.640,VBD,4.7250,6.33,3,-2.099683
audio19.TextGrid,32,4,cut,152.640,152.910,VBN,8.1048,5.24,3,0.496150
audio19.TextGrid,32,5,six,152.910,153.200,CD,7.9801,5.29,4,1.059796
audio19.TextGrid,32,6,strips,153.200,153.630,NNS,5.8090,3.86,6,-1.808133
audio19.TextGrid,32,7,he,153.630,153.780,PRP,5.6020,6.69,2,0.906059
audio19.TextGrid,32,8,spread,153.780,154.090,VBD,8.6782,4.81,5,0.580733
audio19.TextGrid,32,9,them,154.090,154.240,PRP,6.7747,6.19,3,0.802577
audio19.TextGrid,32,10,out,154.240,154.420,RP,6.5699,6.38,2,1.514663
audio19.TextGrid,32,11,on,154.420,154.520,IN,5.0242,6.91,2,0.583243
audio19.TextGrid,32,12,the,154.520,154.580,DT,1.7223,7.73,2,-1.768261
audio19.TextGrid,32,13,wood,154.580,154.780,NN,9.9481,4.78,3,2.008601
audio19.TextGrid,32,14,of,154.780,154.860,IN,4.2982,7.4,2,0.425162
audio19.TextGrid,32,15,the,154.860,154.950,DT,1.6925,7.73,2,-1.798061
audio19.TextGrid,32,16,bow,154.950,155.360,NN,4.1356,4.3,2,-4.283649
audio19.TextGrid,32,17,wiped,155.480,155.770,VBD,5.2931,3.86,4,-2.980075
audio19.TextGrid,32,18,his,155.770,155.940,PRP$,6.0536,6.51,3,0.311632
audio19.TextGrid,32,19,knife,155.940,156.220,NN,10.3521,4.41,3,2.146484
audio19.TextGrid,32,20,on,156.220,156.360,IN,4.5832,6.91,2,0.142243
audio19.TextGrid,32,21,his,156.360,156.520,PRP$,5.3132,6.51,3,-0.428768
audio19.TextGrid,32,22,trousers,156.520,157.070,NNS,5.5670,3.7,6,-1.954115
audio19.TextGrid,33,1,and,157.540,157.680,CC,3.7036,7.41,3,-1.391055
audio19.TextGrid,33,2,lifted,157.680,157.980,VBD,12.4473,4.1,6,4.686140
audio19.TextGrid,33,3,the,157.980,158.060,DT,2.8250,7.73,2,-0.665561
audio19.TextGrid,33,4,carcass,158.060,158.540,NN,4.1392,3.21,6,-3.087860
audio19.TextGrid,33,5,of,158.540,158.620,IN,3.1154,7.4,2,-0.757638
audio19.TextGrid,33,6,the,158.620,158.720,DT,1.7016,7.73,2,-1.788961
audio19.TextGrid,33,7,bonito,158.720,159.090,NN,4.1366,2.5,6,-2.664380
audio19.TextGrid,33,8,by,159.090,159.260,IN,4.8203,6.66,2,0.089589
audio19.TextGrid,33,9,the,159.260,159.370,DT,1.7030,7.73,2,-1.787561
audio19.TextGrid,33,10,tail,159.370,159.810,NN,4.1364,4.34,3,-4.119563
audio19.TextGrid,33,11,and,159.810,159.880,CC,4.2206,7.41,2,0.359153
audio19.TextGrid,33,12,dropped,159.880,160.190,VBD,9.7527,4.73,5,1.668059
audio19.TextGrid,33,13,it,160.190,160.270,PRP,4.5090,6.95,2,0.114404
audio19.TextGrid,33,14,overboard,160.270,160.870,RP,5.9086,3.43,7,0.019896
audio19.TextGrid,34,1,i,162.540,162.660,JJ,5.5144,7.09,1,1.421291
audio19.TextGrid,34,2,don,162.660,162.850,VBP,12.6352,4.6,3,4.566239
audio19.TextGrid,34,3,t,162.850,162.880,JJ,4.7475,5.43,1,-1.999619
audio19.TextGrid,34,4,think,162.880,163.070,VBP,7.2357,6.08,4,-0.417089
audio19.TextGrid,34,5,i,163.070,163.180,NNS,6.2474,7.09,1,2.154291
audio19.TextGrid,34,6,can,163.180,163.330,MD,6.8873,6.46,3,1.109370
audio19.TextGrid,34,7,eat,163.330,163.490,VB,9.6874,5.13,2,2.230137
audio19.TextGrid,34,8,an,163.490,163.590,DT,5.4231,6.53,2,0.541716
audio19.TextGrid,34,9,entire,163.590,164.060,JJ,9.1178,5.09,5,0.975441
audio19.TextGrid,34,10,one,164.060,164.370,NN,6.8322,6.47,3,0.108210
audio19.TextGrid,34,11,he,164.620,164.740,PRP,7.0868,6.69,2,2.390859
audio19.TextGrid,34,12,said,164.740,165.090,VBD,4.3020,6.01,3,-2.752838
audio19.TextGrid,34,13,and,165.420,165.520,CC,3.9463,7.41,2,0.084853
audio19.TextGrid,34,14,drew,165.520,165.720,VBD,9.7350,4.46,3,1.565346
audio19.TextGrid,34,15,his,165.720,165.920,PRP$,6.0942,6.51,3,0.352232
audio19.TextGrid,34,16,knife,165.920,166.230,NN,10.3524,4.41,3,2.146784
audio19.TextGrid,34,17,across,166.230,166.620,IN,8.1810,5.25,5,0.966241
audio19.TextGrid,34,18,one,166.620,166.730,CD,5.7764,6.47,3,0.005663
audio19.TextGrid,34,19,of,166.730,166.800,IN,3.8165,7.4,2,-0.056538
audio19.TextGrid,34,20,the,166.800,166.890,DT,1.7425,7.73,2,-1.748061
audio19.TextGrid,34,21,strips,166.890,167.420,NNS,6.4188,3.86,6,-1.198333
audio19.TextGrid,35,1,he,168.790,168.880,PRP,4.5353,6.69,2,-0.160641
audio19.TextGrid,35,2,could,168.880,169.070,MD,5.0571,6.06,3,-1.008524
audio19.TextGrid,35,3,feel,169.070,169.300,VB,7.2578,5.67,3,-0.041579
audio19.TextGrid,35,4,the,169.300,169.400,DT,2.6103,7.73,2,-0.880261
audio19.TextGrid,35,5,steady,169.400,169.800,JJ,8.9359,4.31,5,0.918598
audio19.TextGrid,35,6,hard,169.800,170.030,JJ,9.2740,5.53,4,1.467512
audio19.TextGrid,35,7,pull,170.030,170.230,NN,13.1042,4.82,3,5.193471
audio19.TextGrid,35,8,of,170.230,170.290,IN,3.4255,7.4,2,-0.447538
audio19.TextGrid,35,9,the,170.290,170.400,DT,1.7134,7.73,2,-1.777161
audio19.TextGrid,35,10,line,170.400,170.840,NN,7.6696,5.49,3,0.240759
audio19.TextGrid,35,11,and,171.020,171.140,CC,4.2309,7.41,2,0.369453
audio19.TextGrid,35,12,his,171.140,171.280,PRP$,6.0673,6.51,3,0.325332
audio19.TextGrid,35,13,left,171.280,171.510,JJ,10.8282,5.62,4,3.046863
audio19.TextGrid,35,14,hand,171.510,171.730,NN,8.1891,5.41,4,0.349078
audio19.TextGrid,35,15,was,171.730,171.880,VBD,5.0357,6.82,3,-1.436557
audio19.TextGrid,35,16,cramped,171.880,172.470,VBN,6.3543,3.28,6,-0.914768
audio19.TextGrid,36,1,it,173.390,173.580,PRP,3.8912,6.95,2,-0.503396
audio19.TextGrid,36,2,drew,173.580,173.740,VBD,9.7677,4.46,3,1.598046
audio19.TextGrid,36,3,up,173.740,173.890,RP,5.1026,6.39,2,0.058953
audio19.TextGrid,36,4,tight,173.940,174.230,NN,9.6520,4.57,3,1.561462
audio19.TextGrid,36,5,on,174.230,174.350,IN,5.0002,6.91,2,0.559243
audio19.TextGrid,36,6,the,174.350,174.410,DT,1.7447,7.73,2,-1.745861
audio19.TextGrid,36,7,heavy,174.410,174.670,JJ,8.7552,4.96,4,0.789424
audio19.TextGrid,36,8,cord,174.670,175.120,NN,4.2318,3.98,4,-4.007841
audio19.TextGrid,36,9,and,175.120,175.260,CC,4.2621,7.41,2,0.400653
audio19.TextGrid,36,10,he,175.260,175.410,PRP,5.2307,6.69,2,0.534759
audio19.TextGrid,36,11,looked,175.410,175.660,VBD,10.6870,5.11,4,2.763142
audio19.TextGrid,36,12,at,175.660,175.810,IN,4.1943,6.7,2,-0.490051
audio19.TextGrid,36,13,it,175.810,175.920,PRP,3.7780,6.95,2,-0.616596
audio19.TextGrid,36,14,in,175.920,176.040,IN,3.3514,7.27,2,-0.672310
audio19.TextGrid,36,15,disgust,176.040,176.670,NN,5.7909,3.61,7,-1.238238
audio20.TextGrid,1,1,what,0.910,1.140,WP,6.9013,6.38,4,0.285600
audio20.TextGrid,1,2,kind,1.150,1.420,NN,10.6086,5.45,3,3.150989
audio20.TextGrid,1,3,of,1.420,1.520,IN,4.1952,7.4,2,0.322162
audio20.TextGrid,1,4,a,1.520,1.560,DT,2.5832,7.36,1,-0.124980
audio20.TextGrid,1,5,hand,1.560,1.940,NN,8.1580,5.41,4,0.317978
audio20.TextGrid,1,6,is,1.940,2.110,VBZ,4.2075,7.07,2,-1.001266
audio20.TextGrid,1,7,that,2.110,2.560,IN,4.3813,7.01,3,-1.001050
audio20.TextGrid,1,8,he,2.780,2.890,PRP,5.0791,6.69,2,0.383159
audio20.TextGrid,1,9,said,2.890,3.310,VBD,4.2919,6.01,3,-2.762938
audio20.TextGrid,2,1,cramp,3.920,4.340,NN,5.9246,3.04,5,-1.889084
audio20.TextGrid,2,2,then,4.340,4.540,RB,8.5967,6.07,3,1.585016
audio20.TextGrid,2,3,if,4.540,4.650,IN,6.4481,6.47,2,1.497175
audio20.TextGrid,2,4,you,4.650,4.730,PRP,5.6745,6.98,2,1.314675
audio20.TextGrid,2,5,want,4.730,5.120,VBP,7.2031,6.04,4,-0.460867
audio20.TextGrid,2,6,make,5.370,5.580,VB,6.6599,6.08,3,-0.344592
audio20.TextGrid,2,7,yourself,5.580,5.980,PRP,9.6789,5.31,6,2.144857
audio20.TextGrid,2,8,into,5.980,6.190,IN,6.2156,6.11,4,-0.475552
audio20.TextGrid,2,9,a,6.190,6.230,DT,2.5681,7.36,1,-0.140080
audio20.TextGrid,2,10,claw,6.230,6.730,NN,4.1371,3.59,3,-4.658290
audio20.TextGrid,3,1,it,7.170,7.300,PRP,3.8912,6.95,2,-0.503396
audio20.TextGrid,3,2,will,7.300,7.400,MD,4.2179,6.45,3,-1.567222
audio20.TextGrid,3,3,do,7.400,7.530,VB,5.1563,6.35,2,-0.886960
audio20.TextGrid,3,4,you,7.530,7.680,PRP,6.4578,6.98,2,2.097975
audio20.TextGrid,3,5,no,7.680,7.870,DT,7.5367,6.35,2,2.446693
audio20.TextGrid,3,6,good,7.870,8.260,JJ,7.1357,6.12,3,0.159977
audio20.TextGrid,4,1,come,10.400,10.590,VB,10.6226,5.78,3,3.402337
audio20.TextGrid,4,2,on,10.590,10.930,IN,4.6963,6.91,2,0.255343
audio20.TextGrid,4,3,he,10.930,11.260,PRP,4.4365,6.69,2,-0.259441
audio20.TextGrid,4,4,thought,11.260,11.620,VBD,9.5943,5.59,3,2.237382
audio20.TextGrid,4,5,and,11.620,11.790,CC,3.9437,7.41,3,-1.150955
audio20.TextGrid,4,6,looked,11.790,11.970,VBD,9.9287,5.11,4,2.004842
audio20.TextGrid,4,7,down,11.970,12.230,RB,6.2951,5.88,3,-0.853239
audio20.TextGrid,4,8,into,12.230,12.380,IN,6.6686,6.11,4,-0.022552
audio20.TextGrid,4,9,the,12.380,12.480,DT,1.7138,7.73,2,-1.776761
audio20.TextGrid,4,10,dark,12.480,12.780,JJ,10.7242,5.04,4,2.780780
audio20.TextGrid,4,11,water,12.780,13.120,NN,8.2731,5.52,4,0.463817
audio20.TextGrid,4,12,at,13.120,13.230,IN,4.7502,6.7,2,0.065849
audio20.TextGrid,4,13,the,13.230,13.310,DT,1.6948,7.73,2,-1.795761
audio20.TextGrid,4,14,slant,13.310,13.640,NN,4.1368,3.18,5,-3.699330
audio20.TextGrid,4,15,of,13.640,13.700,IN,3.1092,7.4,2,-0.763838
audio20.TextGrid,4,16,the,13.700,13.800,DT,1.6943,7.73,2,-1.796261
audio20.TextGrid,4,17,line,13.800,14.160,NN,7.6699,5.49,3,0.241059
audio20.TextGrid,5,1,eat,15.000,15.160,NN,13.8346,5.13,2,6.377337
audio20.TextGrid,5,2,it,15.160,15.330,PRP,4.5916,6.95,2,0.197004
audio20.TextGrid,5,3,now,15.330,15.660,RB,6.4338,6.18,2,0.193507
audio20.TextGrid,5,4,and,15.660,15.760,CC,3.6608,7.41,3,-1.433855
audio20.TextGrid,5,5,it,15.760,15.880,PRP,4.7139,6.95,2,0.319304
audio20.TextGrid,5,6,will,15.880,15.970,MD,4.3108,6.45,3,-1.474322
audio20.TextGrid,5,7,strengthen,15.970,16.350,VB,3.7172,4.04,8,-3.510233
audio20.TextGrid,5,8,the,16.350,16.430,DT,2.2845,7.73,2,-1.206061
audio20.TextGrid,5,9,hand,16.430,16.900,NN,8.1588,5.41,4,0.318778
audio20.TextGrid,6,1,it,17.520,17.610,PRP,3.8912,6.95,2,-0.503396
audio20.TextGrid,6,2,is,17.610,17.700,VBZ,3.3590,7.07,2,-1.849766
audio20.TextGrid,6,3,not,17.700,17.850,RB,5.6653,6.69,3,-0.900458
audio20.TextGrid,6,4,the,17.850,17.960,DT,3.7103,7.73,2,0.219739
audio20.TextGrid,6,5,hand,17.960,18.230,NN,8.2472,5.41,4,0.407178
audio20.TextGrid,6,6,s,18.230,18.330,NN,5.4342,5.86,1,-0.625435
audio20.TextGrid,6,7,fault,18.330,18.670,NN,10.5970,4.64,4,2.541799
audio20.TextGrid,6,8,and,18.670,18.770,CC,4.3076,7.41,2,0.446153
audio20.TextGrid,6,9,you,18.770,18.900,PRP,6.7382,6.98,2,2.378375
audio20.TextGrid,6,10,have,18.900,18.990,VBP,4.9527,6.71,3,-1.598673
audio20.TextGrid,6,11,been,18.990,19.130,VBN,5.9422,6.27,3,-0.925637
audio20.TextGrid,6,12,many,19.130,19.400,JJ,7.3308,5.91,4,-0.369496
audio20.TextGrid,6,13,hours,19.400,19.790,NNS,7.9071,5.4,3,0.413528
audio20.TextGrid,6,14,with,19.790,19.900,IN,4.4441,6.85,3,-1.053327
audio20.TextGrid,6,15,the,19.900,19.980,DT,1.6967,7.73,2,-1.793861
audio20.TextGrid,6,16,fish,19.980,20.350,NN,4.1366,4.9,3,-3.716591
audio20.TextGrid,7,1,but,21.270,21.470,CC,5.3198,6.63,3,-0.335859
audio20.TextGrid,7,2,you,21.470,21.540,PRP,5.9151,6.98,2,1.555275
audio20.TextGrid,7,3,can,21.540,21.660,MD,5.2767,6.46,3,-0.501230
audio20.TextGrid,7,4,stay,21.660,21.900,VB,7.9825,5.33,3,0.438581
audio20.TextGrid,7,5,with,21.900,22.060,IN,5.1807,6.85,3,-0.316727
audio20.TextGrid,7,6,him,22.060,22.190,PRP,7.4001,6.11,3,1.370438
audio20.TextGrid,7,7,forever,22.190,22.730,RB,5.4146,4.74,5,-2.671644
audio20.TextGrid,8,1,eat,23.430,23.570,VB,13.8346,5.13,2,6.377337
audio20.TextGrid,8,2,the,23.570,23.680,DT,2.4931,7.73,2,-0.997461
audio20.TextGrid,8,3,bonito,23.680,24.110,NN,4.1381,2.5,6,-2.662880
audio20.TextGrid,8,4,now,24.110,24.590,RB,6.6871,6.18,2,0.446807
audio20.TextGrid,9,1,he,26.760,26.860,PRP,4.5353,6.69,2,-0.160641
audio20.TextGrid,9,2,picked,26.860,27.100,VBD,9.8211,4.72,4,1.788255
audio20.TextGrid,9,3,up,27.100,27.220,RP,5.0515,6.39,2,0.007853
audio20.TextGrid,9,4,a,27.220,27.270,DT,3.4064,7.36,1,0.698220
audio20.TextGrid,9,5,piece,27.270,27.630,NN,9.5520,5.04,3,1.799503
audio20.TextGrid,9,6,and,27.630,27.740,CC,4.4051,7.41,2,0.543653
audio20.TextGrid,9,7,put,27.740,27.980,VB,8.1861,5.66,3,0.879529
audio20.TextGrid,9,8,it,27.980,28.080,PRP,4.7086,6.95,2,0.314004
audio20.TextGrid,9,9,in,28.080,28.190,IN,3.2221,7.27,2,-0.801610
audio20.TextGrid,9,10,his,28.190,28.340,PRP$,5.3068,6.51,3,-0.435168
audio20.TextGrid,9,11,mouth,28.340,28.690,NN,4.2576,4.83,3,-3.645937
audio20.TextGrid,9,12,and,28.690,28.830,CC,4.3930,7.41,3,-0.701655
audio20.TextGrid,9,13,chewed,28.830,29.100,VBD,5.2131,3.24,3,-3.834022
audio20.TextGrid,9,14,it,29.100,29.210,PRP,4.5510,6.95,2,0.156404
audio20.TextGrid,9,15,slowly,29.210,29.720,RB,9.7538,4.63,5,1.685192
audio20.TextGrid,10,1,it,30.490,30.600,PRP,3.8912,6.95,2,-0.503396
audio20.TextGrid,10,2,was,30.600,30.730,VBD,3.9158,6.82,3,-2.556457
audio20.TextGrid,10,3,not,30.730,30.910,RB,5.4771,6.69,3,-1.088658
audio20.TextGrid,10,4,unpleasant,30.910,31.530,JJ,11.0242,3.8,9,4.506298
audio20.TextGrid,11,1,chew,33.000,33.220,NN,5.9246,3.66,2,-3.236421
audio20.TextGrid,11,2,it,33.220,33.310,PRP,6.6227,6.95,2,2.228104
audio20.TextGrid,11,3,well,33.310,33.640,RB,7.8931,6.03,3,0.852646
audio20.TextGrid,11,4,he,33.800,33.930,PRP,6.2184,6.69,2,1.522459
audio20.TextGrid,11,5,thought,33.930,34.300,VBD,8.9000,5.59,3,1.543082
audio20.TextGrid,11,6,and,34.580,34.640,CC,4.0128,7.41,2,0.151353
audio20.TextGrid,11,7,get,34.640,34.810,VB,5.8999,6.28,3,-0.960745
audio20.TextGrid,11,8,all,34.810,34.970,DT,6.0741,6.52,2,1.181126
audio20.TextGrid,11,9,the,34.970,35.070,DT,3.9508,7.73,2,0.460239
audio20.TextGrid,11,10,juices,35.070,35.740,NNS,7.2860,3.42,5,-0.588609
audio20.TextGrid,12,1,it,36.570,36.720,PRP,3.8912,6.95,2,-0.503396
audio20.TextGrid,12,2,would,36.720,36.840,MD,4.5105,6.27,3,-1.404084
audio20.TextGrid,12,3,not,36.840,37.110,RB,6.1838,6.69,3,-0.381958
audio20.TextGrid,12,4,be,37.110,37.210,VB,4.4485,6.79,2,-1.084792
audio20.TextGrid,12,5,had,37.210,37.450,VBN,6.4218,6.33,3,-0.402883
audio20.TextGrid,12,6,to,37.450,37.530,TO,3.3392,7.43,2,-0.499067
audio20.TextGrid,12,7,eat,37.530,37.710,VB,9.8851,5.13,2,2.427837
audio20.TextGrid,12,8,with,37.710,37.830,IN,5.2889,6.85,3,-0.208527
audio20.TextGrid,12,9,a,37.830,37.860,DT,2.6003,7.36,1,-0.107880
audio20.TextGrid,12,10,little,37.860,38.070,JJ,7.7935,5.75,5,-0.454677
audio20.TextGrid,12,11,lime,38.070,38.560,NN,4.1207,3.86,3,-4.480496
audio20.TextGrid,12,12,or,38.560,38.710,CC,5.9926,6.54,2,1.122806
audio20.TextGrid,12,13,with,38.710,38.930,IN,5.9948,6.85,3,0.497373
audio20.TextGrid,12,14,lemon,38.930,39.240,JJ,5.3205,4.1,5,-2.663133
audio20.TextGrid,12,15,or,39.240,39.270,CC,5.4508,6.54,1,1.431603
audio20.TextGrid,12,16,with,39.570,39.910,IN,6.6589,6.85,3,1.161473
audio20.TextGrid,12,17,salt,39.910,40.380,NN,11.0883,4.6,4,3.021920
audio20.TextGrid,13,1,how,42.470,42.610,WRB,7.8277,6.24,2,2.610201
audio20.TextGrid,13,2,do,42.610,42.690,VBP,7.7790,6.35,2,1.735740
audio20.TextGrid,13,3,you,42.690,42.800,PRP,6.0882,6.98,2,1.728375
audio20.TextGrid,13,4,feel,42.800,43.160,VB,7.9960,5.67,3,0.696621
audio20.TextGrid,13,5,hand,43.160,43.520,NN,10.5897,5.41,4,2.749678
audio20.TextGrid,13,6,he,43.520,43.860,PRP,6.0597,6.69,2,1.363759
audio20.TextGrid,13,7,asked,43.860,44.080,VBD,7.5614,5.3,3,-0.004096
audio20.TextGrid,13,8,the,44.100,44.190,DT,2.5073,7.73,2,-0.983261
audio20.TextGrid,13,9,cramped,44.190,44.560,JJ,5.0794,3.28,6,-2.189668
audio20.TextGrid,13,10,hand,44.560,44.790,NN,8.3465,5.41,4,0.506478
audio20.TextGrid,13,11,that,44.790,44.920,WDT,4.2298,7.01,3,-1.152550
audio20.TextGrid,13,12,was,44.920,45.020,VBD,6.1787,6.82,3,-0.293557
audio20.TextGrid,13,13,almost,45.020,45.440,RB,7.3344,5.39,6,-1.200905
audio20.TextGrid,13,14,as,45.440,45.530,RB,4.9675,6.77,2,-0.588972
audio20.TextGrid,13,15,stiff,45.530,45.890,JJ,10.4685,3.9,4,2.206503
audio20.TextGrid,13,16,as,45.890,46.030,IN,5.8229,6.77,2,1.219681
audio20.TextGrid,13,17,rigor,46.030,46.310,NN,5.8657,3.07,4,-2.628243
audio20.TextGrid,13,18,mortis,46.310,46.840,NN,5.1436,2.63,6,-1.735395
audio20.TextGrid,14,1,i,47.760,47.890,NN,5.5144,7.09,1,1.421291
audio20.TextGrid,14,2,ll,47.890,47.960,VBP,3.9811,4.66,1,-3.997097
audio20.TextGrid,14,3,eat,47.960,48.120,VB,10.6645,5.13,2,3.207237
audio20.TextGrid,14,4,some,48.120,48.280,DT,6.1889,6.2,3,0.223969
audio20.TextGrid,14,5,more,48.280,48.540,JJR,6.2241,6.36,3,-0.579006
audio20.TextGrid,14,6,for,48.540,48.790,IN,4.8145,7.01,3,-0.567850
audio20.TextGrid,14,7,you,48.790,48.980,PRP,5.9881,6.98,2,1.628275
audio20.TextGrid,15,1,he,50.810,50.970,PRP,4.5353,6.69,2,-0.160641
audio20.TextGrid,15,2,ate,50.970,51.060,VBD,3.3819,4.34,2,-4.990988
audio20.TextGrid,15,3,the,51.060,51.240,DT,2.4671,7.73,2,-1.023461
audio20.TextGrid,15,4,other,51.240,51.390,JJ,5.7847,6.16,3,-1.162253
audio20.TextGrid,15,5,part,51.390,51.620,NN,6.4012,5.78,4,-1.335425
audio20.TextGrid,15,6,of,51.620,51.690,IN,3.0376,7.4,2,-0.835438
audio20.TextGrid,15,7,the,51.690,51.770,DT,1.6935,7.73,2,-1.797061
audio20.TextGrid,15,8,piece,51.770,52.100,NN,9.5432,5.04,3,1.790703
audio20.TextGrid,15,9,that,52.100,52.220,IN,4.3520,7.01,3,-1.030350
audio20.TextGrid,15,10,he,52.220,52.280,PRP,4.7295,6.69,2,0.033559
audio20.TextGrid,15,11,had,52.280,52.390,VBD,5.8934,6.33,3,-0.931283
audio20.TextGrid,15,12,cut,52.390,52.610,VBN,8.0876,5.24,3,0.478950
audio20.TextGrid,15,13,in,52.610,52.730,IN,3.4768,7.27,2,-0.546910
audio20.TextGrid,15,14,two,52.730,53.090,CD,6.0259,6.1,2,0.646138
audio20.TextGrid,15,15,he,53.480,53.590,PRP,7.4890,6.69,2,2.793059
audio20.TextGrid,15,16,chewed,53.590,53.830,VBD,4.2817,3.24,3,-4.765422
audio20.TextGrid,15,17,it,53.830,53.930,PRP,4.5357,6.95,2,0.141104
audio20.TextGrid,15,18,carefully,53.930,54.440,RB,11.0588,4.46,7,3.145751
audio20.TextGrid,15,19,and,54.440,54.520,CC,3.6905,7.41,2,-0.170947
audio20.TextGrid,15,20,then,54.520,54.720,RB,6.4455,6.07,3,-0.566184
audio20.TextGrid,15,21,spat,54.720,55.040,VB,4.6301,3.3,4,-3.799569
audio20.TextGrid,15,22,out,55.040,55.160,RP,5.7004,6.38,2,0.645163
audio20.TextGrid,15,23,the,55.160,55.290,DT,2.3595,7.73,2,-1.131061
audio20.TextGrid,15,24,skin,55.290,55.520,NN,9.1409,4.91,4,1.161151
audio20.TextGrid,15,25,how,55.520,55.610,WRB,7.4019,6.24,2,2.184401
audio20.TextGrid,16,1,does,56.850,57.050,VBZ,9.8908,5.74,3,2.641768
audio20.TextGrid,16,2,it,57.050,57.230,PRP,4.5538,6.95,2,0.159204
audio20.TextGrid,16,3,go,57.230,57.570,VB,8.0097,6.03,2,1.595554
audio20.TextGrid,16,4,hand,57.570,58.000,NN,10.4328,5.41,4,2.592778
audio20.TextGrid,16,5,or,58.320,58.450,CC,5.5228,6.54,2,0.653006
audio20.TextGrid,16,6,is,58.450,58.560,VBZ,5.2993,7.07,2,0.090534
audio20.TextGrid,16,7,it,58.560,58.740,PRP,4.6653,6.95,2,0.270704
audio20.TextGrid,16,8,too,58.740,58.920,RB,7.7362,5.95,2,1.229332
audio20.TextGrid,16,9,early,58.920,59.100,JJ,7.2903,5.43,3,-0.181695
audio20.TextGrid,16,10,to,59.100,59.240,TO,3.5302,7.43,2,-0.308067
audio20.TextGrid,16,11,know,59.240,59.580,VB,7.2707,6.1,2,0.937685
audio20.TextGrid,17,1,he,61.050,61.150,PRP,4.5353,6.69,2,-0.160641
audio20.TextGrid,17,2,took,61.150,61.330,VBD,6.4889,5.51,3,-0.925557
audio20.TextGrid,17,3,another,61.330,61.650,DT,7.0552,5.74,5,-0.238121
audio20.TextGrid,17,4,full,61.650,61.900,JJ,7.6813,5.54,3,0.288421
audio20.TextGrid,17,5,piece,61.900,62.300,NN,9.3970,5.04,3,1.644503
audio20.TextGrid,17,6,and,62.300,62.470,CC,4.5491,7.41,3,-0.545555
audio20.TextGrid,17,7,chewed,62.470,62.720,VBD,4.6551,3.24,3,-4.392022
audio20.TextGrid,17,8,it,62.720,62.930,PRP,4.5513,6.95,2,0.156704
audio20.TextGrid,18,1,it,64.310,64.470,PRP,3.8912,6.95,2,-0.503396
audio20.TextGrid,18,2,is,64.470,64.580,VBZ,3.3590,7.07,2,-1.849766
audio20.TextGrid,18,3,a,64.580,64.660,DT,3.5087,7.36,1,0.800520
audio20.TextGrid,18,4,strong,64.660,65.270,JJ,7.5078,5.22,5,-0.655402
audio20.TextGrid,18,5,full,65.270,65.540,JJ,8.2836,5.54,3,0.890721
audio20.TextGrid,18,6,blooded,65.540,65.970,VBD,7.9993,3.34,6,0.694225
audio20.TextGrid,18,7,fish,65.970,66.380,NN,5.7808,4.9,3,-2.072391
audio20.TextGrid,18,8,he,66.520,66.610,PRP,6.9298,6.69,2,2.233859
audio20.TextGrid,18,9,thought,66.610,66.980,VBD,8.8251,5.59,3,1.468182
audio20.TextGrid,18,10,i,67.300,67.410,NN,6.3189,7.09,1,2.225791
audio20.TextGrid,18,11,was,67.410,67.600,VBD,4.9189,6.82,3,-1.553357
audio20.TextGrid,18,12,lucky,67.600,67.850,JJ,11.5070,4.77,4,3.488127
audio20.TextGrid,18,13,to,67.850,67.950,TO,3.4430,7.43,2,-0.395267
audio20.TextGrid,18,14,get,67.950,68.150,VB,6.0253,6.28,3,-0.835345
audio20.TextGrid,18,15,him,68.150,68.330,PRP,8.0270,6.11,3,1.997338
audio20.TextGrid,18,16,instead,68.330,68.650,RB,8.3435,5.24,6,-0.101788
audio20.TextGrid,18,17,of,68.650,68.720,IN,3.2155,7.4,2,-0.657538
audio20.TextGrid,18,18,dolphin,68.720,69.240,NN,11.0449,3.67,6,3.541788
audio20.TextGrid,19,1,dolphin,70.000,70.330,NN,11.1384,3.67,6,3.635288
audio20.TextGrid,19,2,is,70.330,70.440,VBZ,4.5180,7.07,2,-0.690766
audio20.TextGrid,19,3,too,70.440,70.610,RB,7.4339,5.95,2,0.927032
audio20.TextGrid,19,4,sweet,70.610,71.120,JJ,10.0055,4.91,4,2.025751
audio20.TextGrid,20,1,this,71.770,71.940,DT,4.8800,6.82,3,-0.639005
audio20.TextGrid,20,2,is,71.940,72.050,VBZ,7.0374,7.07,2,1.828634
audio20.TextGrid,20,3,hardly,72.050,72.390,RB,9.2200,4.53,6,1.200792
audio20.TextGrid,20,4,sweet,72.390,72.650,JJ,10.0034,4.91,4,2.023651
audio20.TextGrid,20,5,at,72.650,72.750,IN,4.9198,6.7,2,0.235449
audio20.TextGrid,20,6,all,72.750,73.140,DT,5.4515,6.52,2,0.558526
audio20.TextGrid,20,7,and,73.140,73.260,CC,3.3257,7.41,2,-0.535747
audio20.TextGrid,20,8,all,73.260,73.430,PDT,5.9538,6.52,2,1.060826
audio20.TextGrid,20,9,the,73.430,73.540,DT,3.9788,7.73,2,0.488239
audio20.TextGrid,20,10,strength,73.540,73.940,NN,9.0444,4.8,6,0.863161
audio20.TextGrid,20,11,is,73.940,74.060,VBZ,5.2155,7.07,2,0.006734
audio20.TextGrid,20,12,still,74.060,74.350,RB,6.8091,5.92,4,-0.888401
audio20.TextGrid,20,13,in,74.350,74.450,IN,3.7520,7.27,2,-0.271710
audio20.TextGrid,20,14,it,74.490,74.660,PRP,3.8482,6.95,2,-0.546396
audio20.TextGrid,21,1,there,76.910,77.060,EX,5.7321,6.31,3,-0.153715
audio20.TextGrid,21,2,is,77.060,77.190,VBZ,3.4079,7.07,2,-1.800866
audio20.TextGrid,21,3,no,77.190,77.380,DT,6.4200,6.35,2,1.329993
audio20.TextGrid,21,4,sense,77.380,77.730,NN,8.4869,5.19,4,0.585398
audio20.TextGrid,21,5,in,77.730,77.850,IN,3.5196,7.27,2,-0.504110
audio20.TextGrid,21,6,being,77.850,78.150,VBG,8.2654,5.95,4,0.576282
audio20.TextGrid,21,7,anything,78.150,78.510,NN,9.1298,5.55,6,0.498477
audio20.TextGrid,21,8,but,78.510,78.660,CC,5.9521,6.63,3,0.296441
audio20.TextGrid,21,9,practical,78.660,79.190,JJ,10.3335,4.48,9,2.510364
audio20.TextGrid,21,10,though,79.190,79.460,IN,8.4503,5.5,2,2.375127
audio20.TextGrid,21,11,he,79.640,79.760,PRP,4.5033,6.69,2,-0.192641
audio20.TextGrid,21,12,thought,79.760,80.090,VBD,9.3153,5.59,3,1.958382
audio20.TextGrid,22,1,i,80.730,80.830,JJ,5.5144,7.09,1,1.421291
audio20.TextGrid,22,2,wish,80.830,81.040,NN,9.0633,5.18,3,1.411496
audio20.TextGrid,22,3,i,81.040,81.150,NN,6.0510,7.09,1,1.957891
audio20.TextGrid,22,4,had,81.150,81.320,VBD,6.7946,6.33,3,-0.030083
audio20.TextGrid,22,5,some,81.320,81.450,DT,5.9286,6.2,3,-0.036331
audio20.TextGrid,22,6,salt,81.450,81.910,NN,11.0715,4.6,4,3.005120
audio20.TextGrid,23,1,and,83.010,83.110,CC,3.7036,7.41,3,-1.391055
audio20.TextGrid,23,2,i,83.110,83.220,VB,5.7252,7.09,1,1.632091
audio20.TextGrid,23,3,do,83.220,83.350,VBP,5.3274,6.35,2,-0.715860
audio20.TextGrid,23,4,not,83.350,83.560,RB,5.5340,6.69,3,-1.031758
audio20.TextGrid,23,5,know,83.560,83.690,VB,7.8083,6.1,2,1.475285
audio20.TextGrid,23,6,whether,83.690,83.940,IN,7.8502,5.32,4,0.938279
audio20.TextGrid,23,7,the,83.940,84.050,DT,1.7162,7.73,2,-1.774361
audio20.TextGrid,23,8,sun,84.050,84.290,NN,10.3551,4.97,3,2.552256
audio20.TextGrid,23,9,will,84.290,84.620,MD,7.5266,6.45,3,1.741478
audio20.TextGrid,23,10,rot,84.620,84.910,VB,3.7358,3.7,3,-4.980474
audio20.TextGrid,23,11,or,84.910,85.090,CC,5.7148,6.54,2,0.845006
audio20.TextGrid,23,12,dry,85.090,85.450,VB,11.3472,4.74,3,3.378932
audio20.TextGrid,23,13,what,85.450,85.630,WP,6.9341,6.38,3,1.098632
audio20.TextGrid,23,14,is,85.630,85.790,VBZ,3.7969,7.07,2,-1.411866
audio20.TextGrid,23,15,left,85.790,86.090,VBN,8.6152,5.62,4,0.833863
audio20.TextGrid,23,16,so,86.090,86.240,RB,5.9390,6.52,2,0.092773
audio20.TextGrid,23,17,i,86.240,86.340,JJ,6.3194,7.09,1,2.226291
audio20.TextGrid,23,18,had,86.340,86.500,VBD,6.5058,6.33,3,-0.318883
audio20.TextGrid,23,19,better,86.500,86.790,RBR,8.0583,5.76,4,0.316086
audio20.TextGrid,23,20,eat,86.790,86.980,VB,12.1149,5.13,2,4.657637
audio20.TextGrid,23,21,it,86.980,87.090,PRP,4.8064,6.95,2,0.411804
audio20.TextGrid,23,22,all,87.090,87.510,DT,7.1723,6.52,2,2.279326
audio20.TextGrid,23,23,although,87.790,88.110,IN,9.0659,5.3,4,2.148390
audio20.TextGrid,23,24,i,88.110,88.240,NN,5.4575,7.09,1,1.364391
audio20.TextGrid,23,25,am,88.240,88.340,VBP,10.7755,5.78,2,4.071599
audio20.TextGrid,23,26,not,88.340,88.530,RB,5.5234,6.69,3,-1.042358
audio20.TextGrid,23,27,hungry,88.530,88.970,JJ,5.3580,4.45,6,-2.613199
audio20.TextGrid,24,1,the,89.700,89.780,DT,1.8241,7.73,2,-1.666461
audio20.TextGrid,24,2,fish,89.780,90.060,NN,4.1358,4.9,3,-3.717391
audio20.TextGrid,24,3,is,90.060,90.160,VBZ,3.6170,7.07,2,-1.591766
audio20.TextGrid,24,4,calm,90.160,90.510,JJ,5.8983,4.54,4,-2.184847
audio20.TextGrid,24,5,and,90.510,90.620,CC,3.7331,7.41,3,-1.361555
audio20.TextGrid,24,6,steady,90.620,91.050,JJ,8.1743,4.31,5,0.156998
audio20.TextGrid,25,1,i,91.450,91.550,NN,5.5144,7.09,1,1.421291
audio20.TextGrid,25,2,will,91.550,91.700,MD,4.2229,6.45,3,-1.562222
audio20.TextGrid,25,3,eat,91.700,91.860,VB,9.6808,5.13,2,2.223537
audio20.TextGrid,25,4,it,91.860,91.960,PRP,4.8722,6.95,2,0.477604
audio20.TextGrid,25,5,all,91.960,92.230,DT,7.5092,6.52,2,2.616226
audio20.TextGrid,25,6,and,92.630,92.730,CC,3.3449,7.41,2,-0.516547
audio20.TextGrid,25,7,then,92.730,92.870,RB,8.1088,6.07,3,1.097116
audio20.TextGrid,25,8,i,92.870,92.950,VB,7.5555,7.09,1,3.462391
audio20.TextGrid,25,9,will,92.950,93.130,MD,5.2727,6.45,3,-0.512422
audio20.TextGrid,25,10,be,93.130,93.260,VB,3.7206,6.79,2,-1.812692
audio20.TextGrid,25,11,ready,93.260,93.650,JJ,10.8037,5.28,4,2.927349
audio20.TextGrid,26,1,be,95.280,95.390,VB,8.5148,6.79,2,2.981508
audio20.TextGrid,26,2,patient,95.390,95.810,JJ,11.7817,4.77,6,3.618465
audio20.TextGrid,26,3,hand,95.810,96.190,NN,9.5833,5.41,4,1.743278
audio20.TextGrid,26,4,he,96.440,96.570,PRP,6.3859,6.69,2,1.689959
audio20.TextGrid,26,5,said,96.570,96.830,VBD,3.6736,6.01,3,-3.381238
audio20.TextGrid,26,6,i,96.830,96.940,RB,6.1705,7.09,1,2.077391
audio20.TextGrid,26,7,do,96.940,97.130,VBP,6.2478,6.35,2,0.204540
audio20.TextGrid,26,8,this,97.130,97.340,DT,5.5933,6.82,3,0.074295
audio20.TextGrid,26,9,for,97.340,97.450,IN,6.0659,7.01,2,1.740845
audio20.TextGrid,26,10,you,97.450,99.320,PRP,5.6388,6.98,2,1.278975
audio20.TextGrid,26,11,i,99.350,99.430,VBP,7.5485,7.09,1,3.455391
audio20.TextGrid,26,12,wish,99.430,99.630,JJ,10.0235,5.18,3,2.371696
audio20.TextGrid,26,13,i,99.630,99.710,NN,6.1713,7.09,1,2.078191
audio20.TextGrid,26,14,could,99.710,99.910,MD,6.7477,6.06,3,0.682076
audio20.TextGrid,26,15,feed,99.910,100.100,VB,8.9917,4.67,3,0.973085
audio20.TextGrid,26,16,the,100.100,100.210,DT,2.7591,7.73,2,-0.731461
audio20.TextGrid,26,17,fish,100.210,100.640,NN,4.1414,4.9,3,-3.711791
audio20.TextGrid,26,18,he,100.820,100.920,PRP,6.6394,6.69,2,1.943459
audio20.TextGrid,26,19,thought,100.920,101.300,VBD,8.7437,5.59,3,1.386782
audio20.TextGrid,26,20,he,101.560,101.700,PRP,5.3195,6.69,2,0.623559
audio20.TextGrid,26,21,is,101.700,101.790,VBZ,4.3074,7.07,2,-0.901366
audio20.TextGrid,26,22,my,101.790,101.950,PRP$,8.0498,6.57,2,3.214777
audio20.TextGrid,26,23,brother,101.950,102.380,NN,4.2530,5.11,5,-3.892566
audio20.TextGrid,27,1,but,103.090,103.210,CC,5.3198,6.63,3,-0.335859
audio20.TextGrid,27,2,i,103.210,103.290,NN,5.7238,7.09,1,1.630691
audio20.TextGrid,27,3,must,103.290,103.540,MD,6.8809,5.68,4,0.069583
audio20.TextGrid,27,4,kill,103.540,103.800,VB,8.5218,5.09,3,0.805264
audio20.TextGrid,27,5,him,103.800,104.060,PRP,8.0999,6.11,2,2.731728
audio20.TextGrid,27,6,and,104.060,104.180,CC,4.3918,7.41,2,0.530353
audio20.TextGrid,27,7,keep,104.180,104.480,VB,8.0245,5.66,3,0.717929
audio20.TextGrid,27,8,strong,104.480,105.010,JJ,8.2347,5.22,5,0.071498
audio20.TextGrid,27,9,to,105.010,105.140,TO,3.5796,7.43,2,-0.258667
audio20.TextGrid,27,10,do,105.140,105.390,VB,5.4297,6.35,2,-0.613560
audio20.TextGrid,27,11,it,105.390,105.590,PRP,4.6409,6.95,2,0.246304
audio20.TextGrid,28,1,slowly,106.700,107.110,RB,9.6256,4.63,5,1.556992
audio20.TextGrid,28,2,and,107.110,107.190,CC,2.9248,7.41,2,-0.936647
audio20.TextGrid,28,3,conscientiously,107.190,108.090,RB,4.5423,2.36,12,3.751507
audio20.TextGrid,28,4,he,108.090,108.270,PRP,5.2958,6.69,2,0.599859
audio20.TextGrid,28,5,ate,108.270,108.480,VB,3.9308,4.34,2,-4.442088
audio20.TextGrid,28,6,all,108.480,108.870,DT,5.9972,6.52,2,1.104226
audio20.TextGrid,28,7,of,108.870,108.940,IN,4.8945,7.4,2,1.021462
audio20.TextGrid,28,8,the,108.940,109.020,DT,1.7151,7.73,2,-1.775461
audio20.TextGrid,28,9,wedge,109.020,109.340,NN,4.1365,3.62,3,-4.637313
audio20.TextGrid,28,10,shaped,109.340,109.630,VBD,5.5088,4.38,4,-2.619059
audio20.TextGrid,28,11,strips,109.630,110.020,NNS,7.5291,3.86,6,-0.088033
audio20.TextGrid,28,12,of,110.020,110.100,IN,2.7594,7.4,2,-1.113638
audio20.TextGrid,28,13,fish,110.100,110.500,NN,5.7934,4.9,3,-2.059791
audio20.TextGrid,29,1,he,111.730,111.840,PRP,4.5353,6.69,2,-0.160641
audio20.TextGrid,29,2,straightened,111.840,112.260,VBD,3.3819,3.13,8,-2.499026
audio20.TextGrid,29,3,up,112.260,112.440,RP,5.0512,6.39,2,0.007553
audio20.TextGrid,29,4,wiping,112.780,113.150,VBG,7.6302,3.44,5,-0.247616
audio20.TextGrid,29,5,his,113.150,113.310,PRP$,5.8503,6.51,3,0.108332
audio20.TextGrid,29,6,hand,113.310,113.590,NN,8.2777,5.41,4,0.437678
audio20.TextGrid,29,7,on,113.590,113.720,IN,4.7006,6.91,2,0.259643
audio20.TextGrid,29,8,his,113.720,113.880,PRP$,5.3090,6.51,3,-0.432968
audio20.TextGrid,29,9,trousers,113.880,114.460,NNS,5.5671,3.7,6,-1.954015
audio20.TextGrid,30,1,now,115.620,116.060,RB,6.7634,6.18,2,0.523107
audio20.TextGrid,30,2,he,116.060,116.480,PRP,5.3385,6.69,2,0.642559
audio20.TextGrid,30,3,said,116.480,116.870,VBD,3.4135,6.01,3,-3.641338
audio20.TextGrid,30,4,you,117.360,117.460,PRP,6.3638,6.98,2,2.003975
audio20.TextGrid,30,5,can,117.460,117.630,MD,6.2010,6.46,3,0.423070
audio20.TextGrid,30,6,let,117.630,117.790,VB,7.5307,5.6,3,0.180975
audio20.TextGrid,30,7,the,117.790,117.900,DT,2.3522,7.73,2,-1.138361
audio20.TextGrid,30,8,cord,117.900,118.200,NN,4.1392,3.98,4,-4.100441
audio20.TextGrid,30,9,go,118.200,118.540,VB,8.6847,6.03,2,2.270554
audio20.TextGrid,30,10,hand,118.540,118.910,NN,10.4384,5.41,4,2.598378
audio20.TextGrid,30,11,and,118.910,119.070,CC,4.0736,7.41,3,-1.021055
audio20.TextGrid,30,12,i,119.070,119.210,NN,6.1671,7.09,1,2.073991
audio20.TextGrid,30,13,will,119.210,119.400,MD,5.0807,6.45,3,-0.704422
audio20.TextGrid,30,14,handle,119.400,119.720,VB,8.9003,4.79,6,0.725063
audio20.TextGrid,30,15,him,119.720,119.870,PRP,7.9661,6.11,2,2.597928
audio20.TextGrid,30,16,with,119.870,119.990,IN,4.6987,6.85,3,-0.798727
audio20.TextGrid,30,17,the,119.990,120.070,DT,1.6961,7.73,2,-1.794461
audio20.TextGrid,30,18,right,120.070,120.320,JJ,6.9867,5.96,3,-0.104100
audio20.TextGrid,30,19,arm,120.320,120.530,NN,10.0846,4.73,3,2.109139
audio20.TextGrid,30,20,alone,120.530,120.900,RB,9.5795,5.16,4,1.669614
audio20.TextGrid,30,21,until,120.900,121.160,IN,7.5296,5.61,5,0.257122
audio20.TextGrid,30,22,you,121.160,121.360,PRP,5.6600,6.98,2,1.300175
audio20.TextGrid,30,23,stop,121.360,121.740,VBP,9.2834,5.52,4,1.474117
audio20.TextGrid,30,24,that,121.740,121.990,IN,4.3693,7.01,3,-1.013050
audio20.TextGrid,30,25,nonsense,121.990,122.670,NN,5.3263,4.21,7,-2.326775
audio20.TextGrid,31,1,he,123.920,124.020,PRP,4.5353,6.69,2,-0.160641
audio20.TextGrid,31,2,put,124.020,124.220,VBD,6.6820,5.66,3,-0.624571
audio20.TextGrid,31,3,his,124.220,124.380,PRP$,6.1255,6.51,3,0.383532
audio20.TextGrid,31,4,left,124.380,124.630,JJ,10.8583,5.62,4,3.076963
audio20.TextGrid,31,5,foot,124.630,124.890,NN,9.7483,4.87,3,1.873532
audio20.TextGrid,31,6,on,124.890,125.030,IN,5.0250,6.91,2,0.584043
audio20.TextGrid,31,7,the,125.030,125.090,DT,1.7012,7.73,2,-1.789361
audio20.TextGrid,31,8,heavy,125.090,125.370,JJ,8.7535,4.96,4,0.787724
audio20.TextGrid,31,9,line,125.370,125.680,NN,7.7618,5.49,3,0.332959
audio20.TextGrid,31,10,that,125.680,125.790,IN,4.1860,7.01,3,-1.196350
audio20.TextGrid,31,11,the,125.790,125.860,DT,1.9971,7.73,2,-1.493461
audio20.TextGrid,31,12,left,125.860,126.130,JJ,10.6564,5.62,4,2.875063
audio20.TextGrid,31,13,hand,126.130,126.350,NN,8.3174,5.41,4,0.477378
audio20.TextGrid,31,14,had,126.350,126.490,VBD,6.2115,6.33,3,-0.613183
audio20.TextGrid,31,15,held,126.490,126.810,VBN,8.3003,5.24,4,0.412770
audio20.TextGrid,32,1,and,127.420,127.560,CC,3.7036,7.41,3,-1.391055
audio20.TextGrid,32,2,lay,127.560,127.730,VB,13.3545,4.64,2,5.329318
audio20.TextGrid,32,3,back,127.730,128.050,RB,7.0506,6.04,3,0.017339
audio20.TextGrid,32,4,against,128.050,128.380,IN,7.3326,5.68,6,-0.423485
audio20.TextGrid,32,5,the,128.380,128.460,DT,1.7089,7.73,2,-1.781661
audio20.TextGrid,32,6,pull,128.460,128.700,NN,14.0911,4.82,3,6.180371
audio20.TextGrid,32,7,against,128.700,129.000,IN,7.6177,5.68,6,-0.138385
audio20.TextGrid,32,8,his,129.000,129.130,PRP$,5.3325,6.51,3,-0.409468
audio20.TextGrid,32,9,back,129.130,129.590,NN,9.0263,6.04,3,1.993039
audio20.TextGrid,33,1,god,130.860,131.200,NN,11.1384,5.57,3,3.767098
audio20.TextGrid,33,2,help,131.200,131.440,VB,7.2651,5.75,4,-0.479908
audio20.TextGrid,33,3,me,131.440,131.560,PRP,8.6029,6.48,2,3.663565
audio20.TextGrid,33,4,to,131.560,131.670,TO,3.5419,7.43,2,-0.296367
audio20.TextGrid,33,5,have,131.670,131.800,VB,4.7422,6.71,3,-1.809173
audio20.TextGrid,33,6,the,131.800,131.890,DT,2.5894,7.73,2,-0.901161
audio20.TextGrid,33,7,cramp,131.890,132.230,NN,4.1403,3.04,5,-3.673384
audio20.TextGrid,33,8,go,132.240,132.610,VB,8.4704,6.03,2,2.056254
audio20.TextGrid,33,9,he,132.880,133.020,PRP,5.0871,6.69,2,0.391159
audio20.TextGrid,33,10,said,133.020,133.360,VBD,5.1604,6.01,3,-1.894438
audio20.TextGrid,34,1,because,133.880,134.130,IN,6.7432,6.03,5,-0.596616
audio20.TextGrid,34,2,i,134.130,134.230,NNS,5.4891,7.09,1,1.395991
audio20.TextGrid,34,3,do,134.230,134.400,VBP,6.8244,6.35,2,0.781140
audio20.TextGrid,34,4,not,134.400,134.650,RB,5.4587,6.69,3,-1.107058
audio20.TextGrid,34,5,know,134.650,134.840,VB,7.7153,6.1,2,1.382285
audio20.TextGrid,34,6,what,134.840,135.000,WP,6.9060,6.38,3,1.070532
audio20.TextGrid,34,7,the,135.000,135.110,DT,3.4511,7.73,2,-0.039461
audio20.TextGrid,34,8,fish,135.110,135.370,NN,4.1424,4.9,3,-3.710791
audio20.TextGrid,34,9,is,135.370,135.490,VBZ,3.6257,7.07,2,-1.583066
audio20.TextGrid,34,10,going,135.490,135.730,VBG,7.9196,5.94,4,0.227688
audio20.TextGrid,34,11,to,135.730,135.830,TO,3.1700,7.43,2,-0.668267
audio20.TextGrid,34,12,do,135.830,136.170,VB,5.4343,6.35,2,-0.608960
audio20.TextGrid,34,13,but,138.430,138.570,CC,5.6632,6.63,3,0.007541
audio20.TextGrid,34,14,he,138.570,138.660,PRP,5.9491,6.69,2,1.253159
audio20.TextGrid,34,15,seems,138.660,138.980,VBZ,8.1355,5.24,4,0.247970
audio20.TextGrid,34,16,calm,138.980,139.480,NN,6.6401,4.54,3,-1.472016
audio20.TextGrid,34,17,he,139.660,139.770,PRP,6.5800,6.69,2,1.884059
audio20.TextGrid,34,18,thought,139.770,140.170,VBD,8.3438,5.59,3,0.986882
audio20.TextGrid,35,1,and,140.630,140.760,CC,3.7036,7.41,3,-1.391055
audio20.TextGrid,35,2,following,140.760,141.180,VBG,9.5410,5.46,6,0.963687
audio20.TextGrid,35,3,his,141.180,141.330,PRP$,6.4295,6.51,3,0.687532
audio20.TextGrid,35,4,plan,141.330,141.820,NN,6.5341,5.29,4,-1.339457
audio20.TextGrid,36,1,but,142.750,142.890,CC,5.3198,6.63,3,-0.335859
audio20.TextGrid,36,2,what,142.890,143.080,WP,7.6895,6.38,3,1.854032
audio20.TextGrid,36,3,is,143.080,143.260,VBZ,3.8047,7.07,2,-1.404066
audio20.TextGrid,36,4,his,143.260,143.410,PRP$,6.0075,6.51,3,0.265532
audio20.TextGrid,36,5,plan,143.410,143.780,NN,6.5322,5.29,4,-1.341357
audio20.TextGrid,36,6,he,144.030,144.150,PRP,5.7514,6.69,2,1.055459
audio20.TextGrid,36,7,thought,144.150,144.520,VBD,8.0734,5.59,3,0.716482
audio20.TextGrid,37,1,and,145.230,145.360,CC,3.7036,7.41,2,-0.157847
audio20.TextGrid,37,2,what,145.360,145.540,WP,7.6912,6.38,3,1.855732
audio20.TextGrid,37,3,is,145.540,145.690,VBZ,3.8036,7.07,2,-1.405166
audio20.TextGrid,37,4,mine,145.690,146.180,JJ,11.0048,5.04,3,3.252303
audio20.TextGrid,38,1,mine,147.000,147.350,NN,10.8914,5.04,3,3.138903
audio20.TextGrid,38,2,i,147.350,147.480,NN,8.6785,7.09,1,4.585391
audio20.TextGrid,38,3,must,147.480,147.720,MD,7.3860,5.68,4,0.574683
audio20.TextGrid,38,4,improvise,147.720,148.280,VB,3.7164,3.02,8,-2.001762
audio20.TextGrid,38,5,to,148.280,148.420,TO,3.4931,7.43,2,-0.345167
audio20.TextGrid,38,6,his,148.420,148.870,PRP$,6.1593,6.51,3,0.417332
audio20.TextGrid,38,7,because,148.870,149.190,IN,8.2543,6.03,5,0.914484
audio20.TextGrid,38,8,of,149.190,149.300,IN,5.2069,7.4,2,1.333862
audio20.TextGrid,38,9,his,149.300,149.460,PRP$,5.6355,6.51,3,-0.106468
audio20.TextGrid,38,10,great,149.460,149.720,JJ,7.7953,5.88,4,0.086621
audio20.TextGrid,38,11,size,149.720,150.300,NN,7.9435,5.13,3,0.255734
audio20.TextGrid,39,1,if,151.430,151.560,IN,6.7770,6.47,2,1.826075
audio20.TextGrid,39,2,he,151.560,151.680,PRP,4.5051,6.69,2,-0.190841
audio20.TextGrid,39,3,will,151.680,151.880,MD,5.7005,6.45,3,-0.084622
audio20.TextGrid,39,4,jump,151.880,152.220,VB,8.5087,4.69,4,0.467471
audio20.TextGrid,39,5,i,152.220,152.310,NN,5.9659,7.09,1,1.872791
audio20.TextGrid,39,6,can,152.310,152.490,MD,6.8723,6.46,3,1.094370
audio20.TextGrid,39,7,kill,152.490,152.770,VB,8.5378,5.09,3,0.821264
audio20.TextGrid,39,8,him,152.770,153.010,PRP,8.0686,6.11,2,2.700428
audio20.TextGrid,40,1,but,153.580,153.700,CC,5.3198,6.63,3,-0.335859
audio20.TextGrid,40,2,he,153.700,153.820,PRP,4.7447,6.69,2,0.048759
audio20.TextGrid,40,3,stays,153.820,154.140,VBZ,9.8366,4.26,4,1.675206
audio20.TextGrid,40,4,down,154.140,154.470,RB,6.5973,5.88,3,-0.551039
audio20.TextGrid,40,5,forever,154.470,154.950,RB,4.9440,4.74,5,-3.142244
audio20.TextGrid,41,1,then,155.900,156.050,RB,7.4856,6.07,3,0.473916
audio20.TextGrid,41,2,i,156.050,156.180,NN,6.3159,7.09,1,2.222791
audio20.TextGrid,41,3,will,156.180,156.340,MD,4.2559,6.45,3,-1.529222
audio20.TextGrid,41,4,stay,156.340,156.600,VB,7.9824,5.33,3,0.438481
audio20.TextGrid,41,5,down,156.600,156.940,RB,6.3331,5.88,3,-0.815239
audio20.TextGrid,41,6,with,156.940,157.100,IN,5.0033,6.85,3,-0.494127
audio20.TextGrid,41,7,him,157.100,157.280,PRP,7.3969,6.11,3,1.367238
audio20.TextGrid,41,8,forever,157.280,157.800,RB,5.6120,4.74,5,-2.474244
audio20.TextGrid,42,1,he,160.140,160.250,PRP,4.5353,6.69,2,-0.160641
audio20.TextGrid,42,2,rubbed,160.250,160.460,VBD,3.3819,3.57,4,-4.972316
audio20.TextGrid,42,3,the,160.460,160.540,DT,2.4671,7.73,2,-1.023461
audio20.TextGrid,42,4,cramped,160.540,160.870,JJ,5.0793,3.28,6,-2.189768
audio20.TextGrid,42,5,hand,160.870,161.130,NN,8.3483,5.41,4,0.508278
audio20.TextGrid,42,6,against,161.130,161.440,IN,7.2922,5.68,6,-0.463885
audio20.TextGrid,42,7,his,161.440,161.610,PRP$,5.3057,6.51,3,-0.436268
audio20.TextGrid,42,8,trousers,161.610,162.180,NNS,5.5670,3.7,6,-1.954115
audio20.TextGrid,42,9,and,162.180,162.340,CC,4.4479,7.41,3,-0.646755
audio20.TextGrid,42,10,tried,162.340,162.570,VBD,10.0562,5.16,4,2.146314
audio20.TextGrid,42,11,to,162.570,162.630,TO,3.1404,7.43,2,-0.697867
audio20.TextGrid,42,12,gentle,162.630,162.940,VB,12.0388,4.17,6,4.235632
audio20.TextGrid,42,13,the,162.940,163.040,DT,5.1526,7.73,2,1.662039
audio20.TextGrid,42,14,fingers,163.040,163.630,NNS,11.3208,4.5,6,3.319595
audio20.TextGrid,42,15,but,164.010,164.130,CC,5.4710,6.63,3,-0.184659
audio20.TextGrid,42,16,it,164.130,164.220,PRP,4.4065,6.95,2,0.011904
audio20.TextGrid,42,17,would,164.220,164.330,MD,5.9301,6.27,3,0.015516
audio20.TextGrid,42,18,not,164.330,164.520,RB,6.2045,6.69,3,-0.361258
audio20.TextGrid,42,19,open,164.520,164.930,VB,8.8745,5.48,4,1.054039
audio20.TextGrid,43,1,maybe,165.710,165.990,RB,9.9133,5.45,4,2.084456
audio20.TextGrid,43,2,it,165.990,166.120,PRP,4.6944,6.95,2,0.299804
audio20.TextGrid,43,3,will,166.120,166.280,MD,4.2493,6.45,3,-1.535822
audio20.TextGrid,43,4,open,166.280,166.490,VB,8.8027,5.48,4,0.982239
audio20.TextGrid,43,5,with,166.490,166.650,IN,5.1427,6.85,3,-0.354727
audio20.TextGrid,43,6,the,166.650,166.730,DT,1.7108,7.73,2,-1.779761
audio20.TextGrid,43,7,sun,166.730,167.150,NN,10.3545,4.97,3,2.551656
audio20.TextGrid,43,8,he,167.270,167.390,PRP,7.6594,6.69,2,2.963459
audio20.TextGrid,43,9,thought,167.390,167.740,VBD,8.9366,5.59,3,1.579682
audio20.TextGrid,43,10,maybe,168.030,168.270,RB,9.3791,5.45,4,1.550256
audio20.TextGrid,43,11,it,168.270,168.380,PRP,5.8250,6.95,2,1.430404
audio20.TextGrid,43,12,will,168.380,168.500,MD,5.6353,6.45,3,-0.149822
audio20.TextGrid,43,13,open,168.500,168.730,VB,8.8031,5.48,4,0.982639
audio20.TextGrid,43,14,when,168.730,168.910,WRB,6.5869,6.37,3,0.744239
audio20.TextGrid,43,15,the,168.910,168.970,DT,2.0015,7.73,2,-1.489061
audio20.TextGrid,43,16,strong,168.970,169.520,JJ,7.5038,5.22,5,-0.659402
audio20.TextGrid,43,17,raw,169.520,169.760,JJ,11.3228,4.53,2,3.170126
audio20.TextGrid,43,18,tuna,169.760,170.350,NN,4.0032,3.64,4,-4.331455
audio20.TextGrid,43,19,is,170.350,170.440,VBZ,3.4971,7.07,2,-1.711666
audio20.TextGrid,43,20,digested,170.440,171.140,VBN,5.8998,3.01,8,0.196435
audio20.TextGrid,44,1,if,171.970,172.090,IN,6.7770,6.47,2,1.826075
audio20.TextGrid,44,2,i,172.090,172.200,NNS,5.4838,7.09,1,1.390691
audio20.TextGrid,44,3,have,172.200,172.360,VBP,5.5772,6.71,3,-0.974173
audio20.TextGrid,44,4,to,172.360,172.500,TO,3.2535,7.43,2,-0.584767
audio20.TextGrid,44,5,have,172.500,172.670,VB,4.0392,6.71,3,-2.512173
audio20.TextGrid,44,6,it,172.670,172.760,PRP,4.6157,6.95,2,0.221104
audio20.TextGrid,44,7,i,172.760,172.870,VB,6.6116,7.09,1,2.518491
audio20.TextGrid,44,8,will,172.870,173.040,MD,4.4932,6.45,3,-1.291922
audio20.TextGrid,44,9,open,173.040,173.290,VB,8.8027,5.48,4,0.982239
audio20.TextGrid,44,10,it,173.290,173.480,PRP,4.4626,6.95,2,0.068004
audio20.TextGrid,44,11,cost,173.480,173.930,VB,9.6362,5.24,4,1.748670
audio20.TextGrid,44,12,whatever,173.930,174.230,IN,3.5027,5.14,6,-3.929324
audio20.TextGrid,44,13,it,174.230,174.350,PRP,3.8119,6.95,2,-0.582696
audio20.TextGrid,44,14,costs,174.350,174.990,VBZ,9.2035,4.96,5,1.081984
audio20.TextGrid,45,1,but,175.440,175.560,CC,5.3198,6.63,3,-0.335859
audio20.TextGrid,45,2,i,175.560,175.650,NNS,5.7238,7.09,1,1.630691
audio20.TextGrid,45,3,do,175.650,175.760,VBP,5.3290,6.35,2,-0.714260
audio20.TextGrid,45,4,not,175.760,176.020,RB,5.5340,6.69,3,-1.031758
audio20.TextGrid,45,5,want,176.020,176.310,VB,7.2267,6.04,4,-0.437267
audio20.TextGrid,45,6,to,176.310,176.380,TO,3.3067,7.43,2,-0.531567
audio20.TextGrid,45,7,open,176.380,176.650,VB,8.8022,5.48,4,0.981739
audio20.TextGrid,45,8,it,176.650,176.790,PRP,4.6605,6.95,2,0.265904
audio20.TextGrid,45,9,now,176.790,177.020,RB,6.9136,6.18,2,0.673307
audio20.TextGrid,45,10,by,177.020,177.210,IN,5.0128,6.66,2,0.282089
audio20.TextGrid,45,11,force,177.210,177.750,NN,8.6926,5.23,4,0.802276
audio20.TextGrid,46,1,let,178.450,178.610,VB,12.2066,5.6,3,4.856875
audio20.TextGrid,46,2,it,178.610,178.710,PRP,4.5098,6.95,2,0.115204
audio20.TextGrid,46,3,open,178.710,178.990,VB,9.3785,5.48,4,1.558039
audio20.TextGrid,46,4,by,178.990,179.180,IN,5.3714,6.66,2,0.640689
audio20.TextGrid,46,5,itself,179.180,179.640,PRP,8.2212,5.1,6,0.813180
audio20.TextGrid,46,6,and,179.640,179.740,CC,3.9340,7.41,2,0.072553
audio20.TextGrid,46,7,come,179.740,179.940,VB,8.4064,5.78,3,1.186137
audio20.TextGrid,46,8,back,179.940,180.160,RB,7.1568,6.04,3,0.123539
audio20.TextGrid,46,9,of,180.160,180.250,IN,3.1652,7.4,2,-0.707838
audio20.TextGrid,46,10,its,180.250,180.400,PRP$,4.3204,6.14,3,-1.687685
audio20.TextGrid,46,11,own,180.400,180.560,JJ,7.0553,5.74,2,0.305038
audio20.TextGrid,46,12,accord,180.560,181.080,NN,9.4028,3.81,5,1.465662
audio20.TextGrid,47,1,after,182.200,182.450,IN,7.0701,6.11,4,0.378948
audio20.TextGrid,47,2,all,182.450,182.680,DT,5.5098,6.52,2,0.616826
audio20.TextGrid,47,3,i,182.680,182.810,NN,8.5440,7.09,1,4.450891
audio20.TextGrid,47,4,abused,182.810,183.220,VBD,4.3105,4.0,6,-3.390649
audio20.TextGrid,47,5,it,183.220,183.340,PRP,4.5355,6.95,2,0.140904
audio20.TextGrid,47,6,much,183.340,183.610,RB,7.3352,6.0,3,0.273169
audio20.TextGrid,47,7,in,183.610,183.690,IN,3.7864,7.27,2,-0.237310
audio20.TextGrid,47,8,the,183.690,183.760,DT,1.7338,7.73,2,-1.756761
audio20.TextGrid,47,9,night,183.760,184.120,NN,8.1581,5.61,3,0.815567
audio20.TextGrid,47,10,when,184.120,184.210,WRB,6.2244,6.37,3,0.381739
audio20.TextGrid,47,11,it,184.210,184.300,PRP,4.0311,6.95,2,-0.363496
audio20.TextGrid,47,12,was,184.300,184.430,VBD,3.9210,6.82,3,-2.551257
audio20.TextGrid,47,13,necessary,184.430,184.930,JJ,9.1746,4.91,8,0.659847
audio20.TextGrid,47,14,to,184.930,185.060,TO,3.4188,7.43,2,-0.419467
audio20.TextGrid,47,15,free,185.060,185.420,VB,8.8367,5.63,3,1.508552
audio20.TextGrid,47,16,and,185.420,185.560,CC,3.8886,7.41,3,-1.206055
audio20.TextGrid,47,17,untie,185.560,186.000,VB,4.8650,2.51,4,-3.785437
audio20.TextGrid,47,18,the,186.000,186.110,DT,2.3097,7.73,2,-1.180861
audio20.TextGrid,47,19,various,186.110,186.570,JJ,8.9322,5.12,6,0.558925
audio20.TextGrid,47,20,lines,186.570,187.070,NNS,8.6501,4.95,4,0.681529
