fichier,phrase_id,position,mot,onset,offset,POS,surprise_llm,freq_zipf,n_phones,surprise_llm_ctrlfreq
audio01.TextGrid,1,1,he,0.760,0.880,PRP,5.9491,6.69,2,3.313130
audio01.TextGrid,1,2,was,0.880,1.040,VBD,2.2947,6.82,3,-0.154145
audio01.TextGrid,1,3,an,1.040,1.120,DT,4.1827,6.53,2,1.316422
audio01.TextGrid,1,4,old,1.120,1.410,JJ,4.1447,5.75,3,0.155671
audio01.TextGrid,1,5,man,1.410,1.790,NN,1.2103,5.82,3,-2.677970
audio01.TextGrid,1,6,who,1.870,2.080,WP,1.8144,6.34,2,-1.325369
audio01.TextGrid,1,7,fished,2.080,2.410,VBD,10.0669,3.08,4,2.234607
audio01.TextGrid,1,8,alone,2.410,2.770,RB,5.7741,5.16,4,0.935810
audio01.TextGrid,1,9,in,2.770,2.880,IN,1.8350,7.27,2,0.033896
audio01.TextGrid,1,10,a,2.880,2.950,DT,1.8670,7.36,1,0.195445
audio01.TextGrid,1,11,skiff,2.950,3.410,NN,9.9656,2.63,4,1.485565
audio01.TextGrid,1,12,in,3.410,3.490,IN,3.4997,7.27,2,1.698596
audio01.TextGrid,1,13,the,3.490,3.590,DT,1.2378,7.73,2,0.098832
audio01.TextGrid,1,14,gulf,3.590,3.900,NN,7.2559,4.28,4,1.150916
audio01.TextGrid,1,15,stream,3.900,4.370,NN,5.6620,4.62,5,0.046421
audio01.TextGrid,1,16,and,4.500,4.650,CC,3.1238,7.41,3,1.524216
audio01.TextGrid,1,17,he,4.650,4.710,PRP,4.7044,6.69,2,2.068430
audio01.TextGrid,1,18,had,4.710,4.820,VBD,2.1173,6.33,3,-1.036863
audio01.TextGrid,1,19,gone,4.820,5.080,VBN,5.0985,5.17,3,0.274604
audio01.TextGrid,1,20,eighty,5.080,5.370,RB,10.8221,3.75,3,3.954221
audio01.TextGrid,1,21,four,5.370,5.590,CD,2.3084,5.53,3,-1.997303
audio01.TextGrid,1,22,days,5.590,6.010,NNS,2.5255,5.61,3,-1.665049
audio01.TextGrid,1,23,now,6.010,6.250,RB,7.4918,6.18,2,4.121723
audio01.TextGrid,1,24,without,6.250,6.550,IN,1.8207,5.69,5,-2.254695
audio01.TextGrid,1,25,taking,6.550,6.950,VBG,5.0940,5.39,5,0.586778
audio01.TextGrid,1,26,a,6.950,7.000,DT,1.2658,7.36,1,-0.405755
audio01.TextGrid,1,27,fish,7.000,7.420,NN,3.6953,4.9,3,-1.517240
audio01.TextGrid,2,1,in,7.420,7.480,IN,4.0516,7.27,2,2.250496
audio01.TextGrid,2,2,the,8.580,8.770,DT,1.2016,7.73,2,0.062632
audio01.TextGrid,2,3,first,8.770,9.090,JJ,3.8151,6.11,4,0.344264
audio01.TextGrid,2,4,forty,9.090,9.390,NN,5.1249,4.2,5,-1.095238
audio01.TextGrid,2,5,days,9.390,9.770,NNS,1.5429,5.61,3,-2.647649
audio01.TextGrid,2,6,a,9.770,9.820,DT,5.0871,7.36,1,3.415545
audio01.TextGrid,2,7,boy,9.820,10.140,NN,5.8649,5.17,2,1.041004
audio01.TextGrid,2,8,had,10.140,10.310,VBD,2.5823,6.33,3,-0.571863
audio01.TextGrid,2,9,been,10.310,10.450,VBN,1.7550,6.27,3,-1.485528
audio01.TextGrid,2,10,with,10.450,10.650,IN,5.1703,6.85,3,2.764638
audio01.TextGrid,2,11,him,10.650,10.900,PRP,0.1842,6.11,3,-3.286636
audio01.TextGrid,2,12,but,11.200,11.340,CC,3.8525,6.63,3,1.130165
audio01.TextGrid,2,13,after,11.340,11.590,IN,3.8968,6.11,4,0.425964
audio01.TextGrid,2,14,forty,11.590,11.910,JJ,2.1821,4.2,5,-4.038038
audio01.TextGrid,2,15,days,11.910,12.270,NNS,0.4278,5.61,3,-3.762749
audio01.TextGrid,2,16,without,12.270,12.560,IN,5.9828,5.69,5,1.907405
audio01.TextGrid,2,17,a,12.560,12.600,DT,2.4321,7.36,1,0.760545
audio01.TextGrid,2,18,fish,12.600,13.030,NN,0.2074,4.9,3,-5.005140
audio01.TextGrid,2,19,the,13.030,13.140,DT,2.7351,7.73,2,1.596132
audio01.TextGrid,2,20,boy,13.140,13.360,NN,0.9108,5.17,2,-3.913096
audio01.TextGrid,2,21,s,13.360,13.430,NN,3.6916,5.86,1,-0.139093
audio01.TextGrid,2,22,parents,13.430,13.860,NNS,4.6534,5.21,7,-0.112919
audio01.TextGrid,2,23,had,13.860,14.030,VBD,1.2954,6.33,3,-1.858763
audio01.TextGrid,2,24,told,14.030,14.280,VBN,3.2527,5.54,4,-1.038608
audio01.TextGrid,2,25,him,14.280,14.460,PRP,0.1574,6.11,2,-3.313436
audio01.TextGrid,2,26,that,14.460,14.590,IN,1.2227,7.01,3,-0.952654
audio01.TextGrid,2,27,the,14.590,14.720,DT,2.3639,7.73,2,1.224932
audio01.TextGrid,2,28,old,14.720,14.930,JJ,3.2876,5.75,3,-0.701429
audio01.TextGrid,2,29,man,14.930,15.160,NN,0.1440,5.82,3,-3.744270
audio01.TextGrid,2,30,was,15.160,15.330,VBD,1.4534,6.82,3,-0.995445
audio01.TextGrid,2,31,now,15.330,15.510,RB,4.9237,6.18,2,1.553623
audio01.TextGrid,2,32,definitely,15.510,16.240,RB,11.1382,4.96,9,6.012025
audio01.TextGrid,2,33,and,16.240,16.390,CC,7.3757,7.41,3,5.776116
audio01.TextGrid,2,34,finally,16.390,16.900,RB,4.5902,5.17,6,-0.233696
audio01.TextGrid,2,35,salao,16.900,17.510,VB,25.1394,0.0,5,12.873678
audio01.TextGrid,2,36,which,17.890,18.080,WDT,3.2692,6.3,3,0.071854
audio01.TextGrid,2,37,is,18.080,18.200,VBZ,1.8926,7.07,2,-0.196389
audio01.TextGrid,2,38,the,18.200,18.290,DT,1.4376,7.73,2,0.298632
audio01.TextGrid,2,39,worst,18.290,18.660,JJS,5.9860,4.93,4,0.816642
audio01.TextGrid,2,40,form,18.660,18.970,NN,3.2061,5.31,4,-1.416276
audio01.TextGrid,2,41,of,18.970,19.080,IN,0.0227,7.4,2,-1.591278
audio01.TextGrid,2,42,unlucky,19.080,19.670,JJ,11.2968,3.63,6,4.256190
audio01.TextGrid,3,1,and,20.430,20.510,CC,1.3022,7.41,2,-0.297384
audio01.TextGrid,3,2,the,20.510,20.590,DT,2.5714,7.73,2,1.432432
audio01.TextGrid,3,3,boy,20.590,20.890,NN,1.6345,5.17,2,-3.189396
audio01.TextGrid,3,4,had,20.890,21.050,VBD,1.5276,6.33,3,-1.626563
audio01.TextGrid,3,5,gone,21.050,21.310,VBN,3.7758,5.17,3,-1.048096
audio01.TextGrid,3,6,at,21.310,21.380,IN,5.9540,6.7,2,3.332424
audio01.TextGrid,3,7,their,21.380,21.570,PRP$,7.7009,6.33,3,4.546737
audio01.TextGrid,3,8,orders,21.570,22.040,NNS,4.4245,4.73,5,-1.032743
audio01.TextGrid,3,9,in,22.040,22.150,IN,4.6371,7.27,2,2.835996
audio01.TextGrid,3,10,another,22.150,22.470,DT,5.7709,5.74,5,1.767477
audio01.TextGrid,3,11,boat,22.470,22.840,NN,2.4946,4.71,3,-2.991431
audio01.TextGrid,3,12,which,22.840,23.040,WDT,4.2293,6.3,3,1.031954
audio01.TextGrid,3,13,caught,23.040,23.300,VBD,7.0146,4.9,3,1.802060
audio01.TextGrid,3,14,three,23.300,23.650,CD,4.8027,5.78,3,0.856853
audio01.TextGrid,3,15,good,23.650,24.010,JJ,6.2685,6.12,3,2.812058
audio01.TextGrid,3,16,fish,24.010,24.330,VB,1.5446,4.9,3,-3.667940
audio01.TextGrid,3,17,the,24.330,24.450,DT,5.4410,7.73,2,4.302032
audio01.TextGrid,3,18,first,24.450,24.870,JJ,2.2051,6.11,4,-1.265736
audio01.TextGrid,3,19,week,24.870,25.210,NN,4.0870,5.56,3,-0.175520
audio01.TextGrid,4,1,it,26.510,26.640,PRP,3.7033,6.95,2,1.441580
audio01.TextGrid,4,2,made,26.640,26.830,VBD,5.8603,5.92,3,2.115973
audio01.TextGrid,4,3,the,26.830,26.900,DT,2.4704,7.73,2,1.331432
audio01.TextGrid,4,4,boy,26.900,27.130,JJ,0.9620,5.17,2,-3.861896
audio01.TextGrid,4,5,sad,27.130,27.560,NN,4.8266,4.84,3,-0.472306
audio01.TextGrid,4,6,to,27.560,27.650,TO,2.6215,7.43,2,1.050704
audio01.TextGrid,4,7,see,27.650,27.820,VB,1.2975,6.1,2,-2.187731
audio01.TextGrid,4,8,the,27.820,27.960,DT,1.4571,7.73,2,0.318132
audio01.TextGrid,4,9,old,27.960,28.170,JJ,0.7635,5.75,3,-3.225529
audio01.TextGrid,4,10,man,28.170,28.400,NN,0.0568,5.82,3,-3.831470
audio01.TextGrid,4,11,come,28.400,28.660,VBN,4.3898,5.78,3,0.443953
audio01.TextGrid,4,12,in,28.660,28.780,IN,2.9666,7.27,2,1.165496
audio01.TextGrid,4,13,each,28.780,29.040,DT,7.6822,5.69,2,3.606805
audio01.TextGrid,4,14,day,29.040,29.270,NN,0.7638,5.95,2,-2.937344
audio01.TextGrid,4,15,with,29.270,29.470,IN,3.1903,6.85,3,0.784638
audio01.TextGrid,4,16,his,29.470,29.660,PRP$,2.0945,6.51,3,-0.800566
audio01.TextGrid,4,17,skiff,29.660,30.000,NN,7.7477,2.63,4,-0.732335
audio01.TextGrid,4,18,empty,30.000,30.310,NN,7.7556,4.59,4,2.096838
audio01.TextGrid,4,19,and,30.620,30.730,CC,1.6124,7.41,2,0.012816
audio01.TextGrid,4,20,he,30.730,30.820,PRP,2.6612,6.69,2,0.025230
audio01.TextGrid,4,21,always,30.820,31.060,RB,5.0994,5.76,5,1.124765
audio01.TextGrid,4,22,went,31.060,31.220,VBD,3.0029,5.5,4,-1.345985
audio01.TextGrid,4,23,down,31.220,31.490,RB,4.4899,5.88,3,0.687996
audio01.TextGrid,4,24,to,31.490,31.630,TO,1.3115,7.43,2,-0.259296
audio01.TextGrid,4,25,help,31.630,31.830,VB,7.9269,5.75,4,3.937871
audio01.TextGrid,4,26,him,31.830,31.980,PRP,1.5954,6.11,2,-1.875436
audio01.TextGrid,4,27,carry,31.980,32.450,VB,5.8403,4.89,4,0.613365
audio01.TextGrid,4,28,either,32.450,32.770,CC,9.3130,5.33,3,4.719412
audio01.TextGrid,4,29,the,32.770,32.870,DT,2.2259,7.73,2,1.086932
audio01.TextGrid,4,30,coiled,32.870,33.340,JJ,12.7302,2.9,4,4.638810
audio01.TextGrid,4,31,lines,33.340,33.920,NNS,9.3866,4.95,4,4.246031
audio01.TextGrid,4,32,or,33.920,34.020,CC,0.3868,6.54,1,-2.465084
audio01.TextGrid,4,33,the,34.020,34.130,DT,0.5452,7.73,2,-0.593768
audio01.TextGrid,4,34,gaff,34.130,34.490,NN,11.1069,2.68,3,2.698837
audio01.TextGrid,4,35,and,34.490,34.660,CC,3.1971,7.41,3,1.597516
audio01.TextGrid,4,36,harpoon,34.660,35.270,NN,10.0265,2.83,6,1.834350
audio01.TextGrid,4,37,and,35.610,35.700,CC,2.6395,7.41,2,1.039916
audio01.TextGrid,4,38,the,35.700,35.800,DT,2.8026,7.73,2,1.663632
audio01.TextGrid,4,39,sail,35.800,36.150,NN,8.0623,4.01,3,1.568672
audio01.TextGrid,4,40,that,36.150,36.340,WDT,4.7852,7.01,3,2.609846
audio01.TextGrid,4,41,was,36.340,36.520,VBD,2.0860,6.82,3,-0.362845
audio01.TextGrid,4,42,furled,36.520,36.960,VBN,12.9689,1.74,4,3.207777
audio01.TextGrid,4,43,around,36.960,37.110,IN,4.5134,5.77,4,0.553159
audio01.TextGrid,4,44,the,37.110,37.190,DT,1.3713,7.73,2,0.232332
audio01.TextGrid,4,45,mast,37.190,37.760,NN,6.3515,3.52,4,-0.847446
audio01.TextGrid,5,1,the,38.590,38.670,DT,2.2743,7.73,2,1.135332
audio01.TextGrid,5,2,sail,38.670,39.060,NN,7.3239,4.01,3,0.830272
audio01.TextGrid,5,3,was,39.060,39.300,VBD,1.1276,6.82,3,-1.321245
audio01.TextGrid,5,4,patched,39.300,39.740,VBN,9.4990,3.19,4,1.825043
audio01.TextGrid,5,5,with,39.740,39.890,IN,1.7181,6.85,3,-0.687562
audio01.TextGrid,5,6,flour,39.930,40.260,JJ,7.6891,4.0,4,1.181077
audio01.TextGrid,5,7,sacks,40.260,40.790,NNS,6.3099,3.59,4,-0.788287
audio01.TextGrid,5,8,and,40.790,41.030,CC,0.8591,7.41,3,-0.740484
audio01.TextGrid,5,9,furled,41.330,41.910,VBD,11.8886,1.74,4,2.127477
audio01.TextGrid,5,10,it,41.910,42.130,PRP,2.1938,6.95,2,-0.067920
audio01.TextGrid,5,11,looked,42.130,42.370,VBD,3.7002,5.11,4,-1.210061
audio01.TextGrid,5,12,like,42.370,42.590,IN,0.4517,6.41,3,-2.587309
audio01.TextGrid,5,13,the,42.630,42.730,DT,2.3785,7.73,2,1.239532
audio01.TextGrid,5,14,flag,42.780,43.180,NN,6.7026,4.58,4,1.029444
audio01.TextGrid,5,15,of,43.180,43.280,IN,0.3888,7.4,2,-1.225178
audio01.TextGrid,5,16,permanent,43.340,43.790,JJ,11.9430,4.57,8,6.255450
audio01.TextGrid,5,17,defeat,43.790,44.350,NN,6.9593,4.51,5,1.185384
audio01.TextGrid,6,1,the,45.910,46.010,DT,1.6558,7.73,2,0.516832
audio01.TextGrid,6,2,old,46.010,46.220,JJ,1.3660,5.75,3,-2.623029
audio01.TextGrid,6,3,man,46.220,46.460,NN,0.0474,5.82,3,-3.840870
audio01.TextGrid,6,4,was,46.460,46.690,VBD,1.9636,6.82,3,-0.485245
audio01.TextGrid,6,5,thin,46.710,47.000,JJ,8.3795,4.47,3,2.548007
audio01.TextGrid,6,6,and,47.000,47.150,CC,0.6047,7.41,3,-0.994884
audio01.TextGrid,6,7,gaunt,47.150,47.650,NN,6.3529,2.9,4,-1.738490
audio01.TextGrid,6,8,with,47.650,47.800,IN,3.3884,6.85,3,0.982738
audio01.TextGrid,6,9,deep,47.800,48.110,JJ,6.4024,5.05,3,1.405773
audio01.TextGrid,6,10,wrinkles,48.110,48.570,NNS,2.3060,3.31,7,-5.195226
audio01.TextGrid,6,11,in,48.570,48.650,IN,2.1641,7.27,2,0.362996
audio01.TextGrid,6,12,the,48.650,48.730,DT,2.2665,7.73,2,1.127532
audio01.TextGrid,6,13,back,48.730,49.000,NN,3.0840,6.04,3,-0.487596
audio01.TextGrid,6,14,of,49.000,49.090,IN,0.8513,7.4,2,-0.762678
audio01.TextGrid,6,15,his,49.090,49.270,PRP$,0.0397,6.51,3,-2.855366
audio01.TextGrid,6,16,neck,49.270,49.630,NN,1.8656,4.63,3,-3.735585
audio01.TextGrid,7,1,the,50.470,50.550,DT,2.1812,7.73,2,1.042232
audio01.TextGrid,7,2,brown,50.550,50.840,JJ,8.3139,5.01,4,3.259696
audio01.TextGrid,7,3,blotches,50.840,51.470,NNS,7.5420,2.45,7,-1.197131
audio01.TextGrid,7,4,of,51.470,51.570,IN,1.5125,7.4,2,-0.101478
audio01.TextGrid,7,5,the,51.570,51.660,DT,1.7388,7.73,2,0.599832
audio01.TextGrid,7,6,benevolent,51.660,52.170,NN,14.9017,3.34,10,7.443657
audio01.TextGrid,7,7,skin,52.170,52.510,NN,4.5356,4.91,4,-0.662546
audio01.TextGrid,7,8,cancer,52.510,52.990,NN,12.2987,4.93,5,7.129342
audio01.TextGrid,7,9,the,52.990,53.100,DT,5.9813,7.73,2,4.842332
audio01.TextGrid,7,10,sun,53.100,53.390,JJ,6.3815,4.97,3,1.269719
audio01.TextGrid,7,11,brings,53.390,53.800,NNS,8.7515,4.61,5,3.121527
audio01.TextGrid,7,12,from,53.800,53.980,IN,4.4485,6.63,4,1.726165
audio01.TextGrid,7,13,its,53.980,54.170,PRP$,4.9598,6.14,3,1.532146
audio01.TextGrid,7,14,reflection,54.170,54.640,NN,7.4472,4.17,9,1.183880
audio01.TextGrid,7,15,on,54.640,54.780,IN,1.5852,6.91,2,-0.734097
audio01.TextGrid,7,16,the,54.780,54.860,DT,0.9776,7.73,2,-0.161368
audio01.TextGrid,7,17,tropic,54.860,55.280,NN,12.6075,2.83,6,4.415350
audio01.TextGrid,7,18,sea,55.280,55.650,NN,4.2957,5.06,2,-0.686532
audio01.TextGrid,7,19,were,55.650,55.820,VBD,2.3257,6.34,2,-0.814069
audio01.TextGrid,7,20,on,55.820,55.980,IN,4.1207,6.91,2,1.801403
audio01.TextGrid,7,21,his,55.980,56.160,PRP$,0.5551,6.51,3,-2.339966
audio01.TextGrid,7,22,cheeks,56.160,56.630,NN,2.7259,3.82,4,-4.041219
audio01.TextGrid,8,1,the,57.690,57.760,DT,1.8255,7.73,2,0.686532
audio01.TextGrid,8,2,blotches,57.760,58.200,NNS,7.2496,2.45,7,-1.489531
audio01.TextGrid,8,3,ran,58.200,58.380,VBD,5.6281,4.87,3,0.372377
audio01.TextGrid,8,4,well,58.380,58.610,RB,6.9284,6.03,3,3.342410
audio01.TextGrid,8,5,down,58.610,58.890,IN,1.8774,5.88,3,-1.924504
audio01.TextGrid,8,6,the,58.890,58.980,DT,1.5569,7.73,2,0.417932
audio01.TextGrid,8,7,sides,58.980,59.290,NNS,2.8855,4.73,4,-2.571743
audio01.TextGrid,8,8,of,59.290,59.400,IN,0.1578,7.4,2,-1.456178
audio01.TextGrid,8,9,his,59.400,59.600,PRP$,0.1221,6.51,3,-2.772966
audio01.TextGrid,8,10,face,59.600,60.070,NN,1.5475,5.45,3,-2.873357
audio01.TextGrid,8,11,and,60.070,60.220,CC,1.0201,7.41,3,-0.579484
audio01.TextGrid,8,12,his,60.220,60.410,PRP$,3.2244,6.51,3,0.329334
audio01.TextGrid,8,13,hands,60.410,60.870,NNS,3.4522,5.16,4,-1.386090
audio01.TextGrid,8,14,had,60.870,61.020,VBD,3.8153,6.33,3,0.661137
audio01.TextGrid,8,15,the,61.020,61.090,DT,3.4846,7.73,2,2.345632
audio01.TextGrid,8,16,deep,61.090,61.370,JJ,7.1463,5.05,3,2.149673
audio01.TextGrid,8,17,creased,61.370,61.820,JJ,8.6778,2.46,5,-0.046937
audio01.TextGrid,8,18,scars,61.820,62.350,NNS,3.9007,3.76,5,-2.952785
audio01.TextGrid,8,19,from,62.350,62.520,IN,3.0159,6.63,3,0.293565
audio01.TextGrid,8,20,handling,62.520,62.900,VBG,8.7876,4.39,7,2.840953
audio01.TextGrid,8,21,heavy,62.900,63.190,JJ,5.5748,4.96,4,0.448625
audio01.TextGrid,8,22,fish,63.190,63.470,NN,3.0850,4.9,3,-2.127540
audio01.TextGrid,8,23,on,63.470,63.590,IN,4.0795,6.91,2,1.760203
audio01.TextGrid,8,24,the,63.590,63.680,DT,0.8452,7.73,2,-0.293768
audio01.TextGrid,8,25,cords,63.680,64.240,NNS,10.1726,3.35,5,2.728951
audio01.TextGrid,9,1,but,64.840,65.070,CC,3.8383,6.63,3,1.115965
audio01.TextGrid,9,2,none,65.070,65.290,NN,6.2246,4.93,3,1.055242
audio01.TextGrid,9,3,of,65.290,65.390,IN,0.1659,7.4,2,-1.448078
audio01.TextGrid,9,4,these,65.390,65.580,DT,2.3372,6.04,3,-1.234396
audio01.TextGrid,9,5,scars,65.580,66.030,NNS,2.0003,3.76,5,-4.853185
audio01.TextGrid,9,6,were,66.030,66.100,VBD,1.8388,6.34,2,-1.300969
audio01.TextGrid,9,7,fresh,66.100,66.570,JJ,7.1998,4.83,4,1.886500
audio01.TextGrid,10,1,they,67.230,67.350,PRP,2.1014,6.5,2,-0.808061
audio01.TextGrid,10,2,were,67.350,67.580,VBD,0.5182,6.34,2,-2.621569
audio01.TextGrid,10,3,as,67.580,67.690,RB,5.0308,6.77,2,2.509984
audio01.TextGrid,10,4,old,67.690,68.040,JJ,1.9413,5.75,3,-2.047729
audio01.TextGrid,10,5,as,68.040,68.160,IN,0.1116,6.77,2,-2.409216
audio01.TextGrid,10,6,erosions,68.160,68.830,NNS,16.1424,1.72,7,6.352489
audio01.TextGrid,10,7,in,68.830,68.920,IN,3.5413,7.27,2,1.740196
audio01.TextGrid,10,8,a,68.920,68.980,DT,2.8086,7.36,1,1.137045
audio01.TextGrid,10,9,fishless,68.980,69.530,NN,11.8113,1.32,6,1.445619
audio01.TextGrid,10,10,desert,69.550,70.050,NN,7.1761,4.4,5,1.243847
audio01.TextGrid,11,1,everything,71.720,72.090,NN,6.8157,5.54,7,2.524392
audio01.TextGrid,11,2,about,72.090,72.400,IN,2.8090,6.4,4,-0.244403
audio01.TextGrid,11,3,him,72.400,72.500,PRP,0.9499,6.11,2,-2.520936
audio01.TextGrid,11,4,was,72.500,72.650,VBD,0.7611,6.82,3,-1.687745
audio01.TextGrid,11,5,old,72.650,72.980,JJ,3.2428,5.75,3,-0.746229
audio01.TextGrid,11,6,except,72.980,73.300,IN,5.3302,5.02,6,0.290391
audio01.TextGrid,11,7,his,73.300,73.450,PRP$,1.5552,6.51,3,-1.339866
audio01.TextGrid,11,8,eyes,73.450,73.940,NNS,3.0988,5.21,2,-1.667519
audio01.TextGrid,11,9,and,74.100,74.200,CC,1.2374,7.41,2,-0.362184
audio01.TextGrid,11,10,they,74.200,74.290,PRP,6.7917,6.5,2,3.882239
audio01.TextGrid,11,11,were,74.290,74.420,VBD,0.8585,6.34,2,-2.281269
audio01.TextGrid,11,12,the,74.420,74.510,DT,3.7420,7.73,2,2.603032
audio01.TextGrid,11,13,same,74.510,74.820,JJ,0.9124,5.8,3,-3.004658
audio01.TextGrid,11,14,color,74.820,75.160,NN,2.5774,4.91,4,-2.620746
audio01.TextGrid,11,15,as,75.160,75.290,IN,0.7128,6.77,2,-1.808016
audio01.TextGrid,11,16,the,75.290,75.390,DT,1.4251,7.73,2,0.286132
audio01.TextGrid,11,17,sea,75.390,75.750,NN,4.5201,5.06,2,-0.462132
audio01.TextGrid,11,18,and,75.910,76.040,CC,3.6423,7.41,2,2.042716
audio01.TextGrid,11,19,were,76.040,76.180,VBD,4.1992,6.34,2,1.059431
audio01.TextGrid,11,20,cheerful,76.180,76.740,JJ,10.7848,3.6,6,3.701008
audio01.TextGrid,11,21,and,76.740,76.900,CC,1.0315,7.41,3,-0.568084
audio01.TextGrid,11,22,undefeated,76.900,77.660,JJ,13.5004,3.62,9,6.445396
audio01.TextGrid,12,1,santiago,79.390,80.080,RB,13.7473,3.66,8,6.749873
audio01.TextGrid,12,2,the,80.330,80.400,DT,2.3881,7.73,2,1.249132
audio01.TextGrid,12,3,boy,80.400,80.630,NN,2.1072,5.17,2,-2.716696
audio01.TextGrid,12,4,said,80.630,80.900,VBD,0.4691,6.01,3,-3.145679
audio01.TextGrid,12,5,to,80.900,81.000,TO,1.7172,7.43,2,0.146404
audio01.TextGrid,12,6,him,81.000,81.130,PRP,3.1820,6.11,2,-0.288836
audio01.TextGrid,12,7,as,81.130,81.260,IN,3.7029,6.77,2,1.182084
audio01.TextGrid,12,8,they,81.260,81.350,PRP,3.5494,6.5,2,0.639939
audio01.TextGrid,12,9,climbed,81.350,81.700,VBD,5.2488,3.85,5,-1.475136
audio01.TextGrid,12,10,the,81.700,81.770,DT,1.3227,7.73,2,0.183732
audio01.TextGrid,12,11,bank,81.770,82.110,NN,6.2296,5.16,4,1.391310
audio01.TextGrid,12,12,from,82.110,82.240,IN,5.2738,6.63,3,2.551465
audio01.TextGrid,12,13,where,82.240,82.360,WRB,3.6632,6.0,3,0.034027
audio01.TextGrid,12,14,the,82.360,82.460,DT,1.2193,7.73,2,0.080332
audio01.TextGrid,12,15,skiff,82.460,82.770,NN,3.0165,2.63,4,-5.463535
audio01.TextGrid,12,16,was,82.770,82.910,VBD,1.2374,6.82,3,-1.211445
audio01.TextGrid,12,17,hauled,82.910,83.140,VBN,6.3856,3.43,4,-0.942895
audio01.TextGrid,12,18,up,83.140,83.360,RP,1.7065,6.39,2,-1.361297
audio01.TextGrid,13,1,i,84.080,84.170,NN,2.0817,7.09,1,0.021500
audio01.TextGrid,13,2,could,84.170,84.340,MD,5.5886,6.06,3,2.045792
audio01.TextGrid,13,3,go,84.340,84.480,VB,3.0476,6.03,2,-0.538390
audio01.TextGrid,13,4,with,84.480,84.640,IN,3.5366,6.85,3,1.130938
audio01.TextGrid,13,5,you,84.640,84.780,PRP,0.2226,6.98,2,-1.995937
audio01.TextGrid,13,6,again,84.780,85.140,RB,5.3356,5.7,4,1.274600
audio01.TextGrid,13,7,we,85.330,85.420,PRP,3.3441,6.54,2,0.492216
audio01.TextGrid,13,8,ve,85.420,85.480,VBP,3.8291,4.56,2,-1.872845
audio01.TextGrid,13,9,made,85.480,85.670,VBD,4.3492,5.92,3,0.604873
audio01.TextGrid,13,10,some,85.670,85.840,DT,3.3043,6.2,3,-0.036988
audio01.TextGrid,13,11,money,85.840,86.220,NN,3.5155,5.64,4,-0.631866
audio01.TextGrid,14,1,the,87.640,87.740,DT,2.2904,7.73,2,1.151432
audio01.TextGrid,14,2,old,87.740,87.970,JJ,0.8654,5.75,3,-3.123629
audio01.TextGrid,14,3,man,87.970,88.170,NN,0.0561,5.82,3,-3.832170
audio01.TextGrid,14,4,had,88.170,88.330,VBD,3.4907,6.33,3,0.336537
audio01.TextGrid,14,5,taught,88.330,88.480,VBN,7.7146,4.68,3,2.185386
audio01.TextGrid,14,6,the,88.480,88.590,DT,1.5727,7.73,2,0.433732
audio01.TextGrid,14,7,boy,88.590,88.760,NN,0.5005,5.17,2,-4.323396
audio01.TextGrid,14,8,to,88.760,88.870,TO,1.6096,7.43,2,0.038804
audio01.TextGrid,14,9,fish,88.870,89.240,VB,2.6405,4.9,3,-2.572040
audio01.TextGrid,14,10,and,89.240,89.330,CC,1.8044,7.41,2,0.204816
audio01.TextGrid,14,11,the,89.330,89.400,DT,2.7860,7.73,2,1.647032
audio01.TextGrid,14,12,boy,89.400,89.600,NN,0.7402,5.17,2,-4.083696
audio01.TextGrid,14,13,loved,89.600,89.910,VBD,4.3975,5.0,4,-0.671098
audio01.TextGrid,14,14,him,89.910,90.060,PRP,3.0362,6.11,2,-0.434636
audio01.TextGrid,15,1,no,90.830,91.140,DT,3.8381,6.35,2,0.712726
audio01.TextGrid,15,2,the,91.480,91.600,DT,1.4389,7.73,2,0.299932
audio01.TextGrid,15,3,old,91.600,91.790,JJ,1.4410,5.75,3,-2.548029
audio01.TextGrid,15,4,man,91.790,92.010,NN,0.0574,5.82,3,-3.830870
audio01.TextGrid,15,5,said,92.010,92.360,VBD,0.1920,6.01,3,-3.422779
audio01.TextGrid,16,1,you,92.900,93.040,PRP,2.3089,6.98,2,0.090363
audio01.TextGrid,16,2,re,93.040,93.100,VBP,2.3711,5.23,2,-2.366430
audio01.TextGrid,16,3,with,93.100,93.280,IN,6.2384,6.85,3,3.832738
audio01.TextGrid,16,4,a,93.280,93.360,DT,3.6951,7.36,1,2.023545
audio01.TextGrid,16,5,lucky,93.360,93.670,JJ,6.5831,4.77,4,1.183434
audio01.TextGrid,16,6,boat,93.670,94.070,NN,6.2359,4.71,3,0.749869
audio01.TextGrid,16,7,stay,94.220,94.450,NN,6.9447,5.33,3,2.351112
audio01.TextGrid,16,8,with,94.450,94.710,IN,1.3040,6.85,3,-1.101662
audio01.TextGrid,16,9,them,94.710,94.930,PRP,4.3504,6.19,3,0.994718
audio01.TextGrid,17,1,but,96.070,96.240,CC,3.6833,6.63,3,0.960965
audio01.TextGrid,17,2,remember,96.240,96.600,VB,7.2050,5.38,7,2.683384
audio01.TextGrid,17,3,how,96.600,96.720,WRB,4.8349,6.24,2,1.551189
audio01.TextGrid,17,4,you,96.720,96.880,PRP,2.4483,6.98,2,0.229763
audio01.TextGrid,17,5,went,96.880,97.040,VBD,3.8538,5.5,4,-0.495085
audio01.TextGrid,17,6,eighty,97.040,97.280,VB,7.7992,3.75,3,0.931321
audio01.TextGrid,17,7,seven,97.280,97.550,CD,4.9721,5.08,5,0.018656
audio01.TextGrid,17,8,days,97.550,97.820,NNS,0.0938,5.61,3,-4.096749
audio01.TextGrid,17,9,without,97.820,98.090,IN,0.5513,5.69,5,-3.524095
audio01.TextGrid,17,10,fish,98.090,98.370,JJ,2.3105,4.9,3,-2.902040
audio01.TextGrid,17,11,and,98.630,98.710,CC,2.8696,7.41,2,1.270016
audio01.TextGrid,17,12,then,98.710,98.870,RB,3.2345,6.07,3,-0.293913
audio01.TextGrid,17,13,we,98.870,98.960,PRP,3.3789,6.54,2,0.527016
audio01.TextGrid,17,14,caught,98.960,99.170,VBD,2.7346,4.9,3,-2.477940
audio01.TextGrid,17,15,big,99.170,99.420,JJ,7.9217,5.67,3,3.817517
audio01.TextGrid,17,16,ones,99.420,99.670,NNS,2.9801,5.07,4,-1.987738
audio01.TextGrid,17,17,every,99.670,99.870,DT,5.2439,5.79,4,1.312448
audio01.TextGrid,17,18,day,99.870,100.040,NN,0.5806,5.95,2,-3.120544
audio01.TextGrid,17,19,for,100.040,100.160,IN,2.8493,7.01,2,0.673946
audio01.TextGrid,17,20,three,100.160,100.390,CD,3.3163,5.78,3,-0.629547
audio01.TextGrid,17,21,weeks,100.390,100.780,NNS,1.3096,5.19,4,-3.485507
audio01.TextGrid,18,1,i,102.110,102.220,JJ,2.3451,7.09,1,0.284900
audio01.TextGrid,18,2,remember,102.220,102.740,VBP,4.0850,5.38,7,-0.436616
audio01.TextGrid,18,3,the,102.930,103.060,DT,0.4005,7.73,2,-0.738468
audio01.TextGrid,18,4,old,103.060,103.240,JJ,1.1918,5.75,3,-2.797229
audio01.TextGrid,18,5,man,103.240,103.490,NN,0.0099,5.82,3,-3.878370
audio01.TextGrid,18,6,said,103.490,103.820,VBD,0.2764,6.01,3,-3.338379
audio01.TextGrid,19,1,i,104.350,104.480,NN,1.4610,7.09,1,-0.599200
audio01.TextGrid,19,2,know,104.480,104.650,VBP,4.5567,6.1,2,1.071469
audio01.TextGrid,19,3,you,104.650,104.760,PRP,2.2016,6.98,2,-0.016937
audio01.TextGrid,19,4,did,104.760,104.950,VBD,3.3702,5.96,3,-0.316550
audio01.TextGrid,19,5,not,104.950,105.180,RB,2.8570,6.69,3,0.221030
audio01.TextGrid,19,6,leave,105.180,105.370,VB,5.5139,5.34,3,0.934707
audio01.TextGrid,19,7,me,105.370,105.480,PRP,3.3995,6.48,2,0.461251
audio01.TextGrid,19,8,because,105.480,105.840,IN,5.1884,6.03,5,1.602410
audio01.TextGrid,19,9,you,105.840,105.940,PRP,1.1677,6.98,2,-1.050837
audio01.TextGrid,19,10,doubted,105.940,106.480,VBD,7.9520,3.44,5,0.637900
audio01.TextGrid,20,1,it,107.590,107.740,PRP,3.4757,6.95,2,1.213980
audio01.TextGrid,20,2,was,107.740,107.930,VBD,1.0252,6.82,3,-1.423645
audio01.TextGrid,20,3,papa,107.930,108.250,VBN,12.5442,3.91,4,5.906629
audio01.TextGrid,20,4,made,108.250,108.560,VBN,9.0987,5.92,3,5.354373
audio01.TextGrid,20,5,me,108.560,108.650,PRP,3.1836,6.48,2,0.245351
audio01.TextGrid,20,6,leave,108.650,109.060,VBP,5.4485,5.34,3,0.869307
audio01.TextGrid,20,7,i,109.300,109.410,JJ,1.5507,7.09,1,-0.509500
audio01.TextGrid,20,8,am,109.410,109.510,VBP,4.2842,5.78,2,0.338353
audio01.TextGrid,20,9,a,109.510,109.560,DT,2.8050,7.36,1,1.133445
audio01.TextGrid,20,10,boy,109.560,109.840,NN,4.7066,5.17,2,-0.117296
audio01.TextGrid,20,11,and,109.840,110.030,CC,2.2737,7.41,3,0.674116
audio01.TextGrid,20,12,i,110.030,110.120,NN,0.8227,7.09,1,-1.237500
audio01.TextGrid,20,13,must,110.120,110.360,MD,4.3675,5.68,4,0.277711
audio01.TextGrid,20,14,obey,110.360,110.660,VB,5.6939,3.83,3,-1.058825
audio01.TextGrid,20,15,him,110.660,110.850,PRP,4.6223,6.11,3,1.151464
audio01.TextGrid,21,1,i,111.730,111.850,NN,2.1474,7.09,1,0.087200
audio01.TextGrid,21,2,know,111.850,112.130,VBP,2.8207,6.1,2,-0.664531
audio01.TextGrid,21,3,the,112.430,112.550,DT,0.1837,7.73,2,-0.955268
audio01.TextGrid,21,4,old,112.550,112.720,JJ,0.4728,5.75,3,-3.516229
audio01.TextGrid,21,5,man,112.720,112.950,NN,0.0064,5.82,3,-3.881870
audio01.TextGrid,21,6,said,112.950,113.310,VBD,0.1408,6.01,3,-3.473979
audio01.TextGrid,22,1,it,113.760,113.890,PRP,3.1051,6.95,2,0.843380
audio01.TextGrid,22,2,is,113.890,114.040,VBZ,1.5219,7.07,2,-0.567089
audio01.TextGrid,22,3,quite,114.040,114.370,RB,6.5481,5.29,4,1.896935
audio01.TextGrid,22,4,normal,114.370,114.780,JJ,4.7711,5.01,6,-0.283104
audio01.TextGrid,23,1,he,115.950,116.100,PRP,5.0726,6.69,2,2.436630
audio01.TextGrid,23,2,hasn't,116.100,116.360,RB,6.5443,4.71,6,1.058269
audio01.TextGrid,23,3,much,116.360,116.600,RB,7.0400,6.0,3,3.410827
audio01.TextGrid,23,4,faith,116.600,116.980,NN,4.6894,4.82,3,-0.638294
audio01.TextGrid,24,1,no,117.670,118.080,DT,2.9879,6.35,2,-0.137474
audio01.TextGrid,24,2,the,118.360,118.470,DT,0.1928,7.73,2,-0.946168
audio01.TextGrid,24,3,old,118.470,118.670,JJ,0.4071,5.75,3,-3.581929
audio01.TextGrid,24,4,man,118.670,118.910,NN,0.0046,5.82,3,-3.883670
audio01.TextGrid,24,5,said,118.910,119.240,VBD,0.1044,6.01,3,-3.510379
audio01.TextGrid,25,1,but,119.970,120.130,CC,3.0406,6.63,3,0.318265
audio01.TextGrid,25,2,we,120.130,120.350,PRP,3.0308,6.54,2,0.178916
audio01.TextGrid,25,3,have,120.350,120.650,VBP,2.2745,6.71,3,-0.332681
audio01.TextGrid,25,4,haven,120.910,121.180,VBN,11.6872,4.13,5,5.366303
audio01.TextGrid,25,5,t,121.180,121.220,NNS,0.0006,5.43,1,-4.449045
audio01.TextGrid,26,1,we,121.220,121.440,PRP,1.5539,6.54,2,-1.297984
audio01.TextGrid,26,2,yes,122.440,122.880,VBP,2.4374,5.5,3,-1.911485
audio01.TextGrid,26,3,the,123.010,123.090,DT,0.1250,7.73,2,-1.013968
audio01.TextGrid,26,4,boy,123.090,123.300,NN,1.1812,5.17,2,-3.642696
audio01.TextGrid,26,5,said,123.300,123.660,VBD,0.1805,6.01,3,-3.434279
audio01.TextGrid,27,1,can,124.250,124.450,MD,5.4924,6.46,3,2.525362
audio01.TextGrid,27,2,i,124.450,124.560,VB,2.0905,7.09,1,0.030300
audio01.TextGrid,27,3,offer,124.560,124.830,NN,7.0719,5.05,3,2.075273
audio01.TextGrid,27,4,you,124.830,124.990,PRP,0.8268,6.98,2,-1.391737
audio01.TextGrid,27,5,a,124.990,125.030,DT,1.1658,7.36,1,-0.505755
audio01.TextGrid,27,6,beer,125.030,125.300,NN,6.1066,4.7,3,0.606175
audio01.TextGrid,27,7,on,125.300,125.400,IN,4.8156,6.91,2,2.496303
audio01.TextGrid,27,8,the,125.400,125.480,DT,0.9535,7.73,2,-0.185468
audio01.TextGrid,27,9,terrace,125.480,125.940,NN,15.0007,3.88,5,8.319946
audio01.TextGrid,27,10,and,125.940,126.060,CC,3.0734,7.41,2,1.473816
audio01.TextGrid,27,11,then,126.060,126.220,RB,3.8608,6.07,3,0.332387
audio01.TextGrid,27,12,we,126.220,126.290,PRP,1.8120,6.54,2,-1.039884
audio01.TextGrid,27,13,ll,126.290,126.320,VBP,0.9462,4.66,1,-4.611802
audio01.TextGrid,27,14,take,126.320,126.550,VB,3.4413,5.92,3,-0.303027
audio01.TextGrid,27,15,the,126.550,126.610,DT,2.2703,7.73,2,1.131332
audio01.TextGrid,27,16,stuff,126.610,126.890,NN,8.5235,5.14,4,3.656422
audio01.TextGrid,27,17,home,126.890,127.230,NN,3.0803,5.81,3,-0.822364
audio01.TextGrid,28,1,why,128.170,128.360,WRB,3.9336,5.93,2,0.203667
audio01.TextGrid,28,2,not,128.360,128.740,RB,1.5279,6.69,3,-1.108070
audio01.TextGrid,28,3,the,129.010,129.120,DT,1.3816,7.73,2,0.242632
audio01.TextGrid,28,4,old,129.120,129.300,JJ,0.0745,5.75,3,-3.914529
audio01.TextGrid,28,5,man,129.300,129.520,NN,0.0035,5.82,3,-3.884770
audio01.TextGrid,28,6,said,129.520,129.890,VBD,1.0738,6.01,3,-2.540979
audio01.TextGrid,29,1,between,130.510,130.890,IN,10.8741,5.77,6,6.913859
audio01.TextGrid,29,2,fishermen,130.890,131.500,NNS,10.1958,3.65,7,3.183979
audio01.TextGrid,29,3,they,133.810,133.940,PRP,4.2594,6.5,2,1.349939
audio01.TextGrid,29,4,sat,133.940,134.150,VBD,3.6720,4.64,3,-1.914791
audio01.TextGrid,29,5,on,134.150,134.270,IN,1.9682,6.91,2,-0.351097
audio01.TextGrid,29,6,the,134.270,134.360,DT,0.4548,7.73,2,-0.684168
audio01.TextGrid,29,7,terrace,134.360,134.820,NN,5.5443,3.88,5,-1.136454
audio01.TextGrid,29,8,and,134.820,135.040,CC,1.3482,7.41,3,-0.251384
audio01.TextGrid,29,9,many,135.040,135.290,JJ,8.4210,5.91,4,4.662279
audio01.TextGrid,29,10,of,135.290,135.350,IN,0.8956,7.4,2,-0.718378
audio01.TextGrid,29,11,the,135.350,135.460,DT,1.0300,7.73,2,-0.108968
audio01.TextGrid,29,12,fishermen,135.460,135.860,NNS,2.0013,3.65,7,-5.010521
audio01.TextGrid,29,13,made,135.860,136.130,VBD,4.5387,5.92,3,0.794373
audio01.TextGrid,29,14,fun,136.130,136.300,NN,5.5801,5.3,3,0.943330
audio01.TextGrid,29,15,of,136.300,136.390,IN,0.0198,7.4,2,-1.594178
audio01.TextGrid,29,16,the,136.390,136.530,DT,0.6631,7.73,2,-0.475868
audio01.TextGrid,29,17,old,136.530,136.750,JJ,0.5620,5.75,3,-3.427029
audio01.TextGrid,29,18,man,136.750,137.160,NN,0.0517,5.82,3,-3.836570
audio01.TextGrid,29,19,and,137.280,137.450,CC,1.8603,7.41,3,0.260716
audio01.TextGrid,29,20,he,137.450,137.560,PRP,2.6185,6.69,2,-0.017470
audio01.TextGrid,29,21,was,137.560,137.760,VBD,1.9031,6.82,3,-0.545745
audio01.TextGrid,29,22,not,137.760,137.950,RB,,6.69,3,
audio01.TextGrid,29,23,angry,137.950,138.400,JJ,,4.66,5,
audio01.TextGrid,30,1,others,138.910,139.320,NNS,6.7651,5.42,4,2.301061
audio01.TextGrid,30,2,of,139.320,139.390,IN,4.2092,7.4,2,2.595222
audio01.TextGrid,30,3,the,139.390,139.520,DT,3.3989,7.73,2,2.259932
audio01.TextGrid,30,4,older,139.520,139.740,JJR,5.5224,4.92,4,0.338648
audio01.TextGrid,30,5,fishermen,139.740,140.260,NNS,3.8056,3.65,7,-3.206221
audio01.TextGrid,30,6,looked,140.320,140.550,VBD,4.0895,5.11,4,-0.820761
audio01.TextGrid,30,7,at,140.550,140.640,IN,0.8012,6.7,2,-1.820376
audio01.TextGrid,30,8,him,140.640,140.790,PRP,0.6461,6.11,2,-2.824736
audio01.TextGrid,30,9,and,140.790,140.900,CC,1.5016,7.41,3,-0.097984
audio01.TextGrid,30,10,were,140.900,141.010,VBD,4.3939,6.34,2,1.254131
audio01.TextGrid,30,11,sad,141.010,141.500,VBN,4.4566,4.84,3,-0.842306
audio01.TextGrid,30,12,but,141.850,141.980,CC,2.9770,6.63,3,0.254665
audio01.TextGrid,30,13,they,141.980,142.110,PRP,2.7941,6.5,2,-0.115361
audio01.TextGrid,30,14,did,142.110,142.250,VBD,2.9796,5.96,3,-0.707150
audio01.TextGrid,30,15,not,142.250,142.430,RB,0.1497,6.69,3,-2.486270
audio01.TextGrid,30,16,show,142.430,142.690,VB,4.9878,5.68,2,0.898011
audio01.TextGrid,30,17,it,142.690,142.830,PRP,2.4738,6.95,2,0.212080
audio01.TextGrid,30,18,and,142.830,142.940,CC,3.1632,7.41,2,1.563616
audio01.TextGrid,30,19,they,142.940,143.070,PRP,2.3781,6.5,2,-0.531361
audio01.TextGrid,30,20,spoke,143.070,143.330,VBD,5.9375,4.61,4,0.307527
audio01.TextGrid,30,21,politely,143.340,143.800,RB,5.0441,3.47,7,-2.226818
audio01.TextGrid,30,22,about,143.800,143.990,IN,3.0683,6.4,4,0.014897
audio01.TextGrid,30,23,the,143.990,144.100,DT,1.2069,7.73,2,0.067932
audio01.TextGrid,30,24,current,144.100,144.590,JJ,7.6980,5.27,5,3.018047
audio01.TextGrid,30,25,and,144.590,144.710,CC,1.6405,7.41,2,0.040916
audio01.TextGrid,30,26,the,144.710,144.800,DT,1.6206,7.73,2,0.481632
audio01.TextGrid,30,27,depths,144.800,145.190,NNS,10.2708,3.78,5,3.446104
audio01.TextGrid,30,28,they,145.190,145.330,PRP,3.5789,6.5,2,0.669439
audio01.TextGrid,30,29,had,145.330,145.450,VBD,1.0822,6.33,3,-2.071963
audio01.TextGrid,30,30,drifted,145.450,145.780,VBN,7.8685,3.41,7,0.511217
audio01.TextGrid,30,31,their,145.780,145.930,PRP$,7.2703,6.33,3,4.116137
audio01.TextGrid,30,32,lines,145.930,146.290,NNS,6.7074,4.95,4,1.566831
audio01.TextGrid,30,33,at,146.290,146.530,IN,4.7456,6.7,2,2.124024
audio01.TextGrid,30,34,and,146.920,147.000,CC,1.8826,7.41,2,0.283016
audio01.TextGrid,30,35,the,147.000,147.100,DT,1.7282,7.73,2,0.589232
audio01.TextGrid,30,36,steady,147.100,147.400,JJ,8.1101,4.31,5,2.048299
audio01.TextGrid,30,37,good,147.400,147.600,JJ,7.4296,6.12,3,3.973158
audio01.TextGrid,30,38,weather,147.600,147.980,NN,2.4377,4.87,4,-2.818023
audio01.TextGrid,30,39,and,148.130,148.250,CC,2.2982,7.41,2,0.698616
audio01.TextGrid,30,40,of,148.250,148.360,IN,5.2176,7.4,2,3.603622
audio01.TextGrid,30,41,what,148.360,148.530,WP,4.7995,6.38,3,1.717308
audio01.TextGrid,30,42,they,148.530,148.630,PRP,1.3177,6.5,2,-1.591761
audio01.TextGrid,30,43,had,148.630,148.770,VBD,0.8467,6.33,3,-2.307463
audio01.TextGrid,30,44,seen,148.770,149.220,VBN,1.9942,5.52,3,-2.325897
audio01.TextGrid,31,1,the,150.140,150.230,DT,1.5945,7.73,2,0.455532
audio01.TextGrid,31,2,successful,150.230,150.860,JJ,12.4073,4.94,9,7.252337
audio01.TextGrid,31,3,fishermen,150.860,151.340,NNS,1.3234,3.65,7,-5.688421
audio01.TextGrid,31,4,of,151.340,151.430,IN,3.0679,7.4,2,1.453922
audio01.TextGrid,31,5,that,151.430,151.640,DT,3.8336,7.01,3,1.658246
audio01.TextGrid,31,6,day,151.640,151.880,NN,1.9966,5.95,2,-1.704544
audio01.TextGrid,31,7,were,151.880,152.070,VBD,1.9365,6.34,2,-1.203269
audio01.TextGrid,31,8,already,152.070,152.550,RB,5.9866,5.55,6,1.709686
audio01.TextGrid,31,9,in,152.550,152.750,IN,2.8313,7.27,2,1.030196
audio01.TextGrid,31,10,and,152.750,152.920,CC,6.0634,7.41,3,4.463816
audio01.TextGrid,31,11,had,152.970,153.210,VBD,3.6534,6.33,3,0.499237
audio01.TextGrid,31,12,butchered,153.210,153.650,VBN,13.4107,3.01,5,5.477647
audio01.TextGrid,31,13,their,153.650,153.820,PRP$,3.2097,6.33,3,0.055537
audio01.TextGrid,31,14,marlin,153.820,154.250,NN,9.0224,3.01,6,1.089347
audio01.TextGrid,31,15,out,154.250,154.570,IN,6.7584,6.38,2,3.676208
audio01.TextGrid,31,16,and,154.570,154.710,CC,1.8359,7.41,2,0.236316
audio01.TextGrid,31,17,carried,154.710,155.100,VBD,4.5986,4.77,5,-0.801066
audio01.TextGrid,31,18,them,155.100,155.360,PRP,1.1985,6.19,3,-2.157182
audio01.TextGrid,31,19,laid,155.360,155.680,JJS,12.4923,4.56,3,6.790355
audio01.TextGrid,31,20,full,155.680,155.900,JJ,9.6852,5.54,3,5.393892
audio01.TextGrid,31,21,length,155.900,156.270,NN,5.3351,4.77,4,-0.064566
audio01.TextGrid,31,22,across,156.270,156.630,IN,4.2306,5.25,5,-0.478142
audio01.TextGrid,31,23,two,156.630,156.750,CD,7.1471,6.1,2,3.661869
audio01.TextGrid,31,24,planks,156.750,157.460,NNS,9.5270,3.13,6,1.766678
audio01.TextGrid,31,25,with,157.510,157.630,IN,4.1217,6.85,3,1.716038
audio01.TextGrid,31,26,two,157.630,157.860,CD,3.7944,6.1,2,0.309169
audio01.TextGrid,31,27,men,157.860,158.130,NNS,4.8796,5.51,3,0.545109
audio01.TextGrid,31,28,staggering,158.130,158.780,VBG,10.5920,3.5,7,3.364265
audio01.TextGrid,31,29,at,158.780,158.840,IN,3.8161,6.7,2,1.194524
audio01.TextGrid,31,30,the,158.840,159.010,DT,1.4396,7.73,2,0.300632
audio01.TextGrid,31,31,end,159.010,159.120,NN,3.0265,5.68,3,-1.063289
audio01.TextGrid,31,32,of,159.120,159.210,IN,1.2082,7.4,2,-0.405778
audio01.TextGrid,31,33,each,159.210,159.420,DT,2.6132,5.69,2,-1.462195
audio01.TextGrid,31,34,plank,159.420,159.800,NN,2.6862,3.46,5,-4.599112
audio01.TextGrid,32,1,to,160.210,160.320,TO,3.4608,7.43,2,1.890004
audio01.TextGrid,32,2,the,160.320,160.420,DT,2.3582,7.73,2,1.219232
audio01.TextGrid,32,3,fish,160.420,160.670,NN,5.5285,4.9,3,0.315960
audio01.TextGrid,32,4,house,160.670,161.020,NN,6.4791,5.71,3,2.432494
audio01.TextGrid,32,5,where,161.020,161.120,WRB,2.4404,6.0,3,-1.188773
audio01.TextGrid,32,6,they,161.120,161.200,PRP,0.9652,6.5,2,-1.944261
audio01.TextGrid,32,7,waited,161.200,161.490,VBD,4.2326,4.26,5,-1.901172
audio01.TextGrid,32,8,for,161.490,161.590,IN,1.0734,7.01,2,-1.101954
audio01.TextGrid,32,9,the,161.590,161.740,DT,0.8484,7.73,2,-0.290568
audio01.TextGrid,32,10,ice,161.740,161.970,JJ,7.2152,5.0,2,2.146602
audio01.TextGrid,32,11,truck,161.970,162.170,NN,9.2770,4.64,4,3.690209
audio01.TextGrid,32,12,to,162.170,162.290,TO,0.7339,7.43,2,-0.836896
audio01.TextGrid,32,13,carry,162.290,162.560,VB,4.9144,4.89,4,-0.312535
audio01.TextGrid,32,14,them,162.560,162.710,PRP,0.3734,6.19,3,-2.982282
audio01.TextGrid,32,15,to,162.710,162.840,TO,2.1233,7.43,2,0.552504
audio01.TextGrid,32,16,the,162.840,162.930,DT,0.8401,7.73,2,-0.298868
audio01.TextGrid,32,17,market,162.930,163.320,NN,6.5336,5.29,6,1.882435
audio01.TextGrid,32,18,in,163.320,163.440,IN,4.5021,7.27,2,2.700996
audio01.TextGrid,32,19,havana,163.440,163.900,NN,7.5029,3.53,6,0.318348
audio01.TextGrid,33,1,those,165.050,165.310,DT,5.7707,5.9,3,1.997584
audio01.TextGrid,33,2,who,165.310,165.380,WP,1.2291,6.34,2,-1.910669
audio01.TextGrid,33,3,had,165.380,165.480,VBD,1.1402,6.33,3,-2.013963
audio01.TextGrid,33,4,caught,165.480,165.760,VBN,3.3517,4.9,3,-1.860840
audio01.TextGrid,33,5,sharks,165.760,166.180,NNS,7.4399,3.96,5,0.874300
audio01.TextGrid,33,6,had,166.180,166.350,VBD,2.3603,6.33,3,-0.793863
audio01.TextGrid,33,7,taken,166.350,166.610,VBN,3.9929,5.33,5,-0.600688
audio01.TextGrid,33,8,them,166.610,166.730,PRP,1.7592,6.19,3,-1.596482
audio01.TextGrid,33,9,to,166.730,166.830,TO,1.6990,7.43,2,0.128204
audio01.TextGrid,33,10,the,166.830,166.930,DT,0.7426,7.73,2,-0.396368
audio01.TextGrid,33,11,shark,166.930,167.240,NN,4.4939,4.1,4,-1.870180
audio01.TextGrid,33,12,factory,167.240,167.710,NN,5.6373,4.55,6,-0.079039
audio01.TextGrid,33,13,on,167.710,167.800,IN,3.7143,6.91,2,1.395003
audio01.TextGrid,33,14,the,167.800,167.930,DT,0.8624,7.73,2,-0.276568
audio01.TextGrid,33,15,other,167.930,168.100,JJ,3.4348,6.16,3,0.035935
audio01.TextGrid,33,16,side,168.100,168.340,NN,0.0803,5.5,3,-4.268585
audio01.TextGrid,33,17,of,168.340,168.410,IN,0.1269,7.4,2,-1.487078
audio01.TextGrid,33,18,the,168.410,168.490,DT,0.2113,7.73,2,-0.927668
audio01.TextGrid,33,19,cove,168.490,168.980,NN,7.7972,3.64,3,0.770985
audio01.TextGrid,33,20,where,168.980,169.120,WRB,1.3407,6.0,4,-2.288473
audio01.TextGrid,33,21,they,169.120,169.200,PRP,1.0123,6.5,2,-1.897161
audio01.TextGrid,33,22,were,169.200,169.370,VBD,1.5450,6.34,2,-1.594769
audio01.TextGrid,33,23,hoisted,169.370,169.750,VBN,8.0003,2.98,6,0.024064
audio01.TextGrid,33,24,on,169.750,169.870,IN,3.2388,6.91,2,0.919503
audio01.TextGrid,33,25,a,169.870,169.920,DT,2.7130,7.36,1,1.041445
audio01.TextGrid,33,26,block,169.920,170.220,NN,7.0021,4.88,4,1.760771
audio01.TextGrid,33,27,and,170.220,170.370,CC,1.9807,7.41,3,0.381116
audio01.TextGrid,33,28,tackle,170.370,170.760,VB,13.0802,4.15,5,6.788091
audio01.TextGrid,33,29,their,171.110,171.270,PRP$,4.7888,6.33,3,1.634637
audio01.TextGrid,33,30,livers,171.270,171.610,NNS,8.7987,2.78,5,0.534579
audio01.TextGrid,33,31,removed,171.610,172.110,VBD,5.8203,4.79,6,0.449423
audio01.TextGrid,33,32,their,172.430,172.580,PRP$,1.6270,6.33,3,-1.527163
audio01.TextGrid,33,33,fins,172.580,173.020,NNS,3.9653,3.36,4,-3.463954
audio01.TextGrid,33,34,cut,173.020,173.210,VBN,2.6088,5.24,3,-2.114336
audio01.TextGrid,33,35,off,173.210,173.530,RB,1.2529,5.93,2,-2.477033
audio01.TextGrid,33,36,and,173.530,173.600,CC,0.8330,7.41,2,-0.766584
audio01.TextGrid,33,37,their,173.600,173.790,PRP$,1.5121,6.33,3,-1.642063
audio01.TextGrid,33,38,hides,173.790,174.190,NNS,6.7123,3.69,4,-0.241944
audio01.TextGrid,33,39,skinned,174.190,174.590,VBN,6.8866,3.54,5,-0.283558
audio01.TextGrid,33,40,out,174.590,174.920,RP,5.2399,6.38,2,2.157708
audio01.TextGrid,33,41,and,174.920,175.000,CC,1.9590,7.41,2,0.359416
audio01.TextGrid,33,42,their,175.000,175.170,PRP$,2.4865,6.33,3,-0.667663
audio01.TextGrid,33,43,flesh,175.170,175.570,JJ,4.5531,4.2,4,-1.667038
audio01.TextGrid,33,44,cut,175.570,175.780,VBN,3.0111,5.24,3,-1.712036
audio01.TextGrid,33,45,into,175.780,175.980,IN,2.1685,6.11,4,-1.302336
audio01.TextGrid,33,46,strips,175.980,176.370,NNS,2.9009,3.86,6,-3.808642
audio01.TextGrid,33,47,for,176.370,176.480,IN,4.0650,7.01,2,1.889646
audio01.TextGrid,33,48,salting,176.480,177.010,VBG,11.9015,2.46,6,3.176763
audio02.TextGrid,1,1,when,1.170,1.310,WRB,4.1145,6.37,4,1.017914
audio02.TextGrid,1,2,the,1.310,1.370,DT,0.8252,7.73,2,-0.313768
audio02.TextGrid,1,3,wind,1.370,1.610,NN,6.5498,4.84,4,1.250894
audio02.TextGrid,1,4,was,1.610,1.770,VBD,2.0627,6.82,3,-0.386145
audio02.TextGrid,1,5,in,1.770,1.870,IN,4.5947,7.27,2,2.793596
audio02.TextGrid,1,6,the,1.870,1.990,DT,1.0952,7.73,2,-0.043768
audio02.TextGrid,1,7,east,1.990,2.360,NN,4.7590,5.16,3,-0.079290
audio02.TextGrid,1,8,a,2.360,2.420,DT,4.1972,7.36,1,2.525645
audio02.TextGrid,1,9,smell,2.420,2.710,NN,8.9145,4.49,4,3.111796
audio02.TextGrid,1,10,came,2.710,2.960,VBD,2.9909,5.5,3,-1.357985
audio02.TextGrid,1,11,across,2.960,3.300,IN,4.8455,5.25,5,0.136758
audio02.TextGrid,1,12,the,3.300,3.390,DT,0.3711,7.73,2,-0.767868
audio02.TextGrid,1,13,harbour,3.390,3.680,NN,5.6079,3.98,5,-0.928911
audio02.TextGrid,1,14,from,3.680,3.830,IN,3.8786,6.63,3,1.156265
audio02.TextGrid,1,15,the,3.830,3.910,DT,0.6672,7.73,2,-0.471768
audio02.TextGrid,1,16,shark,3.910,4.220,NN,5.2042,4.1,4,-1.159880
audio02.TextGrid,1,17,factory,4.230,4.760,NN,0.8726,4.55,6,-4.843739
audio02.TextGrid,2,1,but,5.250,5.370,CC,3.8232,6.63,3,1.100865
audio02.TextGrid,2,2,today,5.370,5.660,NN,7.9402,5.55,4,3.663286
audio02.TextGrid,2,3,there,5.660,5.770,RB,2.5195,6.31,3,-0.663451
audio02.TextGrid,2,4,was,5.770,5.920,VBD,0.3209,6.82,3,-2.127945
audio02.TextGrid,2,5,only,5.920,6.150,RB,3.6486,6.12,4,0.192158
audio02.TextGrid,2,6,the,6.150,6.240,DT,1.6349,7.73,2,0.495932
audio02.TextGrid,2,7,faint,6.240,6.570,NN,4.5763,3.78,4,-2.248396
audio02.TextGrid,2,8,edge,6.570,6.760,NN,10.8392,4.74,2,5.396352
audio02.TextGrid,2,9,of,6.760,6.830,IN,0.0627,7.4,2,-1.551278
audio02.TextGrid,2,10,the,6.830,7.020,DT,1.7190,7.73,2,0.580032
audio02.TextGrid,2,11,odour,7.020,7.260,NN,7.8075,2.96,4,-0.197524
audio02.TextGrid,2,12,because,7.260,7.740,IN,6.9268,6.03,5,3.340810
audio02.TextGrid,2,13,the,7.760,7.850,DT,1.1265,7.73,2,-0.012468
audio02.TextGrid,2,14,wind,7.850,8.120,NN,3.0497,4.84,4,-2.249206
audio02.TextGrid,2,15,had,8.120,8.250,VBD,1.8900,6.33,3,-1.264163
audio02.TextGrid,2,16,backed,8.250,8.530,VBN,8.6326,4.26,4,2.498828
audio02.TextGrid,2,17,into,8.530,8.680,IN,3.3505,6.11,4,-0.120336
audio02.TextGrid,2,18,the,8.680,8.790,DT,0.2976,7.73,2,-0.841368
audio02.TextGrid,2,19,north,8.790,9.170,NN,6.0217,5.34,4,1.442507
audio02.TextGrid,2,20,and,9.170,9.280,CC,1.5969,7.41,2,-0.002684
audio02.TextGrid,2,21,then,9.280,9.500,RB,4.3347,6.07,3,0.806287
audio02.TextGrid,2,22,dropped,9.500,9.810,VBD,6.3742,4.73,5,0.916957
audio02.TextGrid,2,23,off,9.810,10.120,IN,3.2139,5.93,2,-0.516033
audio02.TextGrid,2,24,and,10.230,10.360,CC,2.5006,7.41,3,0.901016
audio02.TextGrid,2,25,it,10.360,10.470,PRP,3.0442,6.95,2,0.782480
audio02.TextGrid,2,26,was,10.470,10.590,VBD,0.6135,6.82,3,-1.835345
audio02.TextGrid,2,27,pleasant,10.590,11.000,JJ,7.1588,4.22,7,0.967451
audio02.TextGrid,2,28,and,11.000,11.130,CC,2.6270,7.41,3,1.027416
audio02.TextGrid,2,29,sunny,11.130,11.480,JJ,4.2947,4.07,4,-2.112563
audio02.TextGrid,2,30,on,11.480,11.600,IN,4.6152,6.91,2,2.295903
audio02.TextGrid,2,31,the,11.600,11.690,DT,0.2392,7.73,2,-0.899768
audio02.TextGrid,2,32,terrace,11.690,12.190,NN,4.3301,3.88,5,-2.350654
audio02.TextGrid,2,33,santiago,13.870,14.470,VBD,4.1405,3.66,8,-2.856927
audio02.TextGrid,2,34,the,14.590,14.700,DT,0.3359,7.73,2,-0.803068
audio02.TextGrid,2,35,boy,14.700,14.900,NN,0.8275,5.17,2,-3.996396
audio02.TextGrid,2,36,said,14.900,15.270,VBD,0.1295,6.01,3,-3.485279
audio02.TextGrid,3,1,yes,16.000,16.470,RB,5.2655,5.5,3,0.916615
audio02.TextGrid,3,2,the,16.640,16.740,DT,0.1613,7.73,2,-0.977668
audio02.TextGrid,3,3,old,16.740,16.910,JJ,0.1547,5.75,3,-3.834329
audio02.TextGrid,3,4,man,16.910,17.130,NN,0.0033,5.82,3,-3.884970
audio02.TextGrid,3,5,said,17.130,17.450,VBD,0.0882,6.01,3,-3.526579
audio02.TextGrid,4,1,he,17.960,18.040,PRP,3.3598,6.69,2,0.723830
audio02.TextGrid,4,2,was,18.040,18.170,VBD,1.9850,6.82,3,-0.463845
audio02.TextGrid,4,3,holding,18.170,18.450,VBG,5.2239,4.89,6,-0.003035
audio02.TextGrid,4,4,his,18.450,18.590,PRP$,1.8987,6.51,3,-0.996366
audio02.TextGrid,4,5,glass,18.590,19.060,NN,5.6530,4.85,4,0.368488
audio02.TextGrid,4,6,and,19.060,19.200,CC,1.9226,7.41,3,0.323016
audio02.TextGrid,4,7,thinking,19.200,19.510,NN,5.7666,5.24,6,1.043464
audio02.TextGrid,4,8,of,19.510,19.630,IN,1.2903,7.4,2,-0.323678
audio02.TextGrid,4,9,many,19.630,19.830,JJ,7.0264,5.91,4,3.267679
audio02.TextGrid,4,10,years,19.830,20.150,NNS,4.9958,5.96,3,1.309050
audio02.TextGrid,4,11,ago,20.150,20.490,RB,3.8862,5.42,3,-0.577839
audio02.TextGrid,5,1,can,22.130,22.260,MD,5.0216,6.46,3,2.054562
audio02.TextGrid,5,2,i,22.260,22.340,VB,0.7537,7.09,1,-1.306500
audio02.TextGrid,5,3,go,22.340,22.510,VB,3.1794,6.03,2,-0.406590
audio02.TextGrid,5,4,out,22.510,22.630,RP,4.0282,6.38,2,0.946008
audio02.TextGrid,5,5,to,22.630,22.700,TO,1.8800,7.43,2,0.309204
audio02.TextGrid,5,6,get,22.700,22.890,VB,4.0533,6.28,3,0.827166
audio02.TextGrid,5,7,sardines,22.890,23.370,NNS,9.4109,2.93,7,1.362693
audio02.TextGrid,5,8,for,23.370,23.470,IN,2.8001,7.01,2,0.624746
audio02.TextGrid,5,9,you,23.470,23.540,PRP,1.2650,6.98,2,-0.953537
audio02.TextGrid,5,10,for,23.540,23.610,IN,4.8196,7.01,2,2.644246
audio02.TextGrid,5,11,tomorrow,23.610,24.040,NN,5.5825,5.02,6,0.542691
audio02.TextGrid,6,1,no,24.830,25.090,DT,1.5576,6.35,2,-1.567774
audio02.TextGrid,6,2,go,25.870,26.060,NN,4.7874,6.03,2,1.201410
audio02.TextGrid,6,3,and,26.060,26.120,CC,2.7689,7.41,2,1.169316
audio02.TextGrid,6,4,play,26.120,26.340,VB,6.3488,5.61,3,2.158251
audio02.TextGrid,6,5,baseball,26.340,27.010,NN,8.1295,4.54,6,2.398767
audio02.TextGrid,6,6,i,27.240,27.360,NN,1.6718,7.09,1,-0.388400
audio02.TextGrid,6,7,can,27.360,27.540,MD,3.1770,6.46,3,0.209962
audio02.TextGrid,6,8,still,27.540,27.930,RB,5.5359,5.92,4,1.791573
audio02.TextGrid,6,9,row,27.930,28.280,VB,9.7176,4.6,2,4.073232
audio02.TextGrid,6,10,and,28.280,28.640,CC,3.2456,7.41,3,1.646016
audio02.TextGrid,6,11,rogelio,28.640,29.170,VB,18.6567,2.4,7,9.845598
audio02.TextGrid,6,12,will,29.170,29.340,MD,2.4126,6.45,3,-0.568832
audio02.TextGrid,6,13,throw,29.340,29.550,VB,5.0099,4.83,3,-0.303400
audio02.TextGrid,6,14,the,29.550,29.650,DT,3.2346,7.73,2,2.095632
audio02.TextGrid,6,15,net,29.650,29.940,JJ,7.1122,4.76,3,1.698140
audio02.TextGrid,7,1,i,31.340,31.450,NN,2.3174,7.09,1,0.257200
audio02.TextGrid,7,2,would,31.450,31.580,MD,4.6889,6.27,3,1.448372
audio02.TextGrid,7,3,like,31.580,31.750,VB,1.3085,6.41,3,-1.730509
audio02.TextGrid,7,4,to,31.750,31.840,TO,0.5444,7.43,2,-1.026396
audio02.TextGrid,7,5,go,31.840,32.170,VB,1.5866,6.03,2,-1.999390
audio02.TextGrid,7,6,if,32.450,32.580,IN,4.0993,6.47,2,1.146657
audio02.TextGrid,7,7,i,32.580,32.660,JJ,1.7127,7.09,1,-0.347500
audio02.TextGrid,7,8,cannot,32.660,33.010,VBP,4.9808,5.11,5,0.070539
audio02.TextGrid,7,9,fish,33.010,33.270,JJ,6.6861,4.9,3,1.473560
audio02.TextGrid,7,10,with,33.270,33.410,IN,3.5578,6.85,3,1.152138
audio02.TextGrid,7,11,you,33.410,33.620,PRP,0.5287,6.98,2,-1.689837
audio02.TextGrid,7,12,i,33.620,33.670,VBP,1.4523,7.09,1,-0.607900
audio02.TextGrid,7,13,would,33.670,33.840,MD,3.1461,6.27,3,-0.094428
audio02.TextGrid,7,14,like,33.840,33.970,VB,0.4780,6.41,3,-2.561009
audio02.TextGrid,7,15,to,33.970,34.040,TO,0.2267,7.43,2,-1.344096
audio02.TextGrid,7,16,serve,34.040,34.320,VB,7.2750,4.85,3,1.990488
audio02.TextGrid,7,17,in,34.320,34.430,IN,4.3115,7.27,2,2.510396
audio02.TextGrid,7,18,some,34.430,34.700,DT,4.1571,6.2,3,0.815812
audio02.TextGrid,7,19,way,34.700,34.970,NN,4.8014,6.01,2,1.186621
audio02.TextGrid,8,1,you,35.990,36.120,PRP,2.8225,6.98,2,0.603963
audio02.TextGrid,8,2,bought,36.120,36.390,VBD,8.2497,4.91,3,3.051554
audio02.TextGrid,8,3,me,36.390,36.540,PRP,2.8462,6.48,2,-0.092049
audio02.TextGrid,8,4,a,36.540,36.580,DT,1.1029,7.36,1,-0.568655
audio02.TextGrid,8,5,beer,36.580,37.020,NN,2.8875,4.7,3,-2.612925
audio02.TextGrid,8,6,the,37.210,37.330,DT,0.3505,7.73,2,-0.788468
audio02.TextGrid,8,7,old,37.330,37.510,JJ,0.4914,5.75,3,-3.497629
audio02.TextGrid,8,8,man,37.510,37.730,NN,0.0115,5.82,3,-3.876770
audio02.TextGrid,8,9,said,37.730,38.090,VBD,0.0643,6.01,3,-3.550479
audio02.TextGrid,9,1,you,38.720,38.930,PRP,2.2198,6.98,2,0.001263
audio02.TextGrid,9,2,are,38.930,39.080,VBP,2.9363,6.74,2,0.372301
audio02.TextGrid,9,3,already,39.080,39.530,RB,5.7389,5.55,6,1.461986
audio02.TextGrid,9,4,a,39.530,39.570,DT,2.0603,7.36,1,0.388745
audio02.TextGrid,9,5,man,39.570,40.050,NN,2.5988,5.82,3,-1.289470
audio02.TextGrid,10,1,how,41.460,41.590,WRB,4.8377,6.24,2,1.553989
audio02.TextGrid,10,2,old,41.590,41.810,JJ,3.6948,5.75,3,-0.294229
audio02.TextGrid,10,3,was,41.810,41.970,VBD,3.6957,6.82,3,1.246855
audio02.TextGrid,10,4,i,41.970,42.110,RB,2.0253,7.09,1,-0.034900
audio02.TextGrid,10,5,when,42.110,42.290,WRB,0.6415,6.37,3,-2.455086
audio02.TextGrid,10,6,you,42.290,42.410,PRP,1.1663,6.98,2,-1.052237
audio02.TextGrid,10,7,first,42.410,42.690,RB,3.2295,6.11,4,-0.241336
audio02.TextGrid,10,8,took,42.690,42.870,VBD,3.7046,5.51,3,-0.629891
audio02.TextGrid,10,9,me,42.870,42.990,PRP,1.1020,6.48,2,-1.836249
audio02.TextGrid,10,10,in,42.990,43.050,IN,3.2437,7.27,2,1.442596
audio02.TextGrid,10,11,a,43.050,43.090,DT,5.4084,7.36,1,3.736845
audio02.TextGrid,10,12,boat,43.090,43.520,NN,0.5123,4.71,3,-4.973731
audio02.TextGrid,11,1,five,44.460,44.960,CD,4.0200,5.45,3,-0.400857
audio02.TextGrid,11,2,and,45.020,45.170,CC,2.7478,7.41,2,1.148216
audio02.TextGrid,11,3,you,45.170,45.330,PRP,7.2001,6.98,2,4.981563
audio02.TextGrid,11,4,nearly,45.330,45.680,RB,8.3274,5.0,5,3.258802
audio02.TextGrid,11,5,were,45.680,45.810,VBD,5.1995,6.34,2,2.059731
audio02.TextGrid,11,6,killed,45.810,46.260,VBN,3.5589,5.22,4,-1.193024
audio02.TextGrid,11,7,when,46.260,46.370,WRB,2.8015,6.37,3,-0.295086
audio02.TextGrid,11,8,i,46.370,46.470,NN,1.5953,7.09,1,-0.464900
audio02.TextGrid,11,9,brought,46.470,46.730,VBD,4.2063,5.16,4,-0.631990
audio02.TextGrid,11,10,the,46.730,46.840,DT,3.2906,7.73,2,2.151632
audio02.TextGrid,11,11,fish,46.840,47.120,NN,2.1724,4.9,3,-3.040140
audio02.TextGrid,11,12,in,47.120,47.250,IN,3.2098,7.27,2,1.408696
audio02.TextGrid,11,13,too,47.250,47.410,RB,7.7190,5.95,2,4.017856
audio02.TextGrid,11,14,green,47.410,47.880,JJ,11.6237,5.13,4,6.742227
audio02.TextGrid,11,15,and,48.060,48.200,CC,2.5401,7.41,3,0.940516
audio02.TextGrid,11,16,he,48.200,48.300,PRP,5.9363,6.69,2,3.300330
audio02.TextGrid,11,17,nearly,48.300,48.610,RB,7.0931,5.0,5,2.024502
audio02.TextGrid,11,18,tore,48.610,48.820,VBD,6.3707,3.71,3,-0.554756
audio02.TextGrid,11,19,the,48.820,48.920,DT,2.1837,7.73,2,1.044732
audio02.TextGrid,11,20,boat,48.920,49.130,NN,3.6335,4.71,3,-1.852531
audio02.TextGrid,11,21,to,49.130,49.230,TO,2.9702,7.43,2,1.399404
audio02.TextGrid,11,22,pieces,49.230,49.790,NNS,0.1969,4.72,5,-5.274737
audio02.TextGrid,12,1,can,50.310,50.460,MD,5.6665,6.46,3,2.699462
audio02.TextGrid,12,2,you,50.460,50.620,PRP,0.8338,6.98,2,-1.384737
audio02.TextGrid,12,3,remember,50.620,51.160,VB,4.1278,5.38,7,-0.393816
audio02.TextGrid,12,4,i,52.710,52.800,NNS,1.3099,7.09,1,-0.750300
audio02.TextGrid,12,5,can,52.800,53.030,MD,2.3394,6.46,3,-0.627638
audio02.TextGrid,12,6,remember,53.030,53.380,VB,1.5647,5.38,7,-2.956916
audio02.TextGrid,12,7,the,53.380,53.500,DT,4.3734,7.73,2,3.234432
audio02.TextGrid,12,8,tail,53.500,53.890,NN,8.7305,4.34,3,2.711882
audio02.TextGrid,12,9,slapping,53.890,54.470,NN,8.6184,3.36,6,1.189146
audio02.TextGrid,12,10,and,54.470,54.560,CC,3.5281,7.41,2,1.928516
audio02.TextGrid,12,11,banging,54.560,55.080,NN,5.9864,3.68,5,-0.982239
audio02.TextGrid,12,12,and,55.080,55.170,CC,2.3993,7.41,2,0.799716
audio02.TextGrid,12,13,the,55.170,55.290,DT,1.9209,7.73,2,0.781932
audio02.TextGrid,12,14,thwart,55.290,55.540,NN,14.7297,3.06,5,6.868618
audio02.TextGrid,12,15,breaking,55.540,56.040,NN,4.6308,4.74,6,-0.812048
audio02.TextGrid,12,16,and,56.040,56.140,CC,1.5205,7.41,2,-0.079084
audio02.TextGrid,12,17,the,56.140,56.220,DT,1.1730,7.73,2,0.034032
audio02.TextGrid,12,18,of,56.510,56.580,IN,1.0613,7.4,2,-0.552678
audio02.TextGrid,12,19,the,56.580,56.660,DT,0.8323,7.73,2,-0.306668
audio02.TextGrid,12,20,clubbing,56.660,57.120,NN,11.1681,2.99,6,3.206258
audio02.TextGrid,13,1,i,57.570,57.600,NN,1.3258,7.09,1,-0.734400
audio02.TextGrid,13,2,can,57.750,58.010,MD,2.8066,6.46,3,-0.160438
audio02.TextGrid,13,3,remember,58.010,58.360,VB,0.3534,5.38,7,-4.168216
audio02.TextGrid,13,4,you,58.360,58.510,PRP,3.8992,6.98,2,1.680663
audio02.TextGrid,13,5,throwing,58.510,58.890,VBG,4.8478,4.4,5,-1.084453
audio02.TextGrid,13,6,me,58.890,59.030,PRP,2.8382,6.48,2,-0.100049
audio02.TextGrid,13,7,into,59.030,59.150,IN,2.7196,6.11,4,-0.751236
audio02.TextGrid,13,8,the,59.150,59.250,DT,0.5394,7.73,2,-0.599568
audio02.TextGrid,13,9,bow,59.250,59.560,NN,7.3398,4.3,2,1.263605
audio02.TextGrid,13,10,where,59.560,59.720,WRB,4.9454,6.0,3,1.316227
audio02.TextGrid,13,11,the,59.720,59.780,DT,1.7736,7.73,2,0.634632
audio02.TextGrid,13,12,wet,59.780,59.980,NN,8.6993,4.54,3,2.968567
audio02.TextGrid,13,13,coiled,59.980,60.340,VBD,10.5465,2.9,4,2.455110
audio02.TextGrid,13,14,lines,60.340,60.730,NNS,1.5351,4.95,4,-3.605469
audio02.TextGrid,13,15,were,60.730,60.940,VBD,1.9201,6.34,2,-1.219669
audio02.TextGrid,13,16,and,61.250,61.340,CC,2.2732,7.41,2,0.673616
audio02.TextGrid,13,17,feeling,61.340,61.710,VBG,6.4668,5.13,5,1.585327
audio02.TextGrid,13,18,the,61.710,61.810,DT,1.2561,7.73,2,0.117132
audio02.TextGrid,13,19,whole,61.810,62.000,JJ,5.3689,5.46,3,0.962438
audio02.TextGrid,13,20,boat,62.000,62.330,NN,2.2972,4.71,3,-3.188831
audio02.TextGrid,13,21,shiver,62.330,62.800,NN,6.8086,3.05,4,-1.066876
audio02.TextGrid,13,22,and,62.800,62.870,CC,1.4976,7.41,2,-0.101984
audio02.TextGrid,13,23,the,62.870,62.960,DT,2.5697,7.73,2,1.430732
audio02.TextGrid,13,24,of,63.310,63.430,IN,0.5769,7.4,2,-1.037078
audio02.TextGrid,13,25,you,63.430,63.580,PRP,5.5057,6.98,2,3.287163
audio02.TextGrid,13,26,clubbing,63.580,64.080,VBG,8.2896,2.99,6,0.327758
audio02.TextGrid,13,27,him,64.080,64.220,PRP,4.9008,6.11,2,1.429964
audio02.TextGrid,13,28,like,64.220,64.420,IN,4.0062,6.41,3,0.967191
audio02.TextGrid,13,29,chopping,64.420,64.820,VBG,12.2922,3.37,5,4.877340
audio02.TextGrid,13,30,a,64.820,64.870,DT,2.9559,7.36,1,1.284345
audio02.TextGrid,13,31,tree,64.870,65.140,JJ,2.3751,4.85,3,-2.909412
audio02.TextGrid,13,32,down,65.140,65.470,NN,3.9733,5.88,3,0.171396
audio02.TextGrid,13,33,and,65.890,65.980,CC,2.1157,7.41,2,0.516116
audio02.TextGrid,13,34,the,65.980,66.090,DT,2.4825,7.73,2,1.343532
audio02.TextGrid,13,35,sweet,66.090,66.400,JJ,8.8707,4.91,4,3.672554
audio02.TextGrid,13,36,blood,66.400,66.680,NN,6.4583,5.1,4,1.533645
audio02.TextGrid,13,37,smell,66.680,67.000,NN,7.0299,4.49,4,1.227196
audio02.TextGrid,13,38,all,67.000,67.160,DT,5.6031,6.52,2,2.722428
audio02.TextGrid,13,39,over,67.160,67.380,IN,0.8867,6.08,3,-2.627319
audio02.TextGrid,13,40,me,67.380,67.600,PRP,3.5918,6.48,2,0.653551
audio02.TextGrid,14,1,can,69.270,69.420,MD,3.7257,6.46,3,0.758662
audio02.TextGrid,14,2,you,69.420,69.800,PRP,0.7436,6.98,2,-1.474937
audio02.TextGrid,14,3,really,69.800,70.020,RB,5.3189,5.97,4,1.646544
audio02.TextGrid,14,4,remember,70.020,70.470,VB,0.6006,5.38,7,-3.921016
audio02.TextGrid,14,5,that,70.470,70.720,IN,2.3665,7.01,3,0.191146
audio02.TextGrid,14,6,or,70.720,70.780,CC,6.7094,6.54,1,3.857516
audio02.TextGrid,14,7,did,70.780,70.940,VBD,3.6741,5.96,3,-0.012650
audio02.TextGrid,14,8,i,70.940,71.050,VB,2.7627,7.09,1,0.702500
audio02.TextGrid,14,9,just,71.050,71.260,RB,2.8184,6.43,3,-0.191820
audio02.TextGrid,14,10,tell,71.260,71.480,VB,3.9870,5.53,3,-0.318703
audio02.TextGrid,14,11,it,71.480,71.630,PRP,5.4073,6.95,2,3.145580
audio02.TextGrid,14,12,to,71.630,71.710,TO,0.4246,7.43,2,-1.146196
audio02.TextGrid,14,13,you,71.710,71.900,PRP,0.3302,6.98,2,-1.888337
audio02.TextGrid,15,1,i,73.100,73.210,JJ,1.1897,7.09,1,-0.870500
audio02.TextGrid,15,2,remember,73.210,73.610,VBP,2.7114,5.38,7,-1.810216
audio02.TextGrid,15,3,everything,73.610,74.090,NN,4.8141,5.54,7,0.522792
audio02.TextGrid,15,4,from,74.090,74.270,IN,4.6017,6.63,3,1.879365
audio02.TextGrid,15,5,when,74.270,74.370,WRB,2.4659,6.37,3,-0.630686
audio02.TextGrid,15,6,we,74.370,74.530,PRP,2.4169,6.54,2,-0.434984
audio02.TextGrid,15,7,first,74.530,74.830,RB,1.4057,6.11,4,-2.065136
audio02.TextGrid,15,8,went,74.830,74.980,VBD,2.6638,5.5,4,-1.685085
audio02.TextGrid,15,9,together,74.980,75.370,RB,4.6000,5.46,6,0.193538
audio02.TextGrid,16,1,the,77.590,77.700,DT,2.6104,7.73,2,1.471432
audio02.TextGrid,16,2,old,77.700,77.920,JJ,0.3985,5.75,3,-3.590529
audio02.TextGrid,16,3,man,77.920,78.180,NN,0.0079,5.82,3,-3.880370
audio02.TextGrid,16,4,looked,78.180,78.380,VBD,2.5626,5.11,4,-2.347661
audio02.TextGrid,16,5,at,78.380,78.450,IN,0.6080,6.7,2,-2.013576
audio02.TextGrid,16,6,him,78.450,78.640,PRP,1.1179,6.11,3,-2.352936
audio02.TextGrid,16,7,with,78.640,78.780,IN,2.2069,6.85,3,-0.198762
audio02.TextGrid,16,8,his,78.780,78.950,PRP$,3.2962,6.51,3,0.401134
audio02.TextGrid,16,9,sun,78.950,79.190,NN,7.2986,4.97,3,2.186819
audio02.TextGrid,16,10,burned,79.190,79.630,VBD,4.3680,4.31,4,-1.693801
audio02.TextGrid,16,11,confident,79.630,80.260,JJ,9.3895,4.43,9,3.500430
audio02.TextGrid,16,12,loving,80.260,80.580,VBG,11.8042,4.47,5,5.972707
audio02.TextGrid,16,13,eyes,80.580,81.010,NNS,0.3447,5.21,2,-4.421619
audio02.TextGrid,17,1,if,82.630,82.760,IN,4.5640,6.47,2,1.611357
audio02.TextGrid,17,2,you,82.760,82.910,PRP,0.8356,6.98,2,-1.382937
audio02.TextGrid,17,3,were,82.910,83.010,VBD,3.2147,6.34,2,0.074931
audio02.TextGrid,17,4,my,83.010,83.250,PRP$,4.2594,6.57,2,1.450699
audio02.TextGrid,17,5,boy,83.250,83.550,NN,2.9794,5.17,2,-1.844496
audio02.TextGrid,17,6,i,83.550,83.640,NN,1.8395,7.09,1,-0.220700
audio02.TextGrid,17,7,d,83.640,83.750,VBP,2.5630,5.46,2,-1.843462
audio02.TextGrid,17,8,take,83.750,83.940,VB,3.7893,5.92,3,0.044973
audio02.TextGrid,17,9,you,83.940,84.090,PRP,0.4810,6.98,2,-1.737537
audio02.TextGrid,17,10,out,84.090,84.210,RP,2.3442,6.38,2,-0.737992
audio02.TextGrid,17,11,and,84.210,84.330,CC,2.5447,7.41,2,0.945116
audio02.TextGrid,17,12,gamble,84.330,84.800,VB,9.5096,3.79,6,2.699298
audio02.TextGrid,17,13,he,85.080,85.210,PRP,0.2519,6.69,2,-2.384070
audio02.TextGrid,17,14,said,85.210,85.560,VBD,0.0987,6.01,3,-3.516079
audio02.TextGrid,18,1,but,85.990,86.150,CC,1.7017,6.63,3,-1.020635
audio02.TextGrid,18,2,you,86.150,86.320,PRP,1.7360,6.98,2,-0.482537
audio02.TextGrid,18,3,are,86.320,86.440,VBP,2.8022,6.74,2,0.238201
audio02.TextGrid,18,4,your,86.440,86.600,PRP$,5.0595,6.53,3,2.193222
audio02.TextGrid,18,5,father,86.600,86.950,NN,2.3069,5.26,4,-2.387447
audio02.TextGrid,18,6,s,86.950,87.020,NN,1.1419,5.86,1,-2.688793
audio02.TextGrid,18,7,and,87.020,87.140,CC,4.4044,7.41,2,2.804816
audio02.TextGrid,18,8,your,87.140,87.270,PRP$,2.6804,6.53,3,-0.185878
audio02.TextGrid,18,9,mother,87.270,87.620,NN,0.9673,5.24,4,-3.755836
audio02.TextGrid,18,10,s,87.620,87.760,NN,0.0266,5.86,1,-3.804093
audio02.TextGrid,18,11,and,87.760,87.890,CC,1.9771,7.41,2,0.377516
audio02.TextGrid,18,12,you,87.890,88.110,PRP,1.5594,6.98,2,-0.659137
audio02.TextGrid,18,13,are,88.110,88.260,VBP,1.5197,6.74,2,-1.044299
audio02.TextGrid,18,14,in,88.260,88.340,IN,4.7060,7.27,2,2.904896
audio02.TextGrid,18,15,a,88.340,88.400,DT,2.5909,7.36,1,0.919345
audio02.TextGrid,18,16,lucky,88.400,88.690,JJ,7.9916,4.77,4,2.591934
audio02.TextGrid,18,17,boat,88.690,89.120,NN,2.2895,4.71,3,-3.196531
audio02.TextGrid,19,1,may,90.940,91.080,MD,7.8814,5.98,2,4.223438
audio02.TextGrid,19,2,i,91.080,91.180,VB,0.5633,7.09,1,-1.496900
audio02.TextGrid,19,3,get,91.180,91.320,VB,3.9410,6.28,3,0.714866
audio02.TextGrid,19,4,the,91.320,91.430,DT,3.4435,7.73,2,2.304532
audio02.TextGrid,19,5,sardines,91.430,92.050,NNS,4.8228,2.93,7,-3.225407
audio02.TextGrid,19,6,i,92.290,92.390,NN,1.4624,7.09,1,-0.597800
audio02.TextGrid,19,7,know,92.390,92.530,VBP,4.2475,6.1,2,0.762269
audio02.TextGrid,19,8,where,92.530,92.670,WRB,4.1244,6.0,3,0.495227
audio02.TextGrid,19,9,i,92.670,92.730,NN,2.9675,7.09,1,0.907300
audio02.TextGrid,19,10,can,92.730,92.880,MD,1.2485,6.46,3,-1.718538
audio02.TextGrid,19,11,get,92.880,93.060,VB,0.9918,6.28,3,-2.234334
audio02.TextGrid,19,12,four,93.090,93.280,CD,9.3369,5.53,3,5.031197
audio02.TextGrid,19,13,baits,93.280,93.660,NNS,11.7285,2.65,4,3.277254
audio02.TextGrid,19,14,too,93.660,93.980,RB,6.2703,5.95,2,2.569156
audio02.TextGrid,19,15,i,95.500,95.630,RB,1.9172,7.09,1,-0.143000
audio02.TextGrid,19,16,have,95.630,95.870,VBP,2.8035,6.71,3,0.196319
audio02.TextGrid,19,17,mine,95.870,96.150,NN,6.9663,5.04,3,1.955279
audio02.TextGrid,19,18,left,96.150,96.390,VBN,7.5629,5.62,4,3.386746
audio02.TextGrid,19,19,from,96.390,96.540,IN,5.4720,6.63,3,2.749665
audio02.TextGrid,19,20,today,96.540,97.030,NN,6.7187,5.55,4,2.441786
audio02.TextGrid,19,21,i,97.200,97.320,NN,1.4152,7.09,1,-0.645000
audio02.TextGrid,19,22,put,97.320,97.560,VBD,5.8343,5.66,3,1.715723
audio02.TextGrid,19,23,them,97.560,97.700,PRP,0.7669,6.19,3,-2.588782
audio02.TextGrid,19,24,in,97.700,97.800,IN,0.8173,7.27,2,-0.983804
audio02.TextGrid,19,25,salt,97.800,98.140,NN,7.6393,4.6,4,1.994932
audio02.TextGrid,19,26,in,98.140,98.210,IN,4.4217,7.27,2,2.620596
audio02.TextGrid,19,27,the,98.210,98.300,DT,0.7761,7.73,2,-0.362868
audio02.TextGrid,19,28,box,98.300,98.810,NN,5.7631,5.04,4,0.752079
audio02.TextGrid,20,1,let,99.830,100.000,VB,5.1528,5.6,3,0.947857
audio02.TextGrid,20,2,me,100.000,100.090,PRP,0.7654,6.48,2,-2.172849
audio02.TextGrid,20,3,get,100.090,100.290,VB,2.1039,6.28,3,-1.122234
audio02.TextGrid,20,4,four,100.290,100.490,CD,4.4591,5.53,3,0.153397
audio02.TextGrid,20,5,fresh,100.490,100.810,JJ,7.2139,4.83,4,1.900600
audio02.TextGrid,20,6,ones,100.810,101.240,NNS,1.5307,5.07,4,-3.437138
audio02.TextGrid,21,1,one,102.180,102.580,CD,5.0985,6.47,3,2.145857
audio02.TextGrid,21,2,the,102.890,103.010,DT,0.5235,7.73,2,-0.615468
audio02.TextGrid,21,3,old,103.010,103.210,JJ,0.4415,5.75,3,-3.547529
audio02.TextGrid,21,4,man,103.210,103.440,NN,0.0070,5.82,3,-3.881270
audio02.TextGrid,21,5,said,103.440,103.830,VBD,0.1024,6.01,3,-3.512379
audio02.TextGrid,22,1,his,105.070,105.240,PRP$,4.3924,6.51,3,1.497334
audio02.TextGrid,22,2,hope,105.240,105.530,NN,9.0183,5.44,3,4.583049
audio02.TextGrid,22,3,and,105.530,105.710,CC,4.3095,7.41,3,2.709916
audio02.TextGrid,22,4,his,105.710,105.880,PRP$,1.7197,6.51,3,-1.175366
audio02.TextGrid,22,5,confidence,105.880,106.430,NN,3.9997,4.65,9,-1.572696
audio02.TextGrid,22,6,had,106.430,106.560,VBD,2.9242,6.33,3,-0.229963
audio02.TextGrid,22,7,never,106.560,106.780,RB,4.3559,5.91,4,0.597179
audio02.TextGrid,22,8,gone,106.780,107.190,VBN,3.6253,5.17,3,-1.198596
audio02.TextGrid,22,9,but,107.430,107.630,CC,3.4661,6.63,3,0.743765
audio02.TextGrid,22,10,now,107.630,107.850,RB,2.7023,6.18,2,-0.667777
audio02.TextGrid,22,11,they,107.850,107.910,PRP,2.4331,6.5,2,-0.476361
audio02.TextGrid,22,12,were,107.910,107.970,VBD,0.8324,6.34,2,-2.307369
audio02.TextGrid,22,13,freshening,107.970,108.530,VBG,14.1065,2.25,7,5.079484
audio02.TextGrid,22,14,as,108.530,108.690,IN,5.5039,6.77,2,2.983084
audio02.TextGrid,22,15,when,108.690,108.820,WRB,6.2496,6.37,3,3.153014
audio02.TextGrid,22,16,the,108.820,108.890,DT,2.2670,7.73,2,1.128032
audio02.TextGrid,22,17,breeze,108.890,109.300,NN,7.2198,3.86,4,0.510258
audio02.TextGrid,22,18,rises,109.300,109.900,NNS,11.5413,4.07,5,5.134037
audio02.TextGrid,23,1,two,111.180,111.460,CD,5.5910,6.1,2,2.105769
audio02.TextGrid,23,2,the,111.760,111.840,DT,0.5759,7.73,2,-0.563068
audio02.TextGrid,23,3,boy,111.840,112.060,NN,1.8088,5.17,2,-3.015096
audio02.TextGrid,23,4,said,112.060,112.440,VBD,0.1300,6.01,3,-3.484779
audio02.TextGrid,24,1,two,113.630,114.050,CD,2.5475,6.1,2,-0.937731
audio02.TextGrid,24,2,the,114.290,114.400,DT,0.2090,7.73,2,-0.929968
audio02.TextGrid,24,3,old,114.400,114.590,JJ,0.2849,5.75,3,-3.704129
audio02.TextGrid,24,4,man,114.590,114.780,NN,0.0030,5.82,3,-3.885270
audio02.TextGrid,24,5,agreed,114.780,115.250,VBD,6.5753,4.84,5,1.276394
audio02.TextGrid,25,1,you,115.980,116.090,PRP,4.2327,6.98,2,2.014163
audio02.TextGrid,25,2,didn't,116.090,116.400,VBP,6.3425,5.68,5,2.252711
audio02.TextGrid,25,3,steal,116.400,116.690,VB,5.8508,4.41,4,-0.067058
audio02.TextGrid,25,4,them,116.690,116.910,PRP,1.8540,6.19,3,-1.501682
audio02.TextGrid,26,1,i,118.030,118.140,NN,1.4495,7.09,1,-0.610700
audio02.TextGrid,26,2,would,118.140,118.550,MD,4.8231,6.27,3,1.582572
audio02.TextGrid,26,3,the,118.740,118.820,DT,0.4815,7.73,2,-0.657468
audio02.TextGrid,26,4,boy,118.820,119.030,NN,0.7899,5.17,2,-4.033996
audio02.TextGrid,26,5,said,119.030,119.280,VBD,0.2304,6.01,3,-3.384379
audio02.TextGrid,26,6,but,119.280,119.440,CC,1.7731,6.63,3,-0.949235
audio02.TextGrid,26,7,i,119.440,119.530,JJ,1.2143,7.09,1,-0.845900
audio02.TextGrid,26,8,bought,119.530,119.840,VBD,5.1858,4.91,3,-0.012346
audio02.TextGrid,27,1,these,119.840,120.190,DT,5.6703,6.04,3,2.098704
audio02.TextGrid,27,2,thank,121.910,122.220,NN,6.0345,5.48,4,1.656826
audio02.TextGrid,27,3,you,122.220,122.760,PRP,0.1359,6.98,2,-2.082637
audio02.TextGrid,27,4,the,122.760,122.900,DT,0.2480,7.73,2,-0.890968
audio02.TextGrid,27,5,old,122.900,123.100,JJ,0.3216,5.75,3,-3.667429
audio02.TextGrid,27,6,man,123.100,123.340,NN,0.0036,5.82,3,-3.884670
audio02.TextGrid,27,7,said,123.340,123.730,VBD,0.1184,6.01,3,-3.496379
audio02.TextGrid,28,1,he,124.860,124.970,PRP,1.9228,6.69,2,-0.713170
audio02.TextGrid,28,2,was,124.970,125.180,VBD,2.1183,6.82,3,-0.330545
audio02.TextGrid,28,3,too,125.180,125.330,RB,5.3727,5.95,2,1.671556
audio02.TextGrid,28,4,simple,125.330,125.670,JJ,8.7563,5.08,6,3.802856
audio02.TextGrid,28,5,to,125.670,125.770,TO,1.4809,7.43,2,-0.089896
audio02.TextGrid,28,6,wonder,125.770,126.060,VB,7.2888,4.93,5,2.119442
audio02.TextGrid,28,7,when,126.060,126.340,WRB,5.1740,6.37,3,2.077414
audio02.TextGrid,28,8,he,126.340,126.580,PRP,1.1389,6.69,2,-1.497070
audio02.TextGrid,28,9,had,126.580,126.720,VBD,2.2020,6.33,3,-0.952163
audio02.TextGrid,28,10,attained,126.720,127.110,VBN,9.0570,3.57,5,1.930025
audio02.TextGrid,28,11,humility,127.110,127.710,NN,9.6360,3.59,9,2.537813
audio02.TextGrid,28,12,but,127.970,128.130,CC,2.7630,6.63,3,0.040665
audio02.TextGrid,28,13,he,128.130,128.220,PRP,1.4818,6.69,2,-1.154170
audio02.TextGrid,28,14,knew,128.220,128.440,VBD,1.9588,5.2,3,-2.821913
audio02.TextGrid,28,15,he,128.440,128.620,PRP,2.0381,6.69,2,-0.597870
audio02.TextGrid,28,16,had,128.620,128.760,VBD,1.0740,6.33,3,-2.080163
audio02.TextGrid,28,17,attained,128.760,129.170,VBN,5.6534,3.57,5,-1.473575
audio02.TextGrid,28,18,it,129.170,129.420,PRP,0.6803,6.95,2,-1.581420
audio02.TextGrid,28,19,and,129.420,129.590,CC,2.3033,7.41,3,0.703716
audio02.TextGrid,28,20,he,129.590,129.730,PRP,1.2283,6.69,2,-1.407670
audio02.TextGrid,28,21,knew,129.730,129.970,VBD,2.6275,5.2,3,-2.153213
audio02.TextGrid,28,22,it,129.970,130.080,PRP,1.8512,6.95,2,-0.410520
audio02.TextGrid,28,23,was,130.080,130.220,VBD,1.1143,6.82,3,-1.334545
audio02.TextGrid,28,24,not,130.220,130.360,RB,2.6288,6.69,3,-0.007170
audio02.TextGrid,28,25,disgraceful,130.360,131.080,JJ,9.0245,3.33,10,1.552063
audio02.TextGrid,28,26,and,131.150,131.290,CC,3.3765,7.41,2,1.776916
audio02.TextGrid,28,27,it,131.290,131.410,PRP,2.0621,6.95,2,-0.199620
audio02.TextGrid,28,28,carried,131.410,131.760,VBD,8.0539,4.77,5,2.654234
audio02.TextGrid,28,29,no,131.760,131.990,DT,3.0279,6.35,2,-0.097474
audio02.TextGrid,28,30,loss,131.990,132.330,NN,6.1962,5.07,3,1.228362
audio02.TextGrid,28,31,of,132.330,132.400,IN,1.8810,7.4,2,0.267022
audio02.TextGrid,28,32,true,132.400,132.650,JJ,7.4358,5.4,3,2.942972
audio02.TextGrid,28,33,pride,132.650,133.220,NN,2.6451,4.49,4,-3.157604
audio02.TextGrid,29,1,tomorrow,135.440,135.900,NN,6.2690,5.02,6,1.229191
audio02.TextGrid,29,2,is,135.900,135.990,VBZ,2.7622,7.07,2,0.673211
audio02.TextGrid,29,3,going,135.990,136.210,VBG,2.8199,5.94,4,-0.895639
audio02.TextGrid,29,4,to,136.210,136.300,TO,0.0182,7.43,2,-1.552596
audio02.TextGrid,29,5,be,136.300,136.470,VB,0.1091,6.79,2,-2.382927
audio02.TextGrid,29,6,a,136.470,136.510,DT,1.2333,7.36,1,-0.438255
audio02.TextGrid,29,7,good,136.510,136.760,JJ,1.8062,6.12,3,-1.650242
audio02.TextGrid,29,8,day,136.760,136.990,NN,0.4310,5.95,2,-3.270144
audio02.TextGrid,29,9,with,136.990,137.230,IN,4.8104,6.85,3,2.404738
audio02.TextGrid,29,10,this,137.230,137.400,DT,4.7700,6.82,3,2.321155
audio02.TextGrid,29,11,current,137.400,137.900,JJ,8.7778,5.27,6,4.097847
audio02.TextGrid,29,12,he,138.090,138.220,PRP,0.4147,6.69,2,-2.221270
audio02.TextGrid,29,13,said,138.220,138.570,VBD,0.3092,6.01,3,-3.305579
audio02.TextGrid,30,1,where,139.910,140.110,WRB,6.8116,6.0,3,3.182427
audio02.TextGrid,30,2,are,140.110,140.140,VBP,1.7960,6.74,1,-0.767999
audio02.TextGrid,30,3,you,140.140,140.240,PRP,0.7658,6.98,2,-1.452737
audio02.TextGrid,30,4,going,140.240,140.720,VBG,0.2425,5.94,4,-3.473039
audio02.TextGrid,30,5,the,140.930,141.000,DT,2.9979,7.73,2,1.858932
audio02.TextGrid,30,6,boy,141.000,141.300,NN,0.8853,5.17,2,-3.938596
audio02.TextGrid,30,7,asked,141.300,141.690,VBD,0.3734,5.3,3,-4.263370
audio02.TextGrid,31,1,far,142.860,143.210,RB,8.0616,5.5,3,3.712715
audio02.TextGrid,31,2,out,143.210,143.430,RB,4.7159,6.38,2,1.633708
audio02.TextGrid,31,3,to,143.470,143.550,TO,2.3700,7.43,2,0.799204
audio02.TextGrid,31,4,come,143.550,143.790,VB,7.6264,5.78,3,3.680553
audio02.TextGrid,31,5,in,143.790,143.950,IN,3.5942,7.27,2,1.793096
audio02.TextGrid,31,6,when,143.950,144.110,WRB,7.0679,6.37,3,3.971314
audio02.TextGrid,31,7,the,144.110,144.170,DT,1.2759,7.73,2,0.136932
audio02.TextGrid,31,8,wind,144.170,144.460,NN,1.0487,4.84,4,-4.250206
audio02.TextGrid,31,9,shifts,144.460,145.010,NNS,7.6617,4.01,5,1.168072
audio02.TextGrid,31,10,i,145.280,145.380,VBP,1.6068,7.09,1,-0.453400
audio02.TextGrid,31,11,want,145.380,145.530,VBP,3.1140,6.04,4,-0.457596
audio02.TextGrid,31,12,to,145.530,145.620,TO,0.3972,7.43,2,-1.173596
audio02.TextGrid,31,13,be,145.620,145.800,VB,2.8569,6.79,2,0.364873
audio02.TextGrid,31,14,out,145.800,145.940,RP,3.2557,6.38,2,0.173508
audio02.TextGrid,31,15,before,145.940,146.360,IN,3.8942,5.93,5,0.164267
audio02.TextGrid,31,16,it,146.360,146.440,PRP,1.4364,6.95,2,-0.825320
audio02.TextGrid,31,17,is,146.440,146.580,VBZ,2.8350,7.07,2,0.746011
audio02.TextGrid,31,18,light,146.580,146.930,JJ,7.2558,5.33,3,2.662212
audio02.TextGrid,32,1,i,146.930,146.960,NN,2.0782,7.09,1,0.018000
audio02.TextGrid,32,2,ll,148.660,148.790,VBP,3.3104,4.66,2,-2.247602
audio02.TextGrid,32,3,try,148.790,149.020,NN,4.8467,5.5,3,0.497815
audio02.TextGrid,32,4,to,149.020,149.110,TO,0.9397,7.43,2,-0.631096
audio02.TextGrid,32,5,get,149.110,149.280,VB,1.8219,6.28,3,-1.404234
audio02.TextGrid,32,6,him,149.280,149.400,PRP,5.7553,6.11,3,2.284464
audio02.TextGrid,32,7,to,149.400,149.490,TO,1.8996,7.43,2,0.328804
audio02.TextGrid,32,8,work,149.490,149.760,VB,6.0246,5.96,3,2.337850
audio02.TextGrid,32,9,far,149.760,150.020,RB,9.4312,5.5,3,5.082315
audio02.TextGrid,32,10,out,150.020,150.320,RP,1.3636,6.38,2,-1.718592
audio02.TextGrid,32,11,the,150.480,150.550,DT,0.2591,7.73,2,-0.879868
audio02.TextGrid,32,12,boy,150.550,150.760,NN,1.4604,5.17,2,-3.363496
audio02.TextGrid,32,13,said,150.760,151.070,VBD,0.1319,6.01,3,-3.482879
audio02.TextGrid,32,14,then,151.240,151.420,RB,4.2904,6.07,3,0.761987
audio02.TextGrid,32,15,if,151.420,151.530,IN,4.5683,6.47,2,1.615657
audio02.TextGrid,32,16,you,151.530,151.660,PRP,1.4327,6.98,2,-0.785837
audio02.TextGrid,32,17,hook,151.660,151.810,VBP,10.6697,4.37,3,4.694265
audio02.TextGrid,32,18,something,151.810,152.120,NN,6.6982,5.81,6,2.795536
audio02.TextGrid,32,19,truly,152.120,152.410,RB,12.0802,4.87,5,6.824477
audio02.TextGrid,32,20,big,152.410,152.650,JJ,1.9065,5.67,3,-2.197683
audio02.TextGrid,32,21,we,152.650,152.730,PRP,4.5251,6.54,2,1.673216
audio02.TextGrid,32,22,can,152.730,152.880,MD,0.6764,6.46,3,-2.290638
audio02.TextGrid,32,23,come,152.880,153.080,VB,4.6236,5.78,3,0.677753
audio02.TextGrid,32,24,to,153.080,153.160,TO,2.9919,7.43,2,1.421104
audio02.TextGrid,32,25,your,153.160,153.350,PRP$,3.2741,6.53,3,0.407822
audio02.TextGrid,32,26,aid,153.350,153.670,NN,4.4880,4.75,2,-0.940454
audio02.TextGrid,33,1,he,154.920,155.030,PRP,4.8064,6.69,2,2.170430
audio02.TextGrid,33,2,does,155.030,155.210,VBZ,5.1647,5.74,3,1.161277
audio02.TextGrid,33,3,not,155.210,155.420,RB,0.6625,6.69,3,-1.973470
audio02.TextGrid,33,4,like,155.420,155.620,VB,2.9803,6.41,3,-0.058709
audio02.TextGrid,33,5,to,155.620,155.680,TO,1.3986,7.43,2,-0.172196
audio02.TextGrid,33,6,work,155.680,155.900,VB,2.2779,5.96,3,-1.408850
audio02.TextGrid,33,7,too,155.900,156.090,RB,2.9917,5.95,2,-0.709444
audio02.TextGrid,33,8,far,156.090,156.400,RB,0.9931,5.5,3,-3.355785
audio02.TextGrid,34,1,out,156.400,156.690,IN,0.4776,6.38,2,-2.604592
audio02.TextGrid,34,2,no,157.580,157.940,DT,3.4589,6.35,2,0.333526
audio02.TextGrid,34,3,the,157.940,158.220,DT,0.1395,7.73,2,-0.999468
audio02.TextGrid,34,4,boy,158.220,158.430,NN,0.9316,5.17,2,-3.892296
audio02.TextGrid,34,5,said,158.430,158.780,VBD,0.1069,6.01,3,-3.507879
audio02.TextGrid,35,1,but,159.250,159.380,CC,2.7112,6.63,3,-0.011135
audio02.TextGrid,35,2,i,159.380,159.540,NN,1.6390,7.09,1,-0.421200
audio02.TextGrid,35,3,will,159.540,159.690,MD,2.0988,6.45,3,-0.882632
audio02.TextGrid,35,4,see,159.690,159.850,VB,4.8306,6.1,2,1.345369
audio02.TextGrid,35,5,something,159.850,160.180,NN,7.2298,5.81,6,3.327136
audio02.TextGrid,35,6,that,160.180,160.300,IN,3.5502,7.01,3,1.374846
audio02.TextGrid,35,7,he,160.300,160.420,PRP,2.4904,6.69,2,-0.145570
audio02.TextGrid,35,8,cannot,160.420,160.780,VB,3.5677,5.11,5,-1.342561
audio02.TextGrid,35,9,see,160.780,161.050,VB,1.1851,6.1,2,-2.300131
audio02.TextGrid,35,10,such,161.050,161.290,JJ,9.4683,5.84,3,5.608819
audio02.TextGrid,35,11,as,161.290,161.360,IN,0.2102,6.77,2,-2.310616
audio02.TextGrid,35,12,a,161.360,161.420,DT,1.8776,7.36,1,0.206045
audio02.TextGrid,35,13,bird,161.420,161.790,NN,6.2797,4.63,3,0.678515
audio02.TextGrid,35,14,working,161.790,162.150,VBG,8.6908,5.45,5,4.269943
audio02.TextGrid,35,15,and,162.540,162.630,CC,3.8524,7.41,2,2.252816
audio02.TextGrid,35,16,get,162.630,162.790,VB,6.2465,6.28,3,3.020366
audio02.TextGrid,35,17,him,162.790,162.880,PRP,1.3753,6.11,2,-2.095536
audio02.TextGrid,35,18,to,162.880,162.970,TO,0.6475,7.43,2,-0.923296
audio02.TextGrid,35,19,come,162.970,163.150,VB,3.2559,5.78,3,-0.689947
audio02.TextGrid,35,20,out,163.150,163.310,RP,2.0538,6.38,2,-1.028392
audio02.TextGrid,35,21,after,163.310,163.540,IN,5.6377,6.11,4,2.166864
audio02.TextGrid,35,22,dolphin,163.540,164.020,NN,14.1380,3.67,6,7.154967
audio02.TextGrid,36,1,are,165.630,165.750,VBP,5.0835,6.74,2,2.519501
audio02.TextGrid,36,2,his,165.750,165.950,PRP$,9.2545,6.51,3,6.359434
audio02.TextGrid,36,3,eyes,165.950,166.270,NNS,1.5356,5.21,2,-3.230719
audio02.TextGrid,36,4,that,166.270,166.470,IN,6.0614,7.01,3,3.886046
audio02.TextGrid,36,5,bad,166.490,166.910,JJ,4.0339,5.53,3,-0.271803
audio02.TextGrid,37,1,he,167.720,167.860,PRP,2.6963,6.69,2,0.060330
audio02.TextGrid,37,2,is,167.860,167.940,VBZ,1.6026,7.07,2,-0.486389
audio02.TextGrid,37,3,almost,167.940,168.300,RB,5.8235,5.39,6,1.316278
audio02.TextGrid,37,4,blind,168.300,168.810,IN,1.5471,4.52,5,-4.212422
audio02.TextGrid,37,5,it,169.660,169.770,PRP,4.1627,6.95,2,1.900980
audio02.TextGrid,37,6,is,169.770,169.880,VBZ,0.5939,7.07,2,-1.495089
audio02.TextGrid,37,7,strange,169.880,170.460,JJ,5.9168,4.64,6,0.330009
audio02.TextGrid,37,8,the,170.740,170.850,DT,0.1668,7.73,2,-0.972168
audio02.TextGrid,37,9,old,170.850,171.030,JJ,1.4100,5.75,3,-2.579029
audio02.TextGrid,37,10,man,171.030,171.250,NN,0.0046,5.82,3,-3.883670
audio02.TextGrid,37,11,said,171.250,171.610,VBD,0.1012,6.01,3,-3.513579
audio02.TextGrid,38,1,he,172.210,172.310,PRP,1.7032,6.69,2,-0.932770
audio02.TextGrid,38,2,never,172.310,172.550,RB,4.1568,5.91,4,0.398079
audio02.TextGrid,38,3,went,172.550,172.760,VBD,6.0353,5.5,4,1.686415
audio02.TextGrid,38,4,turtle,172.760,173.180,JJ,12.2862,3.91,5,5.648629
audio02.TextGrid,38,5,ing,173.180,173.350,NN,5.3096,3.95,2,-1.270394
audio02.TextGrid,38,6,that,173.650,173.850,WDT,4.6021,7.01,3,2.426746
audio02.TextGrid,38,7,is,173.850,173.990,VBZ,0.8481,7.07,2,-1.240889
audio02.TextGrid,38,8,what,173.990,174.150,WP,2.4330,6.38,3,-0.649192
audio02.TextGrid,38,9,kills,174.150,174.510,VBZ,6.8257,4.34,4,0.807082
audio02.TextGrid,38,10,the,174.510,174.650,DT,2.9427,7.73,2,1.803732
audio02.TextGrid,38,11,eyes,174.650,175.050,NNS,4.2235,5.21,2,-0.542819
audio02.TextGrid,39,1,but,176.840,176.990,CC,2.9381,6.63,3,0.215765
audio02.TextGrid,39,2,you,176.990,177.100,PRP,2.3427,6.98,2,0.124163
audio02.TextGrid,39,3,went,177.100,177.330,VBD,5.1753,5.5,4,0.826415
audio02.TextGrid,39,4,turtle,177.330,177.610,JJ,1.3392,3.91,5,-5.298371
audio02.TextGrid,39,5,ing,177.610,177.730,NN,0.0169,3.95,2,-6.563094
audio02.TextGrid,39,6,for,177.730,177.850,IN,3.8866,7.01,2,1.711246
audio02.TextGrid,39,7,years,177.850,178.210,NNS,5.0156,5.96,3,1.328850
audio02.TextGrid,39,8,off,178.210,178.340,IN,8.9523,5.93,2,5.222367
audio02.TextGrid,39,9,the,178.340,178.430,DT,0.8908,7.73,2,-0.248168
audio02.TextGrid,39,10,mosquito,178.430,178.890,NN,9.1417,3.61,7,2.072302
audio02.TextGrid,39,11,coast,178.890,179.260,NN,4.0170,4.87,4,-1.238723
audio02.TextGrid,39,12,and,179.260,179.350,CC,1.9554,7.41,2,0.355816
audio02.TextGrid,39,13,your,179.350,179.560,PRP$,4.7784,6.53,3,1.912122
audio02.TextGrid,39,14,eyes,179.560,179.770,NNS,0.8121,5.21,2,-3.954219
audio02.TextGrid,39,15,are,179.770,179.830,VBP,1.0312,6.74,1,-1.532799
audio02.TextGrid,39,16,good,179.830,180.160,JJ,3.0332,6.12,3,-0.423242
audio03.TextGrid,1,1,i,0.590,0.790,NN,1.8894,7.09,1,-0.170800
audio03.TextGrid,1,2,am,0.790,0.930,VBP,2.4916,5.78,2,-1.454247
audio03.TextGrid,1,3,a,0.930,0.990,DT,3.4877,7.36,1,1.816145
audio03.TextGrid,1,4,strange,0.990,1.520,JJ,8.3226,4.64,6,2.735809
audio03.TextGrid,1,5,old,1.520,1.800,JJ,4.6406,5.75,3,0.651571
audio03.TextGrid,1,6,man,1.800,2.220,NN,0.2219,5.82,3,-3.666370
audio03.TextGrid,2,1,but,3.350,3.590,CC,2.7765,6.63,3,0.054165
audio03.TextGrid,2,2,are,3.590,3.700,VBP,5.6591,6.74,2,3.095101
audio03.TextGrid,2,3,you,3.700,3.850,PRP,0.7374,6.98,2,-1.481137
audio03.TextGrid,2,4,strong,3.850,4.200,JJ,7.2903,5.22,5,2.538376
audio03.TextGrid,2,5,enough,4.200,4.470,RB,1.2526,5.54,4,-3.038708
audio03.TextGrid,2,6,now,4.470,4.710,RB,5.6775,6.18,2,2.307423
audio03.TextGrid,2,7,for,4.710,4.880,IN,3.5340,7.01,2,1.358646
audio03.TextGrid,2,8,a,4.880,4.940,DT,2.2268,7.36,1,0.555245
audio03.TextGrid,2,9,truly,4.940,5.270,RB,8.8605,4.87,5,3.604777
audio03.TextGrid,2,10,big,5.270,5.510,JJ,2.1891,5.67,3,-1.915083
audio03.TextGrid,2,11,fish,5.510,5.830,NN,1.4751,4.9,3,-3.737440
audio03.TextGrid,3,1,i,6.750,6.860,NN,1.2624,7.09,1,-0.797800
audio03.TextGrid,3,2,think,6.860,7.140,VBP,3.2597,6.08,4,-0.254319
audio03.TextGrid,3,3,so,7.140,7.430,RB,1.0941,6.52,2,-1.786572
audio03.TextGrid,3,4,and,7.820,7.950,CC,3.8458,7.41,2,2.246216
audio03.TextGrid,3,5,there,7.950,8.150,EX,4.3213,6.31,3,1.138349
audio03.TextGrid,3,6,are,8.150,8.240,VBP,1.2003,6.74,2,-1.363699
audio03.TextGrid,3,7,many,8.240,8.520,JJ,2.1838,5.91,4,-1.574921
audio03.TextGrid,3,8,tricks,8.520,9.020,NNS,6.7544,4.15,5,0.462291
audio03.TextGrid,4,1,let,10.180,10.350,VB,5.2326,5.6,3,1.027657
audio03.TextGrid,4,2,us,10.350,10.510,PRP,1.9089,6.04,2,-1.662696
audio03.TextGrid,4,3,take,10.510,10.730,VB,3.6151,5.92,3,-0.129227
audio03.TextGrid,4,4,the,10.730,10.800,DT,2.3158,7.73,2,1.176832
audio03.TextGrid,4,5,stuff,10.800,11.080,NN,8.6570,5.14,4,3.789922
audio03.TextGrid,4,6,home,11.080,11.410,NN,5.1748,5.81,3,1.272136
audio03.TextGrid,4,7,the,11.560,11.640,DT,0.2436,7.73,2,-0.895368
audio03.TextGrid,4,8,boy,11.640,11.850,NN,0.5909,5.17,2,-4.232996
audio03.TextGrid,4,9,said,11.850,12.220,VBD,0.1133,6.01,3,-3.501479
audio03.TextGrid,4,10,so,12.390,12.560,RB,5.3478,6.52,2,2.467128
audio03.TextGrid,4,11,i,12.560,12.640,JJ,2.5646,7.09,1,0.504400
audio03.TextGrid,4,12,can,12.640,12.810,MD,1.2973,6.46,3,-1.669738
audio03.TextGrid,4,13,get,12.810,12.930,VB,2.0479,6.28,3,-1.178234
audio03.TextGrid,4,14,the,12.930,13.050,DT,2.1896,7.73,2,1.050632
audio03.TextGrid,4,15,cast,13.050,13.440,NN,8.0301,4.79,4,2.659223
audio03.TextGrid,4,16,net,13.440,13.680,NN,8.0959,4.76,3,2.681840
audio03.TextGrid,4,17,and,13.680,13.750,CC,1.4994,7.41,2,-0.100184
audio03.TextGrid,4,18,go,13.750,13.970,VB,4.2380,6.03,2,0.652010
audio03.TextGrid,4,19,after,13.970,14.150,IN,5.1695,6.11,4,1.698664
audio03.TextGrid,4,20,the,14.150,14.230,DT,1.3082,7.73,2,0.169232
audio03.TextGrid,4,21,sardines,14.230,14.850,NNS,4.4495,2.93,7,-3.598707
audio03.TextGrid,5,1,they,16.750,16.860,PRP,3.5190,6.5,2,0.609539
audio03.TextGrid,5,2,picked,16.860,17.120,VBD,5.2466,4.72,4,-0.225037
audio03.TextGrid,5,3,up,17.120,17.230,RP,0.5637,6.39,2,-2.504097
audio03.TextGrid,5,4,the,17.230,17.310,DT,0.9190,7.73,2,-0.219968
audio03.TextGrid,5,5,gear,17.310,17.610,NN,6.7277,4.46,3,0.881813
audio03.TextGrid,5,6,from,17.610,17.780,IN,3.0584,6.63,3,0.336065
audio03.TextGrid,5,7,the,17.780,17.850,DT,0.2241,7.73,2,-0.914868
audio03.TextGrid,5,8,boat,17.850,18.260,NN,2.7747,4.71,3,-2.711331
audio03.TextGrid,6,1,the,19.200,19.340,DT,1.5841,7.73,2,0.445132
audio03.TextGrid,6,2,old,19.340,19.550,JJ,1.6720,5.75,3,-2.317029
audio03.TextGrid,6,3,man,19.550,19.800,NN,0.0678,5.82,3,-3.820470
audio03.TextGrid,6,4,carried,19.800,20.120,VBD,4.7474,4.77,5,-0.652266
audio03.TextGrid,6,5,the,20.120,20.200,DT,1.4712,7.73,2,0.332232
audio03.TextGrid,6,6,mast,20.200,20.620,NN,9.4356,3.52,4,2.236654
audio03.TextGrid,6,7,on,20.620,20.740,IN,3.2439,6.91,2,0.924603
audio03.TextGrid,6,8,his,20.740,20.910,PRP$,0.9367,6.51,3,-1.958366
audio03.TextGrid,6,9,shoulder,20.910,21.380,NN,3.1010,4.5,5,-2.687310
audio03.TextGrid,6,10,and,21.530,21.630,CC,0.7902,7.41,2,-0.809384
audio03.TextGrid,6,11,the,21.630,21.720,DT,2.1898,7.73,2,1.050832
audio03.TextGrid,6,12,boy,21.720,22.000,NN,2.4999,5.17,2,-2.323996
audio03.TextGrid,6,13,carried,22.000,22.350,VBD,2.2746,4.77,5,-3.125066
audio03.TextGrid,6,14,the,22.350,22.440,DT,0.7038,7.73,2,-0.435168
audio03.TextGrid,6,15,wooden,22.440,22.770,JJ,5.6463,4.33,5,-0.386712
audio03.TextGrid,6,16,boat,22.770,23.280,NN,3.4058,4.71,3,-2.080231
audio03.TextGrid,6,17,with,23.280,23.410,IN,2.2228,6.85,3,-0.182862
audio03.TextGrid,6,18,the,23.410,23.480,DT,2.2313,7.73,2,1.092332
audio03.TextGrid,6,19,coiled,23.480,24.020,JJ,7.8192,2.9,4,-0.272190
audio03.TextGrid,6,20,hard,24.020,24.280,NN,5.7503,5.53,4,1.444597
audio03.TextGrid,6,21,braided,24.280,24.580,VBD,8.3627,3.08,6,0.530407
audio03.TextGrid,6,22,brown,24.580,24.900,JJ,10.8638,5.01,4,5.809596
audio03.TextGrid,6,23,lines,24.900,25.440,NNS,3.0280,4.95,4,-2.112569
audio03.TextGrid,6,24,the,25.920,26.000,DT,2.1394,7.73,2,1.000432
audio03.TextGrid,6,25,gaff,26.000,26.610,NN,12.6313,2.68,3,4.223237
audio03.TextGrid,6,26,and,26.610,26.720,CC,2.4063,7.41,2,0.806716
audio03.TextGrid,6,27,the,26.720,26.820,DT,0.6031,7.73,2,-0.535868
audio03.TextGrid,6,28,harpoon,26.820,27.390,NN,7.6152,2.83,6,-0.576950
audio03.TextGrid,6,29,with,27.390,27.580,IN,4.1364,6.85,3,1.730738
audio03.TextGrid,6,30,its,27.580,27.740,PRP$,3.3071,6.14,3,-0.120554
audio03.TextGrid,6,31,shaft,27.740,28.280,NN,7.3742,3.9,4,0.722235
audio03.TextGrid,7,1,the,29.120,29.210,DT,1.3441,7.73,2,0.205132
audio03.TextGrid,7,2,box,29.210,29.560,NN,8.1945,5.04,4,3.183479
audio03.TextGrid,7,3,with,29.560,29.680,IN,3.3650,6.85,3,0.959338
audio03.TextGrid,7,4,the,29.680,29.760,DT,0.4644,7.73,2,-0.674568
audio03.TextGrid,7,5,baits,29.760,30.260,NNS,5.5211,2.65,4,-2.930146
audio03.TextGrid,7,6,was,30.260,30.460,VBD,1.0840,6.82,3,-1.364845
audio03.TextGrid,7,7,under,30.460,30.690,IN,6.8752,5.73,4,2.857382
audio03.TextGrid,7,8,the,30.690,30.820,DT,0.5890,7.73,2,-0.549968
audio03.TextGrid,7,9,stern,30.820,31.260,NN,4.7034,3.9,4,-1.948565
audio03.TextGrid,7,10,of,31.260,31.360,IN,2.0199,7.4,2,0.405922
audio03.TextGrid,7,11,the,31.360,31.460,DT,0.0824,7.73,2,-1.056568
audio03.TextGrid,7,12,skiff,31.460,31.860,NN,8.4049,2.63,4,-0.075135
audio03.TextGrid,7,13,along,32.000,32.350,IN,7.2662,5.38,4,2.744584
audio03.TextGrid,7,14,with,32.350,32.470,IN,0.6407,6.85,3,-1.764962
audio03.TextGrid,7,15,the,32.470,32.550,DT,0.7024,7.73,2,-0.436568
audio03.TextGrid,7,16,club,32.550,32.890,NN,8.2181,5.2,4,3.437387
audio03.TextGrid,7,17,that,32.890,33.060,WDT,4.5057,7.01,3,2.330346
audio03.TextGrid,7,18,was,33.060,33.200,VBD,1.9643,6.82,3,-0.484545
audio03.TextGrid,7,19,used,33.200,33.470,VBN,3.2757,5.8,4,-0.641358
audio03.TextGrid,7,20,to,33.470,33.590,TO,0.6150,7.43,2,-0.955796
audio03.TextGrid,7,21,subdue,33.590,33.970,VB,7.4008,3.06,5,-0.460282
audio03.TextGrid,7,22,the,33.970,34.070,DT,0.5395,7.73,2,-0.599468
audio03.TextGrid,7,23,big,34.070,34.390,JJ,5.4884,5.67,3,1.384217
audio03.TextGrid,7,24,fish,34.390,34.650,NN,0.3845,4.9,3,-4.828040
audio03.TextGrid,7,25,when,34.650,34.810,WRB,4.6384,6.37,4,1.541814
audio03.TextGrid,7,26,they,34.810,34.880,PRP,2.3908,6.5,2,-0.518661
audio03.TextGrid,7,27,were,34.880,35.010,VBD,0.9578,6.34,2,-2.181969
audio03.TextGrid,7,28,brought,35.010,35.240,VBN,4.8137,5.16,4,-0.024590
audio03.TextGrid,7,29,alongside,35.240,35.970,RB,9.4516,4.45,7,3.591319
audio03.TextGrid,8,1,no,36.990,37.120,DT,6.1580,6.35,2,3.032626
audio03.TextGrid,8,2,one,37.120,37.300,NN,1.1314,6.47,3,-1.821243
audio03.TextGrid,8,3,would,37.300,37.440,MD,3.5531,6.27,3,0.312572
audio03.TextGrid,8,4,steal,37.440,37.770,VB,6.7864,4.41,4,0.868542
audio03.TextGrid,8,5,from,37.770,37.950,IN,3.3165,6.63,4,0.594165
audio03.TextGrid,8,6,the,37.950,38.050,DT,1.1114,7.73,2,-0.027568
audio03.TextGrid,8,7,old,38.050,38.250,JJ,3.0945,5.75,3,-0.894529
audio03.TextGrid,8,8,man,38.250,38.550,NN,0.0731,5.82,3,-3.815170
audio03.TextGrid,8,9,but,38.550,38.710,CC,2.8550,6.63,3,0.132665
audio03.TextGrid,8,10,it,38.710,38.800,PRP,3.6337,6.95,2,1.371980
audio03.TextGrid,8,11,was,38.800,38.940,VBD,0.4130,6.82,3,-2.035845
audio03.TextGrid,8,12,better,38.940,39.220,RBR,4.0737,5.76,4,0.099065
audio03.TextGrid,8,13,to,39.220,39.310,TO,0.7346,7.43,2,-0.836196
audio03.TextGrid,8,14,take,39.310,39.560,VB,2.8992,5.92,3,-0.845127
audio03.TextGrid,8,15,the,39.560,39.640,DT,1.5771,7.73,2,0.438132
audio03.TextGrid,8,16,sail,39.640,40.010,NN,6.8260,4.01,3,0.332372
audio03.TextGrid,8,17,and,40.010,40.090,CC,1.6447,7.41,2,0.045116
audio03.TextGrid,8,18,the,40.090,40.170,DT,2.1462,7.73,2,1.007232
audio03.TextGrid,8,19,heavy,40.170,40.430,JJ,6.3133,4.96,4,1.187125
audio03.TextGrid,8,20,lines,40.430,40.810,NNS,7.2346,4.95,4,2.094031
audio03.TextGrid,8,21,home,40.810,41.100,NN,7.6113,5.81,3,3.708636
audio03.TextGrid,8,22,as,41.100,41.250,IN,3.9184,6.77,2,1.397584
audio03.TextGrid,8,23,the,41.250,41.340,DT,3.0407,7.73,2,1.901732
audio03.TextGrid,8,24,dew,41.340,41.520,NN,10.5941,3.52,2,3.395154
audio03.TextGrid,8,25,was,41.520,41.720,VBD,2.4373,6.82,3,-0.011545
audio03.TextGrid,8,26,bad,41.720,42.000,JJ,7.8095,5.53,3,3.503797
audio03.TextGrid,8,27,for,42.000,42.110,IN,1.7817,7.01,2,-0.393654
audio03.TextGrid,8,28,them,42.110,42.390,PRP,2.2130,6.19,3,-1.142682
audio03.TextGrid,9,1,and,43.130,43.430,CC,2.4379,7.41,3,0.838316
audio03.TextGrid,9,2,though,43.540,43.720,IN,4.2429,5.5,2,-0.105985
audio03.TextGrid,9,3,he,43.720,43.800,PRP,2.8090,6.69,2,0.173030
audio03.TextGrid,9,4,was,43.800,43.970,VBD,1.5718,6.82,3,-0.877045
audio03.TextGrid,9,5,quite,43.970,44.240,RB,4.5231,5.29,4,-0.128065
audio03.TextGrid,9,6,sure,44.240,44.500,JJ,3.2914,5.67,3,-0.812783
audio03.TextGrid,9,7,no,44.500,44.660,DT,5.6056,6.35,2,2.480226
audio03.TextGrid,9,8,local,44.660,45.010,JJ,10.5679,5.43,5,6.118255
audio03.TextGrid,9,9,people,45.010,45.380,NNS,4.4786,6.25,5,1.209283
audio03.TextGrid,9,10,would,45.380,45.560,MD,0.8123,6.27,3,-2.428228
audio03.TextGrid,9,11,steal,45.560,45.850,VB,1.9745,4.41,4,-3.943358
audio03.TextGrid,9,12,from,45.850,46.080,IN,1.0980,6.63,4,-1.624335
audio03.TextGrid,9,13,him,46.080,46.230,PRP,0.9556,6.11,3,-2.515236
audio03.TextGrid,9,14,the,46.550,46.660,DT,2.0989,7.73,2,0.959932
audio03.TextGrid,9,15,old,46.660,46.840,JJ,1.1380,5.75,3,-2.851029
audio03.TextGrid,9,16,man,46.840,47.080,NN,0.0168,5.82,3,-3.871470
audio03.TextGrid,9,17,thought,47.080,47.290,VBD,2.7281,5.59,3,-1.491237
audio03.TextGrid,9,18,that,47.290,47.460,IN,1.9443,7.01,3,-0.231054
audio03.TextGrid,9,19,a,47.460,47.500,DT,3.9010,7.36,1,2.229445
audio03.TextGrid,9,20,gaff,47.500,47.910,NN,7.2537,2.68,3,-1.154363
audio03.TextGrid,9,21,and,47.910,48.050,CC,2.7714,7.41,3,1.171816
audio03.TextGrid,9,22,a,48.050,48.090,DT,0.8680,7.36,1,-0.803555
audio03.TextGrid,9,23,harpoon,48.090,48.670,NN,1.2962,2.83,6,-6.895950
audio03.TextGrid,9,24,were,48.670,48.790,VBD,1.8878,6.34,2,-1.251969
audio03.TextGrid,9,25,needless,48.790,49.190,JJ,10.8444,3.66,6,3.846973
audio03.TextGrid,9,26,temptations,49.190,49.900,NNS,7.0950,3.16,9,-0.622139
audio03.TextGrid,9,27,to,49.900,50.020,TO,1.9143,7.43,2,0.343504
audio03.TextGrid,9,28,leave,50.020,50.220,VB,6.9526,5.34,3,2.373407
audio03.TextGrid,9,29,in,50.220,50.300,IN,4.0847,7.27,2,2.283596
audio03.TextGrid,9,30,a,50.300,50.350,DT,2.8954,7.36,1,1.223845
audio03.TextGrid,9,31,boat,50.350,50.800,NN,1.6853,4.71,3,-3.800731
audio03.TextGrid,10,1,they,52.500,52.600,PRP,3.1780,6.5,2,0.268539
audio03.TextGrid,10,2,walked,52.600,52.880,VBD,5.3873,4.67,4,-0.156308
audio03.TextGrid,10,3,up,52.880,52.990,RP,3.0277,6.39,2,-0.040097
audio03.TextGrid,10,4,the,52.990,53.070,DT,1.1553,7.73,2,0.016332
audio03.TextGrid,10,5,road,53.070,53.370,NN,4.2029,5.24,3,-0.520236
audio03.TextGrid,10,6,together,53.370,53.700,RB,5.2360,5.46,6,0.829538
audio03.TextGrid,10,7,to,53.700,53.800,TO,2.9780,7.43,2,1.407204
audio03.TextGrid,10,8,the,53.800,53.920,DT,0.7337,7.73,2,-0.405268
audio03.TextGrid,10,9,old,53.920,54.200,JJ,4.3776,5.75,3,0.388571
audio03.TextGrid,10,10,man,54.200,54.350,NN,0.2345,5.82,3,-3.653770
audio03.TextGrid,10,11,s,54.350,54.380,VBZ,0.3989,5.86,1,-3.431793
audio03.TextGrid,10,12,shack,54.380,54.790,NN,5.3691,3.43,3,-1.959395
audio03.TextGrid,10,13,and,54.790,54.930,CC,1.2901,7.41,3,-0.309484
audio03.TextGrid,10,14,went,54.930,55.130,VBD,4.3620,5.5,4,0.013115
audio03.TextGrid,10,15,in,55.130,55.280,IN,3.0216,7.27,2,1.220496
audio03.TextGrid,10,16,through,55.280,55.470,IN,3.4891,5.87,3,-0.327198
audio03.TextGrid,10,17,its,55.470,55.610,PRP$,5.5870,6.14,3,2.159346
audio03.TextGrid,10,18,open,55.610,55.890,JJ,2.4827,5.48,4,-1.894974
audio03.TextGrid,10,19,door,55.890,56.260,NN,1.4896,5.08,3,-3.463844
audio03.TextGrid,11,1,the,56.900,57.040,DT,1.4612,7.73,2,0.322232
audio03.TextGrid,11,2,old,57.040,57.210,JJ,0.3996,5.75,3,-3.589429
audio03.TextGrid,11,3,man,57.210,57.450,NN,0.0057,5.82,3,-3.882570
audio03.TextGrid,11,4,leaned,57.450,57.690,VBD,6.1043,3.41,4,-1.252983
audio03.TextGrid,11,5,the,57.690,57.760,DT,4.5209,7.73,2,3.381932
audio03.TextGrid,11,6,mast,57.760,58.170,NN,4.4183,3.52,4,-2.780646
audio03.TextGrid,11,7,with,58.170,58.280,IN,4.5080,6.85,3,2.102338
audio03.TextGrid,11,8,its,58.280,58.480,PRP$,4.2746,6.14,3,0.846946
audio03.TextGrid,11,9,wrapped,58.480,58.790,JJ,10.5370,4.15,4,4.244891
audio03.TextGrid,11,10,sail,58.790,59.130,NN,6.0623,4.01,3,-0.431328
audio03.TextGrid,11,11,against,59.130,59.420,IN,3.3601,5.68,6,-0.729689
audio03.TextGrid,11,12,the,59.420,59.510,DT,0.2814,7.73,2,-0.857568
audio03.TextGrid,11,13,wall,59.510,59.890,NN,3.8905,5.04,3,-1.120521
audio03.TextGrid,12,1,and,60.550,60.630,CC,1.0139,7.41,2,-0.585684
audio03.TextGrid,12,2,the,60.630,60.700,DT,1.9746,7.73,2,0.835632
audio03.TextGrid,12,3,boy,60.700,60.910,NN,3.0084,5.17,2,-1.815496
audio03.TextGrid,12,4,put,60.910,61.090,VBD,4.5543,5.66,3,0.435723
audio03.TextGrid,12,5,the,61.090,61.170,DT,1.1261,7.73,2,-0.012868
audio03.TextGrid,12,6,box,61.170,61.560,NN,5.0614,5.04,4,0.050379
audio03.TextGrid,12,7,and,61.560,61.630,CC,3.3903,7.41,2,1.790716
audio03.TextGrid,12,8,the,61.630,61.800,DT,0.7222,7.73,2,-0.416768
audio03.TextGrid,12,9,other,61.800,61.950,JJ,5.2043,6.16,3,1.805435
audio03.TextGrid,12,10,gear,61.950,62.200,JJ,3.6439,4.46,3,-2.201987
audio03.TextGrid,12,11,beside,62.200,62.650,IN,6.5348,4.19,5,0.300268
audio03.TextGrid,12,12,it,62.650,62.800,PRP,1.1292,6.95,2,-1.132520
audio03.TextGrid,13,1,the,63.550,63.630,DT,1.2648,7.73,2,0.125832
audio03.TextGrid,13,2,mast,63.630,63.980,NN,7.3161,3.52,4,0.117154
audio03.TextGrid,13,3,was,63.980,64.160,VBD,1.2753,6.82,3,-1.173545
audio03.TextGrid,13,4,nearly,64.160,64.450,RB,5.5751,5.0,5,0.506502
audio03.TextGrid,13,5,as,64.450,64.590,RB,3.0572,6.77,2,0.536384
audio03.TextGrid,13,6,long,64.590,64.860,RB,2.8647,5.81,3,-1.037964
audio03.TextGrid,13,7,as,64.860,65.000,IN,0.1943,6.77,2,-2.326516
audio03.TextGrid,13,8,the,65.000,65.060,DT,0.3032,7.73,2,-0.835768
audio03.TextGrid,13,9,one,65.060,65.310,CD,4.9464,6.47,3,1.993757
audio03.TextGrid,13,10,room,65.310,65.540,NN,10.0281,5.39,3,5.520878
audio03.TextGrid,13,11,of,65.540,65.610,IN,2.7967,7.4,2,1.182722
audio03.TextGrid,13,12,the,65.610,65.720,DT,0.2190,7.73,2,-0.919968
audio03.TextGrid,13,13,shack,65.720,66.180,NN,2.4107,3.43,3,-4.917795
audio03.TextGrid,14,1,the,66.890,66.970,DT,1.0494,7.73,2,-0.089568
audio03.TextGrid,14,2,shack,66.970,67.260,NN,5.4369,3.43,3,-1.891595
audio03.TextGrid,14,3,was,67.260,67.430,VBD,0.8136,6.82,3,-1.635245
audio03.TextGrid,14,4,made,67.430,67.680,VBN,3.7176,5.92,3,-0.026727
audio03.TextGrid,14,5,of,67.680,67.760,IN,0.3771,7.4,2,-1.236878
audio03.TextGrid,14,6,the,67.760,67.850,DT,3.7967,7.73,2,2.657732
audio03.TextGrid,14,7,tough,67.850,68.160,JJ,7.5070,4.77,3,2.107334
audio03.TextGrid,14,8,budshields,68.160,68.900,NNS,27.7005,0.0,8,15.434778
audio03.TextGrid,14,9,of,68.900,68.970,IN,1.4722,7.4,2,-0.141778
audio03.TextGrid,14,10,the,68.970,69.090,DT,1.2968,7.73,2,0.157832
audio03.TextGrid,14,11,royal,69.090,69.430,NN,9.6331,4.85,4,4.348588
audio03.TextGrid,14,12,palm,69.430,69.950,NN,9.0539,4.23,3,2.876945
audio03.TextGrid,14,13,which,69.950,70.180,WDT,4.9700,6.3,3,1.772654
audio03.TextGrid,14,14,are,70.180,70.320,VBP,3.5237,6.74,2,0.959701
audio03.TextGrid,14,15,called,70.320,70.690,VBN,5.0917,5.59,4,0.872363
audio03.TextGrid,14,16,guano,70.690,71.280,NN,10.2364,2.61,5,1.727577
audio03.TextGrid,14,17,and,71.610,71.950,CC,2.3254,7.41,3,0.725816
audio03.TextGrid,14,18,in,71.950,72.010,IN,5.8181,7.27,2,4.016996
audio03.TextGrid,14,19,it,72.010,72.200,PRP,4.6249,6.95,2,2.363180
audio03.TextGrid,14,20,there,72.200,72.380,EX,3.2479,6.31,3,0.064949
audio03.TextGrid,14,21,was,72.380,72.550,VBD,0.8429,6.82,3,-1.605945
audio03.TextGrid,14,22,a,72.550,72.590,DT,0.4311,7.36,1,-1.240455
audio03.TextGrid,14,23,bed,72.590,73.020,NN,5.9326,5.07,3,0.964762
audio03.TextGrid,14,24,a,73.400,73.480,DT,0.8575,7.36,1,-0.814055
audio03.TextGrid,14,25,table,73.480,73.990,JJ,3.1125,5.05,5,-1.884127
audio03.TextGrid,14,26,one,74.140,74.400,CD,5.6704,6.47,3,2.717757
audio03.TextGrid,14,27,chair,74.400,74.810,NN,3.6622,4.69,3,-1.852619
audio03.TextGrid,15,1,and,75.190,75.290,CC,1.5262,7.41,2,-0.073384
audio03.TextGrid,15,2,a,75.290,75.340,DT,0.5998,7.36,1,-1.071755
audio03.TextGrid,15,3,place,75.340,75.690,NN,5.8734,5.71,4,1.826794
audio03.TextGrid,15,4,on,75.690,75.820,IN,4.4154,6.91,2,2.096103
audio03.TextGrid,15,5,the,75.820,75.900,DT,0.7402,7.73,2,-0.398768
audio03.TextGrid,15,6,dirt,75.900,76.210,NN,9.1327,4.24,3,2.970139
audio03.TextGrid,15,7,floor,76.210,76.560,NN,0.3239,4.94,4,-4.831063
audio03.TextGrid,15,8,to,76.560,76.680,TO,2.5022,7.43,2,0.931404
audio03.TextGrid,15,9,cook,76.680,76.930,VB,6.5388,4.65,3,0.966404
audio03.TextGrid,15,10,with,76.930,77.070,IN,4.2544,6.85,3,1.848738
audio03.TextGrid,15,11,charcoal,77.070,77.690,NN,6.3593,3.58,6,-0.753281
audio03.TextGrid,16,1,on,78.400,78.510,IN,3.5278,6.91,2,1.208503
audio03.TextGrid,16,2,the,78.510,78.580,DT,0.4895,7.73,2,-0.649468
audio03.TextGrid,16,3,brown,78.580,78.880,JJ,8.7486,5.01,4,3.694396
audio03.TextGrid,16,4,walls,78.880,79.300,NNS,4.8203,4.62,4,-0.795279
audio03.TextGrid,16,5,of,79.300,79.380,IN,1.7220,7.4,2,0.108022
audio03.TextGrid,16,6,the,79.380,79.480,DT,0.0968,7.73,2,-1.042168
audio03.TextGrid,16,7,flattened,79.480,79.950,JJ,13.8704,3.36,7,6.441146
audio03.TextGrid,16,8,overlapping,79.950,80.510,VBG,9.2519,3.56,8,2.110531
audio03.TextGrid,16,9,leaves,80.510,80.940,NNS,8.3822,4.79,4,3.011323
audio03.TextGrid,16,10,of,80.940,81.020,IN,1.7418,7.4,2,0.127822
audio03.TextGrid,16,11,the,81.020,81.130,DT,0.4711,7.73,2,-0.667868
audio03.TextGrid,16,12,sturdy,81.130,81.540,NN,10.2520,3.44,5,2.937900
audio03.TextGrid,16,13,fibered,81.540,82.030,VBD,16.7994,1.51,5,6.707210
audio03.TextGrid,16,14,guano,82.030,82.510,NN,6.5955,2.61,5,-1.913323
audio03.TextGrid,16,15,there,82.510,82.630,RB,3.0770,6.31,3,-0.105951
audio03.TextGrid,17,1,was,83.050,83.260,VBD,0.7827,6.82,3,-1.666145
audio03.TextGrid,17,2,a,83.260,83.320,DT,0.3539,7.36,1,-1.317655
audio03.TextGrid,17,3,picture,83.320,83.750,NN,4.9389,5.13,5,0.057427
audio03.TextGrid,17,4,in,83.750,83.900,IN,4.1344,7.27,2,2.333296
audio03.TextGrid,17,5,color,83.900,84.290,NN,6.6652,4.91,4,1.467054
audio03.TextGrid,17,6,of,84.290,84.380,IN,1.8914,7.4,2,0.277422
audio03.TextGrid,17,7,the,84.380,84.480,DT,1.3397,7.73,2,0.200732
audio03.TextGrid,17,8,sacred,84.480,84.860,JJ,10.6480,4.24,6,4.485439
audio03.TextGrid,17,9,heart,84.860,85.050,NN,4.0678,5.31,4,-0.554576
audio03.TextGrid,17,10,of,85.050,85.120,IN,1.1668,7.4,2,-0.447178
audio03.TextGrid,17,11,jesus,85.120,85.660,NN,2.6361,4.99,5,-2.446892
audio03.TextGrid,17,12,and,85.960,86.070,CC,2.9356,7.41,3,1.336016
audio03.TextGrid,17,13,another,86.070,86.460,DT,5.7632,5.74,5,1.759777
audio03.TextGrid,17,14,of,86.460,86.530,IN,1.2881,7.4,2,-0.325878
audio03.TextGrid,17,15,the,86.530,86.630,DT,0.6866,7.73,2,-0.452368
audio03.TextGrid,17,16,virgin,86.630,86.980,NN,3.9645,4.35,5,-2.039724
audio03.TextGrid,17,17,of,86.980,87.050,IN,5.1946,7.4,2,3.580622
audio03.TextGrid,17,18,cobre,87.050,87.600,NN,16.4780,1.78,5,6.774454
audio03.TextGrid,18,1,these,88.540,88.770,DT,4.8970,6.04,3,1.325404
audio03.TextGrid,18,2,were,88.770,88.920,VBD,1.3046,6.34,2,-1.835169
audio03.TextGrid,18,3,relics,88.920,89.260,NNS,7.1474,3.46,6,-0.137912
audio03.TextGrid,18,4,of,89.260,89.370,IN,0.4630,7.4,2,-1.150978
audio03.TextGrid,18,5,his,89.370,89.560,PRP$,4.1323,6.51,3,1.237234
audio03.TextGrid,18,6,wife,89.560,89.930,NN,5.6469,5.23,3,0.909370
audio03.TextGrid,19,1,once,90.460,90.830,RB,6.7546,5.53,4,2.448897
audio03.TextGrid,19,2,there,90.830,91.020,EX,4.1079,6.31,3,0.924949
audio03.TextGrid,19,3,had,91.020,91.160,VBD,3.4418,6.33,3,0.287637
audio03.TextGrid,19,4,been,91.160,91.310,VBN,0.0532,6.27,3,-3.187328
audio03.TextGrid,19,5,a,91.310,91.380,DT,0.6771,7.36,1,-0.994455
audio03.TextGrid,19,6,tinted,91.380,91.730,JJ,15.6501,3.27,6,8.091297
audio03.TextGrid,19,7,photograph,91.730,92.240,NN,5.8046,4.23,8,-0.372355
audio03.TextGrid,19,8,of,92.240,92.340,IN,0.5957,7.4,2,-1.018278
audio03.TextGrid,19,9,his,92.340,92.500,PRP$,3.0507,6.51,3,0.155634
audio03.TextGrid,19,10,wife,92.500,92.780,NN,0.9827,5.23,3,-3.754830
audio03.TextGrid,19,11,on,92.780,92.900,IN,1.9747,6.91,2,-0.344597
audio03.TextGrid,19,12,the,92.900,92.960,DT,0.5226,7.73,2,-0.616368
audio03.TextGrid,19,13,wall,92.960,93.310,NN,1.9880,5.04,3,-3.023021
audio03.TextGrid,19,14,but,93.310,93.480,CC,4.5914,6.63,3,1.869065
audio03.TextGrid,19,15,he,93.480,93.560,PRP,3.0300,6.69,2,0.394030
audio03.TextGrid,19,16,had,93.560,93.710,VBD,0.8720,6.33,3,-2.282163
audio03.TextGrid,19,17,taken,93.710,93.990,VBN,3.5899,5.33,5,-1.003688
audio03.TextGrid,19,18,it,93.990,94.100,PRP,1.3017,6.95,2,-0.960020
audio03.TextGrid,19,19,down,94.100,94.460,RP,2.9130,5.88,3,-0.888904
audio03.TextGrid,19,20,because,94.460,94.780,IN,2.8239,6.03,5,-0.762090
audio03.TextGrid,19,21,it,94.780,94.890,PRP,2.1948,6.95,2,-0.066920
audio03.TextGrid,19,22,made,94.890,95.090,VBD,4.9624,5.92,3,1.218073
audio03.TextGrid,19,23,him,95.090,95.180,PRP,0.7301,6.11,2,-2.740736
audio03.TextGrid,19,24,too,95.180,95.420,RB,5.6516,5.95,2,1.950456
audio03.TextGrid,19,25,lonely,95.420,95.770,RB,5.8320,4.25,5,-0.316166
audio03.TextGrid,19,26,to,95.770,95.900,TO,1.0179,7.43,2,-0.552896
audio03.TextGrid,19,27,see,95.900,96.120,VB,2.4193,6.1,2,-1.065931
audio03.TextGrid,19,28,it,96.120,96.260,PRP,1.2642,6.95,2,-0.997520
audio03.TextGrid,20,1,and,96.740,96.830,CC,3.4242,7.41,2,1.824616
audio03.TextGrid,20,2,it,96.830,96.900,PRP,2.9711,6.95,2,0.709380
audio03.TextGrid,20,3,was,96.900,97.020,VBD,1.1758,6.82,3,-1.273045
audio03.TextGrid,20,4,on,97.020,97.150,IN,5.6300,6.91,2,3.310703
audio03.TextGrid,20,5,the,97.150,97.230,DT,0.8117,7.73,2,-0.327268
audio03.TextGrid,20,6,shelf,97.230,97.510,NN,4.2626,4.02,4,-2.216634
audio03.TextGrid,20,7,in,97.510,97.600,IN,1.9843,7.27,2,0.183196
audio03.TextGrid,20,8,the,97.600,97.660,DT,0.5444,7.73,2,-0.594568
audio03.TextGrid,20,9,corner,97.660,98.120,NN,1.8256,4.75,5,-3.602854
audio03.TextGrid,20,10,under,98.120,98.340,IN,6.1731,5.73,4,2.155282
audio03.TextGrid,20,11,his,98.340,98.480,PRP$,2.0393,6.51,3,-0.855766
audio03.TextGrid,20,12,clean,98.480,98.820,JJ,10.2626,4.97,4,5.150819
audio03.TextGrid,20,13,shirt,98.820,99.270,NN,3.7930,4.63,3,-1.808185
audio03.TextGrid,21,1,what,100.590,100.790,WP,3.2472,6.38,3,0.165008
audio03.TextGrid,21,2,do,100.790,100.850,VBP,2.1291,6.35,2,-0.996274
audio03.TextGrid,21,3,you,100.850,100.980,PRP,0.1308,6.98,2,-2.087737
audio03.TextGrid,21,4,have,100.980,101.120,VB,3.3923,6.71,3,0.785119
audio03.TextGrid,21,5,to,101.120,101.270,TO,1.8145,7.43,2,0.243704
audio03.TextGrid,21,6,eat,101.270,101.650,VB,4.5596,5.13,2,-0.321873
audio03.TextGrid,21,7,the,101.840,101.920,DT,0.8243,7.73,2,-0.314668
audio03.TextGrid,21,8,boy,101.920,102.220,NN,1.4424,5.17,2,-3.381496
audio03.TextGrid,21,9,asked,102.220,102.630,VBD,0.1545,5.3,3,-4.482270
audio03.TextGrid,22,1,a,103.420,103.510,DT,2.9174,7.36,1,1.245845
audio03.TextGrid,22,2,pot,103.510,103.760,NN,6.4833,4.4,3,0.551047
audio03.TextGrid,22,3,of,103.760,103.870,IN,0.4029,7.4,2,-1.211078
audio03.TextGrid,22,4,yellow,103.870,104.160,JJ,6.6993,4.69,4,1.184481
audio03.TextGrid,22,5,rice,104.160,104.520,NN,2.6882,4.55,3,-3.028139
audio03.TextGrid,22,6,with,104.520,104.650,IN,2.7688,6.85,3,0.363138
audio03.TextGrid,22,7,fish,104.690,105.040,JJ,5.5399,4.9,3,0.327360
audio03.TextGrid,22,8,do,105.040,105.120,VBP,4.7725,6.35,2,1.647126
audio03.TextGrid,22,9,you,105.320,105.430,PRP,0.1951,6.98,2,-2.023437
audio03.TextGrid,22,10,want,105.430,105.730,VB,2.2723,6.04,4,-1.299296
audio03.TextGrid,23,1,some,105.730,106.060,DT,2.9896,6.2,3,-0.351688
audio03.TextGrid,23,2,no,106.880,107.250,DT,1.9214,6.35,2,-1.203974
audio03.TextGrid,23,3,i,107.500,107.640,NN,0.8797,7.09,1,-1.180500
audio03.TextGrid,23,4,will,107.640,107.820,MD,2.6169,6.45,3,-0.364532
audio03.TextGrid,23,5,eat,107.820,107.950,VB,2.5468,5.13,2,-2.334673
audio03.TextGrid,23,6,at,107.950,108.050,IN,4.9658,6.7,2,2.344224
audio03.TextGrid,23,7,home,108.050,108.220,NN,2.4112,5.81,3,-1.491464
audio03.TextGrid,23,8,do,108.220,108.370,VBP,4.0432,6.35,2,0.917826
audio03.TextGrid,23,9,you,108.910,109.010,PRP,0.2045,6.98,2,-2.014037
audio03.TextGrid,23,10,want,109.010,109.240,VB,0.8896,6.04,4,-2.681996
audio03.TextGrid,23,11,me,109.240,109.360,PRP,3.0236,6.48,2,0.085351
audio03.TextGrid,23,12,to,109.360,109.430,TO,0.0618,7.43,2,-1.508996
audio03.TextGrid,23,13,make,109.430,109.600,VB,4.1435,6.08,3,0.629481
audio03.TextGrid,23,14,the,109.600,109.680,DT,3.7933,7.73,2,2.654332
audio03.TextGrid,23,15,fire,109.680,110.120,NN,5.6152,5.3,3,0.978430
audio03.TextGrid,24,1,no,110.870,111.120,DT,1.5533,6.35,2,-1.572074
audio03.TextGrid,24,2,i,111.120,111.150,NN,0.7206,7.09,1,-1.339600
audio03.TextGrid,24,3,will,111.150,111.530,MD,1.1780,6.45,3,-1.803432
audio03.TextGrid,24,4,make,111.530,111.760,VB,2.2449,6.08,3,-1.269119
audio03.TextGrid,24,5,it,111.760,111.870,PRP,1.3175,6.95,2,-0.944220
audio03.TextGrid,24,6,later,111.870,112.150,RB,7.8292,5.49,4,3.465920
audio03.TextGrid,24,7,on,112.150,112.410,IN,3.2563,6.91,2,0.937003
audio03.TextGrid,25,1,or,112.960,113.220,CC,5.5631,6.54,2,2.711216
audio03.TextGrid,25,2,i,113.220,113.340,NN,1.4927,7.09,1,-0.567500
audio03.TextGrid,25,3,may,113.340,113.480,MD,3.7300,5.98,2,0.072038
audio03.TextGrid,25,4,eat,113.480,113.730,VB,2.5132,5.13,2,-2.368273
audio03.TextGrid,25,5,the,113.730,113.850,DT,2.8580,7.73,2,1.719032
audio03.TextGrid,25,6,rice,113.850,114.160,NN,3.1401,4.55,3,-2.576239
audio03.TextGrid,25,7,cold,114.160,114.700,NN,7.7265,5.02,4,2.686691
audio03.TextGrid,26,1,may,115.910,116.070,MD,6.4356,5.98,2,2.777638
audio03.TextGrid,26,2,i,116.070,116.220,VB,0.3710,7.09,1,-1.689200
audio03.TextGrid,26,3,take,116.220,116.460,VB,2.7566,5.92,3,-0.987727
audio03.TextGrid,26,4,the,116.460,116.540,DT,1.3362,7.73,2,0.197232
audio03.TextGrid,26,5,cast,116.540,116.930,JJ,6.7063,4.79,4,1.335423
audio03.TextGrid,26,6,net,116.930,117.210,NN,0.4664,4.76,3,-4.947660
audio03.TextGrid,26,7,of,118.050,118.170,IN,3.7818,7.4,2,2.167822
audio03.TextGrid,26,8,course,118.170,118.760,NN,0.0680,5.44,4,-4.367251
audio03.TextGrid,27,1,there,120.650,120.800,EX,5.0484,6.31,3,1.865449
audio03.TextGrid,27,2,was,120.800,121.070,VBD,0.4594,6.82,3,-1.989445
audio03.TextGrid,27,3,no,121.070,121.260,DT,1.6618,6.35,2,-1.463574
audio03.TextGrid,27,4,cast,121.260,121.690,JJ,10.1565,4.79,4,4.785623
audio03.TextGrid,27,5,net,121.690,121.930,NN,0.0640,4.76,3,-5.350060
audio03.TextGrid,27,6,and,121.930,122.000,CC,2.9974,7.41,2,1.397816
audio03.TextGrid,27,7,the,122.000,122.070,DT,1.0221,7.73,2,-0.116868
audio03.TextGrid,27,8,boy,122.070,122.260,NN,2.5188,5.17,2,-2.305096
audio03.TextGrid,27,9,remembered,122.260,122.740,VBD,8.0423,4.33,8,2.009288
audio03.TextGrid,27,10,when,122.740,122.910,WRB,3.8041,6.37,3,0.707514
audio03.TextGrid,27,11,they,122.910,123.010,PRP,2.9062,6.5,2,-0.003261
audio03.TextGrid,27,12,had,123.010,123.170,VBD,1.1018,6.33,3,-2.052363
audio03.TextGrid,27,13,sold,123.170,123.500,VBN,6.1101,4.97,4,0.998319
audio03.TextGrid,27,14,it,123.500,123.700,PRP,1.7167,6.95,2,-0.545020
audio03.TextGrid,28,1,but,124.270,124.400,CC,3.0276,6.63,3,0.305265
audio03.TextGrid,28,2,they,124.400,124.500,PRP,2.7226,6.5,2,-0.186861
audio03.TextGrid,28,3,went,124.500,124.760,VBD,4.0002,5.5,4,-0.348685
audio03.TextGrid,28,4,through,124.760,124.890,IN,4.2407,5.87,3,0.424402
audio03.TextGrid,28,5,this,124.890,125.120,DT,4.9955,6.82,3,2.546655
audio03.TextGrid,28,6,fiction,125.120,125.480,NN,12.2229,4.44,6,6.348224
audio03.TextGrid,28,7,every,125.480,125.690,DT,4.8405,5.79,4,0.909048
audio03.TextGrid,28,8,day,125.690,126.100,NN,0.8084,5.95,2,-2.892744
audio03.TextGrid,29,1,there,126.590,126.710,EX,3.8871,6.31,3,0.704149
audio03.TextGrid,29,2,was,126.710,126.850,VBD,0.5221,6.82,3,-1.926745
audio03.TextGrid,29,3,no,126.850,127.030,DT,1.4727,6.35,2,-1.652674
audio03.TextGrid,29,4,pot,127.030,127.290,NN,5.2643,4.4,3,-0.667953
audio03.TextGrid,29,5,of,127.290,127.400,IN,0.4961,7.4,2,-1.117878
audio03.TextGrid,29,6,yellow,127.400,127.700,JJ,1.1330,4.69,4,-4.381819
audio03.TextGrid,29,7,rice,127.700,127.970,NN,0.0115,4.55,3,-5.704839
audio03.TextGrid,29,8,and,127.970,128.100,CC,1.4960,7.41,3,-0.103584
audio03.TextGrid,29,9,fish,128.120,128.480,NN,3.6984,4.9,3,-1.514140
audio03.TextGrid,30,1,and,129.000,129.110,CC,1.4258,7.41,2,-0.173784
audio03.TextGrid,30,2,the,129.110,129.190,DT,2.1624,7.73,2,1.023432
audio03.TextGrid,30,3,boy,129.190,129.410,NN,0.9713,5.17,2,-3.852596
audio03.TextGrid,30,4,knew,129.410,129.640,VBD,3.3986,5.2,3,-1.382113
audio03.TextGrid,30,5,this,129.640,129.970,DT,3.9866,6.82,3,1.537755
audio03.TextGrid,30,6,too,129.970,130.390,RB,4.4609,5.95,2,0.759756
audio03.TextGrid,30,7,eighty,131.850,132.200,JJ,11.4564,3.75,3,4.588521
audio03.TextGrid,30,8,five,132.200,132.600,CD,1.4593,5.45,3,-2.961557
audio03.TextGrid,30,9,is,132.600,132.720,VBZ,5.0496,7.07,2,2.960611
audio03.TextGrid,30,10,a,132.720,132.800,DT,1.4056,7.36,1,-0.265955
audio03.TextGrid,30,11,lucky,132.800,133.100,JJ,6.3255,4.77,4,0.925834
audio03.TextGrid,30,12,number,133.100,133.620,NN,0.5447,5.62,5,-3.631454
audio03.TextGrid,30,13,the,133.860,133.990,DT,0.6711,7.73,2,-0.467868
audio03.TextGrid,30,14,old,133.990,134.170,JJ,0.5289,5.75,3,-3.460129
audio03.TextGrid,30,15,man,134.170,134.430,NN,0.0076,5.82,3,-3.880670
audio03.TextGrid,30,16,said,134.430,134.810,VBD,0.1040,6.01,3,-3.510779
audio03.TextGrid,31,1,how,135.500,135.650,WRB,4.1210,6.24,2,0.837289
audio03.TextGrid,31,2,would,135.650,135.780,MD,5.1466,6.27,3,1.906072
audio03.TextGrid,31,3,you,135.780,135.870,PRP,0.4254,6.98,2,-1.793137
audio03.TextGrid,31,4,like,135.870,136.080,VB,0.8558,6.41,3,-2.183209
audio03.TextGrid,31,5,to,136.080,136.160,TO,0.7778,7.43,2,-0.792996
audio03.TextGrid,31,6,see,136.160,136.330,VB,3.0900,6.1,2,-0.395231
audio03.TextGrid,31,7,me,136.330,136.470,PRP,2.2299,6.48,2,-0.708349
audio03.TextGrid,31,8,bring,136.470,136.680,VBG,7.0501,5.27,4,2.370147
audio03.TextGrid,31,9,one,136.680,136.920,CD,4.2338,6.47,3,1.281157
audio03.TextGrid,31,10,in,136.920,137.100,IN,4.1219,7.27,2,2.320796
audio03.TextGrid,31,11,that,137.100,137.310,DT,5.4911,7.01,3,3.315746
audio03.TextGrid,31,12,dressed,137.310,137.610,VBD,11.6281,4.42,5,5.724636
audio03.TextGrid,31,13,out,137.610,137.830,RP,5.4878,6.38,2,2.405608
audio03.TextGrid,31,14,over,137.830,138.070,IN,6.0468,6.08,3,2.532781
audio03.TextGrid,31,15,a,138.070,138.130,DT,2.0577,7.36,1,0.386145
audio03.TextGrid,31,16,thousand,138.130,138.630,CD,4.5883,4.64,6,-0.998491
audio03.TextGrid,31,17,pounds,138.630,139.170,NNS,2.2769,4.53,5,-3.468227
audio03.TextGrid,32,1,i,139.170,139.210,NN,1.4694,7.09,1,-0.590800
audio03.TextGrid,32,2,ll,141.000,141.170,VBP,3.9196,4.66,2,-1.638402
audio03.TextGrid,32,3,get,141.170,141.300,VB,3.2578,6.28,3,0.031666
audio03.TextGrid,32,4,the,141.300,141.400,DT,2.5407,7.73,2,1.401732
audio03.TextGrid,32,5,cast,141.400,141.780,NN,2.3422,4.79,4,-3.028677
audio03.TextGrid,32,6,net,141.780,141.910,NN,0.1000,4.76,3,-5.314060
audio03.TextGrid,32,7,and,141.910,142.030,CC,1.4188,7.41,2,-0.180784
audio03.TextGrid,32,8,go,142.030,142.190,VB,3.2802,6.03,2,-0.305790
audio03.TextGrid,32,9,for,142.190,142.330,IN,2.6503,7.01,2,0.474946
audio03.TextGrid,32,10,sardines,142.330,143.020,NNS,8.8822,2.93,7,0.833993
audio03.TextGrid,32,11,will,143.340,143.480,MD,5.7493,6.45,3,2.767868
audio03.TextGrid,32,12,you,143.480,143.610,PRP,0.2427,6.98,2,-1.975837
audio03.TextGrid,32,13,sit,143.610,143.800,VB,5.7806,4.9,3,0.568060
audio03.TextGrid,32,14,in,143.800,143.880,IN,3.3388,7.27,2,1.537696
audio03.TextGrid,32,15,the,143.880,143.960,DT,0.9132,7.73,2,-0.225768
audio03.TextGrid,32,16,sun,143.960,144.250,NN,4.8285,4.97,3,-0.283281
audio03.TextGrid,32,17,in,144.250,144.330,IN,3.9138,7.27,2,2.112696
audio03.TextGrid,32,18,the,144.330,144.400,DT,0.9943,7.73,2,-0.144668
audio03.TextGrid,32,19,doorway,144.400,144.840,NN,7.5329,3.51,5,0.319559
audio03.TextGrid,33,1,yes,145.950,146.370,RB,2.0653,5.5,3,-2.283585
audio03.TextGrid,33,2,i,146.800,146.960,NN,1.3583,7.09,1,-0.701900
audio03.TextGrid,33,3,have,146.960,147.120,VBP,3.3362,6.71,3,0.729019
audio03.TextGrid,33,4,yesterday,147.120,147.530,NN,10.9266,4.91,7,5.728454
audio03.TextGrid,33,5,s,147.530,147.570,VBN,2.4929,5.86,1,-1.337793
audio03.TextGrid,33,6,paper,147.570,148.080,NN,6.6911,5.07,4,1.723262
audio03.TextGrid,33,7,and,148.220,148.370,CC,1.7706,7.41,2,0.171016
audio03.TextGrid,33,8,i,148.370,148.460,NN,1.8819,7.09,1,-0.178300
audio03.TextGrid,33,9,will,148.460,148.650,MD,1.0457,6.45,3,-1.935732
audio03.TextGrid,33,10,read,148.650,148.820,VB,3.8243,5.54,3,-0.467008
audio03.TextGrid,33,11,the,148.820,148.900,DT,2.7458,7.73,2,1.606832
audio03.TextGrid,33,12,baseball,148.900,149.530,NN,12.2983,4.54,6,6.567567
audio03.TextGrid,34,1,the,150.980,151.070,DT,1.9848,7.73,2,0.845832
audio03.TextGrid,34,2,boy,151.070,151.260,NN,1.3903,5.17,2,-3.433596
audio03.TextGrid,34,3,did,151.260,151.450,VBD,4.2002,5.96,3,0.513450
audio03.TextGrid,34,4,not,151.450,151.660,RB,0.2899,6.69,3,-2.346070
audio03.TextGrid,34,5,know,151.660,151.830,VB,2.3961,6.1,2,-1.089131
audio03.TextGrid,34,6,whether,151.830,152.110,IN,3.7294,5.32,4,-0.878582
audio03.TextGrid,34,7,yesterday,152.110,152.620,NN,8.6182,4.91,7,3.420054
audio03.TextGrid,34,8,s,152.620,152.670,VBP,1.7169,5.86,1,-2.113793
audio03.TextGrid,34,9,paper,152.670,152.990,NN,0.2309,5.07,4,-4.736938
audio03.TextGrid,34,10,was,152.990,153.160,VBD,0.5327,6.82,3,-1.916145
audio03.TextGrid,34,11,a,153.160,153.230,DT,2.2143,7.36,1,0.542745
audio03.TextGrid,34,12,fiction,153.230,153.620,NN,8.0605,4.44,6,2.185824
audio03.TextGrid,34,13,too,153.620,154.070,RB,9.3306,5.95,2,5.629456
audio03.TextGrid,34,14,but,154.410,154.520,CC,2.3233,6.63,3,-0.399035
audio03.TextGrid,34,15,the,154.520,154.630,DT,2.1908,7.73,2,1.051832
audio03.TextGrid,34,16,old,154.630,154.820,JJ,1.0931,5.75,3,-2.895929
audio03.TextGrid,34,17,man,154.820,155.070,NN,0.0111,5.82,3,-3.877170
audio03.TextGrid,34,18,brought,155.070,155.290,VBD,6.2947,5.16,4,1.456410
audio03.TextGrid,34,19,it,155.290,155.390,PRP,1.9289,6.95,2,-0.332820
audio03.TextGrid,34,20,out,155.390,155.590,RP,3.7393,6.38,2,0.657108
audio03.TextGrid,34,21,from,155.590,155.730,IN,4.3599,6.63,3,1.637565
audio03.TextGrid,34,22,under,155.730,155.910,IN,1.0067,5.73,4,-3.011118
audio03.TextGrid,34,23,the,155.910,156.010,DT,0.4079,7.73,2,-0.731068
audio03.TextGrid,34,24,bed,156.010,156.410,NN,3.2847,5.07,3,-1.683138
audio03.TextGrid,35,1,perico,157.540,157.990,NNS,16.8185,1.53,6,6.755098
audio03.TextGrid,35,2,gave,157.990,158.200,VBD,8.1701,5.25,3,3.461358
audio03.TextGrid,35,3,it,158.200,158.310,PRP,1.4773,6.95,2,-0.784420
audio03.TextGrid,35,4,to,158.310,158.380,TO,0.2436,7.43,2,-1.327196
audio03.TextGrid,35,5,me,158.380,158.540,PRP,0.3527,6.48,2,-2.585549
audio03.TextGrid,35,6,at,158.540,158.610,IN,4.1519,6.7,2,1.530324
audio03.TextGrid,35,7,the,158.610,158.700,DT,1.5029,7.73,2,0.363932
audio03.TextGrid,35,8,bodega,158.700,159.270,NN,10.1277,2.74,6,1.806002
audio03.TextGrid,36,1,he,159.440,159.570,PRP,0.6701,6.69,2,-1.965870
audio03.TextGrid,36,2,explained,159.570,160.190,VBD,6.1641,4.59,8,0.505338
audio03.TextGrid,36,3,i,161.180,161.210,JJ,1.6412,7.09,1,-0.419000
audio03.TextGrid,36,4,ll,161.730,161.860,NN,4.1217,4.66,2,-1.436302
audio03.TextGrid,36,5,be,161.860,162.000,VB,3.5029,6.79,2,1.010873
audio03.TextGrid,36,6,back,162.000,162.250,RB,2.5266,6.04,3,-1.044996
audio03.TextGrid,36,7,when,162.250,162.350,WRB,3.5427,6.37,3,0.446114
audio03.TextGrid,36,8,i,162.350,162.450,NN,0.6722,7.09,1,-1.388000
audio03.TextGrid,36,9,have,162.450,162.590,VBP,2.3198,6.71,3,-0.287381
audio03.TextGrid,36,10,the,162.590,162.660,DT,2.2361,7.73,2,1.097132
audio03.TextGrid,36,11,sardines,162.660,163.340,NNS,3.8456,2.93,7,-4.202607
audio03.TextGrid,36,12,i,163.680,163.770,VBP,1.4739,7.09,1,-0.586300
audio03.TextGrid,36,13,ll,163.770,163.820,VBP,1.6020,4.66,1,-3.956002
audio03.TextGrid,36,14,keep,163.820,164.070,VB,4.7045,5.66,3,0.585923
audio03.TextGrid,36,15,yours,164.070,164.410,NNS,6.2702,4.75,4,0.841746
audio03.TextGrid,36,16,and,164.410,164.620,CC,2.8343,7.41,3,1.234716
audio03.TextGrid,36,17,mine,164.620,164.880,VB,4.0400,5.04,3,-0.971021
audio03.TextGrid,36,18,together,164.880,165.250,RB,4.5695,5.46,6,0.163038
audio03.TextGrid,36,19,on,165.250,165.420,IN,4.6907,6.91,2,2.371403
audio03.TextGrid,36,20,ice,165.420,165.750,NN,7.6885,5.0,2,2.619902
audio03.TextGrid,36,21,and,165.750,165.820,CC,2.2433,7.41,2,0.643716
audio03.TextGrid,36,22,we,165.820,165.960,PRP,4.2679,6.54,2,1.416016
audio03.TextGrid,36,23,can,165.960,166.110,MD,1.6129,6.46,3,-1.354138
audio03.TextGrid,36,24,share,166.110,166.360,NN,5.2046,5.2,3,0.423887
audio03.TextGrid,36,25,them,166.360,166.520,PRP,2.5279,6.19,3,-0.827782
audio03.TextGrid,36,26,in,166.520,166.590,IN,2.4726,7.27,2,0.671496
audio03.TextGrid,36,27,the,166.590,166.650,DT,0.9734,7.73,2,-0.165568
audio03.TextGrid,36,28,morning,166.650,167.050,NN,4.8889,5.33,6,0.295312
audio03.TextGrid,37,1,when,167.500,167.630,WRB,4.2766,6.37,3,1.180014
audio03.TextGrid,37,2,i,167.630,167.720,NN,0.9376,7.09,1,-1.122600
audio03.TextGrid,37,3,come,167.720,167.900,VBP,2.8712,5.78,3,-1.074647
audio03.TextGrid,37,4,back,167.900,168.230,RB,1.0828,6.04,3,-2.488796
audio03.TextGrid,37,5,you,168.230,168.310,PRP,3.2302,6.98,2,1.011663
audio03.TextGrid,37,6,can,168.310,168.460,MD,1.6999,6.46,3,-1.267138
audio03.TextGrid,37,7,tell,168.460,168.610,VB,3.6355,5.53,3,-0.670203
audio03.TextGrid,37,8,me,168.610,168.750,PRP,0.4860,6.48,2,-2.452249
audio03.TextGrid,37,9,about,168.750,168.940,IN,2.8175,6.4,4,-0.235903
audio03.TextGrid,37,10,the,168.940,169.040,DT,1.4640,7.73,2,0.325032
audio03.TextGrid,37,11,baseball,169.040,169.620,NN,7.9021,4.54,6,2.171367
audio03.TextGrid,38,1,the,171.090,171.160,DT,3.8373,7.73,2,2.698332
audio03.TextGrid,38,2,yankees,171.160,171.670,NNS,5.4741,3.93,6,-1.134682
audio03.TextGrid,38,3,cannot,171.670,172.070,VBP,6.8721,5.11,5,1.961839
audio03.TextGrid,38,4,lose,172.070,172.500,VB,4.9669,5.08,3,0.013456
audio03.TextGrid,39,1,but,173.390,173.520,CC,3.3335,6.63,3,0.611165
audio03.TextGrid,39,2,i,173.520,173.640,JJ,1.8895,7.09,1,-0.170700
audio03.TextGrid,39,3,fear,173.640,173.910,VBP,6.7895,4.95,3,1.648931
audio03.TextGrid,39,4,the,173.910,174.080,DT,2.4495,7.73,2,1.310532
audio03.TextGrid,39,5,indians,174.080,174.460,NNS,3.9672,4.25,7,-2.180966
audio03.TextGrid,39,6,of,174.460,174.550,IN,6.4122,7.4,2,4.798222
audio03.TextGrid,39,7,cleveland,174.550,175.130,NN,5.3512,4.27,8,-0.768178
audio03.TextGrid,40,1,have,175.840,176.080,VB,6.0066,6.71,3,3.399419
audio03.TextGrid,40,2,faith,176.080,176.470,VBN,6.9227,4.82,3,1.595006
audio03.TextGrid,40,3,in,176.470,176.600,IN,0.6529,7.27,2,-1.148204
audio03.TextGrid,40,4,the,176.600,176.700,DT,1.5700,7.73,2,0.431032
audio03.TextGrid,40,5,yankees,176.700,177.190,NNS,1.6975,3.93,6,-4.911282
audio03.TextGrid,40,6,my,177.190,177.390,PRP$,8.5239,6.57,2,5.715199
audio03.TextGrid,40,7,son,177.390,177.760,NN,4.1567,5.28,3,-0.508859
audio03.TextGrid,40,8,think,178.250,178.460,NN,6.9639,6.08,4,3.449881
audio03.TextGrid,40,9,of,178.460,178.560,IN,0.9530,7.4,2,-0.660978
audio03.TextGrid,40,10,the,178.560,178.660,DT,1.5691,7.73,2,0.430132
audio03.TextGrid,40,11,great,178.660,178.880,JJ,4.2430,5.88,4,0.441096
audio03.TextGrid,40,12,dimaggio,178.880,179.600,NN,17.4129,2.53,7,8.788923
audio04.TextGrid,1,1,i,0.880,1.000,NN,2.1355,7.09,1,0.075300
audio04.TextGrid,1,2,fear,1.000,1.240,VBP,3.9127,4.95,3,-1.227869
audio04.TextGrid,1,3,both,1.240,1.490,DT,6.3074,5.79,3,2.375948
audio04.TextGrid,1,4,the,1.490,1.590,DT,2.4470,7.73,2,1.308032
audio04.TextGrid,1,5,tigers,1.590,2.120,NNS,6.8989,4.15,5,0.606791
audio04.TextGrid,1,6,of,2.120,2.200,IN,2.3712,7.4,2,0.757222
audio04.TextGrid,1,7,detroit,2.200,2.750,NN,4.4460,4.35,6,-1.558224
audio04.TextGrid,1,8,and,2.750,2.910,CC,0.1518,7.41,2,-1.447784
audio04.TextGrid,1,9,the,2.910,3.080,DT,0.2675,7.73,2,-0.871468
audio04.TextGrid,1,10,indians,3.080,3.460,NNS,1.2816,4.25,7,-4.866566
audio04.TextGrid,1,11,of,3.460,3.580,IN,0.2604,7.4,2,-1.353578
audio04.TextGrid,1,12,cleveland,3.580,4.130,NN,0.9683,4.27,8,-5.151078
audio04.TextGrid,2,1,be,5.350,5.450,VB,6.2533,6.79,2,3.761273
audio04.TextGrid,2,2,careful,5.450,5.950,JJ,2.7688,4.59,6,-2.889962
audio04.TextGrid,2,3,or,6.060,6.210,CC,7.4989,6.54,2,4.647016
audio04.TextGrid,2,4,you,6.210,6.300,PRP,1.0169,6.98,2,-1.201637
audio04.TextGrid,2,5,will,6.300,6.500,MD,0.6188,6.45,3,-2.362632
audio04.TextGrid,2,6,fear,6.500,6.820,VB,7.4421,4.95,3,2.301531
audio04.TextGrid,2,7,even,6.820,7.050,RB,6.9271,5.99,4,3.283533
audio04.TextGrid,2,8,the,7.050,7.140,DT,0.9374,7.73,2,-0.201568
audio04.TextGrid,2,9,reds,7.140,7.420,NNS,5.4324,3.91,4,-1.205171
audio04.TextGrid,2,10,of,7.420,7.510,IN,1.1722,7.4,2,-0.441778
audio04.TextGrid,2,11,cincinnati,7.510,8.220,NN,2.5553,3.96,9,-4.010300
audio04.TextGrid,2,12,and,8.220,8.320,CC,2.8454,7.41,2,1.245816
audio04.TextGrid,2,13,the,8.320,8.400,DT,0.6583,7.73,2,-0.480668
audio04.TextGrid,2,14,white,8.400,8.690,JJ,5.3386,5.51,3,1.004109
audio04.TextGrid,2,15,sax,8.690,9.030,NN,13.5698,3.15,4,5.838266
audio04.TextGrid,2,16,of,9.030,9.120,IN,8.2882,7.4,2,6.674222
audio04.TextGrid,2,17,chicago,9.120,9.760,NN,4.1293,4.83,6,-1.184000
audio04.TextGrid,3,1,you,11.120,11.280,PRP,3.1146,6.98,2,0.896063
audio04.TextGrid,3,2,study,11.280,11.670,VBP,11.2593,5.26,5,6.564953
audio04.TextGrid,3,3,it,11.670,11.780,PRP,4.7976,6.95,2,2.535880
audio04.TextGrid,3,4,and,11.780,11.870,CC,2.7507,7.41,2,1.151116
audio04.TextGrid,3,5,tell,11.870,12.090,VB,5.3610,5.53,3,1.055297
audio04.TextGrid,3,6,me,12.090,12.230,PRP,0.3465,6.48,2,-2.591749
audio04.TextGrid,3,7,when,12.230,12.370,WRB,3.7224,6.37,3,0.625814
audio04.TextGrid,3,8,i,12.370,12.480,NN,1.7291,7.09,1,-0.331100
audio04.TextGrid,3,9,come,12.480,12.670,VBP,2.5826,5.78,3,-1.363247
audio04.TextGrid,3,10,back,12.670,13.010,RB,0.3801,6.04,3,-3.191496
audio04.TextGrid,3,11,do,13.010,13.080,VBP,4.3561,6.35,2,1.230726
audio04.TextGrid,3,12,you,14.530,14.740,PRP,0.7910,6.98,2,-1.427537
audio04.TextGrid,3,13,think,14.740,14.950,VB,2.5519,6.08,4,-0.962119
audio04.TextGrid,3,14,we,14.950,15.030,PRP,3.7930,6.54,2,0.941116
audio04.TextGrid,3,15,should,15.030,15.210,MD,2.1216,5.99,3,-1.521967
audio04.TextGrid,3,16,buy,15.210,15.430,VB,6.2291,5.32,2,1.621118
audio04.TextGrid,3,17,a,15.430,15.470,DT,1.7247,7.36,1,0.053145
audio04.TextGrid,3,18,terminal,15.470,15.950,NN,13.9330,4.31,7,7.871199
audio04.TextGrid,3,19,of,15.950,16.020,IN,3.4496,7.4,2,1.835622
audio04.TextGrid,3,20,the,16.020,16.100,DT,1.1348,7.73,2,-0.004168
audio04.TextGrid,3,21,lottery,16.100,16.520,NN,8.4401,4.0,5,1.932077
audio04.TextGrid,3,22,with,16.520,16.700,IN,4.3468,6.85,3,1.941138
audio04.TextGrid,3,23,an,16.700,16.800,DT,4.6239,6.53,2,1.757622
audio04.TextGrid,3,24,eighty,16.800,17.040,NN,5.4504,3.75,3,-1.417479
audio04.TextGrid,3,25,five,17.040,17.450,CD,0.9767,5.45,3,-3.444157
audio04.TextGrid,4,1,tomorrow,18.010,18.480,NN,7.6503,5.02,6,2.610491
audio04.TextGrid,4,2,is,18.480,18.610,VBZ,3.2388,7.07,2,1.149811
audio04.TextGrid,4,3,the,18.610,18.820,DT,1.3368,7.73,2,0.197832
audio04.TextGrid,4,4,eighty,18.820,19.030,JJ,6.4005,3.75,3,-0.467379
audio04.TextGrid,4,5,fifth,19.030,19.240,JJ,0.7131,4.78,3,-4.672171
audio04.TextGrid,4,6,day,19.330,19.750,NN,1.2108,5.95,2,-2.490344
audio04.TextGrid,5,1,we,21.200,21.320,PRP,3.5461,6.54,2,0.694216
audio04.TextGrid,5,2,can,21.320,21.490,MD,2.5337,6.46,3,-0.433338
audio04.TextGrid,5,3,do,21.490,21.660,VB,3.0968,6.35,2,-0.028574
audio04.TextGrid,5,4,that,21.660,22.010,IN,1.3167,7.01,3,-0.858654
audio04.TextGrid,5,5,the,22.110,22.190,DT,0.5379,7.73,2,-0.601068
audio04.TextGrid,5,6,boy,22.190,22.400,NN,1.5334,5.17,2,-3.290496
audio04.TextGrid,5,7,said,22.400,22.810,VBD,0.3451,6.01,3,-3.269679
audio04.TextGrid,5,8,but,23.370,23.540,CC,2.5291,6.63,3,-0.193235
audio04.TextGrid,5,9,what,23.540,23.680,WP,4.0544,6.38,3,0.972208
audio04.TextGrid,5,10,about,23.680,23.890,IN,1.4991,6.4,4,-1.554303
audio04.TextGrid,5,11,the,23.890,24.040,DT,0.7521,7.73,2,-0.386868
audio04.TextGrid,5,12,eighty,24.040,24.270,JJ,5.4481,3.75,3,-1.419779
audio04.TextGrid,5,13,seven,24.270,24.590,CD,3.7626,5.08,5,-1.190844
audio04.TextGrid,5,14,of,24.590,24.680,IN,4.5331,7.4,2,2.919122
audio04.TextGrid,5,15,your,24.680,24.830,PRP$,4.1453,6.53,3,1.279022
audio04.TextGrid,5,16,great,24.830,25.090,JJ,6.3313,5.88,4,2.529396
audio04.TextGrid,5,17,record,25.090,25.520,NN,9.0383,5.21,5,4.271981
audio04.TextGrid,6,1,it,26.440,26.580,PRP,3.4410,6.95,2,1.179280
audio04.TextGrid,6,2,could,26.580,26.830,MD,5.0369,6.06,3,1.494092
audio04.TextGrid,6,3,not,26.830,27.020,RB,2.2049,6.69,3,-0.431070
audio04.TextGrid,6,4,happen,27.020,27.320,VB,4.2854,5.19,5,-0.509707
audio04.TextGrid,6,5,twice,27.320,27.810,RB,8.5194,4.84,4,3.220494
audio04.TextGrid,6,6,do,28.150,28.260,VBP,4.7529,6.35,2,1.627526
audio04.TextGrid,6,7,you,28.260,28.390,PRP,0.1700,6.98,2,-2.048537
audio04.TextGrid,6,8,think,28.390,28.620,VB,0.8404,6.08,4,-2.673619
audio04.TextGrid,6,9,you,28.620,28.710,PRP,2.0759,6.98,2,-0.142637
audio04.TextGrid,6,10,can,28.710,28.880,MD,1.1704,6.46,3,-1.796638
audio04.TextGrid,6,11,find,28.880,29.170,VB,4.3724,5.76,4,0.397765
audio04.TextGrid,6,12,an,29.170,29.270,DT,3.7426,6.53,2,0.876322
audio04.TextGrid,6,13,eighty,29.270,29.490,NN,1.8022,3.75,3,-5.065679
audio04.TextGrid,6,14,five,29.490,29.880,CD,2.1624,5.45,3,-2.258457
audio04.TextGrid,7,1,i,30.900,31.020,NN,1.3965,7.09,1,-0.663700
audio04.TextGrid,7,2,can,31.020,31.180,MD,2.5121,6.46,3,-0.454938
audio04.TextGrid,7,3,order,31.180,31.410,NN,8.0719,5.49,4,3.708620
audio04.TextGrid,7,4,one,31.410,31.710,CD,2.8123,6.47,3,-0.140343
audio04.TextGrid,8,1,one,32.340,32.600,CD,6.0258,6.47,3,3.073157
audio04.TextGrid,8,2,sheet,32.600,33.020,NN,9.4981,4.4,3,3.565847
audio04.TextGrid,8,3,that,33.230,33.440,WDT,4.6136,7.01,3,2.438246
audio04.TextGrid,8,4,s,33.440,33.510,VBD,1.2473,5.86,1,-2.583393
audio04.TextGrid,8,5,two,33.510,33.640,CD,5.0900,6.1,2,1.604769
audio04.TextGrid,8,6,dollars,33.640,34.030,NNS,4.8532,4.78,5,-0.532071
audio04.TextGrid,8,7,and,34.030,34.150,CC,2.4121,7.41,2,0.812516
audio04.TextGrid,8,8,a,34.150,34.190,DT,1.8345,7.36,1,0.162945
audio04.TextGrid,8,9,half,34.190,34.510,NN,0.8075,5.41,3,-3.670934
audio04.TextGrid,9,1,who,35.100,35.210,WP,6.4684,6.34,2,3.328631
audio04.TextGrid,9,2,can,35.210,35.410,MD,2.2365,6.46,3,-0.730538
audio04.TextGrid,9,3,we,35.410,35.520,PRP,5.1092,6.54,2,2.257316
audio04.TextGrid,9,4,borrow,35.520,35.850,VB,4.3738,4.0,4,-2.134223
audio04.TextGrid,9,5,that,35.850,36.050,IN,3.0482,7.01,3,0.872846
audio04.TextGrid,10,1,from,36.050,36.410,IN,3.0292,6.63,4,0.306865
audio04.TextGrid,10,2,that,37.320,37.550,DT,4.5593,7.01,3,2.383946
audio04.TextGrid,10,3,s,37.550,37.630,JJ,0.7518,5.86,1,-3.078893
audio04.TextGrid,10,4,easy,37.630,38.010,JJ,5.8229,5.29,3,1.171735
audio04.TextGrid,10,5,i,38.010,38.110,NN,1.7578,7.09,1,-0.302400
audio04.TextGrid,10,6,can,38.110,38.250,MD,1.8782,6.46,3,-1.088838
audio04.TextGrid,10,7,always,38.250,38.560,RB,5.6632,5.76,5,1.688565
audio04.TextGrid,10,8,borrow,38.560,38.860,VB,1.2074,4.0,4,-5.300623
audio04.TextGrid,10,9,two,38.860,39.000,CD,4.8017,6.1,2,1.316469
audio04.TextGrid,10,10,dollars,39.000,39.350,NNS,1.7765,4.78,5,-3.608771
audio04.TextGrid,10,11,and,39.350,39.450,CC,1.2043,7.41,2,-0.395284
audio04.TextGrid,10,12,a,39.450,39.510,DT,1.0116,7.36,1,-0.659955
audio04.TextGrid,10,13,half,39.510,39.840,NN,0.0943,5.41,3,-4.384134
audio04.TextGrid,11,1,i,41.040,41.150,NN,2.2012,7.09,1,0.141000
audio04.TextGrid,11,2,think,41.150,41.340,VBP,3.2815,6.08,4,-0.232519
audio04.TextGrid,11,3,perhaps,41.340,41.730,RB,7.2530,5.09,6,2.313950
audio04.TextGrid,11,4,i,41.730,41.860,NNS,2.7083,7.09,1,0.648100
audio04.TextGrid,11,5,can,41.860,42.150,MD,0.9776,6.46,3,-1.989438
audio04.TextGrid,11,6,too,42.150,42.550,RB,7.9685,5.95,2,4.267356
audio04.TextGrid,11,7,but,42.770,42.900,CC,2.5867,6.63,3,-0.135635
audio04.TextGrid,11,8,i,42.900,43.000,JJ,1.4276,7.09,1,-0.632600
audio04.TextGrid,11,9,try,43.000,43.250,NN,7.5767,5.5,3,3.227815
audio04.TextGrid,11,10,not,43.250,43.450,RB,0.9946,6.69,3,-1.641370
audio04.TextGrid,11,11,to,43.450,43.550,TO,0.0212,7.43,2,-1.549596
audio04.TextGrid,11,12,borrow,43.550,44.060,VB,3.9219,4.0,4,-2.586123
audio04.TextGrid,12,1,first,44.690,45.010,RB,7.7923,6.11,4,4.321464
audio04.TextGrid,12,2,you,45.010,45.100,PRP,2.6273,6.98,2,0.408763
audio04.TextGrid,12,3,borrow,45.100,45.540,VBP,5.5291,4.0,4,-0.978923
audio04.TextGrid,12,4,then,45.780,45.940,RB,0.8094,6.07,3,-2.719013
audio04.TextGrid,12,5,you,45.940,46.100,PRP,0.3514,6.98,2,-1.867137
audio04.TextGrid,12,6,beg,46.100,46.560,VBP,7.8626,4.05,3,1.426549
audio04.TextGrid,13,1,keep,47.970,48.230,VB,7.4547,5.66,3,3.336123
audio04.TextGrid,13,2,warm,48.230,48.530,JJ,9.3518,4.71,4,3.865769
audio04.TextGrid,13,3,old,48.530,48.730,JJ,9.7721,5.75,3,5.783071
audio04.TextGrid,13,4,man,48.730,49.060,NN,1.8286,5.82,3,-2.059670
audio04.TextGrid,13,5,the,49.240,49.330,DT,0.5568,7.73,2,-0.582168
audio04.TextGrid,13,6,boy,49.330,49.560,NN,1.4666,5.17,2,-3.357296
audio04.TextGrid,13,7,said,49.560,49.890,VBD,0.2076,6.01,3,-3.407179
audio04.TextGrid,14,1,remember,50.430,50.810,NN,5.3941,5.38,7,0.872484
audio04.TextGrid,14,2,we,50.810,50.980,PRP,4.6411,6.54,2,1.789216
audio04.TextGrid,14,3,are,50.980,51.110,VBP,1.7886,6.74,2,-0.775399
audio04.TextGrid,14,4,in,51.110,51.230,IN,2.6642,7.27,2,0.863096
audio04.TextGrid,14,5,september,51.230,51.810,NN,8.2291,5.15,8,3.376416
audio04.TextGrid,15,1,the,53.150,53.240,DT,3.6638,7.73,2,2.524832
audio04.TextGrid,15,2,month,53.240,53.590,NN,5.2919,5.25,4,0.583158
audio04.TextGrid,15,3,when,53.590,53.780,WRB,5.5568,6.37,4,2.460214
audio04.TextGrid,15,4,the,53.780,53.870,DT,1.6252,7.73,2,0.486232
audio04.TextGrid,15,5,great,53.870,54.220,JJ,4.8650,5.88,4,1.063096
audio04.TextGrid,15,6,fish,54.220,54.520,JJ,6.7717,4.9,3,1.559160
audio04.TextGrid,15,7,come,54.520,54.960,VBP,4.9115,5.78,3,0.965653
audio04.TextGrid,15,8,the,55.280,55.400,DT,0.4453,7.73,2,-0.693668
audio04.TextGrid,15,9,old,55.400,55.600,JJ,0.2648,5.75,3,-3.724229
audio04.TextGrid,15,10,man,55.600,55.850,NN,0.0066,5.82,3,-3.881670
audio04.TextGrid,15,11,said,55.850,56.230,VBD,0.2090,6.01,3,-3.405779
audio04.TextGrid,16,1,anyone,56.930,57.320,NN,8.6840,5.38,6,4.162384
audio04.TextGrid,16,2,can,57.320,57.510,MD,1.5562,6.46,3,-1.410838
audio04.TextGrid,16,3,be,57.510,57.660,VB,3.6607,6.79,2,1.168673
audio04.TextGrid,16,4,a,57.660,57.720,DT,1.5783,7.36,1,-0.093255
audio04.TextGrid,16,5,fisherman,57.720,58.190,NN,2.3147,3.49,7,-4.927429
audio04.TextGrid,16,6,in,58.190,58.310,IN,2.7291,7.27,2,0.927996
audio04.TextGrid,17,1,may,58.310,58.690,MD,5.8207,5.98,2,2.162738
audio04.TextGrid,17,2,i,60.450,60.590,VB,2.1705,7.09,1,0.110300
audio04.TextGrid,17,3,go,60.590,60.790,VB,6.1774,6.03,2,2.591410
audio04.TextGrid,17,4,now,60.790,61.000,RB,5.4200,6.18,2,2.049923
audio04.TextGrid,17,5,for,61.000,61.130,IN,4.1313,7.01,2,1.955946
audio04.TextGrid,17,6,the,61.130,61.240,DT,1.5909,7.73,2,0.451932
audio04.TextGrid,17,7,sardines,61.240,61.800,NNS,4.3350,2.93,7,-3.713207
audio04.TextGrid,17,8,the,62.160,62.230,DT,0.2570,7.73,2,-0.881968
audio04.TextGrid,17,9,boy,62.230,62.440,NN,0.3048,5.17,2,-4.519096
audio04.TextGrid,17,10,said,62.440,62.920,VBD,0.1101,6.01,3,-3.504679
audio04.TextGrid,18,1,when,65.380,65.500,WRB,6.1810,6.37,3,3.084414
audio04.TextGrid,18,2,the,65.500,65.560,DT,1.2880,7.73,2,0.149032
audio04.TextGrid,18,3,boy,65.560,65.770,NN,1.8216,5.17,2,-3.002296
audio04.TextGrid,18,4,came,65.770,66.060,VBD,2.1369,5.5,3,-2.211985
audio04.TextGrid,18,5,back,66.060,66.370,RB,0.7878,6.04,3,-2.783796
audio04.TextGrid,18,6,the,66.370,66.490,DT,2.3919,7.73,2,1.252932
audio04.TextGrid,18,7,old,66.490,66.700,JJ,0.2443,5.75,3,-3.744729
audio04.TextGrid,18,8,man,66.700,66.980,NN,0.0067,5.82,3,-3.881570
audio04.TextGrid,18,9,was,66.980,67.130,VBD,2.7518,6.82,3,0.302955
audio04.TextGrid,18,10,asleep,67.130,67.500,RB,5.5551,4.36,5,-0.434730
audio04.TextGrid,18,11,in,67.500,67.580,IN,2.4747,7.27,2,0.673596
audio04.TextGrid,18,12,the,67.580,67.670,DT,0.6946,7.73,2,-0.444368
audio04.TextGrid,18,13,chair,67.670,68.090,NN,2.8171,4.69,3,-2.697719
audio04.TextGrid,18,14,and,68.090,68.170,CC,1.8875,7.41,2,0.287916
audio04.TextGrid,18,15,the,68.170,68.250,DT,1.0120,7.73,2,-0.126968
audio04.TextGrid,18,16,sun,68.250,68.500,NN,6.1980,4.97,3,1.086219
audio04.TextGrid,18,17,was,68.500,68.720,VBD,0.6653,6.82,3,-1.783545
audio04.TextGrid,18,18,down,68.720,69.120,IN,4.1831,5.88,3,0.381196
audio04.TextGrid,18,19,the,69.680,69.770,DT,1.1670,7.73,2,0.028032
audio04.TextGrid,18,20,boy,69.770,70.010,NN,1.4641,5.17,2,-3.359796
audio04.TextGrid,18,21,took,70.010,70.230,VBD,3.5692,5.51,3,-0.765291
audio04.TextGrid,18,22,the,70.230,70.380,DT,1.1974,7.73,2,0.058432
audio04.TextGrid,18,23,old,70.380,70.610,JJ,3.1316,5.75,3,-0.857429
audio04.TextGrid,18,24,army,70.610,70.910,NN,14.3675,5.06,4,9.385268
audio04.TextGrid,18,25,blanket,70.910,71.300,NN,5.6491,4.07,7,-0.758163
audio04.TextGrid,18,26,off,71.300,71.460,IN,3.3953,5.93,2,-0.334633
audio04.TextGrid,18,27,the,71.460,71.550,DT,1.0138,7.73,2,-0.125168
audio04.TextGrid,18,28,bed,71.550,71.900,NN,2.3420,5.07,3,-2.625838
audio04.TextGrid,18,29,and,71.900,72.070,CC,0.3297,7.41,2,-1.269884
audio04.TextGrid,18,30,spread,72.070,72.400,NN,5.8077,4.81,5,0.465611
audio04.TextGrid,18,31,it,72.400,72.500,PRP,0.1721,6.95,2,-2.089620
audio04.TextGrid,18,32,over,72.500,72.680,IN,1.4647,6.08,3,-2.049319
audio04.TextGrid,18,33,the,72.680,72.770,DT,0.7612,7.73,2,-0.377768
audio04.TextGrid,18,34,back,72.770,73.020,NN,4.3520,6.04,3,0.780404
audio04.TextGrid,18,35,of,73.020,73.100,IN,0.2789,7.4,2,-1.335078
audio04.TextGrid,18,36,the,73.100,73.200,DT,0.4156,7.73,2,-0.723368
audio04.TextGrid,18,37,chair,73.200,73.650,NN,2.3909,4.69,3,-3.123919
audio04.TextGrid,18,38,and,73.650,73.800,CC,1.4769,7.41,3,-0.122684
audio04.TextGrid,18,39,over,73.800,73.980,IN,5.2624,6.08,3,1.748381
audio04.TextGrid,18,40,the,73.980,74.120,DT,0.2988,7.73,2,-0.840168
audio04.TextGrid,18,41,old,74.120,74.330,JJ,3.8347,5.75,3,-0.154329
audio04.TextGrid,18,42,man,74.330,74.570,NN,0.4782,5.82,3,-3.410070
audio04.TextGrid,18,43,s,74.570,74.610,VBZ,0.1814,5.86,1,-3.649293
audio04.TextGrid,18,44,shoulders,74.610,75.210,NNS,2.8870,4.18,6,-3.361926
audio04.TextGrid,19,1,they,76.070,76.170,PRP,3.4686,6.5,2,0.559139
audio04.TextGrid,19,2,were,76.170,76.300,VBD,2.6338,6.34,2,-0.505969
audio04.TextGrid,19,3,strange,76.300,76.850,JJ,9.9113,4.64,6,4.324509
audio04.TextGrid,19,4,shoulders,76.850,77.380,NNS,11.3383,4.18,6,5.089374
audio04.TextGrid,20,1,still,77.920,78.150,RB,6.3045,5.92,4,2.560173
audio04.TextGrid,20,2,powerful,78.150,78.790,JJ,9.2796,4.85,6,3.995088
audio04.TextGrid,20,3,although,78.790,79.090,IN,8.9799,5.3,4,4.343130
audio04.TextGrid,20,4,very,79.090,79.400,RB,4.3236,6.0,4,0.694427
audio04.TextGrid,20,5,old,79.400,79.860,JJ,3.4111,5.75,3,-0.577929
audio04.TextGrid,20,6,and,80.100,80.200,CC,1.8182,7.41,2,0.218616
audio04.TextGrid,20,7,the,80.200,80.290,DT,1.5505,7.73,2,0.411532
audio04.TextGrid,20,8,neck,80.290,80.580,NN,7.0020,4.63,3,1.400815
audio04.TextGrid,20,9,was,80.580,80.720,VBD,1.1583,6.82,3,-1.290545
audio04.TextGrid,20,10,still,80.720,80.980,RB,2.7053,5.92,4,-1.039027
audio04.TextGrid,20,11,strong,80.980,81.400,JJ,2.5489,5.22,5,-2.203024
audio04.TextGrid,20,12,too,81.400,81.760,RB,6.5294,5.95,2,2.828256
audio04.TextGrid,20,13,and,81.760,81.870,CC,3.5617,7.41,2,1.962116
audio04.TextGrid,20,14,the,81.870,81.960,DT,0.9044,7.73,2,-0.234568
audio04.TextGrid,20,15,creases,81.960,82.420,NNS,9.6846,2.71,6,1.319719
audio04.TextGrid,20,16,did,82.420,82.600,VBD,5.0628,5.96,3,1.376050
audio04.TextGrid,20,17,not,82.600,82.830,RB,0.0474,6.69,3,-2.588570
audio04.TextGrid,20,18,show,82.830,83.090,VB,2.6086,5.68,2,-1.481189
audio04.TextGrid,20,19,so,83.090,83.270,RB,5.5228,6.52,2,2.642128
audio04.TextGrid,20,20,much,83.270,83.550,JJ,0.9256,6.0,3,-2.703573
audio04.TextGrid,20,21,when,83.550,83.670,WRB,5.8685,6.37,3,2.771914
audio04.TextGrid,20,22,the,83.670,83.760,DT,1.4690,7.73,2,0.330032
audio04.TextGrid,20,23,old,83.760,83.960,JJ,0.8160,5.75,3,-3.173029
audio04.TextGrid,20,24,man,83.960,84.190,NN,0.1049,5.82,3,-3.783370
audio04.TextGrid,20,25,was,84.190,84.330,VBD,1.5965,6.82,3,-0.852345
audio04.TextGrid,20,26,asleep,84.330,84.770,JJ,1.6236,4.36,5,-4.366230
audio04.TextGrid,20,27,and,85.090,85.180,CC,3.4867,7.41,2,1.887116
audio04.TextGrid,20,28,his,85.180,85.330,PRP$,3.5480,6.51,3,0.652934
audio04.TextGrid,20,29,head,85.330,85.590,NN,2.5327,5.51,3,-1.801791
audio04.TextGrid,20,30,fallen,85.590,85.930,VBN,10.2438,4.39,5,4.297153
audio04.TextGrid,20,31,forward,85.930,86.490,RB,3.2696,5.12,6,-1.626267
audio04.TextGrid,21,1,his,87.510,87.650,PRP$,5.1460,6.51,3,2.250934
audio04.TextGrid,21,2,shirt,87.650,87.970,NN,5.5255,4.63,3,-0.075685
audio04.TextGrid,21,3,had,87.970,88.090,VBD,2.4434,6.33,3,-0.710763
audio04.TextGrid,21,4,been,88.090,88.270,VBN,1.3178,6.27,3,-1.922728
audio04.TextGrid,21,5,patched,88.270,88.790,VBN,6.1355,3.19,4,-1.538457
audio04.TextGrid,21,6,so,88.790,88.960,RB,4.1473,6.52,2,1.266628
audio04.TextGrid,21,7,many,88.960,89.190,JJ,6.8874,5.91,4,3.128679
audio04.TextGrid,21,8,times,89.190,89.750,NNS,0.2014,5.56,4,-4.061120
audio04.TextGrid,21,9,that,89.750,89.860,IN,0.6199,7.01,3,-1.555454
audio04.TextGrid,21,10,it,89.860,89.920,PRP,1.3105,6.95,2,-0.951220
audio04.TextGrid,21,11,was,89.920,90.090,VBD,1.1295,6.82,3,-1.319345
audio04.TextGrid,21,12,like,90.090,90.310,IN,3.8665,6.41,3,0.827491
audio04.TextGrid,21,13,the,90.310,90.380,DT,2.3663,7.73,2,1.227332
audio04.TextGrid,21,14,sail,90.380,90.840,NN,9.5922,4.01,3,3.098572
audio04.TextGrid,22,1,and,91.300,91.390,CC,3.9319,7.41,2,2.332316
audio04.TextGrid,22,2,the,91.390,91.480,DT,1.2809,7.73,2,0.141932
audio04.TextGrid,22,3,patches,91.480,91.930,NNS,8.3765,3.86,5,1.666958
audio04.TextGrid,22,4,were,91.930,92.070,VBD,1.0226,6.34,2,-2.117169
audio04.TextGrid,22,5,faded,92.070,92.470,VBN,6.9212,3.73,5,0.024533
audio04.TextGrid,22,6,to,92.470,92.540,TO,4.2567,7.43,2,2.685904
audio04.TextGrid,22,7,many,92.540,92.780,JJ,7.9420,5.91,4,4.183279
audio04.TextGrid,22,8,different,92.780,93.110,JJ,2.5533,5.59,7,-1.666037
audio04.TextGrid,22,9,shades,93.110,93.540,NNS,1.7711,4.0,4,-4.736923
audio04.TextGrid,22,10,by,93.540,93.730,IN,5.5030,6.66,2,2.823847
audio04.TextGrid,22,11,the,93.730,93.830,DT,0.5429,7.73,2,-0.596068
audio04.TextGrid,22,12,sun,93.830,94.260,NN,2.4703,4.97,3,-2.641481
audio04.TextGrid,23,1,the,95.130,95.230,DT,1.1532,7.73,2,0.014232
audio04.TextGrid,23,2,old,95.230,95.480,JJ,0.4880,5.75,3,-3.501029
audio04.TextGrid,23,3,man,95.480,95.720,NN,0.0880,5.82,3,-3.800270
audio04.TextGrid,23,4,s,95.720,95.810,VBZ,2.8738,5.86,1,-0.956893
audio04.TextGrid,23,5,head,95.810,96.070,NN,2.3655,5.51,3,-1.968991
audio04.TextGrid,23,6,was,96.070,96.230,VBD,1.1807,6.82,3,-1.268145
audio04.TextGrid,23,7,very,96.230,96.560,RB,4.0714,6.0,4,0.442227
audio04.TextGrid,23,8,old,96.560,96.800,JJ,3.3238,5.75,3,-0.665229
audio04.TextGrid,23,9,though,96.800,97.140,IN,5.2507,5.5,2,0.901815
audio04.TextGrid,23,10,and,97.320,97.450,CC,2.6251,7.41,3,1.025516
audio04.TextGrid,23,11,with,97.450,97.610,IN,6.3098,6.85,3,3.904138
audio04.TextGrid,23,12,his,97.610,97.740,PRP$,2.3621,6.51,3,-0.532966
audio04.TextGrid,23,13,eyes,97.740,98.050,NNS,2.5579,5.21,2,-2.208419
audio04.TextGrid,23,14,closed,98.050,98.550,VBD,2.2931,4.9,5,-2.919440
audio04.TextGrid,23,15,there,98.550,98.660,EX,3.2760,6.31,3,0.093049
audio04.TextGrid,23,16,was,98.660,98.830,VBD,0.3308,6.82,3,-2.118045
audio04.TextGrid,23,17,no,98.830,99.000,DT,1.3636,6.35,2,-1.761774
audio04.TextGrid,23,18,life,99.000,99.350,NN,7.6799,5.89,3,3.892390
audio04.TextGrid,23,19,in,99.350,99.450,IN,1.5828,7.27,2,-0.218304
audio04.TextGrid,23,20,his,99.450,99.670,PRP$,1.9069,6.51,3,-0.988166
audio04.TextGrid,23,21,face,99.670,100.160,NN,2.2288,5.45,3,-2.192057
audio04.TextGrid,24,1,the,100.870,100.960,DT,1.3552,7.73,2,0.216232
audio04.TextGrid,24,2,newspaper,100.960,101.540,NN,9.4504,4.6,7,3.806032
audio04.TextGrid,24,3,lay,101.540,101.710,VBD,5.9418,4.64,2,0.355009
audio04.TextGrid,24,4,across,101.710,102.050,IN,5.0147,5.25,5,0.305958
audio04.TextGrid,24,5,his,102.050,102.230,PRP$,1.5455,6.51,3,-1.349566
audio04.TextGrid,24,6,knees,102.230,102.640,NNS,4.3346,4.18,3,-1.914326
audio04.TextGrid,24,7,and,103.030,103.120,CC,0.9754,7.41,2,-0.624184
audio04.TextGrid,24,8,the,103.120,103.190,DT,1.1350,7.73,2,-0.003968
audio04.TextGrid,24,9,weight,103.190,103.400,NN,8.7767,5.02,3,3.736891
audio04.TextGrid,24,10,of,103.400,103.470,IN,0.3340,7.4,2,-1.279978
audio04.TextGrid,24,11,his,103.470,103.630,PRP$,1.6960,6.51,3,-1.199066
audio04.TextGrid,24,12,arm,103.630,103.940,NN,3.4812,4.73,3,-1.976043
audio04.TextGrid,24,13,held,103.940,104.160,VBD,4.6274,5.24,4,-0.095736
audio04.TextGrid,24,14,it,104.160,104.220,PRP,2.1551,6.95,2,-0.106620
audio04.TextGrid,24,15,there,104.220,104.500,RB,2.9927,6.31,3,-0.190251
audio04.TextGrid,24,16,in,104.500,104.580,IN,2.8253,7.27,2,1.024196
audio04.TextGrid,24,17,the,104.580,104.690,DT,1.6257,7.73,2,0.486732
audio04.TextGrid,24,18,evening,104.690,104.990,NN,7.3197,4.86,5,2.049583
audio04.TextGrid,24,19,breeze,104.990,105.580,NN,3.3151,3.86,4,-3.394442
audio04.TextGrid,25,1,he,106.220,106.300,PRP,2.0732,6.69,2,-0.562770
audio04.TextGrid,25,2,was,106.300,106.820,VBD,2.1183,6.82,3,-0.330545
audio04.TextGrid,25,3,barefooted,106.820,107.370,VBN,8.8351,2.11,8,-0.393435
audio04.TextGrid,25,4,the,108.690,108.760,DT,1.3151,7.73,2,0.176132
audio04.TextGrid,25,5,boy,108.760,108.990,NN,2.5237,5.17,2,-2.300196
audio04.TextGrid,25,6,left,108.990,109.250,VBD,6.0627,5.62,4,1.886546
audio04.TextGrid,25,7,him,109.250,109.360,PRP,3.6296,6.11,2,0.158764
audio04.TextGrid,25,8,there,109.360,109.650,RB,2.5029,6.31,3,-0.680051
audio04.TextGrid,25,9,and,109.650,109.780,CC,1.3253,7.41,3,-0.274284
audio04.TextGrid,25,10,when,109.780,109.890,WRB,4.5825,6.37,3,1.485914
audio04.TextGrid,25,11,he,109.890,110.010,PRP,0.4935,6.69,2,-2.142470
audio04.TextGrid,25,12,came,110.010,110.230,VBD,1.5585,5.5,3,-2.790385
audio04.TextGrid,25,13,back,110.230,110.470,RP,0.3648,6.04,3,-3.206796
audio04.TextGrid,25,14,the,110.470,110.600,DT,1.5612,7.73,2,0.422232
audio04.TextGrid,25,15,old,110.600,110.790,JJ,0.1342,5.75,3,-3.854829
audio04.TextGrid,25,16,man,110.790,111.000,NN,0.0607,5.82,3,-3.827570
audio04.TextGrid,25,17,was,111.000,111.130,VBD,1.3855,6.82,3,-1.063345
audio04.TextGrid,25,18,still,111.130,111.360,RB,2.5205,5.92,4,-1.223827
audio04.TextGrid,25,19,asleep,111.360,111.800,JJ,1.0362,4.36,5,-4.953630
audio04.TextGrid,26,1,wake,113.380,113.580,VB,7.6145,4.76,3,2.200440
audio04.TextGrid,26,2,up,113.580,113.760,RP,0.2008,6.39,2,-2.866997
audio04.TextGrid,26,3,old,113.760,113.950,JJ,3.9175,5.75,3,-0.071529
audio04.TextGrid,26,4,man,113.950,114.260,NN,0.2291,5.82,3,-3.659170
audio04.TextGrid,26,5,the,114.500,114.600,DT,0.3677,7.73,2,-0.771268
audio04.TextGrid,26,6,boy,114.600,114.820,NN,1.2761,5.17,2,-3.547796
audio04.TextGrid,26,7,said,114.820,115.180,VBD,0.1288,6.01,3,-3.485979
audio04.TextGrid,26,8,and,115.180,115.300,CC,2.9973,7.41,2,1.397716
audio04.TextGrid,26,9,put,115.300,115.490,VBD,4.2482,5.66,3,0.129623
audio04.TextGrid,26,10,his,115.490,115.610,PRP$,1.2382,6.51,3,-1.656866
audio04.TextGrid,26,11,hand,115.610,115.880,NN,1.9819,5.41,4,-2.496534
audio04.TextGrid,26,12,on,115.880,116.020,IN,0.8047,6.91,2,-1.514597
audio04.TextGrid,26,13,one,116.020,116.160,CD,5.5871,6.47,3,2.634457
audio04.TextGrid,26,14,of,116.160,116.250,IN,0.2510,7.4,2,-1.362978
audio04.TextGrid,26,15,the,116.250,116.350,DT,0.3197,7.73,2,-0.819268
audio04.TextGrid,26,16,old,116.350,116.550,JJ,1.4027,5.75,3,-2.586329
audio04.TextGrid,26,17,man,116.550,116.790,NN,1.0134,5.82,3,-2.874870
audio04.TextGrid,26,18,s,116.790,116.880,NN,0.0019,5.86,1,-3.828793
audio04.TextGrid,26,19,knees,116.880,117.390,NNS,3.0401,4.18,3,-3.208826
audio04.TextGrid,27,1,the,118.440,118.540,DT,1.8551,7.73,2,0.716132
audio04.TextGrid,27,2,old,118.540,118.720,JJ,0.2201,5.75,3,-3.768929
audio04.TextGrid,27,3,man,118.720,118.940,NN,0.0173,5.82,3,-3.870970
audio04.TextGrid,27,4,opened,118.940,119.260,VBD,4.6207,4.85,5,-0.663812
audio04.TextGrid,27,5,his,119.260,119.420,PRP$,0.2590,6.51,3,-2.636066
audio04.TextGrid,27,6,eyes,119.420,119.970,NNS,0.5492,5.21,2,-4.217119
audio04.TextGrid,27,7,and,120.050,120.180,CC,0.4261,7.41,2,-1.173484
audio04.TextGrid,27,8,for,120.180,120.320,IN,7.1657,7.01,2,4.990346
audio04.TextGrid,27,9,a,120.320,120.370,DT,0.3067,7.36,1,-1.364855
audio04.TextGrid,27,10,moment,120.370,120.740,NN,0.3406,5.24,6,-4.382536
audio04.TextGrid,27,11,he,120.740,120.820,PRP,1.5462,6.69,2,-1.089770
audio04.TextGrid,27,12,was,120.820,120.970,VBD,1.8178,6.82,3,-0.631045
audio04.TextGrid,27,13,coming,120.970,121.310,VBG,8.8514,5.4,5,4.358572
audio04.TextGrid,27,14,back,121.310,121.560,RB,2.1041,6.04,3,-1.467496
audio04.TextGrid,27,15,from,121.560,121.740,IN,2.6644,6.63,4,-0.057935
audio04.TextGrid,27,16,a,121.740,121.770,DT,2.6594,7.36,1,0.987845
audio04.TextGrid,27,17,long,121.770,122.170,JJ,1.7227,5.81,3,-2.179964
audio04.TextGrid,27,18,way,122.170,122.360,NN,4.9180,6.01,2,1.303221
audio04.TextGrid,27,19,away,122.360,122.840,RB,1.8502,5.62,3,-2.325954
audio04.TextGrid,28,1,then,123.770,123.950,RB,2.5727,6.07,3,-0.955713
audio04.TextGrid,28,2,he,123.950,124.080,PRP,0.7034,6.69,2,-1.932570
audio04.TextGrid,28,3,smiled,124.080,124.670,VBD,4.4930,3.86,5,-2.216542
audio04.TextGrid,28,4,what,126.040,126.170,WP,3.8149,6.38,3,0.732708
audio04.TextGrid,28,5,have,126.170,126.270,VBP,3.6263,6.71,3,1.019119
audio04.TextGrid,28,6,you,126.270,126.390,PRP,0.3930,6.98,2,-1.825537
audio04.TextGrid,28,7,got,126.390,126.910,VBD,2.2878,5.91,3,-1.470921
audio04.TextGrid,28,8,he,126.970,127.140,PRP,0.9845,6.69,2,-1.651470
audio04.TextGrid,28,9,asked,127.140,127.590,VBD,0.6654,5.3,3,-3.971370
audio04.TextGrid,29,1,supper,128.350,128.750,NN,12.4290,3.74,4,5.546727
audio04.TextGrid,29,2,said,128.940,129.130,VBD,3.1356,6.01,3,-0.479179
audio04.TextGrid,29,3,the,129.130,129.200,DT,0.0339,7.73,2,-1.105068
audio04.TextGrid,29,4,boy,129.200,129.480,NN,1.9154,5.17,2,-2.908496
audio04.TextGrid,29,5,we,129.480,129.540,PRP,4.0835,6.54,2,1.231616
audio04.TextGrid,29,6,re,129.860,129.940,VBP,3.2755,5.23,2,-1.462030
audio04.TextGrid,29,7,going,129.940,130.170,VBG,1.4229,5.94,4,-2.292639
audio04.TextGrid,29,8,to,130.170,130.310,TO,0.2991,7.43,2,-1.271696
audio04.TextGrid,29,9,have,130.310,130.450,VB,2.4680,6.71,3,-0.139181
audio04.TextGrid,29,10,supper,130.450,130.840,NN,2.2719,3.74,4,-4.610373
audio04.TextGrid,30,1,i,132.000,132.070,NNS,2.4239,7.09,1,0.363700
audio04.TextGrid,30,2,m,132.070,132.140,VBP,2.4064,5.39,2,-2.100822
audio04.TextGrid,30,3,not,132.140,132.370,RB,2.0699,6.69,3,-0.566070
audio04.TextGrid,30,4,very,132.370,132.590,RB,5.1267,6.0,4,1.497527
audio04.TextGrid,30,5,hungry,132.590,133.060,JJ,0.9999,4.45,6,-4.860381
audio04.TextGrid,31,1,come,133.830,133.990,VBN,4.2669,5.78,3,0.321053
audio04.TextGrid,31,2,on,133.990,134.180,IN,1.0375,6.91,2,-1.281797
audio04.TextGrid,31,3,and,134.180,134.330,CC,5.3205,7.41,3,3.720916
audio04.TextGrid,31,4,eat,134.330,134.610,VB,2.3452,5.13,2,-2.536273
audio04.TextGrid,31,5,you,134.610,134.670,PRP,2.5758,6.98,2,0.357263
audio04.TextGrid,31,6,can,134.670,134.910,MD,2.1082,6.46,3,-0.858838
audio04.TextGrid,31,7,t,134.910,134.940,VB,1.8451,5.43,1,-2.604545
audio04.TextGrid,31,8,fish,134.940,135.230,JJ,8.9733,4.9,3,3.760760
audio04.TextGrid,31,9,and,135.230,135.440,CC,4.2921,7.41,3,2.692516
audio04.TextGrid,31,10,not,135.440,135.680,RB,4.0057,6.69,3,1.369730
audio04.TextGrid,31,11,eat,135.680,135.980,VB,1.6767,5.13,2,-3.204773
audio04.TextGrid,32,1,i,136.980,137.160,NNS,1.7796,7.09,1,-0.280600
audio04.TextGrid,32,2,have,137.160,137.540,VBP,3.1110,6.71,3,0.503819
audio04.TextGrid,32,3,the,137.940,138.050,DT,1.1123,7.73,2,-0.026668
audio04.TextGrid,32,4,old,138.050,138.240,JJ,0.4613,5.75,3,-3.527729
audio04.TextGrid,32,5,man,138.240,138.470,NN,0.0118,5.82,3,-3.876470
audio04.TextGrid,32,6,said,138.470,138.840,VBD,0.0696,6.01,3,-3.545179
audio04.TextGrid,32,7,getting,138.840,139.120,VBG,10.7288,5.57,5,6.480674
audio04.TextGrid,32,8,up,139.120,139.290,RB,0.3886,6.39,2,-2.679197
audio04.TextGrid,32,9,and,139.370,139.560,CC,1.2203,7.41,3,-0.379284
audio04.TextGrid,32,10,taking,139.560,139.870,VBG,2.9126,5.39,5,-1.594622
audio04.TextGrid,32,11,the,139.870,139.940,DT,1.0005,7.73,2,-0.138468
audio04.TextGrid,32,12,newspaper,139.940,140.490,NN,5.0524,4.6,7,-0.591968
audio04.TextGrid,32,13,and,140.490,140.600,CC,2.7454,7.41,3,1.145816
audio04.TextGrid,32,14,folding,140.600,140.950,VBG,4.3383,3.7,6,-2.601550
audio04.TextGrid,32,15,it,140.950,141.100,PRP,0.2113,6.95,2,-2.050420
audio04.TextGrid,33,1,then,141.930,142.110,RB,3.3983,6.07,3,-0.130113
audio04.TextGrid,33,2,he,142.110,142.240,PRP,0.3421,6.69,2,-2.293870
audio04.TextGrid,33,3,started,142.240,142.600,VBD,4.3311,5.39,7,-0.176122
audio04.TextGrid,33,4,to,142.600,142.670,TO,1.0989,7.43,2,-0.471896
audio04.TextGrid,33,5,fold,142.670,142.910,VB,5.8153,4.08,4,-0.577569
audio04.TextGrid,33,6,the,142.910,142.970,DT,1.1962,7.73,2,0.057232
audio04.TextGrid,33,7,blanket,142.970,143.470,NN,3.5860,4.07,7,-2.821263
audio04.TextGrid,34,1,keep,144.910,145.110,VB,6.2771,5.66,3,2.158523
audio04.TextGrid,34,2,the,145.110,145.190,DT,3.3346,7.73,2,2.195632
audio04.TextGrid,34,3,blanket,145.190,145.540,NN,1.6383,4.07,7,-4.768963
audio04.TextGrid,34,4,around,145.540,145.870,IN,5.4694,5.77,4,1.509159
audio04.TextGrid,34,5,you,145.870,146.050,PRP,1.8989,6.98,2,-0.319637
audio04.TextGrid,34,6,the,146.220,146.300,DT,1.3918,7.73,2,0.252832
audio04.TextGrid,34,7,boy,146.300,146.540,NN,0.7002,5.17,2,-4.123696
audio04.TextGrid,34,8,said,146.540,146.920,VBD,0.0670,6.01,3,-3.547779
audio04.TextGrid,35,1,you,147.340,147.470,PRP,2.2998,6.98,2,0.081263
audio04.TextGrid,35,2,ll,147.470,147.500,VBP,2.2893,4.66,1,-3.268702
audio04.TextGrid,35,3,not,147.500,147.700,RB,4.5288,6.69,3,1.892830
audio04.TextGrid,35,4,fish,147.700,147.930,VB,7.3760,4.9,3,2.163460
audio04.TextGrid,35,5,without,147.930,148.240,IN,5.1454,5.69,5,1.070005
audio04.TextGrid,35,6,eating,148.240,148.440,VBG,5.0599,4.85,4,-0.224612
audio04.TextGrid,35,7,while,148.440,148.620,IN,7.8292,5.86,3,3.998507
audio04.TextGrid,35,8,i,148.620,148.700,JJ,1.9601,7.09,1,-0.100100
audio04.TextGrid,35,9,m,148.700,148.800,VBP,1.3552,5.39,2,-3.152022
audio04.TextGrid,35,10,alive,148.800,149.260,JJ,4.8599,4.76,4,-0.554160
audio04.TextGrid,36,1,then,150.720,150.900,RB,4.5126,6.07,3,0.984187
audio04.TextGrid,36,2,live,150.900,151.080,VB,7.2880,5.54,3,2.996692
audio04.TextGrid,36,3,a,151.080,151.140,DT,3.1388,7.36,1,1.467245
audio04.TextGrid,36,4,long,151.140,151.430,JJ,0.9873,5.81,3,-2.915364
audio04.TextGrid,36,5,time,151.430,151.800,NN,0.4682,6.29,3,-2.743540
audio04.TextGrid,36,6,and,151.800,151.970,CC,2.2213,7.41,3,0.621716
audio04.TextGrid,36,7,take,151.970,152.180,VB,4.3949,5.92,3,0.650573
audio04.TextGrid,36,8,care,152.180,152.320,NN,1.4493,5.56,3,-2.813220
audio04.TextGrid,36,9,of,152.320,152.420,IN,0.2475,7.4,2,-1.366478
audio04.TextGrid,36,10,yourself,152.420,153.040,PRP,1.1887,5.31,6,-3.433676
audio04.TextGrid,36,11,the,153.300,153.420,DT,0.3222,7.73,2,-0.816768
audio04.TextGrid,36,12,old,153.420,153.610,JJ,0.2089,5.75,3,-3.780129
audio04.TextGrid,36,13,man,153.610,153.870,NN,0.0048,5.82,3,-3.883470
audio04.TextGrid,36,14,said,153.870,154.260,VBD,0.0466,6.01,3,-3.568179
audio04.TextGrid,37,1,what,155.100,155.270,WDT,4.6197,6.38,3,1.537508
audio04.TextGrid,37,2,are,155.270,155.300,VBP,2.4194,6.74,1,-0.144599
audio04.TextGrid,37,3,we,155.300,155.490,PRP,3.2407,6.54,2,0.388816
audio04.TextGrid,37,4,eating,155.490,155.920,VBG,4.2656,4.85,4,-1.018912
audio04.TextGrid,38,1,black,157.040,157.250,JJ,7.3671,5.46,4,2.960638
audio04.TextGrid,38,2,beans,157.250,157.570,NNS,2.3590,4.14,4,-3.947503
audio04.TextGrid,38,3,and,157.570,157.720,CC,1.2630,7.41,3,-0.336584
audio04.TextGrid,38,4,rice,157.720,158.120,NN,3.2538,4.55,3,-2.462539
audio04.TextGrid,38,5,fried,158.120,158.410,VBN,4.9576,4.06,4,-1.464057
audio04.TextGrid,38,6,bananas,158.410,158.850,NNS,6.5839,3.7,7,-0.355950
audio04.TextGrid,38,7,and,158.850,158.970,CC,2.2297,7.41,3,0.630116
audio04.TextGrid,38,8,some,158.970,159.110,DT,3.8061,6.2,3,0.464812
audio04.TextGrid,38,9,stew,159.110,161.140,VBP,6.5888,3.48,3,-0.667723
audio04.TextGrid,38,10,the,161.250,161.330,DT,2.0052,7.73,2,0.866232
audio04.TextGrid,38,11,boy,161.330,161.570,NN,0.9193,5.17,2,-3.904596
audio04.TextGrid,38,12,had,161.570,161.710,VBD,3.9327,6.33,3,0.778537
audio04.TextGrid,38,13,brought,161.710,161.950,VBN,5.3234,5.16,4,0.485110
audio04.TextGrid,38,14,them,161.950,162.160,PRP,3.7813,6.19,3,0.425618
audio04.TextGrid,38,15,in,162.160,162.260,IN,3.5543,7.27,2,1.753196
audio04.TextGrid,38,16,a,162.260,162.320,DT,2.4238,7.36,1,0.752245
audio04.TextGrid,38,17,two,162.320,162.520,CD,6.6722,6.1,2,3.186969
audio04.TextGrid,38,18,decker,162.520,162.900,NN,7.0658,3.42,4,-0.277089
audio04.TextGrid,38,19,metal,162.900,163.210,NN,9.4645,4.82,5,4.136806
audio04.TextGrid,38,20,container,163.210,163.760,NN,3.8335,4.03,7,-2.631340
audio04.TextGrid,38,21,from,163.760,163.950,IN,4.3298,6.63,4,1.607465
audio04.TextGrid,38,22,the,163.950,164.020,DT,0.9556,7.73,2,-0.183368
audio04.TextGrid,38,23,terrace,164.020,164.630,NN,12.6221,3.88,5,5.941346
audio04.TextGrid,39,1,the,165.290,165.380,DT,1.6095,7.73,2,0.470532
audio04.TextGrid,39,2,two,165.380,165.570,CD,4.1293,6.1,2,0.644069
audio04.TextGrid,39,3,sets,165.570,165.840,NNS,6.4515,4.69,4,0.936681
audio04.TextGrid,39,4,of,165.840,165.970,IN,0.6166,7.4,2,-0.997378
audio04.TextGrid,39,5,knives,165.970,166.320,NNS,6.9764,3.84,4,0.238069
audio04.TextGrid,39,6,and,166.320,166.480,CC,2.5653,7.41,3,0.965716
audio04.TextGrid,39,7,forks,166.480,166.760,NNS,1.8517,3.45,5,-5.448006
audio04.TextGrid,39,8,and,166.760,166.850,CC,2.6131,7.41,3,1.013516
audio04.TextGrid,39,9,spoons,166.850,167.420,NNS,6.3550,3.28,5,-1.189408
audio04.TextGrid,39,10,were,167.420,167.540,VBD,1.3858,6.34,2,-1.753969
audio04.TextGrid,39,11,in,167.540,167.640,IN,2.6991,7.27,2,0.897996
audio04.TextGrid,39,12,his,167.640,167.800,PRP$,3.3299,6.51,3,0.434834
audio04.TextGrid,39,13,pocket,167.800,168.290,NN,2.6496,4.48,5,-3.167499
audio04.TextGrid,39,14,with,168.290,168.400,IN,4.9268,6.85,3,2.521138
audio04.TextGrid,39,15,a,168.400,168.450,DT,1.3477,7.36,1,-0.323855
audio04.TextGrid,39,16,paper,168.450,168.770,NN,4.5337,5.07,4,-0.434138
audio04.TextGrid,39,17,napkin,168.770,169.250,NN,4.2453,3.16,6,-3.471839
audio04.TextGrid,39,18,wrapped,169.250,169.510,VBD,4.6922,4.15,4,-1.599909
audio04.TextGrid,39,19,around,169.510,169.870,IN,1.3915,5.77,4,-2.568741
audio04.TextGrid,39,20,each,169.870,170.050,DT,3.8439,5.69,2,-0.231495
audio04.TextGrid,39,21,set,170.050,170.460,NN,2.8230,5.59,3,-1.396337
audio04.TextGrid,40,1,who,171.800,171.910,WP,5.3186,6.34,2,2.178831
audio04.TextGrid,40,2,gave,171.910,172.130,VBD,5.8724,5.25,3,1.163658
audio04.TextGrid,40,3,this,172.130,172.350,DT,3.5453,6.82,3,1.096455
audio04.TextGrid,40,4,to,172.350,172.460,TO,0.7446,7.43,2,-0.826196
audio04.TextGrid,40,5,you,172.460,172.830,PRP,0.6352,6.98,2,-1.583337
audio04.TextGrid,41,1,martin,173.910,174.470,VB,9.6774,4.74,6,4.234552
audio04.TextGrid,41,2,the,174.470,174.700,DT,3.0488,7.73,2,1.909832
audio04.TextGrid,41,3,owner,174.700,175.000,NN,5.4891,4.83,3,0.175800
audio04.TextGrid,41,4,i,175.870,175.950,NN,2.2688,7.09,1,0.208600
audio04.TextGrid,41,5,must,175.950,176.170,MD,5.2759,5.68,4,1.186111
audio04.TextGrid,41,6,thank,176.170,176.430,VB,4.5756,5.48,4,0.197926
audio04.TextGrid,41,7,him,176.430,176.630,PRP,2.0889,6.11,3,-1.381936
audio04.TextGrid,42,1,i,177.480,177.600,NN,2.0533,7.09,1,-0.006900
audio04.TextGrid,42,2,thanked,177.600,177.880,VBD,7.3009,3.64,5,0.274685
audio04.TextGrid,42,3,him,177.880,177.980,PRP,0.7429,6.11,2,-2.727936
audio04.TextGrid,42,4,already,177.980,178.420,RB,7.3343,5.55,6,3.057386
audio04.TextGrid,42,5,the,178.600,178.680,DT,0.4163,7.73,2,-0.722668
audio04.TextGrid,42,6,boy,178.680,178.880,NN,0.8324,5.17,2,-3.991496
audio04.TextGrid,42,7,said,178.880,179.240,VBD,0.0675,6.01,3,-3.547279
audio04.TextGrid,42,8,you,179.610,179.720,PRP,2.7577,6.98,2,0.539163
audio04.TextGrid,42,9,don,179.720,179.920,VBP,3.7567,4.6,3,-1.887668
audio04.TextGrid,42,10,t,179.920,179.950,JJ,0.0005,5.43,1,-4.449145
audio04.TextGrid,42,11,need,179.950,180.060,NN,2.2681,5.97,3,-1.404256
audio04.TextGrid,42,12,to,180.060,180.140,TO,0.9340,7.43,2,-0.636796
audio04.TextGrid,42,13,thank,180.140,180.430,VB,0.8860,5.48,4,-3.491674
audio04.TextGrid,42,14,him,180.430,180.590,PRP,0.6358,6.11,3,-2.835036
audio05.TextGrid,1,1,i,0.950,1.030,NN,1.4976,7.09,1,-0.562600
audio05.TextGrid,1,2,ll,1.030,1.080,VBP,4.0214,4.66,1,-1.536602
audio05.TextGrid,1,3,give,1.080,1.320,VB,2.3904,5.71,3,-1.656206
audio05.TextGrid,1,4,him,1.320,1.480,PRP,1.5261,6.11,2,-1.944736
audio05.TextGrid,1,5,the,1.480,1.560,DT,2.2443,7.73,2,1.105332
audio05.TextGrid,1,6,belly,1.560,1.980,RB,10.1559,4.1,4,3.791820
audio05.TextGrid,1,7,meat,1.980,2.190,NN,5.7718,4.63,3,0.170615
audio05.TextGrid,1,8,of,2.190,2.280,IN,3.5602,7.4,2,1.946222
audio05.TextGrid,1,9,a,2.280,2.340,DT,1.3631,7.36,1,-0.308455
audio05.TextGrid,1,10,big,2.340,2.610,JJ,5.0415,5.67,3,0.937317
audio05.TextGrid,1,11,fish,2.610,3.030,NN,2.2986,4.9,3,-2.913940
audio05.TextGrid,1,12,the,3.410,3.540,DT,0.1684,7.73,2,-0.970568
audio05.TextGrid,1,13,old,3.540,3.730,JJ,0.1793,5.75,3,-3.809729
audio05.TextGrid,1,14,man,3.730,3.970,NN,0.0039,5.82,3,-3.884370
audio05.TextGrid,1,15,said,3.970,4.370,VBD,0.0395,6.01,3,-3.575279
audio05.TextGrid,2,1,has,5.300,5.460,VBZ,8.5359,6.37,3,5.439314
audio05.TextGrid,2,2,he,5.460,5.560,PRP,1.6393,6.69,2,-0.996670
audio05.TextGrid,2,3,done,5.560,5.790,VBN,3.5886,5.58,3,-0.645131
audio05.TextGrid,2,4,this,5.790,5.950,DT,2.7251,6.82,3,0.276255
audio05.TextGrid,2,5,for,5.950,6.130,IN,1.9807,7.01,3,-0.194654
audio05.TextGrid,2,6,us,6.130,6.270,PRP,3.4816,6.04,2,-0.089996
audio05.TextGrid,2,7,more,6.270,6.490,JJR,8.0589,6.36,3,4.947920
audio05.TextGrid,2,8,than,6.490,6.640,IN,0.2116,6.13,3,-3.230448
audio05.TextGrid,2,9,once,6.640,7.150,RB,0.5002,5.53,4,-3.805503
audio05.TextGrid,3,1,i,8.260,8.350,NN,2.0579,7.09,1,-0.002300
audio05.TextGrid,3,2,think,8.350,8.590,VBP,3.2670,6.08,4,-0.247019
audio05.TextGrid,3,3,so,8.590,8.900,IN,1.5915,6.52,2,-1.289172
audio05.TextGrid,3,4,i,10.040,10.130,JJ,2.0773,7.09,1,0.017100
audio05.TextGrid,3,5,must,10.130,10.380,MD,4.6063,5.68,4,0.516511
audio05.TextGrid,3,6,give,10.380,10.550,VB,3.0976,5.71,3,-0.949006
audio05.TextGrid,3,7,him,10.550,10.670,PRP,0.4524,6.11,2,-3.018436
audio05.TextGrid,3,8,something,10.670,11.060,NN,3.6438,5.81,6,-0.258864
audio05.TextGrid,3,9,more,11.060,11.340,JJR,4.1361,6.36,3,1.025120
audio05.TextGrid,3,10,than,11.340,11.490,IN,0.8526,6.13,3,-2.589448
audio05.TextGrid,3,11,the,11.490,11.560,DT,2.6291,7.73,2,1.490132
audio05.TextGrid,3,12,belly,11.560,11.860,RB,1.6107,4.1,4,-4.753380
audio05.TextGrid,3,13,meat,11.860,12.080,NN,0.1861,4.63,3,-5.415085
audio05.TextGrid,3,14,then,12.080,12.440,RB,8.5812,6.07,3,5.052787
audio05.TextGrid,4,1,he,13.070,13.190,PRP,2.1750,6.69,2,-0.460970
audio05.TextGrid,4,2,is,13.190,13.320,VBZ,2.8833,7.07,2,0.794311
audio05.TextGrid,4,3,very,13.320,13.610,RB,2.9231,6.0,4,-0.706073
audio05.TextGrid,4,4,thoughtful,13.610,14.060,JJ,8.3861,3.83,6,1.633375
audio05.TextGrid,4,5,for,14.060,14.330,IN,4.4733,7.01,3,2.297946
audio05.TextGrid,4,6,us,14.330,14.530,PRP,3.8574,6.04,2,0.285804
audio05.TextGrid,5,1,he,16.090,16.200,PRP,2.5237,6.69,2,-0.112270
audio05.TextGrid,5,2,sent,16.200,16.520,VBD,6.4065,5.16,4,1.568210
audio05.TextGrid,5,3,two,16.520,16.630,CD,4.7383,6.1,2,1.253069
audio05.TextGrid,5,4,beers,16.630,17.170,NNS,8.9942,3.9,4,2.342235
audio05.TextGrid,6,1,i,18.190,18.290,NN,2.1900,7.09,1,0.129800
audio05.TextGrid,6,2,like,18.290,18.490,IN,4.6574,6.41,3,1.618391
audio05.TextGrid,6,3,the,18.490,18.550,DT,2.0990,7.73,2,0.960032
audio05.TextGrid,6,4,beer,18.550,18.810,NN,1.6225,4.7,3,-3.877925
audio05.TextGrid,6,5,in,18.810,18.970,IN,4.8119,7.27,2,3.010796
audio05.TextGrid,6,6,cans,18.970,19.390,NNS,6.5474,3.8,4,-0.248508
audio05.TextGrid,6,7,best,19.390,19.840,RB,10.3424,5.84,4,6.482919
audio05.TextGrid,7,1,i,20.620,20.770,NN,1.8169,7.09,1,-0.243300
audio05.TextGrid,7,2,know,20.770,21.030,VBP,3.3616,6.1,2,-0.123631
audio05.TextGrid,7,3,but,21.030,21.230,CC,3.1516,6.63,3,0.429265
audio05.TextGrid,7,4,this,21.230,21.430,DT,4.6903,6.82,3,2.241455
audio05.TextGrid,7,5,is,21.430,21.550,VBZ,0.7685,7.07,2,-1.320489
audio05.TextGrid,7,6,in,21.550,21.660,IN,5.6490,7.27,2,3.847896
audio05.TextGrid,7,7,bottles,21.660,22.100,NNS,5.1319,4.19,6,-1.102632
audio05.TextGrid,7,8,hatuey,22.100,22.610,VBP,29.1770,0.0,6,16.911278
audio05.TextGrid,7,9,beer,22.610,22.940,NN,7.4064,4.7,3,1.905975
audio05.TextGrid,7,10,and,23.280,23.410,CC,1.5947,7.41,2,-0.004884
audio05.TextGrid,7,11,i,23.410,23.510,NNS,2.2361,7.09,1,0.175900
audio05.TextGrid,7,12,take,23.510,23.750,VBP,6.2181,5.92,3,2.473773
audio05.TextGrid,7,13,back,23.750,23.990,RP,7.0973,6.04,3,3.525704
audio05.TextGrid,7,14,the,23.990,24.070,DT,1.3654,7.73,2,0.226432
audio05.TextGrid,7,15,bottles,24.070,24.580,NNS,2.6661,4.19,6,-3.568432
audio05.TextGrid,8,1,that,25.840,26.050,DT,3.9343,7.01,3,1.758946
audio05.TextGrid,8,2,s,26.050,26.110,VBZ,0.6321,5.86,1,-3.198593
audio05.TextGrid,8,3,very,26.110,26.320,RB,3.5499,6.0,4,-0.079273
audio05.TextGrid,8,4,kind,26.320,26.670,NN,4.3046,5.45,4,-0.116257
audio05.TextGrid,8,5,of,26.670,26.760,IN,0.3786,7.4,2,-1.235378
audio05.TextGrid,8,6,you,26.760,26.990,PRP,0.2136,6.98,2,-2.004937
audio05.TextGrid,8,7,the,27.320,27.420,DT,0.1917,7.73,2,-0.947268
audio05.TextGrid,8,8,old,27.420,27.600,JJ,0.3981,5.75,3,-3.590929
audio05.TextGrid,8,9,man,27.600,27.830,NN,0.0061,5.82,3,-3.882170
audio05.TextGrid,8,10,said,27.830,28.170,VBD,0.0331,6.01,3,-3.581679
audio05.TextGrid,9,1,should,29.050,29.200,MD,7.4238,5.99,3,3.780233
audio05.TextGrid,9,2,we,29.200,29.450,PRP,1.7205,6.54,2,-1.131384
audio05.TextGrid,9,3,eat,29.450,29.690,VB,4.1952,5.13,2,-0.686273
audio05.TextGrid,9,4,i,30.800,30.870,JJ,1.4889,7.09,1,-0.571300
audio05.TextGrid,9,5,ve,30.870,30.930,NNS,4.8134,4.56,2,-0.888545
audio05.TextGrid,9,6,been,30.930,31.100,VBN,2.4005,6.27,3,-0.840028
audio05.TextGrid,9,7,asking,31.100,31.470,VBG,4.9292,4.96,5,-0.196975
audio05.TextGrid,9,8,you,31.470,31.590,PRP,1.4234,6.98,2,-0.795137
audio05.TextGrid,9,9,to,31.590,31.940,TO,2.0406,7.43,2,0.469804
audio05.TextGrid,9,10,the,32.150,32.240,DT,0.3141,7.73,2,-0.824868
audio05.TextGrid,9,11,boy,32.240,32.450,NN,0.2346,5.17,2,-4.589296
audio05.TextGrid,9,12,told,32.450,32.750,VBD,5.7477,5.54,4,1.456392
audio05.TextGrid,9,13,him,32.750,32.860,PRP,0.4384,6.11,2,-3.032436
audio05.TextGrid,9,14,gently,32.860,33.360,RB,7.4080,4.08,6,1.015131
audio05.TextGrid,10,1,i,34.350,34.410,NNS,1.6536,7.09,1,-0.406600
audio05.TextGrid,10,2,have,34.410,34.530,VBP,3.1470,6.71,3,0.539819
audio05.TextGrid,10,3,not,34.530,34.750,RB,3.1447,6.69,3,0.508730
audio05.TextGrid,10,4,wished,34.750,34.970,VBN,7.8177,4.0,4,1.309677
audio05.TextGrid,10,5,to,34.970,35.060,TO,0.7344,7.43,2,-0.836396
audio05.TextGrid,10,6,open,35.060,35.260,VB,7.8833,5.48,4,3.505626
audio05.TextGrid,10,7,the,35.260,35.330,DT,1.5370,7.73,2,0.398032
audio05.TextGrid,10,8,container,35.330,35.810,NN,6.4585,4.03,7,-0.006340
audio05.TextGrid,10,9,until,35.810,36.070,IN,4.9025,5.61,5,0.711951
audio05.TextGrid,10,10,you,36.070,36.180,PRP,1.6032,6.98,2,-0.615337
audio05.TextGrid,10,11,were,36.180,36.350,VBD,3.7925,6.34,2,0.652731
audio05.TextGrid,10,12,ready,36.350,36.710,JJ,2.9508,5.28,4,-1.714759
audio05.TextGrid,11,1,i,38.310,38.390,JJ,1.7392,7.09,1,-0.321000
audio05.TextGrid,11,2,m,38.390,38.510,VBP,2.8121,5.39,2,-1.695122
audio05.TextGrid,11,3,ready,38.510,38.730,JJ,3.7940,5.28,4,-0.871559
audio05.TextGrid,11,4,now,38.730,39.070,RB,2.5071,6.18,2,-0.862977
audio05.TextGrid,12,1,the,39.520,39.620,DT,0.1871,7.73,2,-0.951868
audio05.TextGrid,12,2,old,39.620,39.810,JJ,0.3058,5.75,3,-3.683229
audio05.TextGrid,12,3,man,39.810,40.020,NN,0.0026,5.82,3,-3.885670
audio05.TextGrid,12,4,said,40.020,40.330,VBD,0.0999,6.01,3,-3.514879
audio05.TextGrid,13,1,i,41.190,41.360,NN,1.6357,7.09,1,-0.424500
audio05.TextGrid,13,2,only,41.360,41.610,RB,5.8703,6.12,4,2.413858
audio05.TextGrid,13,3,needed,41.610,41.940,VBD,6.0368,5.18,5,1.227299
audio05.TextGrid,13,4,time,41.940,42.170,NN,6.3011,6.29,3,3.089360
audio05.TextGrid,13,5,to,42.170,42.270,TO,0.6825,7.43,2,-0.888296
audio05.TextGrid,13,6,wash,42.270,42.710,VB,5.1825,4.46,3,-0.663387
audio05.TextGrid,14,1,where,44.540,44.770,WRB,9.0897,6.0,3,5.460527
audio05.TextGrid,14,2,did,44.770,44.930,VBD,2.0370,5.96,3,-1.649750
audio05.TextGrid,14,3,you,44.930,45.100,PRP,2.9083,6.98,2,0.689763
audio05.TextGrid,14,4,wash,45.100,45.630,VB,4.8861,4.46,3,-0.959787
audio05.TextGrid,14,5,the,45.630,45.740,DT,6.3419,7.73,2,5.202932
audio05.TextGrid,14,6,boy,45.740,45.960,NN,0.8648,5.17,2,-3.959096
audio05.TextGrid,14,7,thought,45.960,46.420,VBD,4.4333,5.59,3,0.213963
audio05.TextGrid,15,1,the,46.970,47.060,DT,2.7908,7.73,2,1.651832
audio05.TextGrid,15,2,village,47.060,47.390,NN,7.2973,4.82,5,1.969606
audio05.TextGrid,15,3,water,47.390,47.700,NN,5.2285,5.52,4,0.908403
audio05.TextGrid,15,4,supply,47.700,48.140,NN,3.6565,4.81,5,-1.685589
audio05.TextGrid,15,5,was,48.140,48.390,VBD,0.8059,6.82,3,-1.642945
audio05.TextGrid,15,6,two,48.390,48.570,CD,6.8643,6.1,2,3.379069
audio05.TextGrid,15,7,streets,48.570,48.950,NNS,8.2024,4.66,6,2.644398
audio05.TextGrid,15,8,down,48.950,49.210,IN,1.9528,5.88,3,-1.849104
audio05.TextGrid,15,9,the,49.210,49.290,DT,2.6817,7.73,2,1.542732
audio05.TextGrid,15,10,road,49.290,49.730,NN,0.9225,5.24,3,-3.800636
audio05.TextGrid,16,1,i,50.550,50.630,NN,5.1031,7.09,1,3.042900
audio05.TextGrid,16,2,must,50.630,50.850,MD,4.5724,5.68,4,0.482611
audio05.TextGrid,16,3,have,50.850,51.030,VB,1.6200,6.71,3,-0.987181
audio05.TextGrid,16,4,water,51.030,51.370,NN,5.4952,5.52,4,1.175103
audio05.TextGrid,16,5,here,51.370,51.540,RB,3.0970,5.97,3,-0.575356
audio05.TextGrid,16,6,for,51.540,51.790,IN,3.5949,7.01,3,1.419546
audio05.TextGrid,16,7,him,51.790,51.980,PRP,5.4009,6.11,3,1.930064
audio05.TextGrid,16,8,the,52.150,52.220,DT,3.1074,7.73,2,1.968432
audio05.TextGrid,16,9,boy,52.220,52.420,NN,1.6249,5.17,2,-3.198996
audio05.TextGrid,16,10,thought,52.420,52.790,NN,0.2530,5.59,3,-3.966337
audio05.TextGrid,16,11,and,53.290,53.420,CC,1.6350,7.41,3,0.035416
audio05.TextGrid,16,12,soap,53.420,53.830,NN,9.4923,4.18,3,3.243374
audio05.TextGrid,16,13,and,53.830,53.940,CC,1.4136,7.41,3,-0.185984
audio05.TextGrid,16,14,a,53.940,53.980,DT,2.6947,7.36,1,1.023145
audio05.TextGrid,16,15,good,53.980,54.220,JJ,3.7522,6.12,3,0.295758
audio05.TextGrid,16,16,towel,54.220,54.610,NN,4.9851,3.94,3,-1.609288
audio05.TextGrid,17,1,why,55.230,55.420,WRB,6.5103,5.93,2,2.780367
audio05.TextGrid,17,2,am,55.420,55.520,VBP,5.4376,5.78,2,1.491753
audio05.TextGrid,17,3,i,55.520,55.630,RB,0.0053,7.09,1,-2.054900
audio05.TextGrid,17,4,so,55.630,55.830,RB,2.9162,6.52,2,0.035528
audio05.TextGrid,17,5,thoughtless,55.830,56.470,JJ,12.1804,2.9,6,4.089010
audio05.TextGrid,18,1,i,57.150,57.220,NN,2.4672,7.09,1,0.407000
audio05.TextGrid,18,2,must,57.220,57.470,MD,1.9141,5.68,4,-2.175689
audio05.TextGrid,18,3,get,57.470,57.650,VB,4.8295,6.28,3,1.603366
audio05.TextGrid,18,4,him,57.650,57.750,PRP,3.0201,6.11,2,-0.450736
audio05.TextGrid,18,5,another,57.750,58.010,DT,6.8029,5.74,5,2.799477
audio05.TextGrid,18,6,shirt,58.010,58.400,NN,5.0318,4.63,3,-0.569385
audio05.TextGrid,18,7,and,58.400,58.510,CC,1.7792,7.41,3,0.179616
audio05.TextGrid,18,8,a,58.510,58.560,DT,1.3498,7.36,1,-0.321755
audio05.TextGrid,18,9,jacket,58.560,58.950,NN,4.5020,4.32,5,-1.545407
audio05.TextGrid,18,10,for,58.950,59.060,IN,3.2381,7.01,2,1.062746
audio05.TextGrid,18,11,the,59.060,59.140,DT,1.8290,7.73,2,0.690032
audio05.TextGrid,18,12,winter,59.140,59.520,NN,3.2214,4.89,5,-2.005535
audio05.TextGrid,18,13,and,59.960,60.060,CC,2.8933,7.41,3,1.293716
audio05.TextGrid,18,14,some,60.060,60.230,DT,4.4190,6.2,3,1.077712
audio05.TextGrid,18,15,sort,60.230,60.440,NN,5.0511,5.0,4,-0.017498
audio05.TextGrid,18,16,of,60.440,60.540,IN,0.0064,7.4,2,-1.607578
audio05.TextGrid,18,17,shoes,60.540,61.260,NNS,4.1826,4.67,3,-1.361008
audio05.TextGrid,18,18,and,61.420,61.550,CC,1.7810,7.41,2,0.181416
audio05.TextGrid,18,19,another,61.550,61.830,DT,7.1924,5.74,5,3.188977
audio05.TextGrid,18,20,blanket,61.830,62.370,NN,4.7182,4.07,7,-1.689063
audio05.TextGrid,19,1,your,64.420,64.610,PRP$,6.2085,6.53,3,3.342222
audio05.TextGrid,19,2,stew,64.610,65.030,NN,8.6813,3.48,3,1.424777
audio05.TextGrid,19,3,is,65.030,65.200,VBZ,1.2636,7.07,2,-0.825389
audio05.TextGrid,19,4,excellent,65.200,65.940,JJ,5.6100,4.73,8,0.152757
audio05.TextGrid,19,5,the,66.320,66.440,DT,0.2662,7.73,2,-0.872768
audio05.TextGrid,19,6,old,66.440,66.660,JJ,0.7931,5.75,3,-3.195929
audio05.TextGrid,19,7,man,66.660,66.900,NN,0.0072,5.82,3,-3.881070
audio05.TextGrid,19,8,said,66.900,67.340,VBD,0.0904,6.01,3,-3.524379
audio05.TextGrid,20,1,tell,68.820,68.980,VB,6.5385,5.53,3,2.232797
audio05.TextGrid,20,2,me,68.980,69.130,PRP,0.5869,6.48,2,-2.351349
audio05.TextGrid,20,3,about,69.130,69.330,IN,1.8283,6.4,4,-1.225103
audio05.TextGrid,20,4,the,69.330,69.420,DT,2.2660,7.73,2,1.127032
audio05.TextGrid,20,5,baseball,69.420,69.950,NN,8.9044,4.54,6,3.173667
audio05.TextGrid,20,6,the,70.180,70.250,DT,0.4280,7.73,2,-0.710968
audio05.TextGrid,20,7,boy,70.250,70.540,NN,0.1060,5.17,2,-4.717896
audio05.TextGrid,20,8,asked,70.540,70.810,VBD,2.1268,5.3,3,-2.509970
audio05.TextGrid,20,9,him,70.810,70.990,PRP,4.0322,6.11,2,0.561364
audio05.TextGrid,21,1,in,72.830,72.950,IN,5.2162,7.27,2,3.415096
audio05.TextGrid,21,2,the,72.950,73.080,DT,1.2165,7.73,2,0.077532
audio05.TextGrid,21,3,american,73.080,73.610,JJ,6.3417,5.49,8,1.978420
audio05.TextGrid,21,4,league,73.610,73.920,NN,0.2879,5.13,3,-4.593573
audio05.TextGrid,21,5,it,73.920,74.030,PRP,3.8896,6.95,2,1.627880
audio05.TextGrid,21,6,is,74.030,74.210,VBZ,1.7322,7.07,2,-0.356789
audio05.TextGrid,21,7,the,74.210,74.360,DT,2.9439,7.73,2,1.804932
audio05.TextGrid,21,8,yankees,74.360,74.880,NNS,3.1462,3.93,6,-3.462582
audio05.TextGrid,21,9,as,74.880,75.000,IN,6.4610,6.77,2,3.940184
audio05.TextGrid,21,10,i,75.000,75.130,NN,3.3498,7.09,1,1.289600
audio05.TextGrid,21,11,said,75.130,75.620,VBD,4.4688,6.01,3,0.854021
audio05.TextGrid,22,1,the,76.220,76.310,DT,0.1272,7.73,2,-1.011768
audio05.TextGrid,22,2,old,76.310,76.500,JJ,0.1159,5.75,3,-3.873129
audio05.TextGrid,22,3,man,76.500,76.720,NN,0.0028,5.82,3,-3.885470
audio05.TextGrid,22,4,said,76.720,76.930,VBD,0.1286,6.01,3,-3.486179
audio05.TextGrid,22,5,happily,76.930,77.410,RB,8.0382,4.11,6,1.688514
audio05.TextGrid,23,1,they,78.600,78.740,PRP,3.1510,6.5,2,0.241539
audio05.TextGrid,23,2,lost,78.740,79.020,VBD,6.3190,5.39,4,1.811778
audio05.TextGrid,23,3,today,79.020,79.480,NN,7.2641,5.55,4,2.987186
audio05.TextGrid,23,4,the,79.740,79.820,DT,0.2501,7.73,2,-0.888868
audio05.TextGrid,23,5,boy,79.820,80.020,NN,0.1242,5.17,2,-4.699696
audio05.TextGrid,23,6,told,80.020,80.310,VBD,3.5076,5.54,4,-0.783708
audio05.TextGrid,23,7,him,80.310,80.460,PRP,0.2672,6.11,2,-3.203636
audio05.TextGrid,24,1,that,81.300,81.540,DT,4.0395,7.01,3,1.864146
audio05.TextGrid,24,2,means,81.540,81.890,VBZ,4.0271,5.44,4,-0.408151
audio05.TextGrid,24,3,nothing,81.890,82.270,NN,4.3125,5.55,5,0.035586
audio05.TextGrid,24,4,the,82.500,82.640,DT,2.7497,7.73,2,1.610732
audio05.TextGrid,24,5,great,82.640,82.870,JJ,6.7621,5.88,4,2.960196
audio05.TextGrid,24,6,dimaggio,82.870,83.510,NN,6.0686,2.53,7,-2.555377
audio05.TextGrid,24,7,is,83.510,83.600,VBZ,2.2396,7.07,2,0.150611
audio05.TextGrid,24,8,himself,83.600,84.020,PRP,9.5076,5.25,7,4.798858
audio05.TextGrid,24,9,again,84.020,84.410,RB,7.4061,5.7,4,3.345100
audio05.TextGrid,25,1,they,85.860,85.990,PRP,4.6336,6.5,2,1.724139
audio05.TextGrid,25,2,have,85.990,86.140,VBP,3.2528,6.71,3,0.645619
audio05.TextGrid,25,3,other,86.140,86.330,JJ,6.8461,6.16,3,3.447235
audio05.TextGrid,25,4,men,86.330,86.510,NNS,4.6663,5.51,3,0.331809
audio05.TextGrid,25,5,on,86.510,86.640,IN,3.9935,6.91,2,1.674203
audio05.TextGrid,25,6,the,86.640,86.730,DT,0.8897,7.73,2,-0.249268
audio05.TextGrid,25,7,team,86.730,87.170,NN,1.7791,5.67,3,-2.325083
audio05.TextGrid,26,1,naturally,87.850,88.550,RB,9.5058,4.48,7,3.688701
audio05.TextGrid,26,2,but,88.620,88.780,CC,2.6020,6.63,3,-0.120335
audio05.TextGrid,26,3,he,88.780,88.910,PRP,3.4257,6.69,2,0.789730
audio05.TextGrid,26,4,makes,88.910,89.230,VBZ,6.2121,5.46,4,1.805638
audio05.TextGrid,26,5,the,89.230,89.300,DT,2.6534,7.73,2,1.514432
audio05.TextGrid,26,6,difference,89.300,89.880,NN,5.6271,5.01,7,0.572896
audio05.TextGrid,27,1,in,90.430,90.560,IN,4.3307,7.27,2,2.529596
audio05.TextGrid,27,2,the,90.560,90.700,DT,1.0253,7.73,2,-0.113668
audio05.TextGrid,27,3,other,90.700,90.900,JJ,5.4434,6.16,3,2.044535
audio05.TextGrid,27,4,league,90.900,91.160,NN,2.3239,5.13,3,-2.557573
audio05.TextGrid,27,5,between,91.160,91.500,IN,8.9457,5.77,6,4.985459
audio05.TextGrid,27,6,brooklyn,91.500,91.870,NN,8.2657,4.25,7,2.117534
audio05.TextGrid,27,7,and,91.870,91.990,CC,0.1026,7.41,3,-1.496984
audio05.TextGrid,27,8,philadelphia,91.990,92.660,NN,3.6060,4.42,10,-2.297464
audio05.TextGrid,27,9,i,92.840,92.980,NN,4.3456,7.09,1,2.285400
audio05.TextGrid,27,10,must,92.980,93.200,MD,5.0075,5.68,4,0.917711
audio05.TextGrid,27,11,take,93.200,93.400,VB,3.6278,5.92,3,-0.116527
audio05.TextGrid,27,12,brooklyn,93.400,93.900,NN,8.4075,4.25,7,2.259334
audio05.TextGrid,28,1,but,94.770,94.890,CC,2.9730,6.63,3,0.250665
audio05.TextGrid,28,2,then,94.890,95.100,RB,4.9582,6.07,3,1.429787
audio05.TextGrid,28,3,i,95.100,95.230,JJ,1.4243,7.09,1,-0.635900
audio05.TextGrid,28,4,think,95.230,95.490,VBP,4.1496,6.08,4,0.635581
audio05.TextGrid,28,5,of,95.490,95.590,IN,2.6270,7.4,2,1.013022
audio05.TextGrid,28,6,dick,95.590,95.810,NN,9.3725,4.7,3,3.872075
audio05.TextGrid,28,7,sisler,95.810,96.280,NN,13.6443,1.55,5,3.609687
audio05.TextGrid,28,8,and,96.280,96.350,CC,1.6552,7.41,2,0.055616
audio05.TextGrid,28,9,those,96.350,96.550,DT,6.1479,5.9,3,2.374784
audio05.TextGrid,28,10,great,96.550,96.770,JJ,3.9333,5.88,4,0.131396
audio05.TextGrid,28,11,drives,96.770,97.310,NNS,9.8400,4.28,5,3.735016
audio05.TextGrid,28,12,in,97.310,97.390,IN,11.8374,7.27,2,10.036296
audio05.TextGrid,28,13,the,97.390,97.510,DT,0.9959,7.73,2,-0.143068
audio05.TextGrid,28,14,old,97.510,97.770,JJ,4.2396,5.75,3,0.250571
audio05.TextGrid,28,15,park,97.770,98.160,NN,8.6675,5.16,4,3.829210
audio05.TextGrid,29,1,there,99.220,99.340,EX,4.6977,6.31,3,1.514749
audio05.TextGrid,29,2,was,99.340,99.510,VBD,2.9556,6.82,3,0.506755
audio05.TextGrid,29,3,nothing,99.510,99.910,NN,3.6635,5.55,5,-0.613414
audio05.TextGrid,29,4,ever,99.910,100.140,RB,6.4788,5.66,3,2.360223
audio05.TextGrid,29,5,like,100.140,100.410,IN,2.6226,6.41,3,-0.416409
audio05.TextGrid,29,6,them,100.410,100.740,PRP,2.5819,6.19,3,-0.773782
audio05.TextGrid,29,7,he,101.050,101.190,PRP,3.9580,6.69,2,1.322030
audio05.TextGrid,29,8,hits,101.190,101.420,VBZ,9.1646,4.65,4,3.592204
audio05.TextGrid,29,9,the,101.420,101.490,DT,2.1126,7.73,2,0.973632
audio05.TextGrid,29,10,longest,101.490,102.070,JJS,10.1967,4.22,7,4.005351
audio05.TextGrid,29,11,ball,102.070,102.430,NN,3.4825,5.04,3,-1.528521
audio05.TextGrid,29,12,i,102.430,102.480,NN,3.2859,7.09,1,1.225700
audio05.TextGrid,29,13,have,102.480,102.620,VBP,1.5057,6.71,3,-1.101481
audio05.TextGrid,29,14,ever,102.620,102.810,RB,0.1970,5.66,3,-3.921577
audio05.TextGrid,29,15,seen,102.810,103.290,VBN,0.3549,5.52,3,-3.965197
audio05.TextGrid,30,1,do,104.560,104.660,VB,5.0428,6.35,2,1.917426
audio05.TextGrid,30,2,you,104.660,104.850,PRP,0.1961,6.98,2,-2.022437
audio05.TextGrid,30,3,remember,104.850,105.280,VB,1.6988,5.38,7,-2.822816
audio05.TextGrid,30,4,when,105.280,105.490,WRB,3.4101,6.37,3,0.313514
audio05.TextGrid,30,5,he,105.490,105.630,PRP,2.2390,6.69,2,-0.396970
audio05.TextGrid,30,6,used,105.630,105.810,VBD,4.6684,5.8,4,0.751342
audio05.TextGrid,30,7,to,105.810,105.890,TO,0.1370,7.43,2,-1.433796
audio05.TextGrid,30,8,come,105.890,106.080,VB,3.9139,5.78,3,-0.031947
audio05.TextGrid,30,9,to,106.080,106.170,TO,1.6826,7.43,2,0.111804
audio05.TextGrid,30,10,the,106.170,106.280,DT,1.2719,7.73,2,0.132932
audio05.TextGrid,30,11,terrace,106.280,106.860,NN,6.3645,3.88,5,-0.316254
audio05.TextGrid,31,1,i,107.290,107.410,RB,1.7449,7.09,1,-0.315300
audio05.TextGrid,31,2,wanted,107.410,107.750,VBD,7.1525,5.36,5,2.602095
audio05.TextGrid,31,3,to,107.750,107.810,TO,0.2931,7.43,2,-1.277696
audio05.TextGrid,31,4,take,107.810,108.030,VB,4.0651,5.92,3,0.320773
audio05.TextGrid,31,5,him,108.030,108.130,PRP,0.9344,6.11,2,-2.536436
audio05.TextGrid,31,6,fishing,108.130,108.640,VBG,8.1607,4.47,5,2.329207
audio05.TextGrid,31,7,but,108.640,108.800,CC,5.2072,6.63,3,2.484865
audio05.TextGrid,31,8,i,108.800,108.920,NN,1.3521,7.09,1,-0.708100
audio05.TextGrid,31,9,was,108.920,109.120,VBD,1.9313,6.82,3,-0.517545
audio05.TextGrid,31,10,too,109.120,109.250,RB,1.5205,5.95,2,-2.180644
audio05.TextGrid,31,11,timid,109.250,109.650,JJ,6.2126,3.25,5,-1.374991
audio05.TextGrid,31,12,to,109.650,109.760,TO,1.1759,7.43,2,-0.394896
audio05.TextGrid,31,13,ask,109.760,110.030,VB,4.9953,5.34,3,0.416107
audio05.TextGrid,31,14,him,110.030,110.210,PRP,0.9944,6.11,3,-2.476436
audio05.TextGrid,32,1,then,110.810,110.970,RB,3.9068,6.07,3,0.378387
audio05.TextGrid,32,2,i,110.970,111.110,VB,1.2639,7.09,1,-0.796300
audio05.TextGrid,32,3,asked,111.110,111.410,VBD,3.5645,5.3,3,-1.072270
audio05.TextGrid,32,4,you,111.410,111.580,PRP,4.0230,6.98,2,1.804463
audio05.TextGrid,32,5,to,111.580,111.820,TO,1.1624,7.43,2,-0.408396
audio05.TextGrid,32,6,ask,111.820,112.030,VB,5.0330,5.34,3,0.453807
audio05.TextGrid,32,7,him,112.030,112.250,PRP,0.8495,6.11,3,-2.621336
audio05.TextGrid,32,8,and,112.250,112.470,CC,4.4625,7.41,3,2.862916
audio05.TextGrid,32,9,you,112.470,112.610,PRP,2.1305,6.98,2,-0.088037
audio05.TextGrid,32,10,were,112.610,112.730,VBD,4.0672,6.34,2,0.927431
audio05.TextGrid,32,11,too,112.730,112.900,RB,3.0215,5.95,2,-0.679644
audio05.TextGrid,32,12,timid,112.900,113.410,JJ,2.1224,3.25,5,-5.465191
audio05.TextGrid,33,1,i,114.260,114.400,NN,1.8006,7.09,1,-0.259600
audio05.TextGrid,33,2,know,114.400,114.730,VBP,3.7976,6.1,2,0.312369
audio05.TextGrid,33,3,it,114.950,115.130,PRP,3.1990,6.95,2,0.937280
audio05.TextGrid,33,4,was,115.130,115.240,VBD,0.8747,6.82,3,-1.574145
audio05.TextGrid,33,5,a,115.240,115.300,DT,1.9078,7.36,1,0.236245
audio05.TextGrid,33,6,great,115.300,115.580,JJ,2.5769,5.88,4,-1.225004
audio05.TextGrid,33,7,mistake,115.580,116.100,NN,4.4217,4.67,6,-1.121908
audio05.TextGrid,33,8,he,116.300,116.410,PRP,2.0837,6.69,2,-0.552270
audio05.TextGrid,33,9,might,116.410,116.570,MD,5.8197,5.66,3,1.701123
audio05.TextGrid,33,10,have,116.570,116.670,VB,0.6444,6.71,3,-1.962781
audio05.TextGrid,33,11,gone,116.670,116.880,VBN,4.0380,5.17,3,-0.785896
audio05.TextGrid,33,12,with,116.880,117.090,IN,3.6703,6.85,3,1.264638
audio05.TextGrid,33,13,us,117.090,117.430,PRP,2.1970,6.04,2,-1.374596
audio05.TextGrid,34,1,then,117.880,118.120,RB,4.2517,6.07,3,0.723287
audio05.TextGrid,34,2,we,118.120,118.210,PRP,2.5234,6.54,2,-0.328484
audio05.TextGrid,34,3,would,118.210,118.390,MD,3.3488,6.27,3,0.108272
audio05.TextGrid,34,4,have,118.390,118.500,VB,0.3660,6.71,3,-2.241181
audio05.TextGrid,34,5,that,118.500,118.840,DT,8.0725,7.01,3,5.897146
audio05.TextGrid,34,6,for,118.840,119.000,IN,6.5717,7.01,3,4.396346
audio05.TextGrid,34,7,all,119.000,119.220,DT,4.6029,6.52,2,1.722228
audio05.TextGrid,34,8,of,119.220,119.310,IN,2.3405,7.4,2,0.726522
audio05.TextGrid,34,9,our,119.310,119.440,PRP$,2.9916,6.14,2,-0.436054
audio05.TextGrid,34,10,lives,119.440,120.040,NNS,2.4333,5.14,4,-2.433778
audio05.TextGrid,35,1,i,121.570,121.720,NN,2.0378,7.09,1,-0.022400
audio05.TextGrid,35,2,would,121.720,121.940,MD,3.9139,6.27,3,0.673372
audio05.TextGrid,35,3,like,121.940,122.190,VB,3.0153,6.41,3,-0.023709
audio05.TextGrid,35,4,to,122.190,122.270,TO,0.3879,7.43,2,-1.182896
audio05.TextGrid,35,5,take,122.270,122.500,VB,2.5410,5.92,3,-1.203327
audio05.TextGrid,35,6,the,122.510,122.620,DT,3.1786,7.73,2,2.039632
audio05.TextGrid,35,7,great,122.620,122.860,JJ,6.8299,5.88,4,3.027996
audio05.TextGrid,35,8,dimaggio,122.860,123.480,NN,4.3215,2.53,7,-4.302477
audio05.TextGrid,35,9,fishing,123.480,123.900,VBG,5.9671,4.47,5,0.135607
audio05.TextGrid,35,10,the,124.230,124.360,DT,0.2341,7.73,2,-0.904868
audio05.TextGrid,35,11,old,124.360,124.570,JJ,1.6683,5.75,3,-2.320729
audio05.TextGrid,35,12,man,124.570,124.790,NN,0.0046,5.82,3,-3.883670
audio05.TextGrid,35,13,said,124.790,125.150,VBD,0.1003,6.01,3,-3.514479
audio05.TextGrid,36,1,they,125.950,126.070,PRP,5.5328,6.5,2,2.623339
audio05.TextGrid,36,2,say,126.070,126.310,VBP,4.1620,5.89,2,0.374490
audio05.TextGrid,36,3,his,126.310,126.490,PRP$,4.7929,6.51,3,1.897834
audio05.TextGrid,36,4,father,126.490,126.790,NN,3.7397,5.26,4,-0.954647
audio05.TextGrid,36,5,was,126.790,126.990,VBD,1.8806,6.82,3,-0.568245
audio05.TextGrid,36,6,a,126.990,127.040,DT,1.0177,7.36,1,-0.653855
audio05.TextGrid,36,7,fisherman,127.040,127.630,NN,2.2732,3.49,7,-4.968929
audio05.TextGrid,37,1,maybe,128.130,128.460,RB,5.0608,5.45,4,0.639943
audio05.TextGrid,37,2,he,128.460,128.550,PRP,1.2292,6.69,2,-1.406770
audio05.TextGrid,37,3,was,128.550,128.780,VBD,1.1586,6.82,3,-1.290245
audio05.TextGrid,37,4,as,128.780,128.910,RB,5.3385,6.77,2,2.817684
audio05.TextGrid,37,5,poor,128.910,129.250,JJ,4.9562,5.09,3,0.017150
audio05.TextGrid,37,6,as,129.250,129.350,IN,0.2524,6.77,2,-2.268416
audio05.TextGrid,37,7,we,129.350,129.590,PRP,3.8893,6.54,2,1.037416
audio05.TextGrid,37,8,are,129.590,129.830,VBP,0.9071,6.74,2,-1.656899
audio05.TextGrid,37,9,and,129.830,129.990,CC,3.0347,7.41,3,1.435116
audio05.TextGrid,37,10,would,129.990,130.110,MD,4.4212,6.27,3,1.180672
audio05.TextGrid,37,11,understand,130.110,130.860,VB,8.8404,5.37,9,4.304389
audio05.TextGrid,38,1,the,132.500,132.590,DT,3.8482,7.73,2,2.709232
audio05.TextGrid,38,2,great,132.590,132.850,JJ,2.6541,5.88,4,-1.147804
audio05.TextGrid,38,3,sisler,132.850,133.250,NN,6.3543,1.55,6,-3.680313
audio05.TextGrid,38,4,s,133.250,133.350,NN,4.6294,5.86,1,0.798707
audio05.TextGrid,38,5,father,133.350,133.620,NN,1.4490,5.26,4,-3.245347
audio05.TextGrid,38,6,was,133.620,133.800,VBD,0.7303,6.82,3,-1.718545
audio05.TextGrid,38,7,never,133.800,134.000,RB,5.8621,5.91,4,2.103379
audio05.TextGrid,38,8,poor,134.000,134.370,JJ,2.3732,5.09,3,-2.565850
audio05.TextGrid,38,9,and,134.370,134.490,CC,3.3790,7.41,3,1.779416
audio05.TextGrid,38,10,he,134.490,134.760,PRP,1.7600,6.69,2,-0.875970
audio05.TextGrid,38,11,the,134.760,134.880,DT,3.8300,7.73,2,2.691032
audio05.TextGrid,38,12,father,134.880,135.240,NN,3.2225,5.26,4,-1.471847
audio05.TextGrid,38,13,was,135.240,135.410,VBD,1.3317,6.82,3,-1.117145
audio05.TextGrid,38,14,playing,135.410,135.710,VBG,8.2677,5.37,5,3.731689
audio05.TextGrid,38,15,in,135.710,135.780,IN,2.1486,7.27,2,0.347496
audio05.TextGrid,38,16,the,135.780,135.840,DT,0.6234,7.73,2,-0.515568
audio05.TextGrid,38,17,big,135.840,136.090,JJ,6.5332,5.67,3,2.429017
audio05.TextGrid,38,18,leagues,136.090,136.370,NNS,2.4950,3.9,4,-4.156965
audio05.TextGrid,38,19,when,136.370,136.490,WRB,2.8826,6.37,3,-0.213986
audio05.TextGrid,38,20,he,136.490,136.600,PRP,0.7498,6.69,2,-1.886170
audio05.TextGrid,38,21,was,136.600,136.740,VBD,1.3711,6.82,3,-1.077745
audio05.TextGrid,38,22,my,136.740,137.000,PRP$,7.6110,6.57,2,4.802299
audio05.TextGrid,38,23,age,137.000,137.320,NN,0.2384,5.32,2,-4.369582
audio05.TextGrid,39,1,when,138.800,138.920,WRB,4.7324,6.37,3,1.635814
audio05.TextGrid,39,2,i,138.920,139.090,NN,1.3598,7.09,1,-0.700400
audio05.TextGrid,39,3,was,139.090,139.310,VBD,0.6144,6.82,3,-1.834445
audio05.TextGrid,39,4,your,139.310,139.600,PRP$,5.3719,6.53,3,2.505622
audio05.TextGrid,39,5,age,139.600,139.800,NN,0.0150,5.32,2,-4.592982
audio05.TextGrid,39,6,i,139.800,139.960,NN,2.3747,7.09,1,0.314500
audio05.TextGrid,39,7,was,139.960,140.220,VBD,1.9535,6.82,3,-0.495345
audio05.TextGrid,39,8,before,140.220,140.690,IN,8.4170,5.93,5,4.687067
audio05.TextGrid,39,9,the,140.690,140.770,DT,2.0788,7.73,2,0.939832
audio05.TextGrid,39,10,mast,140.770,141.140,NN,9.2668,3.52,4,2.067854
audio05.TextGrid,39,11,on,141.140,141.280,IN,5.6212,6.91,2,3.301903
audio05.TextGrid,39,12,a,141.280,141.350,DT,2.4817,7.36,1,0.810145
audio05.TextGrid,39,13,square,141.350,141.890,NN,9.2766,4.84,5,3.977694
audio05.TextGrid,39,14,rigged,141.890,142.230,VBN,9.0924,3.63,4,2.051790
audio05.TextGrid,39,15,ship,142.230,142.570,NN,4.1666,4.93,3,-1.002758
audio05.TextGrid,39,16,that,142.570,142.740,WDT,3.8257,7.01,3,1.650346
audio05.TextGrid,39,17,ran,142.740,143.010,VBD,3.3977,4.87,3,-1.858023
audio05.TextGrid,39,18,to,143.010,143.180,TO,3.8179,7.43,2,2.247104
audio05.TextGrid,39,19,africa,143.180,143.710,VB,7.5566,4.92,6,2.372848
audio05.TextGrid,39,20,and,143.840,143.990,CC,1.8254,7.41,3,0.225816
audio05.TextGrid,39,21,i,143.990,144.170,VB,2.5391,7.09,1,0.478900
audio05.TextGrid,39,22,have,144.170,144.300,VBP,4.6804,6.71,3,2.073219
audio05.TextGrid,39,23,seen,144.300,144.570,VBN,2.3817,5.52,3,-1.938397
audio05.TextGrid,39,24,lions,144.570,145.100,NNS,9.6736,4.18,5,3.424674
audio05.TextGrid,39,25,on,145.100,145.260,IN,3.2972,6.91,2,0.977903
audio05.TextGrid,39,26,the,145.260,145.330,DT,0.9056,7.73,2,-0.233368
audio05.TextGrid,39,27,beaches,145.330,145.850,NNS,5.6266,3.96,5,-0.939000
audio05.TextGrid,39,28,in,145.850,145.920,IN,3.7307,7.27,2,1.929596
audio05.TextGrid,39,29,the,145.920,146.050,DT,1.2390,7.73,2,0.100032
audio05.TextGrid,39,30,evening,146.050,146.580,NN,6.2872,4.86,5,1.017083
audio05.TextGrid,40,1,i,148.130,148.250,NN,1.8705,7.09,1,-0.189700
audio05.TextGrid,40,2,know,148.250,148.500,VBP,2.9388,6.1,2,-0.546431
audio05.TextGrid,40,3,you,148.700,148.790,PRP,2.9857,6.98,2,0.767163
audio05.TextGrid,40,4,told,148.790,149.150,VBD,4.6714,5.54,4,0.380092
audio05.TextGrid,40,5,me,149.150,149.350,PRP,0.2076,6.48,2,-2.730649
audio05.TextGrid,41,1,should,151.210,151.350,MD,8.8015,5.99,3,5.157933
audio05.TextGrid,41,2,we,151.350,151.500,PRP,1.4042,6.54,2,-1.447684
audio05.TextGrid,41,3,talk,151.500,151.790,VB,4.9133,5.42,3,0.449261
audio05.TextGrid,41,4,about,151.790,152.070,IN,0.5682,6.4,4,-2.485203
audio05.TextGrid,41,5,africa,152.070,152.620,NN,7.9829,4.92,6,2.799148
audio05.TextGrid,41,6,or,152.620,152.840,CC,2.7581,6.54,2,-0.093784
audio05.TextGrid,41,7,about,152.840,153.070,IN,1.6551,6.4,4,-1.398303
audio05.TextGrid,41,8,baseball,153.070,153.740,NN,4.4631,4.54,6,-1.267633
audio05.TextGrid,42,1,baseball,154.930,155.520,NN,7.9366,4.54,6,2.205867
audio05.TextGrid,42,2,i,155.520,155.570,NN,5.8603,7.09,1,3.800100
audio05.TextGrid,42,3,think,155.570,155.970,VBP,2.3870,6.08,4,-1.127019
audio05.TextGrid,42,4,the,156.120,156.200,DT,0.1670,7.73,2,-0.971968
audio05.TextGrid,42,5,boy,156.200,156.410,NN,0.6008,5.17,2,-4.223096
audio05.TextGrid,42,6,said,156.410,156.800,VBD,0.4261,6.01,3,-3.188679
audio05.TextGrid,42,7,tell,157.210,157.370,IN,6.9554,5.53,3,2.649697
audio05.TextGrid,42,8,me,157.370,157.500,PRP,0.1990,6.48,2,-2.739249
audio05.TextGrid,42,9,about,157.500,157.700,IN,0.4631,6.4,4,-2.590303
audio05.TextGrid,42,10,the,157.700,157.820,DT,1.4613,7.73,2,0.322332
audio05.TextGrid,42,11,great,157.820,158.220,JJ,4.1862,5.88,4,0.384296
audio05.TextGrid,42,12,john,158.220,158.840,NN,5.7659,5.38,3,1.244284
audio05.TextGrid,42,13,j,158.840,158.980,NN,5.9447,5.0,2,0.876102
audio05.TextGrid,42,14,mcgraw,158.980,159.610,NN,5.8734,3.37,5,-1.541460
audio05.TextGrid,43,1,he,160.530,160.660,PRP,4.0672,6.69,2,1.431230
audio05.TextGrid,43,2,said,160.660,160.930,VBD,2.6732,6.01,3,-0.941579
audio05.TextGrid,43,3,jota,160.930,161.330,NN,21.2000,2.16,4,12.043436
audio05.TextGrid,43,4,for,161.330,161.520,IN,5.7876,7.01,3,3.612246
audio05.TextGrid,43,5,j,161.520,161.950,NN,4.2866,5.0,2,-0.781998
audio05.TextGrid,44,1,he,163.850,164.040,PRP,2.6936,6.69,2,0.057630
audio05.TextGrid,44,2,used,164.040,164.250,VBD,4.7520,5.8,4,0.834942
audio05.TextGrid,44,3,to,164.250,164.320,TO,0.0297,7.43,2,-1.541096
audio05.TextGrid,44,4,come,164.320,164.500,VB,3.2274,5.78,3,-0.718447
audio05.TextGrid,44,5,to,164.500,164.600,TO,1.0832,7.43,2,-0.487596
audio05.TextGrid,44,6,the,164.600,164.730,DT,0.8045,7.73,2,-0.334468
audio05.TextGrid,44,7,terrace,164.730,165.080,NN,0.3700,3.88,5,-6.310754
audio05.TextGrid,44,8,sometimes,165.080,165.600,RB,4.8792,5.28,7,0.213641
audio05.TextGrid,44,9,too,165.600,165.820,RB,6.0315,5.95,2,2.330356
audio05.TextGrid,44,10,in,165.820,165.920,IN,6.2369,7.27,2,4.435796
audio05.TextGrid,44,11,the,165.920,166.040,DT,0.9155,7.73,2,-0.223468
audio05.TextGrid,44,12,older,166.040,166.310,JJR,9.6089,4.92,4,4.425148
audio05.TextGrid,44,13,days,166.310,166.720,NNS,0.7893,5.61,3,-3.401249
audio05.TextGrid,44,14,but,167.020,167.180,CC,2.9816,6.63,3,0.259265
audio05.TextGrid,44,15,he,167.180,167.290,PRP,1.2962,6.69,2,-1.339770
audio05.TextGrid,44,16,was,167.290,167.500,VBD,1.7902,6.82,3,-0.658645
audio05.TextGrid,44,17,rough,167.500,167.880,JJ,8.9237,4.49,3,3.120996
audio05.TextGrid,44,18,and,167.880,167.990,CC,1.7063,7.41,2,0.106716
audio05.TextGrid,44,19,harsh,167.990,168.270,JJ,7.5824,4.14,4,1.275897
audio05.TextGrid,44,20,spoken,168.270,168.800,NN,6.1614,4.45,6,0.301119
audio05.TextGrid,44,21,and,168.800,168.910,CC,0.8903,7.41,2,-0.709284
audio05.TextGrid,44,22,difficult,168.910,169.500,JJ,7.0964,5.07,8,2.128562
audio05.TextGrid,44,23,when,169.500,169.610,WRB,5.5629,6.37,3,2.466314
audio05.TextGrid,44,24,he,169.610,169.720,PRP,0.5459,6.69,2,-2.090070
audio05.TextGrid,44,25,was,169.720,169.870,VBD,1.1800,6.82,3,-1.268845
audio05.TextGrid,44,26,drinking,169.870,170.410,VBG,9.3806,4.71,7,3.894569
audio05.TextGrid,45,1,his,170.960,171.130,PRP$,4.0670,6.51,3,1.171934
audio05.TextGrid,45,2,mind,171.130,171.420,NN,6.4674,5.41,4,1.988966
audio05.TextGrid,45,3,was,171.420,171.590,VBD,0.4284,6.82,3,-2.020445
audio05.TextGrid,45,4,on,171.590,171.770,IN,4.9254,6.91,2,2.606103
audio05.TextGrid,45,5,horses,171.770,172.230,NNS,7.7814,4.45,6,1.921119
audio05.TextGrid,45,6,as,172.230,172.350,RB,5.4649,6.77,2,2.944084
audio05.TextGrid,45,7,well,172.350,172.560,RB,1.6615,6.03,3,-1.924490
audio05.TextGrid,45,8,as,172.560,172.680,IN,1.2512,6.77,2,-1.269616
audio05.TextGrid,45,9,baseball,172.680,173.240,NN,3.5510,4.54,6,-2.179733
audio05.TextGrid,46,1,at,173.830,173.980,IN,4.9445,6.7,2,2.322924
audio05.TextGrid,46,2,least,173.980,174.270,JJS,3.2085,5.44,4,-1.226751
audio05.TextGrid,46,3,he,174.270,174.380,PRP,1.2405,6.69,2,-1.395470
audio05.TextGrid,46,4,carried,174.380,174.820,VBD,7.0968,4.77,5,1.697134
audio05.TextGrid,46,5,lists,174.820,175.150,NNS,12.5627,4.38,5,6.601659
audio05.TextGrid,46,6,of,175.150,175.280,IN,0.8489,7.4,2,-0.765078
audio05.TextGrid,46,7,horses,175.280,175.710,NNS,5.1554,4.45,6,-0.704881
audio05.TextGrid,46,8,at,175.710,175.830,IN,4.6210,6.7,2,1.999424
audio05.TextGrid,46,9,all,175.830,175.990,DT,2.3533,6.52,2,-0.527372
audio05.TextGrid,46,10,times,175.990,176.410,NNS,0.2988,5.56,4,-3.963720
audio05.TextGrid,46,11,in,176.410,176.490,IN,3.9757,7.27,2,2.174596
audio05.TextGrid,46,12,his,176.490,176.630,PRP$,0.5351,6.51,3,-2.359966
audio05.TextGrid,46,13,pocket,176.630,177.060,NN,2.2354,4.48,5,-3.581699
audio05.TextGrid,46,14,and,177.450,177.580,CC,2.2055,7.41,2,0.605916
audio05.TextGrid,46,15,frequently,177.580,178.120,RB,8.4628,4.56,10,2.760855
audio05.TextGrid,46,16,spoke,178.120,178.460,VBD,5.6673,4.61,4,0.037327
audio05.TextGrid,46,17,the,178.460,178.550,DT,3.9806,7.73,2,2.841632
audio05.TextGrid,46,18,names,178.550,178.840,NNS,2.5270,4.91,4,-2.671146
audio05.TextGrid,46,19,of,178.840,178.960,IN,0.0787,7.4,2,-1.535278
audio05.TextGrid,46,20,horses,178.960,179.330,NNS,3.4852,4.45,6,-2.375081
audio05.TextGrid,46,21,on,179.330,179.450,IN,3.5110,6.91,2,1.191703
audio05.TextGrid,46,22,the,179.450,179.550,DT,0.9604,7.73,2,-0.178568
audio05.TextGrid,46,23,telephone,179.550,180.200,NN,6.9047,4.41,7,0.986842
audio06.TextGrid,1,1,he,0.890,1.000,PRP,2.6147,6.69,2,-0.021270
audio06.TextGrid,1,2,was,1.000,1.160,VBD,1.3671,6.82,3,-1.081745
audio06.TextGrid,1,3,a,1.160,1.220,DT,1.3613,7.36,1,-0.310255
audio06.TextGrid,1,4,great,1.220,1.540,JJ,2.0700,5.88,4,-1.731904
audio06.TextGrid,1,5,manager,1.540,2.010,NN,5.7895,4.97,6,0.677719
audio06.TextGrid,1,6,the,2.160,2.230,DT,0.2317,7.73,2,-0.907268
audio06.TextGrid,1,7,boy,2.230,2.450,NN,0.3352,5.17,2,-4.488696
audio06.TextGrid,1,8,said,2.450,2.800,VBD,0.1826,6.01,3,-3.432179
audio06.TextGrid,2,1,my,3.440,3.570,PRP$,5.2244,6.57,2,2.415699
audio06.TextGrid,2,2,father,3.570,3.910,NN,1.0961,5.26,4,-3.598247
audio06.TextGrid,2,3,thinks,3.910,4.170,VBZ,7.9569,4.78,5,2.571629
audio06.TextGrid,2,4,he,4.170,4.250,PRP,0.9353,6.69,2,-1.700670
audio06.TextGrid,2,5,was,4.250,4.460,VBD,0.8857,6.82,3,-1.563145
audio06.TextGrid,2,6,the,4.480,4.570,DT,2.6447,7.73,2,1.505732
audio06.TextGrid,2,7,greatest,4.570,5.150,JJS,1.9125,4.79,7,-3.458377
audio06.TextGrid,3,1,because,6.250,6.600,IN,6.7090,6.03,5,3.123010
audio06.TextGrid,3,2,he,6.600,6.710,PRP,1.1122,6.69,2,-1.523770
audio06.TextGrid,3,3,came,6.710,6.960,VBD,4.9326,5.5,3,0.583715
audio06.TextGrid,3,4,here,6.960,7.190,RB,2.6705,5.97,3,-1.001856
audio06.TextGrid,3,5,the,7.190,7.290,DT,5.1506,7.73,2,4.011632
audio06.TextGrid,3,6,most,7.290,7.550,RBS,3.6870,6.0,3,0.057827
audio06.TextGrid,3,7,times,7.550,8.110,NNS,5.5952,5.56,4,1.332680
audio06.TextGrid,3,8,the,8.410,8.520,DT,0.1277,7.73,2,-1.011268
audio06.TextGrid,3,9,old,8.520,8.720,JJ,0.3850,5.75,3,-3.604029
audio06.TextGrid,3,10,man,8.720,8.960,NN,0.0036,5.82,3,-3.884670
audio06.TextGrid,3,11,said,8.960,9.320,VBD,0.1016,6.01,3,-3.513179
audio06.TextGrid,4,1,if,9.850,9.970,IN,4.2999,6.47,2,1.347257
audio06.TextGrid,4,2,durocher,9.970,10.500,NN,16.4844,1.86,7,6.896008
audio06.TextGrid,4,3,had,10.500,10.630,VBD,1.7045,6.33,3,-1.449663
audio06.TextGrid,4,4,continued,10.630,11.100,VBN,7.4600,4.96,9,2.333825
audio06.TextGrid,4,5,to,11.100,11.170,TO,1.1440,7.43,2,-0.426796
audio06.TextGrid,4,6,come,11.170,11.420,VB,2.2362,5.78,3,-1.709647
audio06.TextGrid,4,7,here,11.420,11.650,RB,2.1818,5.97,3,-1.490556
audio06.TextGrid,4,8,each,11.650,11.890,DT,7.7041,5.69,2,3.628705
audio06.TextGrid,4,9,year,11.890,12.060,NN,1.4399,5.96,3,-2.246850
audio06.TextGrid,4,10,your,12.060,12.240,PRP$,8.4727,6.53,3,5.606422
audio06.TextGrid,4,11,father,12.240,12.520,NN,0.5609,5.26,4,-4.133447
audio06.TextGrid,4,12,would,12.520,12.710,MD,0.3655,6.27,3,-2.875028
audio06.TextGrid,4,13,think,12.710,12.950,VB,5.7521,6.08,4,2.238081
audio06.TextGrid,4,14,him,12.950,13.120,PRP,4.2968,6.11,3,0.825964
audio06.TextGrid,4,15,the,13.120,13.210,DT,2.9019,7.73,2,1.762932
audio06.TextGrid,4,16,greatest,13.210,13.650,JJS,0.5774,4.79,7,-4.793477
audio06.TextGrid,4,17,manager,13.650,14.160,NN,1.5273,4.97,6,-3.584481
audio06.TextGrid,5,1,who,15.780,15.960,WP,5.4601,6.34,2,2.320331
audio06.TextGrid,5,2,is,15.960,16.080,VBZ,2.0711,7.07,2,-0.017889
audio06.TextGrid,5,3,the,16.080,16.160,DT,1.7676,7.73,2,0.628632
audio06.TextGrid,5,4,greatest,16.160,16.580,JJS,0.5304,4.79,7,-4.840477
audio06.TextGrid,5,5,manager,16.580,17.050,NN,0.3363,4.97,6,-4.775481
audio06.TextGrid,5,6,really,17.050,17.410,RB,5.4127,5.97,4,1.740344
audio06.TextGrid,5,7,luque,17.780,18.020,VBZ,20.4141,1.8,3,10.739343
audio06.TextGrid,5,8,or,18.020,18.270,CC,2.6202,6.54,1,-0.231684
audio06.TextGrid,5,9,mike,18.270,18.450,VB,7.6695,4.8,3,2.313017
audio06.TextGrid,5,10,gonzalez,18.450,19.120,NN,7.0814,3.48,8,-0.175123
audio06.TextGrid,6,1,i,20.070,20.140,NN,1.4761,7.09,1,-0.584100
audio06.TextGrid,6,2,think,20.140,20.370,VBP,2.0378,6.08,4,-1.476219
audio06.TextGrid,6,3,they,20.370,20.520,PRP,3.3503,6.5,2,0.440839
audio06.TextGrid,6,4,are,20.520,20.700,VBP,1.2902,6.74,2,-1.273799
audio06.TextGrid,6,5,equal,20.700,21.160,JJ,6.0042,4.65,5,0.431804
audio06.TextGrid,7,1,and,22.330,22.430,CC,3.7753,7.41,2,2.175716
audio06.TextGrid,7,2,the,22.430,22.510,DT,3.1881,7.73,2,2.049132
audio06.TextGrid,7,3,best,22.510,22.810,JJS,2.1853,5.84,4,-1.674181
audio06.TextGrid,7,4,fisherman,22.810,23.230,NN,12.2435,3.49,7,5.001371
audio06.TextGrid,7,5,is,23.230,23.370,VBZ,2.6186,7.07,2,0.529611
audio06.TextGrid,7,6,you,23.370,23.670,PRP,4.6198,6.98,2,2.401263
audio06.TextGrid,8,1,no,24.420,25.030,DT,3.7685,6.35,2,0.643126
audio06.TextGrid,8,2,i,25.170,25.350,NN,1.4110,7.09,1,-0.649200
audio06.TextGrid,8,3,know,25.350,25.580,VBP,3.5581,6.1,2,0.072869
audio06.TextGrid,8,4,others,25.580,25.880,NNS,7.8274,5.42,4,3.363361
audio06.TextGrid,8,5,better,25.880,26.270,RBR,3.1420,5.76,4,-0.832635
audio06.TextGrid,9,1,que,27.150,27.340,NN,10.9723,3.84,3,4.233969
audio06.TextGrid,9,2,va,27.340,27.770,VBZ,10.4447,4.26,2,4.310928
audio06.TextGrid,9,3,the,27.880,27.960,DT,0.3217,7.73,2,-0.817268
audio06.TextGrid,9,4,boy,27.960,28.200,NN,0.7888,5.17,2,-4.035096
audio06.TextGrid,9,5,said,28.200,28.540,VBD,0.1569,6.01,3,-3.457879
audio06.TextGrid,9,6,there,28.800,28.940,EX,4.3224,6.31,3,1.139449
audio06.TextGrid,9,7,are,28.940,29.080,VBP,1.2839,6.74,2,-1.280099
audio06.TextGrid,9,8,many,29.080,29.330,JJ,2.3759,5.91,4,-1.382821
audio06.TextGrid,9,9,good,29.330,29.560,JJ,2.9633,6.12,3,-0.493142
audio06.TextGrid,9,10,fishermen,29.560,30.020,NNS,1.1510,3.65,7,-5.860821
audio06.TextGrid,9,11,and,30.020,30.150,CC,3.4099,7.41,2,1.810316
audio06.TextGrid,9,12,some,30.150,30.340,DT,3.1281,6.2,3,-0.213188
audio06.TextGrid,9,13,great,30.340,30.670,JJ,2.8411,5.88,4,-0.960804
audio06.TextGrid,9,14,ones,30.670,31.020,NNS,2.0173,5.07,4,-2.950538
audio06.TextGrid,9,15,but,31.330,31.500,CC,2.2005,6.63,3,-0.521835
audio06.TextGrid,9,16,there,31.500,31.640,EX,2.8748,6.31,3,-0.308151
audio06.TextGrid,9,17,is,31.640,31.760,VBZ,1.3336,7.07,2,-0.755389
audio06.TextGrid,9,18,only,31.760,32.100,RB,2.2178,6.12,4,-1.238642
audio06.TextGrid,9,19,you,32.100,32.390,PRP,5.1018,6.98,2,2.883263
audio06.TextGrid,10,1,thank,33.610,33.920,NN,6.5932,5.48,4,2.215526
audio06.TextGrid,10,2,you,33.920,34.120,PRP,0.1348,6.98,2,-2.083737
audio06.TextGrid,10,3,you,34.280,34.380,PRP,2.4367,6.98,2,0.218163
audio06.TextGrid,10,4,make,34.380,34.580,VBP,5.8890,6.08,3,2.374981
audio06.TextGrid,10,5,me,34.580,34.770,PRP,1.2571,6.48,2,-1.681149
audio06.TextGrid,10,6,happy,34.770,35.230,JJ,2.3219,5.35,4,-2.242899
audio06.TextGrid,11,1,i,36.040,36.140,NNS,1.2331,7.09,1,-0.827100
audio06.TextGrid,11,2,hope,36.140,36.410,VBP,3.3467,5.44,3,-1.088551
audio06.TextGrid,11,3,no,36.410,36.580,DT,5.6533,6.35,2,2.527926
audio06.TextGrid,11,4,fish,36.580,36.860,NN,6.4941,4.9,3,1.281560
audio06.TextGrid,11,5,will,36.860,36.970,MD,2.0860,6.45,3,-0.895432
audio06.TextGrid,11,6,come,36.970,37.190,VB,1.8144,5.78,3,-2.131447
audio06.TextGrid,11,7,along,37.190,37.510,RB,4.4235,5.38,4,-0.098116
audio06.TextGrid,11,8,so,37.510,37.730,RB,5.6933,6.52,2,2.812628
audio06.TextGrid,11,9,great,37.730,37.960,JJ,6.9908,5.88,4,3.188896
audio06.TextGrid,11,10,that,37.960,38.120,IN,1.5879,7.01,3,-0.587454
audio06.TextGrid,11,11,he,38.120,38.200,PRP,4.9061,6.69,2,2.270130
audio06.TextGrid,11,12,will,38.200,38.350,MD,0.8409,6.45,3,-2.140532
audio06.TextGrid,11,13,prove,38.350,38.610,VB,8.7066,4.77,4,3.306934
audio06.TextGrid,11,14,us,38.610,38.820,PRP,5.3971,6.04,2,1.825504
audio06.TextGrid,11,15,wrong,38.820,39.270,JJ,0.4871,5.39,3,-4.020122
audio06.TextGrid,12,1,there,40.830,41.030,EX,4.2444,6.31,3,1.061449
audio06.TextGrid,12,2,is,41.030,41.210,VBZ,0.9497,7.07,2,-1.139289
audio06.TextGrid,12,3,no,41.210,41.370,DT,1.5061,6.35,2,-1.619274
audio06.TextGrid,12,4,such,41.370,41.650,JJ,3.0606,5.84,3,-0.798881
audio06.TextGrid,12,5,fish,41.650,41.910,NN,0.9007,4.9,3,-4.311840
audio06.TextGrid,12,6,if,41.910,42.020,IN,6.5508,6.47,2,3.598157
audio06.TextGrid,12,7,you,42.020,42.200,PRP,1.3648,6.98,2,-0.853737
audio06.TextGrid,12,8,are,42.200,42.230,VBP,2.7861,6.74,1,0.222101
audio06.TextGrid,12,9,still,42.230,42.500,RB,4.8545,5.92,4,1.110173
audio06.TextGrid,12,10,strong,42.500,42.860,JJ,5.8627,5.22,5,1.110776
audio06.TextGrid,12,11,as,42.860,42.970,IN,4.1853,6.77,2,1.664484
audio06.TextGrid,12,12,you,42.970,43.070,PRP,1.3014,6.98,2,-0.917137
audio06.TextGrid,12,13,say,43.070,43.470,VBP,6.3454,5.89,2,2.557890
audio06.TextGrid,13,1,i,44.620,44.740,NN,1.5307,7.09,1,-0.529500
audio06.TextGrid,13,2,may,44.740,44.880,MD,5.7386,5.98,2,2.080638
audio06.TextGrid,13,3,not,44.880,45.000,RB,2.3845,6.69,3,-0.251470
audio06.TextGrid,13,4,be,45.000,45.230,VB,0.9816,6.79,2,-1.510427
audio06.TextGrid,13,5,as,45.230,45.320,RB,2.9860,6.77,2,0.465184
audio06.TextGrid,13,6,strong,45.320,45.650,JJ,0.1539,5.22,5,-4.598024
audio06.TextGrid,13,7,as,45.650,45.770,IN,0.1393,6.77,2,-2.381516
audio06.TextGrid,13,8,i,45.770,45.900,NN,1.5164,7.09,1,-0.543800
audio06.TextGrid,13,9,think,45.900,46.250,VBP,3.5401,6.08,4,0.026081
audio06.TextGrid,14,1,the,46.740,46.850,DT,0.1179,7.73,2,-1.021068
audio06.TextGrid,14,2,old,46.850,47.060,JJ,0.8656,5.75,3,-3.123429
audio06.TextGrid,14,3,man,47.060,47.280,NN,0.0055,5.82,3,-3.882770
audio06.TextGrid,14,4,said,47.280,47.600,VBD,0.0809,6.01,3,-3.533879
audio06.TextGrid,14,5,but,47.890,48.030,CC,1.5393,6.63,3,-1.183035
audio06.TextGrid,14,6,i,48.030,48.170,VBD,0.9936,7.09,1,-1.066600
audio06.TextGrid,14,7,know,48.170,48.340,VBP,2.4872,6.1,2,-0.998031
audio06.TextGrid,14,8,many,48.340,48.620,JJ,5.1632,5.91,4,1.404479
audio06.TextGrid,14,9,tricks,48.620,49.270,NNS,7.9541,4.15,5,1.661991
audio06.TextGrid,14,10,and,49.470,49.590,CC,2.2103,7.41,2,0.610716
audio06.TextGrid,14,11,i,49.590,49.720,NNS,2.1650,7.09,1,0.104800
audio06.TextGrid,14,12,have,49.720,49.890,VBP,2.3873,6.71,3,-0.219881
audio06.TextGrid,14,13,resolution,49.890,50.510,NN,15.1804,4.59,9,9.521638
audio06.TextGrid,15,1,you,52.370,52.550,PRP,2.4238,6.98,2,0.205263
audio06.TextGrid,15,2,ought,52.550,52.630,MD,6.2870,4.35,2,0.282776
audio06.TextGrid,15,3,to,52.630,52.700,TO,0.1944,7.43,2,-1.376396
audio06.TextGrid,15,4,go,52.700,52.830,VB,3.1275,6.03,2,-0.458490
audio06.TextGrid,15,5,to,52.830,52.900,TO,1.4169,7.43,2,-0.153896
audio06.TextGrid,15,6,bed,52.900,53.140,RB,3.8004,5.07,3,-1.167438
audio06.TextGrid,15,7,now,53.140,53.390,RB,3.0342,6.18,2,-0.335877
audio06.TextGrid,15,8,so,53.390,53.540,RB,5.5308,6.52,2,2.650128
audio06.TextGrid,15,9,that,53.540,53.700,IN,1.4501,7.01,3,-0.725254
audio06.TextGrid,15,10,you,53.700,53.790,PRP,0.7326,6.98,2,-1.485937
audio06.TextGrid,15,11,will,53.790,53.900,MD,2.7510,6.45,3,-0.230432
audio06.TextGrid,15,12,be,53.900,54.050,VB,1.7791,6.79,2,-0.712927
audio06.TextGrid,15,13,fresh,54.050,54.340,JJ,7.2765,4.83,4,1.963200
audio06.TextGrid,15,14,in,54.340,54.410,IN,2.6854,7.27,2,0.884296
audio06.TextGrid,15,15,the,54.410,54.490,DT,1.0666,7.73,2,-0.072368
audio06.TextGrid,15,16,morning,54.490,54.890,NN,1.8944,5.33,6,-2.699188
audio06.TextGrid,16,1,i,55.550,55.640,NN,1.7305,7.09,1,-0.329700
audio06.TextGrid,16,2,will,55.640,55.770,MD,2.3890,6.45,3,-0.592432
audio06.TextGrid,16,3,take,55.770,55.990,VB,3.1319,5.92,3,-0.612427
audio06.TextGrid,16,4,the,55.990,56.070,DT,2.7644,7.73,2,1.625432
audio06.TextGrid,16,5,things,56.070,56.400,NNS,7.8319,5.74,4,3.828477
audio06.TextGrid,16,6,back,56.400,56.600,RB,7.1053,6.04,3,3.533704
audio06.TextGrid,16,7,to,56.600,56.710,TO,0.7838,7.43,2,-0.786996
audio06.TextGrid,16,8,the,56.710,56.800,DT,1.3978,7.73,2,0.258832
audio06.TextGrid,16,9,terrace,56.800,57.330,NN,3.9688,3.88,5,-2.711954
audio06.TextGrid,17,1,good,58.690,58.910,JJ,4.0561,6.12,3,0.599658
audio06.TextGrid,17,2,night,58.910,59.040,NN,1.1991,5.61,3,-2.991449
audio06.TextGrid,17,3,then,59.040,59.370,RB,5.6358,6.07,3,2.107387
audio06.TextGrid,17,4,i,59.400,59.450,VB,1.4350,7.09,1,-0.625200
audio06.TextGrid,17,5,will,59.880,60.030,MD,1.8042,6.45,3,-1.177232
audio06.TextGrid,17,6,wake,60.030,60.400,VB,5.2290,4.76,3,-0.185060
audio06.TextGrid,17,7,you,60.400,60.510,PRP,0.3595,6.98,2,-1.859037
audio06.TextGrid,17,8,in,60.510,60.570,IN,2.6490,7.27,2,0.847896
audio06.TextGrid,17,9,the,60.570,60.650,DT,0.4640,7.73,2,-0.674968
audio06.TextGrid,17,10,morning,60.650,61.110,NN,0.1108,5.33,6,-4.482788
audio06.TextGrid,18,1,you,62.260,62.380,PRP,3.2475,6.98,2,1.028963
audio06.TextGrid,18,2,re,62.380,62.440,VBP,4.7115,5.23,2,-0.026030
audio06.TextGrid,18,3,my,62.440,62.650,PRP$,5.3040,6.57,2,2.495299
audio06.TextGrid,18,4,alarm,62.650,62.970,NN,8.8124,4.28,5,2.707416
audio06.TextGrid,18,5,clock,62.970,63.320,NN,1.2144,4.43,4,-4.674670
audio06.TextGrid,18,6,the,63.440,63.540,DT,0.3162,7.73,2,-0.822768
audio06.TextGrid,18,7,boy,63.540,63.760,NN,0.8428,5.17,2,-3.981096
audio06.TextGrid,18,8,said,63.760,64.130,VBD,0.0576,6.01,3,-3.557179
audio06.TextGrid,19,1,age,64.960,65.410,NN,11.4638,5.32,2,6.855818
audio06.TextGrid,19,2,is,65.410,65.550,VBZ,1.3336,7.07,2,-0.755389
audio06.TextGrid,19,3,my,65.550,65.790,PRP$,3.4984,6.57,2,0.689699
audio06.TextGrid,19,4,alarm,65.790,66.080,NN,2.2770,4.28,5,-3.827984
audio06.TextGrid,19,5,clock,66.080,66.450,NN,0.5758,4.43,4,-5.313270
audio06.TextGrid,19,6,the,66.750,66.870,DT,0.1784,7.73,2,-0.960568
audio06.TextGrid,19,7,old,66.870,67.060,JJ,0.3625,5.75,3,-3.626529
audio06.TextGrid,19,8,man,67.060,67.290,NN,0.0074,5.82,3,-3.880870
audio06.TextGrid,19,9,said,67.290,67.670,VBD,0.0542,6.01,3,-3.560579
audio06.TextGrid,20,1,why,68.300,68.500,WRB,4.8293,5.93,2,1.099367
audio06.TextGrid,20,2,do,68.500,68.690,VBP,1.9087,6.35,2,-1.216674
audio06.TextGrid,20,3,old,68.690,68.920,JJ,7.5114,5.75,3,3.522371
audio06.TextGrid,20,4,men,68.920,69.100,NNS,0.8129,5.51,3,-3.521591
audio06.TextGrid,20,5,wake,69.100,69.390,VBP,2.6755,4.76,3,-2.738560
audio06.TextGrid,20,6,so,69.390,69.680,RB,3.9510,6.52,2,1.070328
audio06.TextGrid,20,7,early,69.680,70.040,JJ,2.3981,5.43,3,-2.051545
audio06.TextGrid,21,1,is,70.620,70.760,VBZ,4.4840,7.07,2,2.395011
audio06.TextGrid,21,2,it,70.760,70.920,PRP,0.5814,6.95,2,-1.680320
audio06.TextGrid,21,3,to,70.920,71.000,TO,3.6797,7.43,2,2.108904
audio06.TextGrid,21,4,have,71.000,71.210,VB,4.9504,6.71,3,2.343219
audio06.TextGrid,21,5,one,71.210,71.510,CD,5.6413,6.47,3,2.688657
audio06.TextGrid,21,6,longer,71.510,71.990,JJR,6.2727,5.16,5,1.434410
audio06.TextGrid,21,7,day,71.990,72.430,NN,1.6218,5.95,2,-2.079344
audio06.TextGrid,22,1,i,73.870,74.000,JJ,1.7288,7.09,1,-0.331400
audio06.TextGrid,22,2,don,74.000,74.170,VBP,1.8255,4.6,3,-3.818868
audio06.TextGrid,22,3,t,74.170,74.200,NN,0.0005,5.43,1,-4.449145
audio06.TextGrid,22,4,know,74.200,74.500,VBP,0.3100,6.1,2,-3.175231
audio06.TextGrid,22,5,the,74.660,74.770,DT,0.1450,7.73,2,-0.993968
audio06.TextGrid,22,6,boy,74.770,74.990,NN,0.5329,5.17,2,-4.290996
audio06.TextGrid,22,7,said,74.990,75.350,VBD,0.0860,6.01,3,-3.528779
audio06.TextGrid,23,1,all,75.910,76.140,DT,5.6166,6.52,2,2.735928
audio06.TextGrid,23,2,i,76.140,76.270,NN,0.7264,7.09,1,-1.333800
audio06.TextGrid,23,3,know,76.270,76.490,VBP,0.1584,6.1,2,-3.326831
audio06.TextGrid,23,4,is,76.490,76.630,VBZ,0.0876,7.07,2,-2.001389
audio06.TextGrid,23,5,that,76.630,76.820,IN,0.5926,7.01,3,-1.582754
audio06.TextGrid,23,6,young,76.820,77.040,JJ,5.2003,5.43,3,0.750655
audio06.TextGrid,23,7,boys,77.040,77.430,NNS,2.7098,5.03,3,-2.315615
audio06.TextGrid,23,8,sleep,77.430,77.770,JJ,3.2074,5.05,4,-1.789227
audio06.TextGrid,23,9,late,77.770,78.010,JJ,3.3630,5.34,3,-1.216193
audio06.TextGrid,23,10,and,78.010,78.150,CC,1.3592,7.41,3,-0.240384
audio06.TextGrid,23,11,hard,78.150,78.630,JJ,7.3252,5.53,4,3.019497
audio06.TextGrid,24,1,i,79.990,80.110,NN,2.0748,7.09,1,0.014600
audio06.TextGrid,24,2,can,80.110,80.340,MD,3.8726,6.46,3,0.905562
audio06.TextGrid,24,3,remember,80.340,80.890,VB,4.5976,5.38,7,0.075984
audio06.TextGrid,24,4,it,80.890,81.090,PRP,3.9594,6.95,2,1.697680
audio06.TextGrid,24,5,the,81.470,81.570,DT,0.1061,7.73,2,-1.032868
audio06.TextGrid,24,6,old,81.570,81.780,JJ,0.2783,5.75,3,-3.710729
audio06.TextGrid,24,7,man,81.780,82.050,NN,0.0085,5.82,3,-3.879770
audio06.TextGrid,24,8,said,82.050,82.460,VBD,0.0270,6.01,3,-3.587779
audio06.TextGrid,25,1,i,83.390,83.490,NN,1.6745,7.09,1,-0.385700
audio06.TextGrid,25,2,ll,83.490,83.570,VBP,4.1909,4.66,1,-1.367102
audio06.TextGrid,25,3,waken,83.570,83.860,VBN,9.8053,2.29,5,0.835861
audio06.TextGrid,25,4,you,83.860,84.020,PRP,0.2686,6.98,2,-1.949937
audio06.TextGrid,25,5,in,84.020,84.130,IN,1.2905,7.27,2,-0.510604
audio06.TextGrid,25,6,time,84.130,84.570,NN,5.1955,6.29,3,1.983760
audio06.TextGrid,26,1,i,85.970,86.040,NNS,1.8964,7.09,1,-0.163800
audio06.TextGrid,26,2,do,86.040,86.130,VBP,4.4536,6.35,2,1.328226
audio06.TextGrid,26,3,not,86.130,86.350,RB,1.1683,6.69,3,-1.467670
audio06.TextGrid,26,4,like,86.350,86.520,VB,3.6889,6.41,3,0.649891
audio06.TextGrid,26,5,for,86.520,86.670,IN,7.8099,7.01,2,5.634546
audio06.TextGrid,26,6,him,86.670,86.800,PRP,4.8012,6.11,3,1.330364
audio06.TextGrid,26,7,to,86.800,86.900,TO,0.1501,7.43,2,-1.420696
audio06.TextGrid,26,8,waken,86.900,87.230,VB,4.6593,2.29,5,-4.310139
audio06.TextGrid,26,9,me,87.230,87.440,PRP,1.4688,6.48,2,-1.469449
audio06.TextGrid,26,10,it,87.730,87.860,PRP,3.0528,6.95,2,0.791080
audio06.TextGrid,26,11,is,87.860,87.990,VBZ,1.2457,7.07,2,-0.843289
audio06.TextGrid,26,12,as,87.990,88.120,IN,4.6665,6.77,2,2.145684
audio06.TextGrid,26,13,though,88.120,88.280,IN,2.5015,5.5,2,-1.847385
audio06.TextGrid,26,14,i,88.280,88.370,NN,1.8427,7.09,1,-0.217500
audio06.TextGrid,26,15,were,88.370,88.570,VBD,2.8657,6.34,2,-0.274069
audio06.TextGrid,26,16,inferior,88.570,89.180,JJ,10.8180,3.81,7,4.036487
audio06.TextGrid,27,1,i,90.210,90.340,NN,1.7182,7.09,1,-0.342000
audio06.TextGrid,27,2,know,90.340,90.620,VBP,2.6855,6.1,2,-0.799731
audio06.TextGrid,27,3,sleep,92.040,92.340,RB,7.1994,5.05,4,2.202773
audio06.TextGrid,27,4,well,92.340,92.530,RB,0.6802,6.03,3,-2.905790
audio06.TextGrid,27,5,old,92.530,92.740,JJ,6.3459,5.75,3,2.356871
audio06.TextGrid,27,6,man,92.740,93.030,NN,0.4997,5.82,3,-3.388570
audio06.TextGrid,28,1,the,95.230,95.320,DT,2.7449,7.73,2,1.605932
audio06.TextGrid,28,2,boy,95.320,95.570,NN,1.3614,5.17,2,-3.462496
audio06.TextGrid,28,3,went,95.570,95.780,VBD,2.7099,5.5,4,-1.638985
audio06.TextGrid,28,4,out,95.780,96.110,IN,2.3849,6.38,2,-0.697292
audio06.TextGrid,28,5,they,96.580,96.730,PRP,4.5329,6.5,2,1.623439
audio06.TextGrid,28,6,had,96.730,96.840,VBD,2.4339,6.33,3,-0.720263
audio06.TextGrid,28,7,eaten,96.840,97.220,VBN,5.7640,4.13,4,-0.556897
audio06.TextGrid,28,8,with,97.220,97.390,IN,5.4365,6.85,3,3.030838
audio06.TextGrid,28,9,no,97.390,97.570,DT,5.6804,6.35,2,2.555026
audio06.TextGrid,28,10,light,97.570,97.810,NN,5.6198,5.33,3,1.026212
audio06.TextGrid,28,11,on,97.810,97.920,IN,3.6431,6.91,2,1.323803
audio06.TextGrid,28,12,the,97.920,98.010,DT,1.5209,7.73,2,0.381932
audio06.TextGrid,28,13,table,98.010,98.430,NN,3.0587,5.05,5,-1.937927
audio06.TextGrid,28,14,and,98.660,98.760,CC,1.6072,7.41,2,0.007616
audio06.TextGrid,28,15,the,98.760,98.850,DT,1.9943,7.73,2,0.855332
audio06.TextGrid,28,16,old,98.850,99.070,JJ,1.4100,5.75,3,-2.579029
audio06.TextGrid,28,17,man,99.070,99.290,NN,0.1119,5.82,3,-3.776370
audio06.TextGrid,28,18,took,99.290,99.500,VBD,3.3817,5.51,3,-0.952791
audio06.TextGrid,28,19,off,99.500,99.670,RP,2.5693,5.93,2,-1.160633
audio06.TextGrid,28,20,his,99.670,99.850,PRP$,0.2554,6.51,3,-2.639666
audio06.TextGrid,28,21,trousers,99.850,100.400,NNS,4.7240,3.7,6,-2.215850
audio06.TextGrid,28,22,and,100.400,100.590,CC,0.8539,7.41,3,-0.745684
audio06.TextGrid,28,23,went,100.590,100.740,VBD,2.8737,5.5,4,-1.475185
audio06.TextGrid,28,24,to,100.740,100.840,TO,1.1003,7.43,2,-0.470496
audio06.TextGrid,28,25,bed,100.840,101.110,NN,1.4433,5.07,3,-3.524538
audio06.TextGrid,28,26,in,101.110,101.190,IN,4.2417,7.27,2,2.440596
audio06.TextGrid,28,27,the,101.190,101.290,DT,0.5395,7.73,2,-0.599468
audio06.TextGrid,28,28,dark,101.290,101.710,NN,3.2573,5.04,4,-1.753721
audio06.TextGrid,29,1,he,102.400,102.470,PRP,2.2156,6.69,2,-0.420370
audio06.TextGrid,29,2,rolled,102.470,102.810,VBD,6.8602,4.21,4,0.654457
audio06.TextGrid,29,3,his,102.810,103.030,PRP$,2.2419,6.51,3,-0.653166
audio06.TextGrid,29,4,trousers,103.030,103.460,NNS,5.2010,3.7,6,-1.738850
audio06.TextGrid,29,5,up,103.460,103.640,VBP,2.4257,6.39,2,-0.642097
audio06.TextGrid,29,6,to,103.640,103.710,TO,2.4843,7.43,2,0.913504
audio06.TextGrid,29,7,make,103.710,103.870,VB,5.5784,6.08,3,2.064381
audio06.TextGrid,29,8,a,103.870,103.920,DT,2.2924,7.36,1,0.620845
audio06.TextGrid,29,9,pillow,103.920,104.370,NN,4.1780,3.96,4,-2.387600
audio06.TextGrid,29,10,putting,104.570,104.900,VBG,6.4717,4.86,5,1.201583
audio06.TextGrid,29,11,the,104.900,105.010,DT,2.6446,7.73,2,1.505632
audio06.TextGrid,29,12,newspaper,105.010,105.460,NN,7.3944,4.6,7,1.750032
audio06.TextGrid,29,13,inside,105.460,105.870,IN,5.8887,5.19,5,1.093593
audio06.TextGrid,29,14,them,105.870,106.100,PRP,4.7571,6.19,3,1.401418
audio06.TextGrid,30,1,he,107.170,107.280,PRP,1.3818,6.69,2,-1.254170
audio06.TextGrid,30,2,rolled,107.280,107.530,VBD,4.9192,4.21,4,-1.286543
audio06.TextGrid,30,3,himself,107.530,107.920,PRP,5.7284,5.25,7,1.019658
audio06.TextGrid,30,4,in,107.920,107.990,IN,3.7219,7.27,2,1.920796
audio06.TextGrid,30,5,the,107.990,108.060,DT,1.2583,7.73,2,0.119332
audio06.TextGrid,30,6,blanket,108.060,108.590,NN,4.3332,4.07,7,-2.074063
audio06.TextGrid,30,7,and,108.590,108.690,CC,0.9144,7.41,2,-0.685184
audio06.TextGrid,30,8,slept,108.690,108.990,NN,3.0610,4.18,5,-3.187926
audio06.TextGrid,30,9,on,108.990,109.100,IN,3.0724,6.91,2,0.753103
audio06.TextGrid,30,10,the,109.100,109.230,DT,0.9738,7.73,2,-0.165168
audio06.TextGrid,30,11,other,109.230,109.450,JJ,4.5044,6.16,3,1.105535
audio06.TextGrid,30,12,old,109.450,109.690,JJ,11.2378,5.75,3,7.248771
audio06.TextGrid,30,13,newspapers,109.690,110.350,NNS,10.6698,4.25,8,4.521634
audio06.TextGrid,30,14,that,110.350,110.520,WDT,4.4057,7.01,3,2.230346
audio06.TextGrid,30,15,covered,110.520,110.820,VBD,5.2697,4.83,5,-0.043600
audio06.TextGrid,30,16,the,110.820,110.930,DT,0.5762,7.73,2,-0.562768
audio06.TextGrid,30,17,springs,110.930,111.390,NNS,10.1134,4.24,6,3.950839
audio06.TextGrid,30,18,of,111.390,111.460,IN,1.8858,7.4,2,0.271822
audio06.TextGrid,30,19,the,111.460,111.550,DT,0.7202,7.73,2,-0.418768
audio06.TextGrid,30,20,bed,111.550,111.960,NN,5.4852,5.07,3,0.517362
audio06.TextGrid,31,1,he,113.760,113.850,PRP,1.5432,6.69,2,-1.092770
audio06.TextGrid,31,2,was,113.850,114.020,VBD,2.4864,6.82,3,0.037555
audio06.TextGrid,31,3,asleep,114.020,114.430,RB,3.6300,4.36,5,-2.359830
audio06.TextGrid,31,4,in,114.430,114.520,IN,2.1335,7.27,2,0.332396
audio06.TextGrid,31,5,a,114.520,114.590,DT,2.4804,7.36,1,0.808845
audio06.TextGrid,31,6,short,114.590,114.900,JJ,5.9815,5.33,4,1.387912
audio06.TextGrid,31,7,time,114.930,115.410,NN,0.3477,6.29,3,-2.864040
audio06.TextGrid,31,8,and,115.690,115.820,CC,1.9619,7.41,3,0.362316
audio06.TextGrid,31,9,he,115.820,115.910,PRP,2.5524,6.69,2,-0.083570
audio06.TextGrid,31,10,dreamed,115.910,116.320,VBD,3.9193,3.75,5,-2.948579
audio06.TextGrid,31,11,of,116.320,116.430,IN,0.8175,7.4,2,-0.796478
audio06.TextGrid,31,12,africa,116.430,116.830,NN,10.7529,4.92,6,5.569148
audio06.TextGrid,31,13,when,116.830,117.170,WRB,4.3148,6.37,4,1.218214
audio06.TextGrid,31,14,he,117.170,117.260,PRP,0.3095,6.69,2,-2.326470
audio06.TextGrid,31,15,was,117.260,117.430,VBD,0.8231,6.82,3,-1.625745
audio06.TextGrid,31,16,a,117.430,117.490,DT,2.0360,7.36,1,0.364445
audio06.TextGrid,31,17,boy,117.490,117.930,NN,1.1795,5.17,2,-3.644396
audio06.TextGrid,31,18,and,118.250,118.370,CC,2.0862,7.41,2,0.486616
audio06.TextGrid,31,19,the,118.370,118.440,DT,2.9671,7.73,2,1.828132
audio06.TextGrid,31,20,long,118.440,118.800,JJ,5.8541,5.81,3,1.951436
audio06.TextGrid,31,21,golden,118.800,119.220,JJ,7.3058,4.67,6,1.762192
audio06.TextGrid,31,22,beaches,119.220,119.860,NNS,6.5636,3.96,5,-0.002000
audio06.TextGrid,31,23,and,119.860,119.960,CC,2.7132,7.41,2,1.113616
audio06.TextGrid,31,24,the,119.960,120.040,DT,0.7328,7.73,2,-0.406168
audio06.TextGrid,31,25,white,120.040,120.340,JJ,4.5987,5.51,3,0.264209
audio06.TextGrid,31,26,beaches,120.380,121.040,NNS,4.2404,3.96,5,-2.325200
audio06.TextGrid,31,27,so,121.350,121.510,RB,5.1589,6.52,2,2.278228
audio06.TextGrid,31,28,white,121.510,121.780,JJ,5.4790,5.51,3,1.144509
audio06.TextGrid,31,29,they,121.780,122.040,PRP,4.2859,6.5,2,1.376439
audio06.TextGrid,31,30,hurt,122.040,122.270,VBP,8.3098,4.94,3,3.154837
audio06.TextGrid,31,31,your,122.270,122.420,PRP$,7.1115,6.53,3,4.245222
audio06.TextGrid,31,32,eyes,122.420,122.910,NNS,1.1634,5.21,2,-3.602919
audio06.TextGrid,31,33,and,123.220,123.340,CC,1.9398,7.41,2,0.340216
audio06.TextGrid,31,34,the,123.340,123.450,DT,2.4527,7.73,2,1.313732
audio06.TextGrid,31,35,high,123.450,123.680,JJ,6.6814,5.75,2,2.692371
audio06.TextGrid,31,36,capes,123.680,124.290,NNS,12.7267,3.0,4,4.779253
audio06.TextGrid,31,37,and,124.290,124.400,CC,1.2506,7.41,2,-0.348984
audio06.TextGrid,31,38,the,124.400,124.490,DT,0.6875,7.73,2,-0.451468
audio06.TextGrid,31,39,great,124.490,124.770,JJ,4.0421,5.88,4,0.240196
audio06.TextGrid,31,40,brown,124.810,125.110,NN,6.9521,5.01,4,1.897896
audio06.TextGrid,31,41,mountains,125.110,125.820,NNS,5.1930,4.5,7,-0.595310
audio06.TextGrid,32,1,he,126.800,126.940,PRP,0.9927,6.69,2,-1.643270
audio06.TextGrid,32,2,lived,126.940,127.130,VBD,6.9063,4.88,4,1.664971
audio06.TextGrid,32,3,along,127.130,127.430,RP,6.1933,5.38,4,1.671684
audio06.TextGrid,32,4,that,127.430,127.620,IN,4.3266,7.01,3,2.151246
audio06.TextGrid,32,5,coast,127.620,128.030,NN,1.9132,4.87,4,-3.342523
audio06.TextGrid,32,6,now,128.030,128.320,RB,5.1457,6.18,2,1.775623
audio06.TextGrid,32,7,every,128.320,128.540,DT,7.5393,5.79,4,3.607848
audio06.TextGrid,32,8,night,128.540,128.910,NN,1.7199,5.61,3,-2.470649
audio06.TextGrid,32,9,and,129.180,129.370,CC,1.2316,7.41,3,-0.367984
audio06.TextGrid,32,10,in,129.370,129.490,IN,4.0189,7.27,2,2.217796
audio06.TextGrid,32,11,his,129.490,129.670,PRP$,2.0687,6.51,3,-0.826366
audio06.TextGrid,32,12,dreams,129.670,130.210,NN,0.6790,4.59,5,-4.979762
audio06.TextGrid,32,13,he,130.210,130.340,PRP,0.6014,6.69,2,-2.034570
audio06.TextGrid,32,14,heard,130.340,130.540,VBD,3.8562,5.27,3,-0.823753
audio06.TextGrid,32,15,the,130.540,130.630,DT,0.9726,7.73,2,-0.166368
audio06.TextGrid,32,16,surf,130.630,131.050,NN,6.2981,3.86,3,-0.411442
audio06.TextGrid,32,17,roar,131.050,131.460,NN,7.4499,3.7,3,0.510050
audio06.TextGrid,32,18,and,131.460,131.620,CC,1.3187,7.41,3,-0.280884
audio06.TextGrid,32,19,saw,131.620,131.820,VBD,2.9101,5.34,2,-1.669093
audio06.TextGrid,32,20,the,131.820,131.920,DT,0.7186,7.73,2,-0.420368
audio06.TextGrid,32,21,native,131.920,132.170,JJ,9.2997,4.69,5,3.784881
audio06.TextGrid,32,22,boats,132.170,132.560,NNS,4.2215,4.25,4,-1.926666
audio06.TextGrid,32,23,come,132.560,132.790,VBP,3.7975,5.78,3,-0.148347
audio06.TextGrid,32,24,riding,132.790,133.180,VBG,8.9360,4.49,5,3.133296
audio06.TextGrid,32,25,through,133.180,133.460,IN,3.4788,5.87,3,-0.337498
audio06.TextGrid,32,26,it,133.460,133.630,PRP,4.6983,6.95,2,2.436580
audio06.TextGrid,33,1,he,134.140,134.260,PRP,0.7714,6.69,2,-1.864570
audio06.TextGrid,33,2,smelled,134.260,134.590,VBD,6.9725,3.5,5,-0.255235
audio06.TextGrid,33,3,the,134.590,134.670,DT,0.5155,7.73,2,-0.623468
audio06.TextGrid,33,4,tar,134.670,135.100,NN,8.5500,3.63,3,1.509390
audio06.TextGrid,33,5,and,135.100,135.310,CC,1.2149,7.41,3,-0.384684
audio06.TextGrid,33,6,oakum,135.310,135.600,NN,20.7992,1.51,4,10.707010
audio06.TextGrid,33,7,of,135.600,135.680,IN,4.0405,7.4,2,2.426522
audio06.TextGrid,33,8,the,135.680,135.790,DT,0.3494,7.73,2,-0.789568
audio06.TextGrid,33,9,deck,135.790,136.190,NN,8.0736,4.41,3,2.155742
audio06.TextGrid,33,10,as,136.190,136.350,IN,4.7897,6.77,2,2.268884
audio06.TextGrid,33,11,he,136.350,136.450,PRP,2.1055,6.69,2,-0.530470
audio06.TextGrid,33,12,slept,136.450,136.900,VBD,2.2816,4.18,5,-3.967326
audio06.TextGrid,34,1,and,137.470,137.560,CC,1.1382,7.41,2,-0.461384
audio06.TextGrid,34,2,he,137.560,137.670,PRP,1.5752,6.69,2,-1.060770
audio06.TextGrid,34,3,smelled,137.670,138.140,VBD,4.0185,3.5,5,-3.209235
audio06.TextGrid,34,4,the,138.140,138.260,DT,0.2382,7.73,2,-0.900768
audio06.TextGrid,34,5,smell,138.260,138.580,NN,3.6046,4.49,4,-2.198104
audio06.TextGrid,34,6,of,138.580,138.680,IN,0.0289,7.4,2,-1.585078
audio06.TextGrid,34,7,africa,138.680,139.050,NN,7.9436,4.92,6,2.759848
audio06.TextGrid,34,8,that,139.050,139.290,IN,4.4867,7.01,3,2.311346
audio06.TextGrid,34,9,the,139.400,139.630,DT,3.4851,7.73,2,2.346132
audio06.TextGrid,34,10,land,139.630,140.060,NN,4.6927,5.22,4,-0.059224
audio06.TextGrid,34,11,breeze,140.060,140.560,NN,8.6487,3.86,4,1.939158
audio06.TextGrid,34,12,brought,140.560,140.850,VBD,2.9183,5.16,4,-1.919990
audio06.TextGrid,34,13,at,140.850,141.000,IN,5.1111,6.7,2,2.489524
audio06.TextGrid,34,14,morning,141.000,141.450,NN,6.2415,5.33,6,1.647912
audio06.TextGrid,35,1,usually,143.490,144.030,RB,9.9274,5.15,6,5.074716
audio06.TextGrid,35,2,when,144.030,144.190,WRB,2.5449,6.37,3,-0.551686
audio06.TextGrid,35,3,he,144.190,144.330,PRP,0.3665,6.69,2,-2.269470
audio06.TextGrid,35,4,smelled,144.330,144.680,VBD,6.6272,3.5,5,-0.600535
audio06.TextGrid,35,5,the,144.680,144.750,DT,0.7628,7.73,2,-0.376168
audio06.TextGrid,35,6,land,144.750,145.060,NN,3.5949,5.22,4,-1.157024
audio06.TextGrid,35,7,breeze,145.060,145.620,NN,0.4152,3.86,4,-6.294342
audio06.TextGrid,35,8,he,145.620,145.710,PRP,0.3992,6.69,2,-2.236770
audio06.TextGrid,35,9,woke,145.710,145.980,VBD,4.4774,4.22,3,-1.713949
audio06.TextGrid,35,10,up,145.980,146.250,RB,0.4616,6.39,2,-2.606197
audio06.TextGrid,35,11,and,146.250,146.370,CC,1.8318,7.41,2,0.232216
audio06.TextGrid,35,12,dressed,146.370,146.710,VBD,7.2352,4.42,5,1.331736
audio06.TextGrid,35,13,to,146.710,146.780,TO,4.3150,7.43,2,2.744204
audio06.TextGrid,35,14,go,146.780,146.970,VB,0.9311,6.03,2,-2.654890
audio06.TextGrid,35,15,and,146.970,147.070,CC,3.8115,7.41,3,2.211916
audio06.TextGrid,35,16,wake,147.070,147.300,VB,5.7564,4.76,3,0.342340
audio06.TextGrid,35,17,the,147.300,147.380,DT,1.5845,7.73,2,0.445532
audio06.TextGrid,35,18,boy,147.380,147.760,NN,2.3171,5.17,2,-2.506796
audio06.TextGrid,36,1,but,147.760,147.920,CC,3.1073,6.63,3,0.384965
audio06.TextGrid,36,2,tonight,148.770,149.280,VBD,7.1611,5.03,5,2.135685
audio06.TextGrid,36,3,the,149.280,149.390,DT,2.3991,7.73,2,1.260132
audio06.TextGrid,36,4,smell,149.390,149.690,NN,7.1028,4.49,4,1.300096
audio06.TextGrid,36,5,of,149.690,149.750,IN,0.7412,7.4,2,-0.872778
audio06.TextGrid,36,6,the,149.750,149.840,DT,1.0559,7.73,2,-0.083068
audio06.TextGrid,36,7,land,149.840,150.110,NN,1.0136,5.22,4,-3.738324
audio06.TextGrid,36,8,breeze,150.110,150.490,NN,0.3474,3.86,4,-6.362142
audio06.TextGrid,36,9,came,150.490,150.740,VBD,2.1142,5.5,3,-2.234685
audio06.TextGrid,36,10,very,150.740,151.060,RB,6.2347,6.0,4,2.605527
audio06.TextGrid,36,11,early,151.060,151.530,RB,2.1723,5.43,3,-2.277345
audio06.TextGrid,36,12,and,151.800,151.900,CC,0.9402,7.41,3,-0.659384
audio06.TextGrid,36,13,he,151.900,152.030,PRP,0.9150,6.69,2,-1.720970
audio06.TextGrid,36,14,knew,152.030,152.240,VBD,4.3483,5.2,3,-0.432413
audio06.TextGrid,36,15,it,152.240,152.370,PRP,1.5216,6.95,2,-0.740120
audio06.TextGrid,36,16,was,152.370,152.540,VBD,0.7937,6.82,3,-1.655145
audio06.TextGrid,36,17,too,152.540,152.830,RB,4.7009,5.95,2,0.999756
audio06.TextGrid,36,18,early,152.830,153.080,JJ,2.5171,5.43,3,-1.932545
audio06.TextGrid,36,19,in,153.080,153.180,IN,4.2612,7.27,2,2.460096
audio06.TextGrid,36,20,his,153.180,153.370,PRP$,3.9139,6.51,3,1.018834
audio06.TextGrid,36,21,dream,153.370,153.840,NN,2.8478,4.91,4,-2.350346
audio06.TextGrid,36,22,and,153.900,154.070,CC,2.4427,7.41,3,0.843116
audio06.TextGrid,36,23,went,154.070,154.290,VBD,4.3481,5.5,4,-0.000785
audio06.TextGrid,36,24,on,154.290,154.530,IN,3.8283,6.91,2,1.509003
audio06.TextGrid,36,25,dreaming,154.530,155.070,VBG,3.2139,3.94,6,-3.380488
audio06.TextGrid,36,26,to,155.070,155.240,TO,4.1169,7.43,2,2.546104
audio06.TextGrid,36,27,see,155.240,155.400,VB,3.9238,6.1,2,0.438569
audio06.TextGrid,36,28,the,155.400,155.490,DT,0.8358,7.73,2,-0.303168
audio06.TextGrid,36,29,white,155.490,155.710,JJ,3.2181,5.51,3,-1.116391
audio06.TextGrid,36,30,peaks,155.710,156.090,NNS,6.3838,3.87,4,-0.311348
audio06.TextGrid,36,31,of,156.090,156.160,IN,1.8606,7.4,2,0.246622
audio06.TextGrid,36,32,the,156.160,156.330,DT,0.5088,7.73,2,-0.630168
audio06.TextGrid,36,33,islands,156.330,156.790,NNS,7.9469,4.5,6,2.158590
audio06.TextGrid,36,34,rising,156.790,157.290,VBG,6.6108,4.52,5,0.851278
audio06.TextGrid,36,35,from,157.290,157.460,IN,3.0610,6.63,3,0.338665
audio06.TextGrid,36,36,the,157.460,157.540,DT,0.1730,7.73,2,-0.965968
audio06.TextGrid,36,37,sea,157.540,157.940,NN,1.6076,5.06,2,-3.374632
audio06.TextGrid,37,1,and,158.600,158.700,CC,1.7182,7.41,2,0.118616
audio06.TextGrid,37,2,then,158.700,158.830,RB,3.5246,6.07,3,-0.003813
audio06.TextGrid,37,3,he,158.830,158.950,PRP,1.7577,6.69,2,-0.878270
audio06.TextGrid,37,4,dreamed,158.950,159.270,VBD,3.3012,3.75,5,-3.566679
audio06.TextGrid,37,5,of,159.270,159.340,IN,0.3665,7.4,2,-1.247478
audio06.TextGrid,37,6,the,159.340,159.450,DT,0.8959,7.73,2,-0.243068
audio06.TextGrid,37,7,different,159.450,159.770,JJ,7.6508,5.59,7,3.431463
audio06.TextGrid,37,8,harbours,159.770,160.250,NNS,8.9022,2.93,9,0.853993
audio06.TextGrid,37,9,and,160.250,160.390,CC,1.2847,7.41,3,-0.314884
audio06.TextGrid,37,10,roadsteads,160.390,161.150,NNS,16.7818,0.0,8,4.516078
audio06.TextGrid,37,11,of,161.150,161.210,IN,2.4047,7.4,2,0.790722
audio06.TextGrid,37,12,the,161.210,161.310,DT,0.4961,7.73,2,-0.642868
audio06.TextGrid,37,13,canary,161.310,161.740,JJ,8.6550,3.44,6,1.340900
audio06.TextGrid,37,14,islands,161.740,162.300,NNS,0.0985,4.5,6,-5.689810
audio06.TextGrid,38,1,he,163.980,164.060,PRP,0.8628,6.69,2,-1.773170
audio06.TextGrid,38,2,no,164.060,164.220,RB,8.1337,6.35,2,5.008326
audio06.TextGrid,38,3,longer,164.220,164.550,RBR,0.1929,5.16,5,-4.645390
audio06.TextGrid,38,4,dreamed,164.550,164.890,VBN,1.3525,3.75,5,-5.515379
audio06.TextGrid,38,5,of,164.890,164.990,IN,0.2603,7.4,2,-1.353678
audio06.TextGrid,38,6,storms,164.990,165.840,NNS,10.0560,3.94,6,3.461612
audio06.TextGrid,38,7,nor,165.880,166.090,CC,3.6920,4.78,3,-1.693271
audio06.TextGrid,38,8,of,166.090,166.220,IN,0.7775,7.4,2,-0.836478
audio06.TextGrid,38,9,women,166.220,166.650,NNS,8.4918,5.57,5,4.243674
audio06.TextGrid,38,10,nor,166.860,167.080,CC,0.6285,4.78,3,-4.756771
audio06.TextGrid,38,11,of,167.080,167.180,IN,0.0979,7.4,2,-1.516078
audio06.TextGrid,38,12,great,167.180,167.470,JJ,5.0409,5.88,4,1.238996
audio06.TextGrid,38,13,occurrences,167.470,168.410,NNS,12.8210,3.26,8,5.247803
audio06.TextGrid,38,14,nor,168.530,168.740,CC,0.9907,4.78,3,-4.394571
audio06.TextGrid,38,15,of,168.740,168.800,IN,0.1147,7.4,2,-1.499278
audio06.TextGrid,38,16,great,168.800,169.130,JJ,2.6615,5.88,4,-1.140404
audio06.TextGrid,38,17,fish,169.130,169.570,JJ,4.9587,4.9,3,-0.253840
audio06.TextGrid,38,18,nor,169.960,170.150,CC,0.4372,4.78,3,-4.948071
audio06.TextGrid,38,19,fights,170.150,170.750,NNS,13.4714,4.19,4,7.236868
audio06.TextGrid,38,20,nor,170.750,170.890,CC,0.1876,4.78,3,-5.197671
audio06.TextGrid,38,21,contests,170.890,171.590,NNS,8.7067,3.7,6,1.766850
audio06.TextGrid,38,22,of,171.590,171.670,IN,3.2159,7.4,2,1.601922
audio06.TextGrid,38,23,strength,171.670,172.100,NN,5.2287,4.8,6,-0.127783
audio06.TextGrid,38,24,nor,172.640,172.850,CC,0.3682,4.78,3,-5.017071
audio06.TextGrid,38,25,of,172.850,172.950,IN,1.3952,7.4,2,-0.218778
audio06.TextGrid,38,26,his,172.950,173.150,PRP$,6.5353,6.51,3,3.640234
audio06.TextGrid,38,27,wife,173.150,173.470,NN,4.8497,5.23,3,0.112170
audio06.TextGrid,39,1,he,174.450,174.580,PRP,0.5717,6.69,2,-2.064270
audio06.TextGrid,39,2,only,174.580,174.800,RB,3.8903,6.12,4,0.433858
audio06.TextGrid,39,3,dreamed,174.800,175.130,VBD,0.5802,3.75,5,-6.287679
audio06.TextGrid,39,4,of,175.130,175.210,IN,0.1400,7.4,2,-1.473978
audio06.TextGrid,39,5,places,175.210,175.810,NNS,6.7535,5.03,6,1.728085
audio06.TextGrid,39,6,now,175.810,176.160,RB,6.1724,6.18,2,2.802323
audio06.TextGrid,39,7,and,176.360,176.490,CC,0.6933,7.41,2,-0.906284
audio06.TextGrid,39,8,of,176.490,176.570,IN,3.1601,7.4,2,1.546122
audio06.TextGrid,39,9,the,176.570,176.660,DT,1.3788,7.73,2,0.239832
audio06.TextGrid,39,10,lions,176.660,177.130,NNS,9.4077,4.18,5,3.158774
audio06.TextGrid,39,11,on,177.130,177.270,IN,3.8839,6.91,2,1.564603
audio06.TextGrid,39,12,the,177.270,177.350,DT,0.1411,7.73,2,-0.997868
audio06.TextGrid,39,13,beach,177.350,177.860,NN,2.0456,4.92,3,-3.138152
audio06.TextGrid,40,1,they,178.350,178.450,PRP,4.7133,6.5,2,1.803839
audio06.TextGrid,40,2,played,178.450,178.890,VBP,6.6308,5.23,4,1.893270
audio06.TextGrid,40,3,like,178.890,179.120,IN,5.8008,6.41,3,2.761791
audio06.TextGrid,40,4,young,179.120,179.390,JJ,5.5820,5.43,3,1.132355
audio06.TextGrid,40,5,cats,179.390,179.820,NNS,6.1933,4.46,4,0.347413
audio06.TextGrid,40,6,in,179.820,179.910,IN,2.3798,7.27,2,0.578696
audio06.TextGrid,40,7,the,179.910,179.990,DT,0.4891,7.73,2,-0.649868
audio06.TextGrid,40,8,dusk,179.990,180.460,NN,5.5877,3.44,4,-1.726400
audio06.TextGrid,41,1,and,180.930,181.040,CC,0.9459,7.41,2,-0.653684
audio06.TextGrid,41,2,he,181.040,181.150,PRP,2.3223,6.69,2,-0.313670
audio06.TextGrid,41,3,loved,181.150,181.400,VBD,5.4273,5.0,4,0.358702
audio06.TextGrid,41,4,them,181.400,181.660,PRP,1.0840,6.19,3,-2.271682
audio06.TextGrid,41,5,as,181.660,181.760,IN,2.8700,6.77,2,0.349184
audio06.TextGrid,41,6,he,181.760,181.850,PRP,1.9156,6.69,2,-0.720370
audio06.TextGrid,41,7,loved,181.850,182.040,VBD,1.2206,5.0,4,-3.847998
audio06.TextGrid,41,8,the,182.040,182.120,DT,1.5794,7.73,2,0.440432
audio06.TextGrid,41,9,boy,182.120,182.510,NN,6.6975,5.17,2,1.873604
audio06.TextGrid,42,1,he,183.390,183.490,PRP,0.9884,6.69,2,-1.647570
audio06.TextGrid,42,2,never,183.490,183.690,RB,2.9350,5.91,4,-0.823721
audio06.TextGrid,42,3,dreamed,183.690,184.020,VBD,1.7002,3.75,5,-5.167679
audio06.TextGrid,42,4,about,184.020,184.240,IN,3.3023,6.4,4,0.248897
audio06.TextGrid,42,5,the,184.240,184.350,DT,1.6300,7.73,2,0.491032
audio06.TextGrid,42,6,boy,184.350,184.720,NN,6.0808,5.17,2,1.256904
audio06.TextGrid,43,1,he,185.820,185.930,PRP,0.6106,6.69,2,-2.025370
audio06.TextGrid,43,2,simply,185.930,186.250,RB,7.4033,5.08,6,2.449856
audio06.TextGrid,43,3,woke,186.250,186.720,VBD,4.9278,4.22,3,-1.263549
audio06.TextGrid,43,4,looked,186.850,187.400,VBD,4.0584,5.11,4,-0.851861
audio06.TextGrid,43,5,out,187.400,187.600,RP,3.1905,6.38,2,0.108308
audio06.TextGrid,43,6,the,187.600,187.730,DT,1.6118,7.73,2,0.472832
audio06.TextGrid,43,7,open,187.730,188.430,JJ,7.2083,5.48,4,2.830626
audio06.TextGrid,44,1,door,188.430,188.750,NN,3.6546,5.08,3,-1.298844
audio06.TextGrid,44,2,at,188.750,188.980,IN,3.4170,6.7,2,0.795424
audio06.TextGrid,44,3,the,188.980,189.340,DT,0.2064,7.73,2,-0.932568
audio06.TextGrid,44,4,moon,189.340,189.590,NN,6.6123,4.7,3,1.111875
audio06.TextGrid,44,5,and,189.620,189.950,CC,0.8389,7.41,3,-0.760684
audio06.TextGrid,44,6,unrolled,189.950,190.460,VBD,11.3212,2.21,6,2.236607
audio06.TextGrid,45,1,his,191.090,191.420,PRP$,1.1337,6.51,3,-1.761366
audio06.TextGrid,45,2,trousers,191.420,192.310,NNS,4.7948,3.7,6,-2.145050
audio06.TextGrid,45,3,and,192.310,192.600,CC,1.4548,7.41,3,-0.144784
audio06.TextGrid,45,4,put,193.110,193.910,VB,3.3788,5.66,3,-0.739777
audio06.TextGrid,45,5,them,193.910,194.440,PRP,1.4563,6.19,3,-1.899382
audio06.TextGrid,45,6,on,194.440,194.720,IN,0.7461,6.91,2,-1.573197
audio06.TextGrid,46,1,he,194.720,194.790,PRP,0.7340,6.69,2,-1.901970
audio06.TextGrid,46,2,urinated,195.480,196.010,VBD,11.0182,2.31,9,2.077550
audio06.TextGrid,46,3,outside,196.010,196.250,IN,7.1667,5.25,5,2.457958
audio06.TextGrid,46,4,the,196.250,196.400,DT,1.3129,7.73,2,0.173932
audio06.TextGrid,46,5,shack,196.400,196.610,NN,7.0017,3.43,3,-0.326795
audio06.TextGrid,46,6,and,196.610,196.840,CC,0.9197,7.41,3,-0.679884
audio06.TextGrid,46,7,then,196.840,196.930,RB,4.0810,6.07,3,0.552587
audio06.TextGrid,46,8,went,196.930,197.270,VBD,2.2998,5.5,4,-2.049085
audio06.TextGrid,47,1,up,197.270,197.340,IN,3.5621,6.39,2,0.494303
audio06.TextGrid,47,2,the,197.770,197.870,DT,1.1148,7.73,2,-0.024168
audio06.TextGrid,47,3,road,197.870,197.970,NN,4.5103,5.24,3,-0.212836
audio06.TextGrid,47,4,to,197.970,198.030,TO,1.2270,7.43,2,-0.343796
audio06.TextGrid,47,5,wake,198.030,198.130,VB,7.2714,4.76,3,1.857340
audio06.TextGrid,47,6,the,198.130,198.190,DT,0.4601,7.73,2,-0.678868
audio06.TextGrid,47,7,boy,198.190,198.260,NN,0.0947,5.17,2,-4.729196
audio06.TextGrid,47,8,he,198.260,198.360,PRP,0.8925,6.69,2,-1.743470
audio06.TextGrid,47,9,was,198.360,198.520,VBD,2.6116,6.82,3,0.162755
audio06.TextGrid,47,10,shivering,198.520,198.820,VBG,7.8757,3.14,6,0.129772
audio06.TextGrid,47,11,with,198.820,198.980,IN,3.5301,6.85,3,1.124438
audio06.TextGrid,47,12,the,198.980,199.050,DT,2.5549,7.73,2,1.415932
audio06.TextGrid,47,13,morning,199.050,199.230,NN,4.5798,5.33,6,-0.013788
audio06.TextGrid,47,14,cold,199.230,199.560,NN,5.1909,5.02,4,0.151091
audio06.TextGrid,47,15,but,199.560,199.720,CC,4.5789,6.63,3,1.856565
audio06.TextGrid,47,16,he,199.790,199.850,PRP,1.0215,6.69,2,-1.614470
audio06.TextGrid,47,17,knew,200.040,200.100,VBD,3.4297,5.2,2,-1.351013
audio06.TextGrid,47,18,he,200.100,200.160,PRP,1.5555,6.69,2,-1.080470
audio06.TextGrid,47,19,would,200.160,200.300,MD,1.9875,6.27,3,-1.253028
audio06.TextGrid,47,20,shiver,200.300,200.430,VB,8.7143,3.05,4,0.838824
audio06.TextGrid,47,21,himself,200.430,200.640,PRP,7.1849,5.25,7,2.476158
audio06.TextGrid,47,22,warm,200.640,200.780,JJ,7.4185,4.71,4,1.932469
audio06.TextGrid,47,23,and,200.780,200.870,CC,1.7313,7.41,2,0.131716
audio06.TextGrid,47,24,that,200.870,201.000,DT,3.5940,7.01,3,1.418646
audio06.TextGrid,47,25,soon,201.000,201.170,RB,5.9322,5.32,3,1.324218
audio06.TextGrid,47,26,he,201.170,201.230,PRP,0.6583,6.69,2,-1.977670
audio06.TextGrid,47,27,would,201.230,201.350,MD,0.1937,6.27,3,-3.046828
audio06.TextGrid,47,28,be,201.350,201.430,VB,1.3975,6.79,2,-1.094527
audio06.TextGrid,47,29,rowing,201.430,201.550,VBG,10.9679,3.39,4,3.581828
audio07.TextGrid,1,1,the,1.220,1.310,DT,2.2710,7.73,2,1.132032
audio07.TextGrid,1,2,door,1.310,1.550,NN,7.1866,5.08,3,2.233156
audio07.TextGrid,1,3,of,1.550,1.620,IN,2.4615,7.4,2,0.847522
audio07.TextGrid,1,4,the,1.620,1.740,DT,0.2059,7.73,2,-0.933068
audio07.TextGrid,1,5,house,1.740,2.020,NN,2.2594,5.71,3,-1.787206
audio07.TextGrid,1,6,where,2.020,2.170,WRB,4.1870,6.0,4,0.557827
audio07.TextGrid,1,7,the,2.170,2.240,DT,1.3415,7.73,2,0.202532
audio07.TextGrid,1,8,boy,2.240,2.500,NN,0.2682,5.17,2,-4.555696
audio07.TextGrid,1,9,lived,2.500,2.830,VBD,1.4978,4.88,4,-3.743529
audio07.TextGrid,1,10,was,2.830,2.980,VBD,0.8312,6.82,3,-1.617645
audio07.TextGrid,1,11,unlocked,2.980,3.590,JJ,5.1276,3.76,6,-1.725885
audio07.TextGrid,1,12,and,3.890,4.000,CC,0.8905,7.41,2,-0.709084
audio07.TextGrid,1,13,he,4.000,4.130,PRP,0.8896,6.69,2,-1.746370
audio07.TextGrid,1,14,opened,4.130,4.450,VBD,2.7466,4.85,5,-2.537912
audio07.TextGrid,1,15,it,4.450,4.670,PRP,0.2824,6.95,2,-1.979320
audio07.TextGrid,1,16,and,4.670,4.820,CC,1.1496,7.41,3,-0.449984
audio07.TextGrid,1,17,walked,4.820,5.120,VBD,5.0811,4.67,4,-0.462508
audio07.TextGrid,1,18,in,5.120,5.300,IN,2.1189,7.27,2,0.317796
audio07.TextGrid,1,19,quietly,5.300,5.800,RB,4.8967,4.15,7,-1.395409
audio07.TextGrid,1,20,with,5.800,5.960,IN,4.4021,6.85,3,1.996438
audio07.TextGrid,1,21,his,5.960,6.110,PRP$,1.0703,6.51,3,-1.824766
audio07.TextGrid,1,22,bare,6.110,6.380,NN,4.5056,4.18,3,-1.743326
audio07.TextGrid,1,23,feet,6.440,6.810,NNS,0.7525,4.99,3,-4.330492
audio07.TextGrid,2,1,the,7.340,7.430,DT,1.8939,7.73,2,0.754932
audio07.TextGrid,2,2,boy,7.430,7.650,NN,1.2484,5.17,2,-3.575496
audio07.TextGrid,2,3,was,7.650,7.820,VBD,1.7794,6.82,3,-0.669445
audio07.TextGrid,2,4,asleep,7.820,8.190,RB,2.5436,4.36,5,-3.446230
audio07.TextGrid,2,5,on,8.190,8.310,IN,2.0601,6.91,2,-0.259197
audio07.TextGrid,2,6,a,8.310,8.360,DT,2.8036,7.36,1,1.132045
audio07.TextGrid,2,7,cot,8.360,8.760,NN,6.2012,3.21,3,-1.443968
audio07.TextGrid,2,8,in,8.760,8.830,IN,1.8026,7.27,2,0.001496
audio07.TextGrid,2,9,the,8.830,8.920,DT,0.2560,7.73,2,-0.882968
audio07.TextGrid,2,10,first,8.920,9.280,JJ,6.9354,6.11,4,3.464564
audio07.TextGrid,2,11,room,9.280,9.580,NN,1.7450,5.39,3,-2.762222
audio07.TextGrid,3,1,and,10.060,10.150,CC,1.7035,7.41,2,0.103916
audio07.TextGrid,3,2,the,10.150,10.260,DT,1.4958,7.73,2,0.356832
audio07.TextGrid,3,3,old,10.260,10.440,JJ,2.0879,5.75,3,-1.901129
audio07.TextGrid,3,4,man,10.440,10.660,NN,0.3416,5.82,3,-3.546670
audio07.TextGrid,3,5,could,10.660,10.810,MD,5.6366,6.06,3,2.093792
audio07.TextGrid,3,6,see,10.810,11.050,VB,1.2847,6.1,2,-2.200531
audio07.TextGrid,3,7,him,11.050,11.140,PRP,1.1863,6.11,2,-2.284536
audio07.TextGrid,3,8,clearly,11.140,11.630,RB,6.8231,4.92,6,1.639348
audio07.TextGrid,3,9,with,11.630,11.780,IN,3.9565,6.85,3,1.550838
audio07.TextGrid,3,10,the,11.780,11.880,DT,2.0260,7.73,2,0.887032
audio07.TextGrid,3,11,light,11.880,12.090,NN,2.7371,5.33,3,-1.856488
audio07.TextGrid,3,12,that,12.090,12.260,WDT,4.3417,7.01,3,2.166346
audio07.TextGrid,3,13,came,12.260,12.510,VBD,2.3998,5.5,3,-1.949085
audio07.TextGrid,3,14,in,12.510,12.670,IN,3.0892,7.27,2,1.288096
audio07.TextGrid,3,15,from,12.670,12.860,IN,1.7443,6.63,3,-0.978035
audio07.TextGrid,3,16,the,12.860,12.930,DT,0.4035,7.73,2,-0.735468
audio07.TextGrid,3,17,dying,12.930,13.240,VBG,11.5737,4.63,4,5.972515
audio07.TextGrid,3,18,moon,13.240,13.740,NN,4.7396,4.7,3,-0.760825
audio07.TextGrid,4,1,he,14.590,14.680,PRP,1.0343,6.69,2,-1.601670
audio07.TextGrid,4,2,took,14.680,14.900,VBD,3.9278,5.51,3,-0.406691
audio07.TextGrid,4,3,hold,14.900,15.120,NN,4.3970,5.19,4,-0.398107
audio07.TextGrid,4,4,of,15.120,15.240,IN,0.0240,7.4,2,-1.589978
audio07.TextGrid,4,5,one,15.240,15.460,CD,4.1367,6.47,3,1.184057
audio07.TextGrid,4,6,foot,15.460,15.790,NN,5.6893,4.87,3,0.433577
audio07.TextGrid,4,7,gently,15.790,16.310,RB,8.0130,4.08,6,1.620131
audio07.TextGrid,4,8,and,16.310,16.470,CC,0.6609,7.41,3,-0.938684
audio07.TextGrid,4,9,held,16.470,16.730,VBD,4.2828,5.24,4,-0.440336
audio07.TextGrid,4,10,it,16.730,16.900,PRP,0.9583,6.95,2,-1.303420
audio07.TextGrid,4,11,until,16.900,17.130,IN,4.5999,5.61,5,0.409351
audio07.TextGrid,4,12,the,17.130,17.210,DT,1.0873,7.73,2,-0.051668
audio07.TextGrid,4,13,boy,17.210,17.450,NN,1.2963,5.17,2,-3.527596
audio07.TextGrid,4,14,woke,17.450,17.850,NN,2.8845,4.22,3,-3.306849
audio07.TextGrid,4,15,and,17.850,18.000,CC,1.8971,7.41,3,0.297516
audio07.TextGrid,4,16,turned,18.000,18.330,VBD,4.4234,5.09,4,-0.515650
audio07.TextGrid,4,17,and,18.330,18.500,CC,2.9313,7.41,3,1.331716
audio07.TextGrid,4,18,looked,18.500,18.750,VBD,2.1876,5.11,4,-2.722661
audio07.TextGrid,4,19,at,18.750,18.930,IN,1.0830,6.7,2,-1.538576
audio07.TextGrid,4,20,him,18.930,19.020,PRP,0.5485,6.11,2,-2.922336
audio07.TextGrid,5,1,the,19.680,19.780,DT,1.6291,7.73,2,0.490132
audio07.TextGrid,5,2,old,19.780,19.990,JJ,1.2337,5.75,3,-2.755329
audio07.TextGrid,5,3,man,19.990,20.240,NN,0.0119,5.82,3,-3.876370
audio07.TextGrid,5,4,nodded,20.240,20.690,VBD,4.9200,3.41,5,-2.437283
audio07.TextGrid,5,5,and,20.890,21.030,CC,1.0097,7.41,2,-0.589884
audio07.TextGrid,5,6,the,21.030,21.110,DT,2.1093,7.73,2,0.970332
audio07.TextGrid,5,7,boy,21.110,21.350,NN,0.2838,5.17,2,-4.540096
audio07.TextGrid,5,8,took,21.350,21.600,VBD,3.6513,5.51,3,-0.683191
audio07.TextGrid,5,9,his,21.600,21.760,PRP$,1.6502,6.51,3,-1.244866
audio07.TextGrid,5,10,trousers,21.760,22.290,NNS,5.5806,3.7,6,-1.359250
audio07.TextGrid,5,11,from,22.290,22.450,IN,3.5839,6.63,4,0.861565
audio07.TextGrid,5,12,the,22.450,22.520,DT,1.4934,7.73,2,0.354432
audio07.TextGrid,5,13,chair,22.520,22.790,NN,6.5422,4.69,3,1.027381
audio07.TextGrid,5,14,by,22.790,22.960,IN,5.2459,6.66,2,2.566747
audio07.TextGrid,5,15,the,22.960,23.060,DT,0.5348,7.73,2,-0.604168
audio07.TextGrid,5,16,bed,23.060,23.460,NN,1.9363,5.07,3,-3.031538
audio07.TextGrid,6,1,and,23.980,24.260,CC,0.5252,7.41,3,-1.074384
audio07.TextGrid,6,2,sitting,24.260,24.570,VBG,3.7773,4.86,5,-1.492817
audio07.TextGrid,6,3,on,24.570,24.690,IN,1.2366,6.91,2,-1.082697
audio07.TextGrid,6,4,the,24.690,24.760,DT,0.5944,7.73,2,-0.544568
audio07.TextGrid,6,5,bed,24.760,25.120,NN,1.5234,5.07,3,-3.444438
audio07.TextGrid,6,6,pulled,25.150,25.360,VBD,4.1027,4.67,4,-1.440908
audio07.TextGrid,6,7,them,25.360,25.510,PRP,1.3081,6.19,3,-2.047582
audio07.TextGrid,7,1,on,25.510,25.840,IN,3.4240,6.91,2,1.104703
audio07.TextGrid,7,2,the,26.930,27.040,DT,1.2798,7.73,2,0.140832
audio07.TextGrid,7,3,old,27.040,27.220,JJ,1.8949,5.75,3,-2.094129
audio07.TextGrid,7,4,man,27.220,27.450,NN,0.0148,5.82,3,-3.873470
audio07.TextGrid,7,5,went,27.450,27.630,VBD,3.5752,5.5,4,-0.773685
audio07.TextGrid,7,6,out,27.630,27.750,IN,2.2641,6.38,2,-0.818092
audio07.TextGrid,7,7,the,27.750,27.880,DT,3.1012,7.73,2,1.962232
audio07.TextGrid,7,8,door,27.880,28.220,NN,0.7931,5.08,3,-4.160344
audio07.TextGrid,7,9,and,28.220,28.320,CC,0.4143,7.41,2,-1.185284
audio07.TextGrid,7,10,the,28.320,28.380,DT,2.2796,7.73,2,1.140632
audio07.TextGrid,7,11,boy,28.380,28.580,NN,0.1748,5.17,2,-4.649096
audio07.TextGrid,7,12,came,28.580,28.820,VBD,3.0284,5.5,3,-1.320485
audio07.TextGrid,7,13,after,28.820,29.130,IN,5.7899,6.11,4,2.319064
audio07.TextGrid,7,14,him,29.130,29.410,PRP,0.1126,6.11,3,-3.358236
audio07.TextGrid,8,1,he,30.040,30.130,PRP,1.3585,6.69,2,-1.277470
audio07.TextGrid,8,2,was,30.130,30.270,VBD,2.2343,6.82,3,-0.214545
audio07.TextGrid,8,3,sleepy,30.270,30.800,JJ,5.8405,3.68,5,-1.128139
audio07.TextGrid,8,4,and,31.240,31.340,CC,0.8108,7.41,2,-0.788784
audio07.TextGrid,8,5,the,31.340,31.440,DT,2.0093,7.73,2,0.870332
audio07.TextGrid,8,6,old,31.440,31.610,JJ,1.6666,5.75,3,-2.322429
audio07.TextGrid,8,7,man,31.610,31.810,NN,0.0167,5.82,3,-3.871570
audio07.TextGrid,8,8,put,31.810,31.970,VBD,4.0118,5.66,3,-0.106777
audio07.TextGrid,8,9,his,31.970,32.090,PRP$,0.8669,6.51,3,-2.028166
audio07.TextGrid,8,10,arm,32.090,32.310,NN,3.3989,4.73,3,-2.058343
audio07.TextGrid,8,11,across,32.310,32.640,IN,4.8437,5.25,5,0.134958
audio07.TextGrid,8,12,his,32.640,32.760,PRP$,0.6173,6.51,3,-2.277766
audio07.TextGrid,8,13,shoulders,32.760,33.360,NNS,3.3280,4.18,6,-2.920926
audio07.TextGrid,8,14,and,33.360,33.510,CC,0.3903,7.41,3,-1.209284
audio07.TextGrid,8,15,said,33.510,34.040,VBD,2.0339,6.01,3,-1.580879
audio07.TextGrid,9,1,i,34.040,34.150,NN,2.2144,7.09,1,0.154200
audio07.TextGrid,9,2,am,34.150,34.280,VBP,1.7054,5.78,2,-2.240447
audio07.TextGrid,9,3,sorry,34.280,34.790,JJ,3.3349,5.18,4,-1.474601
audio07.TextGrid,9,4,qua,35.830,36.310,NN,13.6157,2.84,3,5.437945
audio07.TextGrid,9,5,va,36.310,36.400,IN,11.9799,4.26,2,5.846128
audio07.TextGrid,9,6,the,36.630,36.710,DT,0.8313,7.73,2,-0.307668
audio07.TextGrid,9,7,boy,36.710,36.940,NN,0.2272,5.17,2,-4.596696
audio07.TextGrid,9,8,said,36.940,37.310,VBD,0.1817,6.01,3,-3.433079
audio07.TextGrid,10,1,it,37.830,37.970,PRP,3.8796,6.95,2,1.617880
audio07.TextGrid,10,2,is,37.970,38.070,VBZ,0.6962,7.07,2,-1.392789
audio07.TextGrid,10,3,what,38.070,38.220,WP,5.3754,6.38,3,2.293208
audio07.TextGrid,10,4,a,38.220,38.270,DT,5.2070,7.36,1,3.535445
audio07.TextGrid,10,5,man,38.270,38.540,NN,1.7548,5.82,3,-2.133470
audio07.TextGrid,10,6,must,38.540,38.840,MD,2.6608,5.68,4,-1.428989
audio07.TextGrid,10,7,do,38.840,39.060,VB,0.4123,6.35,2,-2.713074
audio07.TextGrid,10,8,they,41.500,41.610,PRP,4.0853,6.5,2,1.175839
audio07.TextGrid,10,9,walked,41.610,41.890,VBD,3.5841,4.67,4,-1.959508
audio07.TextGrid,10,10,down,41.890,42.050,IN,2.7395,5.88,3,-1.062404
audio07.TextGrid,10,11,the,42.050,42.120,DT,0.2241,7.73,2,-0.914868
audio07.TextGrid,10,12,road,42.120,42.370,NN,1.3446,5.24,3,-3.378536
audio07.TextGrid,10,13,to,42.370,42.430,TO,1.7900,7.43,2,0.219204
audio07.TextGrid,10,14,the,42.430,42.570,DT,0.4691,7.73,2,-0.669868
audio07.TextGrid,10,15,old,42.570,42.770,JJ,4.1810,5.75,3,0.191971
audio07.TextGrid,10,16,man,42.770,43.010,NN,0.7316,5.82,3,-3.156670
audio07.TextGrid,10,17,s,43.010,43.040,VBZ,0.1675,5.86,1,-3.663193
audio07.TextGrid,10,18,shack,43.040,43.530,NN,3.9070,3.43,3,-3.421495
audio07.TextGrid,10,19,and,43.530,43.650,CC,0.6799,7.41,2,-0.919684
audio07.TextGrid,10,20,all,43.650,43.830,DT,5.8020,6.52,2,2.921328
audio07.TextGrid,10,21,along,43.830,44.110,IN,5.6883,5.38,4,1.166684
audio07.TextGrid,10,22,the,44.110,44.170,DT,0.4687,7.73,2,-0.670268
audio07.TextGrid,10,23,road,44.170,44.540,NN,0.9123,5.24,3,-3.810836
audio07.TextGrid,10,24,in,44.540,44.620,IN,3.5952,7.27,2,1.794096
audio07.TextGrid,10,25,the,44.620,44.710,DT,0.6091,7.73,2,-0.529868
audio07.TextGrid,10,26,dark,44.710,45.150,JJ,2.4958,5.04,4,-2.515221
audio07.TextGrid,10,27,barefoot,45.220,45.690,NN,9.8482,3.39,6,2.462128
audio07.TextGrid,10,28,men,45.690,45.890,NNS,3.7426,5.51,3,-0.591891
audio07.TextGrid,10,29,were,45.890,46.020,VBD,2.1793,6.34,2,-0.960469
audio07.TextGrid,10,30,moving,46.020,46.560,VBG,5.9532,5.02,5,0.913391
audio07.TextGrid,10,31,carrying,46.770,47.210,VBG,4.3914,4.61,6,-1.238573
audio07.TextGrid,10,32,the,47.210,47.290,DT,2.3399,7.73,2,1.200932
audio07.TextGrid,10,33,masts,47.290,47.770,NNS,11.1647,2.89,5,3.058916
audio07.TextGrid,10,34,of,47.770,47.850,IN,1.4738,7.4,2,-0.140178
audio07.TextGrid,10,35,their,47.850,47.990,PRP$,1.7822,6.33,3,-1.371963
audio07.TextGrid,10,36,boats,47.990,48.520,NNS,3.1241,4.25,4,-3.024066
audio07.TextGrid,11,1,when,49.640,49.770,WRB,4.1484,6.37,3,1.051814
audio07.TextGrid,11,2,they,49.770,49.850,PRP,0.7054,6.5,2,-2.204061
audio07.TextGrid,11,3,reached,49.850,50.150,VBD,2.5958,4.85,4,-2.688712
audio07.TextGrid,11,4,the,50.150,50.280,DT,0.1957,7.73,2,-0.943268
audio07.TextGrid,11,5,old,50.280,50.470,JJ,2.0747,5.75,3,-1.914329
audio07.TextGrid,11,6,man,50.470,50.700,NN,0.0317,5.82,3,-3.856570
audio07.TextGrid,11,7,s,50.700,50.730,VBZ,0.3675,5.86,1,-3.463193
audio07.TextGrid,11,8,shack,50.730,51.120,VBP,0.2516,3.43,3,-7.076895
audio07.TextGrid,11,9,the,51.170,51.250,DT,1.5712,7.73,2,0.432232
audio07.TextGrid,11,10,boy,51.250,51.450,NN,1.4822,5.17,2,-3.341696
audio07.TextGrid,11,11,took,51.450,51.660,VBD,4.2449,5.51,3,-0.089591
audio07.TextGrid,11,12,the,51.660,51.760,DT,2.0911,7.73,2,0.952132
audio07.TextGrid,11,13,rolls,51.760,52.050,NNS,10.5059,4.23,4,4.328945
audio07.TextGrid,11,14,of,52.050,52.180,IN,0.2421,7.4,2,-1.371878
audio07.TextGrid,11,15,line,52.180,52.510,NN,10.3192,5.49,3,5.955920
audio07.TextGrid,11,16,in,52.510,52.600,IN,3.9949,7.27,2,2.193796
audio07.TextGrid,11,17,the,52.600,52.670,DT,2.0986,7.73,2,0.959632
audio07.TextGrid,11,18,basket,52.670,53.190,NN,6.5219,4.07,6,0.114637
audio07.TextGrid,11,19,and,53.270,53.410,CC,0.7281,7.41,2,-0.871484
audio07.TextGrid,11,20,the,53.410,53.500,DT,3.5172,7.73,2,2.378232
audio07.TextGrid,11,21,harpoon,53.500,53.980,NN,10.7673,2.83,6,2.575150
audio07.TextGrid,11,22,and,53.980,54.110,CC,1.8430,7.41,3,0.243416
audio07.TextGrid,11,23,gaff,54.110,54.580,NN,13.2109,2.68,3,4.802837
audio07.TextGrid,11,24,and,54.850,54.960,CC,1.9939,7.41,2,0.394316
audio07.TextGrid,11,25,the,54.960,55.070,DT,1.7636,7.73,2,0.624632
audio07.TextGrid,11,26,old,55.070,55.270,JJ,5.0396,5.75,3,1.050571
audio07.TextGrid,11,27,man,55.270,55.530,NN,0.0500,5.82,3,-3.838270
audio07.TextGrid,11,28,carried,55.530,55.850,VBD,4.0350,4.77,5,-1.364666
audio07.TextGrid,11,29,the,55.850,55.930,DT,1.1557,7.73,2,0.016732
audio07.TextGrid,11,30,mast,55.930,56.370,NN,6.9072,3.52,4,-0.291746
audio07.TextGrid,11,31,with,56.370,56.470,IN,2.7784,6.85,3,0.372738
audio07.TextGrid,11,32,the,56.470,56.550,DT,2.6843,7.73,2,1.545332
audio07.TextGrid,11,33,furled,56.550,56.900,JJ,14.3161,1.74,4,4.554977
audio07.TextGrid,11,34,sail,56.900,57.350,NN,3.7457,4.01,3,-2.747928
audio07.TextGrid,11,35,on,57.350,57.470,IN,3.1951,6.91,2,0.875803
audio07.TextGrid,11,36,his,57.470,57.610,PRP$,1.0997,6.51,3,-1.795366
audio07.TextGrid,11,37,shoulder,57.610,58.100,NN,2.9942,4.5,5,-2.794110
audio07.TextGrid,12,1,do,59.660,59.760,VBP,4.7660,6.35,2,1.640626
audio07.TextGrid,12,2,you,59.760,59.870,PRP,0.4066,6.98,2,-1.811937
audio07.TextGrid,12,3,want,59.870,60.050,VB,2.0777,6.04,4,-1.493896
audio07.TextGrid,12,4,coffee,60.050,60.520,NN,7.7755,4.86,4,2.505383
audio07.TextGrid,12,5,the,60.710,60.790,DT,0.9276,7.73,2,-0.211368
audio07.TextGrid,12,6,boy,60.790,61.050,NN,0.5890,5.17,2,-4.234896
audio07.TextGrid,12,7,asked,61.050,61.480,VBD,0.3117,5.3,3,-4.325070
audio07.TextGrid,13,1,we,62.660,62.770,PRP,4.4732,6.54,2,1.621316
audio07.TextGrid,13,2,ll,62.770,62.800,VBP,3.5703,4.66,1,-1.987702
audio07.TextGrid,13,3,put,62.800,63.010,VBD,5.0936,5.66,3,0.975023
audio07.TextGrid,13,4,the,63.010,63.110,DT,2.8198,7.73,2,1.680832
audio07.TextGrid,13,5,gear,63.110,63.380,NN,8.1210,4.46,3,2.275113
audio07.TextGrid,13,6,in,63.380,63.480,IN,1.4180,7.27,2,-0.383104
audio07.TextGrid,13,7,the,63.480,63.550,DT,0.7521,7.73,2,-0.386868
audio07.TextGrid,13,8,boat,63.550,63.900,NN,3.3549,4.71,3,-2.131131
audio07.TextGrid,13,9,and,63.900,64.010,CC,1.1991,7.41,2,-0.400484
audio07.TextGrid,13,10,then,64.010,64.190,RB,2.9692,6.07,3,-0.559213
audio07.TextGrid,13,11,get,64.190,64.420,VB,4.0420,6.28,3,0.815866
audio07.TextGrid,14,1,some,64.420,64.770,DT,3.1893,6.2,3,-0.151988
audio07.TextGrid,14,2,they,66.290,66.410,PRP,3.2552,6.5,2,0.345739
audio07.TextGrid,14,3,had,66.410,66.580,VBD,3.7638,6.33,3,0.609637
audio07.TextGrid,14,4,coffee,66.580,66.980,NN,3.6773,4.86,4,-1.592817
audio07.TextGrid,14,5,from,66.980,67.170,IN,5.1640,6.63,4,2.441665
audio07.TextGrid,14,6,condensed,67.170,67.690,VBN,15.2237,3.4,8,7.852023
audio07.TextGrid,14,7,milk,67.690,67.990,NN,0.6496,4.66,4,-4.908402
audio07.TextGrid,14,8,cans,67.990,68.400,NNS,6.0316,3.8,4,-0.764308
audio07.TextGrid,14,9,at,68.400,68.510,IN,3.7229,6.7,2,1.101324
audio07.TextGrid,14,10,an,68.510,68.610,DT,5.7862,6.53,2,2.919922
audio07.TextGrid,14,11,early,68.610,68.820,JJ,3.6040,5.43,3,-0.845645
audio07.TextGrid,14,12,morning,68.820,69.150,NN,2.4322,5.33,6,-2.161388
audio07.TextGrid,14,13,place,69.150,69.540,NN,4.4805,5.71,4,0.433894
audio07.TextGrid,14,14,that,69.540,69.680,WDT,4.1149,7.01,3,1.939546
audio07.TextGrid,14,15,served,69.680,69.980,VBD,5.3398,4.81,4,-0.002289
audio07.TextGrid,14,16,fishermen,69.980,70.480,NNS,12.0511,3.65,7,5.039279
audio07.TextGrid,15,1,how,71.860,71.980,WRB,3.8208,6.24,2,0.537089
audio07.TextGrid,15,2,did,71.980,72.120,VBD,2.8768,5.96,3,-0.809950
audio07.TextGrid,15,3,you,72.120,72.210,PRP,0.3664,6.98,2,-1.852137
audio07.TextGrid,15,4,sleep,72.210,72.520,VB,2.9839,5.05,4,-2.012727
audio07.TextGrid,15,5,old,72.520,72.710,JJ,7.4406,5.75,3,3.451571
audio07.TextGrid,15,6,man,72.710,72.960,NN,0.1921,5.82,3,-3.696170
audio07.TextGrid,15,7,the,73.210,73.290,DT,1.2851,7.73,2,0.146132
audio07.TextGrid,15,8,boy,73.290,73.550,NN,0.4915,5.17,2,-4.332396
audio07.TextGrid,15,9,asked,73.550,73.970,VBD,0.1566,5.3,3,-4.480170
audio07.TextGrid,16,1,he,74.690,74.790,PRP,3.9187,6.69,2,1.282730
audio07.TextGrid,16,2,was,74.790,74.940,VBD,2.0736,6.82,3,-0.375245
audio07.TextGrid,16,3,waking,74.940,75.250,VBG,6.4908,3.95,5,-0.089194
audio07.TextGrid,16,4,up,75.250,75.430,RB,0.7769,6.39,2,-2.290897
audio07.TextGrid,16,5,now,75.430,75.760,RB,4.8853,6.18,2,1.515223
audio07.TextGrid,16,6,although,75.880,76.140,IN,8.8113,5.3,4,4.174530
audio07.TextGrid,16,7,it,76.140,76.250,PRP,3.9252,6.95,2,1.663480
audio07.TextGrid,16,8,was,76.250,76.350,VBD,0.3075,6.82,3,-2.141345
audio07.TextGrid,16,9,still,76.350,76.590,RB,3.2059,5.92,4,-0.538427
audio07.TextGrid,16,10,hard,76.590,76.820,JJ,5.8746,5.53,4,1.568897
audio07.TextGrid,16,11,for,76.820,76.950,IN,2.2714,7.01,2,0.096046
audio07.TextGrid,16,12,him,76.950,77.020,PRP,0.0696,6.11,2,-3.401236
audio07.TextGrid,16,13,to,77.020,77.170,TO,0.3025,7.43,2,-1.268296
audio07.TextGrid,16,14,leave,77.170,77.410,VB,7.7583,5.34,3,3.179107
audio07.TextGrid,16,15,his,77.410,77.560,PRP$,1.7550,6.51,3,-1.140066
audio07.TextGrid,16,16,sleep,77.560,77.970,NN,4.2140,5.05,4,-0.782627
audio07.TextGrid,17,1,very,79.620,79.840,RB,5.6770,6.0,4,2.047827
audio07.TextGrid,17,2,well,79.840,80.080,RB,0.5738,6.03,3,-3.012190
audio07.TextGrid,17,3,manolin,80.080,80.600,VB,22.5423,0.0,7,10.276578
audio07.TextGrid,17,4,the,80.810,80.990,DT,0.2100,7.73,2,-0.928968
audio07.TextGrid,17,5,old,80.990,81.190,JJ,0.1554,5.75,3,-3.833629
audio07.TextGrid,17,6,man,81.190,81.410,NN,0.0058,5.82,3,-3.882470
audio07.TextGrid,17,7,said,81.410,81.790,VBD,0.0874,6.01,3,-3.527379
audio07.TextGrid,18,1,i,82.650,82.770,NN,1.5736,7.09,1,-0.486600
audio07.TextGrid,18,2,feel,82.770,82.980,VBP,5.4218,5.67,3,1.317617
audio07.TextGrid,18,3,confident,82.980,83.570,JJ,8.3137,4.43,9,2.424630
audio07.TextGrid,18,4,today,83.570,83.940,NN,6.5766,5.55,4,2.299686
audio07.TextGrid,19,1,so,85.500,85.740,RB,4.3385,6.52,2,1.457828
audio07.TextGrid,19,2,do,85.740,85.800,VB,1.7293,6.35,2,-1.396074
audio07.TextGrid,19,3,i,85.800,86.090,VB,1.2823,7.09,1,-0.777900
audio07.TextGrid,19,4,the,86.390,86.490,DT,0.1805,7.73,2,-0.958468
audio07.TextGrid,19,5,boy,86.490,86.730,NN,0.0977,5.17,2,-4.726196
audio07.TextGrid,19,6,said,86.730,87.100,VBD,0.1402,6.01,3,-3.474579
audio07.TextGrid,20,1,now,87.770,87.980,RB,4.0868,6.18,2,0.716723
audio07.TextGrid,20,2,i,87.980,88.060,VBZ,2.2760,7.09,1,0.215800
audio07.TextGrid,20,3,must,88.060,88.280,MD,2.9521,5.68,4,-1.137689
audio07.TextGrid,20,4,get,88.280,88.500,VB,2.5152,6.28,3,-0.710934
audio07.TextGrid,20,5,your,88.500,88.620,PRP$,3.7404,6.53,3,0.874122
audio07.TextGrid,20,6,sardines,88.620,89.230,NNS,9.6444,2.93,7,1.596193
audio07.TextGrid,20,7,and,89.230,89.420,CC,1.4815,7.41,3,-0.118084
audio07.TextGrid,20,8,mine,89.450,89.850,NN,5.7368,5.04,3,0.725779
audio07.TextGrid,20,9,and,89.850,89.960,CC,2.5217,7.41,3,0.922116
audio07.TextGrid,20,10,your,89.960,90.130,PRP$,3.0093,6.53,3,0.143022
audio07.TextGrid,20,11,fresh,90.130,90.400,JJ,6.5596,4.83,4,1.246300
audio07.TextGrid,20,12,baits,90.400,90.890,NNS,10.1875,2.65,4,1.736254
audio07.TextGrid,21,1,he,91.320,91.440,PRP,6.4655,6.69,2,3.829530
audio07.TextGrid,21,2,brings,91.440,91.730,VBZ,7.6057,4.61,5,1.975727
audio07.TextGrid,21,3,our,91.730,91.850,PRP$,5.8350,6.14,2,2.407346
audio07.TextGrid,21,4,gear,91.850,92.120,NN,6.6594,4.46,3,0.813513
audio07.TextGrid,21,5,himself,92.120,92.670,PRP,6.6933,5.25,7,1.984558
audio07.TextGrid,21,6,he,92.900,92.990,PRP,1.9829,6.69,2,-0.653070
audio07.TextGrid,21,7,never,92.990,93.200,RB,5.4319,5.91,4,1.673179
audio07.TextGrid,21,8,wants,93.200,93.450,VBZ,4.8581,5.24,5,0.134964
audio07.TextGrid,21,9,anyone,93.450,93.750,NN,6.0377,5.38,6,1.516084
audio07.TextGrid,21,10,to,93.750,93.840,TO,0.4544,7.43,2,-1.116396
audio07.TextGrid,21,11,carry,93.840,94.210,VB,5.4488,4.89,4,0.221865
audio07.TextGrid,21,12,anything,94.210,94.670,NN,3.0505,5.55,6,-1.226414
audio07.TextGrid,22,1,we,96.270,96.390,PRP,3.8655,6.54,2,1.013616
audio07.TextGrid,22,2,re,96.390,96.450,VBP,3.0123,5.23,2,-1.725230
audio07.TextGrid,22,3,different,96.450,97.050,JJ,8.9120,5.59,7,4.692663
audio07.TextGrid,22,4,the,97.230,97.350,DT,0.1408,7.73,2,-0.998168
audio07.TextGrid,22,5,old,97.350,97.540,JJ,0.3656,5.75,3,-3.623429
audio07.TextGrid,22,6,man,97.540,97.770,NN,0.0036,5.82,3,-3.884670
audio07.TextGrid,22,7,said,97.770,98.160,VBD,0.0672,6.01,3,-3.547579
audio07.TextGrid,22,8,i,98.460,98.590,JJ,1.9336,7.09,1,-0.126600
audio07.TextGrid,22,9,let,98.590,98.790,NN,7.6695,5.6,3,3.464557
audio07.TextGrid,22,10,you,98.790,98.870,PRP,1.2733,6.98,2,-0.945237
audio07.TextGrid,22,11,carry,98.870,99.180,VBP,2.0284,4.89,4,-3.198535
audio07.TextGrid,22,12,things,99.180,99.480,NNS,4.5513,5.74,4,0.547877
audio07.TextGrid,22,13,when,99.480,99.610,WRB,3.9110,6.37,3,0.814414
audio07.TextGrid,22,14,you,99.610,99.700,PRP,0.6660,6.98,2,-1.552537
audio07.TextGrid,22,15,were,99.700,99.800,VBD,1.3323,6.34,2,-1.807469
audio07.TextGrid,22,16,five,99.800,100.090,CD,6.3382,5.45,3,1.917343
audio07.TextGrid,22,17,years,100.090,100.310,NNS,1.2587,5.96,3,-2.428050
audio07.TextGrid,22,18,old,100.310,100.750,JJ,0.0232,5.75,3,-3.965829
audio07.TextGrid,23,1,i,101.570,101.680,NN,1.8709,7.09,1,-0.189300
audio07.TextGrid,23,2,know,101.680,101.900,VBP,3.3412,6.1,2,-0.144031
audio07.TextGrid,23,3,it,101.900,102.090,PRP,3.4922,6.95,2,1.230480
audio07.TextGrid,23,4,the,102.250,102.310,DT,0.0734,7.73,2,-1.065568
audio07.TextGrid,23,5,boy,102.310,102.530,NN,0.0900,5.17,2,-4.733896
audio07.TextGrid,23,6,said,102.530,102.940,VBD,0.0615,6.01,3,-3.553279
audio07.TextGrid,24,1,i,102.940,102.970,NN,1.0142,7.09,1,-1.046000
audio07.TextGrid,24,2,ll,103.440,103.550,VBP,3.7859,4.66,2,-1.772102
audio07.TextGrid,24,3,be,103.550,103.690,VB,3.3950,6.79,2,0.902973
audio07.TextGrid,24,4,right,103.690,103.860,JJ,3.4007,5.96,3,-0.286050
audio07.TextGrid,24,5,back,103.860,104.220,RB,0.4668,6.04,3,-3.104796
audio07.TextGrid,24,6,have,104.430,104.590,VBP,5.3962,6.71,3,2.789019
audio07.TextGrid,24,7,another,104.590,104.820,DT,5.8714,5.74,5,1.867977
audio07.TextGrid,24,8,coffee,104.820,105.290,NN,3.4032,4.86,4,-1.866917
audio07.TextGrid,24,9,we,105.410,105.530,PRP,2.4610,6.54,2,-0.390884
audio07.TextGrid,24,10,have,105.530,105.670,VBP,3.0717,6.71,3,0.464519
audio07.TextGrid,24,11,credit,105.670,106.020,NN,12.7537,5.0,6,7.685102
audio07.TextGrid,24,12,here,106.020,106.270,RB,4.4563,5.97,3,0.783944
audio07.TextGrid,25,1,he,107.810,107.900,PRP,3.1992,6.69,2,0.563230
audio07.TextGrid,25,2,walked,107.900,108.200,VBD,3.5579,4.67,4,-1.985708
audio07.TextGrid,25,3,off,108.200,108.590,RP,3.3432,5.93,2,-0.386733
audio07.TextGrid,25,4,bare,108.590,108.840,NN,7.6259,4.18,3,1.376974
audio07.TextGrid,25,5,footed,108.840,109.140,VBN,1.2906,3.3,5,-6.225020
audio07.TextGrid,25,6,on,109.140,109.250,IN,3.8783,6.91,2,1.559003
audio07.TextGrid,25,7,the,109.250,109.320,DT,0.7175,7.73,2,-0.421468
audio07.TextGrid,25,8,coral,109.320,109.710,JJ,10.8778,3.86,5,4.168258
audio07.TextGrid,25,9,rocks,109.710,110.110,NNS,4.8796,4.38,4,-1.081441
audio07.TextGrid,25,10,to,110.110,110.220,TO,2.4093,7.43,2,0.838504
audio07.TextGrid,25,11,the,110.220,110.350,DT,0.5907,7.73,2,-0.548268
audio07.TextGrid,25,12,ice,110.350,110.580,NN,7.6922,5.0,2,2.623602
audio07.TextGrid,25,13,house,110.580,110.940,NN,4.1386,5.71,3,0.091994
audio07.TextGrid,25,14,where,110.940,111.050,WRB,1.4095,6.0,3,-2.219673
audio07.TextGrid,25,15,the,111.050,111.120,DT,0.9673,7.73,2,-0.171668
audio07.TextGrid,25,16,baits,111.120,111.460,NNS,8.0600,2.65,4,-0.391246
audio07.TextGrid,25,17,were,111.460,111.550,VBD,0.9260,6.34,2,-2.213769
audio07.TextGrid,25,18,stored,111.550,112.080,VBN,3.6804,4.18,5,-2.568526
audio07.TextGrid,26,1,the,113.370,113.500,DT,1.4264,7.73,2,0.287432
audio07.TextGrid,26,2,old,113.500,113.710,JJ,1.2608,5.75,3,-2.728229
audio07.TextGrid,26,3,man,113.710,113.960,NN,0.0272,5.82,3,-3.861070
audio07.TextGrid,26,4,drank,113.960,114.250,VBD,6.2014,3.95,5,-0.378594
audio07.TextGrid,26,5,his,114.250,114.410,PRP$,2.1372,6.51,3,-0.757866
audio07.TextGrid,26,6,coffee,114.410,114.850,NN,0.6252,4.86,4,-4.644917
audio07.TextGrid,26,7,slowly,114.850,115.400,RB,4.6784,4.63,5,-0.922785
audio07.TextGrid,27,1,it,115.930,116.040,PRP,3.6320,6.95,2,1.370280
audio07.TextGrid,27,2,was,116.040,116.160,VBD,0.4551,6.82,3,-1.993745
audio07.TextGrid,27,3,all,116.160,116.360,DT,5.4542,6.52,2,2.573528
audio07.TextGrid,27,4,he,116.360,116.450,PRP,2.4728,6.69,2,-0.163170
audio07.TextGrid,27,5,would,116.450,116.610,MD,4.8641,6.27,3,1.623572
audio07.TextGrid,27,6,have,116.610,116.840,VB,2.8072,6.71,3,0.200019
audio07.TextGrid,27,7,all,116.840,117.010,DT,7.9970,6.52,2,5.116328
audio07.TextGrid,27,8,day,117.010,117.460,NN,0.9203,5.95,2,-2.780844
audio07.TextGrid,27,9,and,117.460,117.600,CC,2.3348,7.41,3,0.735216
audio07.TextGrid,27,10,he,117.600,117.750,PRP,1.4037,6.69,2,-1.232270
audio07.TextGrid,27,11,knew,117.750,117.980,VBD,3.0218,5.2,3,-1.758913
audio07.TextGrid,27,12,that,117.980,118.110,IN,1.7641,7.01,3,-0.411254
audio07.TextGrid,27,13,he,118.110,118.230,PRP,1.4197,6.69,2,-1.216270
audio07.TextGrid,27,14,should,118.230,118.470,MD,3.7574,5.99,3,0.113833
audio07.TextGrid,27,15,take,118.470,118.730,VB,3.5845,5.92,3,-0.159827
audio07.TextGrid,27,16,it,118.730,118.920,PRP,1.9675,6.95,2,-0.294220
audio07.TextGrid,28,1,for,119.850,119.940,IN,5.9499,7.01,2,3.774546
audio07.TextGrid,28,2,a,119.940,119.970,DT,1.4337,7.36,1,-0.237855
audio07.TextGrid,28,3,long,119.970,120.230,JJ,1.5938,5.81,3,-2.308864
audio07.TextGrid,28,4,time,120.230,120.510,NN,0.1713,6.29,3,-3.040440
audio07.TextGrid,28,5,now,120.510,120.760,RB,4.8830,6.18,2,1.512923
audio07.TextGrid,28,6,eating,120.760,121.080,VBG,12.4987,4.85,4,7.214188
audio07.TextGrid,28,7,had,121.080,121.200,VBD,2.7686,6.33,3,-0.385563
audio07.TextGrid,28,8,bored,121.200,121.610,VBN,9.7353,4.2,4,3.515162
audio07.TextGrid,28,9,him,121.660,121.930,PRP,0.2958,6.11,2,-3.175036
audio07.TextGrid,28,10,and,122.170,122.300,CC,1.0608,7.41,3,-0.538784
audio07.TextGrid,28,11,he,122.300,122.380,PRP,0.5546,6.69,2,-2.081370
audio07.TextGrid,28,12,never,122.380,122.590,RB,4.1269,5.91,4,0.368179
audio07.TextGrid,28,13,carried,122.590,122.930,VBD,7.3828,4.77,5,1.983134
audio07.TextGrid,28,14,a,122.930,123.000,DT,2.5967,7.36,1,0.925145
audio07.TextGrid,28,15,lunch,123.000,123.450,NN,6.8480,4.66,4,1.289998
audio07.TextGrid,29,1,he,124.010,124.120,PRP,0.9547,6.69,2,-1.681270
audio07.TextGrid,29,2,had,124.120,124.260,VBD,2.1929,6.33,3,-0.961263
audio07.TextGrid,29,3,a,124.260,124.300,DT,3.0016,7.36,1,1.330045
audio07.TextGrid,29,4,bottle,124.300,124.580,NN,4.6432,4.57,5,-1.044350
audio07.TextGrid,29,5,of,124.580,124.700,IN,0.1830,7.4,2,-1.430978
audio07.TextGrid,29,6,water,124.700,125.060,NN,2.3910,5.52,4,-1.929097
audio07.TextGrid,29,7,in,125.060,125.150,IN,1.9016,7.27,2,0.100496
audio07.TextGrid,29,8,the,125.150,125.210,DT,2.0294,7.73,2,0.890432
audio07.TextGrid,29,9,bow,125.210,125.540,NN,7.4885,4.3,2,1.412305
audio07.TextGrid,29,10,of,125.540,125.610,IN,0.9426,7.4,2,-0.671378
audio07.TextGrid,29,11,the,125.610,125.730,DT,1.0990,7.73,2,-0.039968
audio07.TextGrid,29,12,skiff,125.730,126.170,NN,7.8901,2.63,4,-0.589935
audio07.TextGrid,30,1,and,126.750,126.840,CC,0.8119,7.41,2,-0.787684
audio07.TextGrid,30,2,that,126.840,127.000,DT,5.5611,7.01,3,3.385746
audio07.TextGrid,30,3,was,127.000,127.110,VBD,1.1020,6.82,3,-1.346845
audio07.TextGrid,30,4,all,127.110,127.290,DT,1.8882,6.52,2,-0.992472
audio07.TextGrid,30,5,he,127.290,127.410,PRP,0.2665,6.69,2,-2.369470
audio07.TextGrid,30,6,needed,127.410,127.750,VBD,2.2798,5.18,5,-2.529701
audio07.TextGrid,30,7,for,127.750,127.900,IN,3.7622,7.01,2,1.586846
audio07.TextGrid,30,8,the,127.900,128.000,DT,2.2485,7.73,2,1.109532
audio07.TextGrid,30,9,day,128.000,128.360,NN,1.8556,5.95,2,-1.845544
audio07.TextGrid,31,1,the,129.870,129.960,DT,1.9846,7.73,2,0.845632
audio07.TextGrid,31,2,boy,129.960,130.210,NN,2.0856,5.17,2,-2.738296
audio07.TextGrid,31,3,was,130.210,130.390,VBD,2.6763,6.82,3,0.227455
audio07.TextGrid,31,4,back,130.390,130.670,RB,6.5166,6.04,3,2.945004
audio07.TextGrid,31,5,now,130.670,130.970,RB,4.6191,6.18,2,1.249023
audio07.TextGrid,31,6,with,130.970,131.130,IN,3.3433,6.85,3,0.937638
audio07.TextGrid,31,7,the,131.130,131.230,DT,1.3577,7.73,2,0.218732
audio07.TextGrid,31,8,sardines,131.230,131.890,NNS,3.3348,2.93,7,-4.713407
audio07.TextGrid,31,9,and,131.890,131.990,CC,0.5505,7.41,2,-1.049084
audio07.TextGrid,31,10,the,131.990,132.080,DT,1.4190,7.73,2,0.280032
audio07.TextGrid,31,11,two,132.080,132.270,CD,5.7344,6.1,2,2.249169
audio07.TextGrid,31,12,baits,132.270,132.670,NNS,2.7807,2.65,4,-5.670546
audio07.TextGrid,31,13,wrapped,132.670,132.920,VBD,7.4192,4.15,4,1.127091
audio07.TextGrid,31,14,in,132.920,133.010,IN,1.1348,7.27,2,-0.666304
audio07.TextGrid,31,15,a,133.010,133.060,DT,2.1888,7.36,1,0.517245
audio07.TextGrid,31,16,newspaper,133.060,133.740,NN,7.6634,4.6,7,2.019032
audio07.TextGrid,31,17,and,134.010,134.130,CC,1.7458,7.41,2,0.146216
audio07.TextGrid,31,18,they,134.130,134.230,PRP,3.1624,6.5,2,0.252939
audio07.TextGrid,31,19,went,134.230,134.420,VBD,2.4861,5.5,4,-1.862785
audio07.TextGrid,31,20,down,134.420,134.650,IN,3.2975,5.88,3,-0.504404
audio07.TextGrid,31,21,the,134.650,134.730,DT,0.9869,7.73,2,-0.152068
audio07.TextGrid,31,22,trail,134.730,135.100,NN,5.4510,4.45,4,-0.409281
audio07.TextGrid,31,23,to,135.100,135.230,TO,1.2544,7.43,2,-0.316396
audio07.TextGrid,31,24,the,135.230,135.340,DT,0.3276,7.73,2,-0.811368
audio07.TextGrid,31,25,skiff,135.340,135.830,NN,5.0246,2.63,4,-3.455435
audio07.TextGrid,31,26,feeling,136.120,136.450,VBG,7.8381,5.13,5,2.956627
audio07.TextGrid,31,27,the,136.450,136.510,DT,1.1525,7.73,2,0.013532
audio07.TextGrid,31,28,pebbled,136.510,136.970,JJ,13.1716,2.02,6,3.813516
audio07.TextGrid,31,29,sand,136.970,137.400,NN,4.6495,4.44,4,-1.225176
audio07.TextGrid,31,30,under,137.400,137.630,IN,4.6345,5.73,4,0.616682
audio07.TextGrid,31,31,their,137.630,137.810,PRP$,1.6974,6.33,3,-1.456763
audio07.TextGrid,31,32,feet,137.810,138.190,NNS,0.2488,4.99,3,-4.834192
audio07.TextGrid,31,33,and,138.490,138.660,CC,2.0358,7.41,3,0.436216
audio07.TextGrid,31,34,lifted,138.660,138.930,VBD,7.8944,4.1,6,1.530320
audio07.TextGrid,31,35,the,138.930,139.020,DT,1.4615,7.73,2,0.322532
audio07.TextGrid,31,36,skiff,139.020,139.450,NN,4.5952,2.63,4,-3.884835
audio07.TextGrid,31,37,and,139.450,139.620,CC,2.6371,7.41,3,1.037516
audio07.TextGrid,31,38,slid,139.620,139.840,VB,6.8820,3.55,4,-0.273764
audio07.TextGrid,31,39,her,139.840,139.940,PRP$,7.2423,6.3,2,4.044954
audio07.TextGrid,31,40,into,139.940,140.090,IN,2.3457,6.11,4,-1.125136
audio07.TextGrid,31,41,the,140.090,140.170,DT,0.2623,7.73,2,-0.876668
audio07.TextGrid,31,42,water,140.170,140.630,NN,1.6523,5.52,4,-2.667797
audio07.TextGrid,31,43,good,142.190,142.350,JJ,4.2173,6.12,3,0.760858
audio07.TextGrid,31,44,luck,142.350,142.540,NN,3.1415,4.91,3,-2.056646
audio07.TextGrid,31,45,old,142.540,142.710,JJ,8.2995,5.75,3,4.310471
audio07.TextGrid,31,46,man,142.710,143.090,NN,0.3886,5.82,3,-3.499670
audio07.TextGrid,32,1,good,144.040,144.230,JJ,2.5832,6.12,3,-0.873242
audio07.TextGrid,32,2,luck,144.230,144.540,NN,0.1514,4.91,3,-5.046746
audio07.TextGrid,32,3,the,144.800,144.970,DT,0.5493,7.73,2,-0.589668
audio07.TextGrid,32,4,old,144.970,145.150,JJ,0.8583,5.75,3,-3.130729
audio07.TextGrid,32,5,man,145.150,145.400,NN,0.0063,5.82,3,-3.881970
audio07.TextGrid,32,6,said,145.400,145.840,VBD,0.0700,6.01,3,-3.544779
audio07.TextGrid,33,1,he,146.810,146.930,PRP,1.9356,6.69,2,-0.700370
audio07.TextGrid,33,2,fitted,146.930,147.210,VBD,10.6412,4.13,5,4.320303
audio07.TextGrid,33,3,the,147.210,147.280,DT,0.6934,7.73,2,-0.445568
audio07.TextGrid,33,4,rope,147.280,147.550,NN,5.5540,4.06,3,-0.867657
audio07.TextGrid,33,5,lashings,147.550,148.040,NNS,14.6348,2.26,6,5.622178
audio07.TextGrid,33,6,of,148.040,148.110,IN,2.5555,7.4,2,0.941522
audio07.TextGrid,33,7,the,148.110,148.270,DT,0.3988,7.73,2,-0.740168
audio07.TextGrid,33,8,oars,148.270,148.660,NNS,7.6642,3.01,3,-0.268853
audio07.TextGrid,33,9,onto,148.660,148.890,IN,5.1688,4.77,4,-0.230866
audio07.TextGrid,33,10,the,148.890,149.010,DT,0.3161,7.73,2,-0.822868
audio07.TextGrid,33,11,thole,149.010,149.300,JJ,15.8251,1.96,3,6.380651
audio07.TextGrid,33,12,pins,149.300,149.890,NNS,10.5666,3.8,4,3.770692
audio07.TextGrid,33,13,and,150.100,150.450,CC,1.4354,7.41,3,-0.164184
audio07.TextGrid,33,14,leaning,150.450,150.820,VBG,4.7010,3.89,5,-1.965359
audio07.TextGrid,33,15,forward,150.820,151.240,RB,2.6519,5.12,6,-2.243967
audio07.TextGrid,33,16,against,151.240,151.570,IN,5.0785,5.68,6,0.988711
audio07.TextGrid,33,17,the,151.570,151.680,DT,0.1780,7.73,2,-0.960968
audio07.TextGrid,33,18,thrust,151.680,152.020,NN,10.8788,3.86,5,4.169258
audio07.TextGrid,33,19,of,152.020,152.090,IN,3.0334,7.4,2,1.419422
audio07.TextGrid,33,20,the,152.090,152.190,DT,0.1517,7.73,2,-0.987268
audio07.TextGrid,33,21,blades,152.190,152.560,NNS,8.6785,3.87,5,1.983352
audio07.TextGrid,33,22,in,152.560,152.650,IN,4.4403,7.27,2,2.639196
audio07.TextGrid,33,23,the,152.650,152.720,DT,0.3940,7.73,2,-0.744968
audio07.TextGrid,33,24,water,152.720,153.090,NN,1.9047,5.52,4,-2.415397
audio07.TextGrid,34,1,he,153.590,153.670,PRP,2.4438,6.69,2,-0.192170
audio07.TextGrid,34,2,began,153.670,153.970,VBD,4.1896,5.07,5,-0.778238
audio07.TextGrid,34,3,to,153.970,154.060,TO,0.4341,7.43,2,-1.136696
audio07.TextGrid,34,4,row,154.060,154.390,VB,8.1008,4.6,2,2.456432
audio07.TextGrid,34,5,out,154.390,154.500,IN,4.5235,6.38,2,1.441308
audio07.TextGrid,34,6,of,154.500,154.570,IN,1.8659,7.4,2,0.251922
audio07.TextGrid,34,7,the,154.570,154.690,DT,0.2873,7.73,2,-0.851668
audio07.TextGrid,34,8,harbour,154.690,155.070,NN,7.6218,3.98,5,1.084989
audio07.TextGrid,34,9,in,155.070,155.140,IN,4.0014,7.27,2,2.200296
audio07.TextGrid,34,10,the,155.140,155.240,DT,1.0287,7.73,2,-0.110268
audio07.TextGrid,34,11,dark,155.240,155.640,NN,3.9145,5.04,4,-1.096521
audio07.TextGrid,35,1,there,156.620,156.740,EX,4.1065,6.31,3,0.923549
audio07.TextGrid,35,2,were,156.740,156.880,VBD,1.4832,6.34,2,-1.656569
audio07.TextGrid,35,3,other,156.880,157.090,JJ,5.2200,6.16,3,1.821135
audio07.TextGrid,35,4,boats,157.090,157.480,NNS,1.5673,4.25,4,-4.580866
audio07.TextGrid,35,5,from,157.480,157.620,IN,5.3731,6.63,4,2.650765
audio07.TextGrid,35,6,the,157.620,157.770,DT,0.9875,7.73,2,-0.151468
audio07.TextGrid,35,7,other,157.770,157.930,JJ,3.9378,6.16,3,0.538935
audio07.TextGrid,35,8,beaches,157.930,158.490,NNS,9.3741,3.96,5,2.808500
audio07.TextGrid,35,9,going,158.490,158.780,VBG,6.1853,5.94,4,2.469761
audio07.TextGrid,35,10,out,158.780,158.980,IN,3.1931,6.38,2,0.110908
audio07.TextGrid,35,11,to,158.980,159.050,TO,2.1657,7.43,2,0.594904
audio07.TextGrid,35,12,sea,159.050,159.460,VB,2.0925,5.06,2,-2.889732
audio07.TextGrid,35,13,and,159.670,159.780,CC,1.5933,7.41,2,-0.006284
audio07.TextGrid,35,14,the,159.780,159.880,DT,1.8235,7.73,2,0.684532
audio07.TextGrid,35,15,old,159.880,160.100,JJ,1.4723,5.75,3,-2.516729
audio07.TextGrid,35,16,man,160.100,160.340,NN,0.0319,5.82,3,-3.856370
audio07.TextGrid,35,17,heard,160.340,160.520,VBD,4.7226,5.27,3,0.042647
audio07.TextGrid,35,18,the,160.520,160.620,DT,1.1616,7.73,2,0.022632
audio07.TextGrid,35,19,dip,160.620,160.920,NN,11.1005,4.05,3,4.664449
audio07.TextGrid,35,20,and,160.920,161.040,CC,2.1438,7.41,2,0.544216
audio07.TextGrid,35,21,push,161.040,161.370,NN,9.4256,4.82,3,4.097906
audio07.TextGrid,35,22,of,161.370,161.440,IN,0.4737,7.4,2,-1.140278
audio07.TextGrid,35,23,their,161.440,161.740,PRP$,4.2625,6.33,3,1.108337
audio07.TextGrid,35,24,oars,161.740,162.240,NNS,4.7831,3.01,3,-3.149953
audio07.TextGrid,35,25,even,162.240,162.520,RB,7.7496,5.99,4,4.106033
audio07.TextGrid,35,26,though,162.520,162.690,IN,1.9191,5.5,2,-2.429785
audio07.TextGrid,35,27,he,162.690,162.760,PRP,1.4458,6.69,2,-1.190170
audio07.TextGrid,35,28,could,162.760,162.930,MD,2.2855,6.06,3,-1.257308
audio07.TextGrid,35,29,not,162.930,163.120,RB,0.6156,6.69,3,-2.020370
audio07.TextGrid,35,30,see,163.120,163.330,VB,0.5328,6.1,2,-2.952431
audio07.TextGrid,35,31,them,163.330,163.560,PRP,0.9550,6.19,3,-2.400682
audio07.TextGrid,35,32,now,163.560,163.750,RB,6.2426,6.18,2,2.872523
audio07.TextGrid,35,33,the,163.750,163.830,DT,7.4158,7.73,2,6.276832
audio07.TextGrid,35,34,moon,163.830,164.100,NN,5.0393,4.7,3,-0.461125
audio07.TextGrid,35,35,was,164.100,164.270,VBD,0.7386,6.82,3,-1.710245
audio07.TextGrid,35,36,below,164.270,164.540,IN,6.4964,5.05,4,1.499773
audio07.TextGrid,35,37,the,164.540,164.650,DT,1.7075,7.73,2,0.568532
audio07.TextGrid,35,38,hills,164.650,165.150,NNS,6.9699,4.46,4,1.124013
audio08.TextGrid,1,1,sometimes,1.200,1.740,RB,6.6556,5.28,7,1.990041
audio08.TextGrid,1,2,someone,1.740,1.990,NN,7.2538,5.63,6,3.092040
audio08.TextGrid,1,3,would,1.990,2.160,MD,0.8196,6.27,3,-2.420928
audio08.TextGrid,1,4,speak,2.160,2.550,VB,7.0057,5.03,4,1.980285
audio08.TextGrid,1,5,in,2.550,2.650,IN,2.8811,7.27,2,1.079996
audio08.TextGrid,1,6,a,2.650,2.700,DT,1.9459,7.36,1,0.274345
audio08.TextGrid,1,7,boat,2.700,3.100,NN,4.5149,4.71,3,-0.971131
audio08.TextGrid,1,8,but,3.410,3.600,CC,4.2829,6.63,3,1.560565
audio08.TextGrid,1,9,most,3.600,3.840,JJS,4.4663,6.0,4,0.837127
audio08.TextGrid,1,10,of,3.840,3.910,IN,0.5164,7.4,2,-1.097578
audio08.TextGrid,1,11,the,3.910,3.990,DT,0.5914,7.73,2,-0.547568
audio08.TextGrid,1,12,boats,3.990,4.280,NNS,3.2095,4.25,4,-2.938666
audio08.TextGrid,1,13,were,4.280,4.360,VBD,1.0863,6.34,2,-2.053469
audio08.TextGrid,1,14,silent,4.360,4.930,JJ,4.8424,4.45,6,-1.017881
audio08.TextGrid,1,15,except,4.930,5.250,IN,3.7414,5.02,6,-1.298409
audio08.TextGrid,1,16,for,5.250,5.320,IN,0.3670,7.01,2,-1.808354
audio08.TextGrid,1,17,the,5.320,5.420,DT,0.7617,7.73,2,-0.377268
audio08.TextGrid,1,18,dip,5.420,5.660,NN,9.3016,4.05,3,2.865549
audio08.TextGrid,1,19,of,5.660,5.750,IN,2.4541,7.4,2,0.840122
audio08.TextGrid,1,20,the,5.750,5.890,DT,0.3229,7.73,2,-0.816068
audio08.TextGrid,1,21,oars,5.890,6.340,NNS,1.6106,3.01,3,-6.322453
audio08.TextGrid,2,1,they,6.910,7.050,PRP,2.6188,6.5,2,-0.290661
audio08.TextGrid,2,2,spread,7.050,7.340,VBP,8.6251,4.81,5,3.283011
audio08.TextGrid,2,3,apart,7.340,7.840,RB,6.6987,4.78,5,1.313429
audio08.TextGrid,2,4,after,7.840,8.120,IN,6.3614,6.11,4,2.890564
audio08.TextGrid,2,5,they,8.120,8.250,PRP,2.4878,6.5,2,-0.421661
audio08.TextGrid,2,6,were,8.250,8.420,VBD,2.3656,6.34,2,-0.774169
audio08.TextGrid,2,7,out,8.420,8.580,IN,3.4741,6.38,2,0.391908
audio08.TextGrid,2,8,of,8.580,8.650,IN,0.7994,7.4,2,-0.814578
audio08.TextGrid,2,9,the,8.650,8.740,DT,1.2554,7.73,2,0.116432
audio08.TextGrid,2,10,mouth,8.740,9.030,NN,7.7502,4.83,3,2.436900
audio08.TextGrid,2,11,of,9.030,9.100,IN,0.1710,7.4,2,-1.442978
audio08.TextGrid,2,12,the,9.100,9.220,DT,0.0885,7.73,2,-1.050468
audio08.TextGrid,2,13,harbour,9.220,9.590,NN,3.2559,3.98,5,-3.280911
audio08.TextGrid,3,1,and,10.200,10.300,CC,0.6398,7.41,2,-0.959784
audio08.TextGrid,3,2,each,10.300,10.530,DT,5.6024,5.69,2,1.527005
audio08.TextGrid,3,3,one,10.530,10.760,CD,2.4687,6.47,3,-0.483943
audio08.TextGrid,3,4,headed,10.760,11.060,VBN,6.7403,4.55,5,1.023961
audio08.TextGrid,3,5,for,11.060,11.150,IN,1.5024,7.01,2,-0.672954
audio08.TextGrid,3,6,the,11.150,11.250,DT,0.5106,7.73,2,-0.628368
audio08.TextGrid,3,7,part,11.250,11.530,NN,8.9803,5.78,4,5.034453
audio08.TextGrid,3,8,of,11.530,11.600,IN,0.3314,7.4,2,-1.282578
audio08.TextGrid,3,9,the,11.600,11.770,DT,0.1815,7.73,2,-0.957468
audio08.TextGrid,3,10,ocean,11.770,12.100,NN,3.8007,4.7,4,-1.699725
audio08.TextGrid,3,11,where,12.100,12.350,WRB,0.8314,6.0,4,-2.797773
audio08.TextGrid,3,12,he,12.350,12.480,PRP,5.2206,6.69,2,2.584630
audio08.TextGrid,3,13,hoped,12.480,12.700,VBD,5.7001,4.28,4,-0.404884
audio08.TextGrid,3,14,to,12.700,12.800,TO,0.5911,7.43,2,-0.979696
audio08.TextGrid,3,15,find,12.800,13.140,VB,1.6528,5.76,4,-2.321835
audio08.TextGrid,3,16,fish,13.140,13.570,JJ,5.5722,4.9,3,0.359660
audio08.TextGrid,4,1,the,14.590,14.710,DT,1.6395,7.73,2,0.500532
audio08.TextGrid,4,2,old,14.710,14.900,JJ,1.5212,5.75,3,-2.467829
audio08.TextGrid,4,3,man,14.900,15.130,NN,0.0047,5.82,3,-3.883570
audio08.TextGrid,4,4,knew,15.130,15.390,VBD,4.1581,5.2,3,-0.622613
audio08.TextGrid,4,5,he,15.390,15.510,PRP,2.7399,6.69,2,0.103930
audio08.TextGrid,4,6,was,15.510,15.690,VBD,1.7816,6.82,3,-0.667245
audio08.TextGrid,4,7,going,15.690,16.010,VBG,1.7973,5.94,4,-1.918239
audio08.TextGrid,4,8,far,16.010,16.360,RB,4.8730,5.5,3,0.524115
audio08.TextGrid,4,9,out,16.360,16.730,RB,4.5385,6.38,2,1.456308
audio08.TextGrid,4,10,and,17.030,17.120,CC,2.1551,7.41,2,0.555516
audio08.TextGrid,4,11,he,17.120,17.250,PRP,1.4161,6.69,2,-1.219870
audio08.TextGrid,4,12,left,17.250,17.450,VBD,6.1906,5.62,4,2.014446
audio08.TextGrid,4,13,the,17.450,17.570,DT,0.9193,7.73,2,-0.219668
audio08.TextGrid,4,14,smell,17.570,17.860,NN,7.9718,4.49,4,2.169096
audio08.TextGrid,4,15,of,17.860,17.920,IN,0.2682,7.4,2,-1.345778
audio08.TextGrid,4,16,the,17.920,18.000,DT,0.7874,7.73,2,-0.351568
audio08.TextGrid,4,17,land,18.000,18.270,NN,4.9739,5.22,4,0.221976
audio08.TextGrid,4,18,behind,18.270,18.850,IN,1.7260,5.29,6,-2.925165
audio08.TextGrid,4,19,and,18.850,19.020,CC,1.6466,7.41,3,0.047016
audio08.TextGrid,4,20,rowed,19.020,19.290,VBD,7.7421,2.78,3,-0.522021
audio08.TextGrid,4,21,out,19.290,19.550,RP,0.7465,6.38,2,-2.335692
audio08.TextGrid,4,22,into,19.550,19.700,IN,2.4168,6.11,4,-1.054036
audio08.TextGrid,4,23,the,19.700,19.810,DT,0.0829,7.73,2,-1.056068
audio08.TextGrid,4,24,clean,19.810,20.170,JJ,8.7632,4.97,4,3.651419
audio08.TextGrid,4,25,early,20.170,20.390,JJ,9.1438,5.43,3,4.694155
audio08.TextGrid,4,26,morning,20.390,20.750,NN,0.4277,5.33,6,-4.165888
audio08.TextGrid,4,27,smell,20.750,21.030,NN,9.9864,4.49,4,4.183696
audio08.TextGrid,4,28,of,21.030,21.110,IN,0.8551,7.4,2,-0.758878
audio08.TextGrid,4,29,the,21.110,21.250,DT,0.4818,7.73,2,-0.657168
audio08.TextGrid,4,30,ocean,21.250,21.580,NN,3.5637,4.7,4,-1.936725
audio08.TextGrid,5,1,he,22.450,22.560,PRP,1.3017,6.69,2,-1.334270
audio08.TextGrid,5,2,saw,22.560,22.770,VBD,3.5444,5.34,2,-1.034793
audio08.TextGrid,5,3,the,22.770,22.850,DT,1.2258,7.73,2,0.086832
audio08.TextGrid,5,4,phosphorescence,22.850,23.700,NN,11.4055,1.88,10,1.845897
audio08.TextGrid,5,5,of,23.700,23.780,IN,0.5431,7.4,2,-1.070878
audio08.TextGrid,5,6,the,23.780,23.880,DT,0.4464,7.73,2,-0.692568
audio08.TextGrid,5,7,gulf,23.880,24.270,NN,8.7319,4.28,4,2.626916
audio08.TextGrid,5,8,weed,24.270,24.590,NN,13.9021,4.27,3,7.782722
audio08.TextGrid,5,9,in,24.590,24.670,IN,2.9642,7.27,2,1.163096
audio08.TextGrid,5,10,the,24.670,24.740,DT,0.1958,7.73,2,-0.943168
audio08.TextGrid,5,11,water,24.740,25.220,NN,2.5796,5.52,4,-1.740497
audio08.TextGrid,5,12,as,25.220,25.370,IN,4.1030,6.77,2,1.582184
audio08.TextGrid,5,13,he,25.370,25.480,PRP,1.0751,6.69,2,-1.560870
audio08.TextGrid,5,14,rowed,25.480,25.770,VBD,3.5271,2.78,3,-4.737021
audio08.TextGrid,5,15,over,25.770,25.950,IN,4.9386,6.08,3,1.424581
audio08.TextGrid,5,16,the,25.950,26.030,DT,0.9754,7.73,2,-0.163568
audio08.TextGrid,5,17,part,26.030,26.290,NN,5.2688,5.78,4,1.322953
audio08.TextGrid,5,18,of,26.290,26.360,IN,0.1833,7.4,2,-1.430678
audio08.TextGrid,5,19,the,26.360,26.500,DT,0.1158,7.73,2,-1.023168
audio08.TextGrid,5,20,ocean,26.500,26.830,NN,1.7620,4.7,4,-3.738425
audio08.TextGrid,5,21,that,26.830,26.940,IN,2.0998,7.01,3,-0.075554
audio08.TextGrid,5,22,the,26.940,27.050,DT,4.1785,7.73,2,3.039532
audio08.TextGrid,5,23,fishermen,27.050,27.460,NNS,5.3024,3.65,7,-1.709421
audio08.TextGrid,5,24,called,27.460,27.790,VBD,4.4663,5.59,4,0.246963
audio08.TextGrid,5,25,the,27.790,27.900,DT,0.8141,7.73,2,-0.324868
audio08.TextGrid,5,26,great,27.900,28.270,JJ,6.9420,5.88,4,3.140096
audio08.TextGrid,5,27,well,28.270,28.680,NN,7.7153,6.03,3,4.129310
audio08.TextGrid,6,1,because,29.130,29.500,IN,4.3308,6.03,5,0.744810
audio08.TextGrid,6,2,there,29.500,29.600,EX,3.6020,6.31,3,0.419049
audio08.TextGrid,6,3,was,29.600,29.750,VBD,0.5397,6.82,3,-1.909145
audio08.TextGrid,6,4,a,29.750,29.820,DT,1.6353,7.36,1,-0.036255
audio08.TextGrid,6,5,sudden,29.820,30.160,JJ,7.5178,4.4,5,1.585547
audio08.TextGrid,6,6,deep,30.160,30.580,NN,7.8946,5.05,3,2.897973
audio08.TextGrid,6,7,of,30.580,30.720,IN,6.9822,7.4,2,5.368222
audio08.TextGrid,6,8,seven,30.720,31.030,CD,9.5065,5.08,5,4.553056
audio08.TextGrid,6,9,hundred,31.030,31.310,VBD,2.5282,4.71,7,-2.957831
audio08.TextGrid,6,10,fathoms,31.310,31.850,NNS,6.0703,2.49,6,-2.611254
audio08.TextGrid,6,11,where,32.210,32.350,WRB,3.9806,6.0,3,0.351427
audio08.TextGrid,6,12,all,32.350,32.510,DT,4.5861,6.52,2,1.705428
audio08.TextGrid,6,13,sorts,32.510,32.820,NNS,4.5270,4.21,5,-1.678743
audio08.TextGrid,6,14,of,32.820,32.920,IN,0.0036,7.4,2,-1.610378
audio08.TextGrid,6,15,fish,32.920,33.170,NN,1.9011,4.9,3,-3.311440
audio08.TextGrid,6,16,congregated,33.170,33.900,VBN,6.5562,2.45,11,-2.182931
audio08.TextGrid,6,17,because,33.900,34.220,IN,6.0013,6.03,5,2.415310
audio08.TextGrid,6,18,of,34.220,34.310,IN,1.2299,7.4,2,-0.384078
audio08.TextGrid,6,19,the,34.310,34.400,DT,0.4198,7.73,2,-0.719168
audio08.TextGrid,6,20,swirl,34.400,34.830,NN,9.8822,3.16,4,2.165061
audio08.TextGrid,6,21,the,34.830,34.920,DT,6.0134,7.73,2,4.874432
audio08.TextGrid,6,22,current,34.920,35.290,JJ,7.6430,5.27,6,2.963047
audio08.TextGrid,6,23,made,35.290,35.540,VBN,1.7098,5.92,3,-2.034527
audio08.TextGrid,6,24,against,35.540,35.840,IN,5.7101,5.68,6,1.620311
audio08.TextGrid,6,25,the,35.840,35.940,DT,0.3996,7.73,2,-0.739368
audio08.TextGrid,6,26,steep,35.940,36.230,JJ,7.6822,3.99,4,1.159783
audio08.TextGrid,6,27,walls,36.230,36.560,NNS,5.7780,4.62,4,0.162421
audio08.TextGrid,6,28,of,36.560,36.630,IN,0.6707,7.4,2,-0.943278
audio08.TextGrid,6,29,the,36.630,36.740,DT,0.1568,7.73,2,-0.982168
audio08.TextGrid,6,30,floor,36.740,37.010,NN,8.7330,4.94,4,3.578037
audio08.TextGrid,6,31,of,37.010,37.070,IN,2.0967,7.4,2,0.482722
audio08.TextGrid,6,32,the,37.070,37.240,DT,0.1081,7.73,2,-1.030868
audio08.TextGrid,6,33,ocean,37.240,37.650,NN,4.8760,4.7,4,-0.624425
audio08.TextGrid,7,1,here,38.650,38.890,RB,6.5534,5.97,3,2.881044
audio08.TextGrid,7,2,there,38.890,39.010,EX,3.5577,6.31,3,0.374749
audio08.TextGrid,7,3,were,39.010,39.140,VBD,1.1879,6.34,2,-1.951869
audio08.TextGrid,7,4,concentrations,39.140,40.050,NNS,10.2184,3.76,13,3.364915
audio08.TextGrid,7,5,of,40.050,40.170,IN,0.1333,7.4,2,-1.480678
audio08.TextGrid,7,6,shrimp,40.170,40.640,NN,6.4625,3.79,5,-0.347802
audio08.TextGrid,7,7,and,40.640,40.790,CC,1.1347,7.41,3,-0.464884
audio08.TextGrid,7,8,bait,40.790,41.080,NN,7.0102,3.85,3,0.286264
audio08.TextGrid,7,9,fish,41.080,41.490,NN,4.2312,4.9,3,-0.981340
audio08.TextGrid,7,10,and,41.490,41.610,CC,1.6831,7.41,3,0.083516
audio08.TextGrid,7,11,sometimes,41.610,42.100,RB,5.1631,5.28,7,0.497541
audio08.TextGrid,7,12,schools,42.100,42.560,NNS,12.1019,5.05,5,7.105273
audio08.TextGrid,7,13,of,42.560,42.660,IN,0.1052,7.4,2,-1.508778
audio08.TextGrid,7,14,squid,42.660,43.190,NN,4.9886,3.44,5,-2.325500
audio08.TextGrid,7,15,in,43.190,43.290,IN,3.7267,7.27,2,1.925596
audio08.TextGrid,7,16,the,43.290,43.370,DT,0.3595,7.73,2,-0.779468
audio08.TextGrid,7,17,deepest,43.370,43.810,NN,7.2788,3.77,6,0.439710
audio08.TextGrid,7,18,holes,43.810,44.260,NNS,4.8639,4.35,4,-1.140324
audio08.TextGrid,7,19,and,44.440,44.570,CC,2.8718,7.41,2,1.272216
audio08.TextGrid,7,20,these,44.570,44.890,DT,4.8950,6.04,3,1.323404
audio08.TextGrid,7,21,rose,44.890,45.280,VBD,9.5060,4.82,3,4.178306
audio08.TextGrid,7,22,close,45.280,45.580,RB,7.7011,5.36,4,3.150695
audio08.TextGrid,7,23,to,45.580,45.680,TO,0.5983,7.43,2,-0.972496
audio08.TextGrid,7,24,the,45.680,45.800,DT,0.2795,7.73,2,-0.859468
audio08.TextGrid,7,25,surface,45.800,46.290,NN,2.3917,4.83,5,-2.921600
audio08.TextGrid,7,26,at,46.290,46.430,IN,5.1965,6.7,2,2.574924
audio08.TextGrid,7,27,night,46.430,46.850,NN,2.6485,5.61,3,-1.542049
audio08.TextGrid,7,28,where,46.850,46.980,WRB,3.9133,6.0,3,0.284127
audio08.TextGrid,7,29,all,46.980,47.110,PDT,4.7131,6.52,2,1.832428
audio08.TextGrid,7,30,the,47.110,47.190,DT,1.2539,7.73,2,0.114932
audio08.TextGrid,7,31,wandering,47.190,47.790,VBG,10.5402,3.8,7,3.744292
audio08.TextGrid,7,32,fish,47.790,48.120,JJ,1.6433,4.9,3,-3.569240
audio08.TextGrid,7,33,fed,48.120,48.350,VBN,6.9607,4.51,3,1.186784
audio08.TextGrid,7,34,on,48.350,48.520,IN,1.6589,6.91,2,-0.660397
audio08.TextGrid,7,35,them,48.520,48.730,PRP,1.7838,6.19,3,-1.571882
audio08.TextGrid,8,1,in,50.540,50.660,IN,3.5625,7.27,2,1.761396
audio08.TextGrid,8,2,the,50.660,50.730,DT,0.4061,7.73,2,-0.732868
audio08.TextGrid,8,3,dark,50.730,51.160,NN,3.1700,5.04,4,-1.841021
audio08.TextGrid,8,4,the,51.160,51.280,DT,1.5844,7.73,2,0.445432
audio08.TextGrid,8,5,old,51.280,51.480,JJ,1.5556,5.75,3,-2.433429
audio08.TextGrid,8,6,man,51.480,51.710,NN,0.0197,5.82,3,-3.868570
audio08.TextGrid,8,7,could,51.710,51.920,MD,3.0609,6.06,3,-0.481908
audio08.TextGrid,8,8,feel,51.920,52.170,VB,3.5601,5.67,3,-0.544083
audio08.TextGrid,8,9,the,52.170,52.270,DT,0.3467,7.73,2,-0.792268
audio08.TextGrid,8,10,morning,52.270,52.690,NN,7.3852,5.33,6,2.791612
audio08.TextGrid,8,11,coming,52.690,53.160,VBG,6.9709,5.4,5,2.478072
audio08.TextGrid,8,12,and,53.430,53.560,CC,1.1536,7.41,2,-0.445984
audio08.TextGrid,8,13,as,53.560,53.730,IN,5.3147,6.77,2,2.793884
audio08.TextGrid,8,14,he,53.730,53.850,PRP,0.4249,6.69,2,-2.211070
audio08.TextGrid,8,15,rowed,53.850,54.320,VBD,3.4605,2.78,3,-4.803621
audio08.TextGrid,8,16,he,54.320,54.480,PRP,3.2168,6.69,2,0.580830
audio08.TextGrid,8,17,heard,54.480,54.660,VBD,1.8616,5.27,3,-2.818353
audio08.TextGrid,8,18,the,54.660,54.770,DT,0.6382,7.73,2,-0.500768
audio08.TextGrid,8,19,trembling,54.770,55.320,VBG,8.3527,3.27,8,0.793897
audio08.TextGrid,8,20,sound,55.320,55.820,NN,4.0955,5.15,4,-0.757184
audio08.TextGrid,8,21,as,55.820,56.020,IN,6.0580,6.77,2,3.537184
audio08.TextGrid,8,22,flying,56.020,56.410,VBG,9.5373,4.71,5,4.051269
audio08.TextGrid,8,23,fish,56.410,56.790,JJ,2.4600,4.9,3,-2.752540
audio08.TextGrid,8,24,left,56.790,56.970,VBD,6.9421,5.62,4,2.765946
audio08.TextGrid,8,25,the,56.970,57.040,DT,0.6931,7.73,2,-0.445868
audio08.TextGrid,8,26,water,57.040,57.510,NN,2.1148,5.52,4,-2.205297
audio08.TextGrid,8,27,and,57.630,57.730,CC,1.1931,7.41,2,-0.406484
audio08.TextGrid,8,28,the,57.730,57.850,DT,3.1710,7.73,2,2.032032
audio08.TextGrid,8,29,hissing,57.850,58.260,NN,9.1070,2.88,5,0.986822
audio08.TextGrid,8,30,that,58.260,58.430,IN,5.2407,7.01,3,3.065346
audio08.TextGrid,8,31,their,58.430,58.520,PRP$,6.7138,6.33,3,3.559637
audio08.TextGrid,8,32,stiff,58.520,58.840,JJ,9.5893,3.9,4,2.937335
audio08.TextGrid,8,33,set,58.840,59.180,VBN,8.9008,5.59,3,4.681463
audio08.TextGrid,8,34,wings,59.180,59.530,NNS,5.8169,4.44,4,-0.057776
audio08.TextGrid,8,35,made,59.530,59.840,VBN,2.5233,5.92,3,-1.221027
audio08.TextGrid,8,36,as,59.840,59.950,IN,3.1652,6.77,2,0.644384
audio08.TextGrid,8,37,they,59.950,60.100,PRP,0.2616,6.5,2,-2.647861
audio08.TextGrid,8,38,soared,60.100,60.470,VBD,4.9438,3.06,4,-2.917282
audio08.TextGrid,8,39,away,60.470,60.750,RB,3.9203,5.62,3,-0.255854
audio08.TextGrid,8,40,in,60.750,60.820,IN,3.1208,7.27,2,1.319696
audio08.TextGrid,8,41,the,60.820,60.910,DT,0.6303,7.73,2,-0.508668
audio08.TextGrid,8,42,darkness,60.910,61.580,NN,3.5310,4.3,7,-2.545195
audio08.TextGrid,9,1,he,62.750,62.840,PRP,1.5219,6.69,2,-1.114070
audio08.TextGrid,9,2,was,62.840,62.980,VBD,2.7663,6.82,3,0.317455
audio08.TextGrid,9,3,very,62.980,63.210,RB,4.4567,6.0,4,0.827527
audio08.TextGrid,9,4,fond,63.210,63.540,JJ,6.2041,3.89,4,-0.462259
audio08.TextGrid,9,5,of,63.540,63.640,IN,0.0358,7.4,2,-1.578178
audio08.TextGrid,9,6,flying,63.640,64.010,VBG,5.0718,4.71,5,-0.414231
audio08.TextGrid,9,7,fish,64.010,64.420,JJ,1.5943,4.9,3,-3.618240
audio08.TextGrid,9,8,as,64.420,64.520,IN,3.6098,6.77,2,1.088984
audio08.TextGrid,9,9,they,64.520,64.650,PRP,1.3430,6.5,2,-1.566461
audio08.TextGrid,9,10,were,64.650,64.800,VBD,2.1045,6.34,2,-1.035269
audio08.TextGrid,9,11,his,64.800,64.940,PRP$,4.4069,6.51,3,1.511834
audio08.TextGrid,9,12,principal,64.940,65.400,JJ,8.2915,4.52,9,2.531978
audio08.TextGrid,9,13,friends,65.400,65.810,NNS,3.4249,5.43,5,-1.024745
audio08.TextGrid,9,14,on,65.810,65.940,IN,5.1960,6.91,2,2.876703
audio08.TextGrid,9,15,the,65.940,66.080,DT,0.4773,7.73,2,-0.661668
audio08.TextGrid,9,16,ocean,66.080,66.470,NN,4.4747,4.7,4,-1.025725
audio08.TextGrid,10,1,he,67.360,67.470,PRP,1.3109,6.69,2,-1.325070
audio08.TextGrid,10,2,was,67.470,67.600,VBD,2.3980,6.82,3,-0.050845
audio08.TextGrid,10,3,sorry,67.600,67.880,NN,6.3171,5.18,4,1.507599
audio08.TextGrid,10,4,for,67.880,68.010,IN,2.2428,7.01,2,0.067446
audio08.TextGrid,10,5,the,68.010,68.100,DT,1.1601,7.73,2,0.021132
audio08.TextGrid,10,6,birds,68.100,68.800,NNS,5.9370,4.6,4,0.292632
audio08.TextGrid,10,7,especially,68.920,69.460,RB,3.8724,5.21,7,-0.893919
audio08.TextGrid,10,8,the,69.460,69.560,DT,0.7736,7.73,2,-0.365368
audio08.TextGrid,10,9,small,69.560,69.910,JJ,4.1309,5.51,4,-0.203591
audio08.TextGrid,10,10,delicate,69.910,70.380,NN,10.6429,4.01,7,4.149272
audio08.TextGrid,10,11,dark,70.380,70.630,NN,7.5169,5.04,4,2.505879
audio08.TextGrid,10,12,terns,70.670,71.210,NNS,9.0017,2.51,4,0.348935
audio08.TextGrid,10,13,that,71.210,71.360,WDT,1.4768,7.01,3,-0.698554
audio08.TextGrid,10,14,were,71.360,71.460,VBD,2.4424,6.34,2,-0.697369
audio08.TextGrid,10,15,always,71.460,71.830,RB,4.0356,5.76,5,0.060965
audio08.TextGrid,10,16,flying,71.830,72.290,VBG,3.4073,4.71,5,-2.078731
audio08.TextGrid,10,17,and,72.290,72.430,CC,2.9972,7.41,3,1.397616
audio08.TextGrid,10,18,looking,72.430,72.820,VBG,5.8387,5.57,5,1.590574
audio08.TextGrid,10,19,and,72.820,72.960,CC,5.2050,7.41,3,3.605416
audio08.TextGrid,10,20,almost,72.960,73.330,RB,6.7903,5.39,6,2.283078
audio08.TextGrid,10,21,never,73.330,73.550,RB,4.0052,5.91,4,0.246479
audio08.TextGrid,10,22,finding,73.550,74.100,VBG,5.8685,4.85,6,0.583988
audio08.TextGrid,11,1,and,74.870,74.970,CC,1.8153,7.41,2,0.215716
audio08.TextGrid,11,2,he,74.970,75.080,PRP,0.9446,6.69,2,-1.691370
audio08.TextGrid,11,3,thought,75.080,75.390,VBD,3.3679,5.59,3,-0.851437
audio08.TextGrid,11,4,the,75.430,75.540,DT,4.8677,7.73,2,3.728732
audio08.TextGrid,11,5,birds,75.540,75.830,NNS,3.0113,4.6,4,-2.633068
audio08.TextGrid,11,6,have,75.830,75.980,VBP,4.8510,6.71,3,2.243819
audio08.TextGrid,11,7,a,75.980,76.010,DT,2.2044,7.36,1,0.532845
audio08.TextGrid,11,8,harder,76.010,76.310,JJR,6.6156,4.57,5,0.928050
audio08.TextGrid,11,9,life,76.310,76.560,NN,2.6440,5.89,3,-1.143510
audio08.TextGrid,11,10,than,76.560,76.680,IN,0.8525,6.13,3,-2.589548
audio08.TextGrid,11,11,we,76.680,76.880,PRP,3.2927,6.54,2,0.440816
audio08.TextGrid,11,12,do,76.880,77.190,VBP,0.3102,6.35,2,-2.815174
audio08.TextGrid,11,13,except,77.190,77.510,IN,6.3865,5.02,6,1.346691
audio08.TextGrid,11,14,for,77.510,77.580,IN,1.5102,7.01,2,-0.665154
audio08.TextGrid,11,15,the,77.580,77.710,DT,1.0013,7.73,2,-0.137668
audio08.TextGrid,11,16,robber,77.710,78.030,NN,11.5062,3.39,4,4.120128
audio08.TextGrid,11,17,birds,78.030,78.540,NNS,2.2754,4.6,4,-3.368968
audio08.TextGrid,11,18,and,78.540,78.640,CC,1.8828,7.41,2,0.283216
audio08.TextGrid,11,19,the,78.640,78.730,DT,0.8921,7.73,2,-0.246868
audio08.TextGrid,11,20,heavy,78.730,78.990,JJ,7.3182,4.96,4,2.192025
audio08.TextGrid,11,21,strong,78.990,79.430,JJ,7.7757,5.22,5,3.023776
audio08.TextGrid,11,22,ones,79.430,79.790,NNS,3.3788,5.07,4,-1.589038
audio08.TextGrid,12,1,why,80.750,80.920,WRB,7.5733,5.93,2,3.843367
audio08.TextGrid,12,2,did,80.920,81.040,VBD,2.1951,5.96,3,-1.491650
audio08.TextGrid,12,3,they,81.040,81.140,PRP,1.2116,6.5,2,-1.697861
audio08.TextGrid,12,4,make,81.140,81.350,VBP,4.2816,6.08,3,0.767581
audio08.TextGrid,12,5,birds,81.350,81.650,NNS,6.4772,4.6,4,0.832832
audio08.TextGrid,12,6,so,81.650,81.790,RB,2.3641,6.52,2,-0.516572
audio08.TextGrid,12,7,delicate,81.790,82.350,JJ,6.4125,4.01,7,-0.081128
audio08.TextGrid,12,8,and,82.350,82.500,CC,1.5792,7.41,3,-0.020384
audio08.TextGrid,12,9,fine,82.550,82.920,JJ,5.8428,5.23,3,1.105270
audio08.TextGrid,12,10,as,82.920,83.090,IN,3.8301,6.77,2,1.309284
audio08.TextGrid,12,11,those,83.090,83.300,DT,4.3598,5.9,3,0.586684
audio08.TextGrid,12,12,sea,83.300,83.580,NN,8.9640,5.06,2,3.981768
audio08.TextGrid,12,13,swallows,83.580,84.180,VBZ,4.9949,3.21,6,-2.650268
audio08.TextGrid,12,14,when,84.180,84.310,WRB,5.1093,6.37,3,2.012714
audio08.TextGrid,12,15,the,84.310,84.460,DT,2.7043,7.73,2,1.565332
audio08.TextGrid,12,16,ocean,84.460,84.760,NN,4.7302,4.7,4,-0.770225
audio08.TextGrid,12,17,can,84.760,84.950,MD,5.6762,6.46,3,2.709162
audio08.TextGrid,12,18,be,84.950,85.140,VB,1.7858,6.79,2,-0.706227
audio08.TextGrid,12,19,so,85.140,85.330,RB,1.2831,6.52,2,-1.597572
audio08.TextGrid,12,20,cruel,85.330,85.820,JJ,5.9411,4.12,4,-0.394192
audio08.TextGrid,13,1,she,86.740,86.880,PRP,6.2460,6.26,2,2.991077
audio08.TextGrid,13,2,is,86.880,87.000,VBZ,3.0648,7.07,2,0.975811
audio08.TextGrid,13,3,kind,87.000,87.510,NN,6.4086,5.45,4,1.987743
audio08.TextGrid,13,4,and,87.510,87.700,CC,1.2872,7.41,3,-0.312384
audio08.TextGrid,13,5,very,87.700,87.900,RB,4.4743,6.0,4,0.845127
audio08.TextGrid,13,6,beautiful,87.900,88.500,JJ,3.3165,5.22,8,-1.435424
audio08.TextGrid,13,7,but,88.890,89.030,CC,3.3316,6.63,3,0.609265
audio08.TextGrid,13,8,she,89.030,89.130,PRP,1.8741,6.26,2,-1.380823
audio08.TextGrid,13,9,can,89.130,89.280,MD,3.6228,6.46,3,0.655762
audio08.TextGrid,13,10,be,89.280,89.430,VB,1.6700,6.79,2,-0.822027
audio08.TextGrid,13,11,so,89.430,89.650,RB,2.2947,6.52,2,-0.585972
audio08.TextGrid,13,12,cruel,89.650,90.170,JJ,2.4117,4.12,4,-3.923592
audio08.TextGrid,13,13,and,90.390,90.510,CC,1.7344,7.41,3,0.134816
audio08.TextGrid,13,14,it,90.510,90.620,PRP,4.9021,6.95,2,2.640380
audio08.TextGrid,13,15,comes,90.620,90.930,VBZ,5.4081,5.36,4,0.857695
audio08.TextGrid,13,16,so,90.930,91.120,RB,3.9211,6.52,2,1.040428
audio08.TextGrid,13,17,suddenly,91.120,91.800,RB,3.3853,4.69,7,-2.129519
audio08.TextGrid,13,18,and,91.930,92.080,CC,1.6151,7.41,3,0.015516
audio08.TextGrid,13,19,such,92.080,92.300,JJ,5.9511,5.84,3,2.091619
audio08.TextGrid,13,20,birds,92.300,92.680,NNS,8.7076,4.6,4,3.063232
audio08.TextGrid,13,21,that,92.680,92.900,WDT,3.2081,7.01,3,1.032746
audio08.TextGrid,13,22,fly,92.900,93.320,VBP,3.5018,4.75,3,-1.926654
audio08.TextGrid,13,23,dipping,93.320,93.760,VBG,12.1555,3.48,5,4.898977
audio08.TextGrid,13,24,and,93.760,93.910,CC,1.7123,7.41,3,0.112716
audio08.TextGrid,13,25,hunting,93.910,94.300,VBG,7.7860,4.42,6,1.882536
audio08.TextGrid,13,26,with,94.590,94.720,IN,4.4645,6.85,3,2.058838
audio08.TextGrid,13,27,their,94.720,94.810,PRP$,1.8970,6.33,3,-1.257163
audio08.TextGrid,13,28,small,94.810,95.190,JJ,4.6991,5.51,4,0.364609
audio08.TextGrid,13,29,sad,95.190,95.550,JJ,9.0370,4.84,3,3.738094
audio08.TextGrid,13,30,voices,95.550,96.050,NNS,7.1688,4.35,5,1.164576
audio08.TextGrid,13,31,are,96.410,96.490,VBP,6.5041,6.74,2,3.940101
audio08.TextGrid,13,32,made,96.490,96.740,VBN,5.6337,5.92,3,1.889373
audio08.TextGrid,13,33,too,96.740,96.840,RB,5.4270,5.95,2,1.725856
audio08.TextGrid,13,34,delicately,96.840,97.530,RB,8.1604,3.05,9,0.284924
audio08.TextGrid,13,35,for,97.530,97.690,IN,2.0662,7.01,2,-0.109154
audio08.TextGrid,13,36,the,97.690,97.810,DT,1.8459,7.73,2,0.706932
audio08.TextGrid,13,37,sea,97.810,98.220,NN,3.8159,5.06,2,-1.166332
audio08.TextGrid,14,1,he,99.890,100.010,PRP,3.1639,6.69,2,0.527930
audio08.TextGrid,14,2,always,100.010,100.300,RB,4.9957,5.76,5,1.021065
audio08.TextGrid,14,3,thought,100.300,100.480,VBD,1.9780,5.59,3,-2.241337
audio08.TextGrid,14,4,of,100.480,100.550,IN,1.5829,7.4,2,-0.031078
audio08.TextGrid,14,5,the,100.550,100.640,DT,1.2340,7.73,2,0.095032
audio08.TextGrid,14,6,sea,100.640,100.890,NN,3.4978,5.06,2,-1.484432
audio08.TextGrid,14,7,as,100.890,101.090,IN,1.3090,6.77,2,-1.211816
audio08.TextGrid,14,8,la,101.090,101.270,NN,13.3999,5.05,2,8.403273
audio08.TextGrid,14,9,mar,101.270,101.740,NN,6.8541,4.19,3,0.619568
audio08.TextGrid,15,1,which,102.210,102.370,WDT,10.1505,6.3,3,6.953154
audio08.TextGrid,15,2,is,102.370,102.470,VBZ,1.2496,7.07,2,-0.839389
audio08.TextGrid,15,3,what,102.470,102.630,WP,3.6289,6.38,3,0.546708
audio08.TextGrid,15,4,people,102.630,102.920,NNS,5.4025,6.25,5,2.133183
audio08.TextGrid,15,5,call,102.920,103.250,VBP,0.5185,5.51,3,-3.815991
audio08.TextGrid,15,6,her,103.250,103.360,PRP$,3.7862,6.3,2,0.588854
audio08.TextGrid,15,7,in,103.360,103.480,IN,3.4100,7.27,2,1.608896
audio08.TextGrid,15,8,spanish,103.480,103.920,JJ,4.6197,4.73,6,-0.837543
audio08.TextGrid,15,9,when,103.920,104.070,WRB,5.1642,6.37,4,2.067614
audio08.TextGrid,15,10,they,104.070,104.220,PRP,0.9296,6.5,2,-1.979861
audio08.TextGrid,15,11,love,104.220,104.450,VBP,6.7322,5.82,3,2.843930
audio08.TextGrid,16,1,her,104.450,104.650,PRP$,1.7789,6.3,2,-1.418446
audio08.TextGrid,16,2,sometimes,105.390,105.920,NNS,4.6929,5.28,7,0.027341
audio08.TextGrid,16,3,those,105.920,106.200,DT,5.6450,5.9,3,1.871884
audio08.TextGrid,16,4,who,106.200,106.300,WP,3.2748,6.34,2,0.135031
audio08.TextGrid,16,5,love,106.300,106.490,VBP,2.5936,5.82,3,-1.294670
audio08.TextGrid,16,6,her,106.490,106.610,PRP$,0.6606,6.3,2,-2.536746
audio08.TextGrid,16,7,say,106.610,106.790,JJ,2.8784,5.89,2,-0.909110
audio08.TextGrid,16,8,bad,106.790,107.100,JJ,7.5302,5.53,3,3.224497
audio08.TextGrid,16,9,things,107.100,107.400,NNS,0.0427,5.74,4,-3.960723
audio08.TextGrid,16,10,of,107.400,107.530,IN,5.0576,7.4,2,3.443622
audio08.TextGrid,16,11,her,107.530,107.710,PRP$,0.9863,6.3,2,-2.211046
audio08.TextGrid,16,12,but,108.070,108.240,CC,2.6901,6.63,3,-0.032235
audio08.TextGrid,16,13,they,108.240,108.320,PRP,2.2961,6.5,2,-0.613361
audio08.TextGrid,16,14,are,108.320,108.360,VBP,1.9284,6.74,1,-0.635599
audio08.TextGrid,16,15,always,108.360,108.820,RB,2.8374,5.76,5,-1.137235
audio08.TextGrid,16,16,said,108.820,109.140,VBD,6.8579,6.01,3,3.243121
audio08.TextGrid,16,17,as,109.140,109.320,IN,3.2709,6.77,2,0.750084
audio08.TextGrid,16,18,though,109.320,109.450,IN,3.1606,5.5,2,-1.188285
audio08.TextGrid,16,19,she,109.450,109.610,PRP,0.8126,6.26,2,-2.442323
audio08.TextGrid,16,20,were,109.610,109.790,VBD,0.8976,6.34,2,-2.242169
audio08.TextGrid,16,21,a,109.790,109.820,DT,1.8784,7.36,1,0.206845
audio08.TextGrid,16,22,woman,109.820,110.210,NN,4.9445,5.35,5,0.379701
audio08.TextGrid,17,1,some,111.350,111.540,DT,4.7123,6.2,3,1.371012
audio08.TextGrid,17,2,of,111.540,111.610,IN,1.3944,7.4,2,-0.219578
audio08.TextGrid,17,3,the,111.610,111.720,DT,0.9439,7.73,2,-0.195068
audio08.TextGrid,17,4,younger,111.720,112.050,JJR,6.3860,4.69,5,0.871181
audio08.TextGrid,17,5,fishermen,112.050,112.550,NNS,2.0103,3.65,7,-5.001521
audio08.TextGrid,17,6,those,112.720,113.000,DT,5.0882,5.9,3,1.315084
audio08.TextGrid,17,7,who,113.000,113.060,WP,0.5195,6.34,2,-2.620269
audio08.TextGrid,17,8,used,113.060,113.410,VBD,4.8014,5.8,4,0.884342
audio08.TextGrid,17,9,buoys,113.410,113.880,NNS,12.2382,2.77,4,3.959685
audio08.TextGrid,17,10,as,113.880,114.050,IN,3.3957,6.77,2,0.874884
audio08.TextGrid,17,11,floats,114.050,114.370,NNS,7.0975,3.46,5,-0.187812
audio08.TextGrid,17,12,for,114.370,114.470,IN,2.6540,7.01,2,0.478646
audio08.TextGrid,17,13,their,114.470,114.630,PRP$,1.7901,6.33,3,-1.364063
audio08.TextGrid,17,14,lines,114.630,115.210,NNS,8.7325,4.95,4,3.591931
audio08.TextGrid,17,15,and,115.210,115.360,CC,1.8133,7.41,3,0.213716
audio08.TextGrid,17,16,had,115.360,115.560,VBD,3.7742,6.33,3,0.620037
audio08.TextGrid,17,17,motorboats,115.560,116.260,NNS,11.6410,2.03,8,2.297311
audio08.TextGrid,18,1,bought,116.670,116.960,VBD,6.5950,4.91,3,1.396854
audio08.TextGrid,18,2,when,116.960,117.090,WRB,7.6302,6.37,3,4.533614
audio08.TextGrid,18,3,the,117.090,117.150,DT,2.1439,7.73,2,1.004932
audio08.TextGrid,18,4,shark,117.150,117.510,NN,8.6801,4.1,4,2.316020
audio08.TextGrid,18,5,livers,117.510,117.900,NNS,14.8551,2.78,5,6.590979
audio08.TextGrid,18,6,had,117.900,118.010,VBD,3.3757,6.33,3,0.221537
audio08.TextGrid,18,7,brought,118.010,118.280,VBN,6.8783,5.16,4,2.040010
audio08.TextGrid,18,8,much,118.280,118.510,JJ,6.1260,6.0,3,2.496827
audio08.TextGrid,18,9,money,118.510,118.840,NN,2.9962,5.64,4,-1.151166
audio08.TextGrid,18,10,spoke,119.240,119.520,NN,8.0911,4.61,4,2.461127
audio08.TextGrid,18,11,of,119.520,119.620,IN,1.3387,7.4,2,-0.275278
audio08.TextGrid,18,12,her,119.620,119.750,PRP,0.6631,6.3,2,-2.534246
audio08.TextGrid,18,13,as,119.750,119.940,IN,1.2236,6.77,2,-1.297216
audio08.TextGrid,18,14,el,120.030,120.230,NN,9.1530,4.56,2,3.451055
audio08.TextGrid,18,15,mar,120.230,120.620,NN,7.9017,4.19,3,1.667168
audio08.TextGrid,18,16,which,120.940,121.110,WDT,3.2063,6.3,3,0.008954
audio08.TextGrid,18,17,is,121.110,121.210,VBZ,0.8617,7.07,2,-1.227289
audio08.TextGrid,18,18,masculine,121.210,121.860,NN,9.7611,3.71,9,2.835644
audio08.TextGrid,19,1,they,122.460,122.600,PRP,2.5306,6.5,2,-0.378861
audio08.TextGrid,19,2,spoke,122.600,122.910,VBD,4.7138,4.61,4,-0.916173
audio08.TextGrid,19,3,of,122.910,123.010,IN,0.3973,7.4,2,-1.216678
audio08.TextGrid,19,4,her,123.010,123.190,PRP,0.4435,6.3,2,-2.753846
audio08.TextGrid,19,5,as,123.190,123.310,IN,0.6705,6.77,2,-1.850316
audio08.TextGrid,19,6,a,123.310,123.350,DT,2.2408,7.36,1,0.569245
audio08.TextGrid,19,7,contestant,123.350,124.160,NN,13.4147,3.48,10,6.158177
audio08.TextGrid,19,8,or,124.160,124.320,CC,3.6268,6.54,2,0.774916
audio08.TextGrid,19,9,a,124.320,124.360,DT,1.7805,7.36,1,0.108945
audio08.TextGrid,19,10,place,124.360,124.910,NN,7.3829,5.71,4,3.336294
audio08.TextGrid,19,11,or,124.910,125.080,CC,3.4202,6.54,2,0.568316
audio08.TextGrid,19,12,even,125.080,125.310,RB,3.6168,5.99,4,-0.026767
audio08.TextGrid,19,13,an,125.310,125.410,DT,3.5217,6.53,2,0.655422
audio08.TextGrid,19,14,enemy,125.410,125.840,NN,4.0052,4.7,5,-1.495225
audio08.TextGrid,20,1,but,126.950,127.070,CC,3.1688,6.63,3,0.446465
audio08.TextGrid,20,2,the,127.070,127.180,DT,2.2942,7.73,2,1.155232
audio08.TextGrid,20,3,old,127.180,127.400,JJ,1.2996,5.75,3,-2.689429
audio08.TextGrid,20,4,man,127.400,127.630,NN,0.1397,5.82,3,-3.748570
audio08.TextGrid,20,5,always,127.630,128.000,RB,3.9450,5.76,5,-0.029635
audio08.TextGrid,20,6,thought,128.000,128.210,VBD,0.8402,5.59,3,-3.379137
audio08.TextGrid,20,7,of,128.210,128.310,IN,0.4121,7.4,2,-1.201878
audio08.TextGrid,20,8,her,128.310,128.480,PRP,0.5167,6.3,2,-2.680646
audio08.TextGrid,20,9,as,128.480,128.650,IN,0.3775,6.77,2,-2.143316
audio08.TextGrid,20,10,feminine,128.650,129.160,NN,7.1221,3.91,7,0.484529
audio08.TextGrid,20,11,and,129.390,129.510,CC,0.9862,7.41,3,-0.613384
audio08.TextGrid,20,12,as,129.510,129.600,IN,3.3087,6.77,2,0.787884
audio08.TextGrid,20,13,something,129.600,130.030,NN,4.7583,5.81,6,0.855636
audio08.TextGrid,20,14,that,130.030,130.200,WDT,1.8395,7.01,3,-0.335854
audio08.TextGrid,20,15,gave,130.230,130.650,VBD,6.4486,5.25,3,1.739858
audio08.TextGrid,20,16,or,130.650,130.800,CC,6.4986,6.54,2,3.646716
audio08.TextGrid,20,17,withheld,130.800,131.430,JJ,3.8667,3.36,7,-3.562554
audio08.TextGrid,20,18,great,131.430,131.820,JJ,7.0234,5.88,4,3.221496
audio08.TextGrid,20,19,favours,131.820,132.320,NNS,7.7968,3.32,5,0.309969
audio08.TextGrid,21,1,and,133.090,133.200,CC,1.9312,7.41,3,0.331616
audio08.TextGrid,21,2,if,133.200,133.300,IN,4.3802,6.47,2,1.427557
audio08.TextGrid,21,3,she,133.300,133.470,PRP,1.5492,6.26,2,-1.705723
audio08.TextGrid,21,4,did,133.470,133.640,VBD,2.8356,5.96,3,-0.851150
audio08.TextGrid,21,5,wild,133.640,134.030,VB,11.6977,4.8,4,6.341217
audio08.TextGrid,21,6,or,134.030,134.140,CC,3.6158,6.54,2,0.763916
audio08.TextGrid,21,7,wicked,134.140,134.500,JJ,5.7493,3.99,5,-0.773117
audio08.TextGrid,21,8,things,134.500,134.920,NNS,0.2213,5.74,4,-3.782123
audio08.TextGrid,21,9,it,134.920,135.000,PRP,3.4552,6.95,2,1.193480
audio08.TextGrid,21,10,was,135.000,135.140,VBD,0.5007,6.82,3,-1.948145
audio08.TextGrid,21,11,because,135.140,135.490,IN,1.8798,6.03,5,-1.706190
audio08.TextGrid,21,12,she,135.490,135.620,PRP,0.4611,6.26,2,-2.793823
audio08.TextGrid,21,13,could,135.620,135.800,MD,4.0323,6.06,3,0.489492
audio08.TextGrid,21,14,not,135.800,136.020,RB,1.0353,6.69,3,-1.600670
audio08.TextGrid,21,15,help,136.020,136.220,VB,3.7948,5.75,4,-0.194229
audio08.TextGrid,21,16,them,136.270,136.570,PRP,2.0930,6.19,3,-1.262682
audio08.TextGrid,22,1,the,137.140,137.240,DT,2.3522,7.73,2,1.213232
audio08.TextGrid,22,2,moon,137.240,137.640,NN,7.8806,4.7,3,2.380175
audio08.TextGrid,22,3,affects,137.640,138.060,VBZ,11.2129,4.16,6,4.935185
audio08.TextGrid,22,4,her,138.060,138.320,PRP,1.9741,6.3,2,-1.223246
audio08.TextGrid,22,5,as,138.320,138.460,IN,3.0955,6.77,2,0.574684
audio08.TextGrid,22,6,it,138.460,138.520,PRP,2.6712,6.95,2,0.409480
audio08.TextGrid,22,7,does,138.520,138.740,VBZ,1.1768,5.74,3,-2.826623
audio08.TextGrid,22,8,a,138.740,138.790,DT,4.2430,7.36,1,2.571445
audio08.TextGrid,22,9,woman,138.790,139.260,NN,4.0222,5.35,5,-0.542599
audio08.TextGrid,22,10,he,139.440,139.560,PRP,5.2077,6.69,2,2.571730
audio08.TextGrid,22,11,thought,139.560,139.980,VBD,0.6187,5.59,3,-3.600637
audio08.TextGrid,23,1,he,142.190,142.310,PRP,2.4511,6.69,2,-0.184870
audio08.TextGrid,23,2,was,142.310,142.470,VBD,2.2782,6.82,3,-0.170645
audio08.TextGrid,23,3,rowing,142.470,142.810,VBG,12.6913,3.39,4,5.305228
audio08.TextGrid,23,4,steadily,142.810,143.410,RB,8.1114,3.84,7,1.373069
audio08.TextGrid,23,5,and,143.410,143.500,CC,2.0202,7.41,2,0.420616
audio08.TextGrid,23,6,it,143.500,143.640,PRP,4.4669,6.95,2,2.205180
audio08.TextGrid,23,7,was,143.640,143.770,VBD,0.5099,6.82,3,-1.938945
audio08.TextGrid,23,8,no,143.770,143.990,DT,4.6838,6.35,2,1.558426
audio08.TextGrid,23,9,effort,143.990,144.290,NN,6.6016,4.92,4,1.417848
audio08.TextGrid,23,10,for,144.290,144.530,IN,2.1658,7.01,3,-0.009554
audio08.TextGrid,23,11,him,144.530,144.770,PRP,0.3359,6.11,3,-3.134936
audio08.TextGrid,23,12,since,144.770,145.030,IN,8.6843,5.75,4,4.695271
audio08.TextGrid,23,13,he,145.030,145.140,PRP,0.6211,6.69,2,-2.014870
audio08.TextGrid,23,14,kept,145.140,145.430,VBD,4.6884,5.0,4,-0.380198
audio08.TextGrid,23,15,well,145.430,145.650,RB,6.5936,6.03,3,3.007610
audio08.TextGrid,23,16,within,145.650,145.990,IN,4.1296,5.44,5,-0.305651
audio08.TextGrid,23,17,his,145.990,146.180,PRP$,1.5338,6.51,3,-1.361266
audio08.TextGrid,23,18,speed,146.180,146.730,NN,4.0984,5.0,4,-0.970198
audio08.TextGrid,23,19,and,146.880,146.980,CC,1.5258,7.41,2,-0.073784
audio08.TextGrid,23,20,the,146.980,147.080,DT,3.2666,7.73,2,2.127632
audio08.TextGrid,23,21,surface,147.080,147.460,NN,7.8166,4.83,5,2.503300
audio08.TextGrid,23,22,of,147.460,147.530,IN,1.2982,7.4,2,-0.315778
audio08.TextGrid,23,23,the,147.530,147.690,DT,0.0911,7.73,2,-1.047868
audio08.TextGrid,23,24,ocean,147.690,147.980,NN,2.6099,4.7,4,-2.890525
audio08.TextGrid,23,25,was,147.980,148.140,VBD,0.6516,6.82,3,-1.797245
audio08.TextGrid,23,26,flat,148.140,148.560,JJ,4.6203,4.72,4,-0.851337
audio08.TextGrid,23,27,except,148.560,148.880,IN,5.7867,5.02,6,0.746891
audio08.TextGrid,23,28,for,148.880,148.950,IN,0.4267,7.01,2,-1.748654
audio08.TextGrid,23,29,the,148.950,149.140,DT,0.5041,7.73,2,-0.634868
audio08.TextGrid,23,30,occasional,149.140,149.640,JJ,4.5495,4.12,8,-1.785792
audio08.TextGrid,23,31,swirls,149.640,150.100,NN,11.4741,2.71,5,3.109219
audio08.TextGrid,23,32,of,150.100,150.170,IN,1.1719,7.4,2,-0.442078
audio08.TextGrid,23,33,the,150.170,150.270,DT,0.8471,7.73,2,-0.291868
audio08.TextGrid,23,34,current,150.270,150.760,JJ,6.9058,5.27,4,2.225847
audio08.TextGrid,24,1,he,151.750,151.850,PRP,1.0996,6.69,2,-1.536370
audio08.TextGrid,24,2,was,151.850,152.020,VBD,2.1212,6.82,3,-0.327645
audio08.TextGrid,24,3,letting,152.020,152.260,VBG,9.0095,4.53,5,3.264373
audio08.TextGrid,24,4,the,152.260,152.350,DT,1.4981,7.73,2,0.359132
audio08.TextGrid,24,5,current,152.350,152.770,JJ,6.5686,5.27,6,1.888647
audio08.TextGrid,24,6,do,152.770,152.860,VBP,4.4982,6.35,2,1.372826
audio08.TextGrid,24,7,a,152.860,152.900,DT,4.8897,7.36,1,3.218145
audio08.TextGrid,24,8,third,152.900,153.170,NN,7.8375,5.32,3,3.229518
audio08.TextGrid,24,9,of,153.170,153.250,IN,0.3671,7.4,2,-1.246878
audio08.TextGrid,24,10,the,153.250,153.320,DT,1.1298,7.73,2,-0.009168
audio08.TextGrid,24,11,work,153.320,153.630,NN,0.4304,5.96,3,-3.256350
audio08.TextGrid,25,1,and,154.170,154.290,CC,1.4759,7.41,3,-0.123684
audio08.TextGrid,25,2,as,154.290,154.400,IN,4.7329,6.77,2,2.212084
audio08.TextGrid,25,3,it,154.400,154.540,PRP,3.2527,6.95,2,0.990980
audio08.TextGrid,25,4,started,154.540,154.890,VBD,5.0742,5.39,7,0.566978
audio08.TextGrid,25,5,to,154.890,154.950,TO,1.8565,7.43,2,0.285704
audio08.TextGrid,25,6,be,154.950,155.100,VB,5.7312,6.79,2,3.239173
audio08.TextGrid,25,7,light,155.100,155.420,JJ,5.6699,5.33,3,1.076312
audio08.TextGrid,25,8,he,155.420,155.520,PRP,0.9180,6.69,2,-1.717970
audio08.TextGrid,25,9,saw,155.520,155.770,VBD,2.3599,5.34,2,-2.219293
audio08.TextGrid,25,10,he,155.770,155.860,PRP,5.1891,6.69,2,2.553130
audio08.TextGrid,25,11,was,155.860,156.010,VBD,1.5845,6.82,3,-0.864345
audio08.TextGrid,25,12,already,156.010,156.420,RB,5.9295,5.55,6,1.652586
audio08.TextGrid,25,13,further,156.420,156.770,RB,9.1621,5.31,4,4.539724
audio08.TextGrid,25,14,out,156.770,156.980,RB,2.6867,6.38,2,-0.395492
audio08.TextGrid,25,15,than,156.980,157.140,IN,2.4890,6.13,3,-0.953048
audio08.TextGrid,25,16,he,157.140,157.210,PRP,0.9623,6.69,2,-1.673670
audio08.TextGrid,25,17,had,157.210,157.340,VBD,1.0122,6.33,3,-2.141963
audio08.TextGrid,25,18,hoped,157.340,157.540,VBN,3.9669,4.28,4,-2.138084
audio08.TextGrid,25,19,to,157.540,157.620,TO,2.0619,7.43,2,0.491104
audio08.TextGrid,25,20,be,157.620,157.830,VB,1.5020,6.79,2,-0.990027
audio08.TextGrid,25,21,at,157.830,157.890,IN,4.8244,6.7,2,2.202824
audio08.TextGrid,25,22,this,157.890,158.160,DT,2.4336,6.82,3,-0.015245
audio08.TextGrid,25,23,hour,158.160,158.480,NN,4.0021,5.18,2,-0.807401
audio08.TextGrid,26,1,i,160.560,160.690,NN,6.0307,7.09,1,3.970500
audio08.TextGrid,26,2,worked,160.690,160.970,VBD,7.4251,5.16,4,2.586810
audio08.TextGrid,26,3,the,160.970,161.070,DT,3.4273,7.73,2,2.288332
audio08.TextGrid,26,4,deep,161.070,161.400,JJ,6.3161,5.05,3,1.319473
audio08.TextGrid,26,5,wells,161.400,161.770,NNS,6.5801,4.25,4,0.431934
audio08.TextGrid,26,6,for,161.770,161.920,IN,2.8843,7.01,3,0.708946
audio08.TextGrid,26,7,a,161.920,161.950,DT,2.0470,7.36,1,0.375445
audio08.TextGrid,26,8,week,161.950,162.290,NN,2.9660,5.56,3,-1.296520
audio08.TextGrid,26,9,and,162.290,162.370,CC,0.7656,7.41,2,-0.833984
audio08.TextGrid,26,10,did,162.370,162.560,VBD,5.3683,5.96,3,1.681550
audio08.TextGrid,26,11,nothing,162.560,162.970,NN,3.8488,5.55,5,-0.428114
audio08.TextGrid,26,12,he,163.210,163.330,PRP,2.4205,6.69,2,-0.215470
audio08.TextGrid,26,13,thought,163.330,163.690,VBD,0.6117,5.59,3,-3.607637
audio08.TextGrid,27,1,today,164.290,164.710,NN,7.2819,5.55,4,3.004986
audio08.TextGrid,27,2,i,164.850,164.910,VB,1.3749,7.09,1,-0.685300
audio08.TextGrid,27,3,ll,164.910,164.940,JJ,6.6889,4.66,1,1.130898
audio08.TextGrid,27,4,work,164.940,165.220,NN,3.5258,5.96,3,-0.160950
audio08.TextGrid,27,5,out,165.220,165.440,RB,5.5883,6.38,2,2.506108
audio08.TextGrid,27,6,where,165.440,165.570,WRB,4.7621,6.0,3,1.132927
audio08.TextGrid,27,7,the,165.570,165.670,DT,1.5459,7.73,2,0.406932
audio08.TextGrid,27,8,schools,165.670,166.240,NNS,9.8780,5.05,5,4.881373
audio08.TextGrid,27,9,of,166.240,166.320,IN,0.9254,7.4,2,-0.688578
audio08.TextGrid,27,10,bonito,166.320,166.780,NN,13.9943,2.5,6,5.327140
audio08.TextGrid,27,11,and,166.780,166.870,CC,2.2835,7.41,2,0.683916
audio08.TextGrid,27,12,albacore,166.870,167.500,NN,8.2749,2.23,7,-0.780904
audio08.TextGrid,27,13,are,167.500,167.800,VBP,1.5949,6.74,2,-0.969099
audio08.TextGrid,27,14,and,168.280,168.430,CC,1.4589,7.41,3,-0.140684
audio08.TextGrid,27,15,maybe,168.430,168.740,RB,5.5047,5.45,4,1.083843
audio08.TextGrid,27,16,there,168.740,168.870,EX,3.8967,6.31,3,0.713749
audio08.TextGrid,27,17,will,168.870,169.010,MD,1.1928,6.45,3,-1.788632
audio08.TextGrid,27,18,be,169.010,169.190,VB,0.0820,6.79,2,-2.410027
audio08.TextGrid,27,19,a,169.190,169.230,DT,1.2365,7.36,1,-0.435055
audio08.TextGrid,27,20,big,169.230,169.500,JJ,4.2610,5.67,3,0.156817
audio08.TextGrid,27,21,one,169.500,169.740,NN,4.0278,6.47,3,1.075157
audio08.TextGrid,27,22,with,169.740,169.950,IN,4.6107,6.85,3,2.205038
audio08.TextGrid,27,23,them,170.010,170.150,PRP,4.5840,6.19,3,1.228318
audio09.TextGrid,1,1,before,1.070,1.460,IN,6.3685,5.93,5,2.638567
audio09.TextGrid,1,2,it,1.460,1.560,PRP,4.7317,6.95,2,2.469980
audio09.TextGrid,1,3,was,1.560,1.720,VBD,1.4748,6.82,3,-0.974045
audio09.TextGrid,1,4,really,1.720,2.010,RB,5.8313,5.97,4,2.158944
audio09.TextGrid,1,5,light,2.010,2.330,JJ,3.3499,5.33,3,-1.243688
audio09.TextGrid,1,6,he,2.330,2.440,PRP,1.3565,6.69,2,-1.279470
audio09.TextGrid,1,7,had,2.440,2.640,VBD,2.2802,6.33,3,-0.873963
audio09.TextGrid,1,8,his,2.640,2.780,PRP$,5.2534,6.51,3,2.358334
audio09.TextGrid,1,9,baits,2.780,3.140,NNS,9.6885,2.65,4,1.237254
audio09.TextGrid,1,10,out,3.140,3.480,RP,4.1180,6.38,2,1.035808
audio09.TextGrid,1,11,and,3.480,3.610,CC,1.1052,7.41,3,-0.494384
audio09.TextGrid,1,12,was,3.610,3.800,VBD,3.7732,6.82,3,1.324355
audio09.TextGrid,1,13,drifting,3.800,4.180,VBG,6.2145,3.55,7,-0.941264
audio09.TextGrid,1,14,with,4.180,4.300,IN,3.9827,6.85,3,1.577038
audio09.TextGrid,1,15,the,4.300,4.380,DT,1.1542,7.73,2,0.015232
audio09.TextGrid,1,16,current,4.380,4.890,JJ,6.0792,5.27,5,1.399247
audio09.TextGrid,2,1,one,5.870,6.060,CD,4.5511,6.47,3,1.598457
audio09.TextGrid,2,2,bait,6.060,6.340,NN,7.2092,3.85,3,0.485264
audio09.TextGrid,2,3,was,6.340,6.510,VBD,2.8564,6.82,3,0.407555
audio09.TextGrid,2,4,down,6.510,6.800,RB,5.7306,5.88,3,1.928696
audio09.TextGrid,2,5,forty,6.800,7.140,RB,9.1907,4.2,5,2.970562
audio09.TextGrid,2,6,fathoms,7.140,7.780,VBZ,2.5234,2.49,6,-6.158154
audio09.TextGrid,2,7,the,8.040,8.130,DT,2.0951,7.73,2,0.956132
audio09.TextGrid,2,8,second,8.130,8.460,NN,4.8360,5.63,6,0.674240
audio09.TextGrid,2,9,was,8.460,8.640,VBD,1.6717,6.82,3,-0.777145
audio09.TextGrid,2,10,at,8.640,8.750,IN,4.1045,6.7,2,1.482924
audio09.TextGrid,2,11,seventy,8.750,9.110,JJ,3.4716,3.78,6,-3.353096
audio09.TextGrid,2,12,five,9.110,9.630,CD,0.5772,5.45,3,-3.843657
audio09.TextGrid,2,13,and,9.630,9.740,CC,2.6193,7.41,2,1.019716
audio09.TextGrid,2,14,the,9.740,9.840,DT,0.8956,7.73,2,-0.243368
audio09.TextGrid,2,15,third,9.840,10.110,JJ,0.0667,5.32,3,-4.541282
audio09.TextGrid,2,16,and,10.110,10.250,CC,4.7075,7.41,3,3.107916
audio09.TextGrid,2,17,fourth,10.250,10.620,JJ,0.6030,4.83,4,-4.710300
audio09.TextGrid,2,18,were,10.620,10.730,VBD,0.7898,6.34,2,-2.349969
audio09.TextGrid,2,19,down,10.730,11.140,RB,2.9619,5.88,3,-0.840004
audio09.TextGrid,2,20,in,11.140,11.220,IN,4.2244,7.27,2,2.423296
audio09.TextGrid,2,21,the,11.220,11.290,DT,0.8031,7.73,2,-0.335868
audio09.TextGrid,2,22,blue,11.290,11.470,JJ,6.1327,5.13,3,1.251227
audio09.TextGrid,2,23,water,11.470,11.940,NN,2.4738,5.52,4,-1.846297
audio09.TextGrid,2,24,at,11.940,12.080,IN,2.8003,6.7,2,0.178724
audio09.TextGrid,2,25,one,12.080,12.300,CD,4.2566,6.47,3,1.303957
audio09.TextGrid,2,26,hundred,12.300,12.680,CD,0.9267,4.71,6,-4.559331
audio09.TextGrid,2,27,and,12.680,12.920,CC,0.8148,7.41,3,-0.784784
audio09.TextGrid,2,28,one,12.920,13.100,CD,5.8152,6.47,3,2.862557
audio09.TextGrid,2,29,hundred,13.100,13.390,CD,4.2656,4.71,7,-1.220431
audio09.TextGrid,2,30,and,13.390,13.530,CC,0.4740,7.41,3,-1.125584
audio09.TextGrid,2,31,twenty,13.530,13.770,VB,1.8851,4.65,5,-3.687296
audio09.TextGrid,2,32,five,13.770,14.070,CD,0.8498,5.45,3,-3.571057
audio09.TextGrid,2,33,fathoms,14.070,14.620,NNS,1.0003,2.49,6,-7.681254
audio09.TextGrid,3,1,each,15.750,15.970,DT,5.9653,5.69,2,1.889905
audio09.TextGrid,3,2,bait,15.970,16.260,NN,3.5639,3.85,3,-3.160036
audio09.TextGrid,3,3,hung,16.260,16.490,NN,7.2193,4.21,3,1.013557
audio09.TextGrid,3,4,head,16.490,16.730,VBP,8.9152,5.51,3,4.580709
audio09.TextGrid,3,5,down,16.730,17.110,IN,4.3080,5.88,3,0.506096
audio09.TextGrid,3,6,with,17.110,17.300,IN,3.5146,6.85,3,1.108938
audio09.TextGrid,3,7,the,17.300,17.390,DT,1.0022,7.73,2,-0.136768
audio09.TextGrid,3,8,shank,17.390,17.730,NN,12.0890,3.07,4,4.242312
audio09.TextGrid,3,9,of,17.730,17.820,IN,1.4144,7.4,2,-0.199578
audio09.TextGrid,3,10,the,17.820,17.940,DT,0.8338,7.73,2,-0.305168
audio09.TextGrid,3,11,hook,17.940,18.210,NN,2.4615,4.37,3,-3.513935
audio09.TextGrid,3,12,inside,18.210,18.650,IN,7.9298,5.19,5,3.134693
audio09.TextGrid,3,13,the,18.650,18.720,DT,1.8244,7.73,2,0.685432
audio09.TextGrid,3,14,bait,18.720,18.980,NN,4.4506,3.85,3,-2.273336
audio09.TextGrid,3,15,fish,18.980,19.290,NN,4.2970,4.9,3,-0.915540
audio09.TextGrid,4,1,tied,19.740,20.180,VBN,6.9478,4.47,3,1.116307
audio09.TextGrid,4,2,and,20.180,20.360,CC,3.7426,7.41,3,2.143016
audio09.TextGrid,4,3,sewed,20.360,20.680,VBN,6.6981,2.89,3,-1.407684
audio09.TextGrid,4,4,solid,20.680,21.210,JJ,10.3372,4.73,5,4.879957
audio09.TextGrid,4,5,and,21.210,21.370,CC,1.8869,7.41,3,0.287316
audio09.TextGrid,4,6,all,21.370,21.580,PDT,4.8195,6.52,2,1.938828
audio09.TextGrid,4,7,the,21.580,21.660,DT,1.7964,7.73,2,0.657432
audio09.TextGrid,4,8,projecting,21.660,22.240,VBG,11.1632,3.58,9,4.050619
audio09.TextGrid,4,9,part,22.240,22.510,NN,4.8489,5.78,4,0.903053
audio09.TextGrid,4,10,of,22.510,22.580,IN,0.3534,7.4,2,-1.260578
audio09.TextGrid,4,11,the,22.580,22.710,DT,0.1934,7.73,2,-0.945568
audio09.TextGrid,4,12,hook,22.710,22.950,NN,0.9155,4.37,3,-5.059935
audio09.TextGrid,4,13,the,23.190,23.300,DT,2.4895,7.73,2,1.350532
audio09.TextGrid,4,14,curve,23.300,23.650,NN,8.1122,4.14,3,1.805697
audio09.TextGrid,4,15,and,23.650,23.760,CC,2.6222,7.41,2,1.022616
audio09.TextGrid,4,16,the,23.760,23.820,DT,0.9837,7.73,2,-0.155268
audio09.TextGrid,4,17,point,23.820,24.310,NN,4.1446,5.54,4,-0.146708
audio09.TextGrid,4,18,was,24.310,24.460,VBD,1.6238,6.82,3,-0.825045
audio09.TextGrid,4,19,covered,24.460,24.780,VBN,5.0925,4.83,5,-0.220800
audio09.TextGrid,4,20,with,24.780,24.920,IN,0.5815,6.85,3,-1.824162
audio09.TextGrid,4,21,fresh,24.950,25.180,JJ,7.4569,4.83,4,2.143600
audio09.TextGrid,4,22,sardines,25.180,25.950,NNS,9.4618,2.93,7,1.413593
audio09.TextGrid,5,1,each,26.670,26.870,DT,4.3537,5.69,2,0.278305
audio09.TextGrid,5,2,sardine,26.870,27.420,NN,5.5103,2.66,6,-2.926552
audio09.TextGrid,5,3,was,27.420,27.610,VBD,1.0821,6.82,3,-1.366745
audio09.TextGrid,5,4,hooked,27.610,27.820,VBN,5.8854,3.92,4,-0.737777
audio09.TextGrid,5,5,through,27.820,28.000,IN,4.9962,5.87,3,1.179902
audio09.TextGrid,5,6,both,28.000,28.310,DT,6.0973,5.79,3,2.165848
audio09.TextGrid,5,7,eyes,28.310,28.740,NNS,4.8606,5.21,2,0.094281
audio09.TextGrid,6,1,so,29.190,29.320,RB,4.0408,6.52,2,1.160128
audio09.TextGrid,6,2,that,29.320,29.510,IN,0.4976,7.01,3,-1.677754
audio09.TextGrid,6,3,they,29.510,29.580,PRP,2.8845,6.5,2,-0.024961
audio09.TextGrid,6,4,made,29.580,29.790,VBD,5.1227,5.92,3,1.378373
audio09.TextGrid,6,5,a,29.790,29.850,DT,1.4352,7.36,1,-0.236355
audio09.TextGrid,6,6,half,29.850,30.090,JJ,6.3957,5.41,3,1.917266
audio09.TextGrid,6,7,garland,30.110,30.620,NN,15.9485,3.46,7,8.663188
audio09.TextGrid,6,8,on,30.620,30.730,IN,3.7145,6.91,2,1.395203
audio09.TextGrid,6,9,the,30.730,30.800,DT,0.8367,7.73,2,-0.302268
audio09.TextGrid,6,10,projecting,30.800,31.320,NN,10.4782,3.58,9,3.365619
audio09.TextGrid,6,11,steel,31.320,31.790,NN,8.9973,4.71,4,3.511269
audio09.TextGrid,7,1,there,32.340,32.470,EX,3.7707,6.31,3,0.587749
audio09.TextGrid,7,2,was,32.470,32.610,VBD,0.9170,6.82,3,-1.531845
audio09.TextGrid,7,3,no,32.610,32.780,DT,1.9945,6.35,2,-1.130874
audio09.TextGrid,7,4,part,32.780,33.030,NN,6.3670,5.78,4,2.421153
audio09.TextGrid,7,5,of,33.030,33.110,IN,0.1477,7.4,2,-1.466278
audio09.TextGrid,7,6,the,33.110,33.220,DT,0.1695,7.73,2,-0.969468
audio09.TextGrid,7,7,hook,33.220,33.480,NN,2.3633,4.37,3,-3.612135
audio09.TextGrid,7,8,that,33.480,33.600,IN,0.9349,7.01,3,-1.240454
audio09.TextGrid,7,9,a,33.600,33.650,DT,6.6694,7.36,1,4.997845
audio09.TextGrid,7,10,great,33.650,34.010,JJ,6.6501,5.88,4,2.848196
audio09.TextGrid,7,11,fish,34.010,34.250,NN,2.7203,4.9,3,-2.492240
audio09.TextGrid,7,12,could,34.250,34.470,MD,1.1637,6.06,3,-2.379108
audio09.TextGrid,7,13,feel,34.470,34.830,VB,5.8035,5.67,3,1.699317
audio09.TextGrid,7,14,which,34.830,35.050,WDT,5.9235,6.3,3,2.726154
audio09.TextGrid,7,15,was,35.050,35.180,VBD,1.7648,6.82,3,-0.684045
audio09.TextGrid,7,16,not,35.180,35.400,RB,2.2498,6.69,3,-0.386170
audio09.TextGrid,7,17,sweet,35.400,35.740,JJ,9.6418,4.91,4,4.443654
audio09.TextGrid,7,18,smelling,35.740,36.190,NN,6.0755,3.58,6,-1.037081
audio09.TextGrid,7,19,and,36.190,36.310,CC,1.7223,7.41,3,0.122716
audio09.TextGrid,7,20,good,36.310,36.570,JJ,6.9164,6.12,3,3.459958
audio09.TextGrid,7,21,tasting,36.590,37.120,NN,2.2980,3.65,6,-4.713821
audio09.TextGrid,8,1,the,38.490,38.580,DT,1.4860,7.73,2,0.347032
audio09.TextGrid,8,2,boy,38.580,38.840,NN,7.4083,5.17,2,2.584404
audio09.TextGrid,8,3,had,38.840,39.000,VBD,2.6403,6.33,3,-0.513863
audio09.TextGrid,8,4,given,39.000,39.300,VBN,5.8112,5.41,5,1.332766
audio09.TextGrid,8,5,him,39.300,39.390,PRP,2.9358,6.11,2,-0.535036
audio09.TextGrid,8,6,two,39.390,39.610,CD,3.7518,6.1,2,0.266569
audio09.TextGrid,8,7,fresh,39.610,39.950,JJ,7.9002,4.83,4,2.586900
audio09.TextGrid,8,8,small,39.950,40.240,JJ,7.0309,5.51,4,2.696409
audio09.TextGrid,8,9,tunas,40.240,40.900,NNS,9.6571,2.06,5,0.356593
audio09.TextGrid,8,10,or,40.900,41.060,CC,6.5545,6.54,2,3.702616
audio09.TextGrid,8,11,albacores,41.060,41.870,NNS,9.8700,0.0,8,-2.395722
audio09.TextGrid,8,12,which,41.870,42.080,WDT,1.9539,6.3,3,-1.243446
audio09.TextGrid,8,13,hung,42.080,42.270,VBP,6.8029,4.21,3,0.597157
audio09.TextGrid,8,14,on,42.270,42.390,IN,2.2822,6.91,2,-0.037097
audio09.TextGrid,8,15,the,42.390,42.460,DT,0.7453,7.73,2,-0.393668
audio09.TextGrid,8,16,two,42.460,42.640,CD,6.3189,6.1,2,2.833669
audio09.TextGrid,8,17,deepest,42.640,43.150,JJS,11.7085,3.77,6,4.869410
audio09.TextGrid,8,18,lines,43.150,43.530,NNS,5.5026,4.95,4,0.362031
audio09.TextGrid,8,19,like,43.530,43.720,IN,6.3528,6.41,3,3.313791
audio09.TextGrid,8,20,plummets,43.720,44.340,NNS,15.0236,2.42,7,6.241286
audio09.TextGrid,8,21,and,44.660,44.920,CC,1.9055,7.41,3,0.305916
audio09.TextGrid,8,22,on,44.920,45.050,IN,3.5522,6.91,2,1.232903
audio09.TextGrid,8,23,the,45.050,45.200,DT,0.9698,7.73,2,-0.169168
audio09.TextGrid,8,24,others,45.200,45.540,NNS,5.8463,5.42,4,1.382261
audio09.TextGrid,8,25,he,45.850,45.950,PRP,3.1762,6.69,2,0.540230
audio09.TextGrid,8,26,had,45.950,46.070,VBD,1.2944,6.33,3,-1.859763
audio09.TextGrid,8,27,a,46.070,46.110,DT,2.7284,7.36,1,1.056845
audio09.TextGrid,8,28,big,46.110,46.390,JJ,3.7285,5.67,3,-0.375683
audio09.TextGrid,8,29,blue,46.390,46.650,NN,5.2140,5.13,3,0.332527
audio09.TextGrid,8,30,runner,46.650,47.010,NN,12.0866,4.18,4,5.837674
audio09.TextGrid,8,31,and,47.010,47.150,CC,2.7099,7.41,3,1.110316
audio09.TextGrid,8,32,a,47.150,47.180,DT,1.3311,7.36,1,-0.340455
audio09.TextGrid,8,33,yellow,47.180,47.550,JJ,4.4411,4.69,4,-1.073719
audio09.TextGrid,8,34,jack,47.550,47.890,NN,6.3454,4.82,3,1.017706
audio09.TextGrid,8,35,that,47.890,48.030,WDT,4.2772,7.01,3,2.101846
audio09.TextGrid,8,36,had,48.030,48.150,VBD,2.9889,6.33,3,-0.165263
audio09.TextGrid,8,37,been,48.150,48.280,VBN,1.7447,6.27,3,-1.495828
audio09.TextGrid,8,38,used,48.280,48.580,VBN,4.5820,5.8,4,0.664942
audio09.TextGrid,8,39,before,48.580,49.150,IN,5.5094,5.93,5,1.779467
audio09.TextGrid,8,40,but,49.530,49.650,CC,3.0023,6.63,3,0.279965
audio09.TextGrid,8,41,they,49.650,49.780,PRP,2.9209,6.5,2,0.011439
audio09.TextGrid,8,42,were,49.780,49.950,VBD,0.7095,6.34,2,-2.430269
audio09.TextGrid,8,43,in,49.950,50.060,IN,4.4048,7.27,2,2.603696
audio09.TextGrid,8,44,good,50.060,50.270,JJ,3.3230,6.12,3,-0.133442
audio09.TextGrid,8,45,condition,50.270,50.810,NN,1.0640,4.86,8,-4.206117
audio09.TextGrid,8,46,still,50.810,51.240,RB,7.4181,5.92,4,3.673773
audio09.TextGrid,8,47,and,51.630,51.750,CC,1.4084,7.41,2,-0.191184
audio09.TextGrid,8,48,had,51.750,51.900,VBD,3.4948,6.33,3,0.340637
audio09.TextGrid,8,49,the,51.900,52.040,DT,2.8927,7.73,2,1.753732
audio09.TextGrid,8,50,excellent,52.040,52.500,JJ,7.3183,4.73,8,1.861057
audio09.TextGrid,8,51,sardines,52.500,53.340,NNS,7.0897,2.93,7,-0.958507
audio09.TextGrid,8,52,to,53.340,53.440,TO,4.4049,7.43,2,2.834104
audio09.TextGrid,8,53,give,53.440,53.610,VB,3.7267,5.71,3,-0.319906
audio09.TextGrid,8,54,them,53.610,53.790,PRP,1.1744,6.19,3,-2.181282
audio09.TextGrid,8,55,scent,53.790,54.200,NN,8.2757,3.82,4,1.508581
audio09.TextGrid,8,56,and,54.200,54.330,CC,1.7143,7.41,3,0.114716
audio09.TextGrid,8,57,attractiveness,54.330,55.190,NN,9.1300,3.25,11,1.542409
audio09.TextGrid,9,1,each,56.000,56.260,DT,5.0835,5.69,2,1.008105
audio09.TextGrid,9,2,line,56.260,56.710,NN,5.5834,5.49,3,1.220120
audio09.TextGrid,9,3,as,56.880,57.070,IN,3.7778,6.77,2,1.256984
audio09.TextGrid,9,4,thick,57.070,57.240,NN,7.3277,4.46,3,1.481813
audio09.TextGrid,9,5,around,57.240,57.610,IN,9.2867,5.77,4,5.326459
audio09.TextGrid,9,6,as,57.610,57.720,IN,0.4483,6.77,2,-2.072516
audio09.TextGrid,9,7,a,57.720,57.780,DT,0.7265,7.36,1,-0.945055
audio09.TextGrid,9,8,big,57.780,58.000,JJ,4.8397,5.67,3,0.735517
audio09.TextGrid,9,9,pencil,58.000,58.520,NN,6.9747,3.95,6,0.394706
audio09.TextGrid,9,10,was,58.900,59.060,VBD,1.0774,6.82,3,-1.371445
audio09.TextGrid,9,11,looped,59.060,59.380,VBN,7.4112,2.95,4,-0.608219
audio09.TextGrid,9,12,onto,59.380,59.700,IN,6.0322,4.77,4,0.632534
audio09.TextGrid,9,13,a,59.700,59.740,DT,1.2655,7.36,1,-0.406055
audio09.TextGrid,9,14,green,59.740,60.120,JJ,6.2004,5.13,4,1.318927
audio09.TextGrid,9,15,sapped,60.120,60.500,VBN,11.3731,2.36,4,2.504421
audio09.TextGrid,9,16,stick,60.500,60.900,NN,4.5522,4.76,4,-0.861860
audio09.TextGrid,9,17,so,61.050,61.210,RB,3.7162,6.52,2,0.835528
audio09.TextGrid,9,18,that,61.210,61.370,IN,0.1307,7.01,3,-2.044654
audio09.TextGrid,9,19,any,61.370,61.550,DT,5.8266,6.07,3,2.298187
audio09.TextGrid,9,20,pull,61.550,61.960,NN,7.2409,4.82,3,1.913206
audio09.TextGrid,9,21,or,61.960,62.120,CC,2.5265,6.54,2,-0.325384
audio09.TextGrid,9,22,touch,62.120,62.480,NN,5.7752,4.91,3,0.577054
audio09.TextGrid,9,23,on,62.480,62.600,IN,2.7686,6.91,2,0.449303
audio09.TextGrid,9,24,the,62.600,62.690,DT,0.6921,7.73,2,-0.446868
audio09.TextGrid,9,25,bait,62.690,63.070,NN,5.9311,3.85,3,-0.792836
audio09.TextGrid,9,26,would,63.070,63.230,MD,2.2877,6.27,3,-0.952828
audio09.TextGrid,9,27,make,63.230,63.450,VB,2.5004,6.08,3,-1.013619
audio09.TextGrid,9,28,the,63.450,63.540,DT,1.2777,7.73,2,0.138732
audio09.TextGrid,9,29,stick,63.540,63.860,NN,3.1236,4.76,4,-2.290460
audio09.TextGrid,9,30,dip,63.860,64.170,NN,7.7469,4.05,3,1.310849
audio09.TextGrid,9,31,and,64.520,64.650,CC,1.6681,7.41,3,0.068516
audio09.TextGrid,9,32,each,64.650,64.890,DT,7.5513,5.69,2,3.475905
audio09.TextGrid,9,33,line,64.890,65.160,NN,1.9529,5.49,3,-2.410380
audio09.TextGrid,9,34,had,65.160,65.330,VBD,2.6594,6.33,3,-0.494763
audio09.TextGrid,9,35,two,65.330,65.390,CD,3.4444,6.1,2,-0.040831
audio09.TextGrid,9,36,forty,65.390,65.830,JJ,10.7638,4.2,5,4.543662
audio09.TextGrid,9,37,fathom,65.830,66.190,NN,6.9146,3.25,5,-0.672991
audio09.TextGrid,9,38,coils,66.190,66.800,NNS,6.9442,3.36,4,-0.485054
audio09.TextGrid,9,39,which,66.800,66.950,WDT,3.4325,6.3,3,0.235154
audio09.TextGrid,9,40,could,66.950,67.120,MD,3.7420,6.06,3,0.199192
audio09.TextGrid,9,41,be,67.120,67.250,VB,0.6518,6.79,2,-1.840227
audio09.TextGrid,9,42,made,67.250,67.520,VBN,3.9225,5.92,3,0.178173
audio09.TextGrid,9,43,fast,67.520,67.810,RB,6.2320,5.13,4,1.350527
audio09.TextGrid,9,44,to,67.810,67.910,TO,2.8407,7.43,2,1.269904
audio09.TextGrid,9,45,the,67.910,68.060,DT,3.3522,7.73,2,2.213232
audio09.TextGrid,9,46,other,68.060,68.260,JJ,4.8148,6.16,3,1.415935
audio09.TextGrid,9,47,spare,68.260,68.580,NN,13.4751,4.28,4,7.370116
audio09.TextGrid,9,48,coils,68.580,69.150,NNS,3.5512,3.36,4,-3.878054
audio09.TextGrid,9,49,so,69.150,69.410,RB,3.4679,6.52,2,0.587228
audio09.TextGrid,10,1,that,69.410,69.610,IN,0.2004,7.01,3,-1.974954
audio09.TextGrid,10,2,if,70.020,70.160,IN,1.3591,6.47,2,-1.593543
audio09.TextGrid,10,3,it,70.160,70.270,PRP,3.0137,6.95,2,0.751980
audio09.TextGrid,10,4,were,70.270,70.390,VBD,2.6945,6.34,2,-0.445269
audio09.TextGrid,10,5,necessary,70.390,71.040,JJ,5.6571,4.91,8,0.458954
audio09.TextGrid,10,6,a,71.340,71.430,DT,2.7895,7.36,1,1.117945
audio09.TextGrid,10,7,fish,71.430,71.690,NN,4.4891,4.9,3,-0.723440
audio09.TextGrid,10,8,could,71.690,71.960,MD,0.3993,6.06,3,-3.143508
audio09.TextGrid,10,9,take,71.960,72.210,VB,4.2636,5.92,3,0.519273
audio09.TextGrid,10,10,out,72.210,72.480,RP,3.6908,6.38,2,0.608608
audio09.TextGrid,10,11,over,72.480,72.700,IN,7.6899,6.08,3,4.175881
audio09.TextGrid,10,12,three,72.700,73.020,CD,4.1494,5.78,3,0.203553
audio09.TextGrid,10,13,hundred,73.020,73.360,VBD,1.1795,4.71,7,-4.306531
audio09.TextGrid,10,14,fathoms,73.360,73.820,NNS,3.3581,2.49,6,-5.323454
audio09.TextGrid,10,15,of,73.820,73.940,IN,1.9731,7.4,2,0.359122
audio09.TextGrid,10,16,line,73.940,74.380,NN,5.7669,5.49,3,1.403620
audio09.TextGrid,11,1,now,75.920,76.290,RB,5.1482,6.18,2,1.778123
audio09.TextGrid,11,2,the,76.290,76.490,DT,1.8805,7.73,2,0.741532
audio09.TextGrid,11,3,man,76.490,76.740,NN,4.2389,5.82,3,0.350630
audio09.TextGrid,11,4,watched,76.740,77.170,VBD,6.0616,4.72,4,0.589963
audio09.TextGrid,11,5,the,77.170,77.250,DT,1.0553,7.73,2,-0.083668
audio09.TextGrid,11,6,dip,77.250,77.650,NN,9.4564,4.05,3,3.020349
audio09.TextGrid,11,7,of,77.650,77.750,IN,2.0797,7.4,2,0.465722
audio09.TextGrid,11,8,the,77.750,77.880,DT,0.4242,7.73,2,-0.714768
audio09.TextGrid,11,9,three,77.880,78.140,CD,6.1938,5.78,3,2.247953
audio09.TextGrid,11,10,sticks,78.140,78.540,NNS,6.7768,4.14,5,0.470297
audio09.TextGrid,11,11,over,78.540,78.700,IN,4.6715,6.08,3,1.157481
audio09.TextGrid,11,12,the,78.700,78.810,DT,1.0680,7.73,2,-0.070968
audio09.TextGrid,11,13,side,78.810,79.130,NN,6.3925,5.5,3,2.043615
audio09.TextGrid,11,14,of,79.130,79.210,IN,0.5792,7.4,2,-1.034778
audio09.TextGrid,11,15,the,79.210,79.300,DT,0.2670,7.73,2,-0.871968
audio09.TextGrid,11,16,skiff,79.300,79.810,NN,7.5657,2.63,4,-0.914335
audio09.TextGrid,11,17,and,79.810,79.920,CC,1.1304,7.41,2,-0.469184
audio09.TextGrid,11,18,rowed,79.920,80.200,VBD,11.0407,2.78,3,2.776579
audio09.TextGrid,11,19,gently,80.200,80.610,RB,7.3390,4.08,6,0.946131
audio09.TextGrid,11,20,to,80.610,80.700,TO,2.4840,7.43,2,0.913204
audio09.TextGrid,11,21,keep,80.700,80.930,VB,3.5143,5.66,3,-0.604277
audio09.TextGrid,11,22,the,80.930,81.030,DT,1.2313,7.73,2,0.092332
audio09.TextGrid,11,23,lines,81.030,81.400,NNS,4.4853,4.95,4,-0.655269
audio09.TextGrid,11,24,straight,81.400,81.730,VBD,3.7715,5.04,5,-1.239521
audio09.TextGrid,11,25,up,81.730,81.870,RB,5.2702,6.39,2,2.202403
audio09.TextGrid,11,26,and,81.870,81.970,CC,1.0113,7.41,2,-0.588284
audio09.TextGrid,11,27,down,81.970,82.370,RB,0.2624,5.88,3,-3.539504
audio09.TextGrid,11,28,and,82.370,82.470,CC,2.8210,7.41,3,1.221416
audio09.TextGrid,11,29,at,82.470,82.530,IN,4.6794,6.7,2,2.057824
audio09.TextGrid,11,30,their,82.530,82.690,PRP$,4.9773,6.33,3,1.823137
audio09.TextGrid,11,31,proper,82.690,83.040,JJ,4.6028,4.72,5,-0.868837
audio09.TextGrid,11,32,depths,83.040,83.600,NNS,5.2531,3.78,5,-1.571596
audio09.TextGrid,12,1,it,84.410,84.540,PRP,3.4460,6.95,2,1.184280
audio09.TextGrid,12,2,was,84.540,84.730,VBD,0.3643,6.82,3,-2.084545
audio09.TextGrid,12,3,quite,84.730,85.020,RB,4.1199,5.29,4,-0.531265
audio09.TextGrid,12,4,light,85.020,85.470,JJ,6.5331,5.33,3,1.939512
audio09.TextGrid,12,5,and,85.470,85.740,CC,1.3406,7.41,3,-0.258984
audio09.TextGrid,12,6,any,85.740,85.900,DT,7.9350,6.07,3,4.406587
audio09.TextGrid,12,7,moment,85.900,86.280,NN,5.5562,5.24,6,0.833064
audio09.TextGrid,12,8,now,86.280,86.520,RB,5.1297,6.18,2,1.759623
audio09.TextGrid,12,9,the,86.520,86.630,DT,2.1840,7.73,2,1.045032
audio09.TextGrid,12,10,sun,86.630,86.930,NN,5.3053,4.97,3,0.193519
audio09.TextGrid,12,11,would,86.930,87.100,MD,0.9342,6.27,3,-2.306328
audio09.TextGrid,12,12,rise,87.100,87.570,VB,2.7649,4.81,3,-2.577189
audio09.TextGrid,13,1,the,88.850,88.940,DT,1.7858,7.73,2,0.646832
audio09.TextGrid,13,2,sun,88.940,89.220,NN,3.5409,4.97,3,-1.570881
audio09.TextGrid,13,3,rose,89.220,89.670,VBD,2.9265,4.82,3,-2.401194
audio09.TextGrid,13,4,thinly,89.670,90.120,RB,12.8048,3.27,5,5.245997
audio09.TextGrid,13,5,from,90.120,90.340,IN,3.0885,6.63,3,0.366165
audio09.TextGrid,13,6,the,90.340,90.420,DT,0.3890,7.73,2,-0.749968
audio09.TextGrid,13,7,sea,90.420,90.830,NN,4.3476,5.06,2,-0.634632
audio09.TextGrid,13,8,and,91.010,91.120,CC,0.8473,7.41,2,-0.752284
audio09.TextGrid,13,9,the,91.120,91.240,DT,1.9209,7.73,2,0.781932
audio09.TextGrid,13,10,old,91.240,91.460,JJ,5.2888,5.75,3,1.299771
audio09.TextGrid,13,11,man,91.460,91.690,NN,0.1860,5.82,3,-3.702270
audio09.TextGrid,13,12,could,91.690,91.870,MD,3.5289,6.06,3,-0.013908
audio09.TextGrid,13,13,see,91.870,92.060,VB,0.6391,6.1,2,-2.846131
audio09.TextGrid,13,14,the,92.060,92.240,DT,1.3191,7.73,2,0.180132
audio09.TextGrid,13,15,other,92.240,92.400,JJ,6.2939,6.16,3,2.895035
audio09.TextGrid,13,16,boats,92.400,93.060,NNS,4.5242,4.25,4,-1.623966
audio09.TextGrid,13,17,low,93.060,93.320,JJ,8.0069,5.33,2,3.413312
audio09.TextGrid,13,18,on,93.320,93.450,IN,2.6354,6.91,2,0.316103
audio09.TextGrid,13,19,the,93.450,93.530,DT,0.3670,7.73,2,-0.771968
audio09.TextGrid,13,20,water,93.530,93.940,NN,2.4163,5.52,4,-1.903797
audio09.TextGrid,13,21,and,93.940,94.060,CC,2.1706,7.41,3,0.571016
audio09.TextGrid,13,22,well,94.060,94.330,RB,5.5726,6.03,3,1.986610
audio09.TextGrid,13,23,in,94.330,94.480,IN,3.5358,7.27,2,1.734696
audio09.TextGrid,13,24,toward,94.480,94.750,IN,9.9167,4.72,6,4.445063
audio09.TextGrid,13,25,the,94.750,94.830,DT,0.3020,7.73,2,-0.836968
audio09.TextGrid,13,26,shore,94.830,95.270,NN,2.6718,4.33,3,-3.361212
audio09.TextGrid,13,27,spread,95.640,95.910,NN,7.9128,4.81,5,2.570711
audio09.TextGrid,13,28,out,95.910,96.120,IN,0.7047,6.38,2,-2.377492
audio09.TextGrid,13,29,across,96.120,96.450,IN,4.3464,5.25,5,-0.362342
audio09.TextGrid,13,30,the,96.450,96.550,DT,0.2238,7.73,2,-0.915168
audio09.TextGrid,13,31,current,96.550,97.040,JJ,7.2005,5.27,5,2.520547
audio09.TextGrid,14,1,then,98.090,98.360,RB,4.1242,6.07,3,0.595787
audio09.TextGrid,14,2,the,98.360,98.440,DT,1.6870,7.73,2,0.548032
audio09.TextGrid,14,3,sun,98.440,98.670,NN,2.2893,4.97,3,-2.822481
audio09.TextGrid,14,4,was,98.670,98.830,VBD,2.9334,6.82,3,0.484555
audio09.TextGrid,14,5,brighter,98.830,99.340,NN,6.4168,3.73,5,-0.479867
audio09.TextGrid,14,6,and,99.610,99.710,CC,0.4847,7.41,2,-1.114884
audio09.TextGrid,14,7,the,99.710,99.820,DT,1.0135,7.73,2,-0.125468
audio09.TextGrid,14,8,glare,99.820,100.170,NN,9.0721,3.36,4,1.642846
audio09.TextGrid,14,9,came,100.170,100.460,VBD,4.4240,5.5,3,0.075115
audio09.TextGrid,14,10,on,100.460,100.580,IN,1.9020,6.91,2,-0.417297
audio09.TextGrid,14,11,the,100.580,100.640,DT,3.7898,7.73,2,2.650832
audio09.TextGrid,14,12,water,100.640,101.100,NN,3.9112,5.52,4,-0.408897
audio09.TextGrid,14,13,and,101.490,101.610,CC,1.4319,7.41,2,-0.167684
audio09.TextGrid,14,14,then,101.610,101.880,RB,4.4145,6.07,3,0.886087
audio09.TextGrid,14,15,as,101.880,102.010,IN,2.3017,6.77,2,-0.219116
audio09.TextGrid,14,16,it,102.010,102.150,PRP,1.5163,6.95,2,-0.745420
audio09.TextGrid,14,17,rose,102.150,102.520,VBD,2.3100,4.82,3,-3.017694
audio09.TextGrid,14,18,clear,102.520,102.970,JJ,8.5079,5.25,4,3.799158
audio09.TextGrid,14,19,the,103.300,103.400,DT,0.8991,7.73,2,-0.239868
audio09.TextGrid,14,20,flat,103.400,103.710,JJ,9.2396,4.72,4,3.767963
audio09.TextGrid,14,21,sea,103.710,104.080,NN,5.6157,5.06,2,0.633468
audio09.TextGrid,14,22,sent,104.080,104.350,VBD,8.6345,5.16,4,3.796210
audio09.TextGrid,14,23,it,104.350,104.460,PRP,4.3407,6.95,2,2.078980
audio09.TextGrid,14,24,back,104.500,104.780,RP,2.5061,6.04,3,-1.065496
audio09.TextGrid,14,25,at,104.780,104.860,IN,5.1646,6.7,2,2.543024
audio09.TextGrid,14,26,his,104.860,105.010,PRP$,4.4286,6.51,3,1.533534
audio09.TextGrid,14,27,eyes,105.010,105.580,NNS,5.0908,5.21,2,0.324481
audio09.TextGrid,14,28,so,105.640,105.800,IN,5.0911,6.52,2,2.210428
audio09.TextGrid,14,29,that,105.800,105.960,IN,0.3458,7.01,3,-1.829554
audio09.TextGrid,14,30,it,105.960,106.040,PRP,3.6083,6.95,2,1.346580
audio09.TextGrid,14,31,hurt,106.040,106.310,VBD,6.6110,4.94,3,1.456037
audio09.TextGrid,14,32,sharply,106.310,106.920,RB,8.9688,3.89,6,2.302441
audio09.TextGrid,15,1,and,107.330,107.390,CC,1.3283,7.41,2,-0.271284
audio09.TextGrid,15,2,he,107.390,107.510,PRP,1.7912,6.69,2,-0.844770
audio09.TextGrid,15,3,rowed,107.510,107.820,VBD,11.1111,2.78,3,2.846979
audio09.TextGrid,15,4,without,107.820,108.210,IN,5.9782,5.69,5,1.902805
audio09.TextGrid,15,5,looking,108.210,108.490,VBG,2.7408,5.57,5,-1.507326
audio09.TextGrid,15,6,into,108.490,108.780,IN,5.1254,6.11,4,1.654564
audio09.TextGrid,15,7,it,108.780,108.980,PRP,1.5574,6.95,2,-0.704320
audio09.TextGrid,16,1,he,110.180,110.290,PRP,1.8237,6.69,2,-0.812270
audio09.TextGrid,16,2,looked,110.290,110.490,VBD,2.8319,5.11,4,-2.078361
audio09.TextGrid,16,3,down,110.490,110.720,RB,2.2845,5.88,3,-1.517404
audio09.TextGrid,16,4,into,110.720,110.860,IN,3.1719,6.11,4,-0.298936
audio09.TextGrid,16,5,the,110.860,110.940,DT,0.1604,7.73,2,-0.978568
audio09.TextGrid,16,6,water,110.940,111.360,NN,2.0721,5.52,4,-2.247997
audio09.TextGrid,16,7,and,111.360,111.440,CC,0.7532,7.41,2,-0.846384
audio09.TextGrid,16,8,watched,111.440,111.840,VBD,5.4548,4.72,4,-0.016837
audio09.TextGrid,16,9,the,111.840,111.950,DT,0.8945,7.73,2,-0.244468
audio09.TextGrid,16,10,lines,111.950,112.440,NNS,5.9660,4.95,4,0.825431
audio09.TextGrid,16,11,that,112.440,112.600,WDT,3.5306,7.01,3,1.355246
audio09.TextGrid,16,12,went,112.600,112.790,VBD,3.7729,5.5,4,-0.575985
audio09.TextGrid,16,13,straight,112.790,113.160,RB,3.7008,5.04,5,-1.310221
audio09.TextGrid,16,14,down,113.160,113.440,RB,1.9620,5.88,3,-1.839904
audio09.TextGrid,16,15,into,113.440,113.590,IN,3.5532,6.11,4,0.082364
audio09.TextGrid,16,16,the,113.590,113.710,DT,0.1121,7.73,2,-1.026868
audio09.TextGrid,16,17,dark,113.710,114.010,NN,5.6312,5.04,4,0.620179
audio09.TextGrid,16,18,of,114.010,114.120,IN,4.9509,7.4,2,3.336922
audio09.TextGrid,16,19,the,114.120,114.180,DT,0.1256,7.73,2,-1.013368
audio09.TextGrid,16,20,water,114.180,114.620,NN,2.0959,5.52,4,-2.224197
audio09.TextGrid,17,1,he,115.160,115.260,PRP,1.6421,6.69,2,-0.993870
audio09.TextGrid,17,2,kept,115.260,115.490,VBD,4.9469,5.0,4,-0.121698
audio09.TextGrid,17,3,them,115.490,115.640,PRP,5.1642,6.19,3,1.808518
audio09.TextGrid,17,4,straighter,115.640,116.060,JJR,7.6400,2.68,6,-0.768063
audio09.TextGrid,17,5,than,116.060,116.200,IN,2.0093,6.13,3,-1.432748
audio09.TextGrid,17,6,anyone,116.200,116.570,NN,5.9679,5.38,6,1.446284
audio09.TextGrid,17,7,did,116.570,116.820,VBD,5.1111,5.96,3,1.424350
audio09.TextGrid,17,8,so,117.280,117.420,RB,2.9088,6.52,2,0.028128
audio09.TextGrid,17,9,that,117.420,117.580,IN,0.5493,7.01,3,-1.626054
audio09.TextGrid,17,10,at,117.580,117.670,IN,4.2907,6.7,2,1.669124
audio09.TextGrid,17,11,each,117.670,117.930,DT,3.4602,5.69,2,-0.615195
audio09.TextGrid,17,12,level,117.930,118.220,NN,5.0536,5.41,5,0.575166
audio09.TextGrid,17,13,in,118.220,118.300,IN,4.9202,7.27,2,3.119096
audio09.TextGrid,17,14,the,118.300,118.370,DT,0.2313,7.73,2,-0.907668
audio09.TextGrid,17,15,darkness,118.370,118.850,NN,5.8334,4.3,7,-0.242795
audio09.TextGrid,17,16,of,118.850,118.930,IN,3.5127,7.4,2,1.898722
audio09.TextGrid,17,17,the,118.930,119.020,DT,0.1381,7.73,2,-1.000868
audio09.TextGrid,17,18,stream,119.020,119.490,NN,3.6291,4.62,5,-1.986479
audio09.TextGrid,17,19,there,119.710,119.860,EX,2.5607,6.31,3,-0.622251
audio09.TextGrid,17,20,would,119.860,119.970,MD,2.3693,6.27,3,-0.871228
audio09.TextGrid,17,21,be,119.970,120.120,VB,0.1513,6.79,2,-2.340727
audio09.TextGrid,17,22,a,120.120,120.160,DT,1.4906,7.36,1,-0.180955
audio09.TextGrid,17,23,bait,120.160,120.580,NN,8.9405,3.85,3,2.216564
audio09.TextGrid,17,24,waiting,120.580,120.900,VBG,6.1787,5.06,5,1.196468
audio09.TextGrid,17,25,exactly,120.900,121.500,RB,9.7631,5.15,8,4.910416
audio09.TextGrid,17,26,where,121.500,121.740,WRB,1.4604,6.0,3,-2.168773
audio09.TextGrid,17,27,he,121.740,121.850,PRP,0.6597,6.69,2,-1.976270
audio09.TextGrid,17,28,wished,121.850,122.180,VBD,4.1256,4.0,4,-2.382423
audio09.TextGrid,17,29,it,122.180,122.280,PRP,1.4259,6.95,2,-0.835820
audio09.TextGrid,17,30,to,122.280,122.360,TO,0.4694,7.43,2,-1.101396
audio09.TextGrid,17,31,be,122.360,122.640,VB,0.4468,6.79,2,-2.045227
audio09.TextGrid,17,32,for,122.640,122.890,IN,4.8720,7.01,3,2.696646
audio09.TextGrid,17,33,any,122.890,123.080,DT,4.4374,6.07,3,0.908987
audio09.TextGrid,17,34,fish,123.080,123.400,NN,4.1818,4.9,3,-1.030740
audio09.TextGrid,17,35,that,123.400,123.590,IN,2.0817,7.01,3,-0.093654
audio09.TextGrid,17,36,swam,123.590,124.000,NN,6.1003,3.34,4,-1.357743
audio09.TextGrid,18,1,there,124.000,124.260,EX,3.9341,6.31,3,0.751149
audio09.TextGrid,18,2,others,125.000,125.350,NNS,8.3532,5.42,4,3.889161
audio09.TextGrid,18,3,let,125.350,125.470,VB,7.1026,5.6,3,2.897657
audio09.TextGrid,18,4,them,125.470,125.610,PRP,2.3548,6.19,3,-1.000882
audio09.TextGrid,18,5,drift,125.610,125.930,VB,4.5642,3.82,5,-2.202919
audio09.TextGrid,18,6,with,125.930,126.020,IN,4.0851,6.85,3,1.679438
audio09.TextGrid,18,7,the,126.020,126.110,DT,1.0619,7.73,2,-0.077068
audio09.TextGrid,18,8,current,126.110,126.560,JJ,0.8358,5.27,6,-3.844153
audio09.TextGrid,19,1,and,127.020,127.110,CC,1.2914,7.41,2,-0.308184
audio09.TextGrid,19,2,sometimes,127.110,127.600,RB,3.7612,5.28,7,-0.904359
audio09.TextGrid,19,3,they,127.600,127.740,PRP,1.3422,6.5,2,-1.567261
audio09.TextGrid,19,4,were,127.740,127.880,VBD,3.2176,6.34,2,0.077831
audio09.TextGrid,19,5,at,127.880,127.980,IN,4.3637,6.7,2,1.742124
audio09.TextGrid,19,6,sixty,127.980,128.370,NN,4.5866,3.93,6,-2.022182
audio09.TextGrid,19,7,fathoms,128.370,128.900,NNS,1.6983,2.49,6,-6.983254
audio09.TextGrid,19,8,when,128.900,129.020,WRB,3.8386,6.37,3,0.742014
audio09.TextGrid,19,9,the,129.020,129.090,DT,1.0701,7.73,2,-0.068868
audio09.TextGrid,19,10,fishermen,129.090,129.530,NNS,6.5417,3.65,7,-0.470121
audio09.TextGrid,19,11,thought,129.530,129.710,VBD,5.7507,5.59,3,1.531363
audio09.TextGrid,19,12,they,129.710,129.870,PRP,0.8076,6.5,2,-2.101861
audio09.TextGrid,19,13,were,129.870,130.050,VBD,0.7588,6.34,2,-2.380969
audio09.TextGrid,19,14,at,130.050,130.150,IN,3.0307,6.7,2,0.409124
audio09.TextGrid,19,15,a,130.150,130.230,DT,2.8637,7.36,1,1.192145
audio09.TextGrid,19,16,hundred,130.230,130.700,JJ,2.9177,4.71,7,-2.568331
audio09.TextGrid,20,1,but,131.760,132.150,CC,3.1751,6.63,3,0.452765
audio09.TextGrid,20,2,he,132.260,132.380,PRP,3.3478,6.69,2,0.711830
audio09.TextGrid,20,3,thought,132.380,132.740,VBD,1.0289,5.59,3,-3.190437
audio09.TextGrid,20,4,i,133.420,133.510,RB,4.5454,7.09,1,2.485200
audio09.TextGrid,20,5,keep,133.510,133.780,VB,5.6295,5.66,3,1.510923
audio09.TextGrid,20,6,them,133.780,133.980,PRP,1.5018,6.19,3,-1.853882
audio09.TextGrid,20,7,with,133.980,134.120,IN,4.8225,6.85,3,2.416838
audio09.TextGrid,20,8,precision,134.120,134.710,NN,10.3967,4.01,8,3.903072
audio09.TextGrid,21,1,only,135.600,135.910,RB,5.9333,6.12,4,2.476858
audio09.TextGrid,21,2,i,135.910,136.050,NN,4.1016,7.09,1,2.041400
audio09.TextGrid,21,3,have,136.050,136.250,VBP,2.6842,6.71,3,0.077019
audio09.TextGrid,21,4,no,136.250,136.400,DT,3.9838,6.35,2,0.858426
audio09.TextGrid,21,5,luck,136.400,136.610,NN,5.1168,4.91,3,-0.081346
audio09.TextGrid,21,6,any,136.610,136.780,DT,6.8299,6.07,3,3.301487
audio09.TextGrid,21,7,more,136.780,137.090,JJR,1.4827,6.36,3,-1.628280
audio09.TextGrid,22,1,but,138.070,138.200,CC,4.4128,6.63,3,1.690465
audio09.TextGrid,22,2,who,138.200,138.360,WP,6.7329,6.34,2,3.593131
audio09.TextGrid,22,3,knows,138.360,139.020,VBZ,1.4730,5.07,3,-3.494838
audio09.TextGrid,22,4,maybe,139.100,139.350,RB,3.2308,5.45,4,-1.190057
audio09.TextGrid,22,5,today,139.350,139.610,NN,6.8728,5.55,4,2.595886
audio09.TextGrid,23,1,every,139.610,139.910,DT,5.9849,5.79,4,2.053448
audio09.TextGrid,23,2,day,140.640,141.200,NN,1.1246,5.95,2,-2.576544
audio09.TextGrid,23,3,is,141.200,141.330,VBZ,4.1741,7.07,2,2.085111
audio09.TextGrid,23,4,a,141.330,141.390,DT,1.1899,7.36,1,-0.481655
audio09.TextGrid,23,5,new,141.390,141.560,JJ,2.1901,6.25,3,-1.079217
audio09.TextGrid,23,6,day,141.560,141.930,NN,0.8235,5.95,2,-2.877644
audio09.TextGrid,24,1,it,142.390,142.520,PRP,3.0718,6.95,2,0.810080
audio09.TextGrid,24,2,is,142.520,142.650,VBZ,0.6742,7.07,2,-1.414789
audio09.TextGrid,24,3,better,142.650,142.900,RBR,4.7530,5.76,4,0.778365
audio09.TextGrid,24,4,to,142.900,143.000,TO,0.6939,7.43,2,-0.876896
audio09.TextGrid,24,5,be,143.000,143.140,VB,1.8100,6.79,2,-0.682027
audio09.TextGrid,24,6,lucky,143.140,143.580,JJ,5.1640,4.77,4,-0.235666
audio09.TextGrid,25,1,but,144.020,144.140,CC,3.4299,6.63,3,0.707565
audio09.TextGrid,25,2,i,144.140,144.260,NN,2.0437,7.09,1,-0.016500
audio09.TextGrid,25,3,would,144.260,144.460,MD,4.6563,6.27,3,1.415772
audio09.TextGrid,25,4,rather,144.460,144.670,RB,2.2904,5.32,4,-2.317582
audio09.TextGrid,25,5,be,144.670,144.870,VB,1.0831,6.79,2,-1.408927
audio09.TextGrid,25,6,exact,144.870,145.470,JJ,9.0353,4.51,6,3.261384
audio09.TextGrid,26,1,then,145.820,146.220,RB,5.6101,6.07,3,2.081687
audio09.TextGrid,26,2,when,146.410,146.580,WRB,3.9603,6.37,3,0.863714
audio09.TextGrid,26,3,luck,146.580,146.840,NN,8.5895,4.91,3,3.391354
audio09.TextGrid,26,4,comes,146.840,147.410,VBZ,2.4475,5.36,4,-2.102905
audio09.TextGrid,26,5,you,147.410,147.560,PRP,4.2523,6.98,2,2.033763
audio09.TextGrid,26,6,are,147.560,147.680,VBP,2.5951,6.74,2,0.031101
audio09.TextGrid,26,7,ready,147.680,148.050,JJ,4.6760,5.28,4,0.010441
audio09.TextGrid,27,1,the,150.270,150.360,DT,2.7923,7.73,2,1.653332
audio09.TextGrid,27,2,sun,150.360,150.660,NN,3.3528,4.97,3,-1.758981
audio09.TextGrid,27,3,was,150.660,150.830,VBD,2.6275,6.82,3,0.178655
audio09.TextGrid,27,4,two,150.830,151.040,CD,7.7430,6.1,2,4.257769
audio09.TextGrid,27,5,hours,151.040,151.350,NNS,2.6427,5.4,3,-1.850128
audio09.TextGrid,27,6,higher,151.350,151.660,RBR,4.8645,5.18,3,0.054999
audio09.TextGrid,27,7,now,151.660,152.010,RB,3.3419,6.18,2,-0.028177
audio09.TextGrid,27,8,and,152.010,152.150,CC,0.6949,7.41,3,-0.904684
audio09.TextGrid,27,9,it,152.150,152.210,PRP,2.8135,6.95,2,0.551780
audio09.TextGrid,27,10,did,152.210,152.410,VBD,4.2689,5.96,3,0.582150
audio09.TextGrid,27,11,not,152.410,152.610,RB,0.3435,6.69,3,-2.292470
audio09.TextGrid,27,12,hurt,152.610,152.760,VB,3.7283,4.94,3,-1.426663
audio09.TextGrid,27,13,his,152.760,152.910,PRP$,5.5459,6.51,3,2.650834
audio09.TextGrid,27,14,eyes,152.910,153.200,NNS,0.7089,5.21,2,-4.057419
audio09.TextGrid,27,15,so,153.200,153.350,RB,4.0097,6.52,2,1.129028
audio09.TextGrid,27,16,much,153.350,153.590,JJ,0.3664,6.0,3,-3.262773
audio09.TextGrid,27,17,to,153.590,153.700,TO,4.7558,7.43,2,3.185004
audio09.TextGrid,27,18,look,153.700,153.890,VB,1.5791,5.81,3,-2.323564
audio09.TextGrid,27,19,into,153.890,154.060,IN,2.7289,6.11,4,-0.741936
audio09.TextGrid,27,20,the,154.060,154.220,DT,0.4380,7.73,2,-0.700968
audio09.TextGrid,27,21,east,154.220,154.640,NN,8.0212,5.16,3,3.182910
audio09.TextGrid,28,1,there,155.700,155.820,EX,3.9685,6.31,3,0.785549
audio09.TextGrid,28,2,were,155.820,155.940,VBD,1.3371,6.34,2,-1.802669
audio09.TextGrid,28,3,only,155.940,156.180,RB,4.2500,6.12,4,0.793558
audio09.TextGrid,28,4,three,156.180,156.470,CD,2.3583,5.78,3,-1.587547
audio09.TextGrid,28,5,boats,156.470,156.810,NNS,3.1542,4.25,4,-2.993966
audio09.TextGrid,28,6,in,156.810,156.930,IN,2.0281,7.27,2,0.226996
audio09.TextGrid,28,7,sight,156.930,157.280,NN,3.5646,4.54,3,-2.166133
audio09.TextGrid,28,8,now,157.280,157.600,RB,3.7532,6.18,2,0.383123
audio09.TextGrid,28,9,and,157.810,157.920,CC,0.9303,7.41,2,-0.669284
audio09.TextGrid,28,10,they,157.920,158.070,PRP,2.0484,6.5,2,-0.861061
audio09.TextGrid,28,11,showed,158.070,158.420,VBD,7.2710,4.86,3,2.000883
audio09.TextGrid,28,12,very,158.420,158.730,RB,4.9306,6.0,4,1.301427
audio09.TextGrid,28,13,low,158.730,159.110,JJ,5.3885,5.33,2,0.794912
audio09.TextGrid,28,14,and,159.110,159.240,CC,2.9253,7.41,3,1.325716
audio09.TextGrid,28,15,far,159.240,159.570,RB,5.2514,5.5,3,0.902515
audio09.TextGrid,28,16,inshore,159.570,160.150,NN,10.4701,2.7,5,2.090825
audio09.TextGrid,29,1,all,161.830,162.020,DT,4.3026,6.52,2,1.421928
audio09.TextGrid,29,2,my,162.020,162.230,PRP$,6.3697,6.57,2,3.560999
audio09.TextGrid,29,3,life,162.230,162.540,NN,2.3450,5.89,3,-1.442510
audio09.TextGrid,29,4,the,162.610,162.760,DT,4.0687,7.73,2,2.929732
audio09.TextGrid,29,5,early,162.760,163.010,JJ,8.7596,5.43,3,4.309955
audio09.TextGrid,29,6,sun,163.010,163.250,NN,5.1983,4.97,3,0.086519
audio09.TextGrid,29,7,has,163.250,163.440,VBZ,2.2768,6.37,3,-0.819786
audio09.TextGrid,29,8,hurt,163.440,163.660,VBN,5.5038,4.94,3,0.348837
audio09.TextGrid,29,9,my,163.660,163.850,PRP$,1.4622,6.57,2,-1.346501
audio09.TextGrid,29,10,eyes,163.850,164.280,NNS,0.2398,5.21,2,-4.526519
audio09.TextGrid,29,11,he,164.490,164.610,PRP,3.4594,6.69,2,0.823430
audio09.TextGrid,29,12,thought,164.610,165.020,VBD,0.1213,5.59,3,-4.098037
audio09.TextGrid,30,1,yet,165.520,165.700,RB,6.3881,5.54,3,2.096792
audio09.TextGrid,30,2,they,165.700,165.840,PRP,3.6193,6.5,2,0.709839
audio09.TextGrid,30,3,are,165.840,165.950,VBP,1.8561,6.74,1,-0.707899
audio09.TextGrid,30,4,still,165.950,166.290,RB,1.6262,5.92,4,-2.118127
audio09.TextGrid,30,5,good,166.290,166.730,JJ,4.0453,6.12,3,0.588858
audio09.TextGrid,31,1,in,167.280,167.380,IN,4.1340,7.27,2,2.332896
audio09.TextGrid,31,2,the,167.380,167.470,DT,1.0074,7.73,2,-0.131568
audio09.TextGrid,31,3,evening,167.470,167.920,NN,3.4586,4.86,5,-1.811517
audio09.TextGrid,31,4,i,167.920,168.010,NN,2.4901,7.09,1,0.429900
audio09.TextGrid,31,5,can,168.010,168.190,MD,3.7831,6.46,3,0.816062
audio09.TextGrid,31,6,look,168.190,168.350,VB,3.5857,5.81,3,-0.316964
audio09.TextGrid,31,7,straight,168.350,168.700,RB,4.1501,5.04,5,-0.860921
audio09.TextGrid,31,8,into,168.700,168.960,IN,1.4682,6.11,4,-2.002636
audio09.TextGrid,31,9,it,168.960,169.080,PRP,5.1385,6.95,2,2.876780
audio09.TextGrid,31,10,without,169.080,169.320,IN,4.5374,5.69,5,0.462005
audio09.TextGrid,31,11,getting,169.320,169.640,VBG,4.0540,5.57,5,-0.194126
audio09.TextGrid,31,12,the,169.640,169.710,DT,3.9385,7.73,2,2.799532
audio09.TextGrid,31,13,blackness,169.710,170.330,NN,8.6965,3.09,7,0.878601
audio09.TextGrid,32,1,it,171.020,171.110,PRP,2.7901,6.95,2,0.528380
audio09.TextGrid,32,2,has,171.110,171.290,VBZ,3.5082,6.37,3,0.411614
audio09.TextGrid,32,3,more,171.290,171.510,JJR,6.2164,6.36,3,3.105420
audio09.TextGrid,32,4,force,171.510,171.860,NN,6.3507,5.23,4,1.613170
audio09.TextGrid,32,5,in,171.860,171.960,IN,2.6826,7.27,2,0.881496
audio09.TextGrid,32,6,the,171.960,172.040,DT,1.5771,7.73,2,0.438132
audio09.TextGrid,32,7,evening,172.040,172.410,NN,4.1537,4.86,5,-1.116417
audio09.TextGrid,32,8,too,172.410,172.790,RB,7.1258,5.95,2,3.424656
audio09.TextGrid,32,9,but,173.530,173.660,CC,3.2112,6.63,3,0.488865
audio09.TextGrid,32,10,in,173.660,173.750,IN,3.3109,7.27,2,1.509796
audio09.TextGrid,32,11,the,173.750,173.820,DT,0.1625,7.73,2,-0.976468
audio09.TextGrid,32,12,morning,173.820,174.290,NN,0.9216,5.33,6,-3.671988
audio09.TextGrid,32,13,it,174.290,174.380,PRP,1.6688,6.95,2,-0.592920
audio09.TextGrid,32,14,is,174.380,174.490,VBZ,1.3224,7.07,2,-0.766589
audio09.TextGrid,32,15,painful,174.490,175.060,JJ,7.3228,4.32,6,1.275393
audio10.TextGrid,1,1,just,1.130,1.380,RB,6.1073,6.43,3,3.097080
audio10.TextGrid,1,2,then,1.380,1.650,RB,3.9210,6.07,3,0.392587
audio10.TextGrid,1,3,he,1.650,1.770,PRP,2.8273,6.69,2,0.191330
audio10.TextGrid,1,4,saw,1.770,2.020,VBD,2.3106,5.34,2,-2.268593
audio10.TextGrid,1,5,a,2.020,2.050,DT,1.4249,7.36,1,-0.246655
audio10.TextGrid,1,6,man,2.050,2.280,NN,3.6278,5.82,3,-0.260470
audio10.TextGrid,1,7,of,2.280,2.420,IN,3.5256,7.4,2,1.911622
audio10.TextGrid,1,8,war,2.420,2.640,NN,1.4029,5.46,3,-3.003562
audio10.TextGrid,1,9,bird,2.640,3.040,NN,8.7456,4.63,3,3.144415
audio10.TextGrid,1,10,with,3.040,3.200,IN,3.1197,6.85,3,0.714038
audio10.TextGrid,1,11,his,3.200,3.360,PRP$,2.7092,6.51,3,-0.185866
audio10.TextGrid,1,12,long,3.360,3.660,JJ,4.4465,5.81,3,0.543836
audio10.TextGrid,1,13,black,3.660,3.970,JJ,2.8958,5.46,4,-1.510662
audio10.TextGrid,1,14,wings,3.970,4.490,NNS,2.3116,4.44,4,-3.563076
audio10.TextGrid,1,15,circling,4.600,5.100,VBG,6.0675,3.33,6,-1.404937
audio10.TextGrid,1,16,in,5.100,5.190,IN,2.6016,7.27,2,0.800496
audio10.TextGrid,1,17,the,5.190,5.270,DT,0.4881,7.73,2,-0.650868
audio10.TextGrid,1,18,sky,5.270,5.710,NN,2.4365,4.72,3,-3.035137
audio10.TextGrid,1,19,ahead,5.710,5.890,RB,7.2280,5.01,4,2.173796
audio10.TextGrid,1,20,of,5.890,6.000,IN,0.5877,7.4,2,-1.026278
audio10.TextGrid,1,21,him,6.000,6.280,PRP,0.4457,6.11,3,-3.025136
audio10.TextGrid,2,1,he,7.030,7.130,PRP,1.1571,6.69,2,-1.478870
audio10.TextGrid,2,2,made,7.130,7.340,VBD,5.1351,5.92,3,1.390773
audio10.TextGrid,2,3,a,7.340,7.380,DT,1.0066,7.36,1,-0.664955
audio10.TextGrid,2,4,quick,7.380,7.640,JJ,4.4169,4.98,4,-0.680486
audio10.TextGrid,2,5,drop,7.650,8.050,NN,6.1840,4.99,4,1.101008
audio10.TextGrid,2,6,slanting,8.190,8.680,VBG,13.0140,2.25,7,3.986984
audio10.TextGrid,2,7,down,8.680,9.030,RP,2.2629,5.88,3,-1.539004
audio10.TextGrid,2,8,on,9.030,9.160,IN,3.7581,6.91,2,1.438803
audio10.TextGrid,2,9,his,9.160,9.390,PRP$,1.5095,6.51,3,-1.385566
audio10.TextGrid,2,10,back,9.390,9.660,NN,2.6844,6.04,3,-0.887196
audio10.TextGrid,2,11,swept,9.660,9.950,NN,6.6813,3.94,5,0.086912
audio10.TextGrid,2,12,wings,9.950,10.360,NNS,3.8849,4.44,4,-1.989776
audio10.TextGrid,2,13,and,10.690,10.780,CC,0.8951,7.41,2,-0.704484
audio10.TextGrid,2,14,then,10.780,10.980,RB,2.6352,6.07,3,-0.893213
audio10.TextGrid,2,15,circled,10.980,11.370,VBD,7.0653,3.17,6,-0.637445
audio10.TextGrid,2,16,again,11.370,11.780,RB,2.9870,5.7,4,-1.074000
audio10.TextGrid,3,1,he,13.310,13.460,PRP,3.6186,6.69,2,0.982630
audio10.TextGrid,3,2,s,13.460,13.520,VBZ,2.3957,5.86,1,-1.434993
audio10.TextGrid,3,3,got,13.520,13.780,VBD,3.7842,5.91,3,0.025479
audio10.TextGrid,3,4,something,13.780,14.270,NN,4.1567,5.81,6,0.254036
audio10.TextGrid,3,5,the,14.460,14.590,DT,2.5353,7.73,2,1.396332
audio10.TextGrid,3,6,old,14.590,14.790,JJ,1.7334,5.75,3,-2.255629
audio10.TextGrid,3,7,man,14.790,15.010,NN,0.0760,5.82,3,-3.812270
audio10.TextGrid,3,8,said,15.010,15.210,VBD,0.2209,6.01,3,-3.393879
audio10.TextGrid,4,1,aloud,15.210,15.660,NN,6.6999,3.51,4,-0.513441
audio10.TextGrid,4,2,he,16.250,16.360,PRP,1.8488,6.69,2,-0.787170
audio10.TextGrid,4,3,s,16.360,16.430,VBZ,0.8580,5.86,1,-2.972693
audio10.TextGrid,4,4,not,16.430,16.640,RB,4.0153,6.69,3,1.379330
audio10.TextGrid,4,5,just,16.640,16.870,RB,5.0390,6.43,4,2.028780
audio10.TextGrid,4,6,looking,16.870,17.260,VBG,4.1874,5.57,5,-0.060726
audio10.TextGrid,5,1,he,18.790,18.890,PRP,2.4862,6.69,2,-0.149770
audio10.TextGrid,5,2,rowed,18.890,19.200,VBD,10.5086,2.78,3,2.244479
audio10.TextGrid,5,3,slowly,19.200,19.680,RB,3.2381,4.63,5,-2.363085
audio10.TextGrid,5,4,and,19.680,19.800,CC,1.6656,7.41,3,0.066016
audio10.TextGrid,5,5,steadily,19.800,20.310,RB,5.2119,3.84,7,-1.526431
audio10.TextGrid,5,6,toward,20.310,20.730,IN,3.9843,4.72,6,-1.487337
audio10.TextGrid,5,7,where,20.730,20.870,WRB,5.5355,6.0,3,1.906327
audio10.TextGrid,5,8,the,20.870,20.960,DT,0.6690,7.73,2,-0.469968
audio10.TextGrid,5,9,bird,20.960,21.260,NN,2.8837,4.63,3,-2.717485
audio10.TextGrid,5,10,was,21.260,21.370,VBD,0.6327,6.82,3,-1.816145
audio10.TextGrid,5,11,circling,21.370,21.980,VBG,3.5757,3.33,6,-3.896737
audio10.TextGrid,6,1,he,22.460,22.570,PRP,1.6679,6.69,2,-0.968070
audio10.TextGrid,6,2,did,22.570,22.710,VBD,3.5544,5.96,3,-0.132350
audio10.TextGrid,6,3,not,22.710,22.930,RB,0.1168,6.69,3,-2.519170
audio10.TextGrid,6,4,hurry,22.930,23.300,VB,6.4188,4.14,3,0.112297
audio10.TextGrid,6,5,and,23.300,23.410,CC,2.2406,7.41,3,0.641016
audio10.TextGrid,6,6,he,23.410,23.500,PRP,2.0567,6.69,2,-0.579270
audio10.TextGrid,6,7,kept,23.500,23.790,VBD,3.4933,5.0,4,-1.575298
audio10.TextGrid,6,8,his,23.790,23.930,PRP$,1.6409,6.51,3,-1.254166
audio10.TextGrid,6,9,lines,23.930,24.350,NNS,6.2247,4.95,4,1.084131
audio10.TextGrid,6,10,straight,24.350,24.730,VBD,0.7012,5.04,5,-4.309821
audio10.TextGrid,6,11,up,24.730,24.870,RB,0.9825,6.39,2,-2.085297
audio10.TextGrid,6,12,and,24.870,24.970,CC,0.4948,7.41,2,-1.104784
audio10.TextGrid,6,13,down,24.970,25.350,RB,0.0504,5.88,3,-3.751504
audio10.TextGrid,7,1,but,25.960,26.090,CC,3.1845,6.63,3,0.462165
audio10.TextGrid,7,2,he,26.090,26.200,PRP,1.7641,6.69,2,-0.871870
audio10.TextGrid,7,3,crowded,26.200,26.620,VBD,9.8202,3.98,6,3.283389
audio10.TextGrid,7,4,the,26.620,26.690,DT,2.1907,7.73,2,1.051732
audio10.TextGrid,7,5,current,26.690,27.030,JJ,5.1328,5.27,5,0.452847
audio10.TextGrid,7,6,a,27.030,27.080,DT,4.7338,7.36,1,3.062245
audio10.TextGrid,7,7,little,27.080,27.380,JJ,0.5794,5.75,5,-3.409629
audio10.TextGrid,7,8,so,27.380,27.530,RB,3.5348,6.52,2,0.654128
audio10.TextGrid,7,9,that,27.530,27.660,IN,0.1830,7.01,3,-1.992354
audio10.TextGrid,7,10,he,27.660,27.720,PRP,1.9132,6.69,2,-0.722770
audio10.TextGrid,7,11,was,27.720,27.850,VBD,3.2445,6.82,3,0.795655
audio10.TextGrid,7,12,still,27.850,28.090,RB,3.8238,5.92,4,0.079473
audio10.TextGrid,7,13,fishing,28.090,28.420,VBG,9.0131,4.47,5,3.181607
audio10.TextGrid,7,14,correctly,28.420,28.970,RB,8.6873,4.21,7,2.481557
audio10.TextGrid,7,15,though,29.150,29.350,IN,7.2797,5.5,2,2.930815
audio10.TextGrid,7,16,faster,29.350,29.860,JJR,7.9893,4.64,5,2.402509
audio10.TextGrid,7,17,than,29.860,29.990,IN,0.8369,6.13,3,-2.605148
audio10.TextGrid,7,18,he,29.990,30.050,PRP,1.1668,6.69,2,-1.469170
audio10.TextGrid,7,19,would,30.050,30.200,MD,3.0889,6.27,3,-0.151628
audio10.TextGrid,7,20,have,30.200,30.290,VB,0.4380,6.71,3,-2.169181
audio10.TextGrid,7,21,fished,30.290,30.620,VBN,9.3019,3.08,4,1.469607
audio10.TextGrid,7,22,if,30.620,30.710,IN,2.5357,6.47,2,-0.416943
audio10.TextGrid,7,23,he,30.710,30.800,PRP,0.3752,6.69,2,-2.260770
audio10.TextGrid,7,24,was,30.800,30.960,VBD,3.3869,6.82,3,0.938055
audio10.TextGrid,7,25,not,30.960,31.180,RB,2.2840,6.69,3,-0.351970
audio10.TextGrid,7,26,trying,31.180,31.410,VBG,4.7568,5.47,4,0.364732
audio10.TextGrid,7,27,to,31.410,31.510,TO,0.4552,7.43,2,-1.115596
audio10.TextGrid,7,28,use,31.510,31.800,VB,6.5973,5.81,3,2.694636
audio10.TextGrid,7,29,the,31.800,31.870,DT,1.3748,7.73,2,0.235832
audio10.TextGrid,7,30,bird,31.870,32.320,NN,7.5025,4.63,3,1.901315
audio10.TextGrid,8,1,the,33.610,33.690,DT,2.1616,7.73,2,1.022632
audio10.TextGrid,8,2,bird,33.690,33.930,NN,2.0593,4.63,3,-3.541885
audio10.TextGrid,8,3,went,33.930,34.160,VBD,3.8778,5.5,4,-0.471085
audio10.TextGrid,8,4,higher,34.160,34.450,JJR,5.9459,5.18,3,1.136399
audio10.TextGrid,8,5,in,34.450,34.550,IN,3.4308,7.27,2,1.629696
audio10.TextGrid,8,6,the,34.550,34.790,DT,0.1507,7.73,2,-0.988268
audio10.TextGrid,8,7,air,34.790,34.980,NN,2.5289,5.37,2,-2.007111
audio10.TextGrid,8,8,and,34.980,35.110,CC,0.5999,7.41,3,-0.999684
audio10.TextGrid,8,9,circled,35.110,35.460,VBD,5.6407,3.17,6,-2.062045
audio10.TextGrid,8,10,again,35.460,35.880,RB,2.8050,5.7,4,-1.256000
audio10.TextGrid,8,11,his,35.990,36.160,PRP$,5.0404,6.51,3,2.145334
audio10.TextGrid,8,12,wings,36.160,36.530,NNS,2.3197,4.44,4,-3.554976
audio10.TextGrid,8,13,motionless,36.530,37.240,NN,9.4200,2.97,8,1.429370
audio10.TextGrid,9,1,then,38.090,38.260,RB,2.1660,6.07,3,-1.362413
audio10.TextGrid,9,2,he,38.260,38.410,PRP,0.9333,6.69,2,-1.702670
audio10.TextGrid,9,3,dove,38.410,38.740,VB,6.5987,3.67,3,-0.384333
audio10.TextGrid,9,4,suddenly,38.740,39.230,RB,7.4604,4.69,7,1.945581
audio10.TextGrid,9,5,and,39.230,39.310,CC,1.2042,7.41,2,-0.395384
audio10.TextGrid,9,6,the,39.310,39.410,DT,3.0712,7.73,2,1.932232
audio10.TextGrid,9,7,old,39.410,39.590,JJ,2.5091,5.75,3,-1.479929
audio10.TextGrid,9,8,man,39.590,39.830,NN,0.0225,5.82,3,-3.865770
audio10.TextGrid,9,9,saw,39.830,40.080,VBD,2.2974,5.34,2,-2.281793
audio10.TextGrid,9,10,flying,40.080,40.520,VBG,9.2748,4.71,5,3.788769
audio10.TextGrid,9,11,fish,40.520,40.830,JJ,3.0718,4.9,3,-2.140740
audio10.TextGrid,9,12,spurt,40.830,41.190,VBN,12.8647,2.84,4,4.686945
audio10.TextGrid,9,13,out,41.190,41.320,IN,1.0990,6.38,2,-1.983192
audio10.TextGrid,9,14,of,41.320,41.410,IN,1.3023,7.4,2,-0.311678
audio10.TextGrid,9,15,the,41.410,41.470,DT,0.2998,7.73,2,-0.839168
audio10.TextGrid,9,16,water,41.470,41.880,NN,0.8451,5.52,4,-3.474997
audio10.TextGrid,9,17,and,41.880,41.990,CC,1.3936,7.41,3,-0.205984
audio10.TextGrid,9,18,sail,41.990,42.250,NN,8.9532,4.01,3,2.459572
audio10.TextGrid,9,19,desperately,42.250,42.890,RB,9.2094,3.98,9,2.672589
audio10.TextGrid,9,20,over,42.890,43.080,IN,2.6767,6.08,3,-0.837319
audio10.TextGrid,9,21,the,43.080,43.180,DT,0.5711,7.73,2,-0.567868
audio10.TextGrid,9,22,surface,43.180,43.780,NN,4.0153,4.83,5,-1.298000
audio10.TextGrid,9,23,dolphin,44.700,45.330,VBZ,10.0422,3.67,6,3.059167
audio10.TextGrid,9,24,the,45.700,45.810,DT,1.4493,7.73,2,0.310332
audio10.TextGrid,9,25,old,45.810,46.030,JJ,0.3901,5.75,3,-3.598929
audio10.TextGrid,9,26,man,46.030,46.280,NN,0.0141,5.82,3,-3.874170
audio10.TextGrid,9,27,said,46.280,46.510,VBD,0.2077,6.01,3,-3.407079
audio10.TextGrid,9,28,aloud,46.510,46.960,JJ,3.2146,3.51,4,-3.998741
audio10.TextGrid,10,1,big,47.570,47.800,JJ,8.0798,5.67,3,3.975617
audio10.TextGrid,10,2,dolphin,47.800,48.310,NN,3.5290,3.67,6,-3.454033
audio10.TextGrid,10,3,he,49.810,49.940,PRP,2.4167,6.69,2,-0.219270
audio10.TextGrid,10,4,shipped,49.940,50.200,VBD,11.7730,4.03,4,5.308160
audio10.TextGrid,10,5,his,50.200,50.380,PRP$,2.4714,6.51,3,-0.423666
audio10.TextGrid,10,6,oars,50.380,50.830,NNS,7.7058,3.01,3,-0.227253
audio10.TextGrid,10,7,and,50.830,50.950,CC,2.1192,7.41,2,0.519616
audio10.TextGrid,10,8,brought,50.950,51.170,VBD,5.0887,5.16,4,0.250410
audio10.TextGrid,10,9,a,51.170,51.240,DT,2.5472,7.36,1,0.875645
audio10.TextGrid,10,10,small,51.240,51.660,JJ,3.4905,5.51,4,-0.843991
audio10.TextGrid,10,11,line,51.660,51.930,NN,6.7134,5.49,3,2.350120
audio10.TextGrid,10,12,from,51.930,52.100,IN,3.6708,6.63,3,0.948465
audio10.TextGrid,10,13,under,52.100,52.270,IN,5.6302,5.73,4,1.612382
audio10.TextGrid,10,14,the,52.270,52.360,DT,0.5443,7.73,2,-0.594668
audio10.TextGrid,10,15,bow,52.360,52.800,NN,6.0109,4.3,2,-0.065295
audio10.TextGrid,11,1,it,53.470,53.560,PRP,2.8564,6.95,2,0.594680
audio10.TextGrid,11,2,had,53.560,53.690,VBD,3.3122,6.33,3,0.158037
audio10.TextGrid,11,3,a,53.690,53.720,DT,1.5772,7.36,1,-0.094355
audio10.TextGrid,11,4,wire,53.720,54.150,NN,7.8926,4.43,3,2.003530
audio10.TextGrid,11,5,leader,54.150,54.540,NN,9.9612,4.95,4,4.820631
audio10.TextGrid,11,6,and,54.540,54.700,CC,1.4205,7.41,3,-0.179084
audio10.TextGrid,11,7,a,54.700,54.740,DT,1.4659,7.36,1,-0.205655
audio10.TextGrid,11,8,medium,54.740,55.150,NN,8.5633,4.61,6,2.933327
audio10.TextGrid,11,9,sized,55.150,55.610,VBN,1.2178,4.27,4,-4.901578
audio10.TextGrid,11,10,hook,55.610,55.890,NN,2.7395,4.37,3,-3.235935
audio10.TextGrid,12,1,and,56.380,56.510,CC,1.7443,7.41,2,0.144716
audio10.TextGrid,12,2,he,56.510,56.630,PRP,2.7194,6.69,2,0.083430
audio10.TextGrid,12,3,baited,56.630,57.020,VBD,9.4227,2.78,5,1.158579
audio10.TextGrid,12,4,it,57.020,57.170,PRP,0.7549,6.95,2,-1.506820
audio10.TextGrid,12,5,with,57.170,57.310,IN,1.1305,6.85,3,-1.275162
audio10.TextGrid,12,6,one,57.310,57.470,CD,3.6177,6.47,4,0.665057
audio10.TextGrid,12,7,of,57.470,57.550,IN,1.0139,7.4,2,-0.600078
audio10.TextGrid,12,8,the,57.550,57.640,DT,0.7632,7.73,2,-0.375768
audio10.TextGrid,12,9,sardines,57.640,58.470,NNS,10.4772,2.93,7,2.428993
audio10.TextGrid,13,1,he,59.290,59.400,PRP,1.8542,6.69,2,-0.781770
audio10.TextGrid,13,2,let,59.400,59.550,VB,4.8176,5.6,3,0.612657
audio10.TextGrid,13,3,it,59.550,59.630,PRP,0.6804,6.95,2,-1.581320
audio10.TextGrid,13,4,go,59.630,59.810,VB,1.5104,6.03,2,-2.075590
audio10.TextGrid,13,5,over,59.810,60.060,IN,4.3576,6.08,3,0.843581
audio10.TextGrid,13,6,the,60.060,60.170,DT,0.3199,7.73,2,-0.819068
audio10.TextGrid,13,7,side,60.170,60.640,NN,4.2087,5.5,3,-0.140185
audio10.TextGrid,13,8,and,60.640,60.780,CC,1.4467,7.41,2,-0.152884
audio10.TextGrid,13,9,then,60.780,60.960,RB,2.6658,6.07,3,-0.862613
audio10.TextGrid,13,10,made,60.960,61.120,VBD,4.8492,5.92,3,1.104873
audio10.TextGrid,13,11,it,61.120,61.230,PRP,2.5424,6.95,2,0.280680
audio10.TextGrid,13,12,fast,61.230,61.630,VBZ,4.3026,5.13,4,-0.578873
audio10.TextGrid,13,13,to,61.630,61.720,TO,2.4093,7.43,2,0.838504
audio10.TextGrid,13,14,a,61.720,61.800,DT,3.7736,7.36,1,2.102045
audio10.TextGrid,13,15,ring,61.800,62.030,NN,7.9728,4.81,3,2.630711
audio10.TextGrid,13,16,bolt,62.030,62.340,NN,10.5935,4.04,4,4.143054
audio10.TextGrid,13,17,in,62.340,62.430,IN,3.4033,7.27,2,1.602196
audio10.TextGrid,13,18,the,62.430,62.530,DT,0.3165,7.73,2,-0.822468
audio10.TextGrid,13,19,stern,62.530,63.070,NN,5.8783,3.9,4,-0.773665
audio10.TextGrid,14,1,then,64.120,64.380,RB,2.1384,6.07,3,-1.390013
audio10.TextGrid,14,2,he,64.380,64.560,PRP,0.3377,6.69,2,-2.298270
audio10.TextGrid,14,3,baited,64.560,64.950,VBD,6.5337,2.78,5,-1.730421
audio10.TextGrid,14,4,another,64.950,65.270,DT,3.6134,5.74,5,-0.390023
audio10.TextGrid,14,5,line,65.270,65.650,NN,1.2716,5.49,3,-3.091680
audio10.TextGrid,14,6,and,65.650,65.890,CC,1.6884,7.41,3,0.088816
audio10.TextGrid,14,7,left,65.890,66.190,VBD,6.9555,5.62,4,2.779346
audio10.TextGrid,14,8,it,66.190,66.330,PRP,0.6928,6.95,2,-1.568920
audio10.TextGrid,14,9,coiled,66.330,66.790,VBD,10.2735,2.9,4,2.182110
audio10.TextGrid,14,10,in,66.790,66.880,IN,2.2194,7.27,2,0.418296
audio10.TextGrid,14,11,the,66.880,66.960,DT,0.1956,7.73,2,-0.943368
audio10.TextGrid,14,12,shade,66.960,67.250,NN,9.8158,4.16,3,3.538085
audio10.TextGrid,14,13,of,67.250,67.340,IN,1.4844,7.4,2,-0.129578
audio10.TextGrid,14,14,the,67.340,67.410,DT,0.3081,7.73,2,-0.830868
audio10.TextGrid,14,15,bow,67.410,67.810,NN,5.0588,4.3,2,-1.017395
audio10.TextGrid,15,1,he,68.630,68.730,PRP,1.7005,6.69,2,-0.935470
audio10.TextGrid,15,2,went,68.730,68.920,VBD,3.3876,5.5,4,-0.961285
audio10.TextGrid,15,3,back,68.920,69.130,RB,2.1116,6.04,3,-1.459996
audio10.TextGrid,15,4,to,69.130,69.240,TO,1.0944,7.43,2,-0.476396
audio10.TextGrid,15,5,rowing,69.240,69.740,NN,7.3920,3.39,4,0.005928
audio10.TextGrid,15,6,and,69.810,69.960,CC,1.0754,7.41,2,-0.524184
audio10.TextGrid,15,7,to,69.960,70.050,TO,4.8969,7.43,2,3.326104
audio10.TextGrid,15,8,watching,70.050,70.500,VBG,3.5750,5.02,5,-1.464809
audio10.TextGrid,15,9,the,70.500,70.560,DT,0.8653,7.73,2,-0.273668
audio10.TextGrid,15,10,long,70.560,70.900,JJ,5.5228,5.81,3,1.620136
audio10.TextGrid,15,11,winged,70.900,71.240,JJ,3.8099,3.44,4,-3.504200
audio10.TextGrid,15,12,black,71.240,71.580,JJ,5.6352,5.46,4,1.228738
audio10.TextGrid,15,13,bird,71.580,72.040,NN,4.4628,4.63,3,-1.138385
audio10.TextGrid,15,14,who,72.040,72.100,WP,5.1772,6.34,2,2.037431
audio10.TextGrid,15,15,was,72.100,72.370,VBD,1.1707,6.82,3,-1.278145
audio10.TextGrid,15,16,working,72.370,72.810,VBG,7.3468,5.45,5,2.925943
audio10.TextGrid,15,17,now,72.810,73.170,RB,4.8551,6.18,2,1.485023
audio10.TextGrid,15,18,low,73.320,73.600,JJ,7.1309,5.33,2,2.537312
audio10.TextGrid,15,19,over,73.600,73.810,IN,3.6629,6.08,3,0.148881
audio10.TextGrid,15,20,the,73.810,73.890,DT,0.1793,7.73,2,-0.959668
audio10.TextGrid,15,21,water,73.890,74.400,NN,1.6147,5.52,4,-2.705397
audio10.TextGrid,16,1,as,75.540,75.670,IN,4.7292,6.77,2,2.208384
audio10.TextGrid,16,2,he,75.670,75.750,PRP,0.7906,6.69,2,-1.845370
audio10.TextGrid,16,3,watched,75.750,76.300,VBD,1.5789,4.72,4,-3.892737
audio10.TextGrid,16,4,the,76.300,76.470,DT,1.0612,7.73,2,-0.077768
audio10.TextGrid,16,5,bird,76.470,76.760,NN,2.4268,4.63,3,-3.174385
audio10.TextGrid,16,6,dipped,76.760,77.010,VBD,9.1173,3.54,4,1.947142
audio10.TextGrid,16,7,again,77.010,77.480,RB,5.0916,5.7,4,1.030600
audio10.TextGrid,16,8,slanting,77.480,77.980,VBG,11.3060,2.25,7,2.278984
audio10.TextGrid,16,9,his,77.980,78.160,PRP$,3.2504,6.51,3,0.355334
audio10.TextGrid,16,10,wings,78.160,78.470,NNS,1.3127,4.44,4,-4.561976
audio10.TextGrid,16,11,for,78.470,78.600,IN,5.7027,7.01,2,3.527346
audio10.TextGrid,16,12,the,78.600,78.700,DT,2.0746,7.73,2,0.935632
audio10.TextGrid,16,13,dive,78.700,79.160,NN,8.6205,4.12,3,2.285208
audio10.TextGrid,16,14,and,79.160,79.270,CC,2.1733,7.41,2,0.573716
audio10.TextGrid,16,15,then,79.270,79.490,RB,1.6622,6.07,3,-1.866213
audio10.TextGrid,16,16,swinging,79.490,79.920,VBG,6.5079,3.79,6,-0.302402
audio10.TextGrid,16,17,them,79.920,80.090,PRP,4.5855,6.19,3,1.229818
audio10.TextGrid,16,18,wildly,80.090,80.630,RB,5.7837,3.71,6,-1.141756
audio10.TextGrid,16,19,and,80.630,80.770,CC,2.7884,7.41,3,1.188816
audio10.TextGrid,16,20,ineffectually,80.770,81.550,RB,12.4373,1.72,12,2.647389
audio10.TextGrid,16,21,as,81.550,81.670,IN,3.8892,6.77,2,1.368384
audio10.TextGrid,16,22,he,81.670,81.800,PRP,1.1175,6.69,2,-1.518470
audio10.TextGrid,16,23,followed,81.800,82.130,VBD,5.9668,5.05,5,0.970173
audio10.TextGrid,16,24,the,82.130,82.210,DT,0.7860,7.73,2,-0.352968
audio10.TextGrid,16,25,flying,82.210,82.600,VBG,6.7051,4.71,5,1.219069
audio10.TextGrid,16,26,fish,82.600,83.000,NN,0.6252,4.9,3,-4.587340
audio10.TextGrid,17,1,the,84.110,84.220,DT,1.7689,7.73,2,0.629932
audio10.TextGrid,17,2,old,84.220,84.400,JJ,1.1813,5.75,3,-2.807729
audio10.TextGrid,17,3,man,84.400,84.640,NN,0.0062,5.82,3,-3.882070
audio10.TextGrid,17,4,could,84.640,84.820,MD,3.6084,6.06,3,0.065592
audio10.TextGrid,17,5,see,84.820,84.960,VB,0.8428,6.1,2,-2.642431
audio10.TextGrid,17,6,the,84.960,85.060,DT,1.3493,7.73,2,0.210332
audio10.TextGrid,17,7,slight,85.060,85.410,JJ,8.4755,4.22,4,2.284151
audio10.TextGrid,17,8,bulge,85.410,85.760,NN,5.5277,3.24,4,-2.074285
audio10.TextGrid,17,9,in,85.760,85.840,IN,1.0396,7.27,2,-0.761504
audio10.TextGrid,17,10,the,85.840,85.920,DT,0.3872,7.73,2,-0.751768
audio10.TextGrid,17,11,water,85.920,86.320,NN,3.4024,5.52,4,-0.917697
audio10.TextGrid,17,12,that,86.320,86.460,IN,3.4762,7.01,3,1.300846
audio10.TextGrid,17,13,the,86.460,86.540,DT,4.2425,7.73,2,3.103532
audio10.TextGrid,17,14,big,86.540,86.780,JJ,5.2544,5.67,3,1.150217
audio10.TextGrid,17,15,dolphin,86.780,87.180,NN,1.3397,3.67,6,-5.643333
audio10.TextGrid,17,16,raised,87.180,87.680,VBD,7.6832,4.84,4,2.384294
audio10.TextGrid,17,17,as,87.680,87.790,IN,3.6488,6.77,2,1.127984
audio10.TextGrid,17,18,they,87.790,87.950,PRP,6.1455,6.5,2,3.236039
audio10.TextGrid,17,19,followed,87.950,88.310,VBD,4.7564,5.05,5,-0.240227
audio10.TextGrid,17,20,the,88.310,88.440,DT,1.2818,7.73,2,0.142832
audio10.TextGrid,17,21,escaping,88.440,88.940,VBG,10.8623,3.73,7,3.965633
audio10.TextGrid,17,22,fish,88.940,89.340,NN,0.6663,4.9,3,-4.546240
audio10.TextGrid,18,1,the,90.160,90.240,DT,1.9843,7.73,2,0.845332
audio10.TextGrid,18,2,dolphin,90.240,90.630,NN,3.2487,3.67,6,-3.734333
audio10.TextGrid,18,3,were,90.630,90.760,VBD,6.4523,6.34,2,3.312531
audio10.TextGrid,18,4,cutting,90.760,91.130,VBG,8.2735,4.61,5,2.643527
audio10.TextGrid,18,5,through,91.130,91.290,IN,3.1538,5.87,3,-0.662498
audio10.TextGrid,18,6,the,91.290,91.350,DT,0.2792,7.73,2,-0.859768
audio10.TextGrid,18,7,water,91.350,91.700,NN,2.0140,5.52,4,-2.306097
audio10.TextGrid,18,8,below,91.700,92.060,IN,5.9663,5.05,4,0.969673
audio10.TextGrid,18,9,the,92.060,92.160,DT,2.3901,7.73,2,1.251132
audio10.TextGrid,18,10,flight,92.160,92.450,NN,9.8944,4.86,4,4.624283
audio10.TextGrid,18,11,of,92.450,92.520,IN,1.9701,7.4,2,0.356122
audio10.TextGrid,18,12,the,92.520,92.610,DT,0.1917,7.73,2,-0.947268
audio10.TextGrid,18,13,fish,92.610,92.920,NN,2.7439,4.9,3,-2.468640
audio10.TextGrid,18,14,and,93.320,93.410,CC,1.2748,7.41,2,-0.324784
audio10.TextGrid,18,15,would,93.410,93.570,MD,6.0103,6.27,3,2.769772
audio10.TextGrid,18,16,be,93.570,93.750,VB,3.6318,6.79,2,1.139773
audio10.TextGrid,18,17,in,93.750,93.840,IN,4.0213,7.27,2,2.220196
audio10.TextGrid,18,18,the,93.840,93.900,DT,1.4115,7.73,2,0.272532
audio10.TextGrid,18,19,water,93.900,94.300,NN,1.1035,5.52,4,-3.216597
audio10.TextGrid,18,20,driving,94.670,95.090,NN,7.7931,4.9,6,2.580560
audio10.TextGrid,18,21,at,95.090,95.200,IN,3.1253,6.7,2,0.503724
audio10.TextGrid,18,22,speed,95.200,95.650,NN,4.9067,5.0,4,-0.161898
audio10.TextGrid,18,23,when,95.650,95.810,WRB,2.8178,6.37,3,-0.278786
audio10.TextGrid,18,24,the,95.810,95.870,DT,0.9462,7.73,2,-0.192768
audio10.TextGrid,18,25,fish,95.870,96.160,NN,3.6393,4.9,3,-1.573240
audio10.TextGrid,18,26,dropped,96.160,96.680,VBD,4.3080,4.73,5,-1.149243
audio10.TextGrid,19,1,it,97.780,97.900,PRP,2.9705,6.95,2,0.708780
audio10.TextGrid,19,2,is,97.900,98.010,VBZ,4.6727,7.07,2,2.583711
audio10.TextGrid,19,3,a,98.010,98.070,DT,1.9972,7.36,1,0.325645
audio10.TextGrid,19,4,big,98.070,98.340,JJ,4.5555,5.67,3,0.451317
audio10.TextGrid,19,5,school,98.340,98.630,NN,9.5513,5.71,4,5.504694
audio10.TextGrid,19,6,of,98.630,98.710,IN,1.1825,7.4,2,-0.431478
audio10.TextGrid,19,7,dolphin,98.710,99.140,NN,4.9455,3.67,6,-2.037533
audio10.TextGrid,19,8,he,99.390,99.500,PRP,1.5941,6.69,2,-1.041870
audio10.TextGrid,19,9,thought,99.500,99.910,VBD,0.2460,5.59,3,-3.973337
audio10.TextGrid,20,1,they,100.440,100.570,PRP,3.3512,6.5,2,0.441739
audio10.TextGrid,20,2,are,100.570,100.730,VBP,1.5116,6.74,2,-1.052399
audio10.TextGrid,20,3,widespread,100.730,101.580,JJ,11.8436,4.19,8,5.609068
audio10.TextGrid,20,4,and,101.940,102.030,CC,1.4634,7.41,2,-0.136184
audio10.TextGrid,20,5,the,102.030,102.120,DT,3.2521,7.73,2,2.113132
audio10.TextGrid,20,6,flying,102.120,102.520,VBG,6.6543,4.71,5,1.168269
audio10.TextGrid,20,7,fish,102.520,102.790,NN,0.3997,4.9,3,-4.812840
audio10.TextGrid,20,8,have,102.790,102.960,VBP,2.9601,6.71,3,0.352919
audio10.TextGrid,20,9,little,102.960,103.210,JJ,4.8740,5.75,5,0.884971
audio10.TextGrid,20,10,chance,103.210,103.840,NN,2.9810,5.26,4,-1.713347
audio10.TextGrid,21,1,the,104.520,104.620,DT,1.9892,7.73,2,0.850232
audio10.TextGrid,21,2,bird,104.620,104.940,NN,4.9425,4.63,3,-0.658685
audio10.TextGrid,21,3,has,104.940,105.120,VBZ,4.7815,6.37,3,1.684914
audio10.TextGrid,21,4,no,105.120,105.320,DT,2.9813,6.35,2,-0.144074
audio10.TextGrid,21,5,chance,105.320,105.890,NN,1.6521,5.26,4,-3.042247
audio10.TextGrid,21,6,the,106.280,106.370,DT,1.7042,7.73,2,0.565232
audio10.TextGrid,21,7,flying,106.370,106.700,VBG,5.3637,4.71,5,-0.122331
audio10.TextGrid,21,8,fish,106.700,106.960,NN,0.0834,4.9,3,-5.129140
audio10.TextGrid,21,9,are,106.960,107.040,VBP,1.5919,6.74,1,-0.972099
audio10.TextGrid,21,10,too,107.040,107.220,RB,3.9593,5.95,2,0.258156
audio10.TextGrid,21,11,big,107.220,107.500,JJ,2.5837,5.67,3,-1.520483
audio10.TextGrid,21,12,for,107.500,107.680,IN,1.6097,7.01,3,-0.565654
audio10.TextGrid,21,13,him,107.680,107.930,PRP,1.3956,6.11,3,-2.075236
audio10.TextGrid,21,14,and,108.280,108.390,CC,2.1661,7.41,2,0.566516
audio10.TextGrid,21,15,they,108.390,108.510,PRP,2.6225,6.5,2,-0.286961
audio10.TextGrid,21,16,go,108.510,108.720,VBP,5.1477,6.03,2,1.561710
audio10.TextGrid,21,17,too,108.720,108.880,RB,2.7655,5.95,2,-0.935644
audio10.TextGrid,21,18,fast,108.880,109.560,RB,0.8817,5.13,4,-3.999773
audio10.TextGrid,22,1,he,111.110,111.210,PRP,1.4490,6.69,2,-1.186970
audio10.TextGrid,22,2,watched,111.210,111.530,VBD,3.1177,4.72,4,-2.353937
audio10.TextGrid,22,3,the,111.530,111.640,DT,0.9089,7.73,2,-0.230068
audio10.TextGrid,22,4,flying,111.640,112.000,VBG,4.0082,4.71,5,-1.477831
audio10.TextGrid,22,5,fish,112.000,112.250,JJ,0.1615,4.9,3,-5.051040
audio10.TextGrid,22,6,burst,112.250,112.600,NN,9.6100,4.15,4,3.317891
audio10.TextGrid,22,7,out,112.600,112.760,RB,1.4749,6.38,2,-1.607292
audio10.TextGrid,22,8,again,112.760,113.150,RB,5.3369,5.7,4,1.275900
audio10.TextGrid,22,9,and,113.150,113.290,CC,0.9904,7.41,3,-0.609184
audio10.TextGrid,22,10,again,113.290,113.740,RB,3.0599,5.7,4,-1.001100
audio10.TextGrid,22,11,and,113.850,113.970,CC,1.0614,7.41,2,-0.538184
audio10.TextGrid,22,12,the,113.970,114.110,DT,2.8771,7.73,2,1.738132
audio10.TextGrid,22,13,ineffectual,114.110,114.650,JJ,9.5321,2.83,10,1.339950
audio10.TextGrid,22,14,movements,114.650,115.120,NNS,6.0867,4.35,8,0.082476
audio10.TextGrid,22,15,of,115.120,115.190,IN,0.6358,7.4,2,-0.978178
audio10.TextGrid,22,16,the,115.190,115.290,DT,0.1957,7.73,2,-0.943268
audio10.TextGrid,22,17,bird,115.290,115.760,NN,3.3031,4.63,3,-2.298085
audio10.TextGrid,23,1,that,116.900,117.120,DT,5.5317,7.01,3,3.356346
audio10.TextGrid,23,2,school,117.120,117.570,NN,10.8003,5.71,4,6.753694
audio10.TextGrid,23,3,has,117.570,117.680,VBZ,4.6554,6.37,3,1.558814
audio10.TextGrid,23,4,gotten,117.680,117.990,VBN,6.6099,4.47,5,0.778407
audio10.TextGrid,23,5,away,117.990,118.240,RP,5.5602,5.62,3,1.384046
audio10.TextGrid,23,6,from,118.240,118.450,IN,1.2281,6.63,3,-1.494235
audio10.TextGrid,23,7,me,118.450,118.680,PRP,2.4200,6.48,2,-0.518249
audio10.TextGrid,23,8,he,118.820,118.940,PRP,0.5073,6.69,2,-2.128670
audio10.TextGrid,23,9,thought,118.940,119.300,VBD,0.1155,5.59,3,-4.103837
audio10.TextGrid,24,1,they,119.950,120.080,PRP,3.8585,6.5,2,0.949039
audio10.TextGrid,24,2,are,120.080,120.170,VBP,1.1712,6.74,2,-1.392799
audio10.TextGrid,24,3,moving,120.170,120.500,VBG,6.1847,5.02,5,1.144891
audio10.TextGrid,24,4,out,120.500,120.650,RP,5.0873,6.38,2,2.005108
audio10.TextGrid,24,5,too,120.650,120.910,RB,5.1176,5.95,2,1.416456
audio10.TextGrid,24,6,fast,120.910,121.360,RB,0.1843,5.13,4,-4.697173
audio10.TextGrid,24,7,and,121.360,121.550,CC,1.4544,7.41,3,-0.145184
audio10.TextGrid,24,8,too,121.550,121.630,RB,2.8057,5.95,2,-0.895444
audio10.TextGrid,24,9,far,121.630,122.080,RB,3.9283,5.5,3,-0.420585
audio10.TextGrid,25,1,but,122.980,123.120,CC,2.8268,6.63,3,0.104465
audio10.TextGrid,25,2,perhaps,123.120,123.510,RB,6.6596,5.09,6,1.720550
audio10.TextGrid,25,3,i,123.510,123.590,VB,2.1610,7.09,1,0.100800
audio10.TextGrid,25,4,will,123.590,123.750,MD,2.6029,6.45,3,-0.378532
audio10.TextGrid,25,5,pick,123.750,123.940,VB,6.9823,5.08,3,2.028856
audio10.TextGrid,25,6,up,123.940,124.070,RP,1.0761,6.39,2,-1.991697
audio10.TextGrid,25,7,a,124.070,124.120,DT,2.6021,7.36,1,0.930545
audio10.TextGrid,25,8,stray,124.120,124.660,NN,6.8324,3.74,4,-0.049873
audio10.TextGrid,25,9,and,124.880,124.970,CC,2.9964,7.41,2,1.396816
audio10.TextGrid,25,10,perhaps,124.970,125.370,RB,6.3098,5.09,6,1.370750
audio10.TextGrid,25,11,my,125.370,125.560,PRP$,4.4554,6.57,2,1.646699
audio10.TextGrid,25,12,big,125.560,125.840,JJ,6.3001,5.67,3,2.195917
audio10.TextGrid,25,13,fish,125.840,126.070,NN,2.2029,4.9,3,-3.009640
audio10.TextGrid,25,14,is,126.070,126.190,VBZ,4.9238,7.07,2,2.834811
audio10.TextGrid,25,15,around,126.190,126.530,IN,6.8917,5.77,4,2.931459
audio10.TextGrid,25,16,them,126.530,126.840,PRP,3.3936,6.19,3,0.037918
audio10.TextGrid,26,1,my,127.640,127.830,PRP$,5.0378,6.57,2,2.229099
audio10.TextGrid,26,2,big,127.830,128.140,JJ,1.1862,5.67,3,-2.917983
audio10.TextGrid,26,3,fish,128.140,128.460,NN,0.0992,4.9,3,-5.113340
audio10.TextGrid,26,4,must,128.460,128.700,MD,4.2953,5.68,4,0.205511
audio10.TextGrid,26,5,be,128.750,128.900,VB,0.6948,6.79,2,-1.797227
audio10.TextGrid,26,6,somewhere,128.900,129.450,RB,4.6973,4.74,6,-0.745548
audio10.TextGrid,27,1,the,132.020,132.090,DT,2.4206,7.73,2,1.281632
audio10.TextGrid,27,2,clouds,132.090,132.540,NN,9.5214,4.16,5,3.243685
audio10.TextGrid,27,3,over,132.540,132.710,IN,4.5740,6.08,3,1.059981
audio10.TextGrid,27,4,the,132.710,132.810,DT,0.4897,7.73,2,-0.649268
audio10.TextGrid,27,5,land,132.810,133.290,NN,4.5530,5.22,4,-0.198924
audio10.TextGrid,27,6,now,133.290,133.620,RB,4.0502,6.18,2,0.680123
audio10.TextGrid,27,7,rose,133.620,134.010,VBD,4.7306,4.82,3,-0.597094
audio10.TextGrid,27,8,like,134.010,134.240,IN,3.8281,6.41,3,0.789091
audio10.TextGrid,27,9,mountains,134.240,135.030,NNS,5.4919,4.5,7,-0.296410
audio10.TextGrid,27,10,and,135.170,135.260,CC,1.2089,7.41,2,-0.390684
audio10.TextGrid,27,11,the,135.260,135.340,DT,1.3283,7.73,2,0.189332
audio10.TextGrid,27,12,coast,135.340,135.780,NN,6.9594,4.87,4,1.703677
audio10.TextGrid,27,13,was,135.780,135.910,VBD,1.0363,6.82,3,-1.412545
audio10.TextGrid,27,14,only,135.910,136.190,RB,6.1759,6.12,4,2.719458
audio10.TextGrid,27,15,a,136.190,136.260,DT,1.1528,7.36,1,-0.518755
audio10.TextGrid,27,16,long,136.260,136.590,JJ,5.4755,5.81,3,1.572836
audio10.TextGrid,27,17,green,136.590,136.940,JJ,6.9429,5.13,4,2.061427
audio10.TextGrid,27,18,line,136.940,137.340,NN,2.6170,5.49,3,-1.746280
audio10.TextGrid,27,19,with,137.340,137.480,IN,4.0939,6.85,3,1.688238
audio10.TextGrid,27,20,the,137.480,137.570,DT,2.4960,7.73,2,1.357032
audio10.TextGrid,27,21,gray,137.570,137.820,JJ,5.7732,4.45,3,-0.087081
audio10.TextGrid,27,22,blue,137.820,138.160,NN,6.2598,5.13,3,1.378327
audio10.TextGrid,27,23,hills,138.160,138.460,NNS,6.2032,4.46,4,0.357313
audio10.TextGrid,27,24,behind,138.460,138.890,IN,3.5552,5.29,6,-1.095965
audio10.TextGrid,27,25,it,138.890,139.090,PRP,0.9150,6.95,2,-1.346720
audio10.TextGrid,28,1,the,139.760,139.820,DT,1.4570,7.73,2,0.318032
audio10.TextGrid,28,2,water,139.820,140.200,NN,3.7916,5.52,4,-0.528497
audio10.TextGrid,28,3,was,140.200,140.390,VBD,0.9050,6.82,3,-1.543845
audio10.TextGrid,28,4,a,140.390,140.450,DT,4.0074,7.36,1,2.335845
audio10.TextGrid,28,5,dark,140.450,140.780,JJ,3.7957,5.04,4,-1.215321
audio10.TextGrid,28,6,blue,140.780,141.130,NN,2.0036,5.13,3,-2.877873
audio10.TextGrid,28,7,now,141.130,141.440,RB,4.7412,6.18,2,1.371123
audio10.TextGrid,29,1,so,141.970,142.150,RB,3.4722,6.52,2,0.591528
audio10.TextGrid,29,2,dark,142.150,142.480,JJ,3.4046,5.04,4,-1.606421
audio10.TextGrid,29,3,that,142.480,142.610,IN,0.7500,7.01,3,-1.425354
audio10.TextGrid,29,4,it,142.610,142.680,PRP,1.9334,6.95,2,-0.328320
audio10.TextGrid,29,5,was,142.680,142.800,VBD,1.2517,6.82,3,-1.197145
audio10.TextGrid,29,6,almost,142.800,143.160,RB,2.3265,5.39,6,-2.180722
audio10.TextGrid,29,7,purple,143.190,143.620,JJ,6.8574,4.32,5,0.809993
audio10.TextGrid,30,1,as,144.410,144.550,IN,4.3820,6.77,2,1.861184
audio10.TextGrid,30,2,he,144.550,144.660,PRP,1.2788,6.69,2,-1.357170
audio10.TextGrid,30,3,looked,144.660,144.850,VBD,2.7949,5.11,4,-2.115361
audio10.TextGrid,30,4,down,144.850,145.180,RB,2.5452,5.88,3,-1.256704
audio10.TextGrid,30,5,into,145.180,145.430,IN,1.8497,6.11,4,-1.621136
audio10.TextGrid,30,6,it,145.430,145.640,PRP,3.1217,6.95,2,0.859980
audio10.TextGrid,30,7,he,145.640,145.750,PRP,0.7715,6.69,2,-1.864470
audio10.TextGrid,30,8,saw,145.750,145.950,VBD,0.7783,5.34,2,-3.800893
audio10.TextGrid,30,9,the,145.950,146.070,DT,1.5571,7.73,2,0.418132
audio10.TextGrid,30,10,red,146.070,146.330,JJ,4.6809,5.32,3,0.072918
audio10.TextGrid,30,11,sifting,146.330,146.740,NN,17.9547,2.87,6,9.820127
audio10.TextGrid,30,12,of,146.740,146.830,IN,2.0275,7.4,2,0.413522
audio10.TextGrid,30,13,the,146.830,146.910,DT,0.6342,7.73,2,-0.504768
audio10.TextGrid,30,14,plankton,146.910,147.430,NN,6.9655,3.05,8,-0.909976
audio10.TextGrid,30,15,in,147.430,147.510,IN,2.6604,7.27,2,0.859296
audio10.TextGrid,30,16,the,147.510,147.600,DT,0.2691,7.73,2,-0.869868
audio10.TextGrid,30,17,dark,147.600,147.910,JJ,3.9690,5.04,4,-1.042021
audio10.TextGrid,30,18,water,147.910,148.250,NN,2.9453,5.52,4,-1.374797
audio10.TextGrid,30,19,and,148.610,148.700,CC,1.7419,7.41,2,0.142316
audio10.TextGrid,30,20,the,148.700,148.790,DT,1.0044,7.73,2,-0.134568
audio10.TextGrid,30,21,strange,148.790,149.300,JJ,5.9784,4.64,6,0.391609
audio10.TextGrid,30,22,light,149.300,149.530,VBD,4.5319,5.33,3,-0.061688
audio10.TextGrid,30,23,the,149.530,149.620,DT,5.5286,7.73,2,4.389632
audio10.TextGrid,30,24,sun,149.620,149.870,NN,5.8115,4.97,3,0.699719
audio10.TextGrid,30,25,made,149.870,150.210,VBD,3.5639,5.92,3,-0.180427
audio10.TextGrid,30,26,now,150.210,150.510,RB,6.3643,6.18,2,2.994223
audio10.TextGrid,31,1,he,151.480,151.580,PRP,1.4480,6.69,2,-1.187970
audio10.TextGrid,31,2,watched,151.580,151.930,VBD,2.7441,4.72,4,-2.727537
audio10.TextGrid,31,3,his,151.930,152.110,PRP$,3.9220,6.51,3,1.026934
audio10.TextGrid,31,4,lines,152.110,152.630,NNS,5.6058,4.95,4,0.465231
audio10.TextGrid,31,5,to,152.630,152.750,TO,4.9853,7.43,2,3.414504
audio10.TextGrid,31,6,see,152.750,152.900,VB,1.1258,6.1,2,-2.359431
audio10.TextGrid,31,7,them,152.900,153.040,PRP,4.7012,6.19,3,1.345518
audio10.TextGrid,31,8,go,153.040,153.250,VB,3.9696,6.03,2,0.383610
audio10.TextGrid,31,9,straight,153.250,153.550,RB,3.5811,5.04,5,-1.429921
audio10.TextGrid,31,10,down,153.550,153.940,RB,1.2837,5.88,3,-2.518204
audio10.TextGrid,31,11,out,153.940,154.070,IN,6.2296,6.38,2,3.147408
audio10.TextGrid,31,12,of,154.070,154.160,IN,1.1344,7.4,2,-0.479578
audio10.TextGrid,31,13,sight,154.160,154.540,NN,4.5103,4.54,3,-1.220433
audio10.TextGrid,31,14,into,154.540,154.700,IN,3.0836,6.11,4,-0.387236
audio10.TextGrid,31,15,the,154.700,154.780,DT,0.1013,7.73,2,-1.037668
audio10.TextGrid,31,16,water,154.780,155.210,NN,3.2128,5.52,4,-1.107297
audio10.TextGrid,31,17,and,155.510,155.640,CC,1.4934,7.41,3,-0.106184
audio10.TextGrid,31,18,he,155.640,155.740,PRP,2.9723,6.69,2,0.336330
audio10.TextGrid,31,19,was,155.740,155.880,VBD,3.0362,6.82,3,0.587355
audio10.TextGrid,31,20,happy,155.880,156.210,JJ,4.6927,5.35,4,0.127901
audio10.TextGrid,31,21,to,156.210,156.330,TO,1.5686,7.43,2,-0.002196
audio10.TextGrid,31,22,see,156.330,156.510,VB,0.3801,6.1,2,-3.105131
audio10.TextGrid,31,23,so,156.510,156.690,RB,4.4030,6.52,2,1.522328
audio10.TextGrid,31,24,much,156.690,156.890,JJ,1.5508,6.0,3,-2.078373
audio10.TextGrid,31,25,plankton,156.890,157.410,NN,8.3953,3.05,8,0.519824
audio10.TextGrid,31,26,because,157.410,157.850,IN,6.3314,6.03,5,2.745410
audio10.TextGrid,31,27,it,157.850,157.970,PRP,2.0662,6.95,2,-0.195520
audio10.TextGrid,31,28,meant,157.970,158.170,VBD,4.2322,4.94,4,-0.922763
audio10.TextGrid,31,29,fish,158.170,158.550,JJ,6.0419,4.9,3,0.829360
audio10.TextGrid,32,1,the,159.430,159.500,DT,2.1007,7.73,2,0.961732
audio10.TextGrid,32,2,strange,159.500,160.010,JJ,7.1144,4.64,6,1.527609
audio10.TextGrid,32,3,light,160.010,160.220,VBD,0.6565,5.33,3,-3.937088
audio10.TextGrid,32,4,the,160.220,160.380,DT,4.6901,7.73,2,3.551132
audio10.TextGrid,32,5,sun,160.380,160.590,NN,0.6288,4.97,3,-4.482981
audio10.TextGrid,32,6,made,160.590,160.810,VBD,0.6922,5.92,3,-3.052127
audio10.TextGrid,32,7,in,160.810,160.910,IN,3.4657,7.27,2,1.664596
audio10.TextGrid,32,8,the,160.910,160.970,DT,0.2625,7.73,2,-0.876468
audio10.TextGrid,32,9,water,160.970,161.370,NN,3.4502,5.52,4,-0.869897
audio10.TextGrid,32,10,now,161.750,161.900,RB,4.9206,6.18,2,1.550523
audio10.TextGrid,32,11,that,161.900,162.020,IN,2.7564,7.01,3,0.581046
audio10.TextGrid,32,12,the,162.020,162.120,DT,1.8481,7.73,2,0.709132
audio10.TextGrid,32,13,sun,162.120,162.340,NN,5.2311,4.97,3,0.119319
audio10.TextGrid,32,14,was,162.340,162.520,VBD,0.8177,6.82,3,-1.631145
audio10.TextGrid,32,15,higher,162.520,162.880,RBR,4.6588,5.18,3,-0.150701
audio10.TextGrid,32,16,meant,163.200,163.380,JJ,4.0548,4.94,4,-1.100163
audio10.TextGrid,32,17,good,163.380,163.590,JJ,5.6922,6.12,3,2.235758
audio10.TextGrid,32,18,weather,163.590,164.020,NN,5.4696,4.87,4,0.213877
audio10.TextGrid,32,19,and,164.220,164.380,CC,1.8047,7.41,3,0.205116
audio10.TextGrid,32,20,so,164.380,164.570,RB,4.2420,6.52,2,1.361328
audio10.TextGrid,32,21,did,164.570,164.720,VBD,4.3386,5.96,3,0.651850
audio10.TextGrid,32,22,the,164.720,164.800,DT,0.5825,7.73,2,-0.556468
audio10.TextGrid,32,23,shape,164.800,165.040,NN,7.8847,4.72,3,2.413063
audio10.TextGrid,32,24,of,165.040,165.130,IN,0.2095,7.4,2,-1.404478
audio10.TextGrid,32,25,the,165.130,165.220,DT,0.1901,7.73,2,-0.948868
audio10.TextGrid,32,26,clouds,165.220,165.710,NN,7.2006,4.16,5,0.922885
audio10.TextGrid,32,27,over,165.710,165.880,IN,2.2249,6.08,3,-1.289119
audio10.TextGrid,32,28,the,165.880,165.980,DT,0.1517,7.73,2,-0.987268
audio10.TextGrid,32,29,land,165.980,166.350,NN,0.6289,5.22,4,-4.123024
audio10.TextGrid,33,1,but,166.350,166.490,CC,3.1224,6.63,3,0.400065
audio10.TextGrid,33,2,the,167.790,167.980,DT,1.7672,7.73,2,0.628232
audio10.TextGrid,33,3,bird,167.980,168.280,NN,5.5396,4.63,3,-0.061585
audio10.TextGrid,33,4,was,168.280,168.430,VBD,1.4059,6.82,3,-1.042945
audio10.TextGrid,33,5,almost,168.430,168.790,RB,6.5083,5.39,6,2.001078
audio10.TextGrid,33,6,out,168.790,168.920,IN,3.6207,6.38,2,0.538508
audio10.TextGrid,33,7,of,168.920,169.030,IN,0.1060,7.4,2,-1.507978
audio10.TextGrid,33,8,sight,169.030,169.370,NN,0.6333,4.54,3,-5.097433
audio10.TextGrid,33,9,now,169.370,169.660,RB,1.7752,6.18,2,-1.594877
audio10.TextGrid,33,10,and,169.860,170.090,CC,1.0082,7.41,3,-0.591384
audio10.TextGrid,33,11,nothing,170.090,170.430,NN,6.2340,5.55,5,1.957086
audio10.TextGrid,33,12,showed,170.430,170.800,VBD,6.5226,4.86,3,1.252483
audio10.TextGrid,33,13,on,170.800,170.930,IN,3.3665,6.91,2,1.047203
audio10.TextGrid,33,14,the,170.930,171.020,DT,0.8156,7.73,2,-0.323368
audio10.TextGrid,33,15,surface,171.020,171.400,NN,3.9341,4.83,5,-1.379200
audio10.TextGrid,33,16,of,171.400,171.470,IN,1.6603,7.4,2,0.046322
audio10.TextGrid,33,17,the,171.470,171.550,DT,0.1109,7.73,2,-1.028068
audio10.TextGrid,33,18,water,171.550,171.920,NN,1.4225,5.52,4,-2.897597
audio10.TextGrid,33,19,but,171.920,172.110,CC,2.6670,6.63,3,-0.055335
audio10.TextGrid,33,20,some,172.110,172.240,DT,4.0965,6.2,3,0.755212
audio10.TextGrid,33,21,patches,172.240,172.640,NNS,7.3071,3.86,5,0.597558
audio10.TextGrid,33,22,of,172.640,172.750,IN,0.1685,7.4,2,-1.445478
audio10.TextGrid,33,23,yellow,172.750,173.200,JJ,4.8033,4.69,4,-0.711519
audio10.TextGrid,33,24,sun,173.200,173.470,NN,8.7006,4.97,3,3.588819
audio10.TextGrid,33,25,bleached,173.470,173.880,VBD,5.3764,3.03,5,-2.527865
audio10.TextGrid,33,26,sargasso,173.940,174.550,NNS,13.8684,2.06,7,4.567893
audio10.TextGrid,33,27,weed,174.550,174.970,VB,12.5629,4.27,3,6.443522
audio10.TextGrid,34,1,and,175.420,175.510,CC,2.4148,7.41,2,0.815216
audio10.TextGrid,34,2,the,175.510,175.590,DT,2.1270,7.73,2,0.988032
audio10.TextGrid,34,3,purple,175.590,176.090,JJ,6.4365,4.32,5,0.389093
audio10.TextGrid,34,4,formalized,176.090,177.180,JJ,17.8020,2.84,9,9.624245
audio10.TextGrid,34,5,iridescent,177.180,177.860,NN,8.2700,2.8,9,0.034668
audio10.TextGrid,34,6,gelatinous,177.860,178.550,JJ,8.6490,2.53,9,0.025023
audio10.TextGrid,34,7,bladder,178.550,179.030,NN,11.2852,3.62,5,4.230196
audio10.TextGrid,34,8,of,179.030,179.150,IN,0.9433,7.4,2,-0.670678
audio10.TextGrid,34,9,a,179.150,179.220,DT,2.1330,7.36,1,0.461445
audio10.TextGrid,34,10,portuguese,179.220,179.880,JJ,8.5545,4.03,8,2.089660
audio10.TextGrid,34,11,man,179.880,180.120,NN,3.5399,5.82,3,-0.348370
audio10.TextGrid,34,12,of,180.120,180.260,IN,1.7075,7.4,2,0.093522
audio10.TextGrid,34,13,war,180.260,180.690,NN,0.3503,5.46,3,-4.056162
audio10.TextGrid,34,14,floating,180.690,181.080,VBG,7.1396,4.18,6,0.890674
audio10.TextGrid,34,15,dose,181.080,181.390,JJ,17.3342,4.2,3,11.114062
audio10.TextGrid,34,16,beside,181.390,181.780,IN,7.0587,4.19,5,0.824168
audio10.TextGrid,34,17,the,181.780,181.850,DT,1.4333,7.73,2,0.294332
audio10.TextGrid,34,18,boat,181.850,182.220,NN,4.1140,4.71,3,-1.372031
audio10.TextGrid,34,19,it,182.220,182.290,PRP,2.8591,6.95,2,0.597380
audio10.TextGrid,35,1,turned,183.340,183.720,VBN,5.5271,5.09,4,0.588050
audio10.TextGrid,35,2,on,183.720,183.850,IN,3.6656,6.91,2,1.346303
audio10.TextGrid,35,3,its,183.850,184.000,PRP$,1.4980,6.14,3,-1.929654
audio10.TextGrid,35,4,side,184.000,184.410,NN,1.6932,5.5,3,-2.655685
audio10.TextGrid,35,5,and,184.410,184.550,CC,0.5024,7.41,2,-1.097184
audio10.TextGrid,35,6,then,184.550,184.720,RB,3.2205,6.07,3,-0.307913
audio10.TextGrid,35,7,righted,184.720,185.050,VBD,9.2783,2.37,5,0.424015
audio10.TextGrid,35,8,itself,185.050,185.490,PRP,0.1691,5.1,6,-4.755555
audio10.TextGrid,36,1,it,186.470,186.580,PRP,2.0678,6.95,2,-0.193920
audio10.TextGrid,36,2,floated,186.580,186.960,VBD,4.1490,3.41,6,-3.208283
audio10.TextGrid,36,3,cheerfully,186.960,187.410,RB,10.7860,2.98,6,2.809764
audio10.TextGrid,36,4,as,187.410,187.510,IN,4.1067,6.77,2,1.585884
audio10.TextGrid,36,5,a,187.510,187.570,DT,3.7136,7.36,1,2.042045
audio10.TextGrid,36,6,bubble,187.570,187.980,JJ,8.3551,4.16,5,2.077385
audio10.TextGrid,36,7,with,187.980,188.140,IN,5.3696,6.85,3,2.963938
audio10.TextGrid,36,8,its,188.140,188.330,PRP$,2.4420,6.14,3,-0.985654
audio10.TextGrid,36,9,long,188.330,188.640,JJ,3.7504,5.81,3,-0.152264
audio10.TextGrid,36,10,deadly,188.640,188.970,RB,12.1109,4.16,5,5.833185
audio10.TextGrid,36,11,purple,188.970,189.330,JJ,6.9612,4.32,5,0.913793
audio10.TextGrid,36,12,filaments,189.330,189.870,NNS,6.9644,2.95,9,-1.055019
audio10.TextGrid,36,13,trailing,189.870,190.250,VBG,7.6604,3.55,6,0.504636
audio10.TextGrid,36,14,a,190.250,190.330,DT,4.6056,7.36,1,2.934045
audio10.TextGrid,36,15,yard,190.330,190.620,NN,7.9351,4.57,4,2.247550
audio10.TextGrid,36,16,behind,190.620,191.010,IN,3.3268,5.29,6,-1.324365
audio10.TextGrid,36,17,it,191.010,191.120,PRP,0.5802,6.95,2,-1.681520
audio10.TextGrid,36,18,in,191.120,191.200,IN,4.6074,7.27,2,2.806296
audio10.TextGrid,36,19,the,191.200,191.280,DT,0.9560,7.73,2,-0.182968
audio10.TextGrid,36,20,water,191.280,191.710,NN,2.6890,5.52,4,-1.631097
audio11.TextGrid,1,1,agua,0.480,0.830,NN,14.5094,2.76,4,6.216491
audio11.TextGrid,1,2,mala,0.830,1.300,VBZ,9.9441,2.87,4,1.809527
audio11.TextGrid,1,3,the,1.610,1.690,DT,0.8723,7.73,2,-0.266668
audio11.TextGrid,1,4,man,1.690,1.950,NN,2.3619,5.82,3,-1.526370
audio11.TextGrid,1,5,said,1.950,2.290,VBD,0.4832,6.01,3,-3.131579
audio11.TextGrid,1,6,you,2.670,2.920,PRP,3.9392,6.98,2,1.720663
audio11.TextGrid,1,7,whore,2.920,3.360,VBP,11.5691,3.86,3,4.859558
audio11.TextGrid,2,1,from,4.710,4.880,IN,7.0536,6.63,4,4.331265
audio11.TextGrid,2,2,where,4.880,5.040,WRB,4.2055,6.0,3,0.576327
audio11.TextGrid,2,3,he,5.040,5.160,PRP,0.9976,6.69,2,-1.638370
audio11.TextGrid,2,4,swung,5.160,5.440,VBZ,7.2557,3.47,4,-0.015218
audio11.TextGrid,2,5,lightly,5.440,5.830,RB,10.1987,3.96,5,3.633100
audio11.TextGrid,2,6,against,5.830,6.180,IN,3.9984,5.68,6,-0.091389
audio11.TextGrid,2,7,his,6.180,6.310,PRP$,3.1416,6.51,3,0.246534
audio11.TextGrid,2,8,oars,6.310,6.740,NNS,7.1296,3.01,3,-0.803453
audio11.TextGrid,2,9,he,6.740,6.840,PRP,1.3411,6.69,2,-1.294870
audio11.TextGrid,2,10,looked,6.840,7.030,VBD,4.4413,5.11,4,-0.468961
audio11.TextGrid,2,11,down,7.030,7.330,RB,2.1401,5.88,3,-1.661804
audio11.TextGrid,2,12,into,7.330,7.500,IN,2.1099,6.11,4,-1.360936
audio11.TextGrid,2,13,the,7.500,7.590,DT,0.1050,7.73,2,-1.033968
audio11.TextGrid,2,14,water,7.590,8.030,NN,2.0244,5.52,4,-2.295697
audio11.TextGrid,2,15,and,8.030,8.160,CC,0.8499,7.41,3,-0.749684
audio11.TextGrid,2,16,saw,8.160,8.320,VBD,0.7212,5.34,2,-3.857993
audio11.TextGrid,2,17,the,8.320,8.420,DT,1.1835,7.73,2,0.044532
audio11.TextGrid,2,18,tiny,8.420,8.790,JJ,5.3834,4.62,4,-0.232179
audio11.TextGrid,2,19,fish,8.790,9.060,NN,3.1081,4.9,3,-2.104440
audio11.TextGrid,2,20,that,9.060,9.220,WDT,2.7537,7.01,3,0.578346
audio11.TextGrid,2,21,were,9.220,9.300,VBD,1.4176,6.34,2,-1.722169
audio11.TextGrid,2,22,coloured,9.300,9.660,VBN,12.2443,3.92,5,5.621123
audio11.TextGrid,2,23,like,9.660,9.830,IN,2.7408,6.41,3,-0.298209
audio11.TextGrid,2,24,the,9.830,9.920,DT,2.2490,7.73,2,1.110032
audio11.TextGrid,2,25,trailing,9.920,10.330,NN,9.4928,3.55,6,2.337036
audio11.TextGrid,2,26,filaments,10.330,10.920,NNS,3.0614,2.95,9,-4.958019
audio11.TextGrid,2,27,and,10.920,11.050,CC,2.4949,7.41,3,0.895316
audio11.TextGrid,2,28,swam,11.050,11.370,NN,6.8538,3.34,4,-0.604243
audio11.TextGrid,2,29,between,11.370,11.800,IN,5.3671,5.77,6,1.406859
audio11.TextGrid,2,30,them,11.800,12.040,PRP,1.4177,6.19,3,-1.937982
audio11.TextGrid,2,31,and,12.040,12.260,CC,2.4048,7.41,3,0.805216
audio11.TextGrid,2,32,under,12.260,12.460,IN,6.2188,5.73,4,2.200982
audio11.TextGrid,2,33,the,12.460,12.570,DT,0.6098,7.73,2,-0.529168
audio11.TextGrid,2,34,small,12.570,12.930,JJ,6.0568,5.51,4,1.722309
audio11.TextGrid,2,35,shade,12.930,13.300,VBD,8.7039,4.16,3,2.426185
audio11.TextGrid,2,36,the,13.300,13.410,DT,6.5838,7.73,2,5.444832
audio11.TextGrid,2,37,bubble,13.410,13.750,JJ,7.8385,4.16,5,1.560785
audio11.TextGrid,2,38,made,13.750,14.040,VBN,3.9455,5.92,3,0.201173
audio11.TextGrid,2,39,as,14.040,14.170,IN,5.2949,6.77,2,2.774084
audio11.TextGrid,2,40,it,14.170,14.240,PRP,1.0450,6.95,2,-1.216720
audio11.TextGrid,2,41,drifted,14.240,14.750,VBD,3.7837,3.41,7,-3.573583
audio11.TextGrid,3,1,they,15.650,15.820,PRP,3.0599,6.5,2,0.150439
audio11.TextGrid,3,2,were,15.820,16.010,VBD,0.8097,6.34,2,-2.330069
audio11.TextGrid,3,3,immune,16.010,16.410,JJ,12.4939,4.14,5,6.187397
audio11.TextGrid,3,4,to,16.410,16.580,TO,0.3011,7.43,2,-1.269696
audio11.TextGrid,3,5,its,16.580,16.700,PRP$,4.4774,6.14,3,1.049746
audio11.TextGrid,3,6,poison,16.700,17.220,NN,5.7990,4.08,5,-0.593869
audio11.TextGrid,4,1,but,17.790,17.980,CC,3.5276,6.63,3,0.805265
audio11.TextGrid,4,2,men,17.980,18.260,NNS,8.5995,5.51,3,4.265009
audio11.TextGrid,4,3,were,18.260,18.400,VBD,2.8139,6.34,2,-0.325869
audio11.TextGrid,4,4,not,18.400,18.790,RB,2.0639,6.69,3,-0.572070
audio11.TextGrid,5,1,and,19.330,19.430,CC,6.4047,7.41,2,4.805116
audio11.TextGrid,5,2,when,19.430,19.640,WRB,5.1989,6.37,3,2.102314
audio11.TextGrid,5,3,same,19.640,19.870,JJ,11.3729,5.8,3,7.455842
audio11.TextGrid,5,4,of,19.870,19.940,IN,5.1948,7.4,2,3.580822
audio11.TextGrid,5,5,the,19.940,20.050,DT,1.7722,7.73,2,0.633232
audio11.TextGrid,5,6,filaments,20.050,20.490,NNS,6.2067,2.95,9,-1.812719
audio11.TextGrid,5,7,would,20.490,20.600,MD,5.5983,6.27,3,2.357772
audio11.TextGrid,5,8,catch,20.600,20.910,VB,4.8250,4.87,3,-0.430723
audio11.TextGrid,5,9,on,20.910,21.040,IN,1.9688,6.91,2,-0.350497
audio11.TextGrid,5,10,a,21.040,21.110,DT,2.8301,7.36,1,1.158545
audio11.TextGrid,5,11,line,21.110,21.480,NN,4.2322,5.49,3,-0.131080
audio11.TextGrid,5,12,and,21.480,21.650,CC,2.2333,7.41,3,0.633716
audio11.TextGrid,5,13,rest,21.650,21.940,NN,9.8071,5.23,4,5.069570
audio11.TextGrid,5,14,there,21.940,22.200,RB,3.4394,6.31,3,0.256449
audio11.TextGrid,5,15,slimy,22.200,22.700,JJ,12.7798,3.08,5,4.947507
audio11.TextGrid,5,16,and,22.700,22.800,CC,2.3990,7.41,2,0.799416
audio11.TextGrid,5,17,purple,22.800,23.290,JJ,6.8235,4.32,5,0.776093
audio11.TextGrid,5,18,while,23.290,23.490,IN,6.2374,5.86,3,2.406707
audio11.TextGrid,5,19,the,23.490,23.600,DT,1.1440,7.73,2,0.005032
audio11.TextGrid,5,20,old,23.600,23.810,JJ,5.6933,5.75,3,1.704271
audio11.TextGrid,5,21,man,23.810,24.020,NN,0.0776,5.82,3,-3.810670
audio11.TextGrid,5,22,was,24.020,24.170,VBD,2.8885,6.82,3,0.439655
audio11.TextGrid,5,23,working,24.170,24.510,VBG,5.0143,5.45,5,0.593443
audio11.TextGrid,5,24,a,24.510,24.570,DT,4.3246,7.36,1,2.653045
audio11.TextGrid,5,25,fish,24.570,24.880,NN,4.0906,4.9,3,-1.121940
audio11.TextGrid,6,1,he,25.420,25.510,PRP,1.1979,6.69,2,-1.438070
audio11.TextGrid,6,2,would,25.510,25.630,MD,1.4976,6.27,3,-1.742928
audio11.TextGrid,6,3,have,25.630,25.780,VB,3.6501,6.71,3,1.042919
audio11.TextGrid,6,4,welts,25.780,26.120,NNS,13.3724,2.27,5,4.374173
audio11.TextGrid,6,5,and,26.120,26.230,CC,1.6157,7.41,2,0.016116
audio11.TextGrid,6,6,sores,26.230,26.660,NNS,5.0345,3.03,4,-2.869765
audio11.TextGrid,6,7,on,26.660,26.800,IN,1.5192,6.91,2,-0.800097
audio11.TextGrid,6,8,his,26.800,26.950,PRP$,0.4085,6.51,3,-2.486566
audio11.TextGrid,6,9,arms,26.950,27.390,NNS,3.7084,4.82,4,-1.619294
audio11.TextGrid,6,10,and,27.390,27.530,CC,0.5606,7.41,3,-1.038984
audio11.TextGrid,6,11,hands,27.530,28.020,NNS,3.1995,5.16,4,-1.638790
audio11.TextGrid,6,12,of,28.020,28.120,IN,6.8971,7.4,2,5.283122
audio11.TextGrid,6,13,the,28.120,28.230,DT,1.4064,7.73,2,0.267432
audio11.TextGrid,6,14,sort,28.230,28.470,NN,5.8730,5.0,4,0.804402
audio11.TextGrid,6,15,that,28.470,28.670,IN,0.9176,7.01,3,-1.257754
audio11.TextGrid,6,16,poison,28.670,29.060,NN,6.5107,4.08,5,0.117831
audio11.TextGrid,6,17,ivy,29.060,29.410,NN,7.2033,3.83,3,0.450575
audio11.TextGrid,6,18,or,29.410,29.510,CC,4.6120,6.54,2,1.760116
audio11.TextGrid,6,19,poison,29.510,29.940,NN,3.3663,4.08,5,-3.026569
audio11.TextGrid,6,20,oak,29.940,30.110,NNS,4.2793,4.18,2,-1.969626
audio11.TextGrid,6,21,can,30.110,30.280,MD,3.1796,6.46,3,0.212562
audio11.TextGrid,6,22,give,30.280,30.530,VB,4.1434,5.71,3,0.096794
audio11.TextGrid,7,1,but,30.530,30.710,CC,3.0668,6.63,3,0.344465
audio11.TextGrid,7,2,these,31.650,32.050,DT,4.6593,6.04,3,1.087704
audio11.TextGrid,7,3,poisonings,32.050,32.690,NNS,14.0063,2.31,8,5.065650
audio11.TextGrid,7,4,from,32.690,32.880,IN,5.5329,6.63,4,2.810565
audio11.TextGrid,7,5,the,32.880,33.000,DT,0.8207,7.73,2,-0.318268
audio11.TextGrid,7,6,agua,33.000,33.280,NN,13.1161,2.76,4,4.823191
audio11.TextGrid,7,7,mala,33.280,33.570,NN,1.3102,2.87,4,-6.824373
audio11.TextGrid,7,8,came,33.570,33.810,VBD,4.3963,5.5,3,0.047415
audio11.TextGrid,7,9,quickly,33.810,34.350,RB,5.2405,5.0,6,0.171902
audio11.TextGrid,7,10,and,34.350,34.480,CC,0.9709,7.41,3,-0.628684
audio11.TextGrid,7,11,struck,34.480,34.810,VBP,6.8527,4.42,5,0.949236
audio11.TextGrid,7,12,like,34.810,34.980,IN,3.9744,6.41,3,0.935391
audio11.TextGrid,7,13,a,34.980,35.010,DT,1.1672,7.36,1,-0.504355
audio11.TextGrid,7,14,whiplash,35.010,35.670,NN,8.9249,3.06,6,1.063818
audio11.TextGrid,8,1,the,37.920,38.100,DT,1.3337,7.73,2,0.194732
audio11.TextGrid,8,2,iridescent,38.100,38.540,NN,9.2408,2.8,9,1.005468
audio11.TextGrid,8,3,bubbles,38.540,38.990,NNS,6.1002,3.79,6,-0.710102
audio11.TextGrid,8,4,were,38.990,39.060,VBD,2.4381,6.34,2,-0.701669
audio11.TextGrid,8,5,beautiful,39.060,39.570,JJ,6.7166,5.22,8,1.964676
audio11.TextGrid,9,1,but,40.040,40.150,CC,3.3796,6.63,3,0.657265
audio11.TextGrid,9,2,they,40.150,40.260,PRP,2.2066,6.5,2,-0.702861
audio11.TextGrid,9,3,were,40.260,40.390,VBD,1.0840,6.34,2,-2.055769
audio11.TextGrid,9,4,the,40.390,40.480,DT,4.1905,7.73,2,3.051532
audio11.TextGrid,9,5,falsest,40.480,41.010,JJS,12.2878,0.0,7,0.022078
audio11.TextGrid,9,6,thing,41.010,41.290,NN,4.1897,5.72,3,0.157488
audio11.TextGrid,9,7,in,41.290,41.400,IN,1.8435,7.27,2,0.042396
audio11.TextGrid,9,8,the,41.400,41.470,DT,0.2793,7.73,2,-0.859668
audio11.TextGrid,9,9,sea,41.470,41.920,NN,5.0977,5.06,2,0.115468
audio11.TextGrid,10,1,and,42.320,42.420,CC,1.4793,7.41,2,-0.120284
audio11.TextGrid,10,2,the,42.420,42.530,DT,1.9372,7.73,2,0.798232
audio11.TextGrid,10,3,old,42.530,42.770,JJ,4.6085,5.75,3,0.619471
audio11.TextGrid,10,4,man,42.770,43.030,NN,0.0502,5.82,3,-3.838070
audio11.TextGrid,10,5,loved,43.030,43.340,VBD,5.5016,5.0,4,0.433002
audio11.TextGrid,10,6,to,43.340,43.410,TO,2.8971,7.43,2,1.326304
audio11.TextGrid,10,7,see,43.410,43.600,VB,1.3842,6.1,2,-2.101031
audio11.TextGrid,10,8,the,43.600,43.690,DT,2.1235,7.73,2,0.984532
audio11.TextGrid,10,9,big,43.690,43.960,JJ,5.5289,5.67,3,1.424717
audio11.TextGrid,10,10,sea,43.960,44.180,NN,6.7327,5.06,2,1.750468
audio11.TextGrid,10,11,turtles,44.180,44.720,NNS,6.7703,3.72,6,-0.140762
audio11.TextGrid,10,12,eating,44.760,45.100,VBG,6.4895,4.85,4,1.204988
audio11.TextGrid,10,13,them,45.100,45.380,PRP,2.6760,6.19,3,-0.679682
audio11.TextGrid,11,1,the,46.130,46.230,DT,1.8396,7.73,2,0.700632
audio11.TextGrid,11,2,turtles,46.230,46.630,NNS,5.3282,3.72,6,-1.582862
audio11.TextGrid,11,3,saw,46.630,46.930,VBD,7.0757,5.34,2,2.496507
audio11.TextGrid,11,4,them,46.930,47.200,PRP,2.2446,6.19,3,-1.111082
audio11.TextGrid,11,5,approached,47.380,47.780,VBD,10.1957,4.16,6,3.917985
audio11.TextGrid,11,6,them,47.780,47.920,PRP,1.1833,6.19,3,-2.172382
audio11.TextGrid,11,7,from,47.920,48.100,IN,4.4588,6.63,4,1.736465
audio11.TextGrid,11,8,the,48.100,48.170,DT,1.2126,7.73,2,0.073632
audio11.TextGrid,11,9,front,48.170,48.530,NN,4.6830,5.28,5,0.017441
audio11.TextGrid,12,1,then,48.950,49.160,RB,3.2931,6.07,3,-0.235313
audio11.TextGrid,12,2,shut,49.160,49.450,VB,7.2440,4.78,3,1.858729
audio11.TextGrid,12,3,their,49.450,49.670,PRP$,1.0181,6.33,3,-2.136063
audio11.TextGrid,12,4,eyes,49.670,50.040,NNS,0.7313,5.21,2,-4.035019
audio11.TextGrid,12,5,so,50.040,50.170,IN,4.5196,6.52,2,1.638928
audio11.TextGrid,12,6,they,50.170,50.260,PRP,1.3160,6.5,2,-1.593461
audio11.TextGrid,12,7,were,50.260,50.380,VBD,3.1039,6.34,2,-0.035869
audio11.TextGrid,12,8,completely,50.380,50.960,RB,5.7535,5.0,9,0.684902
audio11.TextGrid,12,9,carapaced,50.960,51.680,VBN,17.0945,0.0,8,4.828778
audio11.TextGrid,12,10,and,51.680,51.950,CC,1.3606,7.41,3,-0.238984
audio11.TextGrid,12,11,ate,51.950,52.100,VB,5.0581,4.34,2,-0.960518
audio11.TextGrid,12,12,them,52.120,52.400,PRP,0.3910,6.19,3,-2.964682
audio11.TextGrid,12,13,filaments,52.400,52.880,NNS,12.2651,2.95,9,4.245681
audio11.TextGrid,12,14,and,52.880,52.990,CC,2.1369,7.41,3,0.537316
audio11.TextGrid,13,1,all,52.990,53.330,PDT,4.6363,6.52,2,1.755628
audio11.TextGrid,13,2,the,54.210,54.320,DT,1.4921,7.73,2,0.353132
audio11.TextGrid,13,3,old,54.320,54.500,JJ,1.9234,5.75,3,-2.065629
audio11.TextGrid,13,4,man,54.500,54.720,NN,0.0101,5.82,3,-3.878170
audio11.TextGrid,13,5,loved,54.720,54.920,VBD,3.8122,5.0,4,-1.256398
audio11.TextGrid,13,6,to,54.920,54.990,TO,0.7666,7.43,2,-0.804196
audio11.TextGrid,13,7,see,54.990,55.140,VB,0.5098,6.1,2,-2.975431
audio11.TextGrid,13,8,the,55.140,55.240,DT,0.9205,7.73,2,-0.218468
audio11.TextGrid,13,9,turtles,55.240,55.620,NNS,3.5169,3.72,6,-3.394162
audio11.TextGrid,13,10,eat,55.620,55.840,VBP,3.2532,5.13,2,-1.628273
audio11.TextGrid,13,11,them,55.840,56.060,PRP,1.6151,6.19,3,-1.740582
audio11.TextGrid,13,12,and,56.310,56.410,CC,1.3205,7.41,2,-0.279084
audio11.TextGrid,13,13,he,56.410,56.500,PRP,1.9328,6.69,2,-0.703170
audio11.TextGrid,13,14,loved,56.500,56.700,VBD,2.8538,5.0,4,-2.214798
audio11.TextGrid,13,15,to,56.700,56.760,TO,0.4329,7.43,2,-1.137896
audio11.TextGrid,13,16,walk,56.760,57.090,VB,7.4474,5.08,3,2.493956
audio11.TextGrid,13,17,on,57.090,57.230,IN,2.5186,6.91,2,0.199303
audio11.TextGrid,13,18,them,57.230,57.360,PRP,0.9684,6.19,3,-2.387282
audio11.TextGrid,13,19,on,57.360,57.470,IN,5.0157,6.91,2,2.696403
audio11.TextGrid,13,20,the,57.470,57.530,DT,1.0480,7.73,2,-0.090968
audio11.TextGrid,13,21,beach,57.530,57.880,NN,2.4691,4.92,3,-2.714652
audio11.TextGrid,13,22,after,57.880,58.160,IN,5.0158,6.11,4,1.544964
audio11.TextGrid,13,23,a,58.160,58.200,DT,3.0020,7.36,1,1.330445
audio11.TextGrid,13,24,storm,58.200,58.720,NN,5.3102,4.66,5,-0.247802
audio11.TextGrid,13,25,and,58.720,58.860,CC,1.6891,7.41,3,0.089516
audio11.TextGrid,13,26,hear,58.860,59.010,VB,5.4082,5.23,3,0.670670
audio11.TextGrid,13,27,them,59.010,59.160,PRP,1.6455,6.19,3,-1.710182
audio11.TextGrid,13,28,pop,59.160,59.480,RB,8.5817,4.87,3,3.325977
audio11.TextGrid,13,29,when,59.590,59.740,WRB,5.4317,6.37,3,2.335114
audio11.TextGrid,13,30,he,59.740,59.860,PRP,2.4159,6.69,2,-0.220070
audio11.TextGrid,13,31,stepped,59.860,60.200,VBD,5.6315,4.2,5,-0.588638
audio11.TextGrid,13,32,on,60.200,60.340,IN,1.0656,6.91,2,-1.253697
audio11.TextGrid,13,33,them,60.340,60.530,PRP,0.7419,6.19,3,-2.613782
audio11.TextGrid,13,34,with,60.530,60.630,IN,3.2937,6.85,3,0.888038
audio11.TextGrid,13,35,the,60.630,60.740,DT,2.5987,7.73,2,1.459732
audio11.TextGrid,13,36,horny,60.740,61.070,NN,12.0914,3.79,5,5.281098
audio11.TextGrid,13,37,soles,61.070,61.510,NNS,9.3674,3.18,4,1.679049
audio11.TextGrid,13,38,of,61.510,61.620,IN,0.0715,7.4,2,-1.542478
audio11.TextGrid,13,39,his,61.620,61.810,PRP$,0.0839,6.51,3,-2.811166
audio11.TextGrid,13,40,feet,61.810,62.160,NNS,1.0740,4.99,3,-4.008992
audio11.TextGrid,14,1,he,63.930,64.050,PRP,1.7989,6.69,2,-0.837070
audio11.TextGrid,14,2,loved,64.050,64.290,VBD,2.1985,5.0,4,-2.870098
audio11.TextGrid,14,3,green,64.290,64.650,JJ,10.2059,5.13,4,5.324427
audio11.TextGrid,14,4,turtles,64.650,65.240,NNS,1.9960,3.72,6,-4.915062
audio11.TextGrid,14,5,and,65.240,65.370,CC,1.0639,7.41,2,-0.535684
audio11.TextGrid,14,6,hawk,65.370,65.600,NN,11.9216,3.81,3,5.140087
audio11.TextGrid,14,7,bills,65.660,66.180,NNS,6.1669,4.52,4,0.407378
audio11.TextGrid,14,8,with,66.180,66.320,IN,4.3952,6.85,3,1.989538
audio11.TextGrid,14,9,their,66.320,66.520,PRP$,1.1520,6.33,3,-2.002163
audio11.TextGrid,14,10,elegance,66.520,66.990,NN,11.7912,3.42,7,4.448311
audio11.TextGrid,14,11,and,66.990,67.110,CC,0.6543,7.41,3,-0.945284
audio11.TextGrid,14,12,speed,67.110,67.630,NN,6.4782,5.0,4,1.409602
audio11.TextGrid,14,13,and,67.630,67.740,CC,0.7099,7.41,2,-0.889684
audio11.TextGrid,14,14,their,67.740,67.890,PRP$,2.8958,6.33,3,-0.258363
audio11.TextGrid,14,15,great,67.890,68.210,JJ,4.1538,5.88,4,0.351896
audio11.TextGrid,14,16,value,68.210,68.660,NN,9.4136,5.15,5,4.560916
audio11.TextGrid,15,1,and,69.320,69.420,CC,2.3763,7.41,2,0.776716
audio11.TextGrid,15,2,he,69.420,69.500,PRP,2.2818,6.69,2,-0.354170
audio11.TextGrid,15,3,had,69.500,69.630,VBD,3.4143,6.33,3,0.260137
audio11.TextGrid,15,4,a,69.630,69.680,DT,2.5115,7.36,1,0.839945
audio11.TextGrid,15,5,friendly,69.680,70.020,JJ,8.4614,4.64,6,2.874609
audio11.TextGrid,15,6,contempt,70.020,70.530,NN,6.2441,3.74,8,-0.638173
audio11.TextGrid,15,7,for,70.530,70.620,IN,0.1034,7.01,2,-2.071954
audio11.TextGrid,15,8,the,70.620,70.770,DT,1.4194,7.73,2,0.280432
audio11.TextGrid,15,9,huge,70.770,71.110,JJ,6.0040,5.06,3,1.021768
audio11.TextGrid,15,10,stupid,71.110,71.530,JJ,6.8178,4.94,6,1.662837
audio11.TextGrid,15,11,loggerheads,71.530,72.340,NNS,12.1339,2.26,8,3.121278
audio11.TextGrid,15,12,yellow,72.690,73.180,VBP,7.7255,4.69,4,2.210681
audio11.TextGrid,15,13,in,73.180,73.250,IN,5.9568,7.27,2,4.155696
audio11.TextGrid,15,14,their,73.250,73.420,PRP$,2.5375,6.33,3,-0.616663
audio11.TextGrid,15,15,armour,73.420,73.690,NN,8.4377,3.75,4,1.569821
audio11.TextGrid,15,16,plating,73.690,74.190,VBG,4.8524,3.14,6,-2.893528
audio11.TextGrid,15,17,strange,74.310,74.920,NN,7.6227,4.64,6,2.035909
audio11.TextGrid,15,18,in,74.920,75.010,IN,1.5313,7.27,2,-0.269804
audio11.TextGrid,15,19,their,75.010,75.130,PRP$,0.1228,6.33,3,-3.031363
audio11.TextGrid,15,20,love,75.130,75.350,NN,8.0491,5.82,3,4.160830
audio11.TextGrid,15,21,making,75.350,75.810,NN,3.1809,5.54,5,-1.110408
audio11.TextGrid,16,1,and,76.250,76.390,CC,1.8647,7.41,2,0.265116
audio11.TextGrid,16,2,happily,76.390,76.850,RB,9.9984,4.11,6,3.648714
audio11.TextGrid,16,3,eating,76.850,77.140,VBG,5.0176,4.85,4,-0.266912
audio11.TextGrid,16,4,the,77.140,77.220,DT,2.3922,7.73,2,1.253232
audio11.TextGrid,16,5,portuguese,77.220,77.860,JJ,11.7853,4.03,8,5.320460
audio11.TextGrid,16,6,men,77.860,78.060,NNS,2.7158,5.51,3,-1.618691
audio11.TextGrid,16,7,of,78.060,78.200,IN,0.0781,7.4,2,-1.535878
audio11.TextGrid,16,8,war,78.200,78.510,NN,0.0034,5.46,3,-4.403062
audio11.TextGrid,16,9,with,78.510,78.670,IN,2.7587,6.85,3,0.353038
audio11.TextGrid,16,10,their,78.670,78.890,PRP$,1.1741,6.33,3,-1.980063
audio11.TextGrid,16,11,eyes,78.890,79.210,NNS,5.2866,5.21,2,0.520281
audio11.TextGrid,16,12,shut,79.210,79.610,VBP,3.7152,4.78,3,-1.670071
audio11.TextGrid,17,1,he,80.880,81.020,PRP,1.5873,6.69,2,-1.048670
audio11.TextGrid,17,2,had,81.020,81.190,VBD,2.3741,6.33,3,-0.780063
audio11.TextGrid,17,3,no,81.190,81.340,DT,2.4108,6.35,2,-0.714574
audio11.TextGrid,17,4,mysticism,81.340,82.010,NN,14.7719,3.07,10,6.925212
audio11.TextGrid,17,5,about,82.010,82.340,IN,2.3092,6.4,4,-0.744203
audio11.TextGrid,17,6,turtles,82.340,82.890,NNS,2.6884,3.72,6,-4.222662
audio11.TextGrid,17,7,although,82.950,83.190,IN,7.7254,5.3,4,3.088630
audio11.TextGrid,17,8,he,83.190,83.250,PRP,0.5860,6.69,2,-2.049970
audio11.TextGrid,17,9,had,83.250,83.370,VBD,1.6680,6.33,3,-1.486163
audio11.TextGrid,17,10,gone,83.370,83.640,VBN,6.1513,5.17,3,1.327404
audio11.TextGrid,17,11,in,83.640,83.740,IN,4.2590,7.27,2,2.457896
audio11.TextGrid,17,12,turtle,83.740,84.060,NN,9.5857,3.91,5,2.948129
audio11.TextGrid,17,13,boats,84.060,84.360,NNS,4.6401,4.25,4,-1.508066
audio11.TextGrid,17,14,for,84.360,84.480,IN,3.0848,7.01,2,0.909446
audio11.TextGrid,17,15,many,84.480,84.700,JJ,3.1403,5.91,4,-0.618421
audio11.TextGrid,17,16,years,84.700,85.220,NNS,0.2148,5.96,3,-3.471950
audio11.TextGrid,18,1,he,85.880,85.980,PRP,1.0410,6.69,2,-1.594970
audio11.TextGrid,18,2,was,85.980,86.130,VBD,2.0627,6.82,3,-0.386145
audio11.TextGrid,18,3,sorry,86.130,86.470,NN,5.9846,5.18,4,1.175099
audio11.TextGrid,18,4,for,86.470,86.640,IN,1.9907,7.01,3,-0.184654
audio11.TextGrid,18,5,them,86.640,86.800,PRP,1.4756,6.19,3,-1.880082
audio11.TextGrid,18,6,all,86.800,87.100,DT,4.2575,6.52,2,1.376828
audio11.TextGrid,18,7,even,87.380,87.630,RB,4.1114,5.99,4,0.467833
audio11.TextGrid,18,8,the,87.630,87.700,DT,1.2129,7.73,2,0.073932
audio11.TextGrid,18,9,great,87.700,88.020,JJ,4.1317,5.88,4,0.329796
audio11.TextGrid,18,10,trunk,88.020,88.260,NN,9.8102,4.03,5,3.345360
audio11.TextGrid,18,11,backs,88.280,88.680,NNS,10.3567,4.1,4,3.992620
audio11.TextGrid,18,12,that,88.680,88.820,WDT,2.3534,7.01,3,0.178046
audio11.TextGrid,18,13,were,88.820,88.950,VBD,2.4390,6.34,2,-0.700769
audio11.TextGrid,18,14,as,88.950,89.080,RB,5.5417,6.77,2,3.020884
audio11.TextGrid,18,15,long,89.080,89.360,RB,3.5563,5.81,3,-0.346364
audio11.TextGrid,18,16,as,89.360,89.510,IN,0.3847,6.77,2,-2.136116
audio11.TextGrid,18,17,the,89.510,89.620,DT,1.5238,7.73,2,0.384832
audio11.TextGrid,18,18,skiff,89.620,90.050,NN,8.4817,2.63,4,0.001665
audio11.TextGrid,18,19,and,90.050,90.190,CC,2.4182,7.41,3,0.818616
audio11.TextGrid,18,20,weighed,90.190,90.400,VBD,7.8530,3.81,3,1.071487
audio11.TextGrid,18,21,a,90.400,90.460,DT,3.1185,7.36,1,1.446945
audio11.TextGrid,18,22,ton,90.460,90.910,NN,2.4209,4.29,3,-3.669689
audio11.TextGrid,19,1,most,91.550,91.780,JJS,6.5858,6.0,3,2.956627
audio11.TextGrid,19,2,people,91.780,92.130,NNS,3.9435,6.25,5,0.674183
audio11.TextGrid,19,3,are,92.130,92.190,VBP,3.8907,6.74,1,1.326701
audio11.TextGrid,19,4,heartless,92.190,92.600,JJ,9.2722,3.33,7,1.799763
audio11.TextGrid,19,5,about,92.600,92.860,IN,2.9889,6.4,4,-0.064503
audio11.TextGrid,19,6,turtles,92.860,93.290,NNS,0.5361,3.72,6,-6.374962
audio11.TextGrid,20,1,because,93.720,94.020,IN,2.5323,6.03,5,-1.053690
audio11.TextGrid,20,2,a,94.020,94.080,DT,5.3819,7.36,1,3.710345
audio11.TextGrid,20,3,turtle,94.080,94.440,JJ,0.7493,3.91,5,-5.888271
audio11.TextGrid,20,4,s,94.440,94.490,JJ,2.9949,5.86,1,-0.835793
audio11.TextGrid,20,5,heart,94.490,94.750,NN,3.4563,5.31,4,-1.166076
audio11.TextGrid,20,6,will,94.750,94.870,MD,4.7179,6.45,3,1.736468
audio11.TextGrid,20,7,beat,94.870,95.100,VB,3.6812,5.01,3,-1.373004
audio11.TextGrid,20,8,for,95.100,95.290,IN,2.1856,7.01,3,0.010246
audio11.TextGrid,20,9,hours,95.290,95.650,NNS,3.0324,5.4,3,-1.460428
audio11.TextGrid,20,10,after,95.650,95.910,IN,3.5969,6.11,4,0.126064
audio11.TextGrid,20,11,he,95.910,96.030,PRP,4.0472,6.69,2,1.411230
audio11.TextGrid,20,12,has,96.030,96.170,VBZ,1.1077,6.37,3,-1.988886
audio11.TextGrid,20,13,been,96.170,96.340,VBN,1.6571,6.27,3,-1.583428
audio11.TextGrid,20,14,cut,96.340,96.560,VBN,4.8650,5.24,3,0.141864
audio11.TextGrid,20,15,up,96.560,96.740,RP,3.5399,6.39,2,0.472103
audio11.TextGrid,20,16,and,96.740,96.810,CC,1.3196,7.41,2,-0.279984
audio11.TextGrid,20,17,butchered,96.810,97.300,VBD,8.1757,3.01,5,0.242647
audio11.TextGrid,21,1,but,98.230,98.400,CC,1.7717,6.63,3,-0.950635
audio11.TextGrid,21,2,the,98.420,98.560,DT,2.1055,7.73,2,0.966532
audio11.TextGrid,21,3,old,98.560,98.770,JJ,2.3892,5.75,3,-1.599829
audio11.TextGrid,21,4,man,98.770,98.990,NN,0.0471,5.82,3,-3.841170
audio11.TextGrid,21,5,thought,98.990,99.350,VBD,4.0739,5.59,3,-0.145437
audio11.TextGrid,22,1,i,99.830,100.030,NNS,3.2476,7.09,1,1.187400
audio11.TextGrid,22,2,have,100.030,100.180,VBP,2.6024,6.71,3,-0.004781
audio11.TextGrid,22,3,such,100.180,100.410,PDT,6.5042,5.84,3,2.644719
audio11.TextGrid,22,4,a,100.410,100.470,DT,0.7367,7.36,1,-0.934855
audio11.TextGrid,22,5,heart,100.470,100.690,NN,3.1804,5.31,4,-1.441976
audio11.TextGrid,22,6,too,100.710,101.020,RB,4.0549,5.95,2,0.353756
audio11.TextGrid,22,7,and,101.020,101.190,CC,2.2231,7.41,3,0.623516
audio11.TextGrid,22,8,my,101.220,101.420,PRP$,4.3696,6.57,2,1.560899
audio11.TextGrid,22,9,feet,101.420,101.680,NNS,5.6574,4.99,3,0.574408
audio11.TextGrid,22,10,and,101.680,101.810,CC,3.6196,7.41,2,2.020016
audio11.TextGrid,22,11,hands,101.810,102.180,NNS,2.8807,5.16,4,-1.957590
audio11.TextGrid,22,12,are,102.180,102.260,VBP,0.8814,6.74,1,-1.682599
audio11.TextGrid,22,13,like,102.260,102.510,IN,3.1511,6.41,3,0.112091
audio11.TextGrid,23,1,theirs,102.510,103.010,NN,8.4035,3.96,4,1.837900
audio11.TextGrid,23,2,he,103.920,104.080,PRP,1.5062,6.69,2,-1.129770
audio11.TextGrid,23,3,ate,104.080,104.200,VBD,5.0691,4.34,2,-0.949518
audio11.TextGrid,23,4,the,104.200,104.330,DT,1.4990,7.73,2,0.360032
audio11.TextGrid,23,5,white,104.330,104.620,JJ,4.5792,5.51,3,0.244709
audio11.TextGrid,23,6,eggs,104.620,104.960,NNS,5.6630,4.5,3,-0.125310
audio11.TextGrid,23,7,to,104.960,105.060,TO,5.6507,7.43,2,4.079904
audio11.TextGrid,23,8,give,105.060,105.230,VB,4.2309,5.71,3,0.184294
audio11.TextGrid,23,9,himself,105.230,105.600,PRP,3.5167,5.25,7,-1.192042
audio11.TextGrid,23,10,strength,105.600,105.990,NN,4.5629,4.8,7,-0.793583
audio11.TextGrid,24,1,he,106.530,106.690,PRP,1.0328,6.69,2,-1.603170
audio11.TextGrid,24,2,ate,106.690,106.790,VB,2.0021,4.34,2,-4.016518
audio11.TextGrid,24,3,them,106.790,106.950,PRP,2.0159,6.19,3,-1.339782
audio11.TextGrid,24,4,all,106.950,107.120,DT,3.1111,6.52,2,0.230428
audio11.TextGrid,24,5,through,107.120,107.350,IN,6.7841,5.87,3,2.967802
audio11.TextGrid,24,6,may,107.350,107.640,MD,8.9300,5.98,2,5.272038
audio11.TextGrid,24,7,to,107.640,107.750,TO,3.4333,7.43,2,1.862504
audio11.TextGrid,24,8,be,107.750,107.910,VB,4.7968,6.79,2,2.304773
audio11.TextGrid,24,9,strong,107.910,108.340,JJ,4.4852,5.22,5,-0.266724
audio11.TextGrid,24,10,in,108.340,108.490,IN,3.4589,7.27,2,1.657796
audio11.TextGrid,24,11,september,108.490,109.050,NN,5.3099,5.15,8,0.457216
audio11.TextGrid,24,12,and,109.050,109.160,CC,0.7608,7.41,3,-0.838784
audio11.TextGrid,24,13,october,109.160,109.780,NN,3.7624,5.11,6,-1.147861
audio11.TextGrid,24,14,for,109.780,109.920,IN,4.9472,7.01,2,2.771846
audio11.TextGrid,24,15,the,109.920,110.030,DT,1.7804,7.73,2,0.641432
audio11.TextGrid,24,16,truly,110.030,110.400,NN,12.1185,4.87,5,6.862777
audio11.TextGrid,24,17,big,110.400,110.700,JJ,4.1548,5.67,3,0.050617
audio11.TextGrid,24,18,fish,110.700,111.010,NN,2.1528,4.9,3,-3.059740
audio11.TextGrid,25,1,he,112.940,113.050,PRP,1.0845,6.69,2,-1.551470
audio11.TextGrid,25,2,also,113.050,113.290,RB,5.1677,6.19,4,1.812018
audio11.TextGrid,25,3,drank,113.290,113.610,VBD,4.3361,3.95,5,-2.243894
audio11.TextGrid,25,4,a,113.610,113.670,DT,3.0454,7.36,1,1.373845
audio11.TextGrid,25,5,cup,113.670,113.930,NN,4.2041,5.11,3,-0.706161
audio11.TextGrid,25,6,of,113.930,114.050,IN,0.3363,7.4,2,-1.277678
audio11.TextGrid,25,7,shark,114.050,114.430,NN,8.6059,4.1,4,2.241820
audio11.TextGrid,25,8,liver,114.430,114.690,NN,5.2876,4.18,4,-0.961326
audio11.TextGrid,25,9,oil,114.690,115.070,NN,2.9703,5.1,2,-1.954355
audio11.TextGrid,25,10,each,115.070,115.310,DT,5.3126,5.69,2,1.237205
audio11.TextGrid,25,11,day,115.310,115.570,NN,0.7983,5.95,2,-2.902844
audio11.TextGrid,25,12,from,115.570,115.770,IN,4.4066,6.63,4,1.684265
audio11.TextGrid,25,13,the,115.770,115.830,DT,1.0472,7.73,2,-0.091768
audio11.TextGrid,25,14,big,115.830,116.050,JJ,4.8949,5.67,3,0.790717
audio11.TextGrid,25,15,drum,116.050,116.350,NN,8.1900,4.11,4,1.840314
audio11.TextGrid,25,16,in,116.350,116.440,IN,2.8535,7.27,2,1.052396
audio11.TextGrid,25,17,the,116.440,116.500,DT,0.4472,7.73,2,-0.691768
audio11.TextGrid,25,18,shack,116.500,116.910,NN,8.1934,3.43,3,0.864905
audio11.TextGrid,25,19,where,116.910,117.030,WRB,2.9077,6.0,3,-0.721473
audio11.TextGrid,25,20,many,117.030,117.270,JJ,6.1529,5.91,4,2.394179
audio11.TextGrid,25,21,of,117.270,117.340,IN,1.1628,7.4,2,-0.451178
audio11.TextGrid,25,22,the,117.340,117.430,DT,0.5277,7.73,2,-0.611268
audio11.TextGrid,25,23,fishermen,117.430,117.820,NNS,3.3273,3.65,7,-3.684521
audio11.TextGrid,25,24,kept,117.820,118.090,VBD,4.9801,5.0,4,-0.088498
audio11.TextGrid,25,25,their,118.090,118.200,PRP$,2.1619,6.33,3,-0.992263
audio11.TextGrid,25,26,gear,118.200,118.610,NN,6.9143,4.46,3,1.068413
audio11.TextGrid,26,1,it,119.300,119.430,PRP,3.7228,6.95,2,1.461080
audio11.TextGrid,26,2,was,119.430,119.640,VBD,0.7092,6.82,3,-1.739645
audio11.TextGrid,26,3,there,119.640,119.830,RB,6.1046,6.31,3,2.921649
audio11.TextGrid,26,4,for,119.830,120.040,IN,4.6603,7.01,3,2.484946
audio11.TextGrid,26,5,all,120.040,120.210,DT,3.5329,6.52,2,0.652228
audio11.TextGrid,26,6,fishermen,120.210,120.650,NNS,6.6060,3.65,7,-0.405821
audio11.TextGrid,26,7,who,120.650,120.720,WP,2.2207,6.34,2,-0.919069
audio11.TextGrid,26,8,wanted,120.720,121.130,VBD,3.1793,5.36,6,-1.371105
audio11.TextGrid,26,9,it,121.130,121.300,PRP,4.0080,6.95,2,1.746280
audio11.TextGrid,27,1,most,121.940,122.200,JJS,5.7024,6.0,4,2.073227
audio11.TextGrid,27,2,fishermen,122.200,122.640,NNS,2.8315,3.65,7,-4.180321
audio11.TextGrid,27,3,hated,122.640,122.910,VBD,5.5773,4.2,5,-0.642838
audio11.TextGrid,27,4,the,122.910,123.000,DT,1.4243,7.73,2,0.285332
audio11.TextGrid,27,5,taste,123.000,123.500,NN,5.9719,4.73,4,0.514657
audio11.TextGrid,28,1,but,124.130,124.250,CC,2.5670,6.63,3,-0.155335
audio11.TextGrid,28,2,it,124.250,124.310,PRP,3.4343,6.95,2,1.172580
audio11.TextGrid,28,3,was,124.310,124.430,VBD,0.5856,6.82,3,-1.863245
audio11.TextGrid,28,4,no,124.430,124.580,DT,5.3336,6.35,2,2.208226
audio11.TextGrid,28,5,worse,124.580,124.830,JJR,3.6875,4.89,3,-1.539435
audio11.TextGrid,28,6,than,124.830,125.010,IN,0.6195,6.13,3,-2.822548
audio11.TextGrid,28,7,getting,125.010,125.270,VBG,5.8645,5.57,5,1.616374
audio11.TextGrid,28,8,up,125.270,125.410,RP,4.8465,6.39,2,1.778703
audio11.TextGrid,28,9,at,125.410,125.470,IN,3.0101,6.7,2,0.388524
audio11.TextGrid,28,10,the,125.470,125.630,DT,2.9425,7.73,2,1.803532
audio11.TextGrid,28,11,hours,125.630,125.980,NNS,7.8306,5.4,3,3.337772
audio11.TextGrid,28,12,that,125.980,126.130,IN,4.0275,7.01,3,1.852146
audio11.TextGrid,28,13,they,126.130,126.260,PRP,2.4870,6.5,2,-0.422461
audio11.TextGrid,28,14,rose,126.260,126.810,VBD,9.2537,4.82,3,3.926006
audio11.TextGrid,28,15,and,126.810,126.900,CC,1.9691,7.41,3,0.369516
audio11.TextGrid,28,16,it,126.900,126.960,PRP,6.4224,6.95,2,4.160680
audio11.TextGrid,28,17,was,126.960,127.140,VBD,0.7028,6.82,3,-1.746045
audio11.TextGrid,28,18,very,127.140,127.390,RB,4.0082,6.0,4,0.379027
audio11.TextGrid,28,19,good,127.390,127.590,JJ,2.3915,6.12,3,-1.064942
audio11.TextGrid,28,20,against,127.590,127.930,IN,7.8236,5.68,6,3.733811
audio11.TextGrid,28,21,all,127.930,128.110,DT,3.5176,6.52,2,0.636928
audio11.TextGrid,28,22,colds,128.110,128.570,NNS,7.3283,2.97,5,-0.662330
audio11.TextGrid,28,23,and,128.570,128.710,CC,0.8682,7.41,3,-0.731384
audio11.TextGrid,28,24,grippes,128.710,129.140,NNS,17.7941,0.0,5,5.528378
audio11.TextGrid,29,1,and,129.690,129.820,CC,1.2994,7.41,2,-0.300184
audio11.TextGrid,29,2,it,129.820,129.930,PRP,4.3883,6.95,2,2.126580
audio11.TextGrid,29,3,was,129.930,130.050,VBD,0.9456,6.82,3,-1.503245
audio11.TextGrid,29,4,good,130.050,130.240,JJ,2.2771,6.12,3,-1.179342
audio11.TextGrid,29,5,for,130.240,130.360,IN,0.9156,7.01,2,-1.259754
audio11.TextGrid,29,6,the,130.360,130.530,DT,1.6198,7.73,2,0.480832
audio11.TextGrid,29,7,eyes,130.530,130.990,NNS,4.4370,5.21,2,-0.329319
audio11.TextGrid,30,1,now,132.320,132.550,RB,5.2159,6.18,2,1.845823
audio11.TextGrid,30,2,the,132.550,132.670,DT,1.9381,7.73,2,0.799132
audio11.TextGrid,30,3,old,132.670,132.890,JJ,1.3227,5.75,3,-2.666329
audio11.TextGrid,30,4,man,132.890,133.090,NN,0.0367,5.82,3,-3.851570
audio11.TextGrid,30,5,looked,133.090,133.330,VBD,4.1825,5.11,4,-0.727761
audio11.TextGrid,30,6,up,133.330,133.570,RB,1.8461,6.39,2,-1.221697
audio11.TextGrid,30,7,and,133.570,133.690,CC,1.4418,7.41,3,-0.157784
audio11.TextGrid,30,8,saw,133.690,133.870,VBD,0.9233,5.34,2,-3.655893
audio11.TextGrid,30,9,that,133.870,134.000,IN,1.8034,7.01,3,-0.371954
audio11.TextGrid,30,10,the,134.000,134.080,DT,1.0278,7.73,2,-0.111168
audio11.TextGrid,30,11,bird,134.080,134.380,NN,6.9761,4.63,3,1.374915
audio11.TextGrid,30,12,was,134.380,134.470,VBD,1.8161,6.82,3,-0.632745
audio11.TextGrid,30,13,circling,134.470,134.890,VBG,6.4033,3.33,6,-1.069137
audio11.TextGrid,30,14,again,134.890,135.230,RB,6.5839,5.7,4,2.522900
audio11.TextGrid,31,1,he,136.890,137.030,PRP,4.2759,6.69,2,1.639930
audio11.TextGrid,31,2,s,137.030,137.100,VBZ,1.9465,5.86,1,-1.884193
audio11.TextGrid,31,3,found,137.100,137.430,VBD,6.7538,5.68,4,2.664011
audio11.TextGrid,31,4,fish,137.430,137.850,NN,6.7685,4.9,3,1.555960
audio11.TextGrid,31,5,he,138.110,138.240,PRP,0.6866,6.69,2,-1.949370
audio11.TextGrid,31,6,said,138.240,138.440,VBD,0.1491,6.01,3,-3.465679
audio11.TextGrid,31,7,aloud,138.440,138.890,NN,6.7272,3.51,4,-0.486141
audio11.TextGrid,32,1,no,139.730,139.910,DT,6.4298,6.35,2,3.304426
audio11.TextGrid,32,2,flying,139.910,140.370,VBG,9.5268,4.71,5,4.040769
audio11.TextGrid,32,3,fish,140.370,140.660,JJ,1.7854,4.9,3,-3.427140
audio11.TextGrid,32,4,broke,140.660,140.960,VBD,8.8597,4.85,4,3.575188
audio11.TextGrid,32,5,the,140.960,141.040,DT,2.2029,7.73,2,1.063932
audio11.TextGrid,32,6,surface,141.040,141.550,NN,6.7794,4.83,5,1.466100
audio11.TextGrid,32,7,and,141.550,141.650,CC,2.3602,7.41,2,0.760616
audio11.TextGrid,32,8,there,141.650,141.760,EX,3.2966,6.31,3,0.113649
audio11.TextGrid,32,9,was,141.760,141.910,VBD,0.4727,6.82,3,-1.976145
audio11.TextGrid,32,10,no,141.910,142.060,DT,0.9441,6.35,2,-2.181274
audio11.TextGrid,32,11,scattering,142.060,142.530,NN,8.5593,3.4,7,1.187623
audio11.TextGrid,32,12,of,142.530,142.600,IN,1.0223,7.4,2,-0.591678
audio11.TextGrid,32,13,bait,142.600,142.890,NN,6.4668,3.85,3,-0.257136
audio11.TextGrid,32,14,fish,142.890,143.190,NN,5.9510,4.9,3,0.738460
audio11.TextGrid,33,1,but,143.850,143.970,CC,2.7268,6.63,3,0.004465
audio11.TextGrid,33,2,as,143.970,144.140,IN,4.6870,6.77,2,2.166184
audio11.TextGrid,33,3,the,144.140,144.240,DT,1.6371,7.73,2,0.498132
audio11.TextGrid,33,4,old,144.240,144.490,JJ,1.4207,5.75,3,-2.568329
audio11.TextGrid,33,5,man,144.490,144.730,NN,0.0272,5.82,3,-3.861070
audio11.TextGrid,33,6,watched,144.730,145.180,VBD,2.9458,4.72,4,-2.525837
audio11.TextGrid,33,7,a,145.520,145.600,DT,2.9999,7.36,1,1.328345
audio11.TextGrid,33,8,small,145.600,145.900,JJ,3.2537,5.51,4,-1.080791
audio11.TextGrid,33,9,tuna,145.900,146.320,NN,7.7723,3.64,4,0.746085
audio11.TextGrid,33,10,rose,146.320,146.650,VBD,5.8281,4.82,3,0.500406
audio11.TextGrid,33,11,in,146.650,146.740,IN,3.3316,7.27,2,1.530496
audio11.TextGrid,33,12,the,146.740,146.950,DT,0.6150,7.73,2,-0.523968
audio11.TextGrid,33,13,air,146.950,147.200,NN,1.7415,5.37,2,-2.794511
audio11.TextGrid,33,14,turned,147.200,147.790,VBD,5.3919,5.09,4,0.452850
audio11.TextGrid,33,15,and,147.790,147.940,CC,2.2174,7.41,2,0.617816
audio11.TextGrid,33,16,dropped,147.940,148.240,VBD,4.9963,4.73,5,-0.460943
audio11.TextGrid,33,17,head,148.240,148.430,NN,6.4472,5.51,3,2.112709
audio11.TextGrid,33,18,first,148.430,148.750,RB,1.5058,6.11,4,-1.965036
audio11.TextGrid,33,19,into,148.750,148.910,IN,1.1518,6.11,4,-2.319036
audio11.TextGrid,33,20,the,148.910,148.980,DT,0.1167,7.73,2,-1.022268
audio11.TextGrid,33,21,water,148.980,149.440,NN,1.3064,5.52,4,-3.013697
audio11.TextGrid,33,22,the,150.130,150.220,DT,1.6581,7.73,2,0.519132
audio11.TextGrid,33,23,tuna,150.220,150.500,NN,3.1516,3.64,4,-3.874615
audio11.TextGrid,33,24,shone,150.500,150.830,NN,8.6227,3.23,3,1.006320
audio11.TextGrid,33,25,silver,150.830,151.280,NN,6.8052,4.81,5,1.463111
audio11.TextGrid,33,26,in,151.280,151.360,IN,2.5714,7.27,2,0.770296
audio11.TextGrid,33,27,the,151.360,151.440,DT,0.4286,7.73,2,-0.710368
audio11.TextGrid,33,28,sun,151.440,151.880,NN,3.2970,4.97,3,-1.814781
audio11.TextGrid,34,1,and,152.360,152.500,CC,0.8317,7.41,3,-0.767884
audio11.TextGrid,34,2,after,152.500,152.770,IN,5.8938,6.11,4,2.422964
audio11.TextGrid,34,3,he,152.770,152.830,PRP,5.0513,6.69,2,2.415330
audio11.TextGrid,34,4,had,152.830,152.940,VBD,1.2057,6.33,3,-1.948463
audio11.TextGrid,34,5,dropped,152.940,153.220,VBN,4.1729,4.73,5,-1.284343
audio11.TextGrid,34,6,back,153.220,153.430,RB,4.5597,6.04,3,0.988104
audio11.TextGrid,34,7,into,153.430,153.600,IN,1.8418,6.11,4,-1.629036
audio11.TextGrid,34,8,the,153.600,153.680,DT,0.1477,7.73,2,-0.991268
audio11.TextGrid,34,9,water,153.680,154.040,NN,0.6084,5.52,4,-3.711697
audio11.TextGrid,34,10,another,154.040,154.440,DT,4.7924,5.74,5,0.788977
audio11.TextGrid,34,11,and,154.440,154.590,CC,5.7398,7.41,3,4.140216
audio11.TextGrid,34,12,another,154.590,154.980,DT,2.4935,5.74,5,-1.509923
audio11.TextGrid,34,13,rose,154.980,155.370,VBD,3.9165,4.82,3,-1.411194
audio11.TextGrid,34,14,and,155.710,155.790,CC,2.0995,7.41,2,0.499916
audio11.TextGrid,34,15,they,155.790,155.870,PRP,4.3332,6.5,2,1.423739
audio11.TextGrid,34,16,were,155.870,156.000,VBD,1.9126,6.34,2,-1.227169
audio11.TextGrid,34,17,jumping,156.000,156.390,VBG,7.7264,4.23,6,1.549445
audio11.TextGrid,34,18,in,156.390,156.470,IN,2.9766,7.27,2,1.175496
audio11.TextGrid,34,19,all,156.470,156.620,DT,4.1067,6.52,2,1.226028
audio11.TextGrid,34,20,directions,156.620,157.400,NNS,0.3915,4.23,9,-5.785455
audio11.TextGrid,34,21,churning,157.400,157.820,VBG,9.0349,3.12,5,1.260184
audio11.TextGrid,34,22,the,157.820,157.880,DT,2.8186,7.73,2,1.679632
audio11.TextGrid,34,23,water,157.880,158.280,NN,1.8005,5.52,4,-2.519597
audio11.TextGrid,34,24,and,158.280,158.430,CC,1.9221,7.41,3,0.322516
audio11.TextGrid,34,25,leaping,158.430,158.770,NN,5.2314,3.23,5,-2.384980
audio11.TextGrid,34,26,in,158.770,158.850,IN,2.6739,7.27,2,0.872796
audio11.TextGrid,34,27,long,158.850,159.190,JJ,6.7022,5.81,3,2.799536
audio11.TextGrid,34,28,jumps,159.190,159.560,NNS,6.3022,3.86,5,-0.407342
audio11.TextGrid,34,29,after,159.560,159.790,IN,6.3771,6.11,4,2.906264
audio11.TextGrid,34,30,the,159.790,159.880,DT,1.6293,7.73,2,0.490332
audio11.TextGrid,34,31,bait,159.880,160.230,NN,6.7980,3.85,3,0.074064
audio11.TextGrid,35,1,they,161.040,161.130,PRP,2.5304,6.5,2,-0.379061
audio11.TextGrid,35,2,were,161.130,161.280,VBD,1.1621,6.34,2,-1.977669
audio11.TextGrid,35,3,circling,161.280,161.750,VBG,5.9435,3.33,6,-1.528937
audio11.TextGrid,35,4,it,161.750,161.930,PRP,5.7989,6.95,2,3.537180
audio11.TextGrid,35,5,and,161.930,162.040,CC,1.9196,7.41,2,0.320016
audio11.TextGrid,35,6,driving,162.040,162.490,VBG,7.6704,4.9,6,2.457860
audio11.TextGrid,35,7,it,162.490,162.660,PRP,0.8898,6.95,2,-1.371920
audio11.TextGrid,36,1,if,164.270,164.390,IN,5.4433,6.47,2,2.490657
audio11.TextGrid,36,2,they,164.390,164.500,PRP,1.7356,6.5,2,-1.173861
audio11.TextGrid,36,3,don,164.500,164.680,VBP,6.1801,4.6,3,0.535732
audio11.TextGrid,36,4,t,164.680,164.740,JJ,0.0048,5.43,1,-4.444845
audio11.TextGrid,36,5,travel,164.740,165.000,NN,8.5035,5.0,6,3.434902
audio11.TextGrid,36,6,too,165.000,165.220,RB,4.2234,5.95,2,0.522256
audio11.TextGrid,36,7,fast,165.220,165.690,JJ,1.0341,5.13,4,-3.847373
audio11.TextGrid,36,8,i,165.690,165.790,NN,6.3272,7.09,1,4.267000
audio11.TextGrid,36,9,will,165.790,165.940,MD,1.7595,6.45,3,-1.221932
audio11.TextGrid,36,10,get,165.940,166.140,VB,3.9301,6.28,3,0.703966
audio11.TextGrid,36,11,into,166.140,166.340,IN,4.5708,6.11,4,1.099964
audio11.TextGrid,36,12,them,166.340,166.550,PRP,3.6539,6.19,3,0.298218
audio11.TextGrid,36,13,the,166.550,166.650,DT,3.5744,7.73,2,2.435432
audio11.TextGrid,36,14,old,166.650,166.870,JJ,0.4689,5.75,3,-3.520129
audio11.TextGrid,36,15,man,166.870,167.100,NN,0.0125,5.82,3,-3.875770
audio11.TextGrid,36,16,thought,167.100,167.440,VBD,0.5998,5.59,3,-3.619537
audio11.TextGrid,37,1,and,167.960,168.050,CC,1.4788,7.41,2,-0.120784
audio11.TextGrid,37,2,he,168.050,168.120,PRP,2.3988,6.69,2,-0.237170
audio11.TextGrid,37,3,watched,168.120,168.510,VBD,4.8956,4.72,4,-0.576037
audio11.TextGrid,37,4,the,168.510,168.610,DT,2.0350,7.73,2,0.896032
audio11.TextGrid,37,5,school,168.610,169.020,NN,10.8023,5.71,4,6.755694
audio11.TextGrid,37,6,working,169.020,169.410,VBG,9.3043,5.45,5,4.883443
audio11.TextGrid,37,7,the,169.410,169.470,DT,3.0212,7.73,2,1.882232
audio11.TextGrid,37,8,water,169.470,169.790,NN,4.2858,5.52,4,-0.034297
audio11.TextGrid,37,9,white,169.790,170.220,JJ,9.5723,5.51,3,5.237809
audio11.TextGrid,37,10,and,170.590,170.660,CC,1.7489,7.41,2,0.149316
audio11.TextGrid,37,11,the,170.660,170.750,DT,2.7608,7.73,2,1.621832
audio11.TextGrid,37,12,bird,170.750,171.140,NN,6.0961,4.63,3,0.494915
audio11.TextGrid,37,13,now,171.140,171.360,RB,7.4129,6.18,2,4.042823
audio11.TextGrid,37,14,dropping,171.360,171.840,VBG,5.9977,4.33,6,-0.035312
audio11.TextGrid,37,15,and,171.840,171.920,CC,3.8570,7.41,2,2.257416
audio11.TextGrid,37,16,dipping,171.920,172.340,VBG,5.7369,3.48,5,-1.519623
audio11.TextGrid,37,17,into,172.340,172.490,IN,2.1028,6.11,4,-1.368036
audio11.TextGrid,37,18,the,172.490,172.580,DT,0.3241,7.73,2,-0.814868
audio11.TextGrid,37,19,bait,172.580,172.840,NN,6.6473,3.85,3,-0.076636
audio11.TextGrid,37,20,fish,172.840,173.090,NN,3.2672,4.9,3,-1.945340
audio11.TextGrid,37,21,that,173.090,173.250,WDT,4.6117,7.01,3,2.436346
audio11.TextGrid,37,22,were,173.250,173.340,VBD,1.4105,6.34,2,-1.729269
audio11.TextGrid,37,23,forced,173.340,173.650,VBN,10.5426,4.83,5,5.229300
audio11.TextGrid,37,24,to,173.650,173.740,TO,1.0829,7.43,2,-0.487896
audio11.TextGrid,37,25,the,173.740,173.850,DT,4.8429,7.73,2,3.703932
audio11.TextGrid,37,26,surface,173.850,174.260,NN,2.4392,4.83,5,-2.874100
audio11.TextGrid,37,27,in,174.260,174.350,IN,3.6949,7.27,2,1.893796
audio11.TextGrid,37,28,their,174.350,174.480,PRP$,4.0484,6.33,3,0.894237
audio11.TextGrid,37,29,panic,174.480,174.990,NN,7.9923,4.26,5,1.858528
audio12.TextGrid,1,1,the,1.220,1.310,DT,3.1133,7.73,2,1.974332
audio12.TextGrid,1,2,bird,1.310,1.630,NN,2.7314,4.63,3,-2.869785
audio12.TextGrid,1,3,is,1.630,1.730,VBZ,1.1951,7.07,2,-0.893889
audio12.TextGrid,1,4,a,1.730,1.800,DT,3.7619,7.36,1,2.090345
audio12.TextGrid,1,5,great,1.800,2.100,JJ,3.6240,5.88,4,-0.177904
audio12.TextGrid,1,6,help,2.100,2.460,NN,6.1140,5.75,4,2.124971
audio12.TextGrid,1,7,the,2.790,2.920,DT,1.1403,7.73,2,0.001332
audio12.TextGrid,1,8,old,2.920,3.120,JJ,0.3059,5.75,3,-3.683129
audio12.TextGrid,1,9,man,3.120,3.390,NN,0.0037,5.82,3,-3.884570
audio12.TextGrid,1,10,said,3.390,3.750,VBD,0.1483,6.01,3,-3.466479
audio12.TextGrid,2,1,just,4.710,4.930,RB,7.1242,6.43,3,4.113980
audio12.TextGrid,2,2,then,4.930,5.180,RB,1.8606,6.07,3,-1.667813
audio12.TextGrid,2,3,the,5.180,5.300,DT,1.1513,7.73,2,0.012332
audio12.TextGrid,2,4,stern,5.300,5.670,JJ,9.7051,3.9,4,3.053135
audio12.TextGrid,2,5,line,5.670,5.930,NN,8.0865,5.49,3,3.723220
audio12.TextGrid,2,6,came,5.930,6.200,VBD,3.3383,5.5,3,-1.010585
audio12.TextGrid,2,7,taut,6.200,6.550,JJ,8.4789,2.91,3,0.401904
audio12.TextGrid,2,8,under,6.550,6.760,IN,5.6247,5.73,4,1.606882
audio12.TextGrid,2,9,his,6.760,6.950,PRP$,2.3166,6.51,3,-0.578466
audio12.TextGrid,2,10,foot,6.950,7.250,NN,4.4235,4.87,3,-0.832223
audio12.TextGrid,2,11,where,7.480,7.720,WRB,6.1071,6.0,4,2.477927
audio12.TextGrid,2,12,he,7.720,7.850,PRP,1.5042,6.69,2,-1.131770
audio12.TextGrid,2,13,had,7.850,7.970,VBD,1.8070,6.33,3,-1.347163
audio12.TextGrid,2,14,kept,7.970,8.130,VBN,5.5721,5.0,4,0.503502
audio12.TextGrid,2,15,a,8.130,8.180,DT,2.7464,7.36,1,1.074845
audio12.TextGrid,2,16,loop,8.180,8.400,NN,7.4209,4.29,3,1.330311
audio12.TextGrid,2,17,of,8.400,8.480,IN,0.7129,7.4,2,-0.901078
audio12.TextGrid,2,18,the,8.480,8.570,DT,2.7779,7.73,2,1.638932
audio12.TextGrid,2,19,line,8.570,8.990,NN,3.2571,5.49,3,-1.106180
audio12.TextGrid,2,20,and,9.240,9.360,CC,1.5353,7.41,2,-0.064284
audio12.TextGrid,2,21,he,9.360,9.450,PRP,1.4791,6.69,2,-1.156870
audio12.TextGrid,2,22,dropped,9.450,9.740,VBD,5.1841,4.73,5,-0.273143
audio12.TextGrid,2,23,his,9.740,9.880,PRP$,2.4423,6.51,3,-0.452766
audio12.TextGrid,2,24,oars,9.880,10.260,NNS,7.2682,3.01,3,-0.664853
audio12.TextGrid,2,25,and,10.260,10.410,CC,1.2472,7.41,3,-0.352384
audio12.TextGrid,2,26,felt,10.410,10.650,VBD,6.2290,5.13,4,1.347527
audio12.TextGrid,2,27,tile,10.650,10.750,JJ,14.0755,3.72,3,7.164438
audio12.TextGrid,2,28,weight,10.750,10.970,NN,7.9442,5.02,3,2.904391
audio12.TextGrid,2,29,of,10.970,11.060,IN,3.2896,7.4,2,1.675622
audio12.TextGrid,2,30,the,11.060,11.150,DT,0.8049,7.73,2,-0.334068
audio12.TextGrid,2,31,small,11.150,11.480,JJ,5.3030,5.51,4,0.968509
audio12.TextGrid,2,32,tuna,11.480,11.830,NN,2.6332,3.64,4,-4.393015
audio12.TextGrid,2,33,s,11.830,11.880,NN,5.2916,5.86,1,1.460907
audio12.TextGrid,2,34,shivering,11.880,12.350,VBG,9.9321,3.14,6,2.186172
audio12.TextGrid,2,35,pull,12.350,12.800,NN,8.6875,4.82,3,3.359806
audio12.TextGrid,2,36,as,12.800,12.890,IN,4.0235,6.77,2,1.502684
audio12.TextGrid,2,37,he,12.890,13.010,PRP,1.4446,6.69,2,-1.191370
audio12.TextGrid,2,38,held,13.010,13.200,VBD,4.7655,5.24,4,0.042364
audio12.TextGrid,2,39,the,13.200,13.280,DT,1.4859,7.73,2,0.346932
audio12.TextGrid,2,40,line,13.280,13.570,NN,2.1437,5.49,3,-2.219580
audio12.TextGrid,2,41,firm,13.570,13.950,NN,7.1330,4.79,3,1.762123
audio12.TextGrid,2,42,and,13.950,14.070,CC,1.8140,7.41,3,0.214416
audio12.TextGrid,2,43,commenced,14.070,14.460,VBD,11.2319,3.78,7,4.407204
audio12.TextGrid,2,44,to,14.460,14.560,TO,1.1123,7.43,2,-0.458496
audio12.TextGrid,2,45,haul,14.560,14.790,VB,6.3208,3.88,3,-0.359954
audio12.TextGrid,2,46,it,14.790,14.870,PRP,1.5864,6.95,2,-0.675320
audio12.TextGrid,3,1,in,14.870,15.170,IN,2.8228,7.27,2,1.021696
audio12.TextGrid,3,2,the,16.480,16.580,DT,1.4543,7.73,2,0.315332
audio12.TextGrid,3,3,shivering,16.580,16.990,NN,6.6188,3.14,6,-1.127128
audio12.TextGrid,3,4,increased,16.990,17.460,VBD,7.9261,4.91,7,2.727954
audio12.TextGrid,3,5,as,17.460,17.580,IN,2.4072,6.77,2,-0.113616
audio12.TextGrid,3,6,he,17.580,17.670,PRP,1.1650,6.69,2,-1.470970
audio12.TextGrid,3,7,pulled,17.670,18.030,VBD,2.9305,4.67,4,-2.613108
audio12.TextGrid,3,8,in,18.030,18.190,IN,3.6797,7.27,2,1.878596
audio12.TextGrid,3,9,and,18.190,18.310,CC,1.6649,7.41,3,0.065316
audio12.TextGrid,3,10,he,18.620,18.750,PRP,3.0237,6.69,2,0.387730
audio12.TextGrid,3,11,could,18.750,18.910,MD,3.2571,6.06,3,-0.285708
audio12.TextGrid,3,12,see,18.910,19.090,VB,1.1702,6.1,2,-2.315031
audio12.TextGrid,3,13,the,19.090,19.190,DT,0.9016,7.73,2,-0.237368
audio12.TextGrid,3,14,blue,19.190,19.460,JJ,4.9303,5.13,3,0.048827
audio12.TextGrid,3,15,back,19.460,19.760,NN,7.1341,6.04,3,3.562504
audio12.TextGrid,3,16,of,19.760,19.840,IN,0.4395,7.4,2,-1.174478
audio12.TextGrid,3,17,the,19.840,19.950,DT,0.1717,7.73,2,-0.967268
audio12.TextGrid,3,18,fish,19.950,20.200,NN,2.8440,4.9,3,-2.368540
audio12.TextGrid,3,19,in,20.200,20.280,IN,3.3067,7.27,2,1.505596
audio12.TextGrid,3,20,the,20.280,20.340,DT,0.4406,7.73,2,-0.698368
audio12.TextGrid,3,21,water,20.340,20.770,NN,1.1962,5.52,4,-3.123897
audio12.TextGrid,3,22,and,20.770,20.860,CC,1.9283,7.41,2,0.328716
audio12.TextGrid,3,23,the,20.860,20.940,DT,1.4923,7.73,2,0.353332
audio12.TextGrid,3,24,gold,20.940,21.300,NN,6.5051,5.17,4,1.681204
audio12.TextGrid,3,25,of,21.300,21.410,IN,3.1191,7.4,2,1.505122
audio12.TextGrid,3,26,his,21.410,21.560,PRP$,3.1287,6.51,3,0.233634
audio12.TextGrid,3,27,sides,21.560,22.090,NNS,9.7809,4.73,4,4.323657
audio12.TextGrid,3,28,before,22.090,22.430,IN,6.5186,5.93,5,2.788667
audio12.TextGrid,3,29,he,22.430,22.550,PRP,1.7207,6.69,2,-0.915270
audio12.TextGrid,3,30,swung,22.550,22.910,VBD,5.1894,3.47,4,-2.081518
audio12.TextGrid,3,31,him,22.910,23.020,PRP,3.9624,6.11,2,0.491564
audio12.TextGrid,3,32,over,23.020,23.200,IN,2.6688,6.08,3,-0.845219
audio12.TextGrid,3,33,the,23.200,23.300,DT,1.5070,7.73,2,0.368032
audio12.TextGrid,3,34,side,23.300,23.700,NN,3.5394,5.5,3,-0.809485
audio12.TextGrid,3,35,and,23.700,23.870,CC,1.2131,7.41,3,-0.386484
audio12.TextGrid,3,36,into,23.870,24.090,IN,3.6688,6.11,4,0.197964
audio12.TextGrid,3,37,the,24.090,24.170,DT,0.1033,7.73,2,-1.035668
audio12.TextGrid,3,38,boat,24.170,24.590,NN,4.2201,4.71,3,-1.265931
audio12.TextGrid,4,1,he,25.380,25.500,PRP,1.6226,6.69,2,-1.013370
audio12.TextGrid,4,2,lay,25.500,25.670,VBD,5.8860,4.64,2,0.299209
audio12.TextGrid,4,3,in,25.670,25.800,IN,2.9295,7.27,2,1.128396
audio12.TextGrid,4,4,the,25.800,25.880,DT,0.6008,7.73,2,-0.538168
audio12.TextGrid,4,5,stern,25.880,26.320,NN,5.1637,3.9,4,-1.488265
audio12.TextGrid,4,6,in,26.320,26.440,IN,4.6724,7.27,2,2.871296
audio12.TextGrid,4,7,the,26.440,26.520,DT,0.9639,7.73,2,-0.175068
audio12.TextGrid,4,8,sun,26.520,26.890,NN,4.5961,4.97,3,-0.515681
audio12.TextGrid,4,9,compact,27.120,27.670,NN,12.4336,4.06,7,6.011943
audio12.TextGrid,4,10,and,27.670,27.750,CC,1.5155,7.41,2,-0.084084
audio12.TextGrid,4,11,bullet,27.750,28.140,NN,10.4077,4.24,5,4.245139
audio12.TextGrid,4,12,shaped,28.140,28.580,VBD,6.8517,4.38,4,0.890659
audio12.TextGrid,4,13,his,28.890,29.070,PRP$,2.6488,6.51,3,-0.246266
audio12.TextGrid,4,14,big,29.070,29.390,JJ,5.0178,5.67,3,0.913617
audio12.TextGrid,4,15,unintelligent,29.390,30.090,JJ,12.0332,2.49,12,3.351646
audio12.TextGrid,4,16,eyes,30.090,30.450,NNS,2.6408,5.21,2,-2.125519
audio12.TextGrid,4,17,staring,30.450,30.970,VBG,3.2474,4.14,6,-3.059103
audio12.TextGrid,4,18,as,30.970,31.120,IN,5.3097,6.77,2,2.788884
audio12.TextGrid,4,19,he,31.120,31.240,PRP,0.6892,6.69,2,-1.946770
audio12.TextGrid,4,20,thumped,31.240,31.570,VBD,10.1427,2.42,5,1.360386
audio12.TextGrid,4,21,his,31.570,31.730,PRP$,1.4088,6.51,3,-1.486266
audio12.TextGrid,4,22,life,31.730,32.000,NN,8.7843,5.89,3,4.996790
audio12.TextGrid,4,23,out,32.000,32.190,RP,1.5922,6.38,2,-1.489992
audio12.TextGrid,4,24,against,32.190,32.480,IN,6.0985,5.68,6,2.008711
audio12.TextGrid,4,25,the,32.480,32.570,DT,0.0957,7.73,2,-1.043268
audio12.TextGrid,4,26,planking,32.570,33.000,NN,11.3030,2.5,7,2.635840
audio12.TextGrid,4,27,of,33.000,33.080,IN,1.7693,7.4,2,0.155322
audio12.TextGrid,4,28,the,33.080,33.170,DT,0.1721,7.73,2,-0.966868
audio12.TextGrid,4,29,boat,33.170,33.530,NN,1.3691,4.71,3,-4.116931
audio12.TextGrid,4,30,with,33.530,33.670,IN,3.5453,6.85,3,1.139638
audio12.TextGrid,4,31,the,33.670,33.740,DT,1.8687,7.73,2,0.729732
audio12.TextGrid,4,32,quick,33.740,34.010,JJ,5.7632,4.98,4,0.665814
audio12.TextGrid,4,33,shivering,34.010,34.430,NN,7.4110,3.14,6,-0.334928
audio12.TextGrid,4,34,strokes,34.430,34.840,NNS,6.7624,3.75,6,-0.105479
audio12.TextGrid,4,35,of,34.840,34.930,IN,0.6248,7.4,2,-0.989178
audio12.TextGrid,4,36,his,34.930,35.130,PRP$,0.6709,6.51,3,-2.224166
audio12.TextGrid,4,37,neat,35.130,35.390,NN,11.2847,3.99,3,4.762283
audio12.TextGrid,4,38,fast,35.390,35.720,RB,4.9030,5.13,4,0.021527
audio12.TextGrid,4,39,moving,35.720,36.070,VBG,2.1478,5.02,5,-2.892009
audio12.TextGrid,4,40,tail,36.070,36.490,NN,4.0074,4.34,3,-2.011218
audio12.TextGrid,5,1,the,37.660,37.770,DT,1.4391,7.73,2,0.300132
audio12.TextGrid,5,2,old,37.770,37.950,JJ,1.5770,5.75,3,-2.412029
audio12.TextGrid,5,3,man,37.950,38.200,NN,0.0051,5.82,3,-3.883170
audio12.TextGrid,5,4,hit,38.200,38.360,VBD,7.2835,5.37,3,2.747489
audio12.TextGrid,5,5,him,38.360,38.450,PRP,2.8817,6.11,2,-0.589136
audio12.TextGrid,5,6,on,38.450,38.550,IN,1.8334,6.91,2,-0.485897
audio12.TextGrid,5,7,the,38.550,38.650,DT,0.1179,7.73,2,-1.021068
audio12.TextGrid,5,8,head,38.650,38.890,NN,1.2890,5.51,3,-3.045491
audio12.TextGrid,5,9,for,38.890,38.980,IN,4.9558,7.01,2,2.780446
audio12.TextGrid,5,10,kindness,38.980,39.590,NN,12.1333,4.0,7,5.625277
audio12.TextGrid,5,11,and,39.910,40.000,CC,0.9177,7.41,2,-0.681884
audio12.TextGrid,5,12,kicked,40.000,40.330,VBD,7.3895,4.38,4,1.428459
audio12.TextGrid,5,13,him,40.330,40.570,PRP,0.4721,6.11,3,-2.998736
audio12.TextGrid,5,14,his,40.970,41.150,PRP$,4.1411,6.51,3,1.246034
audio12.TextGrid,5,15,body,41.150,41.500,NN,3.4652,5.4,4,-1.027628
audio12.TextGrid,5,16,still,41.500,41.780,RB,4.2477,5.92,4,0.503373
audio12.TextGrid,5,17,shuddering,41.780,42.330,VBG,6.5735,2.62,6,-1.920929
audio12.TextGrid,5,18,under,42.510,42.710,IN,6.7323,5.73,4,2.714482
audio12.TextGrid,5,19,the,42.710,42.810,DT,0.3628,7.73,2,-0.776168
audio12.TextGrid,5,20,shade,42.810,43.100,NN,8.9593,4.16,3,2.681585
audio12.TextGrid,5,21,of,43.100,43.180,IN,0.4098,7.4,2,-1.204178
audio12.TextGrid,5,22,the,43.180,43.270,DT,0.2872,7.73,2,-0.851768
audio12.TextGrid,5,23,stern,43.270,43.780,NN,6.3518,3.9,4,-0.300165
audio12.TextGrid,6,1,albacore,45.520,46.200,NN,15.4933,2.23,7,6.437496
audio12.TextGrid,6,2,he,46.520,46.640,PRP,0.6152,6.69,2,-2.020770
audio12.TextGrid,6,3,said,46.640,46.830,VBD,0.3927,6.01,3,-3.222079
audio12.TextGrid,6,4,aloud,46.830,47.210,NN,4.5987,3.51,4,-2.614641
audio12.TextGrid,7,1,he,47.210,47.270,PRP,3.7057,6.69,2,1.069730
audio12.TextGrid,7,2,ll,47.820,47.930,VBD,3.5329,4.66,2,-2.025102
audio12.TextGrid,7,3,make,47.930,48.130,VB,4.3375,6.08,3,0.823481
audio12.TextGrid,7,4,a,48.130,48.180,DT,1.8330,7.36,1,0.161445
audio12.TextGrid,7,5,beautiful,48.180,48.610,JJ,6.3426,5.22,8,1.590676
audio12.TextGrid,7,6,bait,48.610,49.020,NN,6.3863,3.85,3,-0.337636
audio12.TextGrid,8,1,he,49.480,49.570,PRP,1.8319,6.69,2,-0.804070
audio12.TextGrid,8,2,ll,49.570,49.600,VBZ,0.7808,4.66,1,-4.777202
audio12.TextGrid,8,3,weigh,49.600,49.810,JJ,7.2846,3.99,2,0.762183
audio12.TextGrid,8,4,ten,49.810,50.100,CD,4.3314,5.05,3,-0.665227
audio12.TextGrid,8,5,pounds,50.100,50.720,NNS,1.3259,4.53,5,-4.419227
audio12.TextGrid,9,1,he,53.260,53.380,PRP,2.2401,6.69,2,-0.395870
audio12.TextGrid,9,2,did,53.380,53.500,VBD,4.5399,5.96,3,0.853150
audio12.TextGrid,9,3,not,53.500,53.700,RB,0.4120,6.69,3,-2.223970
audio12.TextGrid,9,4,remember,53.700,54.060,VB,5.3835,5.38,7,0.861884
audio12.TextGrid,9,5,when,54.060,54.420,WRB,3.4847,6.37,3,0.388114
audio12.TextGrid,9,6,he,54.420,54.580,PRP,0.7369,6.69,2,-1.899070
audio12.TextGrid,9,7,had,54.580,54.750,VBD,1.4261,6.33,3,-1.728063
audio12.TextGrid,9,8,first,54.750,55.150,RB,2.8309,6.11,4,-0.639936
audio12.TextGrid,9,9,started,55.150,55.560,VBN,4.4461,5.39,7,-0.061122
audio12.TextGrid,9,10,to,55.560,55.640,TO,2.1229,7.43,2,0.552104
audio12.TextGrid,9,11,talk,55.640,55.920,VB,5.0207,5.42,3,0.556661
audio12.TextGrid,9,12,aloud,55.920,56.430,NN,8.3170,3.51,4,1.103659
audio12.TextGrid,9,13,when,56.430,56.580,WRB,4.6235,6.37,3,1.526914
audio12.TextGrid,9,14,he,56.580,56.670,PRP,0.7816,6.69,2,-1.854370
audio12.TextGrid,9,15,was,56.670,56.830,VBD,1.4650,6.82,3,-0.983845
audio12.TextGrid,9,16,by,56.830,57.040,IN,7.3421,6.66,2,4.662947
audio12.TextGrid,9,17,himself,57.040,57.540,PRP,0.8232,5.25,7,-3.885542
audio12.TextGrid,10,1,he,58.260,58.380,PRP,1.1963,6.69,2,-1.439670
audio12.TextGrid,10,2,had,58.380,58.520,VBD,1.6960,6.33,3,-1.458163
audio12.TextGrid,10,3,sung,58.520,58.890,NN,9.4774,3.91,3,2.839829
audio12.TextGrid,10,4,when,58.890,59.030,WRB,4.5368,6.37,3,1.440214
audio12.TextGrid,10,5,he,59.030,59.120,PRP,0.2968,6.69,2,-2.339170
audio12.TextGrid,10,6,was,59.120,59.270,VBD,0.4926,6.82,3,-1.956245
audio12.TextGrid,10,7,by,59.270,59.470,IN,5.0758,6.66,2,2.396647
audio12.TextGrid,10,8,himself,59.470,59.900,PRP,0.0674,5.25,7,-4.641342
audio12.TextGrid,10,9,in,59.900,59.970,IN,3.3870,7.27,2,1.585896
audio12.TextGrid,10,10,the,59.970,60.090,DT,0.9009,7.73,2,-0.238068
audio12.TextGrid,10,11,old,60.090,60.280,JJ,3.5361,5.75,3,-0.452929
audio12.TextGrid,10,12,days,60.280,60.690,NNS,3.0073,5.61,3,-1.183249
audio12.TextGrid,10,13,and,60.690,60.800,CC,1.2359,7.41,2,-0.363684
audio12.TextGrid,10,14,he,60.800,60.880,PRP,1.6502,6.69,2,-0.985770
audio12.TextGrid,10,15,had,60.880,61.010,VBD,1.2573,6.33,3,-1.896863
audio12.TextGrid,10,16,sung,61.010,61.250,VBN,2.4190,3.91,3,-4.218571
audio12.TextGrid,10,17,at,61.250,61.400,IN,3.6839,6.7,2,1.062324
audio12.TextGrid,10,18,night,61.400,61.660,NN,3.0432,5.61,3,-1.147349
audio12.TextGrid,10,19,sometimes,61.660,62.300,RB,6.7231,5.28,7,2.057541
audio12.TextGrid,10,20,when,62.300,62.410,WRB,1.7203,6.37,3,-1.376286
audio12.TextGrid,10,21,he,62.410,62.500,PRP,0.3224,6.69,2,-2.313570
audio12.TextGrid,10,22,was,62.500,62.650,VBD,0.4255,6.82,3,-2.023345
audio12.TextGrid,10,23,alone,62.650,63.060,RB,1.5226,5.16,4,-3.315690
audio12.TextGrid,10,24,steering,63.060,63.540,VBG,13.9655,3.93,6,7.356718
audio12.TextGrid,10,25,on,63.540,63.700,IN,4.8695,6.91,2,2.550203
audio12.TextGrid,10,26,his,63.700,63.920,PRP$,2.2755,6.51,3,-0.619566
audio12.TextGrid,10,27,watch,63.920,64.300,NN,5.4157,5.34,3,0.836507
audio12.TextGrid,10,28,in,64.300,64.370,IN,3.3865,7.27,2,1.585396
audio12.TextGrid,10,29,the,64.370,64.470,DT,0.3215,7.73,2,-0.817468
audio12.TextGrid,10,30,smacks,64.470,65.000,NNS,15.4063,3.03,5,7.502035
audio12.TextGrid,10,31,or,65.000,65.120,CC,6.7688,6.54,2,3.916916
audio12.TextGrid,10,32,in,65.120,65.180,IN,2.4077,7.27,2,0.606596
audio12.TextGrid,10,33,the,65.180,65.270,DT,0.2552,7.73,2,-0.883768
audio12.TextGrid,10,34,turtle,65.270,65.560,NN,10.1291,3.91,5,3.491529
audio12.TextGrid,10,35,boats,65.560,66.000,NNS,3.4328,4.25,4,-2.715366
audio12.TextGrid,11,1,he,67.340,67.420,PRP,1.1992,6.69,2,-1.436770
audio12.TextGrid,11,2,had,67.420,67.540,VBD,1.0863,6.33,3,-2.067863
audio12.TextGrid,11,3,probably,67.540,68.010,RB,6.6774,5.37,8,2.141389
audio12.TextGrid,11,4,started,68.010,68.380,VBN,4.3077,5.39,7,-0.199522
audio12.TextGrid,11,5,to,68.380,68.460,TO,1.7286,7.43,2,0.157804
audio12.TextGrid,11,6,talk,68.460,68.800,VB,1.6667,5.42,3,-2.797339
audio12.TextGrid,11,7,aloud,68.800,69.290,JJ,4.8643,3.51,4,-2.349041
audio12.TextGrid,11,8,when,69.290,69.400,WRB,3.0323,6.37,3,-0.064286
audio12.TextGrid,11,9,alone,69.400,69.790,RB,7.5468,5.16,4,2.708510
audio12.TextGrid,11,10,when,69.830,69.980,WRB,0.9179,6.37,3,-2.178686
audio12.TextGrid,11,11,the,69.980,70.050,DT,2.8497,7.73,2,1.710732
audio12.TextGrid,11,12,boy,70.050,70.320,NN,5.9987,5.17,2,1.174804
audio12.TextGrid,11,13,had,70.320,70.490,VBD,2.3702,6.33,3,-0.783963
audio12.TextGrid,11,14,left,70.490,70.880,VBN,4.0602,5.62,4,-0.115954
audio12.TextGrid,12,1,but,71.500,71.630,CC,2.1626,6.63,3,-0.559735
audio12.TextGrid,12,2,he,71.630,71.720,PRP,1.4615,6.69,2,-1.174470
audio12.TextGrid,12,3,did,71.720,71.870,VBD,2.6385,5.96,3,-1.048250
audio12.TextGrid,12,4,not,71.870,72.080,RB,0.1319,6.69,3,-2.504070
audio12.TextGrid,12,5,remember,72.080,72.590,VB,1.1613,5.38,7,-3.360316
audio12.TextGrid,13,1,when,73.340,73.480,WRB,3.7922,6.37,3,0.695614
audio12.TextGrid,13,2,he,73.480,73.660,PRP,0.5157,6.69,2,-2.120270
audio12.TextGrid,13,3,and,73.660,73.740,CC,6.1670,7.41,2,4.567416
audio12.TextGrid,13,4,the,73.740,73.810,DT,0.8037,7.73,2,-0.335268
audio12.TextGrid,13,5,boy,73.810,74.080,NN,0.6815,5.17,2,-4.142396
audio12.TextGrid,13,6,fished,74.080,74.360,VBN,9.5631,3.08,4,1.730807
audio12.TextGrid,13,7,together,74.360,74.770,RB,2.0236,5.46,6,-2.382862
audio12.TextGrid,13,8,they,74.770,74.900,PRP,2.6171,6.5,2,-0.292361
audio12.TextGrid,13,9,usually,74.900,75.440,RB,6.3829,5.15,6,1.530216
audio12.TextGrid,13,10,spoke,75.440,75.790,VBD,3.6254,4.61,4,-2.004573
audio12.TextGrid,13,11,only,75.790,76.030,RB,3.3283,6.12,4,-0.128142
audio12.TextGrid,13,12,when,76.030,76.190,WRB,2.2723,6.37,3,-0.824286
audio12.TextGrid,13,13,it,76.190,76.310,PRP,3.7775,6.95,2,1.515780
audio12.TextGrid,13,14,was,76.310,76.450,VBD,0.1643,6.82,3,-2.284545
audio12.TextGrid,13,15,necessary,76.450,77.120,JJ,3.3999,4.91,8,-1.798246
audio12.TextGrid,14,1,they,78.160,78.270,PRP,2.7010,6.5,2,-0.208461
audio12.TextGrid,14,2,talked,78.270,78.590,VBD,2.8988,4.62,4,-2.716779
audio12.TextGrid,14,3,at,78.590,78.720,IN,3.3859,6.7,2,0.764324
audio12.TextGrid,14,4,night,78.720,79.130,NN,1.8264,5.61,3,-2.364149
audio12.TextGrid,14,5,or,79.130,79.240,CC,3.2937,6.54,2,0.441816
audio12.TextGrid,14,6,when,79.240,79.400,WRB,1.4526,6.37,3,-1.643986
audio12.TextGrid,14,7,they,79.400,79.480,PRP,1.1285,6.5,2,-1.780961
audio12.TextGrid,14,8,were,79.480,79.610,VBD,0.8113,6.34,2,-2.328469
audio12.TextGrid,14,9,storm,79.610,80.000,VBN,10.0062,4.66,5,4.448198
audio12.TextGrid,14,10,bound,80.000,80.350,VBN,3.0687,4.46,4,-2.777187
audio12.TextGrid,14,11,by,80.350,80.540,IN,5.0693,6.66,2,2.390147
audio12.TextGrid,14,12,bad,80.540,80.820,JJ,5.2863,5.53,3,0.980597
audio12.TextGrid,14,13,weather,80.820,81.190,NN,0.2174,4.87,4,-5.038323
audio12.TextGrid,15,1,it,81.820,81.920,PRP,3.2672,6.95,2,1.005480
audio12.TextGrid,15,2,was,81.920,82.090,VBD,0.3914,6.82,3,-2.057445
audio12.TextGrid,15,3,considered,82.090,82.550,VBN,6.9693,5.08,8,2.015856
audio12.TextGrid,15,4,a,82.550,82.600,DT,2.0710,7.36,1,0.399445
audio12.TextGrid,15,5,virtue,82.600,83.180,NN,6.7669,3.94,4,0.172512
audio12.TextGrid,15,6,not,83.180,83.400,RB,2.6887,6.69,3,0.052730
audio12.TextGrid,15,7,to,83.400,83.480,TO,0.0200,7.43,2,-1.550796
audio12.TextGrid,15,8,talk,83.480,83.800,VB,1.0867,5.42,3,-3.377339
audio12.TextGrid,15,9,unnecessarily,83.800,84.620,RB,8.4669,3.42,12,1.124011
audio12.TextGrid,15,10,at,84.620,84.730,IN,3.6168,6.7,2,0.995224
audio12.TextGrid,15,11,sea,84.730,85.080,NN,4.9626,5.06,2,-0.019632
audio12.TextGrid,16,1,and,85.660,85.740,CC,2.6045,7.41,2,1.004916
audio12.TextGrid,16,2,the,85.740,85.840,DT,2.7958,7.73,2,1.656832
audio12.TextGrid,16,3,old,85.840,86.030,JJ,1.4374,5.75,3,-2.551629
audio12.TextGrid,16,4,man,86.030,86.200,NN,0.0906,5.82,3,-3.797670
audio12.TextGrid,16,5,had,86.200,86.290,VBD,2.2914,6.33,3,-0.862763
audio12.TextGrid,16,6,always,86.290,86.590,RB,2.8915,5.76,5,-1.083135
audio12.TextGrid,16,7,considered,86.590,87.070,VBN,5.6458,5.08,8,0.692356
audio12.TextGrid,16,8,it,87.070,87.180,PRP,0.8607,6.95,2,-1.401020
audio12.TextGrid,16,9,so,87.180,87.420,RB,5.2001,6.52,2,2.319428
audio12.TextGrid,16,10,and,87.420,87.530,CC,3.0590,7.41,3,1.459416
audio12.TextGrid,16,11,respected,87.530,88.000,VBD,7.6833,4.11,9,1.333614
audio12.TextGrid,16,12,it,88.000,88.210,PRP,0.8283,6.95,2,-1.433420
audio12.TextGrid,17,1,but,88.850,89.020,CC,1.8261,6.63,3,-0.896235
audio12.TextGrid,17,2,now,89.020,89.420,RB,1.8720,6.18,2,-1.498077
audio12.TextGrid,17,3,he,89.540,89.660,PRP,0.9299,6.69,2,-1.706070
audio12.TextGrid,17,4,said,89.660,89.850,VBD,3.6998,6.01,3,0.085021
audio12.TextGrid,17,5,his,89.850,90.010,PRP$,4.6395,6.51,3,1.744434
audio12.TextGrid,17,6,thoughts,90.010,90.310,NNS,4.7081,4.75,4,-0.720354
audio12.TextGrid,17,7,aloud,90.310,90.740,VBP,3.2007,3.51,4,-4.012641
audio12.TextGrid,17,8,many,90.740,90.960,JJ,8.2102,5.91,4,4.451479
audio12.TextGrid,17,9,times,90.960,91.500,NNS,0.1976,5.56,4,-4.064920
audio12.TextGrid,18,1,since,91.940,92.240,IN,6.2765,5.75,4,2.287471
audio12.TextGrid,18,2,there,92.240,92.340,EX,5.6976,6.31,3,2.514649
audio12.TextGrid,18,3,was,92.340,92.540,VBD,0.5357,6.82,3,-1.913145
audio12.TextGrid,18,4,no,92.540,92.700,DT,1.0704,6.35,2,-2.054974
audio12.TextGrid,18,5,one,92.700,92.930,NN,2.6275,6.47,3,-0.325143
audio12.TextGrid,18,6,that,92.930,93.040,IN,4.9751,7.01,3,2.799746
audio12.TextGrid,18,7,they,93.040,93.160,PRP,5.8709,6.5,2,2.961439
audio12.TextGrid,18,8,could,93.160,93.340,MD,0.4683,6.06,3,-3.074508
audio12.TextGrid,18,9,annoy,93.340,93.730,VB,10.0074,3.46,3,2.722088
audio12.TextGrid,19,1,if,96.180,96.340,IN,4.2916,6.47,2,1.338957
audio12.TextGrid,19,2,the,96.340,96.470,DT,3.0302,7.73,2,1.891232
audio12.TextGrid,19,3,others,96.470,96.790,NNS,7.7104,5.42,4,3.246361
audio12.TextGrid,19,4,heard,96.790,97.010,VBD,5.8924,5.27,3,1.212447
audio12.TextGrid,19,5,me,97.010,97.120,PRP,1.4864,6.48,2,-1.451849
audio12.TextGrid,19,6,talking,97.120,97.520,VBG,3.1118,5.29,5,-1.539365
audio12.TextGrid,19,7,out,97.520,97.740,RP,5.1373,6.38,2,2.055108
audio12.TextGrid,19,8,loud,97.740,97.980,NN,1.2688,4.53,3,-4.476327
audio12.TextGrid,19,9,they,97.980,98.060,PRP,2.0334,6.5,2,-0.876061
audio12.TextGrid,19,10,would,98.060,98.220,MD,0.5302,6.27,3,-2.710328
audio12.TextGrid,19,11,think,98.220,98.410,VB,2.5548,6.08,4,-0.959219
audio12.TextGrid,19,12,that,98.410,98.550,IN,2.6407,7.01,3,0.465346
audio12.TextGrid,19,13,i,98.550,98.690,NN,0.3100,7.09,1,-1.750200
audio12.TextGrid,19,14,am,98.690,98.780,VBP,2.2201,5.78,2,-1.725747
audio12.TextGrid,19,15,crazy,98.780,99.340,NN,4.3845,5.07,5,-0.583338
audio12.TextGrid,19,16,he,99.730,99.850,PRP,0.2840,6.69,2,-2.351970
audio12.TextGrid,19,17,said,99.850,100.040,VBD,0.2653,6.01,3,-3.349479
audio12.TextGrid,19,18,aloud,100.040,100.470,NN,2.4028,3.51,4,-4.810541
audio12.TextGrid,20,1,but,101.120,101.270,CC,1.8386,6.63,3,-0.883735
audio12.TextGrid,20,2,since,101.270,101.540,IN,6.3499,5.75,4,2.360871
audio12.TextGrid,20,3,i,101.540,101.660,NN,1.1989,7.09,1,-0.861300
audio12.TextGrid,20,4,am,101.660,101.770,VBP,1.4045,5.78,2,-2.541347
audio12.TextGrid,20,5,not,101.770,101.960,RB,2.0779,6.69,3,-0.558070
audio12.TextGrid,20,6,crazy,101.960,102.510,JJ,2.4583,5.07,5,-2.509538
audio12.TextGrid,20,7,i,102.570,102.690,NNS,1.1614,7.09,1,-0.898800
audio12.TextGrid,20,8,do,102.690,102.800,VBP,2.9233,6.35,2,-0.202074
audio12.TextGrid,20,9,not,102.800,103.020,RB,0.0750,6.69,3,-2.560970
audio12.TextGrid,20,10,care,103.020,103.410,VB,3.1379,5.56,3,-1.124620
audio12.TextGrid,21,1,and,104.120,104.230,CC,4.4806,7.41,2,2.881016
audio12.TextGrid,21,2,the,104.230,104.320,DT,3.3391,7.73,2,2.200132
audio12.TextGrid,21,3,rich,104.320,104.560,JJ,7.9837,4.91,3,2.785554
audio12.TextGrid,21,4,have,104.560,104.740,VBP,3.9262,6.71,3,1.319019
audio12.TextGrid,21,5,radios,104.740,105.290,VBN,13.5666,3.41,6,6.209317
audio12.TextGrid,21,6,to,105.290,105.400,TO,3.2583,7.43,2,1.687504
audio12.TextGrid,21,7,talk,105.400,105.680,VB,2.5121,5.42,3,-1.951939
audio12.TextGrid,21,8,to,105.680,105.800,TO,0.9382,7.43,2,-0.632596
audio12.TextGrid,21,9,them,105.800,105.980,PRP,2.9469,6.19,3,-0.408782
audio12.TextGrid,21,10,in,105.980,106.050,IN,4.2681,7.27,2,2.466996
audio12.TextGrid,21,11,their,106.050,106.200,PRP$,2.5729,6.33,3,-0.581263
audio12.TextGrid,21,12,boats,106.200,106.600,NNS,3.8214,4.25,4,-2.326766
audio12.TextGrid,21,13,and,106.600,106.710,CC,1.9342,7.41,3,0.334616
audio12.TextGrid,21,14,to,106.710,106.780,TO,3.6406,7.43,2,2.069804
audio12.TextGrid,21,15,bring,106.780,106.980,VB,5.4235,5.27,4,0.743547
audio12.TextGrid,21,16,them,106.980,107.100,PRP,0.9569,6.19,3,-2.398782
audio12.TextGrid,21,17,the,107.100,107.170,DT,3.7333,7.73,2,2.594332
audio12.TextGrid,21,18,baseball,107.170,107.830,NN,10.6976,4.54,6,4.966867
audio12.TextGrid,22,1,now,109.740,110.070,RB,4.6365,6.18,2,1.266423
audio12.TextGrid,22,2,is,110.070,110.230,VBZ,7.8813,7.07,2,5.792311
audio12.TextGrid,22,3,no,110.230,110.420,DT,4.1133,6.35,2,0.987926
audio12.TextGrid,22,4,time,110.420,110.700,NN,0.4549,6.29,3,-2.756840
audio12.TextGrid,22,5,to,110.700,110.790,TO,0.7586,7.43,2,-0.812196
audio12.TextGrid,22,6,think,110.790,110.970,VB,3.8393,6.08,4,0.325281
audio12.TextGrid,22,7,of,110.970,111.040,IN,1.8060,7.4,2,0.192022
audio12.TextGrid,22,8,baseball,111.040,111.600,NN,8.4599,4.54,6,2.729167
audio12.TextGrid,22,9,he,111.600,111.740,PRP,1.3700,6.69,2,-1.265970
audio12.TextGrid,22,10,thought,111.740,112.090,VBD,0.5379,5.59,3,-3.681437
audio12.TextGrid,23,1,now,112.570,112.840,RB,3.3540,6.18,2,-0.016077
audio12.TextGrid,23,2,is,112.840,112.970,VBZ,0.5009,7.07,2,-1.588089
audio12.TextGrid,23,3,the,112.970,113.070,DT,2.3393,7.73,2,1.200332
audio12.TextGrid,23,4,time,113.070,113.340,NN,0.1122,6.29,3,-3.099540
audio12.TextGrid,23,5,to,113.340,113.460,TO,0.3324,7.43,2,-1.238396
audio12.TextGrid,23,6,think,113.460,113.640,VB,1.7003,6.08,4,-1.813719
audio12.TextGrid,23,7,of,113.640,113.730,IN,0.3063,7.4,2,-1.307678
audio12.TextGrid,23,8,only,113.730,113.970,RB,7.1954,6.12,4,3.738958
audio12.TextGrid,23,9,one,113.970,114.220,CD,3.1512,6.47,3,0.198557
audio12.TextGrid,23,10,thing,114.220,114.620,NN,0.5859,5.72,3,-3.446312
audio12.TextGrid,24,1,that,115.250,115.510,IN,4.0140,7.01,3,1.838646
audio12.TextGrid,24,2,which,115.510,115.670,WDT,4.1707,6.3,3,0.973354
audio12.TextGrid,24,3,i,115.670,115.760,NN,4.0077,7.09,1,1.947500
audio12.TextGrid,24,4,was,115.760,115.910,VBD,4.1589,6.82,3,1.710055
audio12.TextGrid,24,5,born,115.910,116.230,VBN,5.5265,5.09,4,0.587450
audio12.TextGrid,25,1,for,116.230,116.580,IN,3.3549,7.01,3,1.179546
audio12.TextGrid,25,2,there,117.190,117.320,EX,4.6551,6.31,3,1.472149
audio12.TextGrid,25,3,might,117.320,117.480,MD,5.4490,5.66,3,1.330423
audio12.TextGrid,25,4,be,117.480,117.660,VB,0.2670,6.79,2,-2.225027
audio12.TextGrid,25,5,a,117.660,117.710,DT,1.8076,7.36,1,0.136045
audio12.TextGrid,25,6,big,117.710,117.910,JJ,5.1450,5.67,3,1.040817
audio12.TextGrid,25,7,one,117.910,118.070,CD,3.5661,6.47,3,0.613457
audio12.TextGrid,25,8,around,118.070,118.370,IN,5.8325,5.77,4,1.872259
audio12.TextGrid,25,9,that,118.370,118.550,DT,3.3788,7.01,3,1.203446
audio12.TextGrid,25,10,school,118.550,118.990,NN,5.9253,5.71,4,1.878694
audio12.TextGrid,25,11,he,118.990,119.110,PRP,3.0061,6.69,2,0.370130
audio12.TextGrid,25,12,thought,119.110,119.490,VBD,0.1723,5.59,3,-4.047037
audio12.TextGrid,26,1,i,120.040,120.170,NN,3.3771,7.09,1,1.316900
audio12.TextGrid,26,2,picked,120.170,120.410,VBD,7.5801,4.72,4,2.108463
audio12.TextGrid,26,3,up,120.410,120.520,RP,1.1859,6.39,2,-1.881897
audio12.TextGrid,26,4,only,120.520,120.760,RB,8.9646,6.12,4,5.508158
audio12.TextGrid,26,5,a,120.760,120.800,DT,1.4597,7.36,1,-0.211855
audio12.TextGrid,26,6,straggler,120.800,121.310,NN,12.4635,1.96,7,3.019051
audio12.TextGrid,26,7,from,121.310,121.480,IN,3.9589,6.63,4,1.236565
audio12.TextGrid,26,8,the,121.480,121.590,DT,0.6375,7.73,2,-0.501468
audio12.TextGrid,26,9,albacore,121.590,122.090,NN,11.2772,2.23,7,2.221396
audio12.TextGrid,26,10,that,122.090,122.280,WDT,3.7424,7.01,3,1.567046
audio12.TextGrid,26,11,were,122.280,122.370,VBD,6.2033,6.34,2,3.063531
audio12.TextGrid,26,12,feeding,122.370,122.800,VBG,5.6339,4.28,5,-0.471084
audio12.TextGrid,27,1,but,123.470,123.630,CC,3.9358,6.63,3,1.213465
audio12.TextGrid,27,2,they,123.630,123.710,PRP,3.6122,6.5,2,0.702739
audio12.TextGrid,27,3,are,123.710,123.810,VBP,3.7970,6.74,2,1.233001
audio12.TextGrid,27,4,working,123.810,124.200,VBG,7.0140,5.45,5,2.593143
audio12.TextGrid,27,5,far,124.200,124.530,RB,6.3967,5.5,3,2.047815
audio12.TextGrid,27,6,out,124.530,124.760,RB,4.1649,6.38,2,1.082708
audio12.TextGrid,27,7,and,124.760,124.890,CC,2.7079,7.41,3,1.108316
audio12.TextGrid,27,8,fast,124.890,125.450,RB,6.0981,5.13,4,1.216627
audio12.TextGrid,28,1,everything,126.640,127.090,NN,7.2481,5.54,7,2.956792
audio12.TextGrid,28,2,that,127.090,127.220,WDT,2.8749,7.01,3,0.699546
audio12.TextGrid,28,3,shows,127.220,127.480,VBZ,8.8915,5.23,3,4.153970
audio12.TextGrid,28,4,on,127.480,127.600,IN,4.1966,6.91,2,1.877303
audio12.TextGrid,28,5,the,127.600,127.690,DT,0.5362,7.73,2,-0.602768
audio12.TextGrid,28,6,surface,127.690,128.040,NN,4.0147,4.83,5,-1.298600
audio12.TextGrid,28,7,today,128.040,128.260,NN,7.0424,5.55,4,2.765486
audio12.TextGrid,28,8,travels,128.260,128.690,VBZ,10.8757,4.05,7,4.439649
audio12.TextGrid,28,9,very,128.690,128.960,RB,3.6970,6.0,4,0.067827
audio12.TextGrid,28,10,fast,128.960,129.420,RB,0.9908,5.13,4,-3.890673
audio12.TextGrid,28,11,and,129.420,129.530,CC,1.6575,7.41,3,0.057916
audio12.TextGrid,28,12,to,129.530,129.630,TO,5.6716,7.43,2,4.100804
audio12.TextGrid,28,13,the,129.630,129.720,DT,1.0359,7.73,2,-0.103068
audio12.TextGrid,28,14,north,129.720,129.970,JJ,4.2236,5.34,4,-0.355593
audio12.TextGrid,28,15,east,129.970,130.370,NN,0.7932,5.16,3,-4.045090
audio12.TextGrid,29,1,can,131.110,131.240,MD,7.6977,6.46,3,4.730662
audio12.TextGrid,29,2,that,131.240,131.350,WDT,5.2102,7.01,3,3.034846
audio12.TextGrid,29,3,be,131.350,131.530,VB,1.1358,6.79,2,-1.356227
audio12.TextGrid,29,4,the,131.530,131.650,DT,2.2717,7.73,2,1.132732
audio12.TextGrid,29,5,time,131.650,131.930,NN,5.5288,6.29,3,2.317060
audio12.TextGrid,29,6,of,131.930,132.000,IN,3.2422,7.4,2,1.628222
audio12.TextGrid,29,7,day,132.000,132.350,NN,2.7285,5.95,2,-0.972644
audio12.TextGrid,30,1,or,132.800,132.930,CC,4.4842,6.54,2,1.632316
audio12.TextGrid,30,2,is,132.930,133.050,VBZ,1.9150,7.07,2,-0.173989
audio12.TextGrid,30,3,it,133.050,133.170,PRP,0.7493,6.95,2,-1.512420
audio12.TextGrid,30,4,some,133.170,133.330,DT,4.6708,6.2,3,1.329512
audio12.TextGrid,30,5,sign,133.330,133.600,NN,7.8348,5.08,3,2.881356
audio12.TextGrid,30,6,of,133.600,133.740,IN,0.5602,7.4,2,-1.053778
audio12.TextGrid,30,7,weather,133.740,134.090,NN,5.1400,4.87,4,-0.115723
audio12.TextGrid,30,8,that,134.090,134.230,IN,1.8628,7.01,3,-0.312554
audio12.TextGrid,30,9,i,134.230,134.340,NN,3.1525,7.09,1,1.092300
audio12.TextGrid,30,10,do,134.340,134.450,VBP,4.0293,6.35,2,0.903926
audio12.TextGrid,30,11,not,134.450,134.650,RB,0.0387,6.69,3,-2.597270
audio12.TextGrid,30,12,know,134.700,135.040,VB,1.1413,6.1,2,-2.343931
audio12.TextGrid,31,1,he,136.760,136.860,PRP,2.3365,6.69,2,-0.299470
audio12.TextGrid,31,2,could,136.860,136.990,MD,3.9625,6.06,3,0.419692
audio12.TextGrid,31,3,not,136.990,137.160,RB,0.7657,6.69,3,-1.870270
audio12.TextGrid,31,4,see,137.160,137.340,VB,3.0783,6.1,2,-0.406931
audio12.TextGrid,31,5,the,137.340,137.440,DT,1.3140,7.73,2,0.175032
audio12.TextGrid,31,6,green,137.440,137.740,NN,5.6915,5.13,4,0.810027
audio12.TextGrid,31,7,of,137.740,137.830,IN,2.6735,7.4,2,1.059522
audio12.TextGrid,31,8,the,137.830,137.920,DT,0.1889,7.73,2,-0.950068
audio12.TextGrid,31,9,shore,137.920,138.240,NN,4.6610,4.33,3,-1.372012
audio12.TextGrid,31,10,now,138.240,138.570,RB,5.6934,6.18,2,2.323323
audio12.TextGrid,31,11,but,138.570,138.730,CC,2.1845,6.63,3,-0.537835
audio12.TextGrid,31,12,only,138.730,138.950,RB,5.5635,6.12,4,2.107058
audio12.TextGrid,31,13,the,138.950,139.060,DT,0.9200,7.73,2,-0.218968
audio12.TextGrid,31,14,tops,139.060,139.440,NNS,7.8920,4.07,4,1.484737
audio12.TextGrid,31,15,of,139.440,139.510,IN,0.3259,7.4,2,-1.288078
audio12.TextGrid,31,16,the,139.510,139.600,DT,0.3480,7.73,2,-0.790968
audio12.TextGrid,31,17,blue,139.600,139.920,NN,4.4859,5.13,3,-0.395573
audio12.TextGrid,31,18,hills,139.920,140.300,VBZ,3.4810,4.46,4,-2.364887
audio12.TextGrid,31,19,that,140.300,140.430,IN,2.3880,7.01,3,0.212646
audio12.TextGrid,31,20,showed,140.430,140.750,VBD,6.0340,4.86,3,0.763883
audio12.TextGrid,31,21,white,140.750,141.160,JJ,5.8399,5.51,3,1.505409
audio12.TextGrid,31,22,as,141.160,141.300,IN,2.9499,6.77,2,0.429084
audio12.TextGrid,31,23,though,141.300,141.440,IN,5.9054,5.5,2,1.556515
audio12.TextGrid,31,24,they,141.440,141.530,PRP,1.1409,6.5,2,-1.768561
audio12.TextGrid,31,25,were,141.530,141.650,VBD,0.5229,6.34,2,-2.616869
audio12.TextGrid,31,26,snow,141.650,141.950,VBN,4.7175,4.66,3,-0.840502
audio12.TextGrid,31,27,capped,141.950,142.400,VBN,3.1300,3.67,4,-3.853033
audio12.TextGrid,31,28,and,142.760,142.850,CC,2.2327,7.41,2,0.633116
audio12.TextGrid,31,29,the,142.850,142.930,DT,2.0451,7.73,2,0.906132
audio12.TextGrid,31,30,clouds,142.930,143.450,NN,5.4409,4.16,5,-0.836815
audio12.TextGrid,31,31,that,143.450,143.630,WDT,3.1440,7.01,3,0.968646
audio12.TextGrid,31,32,looked,143.630,143.790,VBD,3.7586,5.11,4,-1.151661
audio12.TextGrid,31,33,like,143.790,144.020,IN,0.7468,6.41,3,-2.292209
audio12.TextGrid,31,34,high,144.020,144.250,JJ,6.7286,5.75,2,2.739571
audio12.TextGrid,31,35,snow,144.250,144.600,NN,4.6809,4.66,3,-0.877102
audio12.TextGrid,31,36,mountains,144.600,145.090,NNS,5.7821,4.5,7,-0.006210
audio12.TextGrid,31,37,above,145.090,145.410,IN,4.9317,5.2,4,0.150987
audio12.TextGrid,31,38,them,145.410,145.680,PRP,2.2091,6.19,3,-1.146582
audio12.TextGrid,32,1,the,146.680,146.790,DT,2.0212,7.73,2,0.882232
audio12.TextGrid,32,2,sea,146.790,147.010,NN,4.3452,5.06,2,-0.637032
audio12.TextGrid,32,3,was,147.010,147.230,VBD,1.2959,6.82,3,-1.152945
audio12.TextGrid,32,4,very,147.230,147.490,RB,3.7810,6.0,4,0.151827
audio12.TextGrid,32,5,dark,147.490,147.900,JJ,3.0831,5.04,4,-1.927921
audio12.TextGrid,32,6,and,147.900,148.010,CC,0.8055,7.41,2,-0.794084
audio12.TextGrid,32,7,the,148.010,148.100,DT,1.3069,7.73,2,0.167932
audio12.TextGrid,32,8,light,148.100,148.370,NN,4.1430,5.33,3,-0.450588
audio12.TextGrid,32,9,made,148.370,148.600,VBD,5.6173,5.92,3,1.872973
audio12.TextGrid,32,10,prisms,148.600,149.110,NNS,13.9831,2.61,7,5.474277
audio12.TextGrid,32,11,in,149.110,149.190,IN,2.9166,7.27,2,1.115496
audio12.TextGrid,32,12,the,149.190,149.260,DT,0.2740,7.73,2,-0.864968
audio12.TextGrid,32,13,water,149.260,149.700,NN,2.8167,5.52,4,-1.503397
audio12.TextGrid,33,1,the,150.490,150.560,DT,1.6641,7.73,2,0.525132
audio12.TextGrid,33,2,myriad,150.560,150.990,NN,12.4603,3.49,6,5.218171
audio12.TextGrid,33,3,flecks,150.990,151.310,NNS,9.1117,2.53,5,0.487723
audio12.TextGrid,33,4,of,151.310,151.390,IN,0.2955,7.4,2,-1.318478
audio12.TextGrid,33,5,the,151.390,151.470,DT,3.3219,7.73,2,2.182932
audio12.TextGrid,33,6,plankton,151.470,152.000,NN,7.1222,3.05,8,-0.753276
audio12.TextGrid,33,7,were,152.000,152.160,VBD,2.3820,6.34,2,-0.757769
audio12.TextGrid,33,8,annulled,152.160,152.570,VBN,14.7263,2.95,5,6.706881
audio12.TextGrid,33,9,now,152.570,152.820,RB,5.5212,6.18,2,2.151123
audio12.TextGrid,33,10,by,152.820,153.000,IN,2.2156,6.66,2,-0.463553
audio12.TextGrid,33,11,the,153.000,153.110,DT,0.4844,7.73,2,-0.654568
audio12.TextGrid,33,12,high,153.110,153.320,JJ,5.7621,5.75,2,1.773071
audio12.TextGrid,33,13,sun,153.320,153.710,NN,4.3536,4.97,3,-0.758181
audio12.TextGrid,33,14,and,154.000,154.140,CC,1.3882,7.41,3,-0.211384
audio12.TextGrid,33,15,it,154.140,154.200,PRP,3.9996,6.95,2,1.737880
audio12.TextGrid,33,16,was,154.200,154.360,VBD,0.8671,6.82,3,-1.581745
audio12.TextGrid,33,17,only,154.360,154.590,RB,4.0826,6.12,4,0.626158
audio12.TextGrid,33,18,the,154.590,154.680,DT,2.6231,7.73,2,1.484132
audio12.TextGrid,33,19,great,154.680,154.960,JJ,5.7381,5.88,4,1.936196
audio12.TextGrid,33,20,deep,154.980,155.180,JJ,6.5468,5.05,3,1.550173
audio12.TextGrid,33,21,prisms,155.210,155.700,NN,8.7939,2.61,7,0.285077
audio12.TextGrid,33,22,in,155.700,155.790,IN,4.0186,7.27,2,2.217496
audio12.TextGrid,33,23,the,155.790,155.860,DT,0.0885,7.73,2,-1.050468
audio12.TextGrid,33,24,blue,155.860,156.030,JJ,3.0816,5.13,3,-1.799873
audio12.TextGrid,33,25,water,156.030,156.550,NN,4.2234,5.52,4,-0.096697
audio12.TextGrid,33,26,that,156.550,156.710,IN,0.2056,7.01,3,-1.969754
audio12.TextGrid,33,27,the,156.710,156.790,DT,4.2696,7.73,2,3.130632
audio12.TextGrid,33,28,old,156.790,157.010,JJ,2.8689,5.75,3,-1.120129
audio12.TextGrid,33,29,man,157.010,157.250,NN,0.0692,5.82,3,-3.819070
audio12.TextGrid,33,30,saw,157.250,157.520,VBD,1.0615,5.34,2,-3.517693
audio12.TextGrid,33,31,now,157.520,157.880,RB,4.4920,6.18,2,1.121923
audio12.TextGrid,33,32,with,158.020,158.150,IN,4.9469,6.85,3,2.541238
audio12.TextGrid,33,33,his,158.150,158.320,PRP$,1.0328,6.51,3,-1.862266
audio12.TextGrid,33,34,lines,158.320,158.800,NNS,9.8331,4.95,4,4.692531
audio12.TextGrid,33,35,going,158.800,159.100,VBG,6.7452,5.94,4,3.029661
audio12.TextGrid,33,36,straight,159.100,159.440,RB,3.4212,5.04,5,-1.589821
audio12.TextGrid,33,37,down,159.480,159.840,RB,2.0553,5.88,3,-1.746604
audio12.TextGrid,33,38,into,159.840,160.000,IN,2.7657,6.11,4,-0.705136
audio12.TextGrid,33,39,the,160.000,160.090,DT,0.0815,7.73,2,-1.057468
audio12.TextGrid,33,40,water,160.090,160.440,NN,1.7933,5.52,4,-2.526797
audio12.TextGrid,33,41,that,160.440,160.630,WDT,4.7996,7.01,3,2.624246
audio12.TextGrid,33,42,was,160.630,160.770,VBD,4.1051,6.82,3,1.656255
audio12.TextGrid,33,43,a,160.770,160.820,DT,4.1004,7.36,1,2.428845
audio12.TextGrid,33,44,mile,160.820,161.200,JJ,7.0570,4.59,3,1.398238
audio12.TextGrid,33,45,deep,161.200,161.530,NN,2.9659,5.05,3,-2.030727
audio12.TextGrid,34,1,the,163.700,163.790,DT,1.7326,7.73,2,0.593632
audio12.TextGrid,34,2,tuna,163.790,164.230,NN,9.1887,3.64,4,2.162485
audio12.TextGrid,34,3,the,164.460,164.550,DT,2.5686,7.73,2,1.429632
audio12.TextGrid,34,4,fishermen,164.550,164.940,NNS,5.5411,3.65,7,-1.470721
audio12.TextGrid,34,5,called,164.940,165.210,VBD,5.6766,5.59,4,1.457263
audio12.TextGrid,34,6,all,165.210,165.350,PDT,6.7553,6.52,2,3.874628
audio12.TextGrid,34,7,the,165.350,165.430,DT,1.7864,7.73,2,0.647432
audio12.TextGrid,34,8,fish,165.430,165.670,NN,3.0245,4.9,3,-2.188040
audio12.TextGrid,34,9,of,165.670,165.730,IN,3.3234,7.4,2,1.709422
audio12.TextGrid,34,10,that,165.730,165.900,DT,3.5581,7.01,3,1.382746
audio12.TextGrid,34,11,species,165.900,166.450,NNS,7.6713,4.85,6,2.386788
audio12.TextGrid,34,12,tuna,166.450,166.740,NN,8.1624,3.64,5,1.136185
audio12.TextGrid,34,13,and,166.740,167.000,CC,2.6892,7.41,3,1.089616
audio12.TextGrid,34,14,only,167.000,167.200,RB,6.6195,6.12,4,3.163058
audio12.TextGrid,34,15,distinguished,167.200,167.760,VBD,11.4663,4.2,11,5.246162
audio12.TextGrid,34,16,among,167.760,168.030,IN,4.7388,5.31,4,0.116424
audio12.TextGrid,34,17,them,168.030,168.150,PRP,0.7154,6.19,3,-2.640282
audio12.TextGrid,34,18,by,168.150,168.310,IN,0.7425,6.66,2,-1.936653
audio12.TextGrid,34,19,their,168.310,168.430,PRP$,0.7448,6.33,3,-2.409363
audio12.TextGrid,34,20,proper,168.430,168.770,JJ,9.2932,4.72,5,3.821563
audio12.TextGrid,34,21,names,168.770,169.160,NNS,2.0521,4.91,4,-3.146046
audio12.TextGrid,34,22,when,169.160,169.270,WRB,6.1909,6.37,3,3.094314
audio12.TextGrid,34,23,they,169.270,169.340,PRP,0.6241,6.5,2,-2.285361
audio12.TextGrid,34,24,came,169.340,169.570,VBD,2.5052,5.5,3,-1.843685
audio12.TextGrid,34,25,to,169.570,169.670,TO,1.7775,7.43,2,0.206704
audio12.TextGrid,34,26,sell,169.670,169.970,VB,7.8756,4.98,3,2.778214
audio12.TextGrid,34,27,them,169.970,170.150,PRP,1.7652,6.19,3,-1.590482
audio12.TextGrid,34,28,or,170.150,170.240,CC,4.2208,6.54,1,1.368916
audio12.TextGrid,34,29,to,170.240,170.350,TO,1.9233,7.43,2,0.352504
audio12.TextGrid,34,30,trade,170.350,170.580,VB,4.4120,5.12,4,-0.483867
audio12.TextGrid,34,31,them,170.580,170.710,PRP,0.4986,6.19,3,-2.857082
audio12.TextGrid,34,32,for,170.710,170.820,IN,1.6197,7.01,2,-0.555654
audio12.TextGrid,34,33,baits,170.820,171.220,NNS,6.7936,2.65,4,-1.657646
audio12.TextGrid,34,34,were,171.920,172.010,VBD,1.9933,6.34,2,-1.146469
audio12.TextGrid,34,35,down,172.010,172.240,RB,7.6968,5.88,3,3.894896
audio12.TextGrid,34,36,again,172.240,172.630,RB,5.6851,5.7,4,1.624100
audio12.TextGrid,35,1,the,173.360,173.460,DT,1.5401,7.73,2,0.401132
audio12.TextGrid,35,2,sun,173.460,173.680,NN,5.9371,4.97,3,0.825319
audio12.TextGrid,35,3,was,173.680,173.880,VBD,1.1211,6.82,3,-1.327745
audio12.TextGrid,35,4,hot,173.880,174.070,JJ,4.7395,5.16,3,-0.098790
audio12.TextGrid,35,5,now,174.120,174.420,RB,2.3669,6.18,2,-1.003177
audio12.TextGrid,35,6,and,174.670,174.750,CC,0.4143,7.41,2,-1.185284
audio12.TextGrid,35,7,the,174.750,174.850,DT,0.8262,7.73,2,-0.312768
audio12.TextGrid,35,8,old,174.850,175.070,JJ,5.2909,5.75,3,1.301871
audio12.TextGrid,35,9,man,175.070,175.360,NN,0.0364,5.82,3,-3.851870
audio12.TextGrid,35,10,felt,175.360,175.590,VBD,3.1807,5.13,4,-1.700773
audio12.TextGrid,35,11,it,175.590,175.680,PRP,3.4285,6.95,2,1.166780
audio12.TextGrid,35,12,on,175.680,175.780,IN,5.1146,6.91,2,2.795303
audio12.TextGrid,35,13,the,175.780,175.850,DT,2.1682,7.73,2,1.029232
audio12.TextGrid,35,14,back,175.850,176.100,NN,2.3194,6.04,3,-1.252196
audio12.TextGrid,35,15,of,176.100,176.180,IN,0.0784,7.4,2,-1.535578
audio12.TextGrid,35,16,his,176.180,176.340,PRP$,0.0563,6.51,3,-2.838766
audio12.TextGrid,35,17,neck,176.340,176.590,NN,1.0640,4.63,3,-4.537185
audio12.TextGrid,36,1,and,177.010,177.090,CC,1.6505,7.41,2,0.050916
audio12.TextGrid,36,2,felt,177.090,177.270,VBD,3.2481,5.13,4,-1.633373
audio12.TextGrid,36,3,the,177.270,177.380,DT,1.7043,7.73,2,0.565332
audio12.TextGrid,36,4,sweat,177.380,177.690,NN,5.5108,4.14,4,-0.795703
audio12.TextGrid,36,5,trickle,177.720,178.010,VBD,5.3337,3.25,6,-2.253891
audio12.TextGrid,36,6,down,178.010,178.230,IN,0.3168,5.88,3,-3.485104
audio12.TextGrid,36,7,his,178.230,178.410,PRP$,0.4620,6.51,3,-2.433066
audio12.TextGrid,36,8,back,178.410,178.750,NN,1.7834,6.04,3,-1.788196
audio12.TextGrid,36,9,as,178.750,178.860,IN,2.8232,6.77,2,0.302384
audio12.TextGrid,36,10,he,178.860,178.950,PRP,0.9976,6.69,2,-1.638370
audio12.TextGrid,36,11,rowed,178.950,179.420,VBD,9.5244,2.78,3,1.260279
audio13.TextGrid,1,1,i,1.240,1.340,NN,4.5723,7.09,1,2.512100
audio13.TextGrid,1,2,could,1.340,1.510,MD,3.1586,6.06,3,-0.384208
audio13.TextGrid,1,3,just,1.510,1.820,RB,6.6076,6.43,4,3.597380
audio13.TextGrid,1,4,drift,1.820,2.230,VB,7.7845,3.82,5,1.017381
audio13.TextGrid,1,5,he,2.230,2.330,PRP,1.1976,6.69,2,-1.438370
audio13.TextGrid,1,6,thought,2.330,2.730,VBD,0.1178,5.59,3,-4.101537
audio13.TextGrid,1,7,and,2.950,3.070,CC,1.5608,7.41,2,-0.038784
audio13.TextGrid,1,8,sleep,3.070,3.560,JJ,6.7346,5.05,4,1.737973
audio13.TextGrid,1,9,and,3.560,3.680,CC,2.9975,7.41,2,1.397916
audio13.TextGrid,1,10,put,3.680,3.890,VBD,6.1004,5.66,3,1.981823
audio13.TextGrid,1,11,a,3.890,3.930,DT,3.4510,7.36,1,1.779445
audio13.TextGrid,1,12,bight,3.930,4.200,NN,12.5916,2.67,3,4.169142
audio13.TextGrid,1,13,of,4.200,4.300,IN,1.4602,7.4,2,-0.153778
audio13.TextGrid,1,14,line,4.300,4.530,NN,9.6547,5.49,3,5.291420
audio13.TextGrid,1,15,around,4.530,4.820,IN,4.7953,5.77,4,0.835059
audio13.TextGrid,1,16,my,4.820,4.980,PRP$,1.6354,6.57,2,-1.173301
audio13.TextGrid,1,17,toe,4.980,5.250,NN,7.6175,4.07,2,1.210237
audio13.TextGrid,1,18,to,5.250,5.310,TO,2.9788,7.43,2,1.408004
audio13.TextGrid,1,19,wake,5.310,5.570,VB,5.3098,4.76,3,-0.104260
audio13.TextGrid,1,20,me,5.580,5.790,PRP,0.5459,6.48,2,-2.392349
audio13.TextGrid,2,1,but,6.830,6.990,CC,2.2223,6.63,3,-0.500035
audio13.TextGrid,2,2,today,6.990,7.260,NN,6.0889,5.55,4,1.811986
audio13.TextGrid,2,3,is,7.260,7.390,VBZ,3.7176,7.07,2,1.628611
audio13.TextGrid,2,4,eighty,7.390,7.670,JJ,11.7678,3.75,3,4.899921
audio13.TextGrid,2,5,five,7.670,7.930,CD,1.2186,5.45,3,-3.202257
audio13.TextGrid,2,6,days,7.930,8.410,NNS,2.1327,5.61,3,-2.057849
audio13.TextGrid,3,1,and,8.820,8.950,CC,1.4025,7.41,3,-0.197084
audio13.TextGrid,3,2,i,8.950,9.050,NN,1.5340,7.09,1,-0.526200
audio13.TextGrid,3,3,should,9.050,9.290,MD,4.9682,5.99,3,1.324633
audio13.TextGrid,3,4,fish,9.310,9.560,VB,8.6747,4.9,3,3.462160
audio13.TextGrid,3,5,the,9.560,9.680,DT,3.6361,7.73,2,2.497132
audio13.TextGrid,3,6,day,9.680,9.880,NN,2.7959,5.95,2,-0.905244
audio13.TextGrid,3,7,well,9.880,10.350,RB,6.3839,6.03,3,2.797910
audio13.TextGrid,4,1,just,12.160,12.390,RB,6.3626,6.43,3,3.352380
audio13.TextGrid,4,2,then,12.390,12.700,RB,1.9820,6.07,3,-1.546413
audio13.TextGrid,4,3,watching,13.080,13.460,VBG,7.4008,5.02,5,2.360991
audio13.TextGrid,4,4,his,13.460,13.630,PRP$,4.2073,6.51,3,1.312234
audio13.TextGrid,4,5,lines,13.630,14.140,NNS,4.3968,4.95,4,-0.743769
audio13.TextGrid,5,1,he,14.590,14.680,PRP,0.9916,6.69,2,-1.644370
audio13.TextGrid,5,2,saw,14.680,14.890,VBD,2.0684,5.34,2,-2.510793
audio13.TextGrid,5,3,one,14.890,15.080,CD,3.6578,6.47,3,0.705157
audio13.TextGrid,5,4,of,15.080,15.150,IN,1.0187,7.4,2,-0.595278
audio13.TextGrid,5,5,the,15.150,15.220,DT,0.3645,7.73,2,-0.774468
audio13.TextGrid,5,6,projecting,15.220,15.740,VBG,11.8586,3.58,9,4.746019
audio13.TextGrid,5,7,green,15.740,16.080,JJ,5.2626,5.13,4,0.381127
audio13.TextGrid,5,8,sticks,16.080,16.670,NNS,8.1552,4.14,5,1.848697
audio13.TextGrid,5,9,dip,16.810,17.090,VBP,9.8929,4.05,3,3.456849
audio13.TextGrid,5,10,sharply,17.090,17.660,RB,5.9984,3.89,6,-0.667959
audio13.TextGrid,6,1,yes,18.810,19.270,RB,5.2778,5.5,3,0.928915
audio13.TextGrid,6,2,he,19.610,19.730,PRP,0.2809,6.69,2,-2.355070
audio13.TextGrid,6,3,said,19.730,20.030,VBD,0.2486,6.01,3,-3.366179
audio13.TextGrid,6,4,yes,20.410,20.860,UH,3.4319,5.5,3,-0.916985
audio13.TextGrid,7,1,and,21.680,21.790,CC,3.2508,7.41,2,1.651216
audio13.TextGrid,7,2,shipped,21.790,22.060,VBD,12.3492,4.03,4,5.884360
audio13.TextGrid,7,3,his,22.060,22.200,PRP$,3.7962,6.51,3,0.901134
audio13.TextGrid,7,4,oars,22.200,22.570,NNS,6.3701,3.01,3,-1.562953
audio13.TextGrid,7,5,without,22.570,22.810,IN,6.9479,5.69,5,2.872505
audio13.TextGrid,7,6,bumping,22.810,23.180,VBG,7.7719,3.29,6,0.241886
audio13.TextGrid,7,7,the,23.180,23.250,DT,2.6921,7.73,2,1.553132
audio13.TextGrid,7,8,boat,23.250,23.630,NN,3.4641,4.71,3,-2.021931
audio13.TextGrid,8,1,he,24.800,24.900,PRP,1.8288,6.69,2,-0.807170
audio13.TextGrid,8,2,reached,24.900,25.210,VBD,6.1106,4.85,4,0.826088
audio13.TextGrid,8,3,out,25.210,25.390,RP,2.2057,6.38,2,-0.876492
audio13.TextGrid,8,4,for,25.390,25.480,IN,3.2344,7.01,2,1.059046
audio13.TextGrid,8,5,the,25.480,25.580,DT,0.7817,7.73,2,-0.357268
audio13.TextGrid,8,6,line,25.580,25.980,NN,3.4648,5.49,3,-0.898480
audio13.TextGrid,8,7,and,25.980,26.140,CC,0.9595,7.41,3,-0.640084
audio13.TextGrid,8,8,held,26.140,26.330,VBD,4.9791,5.24,4,0.255964
audio13.TextGrid,8,9,it,26.330,26.440,PRP,0.2914,6.95,2,-1.970320
audio13.TextGrid,8,10,softly,26.440,26.900,RB,8.6186,3.77,6,1.779510
audio13.TextGrid,8,11,between,26.900,27.240,IN,4.4115,5.77,6,0.451259
audio13.TextGrid,8,12,the,27.240,27.330,DT,2.5323,7.73,2,1.393332
audio13.TextGrid,8,13,thumb,27.330,27.590,NN,4.7180,4.01,3,-1.775628
audio13.TextGrid,8,14,and,27.590,27.700,CC,0.1232,7.41,3,-1.476384
audio13.TextGrid,8,15,forefinger,27.700,28.280,NN,0.4001,2.38,8,-8.439791
audio13.TextGrid,8,16,of,28.280,28.370,IN,2.1505,7.4,2,0.536522
audio13.TextGrid,8,17,his,28.370,28.540,PRP$,0.3575,6.51,3,-2.537566
audio13.TextGrid,8,18,right,28.540,28.770,JJ,1.6159,5.96,3,-2.070850
audio13.TextGrid,8,19,hand,28.770,29.190,NN,0.1940,5.41,4,-4.284434
audio13.TextGrid,9,1,he,30.220,30.330,PRP,2.0482,6.69,2,-0.587770
audio13.TextGrid,9,2,felt,30.330,30.570,VBD,2.8804,5.13,4,-2.001073
audio13.TextGrid,9,3,no,30.570,30.740,DT,4.7414,6.35,2,1.616026
audio13.TextGrid,9,4,strain,30.740,31.230,NN,5.8894,4.15,5,-0.402709
audio13.TextGrid,9,5,nor,31.230,31.400,CC,6.1819,4.78,3,0.796629
audio13.TextGrid,9,6,weight,31.400,31.790,NN,7.5197,5.02,3,2.479891
audio13.TextGrid,10,1,and,32.440,32.530,CC,2.3097,7.41,2,0.710116
audio13.TextGrid,10,2,he,32.530,32.630,PRP,2.6656,6.69,2,0.029630
audio13.TextGrid,10,3,held,32.630,32.820,VBD,4.5673,5.24,4,-0.155836
audio13.TextGrid,10,4,the,32.820,32.900,DT,1.6061,7.73,2,0.467132
audio13.TextGrid,10,5,line,32.900,33.180,NN,0.7663,5.49,3,-3.596980
audio13.TextGrid,10,6,lightly,33.180,33.700,RB,5.4795,3.96,5,-1.086100
audio13.TextGrid,11,1,then,34.530,34.690,RB,2.2769,6.07,3,-1.251513
audio13.TextGrid,11,2,it,34.690,34.770,PRP,4.3562,6.95,2,2.094480
audio13.TextGrid,11,3,came,34.770,35.000,VBD,2.7386,5.5,3,-1.610285
audio13.TextGrid,11,4,again,35.000,35.400,RB,4.9077,5.7,4,0.846700
audio13.TextGrid,12,1,this,36.270,36.480,DT,4.1153,6.82,3,1.666455
audio13.TextGrid,12,2,time,36.480,36.820,NN,0.0822,6.29,3,-3.129540
audio13.TextGrid,12,3,it,36.820,36.930,PRP,1.4745,6.95,2,-0.787220
audio13.TextGrid,12,4,was,36.930,37.040,VBD,0.6761,6.82,3,-1.772745
audio13.TextGrid,12,5,a,37.040,37.110,DT,2.0312,7.36,1,0.359645
audio13.TextGrid,12,6,tentative,37.110,37.510,JJ,10.9701,3.45,7,3.670394
audio13.TextGrid,12,7,pull,37.510,37.900,NN,4.3671,4.82,3,-0.960594
audio13.TextGrid,12,8,not,38.050,38.240,RB,3.8148,6.69,3,1.178830
audio13.TextGrid,12,9,solid,38.240,38.640,JJ,8.2138,4.73,5,2.756557
audio13.TextGrid,12,10,nor,38.640,38.820,CC,5.0477,4.78,3,-0.337571
audio13.TextGrid,12,11,heavy,38.820,39.200,JJ,4.6956,4.96,4,-0.430575
audio13.TextGrid,12,12,and,39.480,39.600,CC,2.2801,7.41,2,0.680516
audio13.TextGrid,12,13,he,39.600,39.700,PRP,1.2370,6.69,2,-1.398970
audio13.TextGrid,12,14,knew,39.700,39.880,VBD,4.0985,5.2,3,-0.682213
audio13.TextGrid,12,15,exactly,39.880,40.390,RB,4.3790,5.15,8,-0.473684
audio13.TextGrid,12,16,what,40.390,40.540,WP,0.8644,6.38,3,-2.217792
audio13.TextGrid,12,17,it,40.540,40.680,PRP,1.5686,6.95,2,-0.693120
audio13.TextGrid,12,18,was,40.680,41.070,VBD,0.3848,6.82,3,-2.064045
audio13.TextGrid,12,19,one,42.070,42.250,CD,5.3734,6.47,3,2.420757
audio13.TextGrid,12,20,hundred,42.250,42.570,NN,5.7053,4.71,7,0.219269
audio13.TextGrid,12,21,fathoms,42.570,42.990,NNS,7.3714,2.49,6,-1.310154
audio13.TextGrid,12,22,down,42.990,43.380,RP,3.5767,5.88,3,-0.225204
audio13.TextGrid,12,23,a,43.380,43.450,DT,4.4255,7.36,1,2.753945
audio13.TextGrid,12,24,marlin,43.450,43.980,NN,12.3183,3.01,6,4.385247
audio13.TextGrid,12,25,was,43.980,44.230,VBD,3.4472,6.82,3,0.998355
audio13.TextGrid,12,26,eating,44.230,44.510,VBG,8.7346,4.85,4,3.450088
audio13.TextGrid,12,27,the,44.510,44.600,DT,1.9820,7.73,2,0.843032
audio13.TextGrid,12,28,sardines,44.600,45.340,NNS,8.3256,2.93,7,0.277393
audio13.TextGrid,12,29,that,45.340,45.480,WDT,2.7180,7.01,3,0.542646
audio13.TextGrid,12,30,covered,45.480,45.780,VBD,6.0044,4.83,5,0.691100
audio13.TextGrid,12,31,the,45.780,45.860,DT,0.4455,7.73,2,-0.693468
audio13.TextGrid,12,32,point,45.860,46.300,NN,8.3413,5.54,4,4.049992
audio13.TextGrid,12,33,and,46.300,46.390,CC,4.1676,7.41,2,2.568016
audio13.TextGrid,12,34,the,46.390,46.490,DT,2.0094,7.73,2,0.870432
audio13.TextGrid,12,35,shank,46.490,46.880,NN,10.7081,3.07,4,2.861412
audio13.TextGrid,12,36,of,46.880,46.970,IN,1.3425,7.4,2,-0.271478
audio13.TextGrid,12,37,the,46.970,47.070,DT,0.5516,7.73,2,-0.587368
audio13.TextGrid,12,38,hook,47.070,47.420,NN,4.8290,4.37,3,-1.146435
audio13.TextGrid,12,39,where,47.420,47.520,WRB,5.6073,6.0,3,1.978127
audio13.TextGrid,12,40,the,47.520,47.580,DT,0.6585,7.73,2,-0.480468
audio13.TextGrid,12,41,hand,47.580,47.900,NN,5.9950,5.41,4,1.516566
audio13.TextGrid,12,42,forged,47.900,48.340,VBD,8.7825,3.72,5,1.871438
audio13.TextGrid,12,43,hook,48.340,48.500,NN,2.8757,4.37,3,-3.099735
audio13.TextGrid,12,44,projected,48.530,49.030,VBN,11.6195,3.99,9,5.097083
audio13.TextGrid,12,45,from,49.030,49.200,IN,3.4730,6.63,3,0.750665
audio13.TextGrid,12,46,the,49.200,49.270,DT,0.7680,7.73,2,-0.370968
audio13.TextGrid,12,47,head,49.270,49.550,NN,4.7623,5.51,3,0.427809
audio13.TextGrid,12,48,of,49.550,49.630,IN,1.3229,7.4,2,-0.291078
audio13.TextGrid,12,49,the,49.630,49.730,DT,0.1682,7.73,2,-0.970768
audio13.TextGrid,12,50,small,49.730,50.060,JJ,6.6810,5.51,4,2.346509
audio13.TextGrid,12,51,tuna,50.060,50.410,NN,5.6346,3.64,4,-1.391615
audio13.TextGrid,13,1,the,52.100,52.220,DT,1.6557,7.73,2,0.516732
audio13.TextGrid,13,2,old,52.220,52.420,JJ,3.5535,5.75,3,-0.435529
audio13.TextGrid,13,3,man,52.420,52.660,NN,0.0510,5.82,3,-3.837270
audio13.TextGrid,13,4,held,52.660,52.890,VBD,4.4954,5.24,4,-0.227736
audio13.TextGrid,13,5,the,52.890,52.970,DT,1.0409,7.73,2,-0.098068
audio13.TextGrid,13,6,line,52.970,53.260,NN,0.3008,5.49,3,-4.062480
audio13.TextGrid,13,7,delicately,53.260,53.980,RB,6.2957,3.05,9,-1.579776
audio13.TextGrid,13,8,and,54.290,54.470,CC,2.0320,7.41,3,0.432416
audio13.TextGrid,13,9,softly,54.470,55.060,RB,8.4159,3.77,6,1.576810
audio13.TextGrid,13,10,with,55.060,55.230,IN,2.9731,6.85,3,0.567438
audio13.TextGrid,13,11,his,55.230,55.390,PRP$,0.9704,6.51,3,-1.924666
audio13.TextGrid,13,12,left,55.390,55.640,JJ,2.4317,5.62,4,-1.744454
audio13.TextGrid,13,13,hand,55.640,56.030,NN,0.1727,5.41,4,-4.305734
audio13.TextGrid,13,14,unleashed,56.030,56.490,VBD,11.6613,3.47,6,4.390382
audio13.TextGrid,13,15,it,56.490,56.600,PRP,2.0935,6.95,2,-0.168220
audio13.TextGrid,13,16,from,56.600,56.770,IN,3.4830,6.63,4,0.760665
audio13.TextGrid,13,17,the,56.770,56.830,DT,0.5173,7.73,2,-0.621668
audio13.TextGrid,13,18,stick,56.830,57.230,NN,6.2933,4.76,4,0.879240
audio13.TextGrid,14,1,now,58.170,58.440,RB,4.9214,6.18,2,1.551323
audio13.TextGrid,14,2,he,58.440,58.540,PRP,2.1111,6.69,2,-0.524870
audio13.TextGrid,14,3,could,58.540,58.690,MD,2.7478,6.06,3,-0.795008
audio13.TextGrid,14,4,let,58.690,58.840,VB,6.7701,5.6,3,2.565157
audio13.TextGrid,14,5,it,58.840,58.970,PRP,1.7006,6.95,2,-0.561120
audio13.TextGrid,14,6,run,58.970,59.190,VB,3.9457,5.49,3,-0.417580
audio13.TextGrid,14,7,through,59.190,59.360,IN,3.1402,5.87,3,-0.676098
audio13.TextGrid,14,8,his,59.360,59.550,PRP$,1.6575,6.51,3,-1.237566
audio13.TextGrid,14,9,fingers,59.550,60.100,NNS,1.5829,4.5,6,-4.205410
audio13.TextGrid,14,10,without,60.100,60.330,IN,3.1795,5.69,5,-0.895895
audio13.TextGrid,14,11,the,60.330,60.450,DT,3.4581,7.73,2,2.319132
audio13.TextGrid,14,12,fish,60.450,60.770,JJ,5.2120,4.9,3,-0.000540
audio13.TextGrid,14,13,feeling,60.770,61.100,NN,3.6062,5.13,5,-1.275273
audio13.TextGrid,14,14,any,61.100,61.270,DT,1.8746,6.07,3,-1.653813
audio13.TextGrid,14,15,tension,61.270,61.840,NN,4.8854,4.22,6,-1.305949
audio13.TextGrid,15,1,this,63.250,63.470,DT,4.1110,6.82,3,1.662155
audio13.TextGrid,15,2,far,63.470,63.730,RB,7.8759,5.5,3,3.527015
audio13.TextGrid,15,3,out,63.730,64.070,IN,3.1078,6.38,2,0.025608
audio13.TextGrid,15,4,he,64.260,64.350,PRP,1.8510,6.69,2,-0.784970
audio13.TextGrid,15,5,must,64.350,64.550,MD,5.7237,5.68,4,1.633911
audio13.TextGrid,15,6,be,64.550,64.730,VB,2.2462,6.79,2,-0.245827
audio13.TextGrid,15,7,huge,64.730,65.310,JJ,9.3360,5.06,4,4.353768
audio13.TextGrid,15,8,in,65.310,65.410,IN,3.6343,7.27,2,1.833196
audio13.TextGrid,15,9,this,65.410,65.600,DT,3.0531,6.82,3,0.604255
audio13.TextGrid,15,10,month,65.600,65.910,NN,8.4650,5.25,4,3.756258
audio13.TextGrid,15,11,he,65.980,66.130,PRP,1.3087,6.69,2,-1.327270
audio13.TextGrid,15,12,thought,66.130,66.530,VBD,0.1799,5.59,3,-4.039437
audio13.TextGrid,16,1,eat,67.290,67.450,VB,9.9172,5.13,2,5.035727
audio13.TextGrid,16,2,them,67.450,67.720,PRP,4.2855,6.19,3,0.929818
audio13.TextGrid,16,3,fish,67.720,68.100,JJ,4.1951,4.9,3,-1.017440
audio13.TextGrid,16,4,eat,68.520,68.650,VB,2.3220,5.13,2,-2.559473
audio13.TextGrid,16,5,them,68.650,68.950,PRP,0.5477,6.19,3,-2.807982
audio13.TextGrid,17,1,please,69.470,70.020,VB,7.4871,5.66,4,3.368523
audio13.TextGrid,17,2,eat,70.020,70.350,VB,2.4227,5.13,2,-2.458773
audio13.TextGrid,17,3,them,70.350,70.560,PRP,0.2152,6.19,3,-3.140482
audio13.TextGrid,17,4,how,71.490,71.610,WRB,5.8955,6.24,2,2.611789
audio13.TextGrid,17,5,fresh,71.610,72.060,JJ,9.8284,4.83,4,4.515100
audio13.TextGrid,17,6,they,72.090,72.270,PRP,2.8710,6.5,2,-0.038461
audio13.TextGrid,17,7,are,72.270,72.580,VBP,0.8950,6.74,2,-1.668999
audio13.TextGrid,17,8,and,72.950,73.070,CC,3.3613,7.41,3,1.761716
audio13.TextGrid,17,9,you,73.070,73.300,PRP,5.9227,6.98,2,3.704163
audio13.TextGrid,17,10,down,73.300,73.690,RP,11.5820,5.88,3,7.780096
audio13.TextGrid,17,11,there,73.690,73.900,RB,2.0653,6.31,3,-1.117651
audio13.TextGrid,17,12,six,73.900,74.170,CD,9.4266,5.29,4,4.775435
audio13.TextGrid,17,13,hundred,74.170,74.500,VBD,1.9387,4.71,7,-3.547331
audio13.TextGrid,17,14,feet,74.550,74.770,NNS,2.2486,4.99,3,-2.834392
audio13.TextGrid,17,15,in,74.770,74.860,IN,2.8021,7.27,2,1.000996
audio13.TextGrid,17,16,that,74.860,75.010,DT,4.6400,7.01,3,2.464646
audio13.TextGrid,17,17,cold,75.010,75.350,JJ,4.8533,5.02,4,-0.186509
audio13.TextGrid,17,18,water,75.350,75.660,NN,2.6917,5.52,4,-1.628397
audio13.TextGrid,17,19,in,75.660,75.750,IN,4.8196,7.27,2,3.018496
audio13.TextGrid,17,20,the,75.750,75.830,DT,0.5681,7.73,2,-0.570868
audio13.TextGrid,17,21,dark,75.830,76.270,NN,4.0990,5.04,4,-0.912021
audio13.TextGrid,18,1,make,76.830,77.040,VB,7.0207,6.08,3,3.506681
audio13.TextGrid,18,2,another,77.040,77.330,DT,6.8495,5.74,5,2.846077
audio13.TextGrid,18,3,turn,77.330,77.660,NN,5.0603,5.32,3,0.452318
audio13.TextGrid,18,4,in,77.660,77.760,IN,3.7361,7.27,2,1.934996
audio13.TextGrid,18,5,the,77.760,77.830,DT,0.5171,7.73,2,-0.621868
audio13.TextGrid,18,6,dark,77.830,78.210,NN,3.9792,5.04,4,-1.031821
audio13.TextGrid,18,7,and,78.210,78.290,CC,0.8837,7.41,2,-0.715884
audio13.TextGrid,18,8,come,78.290,78.540,VB,4.7287,5.78,3,0.782853
audio13.TextGrid,18,9,back,78.540,78.810,RB,0.9567,6.04,3,-2.614896
audio13.TextGrid,18,10,and,78.920,79.220,CC,3.5140,7.41,3,1.914416
audio13.TextGrid,18,11,eat,79.220,79.370,VB,2.2195,5.13,2,-2.661973
audio13.TextGrid,18,12,them,79.410,79.710,PRP,0.7742,6.19,3,-2.581482
audio13.TextGrid,19,1,he,81.490,81.600,PRP,2.8163,6.69,2,0.180330
audio13.TextGrid,19,2,felt,81.600,81.790,VBD,3.5469,5.13,4,-1.334573
audio13.TextGrid,19,3,the,81.790,81.900,DT,1.7701,7.73,2,0.631132
audio13.TextGrid,19,4,light,81.900,82.100,JJ,5.5392,5.33,3,0.945612
audio13.TextGrid,19,5,delicate,82.100,82.560,NN,11.5820,4.01,7,5.088372
audio13.TextGrid,19,6,pulling,82.560,82.980,NN,7.5725,4.35,5,1.568276
audio13.TextGrid,19,7,and,83.120,83.240,CC,4.8080,7.41,2,3.208416
audio13.TextGrid,19,8,then,83.240,83.370,RB,3.8279,6.07,3,0.299487
audio13.TextGrid,19,9,a,83.370,83.400,DT,3.8737,7.36,1,2.202145
audio13.TextGrid,19,10,harder,83.400,83.780,NN,9.2586,4.57,5,3.571050
audio13.TextGrid,19,11,pull,83.780,84.140,NN,1.2664,4.82,3,-4.061294
audio13.TextGrid,19,12,when,84.140,84.280,WRB,5.3095,6.37,3,2.212914
audio13.TextGrid,19,13,a,84.280,84.340,DT,4.0822,7.36,1,2.410645
audio13.TextGrid,19,14,sardine,84.340,84.830,NN,7.5255,2.66,6,-0.911352
audio13.TextGrid,19,15,s,84.830,84.920,JJ,4.4639,5.86,1,0.633207
audio13.TextGrid,19,16,head,84.920,85.160,NN,2.2563,5.51,3,-2.078191
audio13.TextGrid,19,17,must,85.160,85.330,MD,7.5561,5.68,4,3.466311
audio13.TextGrid,19,18,have,85.330,85.420,VB,1.0346,6.71,3,-1.572581
audio13.TextGrid,19,19,been,85.420,85.580,VBN,1.7062,6.27,3,-1.534328
audio13.TextGrid,19,20,more,85.580,85.750,RBR,6.3938,6.36,3,3.282820
audio13.TextGrid,19,21,difficult,85.750,86.230,JJ,5.5460,5.07,8,0.578162
audio13.TextGrid,19,22,to,86.230,86.300,TO,0.4006,7.43,2,-1.170196
audio13.TextGrid,19,23,break,86.300,86.570,VB,4.9314,5.18,4,0.121899
audio13.TextGrid,19,24,from,86.570,86.760,IN,4.5452,6.63,3,1.822865
audio13.TextGrid,19,25,the,86.760,86.860,DT,0.6208,7.73,2,-0.518168
audio13.TextGrid,19,26,hook,86.860,87.220,NN,2.8605,4.37,3,-3.114935
audio13.TextGrid,20,1,then,88.080,88.240,RB,3.0071,6.07,3,-0.521313
audio13.TextGrid,20,2,there,88.240,88.330,EX,4.0694,6.31,3,0.886449
audio13.TextGrid,20,3,was,88.330,88.520,VBD,0.3899,6.82,3,-2.058945
audio13.TextGrid,20,4,nothing,88.520,88.900,NN,3.7050,5.55,5,-0.571914
audio13.TextGrid,21,1,come,90.370,90.570,VBN,5.0561,5.78,3,1.110253
audio13.TextGrid,21,2,on,90.570,90.930,IN,1.1931,6.91,2,-1.126197
audio13.TextGrid,21,3,the,91.210,91.340,DT,3.0114,7.73,2,1.872432
audio13.TextGrid,21,4,old,91.340,91.540,JJ,0.2599,5.75,3,-3.729129
audio13.TextGrid,21,5,man,91.540,91.770,NN,0.0069,5.82,3,-3.881370
audio13.TextGrid,21,6,said,91.770,91.970,VBD,0.2369,6.01,3,-3.377879
audio13.TextGrid,21,7,aloud,91.970,92.400,JJ,5.0487,3.51,4,-2.164641
audio13.TextGrid,22,1,make,93.060,93.280,VB,5.9140,6.08,3,2.399981
audio13.TextGrid,22,2,another,93.280,93.570,DT,0.8463,5.74,5,-3.157123
audio13.TextGrid,22,3,turn,93.570,94.090,NN,0.1930,5.32,3,-4.414982
audio13.TextGrid,22,4,just,94.790,95.210,RB,4.9799,6.43,4,1.969680
audio13.TextGrid,22,5,smell,95.210,95.700,VB,10.1608,4.49,4,4.358096
audio13.TextGrid,22,6,them,95.700,96.000,PRP,2.0880,6.19,3,-1.267682
audio13.TextGrid,22,7,aren,96.740,96.990,RP,9.4770,2.81,4,1.256062
audio13.TextGrid,23,1,t,96.990,97.090,NN,0.0002,5.43,1,-4.449445
audio13.TextGrid,23,2,they,97.090,97.210,PRP,0.7387,6.5,2,-2.170761
audio13.TextGrid,23,3,lovely,97.210,97.780,RB,5.9136,4.74,5,0.470752
audio13.TextGrid,23,4,eat,98.500,98.670,VBP,4.8547,5.13,2,-0.026773
audio13.TextGrid,23,5,them,98.670,98.890,PRP,0.1648,6.19,3,-3.190882
audio13.TextGrid,23,6,good,98.890,99.180,JJ,7.9257,6.12,3,4.469258
audio13.TextGrid,23,7,now,99.180,99.530,RB,5.1927,6.18,2,1.822623
audio13.TextGrid,24,1,and,99.940,100.020,CC,1.5711,7.41,2,-0.028484
audio13.TextGrid,24,2,then,100.020,100.350,RB,1.6287,6.07,3,-1.899713
audio13.TextGrid,24,3,there,100.350,100.490,EX,8.4277,6.31,3,5.244749
audio13.TextGrid,24,4,is,100.490,100.630,VBZ,1.6302,7.07,2,-0.458789
audio13.TextGrid,24,5,the,100.630,100.730,DT,3.7468,7.73,2,2.607832
audio13.TextGrid,24,6,tuna,100.730,101.210,JJ,6.0661,3.64,4,-0.960115
audio13.TextGrid,24,7,hard,101.740,102.280,NN,8.1841,5.53,4,3.878397
audio13.TextGrid,24,8,and,102.280,102.430,CC,3.1388,7.41,2,1.539216
audio13.TextGrid,24,9,cold,102.430,102.880,NN,4.7235,5.02,4,-0.316309
audio13.TextGrid,24,10,and,102.880,103.010,CC,1.5619,7.41,2,-0.037684
audio13.TextGrid,24,11,lovely,103.010,103.560,RB,6.7296,4.74,5,1.286752
audio13.TextGrid,25,1,don,104.320,104.520,NN,3.3511,4.6,3,-2.293268
audio13.TextGrid,25,2,t,104.520,104.570,NN,0.0008,5.43,1,-4.448845
audio13.TextGrid,25,3,be,104.570,104.700,VB,3.0868,6.79,2,0.594773
audio13.TextGrid,25,4,shy,104.700,105.050,JJ,4.5560,4.16,2,-1.721715
audio13.TextGrid,25,5,fish,105.050,105.430,NN,3.8381,4.9,3,-1.374440
audio13.TextGrid,26,1,eat,105.910,106.030,VB,2.1333,5.13,2,-2.748173
audio13.TextGrid,26,2,them,106.030,106.370,PRP,0.2716,6.19,3,-3.084082
audio13.TextGrid,26,3,he,109.040,109.150,PRP,1.6609,6.69,2,-0.975070
audio13.TextGrid,26,4,waited,109.150,109.480,VBD,5.5449,4.26,5,-0.588872
audio13.TextGrid,26,5,with,109.480,109.600,IN,4.3837,6.85,3,1.978038
audio13.TextGrid,26,6,the,109.600,109.690,DT,2.2532,7.73,2,1.114232
audio13.TextGrid,26,7,line,109.690,109.980,NN,1.8449,5.49,3,-2.518380
audio13.TextGrid,26,8,between,109.980,110.280,IN,4.4149,5.77,6,0.454659
audio13.TextGrid,26,9,his,110.280,110.440,PRP$,0.3782,6.51,3,-2.516866
audio13.TextGrid,26,10,thumb,110.440,110.700,NN,1.3932,4.01,3,-5.100428
audio13.TextGrid,26,11,and,110.700,110.820,CC,0.0146,7.41,3,-1.584984
audio13.TextGrid,26,12,his,110.820,111.000,PRP$,5.1916,6.51,3,2.296534
audio13.TextGrid,26,13,finger,111.000,111.390,NN,6.3084,4.48,5,0.491301
audio13.TextGrid,26,14,watching,111.590,111.970,VBG,4.7520,5.02,5,-0.287809
audio13.TextGrid,26,15,it,111.970,112.200,PRP,2.4836,6.95,2,0.221880
audio13.TextGrid,26,16,and,112.200,112.290,CC,4.1559,7.41,2,2.556316
audio13.TextGrid,26,17,the,112.290,112.420,DT,3.8300,7.73,2,2.691032
audio13.TextGrid,26,18,other,112.420,112.600,JJ,4.0389,6.16,3,0.640035
audio13.TextGrid,26,19,lines,112.600,112.930,NNS,3.8315,4.95,4,-1.309069
audio13.TextGrid,26,20,at,112.930,112.990,IN,5.5099,6.7,2,2.888324
audio13.TextGrid,26,21,the,112.990,113.080,DT,1.3998,7.73,2,0.260832
audio13.TextGrid,26,22,same,113.080,113.340,JJ,0.8391,5.8,3,-3.077958
audio13.TextGrid,26,23,time,113.340,113.790,NN,0.0645,6.29,3,-3.147240
audio13.TextGrid,26,24,for,113.790,113.930,IN,4.1139,7.01,2,1.938546
audio13.TextGrid,26,25,the,113.930,114.030,DT,1.7812,7.73,2,0.642232
audio13.TextGrid,26,26,fish,114.030,114.270,NN,2.5962,4.9,3,-2.616340
audio13.TextGrid,26,27,might,114.270,114.430,MD,7.9007,5.66,3,3.782123
audio13.TextGrid,26,28,have,114.430,114.550,VB,2.9077,6.71,3,0.300519
audio13.TextGrid,26,29,swum,114.550,114.840,VBN,9.6508,2.43,4,0.882881
audio13.TextGrid,26,30,up,114.840,115.010,RP,2.8256,6.39,2,-0.242197
audio13.TextGrid,26,31,or,115.010,115.110,CC,3.7245,6.54,2,0.872616
audio13.TextGrid,26,32,down,115.110,115.580,IN,0.5495,5.88,3,-3.252404
audio13.TextGrid,27,1,then,116.500,116.760,RB,2.1396,6.07,3,-1.388813
audio13.TextGrid,27,2,came,116.760,117.070,VBD,5.4363,5.5,3,1.087415
audio13.TextGrid,27,3,the,117.070,117.140,DT,0.8683,7.73,2,-0.270668
audio13.TextGrid,27,4,same,117.140,117.570,JJ,4.5806,5.8,3,0.663542
audio13.TextGrid,27,5,delicate,117.570,118.090,NN,8.7302,4.01,7,2.236572
audio13.TextGrid,27,6,pulling,118.130,118.480,VBG,3.7073,4.35,5,-2.296924
audio13.TextGrid,27,7,touch,118.480,118.810,NN,10.5513,4.91,3,5.353154
audio13.TextGrid,27,8,again,118.810,119.130,RB,3.1140,5.7,4,-0.947000
audio13.TextGrid,28,1,he,119.130,119.210,PRP,5.9661,6.69,2,3.330130
audio13.TextGrid,28,2,ll,121.090,121.220,MD,4.1025,4.66,2,-1.455502
audio13.TextGrid,28,3,take,121.220,121.510,VB,3.6832,5.92,3,-0.061127
audio13.TextGrid,28,4,it,121.510,121.780,PRP,2.2200,6.95,2,-0.041720
audio13.TextGrid,28,5,the,122.070,122.170,DT,1.1898,7.73,2,0.050832
audio13.TextGrid,28,6,old,122.170,122.360,JJ,0.1928,5.75,3,-3.796229
audio13.TextGrid,28,7,man,122.360,122.580,NN,0.0059,5.82,3,-3.882370
audio13.TextGrid,28,8,said,122.580,122.770,VBD,0.1056,6.01,3,-3.509179
audio13.TextGrid,28,9,aloud,122.770,123.170,JJ,2.6532,3.51,4,-4.560141
audio13.TextGrid,29,1,god,124.040,124.390,NN,7.3622,5.57,3,3.114074
audio13.TextGrid,29,2,help,124.390,124.650,VBZ,2.5214,5.75,4,-1.467629
audio13.TextGrid,29,3,him,124.650,124.760,PRP,0.8583,6.11,2,-2.612536
audio13.TextGrid,29,4,to,124.760,124.890,TO,4.5638,7.43,2,2.993004
audio13.TextGrid,29,5,take,124.890,125.160,VB,2.0756,5.92,3,-1.668727
audio13.TextGrid,29,6,it,125.160,125.370,PRP,0.1331,6.95,2,-2.128620
audio13.TextGrid,30,1,he,126.930,127.070,PRP,1.7997,6.69,2,-0.836270
audio13.TextGrid,30,2,did,127.070,127.210,VBD,3.6093,5.96,3,-0.077450
audio13.TextGrid,30,3,not,127.210,127.460,RB,0.2028,6.69,3,-2.433170
audio13.TextGrid,30,4,take,127.460,127.600,VB,3.4655,5.92,3,-0.278827
audio13.TextGrid,30,5,it,127.600,127.690,PRP,0.4412,6.95,2,-1.820520
audio13.TextGrid,31,1,though,127.690,127.940,IN,5.9350,5.5,2,1.586115
audio13.TextGrid,31,2,he,128.340,128.450,PRP,1.1157,6.69,2,-1.520270
audio13.TextGrid,31,3,was,128.450,128.630,VBD,2.6166,6.82,3,0.167755
audio13.TextGrid,31,4,gone,128.630,129.050,VBN,6.3214,5.17,3,1.497504
audio13.TextGrid,31,5,and,129.290,129.400,CC,2.3285,7.41,2,0.728916
audio13.TextGrid,31,6,the,129.400,129.500,DT,1.8455,7.73,2,0.706532
audio13.TextGrid,31,7,old,129.500,129.690,JJ,1.6727,5.75,3,-2.316329
audio13.TextGrid,31,8,man,129.690,129.900,NN,0.0304,5.82,3,-3.857870
audio13.TextGrid,31,9,felt,129.900,130.160,VBD,3.9597,5.13,4,-0.921773
audio13.TextGrid,31,10,nothing,130.160,130.610,NN,3.4731,5.55,5,-0.803814
audio13.TextGrid,32,1,he,132.080,132.180,PRP,3.0877,6.69,2,0.451730
audio13.TextGrid,32,2,can,132.180,132.400,MD,3.7092,6.46,3,0.742162
audio13.TextGrid,32,3,t,132.400,132.430,VB,1.2235,5.43,1,-3.226145
audio13.TextGrid,32,4,have,132.430,132.530,VB,4.4370,6.71,3,1.829819
audio13.TextGrid,32,5,gone,132.530,132.900,VBN,5.3038,5.17,3,0.479904
audio13.TextGrid,32,6,he,133.230,133.360,PRP,0.5338,6.69,2,-2.102170
audio13.TextGrid,32,7,said,133.360,133.670,VBD,0.5816,6.01,3,-3.033179
audio13.TextGrid,33,1,christ,134.180,134.660,NN,9.0980,4.79,5,3.727123
audio13.TextGrid,33,2,knows,134.660,135.040,VBZ,6.0981,5.07,3,1.130262
audio13.TextGrid,33,3,he,135.040,135.120,PRP,2.1922,6.69,2,-0.443770
audio13.TextGrid,33,4,can,135.120,135.330,MD,1.6937,6.46,3,-1.273338
audio13.TextGrid,33,5,t,135.330,135.360,VB,0.7116,5.43,1,-3.738045
audio13.TextGrid,33,6,have,135.360,135.450,VB,0.9721,6.71,3,-1.635081
audio13.TextGrid,33,7,gone,135.450,135.820,VBN,0.2364,5.17,3,-4.587496
audio13.TextGrid,34,1,he,136.430,136.550,PRP,0.9828,6.69,2,-1.653170
audio13.TextGrid,34,2,s,136.550,136.590,VBD,1.6879,5.86,1,-2.142793
audio13.TextGrid,34,3,making,136.590,136.900,VBG,6.8802,5.54,5,2.588892
audio13.TextGrid,34,4,a,136.900,136.960,DT,1.4297,7.36,1,-0.241855
audio13.TextGrid,34,5,turn,136.960,137.500,NN,5.4572,5.32,3,0.849218
audio13.TextGrid,35,1,maybe,138.330,138.650,RB,5.3639,5.45,4,0.943043
audio13.TextGrid,35,2,he,138.650,138.780,PRP,0.6704,6.69,2,-1.965570
audio13.TextGrid,35,3,has,138.780,138.930,VBZ,3.8488,6.37,3,0.752214
audio13.TextGrid,35,4,been,138.930,139.100,VBN,3.4574,6.27,3,0.216872
audio13.TextGrid,35,5,hooked,139.100,139.320,VBN,8.2690,3.92,4,1.645823
audio13.TextGrid,35,6,before,139.320,139.800,IN,4.2079,5.93,5,0.477967
audio13.TextGrid,35,7,and,139.800,139.900,CC,2.0409,7.41,3,0.441316
audio13.TextGrid,35,8,he,139.900,140.010,PRP,1.4332,6.69,2,-1.202770
audio13.TextGrid,35,9,remembers,140.010,140.580,VBZ,7.5281,3.93,8,0.919318
audio13.TextGrid,35,10,something,140.580,140.960,NN,4.3883,5.81,6,0.485636
audio13.TextGrid,35,11,of,140.960,141.090,IN,3.6493,7.4,2,2.035322
audio13.TextGrid,35,12,it,141.090,141.260,PRP,1.3633,6.95,2,-0.898420
audio13.TextGrid,36,1,then,143.500,143.730,RB,4.2898,6.07,3,0.761387
audio13.TextGrid,36,2,he,143.730,143.850,PRP,0.6760,6.69,2,-1.959970
audio13.TextGrid,36,3,felt,143.850,144.030,VBD,8.0325,5.13,4,3.151027
audio13.TextGrid,36,4,the,144.030,144.140,DT,1.6735,7.73,2,0.534532
audio13.TextGrid,36,5,gentle,144.140,144.450,JJ,6.6195,4.17,6,0.356180
audio13.TextGrid,36,6,touch,144.450,144.750,NN,2.9944,4.91,3,-2.203746
audio13.TextGrid,36,7,on,144.750,144.850,IN,2.0576,6.91,2,-0.261697
audio13.TextGrid,36,8,the,144.850,144.920,DT,0.7924,7.73,2,-0.346568
audio13.TextGrid,36,9,line,144.920,145.340,NN,2.1911,5.49,3,-2.172180
audio13.TextGrid,36,10,and,145.610,145.720,CC,1.2381,7.41,2,-0.361484
audio13.TextGrid,36,11,he,145.720,145.810,PRP,2.2332,6.69,2,-0.402770
audio13.TextGrid,36,12,was,145.810,145.960,VBD,3.2329,6.82,3,0.784055
audio13.TextGrid,36,13,happy,145.960,146.440,JJ,4.9333,5.35,4,0.368501
audio13.TextGrid,37,1,it,147.410,147.560,PRP,3.7003,6.95,2,1.438580
audio13.TextGrid,37,2,was,147.560,147.670,VBD,2.7103,6.82,3,0.261455
audio13.TextGrid,37,3,only,147.670,147.910,RB,4.4376,6.12,4,0.981158
audio13.TextGrid,37,4,his,147.910,148.110,PRP$,4.5768,6.51,3,1.681734
audio13.TextGrid,37,5,turn,148.110,148.590,NN,1.0196,5.32,3,-3.588382
audio13.TextGrid,37,6,he,148.850,148.970,PRP,0.4907,6.69,2,-2.145270
audio13.TextGrid,37,7,said,148.970,149.310,VBD,0.2648,6.01,3,-3.349979
audio13.TextGrid,37,8,he,149.310,149.390,PRP,2.3285,6.69,2,-0.307470
audio13.TextGrid,37,9,ll,149.770,149.880,MD,2.8368,4.66,2,-2.721202
audio13.TextGrid,37,10,take,149.880,150.190,VB,0.7999,5.92,3,-2.944427
audio13.TextGrid,37,11,it,150.190,150.390,PRP,0.1278,6.95,2,-2.133920
audio13.TextGrid,38,1,he,152.250,152.360,PRP,1.7477,6.69,2,-0.888270
audio13.TextGrid,38,2,was,152.360,152.500,VBD,2.5082,6.82,3,0.059355
audio13.TextGrid,38,3,happy,152.500,152.880,JJ,4.2551,5.35,4,-0.309699
audio13.TextGrid,38,4,feeling,152.880,153.220,VBG,9.2060,5.13,5,4.324527
audio13.TextGrid,38,5,the,153.220,153.280,DT,1.5347,7.73,2,0.395732
audio13.TextGrid,38,6,gentle,153.280,153.590,JJ,4.0118,4.17,6,-2.251520
audio13.TextGrid,38,7,pulling,153.590,154.040,NN,7.8211,4.35,5,1.816876
audio13.TextGrid,38,8,and,154.380,154.470,CC,2.3031,7.41,2,0.703516
audio13.TextGrid,38,9,then,154.470,154.620,RB,1.4682,6.07,3,-2.060213
audio13.TextGrid,38,10,he,154.620,154.740,PRP,1.6916,6.69,2,-0.944370
audio13.TextGrid,38,11,felt,154.740,154.950,VBD,1.1341,5.13,4,-3.747373
audio13.TextGrid,38,12,something,154.950,155.270,NN,3.2476,5.81,6,-0.655064
audio13.TextGrid,38,13,hard,155.270,155.750,JJ,4.1897,5.53,4,-0.116003
audio13.TextGrid,38,14,and,155.750,156.000,CC,1.4213,7.41,3,-0.178284
audio13.TextGrid,38,15,unbelievably,156.000,156.740,RB,10.6137,3.42,11,3.270811
audio13.TextGrid,38,16,heavy,156.740,157.120,JJ,3.7745,4.96,4,-1.351675
audio13.TextGrid,39,1,it,158.120,158.230,PRP,2.6101,6.95,2,0.348380
audio13.TextGrid,39,2,was,158.230,158.480,VBD,0.6059,6.82,3,-1.842945
audio13.TextGrid,39,3,the,158.480,158.550,DT,1.9278,7.73,2,0.788832
audio13.TextGrid,39,4,weight,158.550,158.830,NN,3.6429,5.02,3,-1.396909
audio13.TextGrid,39,5,of,158.830,158.910,IN,0.3727,7.4,2,-1.241278
audio13.TextGrid,39,6,the,158.910,159.010,DT,0.8932,7.73,2,-0.245768
audio13.TextGrid,39,7,fish,159.010,159.420,NN,2.4846,4.9,3,-2.727940
audio13.TextGrid,39,8,and,159.680,159.810,CC,1.9564,7.41,2,0.356816
audio13.TextGrid,39,9,he,159.810,159.890,PRP,1.8595,6.69,2,-0.776470
audio13.TextGrid,39,10,let,159.890,160.050,VB,6.2414,5.6,3,2.036457
audio13.TextGrid,39,11,the,160.050,160.140,DT,2.4015,7.73,2,1.262532
audio13.TextGrid,39,12,line,160.140,160.410,NN,1.3411,5.49,3,-3.022180
audio13.TextGrid,39,13,slip,160.410,160.710,VBP,3.8511,4.28,4,-2.253884
audio13.TextGrid,39,14,down,160.730,161.340,RP,3.5143,5.88,3,-0.287604
audio13.TextGrid,39,15,down,161.450,161.960,RB,4.8033,5.88,3,1.001396
audio13.TextGrid,40,1,down,162.410,162.900,RB,0.4092,5.88,3,-3.392704
audio13.TextGrid,40,2,unrolling,163.240,163.910,VBG,12.7720,1.94,7,3.298762
audio13.TextGrid,40,3,off,163.910,164.130,RP,6.1307,5.93,2,2.400767
audio13.TextGrid,40,4,the,164.130,164.270,DT,0.9258,7.73,2,-0.213168
audio13.TextGrid,40,5,first,164.270,164.590,JJ,6.7878,6.11,4,3.316964
audio13.TextGrid,40,6,of,164.590,164.660,IN,3.5510,7.4,2,1.937022
audio13.TextGrid,40,7,the,164.660,164.750,DT,0.4630,7.73,2,-0.675968
audio13.TextGrid,40,8,two,164.750,164.890,CD,3.6492,6.1,2,0.163969
audio13.TextGrid,40,9,reserve,164.890,165.320,NN,11.1559,4.6,5,5.511532
audio13.TextGrid,41,1,coils,165.320,165.820,NNS,8.7482,3.36,4,1.318946
audio13.TextGrid,41,2,as,165.820,165.880,IN,4.8692,6.77,2,2.348384
audio13.TextGrid,41,3,it,167.000,167.170,PRP,2.4146,6.95,2,0.152880
audio13.TextGrid,41,4,went,167.170,167.400,VBD,2.6315,5.5,4,-1.717385
audio13.TextGrid,41,5,down,167.400,167.860,RB,2.1333,5.88,3,-1.668604
audio13.TextGrid,41,6,slipping,167.860,168.280,VBG,9.6444,3.69,6,2.690156
audio13.TextGrid,41,7,lightly,168.280,168.700,RB,8.3412,3.96,5,1.775600
audio13.TextGrid,41,8,through,168.700,168.860,IN,3.5252,5.87,3,-0.291098
audio13.TextGrid,41,9,the,168.860,169.000,DT,0.2699,7.73,2,-0.869068
audio13.TextGrid,41,10,old,169.000,169.180,JJ,5.9341,5.75,3,1.945071
audio13.TextGrid,41,11,man,169.180,169.400,NN,0.1425,5.82,3,-3.745770
audio13.TextGrid,41,12,s,169.400,169.490,VBZ,0.0618,5.86,1,-3.768893
audio13.TextGrid,41,13,fingers,169.490,169.920,NNS,1.0727,4.5,6,-4.715610
audio13.TextGrid,42,1,he,169.990,170.050,PRP,1.6894,6.69,2,-0.946570
audio13.TextGrid,42,2,still,170.470,170.690,RB,6.7349,5.92,4,2.990573
audio13.TextGrid,42,3,could,170.690,171.070,MD,3.7457,6.06,3,0.202892
audio13.TextGrid,42,4,feel,171.070,171.310,VB,1.6898,5.67,3,-2.414383
audio13.TextGrid,42,5,the,171.310,171.410,DT,0.5727,7.73,2,-0.566268
audio13.TextGrid,42,6,great,171.410,171.800,JJ,5.8778,5.88,4,2.075896
audio13.TextGrid,42,7,weight,171.800,172.160,NN,2.0553,5.02,3,-2.984509
audio13.TextGrid,43,1,though,172.610,172.750,IN,5.1355,5.5,2,0.786615
audio13.TextGrid,43,2,the,172.750,172.840,DT,2.4464,7.73,2,1.307432
audio13.TextGrid,43,3,pressure,172.840,173.210,NN,3.8796,5.01,5,-1.174604
audio13.TextGrid,43,4,of,173.210,173.300,IN,1.8753,7.4,2,0.261322
audio13.TextGrid,43,5,his,173.300,173.450,PRP$,2.9001,6.51,3,0.005034
audio13.TextGrid,43,6,thumb,173.450,173.660,NN,3.6907,4.01,3,-2.802928
audio13.TextGrid,43,7,and,173.660,173.780,CC,2.1077,7.41,3,0.508116
audio13.TextGrid,43,8,finger,173.780,174.100,NN,3.7035,4.48,5,-2.113599
audio13.TextGrid,43,9,were,174.100,174.320,VBD,4.5303,6.34,2,1.390531
audio13.TextGrid,43,10,almost,174.320,174.720,RB,4.1651,5.39,6,-0.342122
audio13.TextGrid,43,11,imperceptible,174.720,175.530,JJ,4.3757,2.49,12,-4.305854
audio13.TextGrid,44,1,what,177.000,177.160,WP,4.1076,6.38,3,1.025408
audio13.TextGrid,44,2,a,177.160,177.220,DT,2.8932,7.36,1,1.221645
audio13.TextGrid,44,3,fish,177.220,177.740,NN,3.4196,4.9,3,-1.792940
audio13.TextGrid,44,4,he,177.990,178.110,PRP,0.4090,6.69,2,-2.226970
audio13.TextGrid,44,5,said,178.110,178.490,VBD,0.7183,6.01,3,-2.896479
audio13.TextGrid,45,1,he,179.080,179.190,PRP,3.5425,6.69,2,0.906530
audio13.TextGrid,45,2,has,179.190,179.380,VBZ,3.3156,6.37,3,0.219014
audio13.TextGrid,45,3,it,179.380,179.500,PRP,4.3329,6.95,2,2.071180
audio13.TextGrid,45,4,sideways,179.500,180.060,VBZ,10.2307,3.54,6,3.060542
audio13.TextGrid,45,5,in,180.060,180.160,IN,2.9025,7.27,2,1.101396
audio13.TextGrid,45,6,his,180.160,180.310,PRP$,0.9574,6.51,3,-1.937666
audio13.TextGrid,45,7,mouth,180.310,180.670,NN,1.9345,4.83,3,-3.378800
audio13.TextGrid,45,8,now,180.670,180.980,RB,3.5206,6.18,2,0.150523
audio13.TextGrid,46,1,and,181.430,181.530,CC,1.7268,7.41,2,0.127216
audio13.TextGrid,46,2,he,181.530,181.630,PRP,1.2082,6.69,2,-1.427770
audio13.TextGrid,46,3,is,181.630,181.730,VBZ,3.2024,7.07,2,1.113411
audio13.TextGrid,46,4,moving,181.730,182.010,VBG,4.8064,5.02,5,-0.233409
audio13.TextGrid,46,5,off,182.010,182.260,RP,5.8855,5.93,2,2.155567
audio13.TextGrid,46,6,with,182.260,182.380,IN,3.8880,6.85,3,1.482338
audio13.TextGrid,46,7,it,182.380,182.620,PRP,0.7705,6.95,2,-1.491220
audio14.TextGrid,1,1,then,1.320,1.530,RB,3.0278,6.07,3,-0.500613
audio14.TextGrid,1,2,he,1.530,1.630,PRP,0.8710,6.69,2,-1.764970
audio14.TextGrid,1,3,will,1.630,1.790,MD,7.7234,6.45,3,4.741968
audio14.TextGrid,1,4,turn,1.790,2.180,VB,5.3187,5.32,3,0.710718
audio14.TextGrid,1,5,and,2.180,2.290,CC,1.8945,7.41,2,0.294916
audio14.TextGrid,1,6,swallow,2.290,2.730,VB,5.0867,3.87,5,-1.608448
audio14.TextGrid,1,7,it,2.730,2.900,PRP,1.0663,6.95,2,-1.195420
audio14.TextGrid,1,8,he,2.990,3.110,PRP,1.3880,6.69,2,-1.247970
audio14.TextGrid,1,9,thought,3.110,3.470,VBD,1.3686,5.59,3,-2.850737
audio14.TextGrid,2,1,he,4.380,4.490,PRP,1.8648,6.69,2,-0.771170
audio14.TextGrid,2,2,did,4.490,4.620,VBD,3.6665,5.96,3,-0.020250
audio14.TextGrid,2,3,not,4.620,4.810,RB,0.2297,6.69,3,-2.406270
audio14.TextGrid,2,4,say,4.810,5.070,VB,4.5730,5.89,2,0.785490
audio14.TextGrid,2,5,that,5.070,5.240,IN,2.3189,7.01,3,0.143546
audio14.TextGrid,2,6,because,5.240,5.660,IN,4.1607,6.03,5,0.574710
audio14.TextGrid,2,7,he,5.660,5.790,PRP,0.5619,6.69,2,-2.074070
audio14.TextGrid,2,8,knew,5.790,6.030,VBD,1.9072,5.2,3,-2.873513
audio14.TextGrid,2,9,that,6.030,6.180,IN,1.7359,7.01,3,-0.439454
audio14.TextGrid,2,10,if,6.180,6.290,IN,3.2534,6.47,2,0.300757
audio14.TextGrid,2,11,you,6.290,6.390,PRP,4.6946,6.98,2,2.476063
audio14.TextGrid,2,12,said,6.390,6.610,VBD,5.6134,6.01,3,1.998621
audio14.TextGrid,2,13,a,6.610,6.660,DT,6.0351,7.36,1,4.363545
audio14.TextGrid,2,14,good,6.660,6.940,JJ,3.6262,6.12,3,0.169758
audio14.TextGrid,2,15,thing,6.940,7.240,NN,1.3176,5.72,3,-2.714612
audio14.TextGrid,2,16,it,7.240,7.380,PRP,3.0548,6.95,2,0.793080
audio14.TextGrid,2,17,might,7.380,7.630,MD,2.8536,5.66,3,-1.264977
audio14.TextGrid,2,18,not,7.630,7.810,RB,2.9779,6.69,3,0.341930
audio14.TextGrid,2,19,happen,7.810,8.240,VB,1.7226,5.19,5,-3.072507
audio14.TextGrid,3,1,he,9.000,9.120,PRP,1.3069,6.69,2,-1.329070
audio14.TextGrid,3,2,knew,9.120,9.290,VBD,2.4545,5.2,3,-2.326213
audio14.TextGrid,3,3,what,9.290,9.600,WP,3.7319,6.38,3,0.649708
audio14.TextGrid,3,4,a,9.600,9.630,DT,2.7523,7.36,1,1.080745
audio14.TextGrid,3,5,huge,9.630,10.020,JJ,8.0049,5.06,3,3.022668
audio14.TextGrid,3,6,fish,10.020,10.320,NN,0.7104,4.9,3,-4.502140
audio14.TextGrid,3,7,this,10.320,10.590,DT,4.3675,6.82,3,1.918655
audio14.TextGrid,3,8,was,10.590,11.010,VBD,0.9604,6.82,3,-1.488445
audio14.TextGrid,3,9,and,11.150,11.280,CC,1.5391,7.41,3,-0.060484
audio14.TextGrid,3,10,he,11.280,11.350,PRP,0.9363,6.69,2,-1.699670
audio14.TextGrid,3,11,thought,11.350,11.580,VBD,3.4964,5.59,3,-0.722937
audio14.TextGrid,3,12,of,11.580,11.710,IN,3.1324,7.4,2,1.518422
audio14.TextGrid,3,13,him,11.710,11.900,PRP,3.9620,6.11,2,0.491164
audio14.TextGrid,3,14,moving,11.900,12.210,VBG,7.5850,5.02,5,2.545191
audio14.TextGrid,3,15,away,12.210,12.520,RB,3.2146,5.62,3,-0.961554
audio14.TextGrid,3,16,in,12.520,12.620,IN,4.0227,7.27,2,2.221596
audio14.TextGrid,3,17,the,12.620,12.690,DT,1.2826,7.73,2,0.143632
audio14.TextGrid,3,18,darkness,12.690,13.250,NN,2.7027,4.3,7,-3.373495
audio14.TextGrid,3,19,with,13.250,13.380,IN,3.0606,6.85,3,0.654938
audio14.TextGrid,3,20,the,13.380,13.440,DT,1.1678,7.73,2,0.028832
audio14.TextGrid,3,21,tuna,13.440,13.730,NN,4.0382,3.64,4,-2.988015
audio14.TextGrid,3,22,held,13.730,14.030,VBD,8.5523,5.24,4,3.829164
audio14.TextGrid,3,23,crosswise,14.030,14.640,NN,9.1576,2.21,7,0.073007
audio14.TextGrid,3,24,in,14.640,14.750,IN,1.9484,7.27,2,0.147296
audio14.TextGrid,3,25,his,14.750,14.890,PRP$,0.1907,6.51,3,-2.704366
audio14.TextGrid,3,26,mouth,14.890,15.260,NN,0.6729,4.83,3,-4.640400
audio14.TextGrid,4,1,at,15.260,15.330,IN,5.5776,6.7,2,2.956024
audio14.TextGrid,4,2,that,16.370,16.670,DT,2.1639,7.01,3,-0.011454
audio14.TextGrid,4,3,moment,16.670,17.030,NN,0.3118,5.24,6,-4.411336
audio14.TextGrid,4,4,he,17.030,17.120,PRP,1.0720,6.69,2,-1.563970
audio14.TextGrid,4,5,felt,17.120,17.320,VBD,1.7275,5.13,4,-3.153973
audio14.TextGrid,4,6,him,17.320,17.430,PRP,4.6989,6.11,2,1.228064
audio14.TextGrid,4,7,stop,17.430,17.730,VB,6.0569,5.52,4,1.736803
audio14.TextGrid,4,8,moving,17.770,18.150,VBG,2.7433,5.02,5,-2.296509
audio14.TextGrid,4,9,but,18.510,18.620,CC,5.0014,6.63,3,2.279065
audio14.TextGrid,4,10,the,18.620,18.690,DT,2.6912,7.73,2,1.552232
audio14.TextGrid,4,11,weight,18.690,18.960,NN,3.3098,5.02,3,-1.730009
audio14.TextGrid,4,12,was,18.960,19.060,VBD,1.9885,6.82,3,-0.460345
audio14.TextGrid,4,13,still,19.060,19.400,RB,1.2753,5.92,4,-2.469027
audio14.TextGrid,4,14,there,19.400,19.690,EX,0.7469,6.31,3,-2.436051
audio14.TextGrid,5,1,then,20.510,20.680,RB,3.2665,6.07,3,-0.261913
audio14.TextGrid,5,2,the,20.680,20.750,DT,1.6386,7.73,2,0.499632
audio14.TextGrid,5,3,weight,20.750,20.970,NN,3.4284,5.02,3,-1.611409
audio14.TextGrid,5,4,increased,20.970,21.630,VBD,6.6309,4.91,7,1.432754
audio14.TextGrid,5,5,and,21.630,21.730,CC,1.1421,7.41,2,-0.457484
audio14.TextGrid,5,6,he,21.730,21.830,PRP,1.1903,6.69,2,-1.445670
audio14.TextGrid,5,7,gave,21.830,22.120,VBD,5.5476,5.25,3,0.838858
audio14.TextGrid,5,8,more,22.120,22.530,JJR,5.5051,6.36,3,2.394120
audio14.TextGrid,5,9,line,22.530,22.720,NN,8.7602,5.49,3,4.396920
audio14.TextGrid,6,1,he,23.420,23.510,PRP,1.8130,6.69,2,-0.822970
audio14.TextGrid,6,2,tightened,23.510,23.890,VBD,8.6877,3.29,6,1.157686
audio14.TextGrid,6,3,the,23.890,23.960,DT,1.3216,7.73,2,0.182632
audio14.TextGrid,6,4,pressure,23.960,24.380,NN,5.6979,5.01,5,0.643696
audio14.TextGrid,6,5,of,24.380,24.460,IN,2.0264,7.4,2,0.412422
audio14.TextGrid,6,6,his,24.460,24.620,PRP$,0.3426,6.51,3,-2.552466
audio14.TextGrid,6,7,thumb,24.620,24.820,NN,0.4086,4.01,3,-6.085028
audio14.TextGrid,6,8,and,24.820,24.930,CC,0.3320,7.41,3,-1.267584
audio14.TextGrid,6,9,finger,24.930,25.250,NN,1.3059,4.48,5,-4.511199
audio14.TextGrid,6,10,for,25.250,25.390,IN,5.3510,7.01,2,3.175646
audio14.TextGrid,6,11,a,25.390,25.440,DT,0.9162,7.36,1,-0.755355
audio14.TextGrid,6,12,moment,25.440,25.810,NN,0.7845,5.24,6,-3.938636
audio14.TextGrid,6,13,and,25.960,26.050,CC,0.8786,7.41,2,-0.720984
audio14.TextGrid,6,14,the,26.050,26.110,DT,2.6999,7.73,2,1.560932
audio14.TextGrid,6,15,weight,26.110,26.330,NN,2.4294,5.02,3,-2.610409
audio14.TextGrid,6,16,increased,26.330,26.900,VBD,3.4272,4.91,7,-1.770946
audio14.TextGrid,6,17,and,26.900,27.010,CC,1.8479,7.41,2,0.248316
audio14.TextGrid,6,18,was,27.010,27.180,VBD,6.2888,6.82,3,3.839955
audio14.TextGrid,6,19,going,27.180,27.500,VBG,4.5831,5.94,4,0.867561
audio14.TextGrid,6,20,straight,27.500,27.850,RB,4.9861,5.04,5,-0.024921
audio14.TextGrid,6,21,down,27.890,28.350,RP,1.0751,5.88,3,-2.726804
audio14.TextGrid,7,1,he,29.660,29.780,PRP,2.3753,6.69,2,-0.260670
audio14.TextGrid,7,2,s,29.780,29.870,VBZ,1.7527,5.86,1,-2.077993
audio14.TextGrid,7,3,taken,29.870,30.200,VBN,5.7032,5.33,5,1.109612
audio14.TextGrid,7,4,it,30.200,30.420,PRP,0.3105,6.95,2,-1.951220
audio14.TextGrid,7,5,he,30.570,30.670,PRP,0.5679,6.69,2,-2.068070
audio14.TextGrid,7,6,said,30.670,30.990,VBD,0.1140,6.01,3,-3.500779
audio14.TextGrid,8,1,now,31.670,31.830,RB,4.5491,6.18,2,1.179023
audio14.TextGrid,8,2,i,31.830,31.860,VBZ,3.1055,7.09,1,1.045300
audio14.TextGrid,8,3,ll,31.860,32.010,VBP,2.3289,4.66,1,-3.229102
audio14.TextGrid,8,4,let,32.010,32.410,VB,4.6534,5.6,3,0.448457
audio14.TextGrid,8,5,him,32.410,32.560,PRP,0.7811,6.11,2,-2.689736
audio14.TextGrid,8,6,eat,32.610,32.780,VB,2.8388,5.13,2,-2.042673
audio14.TextGrid,8,7,it,32.780,32.950,PRP,0.1785,6.95,2,-2.083220
audio14.TextGrid,8,8,well,32.950,33.370,RB,7.3731,6.03,3,3.787110
audio14.TextGrid,9,1,he,34.760,34.870,PRP,1.5024,6.69,2,-1.133570
audio14.TextGrid,9,2,let,34.870,35.010,VBD,4.8716,5.6,3,0.666657
audio14.TextGrid,9,3,the,35.010,35.130,DT,0.9097,7.73,2,-0.229268
audio14.TextGrid,9,4,line,35.130,35.420,NN,0.6539,5.49,3,-3.709380
audio14.TextGrid,9,5,slip,35.420,35.690,NN,2.5125,4.28,4,-3.592484
audio14.TextGrid,9,6,through,35.690,35.880,IN,3.1357,5.87,3,-0.680598
audio14.TextGrid,9,7,his,35.880,36.020,PRP$,1.0153,6.51,3,-1.879766
audio14.TextGrid,9,8,fingers,36.020,36.560,NNS,0.1428,4.5,6,-5.645510
audio14.TextGrid,9,9,while,36.560,36.740,IN,6.4165,5.86,3,2.585807
audio14.TextGrid,9,10,he,36.740,36.850,PRP,1.0499,6.69,2,-1.586070
audio14.TextGrid,9,11,reached,36.850,37.200,VBD,6.1055,4.85,4,0.820988
audio14.TextGrid,9,12,down,37.200,37.470,RP,2.1671,5.88,3,-1.634804
audio14.TextGrid,9,13,with,37.470,37.600,IN,3.2573,6.85,3,0.851638
audio14.TextGrid,9,14,his,37.600,37.770,PRP$,0.4671,6.51,3,-2.427966
audio14.TextGrid,9,15,left,37.770,38.030,JJ,1.3398,5.62,4,-2.836354
audio14.TextGrid,9,16,hand,38.030,38.420,NN,0.0626,5.41,4,-4.415834
audio14.TextGrid,9,17,and,38.690,38.890,CC,0.8285,7.41,3,-0.771084
audio14.TextGrid,9,18,made,38.890,39.210,VBD,5.1396,5.92,3,1.395273
audio14.TextGrid,9,19,fast,39.210,39.590,VB,7.6611,5.13,4,2.779627
audio14.TextGrid,9,20,the,39.590,39.700,DT,3.4033,7.73,2,2.264332
audio14.TextGrid,9,21,free,39.700,40.060,JJ,7.5616,5.63,3,3.399840
audio14.TextGrid,9,22,end,40.060,40.310,NN,3.7602,5.68,3,-0.329589
audio14.TextGrid,9,23,of,40.310,40.410,IN,0.4069,7.4,2,-1.207078
audio14.TextGrid,9,24,the,40.410,40.510,DT,0.2967,7.73,2,-0.842268
audio14.TextGrid,9,25,two,40.510,40.680,CD,5.7224,6.1,2,2.237169
audio14.TextGrid,9,26,reserve,40.680,41.090,NN,0.3808,4.6,5,-5.263568
audio14.TextGrid,9,27,coils,41.090,41.640,NNS,0.0854,3.36,4,-7.343854
audio14.TextGrid,9,28,to,41.640,41.740,TO,4.0291,7.43,2,2.458304
audio14.TextGrid,9,29,the,41.740,41.840,DT,2.1013,7.73,2,0.962332
audio14.TextGrid,9,30,loop,41.840,42.080,NN,9.1794,4.29,3,3.088811
audio14.TextGrid,9,31,of,42.080,42.150,IN,1.1383,7.4,2,-0.475678
audio14.TextGrid,9,32,the,42.150,42.270,DT,0.4654,7.73,2,-0.673568
audio14.TextGrid,9,33,two,42.270,42.460,CD,5.0062,6.1,2,1.520969
audio14.TextGrid,9,34,reserve,42.460,42.850,NN,0.9552,4.6,5,-4.689168
audio14.TextGrid,9,35,coils,42.850,43.280,NNS,0.3070,3.36,4,-7.122254
audio14.TextGrid,9,36,of,43.280,43.360,IN,4.4101,7.4,2,2.796122
audio14.TextGrid,9,37,the,43.360,43.460,DT,0.4186,7.73,2,-0.720368
audio14.TextGrid,9,38,next,43.460,43.780,JJ,6.7010,5.7,5,2.640000
audio14.TextGrid,9,39,line,43.780,44.150,NN,0.9893,5.49,3,-3.373980
audio14.TextGrid,10,1,now,44.890,45.130,RB,3.8475,6.18,2,0.477423
audio14.TextGrid,10,2,he,45.130,45.250,PRP,1.0415,6.69,2,-1.594470
audio14.TextGrid,10,3,was,45.250,45.410,VBD,2.0021,6.82,3,-0.446745
audio14.TextGrid,10,4,ready,45.410,45.760,JJ,3.2972,5.28,4,-1.368359
audio14.TextGrid,11,1,he,46.460,46.600,PRP,1.0263,6.69,2,-1.609670
audio14.TextGrid,11,2,had,46.600,46.860,VBD,2.5647,6.33,3,-0.589463
audio14.TextGrid,11,3,three,46.860,47.160,CD,5.7542,5.78,3,1.808353
audio14.TextGrid,11,4,forty,47.160,47.530,NN,9.2044,4.2,5,2.984262
audio14.TextGrid,11,5,fathom,47.530,47.820,NN,8.5312,3.25,5,0.943609
audio14.TextGrid,11,6,coils,47.820,48.260,NNS,4.4328,3.36,4,-2.996454
audio14.TextGrid,11,7,of,48.260,48.370,IN,1.9111,7.4,2,0.297122
audio14.TextGrid,11,8,line,48.370,48.660,NN,2.7104,5.49,3,-1.652880
audio14.TextGrid,11,9,in,48.660,48.750,IN,3.1137,7.27,2,1.312596
audio14.TextGrid,11,10,reserve,48.750,49.110,NN,6.7712,4.6,5,1.126832
audio14.TextGrid,11,11,now,49.160,49.420,RB,4.3548,6.18,2,0.984723
audio14.TextGrid,12,1,as,49.950,50.050,RB,4.7619,6.77,2,2.241084
audio14.TextGrid,12,2,well,50.050,50.240,RB,2.6638,6.03,3,-0.922190
audio14.TextGrid,12,3,as,50.240,50.350,IN,0.0345,6.77,2,-2.486316
audio14.TextGrid,12,4,the,50.350,50.430,DT,1.6486,7.73,2,0.509632
audio14.TextGrid,12,5,coil,50.430,50.790,NN,7.2771,3.73,3,0.380433
audio14.TextGrid,12,6,he,50.790,50.880,PRP,4.1496,6.69,2,1.513630
audio14.TextGrid,12,7,was,50.880,51.040,VBD,2.0997,6.82,3,-0.349145
audio14.TextGrid,12,8,using,51.040,51.440,VBG,3.1272,5.47,5,-1.264868
audio14.TextGrid,13,1,eat,53.050,53.230,NN,2.6842,5.13,2,-2.197273
audio14.TextGrid,13,2,it,53.230,53.340,PRP,1.6829,6.95,2,-0.578820
audio14.TextGrid,13,3,a,53.340,53.390,DT,6.4853,7.36,1,4.813745
audio14.TextGrid,13,4,little,53.390,53.860,RB,1.8046,5.75,5,-2.184429
audio14.TextGrid,13,5,more,53.860,54.020,RBR,2.4035,6.36,3,-0.707480
audio14.TextGrid,13,6,he,54.330,54.450,PRP,0.4174,6.69,2,-2.218570
audio14.TextGrid,13,7,said,54.450,54.800,VBD,0.1309,6.01,3,-3.483879
audio14.TextGrid,14,1,eat,55.460,55.600,NN,1.8339,5.13,2,-3.047573
audio14.TextGrid,14,2,it,55.600,55.760,PRP,0.2849,6.95,2,-1.976820
audio14.TextGrid,14,3,well,55.760,56.160,RB,3.2160,6.03,3,-0.369990
audio14.TextGrid,14,4,eat,57.890,58.040,VB,6.2227,5.13,2,1.341227
audio14.TextGrid,14,5,it,58.040,58.170,PRP,0.3697,6.95,2,-1.892020
audio14.TextGrid,14,6,so,58.170,58.330,RB,6.1241,6.52,2,3.243428
audio14.TextGrid,14,7,that,58.330,58.470,IN,1.9635,7.01,3,-0.211854
audio14.TextGrid,14,8,the,58.470,58.540,DT,1.6984,7.73,2,0.559432
audio14.TextGrid,14,9,point,58.540,58.810,NN,6.8568,5.54,4,2.565492
audio14.TextGrid,14,10,of,58.810,58.890,IN,1.6048,7.4,2,-0.009178
audio14.TextGrid,14,11,the,58.890,58.980,DT,0.3635,7.73,2,-0.775468
audio14.TextGrid,14,12,hook,58.980,59.140,NN,3.9416,4.37,3,-2.033835
audio14.TextGrid,14,13,goes,59.140,59.350,VBZ,4.1620,5.22,3,-0.589924
audio14.TextGrid,14,14,into,59.350,59.530,IN,3.3574,6.11,4,-0.113436
audio14.TextGrid,14,15,your,59.530,59.710,PRP$,3.8683,6.53,3,1.002022
audio14.TextGrid,14,16,heart,59.710,60.000,NN,5.3614,5.31,4,0.739024
audio14.TextGrid,14,17,and,60.000,60.090,CC,1.1648,7.41,2,-0.434784
audio14.TextGrid,14,18,kills,60.090,60.520,NNS,7.4555,4.34,4,1.436882
audio14.TextGrid,14,19,you,60.520,60.710,PRP,1.4305,6.98,2,-0.788037
audio14.TextGrid,14,20,he,60.920,61.030,PRP,0.8275,6.69,2,-1.808470
audio14.TextGrid,14,21,thought,61.030,61.400,VBD,0.3153,5.59,3,-3.904037
audio14.TextGrid,15,1,come,61.850,62.030,VB,6.8217,5.78,3,2.875853
audio14.TextGrid,15,2,up,62.030,62.270,RP,4.5620,6.39,2,1.494203
audio14.TextGrid,15,3,easy,62.270,62.710,JJ,8.3163,5.29,3,3.665135
audio14.TextGrid,15,4,and,62.710,62.850,CC,1.4792,7.41,3,-0.120384
audio14.TextGrid,15,5,let,62.850,63.050,VB,3.8993,5.6,3,-0.305643
audio14.TextGrid,15,6,me,63.050,63.160,PRP,4.3267,6.48,2,1.388451
audio14.TextGrid,15,7,put,63.160,63.340,VB,4.0781,5.66,3,-0.040477
audio14.TextGrid,15,8,the,63.340,63.450,DT,1.6353,7.73,2,0.496332
audio14.TextGrid,15,9,harpoon,63.450,63.890,NN,10.2118,2.83,6,2.019650
audio14.TextGrid,15,10,into,63.890,64.090,IN,2.5969,6.11,4,-0.873936
audio14.TextGrid,15,11,you,64.090,64.380,PRP,2.7992,6.98,2,0.580663
audio14.TextGrid,16,1,all,65.190,65.320,DT,5.6498,6.52,2,2.769128
audio14.TextGrid,16,2,right,65.320,65.690,NN,1.3478,5.96,3,-2.338950
audio14.TextGrid,16,3,are,66.230,66.330,VBP,6.9811,6.74,2,4.417101
audio14.TextGrid,16,4,you,66.330,66.480,PRP,0.1868,6.98,2,-2.031737
audio14.TextGrid,16,5,ready,66.480,66.830,JJ,1.1917,5.28,4,-3.473859
audio14.TextGrid,17,1,have,67.730,67.880,VBP,4.4809,6.71,3,1.873719
audio14.TextGrid,17,2,you,67.880,68.000,PRP,0.5542,6.98,2,-1.664337
audio14.TextGrid,17,3,been,68.000,68.230,VBN,2.7422,6.27,3,-0.498328
audio14.TextGrid,17,4,long,68.230,68.640,RB,6.8084,5.81,3,2.905736
audio14.TextGrid,17,5,enough,68.640,68.970,RB,0.4603,5.54,4,-3.831008
audio14.TextGrid,17,6,at,68.970,69.120,IN,6.7801,6.7,2,4.158524
audio14.TextGrid,17,7,table,69.130,69.530,NN,7.1048,5.05,5,2.108173
audio14.TextGrid,18,1,now,71.090,71.760,RB,4.6986,6.18,2,1.328523
audio14.TextGrid,18,2,he,71.980,72.100,PRP,0.4080,6.69,2,-2.227970
audio14.TextGrid,18,3,said,72.100,72.300,VBD,0.3801,6.01,3,-3.234679
audio14.TextGrid,18,4,aloud,72.300,72.780,NN,3.2426,3.51,4,-3.970741
audio14.TextGrid,19,1,and,73.190,73.330,CC,2.6578,7.41,3,1.058216
audio14.TextGrid,19,2,struck,73.330,73.710,VB,7.5836,4.42,5,1.680136
audio14.TextGrid,19,3,hard,73.710,73.990,JJ,4.9004,5.53,4,0.594697
audio14.TextGrid,19,4,with,73.990,74.190,IN,2.0110,6.85,3,-0.394662
audio14.TextGrid,19,5,both,74.240,74.510,DT,4.1512,5.79,3,0.219748
audio14.TextGrid,19,6,hands,74.510,75.010,NNS,0.6800,5.16,4,-4.158290
audio14.TextGrid,19,7,gained,75.260,75.570,VBD,12.5331,4.49,4,6.730396
audio14.TextGrid,19,8,a,75.570,75.600,DT,2.0484,7.36,1,0.376845
audio14.TextGrid,19,9,yard,75.600,75.940,NN,7.4266,4.57,4,1.739050
audio14.TextGrid,19,10,of,75.940,76.050,IN,1.3768,7.4,2,-0.237178
audio14.TextGrid,19,11,line,76.050,76.420,NN,3.9600,5.49,3,-0.403280
audio14.TextGrid,19,12,and,76.420,76.500,CC,0.9912,7.41,2,-0.608384
audio14.TextGrid,19,13,then,76.500,76.710,RB,2.9785,6.07,3,-0.549913
audio14.TextGrid,19,14,struck,76.710,77.070,VB,5.0865,4.42,5,-0.816964
audio14.TextGrid,19,15,again,77.070,77.620,RB,1.8207,5.7,4,-2.240300
audio14.TextGrid,19,16,and,77.630,77.780,CC,2.1703,7.41,3,0.570716
audio14.TextGrid,19,17,again,77.780,78.290,RB,1.5023,5.7,4,-2.558700
audio14.TextGrid,20,1,swinging,78.740,79.210,VBG,7.4043,3.79,6,0.593998
audio14.TextGrid,20,2,with,79.210,79.360,IN,3.3567,6.85,3,0.951038
audio14.TextGrid,20,3,each,79.360,79.590,DT,2.8659,5.69,2,-1.209495
audio14.TextGrid,20,4,arm,79.590,79.880,NN,4.2728,4.73,3,-1.184443
audio14.TextGrid,20,5,alternately,79.880,80.500,RB,9.1918,3.22,9,1.561026
audio14.TextGrid,20,6,on,80.500,80.600,IN,4.3239,6.91,2,2.004603
audio14.TextGrid,20,7,the,80.600,80.660,DT,0.8654,7.73,2,-0.273568
audio14.TextGrid,20,8,cord,80.660,81.030,NN,7.6521,3.98,4,1.115289
audio14.TextGrid,20,9,with,81.030,81.290,IN,4.2503,6.85,3,1.844638
audio14.TextGrid,20,10,all,81.290,81.550,PDT,4.6690,6.52,2,1.788328
audio14.TextGrid,20,11,the,81.550,81.650,DT,0.8955,7.73,2,-0.243468
audio14.TextGrid,20,12,strength,81.650,82.050,NN,3.2953,4.8,6,-2.061183
audio14.TextGrid,20,13,of,82.050,82.190,IN,1.0081,7.4,2,-0.605878
audio14.TextGrid,20,14,his,82.190,82.290,PRP$,1.3503,6.51,3,-1.544766
audio14.TextGrid,20,15,arms,82.290,82.720,NNS,4.2312,4.82,4,-1.096494
audio14.TextGrid,20,16,and,82.720,82.820,CC,2.0580,7.41,2,0.458416
audio14.TextGrid,20,17,the,82.820,82.900,DT,2.6389,7.73,2,1.499932
audio14.TextGrid,20,18,pivoted,82.900,83.380,JJ,15.0731,2.53,7,6.449123
audio14.TextGrid,20,19,weight,83.380,83.630,NN,4.0903,5.02,3,-0.949509
audio14.TextGrid,20,20,of,83.630,83.720,IN,0.4909,7.4,2,-1.123078
audio14.TextGrid,20,21,his,83.720,83.890,PRP$,0.6052,6.51,3,-2.289866
audio14.TextGrid,20,22,body,83.890,84.340,NN,3.2087,5.4,4,-1.284128
audio14.TextGrid,21,1,nothing,85.910,86.220,NN,6.6329,5.55,5,2.355986
audio14.TextGrid,21,2,happened,86.220,86.700,VBD,1.8319,5.2,6,-2.948813
audio14.TextGrid,21,3,the,87.610,87.690,DT,1.8912,7.73,2,0.752232
audio14.TextGrid,21,4,fish,87.690,87.980,NN,2.4337,4.9,3,-2.778840
audio14.TextGrid,21,5,just,87.980,88.310,RB,5.3167,6.43,4,2.306480
audio14.TextGrid,21,6,moved,88.310,88.600,VBN,3.9630,5.01,4,-1.091204
audio14.TextGrid,21,7,away,88.600,88.860,RP,3.6637,5.62,3,-0.512454
audio14.TextGrid,21,8,slowly,88.860,89.390,RB,4.7277,4.63,5,-0.873485
audio14.TextGrid,22,1,and,89.790,89.870,CC,1.2704,7.41,2,-0.329184
audio14.TextGrid,22,2,the,89.870,89.960,DT,2.3827,7.73,2,1.243732
audio14.TextGrid,22,3,old,89.960,90.170,JJ,2.5905,5.75,3,-1.398529
audio14.TextGrid,22,4,man,90.170,90.390,NN,0.0094,5.82,3,-3.878870
audio14.TextGrid,22,5,could,90.390,90.580,MD,3.3304,6.06,3,-0.212408
audio14.TextGrid,22,6,not,90.580,90.820,RB,1.3045,6.69,3,-1.331470
audio14.TextGrid,22,7,raise,90.820,91.090,VB,6.5668,4.75,3,1.138346
audio14.TextGrid,22,8,him,91.090,91.200,PRP,4.6364,6.11,2,1.165564
audio14.TextGrid,22,9,an,91.200,91.300,DT,8.0034,6.53,2,5.137122
audio14.TextGrid,22,10,inch,91.300,91.670,NN,0.2724,4.49,3,-5.530304
audio14.TextGrid,23,1,his,92.600,92.770,PRP$,3.9787,6.51,3,1.083634
audio14.TextGrid,23,2,line,92.770,93.020,NN,4.6285,5.49,3,0.265220
audio14.TextGrid,23,3,was,93.020,93.170,VBD,1.1800,6.82,3,-1.268845
audio14.TextGrid,23,4,strong,93.170,93.710,JJ,4.9365,5.22,5,0.184576
audio14.TextGrid,23,5,and,93.710,93.900,CC,0.9056,7.41,3,-0.693984
audio14.TextGrid,23,6,made,93.900,94.210,VBN,6.9447,5.92,3,3.200373
audio14.TextGrid,23,7,for,94.210,94.350,IN,3.8582,7.01,2,1.682846
audio14.TextGrid,23,8,heavy,94.350,94.600,JJ,7.8384,4.96,4,2.712225
audio14.TextGrid,23,9,fish,94.600,94.990,NN,2.2084,4.9,3,-3.004140
audio14.TextGrid,23,10,and,94.990,95.100,CC,1.8433,7.41,2,0.243716
audio14.TextGrid,23,11,he,95.100,95.270,PRP,0.9362,6.69,2,-1.699770
audio14.TextGrid,23,12,held,95.270,95.480,VBD,4.9348,5.24,4,0.211664
audio14.TextGrid,23,13,it,95.480,95.570,PRP,0.9607,6.95,2,-1.301020
audio14.TextGrid,23,14,against,95.570,95.900,IN,5.2012,5.68,6,1.111411
audio14.TextGrid,23,15,his,95.900,96.070,PRP$,1.1962,6.51,3,-1.698866
audio14.TextGrid,23,16,hack,96.100,96.410,NN,13.3523,4.05,3,6.916249
audio14.TextGrid,23,17,until,96.410,96.670,IN,6.3982,5.61,5,2.207651
audio14.TextGrid,23,18,it,96.670,96.770,PRP,1.2013,6.95,2,-1.060420
audio14.TextGrid,23,19,was,96.770,96.880,VBD,1.3340,6.82,3,-1.114845
audio14.TextGrid,23,20,so,96.880,97.070,RB,4.1044,6.52,2,1.223728
audio14.TextGrid,23,21,taut,97.070,97.390,JJ,7.7084,2.91,3,-0.368596
audio14.TextGrid,23,22,that,97.390,97.570,IN,0.7053,7.01,3,-1.470054
audio14.TextGrid,23,23,beads,97.610,97.890,NNS,12.2634,3.69,4,5.309156
audio14.TextGrid,23,24,of,97.890,98.040,IN,0.4801,7.4,2,-1.133878
audio14.TextGrid,23,25,water,98.040,98.410,NN,2.7706,5.52,4,-1.549497
audio14.TextGrid,23,26,were,98.410,98.540,VBD,2.5445,6.34,2,-0.595269
audio14.TextGrid,23,27,jumping,98.540,98.920,VBG,8.8040,4.23,6,2.627045
audio14.TextGrid,23,28,from,98.920,99.150,IN,1.9039,6.63,4,-0.818435
audio14.TextGrid,23,29,it,99.150,99.300,PRP,1.7557,6.95,2,-0.506020
audio14.TextGrid,24,1,then,100.280,100.440,RB,1.5047,6.07,3,-2.023713
audio14.TextGrid,24,2,it,100.440,100.570,PRP,2.3116,6.95,2,0.049880
audio14.TextGrid,24,3,began,100.570,100.890,VBD,4.3397,5.07,5,-0.628138
audio14.TextGrid,24,4,to,100.890,100.980,TO,0.3081,7.43,2,-1.262696
audio14.TextGrid,24,5,make,100.980,101.140,VB,5.8484,6.08,3,2.334381
audio14.TextGrid,24,6,a,101.140,101.190,DT,1.4192,7.36,1,-0.252355
audio14.TextGrid,24,7,slow,101.190,101.550,JJ,3.7237,4.85,3,-1.560812
audio14.TextGrid,24,8,hissing,101.550,101.920,NN,9.9698,2.88,5,1.849622
audio14.TextGrid,24,9,sound,101.920,102.330,NN,0.6673,5.15,4,-4.185384
audio14.TextGrid,24,10,in,102.330,102.420,IN,3.9850,7.27,2,2.183896
audio14.TextGrid,24,11,the,102.420,102.480,DT,0.6384,7.73,2,-0.500568
audio14.TextGrid,24,12,water,102.480,102.880,NN,3.1748,5.52,4,-1.145297
audio14.TextGrid,24,13,and,103.270,103.380,CC,1.4681,7.41,2,-0.131484
audio14.TextGrid,24,14,he,103.380,103.500,PRP,1.1571,6.69,2,-1.478870
audio14.TextGrid,24,15,still,103.500,103.860,RB,6.4131,5.92,4,2.668773
audio14.TextGrid,24,16,held,103.860,104.100,VBD,2.7524,5.24,4,-1.970736
audio14.TextGrid,24,17,it,104.100,104.300,PRP,0.8417,6.95,2,-1.420020
audio14.TextGrid,24,18,bracing,104.470,104.860,VBG,9.5287,3.12,6,1.753984
audio14.TextGrid,24,19,himself,104.860,105.290,PRP,1.3134,5.25,7,-3.395342
audio14.TextGrid,24,20,against,105.290,105.670,IN,1.2616,5.68,6,-2.828189
audio14.TextGrid,24,21,the,105.670,105.740,DT,0.4126,7.73,2,-0.726368
audio14.TextGrid,24,22,thwart,105.740,106.140,NN,11.0811,3.06,5,3.220018
audio14.TextGrid,24,23,and,106.140,106.310,CC,1.9161,7.41,3,0.316516
audio14.TextGrid,24,24,leaning,106.310,106.670,VBG,5.5067,3.89,5,-1.159659
audio14.TextGrid,24,25,back,106.670,106.920,RB,2.2968,6.04,3,-1.274796
audio14.TextGrid,24,26,against,106.920,107.260,IN,1.1335,5.68,6,-2.956289
audio14.TextGrid,24,27,the,107.260,107.350,DT,0.5367,7.73,2,-0.602268
audio14.TextGrid,24,28,pull,107.350,107.760,NN,6.3797,4.82,3,1.052006
audio14.TextGrid,25,1,the,108.740,108.810,DT,2.0917,7.73,2,0.952732
audio14.TextGrid,25,2,boat,108.810,109.000,NN,6.4832,4.71,3,0.997169
audio14.TextGrid,25,3,began,109.000,109.380,VBD,4.2614,5.07,5,-0.706438
audio14.TextGrid,25,4,to,109.380,109.460,TO,0.1799,7.43,2,-1.390896
audio14.TextGrid,25,5,move,109.460,109.800,VB,2.2280,5.35,3,-2.336799
audio14.TextGrid,25,6,slowly,109.800,110.210,RB,3.3269,4.63,5,-2.274285
audio14.TextGrid,25,7,off,110.210,110.470,RB,5.8394,5.93,2,2.109467
audio14.TextGrid,25,8,toward,110.470,110.790,IN,5.2087,4.72,6,-0.262937
audio14.TextGrid,25,9,the,110.790,110.870,DT,0.3278,7.73,2,-0.811168
audio14.TextGrid,25,10,north,110.870,111.160,JJ,5.0770,5.34,4,0.497807
audio14.TextGrid,25,11,west,111.160,111.620,NN,1.2188,5.29,4,-3.432365
audio14.TextGrid,26,1,the,113.140,113.220,DT,1.6255,7.73,2,0.486532
audio14.TextGrid,26,2,fish,113.220,113.530,JJ,3.4021,4.9,3,-1.810440
audio14.TextGrid,26,3,moved,113.530,113.840,VBN,2.6085,5.01,4,-2.445704
audio14.TextGrid,26,4,steadily,113.840,114.410,RB,4.6301,3.84,7,-2.108231
audio14.TextGrid,26,5,and,114.410,114.500,CC,2.2967,7.41,2,0.697116
audio14.TextGrid,26,6,they,114.500,114.620,PRP,5.2425,6.5,2,2.333039
audio14.TextGrid,26,7,travelled,114.620,115.080,VBD,8.2462,3.98,7,1.709389
audio14.TextGrid,26,8,slowly,115.080,115.540,RB,2.6064,4.63,5,-2.994785
audio14.TextGrid,26,9,on,115.540,115.660,IN,3.8230,6.91,2,1.503703
audio14.TextGrid,26,10,the,115.660,115.720,DT,0.9770,7.73,2,-0.161968
audio14.TextGrid,26,11,calm,115.720,116.010,JJ,8.0304,4.54,3,2.299667
audio14.TextGrid,26,12,water,116.010,116.470,NN,2.1394,5.52,4,-2.180697
audio14.TextGrid,27,1,the,117.100,117.220,DT,1.7143,7.73,2,0.575332
audio14.TextGrid,27,2,other,117.220,117.370,JJ,5.7972,6.16,3,2.398335
audio14.TextGrid,27,3,baits,117.370,117.740,NNS,11.4214,2.65,4,2.970154
audio14.TextGrid,27,4,were,117.740,117.810,VBD,1.5001,6.34,2,-1.639669
audio14.TextGrid,27,5,still,117.810,118.050,RB,3.1617,5.92,4,-0.582627
audio14.TextGrid,27,6,in,118.050,118.120,IN,2.2938,7.27,2,0.492696
audio14.TextGrid,27,7,the,118.120,118.190,DT,0.9914,7.73,2,-0.147568
audio14.TextGrid,27,8,water,118.190,118.580,NN,0.8360,5.52,4,-3.484097
audio14.TextGrid,27,9,but,118.580,118.680,CC,2.7813,6.63,3,0.058965
audio14.TextGrid,27,10,there,118.860,119.040,EX,3.2296,6.31,3,0.046649
audio14.TextGrid,27,11,was,119.040,119.190,VBD,0.3459,6.82,3,-2.102945
audio14.TextGrid,27,12,nothing,119.190,119.460,NN,2.0630,5.55,5,-2.213914
audio14.TextGrid,27,13,to,119.460,119.520,TO,1.7174,7.43,2,0.146604
audio14.TextGrid,27,14,be,119.520,119.620,VB,2.9101,6.79,2,0.418073
audio14.TextGrid,27,15,done,119.620,119.990,VBN,0.8463,5.58,3,-3.387431
audio14.TextGrid,28,1,i,121.520,121.620,JJ,2.8808,7.09,1,0.820600
audio14.TextGrid,28,2,wish,121.620,121.830,NN,5.5088,5.18,3,0.699299
audio14.TextGrid,28,3,i,121.830,121.980,NN,0.6684,7.09,1,-1.391800
audio14.TextGrid,28,4,had,121.980,122.130,VBD,1.2479,6.33,3,-1.906263
audio14.TextGrid,28,5,the,122.130,122.210,DT,3.4773,7.73,2,2.338332
audio14.TextGrid,28,6,boy,122.210,122.610,NN,7.3423,5.17,2,2.518404
audio14.TextGrid,28,7,the,122.610,122.910,DT,2.4535,7.73,2,1.314532
audio14.TextGrid,28,8,old,122.910,123.100,JJ,0.1936,5.75,3,-3.795429
audio14.TextGrid,28,9,man,123.100,123.310,NN,0.0076,5.82,3,-3.880670
audio14.TextGrid,28,10,said,123.310,123.520,VBD,0.1667,6.01,3,-3.448079
audio14.TextGrid,28,11,aloud,123.520,123.920,JJ,2.4466,3.51,4,-4.766741
audio14.TextGrid,29,1,i,125.040,125.110,NN,1.2327,7.09,1,-0.827500
audio14.TextGrid,29,2,m,125.110,125.190,VBP,3.8313,5.39,2,-0.675922
audio14.TextGrid,29,3,being,125.190,125.520,VBG,6.7507,5.95,4,3.049556
audio14.TextGrid,29,4,towed,125.520,125.850,VBN,8.2647,3.38,3,0.864234
audio14.TextGrid,29,5,by,125.850,126.080,IN,2.7388,6.66,2,0.059647
audio14.TextGrid,29,6,a,126.080,126.140,DT,1.5502,7.36,1,-0.121355
audio14.TextGrid,29,7,fish,126.140,126.460,JJ,5.3283,4.9,3,0.115760
audio14.TextGrid,29,8,and,126.460,126.610,CC,2.2522,7.41,3,0.652616
audio14.TextGrid,29,9,i,126.610,126.700,JJ,1.0791,7.09,1,-0.981100
audio14.TextGrid,29,10,m,126.700,126.810,VBP,1.5793,5.39,2,-2.927922
audio14.TextGrid,29,11,the,126.810,126.900,DT,5.2231,7.73,2,4.084132
audio14.TextGrid,29,12,towing,126.900,127.300,NN,10.8627,3.32,4,3.375869
audio14.TextGrid,29,13,bitt,127.300,127.560,NN,11.3449,1.63,3,1.425441
audio14.TextGrid,30,1,i,127.560,127.590,NN,1.3755,7.09,1,-0.684700
audio14.TextGrid,30,2,could,128.320,128.530,MD,4.8253,6.06,3,1.282492
audio14.TextGrid,30,3,make,128.530,128.750,VB,4.0135,6.08,3,0.499481
audio14.TextGrid,30,4,the,128.750,128.840,DT,2.7524,7.73,2,1.613432
audio14.TextGrid,30,5,line,128.840,129.160,NN,3.8748,5.49,3,-0.488480
audio14.TextGrid,30,6,fast,129.160,129.710,RB,5.2894,5.13,4,0.407927
audio14.TextGrid,30,7,but,129.980,130.110,CC,3.0457,6.63,3,0.323365
audio14.TextGrid,30,8,then,130.110,130.270,RB,4.5882,6.07,3,1.059787
audio14.TextGrid,30,9,he,130.270,130.360,PRP,2.8691,6.69,2,0.233130
audio14.TextGrid,30,10,could,130.360,130.520,MD,4.1689,6.06,3,0.626092
audio14.TextGrid,30,11,break,130.520,130.780,VB,6.3668,5.18,4,1.557299
audio14.TextGrid,30,12,it,130.780,130.970,PRP,1.7412,6.95,2,-0.520520
audio14.TextGrid,31,1,i,131.700,131.800,NN,1.6721,7.09,1,-0.388100
audio14.TextGrid,31,2,must,131.800,132.040,MD,4.6812,5.68,4,0.591411
audio14.TextGrid,31,3,hold,132.040,132.240,VB,4.6714,5.19,4,-0.123707
audio14.TextGrid,31,4,him,132.240,132.350,PRP,2.3764,6.11,2,-1.094436
audio14.TextGrid,31,5,all,132.350,132.540,DT,5.2801,6.52,2,2.399428
audio14.TextGrid,31,6,i,132.540,132.630,NN,5.9440,7.09,1,3.883800
audio14.TextGrid,31,7,can,132.630,132.980,MD,0.2801,6.46,3,-2.686938
audio14.TextGrid,31,8,and,132.980,133.110,CC,2.3687,7.41,3,0.769116
audio14.TextGrid,31,9,give,133.110,133.310,VB,4.4890,5.71,3,0.442394
audio14.TextGrid,31,10,him,133.310,133.470,PRP,0.3025,6.11,2,-3.168336
audio14.TextGrid,31,11,line,133.470,133.760,NN,8.8647,5.49,3,4.501420
audio14.TextGrid,31,12,when,133.760,133.880,WRB,5.3007,6.37,3,2.204114
audio14.TextGrid,31,13,he,133.880,133.970,PRP,0.7134,6.69,2,-1.922570
audio14.TextGrid,31,14,must,133.970,134.200,MD,6.2790,5.68,4,2.189211
audio14.TextGrid,31,15,have,134.200,134.370,VB,3.6799,6.71,3,1.072719
audio14.TextGrid,31,16,it,134.370,134.570,PRP,1.5564,6.95,2,-0.705320
audio14.TextGrid,32,1,thank,135.360,135.570,NN,7.4800,5.48,4,3.102326
audio14.TextGrid,32,2,god,135.570,135.900,NN,0.7168,5.57,3,-3.531326
audio14.TextGrid,32,3,he,135.900,135.990,PRP,2.2802,6.69,2,-0.355770
audio14.TextGrid,32,4,is,135.990,136.150,VBZ,3.2168,7.07,2,1.127811
audio14.TextGrid,32,5,travelling,136.150,136.680,VBG,9.6954,4.16,8,3.417685
audio14.TextGrid,32,6,and,136.680,136.840,CC,3.1886,7.41,3,1.589016
audio14.TextGrid,32,7,not,136.880,137.080,RB,3.5561,6.69,3,0.920130
audio14.TextGrid,32,8,going,137.080,137.370,VBG,3.0084,5.94,4,-0.707139
audio14.TextGrid,33,1,down,137.370,137.790,IN,3.5296,5.88,3,-0.272304
audio14.TextGrid,33,2,what,139.270,139.420,WP,5.8041,6.38,3,2.721908
audio14.TextGrid,33,3,i,139.420,139.530,NN,5.2979,7.09,1,3.237700
audio14.TextGrid,33,4,will,139.530,139.750,MD,5.1888,6.45,3,2.207368
audio14.TextGrid,33,5,do,139.750,140.110,VB,0.9487,6.35,2,-2.176674
audio14.TextGrid,33,6,if,140.110,140.200,IN,4.4401,6.47,2,1.487457
audio14.TextGrid,33,7,he,140.200,140.320,PRP,1.1347,6.69,2,-1.501270
audio14.TextGrid,33,8,decides,140.320,140.830,VBZ,6.2276,4.16,6,-0.050115
audio14.TextGrid,33,9,to,140.830,140.900,TO,0.2651,7.43,2,-1.305696
audio14.TextGrid,33,10,go,140.900,141.070,VB,1.5209,6.03,2,-2.065090
audio14.TextGrid,33,11,down,141.070,141.440,RP,1.0119,5.88,3,-2.790004
audio14.TextGrid,33,12,i,141.440,141.560,RB,1.6566,7.09,1,-0.403600
audio14.TextGrid,33,13,don,141.560,141.790,VBP,4.2777,4.6,3,-1.366668
audio14.TextGrid,33,14,t,141.790,141.850,NNS,0.0004,5.43,1,-4.449245
audio14.TextGrid,33,15,know,141.850,142.230,VBP,0.3839,6.1,2,-3.101331
audio14.TextGrid,34,1,what,142.990,143.140,WP,4.5482,6.38,3,1.466008
audio14.TextGrid,34,2,i,143.140,143.220,NN,1.2383,7.09,1,-0.821900
audio14.TextGrid,34,3,ll,143.220,143.300,VBP,4.1265,4.66,1,-1.431502
audio14.TextGrid,34,4,do,143.300,143.520,VBP,0.0891,6.35,2,-3.036274
audio14.TextGrid,34,5,if,143.520,143.600,IN,1.2216,6.47,2,-1.731043
audio14.TextGrid,34,6,he,143.600,143.720,PRP,0.3301,6.69,2,-2.305870
audio14.TextGrid,34,7,sounds,143.720,144.220,VBZ,10.2390,4.97,4,5.127219
audio14.TextGrid,34,8,and,144.220,144.340,CC,4.7217,7.41,2,3.122116
audio14.TextGrid,34,9,dies,144.340,144.900,VBZ,6.8737,4.41,3,0.955842
audio14.TextGrid,34,10,i,144.900,145.020,JJ,4.4289,7.09,1,2.368700
audio14.TextGrid,34,11,don,145.020,145.200,VBP,0.3264,4.6,3,-5.317968
audio14.TextGrid,34,12,t,145.200,145.230,NN,0.0002,5.43,1,-4.449445
audio14.TextGrid,34,13,know,145.230,145.560,VBP,0.0428,6.1,2,-3.442431
audio14.TextGrid,35,1,but,146.450,146.560,CC,2.9413,6.63,3,0.218965
audio14.TextGrid,35,2,i,146.560,146.600,JJ,1.2619,7.09,1,-0.798300
audio14.TextGrid,35,3,ll,146.600,146.680,NNS,2.8309,4.66,1,-2.727102
audio14.TextGrid,35,4,do,146.680,146.850,VBP,1.9428,6.35,2,-1.182574
audio14.TextGrid,35,5,something,146.850,147.410,NN,4.2809,5.81,6,0.378236
audio14.TextGrid,36,1,there,148.120,148.250,EX,4.5338,6.31,3,1.350849
audio14.TextGrid,36,2,are,148.250,148.350,VBP,1.9957,6.74,1,-0.568299
audio14.TextGrid,36,3,plenty,148.350,148.720,NN,4.8021,4.72,6,-0.669537
audio14.TextGrid,36,4,of,148.720,148.800,IN,0.0589,7.4,2,-1.555078
audio14.TextGrid,36,5,things,148.800,149.120,NNS,2.0636,5.74,4,-1.939823
audio14.TextGrid,36,6,i,149.120,149.230,NNS,1.0779,7.09,1,-0.982300
audio14.TextGrid,36,7,can,149.230,149.410,MD,0.8172,6.46,3,-2.149838
audio14.TextGrid,36,8,do,149.410,151.430,VB,0.0895,6.35,2,-3.035874
audio14.TextGrid,36,9,he,151.430,151.560,PRP,3.2054,6.69,2,0.569430
audio14.TextGrid,36,10,held,151.560,151.770,VB,6.8788,5.24,4,2.155664
audio14.TextGrid,36,11,the,151.770,151.840,DT,1.1452,7.73,2,0.006232
audio14.TextGrid,36,12,line,151.840,152.120,NN,1.3769,5.49,3,-2.986380
audio14.TextGrid,36,13,against,152.120,152.470,IN,4.4040,5.68,6,0.314211
audio14.TextGrid,36,14,his,152.470,152.620,PRP$,1.1275,6.51,3,-1.767566
audio14.TextGrid,36,15,back,152.620,152.960,NN,3.6257,6.04,3,0.054104
audio14.TextGrid,36,16,and,153.040,153.200,CC,0.7949,7.41,2,-0.804684
audio14.TextGrid,36,17,watched,153.200,153.600,VBD,5.9349,4.72,4,0.463263
audio14.TextGrid,36,18,its,153.600,153.770,PRP$,5.0265,6.14,3,1.598846
audio14.TextGrid,36,19,slant,153.770,154.160,NN,12.1425,3.18,5,4.454149
audio14.TextGrid,36,20,in,154.160,154.240,IN,3.4078,7.27,2,1.606696
audio14.TextGrid,36,21,the,154.240,154.310,DT,0.5344,7.73,2,-0.604568
audio14.TextGrid,36,22,water,154.310,154.780,NN,0.4326,5.52,4,-3.887497
audio14.TextGrid,36,23,and,155.000,155.090,CC,2.0795,7.41,2,0.479916
audio14.TextGrid,36,24,the,155.090,155.200,DT,2.8375,7.73,2,1.698532
audio14.TextGrid,36,25,skiff,155.200,155.640,NN,10.5877,2.63,4,2.107665
audio14.TextGrid,36,26,moving,155.720,156.130,VBG,5.6917,5.02,5,0.651891
audio14.TextGrid,36,27,steadily,156.130,156.660,RB,4.5396,3.84,7,-2.198731
audio14.TextGrid,36,28,to,156.660,156.820,TO,3.6297,7.43,2,2.058904
audio14.TextGrid,36,29,the,156.820,156.920,DT,0.6915,7.73,2,-0.447468
audio14.TextGrid,36,30,north,156.920,157.230,JJ,1.8289,5.34,4,-2.750293
audio14.TextGrid,36,31,west,157.230,157.710,NN,0.4664,5.29,4,-4.184765
audio14.TextGrid,37,1,this,159.010,159.240,DT,5.1109,6.82,3,2.662055
audio14.TextGrid,37,2,will,159.240,159.380,MD,3.8066,6.45,3,0.825168
audio14.TextGrid,37,3,kill,159.380,159.660,VB,4.7723,5.09,3,-0.166750
audio14.TextGrid,37,4,him,159.660,159.940,PRP,0.7786,6.11,3,-2.692236
audio14.TextGrid,37,5,the,160.170,160.300,DT,3.6583,7.73,2,2.519332
audio14.TextGrid,37,6,old,160.300,160.500,JJ,1.3106,5.75,3,-2.678429
audio14.TextGrid,37,7,man,160.500,160.730,NN,0.0182,5.82,3,-3.870070
audio14.TextGrid,37,8,thought,160.730,161.100,VBD,0.4162,5.59,3,-3.803137
audio14.TextGrid,38,1,he,161.580,161.670,PRP,1.6187,6.69,2,-1.017270
audio14.TextGrid,38,2,can,161.670,161.870,MD,5.1772,6.46,3,2.210162
audio14.TextGrid,38,3,t,161.870,161.900,VB,1.9354,5.43,1,-2.514245
audio14.TextGrid,38,4,do,161.900,162.070,VB,2.6698,6.35,2,-0.455574
audio14.TextGrid,38,5,this,162.070,162.260,DT,2.3146,6.82,3,-0.134245
audio14.TextGrid,38,6,forever,162.260,162.760,NN,6.9484,4.74,5,1.505552
audio14.TextGrid,39,1,but,163.730,163.880,CC,2.7659,6.63,3,0.043565
audio14.TextGrid,39,2,four,163.880,164.150,CD,8.6413,5.53,3,4.335597
audio14.TextGrid,39,3,hours,164.150,164.440,NNS,4.3718,5.4,3,-0.121028
audio14.TextGrid,39,4,later,164.440,164.750,RB,1.8595,5.49,4,-2.503780
audio14.TextGrid,39,5,the,164.750,164.870,DT,2.0036,7.73,2,0.864632
audio14.TextGrid,39,6,fish,164.870,165.170,NN,2.1261,4.9,3,-3.086440
audio14.TextGrid,39,7,was,165.170,165.300,VBD,2.9554,6.82,3,0.506555
audio14.TextGrid,39,8,still,165.300,165.540,RB,2.3811,5.92,4,-1.363227
audio14.TextGrid,39,9,swimming,165.540,165.940,VBG,4.3826,4.43,6,-1.506470
audio14.TextGrid,39,10,steadily,165.940,166.390,RB,4.7837,3.84,7,-1.954631
audio14.TextGrid,39,11,out,166.390,166.530,IN,5.2797,6.38,2,2.197508
audio14.TextGrid,39,12,to,166.530,166.660,TO,2.6287,7.43,2,1.057904
audio14.TextGrid,39,13,sea,166.660,167.070,VB,0.5701,5.06,2,-4.412132
audio14.TextGrid,39,14,towing,167.070,167.610,VBG,13.9437,3.32,4,6.456869
audio14.TextGrid,39,15,the,167.610,167.670,DT,1.4879,7.73,2,0.348932
audio14.TextGrid,39,16,skiff,167.670,168.140,NN,5.4409,2.63,4,-3.039135
audio14.TextGrid,40,1,and,168.770,168.880,CC,1.3359,7.41,2,-0.263684
audio14.TextGrid,40,2,the,168.880,168.990,DT,2.0353,7.73,2,0.896332
audio14.TextGrid,40,3,old,168.990,169.190,JJ,1.5000,5.75,3,-2.489029
audio14.TextGrid,40,4,man,169.190,169.450,NN,0.0155,5.82,3,-3.872770
audio14.TextGrid,40,5,was,169.450,169.610,VBD,1.8637,6.82,3,-0.585145
audio14.TextGrid,40,6,still,169.610,169.880,RB,2.9318,5.92,4,-0.812527
audio14.TextGrid,40,7,braced,169.880,170.360,VBN,10.1851,3.03,5,2.280835
audio14.TextGrid,40,8,solidly,170.360,170.890,RB,8.2641,3.15,7,0.532566
audio14.TextGrid,40,9,with,170.890,171.050,IN,5.3375,6.85,3,2.931838
audio14.TextGrid,40,10,the,171.050,171.140,DT,0.9221,7.73,2,-0.216868
audio14.TextGrid,40,11,line,171.140,171.420,NN,1.2280,5.49,3,-3.135280
audio14.TextGrid,40,12,across,171.420,171.750,IN,7.2743,5.25,5,2.565558
audio14.TextGrid,40,13,his,171.750,171.910,PRP$,0.6822,6.51,3,-2.212866
audio14.TextGrid,40,14,back,171.910,172.300,NN,0.8681,6.04,3,-2.703496
audio14.TextGrid,41,1,it,173.680,173.810,PRP,3.4605,6.95,2,1.198780
audio14.TextGrid,41,2,was,173.810,174.000,VBD,3.2025,6.82,3,0.753655
audio14.TextGrid,41,3,noon,174.000,174.440,RB,9.7236,4.11,3,3.373914
audio14.TextGrid,41,4,when,174.440,174.540,WRB,1.3468,6.37,3,-1.749786
audio14.TextGrid,41,5,i,174.540,174.710,NN,0.7589,7.09,1,-1.301300
audio14.TextGrid,41,6,hooked,174.710,175.030,VBD,7.5219,3.92,4,0.898723
audio14.TextGrid,41,7,him,175.030,175.260,PRP,2.0999,6.11,2,-1.370936
audio14.TextGrid,41,8,he,175.560,175.680,PRP,0.3478,6.69,2,-2.288170
audio14.TextGrid,41,9,said,175.680,176.040,VBD,0.1954,6.01,3,-3.419379
audio14.TextGrid,42,1,and,176.480,176.610,CC,2.8422,7.41,3,1.242616
audio14.TextGrid,42,2,i,176.610,176.750,NN,1.7931,7.09,1,-0.267100
audio14.TextGrid,42,3,have,176.750,176.920,VBP,4.8752,6.71,3,2.268019
audio14.TextGrid,42,4,never,176.920,177.130,RB,3.9824,5.91,4,0.223679
audio14.TextGrid,42,5,seen,177.130,177.480,VBN,1.4091,5.52,3,-2.910997
audio14.TextGrid,42,6,him,177.480,177.760,PRP,1.8852,6.11,3,-1.585636
audio15.TextGrid,1,1,he,1.180,1.310,PRP,2.1006,6.69,2,-0.535370
audio15.TextGrid,1,2,had,1.310,1.450,VBD,2.4877,6.33,3,-0.666463
audio15.TextGrid,1,3,pushed,1.450,1.770,VBN,7.4112,4.43,4,1.522130
audio15.TextGrid,1,4,his,1.770,1.900,PRP$,2.1687,6.51,3,-0.726366
audio15.TextGrid,1,5,straw,1.900,2.330,NN,9.2918,3.99,4,2.769383
audio15.TextGrid,1,6,hat,2.330,2.590,RB,4.3590,4.53,3,-1.386127
audio15.TextGrid,1,7,hard,2.590,3.000,RB,6.3271,5.53,4,2.021397
audio15.TextGrid,1,8,down,3.000,3.270,RP,3.4097,5.88,3,-0.392204
audio15.TextGrid,1,9,on,3.270,3.400,IN,1.7825,6.91,2,-0.536797
audio15.TextGrid,1,10,his,3.400,3.640,PRP$,1.5288,6.51,3,-1.366266
audio15.TextGrid,1,11,head,3.640,3.920,NN,1.0555,5.51,3,-3.278991
audio15.TextGrid,1,12,before,3.920,4.290,IN,4.5692,5.93,5,0.839267
audio15.TextGrid,1,13,he,4.290,4.440,PRP,1.2067,6.69,2,-1.429270
audio15.TextGrid,1,14,hooked,4.440,4.630,VBD,5.0809,3.92,4,-1.542277
audio15.TextGrid,1,15,the,4.630,4.760,DT,1.7813,7.73,2,0.642332
audio15.TextGrid,1,16,fish,4.760,5.090,NN,1.7458,4.9,3,-3.466740
audio15.TextGrid,2,1,and,5.630,5.720,CC,1.8056,7.41,2,0.206016
audio15.TextGrid,2,2,it,5.720,5.780,PRP,2.3004,6.95,2,0.038680
audio15.TextGrid,2,3,was,5.780,5.930,VBD,0.9915,6.82,3,-1.457345
audio15.TextGrid,2,4,cutting,5.930,6.280,VBG,9.0864,4.61,5,3.456427
audio15.TextGrid,2,5,his,6.280,6.450,PRP$,2.6041,6.51,3,-0.290966
audio15.TextGrid,2,6,forehead,6.450,6.980,NN,7.2651,3.87,6,0.569952
audio15.TextGrid,3,1,he,7.790,7.890,PRP,1.5661,6.69,2,-1.069870
audio15.TextGrid,3,2,was,7.890,8.090,VBD,1.6783,6.82,3,-0.770545
audio15.TextGrid,3,3,thirsty,8.090,8.500,JJ,7.1420,3.74,5,0.259727
audio15.TextGrid,3,4,too,8.500,8.870,RB,4.7794,5.95,2,1.078256
audio15.TextGrid,3,5,and,8.870,9.030,CC,1.0750,7.41,3,-0.524584
audio15.TextGrid,3,6,he,9.540,9.680,PRP,1.4323,6.69,2,-1.203670
audio15.TextGrid,3,7,got,9.680,9.870,VBD,4.8657,5.91,3,1.106979
audio15.TextGrid,3,8,down,9.870,10.130,RB,3.7215,5.88,3,-0.080404
audio15.TextGrid,3,9,on,10.130,10.260,IN,1.2255,6.91,2,-1.093797
audio15.TextGrid,3,10,his,10.260,10.450,PRP$,0.5310,6.51,3,-2.364066
audio15.TextGrid,3,11,knees,10.450,10.910,NNS,0.7845,4.18,3,-5.464426
audio15.TextGrid,3,12,and,10.910,11.120,CC,0.6564,7.41,3,-0.943184
audio15.TextGrid,3,13,being,11.180,11.500,VBG,5.1562,5.95,4,1.455056
audio15.TextGrid,3,14,careful,11.500,11.880,JJ,4.3236,4.59,6,-1.335162
audio15.TextGrid,3,15,not,11.880,12.080,RB,1.0213,6.69,3,-1.614670
audio15.TextGrid,3,16,to,12.080,12.150,TO,0.0015,7.43,2,-1.569296
audio15.TextGrid,3,17,jerk,12.150,12.440,VB,6.9933,4.0,3,0.485277
audio15.TextGrid,3,18,on,12.440,12.570,IN,5.1713,6.91,2,2.852003
audio15.TextGrid,3,19,the,12.570,12.650,DT,0.7246,7.73,2,-0.414368
audio15.TextGrid,3,20,line,12.650,13.060,NN,2.0954,5.49,3,-2.267880
audio15.TextGrid,3,21,moved,13.190,13.520,VBD,5.5629,5.01,4,0.508696
audio15.TextGrid,3,22,as,13.520,13.690,IN,4.8814,6.77,2,2.360584
audio15.TextGrid,3,23,far,13.690,14.000,RB,3.3070,5.5,3,-1.041885
audio15.TextGrid,3,24,into,14.000,14.160,IN,5.1330,6.11,4,1.662164
audio15.TextGrid,3,25,the,14.160,14.250,DT,0.1044,7.73,2,-1.034568
audio15.TextGrid,3,26,bow,14.250,14.560,NN,6.4500,4.3,2,0.373805
audio15.TextGrid,3,27,as,14.560,14.660,IN,0.6684,6.77,2,-1.852416
audio15.TextGrid,3,28,he,14.660,14.740,PRP,0.4952,6.69,2,-2.140770
audio15.TextGrid,3,29,could,14.740,14.920,MD,0.0890,6.06,3,-3.453808
audio15.TextGrid,3,30,get,14.920,15.230,VB,4.4928,6.28,3,1.266666
audio15.TextGrid,4,1,and,15.630,15.780,CC,2.3307,7.41,3,0.731116
audio15.TextGrid,4,2,reached,15.780,16.020,VBD,5.4824,4.85,4,0.197888
audio15.TextGrid,4,3,the,16.020,16.110,DT,2.6353,7.73,2,1.496332
audio15.TextGrid,4,4,water,16.110,16.420,NN,4.7205,5.52,4,0.400403
audio15.TextGrid,4,5,bottle,16.420,16.740,NN,8.0926,4.57,5,2.405050
audio15.TextGrid,4,6,with,16.740,16.920,IN,2.8898,6.85,3,0.484138
audio15.TextGrid,4,7,one,16.920,17.090,CD,2.5797,6.47,3,-0.372943
audio15.TextGrid,4,8,hand,17.090,17.570,NN,0.2437,5.41,4,-4.234734
audio15.TextGrid,5,1,he,18.160,18.310,PRP,1.3345,6.69,2,-1.301470
audio15.TextGrid,5,2,opened,18.310,18.620,VBD,4.5896,4.85,5,-0.694912
audio15.TextGrid,5,3,it,18.620,18.840,PRP,0.7935,6.95,2,-1.468220
audio15.TextGrid,5,4,and,18.840,18.960,CC,0.5144,7.41,2,-1.085184
audio15.TextGrid,5,5,drank,18.960,19.270,VB,3.7140,3.95,5,-2.865994
audio15.TextGrid,5,6,a,19.270,19.300,DT,2.7556,7.36,1,1.084045
audio15.TextGrid,5,7,little,19.300,19.640,JJ,1.8644,5.75,5,-2.124629
audio15.TextGrid,6,1,then,20.350,20.610,RB,2.0561,6.07,3,-1.472313
audio15.TextGrid,6,2,he,20.610,20.760,PRP,0.2625,6.69,2,-2.373470
audio15.TextGrid,6,3,rested,20.760,21.130,VBD,6.5931,3.59,6,-0.505087
audio15.TextGrid,6,4,against,21.130,21.420,IN,4.5663,5.68,6,0.476511
audio15.TextGrid,6,5,the,21.420,21.510,DT,0.2696,7.73,2,-0.869368
audio15.TextGrid,6,6,bow,21.510,21.910,NN,6.5247,4.3,2,0.448505
audio15.TextGrid,7,1,he,22.780,22.900,PRP,1.6419,6.69,2,-0.994070
audio15.TextGrid,7,2,rested,22.900,23.420,VBD,6.0179,3.59,6,-1.080287
audio15.TextGrid,7,3,sitting,23.420,23.720,VBG,9.8865,4.86,5,4.616383
audio15.TextGrid,7,4,on,23.720,23.860,IN,0.8991,6.91,2,-1.420197
audio15.TextGrid,7,5,the,23.860,23.990,DT,0.5336,7.73,2,-0.605368
audio15.TextGrid,7,6,un,23.990,24.140,NN,8.8098,4.62,2,3.194221
audio15.TextGrid,7,7,stepped,24.140,24.510,VBD,8.0555,4.2,5,1.835362
audio15.TextGrid,7,8,mast,24.510,24.860,NN,8.0128,3.52,4,0.813854
audio15.TextGrid,7,9,and,24.860,24.960,CC,1.4958,7.41,2,-0.103784
audio15.TextGrid,7,10,sail,24.960,25.410,NN,12.6265,4.01,3,6.132872
audio15.TextGrid,7,11,and,25.630,25.770,CC,3.3514,7.41,3,1.751816
audio15.TextGrid,7,12,tried,25.770,26.130,VBD,5.4697,5.16,4,0.631410
audio15.TextGrid,7,13,not,26.130,26.330,RB,1.7929,6.69,3,-0.843070
audio15.TextGrid,7,14,to,26.330,26.420,TO,0.0034,7.43,2,-1.567396
audio15.TextGrid,7,15,think,26.420,26.880,VB,2.7660,6.08,4,-0.748019
audio15.TextGrid,7,16,but,26.950,27.090,CC,5.8944,6.63,3,3.172065
audio15.TextGrid,7,17,only,27.090,27.360,RB,5.7899,6.12,4,2.333458
audio15.TextGrid,7,18,to,27.360,27.540,TO,0.4365,7.43,2,-1.134296
audio15.TextGrid,7,19,endure,27.540,28.070,VB,8.7952,3.82,6,2.028081
audio15.TextGrid,8,1,then,29.580,29.880,RB,2.3030,6.07,3,-1.225413
audio15.TextGrid,8,2,he,29.880,30.020,PRP,0.3676,6.69,2,-2.268370
audio15.TextGrid,8,3,looked,30.020,30.230,VBD,2.9654,5.11,4,-1.944861
audio15.TextGrid,8,4,behind,30.230,30.670,IN,6.4046,5.29,6,1.753435
audio15.TextGrid,8,5,him,30.670,30.920,PRP,0.2280,6.11,3,-3.242836
audio15.TextGrid,8,6,and,30.920,31.070,CC,0.4398,7.41,3,-1.159784
audio15.TextGrid,8,7,saw,31.070,31.300,VBD,0.6479,5.34,2,-3.931293
audio15.TextGrid,8,8,that,31.300,31.470,IN,1.8443,7.01,3,-0.331054
audio15.TextGrid,8,9,no,31.470,31.640,DT,4.5021,6.35,2,1.376726
audio15.TextGrid,8,10,land,31.640,31.950,NN,8.0156,5.22,4,3.263676
audio15.TextGrid,8,11,was,31.950,32.150,VBD,1.0947,6.82,3,-1.354145
audio15.TextGrid,8,12,visible,32.150,32.660,JJ,3.2023,4.39,7,-2.744347
audio15.TextGrid,9,1,that,33.340,33.530,DT,4.8928,7.01,3,2.717446
audio15.TextGrid,9,2,makes,33.530,33.800,VBZ,6.7477,5.46,4,2.341238
audio15.TextGrid,9,3,no,33.800,33.920,DT,2.6158,6.35,2,-0.509574
audio15.TextGrid,9,4,difference,33.920,34.430,NN,0.9110,5.01,7,-4.143204
audio15.TextGrid,9,5,he,34.430,34.540,PRP,0.7702,6.69,2,-1.865770
audio15.TextGrid,9,6,thought,34.540,34.940,VBD,0.1788,5.59,3,-4.040537
audio15.TextGrid,10,1,i,35.370,35.450,NN,3.7123,7.09,1,1.652100
audio15.TextGrid,10,2,can,35.450,35.590,MD,2.4478,6.46,3,-0.519238
audio15.TextGrid,10,3,always,35.590,35.930,RB,5.9277,5.76,5,1.953065
audio15.TextGrid,10,4,come,35.930,36.130,VB,3.8427,5.78,3,-0.103147
audio15.TextGrid,10,5,in,36.130,36.290,IN,3.6937,7.27,2,1.892596
audio15.TextGrid,10,6,on,36.290,36.400,IN,4.1467,6.91,2,1.827403
audio15.TextGrid,10,7,the,36.400,36.470,DT,1.2460,7.73,2,0.107032
audio15.TextGrid,10,8,glow,36.470,36.740,NN,12.3371,3.91,3,5.699529
audio15.TextGrid,10,9,from,36.740,36.950,IN,3.9298,6.63,4,1.207465
audio15.TextGrid,10,10,havana,36.950,37.320,NN,12.2932,3.53,6,5.108648
audio15.TextGrid,11,1,there,38.460,38.590,EX,3.7272,6.31,3,0.544249
audio15.TextGrid,11,2,are,38.590,38.710,VBP,1.4432,6.74,2,-1.120799
audio15.TextGrid,11,3,two,38.710,38.940,CD,3.8937,6.1,2,0.408469
audio15.TextGrid,11,4,more,38.940,39.200,JJR,4.4401,6.36,3,1.329120
audio15.TextGrid,11,5,hours,39.200,39.580,NNS,3.5840,5.4,3,-0.908828
audio15.TextGrid,11,6,before,39.580,39.880,IN,2.6406,5.93,5,-1.089333
audio15.TextGrid,11,7,the,39.880,39.980,DT,1.3073,7.73,2,0.168332
audio15.TextGrid,11,8,sun,39.980,40.260,NN,2.3692,4.97,3,-2.742581
audio15.TextGrid,11,9,sets,40.260,40.680,NNS,1.0067,4.69,4,-4.508119
audio15.TextGrid,11,10,and,40.680,40.920,CC,0.9206,7.41,3,-0.678984
audio15.TextGrid,11,11,maybe,40.920,41.230,RB,6.4914,5.45,4,2.070543
audio15.TextGrid,11,12,he,41.230,41.330,PRP,1.7324,6.69,2,-0.903570
audio15.TextGrid,11,13,will,41.330,41.500,MD,0.7822,6.45,3,-2.199232
audio15.TextGrid,11,14,come,41.500,41.690,VB,2.2092,5.78,3,-1.736647
audio15.TextGrid,11,15,up,41.690,41.820,RP,2.9977,6.39,2,-0.070097
audio15.TextGrid,11,16,before,41.830,42.170,IN,5.2195,5.93,5,1.489567
audio15.TextGrid,12,1,that,42.170,42.540,IN,2.6045,7.01,3,0.429146
audio15.TextGrid,12,2,if,43.140,43.260,IN,3.9472,6.47,2,0.994557
audio15.TextGrid,12,3,he,43.260,43.340,PRP,0.6504,6.69,2,-1.985570
audio15.TextGrid,12,4,doesn't,43.340,43.790,VBZ,3.2235,5.53,6,-1.082203
audio15.TextGrid,12,5,maybe,43.790,44.050,RB,9.8450,5.45,4,5.424143
audio15.TextGrid,12,6,he,44.050,44.120,PRP,0.6857,6.69,2,-1.950270
audio15.TextGrid,12,7,will,44.120,44.260,MD,0.8194,6.45,3,-2.162032
audio15.TextGrid,12,8,come,44.260,44.440,VB,1.4693,5.78,3,-2.476547
audio15.TextGrid,12,9,up,44.440,44.600,RP,0.8398,6.39,2,-2.227997
audio15.TextGrid,12,10,with,44.600,44.730,IN,4.2114,6.85,3,1.805738
audio15.TextGrid,12,11,the,44.730,44.790,DT,1.8887,7.73,2,0.749732
audio15.TextGrid,12,12,moon,44.790,45.260,NN,8.5041,4.7,3,3.003675
audio15.TextGrid,13,1,if,45.940,46.060,IN,3.1999,6.47,2,0.247257
audio15.TextGrid,13,2,he,46.060,46.140,PRP,0.2745,6.69,2,-2.361470
audio15.TextGrid,13,3,does,46.140,46.320,VBZ,0.8990,5.74,3,-3.104423
audio15.TextGrid,13,4,not,46.320,46.570,RB,3.6145,6.69,3,0.978530
audio15.TextGrid,13,5,do,46.570,46.650,VB,4.0514,6.35,2,0.926026
audio15.TextGrid,13,6,that,46.650,46.920,DT,0.9570,7.01,3,-1.218354
audio15.TextGrid,13,7,maybe,46.990,47.280,RB,3.9380,5.45,4,-0.482857
audio15.TextGrid,13,8,he,47.280,47.360,PRP,0.2618,6.69,2,-2.374170
audio15.TextGrid,13,9,will,47.360,47.500,MD,0.3626,6.45,3,-2.618832
audio15.TextGrid,13,10,come,47.500,47.660,VB,0.7862,5.78,3,-3.159647
audio15.TextGrid,13,11,up,47.660,47.840,RP,0.2089,6.39,2,-2.858897
audio15.TextGrid,13,12,with,47.840,47.940,IN,0.7681,6.85,3,-1.637562
audio15.TextGrid,13,13,the,47.940,48.020,DT,0.4897,7.73,2,-0.649268
audio15.TextGrid,13,14,sunrise,48.020,48.690,NN,4.6627,3.82,6,-2.104419
audio15.TextGrid,14,1,i,49.400,49.510,NNS,2.7842,7.09,1,0.724000
audio15.TextGrid,14,2,have,49.510,49.690,VBP,2.8600,6.71,3,0.252819
audio15.TextGrid,14,3,no,49.690,49.810,DT,2.2522,6.35,2,-0.873174
audio15.TextGrid,14,4,cramps,49.810,50.450,NNS,12.5584,3.32,6,5.071569
audio15.TextGrid,14,5,and,50.450,50.580,CC,1.9235,7.41,3,0.323916
audio15.TextGrid,14,6,i,50.580,50.680,JJ,1.0006,7.09,1,-1.059600
audio15.TextGrid,14,7,feel,50.680,50.930,NN,3.8594,5.67,3,-0.244783
audio15.TextGrid,14,8,strong,50.930,51.520,JJ,5.0099,5.22,5,0.257976
audio15.TextGrid,15,1,it,52.010,52.140,PRP,3.4196,6.95,2,1.157880
audio15.TextGrid,15,2,is,52.140,52.310,VBZ,1.1408,7.07,2,-0.948189
audio15.TextGrid,15,3,he,52.310,52.580,PRP,7.8474,6.69,2,5.211430
audio15.TextGrid,15,4,that,52.580,52.740,WDT,2.9301,7.01,3,0.754746
audio15.TextGrid,15,5,has,52.740,52.950,VBZ,2.3157,6.37,3,-0.780886
audio15.TextGrid,15,6,the,52.950,53.060,DT,2.7211,7.73,2,1.582132
audio15.TextGrid,15,7,hook,53.060,53.260,NN,5.6102,4.37,3,-0.365235
audio15.TextGrid,15,8,in,53.260,53.370,IN,2.3196,7.27,2,0.518496
audio15.TextGrid,15,9,his,53.370,53.560,PRP$,0.4051,6.51,3,-2.489966
audio15.TextGrid,15,10,mouth,53.560,53.950,NN,0.7591,4.83,3,-4.554200
audio15.TextGrid,16,1,but,54.950,55.130,CC,3.5278,6.63,3,0.805465
audio15.TextGrid,16,2,what,55.130,55.270,WP,3.8523,6.38,3,0.770108
audio15.TextGrid,16,3,a,55.270,55.330,DT,4.8781,7.36,1,3.206545
audio15.TextGrid,16,4,fish,55.330,55.640,NN,3.6412,4.9,3,-1.571340
audio15.TextGrid,16,5,to,55.640,55.750,TO,4.6047,7.43,2,3.033904
audio15.TextGrid,16,6,pull,55.750,56.140,VB,4.7028,4.82,3,-0.624894
audio15.TextGrid,16,7,like,56.140,56.340,IN,4.6520,6.41,3,1.612991
audio15.TextGrid,17,1,that,56.340,56.650,IN,0.4972,7.01,3,-1.678154
audio15.TextGrid,17,2,he,57.300,57.410,PRP,1.7847,6.69,2,-0.851270
audio15.TextGrid,17,3,must,57.410,57.620,MD,3.5223,5.68,4,-0.567489
audio15.TextGrid,17,4,have,57.620,57.750,VB,1.2638,6.71,3,-1.343381
audio15.TextGrid,17,5,his,57.750,57.920,PRP$,3.7786,6.51,3,0.883534
audio15.TextGrid,17,6,mouth,57.920,58.200,NN,4.6160,4.83,3,-0.697300
audio15.TextGrid,17,7,shut,58.200,58.440,VBD,3.3717,4.78,3,-2.013571
audio15.TextGrid,17,8,tight,58.470,58.710,VBN,5.2455,4.57,3,-0.442050
audio15.TextGrid,17,9,on,58.710,58.830,IN,3.7462,6.91,2,1.426903
audio15.TextGrid,17,10,the,58.830,58.890,DT,1.0215,7.73,2,-0.117468
audio15.TextGrid,17,11,wire,58.890,59.300,NN,6.0542,4.43,3,0.165130
audio15.TextGrid,18,1,i,59.300,59.330,JJ,2.4152,7.09,1,0.355000
audio15.TextGrid,18,2,wish,60.140,60.430,VBP,4.4934,5.18,3,-0.316101
audio15.TextGrid,18,3,i,60.430,60.520,NN,0.4364,7.09,1,-1.623800
audio15.TextGrid,18,4,could,60.520,60.690,MD,1.6942,6.06,3,-1.848608
audio15.TextGrid,18,5,see,60.690,61.010,VB,3.4489,6.1,2,-0.036331
audio15.TextGrid,18,6,him,61.010,61.210,PRP,1.4605,6.11,2,-2.010336
audio15.TextGrid,19,1,i,61.960,62.040,JJ,1.2350,7.09,1,-0.825200
audio15.TextGrid,19,2,wish,62.040,62.260,VBP,1.3588,5.18,3,-3.450701
audio15.TextGrid,19,3,i,62.260,62.360,NN,0.3115,7.09,1,-1.748700
audio15.TextGrid,19,4,could,62.360,62.510,MD,0.0686,6.06,3,-3.474208
audio15.TextGrid,19,5,see,62.510,62.740,VB,0.8647,6.1,2,-2.620531
audio15.TextGrid,19,6,him,62.740,62.840,PRP,0.6366,6.11,2,-2.834236
audio15.TextGrid,19,7,only,62.840,63.060,RB,6.2830,6.12,4,2.826558
audio15.TextGrid,19,8,once,63.060,63.420,RB,3.2375,5.53,4,-1.068203
audio15.TextGrid,19,9,to,63.420,63.590,TO,5.4546,7.43,2,3.883804
audio15.TextGrid,19,10,know,63.590,63.760,VB,4.7546,6.1,2,1.269369
audio15.TextGrid,19,11,what,63.760,63.950,WP,1.9346,6.38,3,-1.147592
audio15.TextGrid,19,12,i,63.950,64.040,NN,2.3112,7.09,1,0.251000
audio15.TextGrid,19,13,have,64.040,64.230,VBP,2.7843,6.71,3,0.177119
audio15.TextGrid,19,14,against,64.230,64.670,IN,7.6197,5.68,6,3.529911
audio15.TextGrid,19,15,me,64.670,64.940,PRP,2.6552,6.48,2,-0.283049
audio15.TextGrid,20,1,the,67.290,67.390,DT,3.4121,7.73,2,2.273132
audio15.TextGrid,20,2,fish,67.390,67.720,JJ,2.6886,4.9,3,-2.523940
audio15.TextGrid,20,3,never,67.720,68.010,RB,5.5420,5.91,4,1.783279
audio15.TextGrid,20,4,changed,68.010,68.470,VBN,5.4851,5.07,5,0.517262
audio15.TextGrid,20,5,his,68.470,68.640,PRP$,2.2195,6.51,3,-0.675566
audio15.TextGrid,20,6,course,68.640,69.130,NN,3.6334,5.44,4,-0.801851
audio15.TextGrid,20,7,nor,69.130,69.360,CC,4.6975,4.78,3,-0.687771
audio15.TextGrid,20,8,his,69.360,69.540,PRP$,2.4348,6.51,3,-0.460266
audio15.TextGrid,20,9,direction,69.540,70.120,NN,3.7052,4.93,8,-1.464158
audio15.TextGrid,20,10,all,70.120,70.380,DT,7.9353,6.52,2,5.054628
audio15.TextGrid,20,11,that,70.380,70.670,WDT,1.0706,7.01,3,-1.104754
audio15.TextGrid,20,12,night,70.670,70.980,NN,5.8445,5.61,3,1.653951
audio15.TextGrid,20,13,as,70.980,71.130,RB,5.5472,6.77,2,3.026384
audio15.TextGrid,20,14,far,71.130,71.310,RB,3.4716,5.5,3,-0.877285
audio15.TextGrid,20,15,as,71.310,71.420,IN,0.0224,6.77,2,-2.498416
audio15.TextGrid,20,16,the,71.420,71.500,DT,2.6117,7.73,2,1.472732
audio15.TextGrid,20,17,man,71.500,71.740,NN,6.1934,5.82,3,2.305130
audio15.TextGrid,20,18,could,71.740,71.940,MD,2.1009,6.06,3,-1.441908
audio15.TextGrid,20,19,tell,71.940,72.210,VB,1.2311,5.53,3,-3.074603
audio15.TextGrid,20,20,from,72.210,72.380,IN,4.6726,6.63,3,1.950265
audio15.TextGrid,20,21,watching,72.380,72.740,VBG,4.4212,5.02,5,-0.618609
audio15.TextGrid,20,22,the,72.740,72.820,DT,1.4115,7.73,2,0.272532
audio15.TextGrid,20,23,stars,72.820,73.410,NNS,6.5702,4.86,5,1.300083
audio15.TextGrid,21,1,it,74.130,74.270,PRP,2.9920,6.95,2,0.730280
audio15.TextGrid,21,2,was,74.270,74.410,VBD,0.8826,6.82,3,-1.566245
audio15.TextGrid,21,3,cold,74.410,74.850,VBN,6.2762,5.02,4,1.236391
audio15.TextGrid,21,4,after,74.850,75.060,IN,5.6222,6.11,4,2.151364
audio15.TextGrid,21,5,the,75.060,75.160,DT,2.1068,7.73,2,0.967832
audio15.TextGrid,21,6,sun,75.160,75.400,NN,1.7608,4.97,3,-3.350981
audio15.TextGrid,21,7,went,75.400,75.630,VBD,2.1003,5.5,4,-2.248585
audio15.TextGrid,21,8,down,75.630,76.000,RB,0.1468,5.88,3,-3.655104
audio15.TextGrid,22,1,and,76.460,76.560,CC,0.6272,7.41,2,-0.972384
audio15.TextGrid,22,2,the,76.560,76.680,DT,1.6521,7.73,2,0.513132
audio15.TextGrid,22,3,old,76.680,76.960,JJ,4.8200,5.75,3,0.830971
audio15.TextGrid,22,4,man,76.960,77.200,NN,0.0266,5.82,3,-3.861670
audio15.TextGrid,22,5,s,77.200,77.250,VBZ,3.6669,5.86,1,-0.163793
audio15.TextGrid,22,6,sweat,77.250,77.620,NN,6.9486,4.14,4,0.642097
audio15.TextGrid,22,7,dried,77.620,77.890,VBD,3.2200,4.04,4,-3.230446
audio15.TextGrid,22,8,cold,77.890,78.230,NN,7.5779,5.02,4,2.538091
audio15.TextGrid,22,9,on,78.230,78.370,IN,2.8539,6.91,2,0.534603
audio15.TextGrid,22,10,his,78.370,78.540,PRP$,0.3538,6.51,3,-2.541266
audio15.TextGrid,22,11,back,78.540,78.960,NN,3.9312,6.04,3,0.359604
audio15.TextGrid,22,12,and,78.960,79.070,CC,1.5336,7.41,2,-0.065984
audio15.TextGrid,22,13,his,79.070,79.230,PRP$,1.5951,6.51,3,-1.299966
audio15.TextGrid,22,14,arms,79.230,79.670,NNS,4.6334,4.82,4,-0.694294
audio15.TextGrid,22,15,and,79.670,79.800,CC,2.2203,7.41,3,0.620716
audio15.TextGrid,22,16,his,79.800,79.950,PRP$,3.1270,6.51,3,0.231934
audio15.TextGrid,22,17,old,79.950,80.220,JJ,8.3674,5.75,3,4.378371
audio15.TextGrid,22,18,legs,80.220,80.680,NN,3.9201,4.67,4,-1.623508
audio15.TextGrid,23,1,during,81.440,81.720,IN,7.5637,5.72,5,3.531488
audio15.TextGrid,23,2,the,81.720,81.790,DT,0.5206,7.73,2,-0.618368
audio15.TextGrid,23,3,day,81.790,82.080,NN,2.0668,5.95,2,-1.634344
audio15.TextGrid,23,4,he,82.080,82.160,PRP,0.7381,6.69,2,-1.897870
audio15.TextGrid,23,5,had,82.160,82.340,VBD,2.6337,6.33,3,-0.520463
audio15.TextGrid,23,6,taken,82.340,82.620,VBN,5.0221,5.33,5,0.428512
audio15.TextGrid,23,7,the,82.620,82.680,DT,1.7488,7.73,2,0.609832
audio15.TextGrid,23,8,sack,82.680,83.030,NN,7.7807,3.91,3,1.143129
audio15.TextGrid,23,9,that,83.030,83.190,WDT,3.9448,7.01,3,1.769446
audio15.TextGrid,23,10,covered,83.190,83.500,VBD,5.6801,4.83,5,0.366800
audio15.TextGrid,23,11,the,83.500,83.560,DT,1.3004,7.73,2,0.161432
audio15.TextGrid,23,12,bait,83.560,83.830,NN,6.6237,3.85,3,-0.100236
audio15.TextGrid,23,13,box,83.830,84.190,NN,5.1161,5.04,4,0.105079
audio15.TextGrid,23,14,and,84.190,84.350,CC,0.7830,7.41,3,-0.816584
audio15.TextGrid,23,15,spread,84.350,84.640,NN,6.4449,4.81,5,1.102811
audio15.TextGrid,23,16,it,84.640,84.740,PRP,0.2938,6.95,2,-1.967920
audio15.TextGrid,23,17,in,84.740,84.830,IN,3.4453,7.27,2,1.644196
audio15.TextGrid,23,18,the,84.830,84.910,DT,1.0393,7.73,2,-0.099668
audio15.TextGrid,23,19,sun,84.910,85.170,NN,5.6835,4.97,3,0.571719
audio15.TextGrid,23,20,to,85.170,85.270,TO,3.1930,7.43,2,1.622204
audio15.TextGrid,23,21,dry,85.270,85.710,VB,3.0159,4.74,3,-2.426948
audio15.TextGrid,24,1,after,86.650,86.920,IN,4.2461,6.11,4,0.775264
audio15.TextGrid,24,2,the,86.920,87.020,DT,1.5196,7.73,2,0.380632
audio15.TextGrid,24,3,sun,87.020,87.280,NN,0.8605,4.97,3,-4.251281
audio15.TextGrid,24,4,went,87.280,87.460,VBD,0.7696,5.5,4,-3.579285
audio15.TextGrid,24,5,down,87.460,87.890,IN,0.0866,5.88,3,-3.715304
audio15.TextGrid,24,6,he,87.890,88.050,PRP,0.8030,6.69,2,-1.832970
audio15.TextGrid,24,7,tied,88.050,88.370,VBD,5.9327,4.47,3,0.101207
audio15.TextGrid,24,8,it,88.370,88.470,PRP,1.7069,6.95,2,-0.554820
audio15.TextGrid,24,9,around,88.470,88.750,IN,2.8340,5.77,4,-1.126241
audio15.TextGrid,24,10,his,88.750,88.940,PRP$,0.5936,6.51,3,-2.301466
audio15.TextGrid,24,11,neck,88.940,89.240,NN,0.7833,4.63,3,-4.817885
audio15.TextGrid,24,12,so,89.240,89.380,IN,3.8131,6.52,2,0.932428
audio15.TextGrid,24,13,that,89.380,89.530,IN,0.5049,7.01,3,-1.670454
audio15.TextGrid,24,14,it,89.530,89.650,PRP,1.2766,6.95,2,-0.985120
audio15.TextGrid,24,15,hung,89.650,89.850,VBD,4.3913,4.21,3,-1.814443
audio15.TextGrid,24,16,down,89.850,90.100,RP,2.0004,5.88,3,-1.801504
audio15.TextGrid,24,17,over,90.100,90.320,IN,2.9989,6.08,3,-0.515119
audio15.TextGrid,24,18,his,90.320,90.490,PRP$,0.4667,6.51,3,-2.428366
audio15.TextGrid,24,19,back,90.490,90.890,NN,3.3109,6.04,3,-0.260696
audio15.TextGrid,25,1,and,91.400,91.480,CC,1.1205,7.41,2,-0.479084
audio15.TextGrid,25,2,he,91.480,91.560,PRP,1.8630,6.69,2,-0.772970
audio15.TextGrid,25,3,cautiously,91.560,92.150,RB,11.9725,3.32,7,4.485669
audio15.TextGrid,25,4,worked,92.150,92.410,VBD,5.0184,5.16,4,0.180110
audio15.TextGrid,25,5,it,92.410,92.470,PRP,1.5170,6.95,2,-0.744720
audio15.TextGrid,25,6,down,92.470,92.920,RP,2.5147,5.88,3,-1.287204
audio15.TextGrid,25,7,under,92.920,93.120,IN,4.6196,5.73,4,0.601782
audio15.TextGrid,25,8,the,93.120,93.230,DT,0.7617,7.73,2,-0.377268
audio15.TextGrid,25,9,line,93.230,93.640,NN,3.5239,5.49,3,-0.839380
audio15.TextGrid,25,10,that,93.640,93.800,WDT,3.1117,7.01,3,0.936346
audio15.TextGrid,25,11,was,93.800,93.970,VBD,1.4388,6.82,3,-1.010045
audio15.TextGrid,25,12,across,93.970,94.320,IN,6.4861,5.25,5,1.777358
audio15.TextGrid,25,13,his,94.320,94.450,PRP$,0.3746,6.51,3,-2.520466
audio15.TextGrid,25,14,shoulders,94.450,94.940,NNS,5.1053,4.18,6,-1.143626
audio15.TextGrid,25,15,now,94.940,95.320,RB,6.6710,6.18,2,3.300923
audio15.TextGrid,26,1,the,96.010,96.100,DT,2.4059,7.73,2,1.266932
audio15.TextGrid,26,2,sack,96.100,96.390,NN,6.1362,3.91,3,-0.501371
audio15.TextGrid,26,3,cushioned,96.390,96.780,VBD,11.1052,2.62,6,2.610771
audio15.TextGrid,26,4,the,96.780,96.860,DT,1.2294,7.73,2,0.090432
audio15.TextGrid,26,5,line,96.860,97.250,NN,1.4679,5.49,3,-2.895380
audio15.TextGrid,26,6,and,97.250,97.390,CC,1.2044,7.41,3,-0.395184
audio15.TextGrid,26,7,he,97.390,97.480,PRP,1.4624,6.69,2,-1.173570
audio15.TextGrid,26,8,had,97.480,97.610,VBD,3.5640,6.33,3,0.409837
audio15.TextGrid,26,9,found,97.610,97.860,VBN,5.8924,5.68,4,1.802611
audio15.TextGrid,26,10,a,97.860,97.890,DT,1.6377,7.36,1,-0.033855
audio15.TextGrid,26,11,way,97.890,98.090,NN,1.6896,6.01,2,-1.925179
audio15.TextGrid,26,12,of,98.090,98.230,IN,3.4869,7.4,2,1.872922
audio15.TextGrid,26,13,leaning,98.230,98.590,VBG,7.0444,3.89,5,0.378041
audio15.TextGrid,26,14,forward,98.590,99.040,RB,3.2303,5.12,6,-1.665567
audio15.TextGrid,26,15,against,99.040,99.330,IN,3.9982,5.68,6,-0.091589
audio15.TextGrid,26,16,the,99.330,99.430,DT,0.6230,7.73,2,-0.515968
audio15.TextGrid,26,17,bow,99.430,99.870,NN,5.2366,4.3,2,-0.839595
audio15.TextGrid,26,18,so,99.870,100.020,RB,2.8603,6.52,2,-0.020372
audio15.TextGrid,26,19,that,100.020,100.170,IN,0.2389,7.01,3,-1.936454
audio15.TextGrid,26,20,he,100.170,100.230,PRP,1.1606,6.69,2,-1.475370
audio15.TextGrid,26,21,was,100.230,100.380,VBD,2.4243,6.82,3,-0.024545
audio15.TextGrid,26,22,almost,100.380,100.740,RB,4.6390,5.39,6,0.131778
audio15.TextGrid,26,23,comfortable,100.740,101.310,JJ,6.3792,4.66,10,0.821198
audio15.TextGrid,27,1,the,102.310,102.380,DT,2.2367,7.73,2,1.097732
audio15.TextGrid,27,2,position,102.380,102.840,NN,7.8768,5.21,7,3.110481
audio15.TextGrid,27,3,actually,102.840,103.370,RB,8.5423,5.49,5,4.179020
audio15.TextGrid,27,4,was,103.370,103.560,VBD,3.2444,6.82,3,0.795555
audio15.TextGrid,27,5,only,103.560,103.810,JJ,5.8615,6.12,4,2.405058
audio15.TextGrid,27,6,somewhat,103.810,104.260,RB,6.0509,4.55,6,0.334561
audio15.TextGrid,27,7,less,104.260,104.530,RBR,4.3618,5.49,3,-0.001480
audio15.TextGrid,27,8,intolerable,104.530,105.280,JJ,7.5990,3.17,10,-0.103745
audio15.TextGrid,28,1,but,106.040,106.200,CC,2.9587,6.63,3,0.236365
audio15.TextGrid,28,2,he,106.200,106.310,PRP,1.6569,6.69,2,-0.979070
audio15.TextGrid,28,3,thought,106.310,106.540,VBD,4.0931,5.59,3,-0.126237
audio15.TextGrid,28,4,of,106.540,106.640,IN,3.2566,7.4,2,1.642622
audio15.TextGrid,28,5,it,106.640,106.740,PRP,1.3197,6.95,2,-0.942020
audio15.TextGrid,28,6,as,106.740,106.840,IN,1.6846,6.77,2,-0.836216
audio15.TextGrid,28,7,almost,106.840,107.210,RB,6.7253,5.39,6,2.218078
audio15.TextGrid,28,8,comfortable,107.210,107.750,JJ,5.2346,4.66,10,-0.323402
audio15.TextGrid,29,1,i,109.400,109.540,NN,3.6378,7.09,1,1.577600
audio15.TextGrid,29,2,can,109.540,109.710,MD,2.5208,6.46,3,-0.446238
audio15.TextGrid,29,3,do,109.710,109.850,VB,2.8935,6.35,2,-0.231874
audio15.TextGrid,29,4,nothing,109.850,110.190,NN,3.2001,5.55,5,-1.076814
audio15.TextGrid,29,5,with,110.190,110.340,IN,4.0304,6.85,3,1.624738
audio15.TextGrid,29,6,him,110.340,110.600,PRP,1.9193,6.11,3,-1.551536
audio15.TextGrid,29,7,and,110.600,110.750,CC,2.7490,7.41,3,1.149416
audio15.TextGrid,29,8,he,110.750,110.850,PRP,1.8742,6.69,2,-0.761770
audio15.TextGrid,29,9,can,110.850,111.030,MD,2.1560,6.46,3,-0.811038
audio15.TextGrid,29,10,do,111.030,111.140,VB,1.4994,6.35,2,-1.625974
audio15.TextGrid,29,11,nothing,111.140,111.480,NN,0.4027,5.55,5,-3.874214
audio15.TextGrid,29,12,with,111.480,111.630,IN,0.3484,6.85,3,-2.057262
audio15.TextGrid,29,13,me,111.630,111.960,PRP,0.3658,6.48,2,-2.572449
audio15.TextGrid,29,14,he,112.150,112.260,PRP,1.0029,6.69,2,-1.633070
audio15.TextGrid,29,15,thought,112.260,112.670,VBD,0.3682,5.59,3,-3.851137
audio15.TextGrid,30,1,not,113.210,113.420,RB,6.1923,6.69,3,3.556330
audio15.TextGrid,30,2,as,113.420,113.540,RB,4.7661,6.77,2,2.245284
audio15.TextGrid,30,3,long,113.540,113.770,RB,2.0710,5.81,3,-1.831664
audio15.TextGrid,30,4,as,113.770,113.870,IN,0.1884,6.77,2,-2.332416
audio15.TextGrid,30,5,he,113.870,113.970,PRP,0.7852,6.69,2,-1.850770
audio15.TextGrid,30,6,keeps,113.970,114.330,VBZ,4.6563,4.67,4,-0.887308
audio15.TextGrid,30,7,this,114.330,114.560,DT,3.9305,6.82,3,1.481655
audio15.TextGrid,30,8,up,114.560,114.850,RP,1.6707,6.39,2,-1.397097
audio15.TextGrid,31,1,once,116.920,117.200,RB,5.7336,5.53,4,1.427897
audio15.TextGrid,31,2,he,117.200,117.330,PRP,1.1665,6.69,2,-1.469470
audio15.TextGrid,31,3,stood,117.330,120.310,VBD,5.2839,4.57,4,-0.403650
audio15.TextGrid,31,4,up,120.310,120.670,RP,1.0217,6.39,2,-2.046097
audio15.TextGrid,32,1,and,120.670,121.580,CC,1.0993,7.41,3,-0.500284
audio15.TextGrid,32,2,urinated,122.640,123.250,VBN,10.5920,2.31,9,1.651350
audio15.TextGrid,32,3,over,123.250,123.430,IN,5.7263,6.08,3,2.212281
audio15.TextGrid,32,4,the,123.430,123.540,DT,0.4585,7.73,2,-0.680468
audio15.TextGrid,32,5,side,123.540,123.690,NN,6.2159,5.5,3,1.867015
audio15.TextGrid,32,6,of,123.690,123.780,IN,0.3741,7.4,2,-1.239878
audio15.TextGrid,32,7,the,123.780,123.980,DT,0.0947,7.73,2,-1.044268
audio15.TextGrid,32,8,skiff,123.980,124.140,NN,5.5059,2.63,4,-2.974135
audio15.TextGrid,32,9,and,124.140,124.200,CC,0.8528,7.41,2,-0.746784
audio15.TextGrid,32,10,looked,124.200,124.320,VBD,3.5292,5.11,4,-1.381061
audio15.TextGrid,32,11,at,124.320,124.380,IN,1.5578,6.7,2,-1.063776
audio15.TextGrid,32,12,the,124.380,124.450,DT,0.8950,7.73,2,-0.243968
audio15.TextGrid,32,13,stars,124.450,124.750,NNS,5.0408,4.86,5,-0.229317
audio15.TextGrid,32,14,and,124.750,124.890,CC,2.2540,7.41,3,0.654416
audio15.TextGrid,32,15,checked,124.890,125.030,VBD,7.4816,4.54,4,1.750867
audio15.TextGrid,32,16,his,125.030,125.120,PRP$,1.3891,6.51,3,-1.505966
audio15.TextGrid,32,17,course,125.120,125.600,NN,6.7484,5.44,4,2.313149
audio15.TextGrid,32,18,the,125.600,125.660,DT,2.2332,7.73,2,1.094232
audio15.TextGrid,32,19,line,125.660,125.750,NN,1.9717,5.49,3,-2.391580
audio15.TextGrid,32,20,showed,125.750,126.060,VBD,7.5004,4.86,3,2.230283
audio15.TextGrid,32,21,like,126.060,126.160,IN,7.1539,6.41,3,4.114891
audio15.TextGrid,32,22,a,126.160,126.190,DT,0.7016,7.36,1,-0.969955
audio15.TextGrid,32,23,phosphorescent,126.190,126.890,NN,10.1402,2.22,11,1.070001
audio15.TextGrid,33,1,streak,127.680,127.990,NN,6.3458,4.06,5,-0.075857
audio15.TextGrid,33,2,in,127.990,128.090,IN,2.9000,7.27,2,1.098896
audio15.TextGrid,33,3,the,128.090,128.290,DT,0.2906,7.73,2,-0.848368
audio15.TextGrid,33,4,water,128.290,128.540,NN,2.5103,5.52,4,-1.809797
audio15.TextGrid,33,5,straight,128.540,129.020,VBD,9.5663,5.04,5,4.555279
audio15.TextGrid,33,6,out,129.020,129.360,RP,3.1627,6.38,2,0.080508
audio15.TextGrid,33,7,from,129.460,129.600,IN,2.2312,6.63,4,-0.491135
audio15.TextGrid,33,8,his,129.600,129.770,PRP$,2.5488,6.51,3,-0.346266
audio15.TextGrid,33,9,shoulders,129.770,130.190,NNS,6.5660,4.18,6,0.317074
audio15.TextGrid,33,10,they,130.190,130.350,PRP,5.9067,6.5,2,2.997239
audio15.TextGrid,33,11,were,130.350,130.620,VBD,1.1016,6.34,2,-2.038169
audio15.TextGrid,33,12,moving,130.620,130.890,VBG,3.8724,5.02,5,-1.167409
audio15.TextGrid,33,13,more,130.890,130.980,RBR,5.3587,6.36,3,2.247720
audio15.TextGrid,33,14,slowly,130.980,131.470,RB,0.6445,4.63,5,-4.956685
audio15.TextGrid,33,15,now,131.470,131.580,RB,2.7217,6.18,2,-0.648377
audio15.TextGrid,33,16,and,131.780,131.980,CC,1.2099,7.41,2,-0.389684
audio15.TextGrid,33,17,the,131.980,132.060,DT,1.9748,7.73,2,0.835832
audio15.TextGrid,33,18,glow,132.060,132.180,NN,8.0679,3.91,3,1.430329
audio15.TextGrid,33,19,of,132.180,132.270,IN,2.3308,7.4,2,0.716822
audio15.TextGrid,33,20,havana,132.270,132.530,NN,3.0822,3.53,6,-4.102352
audio15.TextGrid,33,21,was,132.530,132.660,VBD,0.9723,6.82,3,-1.476545
audio15.TextGrid,33,22,not,132.660,133.000,RB,3.5596,6.69,3,0.923630
audio15.TextGrid,33,23,so,133.000,133.060,RB,3.0940,6.52,2,0.213328
audio15.TextGrid,33,24,strong,133.060,133.840,JJ,3.1272,5.22,5,-1.624724
audio15.TextGrid,33,25,so,133.840,133.940,RB,2.1274,6.52,2,-0.753272
audio15.TextGrid,33,26,that,133.940,134.080,IN,2.6131,7.01,3,0.437746
audio15.TextGrid,33,27,he,134.080,134.280,PRP,1.0256,6.69,2,-1.610370
audio15.TextGrid,33,28,knew,134.280,134.660,VBD,4.2038,5.2,3,-0.576913
audio15.TextGrid,34,1,the,134.660,134.790,DT,3.0904,7.73,2,1.951432
audio15.TextGrid,34,2,current,135.850,136.200,JJ,6.0900,5.27,6,1.410047
audio15.TextGrid,34,3,must,136.200,136.530,MD,5.6140,5.68,4,1.524211
audio15.TextGrid,34,4,be,136.530,136.630,VB,0.5262,6.79,2,-1.965827
audio15.TextGrid,34,5,carrying,136.630,136.880,VBG,7.3883,4.61,6,1.758327
audio15.TextGrid,34,6,them,136.880,136.970,PRP,3.1647,6.19,3,-0.190982
audio15.TextGrid,34,7,to,136.970,137.030,TO,3.2320,7.43,2,1.661204
audio15.TextGrid,34,8,the,137.030,137.230,DT,0.8559,7.73,2,-0.283068
audio15.TextGrid,34,9,eastward,137.230,137.530,NN,5.7657,3.24,6,-1.836285
audio15.TextGrid,34,10,if,137.530,137.590,IN,4.0705,6.47,2,1.117857
audio15.TextGrid,34,11,i,137.590,137.620,JJ,3.1784,7.09,1,1.118200
audio15.TextGrid,34,12,lose,137.620,137.730,VBP,6.2592,5.08,3,1.305756
audio15.TextGrid,34,13,the,137.730,137.910,DT,1.8927,7.73,2,0.753732
audio15.TextGrid,34,14,glare,137.910,138.110,NN,9.8817,3.36,4,2.452446
audio15.TextGrid,34,15,of,138.110,138.170,IN,0.9700,7.4,2,-0.643978
audio15.TextGrid,34,16,havana,138.170,138.530,NN,3.2676,3.53,6,-3.916952
audio15.TextGrid,35,1,we,138.530,138.760,PRP,5.5151,6.54,2,2.663216
audio15.TextGrid,35,2,must,138.760,138.920,MD,3.4273,5.68,4,-0.662489
audio15.TextGrid,35,3,be,138.920,139.070,VB,2.2095,6.79,2,-0.282527
audio15.TextGrid,35,4,going,139.070,139.300,VBG,3.7623,5.94,4,0.046761
audio15.TextGrid,35,5,more,139.350,139.490,JJR,6.0762,6.36,3,2.965220
audio15.TextGrid,35,6,to,139.490,139.550,TO,4.9383,7.43,2,3.367504
audio15.TextGrid,36,1,the,139.550,139.650,DT,0.3383,7.73,2,-0.800668
audio15.TextGrid,36,2,eastward,140.250,140.570,NN,2.6077,3.24,6,-4.994285
audio15.TextGrid,36,3,he,140.570,140.650,PRP,0.6780,6.69,2,-1.957970
audio15.TextGrid,36,4,thought,140.650,140.830,VBD,0.0914,5.59,3,-4.127937
audio15.TextGrid,36,5,for,140.830,140.930,IN,5.3760,7.01,2,3.200646
audio15.TextGrid,36,6,if,140.930,141.000,IN,2.7697,6.47,2,-0.182943
audio15.TextGrid,36,7,the,141.000,141.240,DT,2.6457,7.73,2,1.506732
audio15.TextGrid,36,8,fish,141.240,141.410,JJ,5.3465,4.9,3,0.133960
audio15.TextGrid,36,9,s,141.410,141.440,NN,4.8024,5.86,1,0.971707
audio15.TextGrid,36,10,course,141.440,141.760,NN,2.6027,5.44,4,-1.832551
audio15.TextGrid,36,11,held,141.760,141.940,VBD,9.5488,5.24,4,4.825664
audio15.TextGrid,36,12,true,142.260,142.350,JJ,4.2233,5.4,3,-0.269528
audio15.TextGrid,36,13,i,142.350,142.380,NN,3.5014,7.09,1,1.441200
audio15.TextGrid,36,14,must,142.380,142.660,MD,2.3824,5.68,4,-1.707389
audio15.TextGrid,36,15,see,142.660,142.830,VB,4.7308,6.1,2,1.245569
audio15.TextGrid,36,16,it,142.830,142.920,PRP,1.3704,6.95,2,-0.891320
audio15.TextGrid,36,17,for,142.920,143.030,IN,4.2846,7.01,2,2.109246
audio15.TextGrid,36,18,many,143.030,143.260,JJ,6.0623,5.91,4,2.303579
audio15.TextGrid,36,19,more,143.260,143.490,JJR,2.0868,6.36,3,-1.024180
audio15.TextGrid,36,20,hours,143.490,143.940,NNS,0.5220,5.4,3,-3.970828
audio15.TextGrid,37,1,i,145.230,145.310,NN,2.4965,7.09,1,0.436300
audio15.TextGrid,37,2,wonder,145.310,145.580,VBP,5.7524,4.93,5,0.583042
audio15.TextGrid,37,3,how,145.580,145.700,WRB,1.9992,6.24,2,-1.284511
audio15.TextGrid,37,4,the,145.700,145.790,DT,3.8095,7.73,2,2.670532
audio15.TextGrid,37,5,baseball,145.790,146.290,NN,10.0298,4.54,6,4.299067
audio15.TextGrid,37,6,came,146.290,146.550,VBD,5.3449,5.5,3,0.996015
audio15.TextGrid,37,7,out,146.550,146.740,RP,2.9121,6.38,2,-0.170092
audio15.TextGrid,37,8,in,146.740,146.830,IN,3.4094,7.27,2,1.608296
audio15.TextGrid,37,9,the,146.830,146.890,DT,1.0040,7.73,2,-0.134968
audio15.TextGrid,37,10,grand,146.890,147.210,JJ,9.8199,4.91,5,4.621754
audio15.TextGrid,37,11,leagues,147.210,147.560,NNS,5.2999,3.9,4,-1.352065
audio15.TextGrid,37,12,today,147.560,148.000,NN,5.5898,5.55,4,1.312886
audio15.TextGrid,37,13,he,148.140,148.260,PRP,1.1247,6.69,2,-1.511270
audio15.TextGrid,37,14,thought,148.260,148.600,VBD,0.1320,5.59,3,-4.087337
audio15.TextGrid,38,1,it,149.270,149.400,PRP,2.3774,6.95,2,0.115680
audio15.TextGrid,38,2,would,149.400,149.500,MD,2.7954,6.27,3,-0.445128
audio15.TextGrid,38,3,be,149.500,149.610,VB,1.0705,6.79,2,-1.421527
audio15.TextGrid,38,4,wonderful,149.610,150.060,JJ,5.6685,4.85,8,0.383988
audio15.TextGrid,38,5,to,150.060,150.150,TO,1.4703,7.43,2,-0.100496
audio15.TextGrid,38,6,do,150.150,150.300,VB,4.8992,6.35,2,1.773826
audio15.TextGrid,38,7,this,150.300,150.520,DT,2.7621,6.82,3,0.313255
audio15.TextGrid,38,8,with,150.520,150.630,IN,3.1690,6.85,3,0.763338
audio15.TextGrid,38,9,a,150.630,150.680,DT,2.1657,7.36,1,0.494145
audio15.TextGrid,38,10,radio,150.680,151.160,NN,8.0718,5.01,5,3.017596
audio15.TextGrid,39,1,then,152.190,152.370,RB,4.5969,6.07,3,1.068487
audio15.TextGrid,39,2,he,152.370,152.520,PRP,0.5525,6.69,2,-2.083470
audio15.TextGrid,39,3,thought,152.520,152.820,VBD,2.9070,5.59,3,-1.312337
audio15.TextGrid,39,4,think,153.330,153.540,NN,7.6511,6.08,4,4.137081
audio15.TextGrid,39,5,of,153.540,153.640,IN,2.6301,7.4,2,1.016122
audio15.TextGrid,39,6,it,153.640,153.810,PRP,2.8962,6.95,2,0.634480
audio15.TextGrid,39,7,always,153.810,154.440,RB,7.8218,5.76,5,3.847165
audio15.TextGrid,39,8,think,154.710,155.010,VBP,6.8982,6.08,4,3.384181
audio15.TextGrid,39,9,of,155.010,155.130,IN,0.4581,7.4,2,-1.155878
audio15.TextGrid,39,10,what,155.130,155.300,WP,3.4812,6.38,3,0.399008
audio15.TextGrid,39,11,you,155.300,155.400,PRP,3.1727,6.98,2,0.954163
audio15.TextGrid,39,12,are,155.400,155.440,VBP,2.9020,6.74,1,0.338001
audio15.TextGrid,39,13,doing,155.440,155.850,VBG,1.0585,5.6,4,-3.146443
audio15.TextGrid,40,1,you,156.380,156.490,PRP,3.0806,6.98,2,0.862063
audio15.TextGrid,40,2,must,156.490,156.790,MD,2.7053,5.68,4,-1.384489
audio15.TextGrid,40,3,do,156.790,156.940,VB,2.8485,6.35,2,-0.276874
audio15.TextGrid,40,4,nothing,156.940,157.280,NN,4.6135,5.55,5,0.336586
audio15.TextGrid,40,5,stupid,157.280,157.830,VB,6.9969,4.94,6,1.841937
audio15.TextGrid,41,1,then,159.800,159.980,RB,3.9895,6.07,3,0.461087
audio15.TextGrid,41,2,he,159.980,160.200,PRP,0.4483,6.69,2,-2.187670
audio15.TextGrid,41,3,said,160.200,160.400,VBD,3.4096,6.01,3,-0.205179
audio15.TextGrid,41,4,aloud,160.400,160.840,NN,5.5161,3.51,4,-1.697241
audio15.TextGrid,42,1,i,161.380,161.500,JJ,1.6838,7.09,1,-0.376400
audio15.TextGrid,42,2,wish,161.500,161.720,NN,4.0537,5.18,3,-0.755801
audio15.TextGrid,42,3,i,161.720,161.900,NN,0.2495,7.09,1,-1.810700
audio15.TextGrid,42,4,had,161.900,162.050,VBD,1.9718,6.33,3,-1.182363
audio15.TextGrid,42,5,the,162.050,162.150,DT,2.4062,7.73,2,1.267232
audio15.TextGrid,42,6,boy,162.150,162.590,NN,7.3268,5.17,2,2.502904
audio15.TextGrid,43,1,to,163.030,163.190,TO,6.1858,7.43,2,4.615004
audio15.TextGrid,43,2,help,163.190,163.440,VB,5.4189,5.75,4,1.429871
audio15.TextGrid,43,3,me,163.440,163.710,PRP,1.6379,6.48,2,-1.300349
audio15.TextGrid,43,4,and,163.930,164.040,CC,4.3655,7.41,2,2.765916
audio15.TextGrid,43,5,to,164.040,164.160,TO,1.4617,7.43,2,-0.109096
audio15.TextGrid,43,6,see,164.160,164.440,VB,3.3922,6.1,2,-0.093031
audio15.TextGrid,44,1,this,164.440,164.880,DT,4.4087,6.82,3,1.959855
audio15.TextGrid,44,2,no,166.620,166.790,DT,4.7338,6.35,2,1.608426
audio15.TextGrid,44,3,one,166.790,166.990,NN,2.0907,6.47,3,-0.861943
audio15.TextGrid,44,4,should,166.990,167.170,MD,4.1710,5.99,3,0.527433
audio15.TextGrid,44,5,be,167.170,167.300,VB,2.2491,6.79,2,-0.242927
audio15.TextGrid,44,6,alone,167.300,167.650,RB,5.5072,5.16,4,0.668910
audio15.TextGrid,44,7,in,167.650,167.750,IN,1.6632,7.27,2,-0.137904
audio15.TextGrid,44,8,their,167.750,167.920,PRP$,3.7304,6.33,3,0.576237
audio15.TextGrid,44,9,old,167.920,168.120,JJ,6.8395,5.75,3,2.850471
audio15.TextGrid,44,10,age,168.120,168.540,NN,2.1447,5.32,2,-2.463282
audio15.TextGrid,44,11,he,168.540,168.630,PRP,0.3140,6.69,2,-2.321970
audio15.TextGrid,44,12,thought,168.630,169.040,VBD,0.1687,5.59,3,-4.050637
audio15.TextGrid,45,1,but,169.550,169.790,CC,3.2327,6.63,3,0.510365
audio15.TextGrid,45,2,it,169.790,169.920,PRP,2.9509,6.95,2,0.689180
audio15.TextGrid,45,3,is,169.920,170.070,VBZ,1.5942,7.07,2,-0.494789
audio15.TextGrid,45,4,unavoidable,170.070,170.770,JJ,9.6934,3.35,10,2.249751
audio15.TextGrid,46,1,i,171.780,171.860,NN,2.4005,7.09,1,0.340300
audio15.TextGrid,46,2,must,171.860,172.140,MD,2.2570,5.68,4,-1.832789
audio15.TextGrid,46,3,remember,172.140,172.520,VB,5.2119,5.38,7,0.690284
audio15.TextGrid,46,4,to,172.520,172.670,TO,1.9150,7.43,2,0.344204
audio15.TextGrid,46,5,eat,172.670,172.760,VB,6.1184,5.13,2,1.236927
audio15.TextGrid,46,6,the,172.760,172.870,DT,2.8733,7.73,2,1.734332
audio15.TextGrid,46,7,tuna,172.870,173.180,NN,5.4853,3.64,4,-1.540915
audio15.TextGrid,46,8,before,173.180,173.520,IN,3.5941,5.93,5,-0.135833
audio15.TextGrid,46,9,he,173.520,173.630,PRP,4.3400,6.69,2,1.704030
audio15.TextGrid,46,10,spoils,173.630,174.290,VBZ,9.5579,3.33,5,2.085463
audio15.TextGrid,46,11,in,174.290,174.400,IN,6.3683,7.27,2,4.567196
audio15.TextGrid,46,12,order,174.400,174.640,NN,5.3469,5.49,4,0.983620
audio15.TextGrid,46,13,to,174.640,174.730,TO,0.1502,7.43,2,-1.420596
audio15.TextGrid,46,14,keep,174.730,174.980,VB,2.2353,5.66,3,-1.883277
audio15.TextGrid,46,15,strong,174.980,175.480,JJ,7.8429,5.22,5,3.090976
audio15.TextGrid,47,1,remember,176.200,176.640,VB,6.7233,5.38,7,2.201684
audio15.TextGrid,47,2,no,177.040,177.140,DT,4.4671,6.35,2,1.341726
audio15.TextGrid,47,3,matter,177.140,177.380,NN,2.0464,5.38,4,-2.475216
audio15.TextGrid,47,4,how,177.380,177.580,WRB,0.6495,6.24,2,-2.634211
audio15.TextGrid,47,5,little,177.580,177.860,JJ,4.3282,5.75,5,0.339171
audio15.TextGrid,47,6,you,177.860,177.960,PRP,1.8022,6.98,2,-0.416337
audio15.TextGrid,47,7,want,177.960,178.340,VBP,4.0755,6.04,4,0.503904
audio15.TextGrid,47,8,to,178.340,178.520,TO,0.5677,7.43,2,-1.003096
audio15.TextGrid,47,9,that,178.520,178.690,DT,2.5304,7.01,3,0.355046
audio15.TextGrid,47,10,you,178.690,178.750,PRP,0.9795,6.98,2,-1.239037
audio15.TextGrid,47,11,must,178.750,179.030,MD,1.2233,5.68,4,-2.866489
audio15.TextGrid,47,12,eat,179.030,179.200,VB,2.4202,5.13,2,-2.461273
audio15.TextGrid,47,13,him,179.200,179.310,PRP,6.1140,6.11,2,2.643164
audio15.TextGrid,47,14,in,179.310,179.380,IN,3.8742,7.27,2,2.073096
audio15.TextGrid,47,15,the,179.380,179.440,DT,1.7601,7.73,2,0.621132
audio15.TextGrid,47,16,morning,179.440,179.860,NN,1.9905,5.33,6,-2.603088
audio15.TextGrid,48,1,remember,180.610,181.260,VB,3.5177,5.38,7,-1.003916
audio15.TextGrid,48,2,he,181.600,181.730,PRP,2.3543,6.69,2,-0.281670
audio15.TextGrid,48,3,said,181.730,181.990,VBD,0.9494,6.01,3,-2.665379
audio15.TextGrid,48,4,to,181.990,182.130,TO,3.1932,7.43,2,1.622404
audio15.TextGrid,48,5,himself,182.130,182.630,PRP,0.0802,5.25,7,-4.628542
audio16.TextGrid,1,1,during,1.480,1.800,IN,9.0427,5.72,5,5.010488
audio16.TextGrid,1,2,the,1.800,1.880,DT,0.2720,7.73,2,-0.866968
audio16.TextGrid,1,3,night,1.880,2.180,NN,1.5538,5.61,3,-2.636749
audio16.TextGrid,1,4,two,2.210,2.400,CD,7.8848,6.1,2,4.399569
audio16.TextGrid,1,5,porpoises,2.400,3.050,NNS,12.7703,2.38,8,3.930409
audio16.TextGrid,1,6,came,3.050,3.350,VBD,2.3173,5.5,3,-2.031585
audio16.TextGrid,1,7,around,3.350,3.620,IN,5.3609,5.77,4,1.400659
audio16.TextGrid,1,8,the,3.620,3.680,DT,1.5046,7.73,2,0.365632
audio16.TextGrid,1,9,boat,3.680,4.100,NN,2.7814,4.71,3,-2.704631
audio16.TextGrid,1,10,and,4.100,4.240,CC,0.6475,7.41,3,-0.952084
audio16.TextGrid,1,11,he,4.240,4.350,PRP,3.0415,6.69,2,0.405530
audio16.TextGrid,1,12,could,4.350,4.520,MD,3.6754,6.06,3,0.132592
audio16.TextGrid,1,13,hear,4.520,4.670,VB,2.3050,5.23,3,-2.432530
audio16.TextGrid,1,14,them,4.670,4.880,PRP,0.8786,6.19,3,-2.477082
audio16.TextGrid,1,15,rolling,4.880,5.270,VBG,6.8876,4.47,5,1.056107
audio16.TextGrid,1,16,and,5.270,5.350,CC,2.8918,7.41,2,1.292216
audio16.TextGrid,1,17,blowing,5.350,6.000,VBG,7.6253,4.2,5,1.405162
audio16.TextGrid,2,1,he,6.410,6.520,PRP,1.3752,6.69,2,-1.260770
audio16.TextGrid,2,2,could,6.520,6.700,MD,2.8894,6.06,3,-0.653408
audio16.TextGrid,2,3,tell,6.700,6.870,VB,3.4929,5.53,3,-0.812803
audio16.TextGrid,2,4,the,6.870,6.950,DT,2.5634,7.73,2,1.424432
audio16.TextGrid,2,5,difference,6.950,7.420,NN,3.1121,5.01,7,-1.942104
audio16.TextGrid,2,6,between,7.420,7.790,IN,0.8531,5.77,6,-3.107141
audio16.TextGrid,2,7,the,7.790,7.860,DT,1.3030,7.73,2,0.164032
audio16.TextGrid,2,8,blowing,7.860,8.280,VBG,9.1387,4.2,5,2.918562
audio16.TextGrid,2,9,the,8.660,8.730,DT,5.4075,7.73,2,4.268532
audio16.TextGrid,2,10,male,8.730,9.000,NN,7.4067,4.89,3,2.179765
audio16.TextGrid,2,11,made,9.000,9.410,VBD,4.8006,5.92,3,1.056273
audio16.TextGrid,2,12,and,9.790,9.900,CC,0.7107,7.41,2,-0.888884
audio16.TextGrid,2,13,the,9.900,10.000,DT,0.1592,7.73,2,-0.979768
audio16.TextGrid,2,14,sighing,10.000,10.470,VBG,9.3967,2.87,4,1.262127
audio16.TextGrid,2,15,blow,10.470,10.880,NN,8.7085,4.59,3,3.049738
audio16.TextGrid,2,16,of,10.880,10.940,IN,2.5299,7.4,2,0.915922
audio16.TextGrid,2,17,the,10.940,11.050,DT,0.2533,7.73,2,-0.885668
audio16.TextGrid,2,18,female,11.050,11.650,NN,1.0562,5.0,5,-4.012398
audio16.TextGrid,3,1,they,13.030,13.200,PRP,3.7539,6.5,2,0.844439
audio16.TextGrid,3,2,are,13.200,13.310,VBP,1.3158,6.74,2,-1.248199
audio16.TextGrid,3,3,good,13.310,13.890,JJ,4.7082,6.12,3,1.251758
audio16.TextGrid,3,4,he,14.140,14.270,PRP,0.3383,6.69,2,-2.297670
audio16.TextGrid,3,5,said,14.270,14.670,VBD,0.5024,6.01,3,-3.112379
audio16.TextGrid,3,6,they,15.030,15.160,PRP,1.0778,6.5,2,-1.831661
audio16.TextGrid,3,7,play,15.160,15.570,VBP,5.1394,5.61,3,0.948851
audio16.TextGrid,3,8,and,15.570,15.770,CC,4.2950,7.41,3,2.695416
audio16.TextGrid,3,9,make,15.770,16.030,VBP,4.8274,6.08,3,1.313381
audio16.TextGrid,3,10,jokes,16.030,16.430,NNS,3.1752,4.33,4,-2.857812
audio16.TextGrid,3,11,and,16.430,16.570,CC,1.3698,7.41,2,-0.229784
audio16.TextGrid,3,12,love,16.570,16.830,VB,5.6424,5.82,3,1.754130
audio16.TextGrid,3,13,one,16.830,16.990,CD,2.9122,6.47,3,-0.040443
audio16.TextGrid,4,1,another,16.990,17.410,DT,0.0067,5.74,5,-3.996723
audio16.TextGrid,4,2,they,17.850,18.030,PRP,1.2910,6.5,2,-1.618461
audio16.TextGrid,4,3,are,18.030,18.260,VBP,1.6881,6.74,2,-0.875899
audio16.TextGrid,4,4,our,18.260,18.400,PRP$,5.8305,6.14,2,2.402846
audio16.TextGrid,4,5,brothers,18.400,19.020,NNS,3.3241,4.69,6,-2.190719
audio16.TextGrid,4,6,like,19.020,19.210,IN,6.9310,6.41,3,3.891991
audio16.TextGrid,4,7,the,19.210,19.290,DT,2.3932,7.73,2,1.254232
audio16.TextGrid,4,8,flying,19.290,19.740,VBG,8.9191,4.71,5,3.433069
audio16.TextGrid,4,9,fish,19.740,20.170,NN,1.6065,4.9,3,-3.606040
audio16.TextGrid,5,1,then,22.340,22.520,RB,3.1614,6.07,3,-0.367013
audio16.TextGrid,5,2,he,22.520,22.670,PRP,0.4284,6.69,2,-2.207570
audio16.TextGrid,5,3,began,22.670,22.950,VBD,4.4766,5.07,5,-0.491238
audio16.TextGrid,5,4,to,22.950,23.050,TO,0.3087,7.43,2,-1.262096
audio16.TextGrid,5,5,pity,23.050,23.400,VB,9.0472,3.98,4,2.510389
audio16.TextGrid,5,6,the,23.400,23.500,DT,0.8433,7.73,2,-0.295668
audio16.TextGrid,5,7,great,23.500,23.810,JJ,6.8336,5.88,4,3.031696
audio16.TextGrid,5,8,fish,23.810,24.140,NN,1.8496,4.9,3,-3.362940
audio16.TextGrid,5,9,that,24.140,24.300,IN,3.2148,7.01,3,1.039446
audio16.TextGrid,5,10,he,24.300,24.380,PRP,2.8112,6.69,2,0.175230
audio16.TextGrid,5,11,had,24.380,24.520,VBD,0.8953,6.33,3,-2.258863
audio16.TextGrid,5,12,hooked,24.520,24.920,VBN,7.8743,3.92,4,1.251123
audio16.TextGrid,6,1,he,25.340,25.500,PRP,1.3615,6.69,2,-1.274470
audio16.TextGrid,6,2,is,25.500,25.610,VBZ,6.4327,7.07,2,4.343711
audio16.TextGrid,6,3,wonderful,25.610,26.220,JJ,8.0686,4.85,8,2.784088
audio16.TextGrid,6,4,and,26.220,26.350,CC,2.1197,7.41,3,0.520116
audio16.TextGrid,6,5,strange,26.350,26.990,JJ,6.9831,4.64,6,1.396309
audio16.TextGrid,6,6,and,26.990,27.090,CC,0.8345,7.41,2,-0.765084
audio16.TextGrid,6,7,who,27.090,27.230,WP,6.9994,6.34,2,3.859631
audio16.TextGrid,6,8,knows,27.230,27.530,VBZ,1.7418,5.07,3,-3.226038
audio16.TextGrid,6,9,how,27.530,27.630,WRB,1.5496,6.24,2,-1.734111
audio16.TextGrid,6,10,old,27.630,27.940,JJ,3.9905,5.75,3,0.001471
audio16.TextGrid,6,11,he,27.940,28.180,PRP,0.6724,6.69,2,-1.963570
audio16.TextGrid,6,12,is,28.180,28.450,VBZ,1.3558,7.07,2,-0.733189
audio16.TextGrid,6,13,he,28.450,28.560,PRP,1.0285,6.69,2,-1.607470
audio16.TextGrid,6,14,thought,28.560,28.940,VBD,0.2313,5.59,3,-3.988037
audio16.TextGrid,7,1,never,29.710,29.980,RB,6.3936,5.91,4,2.634879
audio16.TextGrid,7,2,have,29.980,30.120,VBP,3.0027,6.71,3,0.395519
audio16.TextGrid,7,3,i,30.120,30.230,VBN,0.3811,7.09,1,-1.679100
audio16.TextGrid,7,4,had,30.230,30.530,VBD,3.4977,6.33,3,0.343537
audio16.TextGrid,7,5,such,30.530,30.770,JJ,1.2332,5.84,3,-2.626281
audio16.TextGrid,7,6,a,30.770,30.830,DT,0.5398,7.36,1,-1.131755
audio16.TextGrid,7,7,strong,30.830,31.390,JJ,4.4598,5.22,5,-0.292124
audio16.TextGrid,7,8,fish,31.390,31.740,NN,3.4433,4.9,3,-1.769240
audio16.TextGrid,7,9,nor,32.120,32.280,CC,8.2814,4.78,3,2.896129
audio16.TextGrid,7,10,one,32.280,32.510,CD,4.1004,6.47,3,1.147757
audio16.TextGrid,7,11,who,32.510,32.710,WP,2.8885,6.34,2,-0.251269
audio16.TextGrid,7,12,acted,32.710,33.000,VBD,7.5872,4.28,5,1.482216
audio16.TextGrid,7,13,so,33.000,33.190,RB,0.8412,6.52,2,-2.039472
audio16.TextGrid,7,14,strangely,33.190,33.950,RB,3.4132,3.67,8,-3.569833
audio16.TextGrid,8,1,perhaps,34.600,34.950,RB,5.3299,5.09,6,0.390850
audio16.TextGrid,8,2,he,34.950,35.070,PRP,1.4464,6.69,2,-1.189570
audio16.TextGrid,8,3,is,35.070,35.190,VBZ,1.9148,7.07,2,-0.174189
audio16.TextGrid,8,4,too,35.190,35.320,RB,3.2543,5.95,2,-0.446844
audio16.TextGrid,8,5,wise,35.320,35.810,JJ,5.5014,4.51,3,-0.272516
audio16.TextGrid,8,6,to,35.810,35.920,TO,1.2717,7.43,2,-0.299096
audio16.TextGrid,8,7,jump,35.920,36.340,VB,9.5225,4.69,4,4.007681
audio16.TextGrid,9,1,he,37.030,37.150,PRP,1.5254,6.69,2,-1.110570
audio16.TextGrid,9,2,could,37.150,37.340,MD,3.6606,6.06,3,0.117792
audio16.TextGrid,9,3,ruin,37.340,37.640,VB,9.8704,4.31,4,3.808599
audio16.TextGrid,9,4,me,37.640,37.820,PRP,3.7757,6.48,2,0.837451
audio16.TextGrid,9,5,by,37.820,38.020,IN,2.9345,6.66,2,0.255347
audio16.TextGrid,9,6,jumping,38.020,38.570,VBG,4.0363,4.23,6,-2.140655
audio16.TextGrid,9,7,or,38.570,38.720,CC,3.9346,6.54,2,1.082716
audio16.TextGrid,9,8,by,38.720,38.940,IN,1.7919,6.66,2,-0.887253
audio16.TextGrid,9,9,a,38.940,38.980,DT,4.9308,7.36,1,3.259245
audio16.TextGrid,9,10,wild,38.980,39.450,JJ,5.7614,4.8,4,0.404917
audio16.TextGrid,9,11,rush,39.450,39.790,NN,5.7300,4.48,3,-0.087099
audio16.TextGrid,10,1,but,40.830,41.030,CC,1.8066,6.63,3,-0.915735
audio16.TextGrid,10,2,perhaps,41.030,41.390,RB,5.0250,5.09,6,0.085950
audio16.TextGrid,10,3,he,41.390,41.520,PRP,0.9820,6.69,2,-1.653970
audio16.TextGrid,10,4,has,41.520,41.650,VBZ,2.5505,6.37,3,-0.546086
audio16.TextGrid,10,5,been,41.650,41.820,VBN,3.2445,6.27,3,0.003972
audio16.TextGrid,10,6,hooked,41.820,42.060,VBN,8.0213,3.92,4,1.398123
audio16.TextGrid,10,7,many,42.060,42.300,JJ,4.9504,5.91,4,1.191679
audio16.TextGrid,10,8,times,42.300,42.700,NNS,0.2201,5.56,4,-4.042420
audio16.TextGrid,10,9,before,42.700,43.230,RB,1.6763,5.93,5,-2.053633
audio16.TextGrid,10,10,and,43.230,43.330,CC,1.3435,7.41,3,-0.256084
audio16.TextGrid,10,11,he,43.330,43.440,PRP,1.7207,6.69,2,-0.915270
audio16.TextGrid,10,12,knows,43.440,43.760,VBZ,2.6504,5.07,3,-2.317438
audio16.TextGrid,10,13,that,43.760,43.920,IN,2.1088,7.01,3,-0.066554
audio16.TextGrid,10,14,this,43.920,44.110,DT,3.9839,6.82,3,1.535055
audio16.TextGrid,10,15,is,44.110,44.220,VBZ,0.9096,7.07,2,-1.179389
audio16.TextGrid,10,16,how,44.220,44.420,WRB,4.3482,6.24,2,1.064489
audio16.TextGrid,10,17,he,44.420,44.530,PRP,1.1968,6.69,2,-1.439170
audio16.TextGrid,10,18,should,44.530,44.740,MD,2.1434,5.99,3,-1.500167
audio16.TextGrid,10,19,make,44.740,44.950,VB,4.8120,6.08,3,1.297981
audio16.TextGrid,10,20,his,44.950,45.160,PRP$,1.8053,6.51,3,-1.089766
audio16.TextGrid,10,21,fight,45.160,45.530,NN,7.4563,5.23,3,2.718770
audio16.TextGrid,11,1,he,46.320,46.440,PRP,1.3402,6.69,2,-1.295770
audio16.TextGrid,11,2,cannot,46.440,46.910,VBZ,4.5950,5.11,5,-0.315261
audio16.TextGrid,11,3,know,46.910,47.150,VB,4.4229,6.1,2,0.937669
audio16.TextGrid,11,4,that,47.150,47.330,IN,2.9280,7.01,3,0.752646
audio16.TextGrid,11,5,it,47.330,47.420,PRP,3.3396,6.95,2,1.077880
audio16.TextGrid,11,6,is,47.420,47.540,VBZ,0.5302,7.07,2,-1.558789
audio16.TextGrid,11,7,only,47.540,47.800,RB,4.1876,6.12,4,0.731158
audio16.TextGrid,11,8,one,47.800,48.080,CD,2.6217,6.47,3,-0.330943
audio16.TextGrid,11,9,man,48.080,48.370,NN,3.0192,5.82,3,-0.869070
audio16.TextGrid,11,10,against,48.370,48.820,IN,5.0577,5.68,6,0.967911
audio16.TextGrid,11,11,him,48.820,48.990,PRP,4.7032,6.11,2,1.232364
audio16.TextGrid,11,12,nor,49.490,49.750,CC,5.2521,4.78,3,-0.133171
audio16.TextGrid,11,13,that,49.750,50.010,IN,0.6449,7.01,3,-1.530454
audio16.TextGrid,11,14,it,50.010,50.130,PRP,1.9048,6.95,2,-0.356920
audio16.TextGrid,11,15,is,50.130,50.260,VBZ,0.4034,7.07,2,-1.685589
audio16.TextGrid,11,16,an,50.260,50.360,DT,4.7234,6.53,2,1.857122
audio16.TextGrid,11,17,old,50.360,50.640,JJ,2.4500,5.75,3,-1.539029
audio16.TextGrid,11,18,man,50.640,50.980,NN,0.4422,5.82,3,-3.446070
audio16.TextGrid,12,1,but,51.610,51.760,CC,2.6944,6.63,3,-0.027935
audio16.TextGrid,12,2,what,51.760,51.920,WP,3.8800,6.38,3,0.797808
audio16.TextGrid,12,3,a,51.920,51.980,DT,2.0252,7.36,1,0.353645
audio16.TextGrid,12,4,great,51.980,52.360,JJ,2.8081,5.88,4,-0.993804
audio16.TextGrid,12,5,fish,52.360,52.630,NN,0.9940,4.9,3,-4.218540
audio16.TextGrid,12,6,he,52.630,52.840,PRP,1.3062,6.69,2,-1.329770
audio16.TextGrid,12,7,is,52.840,53.060,VBZ,0.3614,7.07,2,-1.727589
audio16.TextGrid,12,8,and,53.500,53.660,CC,2.0352,7.41,3,0.435616
audio16.TextGrid,12,9,what,53.660,53.790,WP,1.2076,6.38,3,-1.874592
audio16.TextGrid,12,10,will,53.790,53.910,MD,4.6147,6.45,3,1.633268
audio16.TextGrid,12,11,he,53.910,54.000,PRP,1.1878,6.69,2,-1.448170
audio16.TextGrid,12,12,bring,54.000,54.240,VB,5.0682,5.27,4,0.388247
audio16.TextGrid,12,13,in,54.240,54.320,IN,3.5981,7.27,2,1.796996
audio16.TextGrid,12,14,the,54.320,54.390,DT,1.1031,7.73,2,-0.035868
audio16.TextGrid,12,15,market,54.390,54.800,NN,7.0996,5.29,6,2.448435
audio16.TextGrid,12,16,if,54.800,54.900,IN,3.4341,6.47,2,0.481457
audio16.TextGrid,12,17,the,54.900,54.990,DT,3.3267,7.73,2,2.187732
audio16.TextGrid,12,18,flesh,54.990,55.330,NN,9.5208,4.2,4,3.300662
audio16.TextGrid,12,19,is,55.330,55.490,VBZ,1.4952,7.07,2,-0.593789
audio16.TextGrid,12,20,good,55.490,55.890,JJ,4.9087,6.12,3,1.452258
audio16.TextGrid,13,1,he,56.700,56.810,PRP,1.3364,6.69,2,-1.299570
audio16.TextGrid,13,2,took,56.810,57.100,VBD,6.2378,5.51,3,1.903309
audio16.TextGrid,13,3,the,57.100,57.180,DT,1.3857,7.73,2,0.246732
audio16.TextGrid,13,4,bait,57.180,57.480,NN,3.0665,3.85,3,-3.657436
audio16.TextGrid,13,5,like,57.480,57.680,IN,6.5951,6.41,3,3.556091
audio16.TextGrid,13,6,a,57.680,57.720,DT,0.5898,7.36,1,-1.081755
audio16.TextGrid,13,7,male,57.720,58.180,NN,8.1964,4.89,3,2.969465
audio16.TextGrid,13,8,and,58.180,58.290,CC,1.6560,7.41,3,0.056416
audio16.TextGrid,13,9,he,58.290,58.390,PRP,2.8762,6.69,2,0.240230
audio16.TextGrid,13,10,pulls,58.390,58.860,VBZ,9.8108,4.01,4,3.317172
audio16.TextGrid,13,11,like,58.860,59.060,IN,4.1003,6.41,3,1.061291
audio16.TextGrid,13,12,a,59.060,59.100,DT,0.2535,7.36,1,-1.418055
audio16.TextGrid,13,13,male,59.100,59.480,NN,2.7769,4.89,3,-2.450035
audio16.TextGrid,13,14,and,59.480,59.610,CC,2.1203,7.41,3,0.520716
audio16.TextGrid,13,15,his,59.610,59.830,PRP$,4.0782,6.51,3,1.183134
audio16.TextGrid,13,16,fight,59.830,60.080,NN,7.4163,5.23,3,2.678770
audio16.TextGrid,13,17,has,60.080,60.280,VBZ,3.6771,6.37,3,0.580514
audio16.TextGrid,13,18,no,60.280,60.410,DT,2.9758,6.35,2,-0.149574
audio16.TextGrid,13,19,panic,60.410,60.870,NN,10.8713,4.26,5,4.737528
audio16.TextGrid,13,20,in,60.870,60.990,IN,3.6341,7.27,2,1.832996
audio16.TextGrid,13,21,it,60.990,61.180,PRP,0.4091,6.95,2,-1.852620
audio16.TextGrid,14,1,i,62.150,62.220,JJ,2.7588,7.09,1,0.698600
audio16.TextGrid,14,2,wonder,62.220,62.500,VBP,4.3164,4.93,5,-0.852958
audio16.TextGrid,14,3,if,62.500,62.620,IN,1.5479,6.47,2,-1.404743
audio16.TextGrid,14,4,he,62.620,62.770,PRP,0.7841,6.69,2,-1.851870
audio16.TextGrid,14,5,has,62.770,62.970,VBZ,2.0276,6.37,3,-1.068986
audio16.TextGrid,14,6,any,62.970,63.140,DT,3.4189,6.07,3,-0.109513
audio16.TextGrid,14,7,plans,63.140,63.770,NNS,5.4333,5.01,5,0.379096
audio16.TextGrid,15,1,or,64.300,64.440,CC,3.7776,6.54,2,0.925716
audio16.TextGrid,15,2,if,64.440,64.560,IN,2.4090,6.47,2,-0.543643
audio16.TextGrid,15,3,he,64.560,64.740,PRP,0.5907,6.69,2,-2.045270
audio16.TextGrid,15,4,is,64.740,64.870,VBZ,1.4198,7.07,2,-0.669189
audio16.TextGrid,15,5,just,64.870,65.170,RB,2.5143,6.43,4,-0.495920
audio16.TextGrid,15,6,as,65.170,65.330,RB,3.7177,6.77,2,1.196884
audio16.TextGrid,15,7,desperate,65.330,65.850,JJ,6.0418,4.32,7,-0.005607
audio16.TextGrid,15,8,as,65.850,65.980,IN,1.0998,6.77,2,-1.421016
audio16.TextGrid,15,9,i,65.980,66.190,NN,1.6423,7.09,1,-0.417900
audio16.TextGrid,15,10,am,66.190,66.550,VBP,0.2103,5.78,3,-3.735547
audio16.TextGrid,15,11,he,68.660,68.770,PRP,1.5947,6.69,2,-1.041270
audio16.TextGrid,15,12,remembered,68.770,69.190,VBD,6.4739,4.33,8,0.440888
audio16.TextGrid,15,13,the,69.190,69.270,DT,1.6288,7.73,2,0.489832
audio16.TextGrid,15,14,time,69.270,69.580,NN,3.6689,6.29,3,0.457160
audio16.TextGrid,15,15,he,69.580,69.700,PRP,1.3674,6.69,2,-1.268570
audio16.TextGrid,15,16,had,69.700,69.840,VBD,1.9378,6.33,3,-1.216363
audio16.TextGrid,15,17,hooked,69.840,70.070,VBN,4.4523,3.92,4,-2.170877
audio16.TextGrid,15,18,one,70.070,70.270,CD,3.4006,6.47,3,0.447957
audio16.TextGrid,15,19,of,70.270,70.360,IN,0.5791,7.4,2,-1.034878
audio16.TextGrid,15,20,a,70.360,70.420,DT,6.9625,7.36,1,5.290945
audio16.TextGrid,15,21,pair,70.420,70.790,NN,3.4862,4.72,3,-1.985437
audio16.TextGrid,15,22,of,70.790,70.900,IN,0.0656,7.4,2,-1.548378
audio16.TextGrid,15,23,marlin,70.900,71.430,NN,6.7128,3.01,6,-1.220253
audio16.TextGrid,16,1,the,72.230,72.320,DT,2.6998,7.73,2,1.560832
audio16.TextGrid,16,2,male,72.320,72.610,JJ,3.7138,4.89,3,-1.513135
audio16.TextGrid,16,3,fish,72.610,72.930,NN,5.1526,4.9,3,-0.059940
audio16.TextGrid,16,4,always,72.930,73.330,RB,6.2358,5.76,5,2.261165
audio16.TextGrid,16,5,let,73.330,73.480,VB,6.6363,5.6,3,2.431357
audio16.TextGrid,16,6,the,73.480,73.590,DT,2.2210,7.73,2,1.082032
audio16.TextGrid,16,7,female,73.590,74.030,JJ,2.5614,5.0,5,-2.507198
audio16.TextGrid,16,8,fish,74.030,74.300,NN,1.2429,4.9,3,-3.969640
audio16.TextGrid,16,9,feed,74.300,74.590,NN,4.3346,4.67,3,-1.209008
audio16.TextGrid,16,10,first,74.590,75.100,RB,5.8419,6.11,4,2.371064
audio16.TextGrid,17,1,and,75.600,75.730,CC,1.3598,7.41,2,-0.239784
audio16.TextGrid,17,2,the,75.730,75.860,DT,2.0325,7.73,2,0.893532
audio16.TextGrid,17,3,hooked,75.860,76.120,JJ,10.9003,3.92,4,4.277123
audio16.TextGrid,17,4,fish,76.120,76.590,NN,1.3393,4.9,3,-3.873240
audio16.TextGrid,17,5,the,76.640,76.720,DT,2.7323,7.73,2,1.593332
audio16.TextGrid,17,6,female,76.720,77.340,NN,2.8863,5.0,5,-2.182298
audio16.TextGrid,17,7,made,77.510,77.670,VBD,5.8150,5.92,3,2.070673
audio16.TextGrid,17,8,a,77.670,77.710,DT,1.9440,7.36,1,0.272445
audio16.TextGrid,17,9,wild,77.710,78.290,JJ,6.3034,4.8,4,0.946917
audio16.TextGrid,17,10,panic,78.320,78.700,NN,8.2697,4.26,5,2.135928
audio16.TextGrid,17,11,stricken,78.700,79.140,NN,1.0768,3.52,7,-6.122146
audio16.TextGrid,17,12,despairing,79.140,79.910,VBG,7.6441,2.63,8,-0.835935
audio16.TextGrid,17,13,fight,79.960,80.280,NN,4.7386,5.23,3,0.001070
audio16.TextGrid,17,14,that,80.300,80.480,WDT,3.8390,7.01,3,1.663646
audio16.TextGrid,17,15,soon,80.480,80.730,RB,5.6420,5.32,3,1.034018
audio16.TextGrid,17,16,exhausted,80.730,81.370,VBD,6.7362,4.08,8,0.343331
audio16.TextGrid,17,17,her,81.370,81.610,PRP,2.5296,6.3,2,-0.667746
audio16.TextGrid,18,1,and,82.210,82.330,CC,2.0277,7.41,3,0.428116
audio16.TextGrid,18,2,all,82.330,82.520,PDT,4.8573,6.52,2,1.976628
audio16.TextGrid,18,3,the,82.520,82.620,DT,1.2887,7.73,2,0.149732
audio16.TextGrid,18,4,time,82.620,83.020,NN,3.7581,6.29,3,0.546360
audio16.TextGrid,18,5,the,83.020,83.080,DT,1.8360,7.73,2,0.697032
audio16.TextGrid,18,6,male,83.080,83.440,NN,2.3453,4.89,3,-2.881635
audio16.TextGrid,18,7,had,83.440,83.580,VBD,3.2728,6.33,3,0.118637
audio16.TextGrid,18,8,stayed,83.580,83.870,VBN,6.3941,4.53,4,0.648973
audio16.TextGrid,18,9,with,83.870,84.110,IN,2.6564,6.85,3,0.250738
audio16.TextGrid,18,10,her,84.110,84.390,PRP,2.0301,6.3,2,-1.167246
audio16.TextGrid,18,11,crossing,84.540,84.990,VBG,9.5968,4.33,6,3.563788
audio16.TextGrid,18,12,the,84.990,85.080,DT,0.9968,7.73,2,-0.142168
audio16.TextGrid,18,13,line,85.080,85.450,NN,3.6303,5.49,3,-0.732980
audio16.TextGrid,18,14,and,85.450,85.590,CC,1.9894,7.41,3,0.389816
audio16.TextGrid,18,15,circling,85.590,86.040,VBG,6.3570,3.33,6,-1.115437
audio16.TextGrid,18,16,with,86.040,86.180,IN,4.2610,6.85,3,1.855338
audio16.TextGrid,18,17,her,86.180,86.360,PRP,2.5950,6.3,2,-0.602346
audio16.TextGrid,18,18,on,86.360,86.470,IN,4.8220,6.91,2,2.502703
audio16.TextGrid,18,19,the,86.470,86.570,DT,0.7170,7.73,2,-0.421968
audio16.TextGrid,18,20,surface,86.570,87.160,NN,5.9182,4.83,5,0.604900
audio16.TextGrid,19,1,he,88.150,88.230,PRP,1.7687,6.69,2,-0.867270
audio16.TextGrid,19,2,had,88.230,88.370,VBD,2.1705,6.33,3,-0.983663
audio16.TextGrid,19,3,stayed,88.370,88.690,VBN,6.7269,4.53,4,0.981773
audio16.TextGrid,19,4,so,88.690,88.930,RB,3.7597,6.52,2,0.879028
audio16.TextGrid,19,5,close,88.930,89.370,JJ,3.7556,5.36,4,-0.794805
audio16.TextGrid,19,6,that,89.370,89.510,IN,1.6055,7.01,3,-0.569854
audio16.TextGrid,19,7,the,89.510,89.650,DT,1.7379,7.73,2,0.598932
audio16.TextGrid,19,8,old,89.650,89.890,JJ,5.4192,5.75,3,1.430171
audio16.TextGrid,19,9,man,89.890,90.140,NN,1.0280,5.82,3,-2.860270
audio16.TextGrid,19,10,was,90.140,90.310,VBD,2.7221,6.82,3,0.273255
audio16.TextGrid,19,11,afraid,90.310,90.700,JJ,2.8344,4.7,5,-2.666025
audio16.TextGrid,19,12,he,90.700,90.770,PRP,2.1188,6.69,2,-0.517170
audio16.TextGrid,19,13,would,90.770,90.960,MD,0.7848,6.27,3,-2.455728
audio16.TextGrid,19,14,cut,90.960,91.210,VB,5.1496,5.24,3,0.426464
audio16.TextGrid,19,15,the,91.210,91.310,DT,2.6011,7.73,2,1.462132
audio16.TextGrid,19,16,line,91.310,91.590,NN,3.5009,5.49,3,-0.862380
audio16.TextGrid,19,17,with,91.610,91.760,IN,3.5692,6.85,3,1.163538
audio16.TextGrid,19,18,his,91.760,91.960,PRP$,0.6103,6.51,3,-2.284766
audio16.TextGrid,19,19,tail,91.960,92.470,NN,4.0795,4.34,3,-1.939118
audio16.TextGrid,20,1,which,92.970,93.180,WDT,5.5177,6.3,3,2.320354
audio16.TextGrid,20,2,was,93.180,93.290,VBD,1.8119,6.82,3,-0.636945
audio16.TextGrid,20,3,sharp,93.290,93.690,JJ,5.8187,4.48,4,0.001601
audio16.TextGrid,20,4,as,93.690,93.800,IN,3.1978,6.77,2,0.676984
audio16.TextGrid,20,5,a,93.800,93.890,DT,0.5879,7.36,1,-1.083655
audio16.TextGrid,20,6,scythe,93.890,94.430,NN,6.8920,2.78,3,-1.372121
audio16.TextGrid,20,7,and,94.430,94.620,CC,1.4754,7.41,3,-0.124184
audio16.TextGrid,20,8,almost,94.620,95.060,RB,5.9522,5.39,6,1.444978
audio16.TextGrid,20,9,of,95.060,95.130,IN,6.4903,7.4,2,4.876322
audio16.TextGrid,20,10,that,95.130,95.370,DT,5.6391,7.01,3,3.463746
audio16.TextGrid,20,11,size,95.370,95.800,NN,2.3684,5.13,3,-2.513073
audio16.TextGrid,20,12,and,95.800,95.950,CC,2.9503,7.41,3,1.350716
audio16.TextGrid,20,13,shape,95.950,96.310,NN,2.8304,4.72,3,-2.641237
audio16.TextGrid,21,1,when,97.380,97.530,WRB,3.5774,6.37,4,0.480814
audio16.TextGrid,21,2,the,97.530,97.630,DT,1.1961,7.73,2,0.057132
audio16.TextGrid,21,3,old,97.630,97.830,JJ,1.1452,5.75,3,-2.843829
audio16.TextGrid,21,4,man,97.830,98.030,NN,0.0523,5.82,3,-3.835970
audio16.TextGrid,21,5,had,98.030,98.180,VBD,2.1523,6.33,3,-1.001863
audio16.TextGrid,21,6,gaffed,98.180,98.560,VBN,15.0991,1.25,4,4.632659
audio16.TextGrid,21,7,her,98.560,98.710,PRP$,3.7190,6.3,2,0.521654
audio16.TextGrid,21,8,and,98.710,98.860,CC,3.1790,7.41,3,1.579416
audio16.TextGrid,21,9,clubbed,98.860,99.190,VBD,11.3360,2.54,5,2.726417
audio16.TextGrid,21,10,her,99.190,99.380,PRP,0.1935,6.3,2,-3.003846
audio16.TextGrid,21,11,holding,99.670,100.080,VBG,7.9450,4.89,6,2.718065
audio16.TextGrid,21,12,the,100.080,100.190,DT,2.6798,7.73,2,1.540832
audio16.TextGrid,21,13,rapier,100.190,100.620,JJR,9.2968,2.58,5,0.744794
audio16.TextGrid,21,14,bill,100.620,101.050,NN,11.0031,5.15,3,6.150416
audio16.TextGrid,21,15,with,101.050,101.200,IN,3.7412,6.85,3,1.335538
audio16.TextGrid,21,16,its,101.200,101.350,PRP$,3.5234,6.14,3,0.095746
audio16.TextGrid,21,17,sandpaper,101.350,102.050,NN,12.1196,2.73,8,3.783508
audio16.TextGrid,21,18,edge,102.050,102.390,NN,5.0362,4.74,2,-0.406648
audio16.TextGrid,21,19,and,102.390,102.510,CC,1.9585,7.41,2,0.358916
audio16.TextGrid,21,20,dubbing,102.510,102.980,VBG,12.2526,2.77,5,3.974085
audio16.TextGrid,21,21,her,102.980,103.140,PRP$,0.8682,6.3,2,-2.329146
audio16.TextGrid,21,22,across,103.140,103.530,IN,8.9386,5.25,5,4.229858
audio16.TextGrid,21,23,the,103.530,103.640,DT,0.3791,7.73,2,-0.759868
audio16.TextGrid,21,24,top,103.640,103.920,NN,4.8188,5.57,3,0.570674
audio16.TextGrid,21,25,of,103.920,104.030,IN,0.9520,7.4,2,-0.661978
audio16.TextGrid,21,26,her,104.030,104.170,PRP$,3.4271,6.3,2,0.229754
audio16.TextGrid,21,27,head,104.170,104.420,NN,0.8947,5.51,3,-3.439791
audio16.TextGrid,21,28,until,104.420,104.750,IN,5.3828,5.61,5,1.192251
audio16.TextGrid,21,29,her,104.750,104.840,PRP$,2.5281,6.3,2,-0.669246
audio16.TextGrid,21,30,colour,104.840,105.200,NNS,10.5810,4.49,4,4.778296
audio16.TextGrid,21,31,turned,105.200,105.570,VBD,3.7652,5.09,4,-1.173850
audio16.TextGrid,21,32,to,105.570,105.670,TO,3.3156,7.43,2,1.744804
audio16.TextGrid,21,33,a,105.670,105.700,DT,2.9599,7.36,1,1.288345
audio16.TextGrid,21,34,colour,105.700,106.070,NN,5.4313,4.49,4,-0.371404
audio16.TextGrid,21,35,almost,106.070,106.500,RB,5.6379,5.39,6,1.130678
audio16.TextGrid,21,36,like,106.500,106.670,IN,1.9534,6.41,3,-1.085609
audio16.TextGrid,21,37,the,106.680,106.760,DT,1.9851,7.73,2,0.846132
audio16.TextGrid,21,38,backing,106.760,107.200,NN,11.0605,4.23,5,4.883545
audio16.TextGrid,21,39,of,107.200,107.320,IN,0.0617,7.4,2,-1.552278
audio16.TextGrid,21,40,mirrors,107.340,107.880,NNS,11.3920,3.81,5,4.610487
audio16.TextGrid,22,1,and,108.670,108.790,CC,2.7567,7.41,2,1.157116
audio16.TextGrid,22,2,then,108.790,109.090,RB,1.8336,6.07,3,-1.694813
audio16.TextGrid,22,3,with,109.090,109.220,IN,2.4061,6.85,3,0.000438
audio16.TextGrid,22,4,the,109.220,109.290,DT,1.7020,7.73,2,0.563032
audio16.TextGrid,22,5,boy,109.290,109.590,NN,7.3206,5.17,2,2.496704
audio16.TextGrid,22,6,s,109.590,109.680,NN,1.2873,5.86,1,-2.543393
audio16.TextGrid,22,7,aid,109.680,110.050,NN,3.9714,4.75,2,-1.457054
audio16.TextGrid,22,8,hoisted,110.050,110.420,VBD,8.5020,2.98,6,0.525764
audio16.TextGrid,22,9,her,110.420,110.540,PRP$,0.6423,6.3,2,-2.555046
audio16.TextGrid,23,1,aboard,110.540,111.060,IN,7.3535,4.14,5,1.046997
audio16.TextGrid,23,2,the,111.690,111.780,DT,3.4623,7.73,2,2.323332
audio16.TextGrid,23,3,male,111.780,112.070,JJ,4.2360,4.89,3,-0.990935
audio16.TextGrid,23,4,fish,112.070,112.310,NN,1.5993,4.9,3,-3.613240
audio16.TextGrid,23,5,had,112.310,112.470,VBD,4.0660,6.33,3,0.911837
audio16.TextGrid,23,6,stayed,112.470,112.790,VBN,6.0147,4.53,4,0.269573
audio16.TextGrid,23,7,by,112.790,112.950,IN,4.5195,6.66,2,1.840347
audio16.TextGrid,23,8,the,112.950,113.050,DT,2.0168,7.73,2,0.877832
audio16.TextGrid,23,9,side,113.050,113.340,NN,2.3352,5.5,3,-2.013685
audio16.TextGrid,23,10,of,113.340,113.400,IN,0.3563,7.4,2,-1.257678
audio16.TextGrid,23,11,the,113.400,113.490,DT,0.2382,7.73,2,-0.900768
audio16.TextGrid,23,12,boat,113.490,113.910,NN,1.4883,4.71,3,-3.997731
audio16.TextGrid,24,1,then,114.700,115.100,RB,3.4502,6.07,3,-0.078213
audio16.TextGrid,24,2,while,115.220,115.400,IN,4.2762,5.86,3,0.445507
audio16.TextGrid,24,3,the,115.400,115.510,DT,0.9475,7.73,2,-0.191468
audio16.TextGrid,24,4,old,115.510,115.720,JJ,1.4924,5.75,3,-2.496629
audio16.TextGrid,24,5,man,115.720,115.970,NN,0.0449,5.82,3,-3.843370
audio16.TextGrid,24,6,was,115.970,116.140,VBD,0.6202,6.82,3,-1.828645
audio16.TextGrid,24,7,clearing,116.140,116.520,VBG,8.9207,4.04,6,2.470254
audio16.TextGrid,24,8,the,116.520,116.590,DT,0.7722,7.73,2,-0.366768
audio16.TextGrid,24,9,lines,116.590,117.040,NNS,4.4155,4.95,4,-0.725069
audio16.TextGrid,24,10,and,117.040,117.140,CC,2.3053,7.41,2,0.705716
audio16.TextGrid,24,11,preparing,117.140,117.640,VBG,5.3185,4.33,7,-0.714512
audio16.TextGrid,24,12,the,117.640,117.740,DT,1.1514,7.73,2,0.012432
audio16.TextGrid,24,13,harpoon,117.740,118.340,NN,7.5400,2.83,6,-0.652150
audio16.TextGrid,25,1,the,118.790,118.870,DT,1.0419,7.73,2,-0.097068
audio16.TextGrid,25,2,male,118.870,119.140,JJ,3.6931,4.89,3,-1.533835
audio16.TextGrid,25,3,fish,119.140,119.420,NN,0.3412,4.9,3,-4.871340
audio16.TextGrid,25,4,jumped,119.420,119.790,VBD,4.2876,4.25,5,-1.860566
audio16.TextGrid,25,5,high,119.790,120.040,JJ,5.7639,5.75,2,1.774871
audio16.TextGrid,25,6,into,120.040,120.240,IN,1.9799,6.11,4,-1.490936
audio16.TextGrid,25,7,the,120.240,120.430,DT,0.1241,7.73,2,-1.014868
audio16.TextGrid,25,8,air,120.430,120.620,NN,0.8332,5.37,2,-3.702811
audio16.TextGrid,25,9,beside,120.620,121.090,IN,7.8155,4.19,5,1.580968
audio16.TextGrid,25,10,the,121.090,121.170,DT,0.9682,7.73,2,-0.170768
audio16.TextGrid,25,11,boat,121.170,121.530,NN,1.8385,4.71,3,-3.647531
audio16.TextGrid,25,12,to,121.530,121.650,TO,3.9049,7.43,2,2.334104
audio16.TextGrid,25,13,see,121.650,121.830,VB,4.0359,6.1,2,0.550669
audio16.TextGrid,25,14,where,121.830,122.030,WRB,3.1347,6.0,3,-0.494473
audio16.TextGrid,25,15,the,122.030,122.130,DT,0.8798,7.73,2,-0.259168
audio16.TextGrid,25,16,female,122.130,122.520,NN,3.7543,5.0,5,-1.314298
audio16.TextGrid,25,17,was,122.520,123.020,VBD,2.5441,6.82,3,0.095255
audio16.TextGrid,25,18,and,123.530,123.640,CC,2.3618,7.41,2,0.762216
audio16.TextGrid,25,19,then,123.640,123.860,RB,2.7949,6.07,3,-0.733513
audio16.TextGrid,25,20,went,123.860,124.090,VBD,4.0068,5.5,4,-0.342085
audio16.TextGrid,25,21,down,124.090,124.450,RB,2.3103,5.88,3,-1.491604
audio16.TextGrid,25,22,deep,124.450,124.870,JJ,6.5986,5.05,3,1.601973
audio16.TextGrid,25,23,his,125.260,125.460,PRP$,3.7924,6.51,3,0.897334
audio16.TextGrid,25,24,lavender,125.460,125.870,NN,12.4466,3.44,7,5.132500
audio16.TextGrid,25,25,wings,125.870,126.410,NNS,4.2519,4.44,4,-1.622776
audio16.TextGrid,25,26,that,126.410,126.600,WDT,5.5509,7.01,3,3.375546
audio16.TextGrid,25,27,were,126.600,126.710,VBD,2.8505,6.34,2,-0.289269
audio16.TextGrid,25,28,his,126.710,126.870,PRP$,5.5346,6.51,3,2.639534
audio16.TextGrid,25,29,pectoral,126.870,127.350,JJ,8.9113,2.91,7,0.834304
audio16.TextGrid,25,30,fins,127.350,127.850,NNS,0.2784,3.36,4,-7.150854
audio16.TextGrid,25,31,spread,128.080,128.430,VBD,8.1085,4.81,5,2.766411
audio16.TextGrid,25,32,wide,128.430,128.930,JJ,3.3106,4.96,3,-1.815575
audio16.TextGrid,25,33,and,128.930,129.070,CC,1.5792,7.41,3,-0.020384
audio16.TextGrid,25,34,all,129.070,129.320,DT,5.4681,6.52,2,2.587428
audio16.TextGrid,25,35,his,129.320,129.500,PRP$,3.6522,6.51,3,0.757134
audio16.TextGrid,25,36,wide,129.500,129.890,JJ,5.8883,4.96,3,0.762125
audio16.TextGrid,25,37,lavender,129.890,130.340,NN,9.5491,3.44,7,2.235000
audio16.TextGrid,25,38,stripes,130.340,130.790,NNS,7.1211,3.76,6,0.267615
audio16.TextGrid,25,39,showing,130.790,131.240,VBG,6.1438,4.88,4,0.902471
audio16.TextGrid,26,1,he,132.230,132.340,PRP,1.5456,6.69,2,-1.090370
audio16.TextGrid,26,2,was,132.340,132.510,VBD,2.0226,6.82,3,-0.426245
audio16.TextGrid,26,3,beautiful,132.510,133.050,JJ,6.4973,5.22,8,1.745376
audio16.TextGrid,26,4,the,133.240,133.360,DT,3.3714,7.73,2,2.232432
audio16.TextGrid,26,5,old,133.360,133.550,JJ,2.7384,5.75,3,-1.250629
audio16.TextGrid,26,6,man,133.550,133.750,NN,0.0668,5.82,3,-3.821470
audio16.TextGrid,26,7,remembered,133.750,134.250,VBD,3.4649,4.33,8,-2.568112
audio16.TextGrid,27,1,and,134.730,134.890,CC,0.9154,7.41,3,-0.684184
audio16.TextGrid,27,2,he,134.890,134.980,PRP,1.4104,6.69,2,-1.225570
audio16.TextGrid,27,3,had,134.980,135.120,VBD,2.3987,6.33,3,-0.755463
audio16.TextGrid,27,4,stayed,135.120,135.740,VBN,6.7719,4.53,4,1.026773
audio16.TextGrid,28,1,that,137.540,137.740,DT,4.7181,7.01,3,2.542746
audio16.TextGrid,28,2,was,137.740,137.990,VBD,1.4249,6.82,3,-1.023945
audio16.TextGrid,28,3,the,137.990,138.070,DT,1.4553,7.73,2,0.316332
audio16.TextGrid,28,4,saddest,138.070,138.530,JJS,8.2002,3.24,6,0.598215
audio16.TextGrid,28,5,thing,138.530,138.780,NN,1.2512,5.72,3,-2.781012
audio16.TextGrid,28,6,i,138.780,138.950,NN,3.0613,7.09,1,1.001100
audio16.TextGrid,28,7,ever,138.950,139.150,RB,1.3193,5.66,3,-2.799277
audio16.TextGrid,28,8,saw,139.150,139.390,VBD,0.8789,5.34,2,-3.700293
audio16.TextGrid,28,9,with,139.390,139.610,IN,5.4668,6.85,3,3.061138
audio16.TextGrid,28,10,them,139.610,139.920,PRP,5.3931,6.19,3,2.037418
audio16.TextGrid,28,11,the,140.130,140.270,DT,2.0976,7.73,2,0.958632
audio16.TextGrid,28,12,old,140.270,140.460,JJ,0.9480,5.75,3,-3.041029
audio16.TextGrid,28,13,man,140.460,140.710,NN,0.0109,5.82,3,-3.877370
audio16.TextGrid,28,14,thought,140.710,141.100,VBD,0.9952,5.59,3,-3.224137
audio16.TextGrid,29,1,the,141.710,141.800,DT,2.6247,7.73,2,1.485732
audio16.TextGrid,29,2,boy,141.800,142.070,NN,4.3477,5.17,2,-0.476196
audio16.TextGrid,29,3,was,142.070,142.270,VBD,2.1334,6.82,3,-0.315445
audio16.TextGrid,29,4,sad,142.270,142.670,JJ,5.9944,4.84,3,0.695494
audio16.TextGrid,29,5,too,142.670,142.980,RB,4.7152,5.95,2,1.014056
audio16.TextGrid,29,6,and,142.980,143.190,CC,2.3952,7.41,3,0.795616
audio16.TextGrid,29,7,we,143.190,143.290,PRP,5.5364,6.54,2,2.684516
audio16.TextGrid,29,8,begged,143.290,143.600,VBD,9.3272,3.58,4,2.214619
audio16.TextGrid,29,9,her,143.600,143.720,PRP,5.6503,6.3,2,2.452954
audio16.TextGrid,29,10,pardon,143.720,144.250,NN,6.0893,3.82,6,-0.677819
audio16.TextGrid,30,1,and,144.690,144.790,CC,2.2928,7.41,2,0.693216
audio16.TextGrid,30,2,butchered,144.790,145.240,VBD,10.9227,3.01,5,2.989647
audio16.TextGrid,30,3,her,145.240,145.340,PRP,0.8371,6.3,2,-2.360246
audio16.TextGrid,30,4,promptly,145.340,146.020,RB,10.1835,3.84,7,3.445169
audio16.TextGrid,31,1,i,147.410,147.550,JJ,2.0634,7.09,1,0.003200
audio16.TextGrid,31,2,wish,147.550,147.840,VBP,3.2117,5.18,3,-1.597801
audio16.TextGrid,31,3,the,147.840,147.950,DT,4.5166,7.73,2,3.377632
audio16.TextGrid,31,4,boy,147.950,148.220,NN,1.6224,5.17,2,-3.201496
audio16.TextGrid,31,5,was,148.220,148.490,VBD,1.8807,6.82,3,-0.568145
audio16.TextGrid,31,6,here,148.490,148.770,RB,2.5637,5.97,3,-1.108656
audio16.TextGrid,31,7,he,149.120,149.230,PRP,0.6858,6.69,2,-1.950170
audio16.TextGrid,31,8,said,149.230,149.440,VBD,0.3574,6.01,3,-3.257379
audio16.TextGrid,31,9,aloud,149.440,149.930,JJ,4.7648,3.51,4,-2.448541
audio16.TextGrid,31,10,and,150.230,150.400,CC,2.9967,7.41,3,1.397116
audio16.TextGrid,31,11,settled,150.400,150.770,VBD,8.8808,4.44,6,3.006124
audio16.TextGrid,31,12,himself,150.770,151.130,PRP,2.0815,5.25,7,-2.627242
audio16.TextGrid,31,13,against,151.130,151.460,IN,3.9487,5.68,6,-0.141089
audio16.TextGrid,31,14,the,151.460,151.570,DT,0.1458,7.73,2,-0.993168
audio16.TextGrid,31,15,rounded,151.570,151.960,JJ,10.1308,3.98,6,3.593989
audio16.TextGrid,31,16,planks,151.960,152.330,NNS,8.0240,3.13,6,0.263678
audio16.TextGrid,31,17,of,152.330,152.410,IN,0.2885,7.4,2,-1.325478
audio16.TextGrid,31,18,the,152.410,152.490,DT,0.1897,7.73,2,-0.949268
audio16.TextGrid,31,19,bow,152.490,152.880,NN,4.1931,4.3,2,-1.883095
audio16.TextGrid,31,20,and,153.110,153.260,CC,1.4701,7.41,3,-0.129484
audio16.TextGrid,31,21,felt,153.260,153.470,VBD,5.1058,5.13,4,0.224327
audio16.TextGrid,31,22,the,153.470,153.580,DT,1.1835,7.73,2,0.044532
audio16.TextGrid,31,23,strength,153.580,154.100,NN,5.0026,4.8,6,-0.353883
audio16.TextGrid,31,24,of,154.100,154.180,IN,0.4182,7.4,2,-1.195778
audio16.TextGrid,31,25,the,154.200,154.290,DT,0.6832,7.73,2,-0.455768
audio16.TextGrid,31,26,great,154.290,154.580,JJ,5.2638,5.88,4,1.461896
audio16.TextGrid,31,27,fish,154.600,154.950,NN,0.5948,4.9,3,-4.617740
audio16.TextGrid,31,28,through,154.950,155.100,IN,5.7011,5.87,3,1.884802
audio16.TextGrid,31,29,the,155.100,155.200,DT,1.2704,7.73,2,0.131432
audio16.TextGrid,31,30,line,155.200,155.500,NN,6.4494,5.49,3,2.086120
audio16.TextGrid,31,31,he,155.500,155.640,PRP,4.2249,6.69,2,1.588930
audio16.TextGrid,31,32,held,155.640,155.830,VBD,3.8287,5.24,4,-0.894436
audio16.TextGrid,31,33,across,155.830,156.170,IN,6.0184,5.25,5,1.309658
audio16.TextGrid,31,34,his,156.170,156.300,PRP$,1.2453,6.51,3,-1.649766
audio16.TextGrid,31,35,shoulders,156.300,156.840,NNS,3.7349,4.18,6,-2.514026
audio16.TextGrid,32,1,moving,157.330,157.690,VBG,9.7061,5.02,5,4.666291
audio16.TextGrid,32,2,steadily,157.690,158.180,RB,4.4904,3.84,7,-2.247931
audio16.TextGrid,32,3,toward,158.180,158.620,IN,3.3128,4.72,6,-2.158837
audio16.TextGrid,32,4,whatever,158.620,158.960,WDT,8.9632,5.14,6,4.096122
audio16.TextGrid,32,5,he,158.960,159.060,PRP,1.7633,6.69,2,-0.872670
audio16.TextGrid,32,6,had,159.060,159.240,VBD,2.5744,6.33,3,-0.579763
audio16.TextGrid,32,7,chosen,159.240,159.680,VBN,5.4905,4.61,5,-0.139473
audio16.TextGrid,33,1,when,160.890,161.070,WRB,3.7142,6.37,3,0.617614
audio16.TextGrid,33,2,once,161.070,161.560,RB,7.7088,5.53,4,3.403097
audio16.TextGrid,33,3,through,161.560,161.720,IN,6.2815,5.87,3,2.465202
audio16.TextGrid,33,4,my,161.720,161.950,PRP$,4.6158,6.57,2,1.807099
audio16.TextGrid,33,5,treachery,161.950,162.560,NN,8.6357,3.13,6,0.875378
audio16.TextGrid,33,6,it,162.560,162.640,PRP,4.8698,6.95,2,2.608080
audio16.TextGrid,33,7,had,162.640,162.770,VBD,2.7139,6.33,3,-0.440263
audio16.TextGrid,33,8,been,162.770,162.890,VBN,0.5629,6.27,3,-2.677628
audio16.TextGrid,33,9,necessary,162.890,163.460,JJ,4.5843,4.91,8,-0.613846
audio16.TextGrid,33,10,to,163.460,163.610,TO,0.3794,7.43,2,-1.191396
audio16.TextGrid,33,11,him,163.610,163.740,PRP,8.5638,6.11,2,5.092964
audio16.TextGrid,33,12,to,163.740,163.840,TO,0.4175,7.43,2,-1.153296
audio16.TextGrid,33,13,make,163.840,164.040,VB,3.6303,6.08,3,0.116281
audio16.TextGrid,33,14,a,164.040,164.090,DT,1.1922,7.36,1,-0.479355
audio16.TextGrid,33,15,choice,164.090,164.610,NN,4.0398,5.08,3,-0.913644
audio16.TextGrid,33,16,the,164.690,164.830,DT,2.2943,7.73,2,1.155332
audio16.TextGrid,33,17,old,164.830,165.050,JJ,1.2108,5.75,3,-2.778229
audio16.TextGrid,33,18,man,165.050,165.310,NN,0.0103,5.82,3,-3.877970
audio16.TextGrid,33,19,thought,165.310,165.700,VBD,2.2538,5.59,3,-1.965537
audio16.TextGrid,34,1,his,167.120,167.350,PRP$,5.0869,6.51,3,2.191834
audio16.TextGrid,34,2,choice,167.350,167.640,NN,2.9283,5.08,3,-2.025144
audio16.TextGrid,34,3,had,167.640,167.760,VBD,2.3915,6.33,3,-0.762663
audio16.TextGrid,34,4,been,167.760,167.890,VBN,0.8045,6.27,3,-2.436028
audio16.TextGrid,34,5,to,167.890,167.990,TO,1.7013,7.43,2,0.130504
audio16.TextGrid,34,6,stay,167.990,168.250,VB,3.8921,5.33,3,-0.701488
audio16.TextGrid,34,7,in,168.250,168.320,IN,2.5898,7.27,2,0.788696
audio16.TextGrid,34,8,the,168.320,168.420,DT,1.7251,7.73,2,0.586132
audio16.TextGrid,34,9,deep,168.420,168.680,JJ,6.2073,5.05,3,1.210673
audio16.TextGrid,34,10,dark,168.680,169.000,NN,5.8152,5.04,4,0.804179
audio16.TextGrid,34,11,water,169.000,169.340,NN,3.3863,5.52,4,-0.933797
audio16.TextGrid,34,12,far,169.340,169.660,RB,6.6524,5.5,3,2.303515
audio16.TextGrid,34,13,out,169.660,169.760,RP,4.2853,6.38,2,1.203108
audio16.TextGrid,34,14,beyond,169.760,170.180,IN,5.4242,4.98,5,0.326814
audio16.TextGrid,34,15,all,170.180,170.380,DT,5.5744,6.52,2,2.693728
audio16.TextGrid,34,16,snares,170.380,170.910,NNS,14.8291,2.67,5,6.406642
audio16.TextGrid,34,17,and,170.910,171.110,CC,0.9022,7.41,3,-0.697384
audio16.TextGrid,34,18,traps,171.110,171.430,NNS,6.5389,3.76,5,-0.314585
audio16.TextGrid,34,19,and,171.430,171.590,CC,0.8229,7.41,3,-0.776684
audio16.TextGrid,34,20,treacheries,171.590,172.190,NNS,13.5196,1.21,7,2.995582
audio16.TextGrid,35,1,my,173.180,173.360,PRP$,5.5627,6.57,2,2.753999
audio16.TextGrid,35,2,choice,173.360,173.860,NN,1.9127,5.08,3,-3.040744
audio16.TextGrid,35,3,was,173.860,174.040,VBD,1.1443,6.82,3,-1.304545
audio16.TextGrid,35,4,to,174.040,174.130,TO,0.8937,7.43,2,-0.677096
audio16.TextGrid,35,5,go,174.130,174.360,VB,2.2260,6.03,2,-1.359990
audio16.TextGrid,35,6,there,174.360,174.550,RB,4.2277,6.31,3,1.044749
audio16.TextGrid,35,7,to,174.550,174.690,TO,3.7073,7.43,2,2.136504
audio16.TextGrid,35,8,find,174.690,175.060,VB,3.3064,5.76,4,-0.668235
audio16.TextGrid,35,9,him,175.060,175.240,PRP,2.1575,6.11,3,-1.313336
audio16.TextGrid,35,10,beyond,175.240,175.650,IN,10.2716,4.98,5,5.174214
audio16.TextGrid,35,11,all,175.650,175.810,DT,1.6070,6.52,2,-1.273672
audio16.TextGrid,35,12,people,175.810,176.290,NNS,7.9206,6.25,5,4.651283
audio16.TextGrid,35,13,beyond,176.760,177.100,IN,8.6011,4.98,5,3.503714
audio16.TextGrid,35,14,all,177.100,177.290,DT,0.7775,6.52,2,-2.103172
audio16.TextGrid,35,15,people,177.290,177.700,NNS,2.7842,6.25,5,-0.485117
audio16.TextGrid,35,16,in,177.700,177.770,IN,4.6266,7.27,2,2.825496
audio16.TextGrid,35,17,the,177.770,177.840,DT,0.9734,7.73,2,-0.165568
audio16.TextGrid,35,18,world,177.840,178.370,NN,1.3784,5.89,4,-2.409110
audio16.TextGrid,36,1,now,179.110,179.350,RB,5.0425,6.18,2,1.672423
audio16.TextGrid,36,2,we,179.350,179.520,PRP,4.3608,6.54,2,1.508916
audio16.TextGrid,36,3,are,179.520,179.630,VBP,2.2842,6.74,2,-0.279799
audio16.TextGrid,36,4,joined,179.630,180.030,VBN,7.8742,4.73,4,2.416957
audio16.TextGrid,36,5,together,180.030,180.490,RB,3.3137,5.46,6,-1.092762
audio16.TextGrid,36,6,and,180.490,180.610,CC,1.9043,7.41,3,0.304716
audio16.TextGrid,36,7,have,180.610,180.780,VBP,4.8151,6.71,3,2.207919
audio16.TextGrid,36,8,been,180.780,181.040,VBN,3.0368,6.27,3,-0.203728
audio16.TextGrid,36,9,since,181.040,181.380,IN,4.5207,5.75,4,0.531671
audio16.TextGrid,36,10,noon,181.380,181.790,NN,6.4017,4.11,3,0.052014
audio16.TextGrid,37,1,and,182.590,182.800,CC,3.9262,7.41,3,2.326616
audio16.TextGrid,37,2,no,182.800,182.970,DT,5.4036,6.35,2,2.278226
audio16.TextGrid,37,3,one,182.970,183.170,NN,0.6511,6.47,3,-2.301543
audio16.TextGrid,37,4,to,183.170,183.330,TO,5.9306,7.43,2,4.359804
audio16.TextGrid,37,5,help,183.330,183.690,VB,3.9356,5.75,4,-0.053429
audio16.TextGrid,37,6,either,183.690,183.930,DT,7.8109,5.33,3,3.217312
audio16.TextGrid,37,7,one,183.930,184.180,CD,4.8043,6.47,3,1.851657
audio16.TextGrid,37,8,of,184.180,184.310,IN,0.6685,7.4,2,-0.945478
audio16.TextGrid,37,9,us,184.310,184.610,PRP,0.0338,6.04,2,-3.537796
audio17.TextGrid,1,1,perhaps,0.910,1.320,RB,5.7746,5.09,6,0.835550
audio17.TextGrid,1,2,i,1.320,1.420,NN,1.7744,7.09,1,-0.285800
audio17.TextGrid,1,3,should,1.420,1.660,MD,1.8457,5.99,3,-1.797867
audio17.TextGrid,1,4,not,1.660,1.820,RB,3.2311,6.69,3,0.595130
audio17.TextGrid,1,5,have,1.820,1.910,VB,1.5089,6.71,3,-1.098281
audio17.TextGrid,1,6,been,1.910,2.100,VBN,1.9847,6.27,3,-1.255828
audio17.TextGrid,1,7,a,2.100,2.160,DT,4.2955,7.36,1,2.623945
audio17.TextGrid,1,8,fisherman,2.160,2.720,NN,3.1227,3.49,7,-4.119429
audio17.TextGrid,1,9,he,2.970,3.090,PRP,0.8404,6.69,2,-1.795570
audio17.TextGrid,1,10,thought,3.090,3.480,VBD,0.1016,5.59,3,-4.117737
audio17.TextGrid,2,1,but,4.220,4.320,CC,2.0027,6.63,3,-0.719635
audio17.TextGrid,2,2,that,4.320,4.590,DT,3.6206,7.01,3,1.445246
audio17.TextGrid,2,3,was,4.590,4.810,VBD,1.4546,6.82,3,-0.994245
audio17.TextGrid,2,4,the,4.810,4.920,DT,1.9074,7.73,2,0.768432
audio17.TextGrid,2,5,thing,4.920,5.220,NN,4.1591,5.72,3,0.126888
audio17.TextGrid,2,6,that,5.220,5.340,IN,2.2767,7.01,3,0.101346
audio17.TextGrid,2,7,i,5.340,5.460,NN,2.2789,7.09,1,0.218700
audio17.TextGrid,2,8,was,5.460,5.660,VBD,2.7366,6.82,3,0.287755
audio17.TextGrid,2,9,born,5.660,6.030,VBN,5.8696,5.09,4,0.930550
audio17.TextGrid,3,1,for,6.030,6.360,IN,2.0922,7.01,3,-0.083154
audio17.TextGrid,3,2,i,7.510,7.600,NN,1.2948,7.09,1,-0.765400
audio17.TextGrid,3,3,must,7.600,7.910,MD,2.9063,5.68,4,-1.183489
audio17.TextGrid,3,4,surely,7.910,8.370,RB,7.3335,4.55,5,1.617161
audio17.TextGrid,3,5,remember,8.370,8.790,VB,3.5973,5.38,7,-0.924316
audio17.TextGrid,3,6,to,8.790,8.980,TO,1.1588,7.43,2,-0.411996
audio17.TextGrid,3,7,eat,8.980,9.100,VB,0.8306,5.13,2,-4.050873
audio17.TextGrid,3,8,the,9.100,9.220,DT,0.9649,7.73,2,-0.174068
audio17.TextGrid,3,9,tuna,9.220,9.510,NN,0.1943,3.64,4,-6.831915
audio17.TextGrid,3,10,after,9.510,9.940,IN,5.6669,6.11,4,2.196064
audio17.TextGrid,3,11,it,9.940,10.060,PRP,2.7174,6.95,2,0.455680
audio17.TextGrid,3,12,gets,10.060,10.350,VBZ,6.6679,5.25,4,1.959158
audio17.TextGrid,3,13,light,10.350,10.820,JJ,7.5456,5.33,3,2.952012
audio17.TextGrid,4,1,some,13.790,14.020,DT,6.2658,6.2,3,2.924512
audio17.TextGrid,4,2,time,14.020,14.300,NN,2.3296,6.29,3,-0.882140
audio17.TextGrid,4,3,before,14.300,14.620,IN,2.9223,5.93,5,-0.807633
audio17.TextGrid,4,4,daylight,14.620,15.170,JJ,6.0960,3.84,5,-0.642331
audio17.TextGrid,4,5,something,15.170,15.540,NN,7.2338,5.81,6,3.331136
audio17.TextGrid,4,6,took,15.540,15.790,VBD,5.8567,5.51,3,1.522209
audio17.TextGrid,4,7,one,15.790,15.920,CD,6.8478,6.47,3,3.895157
audio17.TextGrid,4,8,of,15.920,16.000,IN,0.5367,7.4,2,-1.077278
audio17.TextGrid,4,9,the,16.000,16.080,DT,0.9452,7.73,2,-0.193768
audio17.TextGrid,4,10,baits,16.080,16.470,NNS,9.3470,2.65,4,0.895754
audio17.TextGrid,4,11,that,16.470,16.670,WDT,3.1133,7.01,3,0.937946
audio17.TextGrid,4,12,were,16.670,16.740,VBD,3.3068,6.34,2,0.167031
audio17.TextGrid,4,13,behind,16.740,17.210,IN,7.9395,5.29,6,3.288335
audio17.TextGrid,4,14,him,17.210,17.390,PRP,2.9308,6.11,3,-0.540036
audio17.TextGrid,5,1,he,18.060,18.180,PRP,2.3381,6.69,2,-0.297870
audio17.TextGrid,5,2,heard,18.180,18.350,VBD,5.1978,5.27,3,0.517847
audio17.TextGrid,5,3,the,18.350,18.440,DT,1.2968,7.73,2,0.157832
audio17.TextGrid,5,4,stick,18.440,18.740,JJ,7.8769,4.76,4,2.462840
audio17.TextGrid,5,5,break,18.820,19.160,NN,4.8735,5.18,4,0.063999
audio17.TextGrid,5,6,and,19.160,19.260,CC,0.8802,7.41,2,-0.719384
audio17.TextGrid,5,7,the,19.260,19.340,DT,2.1373,7.73,2,0.998332
audio17.TextGrid,5,8,line,19.340,19.650,NN,5.2508,5.49,3,0.887520
audio17.TextGrid,5,9,begin,19.650,19.920,NN,5.4292,4.84,5,0.130294
audio17.TextGrid,5,10,to,19.920,20.050,TO,0.1553,7.43,2,-1.415496
audio17.TextGrid,5,11,rush,20.050,20.320,VB,7.9735,4.48,3,2.156401
audio17.TextGrid,5,12,out,20.320,20.500,RP,2.8763,6.38,2,-0.205892
audio17.TextGrid,5,13,over,20.500,20.670,IN,4.9068,6.08,3,1.392781
audio17.TextGrid,5,14,the,20.670,20.770,DT,0.3508,7.73,2,-0.788168
audio17.TextGrid,5,15,gunwale,20.770,21.120,NN,9.9447,1.65,6,0.054029
audio17.TextGrid,5,16,of,21.120,21.190,IN,4.0386,7.4,2,2.424622
audio17.TextGrid,5,17,the,21.190,21.300,DT,0.3391,7.73,2,-0.799868
audio17.TextGrid,5,18,skiff,21.300,21.630,NN,8.3022,2.63,4,-0.177835
audio17.TextGrid,6,1,in,22.630,22.760,IN,4.5779,7.27,2,2.776796
audio17.TextGrid,6,2,the,22.760,22.830,DT,1.2934,7.73,2,0.154432
audio17.TextGrid,6,3,darkness,22.830,23.410,NN,2.6450,4.3,7,-3.431195
audio17.TextGrid,6,4,he,23.410,23.550,PRP,1.9545,6.69,2,-0.681470
audio17.TextGrid,6,5,loosened,23.550,24.010,VBD,10.8305,2.98,6,2.854264
audio17.TextGrid,6,6,his,24.010,24.170,PRP$,0.7898,6.51,3,-2.105266
audio17.TextGrid,6,7,sheath,24.170,24.550,NN,9.6919,3.16,3,1.974761
audio17.TextGrid,6,8,knife,24.550,24.950,NN,9.2854,4.41,3,3.367542
audio17.TextGrid,6,9,and,24.950,25.150,CC,0.5698,7.41,3,-1.029784
audio17.TextGrid,6,10,taking,25.150,25.470,VBG,8.8887,5.39,5,4.381478
audio17.TextGrid,6,11,all,25.470,25.680,PDT,6.1188,6.52,2,3.238128
audio17.TextGrid,6,12,the,25.680,25.790,DT,0.5868,7.73,2,-0.552168
audio17.TextGrid,6,13,strain,25.790,26.170,NN,8.6825,4.15,5,2.390391
audio17.TextGrid,6,14,of,26.170,26.260,IN,1.4182,7.4,2,-0.195778
audio17.TextGrid,6,15,the,26.260,26.360,DT,1.4132,7.73,2,0.274232
audio17.TextGrid,6,16,fish,26.360,26.640,NN,4.0293,4.9,3,-1.183240
audio17.TextGrid,6,17,on,26.640,26.760,IN,4.3589,6.91,2,2.039603
audio17.TextGrid,6,18,his,26.760,26.940,PRP$,0.7508,6.51,3,-2.144266
audio17.TextGrid,6,19,left,26.940,27.190,JJ,4.1145,5.62,4,-0.061654
audio17.TextGrid,6,20,shoulder,27.190,27.580,NN,3.0295,4.5,5,-2.758810
audio17.TextGrid,6,21,he,27.960,28.080,PRP,2.4134,6.69,2,-0.222570
audio17.TextGrid,6,22,leaned,28.080,28.370,VBD,5.7424,3.41,4,-1.614883
audio17.TextGrid,6,23,back,28.370,28.760,RB,2.1788,6.04,3,-1.392796
audio17.TextGrid,6,24,and,28.760,28.940,CC,1.4424,7.41,3,-0.157184
audio17.TextGrid,6,25,cut,28.940,29.130,VBD,6.0659,5.24,3,1.342764
audio17.TextGrid,6,26,the,29.130,29.260,DT,1.1944,7.73,2,0.055432
audio17.TextGrid,6,27,line,29.260,29.540,NN,1.4331,5.49,3,-2.930180
audio17.TextGrid,6,28,against,29.540,29.850,IN,6.8882,5.68,6,2.798411
audio17.TextGrid,6,29,the,29.850,29.920,DT,0.3213,7.73,2,-0.817668
audio17.TextGrid,6,30,wood,29.920,30.130,NN,4.5197,4.78,3,-0.865571
audio17.TextGrid,6,31,of,30.130,30.210,IN,2.1293,7.4,2,0.515322
audio17.TextGrid,6,32,the,30.210,30.310,DT,0.1514,7.73,2,-0.987568
audio17.TextGrid,6,33,gunwale,30.310,30.710,NN,3.3179,1.65,6,-6.572771
audio17.TextGrid,7,1,then,31.420,31.600,RB,2.7253,6.07,3,-0.803113
audio17.TextGrid,7,2,he,31.600,31.770,PRP,0.7474,6.69,2,-1.888570
audio17.TextGrid,7,3,cut,31.770,31.990,VBD,4.0733,5.24,3,-0.649836
audio17.TextGrid,7,4,the,31.990,32.160,DT,0.9492,7.73,2,-0.189768
audio17.TextGrid,7,5,other,32.160,32.330,JJ,4.8323,6.16,3,1.433435
audio17.TextGrid,7,6,line,32.330,32.630,NN,1.3336,5.49,3,-3.029680
audio17.TextGrid,7,7,closest,32.630,33.090,JJS,9.6180,4.21,7,3.412257
audio17.TextGrid,7,8,to,33.090,33.340,TO,0.0930,7.43,2,-1.477796
audio17.TextGrid,7,9,him,33.340,33.490,PRP,1.2065,6.11,2,-2.264336
audio17.TextGrid,7,10,and,33.890,34.020,CC,0.9960,7.41,3,-0.603584
audio17.TextGrid,7,11,in,34.020,34.100,IN,5.0842,7.27,2,3.283096
audio17.TextGrid,7,12,the,34.100,34.190,DT,1.4658,7.73,2,0.326832
audio17.TextGrid,7,13,dark,34.190,34.550,NN,3.7336,5.04,4,-1.277421
audio17.TextGrid,7,14,made,34.550,34.800,VBD,6.7757,5.92,3,3.031373
audio17.TextGrid,7,15,the,34.800,34.890,DT,1.7647,7.73,2,0.625732
audio17.TextGrid,7,16,loose,34.890,35.210,JJ,8.1317,4.46,3,2.285813
audio17.TextGrid,7,17,ends,35.210,35.530,NNS,3.9632,4.75,4,-1.465254
audio17.TextGrid,7,18,of,35.530,35.600,IN,0.6421,7.4,2,-0.971878
audio17.TextGrid,7,19,the,35.600,35.700,DT,0.3203,7.73,2,-0.818668
audio17.TextGrid,7,20,reserve,35.700,36.140,NN,11.0189,4.6,5,5.374532
audio17.TextGrid,7,21,coils,36.140,36.640,VBZ,9.5068,3.36,4,2.077546
audio17.TextGrid,7,22,fast,36.640,37.200,RB,5.3599,5.13,4,0.478427
audio17.TextGrid,8,1,he,37.880,37.970,PRP,1.8300,6.69,2,-0.805970
audio17.TextGrid,8,2,worked,37.970,38.260,VBD,6.1224,5.16,4,1.284110
audio17.TextGrid,8,3,skillfully,38.260,38.940,RB,10.7482,2.84,8,2.570445
audio17.TextGrid,8,4,with,38.940,39.110,IN,3.1167,6.85,3,0.711038
audio17.TextGrid,8,5,the,39.110,39.190,DT,0.9833,7.73,2,-0.155668
audio17.TextGrid,8,6,one,39.190,39.490,CD,6.4160,6.47,3,3.463357
audio17.TextGrid,8,7,hand,39.490,39.880,NN,2.1174,5.41,4,-2.361034
audio17.TextGrid,9,1,and,40.310,40.380,CC,1.0496,7.41,2,-0.549984
audio17.TextGrid,9,2,put,40.380,40.600,VB,6.5308,5.66,3,2.412223
audio17.TextGrid,9,3,his,40.600,40.780,PRP$,1.8663,6.51,3,-1.028766
audio17.TextGrid,9,4,foot,40.780,40.950,NN,4.7634,4.87,3,-0.492323
audio17.TextGrid,9,5,on,40.950,41.080,IN,1.3080,6.91,2,-1.011297
audio17.TextGrid,9,6,the,41.080,41.140,DT,0.3383,7.73,2,-0.800668
audio17.TextGrid,9,7,coils,41.140,41.650,NNS,11.0188,3.36,4,3.589546
audio17.TextGrid,9,8,to,41.650,41.760,TO,2.9567,7.43,2,1.385904
audio17.TextGrid,9,9,hold,41.760,41.990,VB,3.1917,5.19,4,-1.603407
audio17.TextGrid,9,10,them,41.990,42.140,PRP,0.8906,6.19,3,-2.465082
audio17.TextGrid,9,11,as,42.140,42.250,IN,4.4333,6.77,2,1.912484
audio17.TextGrid,9,12,he,42.250,42.340,PRP,2.1312,6.69,2,-0.504770
audio17.TextGrid,9,13,drew,42.340,42.520,VBD,3.9567,4.46,3,-1.889187
audio17.TextGrid,9,14,his,42.520,42.750,PRP$,2.8785,6.51,3,-0.016566
audio17.TextGrid,9,15,knots,42.750,43.100,NNS,8.1759,3.63,4,1.135290
audio17.TextGrid,9,16,tight,43.100,43.480,VBD,5.4071,4.57,3,-0.280450
audio17.TextGrid,10,1,now,44.700,45.040,RB,4.5184,6.18,2,1.148323
audio17.TextGrid,10,2,he,45.040,45.180,PRP,1.3826,6.69,2,-1.253370
audio17.TextGrid,10,3,had,45.180,45.360,VBD,2.5452,6.33,3,-0.608963
audio17.TextGrid,10,4,six,45.360,45.770,CD,7.3259,5.29,4,2.674735
audio17.TextGrid,10,5,reserve,45.770,46.180,NN,8.9253,4.6,5,3.280932
audio17.TextGrid,10,6,coils,46.180,46.680,NNS,0.5353,3.36,4,-6.893954
audio17.TextGrid,10,7,of,46.680,46.800,IN,2.8440,7.4,2,1.230022
audio17.TextGrid,10,8,line,46.800,47.260,NN,6.1921,5.49,3,1.828820
audio17.TextGrid,11,1,there,47.980,48.100,EX,4.4732,6.31,3,1.290249
audio17.TextGrid,11,2,were,48.100,48.220,VBD,1.1481,6.34,2,-1.991669
audio17.TextGrid,11,3,two,48.220,48.570,CD,2.1883,6.1,2,-1.296931
audio17.TextGrid,11,4,from,48.570,48.800,IN,5.8568,6.63,3,3.134465
audio17.TextGrid,11,5,each,48.800,49.120,DT,0.9669,5.69,2,-3.108495
audio17.TextGrid,11,6,bait,49.140,49.400,NN,8.9543,3.85,3,2.230364
audio17.TextGrid,11,7,he,49.400,49.490,PRP,4.2610,6.69,2,1.625030
audio17.TextGrid,11,8,had,49.490,49.640,VBD,1.2451,6.33,3,-1.909063
audio17.TextGrid,11,9,severed,49.640,50.080,VBN,9.5466,3.53,5,2.362048
audio17.TextGrid,11,10,and,50.080,50.200,CC,1.1035,7.41,2,-0.496084
audio17.TextGrid,11,11,the,50.200,50.290,DT,2.3795,7.73,2,1.240532
audio17.TextGrid,11,12,two,50.290,50.530,CD,3.8551,6.1,2,0.369869
audio17.TextGrid,11,13,from,50.530,50.740,IN,1.3945,6.63,4,-1.327835
audio17.TextGrid,11,14,the,50.740,50.810,DT,1.0254,7.73,2,-0.113568
audio17.TextGrid,11,15,bait,50.810,51.070,NN,4.7225,3.85,3,-2.001436
audio17.TextGrid,11,16,the,51.070,51.180,DT,4.8150,7.73,2,3.676032
audio17.TextGrid,11,17,fish,51.180,51.400,NN,3.2291,4.9,3,-1.983440
audio17.TextGrid,11,18,had,51.400,51.570,VBD,0.5742,6.33,3,-2.579963
audio17.TextGrid,11,19,taken,51.570,51.900,VBN,2.9096,5.33,5,-1.683988
audio17.TextGrid,12,1,and,52.500,52.600,CC,3.1510,7.41,2,1.551416
audio17.TextGrid,12,2,they,52.600,52.700,PRP,3.9333,6.5,2,1.023839
audio17.TextGrid,12,3,were,52.700,52.830,VBD,0.8057,6.34,2,-2.334069
audio17.TextGrid,12,4,all,52.830,53.020,DT,2.5967,6.52,2,-0.283972
audio17.TextGrid,12,5,connected,53.020,53.700,VBN,4.9981,4.68,8,-0.531114
audio17.TextGrid,13,1,after,54.990,55.330,IN,4.8547,6.11,4,1.383864
audio17.TextGrid,13,2,it,55.330,55.420,PRP,4.9487,6.95,2,2.686980
audio17.TextGrid,13,3,is,55.420,55.580,VBZ,6.4441,7.07,2,4.355111
audio17.TextGrid,13,4,light,55.580,55.950,JJ,3.5064,5.33,3,-1.087188
audio17.TextGrid,13,5,he,55.950,56.050,PRP,1.4435,6.69,2,-1.192470
audio17.TextGrid,13,6,thought,56.050,56.590,VBD,5.2208,5.59,3,1.001463
audio17.TextGrid,13,7,i,56.590,56.660,NN,2.4880,7.09,1,0.427800
audio17.TextGrid,13,8,will,56.660,56.850,MD,1.4103,6.45,3,-1.571132
audio17.TextGrid,13,9,work,56.850,57.080,VB,5.2008,5.96,3,1.514050
audio17.TextGrid,13,10,back,57.080,57.330,RB,7.1049,6.04,3,3.533304
audio17.TextGrid,13,11,to,57.350,57.450,TO,1.8264,7.43,2,0.255604
audio17.TextGrid,13,12,the,57.450,57.550,DT,0.9697,7.73,2,-0.169268
audio17.TextGrid,13,13,forty,57.550,57.900,NN,11.0944,4.2,5,4.874262
audio17.TextGrid,13,14,fathom,57.900,58.260,NN,11.4027,3.25,5,3.815109
audio17.TextGrid,13,15,bait,58.260,58.590,NN,7.2124,3.85,3,0.488464
audio17.TextGrid,13,16,and,58.590,58.700,CC,1.5807,7.41,2,-0.018884
audio17.TextGrid,13,17,cut,58.700,58.950,VB,3.4198,5.24,3,-1.303336
audio17.TextGrid,13,18,it,58.950,59.050,PRP,1.8957,6.95,2,-0.366020
audio17.TextGrid,13,19,away,59.050,59.290,RB,5.0055,5.62,3,0.829346
audio17.TextGrid,13,20,too,59.290,59.630,RB,6.1846,5.95,2,2.483456
audio17.TextGrid,13,21,and,59.630,59.810,CC,3.2020,7.41,3,1.602416
audio17.TextGrid,13,22,link,59.810,60.010,VB,8.8210,4.99,4,3.738008
audio17.TextGrid,13,23,up,60.010,60.110,RP,2.7298,6.39,2,-0.337997
audio17.TextGrid,13,24,the,60.110,60.220,DT,0.6448,7.73,2,-0.494168
audio17.TextGrid,13,25,reserve,60.220,60.590,NN,2.7519,4.6,5,-2.892468
audio17.TextGrid,13,26,coils,60.590,61.140,NNS,0.4110,3.36,4,-7.018254
audio17.TextGrid,14,1,i,61.140,61.170,NN,2.0707,7.09,1,0.010500
audio17.TextGrid,14,2,will,62.360,62.570,MD,1.1125,6.45,3,-1.868932
audio17.TextGrid,14,3,have,62.570,62.700,VB,3.5119,6.71,3,0.904719
audio17.TextGrid,14,4,lost,62.700,62.960,VBN,7.6128,5.39,4,3.105578
audio17.TextGrid,14,5,two,62.960,63.110,CD,3.8661,6.1,2,0.380869
audio17.TextGrid,14,6,hundred,63.110,63.400,JJ,2.6766,4.71,5,-2.809431
audio17.TextGrid,14,7,fathoms,63.400,63.810,NNS,5.9852,2.49,6,-2.696354
audio17.TextGrid,14,8,of,63.810,63.930,IN,1.5962,7.4,2,-0.017778
audio17.TextGrid,14,9,good,63.930,64.260,JJ,7.9525,6.12,3,4.496058
audio17.TextGrid,14,10,catalan,64.260,64.730,NN,17.1920,3.42,7,9.849111
audio17.TextGrid,14,11,cardel,64.730,65.460,NN,16.8461,0.0,6,4.580378
audio17.TextGrid,14,12,and,65.760,65.880,CC,1.8130,7.41,2,0.213416
audio17.TextGrid,14,13,the,65.880,65.990,DT,3.3735,7.73,2,2.234532
audio17.TextGrid,14,14,hooks,65.990,66.280,NNS,9.8430,3.65,4,2.831179
audio17.TextGrid,14,15,and,66.280,66.430,CC,2.2247,7.41,3,0.625116
audio17.TextGrid,14,16,leaders,66.430,66.980,NNS,11.0327,4.81,5,5.690611
audio17.TextGrid,15,1,that,67.550,67.710,DT,4.0097,7.01,3,1.834346
audio17.TextGrid,15,2,can,67.710,67.850,MD,5.9594,6.46,3,2.992362
audio17.TextGrid,15,3,be,67.850,68.010,VB,1.5088,6.79,2,-0.983227
audio17.TextGrid,15,4,replaced,68.010,68.630,VBN,5.8974,4.55,7,0.181061
audio17.TextGrid,16,1,but,69.240,69.430,CC,2.9611,6.63,3,0.238765
audio17.TextGrid,16,2,who,69.430,69.570,WP,6.3303,6.34,2,3.190531
audio17.TextGrid,16,3,replaces,69.570,70.190,VBZ,8.3476,3.63,8,1.306990
audio17.TextGrid,16,4,this,70.190,70.450,DT,4.3765,6.82,3,1.927655
audio17.TextGrid,16,5,fish,70.450,70.780,JJ,3.7004,4.9,3,-1.512140
audio17.TextGrid,16,6,if,70.780,70.910,IN,4.4700,6.47,2,1.517357
audio17.TextGrid,16,7,i,70.910,71.040,JJ,1.5654,7.09,1,-0.494800
audio17.TextGrid,16,8,hook,71.040,71.250,VBP,10.0101,4.37,3,4.034665
audio17.TextGrid,16,9,some,71.250,71.480,DT,6.4425,6.2,3,3.101212
audio17.TextGrid,16,10,fish,71.480,71.780,NN,4.1589,4.9,3,-1.053640
audio17.TextGrid,16,11,and,71.780,71.910,CC,2.1135,7.41,3,0.513916
audio17.TextGrid,16,12,it,71.910,72.010,PRP,4.2901,6.95,2,2.028380
audio17.TextGrid,16,13,cuts,72.010,72.270,VBZ,5.5948,4.42,4,-0.308664
audio17.TextGrid,16,14,him,72.270,72.400,PRP,4.0042,6.11,2,0.533364
audio17.TextGrid,16,15,off,72.400,72.750,RP,1.5636,5.93,2,-2.166333
audio17.TextGrid,17,1,i,73.520,73.620,JJ,2.0412,7.09,1,-0.019000
audio17.TextGrid,17,2,don,73.620,73.780,VBP,3.6099,4.6,3,-2.034468
audio17.TextGrid,17,3,t,73.780,73.810,NN,0.0006,5.43,1,-4.449045
audio17.TextGrid,17,4,know,73.810,73.940,VBP,0.6523,6.1,2,-2.832931
audio17.TextGrid,17,5,what,73.940,74.100,WP,2.8751,6.38,3,-0.207092
audio17.TextGrid,17,6,that,74.100,74.330,IN,3.5180,7.01,3,1.342646
audio17.TextGrid,17,7,fish,74.330,74.570,NN,2.2712,4.9,3,-2.941340
audio17.TextGrid,17,8,was,74.570,74.860,VBD,2.9197,6.82,3,0.470855
audio17.TextGrid,17,9,that,74.860,75.050,IN,3.1376,7.01,3,0.962246
audio17.TextGrid,17,10,took,75.050,75.160,VBD,4.1594,5.51,3,-0.175091
audio17.TextGrid,17,11,the,75.160,75.270,DT,1.6947,7.73,2,0.555732
audio17.TextGrid,17,12,bait,75.270,75.520,NN,1.5571,3.85,3,-5.166836
audio17.TextGrid,17,13,just,75.520,75.770,RB,6.8183,6.43,4,3.808080
audio17.TextGrid,17,14,now,75.770,76.080,RB,0.6158,6.18,2,-2.754277
audio17.TextGrid,17,15,it,76.080,76.140,PRP,2.3753,6.95,2,0.113580
audio17.TextGrid,18,1,could,76.540,76.720,MD,3.9125,6.06,3,0.369692
audio17.TextGrid,18,2,have,76.720,76.850,VB,0.7376,6.71,3,-1.869581
audio17.TextGrid,18,3,been,76.850,77.010,VBN,0.3901,6.27,3,-2.850428
audio17.TextGrid,18,4,a,77.010,77.050,DT,1.5696,7.36,1,-0.101955
audio17.TextGrid,18,5,marlin,77.050,77.540,NN,5.4676,3.01,6,-2.465453
audio17.TextGrid,18,6,or,77.540,77.660,CC,1.3644,6.54,2,-1.487484
audio17.TextGrid,18,7,a,77.660,77.710,DT,0.6617,7.36,1,-1.009855
audio17.TextGrid,18,8,broadbill,77.710,78.360,NN,14.2069,1.17,7,3.625305
audio17.TextGrid,18,9,or,78.360,78.500,CC,1.6855,6.54,2,-1.166384
audio17.TextGrid,18,10,a,78.500,78.530,DT,0.7214,7.36,1,-0.950155
audio17.TextGrid,18,11,shark,78.530,79.000,NN,5.6529,4.1,4,-0.711180
audio17.TextGrid,19,1,i,79.580,79.690,NN,1.9017,7.09,1,-0.158500
audio17.TextGrid,19,2,never,79.690,79.940,RB,4.4711,5.91,4,0.712379
audio17.TextGrid,19,3,felt,79.940,80.270,VBD,5.0332,5.13,4,0.151727
audio17.TextGrid,19,4,him,80.270,80.460,PRP,6.9040,6.11,2,3.433164
audio17.TextGrid,20,1,i,81.230,81.350,NN,1.3663,7.09,1,-0.693900
audio17.TextGrid,20,2,had,81.350,81.480,VBD,3.0107,6.33,3,-0.143463
audio17.TextGrid,20,3,to,81.480,81.540,TO,2.6425,7.43,2,1.071704
audio17.TextGrid,20,4,get,81.540,81.720,VB,3.3970,6.28,3,0.170866
audio17.TextGrid,20,5,rid,81.720,81.840,JJ,2.2330,4.5,3,-3.555310
audio17.TextGrid,20,6,of,81.840,81.930,IN,0.0137,7.4,2,-1.600278
audio17.TextGrid,20,7,him,81.930,82.060,PRP,1.1710,6.11,2,-2.299836
audio17.TextGrid,20,8,too,82.060,82.250,RB,5.0172,5.95,2,1.316056
audio17.TextGrid,20,9,fast,82.250,82.840,RB,4.8936,5.13,4,0.012127
audio17.TextGrid,21,1,aloud,83.910,84.360,NN,15.5281,3.51,4,8.314759
audio17.TextGrid,21,2,he,84.360,84.490,PRP,2.6090,6.69,2,-0.026970
audio17.TextGrid,21,3,said,84.490,84.760,VBD,2.8549,6.01,3,-0.759879
audio17.TextGrid,21,4,i,85.400,85.510,JJ,1.5649,7.09,1,-0.495300
audio17.TextGrid,21,5,wish,85.510,85.790,JJ,3.9028,5.18,3,-0.906701
audio17.TextGrid,21,6,i,85.790,85.950,NN,1.1433,7.09,1,-0.916900
audio17.TextGrid,21,7,had,85.950,86.160,VBD,1.0005,6.33,3,-2.153663
audio17.TextGrid,21,8,the,86.160,86.250,DT,2.9335,7.73,2,1.794532
audio17.TextGrid,21,9,boy,86.250,86.630,NN,4.1336,5.17,2,-0.690296
audio17.TextGrid,22,1,but,88.230,88.410,CC,3.5499,6.63,3,0.827565
audio17.TextGrid,22,2,you,88.410,88.500,PRP,5.4868,6.98,2,3.268263
audio17.TextGrid,22,3,haven,88.500,88.710,VBP,6.8509,4.13,5,0.530003
audio17.TextGrid,22,4,t,88.710,88.740,NNS,0.0007,5.43,1,-4.448945
audio17.TextGrid,22,5,got,88.740,88.970,VBD,2.0547,5.91,3,-1.704021
audio17.TextGrid,22,6,the,88.970,89.060,DT,2.2503,7.73,2,1.111332
audio17.TextGrid,22,7,boy,89.060,89.390,NN,0.3683,5.17,2,-4.455596
audio17.TextGrid,22,8,he,89.600,89.720,PRP,1.2350,6.69,2,-1.400970
audio17.TextGrid,22,9,thought,89.720,90.100,VBD,0.3309,5.59,3,-3.888437
audio17.TextGrid,22,10,you,90.450,90.590,PRP,2.4561,6.98,2,0.237563
audio17.TextGrid,22,11,have,90.590,90.760,VBP,1.4518,6.71,3,-1.155381
audio17.TextGrid,22,12,only,90.760,90.990,RB,3.4847,6.12,4,0.028258
audio17.TextGrid,22,13,yourself,90.990,91.580,PRP,6.4733,5.31,6,1.850924
audio17.TextGrid,22,14,and,91.580,91.710,CC,1.8516,7.41,3,0.252016
audio17.TextGrid,22,15,you,91.710,91.810,PRP,2.5961,6.98,2,0.377563
audio17.TextGrid,22,16,had,91.810,91.930,VBD,5.6290,6.33,3,2.474837
audio17.TextGrid,22,17,better,91.930,92.140,JJR,4.6613,5.76,4,0.686665
audio17.TextGrid,22,18,work,92.140,92.400,NN,4.6225,5.96,3,0.935750
audio17.TextGrid,22,19,back,92.400,92.640,RB,5.5762,6.04,3,2.004604
audio17.TextGrid,22,20,to,92.640,92.740,TO,0.5352,7.43,2,-1.035596
audio17.TextGrid,22,21,the,92.740,92.820,DT,0.5992,7.73,2,-0.539768
audio17.TextGrid,22,22,last,92.820,93.180,JJ,6.9270,5.86,4,3.096307
audio17.TextGrid,22,23,line,93.180,93.430,NN,2.0761,5.49,3,-2.287180
audio17.TextGrid,22,24,now,93.430,93.760,RB,5.5888,6.18,2,2.218723
audio17.TextGrid,22,25,in,93.970,94.100,IN,4.8495,7.27,2,3.048396
audio17.TextGrid,22,26,the,94.100,94.240,DT,0.6495,7.73,2,-0.489468
audio17.TextGrid,22,27,dark,94.240,94.580,NN,1.7159,5.04,4,-3.295121
audio17.TextGrid,22,28,or,94.580,94.680,CC,4.9797,6.54,2,2.127816
audio17.TextGrid,22,29,not,94.680,94.890,RB,3.3034,6.69,3,0.667430
audio17.TextGrid,22,30,in,94.890,95.000,IN,3.9569,7.27,2,2.155796
audio17.TextGrid,22,31,the,95.000,95.070,DT,0.1874,7.73,2,-0.951568
audio17.TextGrid,22,32,dark,95.070,95.420,NN,0.4201,5.04,4,-4.590921
audio17.TextGrid,23,1,and,95.920,96.050,CC,1.4351,7.41,2,-0.164484
audio17.TextGrid,23,2,cut,96.050,96.290,VB,4.9049,5.24,3,0.181764
audio17.TextGrid,23,3,it,96.290,96.390,PRP,2.0417,6.95,2,-0.220020
audio17.TextGrid,23,4,away,96.390,96.770,RB,1.7179,5.62,3,-2.458254
audio17.TextGrid,23,5,and,96.770,96.920,CC,2.6113,7.41,2,1.011716
audio17.TextGrid,23,6,hook,96.920,97.120,VB,5.7604,4.37,3,-0.215035
audio17.TextGrid,23,7,up,97.120,97.220,RP,2.0893,6.39,2,-0.978497
audio17.TextGrid,23,8,the,97.220,97.310,DT,0.5182,7.73,2,-0.620768
audio17.TextGrid,23,9,two,97.310,97.470,CD,4.4688,6.1,2,0.983569
audio17.TextGrid,23,10,reserve,97.470,97.880,NN,0.6480,4.6,5,-4.996368
audio17.TextGrid,23,11,coils,97.880,98.480,NNS,0.1765,3.36,4,-7.252754
audio17.TextGrid,24,1,so,100.120,100.390,RB,4.3447,6.52,2,1.464028
audio17.TextGrid,24,2,he,100.390,100.500,PRP,1.5949,6.69,2,-1.041070
audio17.TextGrid,24,3,did,100.500,100.700,VBD,2.6889,5.96,3,-0.997850
audio17.TextGrid,24,4,it,100.700,100.910,PRP,2.8805,6.95,2,0.618780
audio17.TextGrid,25,1,it,101.510,101.670,PRP,3.2876,6.95,2,1.025880
audio17.TextGrid,25,2,was,101.670,101.810,VBD,0.9765,6.82,3,-1.472345
audio17.TextGrid,25,3,difficult,101.810,102.340,JJ,5.5673,5.07,8,0.599462
audio17.TextGrid,25,4,in,102.340,102.430,IN,4.6572,7.27,2,2.856096
audio17.TextGrid,25,5,the,102.430,102.540,DT,0.9749,7.73,2,-0.164068
audio17.TextGrid,25,6,dark,102.540,103.020,NN,0.6744,5.04,4,-4.336621
audio17.TextGrid,25,7,and,103.020,103.140,CC,2.3814,7.41,2,0.781816
audio17.TextGrid,25,8,once,103.140,103.470,RB,7.1329,5.53,4,2.827197
audio17.TextGrid,25,9,the,103.470,103.570,DT,2.0791,7.73,2,0.940132
audio17.TextGrid,25,10,fish,103.570,103.850,NN,1.9949,4.9,3,-3.217640
audio17.TextGrid,25,11,made,103.850,104.040,VBD,4.9383,5.92,3,1.193973
audio17.TextGrid,25,12,a,104.040,104.090,DT,2.7484,7.36,1,1.076845
audio17.TextGrid,25,13,surge,104.090,104.560,NN,7.7692,3.82,3,1.002081
audio17.TextGrid,25,14,that,104.560,104.730,WDT,4.1619,7.01,3,1.986546
audio17.TextGrid,25,15,pulled,104.770,105.000,VBD,5.3449,4.67,4,-0.198708
audio17.TextGrid,25,16,him,105.000,105.120,PRP,1.2770,6.11,2,-2.193836
audio17.TextGrid,25,17,down,105.120,105.340,RP,3.5582,5.88,3,-0.243704
audio17.TextGrid,25,18,on,105.340,105.460,IN,4.1821,6.91,2,1.862803
audio17.TextGrid,25,19,his,105.460,105.650,PRP$,1.2173,6.51,3,-1.677766
audio17.TextGrid,25,20,face,105.650,105.970,NN,3.5742,5.45,3,-0.846657
audio17.TextGrid,25,21,and,105.970,106.170,CC,1.4505,7.41,3,-0.149084
audio17.TextGrid,25,22,made,106.170,106.360,VBD,3.8896,5.92,3,0.145273
audio17.TextGrid,25,23,a,106.360,106.400,DT,3.2848,7.36,1,1.613245
audio17.TextGrid,25,24,cut,106.400,106.690,NN,6.1900,5.24,3,1.466864
audio17.TextGrid,25,25,below,106.710,107.010,IN,6.7167,5.05,4,1.720073
audio17.TextGrid,25,26,his,107.010,107.180,PRP$,0.7045,6.51,3,-2.190566
audio17.TextGrid,25,27,eye,107.180,107.470,NN,3.2832,5.02,1,-1.756609
audio17.TextGrid,26,1,the,108.130,108.210,DT,2.4803,7.73,2,1.341332
audio17.TextGrid,26,2,blood,108.210,108.490,NN,6.6187,5.1,4,1.694045
audio17.TextGrid,26,3,ran,108.490,108.680,VBD,2.9169,4.87,3,-2.338823
audio17.TextGrid,26,4,down,108.680,108.930,RP,1.2141,5.88,3,-2.587804
audio17.TextGrid,26,5,his,108.930,109.130,PRP$,0.4029,6.51,3,-2.492166
audio17.TextGrid,26,6,cheek,109.130,109.400,NN,2.0512,3.96,3,-4.514400
audio17.TextGrid,26,7,a,109.400,109.450,DT,6.0176,7.36,1,4.346045
audio17.TextGrid,26,8,little,109.450,109.700,JJ,0.9356,5.75,5,-3.053429
audio17.TextGrid,26,9,way,109.700,109.970,NN,5.2215,6.01,2,1.606721
audio17.TextGrid,27,1,but,110.850,111.000,CC,2.8701,6.63,3,0.147765
audio17.TextGrid,27,2,it,111.000,111.100,PRP,2.4723,6.95,2,0.210580
audio17.TextGrid,27,3,coagulated,111.100,111.840,VBD,12.0302,2.08,11,2.758482
audio17.TextGrid,27,4,and,111.840,111.970,CC,1.6448,7.41,2,0.045216
audio17.TextGrid,27,5,dried,111.970,112.350,VBD,4.4456,4.04,4,-2.004846
audio17.TextGrid,27,6,before,112.350,112.670,IN,5.1737,5.93,5,1.443767
audio17.TextGrid,27,7,it,112.670,112.800,PRP,1.5626,6.95,2,-0.699120
audio17.TextGrid,27,8,reached,112.800,113.090,VBD,3.9715,4.85,4,-1.313012
audio17.TextGrid,27,9,his,113.090,113.240,PRP$,0.7509,6.51,3,-2.144166
audio17.TextGrid,27,10,chin,113.240,113.650,NN,4.3498,4.0,3,-2.158223
audio17.TextGrid,28,1,and,114.290,114.370,CC,1.4822,7.41,2,-0.117384
audio17.TextGrid,28,2,he,114.370,114.440,PRP,1.6884,6.69,2,-0.947570
audio17.TextGrid,28,3,worked,114.440,114.690,VBD,6.6511,5.16,4,1.812810
audio17.TextGrid,28,4,his,114.690,114.830,PRP$,2.2673,6.51,3,-0.627766
audio17.TextGrid,28,5,way,114.830,114.990,NN,0.4768,6.01,2,-3.137979
audio17.TextGrid,28,6,back,114.990,115.250,RB,1.3593,6.04,3,-2.212296
audio17.TextGrid,28,7,to,115.250,115.320,TO,0.9477,7.43,2,-0.623096
audio17.TextGrid,28,8,the,115.320,115.410,DT,0.3905,7.73,2,-0.748468
audio17.TextGrid,28,9,bow,115.410,115.770,NN,4.2629,4.3,2,-1.813295
audio17.TextGrid,28,10,and,115.770,115.900,CC,1.5661,7.41,3,-0.033484
audio17.TextGrid,28,11,rested,115.900,116.250,VBN,7.5393,3.59,6,0.441113
audio17.TextGrid,28,12,against,116.250,116.550,IN,3.5503,5.68,6,-0.539489
audio17.TextGrid,28,13,the,116.550,116.630,DT,0.2565,7.73,2,-0.882468
audio17.TextGrid,28,14,wood,116.630,117.030,NN,3.9852,4.78,3,-1.400071
audio17.TextGrid,29,1,he,117.830,117.970,PRP,1.8081,6.69,2,-0.827870
audio17.TextGrid,29,2,adjusted,117.970,118.370,VBD,8.2172,4.11,7,1.867514
audio17.TextGrid,29,3,the,118.370,118.460,DT,1.3959,7.73,2,0.256932
audio17.TextGrid,29,4,sack,118.460,118.930,NN,9.5610,3.91,3,2.923429
audio17.TextGrid,29,5,and,118.930,119.070,CC,1.4525,7.41,3,-0.147084
audio17.TextGrid,29,6,carefully,119.070,119.550,RB,5.4061,4.46,7,-0.439787
audio17.TextGrid,29,7,worked,119.550,119.820,VBD,4.7896,5.16,4,-0.048690
audio17.TextGrid,29,8,the,119.820,119.930,DT,1.1308,7.73,2,-0.008168
audio17.TextGrid,29,9,line,119.930,120.290,NN,2.3784,5.49,3,-1.984880
audio17.TextGrid,29,10,so,120.290,120.440,IN,4.3499,6.52,2,1.469228
audio17.TextGrid,29,11,that,120.440,120.590,IN,0.5403,7.01,3,-1.635054
audio17.TextGrid,29,12,it,120.590,120.740,PRP,1.3366,6.95,2,-0.925120
audio17.TextGrid,29,13,came,120.740,120.940,VBD,4.0141,5.5,3,-0.334785
audio17.TextGrid,29,14,across,120.940,121.310,IN,4.8923,5.25,5,0.183558
audio17.TextGrid,29,15,a,121.310,121.350,DT,4.7447,7.36,1,3.073145
audio17.TextGrid,29,16,new,121.350,121.610,JJ,5.3792,6.25,3,2.109883
audio17.TextGrid,29,17,part,121.610,121.900,NN,5.5361,5.78,4,1.590253
audio17.TextGrid,29,18,of,121.900,122.000,IN,0.4953,7.4,2,-1.118678
audio17.TextGrid,29,19,his,122.000,122.140,PRP$,1.6544,6.51,3,-1.240666
audio17.TextGrid,29,20,shoulders,122.140,122.700,NNS,6.6995,4.18,6,0.450574
audio17.TextGrid,30,1,and,123.410,123.730,CC,1.3625,7.41,3,-0.237084
audio17.TextGrid,30,2,holding,123.880,124.270,VBG,5.1451,4.89,6,-0.081835
audio17.TextGrid,30,3,it,124.270,124.370,PRP,1.0585,6.95,2,-1.203220
audio17.TextGrid,30,4,anchored,124.370,124.770,VBD,12.0573,3.46,5,4.771988
audio17.TextGrid,30,5,with,124.770,124.910,IN,3.1632,6.85,3,0.757538
audio17.TextGrid,30,6,his,124.910,125.040,PRP$,1.4919,6.51,3,-1.403166
audio17.TextGrid,30,7,shoulders,125.040,125.510,NNS,5.6020,4.18,6,-0.646926
audio17.TextGrid,31,1,he,125.920,126.010,PRP,1.2878,6.69,2,-1.348170
audio17.TextGrid,31,2,carefully,126.010,126.510,RB,6.1021,4.46,7,0.256213
audio17.TextGrid,31,3,felt,126.510,126.770,VBD,6.2765,5.13,4,1.395027
audio17.TextGrid,31,4,the,126.770,126.870,DT,0.7825,7.73,2,-0.356468
audio17.TextGrid,31,5,pull,126.870,127.210,NN,4.3341,4.82,3,-0.993594
audio17.TextGrid,31,6,of,127.210,127.270,IN,1.0565,7.4,2,-0.557478
audio17.TextGrid,31,7,the,127.270,127.390,DT,0.3325,7.73,2,-0.806468
audio17.TextGrid,31,8,fish,127.390,127.860,NN,3.9768,4.9,3,-1.235740
audio17.TextGrid,31,9,and,128.020,128.100,CC,1.9337,7.41,2,0.334116
audio17.TextGrid,31,10,then,128.100,128.360,RB,3.2301,6.07,3,-0.298313
audio17.TextGrid,31,11,felt,128.360,128.620,VBD,4.3557,5.13,4,-0.525773
audio17.TextGrid,31,12,with,128.620,128.730,IN,6.5326,6.85,3,4.126938
audio17.TextGrid,31,13,his,128.730,128.890,PRP$,0.7662,6.51,3,-2.128866
audio17.TextGrid,31,14,hand,128.890,129.280,NN,3.2125,5.41,4,-1.265934
audio17.TextGrid,31,15,the,129.280,129.380,DT,1.2243,7.73,2,0.085332
audio17.TextGrid,31,16,progress,129.380,129.950,NN,9.4097,4.78,7,4.024429
audio17.TextGrid,31,17,of,129.950,130.020,IN,0.2127,7.4,2,-1.401278
audio17.TextGrid,31,18,the,130.020,130.130,DT,0.3385,7.73,2,-0.800468
audio17.TextGrid,31,19,skiff,130.130,130.470,NN,7.5582,2.63,4,-0.921835
audio17.TextGrid,31,20,through,130.560,130.730,IN,4.4837,5.87,3,0.667402
audio17.TextGrid,31,21,the,130.730,130.820,DT,0.2395,7.73,2,-0.899468
audio17.TextGrid,31,22,water,130.820,131.270,NN,3.9544,5.52,4,-0.365697
audio17.TextGrid,32,1,i,133.530,133.630,JJ,3.1121,7.09,1,1.051900
audio17.TextGrid,32,2,wonder,133.630,133.870,VBP,4.5768,4.93,5,-0.592558
audio17.TextGrid,32,3,what,133.870,134.020,WP,2.0354,6.38,3,-1.046792
audio17.TextGrid,32,4,he,134.020,134.110,PRP,1.5815,6.69,2,-1.054470
audio17.TextGrid,32,5,made,134.110,134.290,VBD,5.3689,5.92,3,1.624573
audio17.TextGrid,32,6,that,134.290,134.490,IN,3.6547,7.01,3,1.479346
audio17.TextGrid,32,7,lurch,134.490,134.800,NN,12.1248,2.79,3,3.875073
audio17.TextGrid,32,8,for,134.800,135.130,IN,4.7680,7.01,3,2.592646
audio17.TextGrid,32,9,he,135.360,135.470,PRP,1.4937,6.69,2,-1.142270
audio17.TextGrid,32,10,thought,135.470,135.850,VBD,0.1443,5.59,3,-4.075037
audio17.TextGrid,33,1,the,136.620,136.690,DT,2.7435,7.73,2,1.604532
audio17.TextGrid,33,2,wire,136.690,137.040,NN,8.1612,4.43,3,2.272130
audio17.TextGrid,33,3,must,137.040,137.280,MD,5.6950,5.68,4,1.605211
audio17.TextGrid,33,4,have,137.280,137.370,VB,0.3442,6.71,3,-2.262981
audio17.TextGrid,33,5,slipped,137.370,137.820,VBN,4.2173,3.99,5,-2.305117
audio17.TextGrid,33,6,on,137.820,137.940,IN,4.1726,6.91,2,1.853303
audio17.TextGrid,33,7,the,137.940,138.000,DT,1.1810,7.73,2,0.042032
audio17.TextGrid,33,8,great,138.000,138.300,JJ,8.6572,5.88,4,4.855296
audio17.TextGrid,33,9,hill,138.300,138.450,NN,10.6311,4.82,3,5.303406
audio17.TextGrid,33,10,of,138.450,138.560,IN,3.3771,7.4,2,1.763122
audio17.TextGrid,33,11,his,138.560,138.730,PRP$,3.6630,6.51,3,0.767934
audio17.TextGrid,33,12,back,138.730,139.220,NN,3.8754,6.04,3,0.303804
audio17.TextGrid,33,13,certainly,139.570,140.020,RB,8.3408,5.0,7,3.272202
audio17.TextGrid,33,14,his,140.020,140.150,PRP$,4.1621,6.51,3,1.267034
audio17.TextGrid,33,15,back,140.150,140.410,NN,3.4533,6.04,3,-0.118296
audio17.TextGrid,33,16,cannot,140.410,140.770,NN,7.3394,5.11,5,2.429139
audio17.TextGrid,33,17,feel,140.770,141.040,NN,4.9929,5.67,3,0.888717
audio17.TextGrid,33,18,as,141.040,141.120,RB,3.0935,6.77,2,0.572684
audio17.TextGrid,33,19,badly,141.120,141.540,RB,6.6067,4.44,5,0.732024
audio17.TextGrid,33,20,as,141.540,141.640,IN,0.7325,6.77,2,-1.788316
audio17.TextGrid,33,21,mine,141.640,141.950,NN,3.0425,5.04,3,-1.968521
audio17.TextGrid,33,22,does,141.950,142.300,VBZ,2.9403,5.74,3,-1.063123
audio17.TextGrid,33,23,but,142.870,143.010,CC,2.2715,6.63,3,-0.450835
audio17.TextGrid,33,24,he,143.010,143.090,PRP,1.9109,6.69,2,-0.725070
audio17.TextGrid,33,25,cannot,143.090,143.430,VBZ,6.0065,5.11,5,1.096239
audio17.TextGrid,33,26,pull,143.430,143.720,VB,5.9022,4.82,3,0.574506
audio17.TextGrid,33,27,this,143.720,143.920,DT,3.8531,6.82,3,1.404255
audio17.TextGrid,33,28,skiff,143.920,144.150,NN,5.4960,2.63,4,-2.984035
audio17.TextGrid,33,29,forever,144.170,144.660,NN,8.8434,4.74,5,3.400552
audio17.TextGrid,34,1,no,145.110,145.230,DT,4.4438,6.35,2,1.318426
audio17.TextGrid,34,2,matter,145.230,145.520,NN,0.3900,5.38,4,-4.131616
audio17.TextGrid,34,3,how,145.520,145.700,WRB,0.2246,6.24,2,-3.059111
audio17.TextGrid,34,4,great,145.700,145.970,JJ,5.5327,5.88,4,1.730796
audio17.TextGrid,34,5,he,145.970,146.120,PRP,2.9603,6.69,2,0.324330
audio17.TextGrid,34,6,is,146.120,146.440,VBZ,2.3601,7.07,2,0.271111
audio17.TextGrid,34,7,now,147.140,147.440,RB,4.7265,6.18,2,1.356423
audio17.TextGrid,34,8,everything,147.440,147.840,NN,7.0172,5.54,7,2.725892
audio17.TextGrid,34,9,is,147.840,147.950,VBZ,1.3907,7.07,2,-0.698289
audio17.TextGrid,34,10,cleared,147.950,148.310,VBN,7.9645,4.2,5,1.744362
audio17.TextGrid,34,11,away,148.310,148.580,RP,3.6453,5.62,3,-0.530854
audio17.TextGrid,34,12,that,148.580,148.770,IN,5.8378,7.01,3,3.662446
audio17.TextGrid,34,13,might,148.770,149.010,MD,4.6219,5.66,3,0.503323
audio17.TextGrid,34,14,make,149.010,149.250,VB,3.1059,6.08,3,-0.408119
audio17.TextGrid,34,15,trouble,149.250,149.570,NN,6.5850,4.79,6,1.214123
audio17.TextGrid,35,1,and,149.980,150.080,CC,3.6571,7.41,2,2.057516
audio17.TextGrid,35,2,i,150.080,150.170,NNS,2.3328,7.09,1,0.272600
audio17.TextGrid,35,3,have,150.170,150.300,VBP,2.5059,6.71,3,-0.101281
audio17.TextGrid,35,4,a,150.300,150.350,DT,2.8286,7.36,1,1.157045
audio17.TextGrid,35,5,big,150.350,150.600,JJ,4.9928,5.67,3,0.888617
audio17.TextGrid,35,6,reserve,150.600,150.910,NN,7.5878,4.6,5,1.943432
audio17.TextGrid,35,7,of,150.910,151.080,IN,1.8620,7.4,2,0.248022
audio17.TextGrid,35,8,line,151.080,151.520,NN,2.1800,5.49,3,-2.183280
audio17.TextGrid,35,9,all,151.910,152.150,PDT,4.3280,6.52,2,1.447328
audio17.TextGrid,35,10,that,152.150,152.280,IN,1.8955,7.01,3,-0.279854
audio17.TextGrid,35,11,a,152.280,152.330,DT,6.4826,7.36,1,4.811045
audio17.TextGrid,35,12,man,152.330,152.580,NN,1.3492,5.82,3,-2.539070
audio17.TextGrid,35,13,can,152.580,152.760,MD,0.9958,6.46,3,-1.971238
audio17.TextGrid,35,14,ask,152.760,153.240,VB,6.4704,5.34,3,1.891207
audio17.TextGrid,36,1,fish,154.750,155.220,NN,7.6521,4.9,3,2.439560
audio17.TextGrid,36,2,he,155.530,155.630,PRP,0.6417,6.69,2,-1.994270
audio17.TextGrid,36,3,said,155.630,155.890,VBD,0.3318,6.01,3,-3.282979
audio17.TextGrid,36,4,softly,155.890,156.500,RB,4.8477,3.77,6,-1.991390
audio17.TextGrid,37,1,aloud,156.600,157.070,NN,11.2432,3.51,4,4.029859
audio17.TextGrid,37,2,i,157.780,157.860,NN,2.0035,7.09,1,-0.056700
audio17.TextGrid,37,3,ll,157.860,157.940,VBP,3.1371,4.66,1,-2.420902
audio17.TextGrid,37,4,stay,157.940,158.270,NN,6.0050,5.33,3,1.411412
audio17.TextGrid,37,5,with,158.270,158.540,IN,2.2283,6.85,3,-0.177362
audio17.TextGrid,37,6,you,158.540,158.720,PRP,0.2942,6.98,2,-1.924337
audio17.TextGrid,37,7,until,158.720,159.090,IN,2.4049,5.61,5,-1.785649
audio17.TextGrid,37,8,i,159.090,159.230,JJ,1.4732,7.09,1,-0.587000
audio17.TextGrid,37,9,am,159.230,159.350,VBP,3.2892,5.78,3,-0.656647
audio17.TextGrid,37,10,dead,159.350,159.900,JJ,3.3563,5.19,3,-1.438807
audio17.TextGrid,38,1,he,162.500,162.600,PRP,2.3453,6.69,2,-0.290670
audio17.TextGrid,38,2,ll,162.600,162.710,VBZ,7.7860,4.66,2,2.227998
audio17.TextGrid,38,3,stay,162.710,162.970,NN,2.6488,5.33,3,-1.944788
audio17.TextGrid,38,4,with,162.970,163.200,IN,0.7717,6.85,3,-1.633962
audio17.TextGrid,38,5,me,163.200,163.450,PRP,0.9718,6.48,2,-1.966449
audio17.TextGrid,38,6,too,163.450,163.770,RB,6.0570,5.95,2,2.355856
audio17.TextGrid,38,7,i,163.770,163.930,VBP,2.6223,7.09,1,0.562100
audio17.TextGrid,38,8,suppose,163.930,164.560,VBP,3.7863,4.56,5,-1.915645
audio17.TextGrid,38,9,the,164.790,164.890,DT,5.1644,7.73,2,4.025432
audio17.TextGrid,38,10,old,164.890,165.120,JJ,3.9572,5.75,3,-0.031829
audio17.TextGrid,38,11,man,165.120,165.370,NN,1.4307,5.82,3,-2.457570
audio17.TextGrid,38,12,thought,165.370,165.750,VBD,2.6309,5.59,3,-1.588437
audio17.TextGrid,39,1,and,166.680,166.760,CC,3.2231,7.41,2,1.623516
audio17.TextGrid,39,2,he,166.760,166.880,PRP,2.1196,6.69,2,-0.516370
audio17.TextGrid,39,3,waited,166.880,167.230,VBD,5.9000,4.26,5,-0.233772
audio17.TextGrid,39,4,for,167.230,167.390,IN,1.4109,7.01,3,-0.764454
audio17.TextGrid,39,5,it,167.390,167.490,PRP,2.6959,6.95,2,0.434180
audio17.TextGrid,39,6,to,167.490,167.560,TO,1.2365,7.43,2,-0.334296
audio17.TextGrid,39,7,be,167.560,167.720,VB,2.1203,6.79,2,-0.371727
audio17.TextGrid,39,8,light,167.720,168.150,JJ,6.6949,5.33,3,2.101312
audio17.TextGrid,40,1,it,169.570,169.690,PRP,3.4718,6.95,2,1.210080
audio17.TextGrid,40,2,was,169.690,169.870,VBD,1.4115,6.82,3,-1.037345
audio17.TextGrid,40,3,cold,169.870,170.270,VBN,6.7520,5.02,4,1.712191
audio17.TextGrid,40,4,now,170.270,170.560,RB,3.7569,6.18,2,0.386823
audio17.TextGrid,40,5,in,170.560,170.620,IN,3.2597,7.27,2,1.458596
audio17.TextGrid,40,6,the,170.620,170.690,DT,0.2766,7.73,2,-0.862368
audio17.TextGrid,40,7,time,170.690,171.030,NN,7.4629,6.29,3,4.251160
audio17.TextGrid,40,8,before,171.030,171.370,IN,3.3062,5.93,5,-0.423733
audio17.TextGrid,40,9,daylight,171.370,171.980,NN,3.4677,3.84,5,-3.270631
audio17.TextGrid,40,10,and,172.220,172.340,CC,1.1200,7.41,2,-0.479584
audio17.TextGrid,40,11,he,172.340,172.420,PRP,1.3662,6.69,2,-1.269770
audio17.TextGrid,40,12,pushed,172.420,172.740,VBD,6.6438,4.43,4,0.754730
audio17.TextGrid,40,13,against,172.740,173.040,IN,5.3063,5.68,6,1.216511
audio17.TextGrid,40,14,the,173.040,173.120,DT,0.2544,7.73,2,-0.884568
audio17.TextGrid,40,15,wood,173.120,173.400,NN,2.9306,4.78,3,-2.454671
audio17.TextGrid,40,16,to,173.400,173.460,TO,2.5895,7.43,2,1.018704
audio17.TextGrid,40,17,be,173.460,173.600,VB,5.2038,6.79,2,2.711773
audio17.TextGrid,40,18,warm,173.600,174.120,JJ,4.9528,4.71,4,-0.533231
audio17.TextGrid,41,1,i,174.910,175.020,NN,2.9989,7.09,1,0.938700
audio17.TextGrid,41,2,can,175.020,175.200,MD,3.4619,6.46,3,0.494862
audio17.TextGrid,41,3,do,175.200,175.400,VB,3.8564,6.35,2,0.731026
audio17.TextGrid,41,4,it,175.400,175.500,PRP,2.1635,6.95,2,-0.098220
audio17.TextGrid,41,5,as,175.500,175.610,RB,4.4339,6.77,2,1.913084
audio17.TextGrid,41,6,long,175.610,175.830,RB,2.4459,5.81,3,-1.456764
audio17.TextGrid,41,7,as,175.830,175.960,IN,0.0519,6.77,2,-2.468916
audio17.TextGrid,41,8,he,175.960,176.080,PRP,2.1045,6.69,2,-0.531470
audio17.TextGrid,41,9,can,176.080,176.530,MD,2.9440,6.46,3,-0.023038
audio17.TextGrid,41,10,he,176.680,176.820,PRP,0.8455,6.69,2,-1.790470
audio17.TextGrid,41,11,thought,176.820,177.240,VB,0.2482,5.59,3,-3.971137
audio17.TextGrid,42,1,and,177.980,178.100,CC,3.5663,7.41,2,1.966716
audio17.TextGrid,42,2,in,178.100,178.180,IN,4.5877,7.27,2,2.786596
audio17.TextGrid,42,3,the,178.180,178.260,DT,0.7519,7.73,2,-0.387068
audio17.TextGrid,42,4,first,178.260,178.640,JJ,5.7625,6.11,4,2.291664
audio17.TextGrid,42,5,light,178.640,178.830,VBD,4.0675,5.33,3,-0.526088
audio17.TextGrid,42,6,the,178.830,178.970,DT,2.5458,7.73,2,1.406832
audio17.TextGrid,42,7,line,178.970,179.230,NN,2.8025,5.49,3,-1.560780
audio17.TextGrid,42,8,extended,179.230,179.710,VBN,8.1135,4.64,9,2.526709
audio17.TextGrid,42,9,out,179.710,179.970,IN,3.4434,6.38,2,0.361208
audio17.TextGrid,42,10,and,179.970,180.080,CC,2.1612,7.41,2,0.561616
audio17.TextGrid,42,11,down,180.080,180.410,RB,5.1618,5.88,3,1.359896
audio17.TextGrid,42,12,into,180.410,180.560,IN,3.3337,6.11,4,-0.137136
audio17.TextGrid,42,13,the,180.560,180.630,DT,0.2154,7.73,2,-0.923568
audio17.TextGrid,42,14,water,180.630,181.070,NN,2.3757,5.52,4,-1.944397
audio17.TextGrid,43,1,the,181.830,181.910,DT,2.4483,7.73,2,1.309332
audio17.TextGrid,43,2,boat,181.910,182.230,NN,5.7595,4.71,3,0.273469
audio17.TextGrid,43,3,moved,182.230,182.530,VBD,5.1656,5.01,4,0.111396
audio17.TextGrid,43,4,steadily,182.530,183.100,RB,5.4029,3.84,7,-1.335431
audio17.TextGrid,43,5,and,183.290,183.420,CC,1.7483,7.41,2,0.148716
audio17.TextGrid,43,6,when,183.420,183.590,WRB,4.8898,6.37,3,1.793214
audio17.TextGrid,43,7,the,183.590,183.660,DT,1.3006,7.73,2,0.161632
audio17.TextGrid,43,8,first,183.660,184.010,JJ,4.8882,6.11,4,1.417364
audio17.TextGrid,43,9,edge,184.010,184.230,NN,8.3062,4.74,2,2.863352
audio17.TextGrid,43,10,of,184.230,184.300,IN,0.8270,7.4,2,-0.786978
audio17.TextGrid,43,11,the,184.300,184.390,DT,0.2364,7.73,2,-0.902568
audio17.TextGrid,43,12,sun,184.390,184.690,NN,8.2434,4.97,3,3.131619
audio17.TextGrid,43,13,rose,184.690,185.080,VBD,2.5919,4.82,3,-2.735794
audio17.TextGrid,43,14,it,185.080,185.210,PRP,2.4980,6.95,2,0.236280
audio17.TextGrid,43,15,was,185.210,185.340,VBD,2.1122,6.82,3,-0.336645
audio17.TextGrid,43,16,on,185.340,185.480,IN,4.9702,6.91,2,2.650903
audio17.TextGrid,43,17,the,185.480,185.590,DT,1.2170,7.73,2,0.078032
audio17.TextGrid,43,18,old,185.590,185.780,JJ,6.7462,5.75,3,2.757171
audio17.TextGrid,43,19,man,185.780,185.970,NN,1.7412,5.82,3,-2.147070
audio17.TextGrid,43,20,s,185.970,186.030,NN,0.2145,5.86,1,-3.616193
audio17.TextGrid,43,21,right,186.030,186.310,JJ,3.0163,5.96,3,-0.670450
audio17.TextGrid,43,22,shoulder,186.310,186.820,NN,1.4260,4.5,5,-4.362310
audio18.TextGrid,1,1,he,0.710,0.820,PRP,3.9587,6.69,2,1.322730
audio18.TextGrid,1,2,s,0.820,0.890,VBZ,1.6455,5.86,1,-2.185193
audio18.TextGrid,1,3,headed,0.890,1.160,VBD,8.9028,4.55,5,3.186461
audio18.TextGrid,1,4,north,1.160,1.590,RB,4.8786,5.34,4,0.299407
audio18.TextGrid,1,5,the,1.880,2.000,DT,2.4688,7.73,2,1.329832
audio18.TextGrid,1,6,old,2.000,2.190,JJ,0.4418,5.75,3,-3.547229
audio18.TextGrid,1,7,man,2.190,2.430,NN,0.0463,5.82,3,-3.841970
audio18.TextGrid,1,8,said,2.430,2.780,VBD,0.2158,6.01,3,-3.398979
audio18.TextGrid,2,1,the,3.770,3.870,DT,3.0618,7.73,2,1.922832
audio18.TextGrid,2,2,current,3.870,4.340,JJ,7.5184,5.27,6,2.838447
audio18.TextGrid,2,3,will,4.340,4.450,MD,6.7446,6.45,3,3.763168
audio18.TextGrid,2,4,have,4.450,4.570,VB,4.2143,6.71,3,1.607119
audio18.TextGrid,2,5,set,4.570,4.780,VBN,6.3942,5.59,3,2.174863
audio18.TextGrid,2,6,us,4.780,4.940,PRP,5.9298,6.04,2,2.358204
audio18.TextGrid,2,7,far,4.940,5.120,RB,6.4209,5.5,3,2.072015
audio18.TextGrid,2,8,to,5.120,5.230,TO,3.8568,7.43,2,2.286004
audio18.TextGrid,2,9,the,5.230,5.380,DT,0.2371,7.73,2,-0.901868
audio18.TextGrid,2,10,eastward,5.380,5.890,NN,6.9962,3.24,6,-0.605785
audio18.TextGrid,2,11,he,5.890,6.010,PRP,1.1138,6.69,2,-1.522170
audio18.TextGrid,2,12,thought,6.010,6.390,VBD,0.4544,5.59,3,-3.764937
audio18.TextGrid,3,1,i,7.230,7.300,JJ,2.4851,7.09,1,0.424900
audio18.TextGrid,3,2,wish,7.300,7.550,NN,5.5570,5.18,3,0.747499
audio18.TextGrid,3,3,he,7.550,7.610,PRP,2.5641,6.69,2,-0.071870
audio18.TextGrid,3,4,would,7.610,7.800,MD,2.2737,6.27,3,-0.966828
audio18.TextGrid,3,5,turn,7.800,8.080,VB,4.2625,5.32,3,-0.345482
audio18.TextGrid,3,6,with,8.080,8.270,IN,5.5375,6.85,3,3.131838
audio18.TextGrid,3,7,the,8.270,8.340,DT,1.8420,7.73,2,0.703032
audio18.TextGrid,3,8,current,8.340,8.890,JJ,5.1568,5.27,5,0.476847
audio18.TextGrid,3,9,that,9.140,9.330,WDT,4.2038,7.01,3,2.028446
audio18.TextGrid,3,10,would,9.330,9.510,MD,1.8884,6.27,3,-1.352128
audio18.TextGrid,3,11,show,9.510,9.810,VB,5.6325,5.68,2,1.542711
audio18.TextGrid,3,12,that,9.810,9.960,IN,2.9457,7.01,3,0.770346
audio18.TextGrid,3,13,he,9.960,10.040,PRP,1.2302,6.69,2,-1.405770
audio18.TextGrid,3,14,was,10.040,10.230,VBD,1.8929,6.82,3,-0.555945
audio18.TextGrid,3,15,tiring,10.230,10.810,VBG,10.0302,3.37,5,2.615340
audio18.TextGrid,4,1,when,12.780,12.910,WRB,4.6682,6.37,3,1.571614
audio18.TextGrid,4,2,the,12.910,12.980,DT,1.3575,7.73,2,0.218532
audio18.TextGrid,4,3,sun,12.980,13.270,NN,1.6477,4.97,3,-3.464081
audio18.TextGrid,4,4,had,13.270,13.440,VBD,3.6096,6.33,3,0.455437
audio18.TextGrid,4,5,risen,13.440,13.720,VBN,0.9218,3.86,5,-5.787742
audio18.TextGrid,4,6,further,13.720,14.280,RB,8.1238,5.31,4,3.501424
audio18.TextGrid,4,7,the,14.500,14.610,DT,2.8512,7.73,2,1.712232
audio18.TextGrid,4,8,old,14.610,14.840,JJ,3.0957,5.75,3,-0.893329
audio18.TextGrid,4,9,man,14.840,15.080,NN,0.0146,5.82,3,-3.873670
audio18.TextGrid,4,10,realized,15.080,15.590,VBD,6.5863,4.59,7,0.927538
audio18.TextGrid,4,11,that,15.590,15.700,IN,0.8657,7.01,3,-1.309654
audio18.TextGrid,4,12,the,15.700,15.800,DT,1.9646,7.73,2,0.825632
audio18.TextGrid,4,13,fish,15.800,16.080,NN,4.1735,4.9,3,-1.039040
audio18.TextGrid,4,14,was,16.080,16.240,VBD,1.5470,6.82,3,-0.901845
audio18.TextGrid,4,15,not,16.240,16.430,RB,3.1901,6.69,3,0.554130
audio18.TextGrid,4,16,tiring,16.460,17.000,VBG,5.5331,3.37,5,-1.881760
audio18.TextGrid,5,1,there,17.640,17.760,EX,4.3968,6.31,3,1.213849
audio18.TextGrid,5,2,was,17.760,17.880,VBD,0.7264,6.82,3,-1.722445
audio18.TextGrid,5,3,only,17.880,18.110,RB,3.2804,6.12,4,-0.176042
audio18.TextGrid,5,4,one,18.110,18.400,CD,1.1507,6.47,3,-1.801943
audio18.TextGrid,5,5,favorable,18.400,18.990,JJ,10.8080,3.85,8,4.084064
audio18.TextGrid,5,6,sign,18.990,19.490,NN,4.6983,5.08,3,-0.255144
audio18.TextGrid,6,1,the,19.960,20.050,DT,1.7370,7.73,2,0.598032
audio18.TextGrid,6,2,slant,20.050,20.430,NN,9.8349,3.18,5,2.146549
audio18.TextGrid,6,3,of,20.430,20.500,IN,0.6329,7.4,2,-0.981078
audio18.TextGrid,6,4,the,20.500,20.600,DT,0.2928,7.73,2,-0.846168
audio18.TextGrid,6,5,line,20.600,20.990,NN,2.7040,5.49,3,-1.659280
audio18.TextGrid,6,6,showed,20.990,21.280,VBD,5.2368,4.86,3,-0.033317
audio18.TextGrid,6,7,he,21.280,21.360,PRP,4.0100,6.69,2,1.374030
audio18.TextGrid,6,8,was,21.360,21.510,VBD,0.4167,6.82,3,-2.032145
audio18.TextGrid,6,9,swimming,21.510,21.900,VBG,6.4881,4.43,6,0.599030
audio18.TextGrid,6,10,at,21.900,22.000,IN,3.8828,6.7,2,1.261224
audio18.TextGrid,6,11,a,22.000,22.060,DT,1.3883,7.36,1,-0.283255
audio18.TextGrid,6,12,lesser,22.060,22.350,JJR,8.3820,4.13,4,2.061103
audio18.TextGrid,6,13,depth,22.350,22.730,NN,3.0806,4.55,4,-2.635739
audio18.TextGrid,7,1,that,23.730,23.850,DT,4.3314,7.01,3,2.156046
audio18.TextGrid,7,2,did,23.850,24.040,VBD,5.8850,5.96,3,2.198250
audio18.TextGrid,7,3,not,24.040,24.260,RB,0.1953,6.69,3,-2.440670
audio18.TextGrid,7,4,necessarily,24.260,24.850,RB,6.1043,4.48,10,0.287201
audio18.TextGrid,7,5,mean,24.850,25.070,VB,0.2715,5.53,3,-4.034203
audio18.TextGrid,7,6,that,25.070,25.190,IN,1.0189,7.01,3,-1.156454
audio18.TextGrid,7,7,he,25.190,25.250,PRP,0.6868,6.69,2,-1.949170
audio18.TextGrid,7,8,would,25.250,25.440,MD,3.2950,6.27,3,0.054472
audio18.TextGrid,7,9,jump,25.440,25.780,VB,6.5757,4.69,4,1.060881
audio18.TextGrid,8,1,but,26.360,26.490,CC,2.0792,6.63,3,-0.643135
audio18.TextGrid,8,2,he,26.490,26.590,PRP,1.4667,6.69,2,-1.169270
audio18.TextGrid,8,3,might,26.590,26.970,MD,4.0765,5.66,3,-0.042077
audio18.TextGrid,8,4,god,28.600,28.910,VB,6.9137,5.57,3,2.665574
audio18.TextGrid,8,5,let,28.910,29.070,VB,5.1008,5.6,3,0.895857
audio18.TextGrid,8,6,him,29.070,29.180,PRP,1.6267,6.11,2,-1.844136
audio18.TextGrid,8,7,jump,29.180,29.630,VB,4.2978,4.69,4,-1.217019
audio18.TextGrid,8,8,the,29.930,30.040,DT,0.8663,7.73,2,-0.272668
audio18.TextGrid,8,9,old,30.040,30.250,JJ,0.0963,5.75,3,-3.892729
audio18.TextGrid,8,10,man,30.250,30.470,NN,0.0056,5.82,3,-3.882670
audio18.TextGrid,8,11,said,30.470,30.860,VBD,0.2570,6.01,3,-3.357779
audio18.TextGrid,9,1,i,31.470,31.610,NNS,1.8491,7.09,1,-0.211100
audio18.TextGrid,9,2,have,31.610,31.770,VBP,3.2950,6.71,3,0.687819
audio18.TextGrid,9,3,enough,31.770,32.000,JJ,5.8789,5.54,4,1.587592
audio18.TextGrid,9,4,line,32.000,32.300,NN,3.9558,5.49,3,-0.407480
audio18.TextGrid,9,5,to,32.300,32.440,TO,1.0031,7.43,2,-0.567696
audio18.TextGrid,9,6,handle,32.440,32.780,VB,5.2785,4.79,6,-0.092377
audio18.TextGrid,9,7,him,32.780,33.010,PRP,1.8279,6.11,2,-1.642936
audio18.TextGrid,10,1,maybe,35.210,35.510,RB,7.3061,5.45,4,2.885243
audio18.TextGrid,10,2,if,35.510,35.630,IN,4.1480,6.47,2,1.195357
audio18.TextGrid,10,3,i,35.630,35.740,NNS,1.5666,7.09,1,-0.493600
audio18.TextGrid,10,4,can,35.740,35.910,MD,4.0030,6.46,3,1.035962
audio18.TextGrid,10,5,increase,35.910,36.390,VB,7.4230,5.08,6,2.469556
audio18.TextGrid,10,6,the,36.390,36.510,DT,0.8462,7.73,2,-0.292768
audio18.TextGrid,10,7,tension,36.510,37.040,NN,6.4465,4.22,6,0.255151
audio18.TextGrid,10,8,just,37.040,37.340,RB,6.3162,6.43,4,3.305980
audio18.TextGrid,10,9,a,37.340,37.410,DT,1.5061,7.36,1,-0.165455
audio18.TextGrid,10,10,little,37.410,37.800,JJ,0.2632,5.75,5,-3.725829
audio18.TextGrid,10,11,it,37.800,37.940,PRP,4.5596,6.95,2,2.297880
audio18.TextGrid,10,12,will,37.940,38.110,MD,0.3899,6.45,3,-2.591532
audio18.TextGrid,10,13,hurt,38.110,38.350,VB,6.6818,4.94,3,1.526837
audio18.TextGrid,10,14,him,38.350,38.480,PRP,0.9141,6.11,2,-2.556736
audio18.TextGrid,10,15,and,38.480,38.620,CC,3.3341,7.41,3,1.734516
audio18.TextGrid,10,16,he,38.620,38.690,PRP,1.5277,6.69,2,-1.108270
audio18.TextGrid,10,17,will,38.690,38.880,MD,1.1550,6.45,3,-1.826432
audio18.TextGrid,10,18,jump,38.880,39.270,VB,3.1025,4.69,4,-2.412319
audio18.TextGrid,10,19,he,39.490,39.620,PRP,0.8194,6.69,2,-1.816570
audio18.TextGrid,10,20,thought,39.620,40.030,VBD,0.1075,5.59,3,-4.111837
audio18.TextGrid,11,1,now,40.910,41.120,RB,4.6265,6.18,2,1.256423
audio18.TextGrid,11,2,that,41.120,41.280,IN,3.0788,7.01,3,0.903446
audio18.TextGrid,11,3,it,41.280,41.380,PRP,3.7465,6.95,2,1.484780
audio18.TextGrid,11,4,is,41.380,41.510,VBZ,1.2218,7.07,2,-0.867189
audio18.TextGrid,11,5,daylight,41.510,42.080,JJ,4.2389,3.84,5,-2.499431
audio18.TextGrid,11,6,let,42.080,42.230,NN,7.2971,5.6,3,3.092157
audio18.TextGrid,11,7,him,42.230,42.380,PRP,0.9300,6.11,3,-2.540836
audio18.TextGrid,11,8,jump,42.380,42.740,VB,3.3502,4.69,4,-2.164619
audio18.TextGrid,11,9,so,42.740,42.870,RB,5.0339,6.52,2,2.153228
audio18.TextGrid,11,10,that,42.870,43.010,IN,0.9793,7.01,3,-1.196054
audio18.TextGrid,11,11,he,43.010,43.070,PRP,0.9341,6.69,2,-1.701870
audio18.TextGrid,11,12,ll,43.070,43.160,VBZ,5.6189,4.66,2,0.060898
audio18.TextGrid,11,13,fill,43.160,43.460,VB,8.0867,4.64,3,2.499909
audio18.TextGrid,11,14,the,43.460,43.550,DT,0.9762,7.73,2,-0.162768
audio18.TextGrid,11,15,sacks,43.550,43.920,NNS,9.1674,3.59,4,2.069213
audio18.TextGrid,11,16,along,43.920,44.210,IN,6.3038,5.38,4,1.782184
audio18.TextGrid,11,17,his,44.210,44.370,PRP$,1.8998,6.51,3,-0.995266
audio18.TextGrid,11,18,backbone,44.370,44.860,NN,8.5602,3.53,6,1.375648
audio18.TextGrid,11,19,with,44.860,45.030,IN,2.2762,6.85,3,-0.129462
audio18.TextGrid,11,20,air,45.030,45.330,NN,5.9170,5.37,2,1.380989
audio18.TextGrid,12,1,and,45.870,45.960,CC,1.1304,7.41,2,-0.469184
audio18.TextGrid,12,2,then,45.960,46.150,RB,2.6066,6.07,3,-0.921813
audio18.TextGrid,12,3,he,46.150,46.290,PRP,1.2993,6.69,2,-1.336670
audio18.TextGrid,12,4,cannot,46.290,46.670,VBZ,8.7960,5.11,5,3.885739
audio18.TextGrid,12,5,go,46.670,46.870,VB,2.7441,6.03,2,-0.841890
audio18.TextGrid,12,6,deep,46.870,47.180,JJ,6.8127,5.05,3,1.816073
audio18.TextGrid,12,7,to,47.230,47.330,TO,3.9846,7.43,2,2.413804
audio18.TextGrid,12,8,die,47.330,47.640,VB,5.9733,5.07,2,1.005462
audio18.TextGrid,13,1,he,47.640,47.830,PRP,1.6984,6.69,2,-0.937570
audio18.TextGrid,13,2,tried,49.510,50.000,VBD,5.1345,5.16,4,0.296210
audio18.TextGrid,13,3,to,50.000,50.070,TO,0.8625,7.43,2,-0.708296
audio18.TextGrid,13,4,increase,50.070,50.560,VB,6.6947,5.08,6,1.741256
audio18.TextGrid,13,5,the,50.560,50.630,DT,0.4003,7.73,2,-0.738668
audio18.TextGrid,13,6,tension,50.630,51.210,NN,0.2711,4.22,6,-5.920249
audio18.TextGrid,13,7,but,51.210,51.420,CC,0.8076,6.63,3,-1.914735
audio18.TextGrid,13,8,the,51.420,51.520,DT,1.6073,7.73,2,0.468332
audio18.TextGrid,13,9,line,51.520,51.840,NN,2.3269,5.49,3,-2.036380
audio18.TextGrid,13,10,had,51.840,51.980,VBD,3.4223,6.33,3,0.268137
audio18.TextGrid,13,11,been,51.980,52.170,VBN,2.8399,6.27,3,-0.400628
audio18.TextGrid,13,12,taut,52.170,52.570,VBN,6.4775,2.91,3,-1.599496
audio18.TextGrid,13,13,up,52.570,52.670,RP,7.0070,6.39,2,3.939203
audio18.TextGrid,13,14,to,52.670,52.750,TO,4.6198,7.43,2,3.049004
audio18.TextGrid,13,15,the,52.750,52.860,DT,0.9964,7.73,2,-0.142568
audio18.TextGrid,13,16,very,52.860,53.220,RB,4.3816,6.0,4,0.752427
audio18.TextGrid,13,17,edge,53.220,53.370,NN,2.0139,4.74,2,-3.428948
audio18.TextGrid,13,18,of,53.370,53.450,IN,0.8883,7.4,2,-0.725678
audio18.TextGrid,13,19,the,53.450,53.520,DT,0.3650,7.73,2,-0.773968
audio18.TextGrid,13,20,breaking,53.520,53.950,NN,10.5380,4.74,6,5.095152
audio18.TextGrid,13,21,point,53.950,54.340,NN,1.3651,5.54,4,-2.926208
audio18.TextGrid,13,22,since,54.340,54.560,IN,7.4866,5.75,4,3.497571
audio18.TextGrid,13,23,he,54.560,54.630,PRP,1.4614,6.69,2,-1.174570
audio18.TextGrid,13,24,had,54.630,54.760,VBD,1.2668,6.33,3,-1.887363
audio18.TextGrid,13,25,hooked,54.760,54.940,VBN,7.0199,3.92,4,0.396723
audio18.TextGrid,13,26,the,54.940,55.040,DT,1.6607,7.73,2,0.521732
audio18.TextGrid,13,27,fish,55.040,55.480,NN,2.8792,4.9,3,-2.333340
audio18.TextGrid,13,28,and,55.870,55.970,CC,3.1772,7.41,2,1.577616
audio18.TextGrid,13,29,he,55.970,56.070,PRP,2.4212,6.69,2,-0.214770
audio18.TextGrid,13,30,felt,56.070,56.290,VBD,3.5801,5.13,4,-1.301373
audio18.TextGrid,13,31,the,56.290,56.410,DT,1.5790,7.73,2,0.440032
audio18.TextGrid,13,32,harshness,56.410,57.010,NN,11.2095,2.65,7,2.758254
audio18.TextGrid,13,33,as,57.010,57.110,IN,4.9011,6.77,2,2.380284
audio18.TextGrid,13,34,he,57.110,57.230,PRP,1.3247,6.69,2,-1.311270
audio18.TextGrid,13,35,leaned,57.230,57.550,VBD,5.8638,3.41,4,-1.493483
audio18.TextGrid,13,36,back,57.550,57.800,RB,1.6730,6.04,3,-1.898596
audio18.TextGrid,13,37,to,57.800,57.940,TO,2.9166,7.43,2,1.345804
audio18.TextGrid,13,38,pull,57.940,58.460,VB,3.9060,4.82,3,-1.421694
audio18.TextGrid,13,39,and,58.460,58.630,CC,5.3649,7.41,3,3.765316
audio18.TextGrid,13,40,knew,58.700,58.850,VB,7.5564,5.2,3,2.775687
audio18.TextGrid,13,41,he,58.850,58.910,PRP,1.8893,6.69,2,-0.746670
audio18.TextGrid,13,42,could,58.910,59.280,MD,2.3349,6.06,3,-1.207908
audio18.TextGrid,13,43,put,59.280,59.560,VB,5.6513,5.66,3,1.532723
audio18.TextGrid,13,44,no,59.560,59.750,DT,5.2176,6.35,2,2.092226
audio18.TextGrid,13,45,more,59.750,59.970,JJR,0.9731,6.36,3,-2.137880
audio18.TextGrid,13,46,strain,59.970,60.420,NN,3.5880,4.15,5,-2.704109
audio18.TextGrid,13,47,on,60.420,60.590,IN,0.1504,6.91,2,-2.168897
audio18.TextGrid,13,48,it,60.590,60.790,PRP,1.4498,6.95,2,-0.811920
audio18.TextGrid,14,1,i,62.200,62.270,NN,3.3924,7.09,1,1.332200
audio18.TextGrid,14,2,must,62.270,62.510,MD,3.7729,5.68,4,-0.316889
audio18.TextGrid,14,3,not,62.510,62.760,RB,3.5084,6.69,3,0.872430
audio18.TextGrid,14,4,jerk,62.760,63.110,VB,9.6154,4.0,3,3.107377
audio18.TextGrid,14,5,it,63.110,63.310,PRP,2.3602,6.95,2,0.098480
audio18.TextGrid,14,6,ever,63.310,63.670,RB,6.8496,5.66,3,2.731023
audio18.TextGrid,14,7,he,63.860,63.960,PRP,0.3568,6.69,2,-2.279170
audio18.TextGrid,14,8,thought,63.960,64.350,VBD,0.0939,5.59,3,-4.125437
audio18.TextGrid,15,1,each,65.030,65.370,DT,8.3053,5.69,2,4.229905
audio18.TextGrid,15,2,jerk,65.370,65.740,NN,6.4329,4.0,3,-0.075123
audio18.TextGrid,15,3,widens,65.740,66.350,VBZ,11.7053,2.84,6,3.527545
audio18.TextGrid,15,4,the,66.350,66.450,DT,0.5097,7.73,2,-0.629268
audio18.TextGrid,15,5,cut,66.450,66.710,NN,6.7332,5.24,3,2.010064
audio18.TextGrid,15,6,the,66.710,66.830,DT,5.6516,7.73,2,4.512632
audio18.TextGrid,15,7,hook,66.830,67.020,NN,7.2405,4.37,3,1.265065
audio18.TextGrid,15,8,makes,67.020,67.550,VBZ,3.9177,5.46,4,-0.488762
audio18.TextGrid,15,9,and,67.550,67.760,CC,0.8651,7.41,2,-0.734484
audio18.TextGrid,15,10,then,67.760,67.950,RB,2.8891,6.07,3,-0.639313
audio18.TextGrid,15,11,when,67.950,68.120,WRB,4.1890,6.37,3,1.092414
audio18.TextGrid,15,12,he,68.120,68.230,PRP,1.2792,6.69,2,-1.356770
audio18.TextGrid,15,13,does,68.230,68.590,VBZ,3.9988,5.74,3,-0.004623
audio18.TextGrid,15,14,jump,68.590,68.950,VB,6.6842,4.69,4,1.169381
audio18.TextGrid,15,15,he,68.950,69.040,PRP,1.4117,6.69,2,-1.224270
audio18.TextGrid,15,16,might,69.040,69.320,MD,5.3755,5.66,3,1.256923
audio18.TextGrid,15,17,throw,69.320,69.570,VB,5.9794,4.83,3,0.666100
audio18.TextGrid,15,18,it,69.570,69.740,PRP,1.3199,6.95,2,-0.941820
audio18.TextGrid,16,1,anyway,71.050,71.410,RB,7.5546,4.91,5,2.356454
audio18.TextGrid,16,2,i,71.410,71.540,JJ,2.6584,7.09,1,0.598200
audio18.TextGrid,16,3,feel,71.540,71.780,VBP,5.1818,5.67,3,1.077617
audio18.TextGrid,16,4,better,71.780,72.040,RB,2.6638,5.76,4,-1.310835
audio18.TextGrid,16,5,with,72.040,72.230,IN,4.1661,6.85,3,1.760438
audio18.TextGrid,16,6,the,72.230,72.320,DT,1.1936,7.73,2,0.054632
audio18.TextGrid,16,7,sun,72.320,72.720,NN,7.0874,4.97,3,1.975619
audio18.TextGrid,16,8,and,73.070,73.180,CC,2.7162,7.41,2,1.116616
audio18.TextGrid,16,9,for,73.180,73.300,IN,5.4586,7.01,2,3.283246
audio18.TextGrid,16,10,once,73.300,73.740,RB,4.3306,5.53,4,0.024897
audio18.TextGrid,16,11,i,73.740,73.830,JJ,0.8746,7.09,1,-1.185600
audio18.TextGrid,16,12,do,73.830,73.990,VBP,3.9813,6.35,2,0.855926
audio18.TextGrid,16,13,not,73.990,74.190,RB,0.8634,6.69,3,-1.772570
audio18.TextGrid,16,14,have,74.190,74.330,VB,2.1397,6.71,3,-0.467481
audio18.TextGrid,16,15,to,74.330,74.450,TO,0.2135,7.43,2,-1.357296
audio18.TextGrid,16,16,look,74.450,74.640,VB,4.2689,5.81,3,0.366236
audio18.TextGrid,16,17,into,74.640,74.950,IN,4.5527,6.11,4,1.081864
audio18.TextGrid,16,18,it,74.950,75.140,PRP,3.3609,6.95,2,1.099180
audio18.TextGrid,17,1,there,77.450,77.590,EX,4.1249,6.31,3,0.941949
audio18.TextGrid,17,2,was,77.590,77.770,VBD,2.4177,6.82,3,-0.031145
audio18.TextGrid,17,3,yellow,77.770,78.050,JJ,9.9971,4.69,4,4.482281
audio18.TextGrid,17,4,weed,78.050,78.460,NN,9.3773,4.27,3,3.257922
audio18.TextGrid,17,5,on,78.460,78.600,IN,2.3064,6.91,2,-0.012897
audio18.TextGrid,17,6,the,78.600,78.680,DT,0.3325,7.73,2,-0.806468
audio18.TextGrid,17,7,line,78.680,79.120,NN,3.5856,5.49,3,-0.777680
audio18.TextGrid,17,8,but,79.120,79.250,CC,4.2187,6.63,3,1.496365
audio18.TextGrid,17,9,the,79.250,79.380,DT,2.5221,7.73,2,1.383132
audio18.TextGrid,17,10,old,79.380,79.580,JJ,2.9174,5.75,3,-1.071629
audio18.TextGrid,17,11,man,79.580,79.830,NN,0.0538,5.82,3,-3.834470
audio18.TextGrid,17,12,knew,79.830,80.180,VBD,2.6606,5.2,3,-2.120113
audio18.TextGrid,17,13,that,80.180,80.400,IN,1.8281,7.01,3,-0.347254
audio18.TextGrid,17,14,only,80.400,80.660,RB,5.8043,6.12,4,2.347858
audio18.TextGrid,17,15,made,80.660,80.910,VBD,7.7117,5.92,3,3.967373
audio18.TextGrid,17,16,an,80.910,81.080,DT,5.6979,6.53,2,2.831622
audio18.TextGrid,17,17,added,81.080,81.390,JJ,7.0184,5.16,4,2.180110
audio18.TextGrid,17,18,drag,81.390,81.970,NN,6.9988,4.29,4,0.908211
audio18.TextGrid,17,19,and,81.970,82.110,CC,2.0990,7.41,3,0.499416
audio18.TextGrid,17,20,he,82.110,82.200,PRP,1.2967,6.69,2,-1.339270
audio18.TextGrid,17,21,was,82.200,82.380,VBD,2.5997,6.82,3,0.150855
audio18.TextGrid,17,22,pleased,82.380,83.060,JJ,5.1924,4.44,5,-0.682276
audio18.TextGrid,18,1,it,83.560,83.700,PRP,3.3452,6.95,2,1.083480
audio18.TextGrid,18,2,was,83.700,83.900,VBD,1.1892,6.82,3,-1.259645
audio18.TextGrid,18,3,the,83.900,83.960,DT,2.9337,7.73,2,1.794732
audio18.TextGrid,18,4,yellow,83.960,84.310,JJ,5.0306,4.69,4,-0.484219
audio18.TextGrid,18,5,gulf,84.310,84.710,NN,13.1964,4.28,4,7.091416
audio18.TextGrid,18,6,weed,84.710,85.040,VBD,5.8117,4.27,3,-0.307678
audio18.TextGrid,18,7,that,85.040,85.310,IN,1.3225,7.01,3,-0.852854
audio18.TextGrid,18,8,had,85.310,85.480,VBD,2.2295,6.33,3,-0.924663
audio18.TextGrid,18,9,made,85.480,85.770,VBN,2.6242,5.92,3,-1.120127
audio18.TextGrid,18,10,so,85.770,85.930,RB,5.9548,6.52,2,3.074128
audio18.TextGrid,18,11,much,85.930,86.150,JJ,0.4639,6.0,3,-3.165273
audio18.TextGrid,18,12,phosphorescence,86.150,86.970,NN,15.2591,1.88,10,5.699497
audio18.TextGrid,18,13,in,86.970,87.060,IN,1.4744,7.27,2,-0.326704
audio18.TextGrid,18,14,the,87.060,87.150,DT,0.3531,7.73,2,-0.785868
audio18.TextGrid,18,15,night,87.150,87.530,NN,5.7191,5.61,3,1.528551
audio18.TextGrid,19,1,fish,89.430,89.870,NN,4.2177,4.9,3,-0.994840
audio18.TextGrid,19,2,he,90.080,90.200,PRP,0.3521,6.69,2,-2.283870
audio18.TextGrid,19,3,said,90.200,90.820,VBD,0.2309,6.01,3,-3.383879
audio18.TextGrid,19,4,i,90.820,90.960,JJ,0.9121,7.09,1,-1.148100
audio18.TextGrid,19,5,love,90.960,91.270,VBP,5.0551,5.82,3,1.166830
audio18.TextGrid,19,6,you,91.270,91.440,PRP,1.2786,6.98,2,-0.939937
audio18.TextGrid,19,7,and,91.440,91.610,CC,2.5693,7.41,3,0.969716
audio18.TextGrid,19,8,respect,91.610,92.100,VB,9.1106,5.03,7,4.085185
audio18.TextGrid,19,9,you,92.100,92.260,PRP,0.3988,6.98,2,-1.819737
audio18.TextGrid,19,10,very,92.260,92.570,RB,4.4785,6.0,4,0.849327
audio18.TextGrid,19,11,much,92.570,93.050,RB,0.0106,6.0,3,-3.618573
audio18.TextGrid,19,12,but,93.440,93.640,CC,2.5678,6.63,3,-0.154535
audio18.TextGrid,19,13,i,93.640,93.790,RB,1.3127,7.09,1,-0.747500
audio18.TextGrid,19,14,will,93.790,93.980,MD,2.8197,6.45,3,-0.161732
audio18.TextGrid,19,15,kill,93.980,94.260,VB,3.6296,5.09,3,-1.309450
audio18.TextGrid,19,16,you,94.260,94.420,PRP,0.4989,6.98,2,-1.719637
audio18.TextGrid,19,17,dead,94.420,94.710,JJ,6.8994,5.19,3,2.104293
audio18.TextGrid,19,18,before,94.770,95.120,IN,3.5863,5.93,5,-0.143633
audio18.TextGrid,19,19,this,95.120,95.330,DT,5.5230,6.82,3,3.074155
audio18.TextGrid,19,20,day,95.330,95.590,NN,4.1517,5.95,2,0.450556
audio18.TextGrid,19,21,ends,95.590,96.010,VBZ,4.0105,4.75,4,-1.417954
audio18.TextGrid,20,1,let,97.860,98.020,VB,6.3849,5.6,3,2.179957
audio18.TextGrid,20,2,us,98.020,98.170,PRP,2.7485,6.04,2,-0.823096
audio18.TextGrid,20,3,hope,98.170,98.390,VB,3.6639,5.44,3,-0.771351
audio18.TextGrid,20,4,so,98.390,98.700,IN,2.5758,6.52,2,-0.304872
audio18.TextGrid,20,5,he,98.940,99.070,PRP,0.4065,6.69,2,-2.229470
audio18.TextGrid,20,6,thought,99.070,99.520,VBD,0.2557,5.59,3,-3.963637
audio18.TextGrid,21,1,a,101.300,101.380,DT,4.8393,7.36,1,3.167745
audio18.TextGrid,21,2,small,101.380,101.690,JJ,4.9252,5.51,4,0.590709
audio18.TextGrid,21,3,bird,101.690,102.100,NN,5.8206,4.63,3,0.219415
audio18.TextGrid,21,4,came,102.100,102.290,VBD,3.1443,5.5,3,-1.204585
audio18.TextGrid,21,5,toward,102.290,102.560,IN,5.7148,4.72,4,0.243163
audio18.TextGrid,21,6,the,102.560,102.650,DT,2.3406,7.73,2,1.201632
audio18.TextGrid,21,7,skiff,102.650,102.970,NN,4.0691,2.63,4,-4.410935
audio18.TextGrid,21,8,from,102.970,103.220,IN,4.3327,6.63,4,1.610365
audio18.TextGrid,21,9,the,103.220,103.280,DT,0.6510,7.73,2,-0.487968
audio18.TextGrid,21,10,north,103.280,103.640,NN,3.0609,5.34,4,-1.518293
audio18.TextGrid,22,1,he,104.100,104.200,PRP,2.2023,6.69,2,-0.433670
audio18.TextGrid,22,2,was,104.200,104.350,VBD,2.3259,6.82,3,-0.122945
audio18.TextGrid,22,3,a,104.350,104.380,DT,2.1660,7.36,1,0.494445
audio18.TextGrid,22,4,warbler,104.380,105.020,NN,8.0546,2.77,6,-0.223915
audio18.TextGrid,22,5,and,105.020,105.110,CC,1.1737,7.41,2,-0.425884
audio18.TextGrid,22,6,flying,105.110,105.500,VBG,7.7786,4.71,5,2.292569
audio18.TextGrid,22,7,very,105.500,105.810,RB,5.2442,6.0,4,1.615027
audio18.TextGrid,22,8,low,105.810,106.150,JJ,2.6718,5.33,2,-1.921788
audio18.TextGrid,22,9,over,106.150,106.340,IN,3.4957,6.08,3,-0.018319
audio18.TextGrid,22,10,the,106.340,106.420,DT,0.2839,7.73,2,-0.855068
audio18.TextGrid,22,11,water,106.420,106.920,NN,1.9185,5.52,4,-2.401597
audio18.TextGrid,23,1,the,107.530,107.630,DT,1.9502,7.73,2,0.811232
audio18.TextGrid,23,2,old,107.630,107.880,JJ,2.6115,5.75,3,-1.377529
audio18.TextGrid,23,3,man,107.880,108.030,NN,0.0407,5.82,3,-3.847570
audio18.TextGrid,23,4,could,108.030,108.220,MD,4.4831,6.06,3,0.940292
audio18.TextGrid,23,5,see,108.220,108.490,VB,1.2789,6.1,2,-2.206331
audio18.TextGrid,23,6,that,108.490,108.620,IN,2.2265,7.01,3,0.051146
audio18.TextGrid,23,7,he,108.620,108.690,PRP,1.9456,6.69,2,-0.690370
audio18.TextGrid,23,8,was,108.690,108.880,VBD,0.5019,6.82,3,-1.946945
audio18.TextGrid,23,9,very,108.880,109.070,RB,4.3038,6.0,4,0.674627
audio18.TextGrid,23,10,tired,109.070,109.630,JJ,3.6276,4.71,4,-1.858431
audio18.TextGrid,24,1,the,111.050,111.120,DT,2.3713,7.73,2,1.232332
audio18.TextGrid,24,2,bird,111.120,111.390,NN,2.5901,4.63,3,-3.011085
audio18.TextGrid,24,3,made,111.390,111.590,VBD,4.5396,5.92,3,0.795273
audio18.TextGrid,24,4,the,111.590,111.660,DT,3.4315,7.73,2,2.292532
audio18.TextGrid,24,5,stern,111.660,112.020,NN,8.9820,3.9,4,2.330035
audio18.TextGrid,24,6,of,112.020,112.090,IN,2.3257,7.4,2,0.711722
audio18.TextGrid,24,7,the,112.090,112.190,DT,0.9043,7.73,2,-0.234668
audio18.TextGrid,24,8,boat,112.190,112.550,NN,2.7857,4.71,3,-2.700331
audio18.TextGrid,24,9,and,112.550,112.700,CC,1.1940,7.41,3,-0.405584
audio18.TextGrid,24,10,rested,112.700,113.120,VBD,6.4919,3.59,6,-0.606287
audio18.TextGrid,24,11,there,113.120,113.370,EX,3.6925,6.31,3,0.509549
audio18.TextGrid,25,1,then,113.810,114.010,RB,2.1541,6.07,3,-1.374313
audio18.TextGrid,25,2,he,114.010,114.180,PRP,1.2095,6.69,2,-1.426470
audio18.TextGrid,25,3,flew,114.180,114.550,VBD,4.7871,4.16,3,-1.490615
audio18.TextGrid,25,4,around,114.550,114.690,IN,5.2473,5.77,4,1.287059
audio18.TextGrid,25,5,the,114.690,114.770,DT,1.3865,7.73,2,0.247532
audio18.TextGrid,25,6,old,114.770,114.950,JJ,5.8636,5.75,3,1.874571
audio18.TextGrid,25,7,man,114.950,115.170,NN,0.0284,5.82,3,-3.859870
audio18.TextGrid,25,8,s,115.170,115.230,VBZ,1.4615,5.86,1,-2.369193
audio18.TextGrid,25,9,head,115.230,115.490,NN,2.0872,5.51,3,-2.247291
audio18.TextGrid,25,10,and,115.490,115.640,CC,0.9431,7.41,3,-0.656484
audio18.TextGrid,25,11,rested,115.640,115.970,VBN,6.5686,3.59,6,-0.529587
audio18.TextGrid,25,12,on,115.970,116.090,IN,1.7953,6.91,2,-0.523997
audio18.TextGrid,25,13,the,116.090,116.160,DT,0.7008,7.73,2,-0.438168
audio18.TextGrid,25,14,line,116.160,116.540,NN,3.9227,5.49,3,-0.440580
audio18.TextGrid,25,15,where,116.540,116.710,WRB,4.3208,6.0,3,0.691627
audio18.TextGrid,25,16,he,116.710,116.800,PRP,1.3399,6.69,2,-1.296070
audio18.TextGrid,25,17,was,116.800,116.940,VBD,1.8004,6.82,3,-0.648445
audio18.TextGrid,25,18,more,116.940,117.090,RBR,6.6787,6.36,3,3.567720
audio18.TextGrid,25,19,comfortable,117.090,117.610,JJ,2.1514,4.66,10,-3.406602
audio18.TextGrid,26,1,how,119.310,119.410,WRB,4.8513,6.24,2,1.567589
audio18.TextGrid,26,2,old,119.410,119.660,JJ,4.4674,5.75,3,0.478371
audio18.TextGrid,26,3,are,119.660,119.700,VBP,0.7783,6.74,1,-1.785699
audio18.TextGrid,26,4,you,119.700,120.250,PRP,0.0832,6.98,2,-2.135337
audio18.TextGrid,26,5,the,120.520,120.630,DT,1.7506,7.73,2,0.611632
audio18.TextGrid,26,6,old,120.630,120.840,JJ,0.2271,5.75,3,-3.761929
audio18.TextGrid,26,7,man,120.840,121.060,NN,0.0047,5.82,3,-3.883570
audio18.TextGrid,26,8,asked,121.060,121.340,VBD,0.2419,5.3,3,-4.394870
audio18.TextGrid,26,9,the,121.340,121.400,DT,2.8324,7.73,2,1.693432
audio18.TextGrid,26,10,bird,121.400,121.770,NN,1.6879,4.63,3,-3.913285
audio18.TextGrid,26,11,is,122.520,122.680,VBZ,5.9474,7.07,2,3.858411
audio18.TextGrid,26,12,this,122.680,122.860,DT,2.9418,6.82,3,0.492955
audio18.TextGrid,26,13,your,122.860,122.980,PRP$,2.6068,6.53,3,-0.259478
audio18.TextGrid,26,14,first,122.980,123.290,JJ,2.9330,6.11,4,-0.537836
audio18.TextGrid,26,15,trip,123.290,123.610,NN,4.5556,4.9,4,-0.656940
audio18.TextGrid,27,1,the,125.110,125.190,DT,1.3458,7.73,2,0.206832
audio18.TextGrid,27,2,bird,125.190,125.460,NN,0.4013,4.63,3,-5.199885
audio18.TextGrid,27,3,looked,125.460,125.680,VBD,2.9137,5.11,4,-1.996561
audio18.TextGrid,27,4,at,125.680,125.830,IN,1.0810,6.7,2,-1.540576
audio18.TextGrid,27,5,him,125.830,125.970,PRP,0.7450,6.11,2,-2.725836
audio18.TextGrid,27,6,when,125.970,126.090,WRB,7.3194,6.37,3,4.222814
audio18.TextGrid,27,7,he,126.090,126.180,PRP,0.7917,6.69,2,-1.844270
audio18.TextGrid,27,8,spoke,126.180,126.650,VBD,4.0858,4.61,4,-1.544173
audio18.TextGrid,28,1,he,127.510,127.610,PRP,2.5737,6.69,2,-0.062270
audio18.TextGrid,28,2,was,127.610,127.760,VBD,1.5036,6.82,3,-0.945245
audio18.TextGrid,28,3,too,127.760,127.890,RB,4.1563,5.95,2,0.455156
audio18.TextGrid,28,4,tired,127.890,128.300,JJ,1.7430,4.71,4,-3.743031
audio18.TextGrid,28,5,even,128.300,128.520,RB,6.8957,5.99,4,3.252133
audio18.TextGrid,28,6,to,128.520,128.660,TO,0.4166,7.43,2,-1.154196
audio18.TextGrid,28,7,examine,128.660,129.060,VB,8.9128,4.18,7,2.663874
audio18.TextGrid,28,8,the,129.060,129.130,DT,1.0446,7.73,2,-0.094368
audio18.TextGrid,28,9,line,129.130,129.470,NN,1.6110,5.49,3,-2.752280
audio18.TextGrid,28,10,and,129.470,129.590,CC,2.8980,7.41,3,1.298416
audio18.TextGrid,28,11,he,129.590,129.720,PRP,1.7391,6.69,2,-0.896870
audio18.TextGrid,28,12,teetered,129.720,130.170,VBD,12.8213,1.9,5,3.290485
audio18.TextGrid,28,13,on,130.170,130.350,IN,1.1247,6.91,2,-1.194597
audio18.TextGrid,28,14,it,130.350,130.550,PRP,2.3614,6.95,2,0.099680
audio18.TextGrid,28,15,as,130.550,130.690,IN,3.7087,6.77,2,1.187884
audio18.TextGrid,28,16,his,130.690,130.870,PRP$,4.3195,6.51,3,1.424434
audio18.TextGrid,28,17,delicate,130.870,131.270,JJ,9.4991,4.01,7,3.005472
audio18.TextGrid,28,18,feet,131.290,131.520,NNS,4.7632,4.99,3,-0.319792
audio18.TextGrid,28,19,gripped,131.520,131.810,VBD,5.7551,3.14,5,-1.990828
audio18.TextGrid,28,20,it,131.810,131.930,PRP,2.1774,6.95,2,-0.084320
audio18.TextGrid,28,21,fast,131.950,132.480,VBD,6.2374,5.13,4,1.355927
audio18.TextGrid,29,1,it,134.460,134.610,PRP,3.3462,6.95,2,1.084480
audio18.TextGrid,29,2,s,134.610,134.640,VBD,0.7590,5.86,1,-3.071693
audio18.TextGrid,29,3,steady,134.640,135.200,JJ,9.3578,4.31,5,3.295999
audio18.TextGrid,29,4,the,135.470,135.570,DT,0.8930,7.73,2,-0.245968
audio18.TextGrid,29,5,old,135.570,135.780,JJ,0.7023,5.75,3,-3.286729
audio18.TextGrid,29,6,man,135.780,135.980,NN,0.0033,5.82,3,-3.884970
audio18.TextGrid,29,7,told,135.980,136.240,VBD,3.3244,5.54,4,-0.966908
audio18.TextGrid,29,8,him,136.240,136.390,PRP,0.2528,6.11,2,-3.218036
audio18.TextGrid,30,1,it,137.110,137.250,PRP,1.8980,6.95,2,-0.363720
audio18.TextGrid,30,2,s,137.250,137.320,VBD,0.6749,5.86,1,-3.155793
audio18.TextGrid,30,3,too,137.320,137.490,RB,4.7061,5.95,2,1.004956
audio18.TextGrid,30,4,steady,137.490,138.020,JJ,4.8161,4.31,5,-1.245701
audio18.TextGrid,31,1,you,138.700,138.830,PRP,2.6073,6.98,2,0.388763
audio18.TextGrid,31,2,shouldn't,138.830,139.110,VBP,5.4666,4.82,6,0.138906
audio18.TextGrid,31,3,be,139.110,139.230,VB,1.7033,6.79,2,-0.788727
audio18.TextGrid,31,4,that,139.230,139.480,IN,5.9109,7.01,3,3.735546
audio18.TextGrid,31,5,tired,139.480,139.820,JJ,1.3397,4.71,4,-4.146331
audio18.TextGrid,31,6,after,139.820,140.070,IN,4.7841,6.11,4,1.313264
audio18.TextGrid,31,7,a,140.070,140.100,DT,2.0688,7.36,1,0.397245
audio18.TextGrid,31,8,windless,140.100,140.590,NN,14.6263,1.83,7,4.994726
audio18.TextGrid,31,9,night,140.590,140.990,NN,1.2221,5.61,3,-2.968449
audio18.TextGrid,32,1,what,141.530,141.720,WDT,4.8742,6.38,4,1.792008
audio18.TextGrid,32,2,are,141.720,141.820,VBP,2.5912,6.74,1,0.027201
audio18.TextGrid,32,3,birds,141.820,142.230,NNS,8.6443,4.6,4,2.999932
audio18.TextGrid,32,4,coming,142.230,142.650,VBG,6.1143,5.4,5,1.621472
audio18.TextGrid,33,1,to,142.650,143.120,TO,1.6978,7.43,2,0.127004
audio18.TextGrid,33,2,the,145.570,145.670,DT,1.3994,7.73,2,0.260432
audio18.TextGrid,33,3,hawks,145.670,146.050,NN,8.8232,3.89,4,2.156841
audio18.TextGrid,33,4,he,146.050,146.160,PRP,1.4366,6.69,2,-1.199370
audio18.TextGrid,33,5,thought,146.160,146.410,VBD,0.6335,5.59,3,-3.585837
audio18.TextGrid,33,6,that,146.410,146.570,IN,5.5405,7.01,3,3.365146
audio18.TextGrid,33,7,come,146.570,146.740,VB,5.5028,5.78,3,1.556953
audio18.TextGrid,33,8,out,146.740,146.830,IN,3.6453,6.38,2,0.563108
audio18.TextGrid,33,9,to,146.830,146.960,TO,2.3679,7.43,2,0.797104
audio18.TextGrid,33,10,sea,146.960,147.140,VB,3.9035,5.06,2,-1.078732
audio18.TextGrid,33,11,to,147.140,147.240,TO,2.3395,7.43,2,0.768704
audio18.TextGrid,33,12,meet,147.240,147.490,VB,5.1726,5.27,3,0.492647
audio18.TextGrid,33,13,them,147.490,147.700,PRP,3.1449,6.19,3,-0.210782
audio18.TextGrid,34,1,but,148.390,148.520,CC,3.7863,6.63,3,1.063965
audio18.TextGrid,34,2,he,148.520,148.610,PRP,2.0517,6.69,2,-0.584270
audio18.TextGrid,34,3,said,148.610,148.800,VBD,4.5225,6.01,3,0.907721
audio18.TextGrid,34,4,nothing,148.800,149.090,NN,1.6591,5.55,5,-2.617814
audio18.TextGrid,34,5,of,149.090,149.160,IN,3.4936,7.4,2,1.879622
audio18.TextGrid,34,6,this,149.160,149.330,DT,3.8374,6.82,3,1.388555
audio18.TextGrid,34,7,to,149.330,149.430,TO,3.3274,7.43,2,1.756604
audio18.TextGrid,34,8,the,149.430,149.520,DT,1.0454,7.73,2,-0.093568
audio18.TextGrid,34,9,bird,149.520,149.840,NN,1.6163,4.63,3,-3.984885
audio18.TextGrid,34,10,who,149.840,149.900,WP,3.8650,6.34,2,0.725231
audio18.TextGrid,34,11,could,149.900,150.100,MD,5.1460,6.06,3,1.603192
audio18.TextGrid,34,12,not,150.100,150.270,RB,0.9713,6.69,3,-1.664670
audio18.TextGrid,34,13,understand,150.270,150.740,VB,2.5331,5.37,9,-2.002911
audio18.TextGrid,34,14,him,150.740,150.840,PRP,2.4938,6.11,2,-0.977036
audio18.TextGrid,34,15,anyway,150.840,151.270,RB,6.6610,4.91,5,1.462854
audio18.TextGrid,34,16,and,151.620,151.730,CC,3.0605,7.41,3,1.460916
audio18.TextGrid,34,17,who,151.730,151.790,WP,6.8057,6.34,2,3.665931
audio18.TextGrid,34,18,would,151.790,151.950,MD,3.4475,6.27,3,0.206972
audio18.TextGrid,34,19,learn,151.950,152.170,VB,5.7478,5.17,3,0.923904
audio18.TextGrid,34,20,about,152.170,152.420,IN,4.5105,6.4,4,1.457097
audio18.TextGrid,34,21,the,152.420,152.550,DT,1.6390,7.73,2,0.500032
audio18.TextGrid,34,22,hawks,152.550,153.130,NN,6.0010,3.89,4,-0.665359
audio18.TextGrid,34,23,soon,153.130,153.360,RB,3.5538,5.32,3,-1.054182
audio18.TextGrid,34,24,enough,153.360,153.720,RB,1.1241,5.54,4,-3.167208
audio18.TextGrid,35,1,take,155.640,155.880,VB,5.8888,5.92,3,2.144473
audio18.TextGrid,35,2,a,155.880,155.960,DT,1.7826,7.36,1,0.111045
audio18.TextGrid,35,3,good,155.960,156.240,JJ,2.9671,6.12,3,-0.489342
audio18.TextGrid,35,4,rest,156.240,156.620,NN,4.0449,5.23,4,-0.692630
audio18.TextGrid,35,5,small,156.620,156.940,JJ,8.4979,5.51,4,4.163409
audio18.TextGrid,35,6,bird,156.940,157.460,NN,0.5053,4.63,3,-5.095885
audio18.TextGrid,35,7,he,157.680,157.810,PRP,0.8632,6.69,2,-1.772770
audio18.TextGrid,35,8,said,157.810,158.110,VBD,0.3005,6.01,3,-3.314279
audio18.TextGrid,36,1,then,158.630,158.940,RB,4.9340,6.07,3,1.405587
audio18.TextGrid,36,2,go,158.940,159.140,VB,2.7970,6.03,2,-0.788990
audio18.TextGrid,36,3,in,159.140,159.280,IN,4.7221,7.27,2,2.920996
audio18.TextGrid,36,4,and,159.280,159.450,CC,2.4692,7.41,3,0.869616
audio18.TextGrid,36,5,take,159.450,159.660,VB,3.3933,5.92,3,-0.351027
audio18.TextGrid,36,6,your,159.660,159.760,PRP$,2.6130,6.53,3,-0.253278
audio18.TextGrid,36,7,chance,159.760,160.180,NN,5.1770,5.26,4,0.482653
audio18.TextGrid,36,8,like,160.180,160.400,IN,7.3803,6.41,3,4.341291
audio18.TextGrid,36,9,any,160.400,160.610,DT,3.3537,6.07,3,-0.174713
audio18.TextGrid,36,10,man,160.610,161.020,NN,3.3158,5.82,3,-0.572470
audio18.TextGrid,36,11,or,161.020,161.150,CC,4.2239,6.54,2,1.372016
audio18.TextGrid,36,12,bird,161.150,161.560,NN,2.5730,4.63,3,-3.028185
audio18.TextGrid,36,13,or,161.560,161.710,CC,4.4377,6.54,2,1.585816
audio18.TextGrid,36,14,fish,161.710,162.200,NN,2.2695,4.9,3,-2.943040
audio18.TextGrid,37,1,it,164.510,164.640,PRP,3.8612,6.95,2,1.599480
audio18.TextGrid,37,2,encouraged,164.640,165.180,VBD,11.2679,4.32,7,5.220493
audio18.TextGrid,37,3,him,165.180,165.270,PRP,0.3857,6.11,2,-3.085136
audio18.TextGrid,37,4,to,165.270,165.370,TO,0.4575,7.43,2,-1.113296
audio18.TextGrid,37,5,talk,165.370,165.700,VB,5.4191,5.42,3,0.955061
audio18.TextGrid,37,6,because,165.710,166.000,IN,6.2315,6.03,5,2.645510
audio18.TextGrid,37,7,his,166.000,166.140,PRP$,3.5283,6.51,3,0.633234
audio18.TextGrid,37,8,back,166.140,166.420,NN,6.4946,6.04,3,2.923004
audio18.TextGrid,37,9,had,166.420,166.560,VBD,2.8493,6.33,3,-0.304863
audio18.TextGrid,37,10,stiffened,166.560,167.060,VBN,7.0103,2.53,7,-1.613677
audio18.TextGrid,37,11,in,167.060,167.180,IN,4.4538,7.27,2,2.652696
audio18.TextGrid,37,12,the,167.180,167.250,DT,0.9315,7.73,2,-0.207468
audio18.TextGrid,37,13,night,167.250,167.770,NN,4.3758,5.61,3,0.185251
audio18.TextGrid,37,14,and,167.890,168.040,CC,1.1775,7.41,3,-0.422084
audio18.TextGrid,37,15,it,168.040,168.150,PRP,2.9889,6.95,2,0.727180
audio18.TextGrid,37,16,hurt,168.150,168.350,VBZ,5.4042,4.94,3,0.249237
audio18.TextGrid,37,17,truly,168.370,168.750,RB,12.2324,4.87,5,6.976677
audio18.TextGrid,37,18,now,168.750,169.170,RB,6.4022,6.18,2,3.032123
audio18.TextGrid,38,1,stay,170.910,171.120,NN,5.2840,5.33,3,0.690412
audio18.TextGrid,38,2,at,171.120,171.250,IN,3.9125,6.7,2,1.290924
audio18.TextGrid,38,3,my,171.250,171.490,PRP$,3.1779,6.57,2,0.369199
audio18.TextGrid,38,4,house,171.490,171.760,NN,1.7952,5.71,3,-2.251406
audio18.TextGrid,38,5,if,171.760,171.870,IN,4.9585,6.47,2,2.005857
audio18.TextGrid,38,6,you,171.870,171.960,PRP,0.2688,6.98,2,-1.949737
audio18.TextGrid,38,7,like,171.960,172.180,VBP,2.0990,6.41,3,-0.940009
audio18.TextGrid,38,8,bird,172.200,172.570,NN,4.0965,4.63,3,-1.504685
audio18.TextGrid,38,9,he,172.750,172.850,PRP,0.5605,6.69,2,-2.075470
audio18.TextGrid,38,10,said,172.850,173.160,VBD,0.2868,6.01,3,-3.327979
audio18.TextGrid,39,1,i,173.960,174.010,NN,1.4686,7.09,1,-0.591600
audio18.TextGrid,39,2,am,174.010,174.120,VBP,2.8353,5.78,2,-1.110547
audio18.TextGrid,39,3,sorry,174.120,174.470,NN,3.6421,5.18,4,-1.167401
audio18.TextGrid,39,4,i,174.470,174.560,NN,2.4053,7.09,1,0.345100
audio18.TextGrid,39,5,cannot,174.560,174.890,VBP,3.9025,5.11,5,-1.007761
audio18.TextGrid,39,6,hoist,174.890,175.130,PDT,11.8502,3.12,4,4.075484
audio18.TextGrid,39,7,the,175.130,175.250,DT,2.3323,7.73,2,1.193332
audio18.TextGrid,39,8,sail,175.250,175.610,NN,5.5155,4.01,3,-0.978128
audio18.TextGrid,39,9,and,175.610,175.700,CC,3.1847,7.41,2,1.585116
audio18.TextGrid,39,10,take,175.700,175.940,VB,3.8735,5.92,3,0.129173
audio18.TextGrid,39,11,you,175.940,176.200,PRP,2.0627,6.98,2,-0.155837
audio18.TextGrid,39,12,in,176.200,176.260,IN,3.2489,7.27,2,1.447796
audio18.TextGrid,39,13,with,176.260,176.360,IN,3.5970,6.85,3,1.191338
audio18.TextGrid,39,14,the,176.360,176.440,DT,4.1551,7.73,2,3.016132
audio18.TextGrid,39,15,small,176.440,176.770,JJ,6.2472,5.51,4,1.912709
audio18.TextGrid,39,16,breeze,176.770,177.240,NN,7.7401,3.86,4,1.030558
audio18.TextGrid,39,17,that,177.240,177.390,WDT,3.5309,7.01,3,1.355546
audio18.TextGrid,39,18,is,177.390,177.540,VBZ,2.0971,7.07,2,0.008111
audio18.TextGrid,39,19,rising,177.540,177.970,VBG,5.3107,4.52,5,-0.448822
audio18.TextGrid,40,1,but,178.620,178.750,CC,1.9988,6.63,3,-0.723535
audio18.TextGrid,40,2,i,178.750,178.900,JJ,1.3140,7.09,1,-0.746200
audio18.TextGrid,40,3,am,178.900,179.010,VBP,2.0326,5.78,2,-1.913247
audio18.TextGrid,40,4,with,179.010,179.140,IN,6.1632,6.85,3,3.757538
audio18.TextGrid,40,5,a,179.140,179.210,DT,5.4940,7.36,1,3.822445
audio18.TextGrid,40,6,friend,179.210,179.820,NN,3.0698,5.37,5,-1.466211
audio19.TextGrid,1,1,just,1.000,1.220,RB,7.1555,6.43,3,4.145280
audio19.TextGrid,1,2,then,1.220,1.480,RB,1.4187,6.07,3,-2.109713
audio19.TextGrid,1,3,the,1.480,1.550,DT,0.7199,7.73,2,-0.419068
audio19.TextGrid,1,4,fish,1.550,1.850,NN,4.9594,4.9,3,-0.253140
audio19.TextGrid,1,5,gave,1.850,2.040,VBD,4.6335,5.25,3,-0.075242
audio19.TextGrid,1,6,a,2.040,2.100,DT,1.4081,7.36,1,-0.263455
audio19.TextGrid,1,7,sudden,2.100,2.400,JJ,4.6653,4.4,5,-1.266953
audio19.TextGrid,1,8,lurch,2.400,2.800,NN,6.3425,2.79,3,-1.907227
audio19.TextGrid,1,9,that,2.800,2.960,WDT,4.6582,7.01,3,2.482846
audio19.TextGrid,1,10,pulled,3.010,3.250,VBD,6.0771,4.67,4,0.533492
audio19.TextGrid,1,11,the,3.250,3.370,DT,1.1328,7.73,2,-0.006168
audio19.TextGrid,1,12,old,3.370,3.570,JJ,1.5546,5.75,3,-2.434429
audio19.TextGrid,1,13,man,3.570,3.810,NN,0.0065,5.82,3,-3.881770
audio19.TextGrid,1,14,down,3.810,4.120,RP,3.2308,5.88,3,-0.571104
audio19.TextGrid,1,15,onto,4.120,4.290,IN,3.6795,4.77,4,-1.720166
audio19.TextGrid,1,16,the,4.290,4.370,DT,0.4467,7.73,2,-0.692268
audio19.TextGrid,1,17,bow,4.370,4.660,NN,7.0903,4.3,2,1.014105
audio19.TextGrid,1,18,and,4.660,4.720,CC,1.4901,7.41,2,-0.109484
audio19.TextGrid,1,19,would,4.720,4.830,MD,7.8631,6.27,3,4.622572
audio19.TextGrid,1,20,have,4.830,5.030,VB,1.2547,6.71,3,-1.352481
audio19.TextGrid,1,21,pulled,5.030,5.320,VBN,5.3751,4.67,4,-0.168508
audio19.TextGrid,1,22,him,5.320,5.430,PRP,0.6359,6.11,2,-2.834936
audio19.TextGrid,1,23,overboard,5.430,5.990,RB,5.1861,3.43,7,-2.142395
audio19.TextGrid,1,24,if,5.990,6.090,IN,1.4213,6.47,2,-1.531343
audio19.TextGrid,1,25,he,6.090,6.170,PRP,0.6473,6.69,2,-1.988670
audio19.TextGrid,1,26,had,6.170,6.290,VBD,0.6431,6.33,3,-2.511063
audio19.TextGrid,1,27,not,6.290,6.420,RB,0.9423,6.69,3,-1.693670
audio19.TextGrid,1,28,braced,6.420,6.810,VBN,8.9228,3.03,5,1.018535
audio19.TextGrid,1,29,himself,6.810,7.210,PRP,0.3650,5.25,7,-4.343742
audio19.TextGrid,1,30,and,7.210,7.310,CC,2.7731,7.41,2,1.173516
audio19.TextGrid,1,31,given,7.310,7.600,VBN,6.6674,5.41,5,2.188966
audio19.TextGrid,1,32,some,7.600,7.800,DT,5.0204,6.2,3,1.679112
audio19.TextGrid,1,33,line,7.800,8.230,NN,8.3473,5.49,3,3.984020
audio19.TextGrid,2,1,the,9.930,10.010,DT,1.6145,7.73,2,0.475532
audio19.TextGrid,2,2,bird,10.010,10.310,NN,3.2183,4.63,3,-2.382885
audio19.TextGrid,2,3,had,10.310,10.470,VBD,3.5530,6.33,3,0.398837
audio19.TextGrid,2,4,flown,10.470,10.720,VBN,6.1310,3.83,4,-0.621725
audio19.TextGrid,2,5,up,10.720,10.940,RP,2.3341,6.39,2,-0.733697
audio19.TextGrid,2,6,when,10.940,11.050,WRB,6.0053,6.37,3,2.908714
audio19.TextGrid,2,7,the,11.050,11.120,DT,1.1998,7.73,2,0.060832
audio19.TextGrid,2,8,line,11.120,11.420,NN,2.6623,5.49,3,-1.700980
audio19.TextGrid,2,9,jerked,11.420,11.790,VBN,8.4416,2.93,4,0.393393
audio19.TextGrid,2,10,and,11.790,11.880,CC,1.3611,7.41,2,-0.238484
audio19.TextGrid,2,11,the,11.880,11.980,DT,1.9267,7.73,2,0.787732
audio19.TextGrid,2,12,old,11.980,12.190,JJ,0.6852,5.75,3,-3.303829
audio19.TextGrid,2,13,man,12.190,12.420,NN,0.0036,5.82,3,-3.884670
audio19.TextGrid,2,14,had,12.420,12.570,VBD,3.2559,6.33,3,0.101737
audio19.TextGrid,2,15,not,12.570,12.750,RB,3.8997,6.69,3,1.263730
audio19.TextGrid,2,16,even,12.750,12.980,RB,3.5897,5.99,4,-0.053867
audio19.TextGrid,2,17,seen,12.980,13.240,VBN,4.1174,5.52,3,-0.202697
audio19.TextGrid,2,18,him,13.240,13.350,PRP,2.4971,6.11,2,-0.973736
audio19.TextGrid,2,19,go,13.350,13.740,VB,4.3973,6.03,2,0.811310
audio19.TextGrid,3,1,he,14.450,14.560,PRP,1.6247,6.69,2,-1.011270
audio19.TextGrid,3,2,felt,14.560,14.780,VBD,4.0120,5.13,4,-0.869473
audio19.TextGrid,3,3,the,14.780,14.900,DT,2.2768,7.73,2,1.137832
audio19.TextGrid,3,4,line,14.900,15.210,NN,2.9287,5.49,3,-1.434580
audio19.TextGrid,3,5,carefully,15.210,15.670,RB,8.4389,4.46,7,2.593013
audio19.TextGrid,3,6,with,15.670,15.820,IN,5.6831,6.85,3,3.277438
audio19.TextGrid,3,7,his,15.820,15.950,PRP$,0.4606,6.51,3,-2.434466
audio19.TextGrid,3,8,right,15.950,16.210,JJ,3.4613,5.96,3,-0.225450
audio19.TextGrid,3,9,hand,16.210,16.540,NN,0.3816,5.41,4,-4.096834
audio19.TextGrid,3,10,and,16.540,16.810,CC,0.7430,7.41,3,-0.856584
audio19.TextGrid,3,11,noticed,16.810,17.160,VBD,6.9623,4.63,6,1.361115
audio19.TextGrid,3,12,his,17.160,17.280,PRP$,3.7280,6.51,3,0.832934
audio19.TextGrid,3,13,hand,17.280,17.520,NN,3.5732,5.41,4,-0.905234
audio19.TextGrid,3,14,was,17.520,17.620,VBD,1.3874,6.82,3,-1.061445
audio19.TextGrid,3,15,bleeding,17.620,18.180,VBG,5.4638,4.08,6,-0.929069
audio19.TextGrid,4,1,something,20.010,20.410,NN,6.4609,5.81,6,2.558236
audio19.TextGrid,4,2,hurt,20.410,20.610,VBD,4.9781,4.94,3,-0.176863
audio19.TextGrid,4,3,him,20.610,20.780,PRP,5.5154,6.11,2,2.044564
audio19.TextGrid,4,4,then,20.780,21.030,RB,6.4389,6.07,3,2.910487
audio19.TextGrid,4,5,he,21.030,21.410,PRP,0.6617,6.69,2,-1.974270
audio19.TextGrid,4,6,said,21.410,21.610,VBD,0.4176,6.01,3,-3.197179
audio19.TextGrid,4,7,aloud,21.610,22.070,JJ,5.6167,3.51,4,-1.596641
audio19.TextGrid,4,8,and,22.070,22.200,CC,2.6769,7.41,2,1.077316
audio19.TextGrid,4,9,pulled,22.200,22.500,VBD,5.2008,4.67,4,-0.342808
audio19.TextGrid,4,10,back,22.500,22.780,RB,3.8206,6.04,3,0.249004
audio19.TextGrid,4,11,on,22.780,22.890,IN,2.2109,6.91,2,-0.108397
audio19.TextGrid,4,12,the,22.890,22.960,DT,0.3429,7.73,2,-0.796068
audio19.TextGrid,4,13,line,22.960,23.290,NN,0.9574,5.49,3,-3.405880
audio19.TextGrid,4,14,to,23.290,23.400,TO,3.2604,7.43,2,1.689604
audio19.TextGrid,4,15,see,23.400,23.580,VB,3.1402,6.1,2,-0.345031
audio19.TextGrid,4,16,if,23.580,23.660,IN,0.8081,6.47,2,-2.144543
audio19.TextGrid,4,17,he,23.660,23.740,PRP,1.5054,6.69,2,-1.130570
audio19.TextGrid,4,18,could,23.740,23.910,MD,0.3233,6.06,3,-3.219508
audio19.TextGrid,4,19,turn,23.910,24.150,VB,5.6101,5.32,3,1.002118
audio19.TextGrid,4,20,the,24.150,24.210,DT,2.4420,7.73,2,1.303032
audio19.TextGrid,4,21,fish,24.210,24.610,NN,4.0335,4.9,3,-1.179040
audio19.TextGrid,5,1,but,25.250,25.430,CC,2.6994,6.63,3,-0.022935
audio19.TextGrid,5,2,when,25.430,25.550,WRB,3.6968,6.37,3,0.600214
audio19.TextGrid,5,3,he,25.550,25.640,PRP,0.4319,6.69,2,-2.204070
audio19.TextGrid,5,4,was,25.640,25.810,VBD,3.2292,6.82,3,0.780355
audio19.TextGrid,5,5,touching,25.810,26.170,VBG,7.8839,4.22,5,1.692551
audio19.TextGrid,5,6,the,26.170,26.230,DT,0.6120,7.73,2,-0.526968
audio19.TextGrid,5,7,breaking,26.230,26.640,NN,9.6579,4.74,6,4.215052
audio19.TextGrid,5,8,point,26.640,27.050,NN,0.1021,5.54,4,-4.189208
audio19.TextGrid,5,9,he,27.050,27.180,PRP,1.1553,6.69,2,-1.480670
audio19.TextGrid,5,10,held,27.180,27.450,VBD,6.6427,5.24,4,1.919564
audio19.TextGrid,5,11,steady,27.450,27.880,JJ,5.9191,4.31,5,-0.142701
audio19.TextGrid,5,12,and,27.880,28.010,CC,1.4873,7.41,2,-0.112284
audio19.TextGrid,5,13,settled,28.010,28.340,VBD,8.1246,4.44,6,2.249924
audio19.TextGrid,5,14,back,28.340,28.650,RB,2.2946,6.04,3,-1.276996
audio19.TextGrid,5,15,against,28.650,28.970,IN,2.6584,5.68,6,-1.431389
audio19.TextGrid,5,16,the,28.970,29.080,DT,0.1403,7.73,2,-0.998668
audio19.TextGrid,5,17,strain,29.080,29.440,NN,10.3064,4.15,5,4.014291
audio19.TextGrid,5,18,of,29.440,29.540,IN,1.6519,7.4,2,0.037922
audio19.TextGrid,5,19,the,29.540,29.640,DT,0.2919,7.73,2,-0.847068
audio19.TextGrid,5,20,line,29.640,30.070,NN,1.0055,5.49,3,-3.357780
audio19.TextGrid,6,1,you,31.520,31.650,PRP,2.8732,6.98,2,0.654663
audio19.TextGrid,6,2,re,31.650,31.730,VBP,2.7605,5.23,2,-1.977030
audio19.TextGrid,6,3,feeling,31.730,32.120,VBG,5.6304,5.13,5,0.748927
audio19.TextGrid,6,4,it,32.120,32.270,PRP,3.5585,6.95,2,1.296780
audio19.TextGrid,6,5,now,32.270,32.600,RB,1.6651,6.18,2,-1.704977
audio19.TextGrid,6,6,fish,32.600,33.030,VBZ,5.1489,4.9,3,-0.063640
audio19.TextGrid,6,7,he,33.260,33.410,PRP,0.4285,6.69,2,-2.207470
audio19.TextGrid,6,8,said,33.410,33.760,VBD,0.1844,6.01,3,-3.430379
audio19.TextGrid,7,1,and,34.240,34.420,CC,4.1938,7.41,2,2.594216
audio19.TextGrid,7,2,so,34.420,34.770,RB,5.1631,6.52,2,2.282428
audio19.TextGrid,7,3,god,34.770,35.140,JJ,6.3473,5.57,3,2.099174
audio19.TextGrid,7,4,knows,35.140,35.500,VBZ,3.4012,5.07,3,-1.566638
audio19.TextGrid,7,5,am,35.500,35.630,VBP,6.8951,5.78,2,2.949253
audio19.TextGrid,7,6,i,35.630,35.910,NN,0.0769,7.09,1,-1.983300
audio19.TextGrid,7,7,he,37.960,38.070,PRP,1.9699,6.69,2,-0.666070
audio19.TextGrid,7,8,looked,38.070,38.250,VBD,2.7712,5.11,4,-2.139061
audio19.TextGrid,7,9,around,38.250,38.570,IN,2.7935,5.77,4,-1.166741
audio19.TextGrid,7,10,for,38.570,38.670,IN,2.3653,7.01,2,0.189946
audio19.TextGrid,7,11,the,38.670,38.760,DT,1.3184,7.73,2,0.179432
audio19.TextGrid,7,12,bird,38.760,39.120,NN,3.8922,4.63,3,-1.708985
audio19.TextGrid,7,13,now,39.120,39.360,RB,6.4887,6.18,2,3.118623
audio19.TextGrid,7,14,because,39.360,39.690,IN,6.3883,6.03,5,2.802310
audio19.TextGrid,7,15,he,39.690,39.760,PRP,1.0528,6.69,2,-1.583170
audio19.TextGrid,7,16,would,39.760,39.890,MD,4.5177,6.27,3,1.277172
audio19.TextGrid,7,17,have,39.890,40.000,VB,1.5851,6.71,3,-1.022081
audio19.TextGrid,7,18,liked,40.000,40.250,VBN,4.4554,4.76,4,-0.958660
audio19.TextGrid,7,19,him,40.250,40.350,PRP,4.1008,6.11,2,0.629964
audio19.TextGrid,7,20,for,40.350,40.460,IN,6.4505,7.01,2,4.275146
audio19.TextGrid,7,21,company,40.460,41.030,NN,10.0325,5.6,7,5.827557
audio19.TextGrid,8,1,the,41.690,41.770,DT,2.1100,7.73,2,0.971032
audio19.TextGrid,8,2,bird,41.770,42.000,NN,2.9813,4.63,3,-2.619885
audio19.TextGrid,8,3,was,42.000,42.180,VBD,1.6834,6.82,3,-0.765445
audio19.TextGrid,8,4,gone,42.180,42.630,VBN,4.2449,5.17,3,-0.578996
audio19.TextGrid,9,1,you,44.380,44.520,PRP,6.5240,6.98,2,4.305463
audio19.TextGrid,9,2,did,44.520,44.670,VBD,4.9510,5.96,3,1.264250
audio19.TextGrid,9,3,not,44.670,44.870,RB,0.1976,6.69,3,-2.438370
audio19.TextGrid,9,4,stay,44.870,45.110,VB,6.6623,5.33,3,2.068712
audio19.TextGrid,9,5,long,45.110,45.530,RB,3.2346,5.81,3,-0.668064
audio19.TextGrid,9,6,the,45.730,45.830,DT,2.1880,7.73,2,1.049032
audio19.TextGrid,9,7,man,45.830,46.090,NN,4.4283,5.82,3,0.540030
audio19.TextGrid,9,8,thought,46.090,46.480,VBD,0.4577,5.59,3,-3.761637
audio19.TextGrid,10,1,but,47.220,47.480,CC,3.2420,6.63,3,0.519665
audio19.TextGrid,10,2,it,47.480,47.590,PRP,2.8088,6.95,2,0.547080
audio19.TextGrid,10,3,is,47.590,47.740,VBZ,2.5635,7.07,2,0.474511
audio19.TextGrid,10,4,rougher,47.740,48.140,RB,13.6030,2.84,4,5.425245
audio19.TextGrid,10,5,where,48.140,48.340,WRB,6.1390,6.0,3,2.509827
audio19.TextGrid,10,6,you,48.340,48.530,PRP,0.7717,6.98,2,-1.446837
audio19.TextGrid,10,7,are,48.530,48.640,VBP,1.1130,6.74,2,-1.450999
audio19.TextGrid,10,8,going,48.640,49.000,VBG,5.4837,5.94,4,1.768161
audio19.TextGrid,10,9,until,49.000,49.220,IN,7.9206,5.61,5,3.730051
audio19.TextGrid,10,10,you,49.220,49.370,PRP,0.7914,6.98,2,-1.427137
audio19.TextGrid,10,11,make,49.370,49.570,VBP,4.3846,6.08,3,0.870581
audio19.TextGrid,10,12,the,49.570,49.650,DT,2.0730,7.73,2,0.934032
audio19.TextGrid,10,13,shore,49.650,50.090,NN,5.5460,4.33,3,-0.487012
audio19.TextGrid,11,1,how,51.600,51.790,WRB,6.0179,6.24,2,2.734189
audio19.TextGrid,11,2,did,51.790,51.950,VBD,4.0435,5.96,3,0.356750
audio19.TextGrid,11,3,i,51.950,52.110,VB,2.7971,7.09,1,0.736900
audio19.TextGrid,11,4,let,52.110,52.320,VB,6.6888,5.6,3,2.483857
audio19.TextGrid,11,5,the,52.320,52.420,DT,1.9615,7.73,2,0.822532
audio19.TextGrid,11,6,fish,52.420,52.720,JJ,2.3628,4.9,3,-2.849740
audio19.TextGrid,11,7,cut,52.720,53.010,NN,7.8545,5.24,3,3.131364
audio19.TextGrid,11,8,me,53.070,53.250,PRP,1.4598,6.48,2,-1.478449
audio19.TextGrid,11,9,with,53.250,53.430,IN,5.0552,6.85,3,2.649538
audio19.TextGrid,11,10,that,53.430,53.640,DT,2.7852,7.01,3,0.609846
audio19.TextGrid,11,11,one,53.640,53.890,CD,4.8173,6.47,3,1.864657
audio19.TextGrid,11,12,quick,53.890,54.140,NN,6.9914,4.98,4,1.894014
audio19.TextGrid,11,13,pull,54.190,54.470,NN,5.0316,4.82,3,-0.296094
audio19.TextGrid,11,14,he,54.470,54.590,PRP,6.8585,6.69,2,4.222530
audio19.TextGrid,11,15,made,54.590,55.050,VBD,2.7739,5.92,3,-0.970427
audio19.TextGrid,12,1,i,55.510,55.610,NN,2.2767,7.09,1,0.216500
audio19.TextGrid,12,2,must,55.610,55.800,MD,3.1581,5.68,4,-0.931689
audio19.TextGrid,12,3,be,55.800,55.900,VB,2.9718,6.79,2,0.479773
audio19.TextGrid,12,4,getting,55.900,56.180,VBG,4.1004,5.57,5,-0.147726
audio19.TextGrid,12,5,very,56.180,56.430,RB,4.3423,6.0,4,0.713127
audio19.TextGrid,12,6,stupid,56.430,57.000,JJ,7.9384,4.94,6,2.783437
audio19.TextGrid,13,1,or,57.990,58.100,CC,6.6635,6.54,2,3.811616
audio19.TextGrid,13,2,perhaps,58.100,58.440,RB,3.2103,5.09,6,-1.728750
audio19.TextGrid,13,3,i,58.440,58.510,NN,0.8730,7.09,1,-1.187200
audio19.TextGrid,13,4,was,58.510,58.700,VBD,2.3588,6.82,3,-0.090045
audio19.TextGrid,13,5,looking,58.700,58.980,VBG,4.8792,5.57,5,0.631074
audio19.TextGrid,13,6,at,58.980,59.040,IN,2.1184,6.7,2,-0.503176
audio19.TextGrid,13,7,the,59.040,59.150,DT,1.2590,7.73,2,0.120032
audio19.TextGrid,13,8,small,59.150,59.470,JJ,6.1564,5.51,4,1.821909
audio19.TextGrid,13,9,bird,59.470,59.820,NN,2.3595,4.63,3,-3.241685
audio19.TextGrid,13,10,and,59.820,59.940,CC,1.5059,7.41,2,-0.093684
audio19.TextGrid,13,11,thinking,59.940,60.290,NN,2.7766,5.24,6,-1.946536
audio19.TextGrid,13,12,of,60.290,60.380,IN,2.3653,7.4,2,0.751322
audio19.TextGrid,13,13,him,60.380,60.740,PRP,3.3329,6.11,3,-0.137936
audio19.TextGrid,14,1,now,61.470,61.720,RB,5.4256,6.18,2,2.055523
audio19.TextGrid,14,2,i,61.720,61.750,VBP,1.5727,7.09,1,-0.487500
audio19.TextGrid,14,3,will,61.750,61.970,MD,3.9199,6.45,3,0.938468
audio19.TextGrid,14,4,pay,61.970,62.180,VB,6.1630,5.4,2,1.670172
audio19.TextGrid,14,5,attention,62.180,62.570,NN,3.2243,5.11,7,-1.685961
audio19.TextGrid,14,6,to,62.570,62.640,TO,0.6054,7.43,2,-0.965396
audio19.TextGrid,14,7,my,62.640,62.800,PRP$,2.8101,6.57,2,0.001399
audio19.TextGrid,14,8,work,62.800,63.150,NN,3.7478,5.96,3,0.061050
audio19.TextGrid,15,1,and,63.720,63.840,CC,1.2237,7.41,2,-0.375884
audio19.TextGrid,15,2,then,63.840,64.070,RB,4.0257,6.07,3,0.497287
audio19.TextGrid,15,3,i,64.070,64.170,VB,0.8167,7.09,1,-1.243500
audio19.TextGrid,15,4,must,64.170,64.430,MD,3.6689,5.68,4,-0.420889
audio19.TextGrid,15,5,eat,64.430,64.580,VB,6.5987,5.13,2,1.717227
audio19.TextGrid,15,6,the,64.580,64.680,DT,3.2234,7.73,2,2.084432
audio19.TextGrid,15,7,tuna,64.680,65.030,NN,6.8045,3.64,4,-0.221715
audio19.TextGrid,15,8,so,65.030,65.190,IN,4.9610,6.52,2,2.080328
audio19.TextGrid,15,9,that,65.190,65.330,DT,0.7463,7.01,3,-1.429054
audio19.TextGrid,15,10,i,65.330,65.410,NN,0.4205,7.09,1,-1.639700
audio19.TextGrid,15,11,will,65.410,65.580,MD,2.6331,6.45,3,-0.348332
audio19.TextGrid,15,12,not,65.580,65.730,RB,1.9041,6.69,3,-0.731870
audio19.TextGrid,15,13,have,65.730,65.870,VB,2.5325,6.71,3,-0.074681
audio19.TextGrid,15,14,a,65.870,65.930,DT,3.8490,7.36,1,2.177445
audio19.TextGrid,15,15,failure,65.930,66.400,NN,7.4328,4.72,5,1.961163
audio19.TextGrid,15,16,of,66.400,66.500,IN,1.9138,7.4,2,0.299822
audio19.TextGrid,15,17,strength,66.500,66.910,NN,5.3234,4.8,6,-0.033083
audio19.TextGrid,16,1,i,69.260,69.340,JJ,1.8763,7.09,1,-0.183900
audio19.TextGrid,16,2,wish,69.340,69.580,VBP,4.7829,5.18,3,-0.026601
audio19.TextGrid,16,3,the,69.580,69.700,DT,4.6006,7.73,2,3.461632
audio19.TextGrid,16,4,boy,69.700,69.990,NN,6.1077,5.17,2,1.283804
audio19.TextGrid,16,5,were,69.990,70.230,VBD,3.0886,6.34,2,-0.051169
audio19.TextGrid,16,6,here,70.230,70.440,RB,2.6834,5.97,3,-0.988956
audio19.TextGrid,16,7,and,70.440,70.520,CC,3.6461,7.41,2,2.046516
audio19.TextGrid,16,8,that,70.520,70.630,IN,3.2710,7.01,3,1.095646
audio19.TextGrid,16,9,i,70.630,70.720,NN,1.7028,7.09,1,-0.357400
audio19.TextGrid,16,10,had,70.720,70.880,VBD,2.3997,6.33,3,-0.754463
audio19.TextGrid,16,11,some,70.880,71.030,DT,3.4190,6.2,3,0.077712
audio19.TextGrid,16,12,salt,71.030,71.660,NN,7.2048,4.6,4,1.560432
audio19.TextGrid,17,1,he,72.040,72.160,PRP,0.9550,6.69,2,-1.680970
audio19.TextGrid,17,2,said,72.160,72.370,VBD,0.3942,6.01,3,-3.220579
audio19.TextGrid,17,3,aloud,72.370,72.900,JJ,4.7810,3.51,4,-2.432341
audio19.TextGrid,17,4,shifting,74.730,75.090,VBG,13.5746,3.98,6,7.037789
audio19.TextGrid,17,5,the,75.090,75.150,DT,1.6842,7.73,2,0.545232
audio19.TextGrid,17,6,weight,75.150,75.380,NN,4.2719,5.02,3,-0.767909
audio19.TextGrid,17,7,of,75.380,75.450,IN,0.6872,7.4,2,-0.926778
audio19.TextGrid,17,8,the,75.450,75.540,DT,0.4020,7.73,2,-0.736968
audio19.TextGrid,17,9,line,75.540,75.790,NN,2.5029,5.49,3,-1.860380
audio19.TextGrid,17,10,to,75.790,75.900,TO,2.5463,7.43,2,0.975504
audio19.TextGrid,17,11,his,75.900,76.120,PRP$,1.5720,6.51,3,-1.323066
audio19.TextGrid,17,12,left,76.120,76.340,JJ,2.5321,5.62,4,-1.644054
audio19.TextGrid,17,13,shoulder,76.340,76.810,NN,3.9084,4.5,5,-1.879910
audio19.TextGrid,17,14,and,76.810,77.010,CC,2.4960,7.41,3,0.896416
audio19.TextGrid,17,15,kneeling,77.010,77.350,VBG,6.8762,3.32,5,-0.610631
audio19.TextGrid,17,16,carefully,77.350,77.910,RB,6.9903,4.46,7,1.144413
audio19.TextGrid,17,17,he,78.060,78.160,PRP,4.2535,6.69,2,1.617530
audio19.TextGrid,17,18,washed,78.160,78.520,VBD,7.4699,4.1,4,1.105820
audio19.TextGrid,17,19,his,78.520,78.680,PRP$,1.3269,6.51,3,-1.568166
audio19.TextGrid,17,20,hand,78.680,79.020,NN,2.8621,5.41,4,-1.616334
audio19.TextGrid,17,21,in,79.020,79.100,IN,3.4689,7.27,2,1.667796
audio19.TextGrid,17,22,the,79.100,79.240,DT,0.5002,7.73,2,-0.638768
audio19.TextGrid,17,23,ocean,79.240,79.640,NN,4.9426,4.7,4,-0.557825
audio19.TextGrid,17,24,and,79.640,79.790,CC,1.7501,7.41,3,0.150516
audio19.TextGrid,17,25,held,79.790,80.020,VBD,5.3574,5.24,4,0.634264
audio19.TextGrid,17,26,it,80.020,80.150,PRP,1.0216,6.95,2,-1.240120
audio19.TextGrid,17,27,there,80.150,80.400,EX,2.2325,6.31,3,-0.950451
audio19.TextGrid,17,28,submerged,80.520,81.260,VBN,9.6534,3.51,7,2.440059
audio19.TextGrid,17,29,for,81.260,81.390,IN,1.4442,7.01,2,-0.731154
audio19.TextGrid,17,30,more,81.390,81.610,JJR,5.8507,6.36,3,2.739720
audio19.TextGrid,17,31,than,81.610,81.760,IN,0.1152,6.13,3,-3.326848
audio19.TextGrid,17,32,a,81.760,81.790,DT,1.0135,7.36,1,-0.658055
audio19.TextGrid,17,33,minute,81.790,82.210,NN,0.6517,4.98,5,-4.445686
audio19.TextGrid,17,34,watching,82.390,82.790,VBG,8.4676,5.02,5,3.427791
audio19.TextGrid,17,35,the,82.790,82.860,DT,0.4723,7.73,2,-0.666668
audio19.TextGrid,17,36,blood,82.860,83.300,NN,8.0477,5.1,4,3.123045
audio19.TextGrid,17,37,trail,83.300,83.460,VB,6.2893,4.45,4,0.429019
audio19.TextGrid,17,38,away,83.460,83.950,RB,5.1088,5.62,3,0.932646
audio19.TextGrid,17,39,and,84.090,84.190,CC,3.2303,7.41,2,1.630716
audio19.TextGrid,17,40,the,84.190,84.280,DT,2.3698,7.73,2,1.230832
audio19.TextGrid,17,41,steady,84.280,84.650,JJ,7.0986,4.31,5,1.036799
audio19.TextGrid,17,42,movement,84.650,85.080,NN,3.9155,4.97,7,-1.196281
audio19.TextGrid,17,43,of,85.080,85.160,IN,0.3032,7.4,2,-1.310778
audio19.TextGrid,17,44,the,85.160,85.230,DT,0.2030,7.73,2,-0.935968
audio19.TextGrid,17,45,water,85.230,85.620,NN,3.6599,5.52,4,-0.660197
audio19.TextGrid,17,46,against,85.620,85.970,IN,3.8672,5.68,6,-0.222589
audio19.TextGrid,17,47,his,85.970,86.120,PRP$,0.8459,6.51,3,-2.049166
audio19.TextGrid,17,48,hand,86.120,86.430,NN,3.7279,5.41,4,-0.750534
audio19.TextGrid,17,49,as,86.430,86.540,IN,3.4135,6.77,2,0.892684
audio19.TextGrid,17,50,the,86.540,86.630,DT,1.6799,7.73,2,0.540932
audio19.TextGrid,17,51,boat,86.630,86.890,NN,4.4503,4.71,3,-1.035731
audio19.TextGrid,17,52,moved,86.930,87.400,VBD,3.8798,5.01,4,-1.174404
audio19.TextGrid,18,1,he,89.180,89.320,PRP,4.0234,6.69,2,1.387430
audio19.TextGrid,18,2,has,89.320,89.470,VBZ,3.0049,6.37,3,-0.091686
audio19.TextGrid,18,3,slowed,89.470,89.870,VBN,7.5034,3.71,4,0.577944
audio19.TextGrid,18,4,much,89.870,90.350,RB,6.8565,6.0,3,3.227327
audio19.TextGrid,18,5,he,90.590,90.720,PRP,0.8594,6.69,2,-1.776570
audio19.TextGrid,18,6,said,90.720,91.190,VBD,0.3201,6.01,3,-3.294679
audio19.TextGrid,19,1,the,92.910,93.020,DT,2.7210,7.73,2,1.582032
audio19.TextGrid,19,2,old,93.020,93.200,JJ,1.7092,5.75,3,-2.279829
audio19.TextGrid,19,3,man,93.200,93.400,NN,0.0647,5.82,3,-3.823570
audio19.TextGrid,19,4,would,93.400,93.530,MD,5.9123,6.27,3,2.671772
audio19.TextGrid,19,5,have,93.530,93.620,VB,1.2334,6.71,3,-1.373781
audio19.TextGrid,19,6,liked,93.620,93.820,VBN,2.9450,4.76,4,-2.469060
audio19.TextGrid,19,7,to,93.820,93.880,TO,0.5401,7.43,2,-1.030696
audio19.TextGrid,19,8,keep,93.880,94.090,VB,4.2923,5.66,3,0.173723
audio19.TextGrid,19,9,his,94.090,94.210,PRP$,2.4220,6.51,3,-0.473066
audio19.TextGrid,19,10,hand,94.210,94.560,NN,2.5299,5.41,4,-1.948534
audio19.TextGrid,19,11,in,94.560,94.670,IN,1.7582,7.27,2,-0.042904
audio19.TextGrid,19,12,the,94.670,94.750,DT,0.7300,7.73,2,-0.408968
audio19.TextGrid,19,13,salt,94.750,95.070,NN,6.6783,4.6,4,1.033932
audio19.TextGrid,19,14,water,95.070,95.310,NN,1.9978,5.52,4,-2.322297
audio19.TextGrid,19,15,longer,95.310,95.720,RB,5.0789,5.16,5,0.240610
audio19.TextGrid,19,16,but,95.720,95.850,CC,2.3331,6.63,3,-0.389235
audio19.TextGrid,19,17,he,95.850,95.930,PRP,1.0247,6.69,2,-1.611270
audio19.TextGrid,19,18,was,95.930,96.060,VBD,2.0286,6.82,3,-0.420245
audio19.TextGrid,19,19,afraid,96.060,96.370,JJ,2.4732,4.7,5,-3.027225
audio19.TextGrid,19,20,of,96.370,96.460,IN,1.6610,7.4,2,0.047022
audio19.TextGrid,19,21,another,96.460,96.750,DT,6.9463,5.74,5,2.942877
audio19.TextGrid,19,22,sudden,96.750,97.050,JJ,6.7825,4.4,5,0.850247
audio19.TextGrid,19,23,lurch,97.050,97.330,NN,8.1743,2.79,3,-0.075427
audio19.TextGrid,19,24,by,97.330,97.490,IN,5.5582,6.66,2,2.879047
audio19.TextGrid,19,25,the,97.490,97.600,DT,0.5063,7.73,2,-0.632668
audio19.TextGrid,19,26,fish,97.600,98.010,NN,1.6988,4.9,3,-3.513740
audio19.TextGrid,20,1,and,98.530,98.620,CC,1.4310,7.41,2,-0.168584
audio19.TextGrid,20,2,he,98.620,98.710,PRP,1.5129,6.69,2,-1.123070
audio19.TextGrid,20,3,stood,98.710,98.940,VBD,5.6523,4.57,4,-0.035250
audio19.TextGrid,20,4,up,98.940,99.140,RB,1.5735,6.39,2,-1.494297
audio19.TextGrid,20,5,and,99.140,99.230,CC,1.2378,7.41,2,-0.361784
audio19.TextGrid,20,6,braced,99.230,99.590,VBD,8.0073,3.03,5,0.103035
audio19.TextGrid,20,7,himself,99.590,100.040,PRP,0.3331,5.25,7,-4.375642
audio19.TextGrid,20,8,and,100.040,100.180,CC,2.6620,7.41,3,1.062416
audio19.TextGrid,20,9,held,100.180,100.390,VBD,4.6007,5.24,4,-0.122436
audio19.TextGrid,20,10,his,100.390,100.510,PRP$,1.6793,6.51,3,-1.215766
audio19.TextGrid,20,11,hand,100.510,100.780,NN,1.2761,5.41,4,-3.202334
audio19.TextGrid,20,12,up,100.780,100.910,RP,2.1651,6.39,2,-0.902697
audio19.TextGrid,20,13,against,100.910,101.210,IN,3.6407,5.68,6,-0.449089
audio19.TextGrid,20,14,the,101.210,101.310,DT,0.1024,7.73,2,-1.036568
audio19.TextGrid,20,15,sun,101.310,101.690,NN,7.3029,4.97,3,2.191119
audio19.TextGrid,21,1,it,103.040,103.150,PRP,3.0446,6.95,2,0.782880
audio19.TextGrid,21,2,was,103.150,103.260,VBD,0.7584,6.82,3,-1.690445
audio19.TextGrid,21,3,only,103.260,103.500,RB,4.0305,6.12,4,0.574058
audio19.TextGrid,21,4,a,103.500,103.540,DT,1.8758,7.36,1,0.204245
audio19.TextGrid,21,5,line,103.540,103.870,NN,8.9845,5.49,3,4.621220
audio19.TextGrid,21,6,burn,103.870,104.200,NN,12.8833,4.53,3,7.138173
audio19.TextGrid,21,7,that,104.200,104.290,WDT,2.4202,7.01,3,0.244846
audio19.TextGrid,21,8,had,104.290,104.410,VBD,2.8129,6.33,3,-0.341263
audio19.TextGrid,21,9,cut,104.410,104.640,VBN,4.7888,5.24,3,0.065664
audio19.TextGrid,21,10,his,104.640,104.820,PRP$,2.0864,6.51,3,-0.808666
audio19.TextGrid,21,11,flesh,104.820,105.190,NN,5.0219,4.2,4,-1.198238
audio19.TextGrid,22,1,but,106.300,106.430,CC,3.0258,6.63,3,0.303465
audio19.TextGrid,22,2,it,106.430,106.530,PRP,2.2930,6.95,2,0.031280
audio19.TextGrid,22,3,was,106.530,106.690,VBD,0.6664,6.82,3,-1.782445
audio19.TextGrid,22,4,in,106.690,106.790,IN,5.4156,7.27,2,3.614496
audio19.TextGrid,22,5,the,106.790,106.860,DT,0.9632,7.73,2,-0.175768
audio19.TextGrid,22,6,working,106.860,107.320,JJ,10.0124,5.45,5,5.591543
audio19.TextGrid,22,7,part,107.320,107.530,NN,3.2793,5.78,4,-0.666547
audio19.TextGrid,22,8,of,107.530,107.600,IN,0.4366,7.4,2,-1.177378
audio19.TextGrid,22,9,his,107.600,107.780,PRP$,0.8751,6.51,3,-2.019966
audio19.TextGrid,22,10,hand,107.780,108.230,NN,2.6841,5.41,4,-1.794334
audio19.TextGrid,23,1,he,108.730,108.850,PRP,1.5623,6.69,2,-1.073670
audio19.TextGrid,23,2,knew,108.850,109.040,VBD,3.5775,5.2,3,-1.203213
audio19.TextGrid,23,3,he,109.040,109.180,PRP,2.1519,6.69,2,-0.484070
audio19.TextGrid,23,4,would,109.180,109.380,MD,2.4316,6.27,3,-0.808928
audio19.TextGrid,23,5,need,109.380,109.650,VB,3.1386,5.97,3,-0.533756
audio19.TextGrid,23,6,his,109.650,109.820,PRP$,4.3499,6.51,3,1.454834
audio19.TextGrid,23,7,hands,109.820,110.210,NNS,2.6503,5.16,4,-2.187990
audio19.TextGrid,23,8,before,110.210,110.530,IN,5.2353,5.93,5,1.505367
audio19.TextGrid,23,9,this,110.530,110.740,DT,4.8343,6.82,3,2.385455
audio19.TextGrid,23,10,was,110.740,110.860,VBD,2.3807,6.82,3,-0.068145
audio19.TextGrid,23,11,over,110.860,111.240,RB,0.4947,6.08,3,-3.019319
audio19.TextGrid,23,12,and,111.240,111.370,CC,1.6841,7.41,3,0.084516
audio19.TextGrid,23,13,he,111.370,111.460,PRP,0.9664,6.69,2,-1.669570
audio19.TextGrid,23,14,did,111.460,111.630,VBD,3.2606,5.96,3,-0.426150
audio19.TextGrid,23,15,not,111.630,111.870,RB,0.1455,6.69,3,-2.490470
audio19.TextGrid,23,16,like,111.870,112.040,IN,3.4518,6.41,3,0.412791
audio19.TextGrid,23,17,to,112.040,112.120,TO,0.9243,7.43,2,-0.646496
audio19.TextGrid,23,18,be,112.120,112.250,VB,2.3487,6.79,2,-0.143327
audio19.TextGrid,23,19,cut,112.250,112.530,VBN,5.9380,5.24,3,1.214864
audio19.TextGrid,23,20,before,112.560,112.890,IN,5.1379,5.93,5,1.407967
audio19.TextGrid,23,21,it,112.890,113.000,PRP,1.8245,6.95,2,-0.437220
audio19.TextGrid,23,22,started,113.000,113.550,VBD,4.5314,5.39,7,0.024178
audio19.TextGrid,24,1,now,115.450,115.880,RB,3.7430,6.18,2,0.372923
audio19.TextGrid,24,2,he,115.880,116.270,PRP,0.2410,6.69,2,-2.394970
audio19.TextGrid,24,3,said,116.270,116.570,VBD,0.1958,6.01,3,-3.418979
audio19.TextGrid,24,4,when,116.570,116.720,WRB,5.9305,6.37,3,2.833914
audio19.TextGrid,24,5,his,116.720,116.850,PRP$,3.2535,6.51,3,0.358434
audio19.TextGrid,24,6,hand,116.850,117.100,NN,1.5424,5.41,4,-2.936034
audio19.TextGrid,24,7,had,117.100,117.210,VBD,2.1050,6.33,3,-1.049163
audio19.TextGrid,24,8,dried,117.210,117.650,VBN,2.4361,4.04,4,-4.014346
audio19.TextGrid,25,1,i,118.180,118.260,NN,1.5375,7.09,1,-0.522700
audio19.TextGrid,25,2,must,118.260,118.480,MD,2.2476,5.68,4,-1.842189
audio19.TextGrid,25,3,eat,118.480,118.600,VB,2.9764,5.13,2,-1.905073
audio19.TextGrid,25,4,the,118.600,118.720,DT,1.0012,7.73,2,-0.137768
audio19.TextGrid,25,5,small,118.720,119.020,JJ,5.4321,5.51,4,1.097609
audio19.TextGrid,25,6,tuna,119.020,119.400,NN,2.7745,3.64,4,-4.251715
audio19.TextGrid,26,1,i,119.960,120.050,NNS,1.4880,7.09,1,-0.572200
audio19.TextGrid,26,2,can,120.050,120.220,MD,3.2943,6.46,3,0.327262
audio19.TextGrid,26,3,reach,120.220,120.430,VB,7.6227,4.94,3,2.467737
audio19.TextGrid,26,4,him,120.430,120.550,PRP,4.5106,6.11,2,1.039764
audio19.TextGrid,26,5,with,120.550,120.640,IN,3.0811,6.85,3,0.675438
audio19.TextGrid,26,6,the,120.640,120.740,DT,2.1397,7.73,2,1.000732
audio19.TextGrid,26,7,gaff,120.740,121.280,NN,14.9674,2.68,3,6.559337
audio19.TextGrid,26,8,and,121.280,121.450,CC,1.9767,7.41,3,0.377116
audio19.TextGrid,26,9,eat,121.450,121.670,NN,3.9449,5.13,2,-0.936573
audio19.TextGrid,26,10,him,121.670,121.810,PRP,2.6693,6.11,2,-0.801536
audio19.TextGrid,26,11,here,121.810,122.010,RB,5.4755,5.97,3,1.803144
audio19.TextGrid,26,12,in,122.010,122.100,IN,3.4919,7.27,2,1.690796
audio19.TextGrid,26,13,comfort,122.160,122.700,NN,7.4950,4.41,6,1.577142
audio19.TextGrid,27,1,he,124.950,125.060,PRP,1.8326,6.69,2,-0.803370
audio19.TextGrid,27,2,knelt,125.060,125.220,VBD,6.0712,2.8,4,-2.164132
audio19.TextGrid,27,3,down,125.220,125.620,RB,0.9784,5.88,3,-2.823504
audio19.TextGrid,27,4,and,125.620,125.910,CC,1.0213,7.41,3,-0.578284
audio19.TextGrid,27,5,found,125.910,126.100,VBD,5.7513,5.68,4,1.661511
audio19.TextGrid,27,6,the,126.100,126.170,DT,1.3108,7.73,2,0.171832
audio19.TextGrid,27,7,tuna,126.170,126.440,NN,5.4440,3.64,4,-1.582215
audio19.TextGrid,27,8,under,126.440,126.710,IN,5.9471,5.73,4,1.929282
audio19.TextGrid,27,9,the,126.710,126.820,DT,0.8867,7.73,2,-0.252268
audio19.TextGrid,27,10,stem,126.820,127.280,NN,8.1831,4.3,4,2.106905
audio19.TextGrid,27,11,with,127.280,127.400,IN,4.0917,6.85,3,1.686038
audio19.TextGrid,27,12,the,127.400,127.470,DT,1.2488,7.73,2,0.109832
audio19.TextGrid,27,13,gaff,127.470,127.910,NN,4.1097,2.68,3,-4.298363
audio19.TextGrid,27,14,and,127.910,128.040,CC,1.8803,7.41,2,0.280716
audio19.TextGrid,27,15,drew,128.040,128.230,VBD,6.5594,4.46,3,0.713513
audio19.TextGrid,27,16,it,128.230,128.290,PRP,1.2447,6.95,2,-1.017020
audio19.TextGrid,27,17,toward,128.290,128.650,IN,4.8486,4.72,6,-0.623037
audio19.TextGrid,27,18,him,128.650,128.890,PRP,0.6206,6.11,3,-2.850236
audio19.TextGrid,27,19,keeping,128.890,129.250,VBG,9.5278,4.84,5,4.228894
audio19.TextGrid,27,20,it,129.250,129.340,PRP,1.4564,6.95,2,-0.805320
audio19.TextGrid,27,21,clear,129.340,129.630,JJ,6.4325,5.25,4,1.723758
audio19.TextGrid,27,22,of,129.630,129.700,IN,0.8358,7.4,2,-0.778178
audio19.TextGrid,27,23,the,129.700,129.780,DT,0.3694,7.73,2,-0.769568
audio19.TextGrid,27,24,coiled,129.780,130.220,JJ,10.2031,2.9,4,2.111710
audio19.TextGrid,27,25,lines,130.220,130.770,NNS,4.8140,4.95,4,-0.326569
audio19.TextGrid,28,1,holding,131.450,131.760,VBG,6.6080,4.89,6,1.381065
audio19.TextGrid,28,2,the,131.760,131.820,DT,1.3516,7.73,2,0.212632
audio19.TextGrid,28,3,line,131.820,132.110,NN,1.6364,5.49,3,-2.726880
audio19.TextGrid,28,4,with,132.110,132.240,IN,2.4866,6.85,3,0.080938
audio19.TextGrid,28,5,his,132.240,132.450,PRP$,0.6464,6.51,3,-2.248666
audio19.TextGrid,28,6,left,132.450,132.690,JJ,0.9819,5.62,4,-3.194254
audio19.TextGrid,28,7,shoulder,132.690,133.060,NN,5.2749,4.5,5,-0.513410
audio19.TextGrid,28,8,again,133.060,133.440,RB,5.6921,5.7,4,1.631100
audio19.TextGrid,28,9,and,133.740,133.820,CC,3.5352,7.41,2,1.935616
audio19.TextGrid,28,10,bracing,133.820,134.270,VBG,7.7950,3.12,6,0.020284
audio19.TextGrid,28,11,on,134.270,134.400,IN,6.0030,6.91,2,3.683703
audio19.TextGrid,28,12,his,134.400,134.570,PRP$,1.6918,6.51,3,-1.203266
audio19.TextGrid,28,13,left,134.570,134.830,JJ,2.5608,5.62,4,-1.615354
audio19.TextGrid,28,14,hand,134.830,135.110,NN,0.8962,5.41,4,-3.582234
audio19.TextGrid,28,15,and,135.110,135.270,CC,2.5888,7.41,3,0.989216
audio19.TextGrid,28,16,arm,135.270,135.650,NN,6.4056,4.73,3,0.948357
audio19.TextGrid,29,1,he,136.330,136.430,PRP,0.3189,6.69,2,-2.317070
audio19.TextGrid,29,2,took,136.430,136.600,VBD,2.9792,5.51,3,-1.355291
audio19.TextGrid,29,3,the,136.600,136.720,DT,1.2051,7.73,2,0.066132
audio19.TextGrid,29,4,tuna,136.720,137.000,NN,2.1202,3.64,4,-4.906015
audio19.TextGrid,29,5,off,137.000,137.370,IN,4.8202,5.93,2,1.090267
audio19.TextGrid,29,6,the,137.370,137.450,DT,0.4900,7.73,2,-0.648968
audio19.TextGrid,29,7,gaff,137.450,137.820,NN,4.0859,2.68,3,-4.322163
audio19.TextGrid,29,8,hook,137.820,138.100,NN,9.5016,4.37,3,3.526165
audio19.TextGrid,29,9,and,138.100,138.210,CC,0.3463,7.41,2,-1.253284
audio19.TextGrid,29,10,put,138.210,138.400,VBD,3.2243,5.66,3,-0.894277
audio19.TextGrid,29,11,the,138.400,138.490,DT,2.5926,7.73,2,1.453632
audio19.TextGrid,29,12,gaff,138.490,138.780,NN,2.2168,2.68,3,-6.191263
audio19.TextGrid,29,13,back,138.810,139.080,RB,1.4627,6.04,3,-2.108896
audio19.TextGrid,29,14,in,139.080,139.150,IN,1.3518,7.27,2,-0.449304
audio19.TextGrid,29,15,place,139.150,139.680,NN,3.2017,5.71,4,-0.844906
audio19.TextGrid,30,1,he,140.440,140.520,PRP,1.5667,6.69,2,-1.069270
audio19.TextGrid,30,2,put,140.520,140.780,VBD,3.7275,5.66,3,-0.391077
audio19.TextGrid,30,3,one,140.780,140.950,CD,4.6420,6.47,3,1.689357
audio19.TextGrid,30,4,knee,140.950,141.230,NN,5.2750,4.33,2,-0.758012
audio19.TextGrid,30,5,on,141.230,141.350,IN,1.0388,6.91,2,-1.280497
audio19.TextGrid,30,6,the,141.350,141.430,DT,0.3885,7.73,2,-0.750468
audio19.TextGrid,30,7,fish,141.430,141.810,NN,2.5046,4.9,3,-2.707940
audio19.TextGrid,30,8,and,141.810,141.980,CC,0.5777,7.41,3,-1.021884
audio19.TextGrid,30,9,cut,141.980,142.120,VB,6.0485,5.24,3,1.325364
audio19.TextGrid,30,10,strips,142.120,142.490,NNS,10.3540,3.86,6,3.644458
audio19.TextGrid,30,11,of,142.490,142.580,IN,0.5028,7.4,2,-1.111178
audio19.TextGrid,30,12,dark,142.580,142.970,JJ,7.4140,5.04,4,2.402979
audio19.TextGrid,30,13,red,142.970,143.220,JJ,2.6986,5.32,3,-1.909382
audio19.TextGrid,30,14,meat,143.220,143.490,NN,3.1005,4.63,3,-2.500685
audio19.TextGrid,30,15,longitudinally,143.490,144.370,RB,12.8718,2.53,13,4.247823
audio19.TextGrid,30,16,from,144.370,144.540,IN,2.5396,6.63,4,-0.182735
audio19.TextGrid,30,17,the,144.540,144.600,DT,0.4936,7.73,2,-0.645368
audio19.TextGrid,30,18,back,144.600,144.870,NN,4.3552,6.04,3,0.783604
audio19.TextGrid,30,19,of,144.870,144.950,IN,0.3218,7.4,2,-1.292178
audio19.TextGrid,30,20,the,144.950,145.050,DT,0.3774,7.73,2,-0.761568
audio19.TextGrid,30,21,head,145.050,145.300,NN,2.1416,5.51,3,-2.192891
audio19.TextGrid,30,22,to,145.300,145.400,TO,1.2517,7.43,2,-0.319096
audio19.TextGrid,30,23,the,145.400,145.500,DT,0.4801,7.73,2,-0.658868
audio19.TextGrid,30,24,tail,145.500,145.950,NN,3.9123,4.34,3,-2.106318
audio19.TextGrid,31,1,they,146.750,146.850,PRP,5.2431,6.5,2,2.333639
audio19.TextGrid,31,2,were,146.850,146.970,VBD,0.8933,6.34,2,-2.246469
audio19.TextGrid,31,3,wedge,146.970,147.310,NN,10.8682,3.62,3,3.813196
audio19.TextGrid,31,4,shaped,147.310,147.630,VBN,0.2858,4.38,4,-5.675241
audio19.TextGrid,31,5,strips,147.630,148.280,NNS,5.2938,3.86,6,-1.415742
audio19.TextGrid,31,6,and,148.280,148.450,CC,2.3662,7.41,2,0.766616
audio19.TextGrid,31,7,he,148.450,148.580,PRP,1.8986,6.69,2,-0.737370
audio19.TextGrid,31,8,cut,148.580,148.850,VBD,2.9086,5.24,3,-1.814536
audio19.TextGrid,31,9,them,148.850,149.070,PRP,1.2464,6.19,3,-2.109282
audio19.TextGrid,31,10,from,149.070,149.330,IN,3.8929,6.63,4,1.170565
audio19.TextGrid,31,11,next,149.330,149.560,JJ,9.2861,5.7,4,5.225100
audio19.TextGrid,31,12,to,149.560,149.670,TO,0.0610,7.43,2,-1.509796
audio19.TextGrid,31,13,the,149.670,149.760,DT,0.4487,7.73,2,-0.690268
audio19.TextGrid,31,14,back,149.760,150.010,NN,3.2651,6.04,3,-0.306496
audio19.TextGrid,31,15,bone,150.010,150.350,NN,7.3654,4.47,3,1.533907
audio19.TextGrid,31,16,down,150.350,150.590,RB,7.1524,5.88,3,3.350496
audio19.TextGrid,31,17,to,150.590,150.660,TO,0.6958,7.43,2,-0.874996
audio19.TextGrid,31,18,the,150.660,150.830,DT,0.3051,7.73,2,-0.833868
audio19.TextGrid,31,19,edge,150.830,150.970,NN,4.9675,4.74,2,-0.475348
audio19.TextGrid,31,20,of,150.970,151.040,IN,0.6289,7.4,2,-0.985078
audio19.TextGrid,31,21,the,151.040,151.110,DT,0.1326,7.73,2,-1.006368
audio19.TextGrid,31,22,belly,151.110,151.510,NN,4.0121,4.1,4,-2.351980
audio19.TextGrid,32,1,when,152.340,152.470,WRB,3.5903,6.37,3,0.493714
audio19.TextGrid,32,2,he,152.470,152.530,PRP,0.5637,6.69,2,-2.072270
audio19.TextGrid,32,3,had,152.530,152.640,VBD,1.2154,6.33,3,-1.938763
audio19.TextGrid,32,4,cut,152.640,152.910,VBN,1.5881,5.24,3,-3.135036
audio19.TextGrid,32,5,six,152.910,153.200,CD,6.6076,5.29,4,1.956435
audio19.TextGrid,32,6,strips,153.200,153.630,NNS,1.6206,3.86,6,-5.088942
audio19.TextGrid,32,7,he,153.630,153.780,PRP,2.3658,6.69,2,-0.270170
audio19.TextGrid,32,8,spread,153.780,154.090,VBD,6.3409,4.81,5,0.998811
audio19.TextGrid,32,9,them,154.090,154.240,PRP,0.7433,6.19,3,-2.612382
audio19.TextGrid,32,10,out,154.240,154.420,RP,1.3441,6.38,2,-1.738092
audio19.TextGrid,32,11,on,154.420,154.520,IN,1.5615,6.91,2,-0.757797
audio19.TextGrid,32,12,the,154.520,154.580,DT,0.8071,7.73,2,-0.331868
audio19.TextGrid,32,13,wood,154.580,154.780,NN,5.8637,4.78,3,0.478429
audio19.TextGrid,32,14,of,154.780,154.860,IN,3.4194,7.4,2,1.805422
audio19.TextGrid,32,15,the,154.860,154.950,DT,0.3821,7.73,2,-0.756868
audio19.TextGrid,32,16,bow,154.950,155.360,NN,5.7668,4.3,2,-0.309395
audio19.TextGrid,32,17,wiped,155.480,155.770,VBD,7.7576,3.86,4,1.048058
audio19.TextGrid,32,18,his,155.770,155.940,PRP$,3.1475,6.51,3,0.252434
audio19.TextGrid,32,19,knife,155.940,156.220,NN,6.5787,4.41,3,0.660842
audio19.TextGrid,32,20,on,156.220,156.360,IN,1.8440,6.91,2,-0.475297
audio19.TextGrid,32,21,his,156.360,156.520,PRP$,2.2326,6.51,3,-0.662466
audio19.TextGrid,32,22,trousers,156.520,157.070,NNS,7.1991,3.7,6,0.259250
audio19.TextGrid,33,1,and,157.540,157.680,CC,0.7654,7.41,3,-0.834184
audio19.TextGrid,33,2,lifted,157.680,157.980,VBD,6.0685,4.1,6,-0.295580
audio19.TextGrid,33,3,the,157.980,158.060,DT,1.0366,7.73,2,-0.102368
audio19.TextGrid,33,4,carcass,158.060,158.540,NN,7.7495,3.21,6,0.104332
audio19.TextGrid,33,5,of,158.540,158.620,IN,3.0636,7.4,2,1.449622
audio19.TextGrid,33,6,the,158.620,158.720,DT,0.1275,7.73,2,-1.011468
audio19.TextGrid,33,7,bonito,158.720,159.090,NN,14.0423,2.5,6,5.375140
audio19.TextGrid,33,8,by,159.090,159.260,IN,4.0200,6.66,2,1.340847
audio19.TextGrid,33,9,the,159.260,159.370,DT,0.6013,7.73,2,-0.537668
audio19.TextGrid,33,10,tail,159.370,159.810,NN,2.3176,4.34,3,-3.701018
audio19.TextGrid,33,11,and,159.810,159.880,CC,1.5309,7.41,2,-0.068684
audio19.TextGrid,33,12,dropped,159.880,160.190,VBD,5.0192,4.73,5,-0.438043
audio19.TextGrid,33,13,it,160.190,160.270,PRP,0.2658,6.95,2,-1.995920
audio19.TextGrid,33,14,overboard,160.270,160.870,RP,5.0018,3.43,7,-2.326695
audio19.TextGrid,34,1,i,162.540,162.660,JJ,1.9672,7.09,1,-0.093000
audio19.TextGrid,34,2,don,162.660,162.850,VBP,3.7954,4.6,3,-1.848968
audio19.TextGrid,34,3,t,162.850,162.880,JJ,0.0005,5.43,1,-4.449145
audio19.TextGrid,34,4,think,162.880,163.070,VBP,2.4032,6.08,4,-1.110819
audio19.TextGrid,34,5,i,163.070,163.180,NNS,0.8927,7.09,1,-1.167500
audio19.TextGrid,34,6,can,163.180,163.330,MD,1.7282,6.46,3,-1.238838
audio19.TextGrid,34,7,eat,163.330,163.490,VB,2.3154,5.13,2,-2.566073
audio19.TextGrid,34,8,an,163.490,163.590,DT,6.1354,6.53,2,3.269122
audio19.TextGrid,34,9,entire,163.590,164.060,JJ,3.0384,5.09,5,-1.900650
audio19.TextGrid,34,10,one,164.060,164.370,NN,4.5022,6.47,3,1.549557
audio19.TextGrid,34,11,he,164.620,164.740,PRP,0.1142,6.69,2,-2.521770
audio19.TextGrid,34,12,said,164.740,165.090,VBD,0.2338,6.01,3,-3.380979
audio19.TextGrid,34,13,and,165.420,165.520,CC,3.1961,7.41,2,1.596516
audio19.TextGrid,34,14,drew,165.520,165.720,VBD,5.4760,4.46,3,-0.369887
audio19.TextGrid,34,15,his,165.720,165.920,PRP$,1.6137,6.51,3,-1.281366
audio19.TextGrid,34,16,knife,165.920,166.230,NN,1.1582,4.41,3,-4.759658
audio19.TextGrid,34,17,across,166.230,166.620,IN,4.5402,5.25,5,-0.168542
audio19.TextGrid,34,18,one,166.620,166.730,CD,5.5099,6.47,3,2.557257
audio19.TextGrid,34,19,of,166.730,166.800,IN,0.4958,7.4,2,-1.118178
audio19.TextGrid,34,20,the,166.800,166.890,DT,0.2130,7.73,2,-0.925968
audio19.TextGrid,34,21,strips,166.890,167.420,NNS,3.0397,3.86,6,-3.669842
audio19.TextGrid,35,1,he,168.790,168.880,PRP,1.8499,6.69,2,-0.786070
audio19.TextGrid,35,2,could,168.880,169.070,MD,4.7795,6.06,3,1.236692
audio19.TextGrid,35,3,feel,169.070,169.300,VB,3.0434,5.67,3,-1.060783
audio19.TextGrid,35,4,the,169.300,169.400,DT,0.5734,7.73,2,-0.565568
audio19.TextGrid,35,5,steady,169.400,169.800,JJ,9.0300,4.31,5,2.968199
audio19.TextGrid,35,6,hard,169.800,170.030,JJ,6.9821,5.53,4,2.676397
audio19.TextGrid,35,7,pull,170.030,170.230,NN,3.8355,4.82,3,-1.492194
audio19.TextGrid,35,8,of,170.230,170.290,IN,0.6640,7.4,2,-0.949978
audio19.TextGrid,35,9,the,170.290,170.400,DT,0.1699,7.73,2,-0.969068
audio19.TextGrid,35,10,line,170.400,170.840,NN,1.6991,5.49,3,-2.664180
audio19.TextGrid,35,11,and,171.020,171.140,CC,1.5538,7.41,2,-0.045784
audio19.TextGrid,35,12,his,171.140,171.280,PRP$,2.9733,6.51,3,0.078234
audio19.TextGrid,35,13,left,171.280,171.510,JJ,3.9991,5.62,4,-0.177054
audio19.TextGrid,35,14,hand,171.510,171.730,NN,0.4075,5.41,4,-4.070934
audio19.TextGrid,35,15,was,171.730,171.880,VBD,1.8178,6.82,3,-0.631045
audio19.TextGrid,35,16,cramped,171.880,172.470,VBN,8.1723,3.28,6,0.627892
audio19.TextGrid,36,1,it,173.390,173.580,PRP,2.8716,6.95,2,0.609880
audio19.TextGrid,36,2,drew,173.580,173.740,VBD,6.3564,4.46,3,0.510513
audio19.TextGrid,36,3,up,173.740,173.890,RP,3.6185,6.39,2,0.550703
audio19.TextGrid,36,4,tight,173.940,174.230,NN,5.7617,4.57,3,0.074150
audio19.TextGrid,36,5,on,174.230,174.350,IN,2.3327,6.91,2,0.013403
audio19.TextGrid,36,6,the,174.350,174.410,DT,0.5004,7.73,2,-0.638568
audio19.TextGrid,36,7,heavy,174.410,174.670,JJ,7.5846,4.96,4,2.458425
audio19.TextGrid,36,8,cord,174.670,175.120,NN,5.1169,3.98,4,-1.419911
audio19.TextGrid,36,9,and,175.120,175.260,CC,1.6881,7.41,2,0.088516
audio19.TextGrid,36,10,he,175.260,175.410,PRP,1.3420,6.69,2,-1.293970
audio19.TextGrid,36,11,looked,175.410,175.660,VBD,3.8608,5.11,4,-1.049461
audio19.TextGrid,36,12,at,175.660,175.810,IN,1.6344,6.7,2,-0.987176
audio19.TextGrid,36,13,it,175.810,175.920,PRP,1.2180,6.95,2,-1.043720
audio19.TextGrid,36,14,in,175.920,176.040,IN,3.2754,7.27,2,1.474296
audio19.TextGrid,36,15,disgust,176.040,176.670,NN,3.8903,3.61,7,-3.179098
audio20.TextGrid,1,1,what,0.910,1.140,WP,3.1055,6.38,4,0.023308
audio20.TextGrid,1,2,kind,1.150,1.420,NN,4.3952,5.45,3,-0.025657
audio20.TextGrid,1,3,of,1.420,1.520,IN,0.0077,7.4,2,-1.606278
audio20.TextGrid,1,4,a,1.520,1.560,DT,2.9659,7.36,1,1.294345
audio20.TextGrid,1,5,hand,1.560,1.940,NN,6.7247,5.41,4,2.246266
audio20.TextGrid,1,6,is,1.940,2.110,VBZ,1.3854,7.07,2,-0.703589
audio20.TextGrid,1,7,that,2.110,2.560,IN,1.0961,7.01,3,-1.079254
audio20.TextGrid,1,8,he,2.780,2.890,PRP,0.1124,6.69,2,-2.523570
audio20.TextGrid,1,9,said,2.890,3.310,VBD,0.3035,6.01,3,-3.311279
audio20.TextGrid,2,1,cramp,3.920,4.340,NN,13.6560,3.04,5,5.766130
audio20.TextGrid,2,2,then,4.340,4.540,RB,8.0242,6.07,3,4.495787
audio20.TextGrid,2,3,if,4.540,4.650,IN,5.9634,6.47,2,3.010757
audio20.TextGrid,2,4,you,4.650,4.730,PRP,0.3687,6.98,2,-1.849837
audio20.TextGrid,2,5,want,4.730,5.120,VBP,1.8888,6.04,4,-1.682796
audio20.TextGrid,2,6,make,5.370,5.580,VB,5.5281,6.08,3,2.014081
audio20.TextGrid,2,7,yourself,5.580,5.980,PRP,3.1673,5.31,6,-1.455076
audio20.TextGrid,2,8,into,5.980,6.190,IN,6.3948,6.11,4,2.923964
audio20.TextGrid,2,9,a,6.190,6.230,DT,0.4311,7.36,1,-1.240455
audio20.TextGrid,2,10,claw,6.230,6.730,NN,7.3287,3.59,3,0.230513
audio20.TextGrid,3,1,it,7.170,7.300,PRP,2.9329,6.95,2,0.671180
audio20.TextGrid,3,2,will,7.300,7.400,MD,1.6330,6.45,3,-1.348432
audio20.TextGrid,3,3,do,7.400,7.530,VB,3.1589,6.35,2,0.033526
audio20.TextGrid,3,4,you,7.530,7.680,PRP,1.8051,6.98,2,-0.413437
audio20.TextGrid,3,5,no,7.680,7.870,DT,1.2035,6.35,2,-1.921874
audio20.TextGrid,3,6,good,7.870,8.260,JJ,0.0462,6.12,3,-3.410242
audio20.TextGrid,4,1,come,10.400,10.590,VB,9.9574,5.78,3,6.011553
audio20.TextGrid,4,2,on,10.590,10.930,IN,1.6868,6.91,2,-0.632497
audio20.TextGrid,4,3,he,10.930,11.260,PRP,1.3464,6.69,2,-1.289570
audio20.TextGrid,4,4,thought,11.260,11.620,VBD,0.2952,5.59,3,-3.924137
audio20.TextGrid,4,5,and,11.620,11.790,CC,2.2517,7.41,3,0.652116
audio20.TextGrid,4,6,looked,11.790,11.970,VBD,3.7520,5.11,4,-1.158261
audio20.TextGrid,4,7,down,11.970,12.230,RB,2.3950,5.88,3,-1.406904
audio20.TextGrid,4,8,into,12.230,12.380,IN,3.7471,6.11,4,0.276264
audio20.TextGrid,4,9,the,12.380,12.480,DT,0.1339,7.73,2,-1.005068
audio20.TextGrid,4,10,dark,12.480,12.780,JJ,4.4263,5.04,4,-0.584721
audio20.TextGrid,4,11,water,12.780,13.120,NN,2.9260,5.52,4,-1.394097
audio20.TextGrid,4,12,at,13.120,13.230,IN,3.4153,6.7,2,0.793724
audio20.TextGrid,4,13,the,13.230,13.310,DT,0.3517,7.73,2,-0.787268
audio20.TextGrid,4,14,slant,13.310,13.640,NN,12.8324,3.18,5,5.144049
audio20.TextGrid,4,15,of,13.640,13.700,IN,0.2952,7.4,2,-1.318778
audio20.TextGrid,4,16,the,13.700,13.800,DT,0.2896,7.73,2,-0.849368
audio20.TextGrid,4,17,line,13.800,14.160,NN,2.6919,5.49,3,-1.671380
audio20.TextGrid,5,1,eat,15.000,15.160,NN,9.0677,5.13,2,4.186227
audio20.TextGrid,5,2,it,15.160,15.330,PRP,1.7075,6.95,2,-0.554220
audio20.TextGrid,5,3,now,15.330,15.660,RB,2.8448,6.18,2,-0.525277
audio20.TextGrid,5,4,and,15.660,15.760,CC,1.6208,7.41,3,0.021216
audio20.TextGrid,5,5,it,15.760,15.880,PRP,3.2538,6.95,2,0.992080
audio20.TextGrid,5,6,will,15.880,15.970,MD,0.2759,6.45,3,-2.705532
audio20.TextGrid,5,7,strengthen,15.970,16.350,VB,8.1982,4.04,8,1.747754
audio20.TextGrid,5,8,the,16.350,16.430,DT,2.0752,7.73,2,0.936232
audio20.TextGrid,5,9,hand,16.430,16.900,NN,3.6355,5.41,4,-0.842934
audio20.TextGrid,6,1,it,17.520,17.610,PRP,2.8263,6.95,2,0.564580
audio20.TextGrid,6,2,is,17.610,17.700,VBZ,1.9323,7.07,2,-0.156689
audio20.TextGrid,6,3,not,17.700,17.850,RB,2.4872,6.69,3,-0.148770
audio20.TextGrid,6,4,the,17.850,17.960,DT,3.1951,7.73,2,2.056132
audio20.TextGrid,6,5,hand,17.960,18.230,NN,3.2533,5.41,4,-1.225134
audio20.TextGrid,6,6,s,18.230,18.330,NN,4.3946,5.86,1,0.563907
audio20.TextGrid,6,7,fault,18.330,18.670,NN,0.6512,4.64,4,-4.935591
audio20.TextGrid,6,8,and,18.670,18.770,CC,3.3430,7.41,2,1.743416
audio20.TextGrid,6,9,you,18.770,18.900,PRP,3.7607,6.98,2,1.542163
audio20.TextGrid,6,10,have,18.900,18.990,VBP,2.4289,6.71,3,-0.178281
audio20.TextGrid,6,11,been,18.990,19.130,VBN,3.4137,6.27,3,0.173172
audio20.TextGrid,6,12,many,19.130,19.400,JJ,9.1885,5.91,4,5.429779
audio20.TextGrid,6,13,hours,19.400,19.790,NNS,4.1706,5.4,3,-0.322228
audio20.TextGrid,6,14,with,19.790,19.900,IN,3.6617,6.85,3,1.256038
audio20.TextGrid,6,15,the,19.900,19.980,DT,1.6954,7.73,2,0.556432
audio20.TextGrid,6,16,fish,19.980,20.350,NN,1.6281,4.9,3,-3.584440
audio20.TextGrid,7,1,but,21.270,21.470,CC,2.3269,6.63,3,-0.395435
audio20.TextGrid,7,2,you,21.470,21.540,PRP,2.4324,6.98,2,0.213863
audio20.TextGrid,7,3,can,21.540,21.660,MD,2.8295,6.46,3,-0.137538
audio20.TextGrid,7,4,stay,21.660,21.900,VB,6.8098,5.33,3,2.216212
audio20.TextGrid,7,5,with,21.900,22.060,IN,2.4708,6.85,3,0.065138
audio20.TextGrid,7,6,him,22.060,22.190,PRP,3.7566,6.11,3,0.285764
audio20.TextGrid,7,7,forever,22.190,22.730,RB,4.0354,4.74,5,-1.407448
audio20.TextGrid,8,1,eat,23.430,23.570,VB,4.7169,5.13,2,-0.164573
audio20.TextGrid,8,2,the,23.570,23.680,DT,1.6688,7.73,2,0.529832
audio20.TextGrid,8,3,bonito,23.680,24.110,NN,8.3766,2.5,6,-0.290560
audio20.TextGrid,8,4,now,24.110,24.590,RB,2.1713,6.18,2,-1.198777
audio20.TextGrid,9,1,he,26.760,26.860,PRP,2.3405,6.69,2,-0.295470
audio20.TextGrid,9,2,picked,26.860,27.100,VBD,4.9710,4.72,4,-0.500637
audio20.TextGrid,9,3,up,27.100,27.220,RP,0.7436,6.39,2,-2.324197
audio20.TextGrid,9,4,a,27.220,27.270,DT,2.0345,7.36,1,0.362945
audio20.TextGrid,9,5,piece,27.270,27.630,NN,2.4948,5.04,3,-2.516221
audio20.TextGrid,9,6,and,27.630,27.740,CC,2.0325,7.41,2,0.432916
audio20.TextGrid,9,7,put,27.740,27.980,VB,2.8386,5.66,3,-1.279977
audio20.TextGrid,9,8,it,27.980,28.080,PRP,0.1394,6.95,2,-2.122320
audio20.TextGrid,9,9,in,28.080,28.190,IN,1.2846,7.27,2,-0.516504
audio20.TextGrid,9,10,his,28.190,28.340,PRP$,0.8690,6.51,3,-2.026066
audio20.TextGrid,9,11,mouth,28.340,28.690,NN,1.3764,4.83,3,-3.936900
audio20.TextGrid,9,12,and,28.690,28.830,CC,0.9081,7.41,3,-0.691484
audio20.TextGrid,9,13,chewed,28.830,29.100,VBD,7.5583,3.24,3,-0.043685
audio20.TextGrid,9,14,it,29.100,29.210,PRP,0.9831,6.95,2,-1.278620
audio20.TextGrid,9,15,slowly,29.210,29.720,RB,4.7668,4.63,5,-0.834385
audio20.TextGrid,10,1,it,30.490,30.600,PRP,2.4053,6.95,2,0.143580
audio20.TextGrid,10,2,was,30.600,30.730,VBD,0.8603,6.82,3,-1.588545
audio20.TextGrid,10,3,not,30.730,30.910,RB,3.2014,6.69,3,0.565430
audio20.TextGrid,10,4,unpleasant,30.910,31.530,JJ,6.7435,3.8,9,-0.052408
audio20.TextGrid,11,1,chew,33.000,33.220,NN,9.1016,3.66,2,2.104173
audio20.TextGrid,11,2,it,33.220,33.310,PRP,1.0366,6.95,2,-1.225120
audio20.TextGrid,11,3,well,33.310,33.640,RB,4.6330,6.03,3,1.047010
audio20.TextGrid,11,4,he,33.800,33.930,PRP,0.6234,6.69,2,-2.012570
audio20.TextGrid,11,5,thought,33.930,34.300,VBD,0.8178,5.59,3,-3.401537
audio20.TextGrid,11,6,and,34.580,34.640,CC,0.8678,7.41,2,-0.731784
audio20.TextGrid,11,7,get,34.640,34.810,VB,6.9505,6.28,3,3.724366
audio20.TextGrid,11,8,all,34.810,34.970,DT,4.9889,6.52,2,2.108228
audio20.TextGrid,11,9,the,34.970,35.070,DT,0.7039,7.73,2,-0.435068
audio20.TextGrid,11,10,juices,35.070,35.740,NNS,2.8760,3.42,5,-4.466889
audio20.TextGrid,12,1,it,36.570,36.720,PRP,2.8877,6.95,2,0.625980
audio20.TextGrid,12,2,would,36.720,36.840,MD,2.1777,6.27,3,-1.062828
audio20.TextGrid,12,3,not,36.840,37.110,RB,2.7759,6.69,3,0.139930
audio20.TextGrid,12,4,be,37.110,37.210,VB,2.2882,6.79,2,-0.203827
audio20.TextGrid,12,5,had,37.210,37.450,VBN,8.3880,6.33,3,5.233837
audio20.TextGrid,12,6,to,37.450,37.530,TO,2.5164,7.43,2,0.945604
audio20.TextGrid,12,7,eat,37.530,37.710,VB,1.8423,5.13,2,-3.039173
audio20.TextGrid,12,8,with,37.710,37.830,IN,4.6669,6.85,3,2.261238
audio20.TextGrid,12,9,a,37.830,37.860,DT,2.3098,7.36,1,0.638245
audio20.TextGrid,12,10,little,37.860,38.070,JJ,5.2073,5.75,5,1.218271
audio20.TextGrid,12,11,lime,38.070,38.560,NN,7.6893,3.86,3,0.979758
audio20.TextGrid,12,12,or,38.560,38.710,CC,2.5059,6.54,2,-0.345984
audio20.TextGrid,12,13,with,38.710,38.930,IN,4.8785,6.85,3,2.472838
audio20.TextGrid,12,14,lemon,38.930,39.240,JJ,5.5728,4.1,5,-0.791280
audio20.TextGrid,12,15,or,39.240,39.270,CC,2.2647,6.54,1,-0.587184
audio20.TextGrid,12,16,with,39.570,39.910,IN,0.9351,6.85,3,-1.470562
audio20.TextGrid,12,17,salt,39.910,40.380,NN,3.6376,4.6,4,-2.006768
audio20.TextGrid,13,1,how,42.470,42.610,WRB,4.8083,6.24,2,1.524589
audio20.TextGrid,13,2,do,42.610,42.690,VBP,2.4629,6.35,2,-0.662474
audio20.TextGrid,13,3,you,42.690,42.800,PRP,0.2731,6.98,2,-1.945437
audio20.TextGrid,13,4,feel,42.800,43.160,VB,2.6241,5.67,3,-1.480083
audio20.TextGrid,13,5,hand,43.160,43.520,NN,9.7435,5.41,4,5.265066
audio20.TextGrid,13,6,he,43.520,43.860,PRP,0.3698,6.69,2,-2.266170
audio20.TextGrid,13,7,asked,43.860,44.080,VBD,0.3806,5.3,3,-4.256170
audio20.TextGrid,13,8,the,44.100,44.190,DT,3.9331,7.73,2,2.794132
audio20.TextGrid,13,9,cramped,44.190,44.560,JJ,13.0639,3.28,6,5.519492
audio20.TextGrid,13,10,hand,44.560,44.790,NN,3.6874,5.41,4,-0.791034
audio20.TextGrid,13,11,that,44.790,44.920,WDT,4.6848,7.01,3,2.509446
audio20.TextGrid,13,12,was,44.920,45.020,VBD,1.2546,6.82,3,-1.194245
audio20.TextGrid,13,13,almost,45.020,45.440,RB,6.1492,5.39,6,1.641978
audio20.TextGrid,13,14,as,45.440,45.530,RB,3.3722,6.77,2,0.851384
audio20.TextGrid,13,15,stiff,45.530,45.890,JJ,5.4914,3.9,4,-1.160565
audio20.TextGrid,13,16,as,45.890,46.030,IN,0.3025,6.77,2,-2.218316
audio20.TextGrid,13,17,rigor,46.030,46.310,NN,13.4474,3.07,4,5.600712
audio20.TextGrid,13,18,mortis,46.310,46.840,NN,0.0468,2.63,6,-8.433235
audio20.TextGrid,14,1,i,47.760,47.890,NN,1.3390,7.09,1,-0.721200
audio20.TextGrid,14,2,ll,47.890,47.960,VBP,5.6436,4.66,1,0.085598
audio20.TextGrid,14,3,eat,47.960,48.120,VB,2.0409,5.13,2,-2.840573
audio20.TextGrid,14,4,some,48.120,48.280,DT,5.0049,6.2,3,1.663612
audio20.TextGrid,14,5,more,48.280,48.540,JJR,2.9392,6.36,3,-0.171780
audio20.TextGrid,14,6,for,48.540,48.790,IN,4.7277,7.01,3,2.552346
audio20.TextGrid,14,7,you,48.790,48.980,PRP,1.3828,6.98,2,-0.835737
audio20.TextGrid,15,1,he,50.810,50.970,PRP,1.3351,6.69,2,-1.300870
audio20.TextGrid,15,2,ate,50.970,51.060,VBD,4.2505,4.34,2,-1.768118
audio20.TextGrid,15,3,the,51.060,51.240,DT,1.1044,7.73,2,-0.034568
audio20.TextGrid,15,4,other,51.240,51.390,JJ,4.2180,6.16,3,0.819135
audio20.TextGrid,15,5,part,51.390,51.620,NN,4.0448,5.78,4,0.098953
audio20.TextGrid,15,6,of,51.620,51.690,IN,0.8999,7.4,2,-0.714078
audio20.TextGrid,15,7,the,51.690,51.770,DT,0.1595,7.73,2,-0.979468
audio20.TextGrid,15,8,piece,51.770,52.100,NN,4.2843,5.04,3,-0.726721
audio20.TextGrid,15,9,that,52.100,52.220,IN,4.3964,7.01,3,2.221046
audio20.TextGrid,15,10,he,52.220,52.280,PRP,1.9509,6.69,2,-0.685070
audio20.TextGrid,15,11,had,52.280,52.390,VBD,0.6095,6.33,3,-2.544663
audio20.TextGrid,15,12,cut,52.390,52.610,VBN,2.8640,5.24,3,-1.859136
audio20.TextGrid,15,13,in,52.610,52.730,IN,3.4473,7.27,2,1.646196
audio20.TextGrid,15,14,two,52.730,53.090,CD,2.5418,6.1,2,-0.943431
audio20.TextGrid,15,15,he,53.480,53.590,PRP,1.1384,6.69,2,-1.497570
audio20.TextGrid,15,16,chewed,53.590,53.830,VBD,5.7996,3.24,3,-1.802385
audio20.TextGrid,15,17,it,53.830,53.930,PRP,0.9542,6.95,2,-1.307520
audio20.TextGrid,15,18,carefully,53.930,54.440,RB,3.6895,4.46,7,-2.156387
audio20.TextGrid,15,19,and,54.440,54.520,CC,0.9267,7.41,2,-0.672884
audio20.TextGrid,15,20,then,54.520,54.720,RB,2.5940,6.07,3,-0.934413
audio20.TextGrid,15,21,spat,54.720,55.040,VB,6.5787,3.3,4,-0.936920
audio20.TextGrid,15,22,out,55.040,55.160,RP,2.2560,6.38,2,-0.826192
audio20.TextGrid,15,23,the,55.160,55.290,DT,1.0493,7.73,2,-0.089668
audio20.TextGrid,15,24,skin,55.290,55.520,NN,6.2991,4.91,4,1.100954
audio20.TextGrid,15,25,how,55.520,55.610,WRB,4.0885,6.24,2,0.804789
audio20.TextGrid,16,1,does,56.850,57.050,VBZ,3.2682,5.74,3,-0.735223
audio20.TextGrid,16,2,it,57.050,57.230,PRP,0.9216,6.95,2,-1.340120
audio20.TextGrid,16,3,go,57.230,57.570,VB,4.8046,6.03,2,1.218610
audio20.TextGrid,16,4,hand,57.570,58.000,NN,1.9870,5.41,4,-2.491434
audio20.TextGrid,16,5,or,58.320,58.450,CC,6.5103,6.54,2,3.658416
audio20.TextGrid,16,6,is,58.450,58.560,VBZ,2.2850,7.07,2,0.196011
audio20.TextGrid,16,7,it,58.560,58.740,PRP,0.3267,6.95,2,-1.935020
audio20.TextGrid,16,8,too,58.740,58.920,RB,3.6960,5.95,2,-0.005144
audio20.TextGrid,16,9,early,58.920,59.100,JJ,7.4789,5.43,3,3.029255
audio20.TextGrid,16,10,to,59.100,59.240,TO,0.9787,7.43,2,-0.592096
audio20.TextGrid,16,11,know,59.240,59.580,VB,4.4813,6.1,2,0.996069
audio20.TextGrid,17,1,he,61.050,61.150,PRP,1.7652,6.69,2,-0.870770
audio20.TextGrid,17,2,took,61.150,61.330,VBD,3.1789,5.51,3,-1.155591
audio20.TextGrid,17,3,another,61.330,61.650,DT,3.1498,5.74,5,-0.853623
audio20.TextGrid,17,4,full,61.650,61.900,JJ,9.3338,5.54,3,5.042492
audio20.TextGrid,17,5,piece,61.900,62.300,NN,3.3463,5.04,3,-1.664721
audio20.TextGrid,17,6,and,62.300,62.470,CC,1.0128,7.41,3,-0.586784
audio20.TextGrid,17,7,chewed,62.470,62.720,VBD,3.7161,3.24,3,-3.885885
audio20.TextGrid,17,8,it,62.720,62.930,PRP,0.4018,6.95,2,-1.859920
audio20.TextGrid,18,1,it,64.310,64.470,PRP,1.8194,6.95,2,-0.442320
audio20.TextGrid,18,2,is,64.470,64.580,VBZ,1.9887,7.07,2,-0.100289
audio20.TextGrid,18,3,a,64.580,64.660,DT,3.0420,7.36,1,1.370445
audio20.TextGrid,18,4,strong,64.660,65.270,JJ,6.2012,5.22,5,1.449276
audio20.TextGrid,18,5,full,65.270,65.540,JJ,9.0976,5.54,3,4.806292
audio20.TextGrid,18,6,blooded,65.540,65.970,VBD,2.9821,3.34,6,-4.475943
audio20.TextGrid,18,7,fish,65.970,66.380,NN,1.1573,4.9,3,-4.055240
audio20.TextGrid,18,8,he,66.520,66.610,PRP,0.1365,6.69,2,-2.499470
audio20.TextGrid,18,9,thought,66.610,66.980,VBD,4.7162,5.59,3,0.496863
audio20.TextGrid,18,10,i,67.300,67.410,NN,1.9534,7.09,1,-0.106800
audio20.TextGrid,18,11,was,67.410,67.600,VBD,4.3591,6.82,3,1.910255
audio20.TextGrid,18,12,lucky,67.600,67.850,JJ,4.7418,4.77,4,-0.657866
audio20.TextGrid,18,13,to,67.850,67.950,TO,1.4260,7.43,2,-0.144796
audio20.TextGrid,18,14,get,67.950,68.150,VB,1.7888,6.28,3,-1.437334
audio20.TextGrid,18,15,him,68.150,68.330,PRP,5.2421,6.11,3,1.771264
audio20.TextGrid,18,16,instead,68.330,68.650,RB,8.0710,5.24,6,3.347864
audio20.TextGrid,18,17,of,68.650,68.720,IN,0.1377,7.4,2,-1.476278
audio20.TextGrid,18,18,dolphin,68.720,69.240,NN,11.7396,3.67,6,4.756567
audio20.TextGrid,19,1,dolphin,70.000,70.330,NN,7.0830,3.67,6,0.099967
audio20.TextGrid,19,2,is,70.330,70.440,VBZ,1.4342,7.07,2,-0.654789
audio20.TextGrid,19,3,too,70.440,70.610,RB,3.7843,5.95,2,0.083156
audio20.TextGrid,19,4,sweet,70.610,71.120,JJ,6.8005,4.91,4,1.602354
audio20.TextGrid,20,1,this,71.770,71.940,DT,5.0236,6.82,3,2.574755
audio20.TextGrid,20,2,is,71.940,72.050,VBZ,0.8946,7.07,2,-1.194389
audio20.TextGrid,20,3,hardly,72.050,72.390,RB,7.8930,4.53,6,2.147873
audio20.TextGrid,20,4,sweet,72.390,72.650,JJ,4.9404,4.91,4,-0.257746
audio20.TextGrid,20,5,at,72.650,72.750,IN,3.8977,6.7,2,1.276124
audio20.TextGrid,20,6,all,72.750,73.140,DT,0.0262,6.52,2,-2.854472
audio20.TextGrid,20,7,and,73.140,73.260,CC,3.1404,7.41,2,1.540816
audio20.TextGrid,20,8,all,73.260,73.430,PDT,5.5297,6.52,2,2.649028
audio20.TextGrid,20,9,the,73.430,73.540,DT,1.3463,7.73,2,0.207332
audio20.TextGrid,20,10,strength,73.540,73.940,NN,7.7862,4.8,6,2.429717
audio20.TextGrid,20,11,is,73.940,74.060,VBZ,2.0612,7.07,2,-0.027789
audio20.TextGrid,20,12,still,74.060,74.350,RB,5.6206,5.92,4,1.876273
audio20.TextGrid,20,13,in,74.350,74.450,IN,1.4462,7.27,2,-0.354904
audio20.TextGrid,20,14,it,74.490,74.660,PRP,2.1297,6.95,2,-0.132020
audio20.TextGrid,21,1,there,76.910,77.060,EX,5.0190,6.31,3,1.836049
audio20.TextGrid,21,2,is,77.060,77.190,VBZ,3.6338,7.07,2,1.544811
audio20.TextGrid,21,3,no,77.190,77.380,DT,1.4657,6.35,2,-1.659674
audio20.TextGrid,21,4,sense,77.380,77.730,NN,5.0974,5.19,4,0.302293
audio20.TextGrid,21,5,in,77.730,77.850,IN,0.6556,7.27,2,-1.145504
audio20.TextGrid,21,6,being,77.850,78.150,VBG,3.8884,5.95,4,0.187256
audio20.TextGrid,21,7,anything,78.150,78.510,NN,6.6041,5.55,6,2.327186
audio20.TextGrid,21,8,but,78.510,78.660,CC,0.9059,6.63,3,-1.816435
audio20.TextGrid,21,9,practical,78.660,79.190,JJ,11.9409,4.48,9,6.123801
audio20.TextGrid,21,10,though,79.190,79.460,IN,6.7671,5.5,2,2.418215
audio20.TextGrid,21,11,he,79.640,79.760,PRP,0.7550,6.69,2,-1.880970
audio20.TextGrid,21,12,thought,79.760,80.090,VBD,0.2528,5.59,3,-3.966537
audio20.TextGrid,22,1,i,80.730,80.830,JJ,4.3500,7.09,1,2.289800
audio20.TextGrid,22,2,wish,80.830,81.040,NN,6.1806,5.18,3,1.371099
audio20.TextGrid,22,3,i,81.040,81.150,NN,0.5323,7.09,1,-1.527900
audio20.TextGrid,22,4,had,81.150,81.320,VBD,1.4519,6.33,3,-1.702263
audio20.TextGrid,22,5,some,81.320,81.450,DT,3.6280,6.2,3,0.286712
audio20.TextGrid,22,6,salt,81.450,81.910,NN,5.9385,4.6,4,0.294132
audio20.TextGrid,23,1,and,83.010,83.110,CC,3.7922,7.41,3,2.192616
audio20.TextGrid,23,2,i,83.110,83.220,VB,1.5154,7.09,1,-0.544800
audio20.TextGrid,23,3,do,83.220,83.350,VBP,3.7676,6.35,2,0.642226
audio20.TextGrid,23,4,not,83.350,83.560,RB,0.7845,6.69,3,-1.851470
audio20.TextGrid,23,5,know,83.560,83.690,VB,1.9291,6.1,2,-1.556131
audio20.TextGrid,23,6,whether,83.690,83.940,IN,4.0382,5.32,4,-0.569782
audio20.TextGrid,23,7,the,83.940,84.050,DT,2.8925,7.73,2,1.753532
audio20.TextGrid,23,8,sun,84.050,84.290,NN,5.7694,4.97,3,0.657619
audio20.TextGrid,23,9,will,84.290,84.620,MD,1.5011,6.45,3,-1.480332
audio20.TextGrid,23,10,rot,84.620,84.910,VB,8.3404,3.7,3,1.400550
audio20.TextGrid,23,11,or,84.910,85.090,CC,1.8412,6.54,2,-1.010684
audio20.TextGrid,23,12,dry,85.090,85.450,VB,6.2859,4.74,3,0.843052
audio20.TextGrid,23,13,what,85.450,85.630,WP,7.4904,6.38,3,4.408208
audio20.TextGrid,23,14,is,85.630,85.790,VBZ,2.4058,7.07,2,0.316811
audio20.TextGrid,23,15,left,85.790,86.090,VBN,1.6652,5.62,4,-2.510954
audio20.TextGrid,23,16,so,86.090,86.240,RB,2.9607,6.52,2,0.080028
audio20.TextGrid,23,17,i,86.240,86.340,JJ,0.8788,7.09,1,-1.181400
audio20.TextGrid,23,18,had,86.340,86.500,VBD,4.7375,6.33,3,1.583337
audio20.TextGrid,23,19,better,86.500,86.790,RBR,2.8772,5.76,4,-1.097435
audio20.TextGrid,23,20,eat,86.790,86.980,VB,2.3933,5.13,2,-2.488173
audio20.TextGrid,23,21,it,86.980,87.090,PRP,1.4543,6.95,2,-0.807420
audio20.TextGrid,23,22,all,87.090,87.510,DT,4.4673,6.52,2,1.586628
audio20.TextGrid,23,23,although,87.790,88.110,IN,10.5742,5.3,4,5.937430
audio20.TextGrid,23,24,i,88.110,88.240,NN,0.7657,7.09,1,-1.294500
audio20.TextGrid,23,25,am,88.240,88.340,VBP,1.9465,5.78,2,-1.999347
audio20.TextGrid,23,26,not,88.340,88.530,RB,2.0409,6.69,3,-0.595070
audio20.TextGrid,23,27,hungry,88.530,88.970,JJ,4.0766,4.45,6,-1.783681
audio20.TextGrid,24,1,the,89.700,89.780,DT,3.1212,7.73,2,1.982232
audio20.TextGrid,24,2,fish,89.780,90.060,NN,2.0721,4.9,3,-3.140440
audio20.TextGrid,24,3,is,90.060,90.160,VBZ,1.9091,7.07,2,-0.179889
audio20.TextGrid,24,4,calm,90.160,90.510,JJ,7.9858,4.54,4,2.255067
audio20.TextGrid,24,5,and,90.510,90.620,CC,1.2334,7.41,3,-0.366184
audio20.TextGrid,24,6,steady,90.620,91.050,JJ,4.8626,4.31,5,-1.199201
audio20.TextGrid,25,1,i,91.450,91.550,NN,2.0749,7.09,1,0.014700
audio20.TextGrid,25,2,will,91.550,91.700,MD,3.0485,6.45,3,0.067068
audio20.TextGrid,25,3,eat,91.700,91.860,VB,1.4159,5.13,2,-3.465573
audio20.TextGrid,25,4,it,91.860,91.960,PRP,0.6844,6.95,2,-1.577320
audio20.TextGrid,25,5,all,91.960,92.230,DT,2.8963,6.52,2,0.015628
audio20.TextGrid,25,6,and,92.630,92.730,CC,2.2786,7.41,2,0.679016
audio20.TextGrid,25,7,then,92.730,92.870,RB,2.8919,6.07,3,-0.636513
audio20.TextGrid,25,8,i,92.870,92.950,VB,1.2135,7.09,1,-0.846700
audio20.TextGrid,25,9,will,92.950,93.130,MD,0.5829,6.45,3,-2.398532
audio20.TextGrid,25,10,be,93.130,93.260,VB,2.4222,6.79,2,-0.069827
audio20.TextGrid,25,11,ready,93.260,93.650,JJ,2.7679,5.28,4,-1.897659
audio20.TextGrid,26,1,be,95.280,95.390,VB,5.9088,6.79,2,3.416773
audio20.TextGrid,26,2,patient,95.390,95.810,JJ,2.9476,4.77,6,-2.452066
audio20.TextGrid,26,3,hand,95.810,96.190,NN,2.7555,5.41,4,-1.722934
audio20.TextGrid,26,4,he,96.440,96.570,PRP,0.2126,6.69,2,-2.423370
audio20.TextGrid,26,5,said,96.570,96.830,VBD,0.2037,6.01,3,-3.411079
audio20.TextGrid,26,6,i,96.830,96.940,RB,1.5847,7.09,1,-0.475500
audio20.TextGrid,26,7,do,96.940,97.130,VBP,3.9457,6.35,2,0.820326
audio20.TextGrid,26,8,this,97.130,97.340,DT,6.3837,6.82,3,3.934855
audio20.TextGrid,26,9,for,97.340,97.450,IN,1.9308,7.01,2,-0.244554
audio20.TextGrid,26,10,you,97.450,99.320,PRP,1.1059,6.98,2,-1.112637
audio20.TextGrid,26,11,i,99.350,99.430,VBP,4.0086,7.09,1,1.948400
audio20.TextGrid,26,12,wish,99.430,99.630,JJ,4.5661,5.18,3,-0.243401
audio20.TextGrid,26,13,i,99.630,99.710,NN,0.3658,7.09,1,-1.694400
audio20.TextGrid,26,14,could,99.710,99.910,MD,1.6101,6.06,3,-1.932708
audio20.TextGrid,26,15,feed,99.910,100.100,VB,5.4271,4.67,3,-0.116508
audio20.TextGrid,26,16,the,100.100,100.210,DT,2.0990,7.73,2,0.960032
audio20.TextGrid,26,17,fish,100.210,100.640,NN,0.8753,4.9,3,-4.337240
audio20.TextGrid,26,18,he,100.820,100.920,PRP,0.8179,6.69,2,-1.818070
audio20.TextGrid,26,19,thought,100.920,101.300,VBD,0.2692,5.59,3,-3.950137
audio20.TextGrid,26,20,he,101.560,101.700,PRP,2.3123,6.69,2,-0.323670
audio20.TextGrid,26,21,is,101.700,101.790,VBZ,5.7916,7.07,2,3.702611
audio20.TextGrid,26,22,my,101.790,101.950,PRP$,6.3460,6.57,2,3.537299
audio20.TextGrid,26,23,brother,101.950,102.380,NN,3.9615,5.11,5,-0.948761
audio20.TextGrid,27,1,but,103.090,103.210,CC,3.9170,6.63,3,1.194665
audio20.TextGrid,27,2,i,103.210,103.290,NN,1.2144,7.09,1,-0.845800
audio20.TextGrid,27,3,must,103.290,103.540,MD,3.3087,5.68,4,-0.781089
audio20.TextGrid,27,4,kill,103.540,103.800,VB,5.4316,5.09,3,0.492550
audio20.TextGrid,27,5,him,103.800,104.060,PRP,0.7759,6.11,2,-2.694936
audio20.TextGrid,27,6,and,104.060,104.180,CC,2.4804,7.41,2,0.880816
audio20.TextGrid,27,7,keep,104.180,104.480,VB,3.7025,5.66,3,-0.416077
audio20.TextGrid,27,8,strong,104.480,105.010,JJ,10.2149,5.22,5,5.462976
audio20.TextGrid,27,9,to,105.010,105.140,TO,4.4099,7.43,2,2.839104
audio20.TextGrid,27,10,do,105.140,105.390,VB,3.2089,6.35,2,0.083526
audio20.TextGrid,27,11,it,105.390,105.590,PRP,1.1468,6.95,2,-1.114920
audio20.TextGrid,28,1,slowly,106.700,107.110,RB,8.1677,4.63,5,2.566515
audio20.TextGrid,28,2,and,107.110,107.190,CC,2.6903,7.41,2,1.090716
audio20.TextGrid,28,3,conscientiously,107.190,108.090,RB,10.6699,2.36,12,1.801221
audio20.TextGrid,28,4,he,108.090,108.270,PRP,0.9981,6.69,2,-1.637870
audio20.TextGrid,28,5,ate,108.270,108.480,VB,2.1545,4.34,2,-3.864118
audio20.TextGrid,28,6,all,108.480,108.870,DT,4.1727,6.52,2,1.292028
audio20.TextGrid,28,7,of,108.870,108.940,IN,1.7202,7.4,2,0.106222
audio20.TextGrid,28,8,the,108.940,109.020,DT,0.5379,7.73,2,-0.601068
audio20.TextGrid,28,9,wedge,109.020,109.340,NN,13.3328,3.62,3,6.277796
audio20.TextGrid,28,10,shaped,109.340,109.630,VBD,0.0889,4.38,4,-5.872141
audio20.TextGrid,28,11,strips,109.630,110.020,NNS,1.3940,3.86,6,-5.315542
audio20.TextGrid,28,12,of,110.020,110.100,IN,1.5306,7.4,2,-0.083378
audio20.TextGrid,28,13,fish,110.100,110.500,NN,3.8397,4.9,3,-1.372840
audio20.TextGrid,29,1,he,111.730,111.840,PRP,1.0097,6.69,2,-1.626270
audio20.TextGrid,29,2,straightened,111.840,112.260,VBD,9.5106,3.13,8,1.750278
audio20.TextGrid,29,3,up,112.260,112.440,RP,2.3016,6.39,2,-0.766197
audio20.TextGrid,29,4,wiping,112.780,113.150,VBG,7.3623,3.44,5,0.048200
audio20.TextGrid,29,5,his,113.150,113.310,PRP$,0.6892,6.51,3,-2.205866
audio20.TextGrid,29,6,hand,113.310,113.590,NN,2.4399,5.41,4,-2.038534
audio20.TextGrid,29,7,on,113.590,113.720,IN,1.1610,6.91,2,-1.158297
audio20.TextGrid,29,8,his,113.720,113.880,PRP$,1.2246,6.51,3,-1.670466
audio20.TextGrid,29,9,trousers,113.880,114.460,NNS,0.7013,3.7,6,-6.238550
audio20.TextGrid,30,1,now,115.620,116.060,RB,3.5230,6.18,2,0.152923
audio20.TextGrid,30,2,he,116.060,116.480,PRP,0.0301,6.69,2,-2.605870
audio20.TextGrid,30,3,said,116.480,116.870,VBD,0.0884,6.01,3,-3.526379
audio20.TextGrid,30,4,you,117.360,117.460,PRP,3.1253,6.98,2,0.906763
audio20.TextGrid,30,5,can,117.460,117.630,MD,2.4943,6.46,3,-0.472738
audio20.TextGrid,30,6,let,117.630,117.790,VB,5.9101,5.6,3,1.705157
audio20.TextGrid,30,7,the,117.790,117.900,DT,1.8753,7.73,2,0.736332
audio20.TextGrid,30,8,cord,117.900,118.200,NN,8.1783,3.98,4,1.641489
audio20.TextGrid,30,9,go,118.200,118.540,VB,2.1231,6.03,2,-1.462890
audio20.TextGrid,30,10,hand,118.540,118.910,NN,3.0247,5.41,4,-1.453734
audio20.TextGrid,30,11,and,118.910,119.070,CC,1.1553,7.41,3,-0.444284
audio20.TextGrid,30,12,i,119.070,119.210,NN,1.8254,7.09,1,-0.234800
audio20.TextGrid,30,13,will,119.210,119.400,MD,0.5912,6.45,3,-2.390232
audio20.TextGrid,30,14,handle,119.400,119.720,VB,6.3609,4.79,6,0.990023
audio20.TextGrid,30,15,him,119.720,119.870,PRP,3.8594,6.11,2,0.388564
audio20.TextGrid,30,16,with,119.870,119.990,IN,3.1565,6.85,3,0.750838
audio20.TextGrid,30,17,the,119.990,120.070,DT,1.5859,7.73,2,0.446932
audio20.TextGrid,30,18,right,120.070,120.320,JJ,4.9978,5.96,3,1.311050
audio20.TextGrid,30,19,arm,120.320,120.530,NN,4.1387,4.73,3,-1.318543
audio20.TextGrid,30,20,alone,120.530,120.900,RB,7.1242,5.16,4,2.285910
audio20.TextGrid,30,21,until,120.900,121.160,IN,4.4034,5.61,5,0.212851
audio20.TextGrid,30,22,you,121.160,121.360,PRP,2.1824,6.98,2,-0.036137
audio20.TextGrid,30,23,stop,121.360,121.740,VBP,5.5411,5.52,4,1.221003
audio20.TextGrid,30,24,that,121.740,121.990,IN,6.0863,7.01,3,3.910946
audio20.TextGrid,30,25,nonsense,121.990,122.670,NN,7.2021,4.21,7,0.996357
audio20.TextGrid,31,1,he,123.920,124.020,PRP,0.8757,6.69,2,-1.760270
audio20.TextGrid,31,2,put,124.020,124.220,VBD,3.4158,5.66,3,-0.702777
audio20.TextGrid,31,3,his,124.220,124.380,PRP$,1.2219,6.51,3,-1.673166
audio20.TextGrid,31,4,left,124.380,124.630,JJ,2.2130,5.62,4,-1.963154
audio20.TextGrid,31,5,foot,124.630,124.890,NN,3.8530,4.87,3,-1.402723
audio20.TextGrid,31,6,on,124.890,125.030,IN,0.7611,6.91,2,-1.558197
audio20.TextGrid,31,7,the,125.030,125.090,DT,0.1913,7.73,2,-0.947668
audio20.TextGrid,31,8,heavy,125.090,125.370,JJ,7.8062,4.96,4,2.680025
audio20.TextGrid,31,9,line,125.370,125.680,NN,2.8763,5.49,3,-1.486980
audio20.TextGrid,31,10,that,125.680,125.790,IN,3.5508,7.01,3,1.375446
audio20.TextGrid,31,11,the,125.790,125.860,DT,4.3734,7.73,2,3.234432
audio20.TextGrid,31,12,left,125.860,126.130,JJ,5.0400,5.62,4,0.863846
audio20.TextGrid,31,13,hand,126.130,126.350,NN,0.6342,5.41,4,-3.844234
audio20.TextGrid,31,14,had,126.350,126.490,VBD,0.9839,6.33,3,-2.170263
audio20.TextGrid,31,15,held,126.490,126.810,VBN,3.8855,5.24,4,-0.837636
audio20.TextGrid,32,1,and,127.420,127.560,CC,2.3756,7.41,3,0.776016
audio20.TextGrid,32,2,lay,127.560,127.730,VB,6.0046,4.64,2,0.417809
audio20.TextGrid,32,3,back,127.730,128.050,RB,3.1491,6.04,3,-0.422496
audio20.TextGrid,32,4,against,128.050,128.380,IN,3.4778,5.68,6,-0.611989
audio20.TextGrid,32,5,the,128.380,128.460,DT,0.2006,7.73,2,-0.938368
audio20.TextGrid,32,6,pull,128.460,128.700,NN,7.8562,4.82,3,2.528506
audio20.TextGrid,32,7,against,128.700,129.000,IN,7.8531,5.68,6,3.763311
audio20.TextGrid,32,8,his,129.000,129.130,PRP$,2.0083,6.51,3,-0.886766
audio20.TextGrid,32,9,back,129.130,129.590,NN,3.6031,6.04,3,0.031504
audio20.TextGrid,33,1,god,130.860,131.200,NN,6.4238,5.57,3,2.175674
audio20.TextGrid,33,2,help,131.200,131.440,VB,2.0389,5.75,4,-1.950129
audio20.TextGrid,33,3,me,131.440,131.560,PRP,0.4992,6.48,2,-2.439049
audio20.TextGrid,33,4,to,131.560,131.670,TO,3.7798,7.43,2,2.209004
audio20.TextGrid,33,5,have,131.670,131.800,VB,3.8612,6.71,3,1.254019
audio20.TextGrid,33,6,the,131.800,131.890,DT,2.5424,7.73,2,1.403432
audio20.TextGrid,33,7,cramp,131.890,132.230,NN,8.3268,3.04,5,0.436930
audio20.TextGrid,33,8,go,132.240,132.610,VB,7.8757,6.03,2,4.289710
audio20.TextGrid,33,9,he,132.880,133.020,PRP,0.0477,6.69,2,-2.588270
audio20.TextGrid,33,10,said,133.020,133.360,VBD,0.2643,6.01,3,-3.350479
audio20.TextGrid,34,1,because,133.880,134.130,IN,5.8600,6.03,5,2.274010
audio20.TextGrid,34,2,i,134.130,134.230,NNS,1.1173,7.09,1,-0.942900
audio20.TextGrid,34,3,do,134.230,134.400,VBP,3.8273,6.35,2,0.701926
audio20.TextGrid,34,4,not,134.400,134.650,RB,0.1774,6.69,3,-2.458570
audio20.TextGrid,34,5,know,134.650,134.840,VB,1.9078,6.1,2,-1.577431
audio20.TextGrid,34,6,what,134.840,135.000,WP,1.6721,6.38,3,-1.410092
audio20.TextGrid,34,7,the,135.000,135.110,DT,3.0498,7.73,2,1.910832
audio20.TextGrid,34,8,fish,135.110,135.370,NN,3.8961,4.9,3,-1.316440
audio20.TextGrid,34,9,is,135.370,135.490,VBZ,1.2291,7.07,2,-0.859889
audio20.TextGrid,34,10,going,135.490,135.730,VBG,2.3467,5.94,4,-1.368839
audio20.TextGrid,34,11,to,135.730,135.830,TO,0.0285,7.43,2,-1.542296
audio20.TextGrid,34,12,do,135.830,136.170,VB,0.4672,6.35,2,-2.658174
audio20.TextGrid,34,13,but,138.430,138.570,CC,4.3983,6.63,3,1.675965
audio20.TextGrid,34,14,he,138.570,138.660,PRP,0.9505,6.69,2,-1.685470
audio20.TextGrid,34,15,seems,138.660,138.980,VBZ,9.0639,5.24,4,4.340764
audio20.TextGrid,34,16,calm,138.980,139.480,NN,6.2551,4.54,3,0.524367
audio20.TextGrid,34,17,he,139.660,139.770,PRP,1.5871,6.69,2,-1.048870
audio20.TextGrid,34,18,thought,139.770,140.170,VBD,0.3488,5.59,3,-3.870537
audio20.TextGrid,35,1,and,140.630,140.760,CC,0.6913,7.41,3,-0.908284
audio20.TextGrid,35,2,following,140.760,141.180,VBG,9.7390,5.46,6,5.332538
audio20.TextGrid,35,3,his,141.180,141.330,PRP$,1.4865,6.51,3,-1.408566
audio20.TextGrid,35,4,plan,141.330,141.820,NN,5.6200,5.29,4,0.968835
audio20.TextGrid,36,1,but,142.750,142.890,CC,5.1845,6.63,3,2.462165
audio20.TextGrid,36,2,what,142.890,143.080,WP,4.1180,6.38,3,1.035808
audio20.TextGrid,36,3,is,143.080,143.260,VBZ,2.0609,7.07,2,-0.028089
audio20.TextGrid,36,4,his,143.260,143.410,PRP$,3.2576,6.51,3,0.362534
audio20.TextGrid,36,5,plan,143.410,143.780,NN,1.8872,5.29,4,-2.763965
audio20.TextGrid,36,6,he,144.030,144.150,PRP,0.7946,6.69,2,-1.841370
audio20.TextGrid,36,7,thought,144.150,144.520,VBD,0.7302,5.59,3,-3.489137
audio20.TextGrid,37,1,and,145.230,145.360,CC,4.1337,7.41,2,2.534116
audio20.TextGrid,37,2,what,145.360,145.540,WP,1.6503,6.38,3,-1.431892
audio20.TextGrid,37,3,is,145.540,145.690,VBZ,0.8732,7.07,2,-1.215789
audio20.TextGrid,37,4,mine,145.690,146.180,JJ,7.0919,5.04,3,2.080879
audio20.TextGrid,38,1,mine,147.000,147.350,NN,9.5579,5.04,3,4.546879
audio20.TextGrid,38,2,i,147.350,147.480,NN,5.5678,7.09,1,3.507600
audio20.TextGrid,38,3,must,147.480,147.720,MD,3.0905,5.68,4,-0.999289
audio20.TextGrid,38,4,improvise,147.720,148.280,VB,10.4307,3.02,8,2.512041
audio20.TextGrid,38,5,to,148.280,148.420,TO,2.7448,7.43,2,1.174004
audio20.TextGrid,38,6,his,148.420,148.870,PRP$,5.5688,6.51,3,2.673734
audio20.TextGrid,38,7,because,148.870,149.190,IN,9.9101,6.03,5,6.324110
audio20.TextGrid,38,8,of,149.190,149.300,IN,4.0391,7.4,2,2.425122
audio20.TextGrid,38,9,his,149.300,149.460,PRP$,1.9523,6.51,3,-0.942766
audio20.TextGrid,38,10,great,149.460,149.720,JJ,4.8038,5.88,4,1.001896
audio20.TextGrid,38,11,size,149.720,150.300,NN,3.5734,5.13,3,-1.308073
audio20.TextGrid,39,1,if,151.430,151.560,IN,3.9669,6.47,2,1.014257
audio20.TextGrid,39,2,he,151.560,151.680,PRP,1.4908,6.69,2,-1.145170
audio20.TextGrid,39,3,will,151.680,151.880,MD,3.8651,6.45,3,0.883668
audio20.TextGrid,39,4,jump,151.880,152.220,VB,8.3840,4.69,4,2.869181
audio20.TextGrid,39,5,i,152.220,152.310,NN,3.8914,7.09,1,1.831200
audio20.TextGrid,39,6,can,152.310,152.490,MD,2.6171,6.46,3,-0.349938
audio20.TextGrid,39,7,kill,152.490,152.770,VB,4.0264,5.09,3,-0.912650
audio20.TextGrid,39,8,him,152.770,153.010,PRP,0.1104,6.11,2,-3.360436
audio20.TextGrid,40,1,but,153.580,153.700,CC,1.9108,6.63,3,-0.811535
audio20.TextGrid,40,2,he,153.700,153.820,PRP,2.3088,6.69,2,-0.327170
audio20.TextGrid,40,3,stays,153.820,154.140,VBZ,7.7070,4.26,4,1.573228
audio20.TextGrid,40,4,down,154.140,154.470,RB,5.3551,5.88,3,1.553196
audio20.TextGrid,40,5,forever,154.470,154.950,RB,7.3517,4.74,5,1.908852
audio20.TextGrid,41,1,then,155.900,156.050,RB,4.6261,6.07,3,1.097687
audio20.TextGrid,41,2,i,156.050,156.180,NN,1.1637,7.09,1,-0.896500
audio20.TextGrid,41,3,will,156.180,156.340,MD,0.9480,6.45,3,-2.033432
audio20.TextGrid,41,4,stay,156.340,156.600,VB,5.8523,5.33,3,1.258712
audio20.TextGrid,41,5,down,156.600,156.940,RB,0.9973,5.88,3,-2.804604
audio20.TextGrid,41,6,with,156.940,157.100,IN,3.4245,6.85,3,1.018838
audio20.TextGrid,41,7,him,157.100,157.280,PRP,0.4736,6.11,3,-2.997236
audio20.TextGrid,41,8,forever,157.280,157.800,RB,2.4251,4.74,5,-3.017748
audio20.TextGrid,42,1,he,160.140,160.250,PRP,2.1991,6.69,2,-0.436870
audio20.TextGrid,42,2,rubbed,160.250,160.460,VBD,9.1364,3.57,4,2.009425
audio20.TextGrid,42,3,the,160.460,160.540,DT,1.6875,7.73,2,0.548532
audio20.TextGrid,42,4,cramped,160.540,160.870,JJ,9.9854,3.28,6,2.440992
audio20.TextGrid,42,5,hand,160.870,161.130,NN,0.5714,5.41,4,-3.907034
audio20.TextGrid,42,6,against,161.130,161.440,IN,1.8496,5.68,6,-2.240189
audio20.TextGrid,42,7,his,161.440,161.610,PRP$,0.9858,6.51,3,-1.909266
audio20.TextGrid,42,8,trousers,161.610,162.180,NNS,6.2548,3.7,6,-0.685050
audio20.TextGrid,42,9,and,162.180,162.340,CC,0.7251,7.41,3,-0.874484
audio20.TextGrid,42,10,tried,162.340,162.570,VBD,4.5588,5.16,4,-0.279490
audio20.TextGrid,42,11,to,162.570,162.630,TO,0.3363,7.43,2,-1.234496
audio20.TextGrid,42,12,gentle,162.630,162.940,VB,12.6903,4.17,6,6.426980
audio20.TextGrid,42,13,the,162.940,163.040,DT,1.8470,7.73,2,0.708032
audio20.TextGrid,42,14,fingers,163.040,163.630,NNS,5.3809,4.5,6,-0.407410
audio20.TextGrid,42,15,but,164.010,164.130,CC,1.7849,6.63,3,-0.937435
audio20.TextGrid,42,16,it,164.130,164.220,PRP,2.6652,6.95,2,0.403480
audio20.TextGrid,42,17,would,164.220,164.330,MD,2.9512,6.27,3,-0.289328
audio20.TextGrid,42,18,not,164.330,164.520,RB,0.8500,6.69,3,-1.785970
audio20.TextGrid,42,19,open,164.520,164.930,VB,6.7840,5.48,4,2.406326
audio20.TextGrid,43,1,maybe,165.710,165.990,RB,7.1475,5.45,4,2.726643
audio20.TextGrid,43,2,it,165.990,166.120,PRP,1.6420,6.95,2,-0.619720
audio20.TextGrid,43,3,will,166.120,166.280,MD,2.1505,6.45,3,-0.830932
audio20.TextGrid,43,4,open,166.280,166.490,VB,2.1389,5.48,4,-2.238774
audio20.TextGrid,43,5,with,166.490,166.650,IN,2.7306,6.85,3,0.324938
audio20.TextGrid,43,6,the,166.650,166.730,DT,1.4493,7.73,2,0.310332
audio20.TextGrid,43,7,sun,166.730,167.150,NN,6.5431,4.97,3,1.431319
audio20.TextGrid,43,8,he,167.270,167.390,PRP,1.7410,6.69,2,-0.894970
audio20.TextGrid,43,9,thought,167.390,167.740,VBD,0.0937,5.59,3,-4.125637
audio20.TextGrid,43,10,maybe,168.030,168.270,RB,3.1337,5.45,4,-1.287157
audio20.TextGrid,43,11,it,168.270,168.380,PRP,0.7880,6.95,2,-1.473720
audio20.TextGrid,43,12,will,168.380,168.500,MD,0.1426,6.45,3,-2.838832
audio20.TextGrid,43,13,open,168.500,168.730,VB,0.8801,5.48,4,-3.497574
audio20.TextGrid,43,14,when,168.730,168.910,WRB,3.6506,6.37,3,0.554014
audio20.TextGrid,43,15,the,168.910,168.970,DT,1.1588,7.73,2,0.019832
audio20.TextGrid,43,16,strong,168.970,169.520,JJ,7.0374,5.22,5,2.285476
audio20.TextGrid,43,17,raw,169.520,169.760,JJ,10.0357,4.53,2,4.290573
audio20.TextGrid,43,18,tuna,169.760,170.350,NN,4.1246,3.64,4,-2.901615
audio20.TextGrid,43,19,is,170.350,170.440,VBZ,1.8150,7.07,2,-0.273989
audio20.TextGrid,43,20,digested,170.440,171.140,VBN,7.2025,3.01,8,-0.730553
audio20.TextGrid,44,1,if,171.970,172.090,IN,3.7685,6.47,2,0.815857
audio20.TextGrid,44,2,i,172.090,172.200,NNS,1.9132,7.09,1,-0.147000
audio20.TextGrid,44,3,have,172.200,172.360,VBP,2.9916,6.71,3,0.384419
audio20.TextGrid,44,4,to,172.360,172.500,TO,1.4276,7.43,2,-0.143196
audio20.TextGrid,44,5,have,172.500,172.670,VB,5.0192,6.71,3,2.412019
audio20.TextGrid,44,6,it,172.670,172.760,PRP,1.9230,6.95,2,-0.338720
audio20.TextGrid,44,7,i,172.760,172.870,VB,0.7924,7.09,1,-1.267800
audio20.TextGrid,44,8,will,172.870,173.040,MD,0.9142,6.45,3,-2.067232
audio20.TextGrid,44,9,open,173.040,173.290,VB,6.6937,5.48,4,2.316026
audio20.TextGrid,44,10,it,173.290,173.480,PRP,0.7311,6.95,2,-1.530620
audio20.TextGrid,44,11,cost,173.480,173.930,VB,12.3385,5.24,4,7.615364
audio20.TextGrid,44,12,whatever,173.930,174.230,IN,7.4986,5.14,6,2.631522
audio20.TextGrid,44,13,it,174.230,174.350,PRP,1.2004,6.95,2,-1.061320
audio20.TextGrid,44,14,costs,174.350,174.990,VBZ,1.8090,4.96,5,-3.317175
audio20.TextGrid,45,1,but,175.440,175.560,CC,2.0509,6.63,3,-0.671435
audio20.TextGrid,45,2,i,175.560,175.650,NNS,1.2357,7.09,1,-0.824500
audio20.TextGrid,45,3,do,175.650,175.760,VBP,2.8537,6.35,2,-0.271674
audio20.TextGrid,45,4,not,175.760,176.020,RB,0.0632,6.69,3,-2.572770
audio20.TextGrid,45,5,want,176.020,176.310,VB,2.4258,6.04,4,-1.145796
audio20.TextGrid,45,6,to,176.310,176.380,TO,0.4873,7.43,2,-1.083496
audio20.TextGrid,45,7,open,176.380,176.650,VB,3.2972,5.48,4,-1.080474
audio20.TextGrid,45,8,it,176.650,176.790,PRP,0.3745,6.95,2,-1.887220
audio20.TextGrid,45,9,now,176.790,177.020,RB,2.9329,6.18,2,-0.437177
audio20.TextGrid,45,10,by,177.020,177.210,IN,6.6528,6.66,2,3.973647
audio20.TextGrid,45,11,force,177.210,177.750,NN,3.6568,5.23,4,-1.080730
audio20.TextGrid,46,1,let,178.450,178.610,VB,5.8701,5.6,3,1.665157
audio20.TextGrid,46,2,it,178.610,178.710,PRP,1.7108,6.95,2,-0.550920
audio20.TextGrid,46,3,open,178.710,178.990,VB,4.0668,5.48,4,-0.310874
audio20.TextGrid,46,4,by,178.990,179.180,IN,3.2270,6.66,2,0.547847
audio20.TextGrid,46,5,itself,179.180,179.640,PRP,3.6525,5.1,6,-1.272155
audio20.TextGrid,46,6,and,179.640,179.740,CC,2.3799,7.41,2,0.780316
audio20.TextGrid,46,7,come,179.740,179.940,VB,5.9299,5.78,3,1.984053
audio20.TextGrid,46,8,back,179.940,180.160,RB,1.8748,6.04,3,-1.696796
audio20.TextGrid,46,9,of,180.160,180.250,IN,6.9394,7.4,2,5.325422
audio20.TextGrid,46,10,its,180.250,180.400,PRP$,2.5207,6.14,3,-0.906954
audio20.TextGrid,46,11,own,180.400,180.560,JJ,0.3333,5.74,2,-3.670123
audio20.TextGrid,46,12,accord,180.560,181.080,NN,0.2035,3.81,5,-6.578013
audio20.TextGrid,47,1,after,182.200,182.450,IN,5.8780,6.11,4,2.407164
audio20.TextGrid,47,2,all,182.450,182.680,DT,2.2777,6.52,2,-0.602972
audio20.TextGrid,47,3,i,182.680,182.810,NN,2.4441,7.09,1,0.383900
audio20.TextGrid,47,4,abused,182.810,183.220,VBD,12.3010,4.0,6,5.792977
audio20.TextGrid,47,5,it,183.220,183.340,PRP,1.4131,6.95,2,-0.848620
audio20.TextGrid,47,6,much,183.340,183.610,RB,5.8634,6.0,3,2.234227
audio20.TextGrid,47,7,in,183.610,183.690,IN,3.1335,7.27,2,1.332396
audio20.TextGrid,47,8,the,183.690,183.760,DT,0.8711,7.73,2,-0.267868
audio20.TextGrid,47,9,night,183.760,184.120,NN,5.6331,5.61,3,1.442551
audio20.TextGrid,47,10,when,184.120,184.210,WRB,3.2390,6.37,3,0.142414
audio20.TextGrid,47,11,it,184.210,184.300,PRP,1.2613,6.95,2,-1.000420
audio20.TextGrid,47,12,was,184.300,184.430,VBD,0.5658,6.82,3,-1.883045
audio20.TextGrid,47,13,necessary,184.430,184.930,JJ,8.2067,4.91,8,3.008554
audio20.TextGrid,47,14,to,184.930,185.060,TO,1.0494,7.43,2,-0.521396
audio20.TextGrid,47,15,free,185.060,185.420,VB,7.3468,5.63,3,3.185040
audio20.TextGrid,47,16,and,185.420,185.560,CC,5.0435,7.41,3,3.443916
audio20.TextGrid,47,17,untie,185.560,186.000,VB,8.4697,2.51,4,-0.183065
audio20.TextGrid,47,18,the,186.000,186.110,DT,1.5327,7.73,2,0.393732
audio20.TextGrid,47,19,various,186.110,186.570,JJ,8.5378,5.12,6,3.641933
audio20.TextGrid,47,20,lines,186.570,187.070,NNS,5.7071,4.95,4,0.566531
